,time,mit
0,4244445.0,0.24380310743598513
1,4244505.0,0.24258390926137582
2,4244565.0,0.2414378631091805
3,4244625.0,0.24036924834015796
4,4244685.0,0.2393030944079728
5,4244745.0,0.23840486274333242
6,4244805.0,0.23740613190342622
7,4244865.0,0.23629342064628564
8,4244925.0,0.23484901891684432
9,4244985.0,0.23345920324577582
10,4245045.0,0.2321770063341396
11,4245105.0,0.23113304653696168
12,4245165.0,0.23012270541176685
13,4245225.0,0.2290185675479864
14,4245285.0,0.22780544600673727
15,4245345.0,0.22630842685050792
16,4245405.0,0.2249175848970634
17,4245465.0,0.22361922894274402
18,4245525.0,0.22244780690247104
19,4245585.0,0.2214710445160136
20,4245645.0,0.22041752621650915
21,4245705.0,0.21924132446403657
22,4245765.0,0.21813225274123252
23,4245825.0,0.21696365649851215
24,4245888.0,0.21567872456483791
25,4245945.0,0.21429832613606467
26,4246005.0,0.21251751140744687
27,4246065.0,0.210618094050779
28,4246125.0,0.20908013282746993
29,4246185.0,0.20775888028098036
30,4246245.0,0.20646999548883768
31,4246308.0,0.20527645242399575
32,4246365.0,0.20415033396214607
33,4246425.0,0.20306207926860467
34,4246485.0,0.20208421132765017
35,4246545.0,0.2010813313591482
36,4246605.0,0.1998937194526307
37,4246665.0,0.19854855309799488
38,4246725.0,0.19711028773420433
39,4246785.0,0.19563545732078283
40,4246845.0,0.19403742520318176
41,4246905.0,0.19217356213526846
42,4246965.0,0.19036071214500225
43,4247025.0,0.18823613679196352
44,4247085.0,0.1865065160979085
45,4247145.0,0.18493520617660833
46,4247205.0,0.18328753047074167
47,4247265.0,0.18170107921074705
48,4247325.0,0.18013501494753828
49,4247385.0,0.17855590852208228
50,4247445.0,0.1769761585862161
51,4247505.0,0.17532396511922357
52,4247565.0,0.17366861391492808
53,4247625.0,0.1720066806651768
54,4247685.0,0.17029943312280207
55,4247745.0,0.1685441529474017
56,4247805.0,0.16667763305091013
57,4247865.0,0.1648052209835946
58,4247925.0,0.16308170481660308
59,4247985.0,0.1612039078710608
60,4248045.0,0.15928994577729508
61,4248105.0,0.15738201457814197
62,4248165.0,0.15571280957015413
63,4248225.0,0.15394250506829812
64,4248285.0,0.15203185053708282
65,4248345.0,0.14996124417955417
66,4248405.0,0.14774339281316154
67,4248465.0,0.14566961700081668
68,4248525.0,0.1433832079705318
69,4248585.0,0.1411361977059261
70,4248645.0,0.13902398358929116
71,4248705.0,0.1369838244034828
72,4248765.0,0.13507608981366717
73,4248825.0,0.13314156274201625
74,4248885.0,0.13143358457231838
75,4248945.0,0.12981187222592186
76,4249005.0,0.12823552432608323
77,4249065.0,0.12644923930881583
78,4249125.0,0.12500591734298408
79,4249185.0,0.1233584886041498
80,4249245.0,0.12184461915351782
81,4249305.0,0.12026490393567194
82,4249365.0,0.11864169676117595
83,4249425.0,0.11693193821288247
84,4249485.0,0.11517912473607197
85,4249545.0,0.11349439047965063
86,4249605.0,0.11174591761731575
87,4249665.0,0.11004407222253906
88,4249725.0,0.1082440069290175
89,4249785.0,0.10645380688406544
90,4249845.0,0.1047535296754307
91,4249905.0,0.10291981125946967
92,4249965.0,0.10109959731472909
93,4250025.0,0.09928277184321346
94,4250085.0,0.09754332825354853
95,4250148.0,0.09601246168836294
96,4250205.0,0.09444497398186605
97,4250265.0,0.09283395062673158
98,4250325.0,0.09127223398683018
99,4250385.0,0.09193062361359852
100,4250445.0,0.09258283607233739
101,4250505.0,0.09320201514734719
102,4250565.0,0.09378145493776538
103,4250625.0,0.09437857327360158
104,4250685.0,0.09511009807324969
105,4250745.0,0.09581962290997639
106,4250805.0,0.09640630467703357
107,4250865.0,0.096942020987871
108,4250925.0,0.09716916096629616
109,4250985.0,0.09744062791588884
110,4251045.0,0.09749560567779761
111,4251105.0,0.09739036646267454
112,4251165.0,0.09732810199640071
113,4251225.0,0.09733761229850216
114,4251285.0,0.09734738686155361
115,4251345.0,0.09735636101989106
116,4251405.0,0.09733937455070743
117,4251465.0,0.09738736072225232
118,4251525.0,0.09740296747087754
119,4251585.0,0.09739357389344397
120,4251645.0,0.09506209686825215
121,4251705.0,0.09325862671790494
122,4251765.0,0.09192767989986331
123,4251825.0,0.09076738541863735
124,4251885.0,0.08976326619731864
125,4251945.0,0.08870755416184048
126,4252005.0,0.08892212522225915
127,4252065.0,0.0891438155998727
128,4252125.0,0.08942579966965761
129,4252185.0,0.08962922294750178
130,4252245.0,0.08968419509674644
131,4252308.0,0.08962276331211103
132,4252371.0,0.09020394528456063
133,4252425.0,0.09086436701528824
134,4252485.0,0.09153879786710581
135,4252545.0,0.09224957144906251
136,4252605.0,0.09291580677486852
137,4252665.0,0.09330696595105067
138,4252725.0,0.09365538399606385
139,4252785.0,0.09394284189456595
140,4252845.0,0.09410853155154322
141,4252905.0,0.09407174941338378
142,4252965.0,0.09398222754614463
143,4253025.0,0.09387408430154989
144,4253085.0,0.09381988556853862
145,4253145.0,0.09371668030874172
146,4253205.0,0.0936843395270838
147,4253265.0,0.09364190807612907
148,4253325.0,0.09361725390001038
149,4253385.0,0.0935320800661045
150,4253445.0,0.09347389317699475
151,4253505.0,0.09344396750797293
152,4253565.0,0.0934191081533284
153,4253625.0,0.09341809614210159
154,4253685.0,0.09342076579136208
155,4253745.0,0.09343556337952538
156,4253805.0,0.093452379521451
157,4253865.0,0.09348112297670882
158,4253925.0,0.09346740464199485
159,4253985.0,0.0934635507537285
160,4254045.0,0.09347804687433184
161,4254105.0,0.09356953367158613
162,4254165.0,0.093592647749106
163,4254225.0,0.09333571409645922
164,4254285.0,0.09315295334874665
165,4254345.0,0.09315719747285076
166,4254405.0,0.09327368077962303
167,4254465.0,0.09345800420331632
168,4254525.0,0.0935230405711113
169,4254585.0,0.09353896005399912
170,4254645.0,0.09348720105370814
171,4254705.0,0.09339736842134957
172,4254765.0,0.09327208795323114
173,4254825.0,0.09309637399827922
174,4254885.0,0.09294439247411032
175,4254945.0,0.09283612375009545
176,4255005.0,0.09271851742594281
177,4255065.0,0.09257222067466811
178,4255125.0,0.09236212472358415
179,4255185.0,0.09214435770985177
180,4255245.0,0.09186943908422032
181,4255305.0,0.09158131871867073
182,4255365.0,0.09134514566960708
183,4255425.0,0.09115131741782237
184,4255485.0,0.09101402575160158
185,4255545.0,0.09086757584009872
186,4255605.0,0.09076291464696898
187,4255665.0,0.09065040579740366
188,4255725.0,0.0905194731267335
189,4255785.0,0.0903969186611239
190,4255845.0,0.09027600921406922
191,4255905.0,0.09017851672820446
192,4255965.0,0.09006976722368201
193,4256025.0,0.08997825224369896
194,4256085.0,0.08988752914149004
195,4256145.0,0.0897867046761486
196,4256205.0,0.08969082359784278
197,4256265.0,0.08962648324329606
198,4256325.0,0.08952550688600061
199,4256385.0,0.08943230194381349
200,4256445.0,0.08931860788879695
201,4256505.0,0.08919990628085059
202,4256565.0,0.08904923937161188
203,4256625.0,0.08887826094436649
204,4256685.0,0.08870676456603219
205,4256745.0,0.08851036464625403
206,4256805.0,0.08836917960288623
207,4256865.0,0.08823767824383952
208,4256925.0,0.08809484371892631
209,4256985.0,0.08799128283342691
210,4257045.0,0.08788894923381055
211,4257105.0,0.08778447001689141
212,4257165.0,0.08767171228706397
213,4257225.0,0.0875298799911777
214,4257285.0,0.0873825657898081
215,4257345.0,0.08727957411347795
216,4257405.0,0.08716430190032945
217,4257465.0,0.0870033819853672
218,4257525.0,0.08687463219430144
219,4257585.0,0.08680954098784041
220,4257645.0,0.08679316687705338
221,4257705.0,0.0868775909341922
222,4257765.0,0.08684700234729573
223,4257825.0,0.0867384162724292
224,4257885.0,0.08656196702148802
225,4257945.0,0.08634212482455986
226,4258005.0,0.08617115273113499
227,4258065.0,0.08594227674448376
228,4258125.0,0.08569568965271177
229,4258185.0,0.08541980167343269
230,4258245.0,0.0850911521842854
231,4258305.0,0.08483657946027814
232,4258365.0,0.08465859602770046
233,4258425.0,0.08450827563326382
234,4258485.0,0.0844553798832233
235,4258545.0,0.08441819923407348
236,4258605.0,0.08436928407696251
237,4258665.0,0.08429247651569063
238,4258725.0,0.08415742506600474
239,4258785.0,0.08404172588477973
240,4258845.0,0.08389824469050114
241,4258905.0,0.08375951794000766
242,4258965.0,0.08367821006206935
243,4259025.0,0.08361810251053972
244,4259085.0,0.0835900160668204
245,4259145.0,0.08356240853341176
246,4259205.0,0.08355536609792727
247,4259265.0,0.08354285759469396
248,4259325.0,0.08354806954242236
249,4259385.0,0.08356371950297706
250,4259445.0,0.0835221308038073
251,4259505.0,0.08351501895234795
252,4259565.0,0.08353394785173954
253,4259625.0,0.08357423413074141
254,4259685.0,0.08355184604728008
255,4259745.0,0.08339625286918603
256,4259805.0,0.08327645970993117
257,4259865.0,0.08331731170505693
258,4259925.0,0.08314449878512434
259,4259985.0,0.08305299365214416
260,4260045.0,0.08296355291699745
261,4260105.0,0.0828360979719864
262,4260165.0,0.08269373304529318
263,4260225.0,0.08257851293868171
264,4260285.0,0.08247651580577245
265,4260345.0,0.08235874355659825
266,4260405.0,0.08224756550571541
267,4260465.0,0.08212873611735286
268,4260525.0,0.08203597229898948
269,4260585.0,0.08197193449663512
270,4260645.0,0.08194322971097792
271,4260705.0,0.08193016994954441
272,4260765.0,0.08190664631719072
273,4260825.0,0.08187573682316959
274,4260885.0,0.08180324877073417
275,4260945.0,0.08171987863481048
276,4261005.0,0.0816186063981311
277,4261065.0,0.08147493804350228
278,4261125.0,0.08134700142771092
279,4261185.0,0.08109726823635535
280,4261245.0,0.0809019359039698
281,4261305.0,0.08079898574697877
282,4261365.0,0.0807953974481512
283,4261425.0,0.08081974306637943
284,4261485.0,0.0807525112218597
285,4261548.0,0.08065825138504337
286,4261605.0,0.08059146325423536
287,4261665.0,0.08055997321734745
288,4261725.0,0.0804702409075492
289,4261785.0,0.08031482481690719
290,4261845.0,0.08013455447698684
291,4261905.0,0.07992996309588432
292,4261965.0,0.07974479759653899
293,4262025.0,0.07961542784222289
294,4262085.0,0.07956962627037131
295,4262145.0,0.0795317902572105
296,4262205.0,0.07950396310077876
297,4262265.0,0.07946562056816478
298,4262325.0,0.07946343495810917
299,4262385.0,0.07943021912170115
300,4262445.0,0.0793823480977833
301,4262505.0,0.07930147427543446
302,4262565.0,0.0791852278698322
303,4262625.0,0.07904209579827673
304,4262685.0,0.07883054206825832
305,4262745.0,0.07868221922708393
306,4262805.0,0.07864810477433873
307,4262865.0,0.07875475621785408
308,4262925.0,0.07818965786336177
309,4262985.0,0.07761174867218693
310,4263045.0,0.07704209617707111
311,4263105.0,0.07644529274212655
312,4263165.0,0.07583073516762964
313,4263225.0,0.07515253597723551
314,4263285.0,0.07446750231984137
315,4263345.0,0.07375275575707643
316,4263405.0,0.07308254745046219
317,4263465.0,0.07274789118209121
318,4263525.0,0.07244671710726283
319,4263585.0,0.07215925055855724
320,4263645.0,0.0718789296225025
321,4263705.0,0.07160647924230015
322,4263765.0,0.0713442047412032
323,4263825.0,0.07113856285868095
324,4263885.0,0.070935472704205
325,4263945.0,0.0708042984812913
326,4264005.0,0.07066825364658905
327,4264065.0,0.0705394253619063
328,4264125.0,0.07036250797738117
329,4264185.0,0.07013720253471248
330,4264245.0,0.06991984884822952
331,4264305.0,0.0697114362141322
332,4264365.0,0.06951821044921905
333,4264425.0,0.0693174962104671
334,4264485.0,0.06913080412163078
335,4264545.0,0.06892746836800115
336,4264605.0,0.06873704480090112
337,4264665.0,0.06854939702174548
338,4264725.0,0.06835139884369926
339,4264785.0,0.06816462692891292
340,4264845.0,0.06796942203654624
341,4264905.0,0.06781695282532538
342,4264965.0,0.06766708907501665
343,4265025.0,0.0674892342566851
344,4265085.0,0.06731654567785758
345,4265145.0,0.06710908460743706
346,4265205.0,0.06699512749706862
347,4265265.0,0.06695725061835336
348,4265325.0,0.06694944554441476
349,4265385.0,0.06694943796667466
350,4265445.0,0.06696937532416572
351,4265505.0,0.06696983919030733
352,4265565.0,0.06696497782880548
353,4265625.0,0.06692705283942288
354,4265685.0,0.06686398675166108
355,4265745.0,0.0667527226318049
356,4265805.0,0.06666951775612387
357,4265865.0,0.0665835039492084
358,4265925.0,0.06644717487425142
359,4265985.0,0.0662682367351857
360,4266045.0,0.06612914921719679
361,4266105.0,0.06603019978986777
362,4266165.0,0.06596624887402638
363,4266225.0,0.06588614050501054
364,4266285.0,0.06581092654556556
365,4266345.0,0.06566377619552446
366,4266405.0,0.06546379377689673
367,4266465.0,0.06527130738288081
368,4266525.0,0.06507953474475761
369,4266585.0,0.06488969037730388
370,4266645.0,0.06468770651575331
371,4266705.0,0.06447818645292572
372,4266765.0,0.06428457999067624
373,4266825.0,0.06414417571361777
374,4266885.0,0.06406196860974603
375,4266945.0,0.06400992850311685
376,4267005.0,0.06395586612977147
377,4267065.0,0.06386561230981688
378,4267125.0,0.06374100730458557
379,4267185.0,0.06361858268097989
380,4267245.0,0.06350222298942934
381,4267305.0,0.06340505320319614
382,4267365.0,0.06331030960380027
383,4267425.0,0.06323745675683615
384,4267485.0,0.06318009316016607
385,4267545.0,0.06313856140153742
386,4267605.0,0.06309721561387185
387,4267665.0,0.06303809744974667
388,4267725.0,0.06296240869366512
389,4267785.0,0.06284737946849997
390,4267845.0,0.06272519441696436
391,4267905.0,0.06264159571876984
392,4267965.0,0.06260215003066014
393,4268025.0,0.06258829293579773
394,4268085.0,0.06256950985130191
395,4268145.0,0.062514783530329
396,4268205.0,0.062478449350792414
397,4268265.0,0.062435741769596015
398,4268325.0,0.062305010099967056
399,4268385.0,0.06207267122313684
400,4268445.0,0.0617761278124028
401,4268505.0,0.061422403801205366
402,4268565.0,0.061215122572770064
403,4268625.0,0.06110544368692039
404,4268685.0,0.06103900815424956
405,4268745.0,0.06105757709136253
406,4268805.0,0.06110097918588067
407,4268865.0,0.061196362248215314
408,4268925.0,0.06134483996409815
409,4268985.0,0.061485404825722983
410,4269045.0,0.061649897671662374
411,4269105.0,0.06179131156997275
412,4269165.0,0.06181722409086929
413,4269225.0,0.06177292199421233
414,4269285.0,0.06164271687893544
415,4269345.0,0.061520907308409034
416,4269405.0,0.06145700222890951
417,4269465.0,0.061410699098248395
418,4269525.0,0.06134554889862673
419,4269585.0,0.061303447054912946
420,4269645.0,0.061349662527070276
421,4269705.0,0.061484144009495534
422,4269765.0,0.06169466147839661
423,4269825.0,0.06179786058659317
424,4269885.0,0.0617789883850651
425,4269945.0,0.06166616773436398
426,4270005.0,0.06150957738741411
427,4270065.0,0.06134926623923012
428,4270125.0,0.061165783420652126
429,4270185.0,0.06098475124370947
430,4270245.0,0.06080249132980867
431,4270305.0,0.06062307080013424
432,4270365.0,0.06045954681761037
433,4270425.0,0.06030532989349968
434,4270485.0,0.06018836044744866
435,4270545.0,0.06009405073373239
436,4270605.0,0.06003783040946076
437,4270665.0,0.05996630706971259
438,4270725.0,0.05984643503956219
439,4270785.0,0.05969130037984052
440,4270845.0,0.05952136924932286
441,4270905.0,0.05944897094262894
442,4270965.0,0.05942660042429873
443,4271025.0,0.059418628039686866
444,4271085.0,0.059391689836803624
445,4271145.0,0.05935180507082252
446,4271205.0,0.05931847144997174
447,4271265.0,0.05926143296685357
448,4271325.0,0.059168443211203486
449,4271385.0,0.0590252812221804
450,4271445.0,0.05884660995336524
451,4271505.0,0.058663311265282875
452,4271565.0,0.05848557144093966
453,4271625.0,0.05830989543305373
454,4271685.0,0.0581731170002375
455,4271745.0,0.05804835531747024
456,4271805.0,0.05795560563574101
457,4271865.0,0.05790368214290911
458,4271925.0,0.05786203958277694
459,4271985.0,0.057878873661941915
460,4272045.0,0.05784729574481676
461,4272105.0,0.05777056781101997
462,4272165.0,0.057652171335398655
463,4272225.0,0.05749290585769859
464,4272285.0,0.05729125888068401
465,4272345.0,0.0571309490918446
466,4272405.0,0.05705215390046278
467,4272465.0,0.05699808948917437
468,4272525.0,0.056958055179238826
469,4272585.0,0.056968462488229815
470,4272645.0,0.056978923551518096
471,4272705.0,0.057009754113127226
472,4272765.0,0.05703173111745091
473,4272825.0,0.05697767522273997
474,4272885.0,0.05689723665422025
475,4272945.0,0.05682673893369494
476,4273005.0,0.056771145706116355
477,4273065.0,0.056706470033264594
478,4273125.0,0.05662170713554879
479,4273185.0,0.05652461475960885
480,4273245.0,0.056432933391183576
481,4273305.0,0.0563463440725864
482,4273365.0,0.05623710178983807
483,4273425.0,0.05616636967313407
484,4273485.0,0.056187949443505414
485,4273545.0,0.05617438870951946
486,4273605.0,0.056063528771373966
487,4273665.0,0.05582057043633945
488,4273725.0,0.056250261050630385
489,4273785.0,0.05667939820157605
490,4273845.0,0.05710320973396482
491,4273905.0,0.057547311498515136
492,4273965.0,0.05801194812713942
493,4274025.0,0.05849261463594016
494,4274085.0,0.05899795638971328
495,4274145.0,0.05949975725262299
496,4274205.0,0.06000553056059402
497,4274265.0,0.06008489146945481
498,4274325.0,0.06012801499729928
499,4274385.0,0.06012822930134437
500,4274445.0,0.06012590410051277
501,4274505.0,0.06019123172845625
502,4274565.0,0.060304564555337614
503,4274625.0,0.060394663583549335
504,4274685.0,0.060444639099742375
505,4274745.0,0.060447721126190485
506,4274805.0,0.06045223243699993
507,4274865.0,0.06044987048245562
508,4274925.0,0.060455306329780995
509,4274985.0,0.06047493879804705
510,4275045.0,0.0604813209494566
511,4275105.0,0.06047003586499736
512,4275165.0,0.060458859151730576
513,4275225.0,0.060445291744119695
514,4275285.0,0.06042180982994114
515,4275345.0,0.060409771104235954
516,4275405.0,0.06039834645895867
517,4275465.0,0.06040035815981948
518,4275525.0,0.06039749062235661
519,4275585.0,0.06039174350241369
520,4275645.0,0.06038870899398416
521,4275705.0,0.06038023067334683
522,4275765.0,0.06038203832102837
523,4275828.0,0.060408733211408466
524,4275885.0,0.06044462679183413
525,4275945.0,0.06049732206270339
526,4276005.0,0.06047196531579799
527,4276065.0,0.06035258293063553
528,4276125.0,0.06018749370950313
529,4276185.0,0.06002515958503493
530,4276245.0,0.05992298690901246
531,4276305.0,0.05985977234669021
532,4276365.0,0.05983137712507211
533,4276425.0,0.05983650364069415
534,4276485.0,0.059861108308351646
535,4276545.0,0.05990712217379904
536,4276605.0,0.059912129656070845
537,4276665.0,0.05992323210590145
538,4276725.0,0.05996416411384162
539,4276785.0,0.06002578004033532
540,4276845.0,0.0600193480114429
541,4276905.0,0.0599589140748428
542,4276965.0,0.059849042071333125
543,4277025.0,0.05974816328798552
544,4277085.0,0.059644595704055586
545,4277145.0,0.059627238890046536
546,4277205.0,0.059675334835319255
547,4277265.0,0.05974779383844622
548,4277325.0,0.05981759889825716
549,4277385.0,0.05989909876713595
550,4277445.0,0.05997165970986662
551,4277505.0,0.060049153588982634
552,4277565.0,0.0601082747523152
553,4277625.0,0.060092292032480316
554,4277685.0,0.06001936117303544
555,4277745.0,0.059912840893559555
556,4277805.0,0.05980116385584752
557,4277865.0,0.0597340538546198
558,4277925.0,0.05970642556008282
559,4277985.0,0.05967934358317836
560,4278045.0,0.05965952559429272
561,4278105.0,0.05961717605268385
562,4278165.0,0.05958839563960225
563,4278225.0,0.0595450846090779
564,4278285.0,0.05949380897530129
565,4278345.0,0.059426388725390605
566,4278405.0,0.059356372291652776
567,4278465.0,0.05930937987023435
568,4278525.0,0.059293696122506595
569,4278585.0,0.05929022960421526
570,4278645.0,0.05928337769373784
571,4278705.0,0.059221111743238714
572,4278765.0,0.059117808163521995
573,4278825.0,0.05900286811992128
574,4278885.0,0.05888869373434749
575,4278948.0,0.05880267865593211
576,4279005.0,0.05875323938747304
577,4279065.0,0.058769623537773014
578,4279125.0,0.05881473006558652
579,4279185.0,0.05887132485495966
580,4279245.0,0.058941563447011985
581,4279305.0,0.059001026002281465
582,4279365.0,0.059052554519763434
583,4279425.0,0.059092725620286474
584,4279485.0,0.05912293363502727
585,4279545.0,0.05911241564547601
586,4279605.0,0.059128744341354095
587,4279665.0,0.05913990076401024
588,4279725.0,0.05915833197011561
589,4279785.0,0.05918609976588926
590,4279845.0,0.05917768392127046
591,4279905.0,0.05914362469062909
592,4279965.0,0.05910543594518047
593,4280025.0,0.05907323761047609
594,4280085.0,0.059049423452363
595,4280145.0,0.05903104955864444
596,4280205.0,0.059028183917535476
597,4280265.0,0.05902745528527856
598,4280325.0,0.059088259533305015
599,4280385.0,0.05914734069529129
600,4280445.0,0.05917259882497031
601,4280505.0,0.0591448076478546
602,4280565.0,0.05906178890369648
603,4280625.0,0.05911745157688883
604,4280685.0,0.059259677642399006
605,4280745.0,0.05946943004330682
606,4280805.0,0.059720572334624994
607,4281876.0,0.060281350710813836
608,4281879.0,0.06084005595723482
609,4281885.0,0.06139270622210183
610,4281890.0,0.06191058012879516
611,4281893.0,0.06241899142005816
612,4281899.0,0.062899751536765
613,4281903.0,0.06333228343986422
614,4281906.0,0.06372450649827269
615,4281909.0,0.06409769261012219
616,4281912.0,0.06438886631314591
617,4281915.0,0.06468819112056892
618,4281918.0,0.0650511669623943
619,4281921.0,0.06546845428746498
620,4281925.0,0.06591186755960113
621,4281928.0,0.06625104038012367
622,4281931.0,0.06656422387737873
623,4281945.0,0.06681696624992975
624,4282005.0,0.06703870265469938
625,4282065.0,0.06723430621167323
626,4282125.0,0.06741432952638174
627,4282185.0,0.06759926113221951
628,4282245.0,0.06776082494401756
629,4282305.0,0.06792272100878008
630,4282365.0,0.06808182338391003
631,4282428.0,0.06820773898773749
632,4282485.0,0.06834224500816002
633,4282545.0,0.06845959820817019
634,4282605.0,0.06855350351328957
635,4282668.0,0.06875654231131226
636,4282725.0,0.06908254049382326
637,4282785.0,0.06952427092374255
638,4282845.0,0.07000865028096573
639,4282905.0,0.07026942622235202
640,4282965.0,0.07038243401072683
641,4283025.0,0.07043547877516373
642,4283085.0,0.07048283289904247
643,4283145.0,0.07051663542747669
644,4283205.0,0.07051597032910359
645,4283265.0,0.07040907299887181
646,4283325.0,0.07042670462760595
647,4283385.0,0.07050887939264192
648,4283445.0,0.07061765626214181
649,4283505.0,0.07075043570254483
650,4283565.0,0.07093528202477403
651,4283625.0,0.07132199256699615
652,4283685.0,0.07151783955413529
653,4283745.0,0.07163111366838362
654,4283805.0,0.07171297016327752
655,4283865.0,0.0717733443195269
656,4283925.0,0.07181182486382506
657,4283985.0,0.07183252659588527
658,4284045.0,0.07184242466118282
659,4284105.0,0.07190083604935285
660,4284165.0,0.07199788292145029
661,4284225.0,0.07212858662086721
662,4284288.0,0.07226040610797249
663,4284345.0,0.07237148641934246
664,4284405.0,0.07246646701515222
665,4284465.0,0.07250631820373274
666,4284525.0,0.0725908900706361
667,4284585.0,0.07282670761024121
668,4284645.0,0.07318740044582908
669,4284705.0,0.07371695668588371
670,4284765.0,0.07425006723168046
671,4284825.0,0.07452239408936659
672,4284885.0,0.07463307586001658
673,4284945.0,0.07466992503230477
674,4285005.0,0.07472390660373676
675,4285065.0,0.0747894648434412
676,4285125.0,0.07485043071003719
677,4285185.0,0.07497711314402059
678,4285245.0,0.07510234192781731
679,4285305.0,0.07528161004113562
680,4285365.0,0.07542844254452499
681,4285425.0,0.07548582059996031
682,4285485.0,0.07550712563677134
683,4285545.0,0.07548441568058514
684,4285605.0,0.07554486402744656
685,4285665.0,0.0756664970801518
686,4285725.0,0.07582647324376887
687,4285785.0,0.07603158698963478
688,4285845.0,0.07626056475947443
689,4285905.0,0.0765505661866375
690,4285965.0,0.07680767761549043
691,4286025.0,0.07703952001201061
692,4286085.0,0.07723260443326416
693,4286145.0,0.07738952050260736
694,4286205.0,0.07757286046240477
695,4286265.0,0.0777652189568642
696,4286325.0,0.07793971633839372
697,4286385.0,0.07809283548853554
698,4286445.0,0.07826679617393786
699,4286505.0,0.078495441005389
700,4286565.0,0.07880824654625265
701,4286625.0,0.07914163625199108
702,4286685.0,0.0794953947813132
703,4286745.0,0.07986417531016968
704,4286805.0,0.08023650813825575
705,4286865.0,0.08058237444432095
706,4286925.0,0.08090143263889352
707,4286985.0,0.08120872935161619
708,4287045.0,0.08142554002160404
709,4287105.0,0.08162878369578117
710,4287165.0,0.08178882446117189
711,4287225.0,0.08198448762515584
712,4287285.0,0.08221001556779375
713,4287345.0,0.08245345948861835
714,4287405.0,0.08295651734281687
715,4287465.0,0.08316509184491003
716,4287525.0,0.08330065129279532
717,4287585.0,0.08340141711922874
718,4287645.0,0.08347693228272005
719,4287705.0,0.08358057879077294
720,4287765.0,0.08373406495137706
721,4287825.0,0.08388578422891194
722,4287885.0,0.08410507080317245
723,4287945.0,0.0843318566829244
724,4288005.0,0.08457236923825742
725,4288065.0,0.08483700456643709
726,4288125.0,0.08508595658090326
727,4288185.0,0.08530518900074427
728,4288245.0,0.08552889266982541
729,4288305.0,0.0857523380055977
730,4288365.0,0.08601606625401328
731,4288425.0,0.08627552530350371
732,4288485.0,0.08652681447752789
733,4288545.0,0.08676833164768169
734,4288605.0,0.08704289095618009
735,4288665.0,0.08733619197007761
736,4288725.0,0.08768588425031923
737,4288785.0,0.08802620325112234
738,4288845.0,0.08831725863511639
739,4288905.0,0.08862431049141914
740,4288965.0,0.08893708734051523
741,4289028.0,0.08924538219408176
742,4289085.0,0.08956605170020462
743,4289145.0,0.08987039835637792
744,4289205.0,0.09018285554183239
745,4289265.0,0.09046635447258741
746,4289325.0,0.09076303297003788
747,4289388.0,0.09106075674825645
748,4289445.0,0.09134794769532897
749,4289505.0,0.09163512271591887
750,4289565.0,0.09189472725208972
751,4289625.0,0.09216570192249243
752,4289685.0,0.09248017994990129
753,4289745.0,0.09281037710506282
754,4289805.0,0.09316862849874971
755,4289865.0,0.09354813253364783
756,4289925.0,0.09393991807178573
757,4289985.0,0.09432101646067939
758,4290045.0,0.09463879278957851
759,4290105.0,0.0949465513627609
760,4290165.0,0.09527977864355561
761,4290225.0,0.09565847771376121
762,4290285.0,0.09607225991137294
763,4290345.0,0.09648393027219374
764,4290405.0,0.09695069707106366
765,4290465.0,0.09733455810762501
766,4290525.0,0.09758416023712704
767,4290585.0,0.09786563515650873
768,4290645.0,0.09811306030848468
769,4290705.0,0.0984229814730351
770,4290765.0,0.098759292835609
771,4290825.0,0.09912728572744503
772,4290885.0,0.09944005443072326
773,4290945.0,0.09977518930504811
774,4291005.0,0.10012561228585234
775,4291065.0,0.1004509990005141
776,4291125.0,0.10073121562442974
777,4291185.0,0.10100763868660226
778,4291245.0,0.10126412900424756
779,4291305.0,0.10150849366783635
780,4291365.0,0.10167450235137673
781,4291425.0,0.10176678192065822
782,4291485.0,0.10178100114522062
783,4291548.0,0.1017327795980805
784,4291605.0,0.10177890344193677
785,4291665.0,0.10185954750674689
786,4291725.0,0.10192803718181312
787,4291785.0,0.10169801124292302
788,4291845.0,0.10150068093883244
789,4291905.0,0.10127432792455496
790,4291965.0,0.10116063565040165
791,4292028.0,0.10110712516349177
792,4292085.0,0.10109310269475594
793,4292145.0,0.10111659436035927
794,4292205.0,0.10112134901265238
795,4292265.0,0.1010809267572241
796,4292325.0,0.10115461807211854
797,4292385.0,0.10118482036288759
798,4292445.0,0.10124765058848342
799,4292505.0,0.10139591955242219
800,4292565.0,0.10144045942696281
801,4292625.0,0.10150556469486907
802,4292685.0,0.10154740449077151
803,4292745.0,0.1015956758590976
804,4292805.0,0.10171620808234635
805,4292865.0,0.1017986255403546
806,4292925.0,0.10187765227720627
807,4292985.0,0.10193815967259726
808,4293045.0,0.10203267601403568
809,4293105.0,0.10225480540134693
810,4293165.0,0.10251652578469353
811,4293225.0,0.10274246834933778
812,4293285.0,0.10298687580530472
813,4293345.0,0.10319893613548589
814,4293405.0,0.10340801734261182
815,4293465.0,0.10354159719667685
816,4293525.0,0.10355382134694072
817,4293585.0,0.10350924972114142
818,4293645.0,0.10346051730129155
819,4293705.0,0.10369758624436184
820,4293765.0,0.10410820710759902
821,4293825.0,0.10454766572487026
822,4293885.0,0.10502044622657006
823,4293945.0,0.1055491151057785
824,4294005.0,0.10610333548913595
825,4294065.0,0.10676947476871931
826,4294125.0,0.10732400526511529
827,4294188.0,0.10777989499982812
828,4294245.0,0.10823564912495923
829,4294305.0,0.10870206158979992
830,4294365.0,0.10919524677374184
831,4294425.0,0.10947298103573991
832,4294485.0,0.10996252536072385
833,4294545.0,0.11046909816233416
834,4294605.0,0.11090294175080787
835,4294665.0,0.11130994113339401
836,4294725.0,0.11171020113310945
837,4294785.0,0.11214713021094633
838,4294845.0,0.1125579455451611
839,4294905.0,0.11296369811909304
840,4294965.0,0.11337439468610969
841,4295025.0,0.11376655011747325
842,4295085.0,0.11419145090162622
843,4295145.0,0.1146388358694875
844,4295205.0,0.115083697170871
845,4295265.0,0.11553375752751086
846,4295325.0,0.11595257290995373
847,4295385.0,0.11626235344823435
848,4295445.0,0.11644016488162459
849,4295505.0,0.11647504590132116
850,4295565.0,0.11646830057227905
851,4295625.0,0.11670460507120387
852,4295685.0,0.11711576669038329
853,4295745.0,0.11755597533971243
854,4295805.0,0.11798742102000251
855,4295865.0,0.11837652040570865
856,4295925.0,0.11868668298024401
857,4295985.0,0.11897586847852695
858,4296045.0,0.11926856213886208
859,4296108.0,0.11956177530512915
860,4296165.0,0.11995009608639826
861,4296225.0,0.12038043327695672
862,4296285.0,0.120793338438734
863,4296345.0,0.1211965875432717
864,4296405.0,0.12155134062246456
865,4296465.0,0.1219018871939995
866,4296525.0,0.12218121585015909
867,4296585.0,0.12246715012301865
868,4296645.0,0.1227435591622589
869,4296705.0,0.12298810125950868
870,4296765.0,0.12325007614852415
871,4296825.0,0.12349059756034789
872,4296885.0,0.12371085711248211
873,4296945.0,0.12395552931237311
874,4297005.0,0.12418768453074827
875,4297065.0,0.12438694139699083
876,4297125.0,0.12457618957543229
877,4297185.0,0.12480229008779922
878,4297245.0,0.12689913786176235
879,4297305.0,0.1290787048062282
880,4297365.0,0.13044599283563155
881,4297425.0,0.13156224179186835
882,4297485.0,0.1314121593084682
883,4297545.0,0.13118168943127498
884,4297608.0,0.13086486835354152
885,4297665.0,0.13054676854226102
886,4297725.0,0.1298715067687161
887,4297785.0,0.1292047862737192
888,4297845.0,0.12860429488829997
889,4297905.0,0.1279928968385308
890,4297965.0,0.12734794646218686
891,4298025.0,0.12664014592231762
892,4298085.0,0.12641378715218446
893,4298145.0,0.12632771375601473
894,4298205.0,0.1260203923108543
895,4298265.0,0.1260392346594362
896,4298325.0,0.12607157003289424
897,4298385.0,0.12733889531091028
898,4298445.0,0.12853144282136023
899,4298505.0,0.12970894678188646
900,4298565.0,0.13099623498904908
901,4298625.0,0.13043116898338394
902,4298685.0,0.12982894142893267
903,4298745.0,0.12922477263315083
904,4298805.0,0.12860346446778095
905,4298865.0,0.12792691711898022
906,4298925.0,0.12722961079075815
907,4298985.0,0.12654688557203128
908,4299045.0,0.1264303383681659
909,4299105.0,0.126507986298834
910,4299165.0,0.1264210596708422
911,4299225.0,0.12639009428189688
912,4299285.0,0.12782917522393047
913,4299345.0,0.12930114682779922
914,4299405.0,0.13043904736700165
915,4299465.0,0.13017209588535308
916,4299525.0,0.12988024083789776
917,4299588.0,0.12969292760361026
918,4299645.0,0.129636153695066
919,4299705.0,0.1295037740605279
920,4299765.0,0.12938258248653048
921,4299825.0,0.12947344719323936
922,4299885.0,0.12946540453809954
923,4299945.0,0.12936819458967233
924,4300005.0,0.1302793548714495
925,4300065.0,0.1315708496891043
926,4300125.0,0.13268879708117723
927,4300185.0,0.1324939192036708
928,4300245.0,0.1322451827828746
929,4300305.0,0.1321282382526012
930,4300365.0,0.13219667784762837
931,4300425.0,0.13220405594278598
932,4300488.0,0.1323214405908756
933,4300545.0,0.13217494875417954
934,4300608.0,0.13192446853438225
935,4300665.0,0.1331699723909718
936,4300725.0,0.13428415726699092
937,4300785.0,0.13524409568221443
938,4300845.0,0.13620612164672344
939,4300905.0,0.13723255847293672
940,4300965.0,0.13822462396705384
941,4301025.0,0.13917879458482854
942,4301085.0,0.1400439096854386
943,4301145.0,0.1409298511486606
944,4301205.0,0.1417495117884147
945,4301265.0,0.1425395550577034
946,4301325.0,0.14353480063644816
947,4301385.0,0.14471595521692363
948,4301445.0,0.145843731771601
949,4301505.0,0.14684995373817836
950,4301565.0,0.14782104488541767
951,4301625.0,0.14882225041829075
952,4301685.0,0.14964201784324174
953,4301745.0,0.15106197996064072
954,4301805.0,0.1523000133727038
955,4301865.0,0.1533486075680813
956,4301925.0,0.15473750472395717
957,4301985.0,0.15620898064615205
958,4302045.0,0.15796303482261406
959,4302105.0,0.1595391150223985
960,4302165.0,0.16128825553968254
961,4302225.0,0.16335053546619135
962,4302285.0,0.16562429230944767
963,4302345.0,0.16787276422401584
964,4302405.0,0.16989466558438307
965,4302465.0,0.17203527080612682
966,4302525.0,0.1740274469702375
967,4302585.0,0.17604957557315357
968,4302645.0,0.17803267127559994
969,4302705.0,0.18004443085161573
970,4302765.0,0.18180206594363027
971,4302825.0,0.18360194515284664
972,4302885.0,0.18530649913980976
973,4302945.0,0.1870960401238033
974,4303005.0,0.18894892148234624
975,4303065.0,0.19081049277930898
976,4303125.0,0.19257228925997552
977,4303185.0,0.1943998087816838
978,4303245.0,0.19575156111738354
979,4303305.0,0.19709750855490002
980,4303365.0,0.1989892918097569
981,4303425.0,0.20087629089763173
982,4303485.0,0.20220220214259235
983,4303548.0,0.20378555642028798
984,4303605.0,0.205203937045473
985,4303665.0,0.20657494785656275
986,4303725.0,0.20794076826504262
987,4303785.0,0.20940771556152185
988,4303845.0,0.21100510436771738
989,4303905.0,0.21236205655291626
990,4303968.0,0.21352992130148427
991,4304025.0,0.21476519617812836
992,4304085.0,0.21603923670059336
993,4304145.0,0.2173238267662698
994,4304205.0,0.2186094936363184
995,4304265.0,0.21989720648002856
996,4304325.0,0.2211969513073667
997,4304385.0,0.22238577649207134
998,4304445.0,0.22333828269269587
999,4304505.0,0.2245643548045874
1000,4304565.0,0.22593591073440664
1001,4304625.0,0.22744446188666148
1002,4304685.0,0.22889304810084996
1003,4304745.0,0.23052154270304961
1004,4304805.0,0.2317786690375275
1005,4304865.0,0.2329143897612528
1006,4304925.0,0.233652036819637
1007,4304985.0,0.23459080610514502
1008,4305045.0,0.23578503058332176
1009,4305105.0,0.23705379345752517
1010,4305165.0,0.23824032964379624
1011,4305225.0,0.2394368494608828
1012,4305285.0,0.2405616903525186
1013,4305345.0,0.24169385983159922
1014,4305405.0,0.24287029220028797
1015,4305465.0,0.2440358389901103
1016,4305525.0,0.24524953341449032
1017,4305585.0,0.24649945858616354
1018,4305645.0,0.24779052176372232
1019,4305705.0,0.24903499637282797
1020,4305765.0,0.2502623964065349
1021,4305825.0,0.2514823119953934
1022,4305885.0,0.2527773891904632
1023,4305945.0,0.2540322237427445
1024,4306005.0,0.2552578788086335
1025,4306065.0,0.25657444220531245
1026,4306125.0,0.25783804376820596
1027,4306185.0,0.2591193295285469
1028,4306248.0,0.26038473621000136
1029,4306305.0,0.2617059144285242
1030,4306365.0,0.26297469647758764
1031,4306425.0,0.2643999430229381
1032,4306485.0,0.265861689657656
1033,4306545.0,0.2671838983974404
1034,4306605.0,0.2701986420322884
1035,4306665.0,0.27174848393911966
1036,4306725.0,0.273480143294937
1037,4306785.0,0.27545720789701134
1038,4306845.0,0.277513438946442
1039,4306905.0,0.2796713373671714
1040,4306965.0,0.28160037828902307
1041,4307025.0,0.2833675999088261
1042,4307085.0,0.2850010442401034
1043,4307145.0,0.2867195585269914
1044,4307205.0,0.28791673545475716
1045,4307265.0,0.2890411821152189
1046,4307325.0,0.2902463980340688
1047,4307385.0,0.29143455020845443
1048,4307445.0,0.29249687864843577
1049,4307505.0,0.2935365442284058
1050,4307565.0,0.29460551878504504
1051,4307625.0,0.29579142567843675
1052,4307685.0,0.2970346255332351
1053,4307745.0,0.2982765819646195
1054,4307805.0,0.2995234992186028
1055,4307865.0,0.3010344878802276
1056,4307925.0,0.3025545504857371
1057,4307985.0,0.3041178386297342
1058,4308045.0,0.3036194365742284
1059,4308105.0,0.3030005002875922
1060,4308165.0,0.30313909504950254
1061,4308225.0,0.30352137648595334
1062,4308285.0,0.3052727059942031
1063,4308345.0,0.306882554290798
1064,4308405.0,0.30851119935394333
1065,4308465.0,0.3104299552775195
1066,4308525.0,0.3127455908044262
1067,4308585.0,0.31499597697072657
1068,4308645.0,0.3187132018719573
1069,4308705.0,0.32114872675747175
1070,4308765.0,0.3238806694523022
1071,4308825.0,0.3267595756088377
1072,4308885.0,0.3292784574915636
1073,4308945.0,0.3315403681768827
1074,4309005.0,0.3335616265588667
1075,4309065.0,0.3354183827339128
1076,4309125.0,0.33803521371148004
1077,4309185.0,0.33881374216084215
1078,4309245.0,0.3390627576027955
1079,4309305.0,0.3396323576844239
1080,4309365.0,0.34042628034305544
1081,4309425.0,0.34251755525303607
1082,4309485.0,0.34491239420582953
1083,4309545.0,0.347065887932552
1084,4309605.0,0.3492195144120299
1085,4309665.0,0.35109398132671943
1086,4309725.0,0.3532673763310781
1087,4309785.0,0.35530099394970216
1088,4309845.0,0.3569546732085539
1089,4309905.0,0.3584970316145455
1090,4309965.0,0.35996485895931674
1091,4310025.0,0.36173718884061845
1092,4310085.0,0.36177802549998195
1093,4310145.0,0.3615212690530073
1094,4310205.0,0.3618191768338228
1095,4310265.0,0.36361011964190015
1096,4310325.0,0.3651654425059404
1097,4310385.0,0.3666125388844974
1098,4310445.0,0.3682256223746998
1099,4310505.0,0.3704243593466089
1100,4310565.0,0.37194368268961664
1101,4310625.0,0.37347248624350937
1102,4310685.0,0.3754062035349558
1103,4310745.0,0.3778110664619393
1104,4310805.0,0.37953166897745405
1105,4310865.0,0.3803783828862457
1106,4310925.0,0.3811078306414015
1107,4310985.0,0.3830499874519796
1108,4311045.0,0.38450028990740537
1109,4311105.0,0.3861780107070668
1110,4311165.0,0.3880188864950801
1111,4311225.0,0.39012419599250026
1112,4311285.0,0.39162364836884744
1113,4311345.0,0.3932326028647116
1114,4311405.0,0.3947546865638958
1115,4311465.0,0.3947523110348776
1116,4311525.0,0.3949284696228871
1117,4311585.0,0.39492923780959155
1118,4311645.0,0.3952807227288734
1119,4311705.0,0.3955275275748903
1120,4311765.0,0.39592835440324115
1121,4311825.0,0.3963588256325016
1122,4311885.0,0.3965856725105058
1123,4311945.0,0.3973013244765663
1124,4312005.0,0.3977906002164141
1125,4312065.0,0.39821614244057424
1126,4312125.0,0.3987681214529025
1127,4312185.0,0.3993966630237765
1128,4312245.0,0.40033914358534906
1129,4312305.0,0.4012776021429877
1130,4312365.0,0.4021759646804789
1131,4312425.0,0.40304237566157897
1132,4312485.0,0.4039461408791698
1133,4312545.0,0.404080829246087
1134,4312605.0,0.4039439951978371
1135,4312665.0,0.404229196710432
1136,4312725.0,0.4047332444863466
1137,4312785.0,0.40516819395201675
1138,4312845.0,0.40476360407731105
1139,4312905.0,0.4045893171598275
1140,4312965.0,0.40422066985952665
1141,4313025.0,0.4034848535581741
1142,4313085.0,0.4024720426223828
1143,4313145.0,0.4013350309236
1144,4313205.0,0.4005470723508495
1145,4313265.0,0.3998492493473126
1146,4313325.0,0.39922097277496416
1147,4313385.0,0.39846609568227176
1148,4313448.0,0.3980165019290466
1149,4313505.0,0.39728761332803497
1150,4313565.0,0.39670565277985326
1151,4313625.0,0.3965636126628672
1152,4313685.0,0.3964932590097202
1153,4313745.0,0.39584381033527893
1154,4313805.0,0.3955924934234534
1155,4313865.0,0.3957134954460625
1156,4313925.0,0.3959039037068024
1157,4313985.0,0.3958744474590866
1158,4314045.0,0.39663301399480966
1159,4314105.0,0.396943175851472
1160,4314165.0,0.39667065238574983
1161,4314225.0,0.39635235843315475
1162,4314285.0,0.3965315584503317
1163,4314345.0,0.39642640195927026
1164,4314405.0,0.39621395323287445
1165,4314465.0,0.39645723596346727
1166,4314525.0,0.396972210643908
1167,4314585.0,0.39759666726687726
1168,4314645.0,0.39794729368735615
1169,4314705.0,0.3982943085436036
1170,4314765.0,0.3985542289722893
1171,4314825.0,0.39856245087852515
1172,4314885.0,0.3983364821520966
1173,4314945.0,0.39809806315305607
1174,4315005.0,0.39781124419573566
1175,4315065.0,0.3974520305985513
1176,4315125.0,0.3977201274814759
1177,4315185.0,0.39782745233715733
1178,4315245.0,0.39875901954355586
1179,4315305.0,0.398861144262429
1180,4315365.0,0.39885039166083824
1181,4315425.0,0.3984741247861011
1182,4315485.0,0.39802023989638635
1183,4315545.0,0.39758278489845367
1184,4315605.0,0.3973225947505251
1185,4315665.0,0.3970746824094219
1186,4315725.0,0.3971495788603904
1187,4315785.0,0.39707217710284326
1188,4315845.0,0.3973507306809444
1189,4315905.0,0.3978246130020918
1190,4315965.0,0.3981692184412039
1191,4316025.0,0.3985119555075912
1192,4316085.0,0.3987487437270748
1193,4316145.0,0.3991099883682566
1194,4316205.0,0.3994368401065246
1195,4316265.0,0.39993478737662336
1196,4316325.0,0.3998082480482321
1197,4316385.0,0.4001251251766599
1198,4316445.0,0.4006574669530464
1199,4316505.0,0.40070703745120895
1200,4316565.0,0.40073694951185346
1201,4316625.0,0.40061030231350647
1202,4316685.0,0.40040448595928524
1203,4316745.0,0.4000253587575805
1204,4316805.0,0.39980323045530064
1205,4316865.0,0.399555769207835
1206,4316925.0,0.3992994229872582
1207,4316985.0,0.3990191755128515
1208,4317045.0,0.39879954496001335
1209,4317105.0,0.3984859227743237
1210,4317165.0,0.39825049628933706
1211,4317225.0,0.398772429652949
1212,4317285.0,0.3994415600410085
1213,4317345.0,0.39990308048310685
1214,4317405.0,0.39842200968423724
1215,4317465.0,0.3983010018111318
1216,4317525.0,0.3980580283874794
1217,4317585.0,0.3976541236315525
1218,4317648.0,0.39715832441592946
1219,4317705.0,0.3967192389026575
1220,4317765.0,0.39663477405646586
1221,4317825.0,0.3966553747367553
1222,4317885.0,0.39688007826106575
1223,4317945.0,0.39702782755487753
1224,4318008.0,0.39764218534547446
1225,4318065.0,0.3982573474084693
1226,4318125.0,0.39857133320931093
1227,4318185.0,0.39909715386346833
1228,4318248.0,0.39977134349795096
1229,4318305.0,0.4004232684425145
1230,4318365.0,0.40153397113830824
1231,4318425.0,0.40214633451325754
1232,4318485.0,0.4025462041285025
1233,4318545.0,0.40286629729940004
1234,4318605.0,0.4031878917848123
1235,4318665.0,0.40326924506899275
1236,4318725.0,0.4033411640460085
1237,4318785.0,0.40335325580935943
1238,4318845.0,0.403464096036233
1239,4318905.0,0.40363138558705336
1240,4318965.0,0.4037813356927228
1241,4319025.0,0.4037725303908589
1242,4319085.0,0.4037736109538076
1243,4319145.0,0.40416300980429487
1244,4319205.0,0.4047670945533809
1245,4319265.0,0.40527176916436447
1246,4319325.0,0.4057133354651201
1247,4319385.0,0.4061633402271819
1248,4319445.0,0.40506881191690713
1249,4319505.0,0.4052540751040288
1250,4319565.0,0.40511533472432804
1251,4319625.0,0.40483268909963366
1252,4319688.0,0.4040034720129182
1253,4319745.0,0.4030900758738363
1254,4319805.0,0.40230765286697034
1255,4319865.0,0.4015955671598842
1256,4319925.0,0.4001416380788062
1257,4319985.0,0.39935948179493297
1258,4320045.0,0.39908639799490797
1259,4320105.0,0.3986311644560534
1260,4320165.0,0.3984401449725006
1261,4320225.0,0.3989574446812597
1262,4320285.0,0.3991170434646164
1263,4320345.0,0.3994114259564602
1264,4320405.0,0.3997700549293093
1265,4320465.0,0.4003201362390211
1266,4320525.0,0.40060865074479646
1267,4320585.0,0.40102736154836893
1268,4320645.0,0.4012908232518678
1269,4320705.0,0.401573070453498
1270,4320765.0,0.4021131895051855
1271,4320825.0,0.4022230840536426
1272,4320885.0,0.40267875113342566
1273,4320945.0,0.40344476484002345
1274,4321005.0,0.40397517008838113
1275,4321065.0,0.40441005593981905
1276,4321125.0,0.405093411173183
1277,4321185.0,0.40578895069716225
1278,4321245.0,0.40609832070349394
1279,4321305.0,0.40587217509784457
1280,4321365.0,0.4063306699109678
1281,4321425.0,0.40669489907696155
1282,4321485.0,0.4067102352684928
1283,4321545.0,0.40620756293982785
1284,4321605.0,0.4054162633843542
1285,4321665.0,0.4051903259558228
1286,4321725.0,0.40530362832738265
1287,4321788.0,0.40542328285294005
1288,4321845.0,0.4060749481956989
1289,4321905.0,0.4063405536590957
1290,4321965.0,0.4063551972896118
1291,4322025.0,0.40617700747499697
1292,4322085.0,0.4064599800105808
1293,4322145.0,0.40678872483687256
1294,4322205.0,0.4072801311600843
1295,4322265.0,0.40786888425155376
1296,4322325.0,0.4083989651087343
1297,4322385.0,0.40926661408046583
1298,4322445.0,0.40895495273690863
1299,4322508.0,0.40886290068198916
1300,4322565.0,0.40872522591458804
1301,4322625.0,0.40862552123445794
1302,4322685.0,0.40875768255000466
1303,4322745.0,0.4085980830727719
1304,4322805.0,0.40858058591451807
1305,4322865.0,0.408827689314604
1306,4322925.0,0.40863196348151754
1307,4322985.0,0.40834668222599146
1308,4323045.0,0.4078604030627059
1309,4323105.0,0.4071565427368432
1310,4323165.0,0.4064452136830662
1311,4323228.0,0.40571931606153455
1312,4323285.0,0.4051575419205232
1313,4323345.0,0.4046688762112326
1314,4323405.0,0.40468181763878974
1315,4323465.0,0.4045760446629493
1316,4323525.0,0.4039550732230782
1317,4323585.0,0.40347906439328063
1318,4323645.0,0.4035399403360379
1319,4323705.0,0.40397681716037936
1320,4323765.0,0.4045362267178162
1321,4323825.0,0.40521751329278566
1322,4323885.0,0.4059980443590764
1323,4323945.0,0.40711664866122443
1324,4324005.0,0.4080287660070967
1325,4324065.0,0.4087862298050431
1326,4324125.0,0.40887014788318643
1327,4324185.0,0.40888959806496705
1328,4324245.0,0.40865497927553507
1329,4324305.0,0.40862656544628595
1330,4324365.0,0.40860069588532133
1331,4324425.0,0.40801480577672045
1332,4324485.0,0.4074549752596034
1333,4324545.0,0.40736835976858066
1334,4324605.0,0.40687945705171347
1335,4324665.0,0.4060743141430737
1336,4324725.0,0.4053031667883633
1337,4324785.0,0.4048132595258761
1338,4324845.0,0.40391769434617775
1339,4324905.0,0.40349805491539736
1340,4324965.0,0.4032202632674079
1341,4325025.0,0.4030587250688056
1342,4325085.0,0.4029165993646008
1343,4325145.0,0.4028673494158491
1344,4325205.0,0.4031792889350455
1345,4325265.0,0.40303902651873325
1346,4325325.0,0.402441565223418
1347,4325385.0,0.4017593559714575
1348,4325445.0,0.40113811920773146
1349,4325505.0,0.4006765672387268
1350,4325565.0,0.40041742062937524
1351,4325625.0,0.40045947344513644
1352,4325685.0,0.40070024971859
1353,4325745.0,0.40104233109801335
1354,4325805.0,0.4015192828990045
1355,4325865.0,0.4021069303753514
1356,4325925.0,0.402103245648047
1357,4325985.0,0.40226598607043995
1358,4326045.0,0.40184390892953625
1359,4326105.0,0.40192544531866015
1360,4326165.0,0.4019023419947889
1361,4326225.0,0.40196129320185536
1362,4326285.0,0.40221477471421185
1363,4326345.0,0.40237812565810716
1364,4326405.0,0.4028159121268854
1365,4326465.0,0.40333336547501786
1366,4326525.0,0.4039344268695958
1367,4326585.0,0.40461249492668483
1368,4326645.0,0.40459261508285926
1369,4326705.0,0.4039502149611722
1370,4326765.0,0.40361221712827944
1371,4326825.0,0.40317606301473863
1372,4326885.0,0.40278194674718026
1373,4326945.0,0.40225301624093535
1374,4327005.0,0.4017985673671841
1375,4327065.0,0.401233539959278
1376,4327125.0,0.4012859800737637
1377,4327185.0,0.40119591221632156
1378,4327245.0,0.40056372201131984
1379,4327305.0,0.4003655882250534
1380,4327365.0,0.4001156795591928
1381,4327425.0,0.4000272363857341
1382,4327485.0,0.39990311729870787
1383,4327545.0,0.3999761034668897
1384,4327605.0,0.39989645414434605
1385,4327665.0,0.3997628198296376
1386,4327725.0,0.39978587062160253
1387,4327785.0,0.39988079482385086
1388,4327845.0,0.39993964932685866
1389,4327908.0,0.4000502703625489
1390,4327965.0,0.4003246677862077
1391,4328025.0,0.3998707564488224
1392,4328085.0,0.3992876214680189
1393,4328145.0,0.3988387633715874
1394,4328205.0,0.3990554832991634
1395,4328265.0,0.3990220357953219
1396,4328325.0,0.39873294377202806
1397,4328385.0,0.398222889325608
1398,4328445.0,0.397690579342024
1399,4328505.0,0.3969547481499388
1400,4328565.0,0.3960663595277719
1401,4328625.0,0.3949558561301999
1402,4328685.0,0.3939160153850434
1403,4328745.0,0.3929468510683142
1404,4328805.0,0.3921940253599213
1405,4328865.0,0.3916163723298187
1406,4328925.0,0.3915419212265816
1407,4328985.0,0.391506948935069
1408,4329045.0,0.39134164793631065
1409,4329105.0,0.39105583962504264
1410,4329165.0,0.39016440314474865
1411,4329225.0,0.3900264375315251
1412,4329285.0,0.3896466973470214
1413,4329345.0,0.3891833045871015
1414,4329405.0,0.38735384100212633
1415,4329465.0,0.3854685715342384
1416,4329525.0,0.38367191029359005
1417,4329585.0,0.38183302151654375
1418,4329645.0,0.37995447786693914
1419,4329705.0,0.37809971029965317
1420,4329765.0,0.3763652406460968
1421,4329825.0,0.37461961893561335
1422,4329885.0,0.37267776353297777
1423,4329945.0,0.37049483517227555
1424,4330005.0,0.3683351084782476
1425,4330065.0,0.3661164265659077
1426,4330125.0,0.36399000223330824
1427,4330185.0,0.3619395781012481
1428,4330245.0,0.3602287891859862
1429,4330305.0,0.35837043395053125
1430,4330365.0,0.3564390115928179
1431,4330425.0,0.3544469585716473
1432,4330485.0,0.354427832224387
1433,4330545.0,0.3543734266900359
1434,4330605.0,0.354174695937424
1435,4330665.0,0.35400426705480903
1436,4330725.0,0.35384067945909237
1437,4330785.0,0.35371207904858026
1438,4330845.0,0.35373926034067404
1439,4330905.0,0.35365672053093433
1440,4330965.0,0.35301780423621576
1441,4331025.0,0.35209244312726196
1442,4331085.0,0.3513246075506874
1443,4331145.0,0.3507475131419694
1444,4331205.0,0.3502123088362822
1445,4331265.0,0.349835041066873
1446,4331328.0,0.34956822891053185
1447,4331385.0,0.3493343965639223
1448,4331445.0,0.3498779558356848
1449,4331505.0,0.34783428704169295
1450,4331565.0,0.3455744408419904
1451,4331625.0,0.34341140401607706
1452,4331685.0,0.34122159958475995
1453,4331745.0,0.33900315482877963
1454,4331805.0,0.336716882800967
1455,4331865.0,0.3344370743324705
1456,4331925.0,0.33206034142977103
1457,4331985.0,0.32969409052248577
1458,4332045.0,0.3274854840386122
1459,4332105.0,0.32535976533680033
1460,4332165.0,0.32326714935307077
1461,4332225.0,0.32109768769685054
1462,4332285.0,0.3189940144234118
1463,4332345.0,0.3170792834612882
1464,4332405.0,0.3151541893868982
1465,4332465.0,0.31321362244156026
1466,4332525.0,0.3112232896726018
1467,4332585.0,0.30929593671242395
1468,4332645.0,0.30737268709190024
1469,4332705.0,0.3054825810760906
1470,4332765.0,0.3035018189233516
1471,4332825.0,0.3015506429488768
1472,4332885.0,0.2996725597660801
1473,4332945.0,0.29793462954124295
1474,4333005.0,0.29622271525561283
1475,4333065.0,0.2944507877944442
1476,4333125.0,0.2926587474368316
1477,4333185.0,0.2908606999529575
1478,4333245.0,0.2899135798887532
1479,4333305.0,0.2887644240353413
1480,4333365.0,0.2875224988358286
1481,4333425.0,0.28618215554441073
1482,4333485.0,0.2849063768533131
1483,4333545.0,0.28340702560845854
1484,4333605.0,0.28200768815469635
1485,4333665.0,0.28049040418292814
1486,4333725.0,0.2791139518826119
1487,4333785.0,0.2774870943412515
1488,4333845.0,0.27581968548778146
1489,4333905.0,0.27451483540523536
1490,4333965.0,0.2732964645981538
1491,4334025.0,0.27210832597458523
1492,4334085.0,0.270951593076307
1493,4334145.0,0.2698864142512202
1494,4334205.0,0.26878525237882034
1495,4334265.0,0.26759560788746617
1496,4334325.0,0.2663660656599196
1497,4334385.0,0.26493743817395266
1498,4334445.0,0.26348509071945625
1499,4334505.0,0.2615988425499639
1500,4334565.0,0.2596137958522
1501,4334625.0,0.25758524833832785
1502,4334685.0,0.25553208276322226
1503,4334745.0,0.25329211030457666
1504,4334805.0,0.2510639198908049
1505,4334865.0,0.24879090231637593
1506,4334925.0,0.24726641478072517
1507,4334985.0,0.24589039612322613
1508,4335045.0,0.24449536559256704
1509,4335105.0,0.2431905118787205
1510,4335165.0,0.241925989055817
1511,4335225.0,0.2407039366772359
1512,4335285.0,0.2394538879755446
1513,4335345.0,0.23825725420854474
1514,4335405.0,0.23700031430109122
1515,4335465.0,0.23573220111969365
1516,4335525.0,0.23436421640859031
1517,4335585.0,0.2329145687818445
1518,4335645.0,0.2315097333625137
1519,4335705.0,0.23000493452578516
1520,4335765.0,0.22848853054431953
1521,4335825.0,0.22690098477666668
1522,4335885.0,0.22537421445613495
1523,4335945.0,0.22378990882758212
1524,4336005.0,0.22210483898818675
1525,4336065.0,0.22052669030621122
1526,4336128.0,0.2191383051829108
1527,4336185.0,0.21764533757074125
1528,4336245.0,0.2162200134699728
1529,4336305.0,0.21477359915272845
1530,4336365.0,0.21337590954430527
1531,4336425.0,0.2119222674836246
1532,4336488.0,0.21042365557471523
1533,4336545.0,0.2088600113467364
1534,4336605.0,0.20723617463794872
1535,4336665.0,0.20554971342295372
1536,4336725.0,0.20382146425810663
1537,4336785.0,0.2021237602254741
1538,4336845.0,0.2003947959235957
1539,4336905.0,0.19868706059899557
1540,4336965.0,0.19704209177204315
1541,4337025.0,0.19557802478691336
1542,4337085.0,0.19403123920511708
1543,4337145.0,0.19234987117141558
1544,4337205.0,0.19061696451959728
1545,4337265.0,0.18889766884983913
1546,4337325.0,0.18714794479566024
1547,4337385.0,0.18531135073734198
1548,4337445.0,0.18353125727621453
1549,4337505.0,0.18204773345780037
1550,4337565.0,0.18044171400316436
1551,4337628.0,0.17893168274868834
1552,4337685.0,0.17752727593604425
1553,4337745.0,0.17615106432061253
1554,4337805.0,0.1747711066422771
1555,4337865.0,0.17334130689965124
1556,4337925.0,0.1718415692895369
1557,4337985.0,0.1700119834996058
1558,4338045.0,0.16850864358198123
1559,4338105.0,0.16709716201263478
1560,4338165.0,0.1657401785196538
1561,4338225.0,0.16440491271557142
1562,4338285.0,0.16311162877735239
1563,4338345.0,0.16183257728088538
1564,4338405.0,0.16057223373089072
1565,4338465.0,0.15933671402626312
1566,4338525.0,0.15797096874080427
1567,4338585.0,0.15649479830670757
1568,4338645.0,0.15500333799766539
1569,4338705.0,0.15351859359387568
1570,4338765.0,0.15192649002414935
1571,4338825.0,0.1501446865933446
1572,4338885.0,0.14830119205211137
1573,4338945.0,0.14670498232239446
1574,4339005.0,0.1446945290342684
1575,4339065.0,0.14305051679060085
1576,4339125.0,0.14167202119560576
1577,4339185.0,0.1404495491178562
1578,4339245.0,0.13924761040872127
1579,4339305.0,0.13810555700694857
1580,4339365.0,0.1368848898474271
1581,4339425.0,0.13594703165254077
1582,4339485.0,0.1348469240207357
1583,4339545.0,0.13368242716543585
1584,4339605.0,0.13232523794684395
1585,4339665.0,0.13083946705540891
1586,4339725.0,0.1291040697268687
1587,4339785.0,0.12712854483654581
1588,4339845.0,0.12529118580511137
1589,4339905.0,0.12362261135068761
1590,4339968.0,0.12205172834427805
1591,4340025.0,0.12014253589947735
1592,4340085.0,0.11865111971488909
1593,4340145.0,0.11731662016615543
1594,4340205.0,0.11735394843256833
1595,4340265.0,0.11745014265568385
1596,4340325.0,0.11747292544379681
1597,4340385.0,0.11750595546309903
1598,4340445.0,0.11768634353785515
1599,4340505.0,0.11776908050762455
1600,4340565.0,0.11772499486299529
1601,4340625.0,0.11783791564700272
1602,4340685.0,0.11802567080921114
1603,4340745.0,0.11825711856280416
1604,4340805.0,0.11831666229039658
1605,4340865.0,0.1182796216732647
1606,4340925.0,0.11820154525331186
1607,4340985.0,0.11811341409204432
1608,4341045.0,0.11780973345744009
1609,4341105.0,0.11768618416229268
1610,4341165.0,0.11766129039004677
1611,4341225.0,0.1176966331802202
1612,4341285.0,0.11613393145704845
1613,4341345.0,0.11478763475433976
1614,4341405.0,0.11367398480257132
1615,4341465.0,0.11259901057457275
1616,4341525.0,0.11156468226269547
1617,4341585.0,0.11045145789544039
1618,4341645.0,0.1092960207986208
1619,4341705.0,0.10810731379984481
1620,4341765.0,0.10685727504889028
1621,4341825.0,0.10575949567780848
1622,4341885.0,0.10451725682875365
1623,4341945.0,0.10319902258244731
1624,4342005.0,0.10179135089706573
1625,4342065.0,0.10031448755758174
1626,4342128.0,0.09871795991007806
1627,4342185.0,0.0971046032455248
1628,4342245.0,0.0946914801980743
1629,4342305.0,0.09477336569251557
1630,4342365.0,0.09504662500433295
1631,4342425.0,0.09529896768979126
1632,4342485.0,0.09550873852758171
1633,4342548.0,0.09570650713570902
1634,4342605.0,0.0959863680912306
1635,4342668.0,0.09626398855899035
1636,4342728.0,0.09658357814357041
1637,4342785.0,0.0968655184023037
1638,4342845.0,0.09708797618558199
1639,4342905.0,0.09723766986031149
1640,4342965.0,0.09731360337169717
1641,4343025.0,0.09735184922924053
1642,4343085.0,0.09733238551292686
1643,4343145.0,0.09725515275947041
1644,4343205.0,0.0971507850117436
1645,4343265.0,0.09703367957357947
1646,4343325.0,0.0969319134169592
1647,4343385.0,0.09687281703888403
1648,4343445.0,0.09682625023166927
1649,4343505.0,0.09679228631026224
1650,4343565.0,0.09677296825135809
1651,4343625.0,0.09667997707350215
1652,4343685.0,0.0965060320563734
1653,4343745.0,0.09628402646625125
1654,4343805.0,0.09601938421544046
1655,4343865.0,0.09570434558094146
1656,4343925.0,0.09542493883285594
1657,4343985.0,0.0951953380295589
1658,4344045.0,0.09503018822146633
1659,4344105.0,0.09495519408578992
1660,4344165.0,0.09484864855117794
1661,4344225.0,0.09464391298996624
1662,4344285.0,0.09436635171157817
1663,4344345.0,0.09407130950747314
1664,4344405.0,0.0937785503770617
1665,4344465.0,0.09354872181196347
1666,4344525.0,0.09339717372739906
1667,4344585.0,0.09331932227864617
1668,4344645.0,0.09321367634377989
1669,4344705.0,0.09306376717017764
1670,4344765.0,0.09290617146605332
1671,4344825.0,0.09275278657765793
1672,4344885.0,0.09256878393497028
1673,4344945.0,0.09232518329751652
1674,4345005.0,0.09208394154281516
1675,4345065.0,0.0918917324190621
1676,4345125.0,0.09176905991702414
1677,4345185.0,0.091695389858262
1678,4345245.0,0.09164084746531478
1679,4345305.0,0.09160853704654456
1680,4345365.0,0.0915894994672816
1681,4345425.0,0.09157275468364193
1682,4345485.0,0.09154729894083377
1683,4345545.0,0.09150686789153686
1684,4345605.0,0.09151516402520929
1685,4345665.0,0.09151837305709334
1686,4345725.0,0.09154777489055752
1687,4345785.0,0.09158722250315285
1688,4345845.0,0.09159691228110137
1689,4345905.0,0.09163087116832877
1690,4345965.0,0.09165200816883048
1691,4346025.0,0.09168302685572657
1692,4346085.0,0.09168889118327186
1693,4346145.0,0.09167322781942586
1694,4346205.0,0.09167083666481626
1695,4346265.0,0.09163478080466883
1696,4346325.0,0.09159904530288407
1697,4346385.0,0.09155988510382276
1698,4346445.0,0.09153801895652727
1699,4346505.0,0.09152916482582449
1700,4346565.0,0.09153626696376774
1701,4346625.0,0.09156157823605796
1702,4346685.0,0.09155307466542392
1703,4346745.0,0.09153726894351219
1704,4346805.0,0.09151106090344865
1705,4346865.0,0.09146238209686855
1706,4346925.0,0.09144114538431489
1707,4346985.0,0.09143597404146234
1708,4347045.0,0.0914378872980802
1709,4347105.0,0.09143104315009778
1710,4347165.0,0.09141131871956545
1711,4347225.0,0.091364603705796
1712,4347285.0,0.09131672993910148
1713,4347345.0,0.09125103344837152
1714,4347405.0,0.0911721865379502
1715,4347465.0,0.09108482077284866
1716,4347525.0,0.0909567895276924
1717,4347585.0,0.09090076966749835
1718,4347645.0,0.0908411624548103
1719,4347705.0,0.0907699802396438
1720,4347765.0,0.09070354546161177
1721,4347825.0,0.09059872325559346
1722,4347885.0,0.09047523358711987
1723,4347945.0,0.09034397356145621
1724,4348005.0,0.09021488392215807
1725,4348065.0,0.09010078394420543
1726,4348125.0,0.08991884397892966
1727,4348185.0,0.08972035837081069
1728,4348245.0,0.08951409603842633
1729,4348305.0,0.08931712574139042
1730,4348365.0,0.08906065060478138
1731,4348425.0,0.0888704640192596
1732,4348485.0,0.08874528841533783
1733,4348545.0,0.08865625667998475
1734,4348605.0,0.08856750472025784
1735,4348665.0,0.08847306952118397
1736,4348725.0,0.08841354276416466
1737,4348785.0,0.0883245942127874
1738,4348845.0,0.08822991218109347
1739,4348905.0,0.08812646630308466
1740,4348965.0,0.08801776874028269
1741,4349025.0,0.0878968320008108
1742,4349085.0,0.08773151768867407
1743,4349145.0,0.08753683835975076
1744,4349205.0,0.0873540458904897
1745,4349265.0,0.08720147070230447
1746,4349325.0,0.0870470199678112
1747,4349385.0,0.08690187331322144
1748,4349445.0,0.08676189078968069
1749,4349505.0,0.08658372729643601
1750,4349565.0,0.08638311617726305
1751,4349625.0,0.08617610423443287
1752,4349685.0,0.08596716284904451
1753,4349745.0,0.08574494277315833
1754,4349805.0,0.08550879842791917
1755,4349865.0,0.08529407216966037
1756,4349925.0,0.08508014476862993
1757,4349985.0,0.08482948201174526
1758,4350045.0,0.08457811686175723
1759,4350105.0,0.0843174170607641
1760,4350165.0,0.0841135138587357
1761,4350225.0,0.08387440725499481
1762,4350285.0,0.08367235233042672
1763,4350345.0,0.08352054187704369
1764,4350405.0,0.08340423536922573
1765,4350465.0,0.08330933404213739
1766,4350528.0,0.08322305640050845
1767,4350585.0,0.08311170212475613
1768,4350645.0,0.08295108699863565
1769,4350705.0,0.08278412820402406
1770,4350765.0,0.08261544742891172
1771,4350825.0,0.08243762518769507
1772,4350885.0,0.08224518298630121
1773,4350945.0,0.08203758549521492
1774,4351005.0,0.08180976487230049
1775,4351065.0,0.08163823068982287
1776,4351125.0,0.08148466491362041
1777,4351185.0,0.08138473757137346
1778,4351245.0,0.08125055189918187
1779,4351305.0,0.08113048314631036
1780,4351365.0,0.08102897857225475
1781,4351425.0,0.08093005712314508
1782,4351485.0,0.08077872630091606
1783,4351545.0,0.08061327838214014
1784,4351605.0,0.0804127923569121
1785,4351665.0,0.08026850998939253
1786,4351725.0,0.08018337799167599
1787,4351785.0,0.08013753708767687
1788,4351845.0,0.08003903967315398
1789,4351905.0,0.07990293170767068
1790,4351965.0,0.07976127878715186
1791,4352025.0,0.07963905573677224
1792,4352085.0,0.07952733722643893
1793,4352145.0,0.07940081191984485
1794,4352205.0,0.07925731182205734
1795,4352265.0,0.0791218365718728
1796,4352325.0,0.07899565088874569
1797,4352385.0,0.07886864834094579
1798,4352445.0,0.07874172097812479
1799,4352505.0,0.07862356414050056
1800,4352565.0,0.07849659499977993
1801,4352625.0,0.07837282596456466
1802,4352685.0,0.07828177234398129
1803,4352745.0,0.07813241615330649
1804,4352805.0,0.07794018568576547
1805,4352865.0,0.07784844949807282
1806,4352925.0,0.07779922369463219
1807,4352985.0,0.07780013388033671
1808,4353045.0,0.07779717983583259
1809,4353105.0,0.07770954075533545
1810,4353165.0,0.0775438039071
1811,4353225.0,0.07732631690868938
1812,4353285.0,0.07710203558582998
1813,4353345.0,0.07687709169176019
1814,4353405.0,0.07658273813031927
1815,4353465.0,0.07627443050588092
1816,4353525.0,0.0759742443568627
1817,4353585.0,0.07570540944726098
1818,4353645.0,0.07544356913812769
1819,4353705.0,0.0752132580339945
1820,4353765.0,0.07508407868786796
1821,4353825.0,0.07500179103870555
1822,4353885.0,0.0749579895213732
1823,4353945.0,0.07494106259051628
1824,4354005.0,0.07493512423142382
1825,4354065.0,0.07490612428185897
1826,4354125.0,0.07482479470989647
1827,4354185.0,0.07470597307889301
1828,4354245.0,0.07453635619473284
1829,4354305.0,0.07434388095436975
1830,4354365.0,0.07413764991836505
1831,4354428.0,0.07398482104750967
1832,4354485.0,0.0738973386634644
1833,4354545.0,0.07383497307561296
1834,4354605.0,0.07380952611660804
1835,4354665.0,0.07380976147375198
1836,4354725.0,0.07374099920275348
1837,4354785.0,0.07361854710324714
1838,4354845.0,0.07340252324363886
1839,4354905.0,0.07310848562278052
1840,4354965.0,0.07283434079706844
1841,4355025.0,0.07266712086801116
1842,4355085.0,0.07254751050116856
1843,4355145.0,0.07245980609053751
1844,4355205.0,0.07232650655907522
1845,4355265.0,0.07220857735907757
1846,4355325.0,0.07209062312302003
1847,4355385.0,0.07195904176749238
1848,4355445.0,0.07182905025140088
1849,4355505.0,0.07168375021052045
1850,4355565.0,0.07155765754488849
1851,4355625.0,0.07136804601423943
1852,4355685.0,0.07122730273336489
1853,4355745.0,0.07112083030659136
1854,4355805.0,0.07101205035170541
1855,4355865.0,0.07085864762325553
1856,4355925.0,0.0706596870031139
1857,4355985.0,0.0704452766726297
1858,4356045.0,0.0702359536654242
1859,4356105.0,0.07002566732445129
1860,4356165.0,0.06982927607712722
1861,4356225.0,0.06961390051410252
1862,4356285.0,0.06938886308359701
1863,4356345.0,0.06920458903967477
1864,4356405.0,0.0690181123925516
1865,4356465.0,0.06883843176922713
1866,4356525.0,0.0686270639516727
1867,4356585.0,0.06841741810017501
1868,4356645.0,0.06819704596792733
1869,4356705.0,0.06795042589992514
1870,4356765.0,0.06772251949241101
1871,4356825.0,0.06746732627443744
1872,4356885.0,0.06725377424201653
1873,4356945.0,0.06702443691572121
1874,4357008.0,0.06680976472823771
1875,4357065.0,0.06659750550776286
1876,4357125.0,0.06635794419964372
1877,4357185.0,0.06610741305959747
1878,4357245.0,0.0658152449791474
1879,4357305.0,0.06549538867069118
1880,4357365.0,0.0652371019578086
1881,4357425.0,0.06500925431458962
1882,4357485.0,0.06483705275955468
1883,4357545.0,0.06469695869943545
1884,4357605.0,0.06456533240468701
1885,4357665.0,0.06443375486891664
1886,4357725.0,0.06426733981832602
1887,4357785.0,0.06408986239954803
1888,4357845.0,0.06391155219132824
1889,4357905.0,0.063753935444022
1890,4357965.0,0.06364583530848375
1891,4358025.0,0.06355219086243083
1892,4358085.0,0.06348083847064992
1893,4358145.0,0.06342644585848226
1894,4358205.0,0.06336859424633737
1895,4358265.0,0.06332569430374055
1896,4358325.0,0.06328879582205318
1897,4358385.0,0.06317456363451882
1898,4358445.0,0.06301284558426026
1899,4358505.0,0.06283546450164837
1900,4358565.0,0.06265198983077438
1901,4358625.0,0.062487173909567734
1902,4358685.0,0.062334474701533665
1903,4358745.0,0.062189145786725825
1904,4358805.0,0.06203274176923115
1905,4358865.0,0.06188078579246584
1906,4358925.0,0.061808213584616245
1907,4358985.0,0.06178733685712259
1908,4359045.0,0.061818565859151436
1909,4359105.0,0.06187382141849143
1910,4359165.0,0.06196423892013381
1911,4359225.0,0.06198218143048825
1912,4359285.0,0.06193465350135682
1913,4359345.0,0.061840666413350176
1914,4359405.0,0.061744202900555156
1915,4359465.0,0.06166812136706945
1916,4359525.0,0.06159784437812324
1917,4359585.0,0.061531472897111916
1918,4359645.0,0.06145001900221722
1919,4359705.0,0.06136387940496166
1920,4359768.0,0.0612778445468419
1921,4359825.0,0.06118149943334347
1922,4359885.0,0.06111406889019791
1923,4359945.0,0.061065139771996096
1924,4360005.0,0.06100760423141835
1925,4360065.0,0.06095302608026415
1926,4360128.0,0.06090950802304809
1927,4360185.0,0.06086231832207975
1928,4360245.0,0.06082035841544625
1929,4360305.0,0.060803475435662585
1930,4360365.0,0.060788552035016846
1931,4360425.0,0.06079444036990797
1932,4360485.0,0.060800359728284875
1933,4360548.0,0.06081702804675401
1934,4360605.0,0.060830156942190766
1935,4360665.0,0.060817825149803356
1936,4360725.0,0.060758181266007155
1937,4360785.0,0.060691157848878546
1938,4360845.0,0.06064317251726439
1939,4360905.0,0.06062099801109053
1940,4360965.0,0.06064889811957963
1941,4361025.0,0.060726286699552406
1942,4361085.0,0.06079104489491033
1943,4361145.0,0.060796037274593595
1944,4361205.0,0.06072928887566273
1945,4361265.0,0.0606184506711574
1946,4361325.0,0.06051317943021725
1947,4361385.0,0.06044923922595269
1948,4361445.0,0.06042157807786827
1949,4361505.0,0.06041688888619648
1950,4361565.0,0.06044584338686815
1951,4361625.0,0.06046635808941356
1952,4361685.0,0.060518386332717694
1953,4361745.0,0.06058436358926908
1954,4361805.0,0.06065181270425671
1955,4361865.0,0.06064908027462684
1956,4361925.0,0.06057711063946805
1957,4361985.0,0.06047551919287117
1958,4362045.0,0.060374023307957186
1959,4362105.0,0.060271034564972764
1960,4362165.0,0.06016614680387358
1961,4362225.0,0.060057690003349984
1962,4362285.0,0.06000910313765853
1963,4362345.0,0.05998523116176582
1964,4362405.0,0.060023556529189254
1965,4362465.0,0.06006165818729142
1966,4362525.0,0.060017624677679765
1967,4362585.0,0.05994920685243746
1968,4362645.0,0.05987116117737529
1969,4362705.0,0.05975841319517816
1970,4362765.0,0.05966253266143401
1971,4362825.0,0.0595947650156011
1972,4362885.0,0.05957757126563984
1973,4362945.0,0.05958172295184186
1974,4363005.0,0.05960697083703212
1975,4363065.0,0.05962627371949883
1976,4363125.0,0.05961724579857361
1977,4363185.0,0.05956053983246454
1978,4363245.0,0.05948811861025363
1979,4363305.0,0.059407374660988055
1980,4363365.0,0.059331985800871956
1981,4363425.0,0.05922579661663788
1982,4363485.0,0.05912413959513155
1983,4363545.0,0.05906155670197438
1984,4363605.0,0.05904508573959624
1985,4363665.0,0.0589589642984919
1986,4363725.0,0.058825281478032426
1987,4363785.0,0.058685316416594996
1988,4363845.0,0.05855992984923722
1989,4363905.0,0.058502775916608546
1990,4363965.0,0.05851860043711046
1991,4364025.0,0.05858624400211712
1992,4364085.0,0.05865701629748235
1993,4364145.0,0.0587103647091787
1994,4364205.0,0.05880128462344053
1995,4364265.0,0.058881586116841356
1996,4364325.0,0.05895043471018177
1997,4364385.0,0.05900107248992936
1998,4364445.0,0.05906881962367008
1999,4364505.0,0.05911519342738655
2000,4364565.0,0.05908412496895596
2001,4364625.0,0.05904018670828773
2002,4364685.0,0.05900131699915198
2003,4364745.0,0.058946699713671336
2004,4364805.0,0.058880580234655644
2005,4364865.0,0.05882935907205508
2006,4364925.0,0.058795119477922236
2007,4364985.0,0.05878654254205831
2008,4365045.0,0.058789380024699855
2009,4365105.0,0.05881525953758451
2010,4365165.0,0.05883616064140243
2011,4365225.0,0.05879389553697337
2012,4365285.0,0.058695219640355484
2013,4365345.0,0.058559768594468126
2014,4365405.0,0.05841069205174179
2015,4365465.0,0.058267191725454054
2016,4365528.0,0.05817342160750533
2017,4365585.0,0.05810099795532678
2018,4365645.0,0.058116856661397126
2019,4365705.0,0.05821159265460488
2020,4365765.0,0.058351269623511004
2021,4365825.0,0.05850723783659206
2022,4365888.0,0.058631845504765495
2023,4365945.0,0.058733388364284655
2024,4366005.0,0.05886388600689238
2025,4366065.0,0.058914206701906724
2026,4366125.0,0.058901185375467596
2027,4366185.0,0.05886287053861472
2028,4366245.0,0.05882413593088734
2029,4366305.0,0.0587812748138036
2030,4366365.0,0.05873101292450297
2031,4366425.0,0.058709086583657505
2032,4366485.0,0.05867754575678949
2033,4366545.0,0.05866737264555877
2034,4366605.0,0.05866179709021549
2035,4366665.0,0.058679405953774716
2036,4366725.0,0.05873007977817338
2037,4366785.0,0.05878202442914243
2038,4366845.0,0.058850410932481084
2039,4366905.0,0.05893056065756594
2040,4366965.0,0.05899560933709824
2041,4367025.0,0.05908923271529007
2042,4367085.0,0.059204552290664486
2043,4367145.0,0.05927364358706069
2044,4367205.0,0.05930883143717716
2045,4367265.0,0.05932208135467462
2046,4367325.0,0.059354455631959596
2047,4367385.0,0.05937824985469167
2048,4367445.0,0.05942158502792705
2049,4367505.0,0.059454632781042044
2050,4367565.0,0.05950075346458425
2051,4367625.0,0.0595690458695666
2052,4367685.0,0.05965502533776476
2053,4367745.0,0.05974043289557171
2054,4367805.0,0.05983792529736073
2055,4367865.0,0.05996486306142365
2056,4367925.0,0.06015446586324022
2057,4367985.0,0.060422781038981715
2058,4368045.0,0.06083987195118232
2059,4368105.0,0.06134129794721202
2060,4368165.0,0.061703379661413454
2061,4368225.0,0.06198589610571528
2062,4368285.0,0.06223303784029363
2063,4368345.0,0.06246346206633932
2064,4368405.0,0.06265316912820965
2065,4368465.0,0.06284387300671071
2066,4368525.0,0.06300935816681116
2067,4368585.0,0.06317364504143233
2068,4368645.0,0.0633630079206203
2069,4368705.0,0.06350604733702772
2070,4368765.0,0.06366310007603612
2071,4368825.0,0.06393853622252069
2072,4368885.0,0.06440038846721938
2073,4368945.0,0.06498728332001527
2074,4369005.0,0.06553025527309939
2075,4369065.0,0.06582681575593932
2076,4369125.0,0.06591772308459512
2077,4369185.0,0.06597575728751057
2078,4369248.0,0.06605708221610998
2079,4369305.0,0.06615246402992106
2080,4369365.0,0.0662460422463231
2081,4369425.0,0.06635589740196304
2082,4369485.0,0.06644283054274727
2083,4369545.0,0.06649457343798174
2084,4369605.0,0.0666798107125853
2085,4369665.0,0.0669907979150294
2086,4369725.0,0.06730474302982956
2087,4369785.0,0.06751656703156397
2088,4369845.0,0.06766715260334236
2089,4369905.0,0.06777056434543396
2090,4369965.0,0.06784876519495533
2091,4370025.0,0.06790766197131662
2092,4370085.0,0.06797134563163396
2093,4370145.0,0.06807463581005915
2094,4370205.0,0.0681896075268941
2095,4370265.0,0.06840102047409571
2096,4370325.0,0.06855585517580262
2097,4370385.0,0.068696639778183
2098,4370445.0,0.06884200263236415
2099,4370505.0,0.06899065711987493
2100,4370565.0,0.06915040085402255
2101,4370625.0,0.06930476802042432
2102,4370685.0,0.06945480445632743
2103,4370745.0,0.06958308573584823
2104,4370805.0,0.06971713578856739
2105,4370865.0,0.0697897598776949
2106,4370925.0,0.06980854791076666
2107,4370985.0,0.06991049682864534
2108,4371045.0,0.07013009795716521
2109,4371105.0,0.07048288358924218
2110,4371165.0,0.07090574749437653
2111,4371225.0,0.07108760917972515
2112,4371285.0,0.07117726165260593
2113,4371345.0,0.07115970491018067
2114,4371405.0,0.0711000736843577
2115,4371465.0,0.07107165797823392
2116,4371525.0,0.07109279402208671
2117,4371585.0,0.07116455207292352
2118,4371645.0,0.07126075036876858
2119,4371705.0,0.07136357343777402
2120,4371765.0,0.07150675983801605
2121,4371825.0,0.0716707878401687
2122,4371885.0,0.07188450003778765
2123,4371945.0,0.07210869687277568
2124,4372005.0,0.07231190410736135
2125,4372065.0,0.07247164356697514
2126,4372125.0,0.0726053969272685
2127,4372185.0,0.0727028506278792
2128,4372245.0,0.07279065283858369
2129,4372305.0,0.07289025287869846
2130,4372365.0,0.07299144069951694
2131,4372425.0,0.07313619412243419
2132,4372485.0,0.07328502557223712
2133,4372545.0,0.07347943505157792
2134,4372605.0,0.07370774039360192
2135,4372665.0,0.07397287421616897
2136,4372725.0,0.07431051458347457
2137,4372785.0,0.07464473085227205
2138,4372845.0,0.07497213817131335
2139,4372905.0,0.07529078475698761
2140,4372965.0,0.07559049518166241
2141,4373025.0,0.07591036172071344
2142,4373085.0,0.0762686173994239
2143,4373145.0,0.07672904661283123
2144,4373205.0,0.07719575926853398
2145,4373265.0,0.07757615228549383
2146,4373325.0,0.07790631969354492
2147,4373385.0,0.07823292512423499
2148,4373445.0,0.07861621688681328
2149,4373505.0,0.07903667898518943
2150,4373565.0,0.07944614300667
2151,4373625.0,0.07982186537655697
2152,4373685.0,0.08016404215791187
2153,4373745.0,0.08053161097771036
2154,4373805.0,0.0809193165845428
2155,4373865.0,0.08131028000772036
2156,4373925.0,0.08171850073736078
2157,4373985.0,0.08214026605925387
2158,4374045.0,0.08255634528087483
2159,4374105.0,0.08295302543240071
2160,4374165.0,0.0833334695960731
2161,4374225.0,0.08370887742335367
2162,4374285.0,0.08405500149035025
2163,4374345.0,0.08440760261799421
2164,4374405.0,0.08474481218020455
2165,4374465.0,0.08506787556897796
2166,4374525.0,0.08542256553754976
2167,4374585.0,0.08574750014989088
2168,4374645.0,0.08606862248638095
2169,4374705.0,0.08641545484241628
2170,4374765.0,0.08677299663262636
2171,4374825.0,0.08711158802172306
2172,4374885.0,0.08749944417433045
2173,4374945.0,0.08788975282634506
2174,4375005.0,0.08828015013359516
2175,4375065.0,0.08871959759923201
2176,4375125.0,0.08914511072764045
2177,4375185.0,0.08961985715063012
2178,4375245.0,0.09008335357077421
2179,4375305.0,0.0905604286485582
2180,4375365.0,0.09101190413659685
2181,4375425.0,0.09140687643166692
2182,4375485.0,0.09175162145841129
2183,4375545.0,0.09207422651742223
2184,4375605.0,0.09240330927936816
2185,4375665.0,0.09271983198290443
2186,4375725.0,0.0930604392814752
2187,4375785.0,0.09340803406278389
2188,4375845.0,0.09375819366489027
2189,4375905.0,0.09411051257447348
2190,4375965.0,0.09445995531799686
2191,4376025.0,0.09484430577128614
2192,4376085.0,0.09525632385138802
2193,4376145.0,0.09571438101268362
2194,4376208.0,0.09620597277576834
2195,4376265.0,0.09670623564838846
2196,4376325.0,0.09722658504173501
2197,4376385.0,0.09769693425423723
2198,4376445.0,0.0980702684064039
2199,4376505.0,0.09836373395063921
2200,4376565.0,0.09860184651519036
2201,4376625.0,0.09883420594757539
2202,4376685.0,0.0991140331251156
2203,4376745.0,0.0994137222809208
2204,4376805.0,0.09975832774244156
2205,4376865.0,0.10011606163028022
2206,4376928.0,0.10047124584540282
2207,4376985.0,0.10082329081988003
2208,4377045.0,0.10116605367012718
2209,4377105.0,0.10147604792728968
2210,4377165.0,0.10183293084851555
2211,4377225.0,0.10216527203084388
2212,4377285.0,0.10251357077538967
2213,4377348.0,0.1028364067026564
2214,4377405.0,0.10317591543529894
2215,4377465.0,0.10349707476082085
2216,4377525.0,0.10379672820135491
2217,4377585.0,0.10411509173373432
2218,4377645.0,0.10443718544352268
2219,4377705.0,0.10470563370466238
2220,4377765.0,0.10495969402120456
2221,4377825.0,0.10518773542777018
2222,4377885.0,0.10541725832831031
2223,4377945.0,0.10567425253949378
2224,4378005.0,0.10592396803378876
2225,4378065.0,0.10615602261079118
2226,4378125.0,0.10635767963902146
2227,4378185.0,0.106589881918314
2228,4378245.0,0.10679595562750574
2229,4378305.0,0.10691145037305996
2230,4378365.0,0.10694243070172385
2231,4378425.0,0.1070454999686413
2232,4378485.0,0.10725814778430717
2233,4378545.0,0.1073780553327269
2234,4378605.0,0.10730929029182476
2235,4378665.0,0.10717484166163868
2236,4378725.0,0.107077488223593
2237,4378785.0,0.10707117732995322
2238,4378845.0,0.10708102874327571
2239,4378905.0,0.10696202481035891
2240,4378965.0,0.10691471779894443
2241,4379025.0,0.1069211648171006
2242,4379085.0,0.10691672724725113
2243,4379145.0,0.10692807978570548
2244,4379205.0,0.10697351239864958
2245,4379265.0,0.10700740602349554
2246,4379325.0,0.1070994839005329
2247,4379385.0,0.10722579552046188
2248,4379445.0,0.10735827595268602
2249,4379505.0,0.1075228886644283
2250,4379565.0,0.10763322639363163
2251,4379625.0,0.10762871130592425
2252,4379685.0,0.10744313090206134
2253,4379745.0,0.10714701367325433
2254,4379805.0,0.10690519322041522
2255,4379865.0,0.10691619670484745
2256,4379925.0,0.10715767304037246
2257,4379985.0,0.1074845993385006
2258,4380045.0,0.10786642410089034
2259,4380105.0,0.10824738619778776
2260,4380165.0,0.10862609051863023
2261,4380225.0,0.10899070989269968
2262,4380285.0,0.1093697263985837
2263,4380345.0,0.10976156947632557
2264,4380405.0,0.11002602349698129
2265,4380465.0,0.1101537430819872
2266,4380525.0,0.11024660239616282
2267,4380585.0,0.11042012745319887
2268,4380645.0,0.11061363372840574
2269,4380705.0,0.11083620423563043
2270,4380765.0,0.11110294756661868
2271,4380825.0,0.11139143575851104
2272,4380885.0,0.11168173992911354
2273,4380945.0,0.11194300840813218
2274,4381005.0,0.11218485681173604
2275,4381065.0,0.11233571290299152
2276,4381125.0,0.11254556274327102
2277,4381185.0,0.11278901967923713
2278,4381245.0,0.1130540846467418
2279,4381305.0,0.11331946195655854
2280,4381365.0,0.11359750174401109
2281,4381425.0,0.1139016767400329
2282,4381485.0,0.11421447499287538
2283,4381545.0,0.11454809465757534
2284,4381605.0,0.11487227420498183
2285,4381665.0,0.115197937041739
2286,4381725.0,0.1155660493686638
2287,4381785.0,0.1158602702774221
2288,4381845.0,0.11602911065599444
2289,4381905.0,0.11606128535243929
2290,4381965.0,0.11601896763243888
2291,4382025.0,0.1162155227085507
2292,4382085.0,0.11649370793655248
2293,4382145.0,0.116887397419872
2294,4382205.0,0.1173545051622494
2295,4382265.0,0.11781183911982199
2296,4382325.0,0.11825374916099676
2297,4382385.0,0.11868219566712104
2298,4382448.0,0.11910446398774302
2299,4382505.0,0.11949490457408049
2300,4382565.0,0.11978132026113977
2301,4382625.0,0.12003241488545427
2302,4382685.0,0.12021737243430533
2303,4382745.0,0.12039016257892557
2304,4382805.0,0.12065044455213417
2305,4382865.0,0.12096800821700551
2306,4382925.0,0.12130701124944962
2307,4382985.0,0.12165497241831932
2308,4383045.0,0.12199369470119911
2309,4383105.0,0.12231787088587145
2310,4383165.0,0.1226157708181713
2311,4383225.0,0.12286523992195267
2312,4383285.0,0.12313745106074661
2313,4383345.0,0.12337542993132758
2314,4383405.0,0.12358412863844467
2315,4383465.0,0.12377416882311612
2316,4383525.0,0.12392461590581141
2317,4383585.0,0.12409292568243538
2318,4383645.0,0.1242715794941934
2319,4383705.0,0.12446118751260707
2320,4383765.0,0.1246612446772434
2321,4383825.0,0.12484035841115584
2322,4383885.0,0.12499202431144976
2323,4383945.0,0.1250328381548003
2324,4384005.0,0.12502688903049977
2325,4384065.0,0.1250497341947062
2326,4384125.0,0.1251179850779606
2327,4384185.0,0.12517375286953183
2328,4384245.0,0.12518121540356417
2329,4384305.0,0.1251868453196587
2330,4384368.0,0.1252302060109947
2331,4384425.0,0.12524948513208092
2332,4384485.0,0.1252613798250988
2333,4384545.0,0.12524457045463702
2334,4384605.0,0.125196974407586
2335,4384665.0,0.12517715668204873
2336,4384725.0,0.12517485025427097
2337,4384788.0,0.12789874002536109
2338,4384845.0,0.12894084290220434
2339,4384905.0,0.12989104334629312
2340,4384965.0,0.13107045082830923
2341,4385025.0,0.13033607162764013
2342,4385085.0,0.1296240374569441
2343,4385145.0,0.12891781924852266
2344,4385205.0,0.128228991845497
2345,4385265.0,0.12753927613711794
2346,4385325.0,0.1267781444522388
2347,4385385.0,0.12598846601170902
2348,4385445.0,0.12518823541863697
2349,4385505.0,0.12436292039216792
2350,4385565.0,0.12401767501994096
2351,4385625.0,0.12383004668127304
2352,4385685.0,0.12373704066405558
2353,4385745.0,0.12367285142608256
2354,4385805.0,0.12355795114455217
2355,4385868.0,0.12334469485506297
2356,4385925.0,0.1250543679813538
2357,4385985.0,0.12587147292330744
2358,4386045.0,0.12669139026453577
2359,4386105.0,0.12773212271251447
2360,4386165.0,0.1268805536136369
2361,4386225.0,0.12605128153994197
2362,4386285.0,0.12525382900011198
2363,4386345.0,0.12448109554599698
2364,4386405.0,0.123666782578952
2365,4386465.0,0.12285315723185439
2366,4386525.0,0.1220318658933672
2367,4386585.0,0.12121631529163138
2368,4386645.0,0.12079659999633638
2369,4386705.0,0.12052600426254448
2370,4386765.0,0.1204297566236979
2371,4386825.0,0.12037211509702025
2372,4386885.0,0.12027649188287301
2373,4386945.0,0.12014969205795886
2374,4387005.0,0.12205656752106744
2375,4387065.0,0.12334939876020348
2376,4387125.0,0.12434089913295407
2377,4387185.0,0.12395165915714282
2378,4387245.0,0.1236427442644357
2379,4387305.0,0.12320961121822108
2380,4387365.0,0.12293888556319962
2381,4387425.0,0.12273103526265547
2382,4387485.0,0.12237569458028505
2383,4387545.0,0.12195143684100754
2384,4387605.0,0.1217324525272068
2385,4387665.0,0.12155137515950379
2386,4387725.0,0.12124721205111746
2387,4387785.0,0.12106628976336245
2388,4387845.0,0.12099817034465979
2389,4387905.0,0.12095512056825411
2390,4387965.0,0.12203320862157188
2391,4388025.0,0.12292417478419557
2392,4388085.0,0.12389199414142707
2393,4388145.0,0.12504114545603653
2394,4388205.0,0.12626734066594789
2395,4388265.0,0.12602933856166434
2396,4388325.0,0.12582521810767858
2397,4388385.0,0.12572339917174694
2398,4388445.0,0.1257294304460879
2399,4388505.0,0.12570701085373345
2400,4388565.0,0.12561572235895155
2401,4388625.0,0.12561936098056845
2402,4388685.0,0.12696004772469724
2403,4388745.0,0.12812012215180055
2404,4388805.0,0.1292289192432761
2405,4388865.0,0.13031078459493592
2406,4388925.0,0.1312225790554106
2407,4388985.0,0.1321315137663938
2408,4389045.0,0.13317026128292211
2409,4389105.0,0.13435239667089696
2410,4389165.0,0.13558276911936987
2411,4389225.0,0.13666351166975874
2412,4389285.0,0.13769918433026393
2413,4389345.0,0.13899845414276032
2414,4389405.0,0.1405069487407912
2415,4389465.0,0.1423604682005097
2416,4389525.0,0.144007628298479
2417,4389585.0,0.14546888561012603
2418,4389645.0,0.14663408596157326
2419,4389705.0,0.14806036186427526
2420,4389765.0,0.14988471360389768
2421,4389825.0,0.151379427195984
2422,4389885.0,0.15285801801602425
2423,4389945.0,0.15446510702956948
2424,4390005.0,0.15581698037716826
2425,4390065.0,0.1572229627856039
2426,4390125.0,0.1587532895396059
2427,4390185.0,0.16024105409843722
2428,4390245.0,0.16182806522438628
2429,4390305.0,0.16341774167582904
2430,4390365.0,0.1650072733757443
2431,4390425.0,0.16660835330929583
2432,4390485.0,0.16822086457548976
2433,4390545.0,0.16982202035024077
2434,4390605.0,0.1714888995446913
2435,4390665.0,0.1731542117037194
2436,4390725.0,0.17481263634237712
2437,4390785.0,0.17640109175224453
2438,4390845.0,0.17786408567331616
2439,4390905.0,0.17928476544062014
2440,4390965.0,0.18071219857128876
2441,4391025.0,0.18213279573415744
2442,4391085.0,0.1835655058448515
2443,4391145.0,0.1849477363348019
2444,4391205.0,0.18675961931150145
2445,4391265.0,0.18591704648876275
2446,4391325.0,0.18510280073151628
2447,4391385.0,0.18426631502813726
2448,4391445.0,0.18343618764927103
2449,4391505.0,0.18260161928518268
2450,4391565.0,0.1817531720004021
2451,4391625.0,0.18136176636548842
2452,4391685.0,0.18102669709837807
2453,4391745.0,0.18061185077965616
2454,4391805.0,0.18030662140819956
2455,4391865.0,0.18009491313888512
2456,4391925.0,0.18034706266983838
2457,4391985.0,0.1801206772824839
2458,4392045.0,0.1816158032876112
2459,4392105.0,0.1827239980895666
2460,4392165.0,0.18356378686712607
2461,4392225.0,0.18319379194199223
2462,4392285.0,0.1827650887286603
2463,4392345.0,0.1822612125402782
2464,4392405.0,0.18185243803696569
2465,4392465.0,0.18108783159584166
2466,4392525.0,0.18031201997796262
2467,4392585.0,0.1794903967847156
2468,4392645.0,0.17866443077368258
2469,4392705.0,0.17780745527541356
2470,4392765.0,0.17693890136844528
2471,4392825.0,0.17642301426378423
2472,4392885.0,0.17603817503828953
2473,4392945.0,0.17586633334061294
2474,4393005.0,0.1759312099393869
2475,4393065.0,0.1758674328059249
2476,4393125.0,0.17565877292557444
2477,4393185.0,0.17648998679005493
2478,4393245.0,0.1773824191125374
2479,4393305.0,0.17818767215465495
2480,4393365.0,0.17896333794348987
2481,4393425.0,0.179625607545878
2482,4393485.0,0.1802074639446906
2483,4393545.0,0.18097374660574247
2484,4393605.0,0.18188851593626257
2485,4393665.0,0.182834906099716
2486,4393725.0,0.18387447539712168
2487,4393785.0,0.185065621237782
2488,4393845.0,0.18613432528858562
2489,4393905.0,0.1872341337360783
2490,4393965.0,0.18825311742924325
2491,4394025.0,0.18935521748885462
2492,4394085.0,0.19048394363723417
2493,4394145.0,0.19179017645810206
2494,4394205.0,0.1932514540864951
2495,4394265.0,0.1950238640795098
2496,4394325.0,0.19665567885405902
2497,4394385.0,0.19798297711435428
2498,4394445.0,0.20011253998288112
2499,4394505.0,0.20207429754955727
2500,4394565.0,0.20389015241267458
2501,4394625.0,0.20568074509621218
2502,4394685.0,0.2075132905771032
2503,4394745.0,0.209351540991268
2504,4394805.0,0.2113548231328525
2505,4394865.0,0.2133664391480282
2506,4394925.0,0.2153524073934712
2507,4394985.0,0.21737475346672522
2508,4395045.0,0.21940012451296334
2509,4395105.0,0.22153465741372888
2510,4395165.0,0.2235504898905281
2511,4395225.0,0.22561024073397332
2512,4395285.0,0.2276499102487575
2513,4395345.0,0.22968875781187123
2514,4395405.0,0.23173757689720767
2515,4395465.0,0.23384052561339322
2516,4395525.0,0.23599219662767326
2517,4395585.0,0.23541436609937041
2518,4395645.0,0.23644893525184904
2519,4395705.0,0.2376865192697065
2520,4395765.0,0.23873928697850647
2521,4395825.0,0.24170496505717035
2522,4395888.0,0.24460530758298657
2523,4395945.0,0.24738396814767397
2524,4396005.0,0.25022302768755866
2525,4396065.0,0.2530824404901245
2526,4396125.0,0.2559595879321578
2527,4396185.0,0.2587721208628908
2528,4396245.0,0.26127915914153854
2529,4396305.0,0.2640029198796171
2530,4396365.0,0.26627387376368594
2531,4396425.0,0.268697279116645
2532,4396485.0,0.27088931477574685
2533,4396545.0,0.2732769715624215
2534,4396605.0,0.2756213373442573
2535,4396665.0,0.27798152284399613
2536,4396725.0,0.27827313571828405
2537,4396785.0,0.2794655709781254
2538,4396845.0,0.2805831533794396
2539,4396905.0,0.28176595074277333
2540,4396965.0,0.28415740715977933
2541,4397025.0,0.28622177018864803
2542,4397085.0,0.2882209576217194
2543,4397145.0,0.2901426910195639
2544,4397205.0,0.29215136123619834
2545,4397265.0,0.2941178738788074
2546,4397325.0,0.296092956570571
2547,4397385.0,0.2980893510134037
2548,4397445.0,0.2997085776902182
2549,4397505.0,0.30127565641740595
2550,4397565.0,0.3026432769656662
2551,4397625.0,0.3040862895895602
2552,4397685.0,0.30558453426010124
2553,4397745.0,0.30713651898685757
2554,4397805.0,0.306589620161707
2555,4397865.0,0.3066268334779624
2556,4397925.0,0.30691186348662813
2557,4397985.0,0.30870684137205107
2558,4398045.0,0.310446257542374
2559,4398105.0,0.31228213214972533
2560,4398165.0,0.31399918852869046
2561,4398225.0,0.31572426610524473
2562,4398285.0,0.31759127483931693
2563,4398345.0,0.3194560394172512
2564,4398405.0,0.32107363499170105
2565,4398465.0,0.3226035477275463
2566,4398525.0,0.3243273604255754
2567,4398585.0,0.3259132107874032
2568,4398645.0,0.32740547528061126
2569,4398705.0,0.328933373882747
2570,4398765.0,0.3293281693226635
2571,4398825.0,0.33000967772974266
2572,4398888.0,0.3305446096614836
2573,4398948.0,0.3309234667685793
2574,4399005.0,0.33126119809487353
2575,4399065.0,0.3330924145638051
2576,4399125.0,0.3348159031102852
2577,4399185.0,0.3364489115026337
2578,4399245.0,0.3378976442550169
2579,4399305.0,0.33944207976422824
2580,4399365.0,0.3411417062372576
2581,4399425.0,0.34269582168552815
2582,4399485.0,0.3429141889632016
2583,4399545.0,0.343288201747575
2584,4399605.0,0.34373349069952497
2585,4399665.0,0.34430553065974967
2586,4399725.0,0.3450350577798367
2587,4399785.0,0.34564858880517824
2588,4399845.0,0.3460968084615821
2589,4399905.0,0.34654238057591835
2590,4399965.0,0.3470143292818003
2591,4400025.0,0.34749539923268047
2592,4400085.0,0.3478909870185055
2593,4400145.0,0.3481653538840158
2594,4400205.0,0.3484108945218899
2595,4400265.0,0.3483919744840803
2596,4400325.0,0.3484369235590181
2597,4400385.0,0.3486055253256357
2598,4400445.0,0.3488759901163664
2599,4400505.0,0.34894475752426135
2600,4400565.0,0.3486228640700543
2601,4400625.0,0.34872177920856784
2602,4400685.0,0.3488336758091043
2603,4400745.0,0.3488281975833015
2604,4400805.0,0.34905299515302635
2605,4400865.0,0.3492759781223779
2606,4400925.0,0.34936357625123615
2607,4400985.0,0.34949870641184433
2608,4401045.0,0.34946995366939115
2609,4401105.0,0.34948057224701656
2610,4401165.0,0.3494776016724427
2611,4401225.0,0.34943104165882144
2612,4401285.0,0.34933854190547386
2613,4401345.0,0.34924619030834536
2614,4401405.0,0.34904006746110616
2615,4401465.0,0.3489066990001002
2616,4401525.0,0.34877480286017115
2617,4401585.0,0.3487761009030438
2618,4401645.0,0.34881346085526255
2619,4401705.0,0.34889688866416113
2620,4401765.0,0.34893710294050895
2621,4401825.0,0.3491009664170197
2622,4401885.0,0.34925138240469933
2623,4401945.0,0.34943463494493276
2624,4402005.0,0.3491555242638936
2625,4402065.0,0.35158284641602255
2626,4402125.0,0.35400284783875935
2627,4402185.0,0.35635739016787915
2628,4402245.0,0.3587780523891342
2629,4402305.0,0.36121890294928083
2630,4402365.0,0.3636655598223829
2631,4402425.0,0.3656913269406884
2632,4402485.0,0.367649945958172
2633,4402545.0,0.3696571140271442
2634,4402605.0,0.3716096105836172
2635,4402665.0,0.3734458669795221
2636,4402725.0,0.37483905228746506
2637,4402785.0,0.37664435837434795
2638,4402845.0,0.37661416713848483
2639,4402908.0,0.3769563117378818
2640,4402965.0,0.3775395253951458
2641,4403025.0,0.37936235906701976
2642,4403085.0,0.3811914209502115
2643,4403145.0,0.38307162120929383
2644,4403205.0,0.38484051963827803
2645,4403265.0,0.3869020591888457
2646,4403325.0,0.3889924365962346
2647,4403385.0,0.3912190135143593
2648,4403445.0,0.39346552958236436
2649,4403505.0,0.39572116801243895
2650,4403565.0,0.39798905132813744
2651,4403625.0,0.39992088732897135
2652,4403685.0,0.40171999278797565
2653,4403745.0,0.40331367383708217
2654,4403805.0,0.4046593000293758
2655,4403865.0,0.40609705546903785
2656,4403925.0,0.407578427941634
2657,4403985.0,0.4079842201138505
2658,4404045.0,0.4083342416870469
2659,4404105.0,0.40878235941128194
2660,4404165.0,0.4092846969894349
2661,4404225.0,0.40835827587417795
2662,4404285.0,0.4073776043658418
2663,4404345.0,0.406300416176404
2664,4404405.0,0.40516353292116036
2665,4404465.0,0.40416508340935153
2666,4404525.0,0.4032026121503718
2667,4404585.0,0.4020620075233452
2668,4404645.0,0.40131812405340683
2669,4404705.0,0.40014317041370717
2670,4404765.0,0.3989145829943722
2671,4404825.0,0.3975433563433314
2672,4404885.0,0.3961044939758587
2673,4404945.0,0.39453986389690565
2674,4405005.0,0.3928823954556172
2675,4405065.0,0.39098634695937584
2676,4405125.0,0.3892702902519596
2677,4405185.0,0.3878478475647865
2678,4405245.0,0.3856010359257366
2679,4405305.0,0.3835151410584129
2680,4405365.0,0.3815777925242102
2681,4405425.0,0.37964411989437485
2682,4405485.0,0.3776724383294473
2683,4405545.0,0.3757005215393203
2684,4405605.0,0.3735745046865616
2685,4405665.0,0.37140313107529177
2686,4405725.0,0.3692470235363008
2687,4405785.0,0.36705200410497674
2688,4405845.0,0.3648958073900631
2689,4405905.0,0.3626690594416976
2690,4405965.0,0.3605517574595348
2691,4406025.0,0.3584009238223931
2692,4406085.0,0.35627728951700977
2693,4406145.0,0.35415426161202723
2694,4406205.0,0.3520260120504203
2695,4406265.0,0.34981167326946205
2696,4406325.0,0.34752965989706885
2697,4406385.0,0.34529740438372236
2698,4406445.0,0.3431592654108152
2699,4406505.0,0.3409448784045399
2700,4406565.0,0.33869758586294463
2701,4406625.0,0.3364618428972669
2702,4406685.0,0.33429016462699646
2703,4406745.0,0.33221145621109593
2704,4406805.0,0.3300853162171836
2705,4406865.0,0.32795244869289386
2706,4406925.0,0.32584134377068696
2707,4406985.0,0.32380922209798235
2708,4407045.0,0.3220787452395585
2709,4407105.0,0.3201462266225795
2710,4407165.0,0.31818768653622487
2711,4407225.0,0.3159203455122642
2712,4407285.0,0.31373935350853366
2713,4407345.0,0.3113505774796623
2714,4407405.0,0.3090472571941789
2715,4407465.0,0.30679420087771103
2716,4407525.0,0.30470510481591595
2717,4407585.0,0.3025720228459192
2718,4407645.0,0.300523860260964
2719,4407705.0,0.2981655055232797
2720,4407765.0,0.29650467945206904
2721,4407825.0,0.29516753207535695
2722,4407885.0,0.29388835063878727
2723,4407945.0,0.2926893750036589
2724,4408005.0,0.2914445285296333
2725,4408065.0,0.2902669894138111
2726,4408125.0,0.2890804328993912
2727,4408185.0,0.28787499941199635
2728,4408245.0,0.28668232602931354
2729,4408305.0,0.28538206684694645
2730,4408365.0,0.28413398312336946
2731,4408425.0,0.2827626341404835
2732,4408485.0,0.281366719029717
2733,4408545.0,0.2799206293673605
2734,4408605.0,0.27849668599941035
2735,4408665.0,0.2770910986707863
2736,4408725.0,0.2756887941729592
2737,4408785.0,0.27420034468525956
2738,4408845.0,0.2727499763798611
2739,4408905.0,0.27135809728621507
2740,4408965.0,0.2699453464698349
2741,4409028.0,0.2684671080258809
2742,4409085.0,0.26696919207532566
2743,4409145.0,0.2655268806350698
2744,4409205.0,0.26408121300902276
2745,4409265.0,0.26271673264229267
2746,4409325.0,0.2612886054204021
2747,4409385.0,0.25989264934733025
2748,4409445.0,0.2584834239589163
2749,4409505.0,0.25702682822364775
2750,4409565.0,0.25555466694993834
2751,4409625.0,0.2539852936165805
2752,4409685.0,0.25248191507821216
2753,4409745.0,0.25095488198203375
2754,4409805.0,0.2493834577819765
2755,4409865.0,0.24778786130899663
2756,4409925.0,0.246243700648644
2757,4409985.0,0.24469348512042458
2758,4410045.0,0.24320110560474353
2759,4410105.0,0.24167525018207162
2760,4410165.0,0.24010069292870648
2761,4410225.0,0.23859421068391887
2762,4410285.0,0.2370918667024757
2763,4410345.0,0.23561690670724347
2764,4410405.0,0.23413898872087577
2765,4410468.0,0.23259042261295135
2766,4410525.0,0.23106509034579695
2767,4410585.0,0.2296509826355322
2768,4410645.0,0.228302892314611
2769,4410705.0,0.22691764666327455
2770,4410765.0,0.225530743279958
2771,4410825.0,0.22419152999221872
2772,4410885.0,0.22282855087173106
2773,4410945.0,0.2213762268942259
2774,4411005.0,0.21989479102978135
2775,4411065.0,0.21839531003420395
2776,4411125.0,0.21698583064845703
2777,4411185.0,0.2154693901109769
2778,4411245.0,0.21402681323422404
2779,4411305.0,0.21258808909616247
2780,4411365.0,0.21114111570131547
2781,4411425.0,0.20959726297212353
2782,4411485.0,0.20806583441788487
2783,4411545.0,0.20652085677109114
2784,4411605.0,0.20499532329208067
2785,4411665.0,0.20345284573031117
2786,4411725.0,0.2018894044073495
2787,4411785.0,0.20031036186234583
2788,4411845.0,0.19875669199364335
2789,4411905.0,0.1971623755470068
2790,4411965.0,0.19556918627804618
2791,4412025.0,0.1940300212941876
2792,4412085.0,0.19252086557459583
2793,4412145.0,0.19099758413592252
2794,4412205.0,0.18951144154587543
2795,4412265.0,0.18794208330088916
2796,4412325.0,0.18634779002943677
2797,4412385.0,0.18465620852923312
2798,4412445.0,0.18301544012011542
2799,4412505.0,0.18135126780144253
2800,4412565.0,0.17972470104247015
2801,4412625.0,0.1779969153418212
2802,4412685.0,0.17627207635267625
2803,4412748.0,0.1745950414028867
2804,4412805.0,0.1729502453581119
2805,4412865.0,0.17126387512020727
2806,4412925.0,0.16957177861736258
2807,4412985.0,0.1679582015857726
2808,4413045.0,0.1662809902193623
2809,4413105.0,0.16462021102137922
2810,4413165.0,0.16291875797585
2811,4413225.0,0.16117188054916756
2812,4413285.0,0.15943078415552
2813,4413345.0,0.1577162322022231
2814,4413405.0,0.15594622489409551
2815,4413465.0,0.15417336862908923
2816,4413525.0,0.15237656152700899
2817,4413585.0,0.15061981703220587
2818,4413645.0,0.14894732652298068
2819,4413705.0,0.1472757040421386
2820,4413765.0,0.14563981007598611
2821,4413825.0,0.1439680236891018
2822,4413885.0,0.1423586899125571
2823,4413945.0,0.14077952763689353
2824,4414005.0,0.13921992079091053
2825,4414065.0,0.1377361389561639
2826,4414125.0,0.1362180644292376
2827,4414185.0,0.1345922948707536
2828,4414245.0,0.13295011977654067
2829,4414305.0,0.1313252791595029
2830,4414365.0,0.12969034091588252
2831,4414425.0,0.12805396953317247
2832,4414485.0,0.12644071568122708
2833,4414545.0,0.12481222222698471
2834,4414605.0,0.12315861362728911
2835,4414665.0,0.12152419056912236
2836,4414725.0,0.12000473698542422
2837,4414785.0,0.11852332461714102
2838,4414845.0,0.11703696007191708
2839,4414905.0,0.11554637967665585
2840,4414965.0,0.1140100612330053
2841,4415025.0,0.1139669206011
2842,4415085.0,0.11406047884968026
2843,4415145.0,0.11408434825677019
2844,4415205.0,0.11403998145249775
2845,4415265.0,0.11382613269250466
2846,4415325.0,0.11347268390561774
2847,4415385.0,0.1131167143945476
2848,4415445.0,0.11249295407501
2849,4415505.0,0.11226895357675118
2850,4415565.0,0.11217359298816434
2851,4415625.0,0.11214922315716255
2852,4415685.0,0.1121017635635331
2853,4415745.0,0.11204491738625696
2854,4415805.0,0.11188660973739914
2855,4415865.0,0.11161235058900712
2856,4415925.0,0.11131060471303658
2857,4415985.0,0.11101840834890106
2858,4416045.0,0.1107785106342821
2859,4416105.0,0.11054342142149423
2860,4416165.0,0.11032904298752236
2861,4416225.0,0.110208561154049
2862,4416285.0,0.11008500354137338
2863,4416345.0,0.11007119419638292
2864,4416405.0,0.10991117909947781
2865,4416465.0,0.10976682598966966
2866,4416525.0,0.10966311695018019
2867,4416585.0,0.10956533301003188
2868,4416645.0,0.10944310462167464
2869,4416705.0,0.10932120224237293
2870,4416765.0,0.10919686672870135
2871,4416825.0,0.10912153451903475
2872,4416885.0,0.10904660234506794
2873,4416945.0,0.1089604276155541
2874,4417005.0,0.10888041074188617
2875,4417065.0,0.10879245179876576
2876,4417125.0,0.10869400394708859
2877,4417185.0,0.10858734691130692
2878,4417245.0,0.10847483529290045
2879,4417305.0,0.1083640994753868
2880,4417365.0,0.10825288828673749
2881,4417428.0,0.10814246697562271
2882,4417485.0,0.10800856688624513
2883,4417545.0,0.10787242747629225
2884,4417605.0,0.10772092217940774
2885,4417665.0,0.10755085899232517
2886,4417725.0,0.1073691849036075
2887,4417785.0,0.10717347812430608
2888,4417845.0,0.10698554712311084
2889,4417905.0,0.10678541417656681
2890,4417965.0,0.10656935277723098
2891,4418025.0,0.10635852326242326
2892,4418085.0,0.10613104576574353
2893,4418145.0,0.10588429293648619
2894,4418205.0,0.1056459044011632
2895,4418265.0,0.1054010537554855
2896,4418325.0,0.10516451302196131
2897,4418385.0,0.10491742870385987
2898,4418445.0,0.10468216054466514
2899,4418505.0,0.10446048523162885
2900,4418565.0,0.10421754537104314
2901,4418625.0,0.1039682271601374
2902,4418685.0,0.10372951328925847
2903,4418745.0,0.10348254457298026
2904,4418805.0,0.10324206025584168
2905,4418865.0,0.1029952093891485
2906,4418925.0,0.10275176995521737
2907,4418985.0,0.10249926016060754
2908,4419045.0,0.10225175650838966
2909,4419105.0,0.10202539370736344
2910,4419165.0,0.10181575077839258
2911,4419225.0,0.1016323493490571
2912,4419285.0,0.10142795910473787
2913,4419345.0,0.10121520605607345
2914,4419405.0,0.10101173983721382
2915,4419465.0,0.10079696065589047
2916,4419525.0,0.10059872316590393
2917,4419585.0,0.10039763846809582
2918,4419645.0,0.10020921501420058
2919,4419705.0,0.1000274552874604
2920,4419765.0,0.09980606291581087
2921,4419825.0,0.09958215358858288
2922,4419885.0,0.09933275172628528
2923,4419945.0,0.09909629773658865
2924,4420008.0,0.09884376915661533
2925,4420065.0,0.0985471558444316
2926,4420125.0,0.0982666211284248
2927,4420185.0,0.09793663994631965
2928,4420245.0,0.09760476150254069
2929,4420305.0,0.09731276893947474
2930,4420365.0,0.09701917236766336
2931,4420425.0,0.09673859434461621
2932,4420485.0,0.09645442495737691
2933,4420545.0,0.09620571826905724
2934,4420605.0,0.09596316072704628
2935,4420665.0,0.09570948661222842
2936,4420725.0,0.09546994480761609
2937,4420785.0,0.09520666365117744
2938,4420845.0,0.09494862431197373
2939,4420905.0,0.09466786497753968
2940,4420965.0,0.09432984755751814
2941,4421025.0,0.09398143001987821
2942,4421085.0,0.09362626762205487
2943,4421145.0,0.09328379273737972
2944,4421205.0,0.09293010035495516
2945,4421265.0,0.0925648699395564
2946,4421325.0,0.09219267158678976
2947,4421385.0,0.09178758834332226
2948,4421445.0,0.09138320025161098
2949,4421505.0,0.09100257809024462
2950,4421565.0,0.09061305576235498
2951,4421625.0,0.09021568411835937
2952,4421685.0,0.08989876814862444
2953,4421745.0,0.08967451511974542
2954,4421805.0,0.08959209734315995
2955,4421865.0,0.08958296414068831
2956,4421925.0,0.08942207774028924
2957,4421985.0,0.089187833003146
2958,4422045.0,0.08887574036357446
2959,4422105.0,0.0885594903515001
2960,4422165.0,0.08825457837408143
2961,4422225.0,0.08792710765919101
2962,4422285.0,0.0876199873346217
2963,4422345.0,0.08729482070111186
2964,4422405.0,0.08697472683061017
2965,4422465.0,0.08665855835069805
2966,4422525.0,0.08634423524969795
2967,4422585.0,0.08601219709932831
2968,4422645.0,0.08566602383989122
2969,4422705.0,0.08531066366623533
2970,4422765.0,0.08496668867511095
2971,4422825.0,0.084585856553235
2972,4422885.0,0.08419202864071576
2973,4422945.0,0.08380857258643384
2974,4423005.0,0.08344897440321489
2975,4423065.0,0.08312299287692146
2976,4423125.0,0.08281675231790761
2977,4423185.0,0.08253652337505427
2978,4423245.0,0.08226060316620268
2979,4423305.0,0.08200748175878711
2980,4423365.0,0.08176083002546478
2981,4423425.0,0.0814923529881311
2982,4423485.0,0.08122561279588716
2983,4423545.0,0.08092716018779714
2984,4423605.0,0.08061478775403744
2985,4423665.0,0.08030213218839413
2986,4423725.0,0.08001907864473443
2987,4423785.0,0.07972572064418657
2988,4423845.0,0.07943503545467931
2989,4423905.0,0.07912587032303345
2990,4423965.0,0.07883297581158524
2991,4424025.0,0.07853597753552813
2992,4424085.0,0.07825047985951164
2993,4424145.0,0.07799273096602446
2994,4424205.0,0.07774741100636554
2995,4424265.0,0.07752004109994995
2996,4424325.0,0.07731944093417206
2997,4424385.0,0.07712883665861572
2998,4424445.0,0.07696343253238422
2999,4424505.0,0.0768080385239083
3000,4424565.0,0.07663559681902635
3001,4424625.0,0.07646009195950346
3002,4424685.0,0.07627515118932451
3003,4424745.0,0.07608122169345174
3004,4424805.0,0.07588208830756096
3005,4424865.0,0.0757024442510855
3006,4424925.0,0.07554261403399135
3007,4424985.0,0.07537930208862717
3008,4425045.0,0.07521705277777471
3009,4425105.0,0.07503946708615875
3010,4425165.0,0.07489769398532761
3011,4425225.0,0.07473842564191505
3012,4425285.0,0.0746003819523138
3013,4425345.0,0.07446305373991777
3014,4425405.0,0.0743504507848238
3015,4425465.0,0.07424307737163457
3016,4425525.0,0.07412024868595732
3017,4425585.0,0.0739978385494339
3018,4425645.0,0.07383881614033824
3019,4425705.0,0.07365350973484106
3020,4425765.0,0.07349088941503493
3021,4425825.0,0.07335439921273593
3022,4425885.0,0.07323234946574594
3023,4425945.0,0.07309278975873493
3024,4426005.0,0.07291469668427916
3025,4426065.0,0.07273586634976112
3026,4426125.0,0.07256551289658839
3027,4426185.0,0.07241971876783884
3028,4426245.0,0.07228138056197816
3029,4426305.0,0.07212993494097966
3030,4426365.0,0.07198766695437778
3031,4426425.0,0.07185264967044305
3032,4426485.0,0.0717646204329517
3033,4426545.0,0.07162381296174333
3034,4426605.0,0.07153498944017936
3035,4426665.0,0.07147440417322062
3036,4426725.0,0.07142616308089553
3037,4426785.0,0.07136177169304328
3038,4426845.0,0.0712557598492373
3039,4426905.0,0.07113352447927887
3040,4426965.0,0.07097888742837646
3041,4427025.0,0.07076360094531933
3042,4427085.0,0.0705161101087726
3043,4427145.0,0.07015823843938782
3044,4427205.0,0.06996101951933079
3045,4427265.0,0.06976477323290978
3046,4427325.0,0.06954460991042719
3047,4427385.0,0.06931400054912187
3048,4427445.0,0.06910524419423467
3049,4427505.0,0.06889634245792556
3050,4427565.0,0.06866817744094209
3051,4427625.0,0.06840844200357019
3052,4427685.0,0.06812438106899668
3053,4427745.0,0.0678419528713389
3054,4427805.0,0.06754673066151742
3055,4427865.0,0.06726190300105475
3056,4427925.0,0.06699435208436064
3057,4427985.0,0.06673250387470966
3058,4428045.0,0.06648137892869246
3059,4428105.0,0.06622648465266731
3060,4428165.0,0.06596690379145473
3061,4428225.0,0.06572600069857973
3062,4428285.0,0.06550049931406979
3063,4428345.0,0.0652914253798633
3064,4428405.0,0.06509268449207586
3065,4428465.0,0.06490380106017099
3066,4428525.0,0.06472392562318743
3067,4428585.0,0.06454260411250454
3068,4428645.0,0.06435526685805418
3069,4428705.0,0.0641493991519271
3070,4428765.0,0.06396463611450612
3071,4428825.0,0.06379344790541344
3072,4428885.0,0.06365633563503079
3073,4428945.0,0.06355726434158845
3074,4429005.0,0.06345862392632926
3075,4429065.0,0.06335379961401924
3076,4429125.0,0.06323520122467277
3077,4429185.0,0.06306829076085421
3078,4429245.0,0.06287513746193843
3079,4429305.0,0.06269154799902635
3080,4429365.0,0.06253588567330551
3081,4429425.0,0.06240378403321031
3082,4429485.0,0.06225088922886604
3083,4429545.0,0.062084840622123355
3084,4429605.0,0.061912105176846116
3085,4429665.0,0.061757585915723584
3086,4429725.0,0.06160437150920198
3087,4429785.0,0.06144474494066973
3088,4429845.0,0.061272928777390795
3089,4429905.0,0.06108680492006455
3090,4429965.0,0.06088365470833082
3091,4430025.0,0.0606555614923093
3092,4430085.0,0.06044499157161595
3093,4430145.0,0.06022826890989966
3094,4430205.0,0.06001408444808223
3095,4430265.0,0.0598038179946557
3096,4430325.0,0.05958176644350224
3097,4430385.0,0.059355765535729216
3098,4430445.0,0.05912261574637026
3099,4430505.0,0.05889536864520342
3100,4430568.0,0.05872746559432271
3101,4430625.0,0.05855202838340065
3102,4430685.0,0.05840564197129364
3103,4430745.0,0.05826435237468916
3104,4430805.0,0.0581805165100622
3105,4430865.0,0.05816997339480501
3106,4430925.0,0.05817213032211127
3107,4430985.0,0.05817872460733167
3108,4431045.0,0.058125006182727035
3109,4431105.0,0.05801749825135702
3110,4431165.0,0.05786795450173615
3111,4431225.0,0.057695278540103145
3112,4431285.0,0.0575165815675657
3113,4431345.0,0.05731469140101478
3114,4431408.0,0.057095194807645105
3115,4431465.0,0.05689333904274216
3116,4431525.0,0.05669029847216314
3117,4431585.0,0.05652461785220711
3118,4431645.0,0.05635968491394169
3119,4431705.0,0.05621766913592707
3120,4431765.0,0.05611797128199461
3121,4431825.0,0.05601952159439552
3122,4431885.0,0.05594530031209885
3123,4431945.0,0.05584327029989153
3124,4432005.0,0.05576294913743826
3125,4432065.0,0.0556909489457417
3126,4432125.0,0.055614686130989105
3127,4432185.0,0.05556588101635637
3128,4432245.0,0.0555192738984355
3129,4432305.0,0.05546753445800154
3130,4432365.0,0.05545053070890835
3131,4432425.0,0.05547815226384997
3132,4432485.0,0.05546943098879803
3133,4432545.0,0.055420269173408615
3134,4432605.0,0.05525183651258922
3135,4432665.0,0.05500993752543806
3136,4432725.0,0.05487456336664254
3137,4432785.0,0.05477404251832588
3138,4432845.0,0.054718489644488305
3139,4432905.0,0.05465147801127809
3140,4432965.0,0.054585418995423546
3141,4433025.0,0.054514826080784534
3142,4433085.0,0.05444810677040962
3143,4433145.0,0.054380748295964954
3144,4433205.0,0.054329896173200554
3145,4433265.0,0.05429432782712254
3146,4433325.0,0.054269860087969496
3147,4433385.0,0.05427133437036444
3148,4433445.0,0.054290676736970384
3149,4433505.0,0.054332439354247725
3150,4433565.0,0.054378617824562686
3151,4433625.0,0.054462026348644416
3152,4433685.0,0.05457529568994615
3153,4433745.0,0.054692143956603295
3154,4433808.0,0.054788774799854556
3155,4433865.0,0.05484837910375098
3156,4433925.0,0.05486893355434605
3157,4433988.0,0.05486788830261349
3158,4434045.0,0.05485227228286543
3159,4434105.0,0.05481701058813507
3160,4434165.0,0.05478111574725214
3161,4434225.0,0.05474168141800814
3162,4434285.0,0.05471452213931097
3163,4434345.0,0.05469768764150165
3164,4434405.0,0.05468958461076148
3165,4434465.0,0.05471963361569185
3166,4434525.0,0.05474548126800269
3167,4434585.0,0.05479802686250826
3168,4434645.0,0.054853833926494094
3169,4434705.0,0.05491075291282879
3170,4434765.0,0.05496464258920089
3171,4434825.0,0.05495952236749743
3172,4434885.0,0.05493490183227487
3173,4434945.0,0.054890618545314324
3174,4435005.0,0.05482174279210342
3175,4435065.0,0.05472540687243896
3176,4435125.0,0.05457031518251601
3177,4435185.0,0.054421736571379914
3178,4435245.0,0.05427531980276212
3179,4435305.0,0.05413190836247636
3180,4435365.0,0.05400558976279582
3181,4435425.0,0.053885697190620335
3182,4435485.0,0.05377803887652963
3183,4435545.0,0.05367428803839988
3184,4435605.0,0.053592614032705266
3185,4435665.0,0.0535369441505803
3186,4435725.0,0.053481572709484365
3187,4435785.0,0.053430426214727406
3188,4435845.0,0.05338653558042031
3189,4435905.0,0.05335029286442827
3190,4435965.0,0.05329928172091494
3191,4436025.0,0.05324921952354894
3192,4436085.0,0.05316488298868863
3193,4436145.0,0.0530915215480712
3194,4436205.0,0.05299319267296118
3195,4436265.0,0.05291630336363337
3196,4436325.0,0.05285020216519257
3197,4436385.0,0.05275009931121502
3198,4436445.0,0.05266972946313428
3199,4436505.0,0.05259135930069386
3200,4436565.0,0.052523175292284535
3201,4436625.0,0.0524368962519588
3202,4436685.0,0.052347038978205945
3203,4436745.0,0.052265604484759504
3204,4436805.0,0.05218621250427591
3205,4436865.0,0.05212703281746581
3206,4436925.0,0.05209561413984112
3207,4436985.0,0.05206752232896489
3208,4437048.0,0.05203059486330905
3209,4437105.0,0.051986351874882514
3210,4437165.0,0.051947074629407036
3211,4437225.0,0.051895666525905965
3212,4437285.0,0.0518689717720803
3213,4437345.0,0.051855399191076956
3214,4437405.0,0.05183670870240151
3215,4437465.0,0.0518418722180059
3216,4437525.0,0.05183155879187082
3217,4437585.0,0.05182841270516972
3218,4437645.0,0.05182939051256841
3219,4437705.0,0.0518544458275331
3220,4437765.0,0.051909584656032376
3221,4437825.0,0.051945548033541705
3222,4437885.0,0.05198113294718851
3223,4437945.0,0.051980826437343614
3224,4438005.0,0.05195158733749236
3225,4438065.0,0.051935852182065895
3226,4438125.0,0.051910825182910986
3227,4438185.0,0.05188646499106539
3228,4438245.0,0.051862344679977496
3229,4438305.0,0.05186594013888629
3230,4438365.0,0.05190840049394316
3231,4438425.0,0.0519488853737817
3232,4438485.0,0.05200151530463301
3233,4438548.0,0.05204159559787794
3234,4438605.0,0.05208370819020758
3235,4438665.0,0.05210924993411234
3236,4438725.0,0.05212614173936367
3237,4438785.0,0.05213722129520143
3238,4438845.0,0.052126446181532116
3239,4438905.0,0.05210650420543736
3240,4438965.0,0.052077259166012885
3241,4439025.0,0.052036098410140924
3242,4439085.0,0.05200471627194733
3243,4439145.0,0.051992027442473276
3244,4439205.0,0.05199813706392606
3245,4439265.0,0.05202605826445095
3246,4439325.0,0.052043607177050394
3247,4439385.0,0.05208456198627806
3248,4439445.0,0.05210248920075905
3249,4439505.0,0.0521331792536415
3250,4439565.0,0.052142793246873265
3251,4439625.0,0.05211643963267196
3252,4439685.0,0.05201835268082014
3253,4439745.0,0.05189020455131296
3254,4439805.0,0.051772870000797055
3255,4439865.0,0.051682533465516406
3256,4439925.0,0.05161080023545342
3257,4439985.0,0.051612683053747915
3258,4440045.0,0.0516470098524508
3259,4440105.0,0.05171470897242644
3260,4440165.0,0.05180296199822018
3261,4440225.0,0.0519018366145598
3262,4440285.0,0.05201547003046905
3263,4440345.0,0.052136497284247546
3264,4440405.0,0.052235829690918556
3265,4440465.0,0.05228991215533049
3266,4440525.0,0.05231979329690137
3267,4440585.0,0.05233263604312596
3268,4440645.0,0.052327106417318636
3269,4440705.0,0.05232670298597053
3270,4440765.0,0.05233263640147054
3271,4440825.0,0.05236048316444783
3272,4440885.0,0.052395429603841165
3273,4440945.0,0.05245409367452372
3274,4441005.0,0.05254726434365195
3275,4441065.0,0.05267303284834371
3276,4441125.0,0.052813746867248185
3277,4441185.0,0.052960052628984206
3278,4441245.0,0.053092557401006046
3279,4441305.0,0.0531782069190683
3280,4441365.0,0.05317753721000104
3281,4441425.0,0.053151673567714885
3282,4441485.0,0.05311434877960283
3283,4441545.0,0.053080153493233445
3284,4441608.0,0.05299446335148622
3285,4441665.0,0.05282214437295332
3286,4441725.0,0.05261482693743488
3287,4441785.0,0.05245912332359973
3288,4441845.0,0.052368141511679706
3289,4441905.0,0.05232043514371834
3290,4441965.0,0.05231546646924182
3291,4442025.0,0.05235084670755116
3292,4442085.0,0.052441461349513246
3293,4442145.0,0.05256608243446234
3294,4442205.0,0.0526940845896767
3295,4442265.0,0.052793428591107056
3296,4442325.0,0.05288490809640575
3297,4442385.0,0.052931183320042874
3298,4442445.0,0.05293753276810914
3299,4442505.0,0.052925721285610045
3300,4442565.0,0.05290240047522002
3301,4442625.0,0.05286475643131147
3302,4442685.0,0.05282120500642759
3303,4442745.0,0.05280374553240083
3304,4442805.0,0.0527833492363842
3305,4442865.0,0.05279543684737034
3306,4442925.0,0.0528408936350766
3307,4442985.0,0.052887923041009616
3308,4443045.0,0.05293519149141987
3309,4443105.0,0.052973555876167394
3310,4443165.0,0.05299337126859918
3311,4443225.0,0.0529794842940636
3312,4443285.0,0.05294194675410316
3313,4443345.0,0.05288411130735457
3314,4443405.0,0.052807554046793076
3315,4443465.0,0.05272270842352203
3316,4443525.0,0.052626090425391486
3317,4443585.0,0.052572232837951344
3318,4443645.0,0.0525400428611717
3319,4443705.0,0.05251385002563619
3320,4443765.0,0.05249694794150925
3321,4443825.0,0.052492080858371426
3322,4443885.0,0.05248836191554096
3323,4443945.0,0.05251153296010727
3324,4444005.0,0.05255206067529386
3325,4444065.0,0.05261021459963389
3326,4444125.0,0.05269997349325145
3327,4444185.0,0.0527626652853255
3328,4444245.0,0.05280164831867826
3329,4444305.0,0.052799977456894825
3330,4444365.0,0.05278007251713812
3331,4444425.0,0.052720496790800014
3332,4444485.0,0.052641908629023154
3333,4444545.0,0.05256850059451859
3334,4444605.0,0.05250350700133691
3335,4444665.0,0.05250028138717547
3336,4444725.0,0.05256047882440393
3337,4444785.0,0.052643940618267826
3338,4444845.0,0.05273343576885997
3339,4444905.0,0.052827689282289286
3340,4444965.0,0.0528919773800455
3341,4445025.0,0.05289666141785912
3342,4445085.0,0.052876996066058723
3343,4445145.0,0.05285674463529669
3344,4445205.0,0.052840023235779604
3345,4445265.0,0.05279676370096226
3346,4445325.0,0.0527198261196504
3347,4445385.0,0.05261846871949241
3348,4445445.0,0.05251107717661643
3349,4445505.0,0.05239504069213821
3350,4445565.0,0.05230641559077945
3351,4445625.0,0.05228745495893547
3352,4445685.0,0.05224623249002347
3353,4445745.0,0.05219223626610206
3354,4445805.0,0.05213755084093816
3355,4445865.0,0.05211932074392234
3356,4445925.0,0.05212123613723066
3357,4445985.0,0.052126970845031734
3358,4446045.0,0.052158352365061306
3359,4446105.0,0.052237303634803944
3360,4446165.0,0.05232935126299962
3361,4446228.0,0.052422376858007574
3362,4446285.0,0.05250655367241522
3363,4446345.0,0.05256791138146774
3364,4446405.0,0.052596389098113455
3365,4446465.0,0.05261305422009263
3366,4446525.0,0.05262712511611897
3367,4446585.0,0.052647527755796564
3368,4446645.0,0.0526864530840844
3369,4446705.0,0.05276402804606503
3370,4446765.0,0.052852885526482124
3371,4446825.0,0.05296559338753676
3372,4446885.0,0.05308756001252743
3373,4446945.0,0.053134678081451586
3374,4447005.0,0.05312112837987615
3375,4447065.0,0.05306023572366844
3376,4447125.0,0.05299300036557844
3377,4447185.0,0.052959266042895664
3378,4447245.0,0.052934283265266974
3379,4447305.0,0.05292977377703714
3380,4447365.0,0.05295648433948452
3381,4447425.0,0.0530347115964073
3382,4447485.0,0.053128174963764846
3383,4447545.0,0.05322539318078201
3384,4447605.0,0.05331383005002102
3385,4447665.0,0.05337392745435707
3386,4447725.0,0.05337607506717987
3387,4447785.0,0.05334396209198175
3388,4447845.0,0.05330839650725552
3389,4447905.0,0.053278142591357575
3390,4447965.0,0.05325259419877623
3391,4448025.0,0.05326684963511499
3392,4448088.0,0.053276788091925015
3393,4448145.0,0.053294983504321713
3394,4448205.0,0.05330958774998143
3395,4448265.0,0.05332693931771723
3396,4448325.0,0.05334960239901723
3397,4448385.0,0.05337148993611959
3398,4448445.0,0.05339526643930123
3399,4448505.0,0.053398801025636794
3400,4448565.0,0.05337892507181238
3401,4448625.0,0.05334071814722005
3402,4448685.0,0.05331478704871484
3403,4448745.0,0.05328453889836027
3404,4448805.0,0.05324837529638857
3405,4448865.0,0.05321897005499451
3406,4448925.0,0.05319014545916967
3407,4448985.0,0.05316973510714809
3408,4449045.0,0.05314263434081168
3409,4449105.0,0.053091803257792586
3410,4449165.0,0.05303326076418807
3411,4449225.0,0.05299796213130906
3412,4449285.0,0.052973804505887595
3413,4449345.0,0.05297027591816886
3414,4449405.0,0.052975807880131814
3415,4449465.0,0.05300838252650289
3416,4449525.0,0.053049768727596786
3417,4449585.0,0.05309259750936399
3418,4449645.0,0.05314958722475874
3419,4449705.0,0.053220652421943154
3420,4449765.0,0.05329286795056121
3421,4449825.0,0.05335652312368258
3422,4449885.0,0.053403475795221644
3423,4449945.0,0.05341247415410588
3424,4450005.0,0.053393866903687054
3425,4450068.0,0.05335948597177964
3426,4450125.0,0.05332215360280887
3427,4450185.0,0.05326992773369246
3428,4450245.0,0.05325051287088842
3429,4450305.0,0.05324188675074218
3430,4450368.0,0.05325196846413352
3431,4450425.0,0.053286677431008844
3432,4450485.0,0.053380251705806264
3433,4450545.0,0.05348888331374632
3434,4450605.0,0.05358455184544317
3435,4450665.0,0.05367741282512431
3436,4450725.0,0.053771911112184295
3437,4450785.0,0.053858613076530865
3438,4450845.0,0.05392984293350789
3439,4450905.0,0.053955675427626054
3440,4450965.0,0.05394026252796377
3441,4451028.0,0.053892885426917114
3442,4451085.0,0.05383690654993109
3443,4451145.0,0.05379045224455167
3444,4451205.0,0.053783754986818394
3445,4451265.0,0.05379173426433076
3446,4451325.0,0.053831622182170885
3447,4451385.0,0.05389460590583808
3448,4451445.0,0.05396997530877695
3449,4451505.0,0.05404750912328268
3450,4451565.0,0.0540935127252927
3451,4451625.0,0.05412246374795099
3452,4451685.0,0.054116666941544406
3453,4451745.0,0.054108389552656205
3454,4451805.0,0.05407296222586663
3455,4451868.0,0.05401134080671893
3456,4451925.0,0.05394100524958262
3457,4451985.0,0.05387625993382372
3458,4452045.0,0.0538166943647532
3459,4452105.0,0.0538014738171666
3460,4452165.0,0.053837241901296046
3461,4452225.0,0.05388700305272556
3462,4452288.0,0.053945959500549284
3463,4452345.0,0.05400861244924074
3464,4452405.0,0.05408662778441514
3465,4452465.0,0.05419951653112129
3466,4452525.0,0.05432946656789897
3467,4452585.0,0.05446247983063293
3468,4452645.0,0.054579035164656176
3469,4452705.0,0.05467988762502715
3470,4452765.0,0.05477486340785631
3471,4452825.0,0.05486514845734486
3472,4452885.0,0.05488688165473618
3473,4452945.0,0.054863363254705505
3474,4453005.0,0.05483916248153517
3475,4453065.0,0.05482118770828576
3476,4453125.0,0.05481885098375991
3477,4453185.0,0.05486525525060523
3478,4453245.0,0.05496355055369548
3479,4453305.0,0.05509025204596629
3480,4453368.0,0.055247737034456595
3481,4453425.0,0.05542259069696551
3482,4453485.0,0.05560017235429601
3483,4453545.0,0.05575087273397661
3484,4453605.0,0.05589187517547539
3485,4453665.0,0.0559836518569318
3486,4453725.0,0.05604360550456486
3487,4453785.0,0.05607946291101809
3488,4453845.0,0.05610489605290167
3489,4453905.0,0.05612678471917906
3490,4453965.0,0.05614134068690829
3491,4454025.0,0.05617082023668521
3492,4454085.0,0.05621020796633988
3493,4454145.0,0.056273319058727456
3494,4454205.0,0.05640003879963354
3495,4454265.0,0.05658145468786077
3496,4454325.0,0.056867066962306784
3497,4454385.0,0.05713159849654634
3498,4454445.0,0.057446843891515026
3499,4454505.0,0.057713003808750135
3500,4454565.0,0.05792027998483637
3501,4454625.0,0.05813609563996963
3502,4454685.0,0.058345159659969975
3503,4454745.0,0.05853288157000716
3504,4454805.0,0.05869105951968043
3505,4454865.0,0.05882167328289953
3506,4454925.0,0.05894152216514634
3507,4454985.0,0.05907598629946523
3508,4455045.0,0.059266637059705
3509,4455105.0,0.05951098721611639
3510,4455165.0,0.059802470169027705
3511,4455225.0,0.06008696781224657
3512,4455285.0,0.06035079757942868
3513,4455345.0,0.06056365536714703
3514,4455405.0,0.060746945209832925
3515,4455465.0,0.06087856400549388
3516,4455525.0,0.06095842860757142
3517,4455585.0,0.061016872674595324
3518,4455645.0,0.06105972607502161
3519,4455705.0,0.061136514955808546
3520,4455768.0,0.06127732837504016
3521,4455825.0,0.06151652129221255
3522,4455885.0,0.061773944547445225
3523,4455945.0,0.06201680260788134
3524,4456005.0,0.06226695690604264
3525,4456065.0,0.06249958279072401
3526,4456125.0,0.06274777548429841
3527,4456185.0,0.06301122727317734
3528,4456245.0,0.0632416796528584
3529,4456305.0,0.06340714879270573
3530,4456365.0,0.06353257467351839
3531,4456425.0,0.06367050529245868
3532,4456485.0,0.0638411906843909
3533,4456545.0,0.06404058161139589
3534,4456605.0,0.06426385254099673
3535,4456665.0,0.06448302119538088
3536,4456725.0,0.06470481100859896
3537,4456785.0,0.06492609322564444
3538,4456845.0,0.06511432103149625
3539,4456908.0,0.0652603243964576
3540,4456965.0,0.06537379395430984
3541,4457025.0,0.06546766389223638
3542,4457085.0,0.06554087413179818
3543,4457145.0,0.0656007469579862
3544,4457205.0,0.0656485257538221
3545,4457265.0,0.06565403408565598
3546,4457325.0,0.06564182762991375
3547,4457385.0,0.06571248487043266
3548,4457445.0,0.06588714455680147
3549,4457505.0,0.06616745928909759
3550,4457565.0,0.06655910879135554
3551,4457625.0,0.06674230637097575
3552,4457685.0,0.06675129337508465
3553,4457745.0,0.06675417287096705
3554,4457805.0,0.06680751497351281
3555,4457865.0,0.0669194229949571
3556,4457925.0,0.06699029975279916
3557,4457985.0,0.06705199689220251
3558,4458045.0,0.0671170745840847
3559,4458105.0,0.06718752828866328
3560,4458165.0,0.06724616842379508
3561,4458225.0,0.06726113768062444
3562,4458285.0,0.06728052364720646
3563,4458345.0,0.06729553212917636
3564,4458405.0,0.06733413190797163
3565,4458465.0,0.06742159697563713
3566,4458525.0,0.06755431806592219
3567,4458585.0,0.06773407670664858
3568,4458645.0,0.06792895992950168
3569,4458705.0,0.06813500256624563
3570,4458765.0,0.06833557408308336
3571,4458825.0,0.068488233164367
3572,4458885.0,0.06859907017683756
3573,4458945.0,0.06866922990065846
3574,4459005.0,0.06872734398535876
3575,4459065.0,0.06883510315614097
3576,4459125.0,0.06896693288818886
3577,4459185.0,0.06913043177220726
3578,4459245.0,0.06931937416192782
3579,4459305.0,0.06955458784324856
3580,4459365.0,0.0698480509906633
3581,4459425.0,0.07014830538633968
3582,4459485.0,0.07045093025426405
3583,4459545.0,0.07079790194155602
3584,4459605.0,0.07121473429209227
3585,4459665.0,0.07156620994841392
3586,4459725.0,0.07188502969225072
3587,4459785.0,0.07220208565808009
3588,4459845.0,0.0725508242974571
3589,4459905.0,0.07292831393898666
3590,4459965.0,0.0732983622388749
3591,4460028.0,0.0737199142262899
3592,4460085.0,0.0740781608041918
3593,4460148.0,0.07434709001871517
3594,4460205.0,0.07457466544889127
3595,4460265.0,0.07477640107571279
3596,4460325.0,0.07498821556917648
3597,4460385.0,0.0751752387624269
3598,4460445.0,0.0753572343366267
3599,4460505.0,0.07556619170048032
3600,4460565.0,0.0758288859077105
3601,4460625.0,0.07614883847481127
3602,4460688.0,0.07649347693035499
3603,4460745.0,0.07683722612758329
3604,4460805.0,0.07720283982667889
3605,4460865.0,0.07754004678967055
3606,4460925.0,0.07786056024006507
3607,4460985.0,0.07814741710786574
3608,4461045.0,0.07836724515193735
3609,4461105.0,0.07861913566888343
3610,4461165.0,0.07886523509941593
3611,4461225.0,0.07909177357481365
3612,4461285.0,0.0792767399683599
3613,4461345.0,0.07956035393990926
3614,4461405.0,0.08004799661830928
3615,4461465.0,0.08074021421048264
3616,4461525.0,0.08114701579400782
3617,4461585.0,0.08140153122759256
3618,4461645.0,0.08154836318555311
3619,4461705.0,0.08158228080031918
3620,4461765.0,0.08174069258598418
3621,4461825.0,0.08192038972896651
3622,4461885.0,0.08208445964899161
3623,4461945.0,0.0822541791717695
3624,4462005.0,0.08249180234069095
3625,4462065.0,0.08278955556134157
3626,4462125.0,0.08320030728850694
3627,4462185.0,0.08347517421955389
3628,4462245.0,0.08367904278742214
3629,4462305.0,0.08386997286084433
3630,4462365.0,0.08409470241263697
3631,4462425.0,0.08430813121431982
3632,4462485.0,0.08454682450362475
3633,4462545.0,0.0847981382218129
3634,4462605.0,0.08505975654774314
3635,4462665.0,0.0853361113743705
3636,4462725.0,0.08563413990584354
3637,4462785.0,0.08595441977194071
3638,4462845.0,0.086289254629589
3639,4462905.0,0.08663746059937719
3640,4462965.0,0.08699483594089105
3641,4463025.0,0.08736759287387505
3642,4463085.0,0.0877768925809437
3643,4463145.0,0.08817842062400874
3644,4463205.0,0.08859951486664899
3645,4463265.0,0.08900646623771338
3646,4463325.0,0.08937155958330048
3647,4463385.0,0.0896652339486417
3648,4463445.0,0.08995979661375456
3649,4463505.0,0.09025145461999165
3650,4463565.0,0.09054955195436912
3651,4463625.0,0.09084683365954246
3652,4463685.0,0.09118217098476847
3653,4463745.0,0.09154704874234895
3654,4463805.0,0.0919224427427894
3655,4463865.0,0.09231135907869017
3656,4463925.0,0.09269446787443422
3657,4463985.0,0.09308283371997253
3658,4464045.0,0.09346144326410591
3659,4464105.0,0.09381505893121608
3660,4464165.0,0.09413610123896851
3661,4464225.0,0.0944238013578508
3662,4464285.0,0.09469888697419923
3663,4464345.0,0.09500805512907698
3664,4464405.0,0.09534475434819359
3665,4464465.0,0.09567243423871366
3666,4464525.0,0.09600300253852226
3667,4464585.0,0.0963603704623279
3668,4464645.0,0.09671658871237479
3669,4464705.0,0.09706100152577993
3670,4464765.0,0.09739555185067209
3671,4464825.0,0.09778347410974395
3672,4464885.0,0.09818697607740443
3673,4464945.0,0.09859072588692383
3674,4465005.0,0.09896360463741286
3675,4465065.0,0.09922186395626634
3676,4465125.0,0.09942185938939527
3677,4465185.0,0.09968195579426978
3678,4465245.0,0.09988909913146807
3679,4465305.0,0.10013209341583704
3680,4465365.0,0.10040485396013024
3681,4465425.0,0.1006843339393543
3682,4465485.0,0.10096760571002908
3683,4465545.0,0.10122753984295838
3684,4465605.0,0.1014784048385117
3685,4465665.0,0.10169491232528846
3686,4465725.0,0.10188985965914762
3687,4465785.0,0.10204837596933256
3688,4465845.0,0.10217370205318363
3689,4465905.0,0.10226996626088777
3690,4465965.0,0.10233740339128619
3691,4466025.0,0.10246205942502515
3692,4466085.0,0.10261961550880036
3693,4466145.0,0.1028174497150455
3694,4466205.0,0.10304855312024405
3695,4466265.0,0.10326777750431368
3696,4466325.0,0.1035009225695496
3697,4466385.0,0.10374593252462941
3698,4466445.0,0.10402112155188128
3699,4466505.0,0.10430470159302432
3700,4466565.0,0.1045415221175239
3701,4466625.0,0.10474918853524365
3702,4466685.0,0.10496129608848057
3703,4466745.0,0.10520914777946641
3704,4466805.0,0.10544355583949375
3705,4466865.0,0.10568060854689046
3706,4466925.0,0.10588837373472418
3707,4466985.0,0.10603872479478701
3708,4467045.0,0.10621396128837304
3709,4467108.0,0.10648109168007222
3710,4467165.0,0.10682344237072836
3711,4467225.0,0.10717330125157257
3712,4467285.0,0.10753904045135496
3713,4467345.0,0.10790610821218619
3714,4467405.0,0.10827749044865545
3715,4467465.0,0.10864678224456822
3716,4467525.0,0.10899531595751258
3717,4467585.0,0.10934580707681427
3718,4467645.0,0.1096723003994626
3719,4467705.0,0.11002057963586506
3720,4467765.0,0.11037760874315897
3721,4467825.0,0.11072202763320807
3722,4467885.0,0.11112076396123491
3723,4467945.0,0.11157398308210645
3724,4468005.0,0.11202108415366077
3725,4468065.0,0.11248843853844367
3726,4468125.0,0.11297408030429049
3727,4468185.0,0.11338918951237961
3728,4468245.0,0.11369099643227251
3729,4468305.0,0.11385861370981967
3730,4468365.0,0.11392596486042841
3731,4468425.0,0.11419287559284122
3732,4468485.0,0.11462497376824513
3733,4468545.0,0.11510148828305347
3734,4468605.0,0.1155797116417325
3735,4468665.0,0.11602367219464552
3736,4468725.0,0.116502190845617
3737,4468785.0,0.11699400974616267
3738,4468845.0,0.11745403763532211
3739,4468905.0,0.11789981200749897
3740,4468965.0,0.11830617853195843
3741,4469025.0,0.11874185420153507
3742,4469085.0,0.11915777623664289
3743,4469145.0,0.11956607987351889
3744,4469205.0,0.11999131803970745
3745,4469265.0,0.12039490043693854
3746,4469325.0,0.120749338230804
3747,4469385.0,0.12109973955486739
3748,4469445.0,0.12143555966029043
3749,4469505.0,0.1217223669873673
3750,4469565.0,0.12201562722983925
3751,4469625.0,0.1222867022690182
3752,4469685.0,0.12256513503073466
3753,4469745.0,0.1228511663496076
3754,4469805.0,0.1231389324844486
3755,4469865.0,0.12339777939859084
3756,4469925.0,0.12361740648693029
3757,4469985.0,0.1259220676932233
3758,4470045.0,0.12743503932280756
3759,4470105.0,0.12867316830204958
3760,4470165.0,0.1297070672213886
3761,4470225.0,0.12953328188561422
3762,4470285.0,0.12940014730041624
3763,4470345.0,0.12917668815560437
3764,4470405.0,0.12889456437743055
3765,4470465.0,0.12886179305301318
3766,4470525.0,0.12874016384072853
3767,4470585.0,0.1285038787884019
3768,4470648.0,0.1284461123066565
3769,4470705.0,0.12865073913135913
3770,4470765.0,0.12848881750211574
3771,4470825.0,0.12823020937036209
3772,4470885.0,0.12813636657997515
3773,4470945.0,0.1282100177705496
3774,4471005.0,0.12952687833166945
3775,4471065.0,0.1304909748331262
3776,4471125.0,0.1316050873763198
3777,4471185.0,0.13299565290204987
3778,4471245.0,0.13239990487277123
3779,4471305.0,0.1317595581223179
3780,4471365.0,0.1310872851297659
3781,4471425.0,0.13034601961099765
3782,4471485.0,0.1295782442042455
3783,4471545.0,0.12882704722599206
3784,4471605.0,0.12805127102052974
3785,4471665.0,0.1278581054843859
3786,4471725.0,0.12777154899949908
3787,4471785.0,0.1278046686760094
3788,4471845.0,0.12795498211605924
3789,4471905.0,0.12812110080186503
3790,4471965.0,0.12828666762348942
3791,4472025.0,0.13079904195274136
3792,4472085.0,0.13315636412887125
3793,4472145.0,0.13459988118678087
3794,4472205.0,0.13551381526103426
3795,4472265.0,0.1360460231231699
3796,4472325.0,0.13570531078763823
3797,4472385.0,0.13551116683988837
3798,4472445.0,0.1355946881165677
3799,4472505.0,0.1358041065277711
3800,4472565.0,0.13580111112484713
3801,4472625.0,0.13588968948340238
3802,4472685.0,0.1360682528259389
3803,4472745.0,0.1363242402391461
3804,4472805.0,0.13631800020332827
3805,4472865.0,0.13613851226473342
3806,4472925.0,0.1360149300578191
3807,4472985.0,0.13620555707308993
3808,4473045.0,0.1364185720264576
3809,4473105.0,0.13679040120644279
3810,4473165.0,0.13688960832782712
3811,4473225.0,0.13695201756195488
3812,4473285.0,0.13700338111008167
3813,4473345.0,0.1370407689795314
3814,4473405.0,0.13706531685175397
3815,4473465.0,0.1370842435152009
3816,4473525.0,0.137080702444301
3817,4473585.0,0.13704818272254757
3818,4473645.0,0.136995111468913
3819,4473705.0,0.13691998051834844
3820,4473765.0,0.1368431874881508
3821,4473825.0,0.13852437640751195
3822,4473885.0,0.13963879242089208
3823,4473945.0,0.1405485478716714
3824,4474005.0,0.14131680201994593
3825,4474065.0,0.14209321278612505
3826,4474125.0,0.14301308234790003
3827,4474185.0,0.14407233133250943
3828,4474245.0,0.14512155498968812
3829,4474305.0,0.1461516023670402
3830,4474365.0,0.14716497502537826
3831,4474425.0,0.1481663108654094
3832,4474485.0,0.14912840107009903
3833,4474545.0,0.15007272074831138
3834,4474605.0,0.1509692305191003
3835,4474665.0,0.15189037813915277
3836,4474725.0,0.1528560876225595
3837,4474785.0,0.1538883274191433
3838,4474845.0,0.15488074499252882
3839,4474905.0,0.1558929846164017
3840,4474965.0,0.15701706919375655
3841,4475025.0,0.15815024952929904
3842,4475085.0,0.15935115671148067
3843,4475145.0,0.16051513161514766
3844,4475205.0,0.16170305434279234
3845,4475265.0,0.16310393402232934
3846,4475325.0,0.16455049911485822
3847,4475385.0,0.1660046581270476
3848,4475445.0,0.1675315946521412
3849,4475505.0,0.1689623018609108
3850,4475565.0,0.17042952895779764
3851,4475625.0,0.17181759813378175
3852,4475688.0,0.17318936442233981
3853,4475745.0,0.17456678423940716
3854,4475805.0,0.17596187874297411
3855,4475865.0,0.17744403666440792
3856,4475925.0,0.178933629376569
3857,4475985.0,0.18050519500421616
3858,4476045.0,0.18201132727769873
3859,4476105.0,0.18364522216919457
3860,4476165.0,0.18519495479983242
3861,4476225.0,0.1867044299093832
3862,4476285.0,0.18825800391136785
3863,4476345.0,0.18982099625427293
3864,4476405.0,0.19142316423586495
3865,4476465.0,0.19305067272546353
3866,4476525.0,0.19472095426876004
3867,4476585.0,0.19640068388322526
3868,4476645.0,0.19806654426523415
3869,4476705.0,0.19975030550755715
3870,4476765.0,0.2014341737195566
3871,4476825.0,0.2030576216476306
3872,4476885.0,0.2046960189569942
3873,4476945.0,0.2063420447624851
3874,4477005.0,0.2080233323219062
3875,4477065.0,0.209635531062397
3876,4477125.0,0.2112274021627579
3877,4477185.0,0.2128503713168101
3878,4477245.0,0.21448523340979123
3879,4477305.0,0.21606625256291132
3880,4477365.0,0.21765013175123796
3881,4477425.0,0.21921780443175
3882,4477485.0,0.22082758174795378
3883,4477545.0,0.22240132325998888
3884,4477605.0,0.2240261710901145
3885,4477665.0,0.2256468600679333
3886,4477725.0,0.22730277166103166
3887,4477785.0,0.22899330475437465
3888,4477845.0,0.23065801258485794
3889,4477905.0,0.23234948256484136
3890,4477965.0,0.23403251112467796
3891,4478025.0,0.23564774081737697
3892,4478088.0,0.23724320802428314
3893,4478145.0,0.2387938138655986
3894,4478205.0,0.2403513320481339
3895,4478265.0,0.24191981339532662
3896,4478325.0,0.24350658747492812
3897,4478385.0,0.2450407296162407
3898,4478445.0,0.24656539930924828
3899,4478505.0,0.24808268649922324
3900,4478565.0,0.24956709953453413
3901,4478625.0,0.251072757008327
3902,4478685.0,0.25255613572245483
3903,4478745.0,0.2539997659714358
3904,4478805.0,0.25557172837050923
3905,4478865.0,0.2570874613608851
3906,4478925.0,0.2584101714333453
3907,4478985.0,0.25990937975242134
3908,4479045.0,0.26149559826648405
3909,4479105.0,0.26301648094551033
3910,4479165.0,0.26441144324859056
3911,4479225.0,0.2657995944592496
3912,4479285.0,0.2672242969439167
3913,4479345.0,0.268589713262983
3914,4479405.0,0.26993584556081784
3915,4479465.0,0.2712365499011833
3916,4479525.0,0.27260080447621526
3917,4479585.0,0.2738785065121663
3918,4479645.0,0.27509472084695585
3919,4479705.0,0.276459705528983
3920,4479765.0,0.27783229816607213
3921,4479825.0,0.2790875804028652
3922,4479885.0,0.2802773574811006
3923,4479945.0,0.28152653553512785
3924,4480005.0,0.28277892501919755
3925,4480065.0,0.2839478285913415
3926,4480125.0,0.28516410144078164
3927,4480185.0,0.286435691163485
3928,4480245.0,0.28762582802384595
3929,4480305.0,0.2888425113842402
3930,4480365.0,0.2901465613122233
3931,4480425.0,0.29149348408897247
3932,4480485.0,0.29284317202153065
3933,4480545.0,0.29419394019961276
3934,4480605.0,0.2955540379218977
3935,4480665.0,0.296981913301801
3936,4480725.0,0.29835023820430995
3937,4480785.0,0.2975243295134262
3938,4480848.0,0.2974727915324693
3939,4480905.0,0.2977754331800919
3940,4480965.0,0.29832946534213844
3941,4481028.0,0.300150021953299
3942,4481085.0,0.3018769121643261
3943,4481145.0,0.3037446038632825
3944,4481205.0,0.3057787141840318
3945,4481265.0,0.3074719100536315
3946,4481325.0,0.3092922566594485
3947,4481385.0,0.3111182652120945
3948,4481445.0,0.3126707860250242
3949,4481505.0,0.3140228109574945
3950,4481565.0,0.3157426373460832
3951,4481625.0,0.31738844740830574
3952,4481685.0,0.31899968513622556
3953,4481745.0,0.3206743684103185
3954,4481805.0,0.321164784556368
3955,4481868.0,0.32164778583484055
3956,4481925.0,0.32219014006968705
3957,4481985.0,0.322559355043021
3958,4482045.0,0.3250458885928823
3959,4482105.0,0.32776328405517896
3960,4482165.0,0.33031946197736695
3961,4482225.0,0.3328854703745864
3962,4482285.0,0.3354500332007392
3963,4482345.0,0.3380772610242281
3964,4482405.0,0.34058144951570435
3965,4482465.0,0.3425000687351557
3966,4482525.0,0.3442823772225798
3967,4482585.0,0.3459708795062165
3968,4482645.0,0.347633278054137
3969,4482705.0,0.34933106663118363
3970,4482765.0,0.3510198707489892
3971,4482825.0,0.3502954983031814
3972,4482885.0,0.34977811007840265
3973,4482948.0,0.3500439164023643
3974,4483005.0,0.3508040065765815
3975,4483065.0,0.3516143585402177
3976,4483125.0,0.3535566526334203
3977,4483185.0,0.3555233021579508
3978,4483245.0,0.35746761002764293
3979,4483305.0,0.3593237188617374
3980,4483365.0,0.36120672417376676
3981,4483428.0,0.36298573260018085
3982,4483485.0,0.36469404162422336
3983,4483545.0,0.36637641534671483
3984,4483605.0,0.36861326812182027
3985,4483665.0,0.37053104508279755
3986,4483725.0,0.3720856604769275
3987,4483788.0,0.3733548206531482
3988,4483845.0,0.3746100941539783
3989,4483905.0,0.3757417348195681
3990,4483965.0,0.37724218661314
3991,4484025.0,0.3789482978874813
3992,4484085.0,0.38064698100396843
3993,4484145.0,0.38217098065738686
3994,4484205.0,0.38367579948900343
3995,4484265.0,0.38533075596647914
3996,4484325.0,0.3871147632316093
3997,4484385.0,0.3889377213829398
3998,4484445.0,0.3909065903098349
3999,4484505.0,0.3928839616748515
4000,4484565.0,0.39478475267296387
4001,4484625.0,0.39499744544049675
4002,4484685.0,0.39533961257050054
4003,4484745.0,0.39605947103434824
4004,4484805.0,0.39683690343736455
4005,4484865.0,0.3974497707353758
4006,4484925.0,0.39814818955994624
4007,4484985.0,0.39856905311504887
4008,4485045.0,0.39933992062618284
4009,4485105.0,0.399852602228814
4010,4485165.0,0.40063132743614704
4011,4485225.0,0.4013391054150438
4012,4485285.0,0.4019877224742936
4013,4485345.0,0.4027042997927536
4014,4485405.0,0.4033781935768085
4015,4485465.0,0.40449497655972877
4016,4485525.0,0.4052722834255067
4017,4485588.0,0.40564703887159526
4018,4485645.0,0.40601835657247387
4019,4485705.0,0.40628244655285506
4020,4485765.0,0.40647101207456326
4021,4485825.0,0.40670366590131735
4022,4485885.0,0.4069479869564526
4023,4485945.0,0.4072843470943137
4024,4486005.0,0.40755417636617486
4025,4486065.0,0.40759869694010153
4026,4486125.0,0.4076868128717458
4027,4486185.0,0.4086343858090363
4028,4486245.0,0.40926713112469737
4029,4486305.0,0.40974901865930347
4030,4486365.0,0.4100646303076495
4031,4486425.0,0.41039914112380516
4032,4486485.0,0.41075652079747293
4033,4486545.0,0.4110956176703321
4034,4486605.0,0.4114331434938946
4035,4486665.0,0.41179548918866216
4036,4486725.0,0.4121793723195796
4037,4486785.0,0.41237700293955626
4038,4486845.0,0.4127144743252703
4039,4486905.0,0.41290218970910764
4040,4486965.0,0.4132059776246918
4041,4487025.0,0.41355596155897767
4042,4487085.0,0.4139118455492804
4043,4487145.0,0.414280661871537
4044,4487205.0,0.4145772910808114
4045,4487265.0,0.41487039724867036
4046,4487325.0,0.4151029139624587
4047,4487385.0,0.4153808834420941
4048,4487445.0,0.4156136847857308
4049,4487505.0,0.41583927248335095
4050,4487565.0,0.41607092827198955
4051,4487625.0,0.4163174128752417
4052,4487685.0,0.4165207131916123
4053,4487745.0,0.4166977874320118
4054,4487805.0,0.41686430270619657
4055,4487865.0,0.4170655855417419
4056,4487925.0,0.41724253693267677
4057,4487985.0,0.41741861414568615
4058,4488045.0,0.4175296306337134
4059,4488105.0,0.4177016381287748
4060,4488165.0,0.4178597936403109
4061,4488225.0,0.4180334517125055
4062,4488285.0,0.41820966773783597
4063,4488345.0,0.4184501335680092
4064,4488405.0,0.4186650271664216
4065,4488465.0,0.41888748604104087
4066,4488525.0,0.41912256951643967
4067,4488585.0,0.41930969542826146
4068,4488645.0,0.4196060368725184
4069,4488705.0,0.41988151729391754
4070,4488765.0,0.4201223900010034
4071,4488825.0,0.42037354735899757
4072,4488885.0,0.4206205514485518
4073,4488945.0,0.4209169051174586
4074,4489005.0,0.42111961978789625
4075,4489068.0,0.4213428326479517
4076,4489125.0,0.4215627650802961
4077,4489185.0,0.4218872750075525
4078,4489245.0,0.42218574705689516
4079,4489305.0,0.4224410906130157
4080,4489365.0,0.42268855825417184
4081,4489425.0,0.4229087291525734
4082,4489485.0,0.42319511033404356
4083,4489545.0,0.4234136164358656
4084,4489605.0,0.42356326842868364
4085,4489665.0,0.42377212961012944
4086,4489725.0,0.424198743710658
4087,4489785.0,0.4244671222224742
4088,4489845.0,0.4246308722005694
4089,4489905.0,0.4248646250741862
4090,4489965.0,0.4252238298611398
4091,4490025.0,0.4255854220076799
4092,4490085.0,0.42595230386601257
4093,4490145.0,0.42646244632276364
4094,4490205.0,0.42693913359670776
4095,4490265.0,0.4275104697917441
4096,4490325.0,0.4279256676725909
4097,4490385.0,0.42852481873774284
4098,4490445.0,0.4290905661628862
4099,4490505.0,0.4296205936963765
4100,4490565.0,0.4301193675612299
4101,4490625.0,0.43063242379390343
4102,4490685.0,0.4312957075867113
4103,4490745.0,0.4318810358155445
4104,4490805.0,0.4324303021991478
4105,4490865.0,0.4330560096830057
4106,4490925.0,0.4336342528751118
4107,4490985.0,0.4342056080330289
4108,4491045.0,0.43475891887560436
4109,4491105.0,0.43531921004103413
4110,4491168.0,0.4350846230886046
4111,4491225.0,0.4346035166133141
4112,4491285.0,0.4341847491243793
4113,4491345.0,0.43385767927469276
4114,4491405.0,0.4336215911766269
4115,4491465.0,0.4334293023511484
4116,4491525.0,0.4334395763070583
4117,4491585.0,0.43352661229253187
4118,4491645.0,0.433646606142723
4119,4491705.0,0.4333275991921187
4120,4491765.0,0.4332238102459679
4121,4491825.0,0.4331194749757986
4122,4491885.0,0.433068061049655
4123,4491945.0,0.4329519046331679
4124,4492005.0,0.4329105041691895
4125,4492065.0,0.43273830762885657
4126,4492125.0,0.43241790525756674
4127,4492185.0,0.43216781842583474
4128,4492245.0,0.43199032140177673
4129,4492305.0,0.4317333568528672
4130,4492365.0,0.4314292200493951
4131,4492425.0,0.4312565163152685
4132,4492485.0,0.4310462916110137
4133,4492545.0,0.4306967951463465
4134,4492605.0,0.43045615330413767
4135,4492665.0,0.4306664942759023
4136,4492725.0,0.43069802740986496
4137,4492785.0,0.43069386909853535
4138,4492845.0,0.43059052228730155
4139,4492905.0,0.43023244671293226
4140,4492965.0,0.4299540201036306
4141,4493025.0,0.42970409208114846
4142,4493085.0,0.429520543269427
4143,4493145.0,0.42919959504259897
4144,4493205.0,0.42904589189898956
4145,4493265.0,0.4289745158618985
4146,4493325.0,0.4289306825040108
4147,4493385.0,0.42884987124710994
4148,4493445.0,0.4287344584550291
4149,4493505.0,0.42858620557634886
4150,4493565.0,0.42846584075275995
4151,4493625.0,0.4284203882264469
4152,4493685.0,0.4283684625221741
4153,4493745.0,0.42828631087297964
4154,4493805.0,0.4280593057136376
4155,4493865.0,0.4280099225885797
4156,4493925.0,0.42790350028124335
4157,4493985.0,0.42778793992794084
4158,4494045.0,0.42762692657314616
4159,4494105.0,0.42760578028610163
4160,4494165.0,0.42758815873619194
4161,4494225.0,0.4274878602130078
4162,4494285.0,0.4273381110599259
4163,4494345.0,0.4271248936893023
4164,4494405.0,0.42663649842546636
4165,4494465.0,0.4265954477696582
4166,4494525.0,0.4266319428674882
4167,4494585.0,0.4268216906287642
4168,4494645.0,0.42710758332793153
4169,4494705.0,0.42733735762792924
4170,4494765.0,0.4275034180652084
4171,4494825.0,0.42747736536103054
4172,4494885.0,0.42747610931431645
4173,4494945.0,0.42764111297729
4174,4495005.0,0.4277907743063426
4175,4495065.0,0.42782694315141534
4176,4495128.0,0.427732063431862
4177,4495185.0,0.4276425658394972
4178,4495245.0,0.4274689940306312
4179,4495305.0,0.4273807979872476
4180,4495365.0,0.427162175194719
4181,4495425.0,0.42710788312259795
4182,4495485.0,0.42733596173631583
4183,4495545.0,0.42747434869966594
4184,4495605.0,0.4275389833504025
4185,4495665.0,0.42792531312247173
4186,4495725.0,0.42806191168504926
4187,4495785.0,0.42838342628525916
4188,4495845.0,0.42841744988535535
4189,4495905.0,0.42861726652704235
4190,4495965.0,0.42864255741171253
4191,4496025.0,0.42870931509159793
4192,4496085.0,0.4288466303267713
4193,4496145.0,0.42892469726418836
4194,4496205.0,0.42898177932523673
4195,4496265.0,0.42858146499647043
4196,4496325.0,0.428456742536688
4197,4496385.0,0.42866035219335175
4198,4496445.0,0.4289595429189961
4199,4496505.0,0.4292999471083748
4200,4496565.0,0.42955658329906055
4201,4496625.0,0.42969911972811337
4202,4496685.0,0.4297721213973984
4203,4496745.0,0.4297820512104069
4204,4496805.0,0.4297940045059847
4205,4496865.0,0.4298242747335491
4206,4496925.0,0.42975572636257175
4207,4496985.0,0.42883919678118876
4208,4497045.0,0.4281346405197536
4209,4497105.0,0.42776098121649664
4210,4497165.0,0.4274926520612067
4211,4497225.0,0.42719299507637765
4212,4497285.0,0.4269527948416799
4213,4497345.0,0.42682056730621676
4214,4497405.0,0.42668804288758266
4215,4497465.0,0.4264938534139001
4216,4497525.0,0.42636879355542223
4217,4497585.0,0.42628090371757243
4218,4497645.0,0.4260286777850776
4219,4497705.0,0.42585687451593934
4220,4497765.0,0.4256662886306736
4221,4497825.0,0.42531099610377787
4222,4497885.0,0.4245842955089264
4223,4497945.0,0.4239012214896781
4224,4498005.0,0.4233607555969974
4225,4498065.0,0.42279327416054613
4226,4498125.0,0.42223909064489906
4227,4498185.0,0.42164171702858455
4228,4498245.0,0.4210014349753194
4229,4498305.0,0.4203370118598936
4230,4498365.0,0.41977153994384275
4231,4498425.0,0.4192734297759738
4232,4498485.0,0.4188556536083561
4233,4498545.0,0.41855109706331683
4234,4498605.0,0.4181489396208927
4235,4498665.0,0.4178705066245919
4236,4498725.0,0.41753736419574905
4237,4498785.0,0.4172240072650757
4238,4498845.0,0.41691658934849507
4239,4498905.0,0.41653331778660585
4240,4498965.0,0.4162405092297553
4241,4499025.0,0.41594395266776163
4242,4499085.0,0.4154673612217179
4243,4499145.0,0.4150114441908984
4244,4499205.0,0.41453538788767985
4245,4499265.0,0.4141687438865266
4246,4499325.0,0.41371065396518714
4247,4499385.0,0.4133472348491233
4248,4499445.0,0.41341690508629936
4249,4499505.0,0.41306367528184595
4250,4499565.0,0.4123401363829672
4251,4499625.0,0.4115709198964097
4252,4499685.0,0.4108077368844041
4253,4499745.0,0.41002971085598305
4254,4499805.0,0.4093171265017582
4255,4499865.0,0.4085266418484742
4256,4499925.0,0.4083360573778835
4257,4499985.0,0.4055682423121557
4258,4500045.0,0.4028395930697667
4259,4500105.0,0.4001394782177513
4260,4500165.0,0.39749182027847507
4261,4500225.0,0.3948855612572594
4262,4500285.0,0.3921897778157025
4263,4500345.0,0.3895734414395172
4264,4500405.0,0.38752760605825076
4265,4500465.0,0.3855748940867706
4266,4500525.0,0.3834698687896474
4267,4500585.0,0.3812429706886953
4268,4500645.0,0.3790361703362283
4269,4500705.0,0.3784761087548466
4270,4500765.0,0.37769471579544744
4271,4500825.0,0.37675292375751
4272,4500885.0,0.37569946936277576
4273,4500945.0,0.37494069053094325
4274,4501005.0,0.37216129417920163
4275,4501065.0,0.3693337673025412
4276,4501125.0,0.3666199897248318
4277,4501185.0,0.3638259515287191
4278,4501245.0,0.3611700949733281
4279,4501305.0,0.35841204817382366
4280,4501365.0,0.3556859228399031
4281,4501425.0,0.35301938276826295
4282,4501485.0,0.35025760600924205
4283,4501545.0,0.34753355499264316
4284,4501605.0,0.34480280431252275
4285,4501665.0,0.34207421653050385
4286,4501725.0,0.3393875181554896
4287,4501785.0,0.3366422972032074
4288,4501845.0,0.3346300077618892
4289,4501905.0,0.3323439520384165
4290,4501965.0,0.3306869956179047
4291,4502025.0,0.32936073053133186
4292,4502085.0,0.32804181214379524
4293,4502145.0,0.32667196017532285
4294,4502205.0,0.3252229531874632
4295,4502265.0,0.3236553178223819
4296,4502325.0,0.32196636948785795
4297,4502385.0,0.3202701575054777
4298,4502445.0,0.3186010124942429
4299,4502505.0,0.3172447692514828
4300,4502565.0,0.31558070205389555
4301,4502625.0,0.31385114607838205
4302,4502685.0,0.31212041430681214
4303,4502745.0,0.31039760153202967
4304,4502805.0,0.30846394381190756
4305,4502865.0,0.30683025342548487
4306,4502928.0,0.30539479098712385
4307,4502985.0,0.30395097903819523
4308,4503045.0,0.302480534021492
4309,4503105.0,0.3009850163743736
4310,4503165.0,0.29953420080572035
4311,4503225.0,0.2980239000253715
4312,4503285.0,0.29646584302782963
4313,4503345.0,0.29493603805418445
4314,4503405.0,0.293299886510606
4315,4503465.0,0.2916027968517185
4316,4503525.0,0.28986074402616413
4317,4503585.0,0.28809832996001705
4318,4503645.0,0.2863158434596992
4319,4503705.0,0.2845486237037419
4320,4503765.0,0.2828553463050467
4321,4503825.0,0.2811405393206706
4322,4503885.0,0.2793734953687207
4323,4503945.0,0.27766384137814915
4324,4504005.0,0.2759182780359004
4325,4504065.0,0.2741055456420197
4326,4504125.0,0.27233103006105996
4327,4504185.0,0.27059870587087953
4328,4504245.0,0.2688740153920005
4329,4504305.0,0.26709531742526094
4330,4504365.0,0.26527259137168047
4331,4504425.0,0.2634739648952342
4332,4504485.0,0.2616536034525122
4333,4504545.0,0.25989399022328086
4334,4504605.0,0.2581265519853113
4335,4504665.0,0.2562977754978447
4336,4504725.0,0.2545435486033216
4337,4504785.0,0.252777171182643
4338,4504845.0,0.2508976884783177
4339,4504905.0,0.24892976453775964
4340,4504965.0,0.24703946361456794
4341,4505025.0,0.24523974444652988
4342,4505088.0,0.2434799303824167
4343,4505145.0,0.24171218369868588
4344,4505205.0,0.23984631823706667
4345,4505265.0,0.23798082797158707
4346,4505325.0,0.23621766365539124
4347,4505385.0,0.23438855329483124
4348,4505445.0,0.23252442829059147
4349,4505505.0,0.2307058890742886
4350,4505565.0,0.22884444959468278
4351,4505625.0,0.2270372015216703
4352,4505685.0,0.22520716287986023
4353,4505745.0,0.22336883516906905
4354,4505808.0,0.2215671231570703
4355,4505865.0,0.219727675194868
4356,4505925.0,0.21790243596750772
4357,4505985.0,0.2160151541908463
4358,4506045.0,0.21409418932574223
4359,4506105.0,0.21207365849273577
4360,4506165.0,0.21025725248701269
4361,4506225.0,0.20818281283796117
4362,4506285.0,0.20622429588481853
4363,4506345.0,0.20418197217769887
4364,4506405.0,0.20227445739778097
4365,4506465.0,0.20020260917976943
4366,4506525.0,0.19817819362213865
4367,4506585.0,0.19614058078932936
4368,4506645.0,0.19406120137114882
4369,4506705.0,0.19211679816480046
4370,4506765.0,0.19007228330795353
4371,4506825.0,0.18808668687205235
4372,4506885.0,0.18610227678132993
4373,4506945.0,0.18412629633144809
4374,4507005.0,0.18223724940437566
4375,4507068.0,0.1803342044320477
4376,4507125.0,0.17844830318646873
4377,4507185.0,0.17651677550191383
4378,4507245.0,0.17451293264062193
4379,4507305.0,0.17256890938645228
4380,4507365.0,0.17068576104183583
4381,4507425.0,0.16889426006594874
4382,4507485.0,0.1671020693629677
4383,4507545.0,0.16530428149868284
4384,4507605.0,0.16353799214252754
4385,4507665.0,0.1617965654349938
4386,4507725.0,0.16006560332423717
4387,4507785.0,0.15828258395282194
4388,4507845.0,0.1565337764470706
4389,4507905.0,0.15468378124621243
4390,4507965.0,0.1528640409271216
4391,4508025.0,0.15106627191856817
4392,4508085.0,0.14918569540125878
4393,4508145.0,0.14719863141036302
4394,4508205.0,0.14519693895267796
4395,4508265.0,0.14323225480408366
4396,4508325.0,0.14116653910343727
4397,4508385.0,0.13911902960966085
4398,4508445.0,0.13716809100696323
4399,4508505.0,0.13517623388112546
4400,4508565.0,0.13314508264641958
4401,4508625.0,0.13128085046072843
4402,4508685.0,0.12971900646825565
4403,4508745.0,0.12811361898489557
4404,4508808.0,0.12641623583284559
4405,4508865.0,0.1247559539765474
4406,4508925.0,0.12310187929315738
4407,4508985.0,0.12145658313009425
4408,4509045.0,0.11990967366681263
4409,4509105.0,0.11837182460177051
4410,4509165.0,0.11672269211474648
4411,4509225.0,0.11500534548167632
4412,4509285.0,0.11320559605260419
4413,4509345.0,0.11129779141063731
4414,4509405.0,0.10945824318029548
4415,4509465.0,0.1075527802173272
4416,4509525.0,0.10579388251594066
4417,4509585.0,0.10398788694077524
4418,4509645.0,0.10222746597680069
4419,4509705.0,0.10050802985913457
4420,4509765.0,0.09871066092513961
4421,4509825.0,0.09692699704390648
4422,4509885.0,0.09527252765787933
4423,4509945.0,0.09355781913704656
4424,4510005.0,0.09184277134622529
4425,4510065.0,0.08999726681937062
4426,4510125.0,0.08823145917313799
4427,4510185.0,0.08643256858053047
4428,4510245.0,0.08410003222947235
4429,4510305.0,0.08211614329934083
4430,4510365.0,0.08054057836632803
4431,4510425.0,0.07918634790898352
4432,4510485.0,0.0779689500991794
4433,4510545.0,0.07671847280951119
4434,4510605.0,0.07532498054591222
4435,4510665.0,0.0738651891759726
4436,4510725.0,0.07176131480817602
4437,4510785.0,0.07218102310590932
4438,4510845.0,0.07261251767469837
4439,4510905.0,0.07301445050807384
4440,4510965.0,0.07343410152933519
4441,4511025.0,0.07384865906152974
4442,4511085.0,0.07430624158143043
4443,4511145.0,0.07475815052559906
4444,4511205.0,0.07462523597641144
4445,4511265.0,0.07440619475666058
4446,4511325.0,0.07430877864455884
4447,4511385.0,0.07433625123553547
4448,4511445.0,0.07436619555126603
4449,4511505.0,0.07274167926973049
4450,4511565.0,0.07130985229898404
4451,4511625.0,0.07003202284333052
4452,4511685.0,0.06885392009383481
4453,4511745.0,0.06731457953915268
4454,4511805.0,0.06780552457082686
4455,4511865.0,0.06830229375399474
4456,4511925.0,0.06877158601114972
4457,4511985.0,0.06921179816658782
4458,4512045.0,0.06963738508995496
4459,4512105.0,0.07007666710989022
4460,4512165.0,0.07055097205257208
4461,4512225.0,0.07104247666877209
4462,4512285.0,0.07154688044414129
4463,4512345.0,0.07202278228349843
4464,4512405.0,0.07251405601925828
4465,4512465.0,0.0729966467790378
4466,4512525.0,0.07347544103069989
4467,4512585.0,0.07395533873676194
4468,4512645.0,0.073790490600084
4469,4512705.0,0.07393436834744763
4470,4512765.0,0.07414841363618016
4471,4512825.0,0.07427707683650855
4472,4512885.0,0.07432849223430085
4473,4512945.0,0.07432502705381536
4474,4513005.0,0.07430947659156792
4475,4513065.0,0.07425597123585007
4476,4513125.0,0.07420917468215874
4477,4513185.0,0.0741679015977326
4478,4513245.0,0.07405222373380246
4479,4513305.0,0.07394249007758472
4480,4513365.0,0.0738264466120884
4481,4513425.0,0.07372731768285931
4482,4513485.0,0.07362495546658335
4483,4513545.0,0.07352002028684593
4484,4513605.0,0.07338209223402556
4485,4513665.0,0.0732227552682054
4486,4513725.0,0.07301694170844766
4487,4513785.0,0.0728536271258057
4488,4513845.0,0.07269277925525805
4489,4513905.0,0.07254102794137021
4490,4513968.0,0.07237145459404451
4491,4514025.0,0.07220470331771503
4492,4514085.0,0.07205048129150846
4493,4514145.0,0.07187351724014332
4494,4514205.0,0.07167931485571014
4495,4514265.0,0.07146383448132729
4496,4514325.0,0.07125268137662685
4497,4514385.0,0.0710246795988431
4498,4514445.0,0.0707772380077423
4499,4514505.0,0.07054506993368018
4500,4514565.0,0.07030912088760502
4501,4514625.0,0.07008120748691535
4502,4514685.0,0.06985123900365744
4503,4514745.0,0.06964398206999137
4504,4514808.0,0.06942812649229899
4505,4514865.0,0.06923518987142399
4506,4514925.0,0.06902790383159121
4507,4514985.0,0.06882557844452211
4508,4515045.0,0.06862999214927248
4509,4515105.0,0.06844240724574499
4510,4515165.0,0.06827799563119616
4511,4515225.0,0.06809354873136295
4512,4515285.0,0.06792413356929403
4513,4515345.0,0.06775425988503567
4514,4515405.0,0.067556758542243
4515,4515465.0,0.06733754766031527
4516,4515525.0,0.06707942032828365
4517,4515585.0,0.06682411598007712
4518,4515645.0,0.06659314898626309
4519,4515705.0,0.06639751512844602
4520,4515765.0,0.06620470650760482
4521,4515825.0,0.06600358638151785
4522,4515885.0,0.06581395341686255
4523,4515945.0,0.0656256914097684
4524,4516005.0,0.06542771044109766
4525,4516065.0,0.06521186767737666
4526,4516128.0,0.06499488052642557
4527,4516185.0,0.06480881533978303
4528,4516245.0,0.06463102966317127
4529,4516305.0,0.06443600358768689
4530,4516365.0,0.06425171529359189
4531,4516425.0,0.06404087167952108
4532,4516485.0,0.06383553177329507
4533,4516545.0,0.06363668050139629
4534,4516605.0,0.06342068549008026
4535,4516665.0,0.06319029258114231
4536,4516725.0,0.06294766161016377
4537,4516785.0,0.06272233507999067
4538,4516845.0,0.0624836520559032
4539,4516905.0,0.062253837962838204
4540,4516965.0,0.062057533962345424
4541,4517025.0,0.06188969571061512
4542,4517085.0,0.06172704065782081
4543,4517145.0,0.06156225541723104
4544,4517205.0,0.06143171897189892
4545,4517265.0,0.06135748115306447
4546,4517325.0,0.061308030565741634
4547,4517385.0,0.06131460654067564
4548,4517445.0,0.06123993144434828
4549,4517505.0,0.06110717715689776
4550,4517565.0,0.06096028096352574
4551,4517625.0,0.0607415765251533
4552,4517685.0,0.06051120605541424
4553,4517745.0,0.06025261648304703
4554,4517805.0,0.060002014249582264
4555,4517865.0,0.059763113051665234
4556,4517925.0,0.05953381446237879
4557,4517985.0,0.059362973239723366
4558,4518045.0,0.059228717104505474
4559,4518105.0,0.05909621635675513
4560,4518165.0,0.05896490674810623
4561,4518225.0,0.058813826849199946
4562,4518285.0,0.05866726572141198
4563,4518345.0,0.058508089931508134
4564,4518405.0,0.058333003916358955
4565,4518465.0,0.05814753828224653
4566,4518525.0,0.057977624329788646
4567,4518585.0,0.057839504642564404
4568,4518645.0,0.057699505895898257
4569,4518705.0,0.057592522223509385
4570,4518765.0,0.05751277801576604
4571,4518825.0,0.0574536391365606
4572,4518885.0,0.05740781130507086
4573,4518945.0,0.057351452124167285
4574,4519005.0,0.057278159799607514
4575,4519065.0,0.05717701320360438
4576,4519125.0,0.057092062186229836
4577,4519185.0,0.0570384634613578
4578,4519245.0,0.05696725194176491
4579,4519305.0,0.05689382729050321
4580,4519365.0,0.05685162424556209
4581,4519425.0,0.05678008710237406
4582,4519485.0,0.05671797489416866
4583,4519545.0,0.05665696903462561
4584,4519605.0,0.05658026394935037
4585,4519665.0,0.05648908713359127
4586,4519725.0,0.05634641939965332
4587,4519785.0,0.05622477296058995
4588,4519845.0,0.056114126398344816
4589,4519905.0,0.05600963230347364
4590,4519965.0,0.05591241077420775
4591,4520025.0,0.05582308493681748
4592,4520085.0,0.05578546379987101
4593,4520145.0,0.05578588207976942
4594,4520205.0,0.05578090131601596
4595,4520265.0,0.05578224235543697
4596,4520325.0,0.055777730478984516
4597,4520385.0,0.055783551441324686
4598,4520445.0,0.0558028936380251
4599,4520505.0,0.05581071449476313
4600,4520565.0,0.055832793888800386
4601,4520625.0,0.055826947051762554
4602,4520685.0,0.055813280248210057
4603,4520745.0,0.05576863587730904
4604,4520805.0,0.05571477095182881
4605,4520865.0,0.055633348207359656
4606,4520928.0,0.05550135480247295
4607,4520985.0,0.05536605324754393
4608,4521045.0,0.05524583367506464
4609,4521105.0,0.05515711220476646
4610,4521165.0,0.05502248512538779
4611,4521225.0,0.05473661802862409
4612,4521285.0,0.05432957631297361
4613,4521345.0,0.05396673816115691
4614,4521405.0,0.05377336084471454
4615,4521465.0,0.05373319525872661
4616,4521525.0,0.05374838463356588
4617,4521585.0,0.05378492022079168
4618,4521645.0,0.053838300901051656
4619,4521705.0,0.05391310432648189
4620,4521765.0,0.053903149613958395
4621,4521825.0,0.05385663158758139
4622,4521885.0,0.05376992991601018
4623,4521945.0,0.05368805775349178
4624,4522005.0,0.05359192624419748
4625,4522065.0,0.053484165345380724
4626,4522125.0,0.053397218979978484
4627,4522185.0,0.05330366475596446
4628,4522245.0,0.053213775267390934
4629,4522305.0,0.053121217373099244
4630,4522365.0,0.05304117996973243
4631,4522425.0,0.05295936032032289
4632,4522485.0,0.052847591496429924
4633,4522545.0,0.05273786684021012
4634,4522605.0,0.05267278150425883
4635,4522665.0,0.05263117658524505
4636,4522725.0,0.05260617508499679
4637,4522785.0,0.052606325437353496
4638,4522845.0,0.05262281514889269
4639,4522905.0,0.052621443530726536
4640,4522965.0,0.052600533285610374
4641,4523025.0,0.05257126687228811
4642,4523085.0,0.05253384373345027
4643,4523145.0,0.052508419055619204
4644,4523205.0,0.05245610666661446
4645,4523265.0,0.0524113960981861
4646,4523325.0,0.05234584040439591
4647,4523385.0,0.05227666429868419
4648,4523445.0,0.05221990527723028
4649,4523505.0,0.052118686513457274
4650,4523568.0,0.05202483742670386
4651,4523625.0,0.05191659183218253
4652,4523685.0,0.051822865725854955
4653,4523745.0,0.0517605480556986
4654,4523805.0,0.05170812864925531
4655,4523865.0,0.05167103088618963
4656,4523925.0,0.05162043696966251
4657,4523985.0,0.051584933851124226
4658,4524045.0,0.051567718427739384
4659,4524105.0,0.051560421830126685
4660,4524165.0,0.05156787315976477
4661,4524225.0,0.05157339688723703
4662,4524285.0,0.0515974111958723
4663,4524345.0,0.05163931985741471
4664,4524405.0,0.05168456661329998
4665,4524465.0,0.05170846056477965
4666,4524525.0,0.051685267191095285
4667,4524585.0,0.05165429195225471
4668,4524645.0,0.05163516349319586
4669,4524705.0,0.051600545320525104
4670,4524765.0,0.0515697649310661
4671,4524825.0,0.05153423138340965
4672,4524885.0,0.05149750625389196
4673,4524945.0,0.051468960280304954
4674,4525005.0,0.05143297792024601
4675,4525065.0,0.051415186818734276
4676,4525125.0,0.05140406822458096
4677,4525185.0,0.05141301674227802
4678,4525245.0,0.051442696251416536
4679,4525305.0,0.05147575886409195
4680,4525365.0,0.05151478114753574
4681,4525425.0,0.05153758658400273
4682,4525485.0,0.05157379792741576
4683,4525545.0,0.051611266353817076
4684,4525605.0,0.051653845007562954
4685,4525665.0,0.051735005841541365
4686,4525725.0,0.051827838354577827
4687,4525785.0,0.05193218874985625
4688,4525845.0,0.05201849122331184
4689,4525905.0,0.05209217839435218
4690,4525965.0,0.05216759997309248
4691,4526025.0,0.052223697525475066
4692,4526085.0,0.052280991418304695
4693,4526145.0,0.052277482152542826
4694,4526205.0,0.05226076320827
4695,4526265.0,0.052270245968373236
4696,4526325.0,0.052319221564942314
4697,4526385.0,0.052367844571511946
4698,4526445.0,0.05240890413804558
4699,4526505.0,0.05243329912291869
4700,4526565.0,0.05246391631084982
4701,4526625.0,0.05248145360283504
4702,4526685.0,0.052514357014212254
4703,4526745.0,0.052548606083292454
4704,4526805.0,0.052545602748473974
4705,4526865.0,0.052544410244056455
4706,4526925.0,0.05253729168911375
4707,4526985.0,0.05250976260944437
4708,4527045.0,0.05248664830897995
4709,4527105.0,0.05248867377182173
4710,4527165.0,0.052512928211263576
4711,4527225.0,0.05254650651559972
4712,4527285.0,0.05261293258015762
4713,4527345.0,0.05269051410761219
4714,4527405.0,0.052765089700447965
4715,4527465.0,0.05284936675438706
4716,4527525.0,0.052922203857011546
4717,4527585.0,0.05298251439676796
4718,4527645.0,0.053037450169461986
4719,4527705.0,0.05313040765565877
4720,4527765.0,0.05322257275929923
4721,4527825.0,0.053309121871464
4722,4527885.0,0.05340428114501178
4723,4527945.0,0.05348857906336943
4724,4528008.0,0.05353505686568544
4725,4528065.0,0.05353753663321373
4726,4528125.0,0.05351194355147251
4727,4528185.0,0.05342333486654052
4728,4528245.0,0.053366434322259654
4729,4528305.0,0.05334211213521897
4730,4528365.0,0.05334508561847309
4731,4528425.0,0.053370893934646446
4732,4528485.0,0.05341475262819528
4733,4528545.0,0.053472157262266395
4734,4528605.0,0.053515777249044355
4735,4528665.0,0.05353215666855041
4736,4528725.0,0.05352111164166687
4737,4528785.0,0.05347660074575833
4738,4528845.0,0.0534134751989839
4739,4528905.0,0.05335330818113962
4740,4528965.0,0.05330351547145687
4741,4529025.0,0.05326076809941335
4742,4529085.0,0.05322506012858977
4743,4529145.0,0.05321454891157476
4744,4529205.0,0.05321815881753275
4745,4529265.0,0.05326051456024536
4746,4529325.0,0.05330754233011409
4747,4529385.0,0.05337510410103233
4748,4529445.0,0.05346239883504103
4749,4529505.0,0.05355302911830592
4750,4529565.0,0.05361937480308607
4751,4529625.0,0.05363997536553203
4752,4529685.0,0.05363283491082382
4753,4529745.0,0.05362456270685234
4754,4529805.0,0.0536128499561874
4755,4529865.0,0.05357323293750285
4756,4529925.0,0.05348804752330566
4757,4529985.0,0.05338075685928542
4758,4530045.0,0.053289370934010344
4759,4530105.0,0.05318427604797049
4760,4530165.0,0.0530960189266631
4761,4530225.0,0.053002608308019755
4762,4530285.0,0.05292925350612604
4763,4530345.0,0.05286819682641267
4764,4530408.0,0.05282733342101112
4765,4530465.0,0.052823466737946106
4766,4530525.0,0.05287543441591683
4767,4530585.0,0.05293138128158478
4768,4530645.0,0.052991064976911445
4769,4530705.0,0.05304243494357189
4770,4530765.0,0.053088755565181944
4771,4530825.0,0.053113043342646576
4772,4530885.0,0.05308980985864917
4773,4530945.0,0.053042071881608394
4774,4531005.0,0.05299758757217535
4775,4531065.0,0.05295258551610574
4776,4531125.0,0.05288855761676928
4777,4531185.0,0.05284839639333119
4778,4531245.0,0.052812257287991354
4779,4531305.0,0.05278710119230104
4780,4531365.0,0.05276373270267129
4781,4531425.0,0.052742716767852
4782,4531485.0,0.052743358328611184
4783,4531545.0,0.052770379343902746
4784,4531605.0,0.05278810022163127
4785,4531665.0,0.05281589867240841
4786,4531725.0,0.05283615455366564
4787,4531785.0,0.052843330435353636
4788,4531845.0,0.05284129084584324
4789,4531905.0,0.052844729770293114
4790,4531965.0,0.052852613047664726
4791,4532025.0,0.05286437460457363
4792,4532088.0,0.05288614051639248
4793,4532145.0,0.052913713654112626
4794,4532205.0,0.05295361757025088
4795,4532265.0,0.05298908309317271
4796,4532325.0,0.053027514934321035
4797,4532385.0,0.053053543818331966
4798,4532445.0,0.053083736406500354
4799,4532505.0,0.05313226064562504
4800,4532565.0,0.053253319805814464
4801,4532625.0,0.053375801555954644
4802,4532685.0,0.05351232532093214
4803,4532745.0,0.053651862171173764
4804,4532805.0,0.05376650531553173
4805,4532868.0,0.05384177956409622
4806,4532925.0,0.05386597743604776
4807,4532985.0,0.05385041321216358
4808,4533045.0,0.05380926398929653
4809,4533105.0,0.05376117033604136
4810,4533165.0,0.05370283857781313
4811,4533225.0,0.05365713396656338
4812,4533285.0,0.053612949486047695
4813,4533345.0,0.053593365404816934
4814,4533405.0,0.053606211116065144
4815,4533465.0,0.05365121022169361
4816,4533525.0,0.05374189204046265
4817,4533585.0,0.05384590419175275
4818,4533645.0,0.05390553030272796
4819,4533705.0,0.05390624077825881
4820,4533765.0,0.05388104054662082
4821,4533825.0,0.053848514007568044
4822,4533885.0,0.05382226848477187
4823,4533945.0,0.05380712854970973
4824,4534005.0,0.05379643062399306
4825,4534065.0,0.05377309751095019
4826,4534125.0,0.0537165725356947
4827,4534185.0,0.05364969622767446
4828,4534248.0,0.05358756047440691
4829,4534305.0,0.05353525363191666
4830,4534365.0,0.05348678005832713
4831,4534425.0,0.05345141171639042
4832,4534485.0,0.05344016194310999
4833,4534545.0,0.05345677668982027
4834,4534605.0,0.0534546546534988
4835,4534665.0,0.05347978747373469
4836,4534725.0,0.053499273457669666
4837,4534785.0,0.053521083701532995
4838,4534845.0,0.05357040459689494
4839,4534905.0,0.053619950535139016
4840,4534965.0,0.05367044710111782
4841,4535025.0,0.05372896583881645
4842,4535088.0,0.05376287102391142
4843,4535145.0,0.053800514969832486
4844,4535205.0,0.05383217268315296
4845,4535265.0,0.05389797338482241
4846,4535325.0,0.05399223995677924
4847,4535385.0,0.054084735576671344
4848,4535445.0,0.05412536961557993
4849,4535505.0,0.05415172024696402
4850,4535565.0,0.0541822611541429
4851,4535625.0,0.05420771594630838
4852,4535685.0,0.05422752331140271
4853,4535745.0,0.05423625140345034
4854,4535805.0,0.05423952150814046
4855,4535868.0,0.05423981355054011
4856,4535925.0,0.05422453912257588
4857,4535985.0,0.05420194025031319
4858,4536045.0,0.05417730942434429
4859,4536105.0,0.05415722156709607
4860,4536165.0,0.05413809285710611
4861,4536225.0,0.05412623280885526
4862,4536285.0,0.054121505645396084
4863,4536345.0,0.05410639961242794
4864,4536405.0,0.054081083693787696
4865,4536465.0,0.05402885092874962
4866,4536525.0,0.0539560542104299
4867,4536585.0,0.0538924177300954
4868,4536645.0,0.05341434457632693
4869,4536705.0,0.05293213911379932
4870,4536765.0,0.05243829440417988
4871,4536825.0,0.051964386029476256
4872,4536885.0,0.051481313060336126
4873,4536945.0,0.05106721598768607
4874,4537005.0,0.05067762899559872
4875,4537065.0,0.05028526612708284
4876,4537125.0,0.04989735303214668
4877,4537185.0,0.0495097077438556
4878,4537245.0,0.0491215141116253
4879,4537305.0,0.04873089884844173
4880,4537365.0,0.048331068869694765
4881,4537428.0,0.04794523190977351
4882,4537485.0,0.04753999797010361
4883,4537545.0,0.04715163567960906
4884,4537605.0,0.0468003337053709
4885,4537665.0,0.04646247519001001
4886,4537725.0,0.0461323028192053
4887,4537788.0,0.045804084207513945
4888,4537845.0,0.04547327014247035
4889,4537905.0,0.04510966092197652
4890,4537965.0,0.044719000419235294
4891,4538025.0,0.04432628762179422
4892,4538085.0,0.04390594074311058
4893,4538145.0,0.04348344563043269
4894,4538205.0,0.043060451906145186
4895,4538265.0,0.0426326844397642
4896,4538325.0,0.042221887063982805
4897,4538385.0,0.04181662296118069
4898,4538445.0,0.04142237969198323
4899,4538505.0,0.04097886816324092
4900,4538565.0,0.0405077397622704
4901,4538625.0,0.04003187019407953
4902,4538685.0,0.03953254272843931
4903,4538745.0,0.039046867316994444
4904,4538805.0,0.038554457230257244
4905,4538868.0,0.038063930345271835
4906,4538925.0,0.03759030450553119
4907,4538985.0,0.03714586218316315
4908,4539045.0,0.03674881020982321
4909,4539105.0,0.03635407004726873
4910,4539165.0,0.03595870450603564
4911,4539225.0,0.035585302977766214
4912,4539285.0,0.03521022386175332
4913,4539345.0,0.03484067516608885
4914,4539405.0,0.03448033760674524
4915,4539465.0,0.03414152224287509
4916,4539525.0,0.03382190664489676
4917,4539585.0,0.03350148469899708
4918,4539645.0,0.03318754347866723
4919,4539705.0,0.03285926329727379
4920,4539765.0,0.03252458573153741
4921,4539825.0,0.03220406080759039
4922,4539885.0,0.03187689824836154
4923,4539945.0,0.031537998170117015
4924,4540005.0,0.03118178345310288
4925,4540065.0,0.03079494986483522
4926,4540125.0,0.030400837439930634
4927,4540185.0,0.029972792208419113
4928,4540245.0,0.029540968855298777
4929,4540305.0,0.02909448032642853
4930,4540368.0,0.028645861787511467
4931,4540425.0,0.028213275386693187
4932,4540485.0,0.027770303100886157
4933,4540545.0,0.027325620829278696
4934,4540605.0,0.02687530638241023
4935,4540665.0,0.026457487392393786
4936,4540725.0,0.02608746910170906
4937,4540785.0,0.02573379237583498
4938,4540845.0,0.025393234936956277
4939,4540905.0,0.02506384262727049
4940,4540965.0,0.02473594819240124
4941,4541025.0,0.02442544827423429
4942,4541085.0,0.02409563017089489
4943,4541145.0,0.023761520938039044
4944,4541205.0,0.023401883215301122
4945,4541265.0,0.02302103398084568
4946,4541325.0,0.022630822994369304
4947,4541385.0,0.0222287197312718
4948,4541445.0,0.021825304497033293
4949,4541505.0,0.02142149508501323
4950,4541565.0,0.021024157514086927
4951,4541625.0,0.020650914993373765
4952,4541685.0,0.020279004438855747
4953,4541745.0,0.019919654548372856
4954,4541805.0,0.01955486938346851
4955,4541865.0,0.019179866885134594
4956,4541925.0,0.018791733929330062
4957,4541985.0,0.01835798169573974
4958,4542045.0,0.017907243622138053
4959,4542105.0,0.017442231022658183
4960,4542165.0,0.01696823577437165
4961,4542225.0,0.016511440135948935
4962,4542285.0,0.016040311034843407
4963,4542345.0,0.01557971227533736
4964,4542405.0,0.015126532413311078
4965,4542465.0,0.014709387327274531
4966,4542525.0,0.01434532939600483
4967,4542585.0,0.013987232812026212
4968,4542645.0,0.013649910635591206
4969,4542705.0,0.013305355474226677
4970,4542765.0,0.012963450279936145
4971,4542825.0,0.01262262994056601
4972,4542885.0,0.012273012561671487
4973,4542945.0,0.011901707358959956
4974,4543005.0,0.011490103793923179
4975,4543065.0,0.011047770302984733
4976,4543125.0,0.010607130049715974
4977,4543185.0,0.010150574293882636
4978,4543245.0,0.009692578930121626
4979,4543305.0,0.00922400525188416
4980,4543365.0,0.008746349275604942
4981,4543425.0,0.008307133848773157
4982,4543488.0,0.007862501050606235
4983,4543545.0,0.007427869224748418
4984,4543605.0,0.007002748451813895
4985,4543665.0,0.006614591967591538
4986,4543725.0,0.006257353560456619
4987,4543785.0,0.005904904928930477
4988,4543845.0,0.00557003360889316
4989,4543905.0,0.005235793453168769
4990,4543965.0,0.004894304843580083
4991,4544025.0,0.004540555769961568
4992,4544085.0,0.004177711124545597
4993,4544145.0,0.003802119034704232
4994,4544205.0,0.003397394953602334
4995,4544265.0,0.0029500127253516972
4996,4544325.0,0.002470318959609946
4997,4544385.0,0.001966328972957704
4998,4544445.0,0.001503921240865902
4999,4544505.0,0.0010945374011007425
5000,4544565.0,0.0007016649681545195
5001,4544625.0,0.0003199901575268449
5002,4544685.0,-6.771276620715083e-05
5003,4544745.0,-0.00045290112483503675
5004,4544805.0,-0.0008356926637254347
5005,4544865.0,-0.0012053126892069554
5006,4544925.0,-0.0015230250388854338
5007,4544985.0,-0.0018302075911214577
5008,4545045.0,-0.0021330102795670824
5009,4545105.0,-0.002441139874282572
5010,4545165.0,-0.0027504051318039957
5011,4545225.0,-0.0030571514087177343
5012,4545285.0,-0.003391032104449798
5013,4545345.0,-0.0037462926496180105
5014,4545405.0,-0.004100164760996422
5015,4545465.0,-0.0044740867303812715
5016,4545525.0,-0.004835774239594776
5017,4545585.0,-0.0052087150073432675
5018,4545645.0,-0.005609204720051386
5019,4545705.0,-0.006020533789991539
5020,4545765.0,-0.006450468465354187
5021,4545825.0,-0.0068874623778667765
5022,4545885.0,-0.0073243322899019525
5023,4545945.0,-0.007774572457227097
5024,4546005.0,-0.008220642275360984
5025,4546065.0,-0.008670609274017166
5026,4546125.0,-0.009103262927891237
5027,4546185.0,-0.009531727903470177
5028,4546245.0,-0.009888105773144334
5029,4546305.0,-0.01023170575465085
5030,4546365.0,-0.010571430555987332
5031,4546425.0,-0.010893522342834694
5032,4546485.0,-0.011225061428382116
5033,4546545.0,-0.011556210435763686
5034,4546605.0,-0.011899740771808276
5035,4546665.0,-0.01224513668179436
5036,4546725.0,-0.011898816960531161
5037,4546785.0,-0.011372737993467413
5038,4546845.0,-0.010825305320925183
5039,4546905.0,-0.010223621505684927
5040,4546965.0,-0.00997109808388788
5041,4547025.0,-0.009530538614099388
5042,4547085.0,-0.009379901342241842
5043,4547145.0,-0.009403559404655398
5044,4547205.0,-0.009418832742688149
5045,4547265.0,-0.009395167246299851
5046,4547325.0,-0.009305713136935928
5047,4547385.0,-0.009217041998000858
5048,4547445.0,-0.008718837280686148
5049,4547505.0,-0.008191609393099458
5050,4547565.0,-0.007663652533057869
5051,4547625.0,-0.007145730933229594
5052,4547685.0,-0.00663740069740773
5053,4547745.0,-0.00610271949994845
5054,4547805.0,-0.005555797732432671
5055,4547865.0,-0.00500712747892304
5056,4547925.0,-0.004437679134219358
5057,4547985.0,-0.003755084334036818
5058,4548045.0,-0.0029756649553199788
5059,4548105.0,-0.002291066611797038
5060,4548165.0,-0.0017022744524285982
5061,4548225.0,-0.0010525479855260922
5062,4548285.0,-0.00033121751099482455
5063,4548345.0,0.0004171922273876194
5064,4548405.0,0.001167838670864757
5065,4548465.0,0.0018833915938603896
5066,4548525.0,0.002584977295241514
5067,4548585.0,0.0032637382690539063
5068,4548645.0,0.0038986679192759
5069,4548705.0,0.0045567179708558
5070,4548765.0,0.005184883500335885
5071,4548825.0,0.005810164974741655
5072,4548885.0,0.0064372963332761934
5073,4548945.0,0.007057367262312625
5074,4549005.0,0.007719252713508706
5075,4549065.0,0.008419352657386636
5076,4549125.0,0.009176493965059429
5077,4549185.0,0.009902830035313032
5078,4549245.0,0.010603982602734624
5079,4549305.0,0.01132641216617461
5080,4549365.0,0.012053883320388314
5081,4549425.0,0.01279752922218727
5082,4549485.0,0.013574038947874817
5083,4549545.0,0.014363784405388796
5084,4549605.0,0.015181241468497114
5085,4549665.0,0.016004941586385296
5086,4549725.0,0.016821060298828405
5087,4549785.0,0.01763777205697295
5088,4549845.0,0.01844387918008386
5089,4549905.0,0.019288813239340646
5090,4549965.0,0.02013449063277631
5091,4550025.0,0.021005875013465458
5092,4550085.0,0.021888479974800396
5093,4550145.0,0.022745964006554542
5094,4550205.0,0.023590268502882705
5095,4550265.0,0.02439929890704931
5096,4550325.0,0.025181092663141197
5097,4550385.0,0.025959098886246562
5098,4550445.0,0.026736750133030368
5099,4550505.0,0.02754813639561246
5100,4550565.0,0.02833064522946241
5101,4550625.0,0.02908110882782211
5102,4550685.0,0.029809481689925282
5103,4550745.0,0.030523651066011764
5104,4550805.0,0.031255707922331594
5105,4550865.0,0.031988348608924994
5106,4550925.0,0.03272082832828818
5107,4550985.0,0.033437316243501464
5108,4551045.0,0.0341436012805216
5109,4551105.0,0.034849518436011945
5110,4551165.0,0.03553846101465549
5111,4551225.0,0.03629639804358065
5112,4551285.0,0.037107583051414206
5113,4551345.0,0.03792019315271042
5114,4551405.0,0.03875616116481981
5115,4551465.0,0.03961812216210622
5116,4551525.0,0.04050472834081273
5117,4551585.0,0.041388815956826364
5118,4551645.0,0.04219149705922051
5119,4551705.0,0.042978839831094434
5120,4551765.0,0.04377824548564738
5121,4551825.0,0.04457194681344415
5122,4551885.0,0.0453982693775474
5123,4551945.0,0.04625071142837403
5124,4552005.0,0.04709150108907595
5125,4552065.0,0.04796002960854334
5126,4552125.0,0.04883201463295486
5127,4552185.0,0.04970447683790538
5128,4552245.0,0.05057538937535108
5129,4552305.0,0.05147229891018207
5130,4552365.0,0.05234721980953333
5131,4552428.0,0.05319969387307816
5132,4552485.0,0.05404820722255674
5133,4552545.0,0.054866287848111844
5134,4552608.0,0.055685768267643765
5135,4552665.0,0.056557900079412665
5136,4552725.0,0.05742758857287558
5137,4552785.0,0.05829770471618781
5138,4552845.0,0.0591480389644001
5139,4552905.0,0.05999686811515906
5140,4552965.0,0.06081108782175629
5141,4553025.0,0.061610030577040675
5142,4553085.0,0.062410697983649094
5143,4553145.0,0.06322288927267775
5144,4553205.0,0.0640419915970811
5145,4553265.0,0.06484207316736687
5146,4553325.0,0.06562578701973745
5147,4553385.0,0.06643084946820596
5148,4553445.0,0.06725411433293985
5149,4553505.0,0.06804104274824432
5150,4553565.0,0.06880850427743948
5151,4553625.0,0.06956910270272645
5152,4553685.0,0.07034303171672909
5153,4553745.0,0.07114938925076666
5154,4553805.0,0.07196826254939317
5155,4553865.0,0.07282191956827991
5156,4553925.0,0.07368161512488972
5157,4553985.0,0.07454119525604416
5158,4554045.0,0.07537642238105521
5159,4554105.0,0.07621514529234705
5160,4554165.0,0.07704060580926539
5161,4554225.0,0.08061404236265166
5162,4554285.0,0.08315868815972136
5163,4554345.0,0.08508238865531662
5164,4554405.0,0.08691440441842271
5165,4554465.0,0.08739134125203787
5166,4554525.0,0.08783257344476955
5167,4554585.0,0.08818153494864586
5168,4554645.0,0.08821806949159236
5169,4554705.0,0.08825405920521737
5170,4554765.0,0.08828287426475254
5171,4554825.0,0.08829195902554057
5172,4554888.0,0.08826859866736605
5173,4554945.0,0.08822893616193098
5174,4555005.0,0.08818264383172761
5175,4555065.0,0.08813744116016706
5176,4555125.0,0.08869352584859949
5177,4555185.0,0.08945469211622023
5178,4555245.0,0.09003168389979258
5179,4555305.0,0.0904959186688942
5180,4555365.0,0.09254075782620866
5181,4555425.0,0.0944392235713716
5182,4555485.0,0.09611906274567208
5183,4555545.0,0.09775749883996163
5184,4555605.0,0.09824283321119345
5185,4555665.0,0.0987705116846723
5186,4555725.0,0.09916446875279875
5187,4555785.0,0.09961277774047425
5188,4555845.0,0.10017326207398472
5189,4555905.0,0.10066230613168328
5190,4555965.0,0.1010495586494787
5191,4556025.0,0.10150828707756274
5192,4556085.0,0.10219024535958063
5193,4556145.0,0.10284886901583587
5194,4556205.0,0.10342174585524286
5195,4556265.0,0.10397512691859209
5196,4556325.0,0.10602134741570043
5197,4556385.0,0.10784032832877669
5198,4556445.0,0.10950464875939428
5199,4556505.0,0.11113434151948928
5200,4556565.0,0.11281270027930704
5201,4556625.0,0.11328386406085297
5202,4556685.0,0.11382576754716325
5203,4556745.0,0.11440450913335873
5204,4556805.0,0.11494463160247217
5205,4556865.0,0.11553211820660234
5206,4556925.0,0.11630166278309009
5207,4556985.0,0.1171738851336954
5208,4557045.0,0.11778172848855142
5209,4557105.0,0.118285835141092
5210,4557165.0,0.11886210274964168
5211,4557225.0,0.1195253165413965
5212,4557285.0,0.12025841569129322
5213,4557345.0,0.12223361163172577
5214,4557405.0,0.12416858125832123
5215,4557465.0,0.12607303331698047
5216,4557525.0,0.12541098953585197
5217,4557585.0,0.12451288303201888
5218,4557645.0,0.12358514154015418
5219,4557705.0,0.12258012593434378
5220,4557765.0,0.12191783793704905
5221,4557825.0,0.12107315091771462
5222,4557885.0,0.12117370304147648
5223,4557945.0,0.12165809904690697
5224,4558005.0,0.12189506823493598
5225,4558065.0,0.12206759056739605
5226,4558125.0,0.12218476910244544
5227,4558185.0,0.12365546567818855
5228,4558245.0,0.12508039619863268
5229,4558305.0,0.12633089204257789
5230,4558365.0,0.1275226696689931
5231,4558425.0,0.1275219631956576
5232,4558485.0,0.12763867975601953
5233,4558545.0,0.12773109485973158
5234,4558605.0,0.12789095650785423
5235,4558665.0,0.1281380103774368
5236,4558725.0,0.12831450138922054
5237,4558785.0,0.12843495227571103
5238,4558845.0,0.12830264430215657
5239,4558905.0,0.12811158871088305
5240,4558965.0,0.12952961458785503
5241,4559025.0,0.1308741864333082
5242,4559085.0,0.13191151812314153
5243,4559145.0,0.13289925390589427
5244,4559205.0,0.13256776341423135
5245,4559265.0,0.1322207538786955
5246,4559325.0,0.13188351970748022
5247,4559385.0,0.13155485063254727
5248,4559445.0,0.13132181088860337
5249,4559508.0,0.13122960604149245
5250,4559565.0,0.13127795218005925
5251,4559625.0,0.13129381220784694
5252,4559685.0,0.13128918124714292
5253,4559745.0,0.13133489397280299
5254,4559805.0,0.13134944405001212
5255,4559865.0,0.13135739948073274
5256,4559925.0,0.13131036201379523
5257,4559985.0,0.13129563856717355
5258,4560045.0,0.1313045134549005
5259,4560105.0,0.13125005771936762
5260,4560165.0,0.13114160196010552
5261,4560225.0,0.13108237304362033
5262,4560285.0,0.13103594811277966
5263,4560345.0,0.13089403215807024
5264,4560405.0,0.13075050675051877
5265,4560465.0,0.13065458134571525
5266,4560525.0,0.13050914841193753
5267,4560585.0,0.1303476121868262
5268,4560645.0,0.13020057153795941
5269,4560705.0,0.13000933436790055
5270,4560765.0,0.12981573910101815
5271,4560825.0,0.12961825839098487
5272,4560885.0,0.13140525396475114
5273,4560945.0,0.13251764753332748
5274,4561005.0,0.13335987797996232
5275,4561065.0,0.13411116801295045
5276,4561125.0,0.1348814268537292
5277,4561185.0,0.13554032487795378
5278,4561245.0,0.13636964282304723
5279,4561305.0,0.13728153843478882
5280,4561365.0,0.13823483026305441
5281,4561425.0,0.139198175113214
5282,4561485.0,0.14015195654553267
5283,4561545.0,0.14109047003855787
5284,4561605.0,0.1420698567285337
5285,4561665.0,0.14308050434234024
5286,4561725.0,0.144097485447191
5287,4561785.0,0.14520090867628202
5288,4561845.0,0.146370529445314
5289,4561905.0,0.14764054476767655
5290,4561965.0,0.14903557891371014
5291,4562025.0,0.1503689180634669
5292,4562085.0,0.15159378628571316
5293,4562145.0,0.15287056064928858
5294,4562205.0,0.15420828689440733
5295,4562265.0,0.1556772470996741
5296,4562325.0,0.15701460744944343
5297,4562385.0,0.15822269119215962
5298,4562445.0,0.1595478264210198
5299,4562505.0,0.16087984464588154
5300,4562565.0,0.16227374595997654
5301,4562625.0,0.1636956559128349
5302,4562685.0,0.16510748944895096
5303,4562745.0,0.16641394744082363
5304,4562805.0,0.16772612667245065
5305,4562865.0,0.16895328700419723
5306,4562925.0,0.1701335207064261
5307,4562985.0,0.17148011328109855
5308,4563045.0,0.1728624793116267
5309,4563105.0,0.17411887368873966
5310,4563165.0,0.17544135008233677
5311,4563225.0,0.17673288867872752
5312,4563285.0,0.17801960190414248
5313,4563345.0,0.17930909315514912
5314,4563405.0,0.18059598852314782
5315,4563465.0,0.1818948762148381
5316,4563525.0,0.18315007773109163
5317,4563585.0,0.18445652746573413
5318,4563645.0,0.18579652996693388
5319,4563705.0,0.1871389380368512
5320,4563765.0,0.1884819087511043
5321,4563825.0,0.18979377010645973
5322,4563888.0,0.1911186737613603
5323,4563945.0,0.19242334232696237
5324,4564005.0,0.1938273071300131
5325,4564065.0,0.19523636637894284
5326,4564125.0,0.19674238488579035
5327,4564185.0,0.19806088848484102
5328,4564245.0,0.1993326391061074
5329,4564305.0,0.20070382781035814
5330,4564365.0,0.20209194621740847
5331,4564425.0,0.2035958788823797
5332,4564485.0,0.2050736670518787
5333,4564545.0,0.20654873916387825
5334,4564605.0,0.20785604043389652
5335,4564665.0,0.20906531492545513
5336,4564725.0,0.21029777653019047
5337,4564785.0,0.21154713934097494
5338,4564848.0,0.21281954509166287
5339,4564905.0,0.2140778644711118
5340,4564965.0,0.21545605681473087
5341,4565025.0,0.2140848862708348
5342,4565085.0,0.21373822689632857
5343,4565145.0,0.21394392180417457
5344,4565205.0,0.21417861494054072
5345,4565265.0,0.2157743415132317
5346,4565325.0,0.21752543126864418
5347,4565385.0,0.21940276298733866
5348,4565445.0,0.2215900513136971
5349,4565505.0,0.22377133851672357
5350,4565565.0,0.22595661077134718
5351,4565625.0,0.22811329068462136
5352,4565685.0,0.23031388564050395
5353,4565745.0,0.23256444315895716
5354,4565805.0,0.2348291489882343
5355,4565865.0,0.2370583464769839
5356,4565925.0,0.23871274626973174
5357,4565985.0,0.24017276136743984
5358,4566045.0,0.24186666509653146
5359,4566105.0,0.2436213258672418
5360,4566165.0,0.24386816510508888
5361,4566225.0,0.24438623330878237
5362,4566285.0,0.24512455260331042
5363,4566345.0,0.24574330392744223
5364,4566405.0,0.24755324817672722
5365,4566465.0,0.24932380659504436
5366,4566525.0,0.25121612361317514
5367,4566585.0,0.253068823004042
5368,4566645.0,0.25475014500335313
5369,4566705.0,0.25664996911523863
5370,4566765.0,0.2586785410701792
5371,4566825.0,0.2606632746861961
5372,4566885.0,0.26241443050564495
5373,4566945.0,0.2639484206352878
5374,4567005.0,0.2656216844041914
5375,4567065.0,0.2673304304748739
5376,4567125.0,0.26757544525356824
5377,4567185.0,0.2680430808883699
5378,4567245.0,0.2688010610536592
5379,4567305.0,0.26968175029245456
5380,4567365.0,0.27060105538187595
5381,4567425.0,0.2724412918260848
5382,4567488.0,0.2741501315955944
5383,4567545.0,0.2758606197687552
5384,4567605.0,0.27759210330864814
5385,4567665.0,0.27931127456411287
5386,4567725.0,0.2808693693612724
5387,4567785.0,0.2826159678875775
5388,4567845.0,0.28443791479312297
5389,4567905.0,0.28634469189337886
5390,4567965.0,0.2881494221154952
5391,4568025.0,0.28979994540928267
5392,4568085.0,0.2913574307553084
5393,4568145.0,0.2916955643732817
5394,4568205.0,0.29216293996100595
5395,4568265.0,0.2927250354626221
5396,4568325.0,0.29514147435415317
5397,4568385.0,0.2975202309255681
5398,4568445.0,0.2997513631129113
5399,4568508.0,0.3020765863996451
5400,4568565.0,0.30441537310636513
5401,4568625.0,0.30671167349987793
5402,4568685.0,0.3089981352675979
5403,4568745.0,0.3112281002134425
5404,4568805.0,0.31358442692733823
5405,4568865.0,0.315821317722465
5406,4568925.0,0.3178556855047975
5407,4568985.0,0.3187109050542355
5408,4569045.0,0.31967324663570573
5409,4569105.0,0.32070741109092016
5410,4569165.0,0.32170566247359733
5411,4569225.0,0.32375738596752945
5412,4569285.0,0.32581478472314607
5413,4569345.0,0.3278739003745098
5414,4569405.0,0.3299182175362515
5415,4569465.0,0.3318922307434079
5416,4569525.0,0.33392437977169387
5417,4569585.0,0.33590425375597477
5418,4569645.0,0.33799955133868853
5419,4569705.0,0.34021016541205684
5420,4569765.0,0.3408977333779486
5421,4569825.0,0.34156709148914777
5422,4569885.0,0.3424552997325885
5423,4569945.0,0.3433760380553368
5424,4570005.0,0.3455119907311146
5425,4570065.0,0.3476074902611318
5426,4570125.0,0.3496980726297708
5427,4570185.0,0.35187106395630996
5428,4570245.0,0.3539304976746044
5429,4570305.0,0.35588433868627745
5430,4570365.0,0.35767286843481394
5431,4570425.0,0.3595515089946252
5432,4570485.0,0.3615145636682099
5433,4570545.0,0.3634812901484471
5434,4570605.0,0.36541427480481936
5435,4570665.0,0.3671672112153358
5436,4570725.0,0.3688683900721297
5437,4570785.0,0.3705361033357749
5438,4570845.0,0.3722921159222181
5439,4570905.0,0.37417286679611295
5440,4570965.0,0.37615424560254784
5441,4571025.0,0.3780137072194397
5442,4571085.0,0.3798601226143038
5443,4571145.0,0.38163924305909924
5444,4571205.0,0.38339725853204654
5445,4571265.0,0.3851627137746084
5446,4571325.0,0.38691591938535075
5447,4571385.0,0.3887260869248357
5448,4571445.0,0.39066079149546673
5449,4571505.0,0.392360688159909
5450,4571565.0,0.3940616396579816
5451,4571625.0,0.3959764795000228
5452,4571685.0,0.39592669226113364
5453,4571745.0,0.3963666372079272
5454,4571805.0,0.39713765188185735
5455,4571865.0,0.39801051353036054
5456,4571925.0,0.3988697465489045
5457,4571985.0,0.39982965356715516
5458,4572045.0,0.40060641803216357
5459,4572105.0,0.40126799006818925
5460,4572168.0,0.4018652149789591
5461,4572225.0,0.4024832035127569
5462,4572285.0,0.4031396789932311
5463,4572345.0,0.4038707401926772
5464,4572405.0,0.4044874117247593
5465,4572465.0,0.40508075128331045
5466,4572525.0,0.4056125769532998
5467,4572585.0,0.4061118809599834
5468,4572645.0,0.4066713701496635
5469,4573660.0,0.4070631434206412
5470,4573663.0,0.4073524032174517
5471,4573666.0,0.4076372154201543
5472,4573669.0,0.40797506872623623
5473,4573672.0,0.40828079135713746
5474,4573675.0,0.40849890230198993
5475,4573678.0,0.408560827947294
5476,4573681.0,0.4087190373615561
5477,4573684.0,0.4089967181428359
5478,4573687.0,0.4092346717352554
5479,4573690.0,0.4094625074191115
5480,4573693.0,0.4096061058097751
5481,4573696.0,0.40971383523328286
5482,4573699.0,0.40978883364117036
5483,4573702.0,0.40993560484387104
5484,4573725.0,0.4100769920214421
5485,4573785.0,0.4104455460716244
5486,4573845.0,0.4108399121012598
5487,4573905.0,0.41090610514457115
5488,4573965.0,0.4109379290406602
5489,4574025.0,0.4110699379255245
5490,4574085.0,0.4111703259320203
5491,4574145.0,0.4113086112716099
5492,4574205.0,0.41148382534752503
5493,4574265.0,0.4117690259455846
5494,4574325.0,0.4120828039051173
5495,4574385.0,0.4123620595997136
5496,4574445.0,0.41264385349899635
5497,4574505.0,0.4129328509000306
5498,4574565.0,0.4132466365582421
5499,4574625.0,0.41359435090271524
5500,4574685.0,0.41398807439773544
5501,4574745.0,0.4144516687815051
5502,4574805.0,0.41501292765831466
5503,4574865.0,0.41559833476709096
5504,4574925.0,0.41605615500112236
5505,4574985.0,0.41652570116653354
5506,4575045.0,0.41699770235695965
5507,4575105.0,0.4177317596499118
5508,4575165.0,0.41855129672956193
5509,4575225.0,0.4191573324822603
5510,4575285.0,0.41979810220385694
5511,4575345.0,0.42045132801888896
5512,4575405.0,0.42113952417144607
5513,4575465.0,0.4218169822273067
5514,4575525.0,0.42262492755051373
5515,4575585.0,0.4234878825698961
5516,4575645.0,0.4243418459992655
5517,4575705.0,0.4251184247172831
5518,4575765.0,0.42590773019153094
5519,4575825.0,0.4266525882178288
5520,4575885.0,0.42735180469884504
5521,4575945.0,0.42800754644136696
5522,4576005.0,0.42872881197345347
5523,4576065.0,0.42958770649040745
5524,4576125.0,0.43045928404029643
5525,4576185.0,0.43133455025302647
5526,4576248.0,0.43206410466559364
5527,4576305.0,0.43282882213197593
5528,4576365.0,0.43404157126671117
5529,4576425.0,0.4349492053089503
5530,4576485.0,0.4357875978739959
5531,4576545.0,0.4361239848306514
5532,4576605.0,0.4363910831288008
5533,4576665.0,0.43609682050075305
5534,4576725.0,0.43578125194553885
5535,4576785.0,0.43550565508927186
5536,4576845.0,0.4351092577100337
5537,4576905.0,0.4346901043199288
5538,4576965.0,0.434212688038523
5539,4577025.0,0.43378749938254235
5540,4577085.0,0.433337634755112
5541,4577145.0,0.4327762533770748
5542,4577205.0,0.4322407877825253
5543,4577265.0,0.4318415048070189
5544,4577325.0,0.43137786608959605
5545,4577388.0,0.43086065162605636
5546,4577445.0,0.43034366297189786
5547,4577505.0,0.4298870290787673
5548,4577565.0,0.4296180650438912
5549,4577625.0,0.4292589789032327
5550,4577685.0,0.42887029996311277
5551,4577745.0,0.4283415598666246
5552,4577805.0,0.42782057160374143
5553,4577865.0,0.42752095585708483
5554,4577925.0,0.42714290974580515
5555,4577985.0,0.42676903792594223
5556,4578045.0,0.4263953935165461
5557,4578105.0,0.42605508292829775
5558,4578165.0,0.4258008222262234
5559,4578225.0,0.4254929849817871
5560,4578285.0,0.4256417368208498
5561,4578345.0,0.4261418649684543
5562,4578408.0,0.426267328874553
5563,4578465.0,0.4265237679285826
5564,4578525.0,0.4268637927206763
5565,4578585.0,0.4271474958746625
5566,4578645.0,0.42747803640062787
5567,4578705.0,0.4275652097506023
5568,4578765.0,0.42784421006140805
5569,4578825.0,0.42819638092086243
5570,4578885.0,0.42865362959611397
5571,4578945.0,0.42915253680064525
5572,4579005.0,0.42961592315925035
5573,4579065.0,0.4300824066184167
5574,4579125.0,0.43043449353969765
5575,4579185.0,0.43072522243724787
5576,4579245.0,0.4324455439077055
5577,4579305.0,0.4330453372294333
5578,4579365.0,0.4337579483502073
5579,4579425.0,0.43450849052323737
5580,4579485.0,0.43545757320341916
5581,4579545.0,0.43655159480580374
5582,4579605.0,0.4370399336336791
5583,4579665.0,0.43747017396955945
5584,4579725.0,0.43797967329229703
5585,4579785.0,0.4391507381439059
5586,4579845.0,0.44008418485073364
5587,4579905.0,0.4405056089407692
5588,4579965.0,0.44092004392285444
5589,4580025.0,0.44141523988758724
5590,4580085.0,0.4419590245551751
5591,4580145.0,0.4420833056853307
5592,4580205.0,0.44204185831939335
5593,4580265.0,0.44158066776129046
5594,4580325.0,0.44112005731131176
5595,4580385.0,0.44032926217603174
5596,4580445.0,0.43955748511409454
5597,4580505.0,0.4388402952681886
5598,4580565.0,0.43805876482557304
5599,4580625.0,0.43723740928709565
5600,4580685.0,0.43647745974646546
5601,4580745.0,0.43566715919489696
5602,4580805.0,0.43498248973488507
5603,4580865.0,0.4341957123259744
5604,4580925.0,0.4336663747214823
5605,4580985.0,0.43312412308154813
5606,4581045.0,0.4331955784442425
5607,4581105.0,0.4336543259884008
5608,4581165.0,0.43374437688966483
5609,4581225.0,0.4337660802508895
5610,4581285.0,0.43375036985286475
5611,4581345.0,0.43365096027043204
5612,4581405.0,0.4335311147816855
5613,4581465.0,0.4333783783347799
5614,4581525.0,0.43330060177058916
5615,4581585.0,0.4333807663443975
5616,4581645.0,0.4334789043366635
5617,4581705.0,0.43370456280835945
5618,4581765.0,0.4338619808395734
5619,4581825.0,0.434009143439513
5620,4581885.0,0.43396817012160194
5621,4581945.0,0.4340027341192748
5622,4582005.0,0.4341540983458686
5623,4582065.0,0.4345715659659358
5624,4582125.0,0.4351085253858876
5625,4582185.0,0.43572175940349256
5626,4582245.0,0.4364706177210821
5627,4582305.0,0.43705935663552054
5628,4582365.0,0.43758332685203694
5629,4582425.0,0.43823891488182476
5630,4582485.0,0.4390057122435672
5631,4582545.0,0.43938849562737226
5632,4582605.0,0.444422248175835
5633,4582665.0,0.4456297344152771
5634,4582725.0,0.4466634550198717
5635,4582785.0,0.44731288343795217
5636,4582845.0,0.4480544298946615
5637,4582905.0,0.44897020525196074
5638,4582965.0,0.4512961198943767
5639,4583025.0,0.4521009030827122
5640,4583085.0,0.4522387852182882
5641,4583145.0,0.4523422437685862
5642,4583205.0,0.45180382063144575
5643,4583265.0,0.45121454125358673
5644,4583325.0,0.45065559754451534
5645,4583388.0,0.45009607142791397
5646,4583445.0,0.44947565254776833
5647,4583508.0,0.44889564512984304
5648,4583568.0,0.44839576678463355
5649,4583625.0,0.447979486948478
5650,4583685.0,0.4478086391203274
5651,4583745.0,0.4475774939896121
5652,4583805.0,0.4474456298889756
5653,4583865.0,0.44732363546210485
5654,4583925.0,0.4470266217203782
5655,4583985.0,0.4467826879789635
5656,4584045.0,0.44633528893162755
5657,4584105.0,0.4461364438368297
5658,4584165.0,0.44577718973141867
5659,4584225.0,0.44564457399213453
5660,4584285.0,0.4453132505828217
5661,4584345.0,0.4450483251719046
5662,4584405.0,0.4446460375028478
5663,4584465.0,0.4443815505841383
5664,4584525.0,0.4440149742997842
5665,4584585.0,0.44374161083471797
5666,4584645.0,0.4433163843745903
5667,4584708.0,0.4432693352967948
5668,4584765.0,0.443010192127557
5669,4584825.0,0.4429169759922714
5670,4584885.0,0.44262283442190864
5671,4584945.0,0.4424497294091353
5672,4585005.0,0.4421981655906575
5673,4585065.0,0.44186163862396777
5674,4585125.0,0.4415812415203264
5675,4585185.0,0.44123534919396457
5676,4585245.0,0.4409631346964282
5677,4585305.0,0.4406780211142378
5678,4585365.0,0.44019620597237974
5679,4585425.0,0.4400233881052903
5680,4585485.0,0.4397191001175679
5681,4585545.0,0.4393762724669926
5682,4585605.0,0.43907240770290146
5683,4585665.0,0.4384552254273313
5684,4585728.0,0.4380817730867609
5685,4585785.0,0.4375332415134653
5686,4585845.0,0.437059134427884
5687,4585905.0,0.4363043330086941
5688,4585965.0,0.43595624519412846
5689,4586025.0,0.4358008375884076
5690,4586085.0,0.43573366110527056
5691,4586145.0,0.43553980739802
5692,4586205.0,0.43528280900680494
5693,4586265.0,0.43523059460127167
5694,4586325.0,0.43510676967784223
5695,4586385.0,0.43489435792421094
5696,4586445.0,0.4349147273131736
5697,4586505.0,0.434902129807086
5698,4586565.0,0.4350276665670696
5699,4586625.0,0.43502661894311134
5700,4586685.0,0.4352423686639183
5701,4586745.0,0.43523318666399713
5702,4586805.0,0.43538838596276497
5703,4586865.0,0.4352441468098819
5704,4586925.0,0.43573361491931506
5705,4586985.0,0.4357204718420432
5706,4587045.0,0.43559795213532115
5707,4587105.0,0.43461754034220534
5708,4587165.0,0.43298417054486515
5709,4587225.0,0.4316487356015467
5710,4587285.0,0.4305244223088335
5711,4587345.0,0.43016016341538743
5712,4587405.0,0.4296511982094169
5713,4587465.0,0.42939473410457907
5714,4587525.0,0.4291156971096225
5715,4587585.0,0.4288944007885612
5716,4587645.0,0.42900034700832623
5717,4587705.0,0.428899565026266
5718,4587765.0,0.42878379249344956
5719,4587825.0,0.42871118740630454
5720,4587885.0,0.428659212762044
5721,4587945.0,0.4285875328517338
5722,4588005.0,0.42850371840935597
5723,4588065.0,0.4286764684929134
5724,4588125.0,0.42889385562256443
5725,4588185.0,0.42905357489964036
5726,4588245.0,0.4293737304628428
5727,4588305.0,0.42930842468796804
5728,4588365.0,0.42922332729959656
5729,4588425.0,0.42895828821547866
5730,4588488.0,0.4287916051128118
5731,4588545.0,0.42857236468673543
5732,4588605.0,0.42834504606325374
5733,4588665.0,0.42818626979693397
5734,4588725.0,0.42807923953796945
5735,4588785.0,0.4280253145308949
5736,4588845.0,0.4280374024975965
5737,4588905.0,0.42812325312300537
5738,4588965.0,0.42807813330406486
5739,4589025.0,0.42801950639978603
5740,4589085.0,0.42745425330347286
5741,4589145.0,0.42681431327330677
5742,4589205.0,0.42662488479443683
5743,4589265.0,0.4261800727265791
5744,4589325.0,0.4257915960074451
5745,4589385.0,0.4251931454797967
5746,4589445.0,0.4244954692788644
5747,4589505.0,0.4237630299297178
5748,4589565.0,0.42292334055336134
5749,4589625.0,0.42207894977728344
5750,4589685.0,0.4212296022190679
5751,4589745.0,0.42032456720822
5752,4589805.0,0.4195547190168475
5753,4589865.0,0.4188910441253667
5754,4589925.0,0.4184170112203497
5755,4589985.0,0.41811373212809844
5756,4590045.0,0.4167690442525249
5757,4590105.0,0.4166283366304221
5758,4590165.0,0.41605928708452045
5759,4590225.0,0.4152137666541661
5760,4590285.0,0.41410214427499803
5761,4590345.0,0.41260475763397875
5762,4590405.0,0.4111430517168412
5763,4590465.0,0.40946402847761554
5764,4590525.0,0.4078617651071156
5765,4590585.0,0.40560789859963253
5766,4590645.0,0.4037362523702127
5767,4590708.0,0.4023113371489656
5768,4590765.0,0.4007625192202088
5769,4590825.0,0.39929947964956936
5770,4590885.0,0.39795491097854996
5771,4590945.0,0.39726908698363184
5772,4591005.0,0.3968759663350966
5773,4591065.0,0.3968700075226065
5774,4591125.0,0.39687069068495007
5775,4591185.0,0.39693687698647406
5776,4591245.0,0.3970882651162705
5777,4591305.0,0.3970106702180103
5778,4591365.0,0.3970763088741901
5779,4591425.0,0.3971781243840663
5780,4591485.0,0.39723839997999777
5781,4591545.0,0.3973329265974723
5782,4591605.0,0.397313518363716
5783,4591665.0,0.397419962204721
5784,4591725.0,0.39731865825349244
5785,4591785.0,0.39741821565032087
5786,4591845.0,0.39700218105489526
5787,4591908.0,0.3962032944758046
5788,4591965.0,0.39588070416303156
5789,4592025.0,0.39568322622931007
5790,4592085.0,0.3954720531950021
5791,4592145.0,0.39551358845705076
5792,4592205.0,0.3952450578155511
5793,4592265.0,0.39519671397304124
5794,4592325.0,0.39487503814601677
5795,4592385.0,0.3944025652516434
5796,4592445.0,0.393753981397886
5797,4592505.0,0.3934979388219474
5798,4592565.0,0.3908634495574189
5799,4592625.0,0.38813952491181514
5800,4592685.0,0.3855585373336876
5801,4592748.0,0.3829710836838143
5802,4592805.0,0.380231165719791
5803,4592865.0,0.3773614349548686
5804,4592925.0,0.37437189219484523
5805,4592985.0,0.3712327811946906
5806,4593045.0,0.3680195058018203
5807,4593105.0,0.3654075103304526
5808,4593165.0,0.36256013307892687
5809,4593225.0,0.3598987146474827
5810,4593285.0,0.3572718783775808
5811,4593345.0,0.35485009032443415
5812,4593405.0,0.3478486426989823
5813,4593465.0,0.34483640927374515
5814,4593525.0,0.34203204016652344
5815,4593585.0,0.3395580862519657
5816,4593645.0,0.33708997699982646
5817,4593705.0,0.3344033113391197
5818,4593765.0,0.3303797934742001
5819,4593825.0,0.3278292137010993
5820,4593885.0,0.32603055911370604
5821,4593945.0,0.3242505752926944
5822,4594005.0,0.32310915600629886
5823,4594065.0,0.3220082253799651
5824,4594125.0,0.3208357313899072
5825,4594185.0,0.3209945663920326
5826,4594245.0,0.3212152332519559
5827,4594305.0,0.321165415814472
5828,4594365.0,0.3208458547551718
5829,4594425.0,0.3205170983037787
5830,4594485.0,0.3199972098161481
5831,4594545.0,0.31963252481564586
5832,4594605.0,0.3192702618183837
5833,4594665.0,0.31899375355021775
5834,4594725.0,0.3189086101024714
5835,4594785.0,0.3188684263867162
5836,4594845.0,0.3189899663829675
5837,4594905.0,0.31908655582223444
5838,4594965.0,0.3193864323642668
5839,4595025.0,0.3195261124999782
5840,4595085.0,0.3198390306835507
5841,4595145.0,0.32005184688905153
5842,4595205.0,0.3204353578564292
5843,4595265.0,0.318357241579057
5844,4595325.0,0.3163882385109055
5845,4595385.0,0.31414466980595457
5846,4595445.0,0.31206508207506034
5847,4595505.0,0.3097534414065579
5848,4595565.0,0.30766105566690094
5849,4595625.0,0.3054041670485106
5850,4595685.0,0.3033368210212044
5851,4595745.0,0.30149912566392856
5852,4595805.0,0.2997430361326836
5853,4595865.0,0.29798056990195054
5854,4595925.0,0.2963152810983839
5855,4595985.0,0.2948485556777518
5856,4596045.0,0.2933436102066742
5857,4596105.0,0.29178857019230264
5858,4596165.0,0.29035251578722865
5859,4596225.0,0.28854462864472663
5860,4596285.0,0.286858511288519
5861,4596345.0,0.2852168666348125
5862,4596405.0,0.2834644552821274
5863,4596465.0,0.2820488799219415
5864,4596525.0,0.2803885818447507
5865,4596585.0,0.2789487096997276
5866,4596645.0,0.2773633808386724
5867,4596705.0,0.27596309845924716
5868,4596765.0,0.27411208204480575
5869,4596825.0,0.27220784501761963
5870,4596885.0,0.2702117153379132
5871,4596945.0,0.2681991050391347
5872,4597005.0,0.2661544703644736
5873,4597065.0,0.26391149367687183
5874,4597125.0,0.26186497245134865
5875,4597185.0,0.2599515335687007
5876,4597245.0,0.2579333521811933
5877,4597305.0,0.25602719029052123
5878,4597365.0,0.25397190147656923
5879,4597425.0,0.2519169490742793
5880,4597485.0,0.24949505276498082
5881,4597545.0,0.2472828816431947
5882,4597605.0,0.24480391358426343
5883,4597665.0,0.24251609077989691
5884,4597725.0,0.23965609782182998
5885,4597785.0,0.23729541995494843
5886,4597845.0,0.23505763548009465
5887,4597905.0,0.2336051675833601
5888,4597965.0,0.2323722028322334
5889,4598025.0,0.2311446503872602
5890,4598085.0,0.22979705398476039
5891,4598145.0,0.22822272752082032
5892,4598205.0,0.22683046699054568
5893,4598265.0,0.22573880815648753
5894,4598325.0,0.22469470143337308
5895,4598385.0,0.22358505258135827
5896,4598445.0,0.2222244563677587
5897,4598505.0,0.22105158199804195
5898,4598565.0,0.21994178996213296
5899,4598625.0,0.21881595255905842
5900,4598685.0,0.21772668847834234
5901,4598745.0,0.2166082888849233
5902,4598805.0,0.215562250342245
5903,4598865.0,0.21430854044364459
5904,4598925.0,0.2130023140703671
5905,4598985.0,0.2118007407501891
5906,4599045.0,0.21037993669486885
5907,4599105.0,0.20925978988462116
5908,4599165.0,0.20802936468490715
5909,4599225.0,0.20691519177340692
5910,4599285.0,0.20571845160411842
5911,4599345.0,0.20470165820793393
5912,4599408.0,0.2037026166263454
5913,4599465.0,0.2026442733600097
5914,4599525.0,0.20155566990664683
5915,4599585.0,0.20039535396538052
5916,4599645.0,0.19913993849769965
5917,4599705.0,0.19778199163929192
5918,4599765.0,0.19632134342847443
5919,4599825.0,0.19482416390723142
5920,4599885.0,0.193294020451635
5921,4599945.0,0.1917830471583554
5922,4600005.0,0.19021996866542015
5923,4600065.0,0.1887860993896409
5924,4600125.0,0.18725724603320063
5925,4600185.0,0.18598480130521353
5926,4600245.0,0.18474046411143072
5927,4600305.0,0.18348680621761274
5928,4600365.0,0.1823305879433829
5929,4600425.0,0.18110924405883025
5930,4600485.0,0.17981740135495242
5931,4600545.0,0.17859443793726756
5932,4600605.0,0.17729901875788392
5933,4600665.0,0.17585368499143159
5934,4600725.0,0.1742333636772809
5935,4600785.0,0.17244006932170022
5936,4600845.0,0.17027315797770873
5937,4600905.0,0.16810104989640254
5938,4600965.0,0.16640109035444953
5939,4601025.0,0.16484836744617273
5940,4601085.0,0.163363111855885
5941,4601145.0,0.16214958017112444
5942,4601205.0,0.16085391253402467
5943,4601265.0,0.15968863276622433
5944,4601328.0,0.1584772619721204
5945,4601385.0,0.15739335514063926
5946,4601445.0,0.15635764445182684
5947,4601505.0,0.15520566793772791
5948,4601565.0,0.15414562995520883
5949,4601625.0,0.15301449652386565
5950,4601685.0,0.15181958369903295
5951,4601745.0,0.15052818409419097
5952,4601805.0,0.14899074917580815
5953,4601865.0,0.1474715814514145
5954,4601925.0,0.14587837510234727
5955,4601985.0,0.14454344733731497
5956,4602045.0,0.1430764341898955
5957,4602105.0,0.1417584569778713
5958,4602165.0,0.1403849299689147
5959,4602225.0,0.13907779013054425
5960,4602285.0,0.13775800750643954
5961,4602345.0,0.136480663666286
5962,4602405.0,0.13522757418665346
5963,4602465.0,0.13394607789229776
5964,4602528.0,0.13271071230151074
5965,4602585.0,0.13138901037696668
5966,4602645.0,0.12995579707525598
5967,4602705.0,0.12844983000948265
5968,4602768.0,0.12687859999549114
5969,4602825.0,0.1251616820706842
5970,4602885.0,0.12355511083793744
5971,4602945.0,0.12170228973323291
5972,4603005.0,0.1201138583225683
5973,4603068.0,0.11832287371950448
5974,4603125.0,0.11679905033354829
5975,4603185.0,0.11539609923086067
5976,4603245.0,0.1141322068081452
5977,4603305.0,0.11232584696626599
5978,4603365.0,0.11284930705946031
5979,4603425.0,0.11340250079620232
5980,4603485.0,0.11409389504071107
5981,4603545.0,0.1146664061944255
5982,4603605.0,0.11526602342157602
5983,4603665.0,0.11593827291031658
5984,4603725.0,0.11664906438934744
5985,4603785.0,0.11734940658469181
5986,4603845.0,0.11804362649110292
5987,4603905.0,0.11825940684756606
5988,4603965.0,0.1186526424719023
5989,4604025.0,0.11901539384283219
5990,4604085.0,0.119246534731303
5991,4604145.0,0.11941323197094886
5992,4604205.0,0.119478787112657
5993,4604265.0,0.11958663007271383
5994,4604325.0,0.11958822486680074
5995,4604385.0,0.1196716631522857
5996,4604445.0,0.11966224054311439
5997,4604505.0,0.11975936134911239
5998,4604565.0,0.11983277993351657
5999,4604625.0,0.1199521537142951
6000,4604685.0,0.12003534189917683
6001,4604745.0,0.12006828435846503
6002,4604805.0,0.12007364602555995
6003,4604865.0,0.12008188042004111
6004,4604925.0,0.12031315643730042
6005,4604988.0,0.11915852960424331
6006,4605048.0,0.11788161150118684
6007,4605105.0,0.11671082418233056
6008,4605165.0,0.11583128962349051
6009,4605225.0,0.1150082762904561
6010,4605285.0,0.11389642729734903
6011,4605345.0,0.11264575941529861
6012,4605405.0,0.11120047215218978
6013,4605465.0,0.10955899592066101
6014,4605525.0,0.1079697534176852
6015,4605585.0,0.10639684228651572
6016,4605645.0,0.10492457009910242
6017,4605705.0,0.10335184427825758
6018,4605765.0,0.10174124034072932
6019,4605825.0,0.10011961910257253
6020,4605885.0,0.09851511017706707
6021,4605945.0,0.09695495960785386
6022,4606005.0,0.09536216407477213
6023,4606065.0,0.09605476803775229
6024,4606125.0,0.09676056341197672
6025,4606185.0,0.09746983966345538
6026,4606245.0,0.09818977489794153
6027,4606305.0,0.09894294662653588
6028,4606365.0,0.09969069856682358
6029,4606425.0,0.1004206627416516
6030,4606485.0,0.10113207603735838
6031,4606545.0,0.10150511864070652
6032,4606605.0,0.10185689934736028
6033,4606665.0,0.10219662179885977
6034,4606725.0,0.10235813989312284
6035,4606785.0,0.10235819366939283
6036,4606845.0,0.10237730379870971
6037,4606905.0,0.10244429100008565
6038,4606965.0,0.10250610145583774
6039,4607025.0,0.10264228312932486
6040,4607085.0,0.10276580443089903
6041,4607145.0,0.10291912662303035
6042,4607205.0,0.10303371207086423
6043,4607265.0,0.10314058097759374
6044,4607325.0,0.10328279035103091
6045,4607385.0,0.10335112707789759
6046,4607445.0,0.10341204068004786
6047,4607505.0,0.10346425016423835
6048,4607565.0,0.10350695713564154
6049,4607625.0,0.10354305464047034
6050,4607685.0,0.10356463176318273
6051,4607745.0,0.10361615886236228
6052,4607805.0,0.10372734735390868
6053,4607865.0,0.10382114420363989
6054,4607925.0,0.10380852800998733
6055,4607985.0,0.10379460447959563
6056,4608045.0,0.10359726016664025
6057,4608105.0,0.10342121105454535
6058,4608165.0,0.1031970201720557
6059,4608225.0,0.10311252512462774
6060,4608285.0,0.10311793452649323
6061,4608345.0,0.10312718411590502
6062,4608405.0,0.10316180156043589
6063,4608465.0,0.10317868004618178
6064,4608525.0,0.10317902601072618
6065,4608585.0,0.1031726310246052
6066,4608645.0,0.1032091175109279
6067,4608705.0,0.10322459746484566
6068,4608765.0,0.10327860266000413
6069,4608828.0,0.10332468349872773
6070,4608885.0,0.10338350350966599
6071,4608945.0,0.10343347431278513
6072,4609005.0,0.1035360640593316
6073,4609065.0,0.10358194288624059
6074,4609125.0,0.10366138676831718
6075,4609185.0,0.1036959787347064
6076,4609245.0,0.10376920428111122
6077,4609305.0,0.10386131411196767
6078,4609365.0,0.10391764521316929
6079,4609425.0,0.10390207687104677
6080,4609485.0,0.10378969878155717
6081,4609545.0,0.10369258082566538
6082,4609605.0,0.10353095057126269
6083,4609665.0,0.10332575276326264
6084,4609725.0,0.10312771712184723
6085,4609785.0,0.10295550930161904
6086,4609845.0,0.10284735010889615
6087,4609908.0,0.10278579853094463
6088,4609965.0,0.10273476136786716
6089,4610028.0,0.10270608291928421
6090,4610085.0,0.10265263250154474
6091,4610145.0,0.10254966737212237
6092,4610205.0,0.10243760503773278
6093,4610265.0,0.10233862041782446
6094,4610325.0,0.10224146095026401
6095,4610385.0,0.10215327945636529
6096,4610445.0,0.10205694320088446
6097,4610505.0,0.10200005225887412
6098,4610565.0,0.1019570090871045
6099,4610625.0,0.10199248871004515
6100,4610685.0,0.10201961288759506
6101,4610745.0,0.10208418564142249
6102,4610805.0,0.10219816889981023
6103,4610865.0,0.10222088539099486
6104,4610925.0,0.1022200931937082
6105,4610985.0,0.10219451065813681
6106,4611045.0,0.102155539983702
6107,4611105.0,0.10211367963713944
6108,4611165.0,0.10210022522255216
6109,4611225.0,0.10209437321031087
6110,4611285.0,0.10205185254775087
6111,4611345.0,0.10212390262086948
6112,4611405.0,0.10217200121155759
6113,4611465.0,0.10219509140156616
6114,4611525.0,0.102252901116518
6115,4611585.0,0.10232786385222833
6116,4611645.0,0.10236771910810918
6117,4611705.0,0.1024406397647473
6118,4611765.0,0.10248369393460968
6119,4611825.0,0.10254131519316775
6120,4611885.0,0.10256887175753113
6121,4611945.0,0.10262292868397047
6122,4612005.0,0.10266730499341689
6123,4612065.0,0.10271348777391168
6124,4612125.0,0.10275726504557517
6125,4612185.0,0.1028050580578487
6126,4612245.0,0.10284925427505223
6127,4612305.0,0.102889787880687
6128,4612365.0,0.10292514723478244
6129,4612425.0,0.10291902802440941
6130,4612485.0,0.10289869635405088
6131,4612545.0,0.10288006409296455
6132,4612605.0,0.10289021417453217
6133,4612665.0,0.10286894574841124
6134,4612725.0,0.10288647155830669
6135,4612785.0,0.10287102122368538
6136,4612845.0,0.10289750865251471
6137,4612905.0,0.10292386615293378
6138,4612965.0,0.10297247484223684
6139,4613025.0,0.1030001888768323
6140,4613085.0,0.10303117003528664
6141,4613145.0,0.10307729625845538
6142,4613205.0,0.10308563864341727
6143,4613265.0,0.1030918935290436
6144,4613325.0,0.10307535423037742
6145,4613388.0,0.10306251333212332
6146,4613445.0,0.10304555087690329
6147,4613505.0,0.10304337950672968
6148,4613565.0,0.1030792230329414
6149,4613628.0,0.10314343676009938
6150,4613685.0,0.10322545481168702
6151,4613745.0,0.10334025258056631
6152,4613805.0,0.10347943692810871
6153,4613865.0,0.10359012490237354
6154,4613925.0,0.10364471402549133
6155,4613985.0,0.10372520618159745
6156,4614045.0,0.10385532542743683
6157,4614105.0,0.10400703783705437
6158,4614165.0,0.10417939002515184
6159,4614228.0,0.10433586983618873
6160,4614285.0,0.104380587820976
6161,4614345.0,0.10453551495328148
6162,4614405.0,0.10466609601667734
6163,4614465.0,0.10470836255984303
6164,4614525.0,0.10470431840257269
6165,4614585.0,0.10473543654230436
6166,4614645.0,0.10476307385605707
6167,4614705.0,0.1047931815114638
6168,4614765.0,0.10486876504816697
6169,4614825.0,0.10490566607136684
6170,4614885.0,0.10492851773823361
6171,4614945.0,0.1049568039226915
6172,4615005.0,0.1049636755293736
6173,4615065.0,0.10494179093472858
6174,4615125.0,0.10494400243619498
6175,4615185.0,0.10495012114622151
6176,4615245.0,0.10495543796407467
6177,4615305.0,0.10492848528964102
6178,4615365.0,0.10487774245358297
6179,4615425.0,0.10480632607927784
6180,4615485.0,0.10471806597687286
6181,4615545.0,0.1046820377117105
6182,4615605.0,0.10465374937864327
6183,4615665.0,0.10458728449485152
6184,4615725.0,0.10438191815669709
6185,4615785.0,0.10421748714749116
6186,4615845.0,0.10420661601763151
6187,4615905.0,0.10428630883301801
6188,4615965.0,0.10415450406269136
6189,4616025.0,0.10398335630034042
6190,4616085.0,0.10406535846658946
6191,4616145.0,0.10421450555352266
6192,4616205.0,0.10448596091611886
6193,4616265.0,0.10483570283116908
6194,4616325.0,0.1050643119692902
6195,4616385.0,0.10517905414255554
6196,4616445.0,0.10522693653819873
6197,4616505.0,0.10517435699837266
6198,4616565.0,0.10512223701116538
6199,4616625.0,0.10503646939742137
6200,4616685.0,0.10495926552343818
6201,4616745.0,0.10483907939063045
6202,4616805.0,0.10472612679343937
6203,4616865.0,0.10465816202112746
6204,4616925.0,0.1045781028054886
6205,4616985.0,0.10453106850024443
6206,4617045.0,0.10448168837578461
6207,4617105.0,0.10444761741735534
6208,4617165.0,0.10442353441518501
6209,4617225.0,0.10439559457834793
6210,4617285.0,0.10440038454807535
6211,4617345.0,0.10437824613358229
6212,4617405.0,0.10431786416287972
6213,4617465.0,0.10426757587566368
6214,4617525.0,0.10420213373515866
6215,4617588.0,0.10416037415826215
6216,4617645.0,0.10409743611140757
6217,4617705.0,0.10401418558586475
6218,4617765.0,0.10398231764834479
6219,4617825.0,0.10390344880219546
6220,4617885.0,0.10385918267444452
6221,4617945.0,0.10373782885527652
6222,4618005.0,0.10361890190434872
6223,4618065.0,0.10343416192410707
6224,4618125.0,0.1032290212211476
6225,4618185.0,0.10307911311182491
6226,4618245.0,0.10291618429726837
6227,4618305.0,0.10278255296387231
6228,4618365.0,0.10263555978914027
6229,4618425.0,0.10250328537150075
6230,4618485.0,0.10235935415723305
6231,4618545.0,0.10220035741237873
6232,4618605.0,0.10205183297881884
6233,4618665.0,0.10188988330330126
6234,4618725.0,0.10172269207003917
6235,4618785.0,0.10151312863024306
6236,4618845.0,0.10132527321635251
6237,4618905.0,0.10110768124200184
6238,4618965.0,0.1009354960254418
6239,4619025.0,0.10081973239939387
6240,4619085.0,0.10070843787693987
6241,4619145.0,0.1006377838469458
6242,4619205.0,0.10059558007365502
6243,4619265.0,0.1006141904826656
6244,4619325.0,0.10064404978517069
6245,4619385.0,0.10067254785201143
6246,4619445.0,0.10066336182975008
6247,4619505.0,0.10066179179421006
6248,4619565.0,0.10060240837207499
6249,4619625.0,0.10057267311414322
6250,4619685.0,0.10052944739731332
6251,4619745.0,0.10051677480915275
6252,4619805.0,0.100492728462964
6253,4619865.0,0.10048061559299051
6254,4619925.0,0.10042043828611849
6255,4619985.0,0.10039508437570341
6256,4620045.0,0.10037496456361292
6257,4620105.0,0.10033914016487192
6258,4620165.0,0.10031195262726286
6259,4620225.0,0.10032983864126324
6260,4620285.0,0.10033697193698923
6261,4620345.0,0.10036668712651667
6262,4620405.0,0.10040510704472197
6263,4620465.0,0.10046950956217796
6264,4620525.0,0.10055021213482332
6265,4620585.0,0.10057876584304407
6266,4620645.0,0.10058073395336056
6267,4620705.0,0.10056139458421318
6268,4620765.0,0.10054426818552595
6269,4620825.0,0.10050556943168612
6270,4620885.0,0.1004699093859335
6271,4620945.0,0.1004350109615498
6272,4621005.0,0.10040758390144203
6273,4621065.0,0.1004119325142441
6274,4621125.0,0.100423959169358
6275,4621185.0,0.10044194405582632
6276,4621245.0,0.10044429550713688
6277,4621305.0,0.10038142397246233
6278,4621365.0,0.10031585118067635
6279,4621425.0,0.10018913672585192
6280,4621485.0,0.10014297028925626
6281,4621545.0,0.10007028527588344
6282,4621605.0,0.10006186427703354
6283,4621665.0,0.10009700233135874
6284,4621725.0,0.10012228647524227
6285,4621785.0,0.10013673476037946
6286,4621845.0,0.10014491439253578
6287,4621905.0,0.1001525204769966
6288,4621965.0,0.10009370440544799
6289,4622025.0,0.10003141931169426
6290,4622085.0,0.10006605815081851
6291,4622145.0,0.10002710689398411
6292,4622205.0,0.1000266499416306
6293,4622265.0,0.1000616309198156
6294,4622325.0,0.10005086074077099
6295,4622385.0,0.10003474004057719
6296,4622445.0,0.10003104105742369
6297,4622505.0,0.1000059818873674
6298,4622565.0,0.10001483709253792
6299,4622625.0,0.10001124069407966
6300,4622685.0,0.10007885737432917
6301,4622745.0,0.10007922441670189
6302,4622805.0,0.10011236192075104
6303,4622865.0,0.10011714787613504
6304,4622925.0,0.10018096350130348
6305,4622985.0,0.10023351869174371
6306,4623045.0,0.1002872091441184
6307,4623105.0,0.10034957715772683
6308,4623165.0,0.10039080618950988
6309,4623225.0,0.10046845579265681
6310,4623285.0,0.1005442230669967
6311,4623345.0,0.10064778957243511
6312,4623405.0,0.10072123848743361
6313,4623465.0,0.1008539479908935
6314,4623525.0,0.10091949366790579
6315,4623585.0,0.10100340133243704
6316,4623645.0,0.10103428783268234
6317,4623705.0,0.10107749763297216
6318,4623765.0,0.10109242166225493
6319,4623825.0,0.10112063324336742
6320,4623885.0,0.10115372447502516
6321,4623945.0,0.10116513628859156
6322,4624005.0,0.10120525909518355
6323,4624065.0,0.10122219212021924
6324,4624125.0,0.10125898192438018
6325,4624185.0,0.10129849990441078
6326,4624245.0,0.10134625832083013
6327,4624305.0,0.10139431135816121
6328,4624368.0,0.10139560920514293
6329,4624425.0,0.10138776533629892
6330,4624485.0,0.10136745537530148
6331,4624545.0,0.10132682042036603
6332,4624605.0,0.10128073230436627
6333,4624665.0,0.10123442467592722
6334,4624725.0,0.1011589425725207
6335,4624785.0,0.10109040110860232
6336,4624845.0,0.10100445308885722
6337,4624905.0,0.10092466060238733
6338,4624965.0,0.10086483267489846
6339,4625025.0,0.10081827434520965
6340,4625085.0,0.10074199731576242
6341,4625145.0,0.10066999424777692
6342,4625205.0,0.1006334888865871
6343,4625265.0,0.1006160627730642
6344,4625325.0,0.10061269526178476
6345,4625385.0,0.10063285509067757
6346,4625445.0,0.10065879951718762
6347,4625505.0,0.1006610236431992
6348,4625565.0,0.10060428071378166
6349,4625625.0,0.10056761887571888
6350,4625685.0,0.1005581825079179
6351,4625745.0,0.1005210080267486
6352,4625805.0,0.10051354827949369
6353,4625865.0,0.10051120267769201
6354,4625925.0,0.10050860858975239
6355,4625985.0,0.10053302881208923
6356,4626045.0,0.10057733543376066
6357,4626105.0,0.10061892562118449
6358,4626165.0,0.1006627507802497
6359,4626225.0,0.100703184664753
6360,4626285.0,0.10075180938532344
6361,4626345.0,0.10080500021803582
6362,4626405.0,0.10087750086393674
6363,4626465.0,0.1009713890422885
6364,4626525.0,0.10105757216299285
6365,4626585.0,0.101135176301588
6366,4626645.0,0.10125867052443441
6367,4626708.0,0.10135663831023436
6368,4626765.0,0.10147172632269982
6369,4626825.0,0.10155501190788327
6370,4626885.0,0.101659173405975
6371,4626945.0,0.1017372301585803
6372,4627005.0,0.10183729198871758
6373,4627065.0,0.10189688388628862
6374,4627125.0,0.10204231356472929
6375,4627185.0,0.10220056076503622
6376,4627245.0,0.10234144754888022
6377,4627305.0,0.1025234920211299
6378,4627365.0,0.10269834452882284
6379,4627425.0,0.10285240082204719
6380,4627485.0,0.10299803984358949
6381,4627545.0,0.10312940655007533
6382,4627605.0,0.10322818046966278
6383,4627665.0,0.10330381257107099
6384,4627725.0,0.10336638765971887
6385,4627785.0,0.1034468110422089
6386,4627845.0,0.10354266166998163
6387,4627905.0,0.10363630641365681
6388,4627965.0,0.10361935286241195
6389,4628025.0,0.10358154317937643
6390,4628085.0,0.1035277843510938
6391,4628145.0,0.1035267696029423
6392,4628205.0,0.10359960593055353
6393,4628265.0,0.10366458099384954
6394,4628325.0,0.10374332606610723
6395,4628385.0,0.10381636800038732
6396,4628445.0,0.1038903157676748
6397,4628505.0,0.10396995337933165
6398,4628565.0,0.10405497061226507
6399,4628625.0,0.10414857468072794
6400,4628688.0,0.10423155211107019
6401,4628745.0,0.10434234360494646
6402,4628805.0,0.1044460142770631
6403,4628865.0,0.10458539039834489
6404,4628925.0,0.10471640431618681
6405,4628985.0,0.10482179916437559
6406,4629045.0,0.10495260470366266
6407,4629105.0,0.10506561945001999
6408,4629165.0,0.10518450086572015
6409,4629225.0,0.1052976473347206
6410,4629285.0,0.10541025620207065
6411,4629345.0,0.10551765989796905
6412,4629405.0,0.10564230453016002
6413,4629465.0,0.1057555071344263
6414,4629525.0,0.1058630984673217
6415,4629585.0,0.10600730870800154
6416,4629645.0,0.1061508208438319
6417,4629705.0,0.10629071706525137
6418,4629765.0,0.10641884210828659
6419,4629825.0,0.1065125191227971
6420,4629885.0,0.10658267822105341
6421,4629945.0,0.10665640254829264
6422,4630005.0,0.10672101146463966
6423,4630065.0,0.10677060826862636
6424,4630125.0,0.10681608648514443
6425,4630185.0,0.10691769077079374
6426,4630245.0,0.10700296045825328
6427,4630305.0,0.10710661904509058
6428,4630365.0,0.1072319527969812
6429,4630425.0,0.10738280125018876
6430,4630485.0,0.10754677806965021
6431,4630545.0,0.1077244550979938
6432,4630605.0,0.10788537085715114
6433,4630665.0,0.10808429626104274
6434,4630725.0,0.1082586139607006
6435,4630785.0,0.10847381818356508
6436,4630845.0,0.10864641270027
6437,4630905.0,0.1088728289695999
6438,4630965.0,0.10904565807902014
6439,4631025.0,0.1092418455333379
6440,4631085.0,0.10943326361969855
6441,4631145.0,0.10965699852274793
6442,4631205.0,0.10985286698014643
6443,4631265.0,0.11004212869024968
6444,4631325.0,0.1102779898738733
6445,4631385.0,0.11051260253137904
6446,4631445.0,0.11076624145962369
6447,4631505.0,0.11096086677686903
6448,4631565.0,0.11117774526167715
6449,4631625.0,0.1114923392940266
6450,4631685.0,0.11191432204506555
6451,4631745.0,0.11241285110303065
6452,4631805.0,0.11281396901798393
6453,4631865.0,0.1130409013901855
6454,4631928.0,0.11317586277760336
6455,4631988.0,0.11323324820958955
6456,4632045.0,0.11326745705593713
6457,4632105.0,0.1133099754717656
6458,4632165.0,0.11338465263312344
6459,4632225.0,0.11351418104973207
6460,4632285.0,0.11365802561649477
6461,4632345.0,0.11383386558149758
6462,4632405.0,0.11396958694149631
6463,4632465.0,0.11397168455110887
6464,4632525.0,0.11414874496340857
6465,4632585.0,0.11439461738686621
6466,4632645.0,0.1146482951120921
6467,4632705.0,0.11492846705521767
6468,4632765.0,0.11521408397803143
6469,4632825.0,0.1153717767839588
6470,4632885.0,0.1154647764653445
6471,4632948.0,0.11548762757106754
6472,4633005.0,0.11548147715422721
6473,4633065.0,0.11551392949192787
6474,4633125.0,0.11559889556794342
6475,4633185.0,0.11573791138065323
6476,4633245.0,0.1159545267007984
6477,4633305.0,0.11613353254069328
6478,4633365.0,0.11636698848656354
6479,4633425.0,0.1165489000952715
6480,4633485.0,0.11666803524334543
6481,4633545.0,0.11679228454827537
6482,4633605.0,0.11689075366315096
6483,4633665.0,0.11700023884952462
6484,4633725.0,0.11702716272397176
6485,4633785.0,0.11706399416670335
6486,4633845.0,0.11710659383010366
6487,4633905.0,0.11716822184301953
6488,4633965.0,0.11725108574146206
6489,4634025.0,0.11728631008209542
6490,4634085.0,0.11736993419950167
6491,4634148.0,0.11746340978674932
6492,4634205.0,0.11754627709731538
6493,4634265.0,0.11760971522419641
6494,4634325.0,0.1176746291736532
6495,4634385.0,0.11779470239968284
6496,4634445.0,0.1179231528337695
6497,4634505.0,0.11805360735251427
6498,4634565.0,0.11814008066491852
6499,4634625.0,0.1182366162761034
6500,4634685.0,0.11833243436001836
6501,4634745.0,0.11844216140792616
6502,4634805.0,0.11854488737457461
6503,4634865.0,0.1186722724372932
6504,4634925.0,0.1187786575008489
6505,4634985.0,0.118803268462404
6506,4635045.0,0.12071083144130854
6507,4635105.0,0.12211375914742653
6508,4635165.0,0.12336680354509735
6509,4635225.0,0.12322175587409281
6510,4635285.0,0.12308673438391307
6511,4635345.0,0.12289010518384327
6512,4635405.0,0.12263060299299769
6513,4635465.0,0.12248184786869501
6514,4635525.0,0.12243538342287333
6515,4635585.0,0.12224922218663073
6516,4635645.0,0.12203030979540044
6517,4635705.0,0.12201350353993803
6518,4635765.0,0.12215673883057618
6519,4635825.0,0.1223443006271511
6520,4635885.0,0.12238327518693995
6521,4635945.0,0.12239926746002164
6522,4636005.0,0.12238239596109904
6523,4636065.0,0.12241897690665457
6524,4636125.0,0.1223919936950976
6525,4636185.0,0.12226413540014244
6526,4636245.0,0.12396472119103483
6527,4636305.0,0.1255501692350475
6528,4636365.0,0.1268606894766315
6529,4636425.0,0.12671603510161414
6530,4636485.0,0.12645396759938246
6531,4636545.0,0.12612703361262198
6532,4636605.0,0.12588730095630432
6533,4636665.0,0.12567627129844286
6534,4636725.0,0.12551728723466618
6535,4636788.0,0.12542510220860972
6536,4636845.0,0.12543530750075235
6537,4636905.0,0.1254505230032846
6538,4636965.0,0.12542485163467312
6539,4637025.0,0.12520635764008095
6540,4637085.0,0.12501756871035882
6541,4637145.0,0.12491221363083829
6542,4637205.0,0.12650867706500665
6543,4637265.0,0.12815245649292975
6544,4637325.0,0.12928002497322186
6545,4637385.0,0.13023865483200484
6546,4637445.0,0.13115796384760428
6547,4637505.0,0.13213707496219088
6548,4637565.0,0.13190324839517933
6549,4637625.0,0.13152483765210268
6550,4637685.0,0.13116870715008258
6551,4637745.0,0.1307765622021592
6552,4637805.0,0.13051228165042103
6553,4637865.0,0.1304078162614353
6554,4637925.0,0.13020523895543926
6555,4637985.0,0.13003691106966533
6556,4638045.0,0.1299441775078334
6557,4638105.0,0.12982714282707367
6558,4638165.0,0.1297483969871173
6559,4638228.0,0.12963217819498826
6560,4638285.0,0.1312825360489829
6561,4638345.0,0.13235124946932927
6562,4638405.0,0.13417907224239808
6563,4638465.0,0.13541917798090294
6564,4638525.0,0.1364723785048438
6565,4638585.0,0.13737742824739566
6566,4638645.0,0.1382609234422197
6567,4638705.0,0.13921340781856575
6568,4638765.0,0.14040861655481637
6569,4638825.0,0.14178566097895637
6570,4638885.0,0.14326191354828074
6571,4638945.0,0.14464750826311615
6572,4639005.0,0.14586550235574366
6573,4639065.0,0.1473095799924927
6574,4639125.0,0.1490134944654822
6575,4639185.0,0.1509266408867528
6576,4639245.0,0.15284730008778832
6577,4639305.0,0.1546207498130426
6578,4639365.0,0.1565784203173898
6579,4639425.0,0.1582874920857327
6580,4639485.0,0.15975094474664728
6581,4639545.0,0.16116598406620466
6582,4639605.0,0.16259011250317743
6583,4639665.0,0.1640066175851085
6584,4639725.0,0.16549133227544185
6585,4639785.0,0.16698057391776003
6586,4639845.0,0.16808558982319047
6587,4639905.0,0.16942269809565794
6588,4639965.0,0.17110162054288056
6589,4640025.0,0.17277908251928223
6590,4640085.0,0.17452866240540024
6591,4640145.0,0.17627667361601548
6592,4640205.0,0.1779815135970715
6593,4640265.0,0.1796923483048304
6594,4640325.0,0.1813335650128575
6595,4640385.0,0.1829645606280337
6596,4640445.0,0.18461116492997368
6597,4640505.0,0.18622310806736733
6598,4640565.0,0.18775590206493362
6599,4640625.0,0.18930371761486456
6600,4640685.0,0.1908414592580667
6601,4640745.0,0.19244646156758435
6602,4640805.0,0.19414378307117944
6603,4640865.0,0.19583740592628188
6604,4640925.0,0.1975454212058632
6605,4640985.0,0.19933929218332155
6606,4641045.0,0.20110888787935446
6607,4641105.0,0.20284836168253814
6608,4641165.0,0.20454808439151653
6609,4641225.0,0.20616350769347067
6610,4641285.0,0.20773810373881588
6611,4641345.0,0.20936458640129177
6612,4641405.0,0.21091783999499333
6613,4641465.0,0.21236549665351925
6614,4641525.0,0.21374708635176778
6615,4641585.0,0.21512119310110692
6616,4641645.0,0.21654626834398602
6617,4641705.0,0.21796672075495502
6618,4641765.0,0.21954660036870946
6619,4641825.0,0.22111072235818854
6620,4641885.0,0.2228848319218956
6621,4641945.0,0.22460152033300398
6622,4642005.0,0.22611542065489118
6623,4642065.0,0.22764520462103935
6624,4642125.0,0.2290878044654989
6625,4642185.0,0.23057743520019
6626,4642245.0,0.23204550832263818
6627,4642305.0,0.23355439981846934
6628,4642365.0,0.23505493473166042
6629,4642425.0,0.23646417764943586
6630,4642485.0,0.23772478126002847
6631,4642545.0,0.23893192883554434
6632,4642605.0,0.24024255052562057
6633,4642665.0,0.24174200051054398
6634,4642725.0,0.243301238333224
6635,4642785.0,0.24492516671794592
6636,4642845.0,0.2465689506861289
6637,4642905.0,0.24819070037878369
6638,4642965.0,0.24978165411607925
6639,4643025.0,0.25131993132281305
6640,4643085.0,0.252819888209208
6641,4643145.0,0.2542860374466869
6642,4643205.0,0.25571683766394904
6643,4643265.0,0.2573315943664556
6644,4643325.0,0.2587672613754475
6645,4643385.0,0.26017396254403036
6646,4643445.0,0.2615487388772939
6647,4643505.0,0.262891185124586
6648,4643565.0,0.2642342258975433
6649,4643628.0,0.2657031919962646
6650,4643685.0,0.26719557189721144
6651,4643745.0,0.268712062982034
6652,4643805.0,0.27028461550625416
6653,4643865.0,0.2718215181923327
6654,4643925.0,0.2732722514290914
6655,4643985.0,0.27468255829590205
6656,4644045.0,0.2761125967690592
6657,4644105.0,0.27748429973006106
6658,4644165.0,0.278791246262572
6659,4644225.0,0.28008630634766607
6660,4644285.0,0.28146583776469214
6661,4644345.0,0.2828398540063003
6662,4644405.0,0.28424361094418205
6663,4644465.0,0.28568880414510767
6664,4644525.0,0.2872024923451405
6665,4644585.0,0.2886967065596896
6666,4644645.0,0.29017493458758836
6667,4644705.0,0.2916277882121209
6668,4644765.0,0.29318973123630554
6669,4644825.0,0.2948066958900306
6670,4644885.0,0.29641098162130475
6671,4644945.0,0.29790633759092966
6672,4645005.0,0.29934566740677837
6673,4645065.0,0.30080367662759244
6674,4645125.0,0.3022483640191228
6675,4645185.0,0.30369111633633106
6676,4645245.0,0.30510906739235144
6677,4645305.0,0.30652272069782804
6678,4645365.0,0.3079959035833473
6679,4645425.0,0.30948460084464746
6680,4645485.0,0.31098500722920075
6681,4645545.0,0.3124819797820091
6682,4645605.0,0.31393787543498375
6683,4645665.0,0.31540257876455824
6684,4645725.0,0.3176437296647796
6685,4645785.0,0.3199066176641848
6686,4645845.0,0.32006181275588497
6687,4645905.0,0.3206304543014792
6688,4645965.0,0.32137450314090843
6689,4646025.0,0.3235029961299235
6690,4646085.0,0.32561171313291737
6691,4646145.0,0.3278231410986655
6692,4646205.0,0.33009173831482286
6693,4646265.0,0.3322632593427345
6694,4646325.0,0.33434928195244507
6695,4646385.0,0.3366933197928893
6696,4646445.0,0.33910448648280644
6697,4646505.0,0.34132517412526353
6698,4646565.0,0.3431985425575089
6699,4646625.0,0.34512093101448904
6700,4646685.0,0.3470556571681286
6701,4646745.0,0.34895260171838915
6702,4646805.0,0.3508772037899971
6703,4646865.0,0.35277855770375766
6704,4646925.0,0.3547696961394323
6705,4646985.0,0.35673990587601356
6706,4647045.0,0.35643514185765135
6707,4647105.0,0.356352199621804
6708,4647165.0,0.3563584750794341
6709,4647225.0,0.3576687276941427
6710,4647285.0,0.35910932766432047
6711,4647345.0,0.36069779988297423
6712,4647405.0,0.3622089525387573
6713,4647465.0,0.36382698627307175
6714,4647525.0,0.36534384777662365
6715,4647585.0,0.36675737092592464
6716,4647645.0,0.36908543894560353
6717,4647705.0,0.3710137327668135
6718,4647765.0,0.3730980522297688
6719,4647825.0,0.37521826245305323
6720,4647888.0,0.37728720842049046
6721,4647945.0,0.37913939753941095
6722,4648005.0,0.37930116295801
6723,4648065.0,0.37947530913061667
6724,4648125.0,0.38033876034750425
6725,4648185.0,0.381246093989397
6726,4648245.0,0.3821386764131095
6727,4648305.0,0.38295485544765917
6728,4648365.0,0.3850713782065954
6729,4648425.0,0.38737060915817956
6730,4648485.0,0.38944828564093026
6731,4648545.0,0.391601580088599
6732,4648605.0,0.3936170327581425
6733,4648665.0,0.39551881355051577
6734,4648725.0,0.3974976211352367
6735,4648785.0,0.39939534990846226
6736,4648845.0,0.4012594036300926
6737,4648905.0,0.40307804018013693
6738,4648965.0,0.4048424996087848
6739,4649025.0,0.40671884561426996
6740,4649085.0,0.4068438539021445
6741,4649145.0,0.4074903039751896
6742,4649205.0,0.4073630286137989
6743,4649265.0,0.40781123615116854
6744,4649325.0,0.40852516292620533
6745,4649385.0,0.4094597463852444
6746,4649445.0,0.4105219686736522
6747,4649505.0,0.4113655622883321
6748,4649565.0,0.4120423781067183
6749,4649625.0,0.4125311358732696
6750,4649685.0,0.4129661970044963
6751,4649748.0,0.4134455925971291
6752,4649805.0,0.4140154564552866
6753,4649865.0,0.41441806736642095
6754,4649928.0,0.4146295490693974
6755,4649985.0,0.4146878746252247
6756,4650045.0,0.4147748223136424
6757,4650105.0,0.41489857504826244
6758,4650165.0,0.41473221015690487
6759,4650225.0,0.41479207298130893
6760,4650285.0,0.41510307762368603
6761,4650345.0,0.4154624982832942
6762,4650405.0,0.4158545999024007
6763,4650465.0,0.41620667021523283
6764,4650525.0,0.416544284404583
6765,4650585.0,0.4169600908763912
6766,4650645.0,0.4178191017203594
6767,4650705.0,0.4185127633054897
6768,4650765.0,0.41883067096178495
6769,4650825.0,0.41913970959216185
6770,4650885.0,0.4194782202336177
6771,4650945.0,0.41983676015429605
6772,4651005.0,0.42024756433973
6773,4651065.0,0.42071844766198185
6774,4651125.0,0.42114534609159227
6775,4651185.0,0.4215864471887897
6776,4651245.0,0.4219430898544009
6777,4651305.0,0.4223326429850186
6778,4651365.0,0.42287791333420455
6779,4651425.0,0.42340082963061954
6780,4651485.0,0.42408302654170804
6781,4651548.0,0.42473761449368996
6782,4651605.0,0.42526985039211207
6783,4651665.0,0.42583645974250095
6784,4651725.0,0.42635994742052474
6785,4651785.0,0.42683622791913234
6786,4651845.0,0.42737860510395376
6787,4651905.0,0.42783463085028417
6788,4651965.0,0.42836264265657087
6789,4652025.0,0.4288672382259604
6790,4652085.0,0.42950104034189185
6791,4652145.0,0.43007241503077975
6792,4652205.0,0.43066533639150106
6793,4652265.0,0.43129928246563465
6794,4652325.0,0.43207660933533487
6795,4652385.0,0.4328712170571648
6796,4652445.0,0.4336081935840612
6797,4652505.0,0.4343809098584259
6798,4652565.0,0.43505861625691666
6799,4652625.0,0.4356752259417235
6800,4652685.0,0.4360704130013099
6801,4652745.0,0.4364874786429237
6802,4652805.0,0.4371292714601577
6803,4652865.0,0.4377757861281003
6804,4652925.0,0.43846901214975986
6805,4652985.0,0.4392035433510607
6806,4653045.0,0.44001030626153737
6807,4653105.0,0.44079026596731585
6808,4653165.0,0.4415972740151821
6809,4653225.0,0.4423591241221053
6810,4653285.0,0.443211138274079
6811,4653345.0,0.4443082851795541
6812,4653405.0,0.44508868727278683
6813,4653465.0,0.4458010370752248
6814,4653525.0,0.4462545428987196
6815,4653585.0,0.4464537023744326
6816,4653645.0,0.4469138224505975
6817,4653705.0,0.44676861135160706
6818,4653765.0,0.44654112212081054
6819,4653825.0,0.4462876983969981
6820,4653885.0,0.4458689132304179
6821,4653945.0,0.44551198759442323
6822,4654005.0,0.44509604076003806
6823,4654065.0,0.4447018740176557
6824,4654125.0,0.4440869935640188
6825,4654185.0,0.44340062992844376
6826,4654245.0,0.4435009193170737
6827,4654305.0,0.44374566887445366
6828,4654365.0,0.4438995519433626
6829,4654425.0,0.4440392654047717
6830,4654485.0,0.44412893996079916
6831,4654545.0,0.4441929236501708
6832,4654605.0,0.44420328811148424
6833,4654665.0,0.4441241602365197
6834,4654725.0,0.44416654203120565
6835,4654785.0,0.4441759564262192
6836,4654845.0,0.44421457429392575
6837,4654905.0,0.4442577595735683
6838,4654965.0,0.4443435649165054
6839,4655025.0,0.4444672638868513
6840,4655085.0,0.4444917022504371
6841,4655145.0,0.44462069668521564
6842,4655205.0,0.44471895378481685
6843,4655265.0,0.44494910077935834
6844,4655325.0,0.4451838814256659
6845,4655385.0,0.44549394434408607
6846,4655445.0,0.4459576569443423
6847,4655505.0,0.44638961672943
6848,4655568.0,0.4467600113554234
6849,4655625.0,0.4473947965491266
6850,4655688.0,0.4484814379735719
6851,4655745.0,0.4494388487223847
6852,4655805.0,0.4504205260279901
6853,4655865.0,0.45144262789387823
6854,4655925.0,0.4524612866247326
6855,4655985.0,0.4534693147022787
6856,4656045.0,0.45456211521331225
6857,4656105.0,0.45573020154763666
6858,4656165.0,0.45684999932783654
6859,4656225.0,0.4579629566692177
6860,4656285.0,0.45909806983051815
6861,4656345.0,0.46018249677553213
6862,4656405.0,0.46122161024942954
6863,4656465.0,0.46227239645776075
6864,4656525.0,0.46261474317023066
6865,4656585.0,0.46284974108844656
6866,4656645.0,0.4632616344761863
6867,4656708.0,0.46380995612679377
6868,4656765.0,0.4643480933125822
6869,4656825.0,0.46491238989929884
6870,4656885.0,0.4654859416158369
6871,4656945.0,0.46603479269482173
6872,4657005.0,0.46659226488548367
6873,4657065.0,0.467130762735091
6874,4657125.0,0.4682066556108403
6875,4657185.0,0.4682702229988339
6876,4657245.0,0.4679500723293094
6877,4657305.0,0.4671046039369743
6878,4657365.0,0.4663010083826392
6879,4657425.0,0.4653321110405574
6880,4657485.0,0.46459605689737893
6881,4657545.0,0.46371395927917647
6882,4657605.0,0.46292019403470086
6883,4657665.0,0.46203298226041556
6884,4657725.0,0.4612017160033667
6885,4657785.0,0.4604235560485065
6886,4657845.0,0.46020132808292524
6887,4657905.0,0.46005209509246836
6888,4657965.0,0.45985306877078413
6889,4658028.0,0.45997737654244364
6890,4658085.0,0.4603809960129418
6891,4658145.0,0.46118294829149464
6892,4658205.0,0.4616700682978714
6893,4658265.0,0.4622593423067426
6894,4658325.0,0.4626914544995543
6895,4658385.0,0.4633722897331469
6896,4658445.0,0.46306315068150583
6897,4658505.0,0.46318133250884175
6898,4658565.0,0.4629983596157631
6899,4658625.0,0.4630138128165986
6900,4658685.0,0.46311270420454953
6901,4658745.0,0.4637480948502032
6902,4658805.0,0.464674331065867
6903,4658865.0,0.4654370051697686
6904,4658925.0,0.46595756806718625
6905,4658985.0,0.46674605066003527
6906,4659045.0,0.4674205206335982
6907,4659105.0,0.46816093306194195
6908,4659165.0,0.46876258989532815
6909,4659225.0,0.46937426887457356
6910,4659285.0,0.4702225252023552
6911,4659345.0,0.47108278036269147
6912,4659405.0,0.47194996589011196
6913,4659465.0,0.4727735110429604
6914,4659525.0,0.47353857393345467
6915,4659585.0,0.47436193393269
6916,4659648.0,0.4752705879051361
6917,4659705.0,0.4749370350021481
6918,4659765.0,0.4743590504240188
6919,4659825.0,0.47371266855775473
6920,4659885.0,0.47296968304005926
6921,4659945.0,0.47237076761672936
6922,4660005.0,0.4718482953347677
6923,4660065.0,0.47134654423547995
6924,4660125.0,0.4707285240145981
6925,4660185.0,0.46999551072182977
6926,4660245.0,0.4691673802716557
6927,4660305.0,0.4684683343356274
6928,4660365.0,0.4677849359527615
6929,4660425.0,0.467202443873015
6930,4660485.0,0.4665680864252687
6931,4660545.0,0.46591274222477075
6932,4660605.0,0.46609879361248585
6933,4660665.0,0.46608989377720833
6934,4660725.0,0.4662306971467829
6935,4660785.0,0.4663959844871767
6936,4660845.0,0.4663414036342862
6937,4660905.0,0.46649476083145947
6938,4660965.0,0.4667917799537947
6939,4661025.0,0.4670177184238803
6940,4661085.0,0.46715152152628436
6941,4661145.0,0.4673106289721276
6942,4661205.0,0.46744782260473294
6943,4661265.0,0.46749395762894586
6944,4661325.0,0.4680241166906911
6945,4661385.0,0.4684273116390182
6946,4661445.0,0.4687044360134397
6947,4661505.0,0.4689277345539008
6948,4661565.0,0.46913014882623616
6949,4661625.0,0.46962397269637235
6950,4661685.0,0.4704028983775058
6951,4661745.0,0.47100860567546976
6952,4661805.0,0.47154277754016893
6953,4661865.0,0.47200463890021627
6954,4661925.0,0.4725479277865411
6955,4661985.0,0.47298389839183086
6956,4662045.0,0.4732519495618047
6957,4662105.0,0.4738111705586058
6958,4662165.0,0.4745009391996535
6959,4662225.0,0.47530754208000336
6960,4662285.0,0.47606240704210323
6961,4662345.0,0.47674149432569546
6962,4662405.0,0.4773658561472587
6963,4662465.0,0.47798396733930126
6964,4662525.0,0.47838954414208035
6965,4662585.0,0.4780010020254638
6966,4662645.0,0.4774489036386075
6967,4662705.0,0.4763859089918666
6968,4662765.0,0.4752031362243724
6969,4662825.0,0.4741212125035249
6970,4662885.0,0.4728591042715943
6971,4662945.0,0.4715756086449002
6972,4663005.0,0.4702793880388184
6973,4663065.0,0.4689482159245172
6974,4663125.0,0.4675786255711242
6975,4663185.0,0.4662946340888554
6976,4663245.0,0.4650947005088706
6977,4663305.0,0.46388326013032066
6978,4663365.0,0.4627111746903322
6979,4663425.0,0.46173114583790453
6980,4663485.0,0.46113216206319885
6981,4663545.0,0.4606220582557362
6982,4663605.0,0.4599706484772036
6983,4663665.0,0.4594900698559291
6984,4663728.0,0.4588060849697335
6985,4663785.0,0.458261909935784
6986,4663845.0,0.45761583442338083
6987,4663905.0,0.4572312332107462
6988,4663965.0,0.45673965520674675
6989,4664025.0,0.4564063594361255
6990,4664085.0,0.4559600275667667
6991,4664145.0,0.45519778006325107
6992,4664205.0,0.4547427931577982
6993,4664265.0,0.4543303831106901
6994,4664325.0,0.4545371516866352
6995,4664385.0,0.4552646965499577
6996,4664445.0,0.45587126336933537
6997,4664505.0,0.45685091029267133
6998,4664568.0,0.4580896918310412
6999,4664625.0,0.4593728325163391
7000,4664685.0,0.4610129366187886
7001,4664745.0,0.4625272041769444
7002,4664805.0,0.4641477321243882
7003,4664865.0,0.46558535092579756
7004,4664928.0,0.46718753572912053
7005,4664985.0,0.4688351218780813
7006,4665045.0,0.4697270256591065
7007,4665105.0,0.470390258033085
7008,4665165.0,0.4710544208584161
7009,4665225.0,0.47178687860047686
7010,4665285.0,0.47250349430828853
7011,4665345.0,0.4732885608622551
7012,4665405.0,0.474125271954874
7013,4665465.0,0.4751376324224549
7014,4665525.0,0.47608752736273696
7015,4665585.0,0.4774639099205257
7016,4665645.0,0.47791403688616574
7017,4665705.0,0.47817683703867575
7018,4665765.0,0.4782153332424147
7019,4665825.0,0.47823169427546375
7020,4665885.0,0.47835831806715967
7021,4665945.0,0.47762429264676187
7022,4666005.0,0.4771145804917013
7023,4666065.0,0.47659929740118534
7024,4666125.0,0.47600787093024255
7025,4666185.0,0.47526261521142954
7026,4666245.0,0.47443053011905245
7027,4666305.0,0.4738165560976112
7028,4666365.0,0.4729458394744471
7029,4666425.0,0.47171824181131294
7030,4666485.0,0.47010935841194534
7031,4666545.0,0.4688458135214971
7032,4666605.0,0.46780431648290477
7033,4666665.0,0.4666102703706937
7034,4666725.0,0.46605114354001687
7035,4666785.0,0.4654083089664832
7036,4666845.0,0.46449080929347075
7037,4666908.0,0.46376968904636284
7038,4666965.0,0.46318668766975957
7039,4667025.0,0.4623660272517859
7040,4667085.0,0.4619181012199357
7041,4667145.0,0.461513323698431
7042,4667205.0,0.46098529097609675
7043,4667265.0,0.460440578618327
7044,4667325.0,0.4598317060733995
7045,4667385.0,0.459422255025018
7046,4667445.0,0.45907014842264704
7047,4667505.0,0.4594461387252241
7048,4667565.0,0.45974985835878945
7049,4667625.0,0.4599545189031534
7050,4667685.0,0.4600724876320278
7051,4667745.0,0.4600366454675512
7052,4667805.0,0.4600320803750523
7053,4667865.0,0.46023314059619425
7054,4667925.0,0.45999495055633377
7055,4667985.0,0.46056138384690537
7056,4668045.0,0.46133694017160776
7057,4668105.0,0.4626630171324452
7058,4668165.0,0.4643025375294102
7059,4668225.0,0.4656560545138285
7060,4668285.0,0.46627104182802637
7061,4668345.0,0.4670192549968427
7062,4668405.0,0.4669607554907015
7063,4668465.0,0.46691987277156544
7064,4668525.0,0.4666715622031088
7065,4668585.0,0.46711722791100974
7066,4668645.0,0.4668058449629965
7067,4668705.0,0.4665476240648735
7068,4668765.0,0.4666109491245901
7069,4668825.0,0.466530422247042
7070,4668885.0,0.4661240708929969
7071,4668945.0,0.4653021088267312
7072,4669005.0,0.46470729096861774
7073,4669065.0,0.464006479020297
7074,4669125.0,0.4634936385109639
7075,4669185.0,0.46271013288623786
7076,4669245.0,0.46199296753918606
7077,4669305.0,0.4612315789356721
7078,4669365.0,0.4606325813447134
7079,4669425.0,0.4606935185163167
7080,4669485.0,0.4604188140704545
7081,4669545.0,0.4597379038195112
7082,4669605.0,0.4588595507820342
7083,4669665.0,0.4581350898958728
7084,4669725.0,0.457492007327585
7085,4669788.0,0.45674693624209173
7086,4669845.0,0.45618535058859855
7087,4669905.0,0.45568423859350626
7088,4669965.0,0.45544859209280963
7089,4670025.0,0.4550966434131236
7090,4670085.0,0.45462682724406855
7091,4670145.0,0.4540304707124566
7092,4670205.0,0.4533921061511985
7093,4670265.0,0.45285134872388866
7094,4670325.0,0.4524118063060859
7095,4670385.0,0.4521601481380938
7096,4670445.0,0.452085361728494
7097,4670505.0,0.4529517964184816
7098,4670565.0,0.45367729918788746
7099,4670625.0,0.4544576134646797
7100,4670685.0,0.45547377496601416
7101,4670745.0,0.45700260245761215
7102,4670805.0,0.4584679261441651
7103,4670865.0,0.45944064800559337
7104,4670925.0,0.46045746118051445
7105,4670985.0,0.4607261572865885
7106,4671045.0,0.46075299548774473
7107,4671108.0,0.4607133536987157
7108,4671165.0,0.46060189983096567
7109,4671225.0,0.4603879403755612
7110,4671285.0,0.4600698422236117
7111,4671345.0,0.4599509180282143
7112,4671405.0,0.4590494863630842
7113,4671465.0,0.45841375487791125
7114,4671525.0,0.4577069540499955
7115,4671585.0,0.4569884997002356
7116,4671645.0,0.4564550381993987
7117,4671705.0,0.45574179678288784
7118,4671765.0,0.45492939368075425
7119,4671825.0,0.45412798889412176
7120,4671885.0,0.4534014130775791
7121,4671945.0,0.45257617833246344
7122,4672005.0,0.45175658469424895
7123,4672065.0,0.4510663037828979
7124,4672125.0,0.4499017255611628
7125,4672185.0,0.44887696977998237
7126,4672245.0,0.44797948911802854
7127,4672305.0,0.4469859360702795
7128,4672365.0,0.4460394814334344
7129,4672425.0,0.4455068465323818
7130,4672485.0,0.44484550857291005
7131,4672545.0,0.4441807911453889
7132,4672605.0,0.4434722504873133
7133,4672665.0,0.4427199110902037
7134,4672725.0,0.4419384353789467
7135,4672785.0,0.44124833815736497
7136,4672845.0,0.4407909307035255
7137,4672905.0,0.44001657365466407
7138,4672965.0,0.4390838637672102
7139,4673025.0,0.43818032657444317
7140,4673085.0,0.43695403766025476
7141,4673145.0,0.43575736012741617
7142,4673205.0,0.43478009753728886
7143,4673265.0,0.4336446047323107
7144,4673325.0,0.43261868893853694
7145,4673385.0,0.4323721994029316
7146,4673445.0,0.43235123805751485
7147,4673505.0,0.4330680948015736
7148,4673565.0,0.43393648134466756
7149,4673625.0,0.4347831096244641
7150,4673685.0,0.43578331104758194
7151,4673745.0,0.4368521756006213
7152,4673805.0,0.4379889728407377
7153,4673865.0,0.4392300634901526
7154,4673925.0,0.4404347594949921
7155,4673985.0,0.44146435630937164
7156,4674045.0,0.44249084774271286
7157,4674105.0,0.4436331297512123
7158,4674165.0,0.44457721790854987
7159,4674225.0,0.4452632510791388
7160,4674285.0,0.44485024742602064
7161,4674345.0,0.4442811830936496
7162,4674405.0,0.4437067860538596
7163,4674465.0,0.44293318598512543
7164,4674525.0,0.4423810645299392
7165,4674585.0,0.441660664091612
7166,4674645.0,0.44100345587235534
7167,4674705.0,0.4400831797003203
7168,4674765.0,0.4392234635416753
7169,4674825.0,0.4382411515196796
7170,4674885.0,0.43738994861647007
7171,4674945.0,0.4366082853680574
7172,4675005.0,0.4358281065429942
7173,4675065.0,0.4350382405763483
7174,4675125.0,0.4339183204912198
7175,4675185.0,0.43256154328193297
7176,4675245.0,0.43111392634205137
7177,4675305.0,0.4299569436825327
7178,4675365.0,0.4286595909128508
7179,4675425.0,0.42734323693114695
7180,4675485.0,0.42576023570394084
7181,4675545.0,0.42419334062893344
7182,4675605.0,0.4225606028662593
7183,4675665.0,0.42103183327587546
7184,4675725.0,0.41952887513989845
7185,4675785.0,0.41799737679424565
7186,4675845.0,0.41651100505212446
7187,4675908.0,0.4151320602697367
7188,4675968.0,0.4138676846839663
7189,4676025.0,0.412557199947189
7190,4676085.0,0.411310701971385
7191,4676145.0,0.4100590409957158
7192,4676205.0,0.4087794415956203
7193,4676265.0,0.407499064371208
7194,4676325.0,0.40632869174551833
7195,4676385.0,0.4048058890571903
7196,4676445.0,0.4041541733419266
7197,4676508.0,0.403762195853526
7198,4676565.0,0.4034934487299241
7199,4676625.0,0.4032579279064945
7200,4676685.0,0.40286661921355715
7201,4676745.0,0.4032067190152605
7202,4676805.0,0.4033035755478741
7203,4676865.0,0.40322164533074123
7204,4676925.0,0.4031689724895272
7205,4676985.0,0.40322108112071187
7206,4677045.0,0.40324191917021646
7207,4677105.0,0.40312642302703927
7208,4677165.0,0.4032155910286527
7209,4677225.0,0.4034333026524841
7210,4677285.0,0.4036215348586
7211,4677348.0,0.4036785001417308
7212,4677405.0,0.40358801283487555
7213,4677465.0,0.4036122684309267
7214,4677528.0,0.40306077476712854
7215,4677585.0,0.4025476274164055
7216,4677645.0,0.4022407710560285
7217,4677705.0,0.40164522994257157
7218,4677765.0,0.40093543590226055
7219,4677825.0,0.4004215810439309
7220,4677888.0,0.3995170714796846
7221,4677945.0,0.3985924268334077
7222,4678005.0,0.3978228785614897
7223,4678065.0,0.397048890013575
7224,4678125.0,0.3962510866009208
7225,4678185.0,0.3954243084570962
7226,4678245.0,0.39462915698024015
7227,4678305.0,0.39304796886899673
7228,4678365.0,0.3915664188164356
7229,4678425.0,0.3901758204319029
7230,4678485.0,0.3888796789105087
7231,4678548.0,0.3877185580064967
7232,4678605.0,0.3865236426846168
7233,4678665.0,0.38512370890601255
7234,4678725.0,0.38371261389321
7235,4678785.0,0.3824608756119594
7236,4678845.0,0.381558723832904
7237,4678905.0,0.3805308713653147
7238,4678965.0,0.3793045286483304
7239,4679025.0,0.3784185073848413
7240,4679085.0,0.3781138176216071
7241,4679145.0,0.378017035315676
7242,4679205.0,0.3784223607386622
7243,4679265.0,0.3787518540378966
7244,4679325.0,0.37920622179490004
7245,4679385.0,0.3790353068154585
7246,4679445.0,0.37952016139239075
7247,4679505.0,0.3798482041666259
7248,4679565.0,0.3801677505773865
7249,4679625.0,0.38053653760174655
7250,4679685.0,0.3810171325974201
7251,4679745.0,0.38147677992861906
7252,4679805.0,0.3819963741806095
7253,4679865.0,0.38237286667226866
7254,4679925.0,0.3827469744742965
7255,4679985.0,0.3831014593223846
7256,4680045.0,0.38329528475565444
7257,4680105.0,0.38349077047380076
7258,4680165.0,0.3836715521706223
7259,4680225.0,0.38312409127827673
7260,4680285.0,0.38284567902008637
7261,4680345.0,0.383240273605608
7262,4680405.0,0.3807052131723272
7263,4680465.0,0.3780950041976876
7264,4680525.0,0.37547905111049873
7265,4680585.0,0.3728166207055327
7266,4680645.0,0.37011049295998744
7267,4680705.0,0.36731840959960393
7268,4680765.0,0.3642875207661803
7269,4680825.0,0.3616855729451557
7270,4680885.0,0.35915672219841654
7271,4680945.0,0.3567066801571991
7272,4681005.0,0.3544411231978789
7273,4681068.0,0.352199433844662
7274,4681125.0,0.34980188798943745
7275,4681185.0,0.3482531432997229
7276,4681245.0,0.3467176073502505
7277,4681305.0,0.3454919592699762
7278,4681365.0,0.3447220013227259
7279,4681425.0,0.34393893213520055
7280,4681485.0,0.3430710968115209
7281,4681545.0,0.3416209170831449
7282,4681605.0,0.3403563954637978
7283,4681665.0,0.3397733738774247
7284,4681725.0,0.33917552528235373
7285,4681785.0,0.3392492621692781
7286,4681845.0,0.3394714526872905
7287,4681905.0,0.34008444328545917
7288,4681965.0,0.3383526637096288
7289,4682028.0,0.3366719105190753
7290,4682085.0,0.3350842346315852
7291,4682145.0,0.3333227053571409
7292,4682205.0,0.33152520236258154
7293,4682268.0,0.3296132071712268
7294,4682325.0,0.3275538597872293
7295,4682385.0,0.3254105784199687
7296,4682445.0,0.32327772577213854
7297,4682505.0,0.3212021113960811
7298,4682565.0,0.31953872296509644
7299,4682625.0,0.3179275596993866
7300,4682685.0,0.3164263819887506
7301,4682745.0,0.31514179521269303
7302,4682805.0,0.313897149689386
7303,4682865.0,0.31261587814620895
7304,4682925.0,0.31122439027686466
7305,4682985.0,0.30975368641303247
7306,4683045.0,0.30827566127339445
7307,4683105.0,0.30695384392026825
7308,4683165.0,0.30570597781131803
7309,4683225.0,0.30390967386386347
7310,4683285.0,0.3018273654217838
7311,4683345.0,0.2997102234920491
7312,4683405.0,0.29762586844036776
7313,4683465.0,0.2955755071119992
7314,4683525.0,0.29359803958336317
7315,4683585.0,0.29160399526351777
7316,4683645.0,0.2896236101020885
7317,4683708.0,0.2876426213553648
7318,4683765.0,0.28729736634960257
7319,4683825.0,0.2870427813703146
7320,4683885.0,0.28671296901020593
7321,4683945.0,0.2862086699396106
7322,4684005.0,0.2855208547371365
7323,4684065.0,0.2849922728192369
7324,4684125.0,0.2845829234247724
7325,4684185.0,0.28417658160896575
7326,4684245.0,0.2837674039394582
7327,4684305.0,0.28332816277566597
7328,4684365.0,0.28289939091041627
7329,4684425.0,0.2802741148679212
7330,4684485.0,0.27753202557962064
7331,4684545.0,0.274723335160988
7332,4684605.0,0.27189976079946554
7333,4684665.0,0.2690484909389279
7334,4684725.0,0.2662165504375724
7335,4684785.0,0.26343733727426255
7336,4684845.0,0.2606047241550248
7337,4684905.0,0.2576184938612822
7338,4684965.0,0.2547605373129267
7339,4685025.0,0.2520334029572341
7340,4685085.0,0.2500384252510506
7341,4685145.0,0.24856646008551483
7342,4685205.0,0.24712633169698453
7343,4685265.0,0.24582358401430707
7344,4685325.0,0.2445372282706301
7345,4685385.0,0.24330531477004316
7346,4685445.0,0.2421714372069436
7347,4685505.0,0.2411348679886405
7348,4685565.0,0.24013637810898233
7349,4685625.0,0.2391971631967625
7350,4685685.0,0.23815013324910597
7351,4685745.0,0.23695956404419752
7352,4685805.0,0.23575687719404395
7353,4685865.0,0.2345374290345972
7354,4685925.0,0.23330062375767438
7355,4685985.0,0.23200398424420957
7356,4686045.0,0.23067212897382486
7357,4686105.0,0.22934570573078691
7358,4686165.0,0.22799820070862722
7359,4686225.0,0.22662205297659924
7360,4686285.0,0.2252865133468743
7361,4686345.0,0.22398528185835823
7362,4686405.0,0.22269505344614185
7363,4686465.0,0.2214005159574751
7364,4686525.0,0.22015566061596895
7365,4686585.0,0.21894004768552058
7366,4686645.0,0.21768087857315463
7367,4686705.0,0.2164319838632199
7368,4686765.0,0.21520442977120183
7369,4686825.0,0.21401863391687007
7370,4686885.0,0.21281228405879501
7371,4686945.0,0.21158673427293065
7372,4687005.0,0.21034511687558552
7373,4687065.0,0.2090146767797401
7374,4687125.0,0.20758540878519702
7375,4687188.0,0.20613520537687338
7376,4687245.0,0.20464049229194822
7377,4687308.0,0.20319773002433353
7378,4687365.0,0.20183144393369665
7379,4687425.0,0.2004932699308453
7380,4687485.0,0.19926528138483815
7381,4687545.0,0.19811652366986557
7382,4687605.0,0.196940573710191
7383,4687665.0,0.19575132258143838
7384,4687725.0,0.1945299255365038
7385,4687785.0,0.19327720336808787
7386,4687845.0,0.19196941995135894
7387,4687905.0,0.19059799948833803
7388,4687965.0,0.1892331612998238
7389,4688025.0,0.18779628549952312
7390,4688085.0,0.1863176874938474
7391,4688145.0,0.18487214502250385
7392,4688205.0,0.18339694250871988
7393,4688265.0,0.18194390564962518
7394,4688325.0,0.18042865098084718
7395,4688385.0,0.17894446424108254
7396,4688445.0,0.17745404917374422
7397,4688505.0,0.17595379073746212
7398,4688565.0,0.17448739751230638
7399,4688625.0,0.17304655271766925
7400,4688685.0,0.17161373827543527
7401,4688745.0,0.17023565155099893
7402,4688805.0,0.16886376043246124
7403,4688865.0,0.16744558327167527
7404,4688925.0,0.16607385416533996
7405,4688985.0,0.16475881383648286
7406,4689045.0,0.1635033931411243
7407,4689105.0,0.16230315740056864
7408,4689168.0,0.1613085445038753
7409,4689225.0,0.16045360230186093
7410,4689285.0,0.1594514505540098
7411,4689345.0,0.15790440922562635
7412,4689405.0,0.15626667352425325
7413,4689465.0,0.15462104941200136
7414,4689528.0,0.15289969092165487
7415,4689585.0,0.15110971538215226
7416,4689645.0,0.1491596383026432
7417,4689708.0,0.14741229740487724
7418,4689765.0,0.14573439493177767
7419,4689825.0,0.14408709804631245
7420,4689885.0,0.1425015018058691
7421,4689945.0,0.1408154598505811
7422,4690005.0,0.1393929955092175
7423,4690065.0,0.13814497566456732
7424,4690125.0,0.13686168271759677
7425,4690185.0,0.13556320294136434
7426,4690245.0,0.1342929379134726
7427,4690305.0,0.13301972459505587
7428,4690365.0,0.1317001262891234
7429,4690425.0,0.13024288170611845
7430,4690485.0,0.1285529857511297
7431,4690545.0,0.1267557881214583
7432,4690605.0,0.1249904823720113
7433,4690665.0,0.1232569535876831
7434,4690725.0,0.12155239180734281
7435,4690785.0,0.11990131325421086
7436,4690845.0,0.11833458669957822
7437,4690905.0,0.11679733988745758
7438,4690965.0,0.11528871003960448
7439,4691025.0,0.1138276931425852
7440,4691085.0,0.11239286792558909
7441,4691145.0,0.110331023081961
7442,4691205.0,0.11106367783782692
7443,4691265.0,0.11179575335960881
7444,4691325.0,0.1125200442902414
7445,4691385.0,0.1132844595070657
7446,4691445.0,0.11401651680242411
7447,4691505.0,0.11472931955397939
7448,4691565.0,0.11547688283648186
7449,4691625.0,0.11590091063346089
7450,4691685.0,0.11625606683893572
7451,4691745.0,0.11658029390627825
7452,4691805.0,0.11670745831683219
7453,4691865.0,0.11678117755740611
7454,4691925.0,0.11697628628135312
7455,4691985.0,0.11612182878230212
7456,4692045.0,0.11497270550576508
7457,4692105.0,0.11383450661309877
7458,4692165.0,0.11265462036851345
7459,4692225.0,0.11145251922532332
7460,4692285.0,0.1101876016215074
7461,4692345.0,0.10893853193189854
7462,4692405.0,0.10751959471811881
7463,4692465.0,0.10595696471413849
7464,4692528.0,0.10438678155345657
7465,4692585.0,0.10291175332761551
7466,4692645.0,0.10147876538757597
7467,4692705.0,0.0997227051583601
7468,4692765.0,0.10038744938099883
7469,4692825.0,0.1010340134259404
7470,4692885.0,0.10171612095906887
7471,4692945.0,0.10239331920405062
7472,4693005.0,0.10307423148145248
7473,4693065.0,0.10371590913136633
7474,4693125.0,0.10431563871836272
7475,4693185.0,0.10486225941702834
7476,4693245.0,0.10537232201489524
7477,4693308.0,0.10586969061890286
7478,4693365.0,0.10601920837473386
7479,4693425.0,0.1061941758467331
7480,4693485.0,0.10629017476257921
7481,4693545.0,0.10626435541344972
7482,4693605.0,0.10620547776553349
7483,4693665.0,0.10623315815031278
7484,4693725.0,0.10641664163530143
7485,4693785.0,0.1065977312131329
7486,4693845.0,0.10667312487323091
7487,4693905.0,0.1066927280513468
7488,4693965.0,0.10662335212811566
7489,4694025.0,0.1063882183598456
7490,4694085.0,0.10619885126319303
7491,4694145.0,0.10623863176497753
7492,4694205.0,0.10635783714788641
7493,4694265.0,0.10658262893165013
7494,4694325.0,0.1067979337955752
7495,4694385.0,0.10695726013604137
7496,4694445.0,0.10711039189845853
7497,4694505.0,0.10727503610112901
7498,4694565.0,0.10575204322827783
7499,4694625.0,0.10397852184048487
7500,4694685.0,0.1025472520669832
7501,4694745.0,0.10130672241079366
7502,4694805.0,0.10000834206795187
7503,4694865.0,0.09857006869531074
7504,4694925.0,0.09719630292669937
7505,4694985.0,0.0958193546032036
7506,4695045.0,0.09438267926437463
7507,4695105.0,0.09279189127914425
7508,4695165.0,0.09102771451715727
7509,4695225.0,0.09139350943258343
7510,4695285.0,0.09176870733700812
7511,4695345.0,0.09216253147750766
7512,4695405.0,0.0925668420009517
7513,4695465.0,0.0929526753401407
7514,4695525.0,0.09345147700891995
7515,4695585.0,0.09405322439522354
7516,4695645.0,0.09471069581144334
7517,4695705.0,0.09546447025039709
7518,4695765.0,0.09620447745398467
7519,4695825.0,0.09687515562782448
7520,4695885.0,0.09750639731527308
7521,4695945.0,0.09765050477342344
7522,4696005.0,0.09785990885889986
7523,4696065.0,0.09789806499909073
7524,4696125.0,0.09785624852011546
7525,4696185.0,0.09769389341027532
7526,4696245.0,0.09744427183065493
7527,4696305.0,0.0971479789876167
7528,4696365.0,0.0968353037413914
7529,4696425.0,0.09642903710313058
7530,4696485.0,0.09604123989129246
7531,4696545.0,0.09579400638912058
7532,4696605.0,0.09560800287755203
7533,4696665.0,0.09547749062888292
7534,4696725.0,0.09539624638449398
7535,4696785.0,0.09536526500708933
7536,4696845.0,0.09536918892433296
7537,4696905.0,0.09533455630465018
7538,4696965.0,0.09528618522783619
7539,4697025.0,0.09525131717912086
7540,4697085.0,0.09523379092748649
7541,4697145.0,0.09524047700460395
7542,4697205.0,0.09527503736792367
7543,4697265.0,0.09533021261811894
7544,4697325.0,0.09536007026831109
7545,4697385.0,0.09538642250984938
7546,4697445.0,0.09542709520659085
7547,4697505.0,0.09544991780872511
7548,4697565.0,0.09541372749240665
7549,4697625.0,0.09533485185716992
7550,4697685.0,0.09526816427131027
7551,4697745.0,0.09518969221909637
7552,4697805.0,0.0950961025422529
7553,4697865.0,0.09500550219905499
7554,4697925.0,0.09489330225155132
7555,4697985.0,0.09474335772168965
7556,4698045.0,0.09456773027154983
7557,4698105.0,0.09435514399220471
7558,4698165.0,0.09414317519333312
7559,4698225.0,0.09393436432154975
7560,4698285.0,0.0937057005833363
7561,4698345.0,0.09346650779113161
7562,4698405.0,0.09327734046332078
7563,4698465.0,0.09312353777650575
7564,4698525.0,0.09299428244856503
7565,4698585.0,0.09287569641890372
7566,4698648.0,0.09278475102290953
7567,4698705.0,0.09268855251742678
7568,4698765.0,0.09257504007436987
7569,4698825.0,0.09247172755056107
7570,4698885.0,0.0923262716629997
7571,4698945.0,0.09212364376535079
7572,4699005.0,0.0919317673276834
7573,4699065.0,0.09169297697513254
7574,4699125.0,0.09152459583425179
7575,4699185.0,0.09136970396588354
7576,4699245.0,0.09127228801294388
7577,4699305.0,0.0912316568110764
7578,4699365.0,0.09119065624082309
7579,4699425.0,0.09116649679519997
7580,4699485.0,0.09111453089526925
7581,4699545.0,0.09101878380652215
7582,4699605.0,0.09096132814446425
7583,4699665.0,0.09095178551683356
7584,4699725.0,0.09094947847509974
7585,4699785.0,0.09086526124036828
7586,4699845.0,0.090695441808444
7587,4699905.0,0.09045482923199175
7588,4699965.0,0.08998123428300372
7589,4700028.0,0.08941391441528715
7590,4700085.0,0.08897028866295428
7591,4700145.0,0.08906363679279863
7592,4700205.0,0.08914396533743615
7593,4700265.0,0.0892120695357502
7594,4700325.0,0.08931884516631153
7595,4700385.0,0.08947693982650143
7596,4700445.0,0.08968496490097574
7597,4700505.0,0.08976773929660134
7598,4700565.0,0.08966781287578837
7599,4700625.0,0.08947434417326175
7600,4700685.0,0.08928416719703844
7601,4700745.0,0.08905198333999512
7602,4700805.0,0.08870097742672847
7603,4700865.0,0.08827418982899318
7604,4700925.0,0.08789811261499295
7605,4700985.0,0.08762609210320096
7606,4701045.0,0.08737746991160314
7607,4701105.0,0.0871548455742657
7608,4701165.0,0.08702938690102965
7609,4701225.0,0.08689716329833966
7610,4701285.0,0.08684559536529332
7611,4701345.0,0.0868375425231813
7612,4701405.0,0.08677083709106129
7613,4701465.0,0.08668540131613292
7614,4701525.0,0.08657892449606783
7615,4701585.0,0.08647751999202227
7616,4701645.0,0.0863643641490073
7617,4701705.0,0.08624752828327062
7618,4701765.0,0.08612641811406027
7619,4701825.0,0.08602728519214611
7620,4701885.0,0.08594015636986338
7621,4701945.0,0.08580025085004064
7622,4702005.0,0.08568027919437152
7623,4702065.0,0.08553276402072865
7624,4702125.0,0.08537513922022574
7625,4702185.0,0.08516815099780059
7626,4702245.0,0.08495645074779237
7627,4702305.0,0.0847592040882055
7628,4702365.0,0.08450021672472527
7629,4702425.0,0.08421786546311064
7630,4702485.0,0.0839774209918068
7631,4702545.0,0.08379525623940834
7632,4702605.0,0.08366872888497681
7633,4702665.0,0.08354343751080726
7634,4702725.0,0.08343762590396706
7635,4702785.0,0.08333232528324588
7636,4702845.0,0.08324136552940023
7637,4702905.0,0.08316687814909521
7638,4702965.0,0.08306458458340996
7639,4703025.0,0.0829292528779618
7640,4703085.0,0.08280446821882267
7641,4703145.0,0.08269968978987488
7642,4703205.0,0.08261901717399892
7643,4703265.0,0.08251093653620359
7644,4703325.0,0.08241859309146435
7645,4703385.0,0.08230054707306492
7646,4703445.0,0.08220415292650843
7647,4703505.0,0.0821176983545904
7648,4703565.0,0.08204384931328859
7649,4703625.0,0.08199585684242619
7650,4703685.0,0.08194027644986693
7651,4703745.0,0.08190468463929004
7652,4703805.0,0.0818858121383638
7653,4703865.0,0.08188788341543643
7654,4703925.0,0.08190420530685341
7655,4703985.0,0.0819622639304832
7656,4704045.0,0.082062490467644
7657,4704105.0,0.08218378756899355
7658,4704165.0,0.08229947424619696
7659,4704225.0,0.08242539143649716
7660,4704285.0,0.08253583415512919
7661,4704345.0,0.08262257736968662
7662,4704405.0,0.0826908540917953
7663,4704465.0,0.08271532367428489
7664,4704525.0,0.08262837917807755
7665,4704585.0,0.08250954824007264
7666,4704645.0,0.0824150677218827
7667,4704705.0,0.08229495736176315
7668,4704765.0,0.08221145412845912
7669,4704825.0,0.08215823111910239
7670,4704885.0,0.08210707323131258
7671,4704945.0,0.08203546591749658
7672,4705005.0,0.08193708578960315
7673,4705065.0,0.08177328122738911
7674,4705125.0,0.08160545757243712
7675,4705185.0,0.08150657654596785
7676,4705245.0,0.08141015954284828
7677,4705305.0,0.08131913856493142
7678,4705365.0,0.08122618044533778
7679,4705425.0,0.08116553605320201
7680,4705485.0,0.08108291491005123
7681,4705545.0,0.08099073297584838
7682,4705605.0,0.08101171352702799
7683,4705665.0,0.08114896166986049
7684,4705725.0,0.08122277110772044
7685,4705785.0,0.08122121210409103
7686,4705845.0,0.08119287487861857
7687,4705905.0,0.08122118947274318
7688,4705965.0,0.08132592444638767
7689,4706025.0,0.0814864114166157
7690,4706085.0,0.08168782974371505
7691,4706145.0,0.08191102651145524
7692,4706205.0,0.08215692868506938
7693,4706265.0,0.08244362593492252
7694,4706325.0,0.0826194793392532
7695,4706385.0,0.082692906762208
7696,4706445.0,0.08269838926992137
7697,4706505.0,0.08260244854323964
7698,4706565.0,0.08252947086369364
7699,4706625.0,0.08252512416763522
7700,4706685.0,0.08253896953322962
7701,4706745.0,0.08256582358505496
7702,4706805.0,0.08264232099361554
7703,4706865.0,0.08278197066033086
7704,4706925.0,0.08294163598387641
7705,4706985.0,0.08303393310790744
7706,4707048.0,0.08306206113132378
7707,4707105.0,0.083141334734425
7708,4707165.0,0.08326277667625195
7709,4707225.0,0.0834141618060791
7710,4707285.0,0.08349438110455601
7711,4707345.0,0.08352604010929263
7712,4707405.0,0.08347779689619014
7713,4707465.0,0.08334223840738317
7714,4707525.0,0.0831332264482372
7715,4707585.0,0.08289112493752651
7716,4707645.0,0.08267100754419718
7717,4707705.0,0.08254741631621668
7718,4707765.0,0.0824937453550835
7719,4707825.0,0.08248667170748084
7720,4707885.0,0.08248166500729945
7721,4707945.0,0.08250865649175662
7722,4708005.0,0.08247848565169139
7723,4708065.0,0.08239596608684188
7724,4708125.0,0.08232508948717962
7725,4708185.0,0.0822429619011272
7726,4708245.0,0.08213804621128376
7727,4708305.0,0.08201804886820321
7728,4708365.0,0.08192926942183523
7729,4708425.0,0.08184252676295903
7730,4708485.0,0.08175225308460762
7731,4708545.0,0.08166978993869375
7732,4708605.0,0.08162269684268744
7733,4708665.0,0.08159450644804042
7734,4708725.0,0.08157987037518946
7735,4708785.0,0.08158608595634356
7736,4708845.0,0.08161759026248241
7737,4708905.0,0.08165385122982824
7738,4708965.0,0.08169353802838505
7739,4709025.0,0.08171156529675086
7740,4709085.0,0.08171418387599952
7741,4709145.0,0.08170390198084734
7742,4709205.0,0.0816632490818017
7743,4709265.0,0.08161799027946684
7744,4709325.0,0.0815740680455436
7745,4709385.0,0.08154824715939699
7746,4709445.0,0.08154328235361855
7747,4709505.0,0.08155407273715912
7748,4709565.0,0.08156587758295578
7749,4709625.0,0.08157271661284124
7750,4709688.0,0.08161305406269401
7751,4709745.0,0.08166650266217215
7752,4709805.0,0.08173591375943892
7753,4709865.0,0.08179161615046396
7754,4709925.0,0.08179081136770813
7755,4709985.0,0.08174724270762809
7756,4710045.0,0.08166793988004997
7757,4710105.0,0.08156565549040387
7758,4710165.0,0.08147421412037995
7759,4710228.0,0.08135975399658626
7760,4710285.0,0.08126172026043685
7761,4710345.0,0.0811916954060771
7762,4710405.0,0.0811335469559841
7763,4710465.0,0.0810567607629544
7764,4710525.0,0.08095188047577087
7765,4710588.0,0.08086699547471857
7766,4710645.0,0.0807872292185072
7767,4710705.0,0.08072740897485733
7768,4710765.0,0.08067442072947836
7769,4710825.0,0.08058153385769976
7770,4710885.0,0.08049030750499356
7771,4710945.0,0.08038830131308874
7772,4711005.0,0.08035388909759203
7773,4711065.0,0.08032851327576443
7774,4711125.0,0.0802577725740535
7775,4711185.0,0.08012247251369084
7776,4711245.0,0.07990940301816787
7777,4711305.0,0.07973761877782684
7778,4711365.0,0.07970244956984726
7779,4711425.0,0.07973633311432018
7780,4711485.0,0.07978266515528668
7781,4711545.0,0.07983614044094126
7782,4711605.0,0.07995413435628193
7783,4711665.0,0.0801163492957663
7784,4711725.0,0.08028148659784637
7785,4711785.0,0.08035781430685987
7786,4711845.0,0.08039526411511752
7787,4711905.0,0.08037370182930395
7788,4711965.0,0.08023903978482652
7789,4712025.0,0.08013627932786302
7790,4712085.0,0.08006619804366263
7791,4712145.0,0.08002390333124496
7792,4712205.0,0.07998239714866465
7793,4712265.0,0.0799389820254934
7794,4712325.0,0.07989572924003027
7795,4712385.0,0.0798360502017498
7796,4712445.0,0.07975320240884667
7797,4712505.0,0.0796447034630858
7798,4712565.0,0.07952286067564687
7799,4712625.0,0.07937337205644254
7800,4712685.0,0.07920509886310781
7801,4712745.0,0.07905898705723977
7802,4712805.0,0.07895079663852414
7803,4712865.0,0.07888811959885014
7804,4712925.0,0.07886483285979365
7805,4712985.0,0.07889285523349024
7806,4713045.0,0.07896624719061476
7807,4713105.0,0.07903529098332104
7808,4713165.0,0.07913723877823345
7809,4713225.0,0.07924569171214887
7810,4713285.0,0.07938782596154917
7811,4713345.0,0.07953337252434525
7812,4713405.0,0.07963667350256201
7813,4713465.0,0.0797286736169506
7814,4713525.0,0.07976596667573979
7815,4713585.0,0.07976698147047004
7816,4713645.0,0.07972220022889234
7817,4713705.0,0.07962111288676302
7818,4713765.0,0.0795208524905203
7819,4713825.0,0.0794134773749541
7820,4713885.0,0.07929220239692655
7821,4713945.0,0.07918630104661481
7822,4714005.0,0.07908950351280322
7823,4714065.0,0.078996636420711
7824,4714125.0,0.0789226514010585
7825,4714185.0,0.07888580335536302
7826,4714245.0,0.07883031688577666
7827,4714305.0,0.07879483936534962
7828,4714365.0,0.0787953951669815
7829,4714425.0,0.07880246957618589
7830,4714485.0,0.07881957546848564
7831,4714545.0,0.07882865213272375
7832,4714605.0,0.07883166485787294
7833,4714665.0,0.0788481118568394
7834,4714725.0,0.07888118534028535
7835,4714785.0,0.07889598392874167
7836,4714845.0,0.07888102213787565
7837,4714905.0,0.07885898000834649
7838,4714965.0,0.07882832470044907
7839,4715025.0,0.0788000581887072
7840,4715088.0,0.07877522619894509
7841,4715145.0,0.07875580277291996
7842,4715205.0,0.07874040593985601
7843,4715265.0,0.07871251268854076
7844,4715325.0,0.07869917562046239
7845,4715385.0,0.07871280905019942
7846,4715445.0,0.07873736818685259
7847,4715508.0,0.07876789666189829
7848,4715565.0,0.0787617483009814
7849,4715625.0,0.07873514506508719
7850,4715685.0,0.07867422073546312
7851,4715745.0,0.07862954097416788
7852,4715805.0,0.07858871834469375
7853,4715865.0,0.07854953287045871
7854,4715925.0,0.07852563891477085
7855,4715985.0,0.07850425181810247
7856,4716045.0,0.07847921918241504
7857,4716105.0,0.07849114141736421
7858,4716165.0,0.07853205951772332
7859,4716225.0,0.07855659514492938
7860,4716285.0,0.07858366630098099
7861,4716345.0,0.078599723392308
7862,4716405.0,0.07858868582746573
7863,4716465.0,0.07857939166825403
7864,4716525.0,0.07856569264839511
7865,4716585.0,0.07859007323943892
7866,4716645.0,0.07861818623855307
7867,4716705.0,0.07861944334418866
7868,4716765.0,0.07859338417601244
7869,4716825.0,0.07863629982669537
7870,4716885.0,0.07880201412224955
7871,4716948.0,0.07899484066166476
7872,4717005.0,0.07894991408364768
7873,4717065.0,0.07881076376881149
7874,4717125.0,0.07861067837054511
7875,4717185.0,0.0784114043948009
7876,4717245.0,0.07822873564986335
7877,4717305.0,0.0780495247748991
7878,4717365.0,0.07790034819966926
7879,4717425.0,0.07784176892553565
7880,4717485.0,0.07787922763179392
7881,4717545.0,0.07795058771914218
7882,4717605.0,0.0779922758103416
7883,4717665.0,0.07801198076039642
7884,4717725.0,0.0780387388109314
7885,4717785.0,0.078171630153026
7886,4717845.0,0.07835141395288922
7887,4717905.0,0.07847853371319582
7888,4717965.0,0.07852774601074966
7889,4718025.0,0.07860344222519985
7890,4718085.0,0.0787874097636552
7891,4718145.0,0.07903989725306423
7892,4718205.0,0.07931950869210544
7893,4718265.0,0.07961871711917082
7894,4718325.0,0.07995363902538691
7895,4718385.0,0.08031615790526167
7896,4718445.0,0.08065507618794046
7897,4718505.0,0.08091490165440532
7898,4718565.0,0.08115144896284263
7899,4718625.0,0.08140529657790793
7900,4718685.0,0.08168001221106283
7901,4718745.0,0.08189416433236255
7902,4718805.0,0.08220212239837879
7903,4718865.0,0.0825433298941731
7904,4718925.0,0.08285744142480275
7905,4718985.0,0.08319313641466022
7906,4719045.0,0.08348439988656878
7907,4719105.0,0.08388657011986153
7908,4719165.0,0.08419870846622249
7909,4719225.0,0.08450088132236536
7910,4719285.0,0.08482556020456691
7911,4719345.0,0.0851399630262136
7912,4719405.0,0.08547213385210242
7913,4719465.0,0.08577499778882033
7914,4719525.0,0.08609344788315756
7915,4719585.0,0.08635360004979312
7916,4719645.0,0.08659381752533654
7917,4719705.0,0.08679213412076195
7918,4719765.0,0.08698384959155472
7919,4719825.0,0.08718393302549829
7920,4719885.0,0.08739689904965067
7921,4719945.0,0.08767275130965743
7922,4720005.0,0.08799741132768032
7923,4720065.0,0.08832969065116594
7924,4720125.0,0.08868473973987853
7925,4720185.0,0.08906754862282143
7926,4720245.0,0.08944819229744735
7927,4720305.0,0.08980769380082423
7928,4720368.0,0.09017122188470214
7929,4720425.0,0.09051640585497991
7930,4720485.0,0.09088404869698377
7931,4720545.0,0.09124129157362673
7932,4720605.0,0.09154332341691654
7933,4720665.0,0.09185810879375314
7934,4720725.0,0.09226543382234323
7935,4720785.0,0.09270431518708935
7936,4720845.0,0.09320304590171155
7937,4720905.0,0.09368607056835324
7938,4720965.0,0.09413028677097415
7939,4721025.0,0.09453273518040936
7940,4721085.0,0.09492811544834714
7941,4721145.0,0.09534122742293574
7942,4721205.0,0.09578480084628763
7943,4721265.0,0.09621096019625383
7944,4721325.0,0.09660434881940175
7945,4721385.0,0.09698844640546647
7946,4721445.0,0.0973239364562831
7947,4721505.0,0.09766942961678118
7948,4721565.0,0.09802989275095589
7949,4721625.0,0.09839784737882765
7950,4721685.0,0.09876669002023755
7951,4721745.0,0.09917763344940903
7952,4721805.0,0.0996083111827499
7953,4721865.0,0.1000997804063424
7954,4721925.0,0.10061685343177354
7955,4721985.0,0.10111779880865343
7956,4722045.0,0.10159473095588542
7957,4722105.0,0.10205457526312026
7958,4722165.0,0.10254936048853994
7959,4722225.0,0.10300703652676327
7960,4722285.0,0.10349751752142819
7961,4722345.0,0.10399607310823408
7962,4722405.0,0.10443773099094952
7963,4722465.0,0.10487681099414817
7964,4722525.0,0.10515262023223618
7965,4722585.0,0.10546619899099388
7966,4722645.0,0.10572924749288579
7967,4722705.0,0.10603540727088509
7968,4722765.0,0.10636011949922528
7969,4722828.0,0.10670801944294964
7970,4722885.0,0.1070972726936569
7971,4722945.0,0.1074986522839029
7972,4723005.0,0.10794175555896582
7973,4723065.0,0.1083696599500085
7974,4723125.0,0.10870221807423022
7975,4723185.0,0.10904938190196614
7976,4723245.0,0.1094039198781189
7977,4723305.0,0.10976717537188871
7978,4723365.0,0.11014261775479448
7979,4723425.0,0.11052339484811782
7980,4723485.0,0.11091363989629535
7981,4723545.0,0.11132012353518042
7982,4723605.0,0.11166107391149419
7983,4723665.0,0.11198984874323195
7984,4723725.0,0.11227818056140068
7985,4723785.0,0.11260678082859513
7986,4723845.0,0.11294879510539221
7987,4723905.0,0.1132697540384924
7988,4723965.0,0.11359015191448887
7989,4724025.0,0.11387197970011334
7990,4724085.0,0.11414305737308608
7991,4724145.0,0.11437406251653195
7992,4724205.0,0.11459867602257054
7993,4724265.0,0.11479671064667171
7994,4724325.0,0.11491433837089518
7995,4724385.0,0.11680583924383794
7996,4724445.0,0.11842356960512715
7997,4724508.0,0.11987108006237454
7998,4724565.0,0.1199692380745562
7999,4724625.0,0.11981880581355572
8000,4724685.0,0.11939834827878568
8001,4724745.0,0.11896905146581463
8002,4724805.0,0.11852370176422808
8003,4724865.0,0.11805426479744477
8004,4724925.0,0.117551552436891
8005,4724985.0,0.11700332808878897
8006,4725045.0,0.1164699955816533
8007,4725105.0,0.11589419043568286
8008,4725165.0,0.11577036261917109
8009,4725225.0,0.11557378418412448
8010,4725285.0,0.11563035405357316
8011,4725345.0,0.11568439578540515
8012,4725405.0,0.115713245657356
8013,4725465.0,0.11574453394199238
8014,4725525.0,0.11712514793190829
8015,4725585.0,0.11865797212819487
8016,4725645.0,0.11984072127890347
8017,4725705.0,0.12088186222322314
8018,4725768.0,0.12195624176728634
8019,4725825.0,0.1218628352049064
8020,4725885.0,0.12175688490673506
8021,4725948.0,0.12178714508519908
8022,4726005.0,0.12202695314975578
8023,4726065.0,0.12235811270882177
8024,4726125.0,0.12251352005544905
8025,4726185.0,0.12254533225579103
8026,4726245.0,0.1227693964939778
8027,4726305.0,0.1228243325117144
8028,4726365.0,0.12284756530650146
8029,4726425.0,0.12440248345260044
8030,4726485.0,0.12558775072839415
8031,4726545.0,0.12659968794392776
8032,4726605.0,0.12765450892810107
8033,4726665.0,0.12878170435904293
8034,4726725.0,0.12997224109020458
8035,4726785.0,0.13120093302430744
8036,4726845.0,0.1324626331214008
8037,4726905.0,0.13372221292428813
8038,4726965.0,0.13497918420185842
8039,4727025.0,0.13628773063011648
8040,4727085.0,0.13783179323832453
8041,4727145.0,0.13957703431429178
8042,4727205.0,0.14147378501010197
8043,4727265.0,0.14331191792496914
8044,4727325.0,0.14511762056094615
8045,4727385.0,0.14685032028672998
8046,4727445.0,0.14862330101500396
8047,4727505.0,0.15045382410127486
8048,4727565.0,0.15233340220168498
8049,4727625.0,0.15413021067379853
8050,4727685.0,0.15583784484327937
8051,4727745.0,0.15754840892386365
8052,4727805.0,0.159491104857487
8053,4727865.0,0.1613689656535883
8054,4727925.0,0.16434965394961568
8055,4727985.0,0.16701306135836583
8056,4728045.0,0.1696326842552596
8057,4728105.0,0.17204574233847972
8058,4728165.0,0.174365594278061
8059,4728225.0,0.176652013436656
8060,4728285.0,0.17886242574217273
8061,4728345.0,0.18100563604873252
8062,4728405.0,0.1831545126238123
8063,4728465.0,0.1853645093385324
8064,4728525.0,0.18759104003655228
8065,4728585.0,0.18976190695940978
8066,4728645.0,0.19190336107481162
8067,4728705.0,0.19408089360632977
8068,4728768.0,0.19625035193038495
8069,4728825.0,0.19839216079443203
8070,4728885.0,0.2005319663238707
8071,4728948.0,0.20267339472496024
8072,4729005.0,0.20479834358968899
8073,4729065.0,0.20695484645571902
8074,4729125.0,0.20866816636020316
8075,4729188.0,0.2108111933716967
8076,4729245.0,0.21321433318361485
8077,4729305.0,0.21500252211067786
8078,4729365.0,0.21679334824223132
8079,4729425.0,0.21844923622941162
8080,4729485.0,0.2199168576632982
8081,4729545.0,0.22132411762926144
8082,4729605.0,0.22264196486524687
8083,4729665.0,0.22401696964191317
8084,4729725.0,0.22543801923281345
8085,4729785.0,0.2267133829369027
8086,4729845.0,0.22796143212068018
8087,4729905.0,0.22918521023539232
8088,4729965.0,0.23049746922987965
8089,4730025.0,0.2319194385921494
8090,4730088.0,0.23344299119716147
8091,4730145.0,0.23499499454288506
8092,4730205.0,0.23636234207391923
8093,4730265.0,0.23778745568620605
8094,4730325.0,0.23914870879883346
8095,4730385.0,0.2405810037715869
8096,4730445.0,0.24207530303830496
8097,4730505.0,0.2434949278009695
8098,4730565.0,0.24485354450589983
8099,4730625.0,0.24619939763832885
8100,4730685.0,0.24751925886091244
8101,4730745.0,0.24875462589473088
8102,4730805.0,0.24998868088220508
8103,4730865.0,0.2512699881115824
8104,4730925.0,0.252530384151031
8105,4730985.0,0.25399024922013536
8106,4731045.0,0.255765463210178
8107,4731105.0,0.2577740673358432
8108,4731165.0,0.2599219799301936
8109,4731225.0,0.26197659504905857
8110,4731285.0,0.2639200782685944
8111,4731345.0,0.26581690700747074
8112,4731405.0,0.26761737936874874
8113,4731465.0,0.26933991836101034
8114,4731525.0,0.2710593495095367
8115,4731585.0,0.2728024920836838
8116,4731645.0,0.27442151507398316
8117,4731705.0,0.27601058540159606
8118,4731765.0,0.27698195678107007
8119,4731825.0,0.2780370839161741
8120,4731885.0,0.27915799858785406
8121,4731945.0,0.280218309657837
8122,4732005.0,0.281247674492214
8123,4732065.0,0.28224226121173923
8124,4732125.0,0.2832351475087225
8125,4732185.0,0.284203402930011
8126,4732245.0,0.2852256742354312
8127,4732305.0,0.28631278617261213
8128,4732365.0,0.28744125376393215
8129,4732425.0,0.28857671008162056
8130,4732485.0,0.2897502568817448
8131,4732545.0,0.2908577546079322
8132,4732605.0,0.2919553163201597
8133,4732665.0,0.2930834809072588
8134,4732725.0,0.29422255423939236
8135,4732785.0,0.29528839237444005
8136,4732845.0,0.2963462007248677
8137,4732905.0,0.29739152988286965
8138,4732965.0,0.2984772701408044
8139,4733025.0,0.2996293183112626
8140,4733085.0,0.30085682109104517
8141,4733145.0,0.30200186423902653
8142,4733205.0,0.3031064833227909
8143,4733265.0,0.3042318732354059
8144,4733325.0,0.3055126225130277
8145,4733385.0,0.3067337935383848
8146,4733445.0,0.30799015670590435
8147,4733505.0,0.30916366208973645
8148,4733565.0,0.3103158314189073
8149,4733625.0,0.31144618455592477
8150,4733685.0,0.31254309899952626
8151,4733745.0,0.3135889390734681
8152,4733805.0,0.3146063685056918
8153,4733865.0,0.3157442149231746
8154,4733925.0,0.31694805652217783
8155,4733985.0,0.3181433703413016
8156,4734045.0,0.3193667170819784
8157,4734105.0,0.3205599932138139
8158,4734165.0,0.32178391540217555
8159,4734225.0,0.323010124939641
8160,4734285.0,0.32421256723725167
8161,4734345.0,0.3253932665964624
8162,4734405.0,0.32659303291148734
8163,4734465.0,0.3277894286175448
8164,4734525.0,0.32897498178083007
8165,4734585.0,0.3301234311172583
8166,4734645.0,0.3312687692287377
8167,4734705.0,0.3325241658511263
8168,4734765.0,0.3337993886655092
8169,4734825.0,0.3350720629661653
8170,4734885.0,0.3362409332503614
8171,4734945.0,0.33747867254548936
8172,4735005.0,0.3387437339208548
8173,4735065.0,0.34003460517336404
8174,4735125.0,0.3414004718859974
8175,4735185.0,0.34106712272723516
8176,4735245.0,0.3410282324963284
8177,4735305.0,0.3411486576814945
8178,4735365.0,0.34272229237674023
8179,4735425.0,0.34449861898482137
8180,4735485.0,0.3465713645837283
8181,4735545.0,0.348675228575437
8182,4735605.0,0.3509055873100372
8183,4735668.0,0.3531803720290939
8184,4735725.0,0.3554806436735457
8185,4735785.0,0.3577264411163592
8186,4735845.0,0.3597630095207004
8187,4735905.0,0.3626495170865546
8188,4735965.0,0.3650735175239568
8189,4736025.0,0.36735871856381386
8190,4736085.0,0.3692181923109267
8191,4736145.0,0.37103206943339007
8192,4736205.0,0.37283351218915106
8193,4736268.0,0.3746352628404549
8194,4736325.0,0.3750851374419987
8195,4736385.0,0.3754991162872887
8196,4736445.0,0.3763389009728678
8197,4736505.0,0.37730584223656305
8198,4736565.0,0.37819227999230853
8199,4736625.0,0.3802148156894555
8200,4736685.0,0.3821861519475942
8201,4736745.0,0.3839893266529625
8202,4736805.0,0.3855484764434137
8203,4736865.0,0.38700798932027314
8204,4736925.0,0.3886703972422012
8205,4736985.0,0.3904637687007656
8206,4737045.0,0.39203790044315834
8207,4737105.0,0.3937853479223651
8208,4737165.0,0.39565784741548593
8209,4737225.0,0.39594708812161283
8210,4737285.0,0.3966710705209474
8211,4737345.0,0.3974761273720332
8212,4737405.0,0.3982753252627226
8213,4737465.0,0.3991142722752269
8214,4737525.0,0.39986182171192286
8215,4737585.0,0.40061021384080997
8216,4737645.0,0.4013531315657075
8217,4737705.0,0.40201793333504976
8218,4737765.0,0.402690259232504
8219,4737825.0,0.40333667677050755
8220,4737885.0,0.40361523369445607
8221,4737945.0,0.40366202998300793
8222,4738005.0,0.40367754205331463
8223,4738065.0,0.4037510401379961
8224,4738125.0,0.4038635546599002
8225,4738188.0,0.4040530576731871
8226,4738245.0,0.40418541452362045
8227,4738305.0,0.4044090275569717
8228,4738365.0,0.404677886127634
8229,4738425.0,0.4050132228282889
8230,4738485.0,0.40514060525487516
8231,4738545.0,0.4052007657353631
8232,4738605.0,0.40525959297249825
8233,4738665.0,0.4054989255477218
8234,4738725.0,0.40467665131466746
8235,4738785.0,0.40413952779349394
8236,4738845.0,0.40368426009383096
8237,4738905.0,0.40336954804446823
8238,4738965.0,0.4030990487381594
8239,4739025.0,0.4030857018087891
8240,4739085.0,0.4029981920465776
8241,4739145.0,0.4029557505149587
8242,4739205.0,0.40268710454509204
8243,4739265.0,0.40236567538540435
8244,4739325.0,0.4020625231071947
8245,4739385.0,0.4018094981775592
8246,4739445.0,0.4015974250555491
8247,4739505.0,0.4014299191726741
8248,4739568.0,0.4012730306880935
8249,4739625.0,0.4011374518629788
8250,4739688.0,0.4010828800652321
8251,4739745.0,0.4009676678628137
8252,4739805.0,0.40081686879563483
8253,4739865.0,0.4006597011167955
8254,4739925.0,0.40076312574770234
8255,4739985.0,0.40049056989629683
8256,4740045.0,0.399939031235628
8257,4740105.0,0.4001833755493198
8258,4740165.0,0.40037229006329944
8259,4740225.0,0.4009006627147612
8260,4740285.0,0.4015345945620459
8261,4740345.0,0.40223083104774093
8262,4740405.0,0.40297397943218927
8263,4740465.0,0.40372667846706145
8264,4740525.0,0.4043194626036203
8265,4740585.0,0.40511599774765994
8266,4740648.0,0.40603461508060523
8267,4740705.0,0.40694396759257934
8268,4740765.0,0.40792534945638714
8269,4740825.0,0.4087732615925249
8270,4740885.0,0.4095179748106209
8271,4740945.0,0.41024456129301046
8272,4741005.0,0.4110026622767887
8273,4741065.0,0.41178751498742583
8274,4741125.0,0.41274524756693143
8275,4741185.0,0.41368415469256936
8276,4741245.0,0.41450657330006446
8277,4741305.0,0.4153937023297535
8278,4741365.0,0.41633502419363844
8279,4741425.0,0.4182501002918818
8280,4741485.0,0.4192346838176536
8281,4741545.0,0.4195030942952852
8282,4741605.0,0.4198569993406457
8283,4741665.0,0.41976882921639114
8284,4741725.0,0.41971258820768054
8285,4741785.0,0.4193549328251428
8286,4741845.0,0.4185041640296162
8287,4741905.0,0.4173839614418383
8288,4741965.0,0.4162013685980258
8289,4742025.0,0.41511807757610175
8290,4742085.0,0.4142419122198425
8291,4742145.0,0.41341591578779113
8292,4742205.0,0.4127240534607296
8293,4742265.0,0.4121427462684276
8294,4742325.0,0.4115742418335223
8295,4742385.0,0.41095488477999376
8296,4742445.0,0.4105147094216297
8297,4742505.0,0.4100403979882422
8298,4742565.0,0.4101922535340785
8299,4742625.0,0.41026561191433897
8300,4742685.0,0.4102878617857556
8301,4742745.0,0.41036228921915163
8302,4742805.0,0.4104527811393831
8303,4742865.0,0.4105799428487703
8304,4742925.0,0.41075517418163243
8305,4742985.0,0.41097555465428126
8306,4743045.0,0.41119811150150565
8307,4743105.0,0.4113035403078492
8308,4743165.0,0.4113416433051017
8309,4743225.0,0.41137350335274947
8310,4743285.0,0.4114188922889682
8311,4743345.0,0.41153279363612094
8312,4743405.0,0.41163777180451966
8313,4743465.0,0.411690106802329
8314,4743525.0,0.41168141963152294
8315,4743585.0,0.41176891735846033
8316,4743645.0,0.4119230590194357
8317,4743705.0,0.41211779716316743
8318,4743765.0,0.4122143617990405
8319,4743825.0,0.4123878213452886
8320,4743885.0,0.41248732356384477
8321,4743945.0,0.41261128748558595
8322,4744005.0,0.41346418384596106
8323,4744065.0,0.4140760305219796
8324,4744125.0,0.4148844942437061
8325,4744185.0,0.4156534283286236
8326,4744245.0,0.416540187728517
8327,4744305.0,0.41760004945947704
8328,4744365.0,0.4186594006615715
8329,4744425.0,0.41966575894549973
8330,4744485.0,0.42080234680548456
8331,4744545.0,0.42186188480953846
8332,4744605.0,0.4228931032100057
8333,4744665.0,0.4239573578707002
8334,4744725.0,0.42499422914270013
8335,4744785.0,0.4260533436240148
8336,4744845.0,0.42705196207537466
8337,4744905.0,0.42806167654170346
8338,4744965.0,0.4290448591285366
8339,4745025.0,0.43000320867884956
8340,4745085.0,0.4309358395262445
8341,4745145.0,0.4319132268016207
8342,4745205.0,0.43312333956899096
8343,4745265.0,0.4344198666460991
8344,4745325.0,0.4356879335389957
8345,4745385.0,0.43675698443960054
8346,4745445.0,0.43782331581295075
8347,4745505.0,0.4389874666406953
8348,4745565.0,0.44081650896032354
8349,4745625.0,0.44155411188867
8350,4745685.0,0.4423670342083489
8351,4745745.0,0.4422750748642935
8352,4745805.0,0.4425179605921781
8353,4745865.0,0.44236272456951975
8354,4745925.0,0.4423190731148593
8355,4745985.0,0.4421675764288595
8356,4746045.0,0.44205298251749314
8357,4746105.0,0.44194070119117035
8358,4746165.0,0.44172419619055037
8359,4746225.0,0.44168891534592447
8360,4746285.0,0.4416753616930359
8361,4746348.0,0.44130672006614324
8362,4746405.0,0.44102518245109723
8363,4746465.0,0.44086329851191586
8364,4746525.0,0.4407246587250634
8365,4746585.0,0.44048500374182586
8366,4746645.0,0.4415695272077951
8367,4746705.0,0.4414792687036153
8368,4746765.0,0.44120036940687923
8369,4746825.0,0.4411523810205875
8370,4746885.0,0.44091436127267924
8371,4746945.0,0.44067751427255253
8372,4747005.0,0.4407674960596806
8373,4747065.0,0.4413816615018161
8374,4747125.0,0.4419031513655748
8375,4747188.0,0.4420450273091753
8376,4747245.0,0.44205619133864416
8377,4747305.0,0.4421150317215632
8378,4747368.0,0.4423567703307991
8379,4747425.0,0.4425508735720086
8380,4747485.0,0.4425706030423613
8381,4747545.0,0.4426201727477217
8382,4747605.0,0.44322197344958625
8383,4747668.0,0.4436664005563292
8384,4747725.0,0.44432301948337805
8385,4747785.0,0.44494553206324694
8386,4747845.0,0.4454485485141705
8387,4747905.0,0.4463483285586338
8388,4747965.0,0.4467954240042682
8389,4748025.0,0.4475014155832565
8390,4748085.0,0.44793410878517614
8391,4748145.0,0.4485381003129252
8392,4748205.0,0.4492848240663353
8393,4748265.0,0.450250073104865
8394,4748325.0,0.45126789800819145
8395,4748385.0,0.4520529656410658
8396,4748445.0,0.4530298724735955
8397,4748505.0,0.45391020882885613
8398,4748565.0,0.4545359721634529
8399,4748625.0,0.45516967295977684
8400,4748685.0,0.4552856109590343
8401,4748745.0,0.4553722629278959
8402,4748805.0,0.455266006132662
8403,4748865.0,0.4548028841499545
8404,4748925.0,0.45408265924093116
8405,4748985.0,0.45331746301661047
8406,4749045.0,0.45272433817258506
8407,4749105.0,0.4520265544335641
8408,4749165.0,0.45124524107310415
8409,4749225.0,0.4503729043628938
8410,4749285.0,0.4496936480778756
8411,4749345.0,0.4489771085981643
8412,4749405.0,0.44837889616940196
8413,4749465.0,0.4479471941535388
8414,4749525.0,0.44733434839101716
8415,4749585.0,0.44670233772005286
8416,4749645.0,0.4460034165392305
8417,4749705.0,0.44518765912652336
8418,4749765.0,0.44494937142949487
8419,4749825.0,0.44419555416261536
8420,4749885.0,0.44366864322036526
8421,4749945.0,0.44290878941401846
8422,4750005.0,0.44251238853026786
8423,4750068.0,0.4427591552471951
8424,4750125.0,0.4429329789034936
8425,4750185.0,0.4430962773211208
8426,4750245.0,0.4432756721533859
8427,4750305.0,0.443344390309551
8428,4750365.0,0.4434881124662279
8429,4750425.0,0.44354941273638426
8430,4750485.0,0.4435003707333348
8431,4750545.0,0.4434894157451238
8432,4750605.0,0.44348126506899954
8433,4750665.0,0.4431177632136559
8434,4750725.0,0.4433415607721066
8435,4750785.0,0.44373744223725387
8436,4750845.0,0.4444532286489019
8437,4750905.0,0.4450649174353213
8438,4750965.0,0.44545013631573893
8439,4751025.0,0.44555955568270944
8440,4751085.0,0.44561261126107177
8441,4751145.0,0.44590262913110124
8442,4751205.0,0.445975959951017
8443,4751265.0,0.44620783018053933
8444,4751325.0,0.44670228039704163
8445,4751385.0,0.4470220596062321
8446,4751445.0,0.4473458074667672
8447,4751505.0,0.44773561153293395
8448,4751565.0,0.4482008601276314
8449,4751625.0,0.44870945229664894
8450,4751685.0,0.44928647827870616
8451,4751745.0,0.4498531985667803
8452,4751805.0,0.4513213064337417
8453,4751865.0,0.45201225841518455
8454,4751925.0,0.4515945147517849
8455,4751985.0,0.4508127519701257
8456,4752045.0,0.45012555481681715
8457,4752105.0,0.4495715196732958
8458,4752165.0,0.44837808427366144
8459,4752225.0,0.44615788789525423
8460,4752285.0,0.44485463670679437
8461,4752345.0,0.44442977476314904
8462,4752405.0,0.4439400099306664
8463,4752465.0,0.44380078066903417
8464,4752525.0,0.4438088954158853
8465,4752585.0,0.4438052056472085
8466,4752645.0,0.4440454378669987
8467,4752705.0,0.4443544945556812
8468,4752765.0,0.44457984304455556
8469,4752825.0,0.44486285442067264
8470,4752885.0,0.44573427099028917
8471,4752945.0,0.4462936413095485
8472,4753005.0,0.44719099485197245
8473,4753065.0,0.4478293667786395
8474,4753125.0,0.4485228394494033
8475,4753185.0,0.44910025759121364
8476,4753245.0,0.44994732741217625
8477,4753305.0,0.4506254580759471
8478,4753365.0,0.4512154172542697
8479,4753425.0,0.45182239106007027
8480,4753485.0,0.4523329813563546
8481,4753545.0,0.4528172117344471
8482,4753605.0,0.45332465386783627
8483,4753665.0,0.4539448271900641
8484,4753725.0,0.4544341127519973
8485,4753785.0,0.45507350520124545
8486,4753845.0,0.4555417334515287
8487,4753905.0,0.456154038859622
8488,4753965.0,0.45745123689174316
8489,4754025.0,0.45889957357824895
8490,4754085.0,0.46019291723480305
8491,4754145.0,0.4615780463133553
8492,4754205.0,0.46290121193948763
8493,4754265.0,0.46451496830034245
8494,4754325.0,0.46601718076627996
8495,4754385.0,0.46767695401435627
8496,4754445.0,0.4692714060209737
8497,4754505.0,0.4705724876735219
8498,4754565.0,0.4720104409334003
8499,4754625.0,0.4732758052783712
8500,4754685.0,0.47446189334391253
8501,4754745.0,0.47580271784760375
8502,4754805.0,0.4764668530730575
8503,4754865.0,0.477777696089687
8504,4754928.0,0.47725503538231906
8505,4754985.0,0.47639978011868156
8506,4755045.0,0.4753534997229457
8507,4755105.0,0.47405335719410135
8508,4755165.0,0.47270451454374385
8509,4755225.0,0.471379148152144
8510,4755285.0,0.46995347075521277
8511,4755345.0,0.46864729394851845
8512,4755405.0,0.4674749237399064
8513,4755465.0,0.4662945840194208
8514,4755525.0,0.46502479921674567
8515,4755585.0,0.464326352297582
8516,4755645.0,0.46377380858400596
8517,4755705.0,0.4633092448462802
8518,4755765.0,0.4629792384718393
8519,4755825.0,0.4628968297343151
8520,4755885.0,0.46220446970563833
8521,4755945.0,0.4614941819729662
8522,4756005.0,0.4606292422032322
8523,4756065.0,0.45954184602659476
8524,4756125.0,0.4586847354084177
8525,4756185.0,0.4576191006964512
8526,4756245.0,0.45664099983352435
8527,4756305.0,0.4554000304248802
8528,4756365.0,0.4534730022411714
8529,4756425.0,0.4525830439589803
8530,4756485.0,0.4516047701243563
8531,4756545.0,0.4515908925664155
8532,4756605.0,0.4512212685760876
8533,4756665.0,0.45177319631569446
8534,4756725.0,0.4523382549661694
8535,4756785.0,0.45297952923400153
8536,4756845.0,0.45375963711942713
8537,4756905.0,0.45471959906858317
8538,4756965.0,0.45565342661902253
8539,4757025.0,0.4563807192510341
8540,4757085.0,0.45705025093796103
8541,4757145.0,0.45824591390234437
8542,4757205.0,0.459212020779975
8543,4757265.0,0.4601016518001494
8544,4757325.0,0.46073450240722613
8545,4757385.0,0.4613186181551796
8546,4757445.0,0.4609601688834922
8547,4757505.0,0.46078977945647226
8548,4757565.0,0.4609639493655623
8549,4757625.0,0.46105906852780276
8550,4757685.0,0.4613725127240714
8551,4757745.0,0.46207161483582115
8552,4757805.0,0.4625355458187682
8553,4757865.0,0.4625016891115107
8554,4757925.0,0.46270671197163893
8555,4757985.0,0.46323722837860604
8556,4758045.0,0.4639716131511993
8557,4759070.0,0.46345104836455087
8558,4759073.0,0.46278946020408085
8559,4759076.0,0.4621892876843695
8560,4759079.0,0.4618124512244718
8561,4759082.0,0.4614144004670889
8562,4759085.0,0.4604823610946156
8563,4759088.0,0.459701673246104
8564,4759091.0,0.4586766969236794
8565,4759094.0,0.45766631805903957
8566,4759097.0,0.4567988221273799
8567,4759100.0,0.45552423348727655
8568,4759103.0,0.45461537003914276
8569,4759106.0,0.45351376862438086
8570,4759109.0,0.45262815536063505
8571,4759113.0,0.4516500918160429
8572,4759125.0,0.4504692903838857
8573,4759185.0,0.449184668350773
8574,4759245.0,0.44780008887920475
8575,4759305.0,0.4466184122923934
8576,4759365.0,0.44527745922614803
8577,4759425.0,0.4442378265230893
8578,4759485.0,0.44328218039141287
8579,4759545.0,0.4422648420036158
8580,4759605.0,0.4418337504052333
8581,4759665.0,0.4414050177694787
8582,4759725.0,0.44101042935683377
8583,4759785.0,0.44091929278956865
8584,4759845.0,0.44106166204408626
8585,4759905.0,0.44123163439383506
8586,4759965.0,0.44133227204374514
8587,4760025.0,0.44153140026679416
8588,4760085.0,0.4419323109150314
8589,4760145.0,0.44239951656283305
8590,4760208.0,0.44286649331117844
8591,4760265.0,0.4433297053823647
8592,4760325.0,0.44361342710602114
8593,4760385.0,0.44362833227728815
8594,4760445.0,0.4438516489792469
8595,4760505.0,0.4441954215800439
8596,4760565.0,0.44459365953655017
8597,4760625.0,0.44517308539298883
8598,4760685.0,0.44524611060470687
8599,4760745.0,0.44550017833521227
8600,4760805.0,0.4456209716174514
8601,4760865.0,0.4441425273909494
8602,4760925.0,0.4425467900146317
8603,4760985.0,0.4403521309901052
8604,4761045.0,0.43822171972773194
8605,4761105.0,0.43641536475511844
8606,4761165.0,0.4361879614190275
8607,4761225.0,0.43558795129631245
8608,4761285.0,0.4348702912582557
8609,4761345.0,0.4340469314000316
8610,4761405.0,0.43316467411796544
8611,4761465.0,0.4323520418143124
8612,4761525.0,0.431526769496518
8613,4761585.0,0.4310951503748707
8614,4761645.0,0.4303263678415181
8615,4761705.0,0.42942711744824436
8616,4761765.0,0.4283422682892042
8617,4761825.0,0.4272780319317927
8618,4761885.0,0.42661659450842204
8619,4761945.0,0.42613776418265636
8620,4762005.0,0.42373023229159024
8621,4762065.0,0.42106123925563466
8622,4762125.0,0.41866142448807764
8623,4762185.0,0.41612450565931336
8624,4762245.0,0.41342828902509277
8625,4762305.0,0.41265096943920787
8626,4762365.0,0.4119478193776971
8627,4762425.0,0.41064105396109285
8628,4762485.0,0.4090354795003591
8629,4762545.0,0.40749429676500537
8630,4762605.0,0.4057887075469403
8631,4762665.0,0.4040239926159884
8632,4762725.0,0.401495028674991
8633,4762785.0,0.39975582587519987
8634,4762845.0,0.39907560473851766
8635,4762905.0,0.39879805491392173
8636,4762965.0,0.39848874666718104
8637,4763028.0,0.3981251474055477
8638,4763085.0,0.39845901846970644
8639,4763145.0,0.39889372030039716
8640,4763205.0,0.39935809534638766
8641,4763265.0,0.3980712473698754
8642,4763325.0,0.3966768034430216
8643,4763385.0,0.39540522342759077
8644,4763445.0,0.39401709775955207
8645,4763505.0,0.392684224181688
8646,4763565.0,0.39121820680854413
8647,4763625.0,0.39194151176365644
8648,4763685.0,0.3921830672660057
8649,4763745.0,0.3921233314458886
8650,4763805.0,0.3912107970854094
8651,4763865.0,0.3906277503823502
8652,4763925.0,0.38971066538466836
8653,4763985.0,0.38908652917224185
8654,4764045.0,0.3884078511430328
8655,4764105.0,0.3880975038083595
8656,4764165.0,0.38723235069104434
8657,4764225.0,0.38497944095050063
8658,4764285.0,0.38288274532994027
8659,4764345.0,0.3809740565518184
8660,4764405.0,0.37910048190285195
8661,4764465.0,0.37717590530557565
8662,4764525.0,0.375633200902005
8663,4764585.0,0.37393311489973746
8664,4764645.0,0.37221895191161936
8665,4764705.0,0.37035918285278246
8666,4764768.0,0.36839870972111977
8667,4764828.0,0.36613235346372053
8668,4764885.0,0.36314685251049716
8669,4764945.0,0.3600323819651292
8670,4765005.0,0.35706776546292474
8671,4765065.0,0.3539616922378034
8672,4765125.0,0.3509419932289276
8673,4765185.0,0.34762100833898246
8674,4765245.0,0.3445664099005463
8675,4765305.0,0.341244292520676
8676,4765365.0,0.3380643296688809
8677,4765425.0,0.33530191746788096
8678,4765485.0,0.33216793709973913
8679,4765545.0,0.32900267480852197
8680,4765605.0,0.32589741594940014
8681,4765665.0,0.3227131337014083
8682,4765725.0,0.31957341630399283
8683,4765785.0,0.3160225650636822
8684,4765845.0,0.3141570178391756
8685,4765905.0,0.31269989352921257
8686,4765965.0,0.31133627255289353
8687,4766025.0,0.3100440638009072
8688,4766085.0,0.30876628431450226
8689,4766145.0,0.3074791885567466
8690,4766205.0,0.3062161380106795
8691,4766265.0,0.30502432286131964
8692,4766325.0,0.3036993277414428
8693,4766385.0,0.3022786889898229
8694,4766445.0,0.3009104024272219
8695,4766505.0,0.2990902090761064
8696,4766565.0,0.29695686936665944
8697,4766625.0,0.2946695580045665
8698,4766685.0,0.29223845542394966
8699,4766745.0,0.2896419668770618
8700,4766805.0,0.287731066631733
8701,4766865.0,0.28583619554627293
8702,4766925.0,0.28394182589059325
8703,4766985.0,0.2821977121937588
8704,4767045.0,0.2802924885335908
8705,4767105.0,0.2787804660509047
8706,4767165.0,0.27716895548795506
8707,4767225.0,0.275655985443793
8708,4767285.0,0.27417288915546045
8709,4767345.0,0.2727968640216044
8710,4767405.0,0.27151216995636684
8711,4767465.0,0.27008208224205565
8712,4767525.0,0.26859447893977906
8713,4767585.0,0.26658159306826645
8714,4767645.0,0.2645445226615566
8715,4767705.0,0.26249876639093705
8716,4767765.0,0.2603026002742561
8717,4767825.0,0.2579941048810689
8718,4767885.0,0.2555425149698406
8719,4767945.0,0.25327241163137226
8720,4768005.0,0.2509690197374761
8721,4768065.0,0.2483397127545496
8722,4768125.0,0.24569152288317467
8723,4768185.0,0.24296625640082334
8724,4768245.0,0.2404730451041616
8725,4768305.0,0.2382492406856759
8726,4768365.0,0.2359009179063745
8727,4768425.0,0.2337330794920273
8728,4768485.0,0.23141051100434243
8729,4768545.0,0.2291327364924524
8730,4768605.0,0.22699861660214263
8731,4768665.0,0.22455311459026558
8732,4768725.0,0.22203828727661387
8733,4768785.0,0.2195080795710845
8734,4768845.0,0.21683658483019227
8735,4768905.0,0.21413023046586768
8736,4768965.0,0.21131356303507468
8737,4769025.0,0.20970734577081065
8738,4769085.0,0.20813545484527182
8739,4769145.0,0.20655622930635373
8740,4769205.0,0.2049758219127842
8741,4769265.0,0.20339242942337757
8742,4769325.0,0.20179408800369394
8743,4769385.0,0.20026052685338516
8744,4769445.0,0.19876480219432793
8745,4769505.0,0.19730768773623006
8746,4769565.0,0.19586098713270092
8747,4769625.0,0.1943956485712053
8748,4769685.0,0.19287456844176717
8749,4769745.0,0.19142597784921397
8750,4769805.0,0.19015252864189228
8751,4769865.0,0.1890170490888162
8752,4769925.0,0.1876280380330614
8753,4769985.0,0.18602216158262655
8754,4770045.0,0.1843365366810861
8755,4770105.0,0.18251161986590417
8756,4770165.0,0.18072949294048526
8757,4770225.0,0.17872844472040797
8758,4770285.0,0.17693452801854317
8759,4770345.0,0.17511779554966053
8760,4770405.0,0.17341624133929148
8761,4770465.0,0.17181837461552588
8762,4770525.0,0.17023255168677523
8763,4770585.0,0.16870339230111783
8764,4770645.0,0.16721632161479852
8765,4770705.0,0.16570888727430436
8766,4770765.0,0.16416748558789138
8767,4770825.0,0.16258860719024162
8768,4770885.0,0.16087621670981664
8769,4770945.0,0.15910033481708788
8770,4771005.0,0.15725712055761795
8771,4771065.0,0.15546980011990533
8772,4771125.0,0.1539208689966927
8773,4771185.0,0.15215913497905095
8774,4771245.0,0.15040726229813975
8775,4771305.0,0.14861597466583934
8776,4771365.0,0.14681027692891316
8777,4771425.0,0.14497787732891979
8778,4771485.0,0.14305215329789853
8779,4771548.0,0.14120309710037324
8780,4771605.0,0.13960379518962793
8781,4771665.0,0.1396932124229502
8782,4771725.0,0.13958926441020877
8783,4771785.0,0.1394160058945814
8784,4771845.0,0.13938218801509686
8785,4771905.0,0.13886502755469196
8786,4771965.0,0.13667920323928992
8787,4772025.0,0.1348574478006528
8788,4772085.0,0.13307961959382966
8789,4772145.0,0.13150673905565988
8790,4772205.0,0.1300755475255371
8791,4772265.0,0.12862538256481929
8792,4772325.0,0.12724751223478395
8793,4772385.0,0.12586235140204918
8794,4772445.0,0.12440779630037216
8795,4772505.0,0.122841442823483
8796,4772565.0,0.12112681155300478
8797,4772625.0,0.11930319937486547
8798,4772685.0,0.11731712408544301
8799,4772745.0,0.11515849848585205
8800,4772805.0,0.11501827299581233
8801,4772865.0,0.11489950808407348
8802,4772925.0,0.11469762968403077
8803,4772985.0,0.11444025070638278
8804,4773045.0,0.11421802005820783
8805,4773105.0,0.11218111216960228
8806,4773165.0,0.1100409923243251
8807,4773225.0,0.10836317949736754
8808,4773285.0,0.10685583553421632
8809,4773345.0,0.10528802542431051
8810,4773405.0,0.10379202905302484
8811,4773465.0,0.10236979886258471
8812,4773525.0,0.10093038069864266
8813,4773585.0,0.0994096596363406
8814,4773645.0,0.09781203558706167
8815,4773705.0,0.09616344497484666
8816,4773765.0,0.09451052352673164
8817,4773825.0,0.09280469669794492
8818,4773885.0,0.09105267366199479
8819,4773945.0,0.08926031782389035
8820,4774005.0,0.08747536508274192
8821,4774065.0,0.08732336840347113
8822,4774125.0,0.08723240724892015
8823,4774185.0,0.087073707817271
8824,4774245.0,0.08685654052088296
8825,4774305.0,0.08665904571924174
8826,4774365.0,0.08653474598218228
8827,4774425.0,0.08420774866636713
8828,4774485.0,0.08239857641978451
8829,4774545.0,0.08084991108246234
8830,4774605.0,0.07943911768020143
8831,4774665.0,0.0780213533454627
8832,4774725.0,0.07658219371177702
8833,4774785.0,0.07508120502777607
8834,4774845.0,0.07350362065587149
8835,4774905.0,0.07166747308007002
8836,4774965.0,0.07000652890699391
8837,4775025.0,0.06995379126362519
8838,4775085.0,0.06984969201470118
8839,4775145.0,0.06955662016475608
8840,4775205.0,0.06930862508655558
8841,4775265.0,0.06913075535991595
8842,4775325.0,0.06852056578476004
8843,4775385.0,0.06800962896733206
8844,4775445.0,0.06764991206166684
8845,4775505.0,0.06726224531352717
8846,4775565.0,0.06713899139077353
8847,4775625.0,0.0672004453027821
8848,4775685.0,0.06730300255473295
8849,4775745.0,0.06736650738037872
8850,4775805.0,0.06741629626937298
8851,4775865.0,0.06748159071638507
8852,4775925.0,0.06750215165355636
8853,4775985.0,0.0675363767419255
8854,4776045.0,0.06752859665401381
8855,4776105.0,0.06768172793835012
8856,4776165.0,0.06778509097242155
8857,4776225.0,0.06772856078395031
8858,4776285.0,0.06784394364819932
8859,4776345.0,0.06799178659877861
8860,4776405.0,0.0680611475399728
8861,4776465.0,0.06806884086010992
8862,4776525.0,0.06802340416350242
8863,4776585.0,0.06795054614265458
8864,4776645.0,0.06780821596753331
8865,4776705.0,0.0676096229971119
8866,4776765.0,0.06742428435581108
8867,4776825.0,0.06726774909597719
8868,4776885.0,0.06715720927237231
8869,4776945.0,0.06708946095283189
8870,4777005.0,0.06696648221370408
8871,4777065.0,0.06676431293153631
8872,4777125.0,0.0666578309502324
8873,4777185.0,0.06658952372927482
8874,4777245.0,0.06663296910882774
8875,4777305.0,0.06656254824186017
8876,4777365.0,0.06668939563951085
8877,4777425.0,0.0668614618585934
8878,4777485.0,0.06706256114046741
8879,4777545.0,0.06719576410952163
8880,4777605.0,0.06730770372158199
8881,4777665.0,0.06738611251245089
8882,4777725.0,0.06737531225020646
8883,4777785.0,0.06734115363493456
8884,4777845.0,0.06728893249955933
8885,4777905.0,0.06721066315097032
8886,4777965.0,0.06710155506253282
8887,4778025.0,0.0669710051770949
8888,4778088.0,0.06683750413069736
8889,4778145.0,0.0666990115745654
8890,4778205.0,0.06654899670659573
8891,4778265.0,0.06643758233882605
8892,4778325.0,0.0664026228033183
8893,4778385.0,0.06640656308821838
8894,4778445.0,0.06635038628871517
8895,4778505.0,0.06628970143709237
8896,4778565.0,0.06620413454253207
8897,4778625.0,0.06607830600194178
8898,4778685.0,0.06614154882536652
8899,4778745.0,0.06611222929250607
8900,4778805.0,0.06613697731828974
8901,4778865.0,0.06626161758288793
8902,4778925.0,0.06640622632691615
8903,4778985.0,0.06656147419610806
8904,4779045.0,0.06671288875827305
8905,4779105.0,0.06679863229908176
8906,4779165.0,0.06688634296383669
8907,4779225.0,0.0669572172500896
8908,4779285.0,0.06702419077021574
8909,4779345.0,0.06708268452629548
8910,4779405.0,0.06708988923194606
8911,4779465.0,0.06706620736168614
8912,4779525.0,0.0670102349878651
8913,4779585.0,0.06695238350056457
8914,4779645.0,0.06688994030697107
8915,4779705.0,0.06681901158438439
8916,4779765.0,0.06673578485072387
8917,4779825.0,0.0666531538860641
8918,4779885.0,0.06655109052593108
8919,4779945.0,0.0664097326174917
8920,4780008.0,0.06624669878762682
8921,4780065.0,0.06610060715957858
8922,4780125.0,0.06596322169041571
8923,4780185.0,0.06579239822968738
8924,4780245.0,0.06559897268411233
8925,4780305.0,0.06540966319694466
8926,4780365.0,0.06524201897032225
8927,4780425.0,0.06511505197163894
8928,4780485.0,0.0650970608864764
8929,4780545.0,0.06500970371366413
8930,4780605.0,0.06476272850310608
8931,4780665.0,0.06438720661169625
8932,4780725.0,0.06422165783039027
8933,4780785.0,0.06401360017135402
8934,4780845.0,0.06394267096262732
8935,4780905.0,0.06399162751744605
8936,4780965.0,0.0639566264592156
8937,4781025.0,0.06398324845156292
8938,4781085.0,0.06399022579986238
8939,4781145.0,0.0640767840602681
8940,4781205.0,0.06407920028068967
8941,4781265.0,0.06406356006736583
8942,4781325.0,0.06407005610963726
8943,4781385.0,0.06408326704901898
8944,4781448.0,0.06408890326422265
8945,4781505.0,0.06408072123693828
8946,4781565.0,0.0640425893383387
8947,4781625.0,0.06393551817015977
8948,4781685.0,0.06381032959232105
8949,4781745.0,0.0637256076876048
8950,4781805.0,0.06365582630938846
8951,4781865.0,0.06360202797904238
8952,4781925.0,0.06333904451011188
8953,4781985.0,0.06332217974974244
8954,4782045.0,0.06325951591647447
8955,4782105.0,0.06315383507395908
8956,4782165.0,0.06302598477096691
8957,4782225.0,0.0629087435150141
8958,4782285.0,0.06284726023597506
8959,4782345.0,0.06271226757177598
8960,4782405.0,0.06231014355812972
8961,4782465.0,0.062068150334219196
8962,4782525.0,0.06200589987018193
8963,4782585.0,0.06197800530169298
8964,4782645.0,0.061813446055714455
8965,4782705.0,0.06180043354116202
8966,4782765.0,0.0618677192115466
8967,4782825.0,0.06194513699506263
8968,4782885.0,0.06203560479011477
8969,4782945.0,0.06212829576757031
8970,4783005.0,0.06217242981844037
8971,4783065.0,0.062201026744090365
8972,4783125.0,0.06219427408277575
8973,4783185.0,0.0621619857927215
8974,4783245.0,0.06213776741618046
8975,4783305.0,0.06208821666122111
8976,4783365.0,0.06206806671173143
8977,4783425.0,0.06205311738799574
8978,4783485.0,0.06200323071894953
8979,4783545.0,0.06193645100805209
8980,4783605.0,0.06184907928230757
8981,4783665.0,0.06177454889960757
8982,4783725.0,0.06170302303451533
8983,4783785.0,0.061610821458667225
8984,4783845.0,0.061505174553339786
8985,4783905.0,0.06145670045208146
8986,4783965.0,0.061433889122605806
8987,4784025.0,0.06143401850914379
8988,4784085.0,0.06144326435215572
8989,4784145.0,0.06144370622969578
8990,4784205.0,0.06143891311184327
8991,4784265.0,0.06142272473522645
8992,4784325.0,0.06139084853408941
8993,4784385.0,0.06137023941742095
8994,4784445.0,0.06135175608755941
8995,4784505.0,0.061331181666119367
8996,4784568.0,0.06133709229717946
8997,4784625.0,0.06135082001003822
8998,4784685.0,0.061354240513418506
8999,4784745.0,0.061339929762121576
9000,4784805.0,0.061300662214285845
9001,4784865.0,0.061231771526290835
9002,4784925.0,0.06114292071344643
9003,4784985.0,0.0610738816209134
9004,4785045.0,0.06100817035503717
9005,4785105.0,0.06093663830204313
9006,4785165.0,0.060859040879574916
9007,4785225.0,0.0607588280404896
9008,4785285.0,0.060649994089717635
9009,4785345.0,0.0605412414154356
9010,4785405.0,0.060422865745777155
9011,4785465.0,0.06031078686347244
9012,4785525.0,0.06020732263492598
9013,4785585.0,0.06012331659567777
9014,4785645.0,0.06005169015028897
9015,4785705.0,0.060009254941162465
9016,4785765.0,0.0600185433491722
9017,4785825.0,0.06007228555229818
9018,4785885.0,0.06012936403713584
9019,4785945.0,0.06017853643948026
9020,4786008.0,0.06018789154068102
9021,4786065.0,0.06016197316522151
9022,4786125.0,0.060111725483297074
9023,4786185.0,0.06001744063562672
9024,4786245.0,0.05991835912804214
9025,4786305.0,0.05985239701230652
9026,4786365.0,0.059819566770606125
9027,4786428.0,0.059794270120801685
9028,4786488.0,0.059798189040689315
9029,4786548.0,0.05981626096504092
9030,4786605.0,0.05977844602226359
9031,4786665.0,0.05977273426067886
9032,4786725.0,0.059792071150002374
9033,4786785.0,0.05978391568500091
9034,4786845.0,0.05970554029465375
9035,4786905.0,0.059538694171608036
9036,4786965.0,0.0593365009499722
9037,4787025.0,0.05915033391405264
9038,4787085.0,0.05901279129540146
9039,4787145.0,0.05892729764832541
9040,4787205.0,0.05887143833909411
9041,4787265.0,0.05884549359957375
9042,4787325.0,0.05881651057501794
9043,4787385.0,0.05877396666986409
9044,4787445.0,0.05873667697153298
9045,4787505.0,0.05876861693999749
9046,4787568.0,0.0588248725277177
9047,4787625.0,0.05889042019216631
9048,4787685.0,0.05897672745151733
9049,4787745.0,0.05904879002268945
9050,4787805.0,0.05912002620380599
9051,4787865.0,0.059189883216342026
9052,4787925.0,0.05918529583876306
9053,4787985.0,0.059142086588985704
9054,4788045.0,0.05908083982266962
9055,4788105.0,0.05897756505232973
9056,4788165.0,0.05889563874609963
9057,4788225.0,0.058851130660600465
9058,4788285.0,0.05882644766985676
9059,4788345.0,0.058823979095416506
9060,4788405.0,0.05879713615661644
9061,4788465.0,0.05876209025142398
9062,4788525.0,0.05872395450954057
9063,4788585.0,0.05869964235213057
9064,4788645.0,0.05867875164091971
9065,4788705.0,0.05864257272674303
9066,4788765.0,0.05863663193894211
9067,4788825.0,0.05863570922658359
9068,4788885.0,0.05862328760255467
9069,4788948.0,0.05861753974911313
9070,4789005.0,0.05860909620639973
9071,4789065.0,0.0585468960521478
9072,4789125.0,0.05843485465651557
9073,4789185.0,0.0582783865874249
9074,4789245.0,0.058099302818780285
9075,4789305.0,0.05790871806090561
9076,4789365.0,0.057737198613977775
9077,4789425.0,0.05758545786243249
9078,4789485.0,0.057450159383707594
9079,4789545.0,0.057332170741215854
9080,4789605.0,0.05722449890389639
9081,4789665.0,0.057156666683187446
9082,4789725.0,0.057093159311495084
9083,4789785.0,0.057043081472007845
9084,4789845.0,0.056994640549402925
9085,4789905.0,0.056953698459790064
9086,4789965.0,0.05687754586287483
9087,4790025.0,0.05675660782084771
9088,4790085.0,0.056618495943645375
9089,4790145.0,0.05649176991586749
9090,4790205.0,0.05638558401435703
9091,4790265.0,0.0563063701136719
9092,4790325.0,0.056258460543080396
9093,4790385.0,0.05622452335829911
9094,4790445.0,0.05620925697654536
9095,4790505.0,0.05619760224281281
9096,4790565.0,0.056190078406730876
9097,4790625.0,0.05616683482016735
9098,4790685.0,0.05618714857226817
9099,4790745.0,0.05628450239220764
9100,4790805.0,0.056396903255670316
9101,4790865.0,0.05650952603851206
9102,4790925.0,0.05659731331658066
9103,4790985.0,0.05668790177873176
9104,4791045.0,0.056705721813100934
9105,4791105.0,0.056667012631636565
9106,4791165.0,0.056598180108267115
9107,4791225.0,0.05651102062564051
9108,4791285.0,0.05639938648394438
9109,4791345.0,0.05629350654034723
9110,4791405.0,0.05617283578089785
9111,4791465.0,0.05606008756560238
9112,4791525.0,0.05599928308959076
9113,4791585.0,0.055986308272755386
9114,4791645.0,0.05599829515156393
9115,4791705.0,0.05599049286885241
9116,4791765.0,0.05598361431752483
9117,4791825.0,0.05596437038731242
9118,4791885.0,0.05591504518207127
9119,4791945.0,0.05587299540074428
9120,4792005.0,0.05584402831259608
9121,4792065.0,0.05580319959785035
9122,4792125.0,0.05580328838905521
9123,4792185.0,0.05584833079652715
9124,4792245.0,0.05591777997442446
9125,4792305.0,0.05599600171353422
9126,4792365.0,0.05608077570916056
9127,4792425.0,0.05615620893783915
9128,4792485.0,0.05621141541618488
9129,4792545.0,0.05626529432773017
9130,4792605.0,0.056291877086548314
9131,4792665.0,0.05629611041699839
9132,4792725.0,0.05629102471920927
9133,4792785.0,0.05629971640453446
9134,4792845.0,0.05630546043817489
9135,4792905.0,0.05630040820131979
9136,4792965.0,0.05630102513310034
9137,4793025.0,0.0563091500079784
9138,4793085.0,0.05630965114755554
9139,4793148.0,0.05631607692366056
9140,4793205.0,0.05631637189886746
9141,4793265.0,0.0563211042720729
9142,4793325.0,0.05631027829348814
9143,4793385.0,0.05629562440500252
9144,4793445.0,0.056287470046975346
9145,4793505.0,0.056289219631178306
9146,4793565.0,0.05629542112347227
9147,4793625.0,0.05630046978298528
9148,4793685.0,0.056290400736077856
9149,4793745.0,0.05626377117149922
9150,4793805.0,0.05621048049562741
9151,4793865.0,0.05613506549796357
9152,4793925.0,0.05607589682240413
9153,4793985.0,0.05604552269038862
9154,4794045.0,0.05604157095383036
9155,4794105.0,0.05606261428607903
9156,4794165.0,0.05608645185890479
9157,4794225.0,0.05609723300997585
9158,4794285.0,0.05613688745770204
9159,4794345.0,0.056145396055825275
9160,4794405.0,0.056129934857698016
9161,4794465.0,0.056111960945308265
9162,4794525.0,0.05609587532554747
9163,4794585.0,0.05610072614563058
9164,4794645.0,0.05612543166124537
9165,4794705.0,0.05608648577054007
9166,4794765.0,0.05602419054817967
9167,4794825.0,0.05594787547934735
9168,4794888.0,0.055870747944414906
9169,4794945.0,0.055802834861324674
9170,4795008.0,0.055727650163277714
9171,4795065.0,0.055671614036761574
9172,4795125.0,0.05562760352718912
9173,4795185.0,0.05558499948790399
9174,4795245.0,0.05553458694138019
9175,4795305.0,0.055467015508589484
9176,4795365.0,0.05540334475916944
9177,4795425.0,0.055329227881028675
9178,4795485.0,0.0552663331066518
9179,4795545.0,0.055218690269492915
9180,4795605.0,0.05518479055874606
9181,4795665.0,0.05518313547764178
9182,4795725.0,0.05519596858674722
9183,4795785.0,0.05518547856091785
9184,4795845.0,0.055182103167162405
9185,4795905.0,0.055175969042314504
9186,4795965.0,0.055181851962116
9187,4796025.0,0.05520127047321802
9188,4796085.0,0.055209189445421886
9189,4796145.0,0.05525978434019807
9190,4796205.0,0.05532929581317966
9191,4796265.0,0.05540911457675432
9192,4796325.0,0.055481735046027686
9193,4796385.0,0.055544407159686865
9194,4796445.0,0.05559518929318483
9195,4796505.0,0.05559506167570369
9196,4796565.0,0.05555741270024389
9197,4796625.0,0.0554837210532266
9198,4796685.0,0.05542431187386887
9199,4796745.0,0.055382769624217926
9200,4796805.0,0.05535979999957055
9201,4796865.0,0.055371406638507814
9202,4796925.0,0.05540590748532087
9203,4796985.0,0.05545607960567556
9204,4797045.0,0.055509157822599076
9205,4797111.0,0.055504370247609874
9206,4797165.0,0.055462065794189885
9207,4797225.0,0.05541399565943056
9208,4797285.0,0.05535221332671761
9209,4797345.0,0.055293399098167356
9210,4797405.0,0.05525006909473246
9211,4797465.0,0.055204402277285874
9212,4797525.0,0.05515464514935489
9213,4797585.0,0.055120526030620315
9214,4797645.0,0.05508718748041233
9215,4797705.0,0.055066475847834306
9216,4797765.0,0.05504192328479002
9217,4797825.0,0.05501170350476378
9218,4797885.0,0.05502750024007705
9219,4797945.0,0.055065018023047
9220,4798005.0,0.055107910636798735
9221,4798065.0,0.05515302873964281
9222,4798125.0,0.05519758134020239
9223,4798185.0,0.05524026457320938
9224,4798245.0,0.055272313988078
9225,4798305.0,0.055235372055896376
9226,4798365.0,0.05515730732769478
9227,4798425.0,0.05505122265072862
9228,4798485.0,0.054914664295380416
9229,4798545.0,0.054809430405623666
9230,4798605.0,0.054715698982046895
9231,4798665.0,0.054661915710108866
9232,4798725.0,0.05463328574031362
9233,4798785.0,0.05461747085391597
9234,4798845.0,0.05461494014210208
9235,4798905.0,0.05458207145938507
9236,4798965.0,0.054528715043475645
9237,4799025.0,0.054464229991290275
9238,4799085.0,0.05437231544769999
9239,4799148.0,0.05427957686556864
9240,4799205.0,0.05420540524384121
9241,4799265.0,0.054180319186224735
9242,4799325.0,0.05419867440388912
9243,4799385.0,0.05423745633817259
9244,4799445.0,0.0542923530847543
9245,4799505.0,0.05437804821111733
9246,4799565.0,0.0544787429223986
9247,4799625.0,0.05455413118039268
9248,4799685.0,0.05461467249722854
9249,4799745.0,0.05467486044948244
9250,4799805.0,0.0547560646967519
9251,4799865.0,0.054910602570803685
9252,4799925.0,0.05510995356714618
9253,4799985.0,0.055309839609108485
9254,4800045.0,0.05551892157144725
9255,4800105.0,0.05569433270437221
9256,4800165.0,0.05586403213045585
9257,4800225.0,0.056010717690531814
9258,4800285.0,0.056144993095288476
9259,4800345.0,0.05624157390500126
9260,4800405.0,0.056274216481475764
9261,4800465.0,0.05628496005294284
9262,4800525.0,0.05630272506907058
9263,4800585.0,0.056315489579760764
9264,4800645.0,0.05636112763217202
9265,4800705.0,0.05644292186906569
9266,4800765.0,0.05653362643535795
9267,4800825.0,0.05665887073539666
9268,4800885.0,0.056783988109820216
9269,4800945.0,0.05689089740722217
9270,4801005.0,0.05701701699906275
9271,4801068.0,0.057131357533270505
9272,4801125.0,0.057209656763311995
9273,4801185.0,0.05729406449448579
9274,4801245.0,0.05737092940310637
9275,4801305.0,0.057438008893731435
9276,4801365.0,0.05750008070523702
9277,4801428.0,0.05758638520820178
9278,4801485.0,0.057631320383954215
9279,4801545.0,0.05764839466957808
9280,4801605.0,0.057674940871127345
9281,4801665.0,0.05770961987080453
9282,4801725.0,0.0577715787883879
9283,4801785.0,0.05786571618869604
9284,4801845.0,0.05802861048949928
9285,4801905.0,0.05818017873340378
9286,4801965.0,0.05831983124994686
9287,4802025.0,0.05841827792328125
9288,4802085.0,0.05852779635701491
9289,4802145.0,0.05862323006794362
9290,4802205.0,0.058748910917929026
9291,4802265.0,0.058861807845466074
9292,4802325.0,0.05894366638315415
9293,4802385.0,0.05902146637099234
9294,4802445.0,0.059072066935965756
9295,4802505.0,0.05913278093268265
9296,4802565.0,0.05918050060110999
9297,4802625.0,0.059229660525744854
9298,4802685.0,0.05928106830194069
9299,4802745.0,0.05929940241437634
9300,4802805.0,0.05932085188869679
9301,4802865.0,0.05933243957026091
9302,4802925.0,0.05931145513160835
9303,4802985.0,0.05927125308733902
9304,4803045.0,0.059237261161850074
9305,4803105.0,0.0592257344108838
9306,4803165.0,0.059216517967027565
9307,4803225.0,0.059231786349044885
9308,4803285.0,0.059245673274985505
9309,4803345.0,0.05925772359805084
9310,4803405.0,0.05929142016298003
9311,4803465.0,0.05933981858518572
9312,4803525.0,0.059382219591599755
9313,4803585.0,0.05940199464306181
9314,4803645.0,0.05943051481045661
9315,4803705.0,0.05945001344922207
9316,4803765.0,0.05948251999813922
9317,4803825.0,0.05954588441541522
9318,4803885.0,0.05963986846037159
9319,4803945.0,0.059748066532395366
9320,4804005.0,0.05989890869593223
9321,4804065.0,0.060053122915169926
9322,4804125.0,0.06019792401631144
9323,4804185.0,0.0603497036923695
9324,4804245.0,0.060516952795072576
9325,4804305.0,0.06070260727060536
9326,4804365.0,0.060908851701775485
9327,4804425.0,0.061112127620445766
9328,4804485.0,0.061356854142780776
9329,4804545.0,0.06156906725032271
9330,4804605.0,0.0618082724888446
9331,4804665.0,0.0620776542871882
9332,4804725.0,0.062331134441332786
9333,4804785.0,0.06255790272465586
9334,4804845.0,0.06274829071527235
9335,4804905.0,0.06293369446880923
9336,4804965.0,0.06312094306283036
9337,4805025.0,0.06334678245171935
9338,4805085.0,0.06368041257292742
9339,4805145.0,0.0641134995085976
9340,4805205.0,0.06473833097168127
9341,4805265.0,0.06517924609595141
9342,4805325.0,0.06554228837410717
9343,4805385.0,0.0659102732421876
9344,4805445.0,0.06629257057720514
9345,4805505.0,0.06669856099908014
9346,4805565.0,0.06710759453546941
9347,4805625.0,0.0675091364633845
9348,4805685.0,0.06792696249309763
9349,4805745.0,0.06828522351965657
9350,4805805.0,0.06866150602251367
9351,4805865.0,0.06899338797056728
9352,4805925.0,0.06930517903720987
9353,4805985.0,0.06958685063436112
9354,4806045.0,0.06988150099741983
9355,4806105.0,0.07017433698190348
9356,4806165.0,0.07044994010225311
9357,4806225.0,0.07074372974670837
9358,4806285.0,0.0710484007458694
9359,4806345.0,0.07135821050132166
9360,4806405.0,0.07166410722584118
9361,4806465.0,0.0719583393901704
9362,4806525.0,0.07222137372169132
9363,4806585.0,0.07250146291561979
9364,4806645.0,0.07276548321185952
9365,4806705.0,0.073024988852297
9366,4806765.0,0.0732864072441334
9367,4806825.0,0.07354589265501335
9368,4806885.0,0.07382943053239036
9369,4806945.0,0.07408734997647229
9370,4807005.0,0.07433614648838408
9371,4807065.0,0.07455186200287708
9372,4807125.0,0.07478132310460403
9373,4807185.0,0.07504802076159081
9374,4807245.0,0.07533067352802
9375,4807305.0,0.07564455710417015
9376,4807365.0,0.07595528414493927
9377,4807425.0,0.07623956352123326
9378,4807485.0,0.07653695000989827
9379,4807545.0,0.07681862081240895
9380,4807605.0,0.07713458928078684
9381,4807665.0,0.0774226075508753
9382,4807725.0,0.07768830943235974
9383,4807785.0,0.07797820764511068
9384,4807845.0,0.0782980691280716
9385,4807905.0,0.07866480104959697
9386,4807965.0,0.0790418055790019
9387,4808025.0,0.07940469521984841
9388,4808085.0,0.07974854986586175
9389,4808145.0,0.080059921660347
9390,4808205.0,0.08038972606230618
9391,4808265.0,0.0807349659773807
9392,4808325.0,0.08107458303406348
9393,4808385.0,0.08145904120791561
9394,4808445.0,0.08183667960115829
9395,4808505.0,0.08221294062325271
9396,4808565.0,0.08259761253712064
9397,4808625.0,0.08305560533681758
9398,4808685.0,0.08353021035951982
9399,4808748.0,0.08403727495422567
9400,4808805.0,0.084546791864781
9401,4808865.0,0.0850294978545367
9402,4808925.0,0.0854949946680276
9403,4808985.0,0.08599023100213529
9404,4809048.0,0.0864622309198467
9405,4809105.0,0.08695381378299474
9406,4809165.0,0.08745129444838876
9407,4809225.0,0.08797704328278497
9408,4809285.0,0.08853807393183047
9409,4809345.0,0.08908142240024677
9410,4809405.0,0.08959628839223668
9411,4809465.0,0.09010717278799271
9412,4809525.0,0.0906014691327531
9413,4809585.0,0.0910810079652554
9414,4809645.0,0.09156796997205233
9415,4809705.0,0.09207456442254933
9416,4809765.0,0.09258364505756603
9417,4809825.0,0.0930716231885447
9418,4809885.0,0.09355680022506704
9419,4809945.0,0.09403587034351726
9420,4810005.0,0.09449644114648356
9421,4810065.0,0.09490485247623495
9422,4810125.0,0.09530455191276163
9423,4810185.0,0.09564224619144449
9424,4810245.0,0.09588968754451285
9425,4810305.0,0.09619175301016117
9426,4810365.0,0.09648012849479501
9427,4810425.0,0.09670802209509469
9428,4810485.0,0.09685611735180896
9429,4810545.0,0.09701827181974457
9430,4810605.0,0.09722969581389565
9431,4810665.0,0.0974590549203779
9432,4810725.0,0.09772819435828659
9433,4810785.0,0.09797268446573651
9434,4810845.0,0.09819959918324786
9435,4810905.0,0.09844553963594013
9436,4810965.0,0.09867022728207173
9437,4811025.0,0.09890199604244773
9438,4811085.0,0.09914661450798043
9439,4811145.0,0.09944575160756311
9440,4811205.0,0.09984428929096859
9441,4811265.0,0.10028764673616478
9442,4811325.0,0.10071992551704737
9443,4811385.0,0.10114711971878595
9444,4811445.0,0.10155150882421496
9445,4811505.0,0.10191177141968324
9446,4811565.0,0.10225336080256778
9447,4811625.0,0.10255889753578598
9448,4811685.0,0.10288640972746835
9449,4811745.0,0.10325675200291343
9450,4811808.0,0.10365074219356027
9451,4811865.0,0.10405919804159278
9452,4811925.0,0.10448450273496226
9453,4811985.0,0.10489233023451036
9454,4812045.0,0.10530786686310092
9455,4812108.0,0.10570511249244466
9456,4812165.0,0.10612722326910337
9457,4812225.0,0.10653205924368772
9458,4812285.0,0.10692127243492947
9459,4812345.0,0.10730849357618613
9460,4812405.0,0.10765547042020698
9461,4812465.0,0.10799966165816074
9462,4812525.0,0.10833839587676633
9463,4812585.0,0.10864574929696127
9464,4812645.0,0.10893958289799413
9465,4812705.0,0.10920540040658847
9466,4812765.0,0.1094766349258465
9467,4812828.0,0.1097764657793672
9468,4812885.0,0.11009878297422651
9469,4812945.0,0.11046148147490045
9470,4813005.0,0.11080424992521212
9471,4813065.0,0.11117281444027763
9472,4813125.0,0.11156437586259729
9473,4813185.0,0.11194791346151564
9474,4813245.0,0.11233904368501915
9475,4813305.0,0.11271464164777581
9476,4813365.0,0.11308129876693199
9477,4813425.0,0.11343866752270762
9478,4813485.0,0.11380775698744908
9479,4813545.0,0.1141871933485604
9480,4813605.0,0.1145577782363564
9481,4813665.0,0.11495783090476733
9482,4813725.0,0.11536179045117476
9483,4813785.0,0.11812303111036995
9484,4813845.0,0.1199624233118328
9485,4813905.0,0.12144250161590328
9486,4813965.0,0.1215353743429374
9487,4814025.0,0.12155353875061173
9488,4814085.0,0.12166850973631013
9489,4814145.0,0.12173579578325336
9490,4814205.0,0.121702539044967
9491,4814265.0,0.1217580931766368
9492,4814325.0,0.12177640284134797
9493,4814385.0,0.12193290083529265
9494,4814445.0,0.12222479521622678
9495,4814505.0,0.12269258032359284
9496,4814565.0,0.12302298318934016
9497,4814625.0,0.12311102177461705
9498,4814685.0,0.12321672292751021
9499,4814745.0,0.1249135627210102
9500,4814805.0,0.12686529642915004
9501,4814865.0,0.12844643671355807
9502,4814925.0,0.12983318763544874
9503,4814985.0,0.1298476315345102
9504,4815048.0,0.1296779355767145
9505,4815105.0,0.1295020593553792
9506,4815165.0,0.12939389139560417
9507,4815225.0,0.12927011369540833
9508,4815285.0,0.12904928932947743
9509,4815345.0,0.12884411780952307
9510,4815405.0,0.1288124420423201
9511,4815465.0,0.12894736245606134
9512,4815525.0,0.1289859269209225
9513,4815585.0,0.12884628184913952
9514,4815645.0,0.1287305812614545
9515,4815705.0,0.13031793191066385
9516,4815765.0,0.13164264186431288
9517,4815825.0,0.13279496400139065
9518,4815885.0,0.13372140237385702
9519,4815945.0,0.13454719132240558
9520,4816005.0,0.13410918898667476
9521,4816065.0,0.1338314692499343
9522,4816128.0,0.13358756035925848
9523,4816185.0,0.13336706403958934
9524,4816245.0,0.13327498699630938
9525,4816305.0,0.13322662166167779
9526,4816365.0,0.13309919776757653
9527,4816425.0,0.1329942956299123
9528,4816485.0,0.13288498754758807
9529,4816545.0,0.13284816350163856
9530,4816605.0,0.13278945419039614
9531,4816665.0,0.13278728396891584
9532,4816725.0,0.13280354613523246
9533,4816785.0,0.13300719788351759
9534,4816845.0,0.1330110087535716
9535,4816905.0,0.1328479094970025
9536,4816965.0,0.1342388319599991
9537,4817025.0,0.13539005546669916
9538,4817085.0,0.13657972810570887
9539,4817145.0,0.1363519395397272
9540,4817205.0,0.13599568123524633
9541,4817265.0,0.13570457842045766
9542,4817325.0,0.13548960497249415
9543,4817385.0,0.13515063046616158
9544,4817445.0,0.13492914793872793
9545,4817505.0,0.13490340086771604
9546,4817565.0,0.1350193658259892
9547,4817625.0,0.1351203081408123
9548,4817685.0,0.1351014352677751
9549,4817745.0,0.13492122676917953
9550,4817805.0,0.13607927010014167
9551,4817865.0,0.13754871470072602
9552,4817925.0,0.1389697858516725
9553,4817985.0,0.13881290446964825
9554,4818045.0,0.13846904745681052
9555,4818105.0,0.13808876835057557
9556,4818165.0,0.13775750617756352
9557,4818225.0,0.13755903554197627
9558,4818285.0,0.13739169272719723
9559,4818345.0,0.1373187765109957
9560,4818405.0,0.13732243662562324
9561,4818465.0,0.13713850866371743
9562,4818525.0,0.136965035772544
9563,4818585.0,0.13685941705379426
9564,4818645.0,0.13674570564060098
9565,4818705.0,0.13658344436742578
9566,4818765.0,0.13646616443439044
9567,4818825.0,0.13640379178032588
9568,4818885.0,0.13635168950545237
9569,4818945.0,0.13630300246768887
9570,4819005.0,0.13619137494153025
9571,4819065.0,0.13605200723135805
9572,4819125.0,0.13594038026509117
9573,4819185.0,0.13577617625200253
9574,4819245.0,0.1356117213677376
9575,4819305.0,0.13552431678597385
9576,4819365.0,0.13543224505756943
9577,4819425.0,0.13718177744693236
9578,4819485.0,0.13822373533517315
9579,4819545.0,0.13898902276506894
9580,4819605.0,0.1397051050334485
9581,4819665.0,0.14037351630107017
9582,4819725.0,0.14107985866033093
9583,4819785.0,0.1416404605522242
9584,4819845.0,0.14243869462881173
9585,4819905.0,0.14331533709040542
9586,4819965.0,0.14422925388190808
9587,4820025.0,0.1451595302299359
9588,4820085.0,0.146127777412456
9589,4820145.0,0.14718827613822952
9590,4820205.0,0.14832379943142712
9591,4820265.0,0.14948802357254862
9592,4820325.0,0.15065305184709546
9593,4820385.0,0.15187648739990314
9594,4820445.0,0.15315563851891875
9595,4820505.0,0.15445571601676858
9596,4820565.0,0.15573963270245025
9597,4820625.0,0.15698457957975534
9598,4820685.0,0.15830167807099824
9599,4820745.0,0.1597487257091074
9600,4820805.0,0.1610966013396101
9601,4820865.0,0.1624609844300994
9602,4820925.0,0.163785524615813
9603,4820985.0,0.16518223557569997
9604,4821045.0,0.16666570928654692
9605,4821105.0,0.1680674798151818
9606,4821165.0,0.16948323316681504
9607,4821228.0,0.17103734109225702
9608,4821285.0,0.17267182204881684
9609,4821345.0,0.1742741064546782
9610,4821405.0,0.17566195598678205
9611,4821465.0,0.17696462314445796
9612,4821525.0,0.178256533164275
9613,4821585.0,0.17966374396400522
9614,4821645.0,0.18110298418514517
9615,4821705.0,0.1825576350234193
9616,4821765.0,0.18418933539349688
9617,4821825.0,0.1858384603666197
9618,4821885.0,0.18742724515505269
9619,4821945.0,0.18897992754714724
9620,4822005.0,0.19034544076258167
9621,4822065.0,0.19170484175455274
9622,4822125.0,0.19302370766641816
9623,4822185.0,0.19439220438229352
9624,4822245.0,0.19582022349285141
9625,4822305.0,0.19729108793930847
9626,4822365.0,0.19878154396227318
9627,4822425.0,0.20027403289095572
9628,4822485.0,0.2017025585810491
9629,4822545.0,0.20307428216607934
9630,4822605.0,0.20440839674279412
9631,4822665.0,0.20570998535694804
9632,4822725.0,0.20704395546128498
9633,4822785.0,0.20838245720849705
9634,4822845.0,0.2096828485118528
9635,4822905.0,0.21098167468784954
9636,4822965.0,0.2122712411948244
9637,4823025.0,0.21355635587190072
9638,4823085.0,0.21489546682138352
9639,4823145.0,0.21625825056901712
9640,4823205.0,0.2176225811399006
9641,4823265.0,0.21898310449776123
9642,4823325.0,0.220385737673043
9643,4823385.0,0.22182226367916927
9644,4823445.0,0.2232390568158166
9645,4823505.0,0.22456051491353637
9646,4823565.0,0.22591771770482458
9647,4823625.0,0.22722976843932616
9648,4823685.0,0.22869076571755934
9649,4823745.0,0.2301398585590866
9650,4823805.0,0.2315611756716102
9651,4823865.0,0.232789400103835
9652,4823925.0,0.23398596265972463
9653,4823985.0,0.23525339381313962
9654,4824045.0,0.23658103962644808
9655,4824105.0,0.2379574310452233
9656,4824165.0,0.2393194585015194
9657,4824225.0,0.24067592520138495
9658,4824285.0,0.2420143502022317
9659,4824345.0,0.24335165113032195
9660,4824405.0,0.24466542586998322
9661,4824465.0,0.24598601206183332
9662,4824525.0,0.2472804772534156
9663,4824585.0,0.24623673809904337
9664,4824645.0,0.2460647863294704
9665,4824705.0,0.2464075702140006
9666,4824765.0,0.24817216687557128
9667,4824825.0,0.24989706511536972
9668,4824885.0,0.2514774030390625
9669,4824945.0,0.2530825554751739
9670,4825005.0,0.25481184580739713
9671,4825065.0,0.25644661000672797
9672,4825125.0,0.2581898639016378
9673,4825185.0,0.25990403707449994
9674,4825245.0,0.26151387364091616
9675,4825305.0,0.2628612973092439
9676,4825368.0,0.26430691264934125
9677,4825425.0,0.2659627721977038
9678,4825485.0,0.26755143751668786
9679,4825545.0,0.2677005527228531
9680,4825605.0,0.26753158352332684
9681,4825665.0,0.2677160688567142
9682,4825725.0,0.268091967365914
9683,4825785.0,0.26993190646075227
9684,4825845.0,0.2718681800191243
9685,4825905.0,0.27376536099077575
9686,4825965.0,0.2754502761679679
9687,4826025.0,0.27712398167333063
9688,4826085.0,0.2789249198514612
9689,4826145.0,0.2808284277883515
9690,4826205.0,0.28243249936468895
9691,4826265.0,0.2839183419366428
9692,4826325.0,0.28556245217052323
9693,4826385.0,0.2873249945615943
9694,4826445.0,0.2891454053676433
9695,4826505.0,0.28944284260214925
9696,4826565.0,0.2898015143539322
9697,4826625.0,0.2902994476122376
9698,4826688.0,0.2910052738281276
9699,4826745.0,0.2916660428511233
9700,4826805.0,0.29346972453589837
9701,4826865.0,0.29517975171014443
9702,4826925.0,0.29687074932952984
9703,4826985.0,0.2985890310559739
9704,4827045.0,0.30016810085544865
9705,4827105.0,0.30171482197526545
9706,4827165.0,0.3034320694949343
9707,4827225.0,0.30517146755659164
9708,4827285.0,0.3068559492819194
9709,4827345.0,0.30849928779731395
9710,4827405.0,0.3100064591483702
9711,4827465.0,0.31150262348658697
9712,4827525.0,0.31301854748436964
9713,4827585.0,0.3145019479047041
9714,4827645.0,0.31613139689736947
9715,4827705.0,0.31835134839211776
9716,4827765.0,0.31927844942224526
9717,4827825.0,0.32040619896742695
9718,4827885.0,0.32125052954382205
9719,4827945.0,0.32340337595200175
9720,4828005.0,0.3257051714829615
9721,4828065.0,0.327935704145634
9722,4828125.0,0.33003753631894517
9723,4828185.0,0.3323875923814601
9724,4828245.0,0.33469938701777535
9725,4828305.0,0.33689456279818797
9726,4828365.0,0.3387185877971576
9727,4828425.0,0.34052192062962416
9728,4828485.0,0.34248991439546794
9729,4828545.0,0.344657171990146
9730,4828605.0,0.34467152498083775
9731,4828665.0,0.34460318807774437
9732,4828725.0,0.3445456931622052
9733,4828785.0,0.3459660001600554
9734,4828845.0,0.34753901134726106
9735,4828905.0,0.3491239071290593
9736,4828965.0,0.3505608842148574
9737,4829025.0,0.35188382338204305
9738,4829085.0,0.35336167638409033
9739,4829145.0,0.35468314106789534
9740,4829205.0,0.3559194512543652
9741,4829265.0,0.35739165543084683
9742,4829325.0,0.358776749187839
9743,4829385.0,0.3600531527420777
9744,4829445.0,0.36152806975909224
9745,4829505.0,0.36301274807637074
9746,4829565.0,0.3643493722185186
9747,4829625.0,0.36563507086514957
9748,4829685.0,0.36764821149838256
9749,4829745.0,0.3695819859298982
9750,4829805.0,0.37152563428910035
9751,4829865.0,0.37344396831423954
9752,4829925.0,0.37534725947810454
9753,4829985.0,0.37722050703783416
9754,4830045.0,0.37911840207183467
9755,4830105.0,0.3810911597966423
9756,4830165.0,0.3831616814618344
9757,4830225.0,0.383321588592451
9758,4830285.0,0.3842185070727503
9759,4830345.0,0.3852849051952464
9760,4830405.0,0.3864070524047013
9761,4830465.0,0.3876751771997883
9762,4830525.0,0.3889085418418802
9763,4830585.0,0.3902811412115693
9764,4830645.0,0.3917466944187271
9765,4830705.0,0.39306788279401295
9766,4830765.0,0.39430154577010346
9767,4830825.0,0.39552654317564906
9768,4830885.0,0.3965607949573621
9769,4830945.0,0.39759648712997187
9770,4831005.0,0.3984334286839083
9771,4831065.0,0.3991802663268349
9772,4831125.0,0.39995732694895936
9773,4831185.0,0.40074787717670246
9774,4831245.0,0.40149482296080874
9775,4831305.0,0.4030174063809474
9776,4831365.0,0.4045741901030083
9777,4831425.0,0.40587414712332326
9778,4831485.0,0.40699232343818814
9779,4831545.0,0.40789475196288383
9780,4831605.0,0.4088748039693175
9781,4831665.0,0.4098837374554666
9782,4831725.0,0.410933525547756
9783,4831785.0,0.41202448358004273
9784,4831845.0,0.4132485679790844
9785,4831905.0,0.41453629129364333
9786,4831965.0,0.41585554811980907
9787,4832025.0,0.417110875662722
9788,4832085.0,0.41822422691106165
9789,4832145.0,0.41926641807683185
9790,4832205.0,0.42049525732025017
9791,4832265.0,0.4216873105364388
9792,4832325.0,0.42305238072553053
9793,4832385.0,0.4235885991280055
9794,4832445.0,0.4239436912330238
9795,4832505.0,0.424043666314904
9796,4832565.0,0.42410304340117866
9797,4832625.0,0.42421189461736153
9798,4832685.0,0.4238107587107538
9799,4832745.0,0.4234304427030866
9800,4832805.0,0.42323852974155074
9801,4832865.0,0.4229113710611293
9802,4832925.0,0.4226154808341239
9803,4832985.0,0.4223033355621214
9804,4833045.0,0.4217842929301634
9805,4833105.0,0.42126598464660536
9806,4833165.0,0.42079946651735967
9807,4833225.0,0.42046621165587816
9808,4833285.0,0.4201846556961307
9809,4833345.0,0.4199244221520301
9810,4833405.0,0.4196462035784587
9811,4833465.0,0.4193541377706921
9812,4833525.0,0.41906827408816283
9813,4833585.0,0.41877591620789123
9814,4833645.0,0.41854287473595664
9815,4833705.0,0.4190184057439179
9816,4833765.0,0.41939016100556226
9817,4833825.0,0.4196722977679458
9818,4833885.0,0.4198050793794347
9819,4833945.0,0.42003162511827974
9820,4834005.0,0.420361653449542
9821,4834065.0,0.42073925607331997
9822,4834125.0,0.4211969531870088
9823,4834185.0,0.4215891570487672
9824,4834245.0,0.4219877496736155
9825,4834305.0,0.4219181870824289
9826,4834365.0,0.42341121276001037
9827,4834425.0,0.4248891878375146
9828,4834485.0,0.4262505513894582
9829,4834545.0,0.4274072370673291
9830,4834605.0,0.42851944620548255
9831,4834665.0,0.4297939696773554
9832,4834725.0,0.4312440721170162
9833,4834785.0,0.43264358402217507
9834,4834845.0,0.43393639097834347
9835,4834905.0,0.435212901123217
9836,4834965.0,0.4365085019504388
9837,4835025.0,0.43786510175311466
9838,4835085.0,0.4392607263161631
9839,4835145.0,0.44078570913552306
9840,4835205.0,0.4423769648693522
9841,4835265.0,0.44389654476801466
9842,4835325.0,0.44540778269817893
9843,4835385.0,0.44689201537357304
9844,4835445.0,0.44835926766101186
9845,4835505.0,0.44964413870617814
9846,4835565.0,0.45087474703295416
9847,4835625.0,0.45218649458827576
9848,4835685.0,0.4535600211504972
9849,4835745.0,0.45493261784285055
9850,4835805.0,0.45627414686207446
9851,4835865.0,0.45751675914606993
9852,4835925.0,0.4585988591942701
9853,4835985.0,0.45958715918176596
9854,4836045.0,0.46055048519449404
9855,4836105.0,0.4616116481674152
9856,4836165.0,0.4625679323304185
9857,4836225.0,0.46346891866384865
9858,4836285.0,0.4644346750480569
9859,4836345.0,0.46526493308393324
9860,4836405.0,0.46611701153301655
9861,4836465.0,0.46692471813839453
9862,4836525.0,0.46774645856493924
9863,4836585.0,0.4684689626571342
9864,4836645.0,0.4692185663854479
9865,4836705.0,0.4701496395464789
9866,4836765.0,0.471239093942852
9867,4836825.0,0.4723883222033466
9868,4836885.0,0.4735241238897182
9869,4836945.0,0.47458056925066117
9870,4837005.0,0.4755853996477999
9871,4837065.0,0.47654819067403253
9872,4837125.0,0.4774299371127243
9873,4837185.0,0.478374731913784
9874,4837248.0,0.47921866573389116
9875,4837305.0,0.4799088850635368
9876,4837365.0,0.48089597591667654
9877,4837425.0,0.4819364215017299
9878,4837485.0,0.4828613805197809
9879,4837545.0,0.48385948051641814
9880,4837608.0,0.48486291833631256
9881,4837665.0,0.48593201723311796
9882,4837725.0,0.4870769146577876
9883,4837785.0,0.48816231937435794
9884,4837845.0,0.48926026827477487
9885,4837905.0,0.4903340971986937
9886,4837965.0,0.49131231458077207
9887,4838025.0,0.49224551942251205
9888,4838085.0,0.49318466958254237
9889,4838145.0,0.49409193552765884
9890,4838205.0,0.4951463747760243
9891,4838265.0,0.4962237034462047
9892,4838325.0,0.4972729433277224
9893,4838385.0,0.4982419844304665
