,time,mit
0,3639648.0,0.46064570388346004
1,3639705.0,0.45905645208892965
2,3639765.0,0.45713480410151386
3,3639825.0,0.45398034226513395
4,3639885.0,0.45157468947717117
5,3639945.0,0.4497354537097772
6,3640005.0,0.4478511339020632
7,3640065.0,0.44583901142395665
8,3640125.0,0.4437509754690502
9,3640185.0,0.44158455520969486
10,3640245.0,0.4395061681320699
11,3640305.0,0.437437991526646
12,3640365.0,0.4353541655738177
13,3640425.0,0.4331006787773415
14,3640488.0,0.43126715067211274
15,3640545.0,0.4294694273840003
16,3640605.0,0.4274852378511895
17,3640665.0,0.425318444199546
18,3640725.0,0.4232093922893049
19,3640785.0,0.4211953603714237
20,3640845.0,0.41935919064205185
21,3640905.0,0.41767086183357816
22,3640965.0,0.41590717209885175
23,3641025.0,0.41395071611646017
24,3641085.0,0.41190562981451284
25,3641145.0,0.41062986627423337
26,3641205.0,0.40967119447781386
27,3641265.0,0.40870684785814326
28,3641325.0,0.4077225134124006
29,3641385.0,0.4064526633873232
30,3641445.0,0.40494302719977726
31,3641505.0,0.4039172144040698
32,3641565.0,0.4032189985249881
33,3641625.0,0.40238567794276137
34,3641685.0,0.4013024902756662
35,3641745.0,0.4000301783827721
36,3641805.0,0.3985818839577925
37,3641865.0,0.39704324069658636
38,3641925.0,0.39559425130276005
39,3641985.0,0.39412624256527373
40,3642045.0,0.3926636954344974
41,3642105.0,0.39128517563707477
42,3642165.0,0.3900504109363282
43,3642225.0,0.38835904572036084
44,3642285.0,0.3870209362013336
45,3642345.0,0.3863728077926797
46,3642405.0,0.38567921543465145
47,3642465.0,0.3847269986586278
48,3642525.0,0.3835878869654674
49,3642588.0,0.382172258882426
50,3642645.0,0.3807509025216761
51,3642705.0,0.37930471765188256
52,3642765.0,0.3777653822625756
53,3642825.0,0.3759792287335969
54,3642885.0,0.3744391001712588
55,3642945.0,0.37323086008044115
56,3643005.0,0.37251770359225544
57,3643065.0,0.37150360691414697
58,3643125.0,0.3704625061973966
59,3643188.0,0.3690402701219945
60,3643245.0,0.36749255227343214
61,3643305.0,0.36590350190002385
62,3643365.0,0.36432328047896523
63,3643425.0,0.3623113324997169
64,3643485.0,0.36100975520340406
65,3643545.0,0.35982024433704984
66,3643605.0,0.35859454415660574
67,3643665.0,0.3573706208437165
68,3643725.0,0.3561168013270958
69,3643785.0,0.3549379489495039
70,3643845.0,0.3531953000398512
71,3643905.0,0.3522144107335282
72,3643965.0,0.3511162556891062
73,3644025.0,0.3498834324499728
74,3644085.0,0.34836221587155125
75,3644145.0,0.34653296482462725
76,3644205.0,0.34456608320905036
77,3644265.0,0.34391653723054205
78,3644325.0,0.3435745697882574
79,3644385.0,0.3431183571628701
80,3644445.0,0.343048201524239
81,3644505.0,0.34299107913246063
82,3644565.0,0.3428850411180763
83,3644625.0,0.3427952525945456
84,3644685.0,0.3426770911184841
85,3644745.0,0.3424786328481543
86,3644805.0,0.34220427747966686
87,3644865.0,0.34178452582905905
88,3644925.0,0.3412547541128036
89,3644985.0,0.34106943441197657
90,3645045.0,0.3409613475540303
91,3645105.0,0.340549672361668
92,3645165.0,0.340452236448899
93,3645225.0,0.34044288959054936
94,3645285.0,0.340305152979125
95,3645345.0,0.33999011468116047
96,3645405.0,0.3394313432142083
97,3645465.0,0.3391161615745081
98,3645525.0,0.3373887534555169
99,3645585.0,0.33558820394046396
100,3645645.0,0.3337824934980541
101,3645705.0,0.3319385209620701
102,3645765.0,0.33160628180206897
103,3645825.0,0.33124411515357266
104,3645888.0,0.3306753525888919
105,3645945.0,0.3301263634650521
106,3646005.0,0.32961884286737064
107,3646065.0,0.3290849024026927
108,3646125.0,0.32862583308578486
109,3646185.0,0.3281483279384452
110,3646245.0,0.32750941360564856
111,3646305.0,0.3264886865047155
112,3646368.0,0.32549315609870577
113,3646425.0,0.3248311893690853
114,3646485.0,0.3238375871919167
115,3646545.0,0.32314695382680636
116,3646605.0,0.32095700543656447
117,3646665.0,0.31864532596831163
118,3646725.0,0.3161934476455285
119,3646785.0,0.31372799394356876
120,3646845.0,0.3111105892733059
121,3646905.0,0.3093543791344765
122,3646965.0,0.3076797674453775
123,3647025.0,0.3060212017296726
124,3647085.0,0.3042980518243925
125,3647145.0,0.3026443027290484
126,3647205.0,0.3010352085567637
127,3647265.0,0.2996731825409922
128,3647325.0,0.29848355108088276
129,3647385.0,0.2978112343861128
130,3647445.0,0.29805188857755904
131,3647505.0,0.29825387593172636
132,3647565.0,0.29838375923911875
133,3647625.0,0.29722679048233347
134,3647685.0,0.29615590407215453
135,3647745.0,0.2961993987247664
136,3647805.0,0.2961728319715837
137,3647865.0,0.29515025828462216
138,3647925.0,0.2941105517579381
139,3647985.0,0.29262354484426145
140,3648045.0,0.29117565831092396
141,3648105.0,0.28959117508924814
142,3648165.0,0.2879009016059819
143,3648225.0,0.2865680673675892
144,3648285.0,0.2852419587629754
145,3648348.0,0.28389932244639426
146,3648405.0,0.2825643425963894
147,3648465.0,0.28121197566321576
148,3648525.0,0.2798081352808106
149,3648585.0,0.27833799833592543
150,3648645.0,0.2768111935945423
151,3648705.0,0.2750479568428895
152,3648765.0,0.2734718008512709
153,3648825.0,0.2719460241146421
154,3648885.0,0.26983792202778845
155,3648945.0,0.26786507365421075
156,3649005.0,0.265951361535551
157,3649065.0,0.26406114464470654
158,3649125.0,0.26212640120269926
159,3649185.0,0.2601603061087544
160,3649245.0,0.2583254997665827
161,3649305.0,0.2564240149272313
162,3649365.0,0.2544485994546416
163,3649425.0,0.2525492842767566
164,3649485.0,0.2505344127667545
165,3649545.0,0.24828697739107972
166,3649605.0,0.24581693436527627
167,3649665.0,0.24476718250916465
168,3649725.0,0.24394997386734799
169,3649785.0,0.24331764190119895
170,3649845.0,0.24256288808062645
171,3649905.0,0.24169271791867467
172,3649965.0,0.24071746870448593
173,3650025.0,0.23963793940364006
174,3650085.0,0.23841789381182407
175,3650145.0,0.23715292431124704
176,3650205.0,0.23594913219823702
177,3650265.0,0.23314979098492664
178,3650325.0,0.23029801525048685
179,3650385.0,0.22813052041167395
180,3650448.0,0.2262986677610279
181,3650505.0,0.2253665118791862
182,3650565.0,0.22454673604427391
183,3650625.0,0.22363289611138823
184,3650685.0,0.22263058112408332
185,3650745.0,0.22159062122288622
186,3650805.0,0.22059401261565528
187,3650865.0,0.21962536597013807
188,3650925.0,0.21849597664132805
189,3650985.0,0.21727377951611346
190,3651045.0,0.21597755709852576
191,3651105.0,0.21473312071562314
192,3651165.0,0.21351223951799556
193,3651225.0,0.21247268868403227
194,3651285.0,0.21097116588184947
195,3651345.0,0.20938559356352923
196,3651405.0,0.20794517417128774
197,3651465.0,0.20666479608949676
198,3651525.0,0.20532882853197212
199,3651585.0,0.20392977576918656
200,3651645.0,0.20233383822477216
201,3651705.0,0.20057381605957328
202,3651765.0,0.19892478794063864
203,3651825.0,0.1974848476016026
204,3651885.0,0.19606311600006562
205,3651945.0,0.19462898498255812
206,3652005.0,0.1931572512400956
207,3652065.0,0.19159929544941032
208,3652125.0,0.18996791785078918
209,3652185.0,0.18832721362913404
210,3652245.0,0.18666479033209052
211,3652305.0,0.1850347265875101
212,3652365.0,0.18346602918569507
213,3652425.0,0.1819199140061488
214,3652485.0,0.18039738697752164
215,3652545.0,0.17889804973000864
216,3652605.0,0.177411508118574
217,3652665.0,0.17592695050557047
218,3652725.0,0.17443787375735872
219,3652785.0,0.17295558542251024
220,3652845.0,0.17145853548681725
221,3652905.0,0.16994678615376144
222,3652965.0,0.1683971731197327
223,3653025.0,0.16680105449191182
224,3653085.0,0.16514559524642938
225,3653145.0,0.1632455122900641
226,3653205.0,0.16139716587717282
227,3653265.0,0.15974087820696595
228,3653325.0,0.15821352112601653
229,3653385.0,0.15687091170242737
230,3653445.0,0.15545289015482325
231,3653505.0,0.1539814170187104
232,3653565.0,0.152526467928405
233,3653625.0,0.15095956450508155
234,3653685.0,0.14931600460923625
235,3653745.0,0.1476546911099972
236,3653805.0,0.1457348683464866
237,3653865.0,0.14399297315706747
238,3653925.0,0.14236945823402367
239,3653985.0,0.14096926854639522
240,3654045.0,0.1395446826540315
241,3654105.0,0.13812257497267214
242,3654165.0,0.13671640614499006
243,3654225.0,0.13529408194677892
244,3654285.0,0.13387126477791175
245,3654345.0,0.13243537015658194
246,3654405.0,0.13103011201076945
247,3654465.0,0.12965027592361425
248,3654525.0,0.12829237594230267
249,3654588.0,0.12693786085058137
250,3654645.0,0.1255396702591012
251,3654705.0,0.12412658184933792
252,3654765.0,0.1227105476061999
253,3654825.0,0.12126708107769488
254,3654885.0,0.11979433619771337
255,3654945.0,0.11825784734369624
256,3655005.0,0.11676138191594934
257,3655065.0,0.11527367980817607
258,3655125.0,0.11361526623698329
259,3655185.0,0.1122208999541481
260,3655245.0,0.11091649069530266
261,3655305.0,0.10963289110980537
262,3655365.0,0.10836481179626209
263,3655425.0,0.10709114558130603
264,3655485.0,0.10582104528995476
265,3655545.0,0.10451779928618518
266,3655605.0,0.10317168824526399
267,3655665.0,0.10191543659302185
268,3655725.0,0.10054666318489544
269,3655785.0,0.09911201450825927
270,3655845.0,0.09761327008458878
271,3655905.0,0.09607795482608852
272,3655965.0,0.09444924678569136
273,3656025.0,0.09277902950038583
274,3656085.0,0.09114583668540346
275,3656145.0,0.08957866494739083
276,3656205.0,0.08823563250370867
277,3656265.0,0.08675740820412578
278,3656325.0,0.0865983787349455
279,3656385.0,0.0864494593279573
280,3656445.0,0.08628085203493605
281,3656505.0,0.08613690284902872
282,3656565.0,0.08446995563972706
283,3656625.0,0.08278404326367075
284,3656685.0,0.08136046602341865
285,3656745.0,0.08000706600155452
286,3656805.0,0.07861779582284648
287,3656865.0,0.0771764931805842
288,3656925.0,0.07571623216847431
289,3656985.0,0.07426534013130817
290,3657045.0,0.07288647289449399
291,3657105.0,0.07151518830833556
292,3657165.0,0.0701537943759328
293,3657225.0,0.06870290305820495
294,3657285.0,0.06716851213496469
295,3657345.0,0.06543460404951154
296,3657405.0,0.06523208303642655
297,3657465.0,0.06499832953275334
298,3657525.0,0.06474023606986337
299,3657585.0,0.0645118288526241
300,3657645.0,0.06431000473129525
301,3657705.0,0.06309033394033434
302,3657765.0,0.06173977693564567
303,3657825.0,0.06029336006297145
304,3657885.0,0.0589170425044262
305,3657945.0,0.05751121839005202
306,3658005.0,0.05611393915592924
307,3658065.0,0.05471742121809725
308,3658125.0,0.053355840643458136
309,3658185.0,0.05199535581518408
310,3658245.0,0.05060373077129074
311,3658305.0,0.04918004519074562
312,3658365.0,0.04774708129180158
313,3658425.0,0.0475996278962901
314,3658485.0,0.047485810248163535
315,3658545.0,0.047274081236568205
316,3658605.0,0.047202536181044336
317,3658665.0,0.04715225005401852
318,3658728.0,0.04710365380102852
319,3658785.0,0.04701395953431431
320,3658845.0,0.04686552217344095
321,3658905.0,0.046693004874422656
322,3658965.0,0.046528169861869556
323,3659025.0,0.046399043013377606
324,3659085.0,0.04628577198926173
325,3659145.0,0.04619548470181209
326,3659205.0,0.04610591773820821
327,3659265.0,0.046025834625115586
328,3659325.0,0.04596838039792925
329,3659385.0,0.045931410970040415
330,3659445.0,0.045861169106783145
331,3659505.0,0.04579501760323862
332,3659565.0,0.04576195170989342
333,3659625.0,0.04572745753906182
334,3659688.0,0.04568282152328884
335,3659745.0,0.04562879156353819
336,3659805.0,0.04558318040473977
337,3659865.0,0.04555937752370634
338,3659925.0,0.04558032896061856
339,3659985.0,0.04562302249372749
340,3660045.0,0.04566471415785314
341,3660105.0,0.04570746260996686
342,3660165.0,0.045753882986344085
343,3660225.0,0.04567288286607221
344,3660285.0,0.04561789821147194
345,3660345.0,0.0455333125142989
346,3660408.0,0.04543361619773348
347,3660465.0,0.04418919420113018
348,3660525.0,0.04294692514759332
349,3660585.0,0.04159604166723882
350,3660645.0,0.04024467158880163
351,3660705.0,0.03889585589875197
352,3660768.0,0.03757560130521195
353,3660825.0,0.03625321616678359
354,3660885.0,0.03497970652390009
355,3660945.0,0.0336916638440673
356,3661005.0,0.03234399168507676
357,3661065.0,0.03210626705296418
358,3661125.0,0.0319632258532658
359,3661185.0,0.031827933168865646
360,3661245.0,0.031594194361185574
361,3661305.0,0.031167803255289922
362,3661365.0,0.030854305551523686
363,3661428.0,0.030642412275051295
364,3661485.0,0.030456708074441535
365,3661545.0,0.0302818724578644
366,3661605.0,0.030107557410664204
367,3661665.0,0.02989727846137022
368,3661725.0,0.02983732919333304
369,3661785.0,0.029839836154789384
370,3661845.0,0.029865090491495272
371,3661905.0,0.029862143403866698
372,3661965.0,0.02982272178263773
373,3662025.0,0.029764970742675145
374,3662085.0,0.029713751629913382
375,3662145.0,0.029688902555844054
376,3662205.0,0.029702463766515086
377,3662265.0,0.029727132588004995
378,3662325.0,0.0297485092304125
379,3662385.0,0.029748893192317244
380,3662445.0,0.02973916942693572
381,3662505.0,0.029728981996689524
382,3662565.0,0.029717878993530317
383,3662625.0,0.029714232034142696
384,3662685.0,0.029727658725111517
385,3662745.0,0.029648648268080363
386,3662808.0,0.02952770762437182
387,3662865.0,0.02943468577684341
388,3662925.0,0.029392290519140968
389,3662985.0,0.029364715392654506
390,3663045.0,0.029365504256322228
391,3663105.0,0.029391101383225843
392,3663165.0,0.02944011338737182
393,3663225.0,0.029515027024296786
394,3663285.0,0.02961448099475736
395,3663345.0,0.029725311669146076
396,3663405.0,0.02983183937216352
397,3663465.0,0.029910305792920422
398,3663525.0,0.029947950585413552
399,3663585.0,0.0299633891495224
400,3663645.0,0.029971046586929756
401,3663705.0,0.029972386856984223
402,3663765.0,0.02997501047974266
403,3663825.0,0.02997694999705089
404,3663885.0,0.030004298696458015
405,3663945.0,0.030050630093183955
406,3664005.0,0.030107424820485645
407,3664065.0,0.03014017022303883
408,3664125.0,0.030157225659364156
409,3664185.0,0.030155514602724615
410,3664245.0,0.030144081081920043
411,3664305.0,0.030134716071914175
412,3664365.0,0.030122501918521588
413,3664425.0,0.03012310517134828
414,3664488.0,0.03013662372380982
415,3664545.0,0.030159275866291774
416,3664605.0,0.030182787670435807
417,3664668.0,0.03019952528982603
418,3664728.0,0.03021969004525546
419,3664785.0,0.030235077751732037
420,3664845.0,0.03026175893620009
421,3664905.0,0.030300884019881208
422,3664965.0,0.03034343031264694
423,3665025.0,0.0303969165416742
424,3665085.0,0.030457981307879634
425,3665145.0,0.030539823852867493
426,3665205.0,0.03062337379313343
427,3665265.0,0.030693465846515916
428,3665325.0,0.030751828616009363
429,3665385.0,0.0307923232662618
430,3665445.0,0.030827768163691927
431,3665505.0,0.03086142830730851
432,3665565.0,0.030895004158901535
433,3665625.0,0.030921180405904275
434,3665685.0,0.030933867451016173
435,3665745.0,0.030928843182469412
436,3665805.0,0.03090563872810162
437,3665865.0,0.03087045723949075
438,3665925.0,0.03083385541551506
439,3665985.0,0.030803608723221826
440,3666045.0,0.030769929075448038
441,3666105.0,0.03074703403176096
442,3666165.0,0.03072202115809855
443,3666225.0,0.03071172564171623
444,3666285.0,0.03070982348288845
445,3666345.0,0.030708200532581803
446,3666405.0,0.030720126417723315
447,3666465.0,0.03073729944793202
448,3666525.0,0.030763930169420167
449,3666585.0,0.030794988259751993
450,3666645.0,0.030828816444734924
451,3666705.0,0.030863711808547106
452,3666765.0,0.03089273447716223
453,3666825.0,0.03091651166630499
454,3666885.0,0.030951491260149594
455,3666945.0,0.030998035293813758
456,3667005.0,0.031033765307878575
457,3667065.0,0.03105440115958133
458,3667125.0,0.03106328563528754
459,3667185.0,0.031055881437880323
460,3667245.0,0.031041916752190285
461,3667305.0,0.031015117328913683
462,3667365.0,0.030983916805019412
463,3667425.0,0.03094761119508771
464,3667485.0,0.030903537476438953
465,3667545.0,0.03084754643736884
466,3667605.0,0.030803782963078286
467,3667665.0,0.03079352843820568
468,3667725.0,0.030796889229060848
469,3667785.0,0.030822301742339797
470,3667845.0,0.030859295915924845
471,3667905.0,0.03089838845461726
472,3667965.0,0.030942202037483185
473,3668025.0,0.030992077967341214
474,3668085.0,0.03100926542399643
475,3668145.0,0.031008964173534187
476,3668205.0,0.030994833739831557
477,3668265.0,0.03097954517068985
478,3668325.0,0.030982685961485873
479,3668385.0,0.030994800268009326
480,3668445.0,0.031014751163672444
481,3668505.0,0.031043592618958143
482,3668565.0,0.031065644868982417
483,3668625.0,0.031081421169524726
484,3668685.0,0.031078890688626293
485,3668745.0,0.03106121098516365
486,3668805.0,0.031058624405685603
487,3668865.0,0.031060914931423045
488,3668928.0,0.03105083209341364
489,3668985.0,0.03103524403241345
490,3669048.0,0.031031779356208683
491,3669105.0,0.031055900454474955
492,3669165.0,0.031086541010059227
493,3669225.0,0.031085806676909522
494,3669285.0,0.03104143350912747
495,3669345.0,0.030979071403359426
496,3669405.0,0.030910110600522428
497,3669465.0,0.030856172247173186
498,3669525.0,0.0307999910010891
499,3669585.0,0.030737505951989708
500,3669645.0,0.030696585558166872
501,3669705.0,0.030665454783362744
502,3669765.0,0.03064379162304673
503,3669825.0,0.030631005474847733
504,3669885.0,0.030623197899781046
505,3669945.0,0.030614807038688907
506,3670005.0,0.03062474679898014
507,3670065.0,0.030648155316070402
508,3670125.0,0.03068152017405007
509,3670185.0,0.03071861757886135
510,3670245.0,0.030772178036358483
511,3670305.0,0.030837314113178804
512,3670365.0,0.03090760319097338
513,3670425.0,0.030979322821158978
514,3670485.0,0.031049285311859437
515,3670545.0,0.031122010824577412
516,3670605.0,0.031187650247622878
517,3670665.0,0.03124603226388667
518,3670725.0,0.03127515957848076
519,3670785.0,0.0312911845810627
520,3670845.0,0.03128452898540268
521,3670905.0,0.03125929581400336
522,3670965.0,0.03121304467963587
523,3671025.0,0.031165796333272017
524,3671085.0,0.03113604203538639
525,3671145.0,0.031139293325895184
526,3671205.0,0.03116202163992629
527,3671265.0,0.031189337887364194
528,3671325.0,0.031225862546122946
529,3671385.0,0.031260467968219796
530,3671445.0,0.031297311835060376
531,3671505.0,0.03132689716169887
532,3671565.0,0.03134847505149016
533,3671625.0,0.031376723250742616
534,3671685.0,0.031391760077143255
535,3671745.0,0.03140730902913433
536,3671805.0,0.03142829126976354
537,3671865.0,0.031440106594952666
538,3671925.0,0.03144514621530001
539,3671985.0,0.031434223247954
540,3672045.0,0.031414210191554465
541,3672105.0,0.031381784774776184
542,3672165.0,0.031344368047554305
543,3672225.0,0.031304865727625614
544,3672285.0,0.03127051604261208
545,3672345.0,0.031241737151235793
546,3672405.0,0.031223823826646263
547,3672465.0,0.03120700670360846
548,3672525.0,0.031193246057565793
549,3672585.0,0.031186576799628524
550,3672645.0,0.03118755938312276
551,3672705.0,0.031189220488637537
552,3672765.0,0.03120048846903592
553,3672825.0,0.03121846332540487
554,3672885.0,0.03123723653803273
555,3672945.0,0.031251181778907705
556,3673005.0,0.03126079084689848
557,3673065.0,0.031273305984535954
558,3673125.0,0.031293558802964694
559,3673185.0,0.031331226277064805
560,3673245.0,0.031380242110539996
561,3673305.0,0.031434295416031544
562,3673365.0,0.03148304646917596
563,3673425.0,0.03153806248619126
564,3673485.0,0.03158516706710865
565,3673545.0,0.03162828304333937
566,3673605.0,0.031670614413581655
567,3673665.0,0.03171167832743679
568,3673725.0,0.03175631907468021
569,3673785.0,0.03179979501042815
570,3673845.0,0.0318332124108808
571,3673905.0,0.031858289286074204
572,3673965.0,0.03185992036726987
573,3674025.0,0.031835091730888804
574,3674085.0,0.03178759078370355
575,3674145.0,0.0317229926905121
576,3674205.0,0.031646394107511355
577,3674265.0,0.031591369196015434
578,3674325.0,0.03155708655608916
579,3674385.0,0.03153619295203311
580,3674445.0,0.03152390970760516
581,3674505.0,0.03151485021623099
582,3674565.0,0.03150587594020232
583,3674625.0,0.0314976354345001
584,3674685.0,0.03148963242910255
585,3674745.0,0.03149606835239216
586,3674805.0,0.031511055680734146
587,3674865.0,0.03156330078783651
588,3674925.0,0.03160881534298399
589,3674985.0,0.03164872104513919
590,3675045.0,0.03167622616368346
591,3675105.0,0.03168452295754129
592,3675165.0,0.0316931426184546
593,3675225.0,0.03169781997361548
594,3675285.0,0.03170151489654302
595,3675345.0,0.031708207093497504
596,3675405.0,0.03171660131944659
597,3675465.0,0.03172524216443112
598,3675525.0,0.03173243765399078
599,3675585.0,0.03173648674219645
600,3675645.0,0.0317270518024719
601,3675705.0,0.03170171272731759
602,3675765.0,0.03167217395027813
603,3675825.0,0.031638500274397435
604,3675885.0,0.03159998892270979
605,3675945.0,0.03154048804216264
606,3676008.0,0.03147733396379987
607,3676065.0,0.03141815051469157
608,3676125.0,0.03135165618521654
609,3676185.0,0.03129671104608492
610,3676245.0,0.03125290015757495
611,3676305.0,0.031221383030980765
612,3676365.0,0.031186963592578193
613,3676425.0,0.031167377296459547
614,3676485.0,0.031171020564510515
615,3676545.0,0.031195321250014646
616,3676605.0,0.031231467998782708
617,3676665.0,0.03125496263471769
618,3676725.0,0.031265628619453006
619,3676785.0,0.03127097875708354
620,3676845.0,0.031282147775029884
621,3676905.0,0.031285210141950626
622,3676965.0,0.031286624460598156
623,3677025.0,0.03128560208716985
624,3677085.0,0.03129316503257479
625,3677145.0,0.03130618893650847
626,3677205.0,0.03133252409111659
627,3677265.0,0.03135666355176697
628,3677325.0,0.031413070732154796
629,3677385.0,0.03139167312264618
630,3677445.0,0.03129849862590767
631,3677505.0,0.031222250503077614
632,3677565.0,0.03116793959768599
633,3677625.0,0.03113211719754344
634,3677685.0,0.031129149926801575
635,3677745.0,0.03114958943012014
636,3677805.0,0.03119086743279942
637,3677865.0,0.031246486236119086
638,3677925.0,0.03127869982787154
639,3677985.0,0.031275584280641505
640,3678045.0,0.03125490190302321
641,3678105.0,0.03122965944415626
642,3678165.0,0.031198690173763977
643,3678225.0,0.031161001875231714
644,3678285.0,0.031129441277494424
645,3678345.0,0.031096900649164122
646,3678405.0,0.031115820946769707
647,3678465.0,0.031160778407993528
648,3678525.0,0.031083288828843036
649,3678585.0,0.030964402610438424
650,3678645.0,0.030839878196078196
651,3678705.0,0.03072434605879623
652,3678765.0,0.030615698686079912
653,3678825.0,0.030555008392389532
654,3678885.0,0.03055376462573478
655,3678945.0,0.030522032733872967
656,3679005.0,0.03046572641137349
657,3679065.0,0.03043518886981586
658,3679125.0,0.03041355296071832
659,3679185.0,0.030378048115484307
660,3679248.0,0.030355869985393857
661,3679305.0,0.03035843238164146
662,3679365.0,0.03039442221718852
663,3679425.0,0.03045146287750425
664,3679485.0,0.03053331023053532
665,3679545.0,0.030635765944491272
666,3679605.0,0.03070452250708472
667,3679665.0,0.030734772951778733
668,3679725.0,0.030727188570877834
669,3679785.0,0.030693734681231905
670,3679845.0,0.03063321115325615
671,3679905.0,0.03053712254290858
672,3679965.0,0.030426349226202104
673,3680025.0,0.030333360443601604
674,3680085.0,0.030293721844167176
675,3680145.0,0.030271803757931176
676,3680205.0,0.030264317946393532
677,3680265.0,0.030273835232964674
678,3680325.0,0.03029488870905711
679,3680385.0,0.030334895508390608
680,3680445.0,0.03037911527854087
681,3680505.0,0.030426188291121592
682,3680565.0,0.030475468219433755
683,3680625.0,0.030520335688650785
684,3680685.0,0.030565432004511034
685,3680745.0,0.030612344199184266
686,3680805.0,0.030661207718201244
687,3680865.0,0.030728695674746093
688,3680925.0,0.030777569773844576
689,3680985.0,0.03073316709247173
690,3681045.0,0.030644312452472677
691,3681105.0,0.03054754796351622
692,3681165.0,0.030469464726005174
693,3681225.0,0.03042183865618034
694,3681285.0,0.030405185487037384
695,3681345.0,0.030416809848095555
696,3681405.0,0.03044419870480994
697,3681465.0,0.030463568144985936
698,3681525.0,0.030482353094448855
699,3681585.0,0.030494149071862403
700,3681645.0,0.030506877494374862
701,3681705.0,0.030520258296191677
702,3681765.0,0.030542076463889095
703,3681825.0,0.03056237625316746
704,3681885.0,0.03058640907213872
705,3681945.0,0.030572528867474774
706,3682005.0,0.030546832948839447
707,3682065.0,0.030530058286699274
708,3682125.0,0.03051758892408743
709,3682185.0,0.030499490891075648
710,3682245.0,0.03055872742790114
711,3682305.0,0.030595083013902624
712,3682365.0,0.0305968529498587
713,3682425.0,0.030681831816921246
714,3682485.0,0.030631537562063355
715,3682545.0,0.03057523729043085
716,3682608.0,0.030534916293250863
717,3682668.0,0.030523193139041976
718,3682725.0,0.030537639482789702
719,3682785.0,0.03058978216791297
720,3682845.0,0.03073670166532036
721,3682905.0,0.030943819032858894
722,3682965.0,0.030963992726948525
723,3683025.0,0.030884898285056306
724,3683085.0,0.030798565465615407
725,3683145.0,0.030727603984907564
726,3683205.0,0.03071488617000223
727,3683265.0,0.030706061263960277
728,3683325.0,0.0306627858448362
729,3683385.0,0.030636002593552175
730,3683445.0,0.030620316900302563
731,3683505.0,0.030615373614533425
732,3683565.0,0.03061401989138199
733,3683625.0,0.030608964231366442
734,3683685.0,0.03060435856641977
735,3683745.0,0.03060440672012346
736,3683805.0,0.030641761913452692
737,3683865.0,0.030760654068829746
738,3683925.0,0.030780100277153694
739,3683985.0,0.030721901314262362
740,3684045.0,0.030633252683592987
741,3684105.0,0.030569151540395773
742,3684165.0,0.030576359724324792
743,3684225.0,0.030605732448061418
744,3684288.0,0.030647647431214425
745,3684345.0,0.03063959677885933
746,3684405.0,0.030622389401645078
747,3684465.0,0.030592020365282385
748,3684525.0,0.030551578178079963
749,3684585.0,0.03052698890904701
750,3684645.0,0.030508078851849585
751,3684705.0,0.030520481908987623
752,3684765.0,0.030527438889736608
753,3684825.0,0.030497093270905107
754,3684885.0,0.03048351451092432
755,3684945.0,0.03048999738993588
756,3685005.0,0.03050785752802168
757,3685065.0,0.030518544882538717
758,3685125.0,0.03053113262672405
759,3685185.0,0.030552778396028185
760,3685245.0,0.030569417987607178
761,3685305.0,0.030584614311498698
762,3685365.0,0.0306292808980817
763,3685425.0,0.03061669626130717
764,3685485.0,0.030704598942191935
765,3685545.0,0.030803421337346898
766,3685605.0,0.030867256458002035
767,3685665.0,0.03083592502412391
768,3685725.0,0.030785413860890315
769,3685785.0,0.030767892104791777
770,3685845.0,0.030793211771379253
771,3685905.0,0.030874616859427773
772,3685965.0,0.031086053116007623
773,3686025.0,0.031363468006166934
774,3686085.0,0.03161652054533587
775,3686145.0,0.03185764091228907
776,3686205.0,0.032088505959981195
777,3686265.0,0.03230669982451456
778,3686325.0,0.03246569803498536
779,3686385.0,0.03258668575783763
780,3686445.0,0.0326791242719737
781,3686505.0,0.03274938477706643
782,3686565.0,0.032819170241218526
783,3686625.0,0.032881415398913844
784,3686685.0,0.032949938297499065
785,3686745.0,0.03306012519399423
786,3686805.0,0.033092338054922815
787,3686865.0,0.03309637035880933
788,3686925.0,0.033098624452969905
789,3686988.0,0.033131674468280525
790,3687045.0,0.033180479163046867
791,3687105.0,0.03325450565135976
792,3687165.0,0.033375566412816776
793,3687225.0,0.033575928018403506
794,3687285.0,0.033961141978303855
795,3687345.0,0.0341631705167276
796,3687405.0,0.03429677906777687
797,3687465.0,0.03441966172655944
798,3687525.0,0.03564875693141492
799,3687585.0,0.03693961594433395
800,3687645.0,0.03816347075110793
801,3687705.0,0.0393229064228503
802,3687765.0,0.03952856893336462
803,3687825.0,0.03963043432499533
804,3687885.0,0.039743256597230436
805,3687945.0,0.039929798907479996
806,3688005.0,0.0402444261769255
807,3688065.0,0.0421908045133815
808,3688125.0,0.04390647661287875
809,3688185.0,0.045277089990285624
810,3688245.0,0.04649757943723956
811,3688305.0,0.04774176138891992
812,3688365.0,0.04899431043717614
813,3688425.0,0.05026249433138655
814,3688485.0,0.05156084325693408
815,3688548.0,0.05276104256022357
816,3688605.0,0.05399700134066196
817,3688665.0,0.05528908222226986
818,3688725.0,0.05664800373310666
819,3688785.0,0.0581127025864184
820,3688845.0,0.05962929698176536
821,3688905.0,0.061363069577198975
822,3688965.0,0.06346429553455393
823,3689025.0,0.06532679704493147
824,3689085.0,0.06675927291440079
825,3689145.0,0.06820464640608279
826,3689205.0,0.06968020729752009
827,3689265.0,0.07117185958769243
828,3689325.0,0.07274294230010128
829,3689385.0,0.07434205271699731
830,3689445.0,0.07596814425687895
831,3689505.0,0.07758335589677604
832,3689565.0,0.07920877070698937
833,3689625.0,0.08079324859546042
834,3689685.0,0.0823819469049192
835,3689745.0,0.08409804801563472
836,3689805.0,0.08586746408803111
837,3689868.0,0.08764977307408259
838,3689925.0,0.08940256427957635
839,3689985.0,0.09123531982100644
840,3690045.0,0.09308863687308386
841,3690105.0,0.09481326468314247
842,3690165.0,0.09654320272934783
843,3690225.0,0.09825729602445063
844,3690285.0,0.09998906832705315
845,3690345.0,0.101748241732707
846,3690405.0,0.1034946115828658
847,3690465.0,0.10526991582647674
848,3690525.0,0.10705602372401404
849,3690585.0,0.10877583455333181
850,3690645.0,0.11046316333336773
851,3690705.0,0.11211812405551516
852,3690765.0,0.1137650714639448
853,3690825.0,0.11536771301159884
854,3690885.0,0.11698297871304716
855,3690945.0,0.11865153431427325
856,3691005.0,0.12072387303487833
857,3691065.0,0.12261105660324603
858,3691125.0,0.12432224329848349
859,3691185.0,0.12582282691677352
860,3691245.0,0.12737885918021538
861,3691305.0,0.12904325688831067
862,3691365.0,0.13076497189471328
863,3691425.0,0.13233544910507314
864,3691488.0,0.1340149586471637
865,3691545.0,0.13568290777382228
866,3691605.0,0.13735522357503602
867,3691665.0,0.1390399007706831
868,3691725.0,0.14075762397432054
869,3691785.0,0.14258787536945886
870,3691845.0,0.1445151350647336
871,3691905.0,0.1466824391170867
872,3691965.0,0.14869197711281776
873,3692025.0,0.15060999271273065
874,3692085.0,0.15228459375249784
875,3692145.0,0.1536714172274131
876,3692205.0,0.1550899283287457
877,3692265.0,0.1566537221556575
878,3692325.0,0.15829516693200577
879,3692385.0,0.15993982268195808
880,3692445.0,0.16138478469073922
881,3692505.0,0.16291219356414824
882,3692565.0,0.16455444098685998
883,3692625.0,0.16627697176053705
884,3692685.0,0.16823369135437963
885,3692745.0,0.17020935876939927
886,3692805.0,0.1716345621976398
887,3692865.0,0.17302734364175745
888,3692925.0,0.17459325189983924
889,3692985.0,0.17630618729040373
890,3693045.0,0.17798143172082484
891,3693105.0,0.17975035388803026
892,3693165.0,0.1815592361930818
893,3693225.0,0.18332013108293885
894,3693285.0,0.1851902634402989
895,3693345.0,0.18703329542694705
896,3693405.0,0.18907261458958893
897,3693465.0,0.19215582601396544
898,3693525.0,0.194546369827267
899,3693585.0,0.19638660825096368
900,3693645.0,0.1980507632142601
901,3693705.0,0.19970482526132385
902,3693765.0,0.20165252449414475
903,3693825.0,0.203717308476313
904,3693885.0,0.20565488162104775
905,3693945.0,0.20776047866699923
906,3694005.0,0.2098825693984048
907,3694065.0,0.21210720426612398
908,3694125.0,0.21454087381803658
909,3694185.0,0.21683975201159175
910,3694245.0,0.2190305635965755
911,3694305.0,0.22117768635269466
912,3694365.0,0.22279806427499152
913,3694428.0,0.2242390628882108
914,3694485.0,0.22565340637896195
915,3694545.0,0.2270210090444105
916,3694605.0,0.22839408129223318
917,3694665.0,0.22977779131879886
918,3694725.0,0.23178395165568025
919,3694785.0,0.2338507878945453
920,3694845.0,0.23573840330607956
921,3694905.0,0.2376336090239776
922,3694965.0,0.23936164519530548
923,3695025.0,0.24132334706386763
924,3695085.0,0.24353310510844892
925,3695145.0,0.2457886732385969
926,3695205.0,0.24740656916329565
927,3695265.0,0.24891621265509314
928,3695325.0,0.2504999757804627
929,3695385.0,0.25212217309317686
930,3695445.0,0.25366915589754935
931,3695505.0,0.2551953465245833
932,3695565.0,0.2566945346426015
933,3695625.0,0.2581790247478739
934,3695685.0,0.25967633716018335
935,3695745.0,0.2622119532575595
936,3695805.0,0.2645182677926521
937,3695865.0,0.26641965387639144
938,3695925.0,0.2682712972596274
939,3695985.0,0.26986527167875207
940,3696045.0,0.2715424654820403
941,3696105.0,0.2734823347637464
942,3696165.0,0.2757310363436637
943,3696225.0,0.2779970471898541
944,3696285.0,0.2800017868343493
945,3696345.0,0.2818703356860627
946,3696405.0,0.28369891595871255
947,3696465.0,0.28566819489595996
948,3696525.0,0.2877115408565525
949,3696585.0,0.28980018756325876
950,3696645.0,0.29188446342493113
951,3696705.0,0.293766850091427
952,3696765.0,0.2955642049671886
953,3696825.0,0.29729705039059295
954,3696885.0,0.2990630849994117
955,3696945.0,0.30082858761404185
956,3697005.0,0.30257203828505974
957,3697065.0,0.3043407561962411
958,3697125.0,0.3062272191916776
959,3697185.0,0.30819295109220013
960,3697245.0,0.3101206066663641
961,3697305.0,0.31208163199270667
962,3697365.0,0.31403927471671533
963,3697425.0,0.31596694229376543
964,3697485.0,0.317858072840176
965,3697545.0,0.3197627986564525
966,3697605.0,0.3217675212512857
967,3697665.0,0.3237811999150072
968,3697725.0,0.32578186831740574
969,3697785.0,0.3277021985490943
970,3697845.0,0.32973308302299176
971,3697905.0,0.331664909067763
972,3697965.0,0.333641575474413
973,3698025.0,0.335510039232903
974,3698085.0,0.33709345115440137
975,3698145.0,0.33875906978712467
976,3698205.0,0.3405488212552169
977,3698265.0,0.34241801727444
978,3698325.0,0.3432229575410154
979,3698385.0,0.34392030601655554
980,3698445.0,0.3447363273440912
981,3698505.0,0.3455666900466273
982,3698565.0,0.3473956837427582
983,3698625.0,0.3493169996995492
984,3698685.0,0.3512516814328486
985,3698745.0,0.35320564459498616
986,3698805.0,0.35502018694857596
987,3698865.0,0.35509920554833796
988,3698925.0,0.3554101300447058
989,3698985.0,0.35614678386905574
990,3699045.0,0.3570707733594357
991,3699105.0,0.35803513857981517
992,3699165.0,0.35898663250661655
993,3699225.0,0.35993840783908715
994,3699285.0,0.3608090578866222
995,3699345.0,0.3618107153139637
996,3699405.0,0.36278331816255316
997,3699465.0,0.3636883653853954
998,3699525.0,0.3644992476910046
999,3699585.0,0.3652704004704459
1000,3699645.0,0.36614059276904676
1001,3699708.0,0.36683842170793846
1002,3699765.0,0.367047619261735
1003,3699825.0,0.3674761747807743
1004,3699885.0,0.36835854789362477
1005,3699945.0,0.36921257648711714
1006,3700005.0,0.37065515214932687
1007,3700065.0,0.3723595325101857
1008,3700125.0,0.3734222947054776
1009,3700185.0,0.3741576985412399
1010,3700245.0,0.37462292599564706
1011,3700305.0,0.37615640797820393
1012,3700365.0,0.37785690169072583
1013,3700425.0,0.37966761485159084
1014,3700485.0,0.38142761023863037
1015,3700545.0,0.3831304809512376
1016,3700605.0,0.38484953659810284
1017,3700665.0,0.38657135716508484
1018,3700725.0,0.3881939445742908
1019,3700785.0,0.3896958697467877
1020,3700845.0,0.3911941327323407
1021,3700905.0,0.39280342445558836
1022,3700965.0,0.39438501446685825
1023,3701025.0,0.3960150884932111
1024,3701085.0,0.3976293634750018
1025,3701145.0,0.3992785426028381
1026,3701205.0,0.4008710308640261
1027,3701265.0,0.40237840027906213
1028,3701328.0,0.40388040079141196
1029,3701385.0,0.40547468420312727
1030,3701445.0,0.4071338186954133
1031,3701505.0,0.40876904559188676
1032,3701565.0,0.40978125110164865
1033,3701625.0,0.41094123283785
1034,3701685.0,0.41211277902654164
1035,3701748.0,0.4124516785526521
1036,3701805.0,0.41225084051853067
1037,3701865.0,0.41177278244284066
1038,3701925.0,0.4114154351181226
1039,3701985.0,0.4112764589193405
1040,3702045.0,0.41111706185459485
1041,3702105.0,0.41088402387056744
1042,3702165.0,0.4105530651221355
1043,3702228.0,0.4106199037161211
1044,3702285.0,0.41076823288160025
1045,3702345.0,0.41090023228063977
1046,3702405.0,0.41122329632167776
1047,3702465.0,0.4116042082903264
1048,3702525.0,0.4120819529224615
1049,3702585.0,0.41256729851455776
1050,3702645.0,0.41302874918861276
1051,3702705.0,0.4132059419283799
1052,3702765.0,0.4134766989906139
1053,3702825.0,0.413692253426854
1054,3702885.0,0.414129822915254
1055,3702945.0,0.41494807278648593
1056,3703005.0,0.41574362238120843
1057,3703065.0,0.41639721672718866
1058,3703125.0,0.4169719178477175
1059,3703185.0,0.4174942238654681
1060,3703245.0,0.41824826175363483
1061,3703305.0,0.4188489346537464
1062,3703365.0,0.4206242953908813
1063,3703425.0,0.4209891928895598
1064,3703485.0,0.42110740406681735
1065,3703545.0,0.4218619675132814
1066,3703605.0,0.4229213454827806
1067,3703665.0,0.4243928347770437
1068,3703725.0,0.42591277103360914
1069,3703785.0,0.4271641783215737
1070,3703848.0,0.42856934589246853
1071,3703905.0,0.4302587393958398
1072,3703965.0,0.43192669170715714
1073,3704025.0,0.43363202765779996
1074,3704085.0,0.4355215862351225
1075,3704145.0,0.43731397535654914
1076,3704205.0,0.4389454687877882
1077,3704265.0,0.43941637642677933
1078,3704325.0,0.44042486970288197
1079,3704385.0,0.4419112728764648
1080,3704445.0,0.4433783842184714
1081,3704505.0,0.44485022108137895
1082,3704565.0,0.446216206006136
1083,3704625.0,0.44754522088072124
1084,3704685.0,0.44903363214942404
1085,3704745.0,0.45028825308518483
1086,3704805.0,0.45149814827963264
1087,3704865.0,0.4527015698542908
1088,3704925.0,0.45303853686079354
1089,3704985.0,0.453432458681989
1090,3705045.0,0.4539960664770136
1091,3705105.0,0.4546214667883993
1092,3705165.0,0.45578541058152444
1093,3705225.0,0.4569326555161821
1094,3705285.0,0.457904802093713
1095,3705345.0,0.4584481734166551
1096,3705405.0,0.4589489276707056
1097,3705465.0,0.4588218953221367
1098,3705525.0,0.4581428894450613
1099,3705585.0,0.4575789236017781
1100,3705645.0,0.45757803274331044
1101,3705705.0,0.45715940186638593
1102,3705765.0,0.45670383580899776
1103,3705825.0,0.45582856832076957
1104,3705885.0,0.45512358003687525
1105,3705945.0,0.4546923839616195
1106,3706005.0,0.45508088210878084
1107,3706065.0,0.4558180960558613
1108,3706125.0,0.4567047387585037
1109,3706185.0,0.45749082470240554
1110,3706245.0,0.458224140745788
1111,3706305.0,0.45890926826806255
1112,3706365.0,0.4600790696619681
1113,3706425.0,0.461495893364527
1114,3706485.0,0.462867400732227
1115,3706545.0,0.4631929633539913
1116,3706605.0,0.4637491733183777
1117,3706665.0,0.46465834979228526
1118,3706725.0,0.4656899948637452
1119,3706785.0,0.467047702492433
1120,3706845.0,0.4684209857084589
1121,3706905.0,0.4694491866052063
1122,3706965.0,0.47010036892380924
1123,3707028.0,0.4708196611637313
1124,3707085.0,0.4717756692983842
1125,3707145.0,0.4731676518118021
1126,3707205.0,0.47484998227575126
1127,3707268.0,0.47628738328065534
1128,3707325.0,0.4774596162112945
1129,3707385.0,0.4785670430283907
1130,3707445.0,0.47956750015009075
1131,3707505.0,0.48098194392463334
1132,3707565.0,0.4826051024898782
1133,3707625.0,0.4841829282927207
1134,3707685.0,0.4857297337020461
1135,3707745.0,0.48734153116406953
1136,3707805.0,0.4889840435317384
1137,3707865.0,0.48982402473582065
1138,3707925.0,0.4905348073748025
1139,3707985.0,0.49118973868370686
1140,3708045.0,0.49191246678451506
1141,3708105.0,0.4925496629768963
1142,3708165.0,0.49312618335974145
1143,3708225.0,0.4936978064284452
1144,3708285.0,0.494411045387002
1145,3708345.0,0.4951113755740172
1146,3708405.0,0.4958878224943638
1147,3708465.0,0.4966630637863677
1148,3708525.0,0.4974578077259163
1149,3708585.0,0.49831484037354734
1150,3708645.0,0.499036087771081
1151,3708705.0,0.49984931289047096
1152,3708765.0,0.5006060488418022
1153,3708825.0,0.5019920084000282
1154,3708885.0,0.5032784378400297
1155,3708945.0,0.5040518686993799
1156,3709005.0,0.5046527791173813
1157,3709065.0,0.5051179464759489
1158,3709125.0,0.5058101492568773
1159,3709185.0,0.5066991940282742
1160,3709245.0,0.5076967141818731
1161,3709305.0,0.508852659961457
1162,3709365.0,0.5099499620133214
1163,3709425.0,0.5110982005735628
1164,3709485.0,0.5121658237026779
1165,3709545.0,0.5130776942242253
1166,3709605.0,0.5138056946593559
1167,3709665.0,0.5146319888141397
1168,3709725.0,0.515404500819894
1169,3709785.0,0.516102359664122
1170,3709845.0,0.5167943988305888
1171,3709905.0,0.5174248319702958
1172,3709965.0,0.5181207954575348
1173,3710025.0,0.5187785672403166
1174,3710085.0,0.5194569609441296
1175,3710145.0,0.520128549243242
1176,3710205.0,0.5208671878619177
1177,3710265.0,0.5216080940132244
1178,3710325.0,0.5223945753733562
1179,3710385.0,0.5231588209408967
1180,3710445.0,0.5238239363830196
1181,3710505.0,0.5244164113820943
1182,3710565.0,0.5251129344215145
1183,3710625.0,0.5257311531545993
1184,3710685.0,0.5262487011579825
1185,3710745.0,0.5284863910020948
1186,3710805.0,0.5280414069120086
1187,3710865.0,0.5273616681133755
1188,3710925.0,0.5274971143487949
1189,3710985.0,0.5281901547316666
1190,3711045.0,0.5293635282780639
1191,3711105.0,0.5295327204417225
1192,3711165.0,0.5294422040927026
1193,3711225.0,0.5291835587713248
1194,3711285.0,0.5288525068245272
1195,3711345.0,0.5284650653601067
1196,3711405.0,0.5279132340482232
1197,3711465.0,0.5272735872452866
1198,3711525.0,0.5267047843966205
1199,3711585.0,0.5261730919603683
1200,3711645.0,0.5268073726190594
1201,3711705.0,0.5258409921936967
1202,3711765.0,0.5249846920250901
1203,3711825.0,0.5235511573278071
1204,3711885.0,0.521617197705765
1205,3711945.0,0.5193585533397672
1206,3712005.0,0.5172230875080018
1207,3712065.0,0.5151463000006392
1208,3712125.0,0.513120599291169
1209,3712188.0,0.5111957641673689
1210,3712245.0,0.5092049023587315
1211,3712305.0,0.5072872732462871
1212,3712365.0,0.5057318235016797
1213,3712425.0,0.5042656094134653
1214,3712485.0,0.5035612238753929
1215,3712545.0,0.5040025785593639
1216,3712605.0,0.5044794493011159
1217,3712665.0,0.5050101297847588
1218,3712725.0,0.5056081612130751
1219,3712785.0,0.5062777404863373
1220,3712845.0,0.5069780052747389
1221,3712905.0,0.5077285330896839
1222,3712965.0,0.5081728725463167
1223,3713025.0,0.5084980387007068
1224,3713085.0,0.5087605509909191
1225,3713145.0,0.5093969172958711
1226,3713205.0,0.5097996550062339
1227,3713265.0,0.5101008003456712
1228,3713325.0,0.5102636088971572
1229,3713385.0,0.5100900333138055
1230,3713445.0,0.5105633042713086
1231,3713505.0,0.5110280481909583
1232,3713565.0,0.5113432103296949
1233,3713625.0,0.5115112335681881
1234,3713685.0,0.5118546921575781
1235,3713745.0,0.5124569572749059
1236,3713805.0,0.5139458160990907
1237,3713865.0,0.5147774407821597
1238,3713925.0,0.515373536236675
1239,3713985.0,0.5159558385479409
1240,3714045.0,0.5165501099820231
1241,3714105.0,0.5171427036446895
1242,3714165.0,0.5164584252696353
1243,3714225.0,0.5171221200193888
1244,3714285.0,0.5178217507222883
1245,3714345.0,0.5179896093002291
1246,3714405.0,0.5185138684239651
1247,3714465.0,0.5188099303256185
1248,3714525.0,0.5191567990670651
1249,3714585.0,0.519344602973293
1250,3714645.0,0.5191675482719004
1251,3714708.0,0.5182703997950391
1252,3714765.0,0.5175633026328971
1253,3714825.0,0.5166989138042772
1254,3714885.0,0.51565041436384
1255,3714945.0,0.515478812205417
1256,3715005.0,0.5154796470570261
1257,3715065.0,0.5156950577397252
1258,3715125.0,0.5152588174934157
1259,3715185.0,0.5149330237290232
1260,3715245.0,0.5146082567739199
1261,3715305.0,0.513989896629728
1262,3715365.0,0.5132190879679464
1263,3715425.0,0.512497486836461
1264,3715485.0,0.51182830073977
1265,3715545.0,0.5109598912884509
1266,3715605.0,0.5101923305530236
1267,3715665.0,0.5094362531034667
1268,3715725.0,0.5094257368224163
1269,3715785.0,0.510089277739604
1270,3715845.0,0.5108315123001106
1271,3715905.0,0.5107107297472296
1272,3715965.0,0.5098270225263682
1273,3716025.0,0.5090677625329173
1274,3716085.0,0.5084864801786726
1275,3716145.0,0.5079015143270841
1276,3716205.0,0.5072335281675483
1277,3716265.0,0.5072053540310054
1278,3716325.0,0.507271613717381
1279,3716385.0,0.5072730828889035
1280,3716445.0,0.5069963426800285
1281,3716505.0,0.5071850078931056
1282,3716565.0,0.507618812848528
1283,3716625.0,0.5080938974274515
1284,3716685.0,0.5090036553737268
1285,3716745.0,0.5094609782276339
1286,3716805.0,0.5095659189716444
1287,3716865.0,0.5091619749635836
1288,3716925.0,0.5086618595849723
1289,3716985.0,0.5083165929821286
1290,3717045.0,0.5082154934424449
1291,3717105.0,0.5080497870571962
1292,3717165.0,0.5075723951875252
1293,3717225.0,0.5069669317213447
1294,3717285.0,0.5064663849218191
1295,3717345.0,0.5063397046496978
1296,3717405.0,0.5060342414846731
1297,3717465.0,0.5058126602404108
1298,3717525.0,0.5055961200379616
1299,3717585.0,0.5053556095758104
1300,3717645.0,0.5050917800071603
1301,3717705.0,0.5049342519365602
1302,3717765.0,0.5048481497882803
1303,3717825.0,0.5047949597716342
1304,3717885.0,0.5047099575015263
1305,3717945.0,0.5043796475084917
1306,3718005.0,0.5041032367739643
1307,3718065.0,0.5039415990221788
1308,3718125.0,0.5038035490022056
1309,3718185.0,0.5033547834678499
1310,3718245.0,0.5031306027234675
1311,3718305.0,0.5027022460122372
1312,3718365.0,0.5019723606025549
1313,3718425.0,0.5012193371182666
1314,3718485.0,0.5002982082508113
1315,3718545.0,0.49945381742729567
1316,3718605.0,0.49835816933634414
1317,3718665.0,0.49770505414017285
1318,3718725.0,0.4963230956255321
1319,3718785.0,0.49490884457429707
1320,3718845.0,0.49362399569045434
1321,3718905.0,0.4923842463046477
1322,3718965.0,0.49118799518467693
1323,3719025.0,0.4900935433371536
1324,3719085.0,0.488587350205138
1325,3719145.0,0.48685259371323963
1326,3719205.0,0.4849581753772235
1327,3719265.0,0.48315173633102815
1328,3719325.0,0.48152401495939035
1329,3719385.0,0.48013847167735146
1330,3719445.0,0.4791672136040579
1331,3719505.0,0.4781415995578432
1332,3719565.0,0.4767432556886352
1333,3719625.0,0.4751227516331261
1334,3719685.0,0.4737651215196058
1335,3719745.0,0.47303286255292576
1336,3719805.0,0.4725011237497576
1337,3719865.0,0.47214125426993536
1338,3719925.0,0.4718855417266984
1339,3719985.0,0.4713920404114239
1340,3720045.0,0.47063225228107364
1341,3720105.0,0.4694797385373334
1342,3720165.0,0.46845429663974125
1343,3720225.0,0.4675295196297662
1344,3720285.0,0.4665430173644368
1345,3720345.0,0.4657678755636635
1346,3720405.0,0.4652990140266342
1347,3720465.0,0.4651853800589616
1348,3720525.0,0.46518438598492085
1349,3720585.0,0.46452763167192246
1350,3720645.0,0.4640533933770733
1351,3720705.0,0.46370181411003053
1352,3720765.0,0.4633464956134212
1353,3720825.0,0.4630627401175238
1354,3720885.0,0.46282528478345475
1355,3720945.0,0.462626433946855
1356,3721005.0,0.46308181167831797
1357,3721065.0,0.46241972927309016
1358,3721125.0,0.4607823338063942
1359,3721185.0,0.45889287355551034
1360,3721245.0,0.45690428226906976
1361,3721305.0,0.45505712814357546
1362,3721365.0,0.4522616341774247
1363,3721425.0,0.44953591605580534
1364,3721485.0,0.4468757106791642
1365,3721545.0,0.44250418020579574
1366,3721605.0,0.441243976538794
1367,3721665.0,0.4400741162571079
1368,3721725.0,0.43909429899813424
1369,3721785.0,0.43789583333900683
1370,3721845.0,0.4364460315117661
1371,3721905.0,0.43454449390510563
1372,3721965.0,0.43263977786179697
1373,3722025.0,0.4306728662558611
1374,3722085.0,0.4288922733244135
1375,3722145.0,0.4272963551521899
1376,3722205.0,0.42577893992887705
1377,3722265.0,0.4244938502607819
1378,3722325.0,0.42300450296040937
1379,3722385.0,0.42140994204162874
1380,3722445.0,0.41859785790801196
1381,3722505.0,0.4173499576068108
1382,3722565.0,0.41595866998428066
1383,3722625.0,0.41510419544401744
1384,3722685.0,0.4150413416616233
1385,3722745.0,0.4153861186525134
1386,3722805.0,0.4156160361435147
1387,3722865.0,0.4157245018536556
1388,3722925.0,0.41584404591021984
1389,3722985.0,0.4158908132975162
1390,3723045.0,0.4160348732543352
1391,3723105.0,0.4160635403789589
1392,3723165.0,0.4164714417663138
1393,3723225.0,0.4167340341094793
1394,3723285.0,0.41641249209610287
1395,3723345.0,0.41565888170241017
1396,3723405.0,0.414749252605379
1397,3723465.0,0.4142106088300189
1398,3723525.0,0.4138637777224534
1399,3723585.0,0.4135382857677926
1400,3723645.0,0.4134832846874843
1401,3723705.0,0.4143694532592491
1402,3723765.0,0.4148323298117481
1403,3723825.0,0.41508475140961776
1404,3723885.0,0.4152721048505198
1405,3723945.0,0.41513587600052204
1406,3724005.0,0.4143738009095099
1407,3724065.0,0.413384694474929
1408,3724125.0,0.4122284300098128
1409,3724185.0,0.41128683904897156
1410,3724245.0,0.40965851375478
1411,3724305.0,0.4081707820861157
1412,3724365.0,0.4069401624214285
1413,3724425.0,0.40601166571743585
1414,3724485.0,0.40371082009239434
1415,3724545.0,0.4009800693336927
1416,3724605.0,0.39736762503849443
1417,3724665.0,0.394437391692923
1418,3724725.0,0.3931504155730293
1419,3724785.0,0.3920636302982926
1420,3724845.0,0.39056888643329735
1421,3724905.0,0.38900079826157385
1422,3724965.0,0.38738519666353144
1423,3725025.0,0.38577796326804925
1424,3725085.0,0.384149362536763
1425,3725145.0,0.3825936397587858
1426,3725205.0,0.380928788685166
1427,3725265.0,0.37902482035205076
1428,3725325.0,0.3767935137799384
1429,3725385.0,0.37471392919833135
1430,3725445.0,0.3728505411147579
1431,3725505.0,0.37149729523687447
1432,3725565.0,0.37005628265892543
1433,3725625.0,0.3689581529919871
1434,3725685.0,0.3678278273614929
1435,3725745.0,0.36574851450556867
1436,3725805.0,0.36345047207843917
1437,3725865.0,0.36109511162250685
1438,3725925.0,0.3596065569927659
1439,3725985.0,0.356748366309951
1440,3726045.0,0.35398996149023987
1441,3726105.0,0.35151654919106823
1442,3726165.0,0.34923882365149106
1443,3726225.0,0.3482736307115608
1444,3726285.0,0.34712476687259164
1445,3726345.0,0.3459818543220712
1446,3726405.0,0.3445541494444787
1447,3726465.0,0.3431006160797808
1448,3726525.0,0.3416806800448151
1449,3726585.0,0.33972272384763547
1450,3726645.0,0.33772683402451287
1451,3726705.0,0.3366399589477941
1452,3726765.0,0.33636265160977097
1453,3726825.0,0.33609443789256754
1454,3726885.0,0.33458585072404845
1455,3726945.0,0.3334664546782702
1456,3727008.0,0.3324164160150137
1457,3727065.0,0.3312002245899647
1458,3727125.0,0.3308479122509066
1459,3727185.0,0.3303970347219868
1460,3727245.0,0.3298497049053787
1461,3727305.0,0.3291848408236223
1462,3727365.0,0.3285676303488957
1463,3727425.0,0.32813312873696865
1464,3727485.0,0.3270688069722827
1465,3727545.0,0.3261201154031882
1466,3727605.0,0.32522767473965775
1467,3727665.0,0.3247095771823062
1468,3727725.0,0.3241866130388428
1469,3727785.0,0.32367206299276463
1470,3727845.0,0.3231381931907472
1471,3727905.0,0.3212468633409066
1472,3727965.0,0.31918841308470447
1473,3728025.0,0.31716051106435794
1474,3728085.0,0.3150192406963701
1475,3728145.0,0.3140843518823283
1476,3728208.0,0.3126342440128217
1477,3728265.0,0.3111116979085392
1478,3728325.0,0.30954421474128935
1479,3728385.0,0.3079537711559297
1480,3728445.0,0.30634208014433517
1481,3728508.0,0.3047748469352729
1482,3728565.0,0.3031164447532887
1483,3728625.0,0.30146913205687387
1484,3728685.0,0.2999682550060573
1485,3728745.0,0.2983507186059534
1486,3728805.0,0.29635743401565584
1487,3728865.0,0.29427044621737597
1488,3728925.0,0.2924015758448065
1489,3728985.0,0.28976313966583156
1490,3729045.0,0.287029653720295
1491,3729105.0,0.28435992802625154
1492,3729165.0,0.28171657145579476
1493,3729225.0,0.28020017710557754
1494,3729285.0,0.2788252195395897
1495,3729345.0,0.2777373885153053
1496,3729405.0,0.27677175677420396
1497,3729465.0,0.27598918074096546
1498,3729525.0,0.2759671932237078
1499,3729585.0,0.2759533427134
1500,3729645.0,0.27582196751556054
1501,3729705.0,0.2757295340925905
1502,3729765.0,0.2756511908251358
1503,3729825.0,0.2743983974673918
1504,3729885.0,0.27330374611550756
1505,3729945.0,0.2724007130420598
1506,3730005.0,0.27267492372777213
1507,3730065.0,0.27320202489320466
1508,3730125.0,0.27375003950576016
1509,3730185.0,0.27400730439464516
1510,3730245.0,0.2738353515327996
1511,3730305.0,0.2735831329981572
1512,3730365.0,0.272252585458746
1513,3730425.0,0.27049972967433433
1514,3730485.0,0.26874151688277603
1515,3730545.0,0.2669894679273438
1516,3730605.0,0.2651093486175019
1517,3730665.0,0.26396923829930385
1518,3730725.0,0.2624754989769884
1519,3730785.0,0.2612563854405673
1520,3730845.0,0.26031997201853296
1521,3730905.0,0.25973485979206223
1522,3730965.0,0.25912059485857386
1523,3731025.0,0.2584536699254989
1524,3731085.0,0.2564361826344309
1525,3731145.0,0.2543038250454843
1526,3731205.0,0.252067754932493
1527,3731265.0,0.24951750968851286
1528,3731325.0,0.2468809670556952
1529,3731385.0,0.24492920285584344
1530,3731445.0,0.24448502634866306
1531,3731505.0,0.2434423855555167
1532,3731565.0,0.24216495974419203
1533,3731625.0,0.2407803186926837
1534,3731685.0,0.23935102286742196
1535,3731748.0,0.237884424813157
1536,3731805.0,0.23571521212627725
1537,3731865.0,0.2347144894833801
1538,3731925.0,0.23461626640243752
1539,3731985.0,0.23483206086793837
1540,3732045.0,0.2351768827057357
1541,3732105.0,0.23411729678894314
1542,3732165.0,0.2340190888857289
1543,3732225.0,0.23396593133905644
1544,3732285.0,0.23412616344917928
1545,3732345.0,0.2341887078558125
1546,3732405.0,0.23298951349548366
1547,3732465.0,0.23155869695311984
1548,3732525.0,0.22977664374208775
1549,3732585.0,0.22799485514192327
1550,3732648.0,0.22622329315083187
1551,3732708.0,0.22484391842267012
1552,3732765.0,0.2235468576988455
1553,3732825.0,0.2223610610797693
1554,3732885.0,0.22108200777148837
1555,3732945.0,0.21964796524297972
1556,3733005.0,0.21826398176358872
1557,3733065.0,0.2167026300049232
1558,3733125.0,0.21539317689585638
1559,3733185.0,0.2142190889729976
1560,3733245.0,0.21306278298647488
1561,3733305.0,0.21193252547028477
1562,3733365.0,0.21082608155793173
1563,3733425.0,0.2096977692428416
1564,3733485.0,0.20825396167982627
1565,3733545.0,0.20664412315415057
1566,3733605.0,0.2051101483145306
1567,3733665.0,0.20372729328640862
1568,3733725.0,0.20232063669696596
1569,3733785.0,0.2008866437763909
1570,3733845.0,0.19940516592288918
1571,3733905.0,0.19802666858449183
1572,3733965.0,0.19654569565296984
1573,3734025.0,0.1950267265543764
1574,3734085.0,0.19329846792649738
1575,3734145.0,0.1916281797035694
1576,3734205.0,0.1901817661489629
1577,3734265.0,0.18875469417320076
1578,3734325.0,0.1871208558964262
1579,3734385.0,0.18536765653609713
1580,3734445.0,0.18323869015077707
1581,3734505.0,0.1801296208455684
1582,3734565.0,0.1778990350044227
1583,3734625.0,0.17567527508455796
1584,3734685.0,0.17341602827179617
1585,3734745.0,0.17116983567839059
1586,3734805.0,0.16960677568491125
1587,3734865.0,0.1683292349802086
1588,3734925.0,0.16728385488923522
1589,3734985.0,0.16637288126896607
1590,3735045.0,0.16543678892474104
1591,3735105.0,0.16455562321617886
1592,3735165.0,0.16343923355277348
1593,3735225.0,0.16308064371580325
1594,3735285.0,0.16376168507521896
1595,3735345.0,0.16463241670570325
1596,3735405.0,0.1657230809650874
1597,3735465.0,0.1668529434386479
1598,3735525.0,0.1666066803361266
1599,3735585.0,0.16621695370224263
1600,3735645.0,0.16507305437394473
1601,3735705.0,0.16396597473843424
1602,3735765.0,0.16286676386257673
1603,3735825.0,0.16176608630080672
1604,3735885.0,0.16251684252402873
1605,3735945.0,0.1631571822920507
1606,3736005.0,0.16364219605118477
1607,3736065.0,0.16423599668310443
1608,3736125.0,0.16310755653756134
1609,3736185.0,0.16202467763752657
1610,3736245.0,0.16086204662467277
1611,3736305.0,0.1595838924459184
1612,3736365.0,0.1582552751936304
1613,3736425.0,0.15670380180785284
1614,3736485.0,0.1552418709304997
1615,3736545.0,0.15397840546194633
1616,3736605.0,0.15268125834256616
1617,3736665.0,0.1512854259781574
1618,3736725.0,0.14979432048181288
1619,3736785.0,0.14959616797023675
1620,3736845.0,0.14939562357294897
1621,3736905.0,0.14914725066440274
1622,3736965.0,0.1488548110098404
1623,3737025.0,0.14721955252661043
1624,3737085.0,0.14569832021889198
1625,3737145.0,0.14441415740853517
1626,3737205.0,0.14327858616073094
1627,3737265.0,0.14205792358463423
1628,3737325.0,0.14073873010487523
1629,3737385.0,0.13933512973482562
1630,3737445.0,0.13779729663736964
1631,3737505.0,0.1361880124304047
1632,3737565.0,0.13450834458361058
1633,3737625.0,0.1328867864300232
1634,3737685.0,0.13253494998622564
1635,3737745.0,0.13226765612408928
1636,3737805.0,0.13202184646633489
1637,3737865.0,0.1318474605259162
1638,3737925.0,0.13074309681466664
1639,3737985.0,0.12971367075990095
1640,3738045.0,0.1287078684004845
1641,3738105.0,0.12773539579331086
1642,3738165.0,0.12660539716348776
1643,3738225.0,0.1254053754508981
1644,3738285.0,0.12397836595563785
1645,3738345.0,0.12261541559506564
1646,3738405.0,0.12137644125314753
1647,3738465.0,0.12004321678337096
1648,3738525.0,0.11859168027829789
1649,3738585.0,0.11702515123369847
1650,3738645.0,0.11535087654302498
1651,3738705.0,0.1151253280286593
1652,3738765.0,0.11494236511113412
1653,3738825.0,0.11467444639934912
1654,3738885.0,0.1144387712077222
1655,3738945.0,0.11261826096996427
1656,3739005.0,0.11149820341370645
1657,3739065.0,0.11042230181317889
1658,3739125.0,0.1093186194849545
1659,3739185.0,0.10819181324937996
1660,3739245.0,0.10701805508355652
1661,3739305.0,0.1057774054519531
1662,3739365.0,0.104596519232004
1663,3739425.0,0.10334093288115706
1664,3739485.0,0.10188305812654377
1665,3739545.0,0.1004564680140281
1666,3739608.0,0.0991314664376394
1667,3739665.0,0.09797316867037978
1668,3739725.0,0.096804606447595
1669,3739785.0,0.09672954363637429
1670,3739848.0,0.09660710037168616
1671,3739905.0,0.09635251754405619
1672,3739965.0,0.09610715450212573
1673,3740025.0,0.09480205964296953
1674,3740085.0,0.09354231673148208
1675,3740145.0,0.09186093953471056
1676,3740205.0,0.09030886946647979
1677,3740265.0,0.0889284434870675
1678,3740325.0,0.0875848802768682
1679,3740385.0,0.08626305605568815
1680,3740445.0,0.08492246433830783
1681,3740505.0,0.08357158956548352
1682,3740565.0,0.08221881596241229
1683,3740625.0,0.0819729907071727
1684,3740685.0,0.08187007707838248
1685,3740745.0,0.08175881280576439
1686,3740805.0,0.08053727094788646
1687,3740865.0,0.07900596443622124
1688,3740925.0,0.07729529355368384
1689,3740985.0,0.0756341314128616
1690,3741045.0,0.07399684036091739
1691,3741105.0,0.07246518692032841
1692,3741165.0,0.07234845990603281
1693,3741225.0,0.07226167895972094
1694,3741285.0,0.07211790915526486
1695,3741345.0,0.07194712398561445
1696,3741405.0,0.07183397987668497
1697,3741465.0,0.07090201511402536
1698,3741525.0,0.06996698576299207
1699,3741585.0,0.06885123451015154
1700,3741645.0,0.06755336415035826
1701,3741705.0,0.06618486101965174
1702,3741765.0,0.06472523777592534
1703,3741825.0,0.06318377676530776
1704,3741885.0,0.0630842058522593
1705,3741945.0,0.06293509006094625
1706,3742005.0,0.0627742692130002
1707,3742065.0,0.06257326279169176
1708,3742125.0,0.06236035340222748
1709,3742185.0,0.06218403681426951
1710,3742245.0,0.0603556503145892
1711,3742305.0,0.05897901736186828
1712,3742365.0,0.05775885518825177
1713,3742425.0,0.05658136843996156
1714,3742485.0,0.05538578128940799
1715,3742545.0,0.054125525136197755
1716,3742605.0,0.052823335600973936
1717,3742665.0,0.05146097223585519
1718,3742725.0,0.05017182612897658
1719,3742785.0,0.04881962286140121
1720,3742845.0,0.04741254827098587
1721,3742905.0,0.04731212100548529
1722,3742965.0,0.047243496397382706
1723,3743025.0,0.04718154857624965
1724,3743085.0,0.04692425256482105
1725,3743145.0,0.04677395342146112
1726,3743205.0,0.046804147452648354
1727,3743265.0,0.04689676036510121
1728,3743325.0,0.04701402383712949
1729,3743385.0,0.047101180636882733
1730,3743445.0,0.047184644226528655
1731,3743505.0,0.04726561021385742
1732,3743565.0,0.04733631162216537
1733,3743625.0,0.047409256570663166
1734,3743685.0,0.04746687073708025
1735,3743745.0,0.04749989992357981
1736,3743805.0,0.047525524067087155
1737,3743865.0,0.047550565788068544
1738,3743928.0,0.04756671997935871
1739,3743985.0,0.047577217632414154
1740,3744045.0,0.047590320248507595
1741,3744105.0,0.04759946204315493
1742,3744165.0,0.04760589149206093
1743,3744225.0,0.04761534360480299
1744,3744285.0,0.04762009487652255
1745,3744345.0,0.047625751635737235
1746,3744405.0,0.047630935650642664
1747,3744465.0,0.04764668550273973
1748,3744525.0,0.04767111100172375
1749,3744585.0,0.047706741783483275
1750,3744645.0,0.04774704026670182
1751,3744705.0,0.04780588519105619
1752,3744765.0,0.0478788476201662
1753,3744825.0,0.04796935374473557
1754,3744885.0,0.04805766896840272
1755,3744945.0,0.048134808969472004
1756,3745005.0,0.04820359899581467
1757,3745065.0,0.048268038255338125
1758,3745125.0,0.048334605475905484
1759,3745185.0,0.04839712372532093
1760,3745245.0,0.04847639835365422
1761,3745305.0,0.04849961151541901
1762,3745365.0,0.04839679637088837
1763,3745425.0,0.04836708183245278
1764,3745485.0,0.048314230930633556
1765,3745545.0,0.04822023127507183
1766,3745605.0,0.04810842197506779
1767,3745665.0,0.04794071683334797
1768,3745725.0,0.04772822409407293
1769,3745785.0,0.04746883022760809
1770,3745845.0,0.04723488117578231
1771,3745905.0,0.046851824757627974
1772,3745965.0,0.046626473913662064
1773,3746025.0,0.04560114834044393
1774,3746085.0,0.04472746474645575
1775,3746145.0,0.043717534368468786
1776,3746205.0,0.0424599893554696
1777,3746265.0,0.04113936495032536
1778,3746325.0,0.03979353460100693
1779,3746385.0,0.038464354235134335
1780,3746445.0,0.03825122199038561
1781,3746505.0,0.03815108691426747
1782,3746565.0,0.038077311716405576
1783,3746625.0,0.037980873317317976
1784,3746685.0,0.036043275644962985
1785,3746745.0,0.034051561862166846
1786,3746805.0,0.03222631081296862
1787,3746865.0,0.030391935449407992
1788,3746925.0,0.030338785871296403
1789,3746985.0,0.030382769486475614
1790,3747045.0,0.030459224959464654
1791,3747105.0,0.030502493110685536
1792,3747165.0,0.030509979481064625
1793,3747225.0,0.030479282702143756
1794,3747285.0,0.030422313693159342
1795,3747345.0,0.03037349889039337
1796,3747408.0,0.030348259878699158
1797,3747465.0,0.030351569963085884
1798,3747525.0,0.03036311082755727
1799,3747585.0,0.030379957588493905
1800,3747645.0,0.030392470052756776
1801,3747705.0,0.0304127934865841
1802,3747765.0,0.030430778767573108
1803,3747825.0,0.030450565700825827
1804,3747885.0,0.030471698826815358
1805,3747945.0,0.030505780083375483
1806,3748005.0,0.030546151255296555
1807,3748065.0,0.030588506405151233
1808,3748125.0,0.030638391676376747
1809,3748185.0,0.030700297701804435
1810,3748245.0,0.030778127262654748
1811,3748305.0,0.03084989619988171
1812,3748365.0,0.03092187698901222
1813,3748425.0,0.030999818908281268
1814,3748485.0,0.031069503107412827
1815,3748545.0,0.031138845590117786
1816,3748605.0,0.031210093357342344
1817,3748665.0,0.03127751738392262
1818,3748725.0,0.03135160932493905
1819,3748785.0,0.03139835414627104
1820,3748845.0,0.031428455786277815
1821,3748905.0,0.03145456642726199
1822,3748965.0,0.03147350511542665
1823,3749025.0,0.03149444358147274
1824,3749085.0,0.031513464894737886
1825,3749145.0,0.03153389499739376
1826,3749205.0,0.0315519764474779
1827,3749265.0,0.031568523505320606
1828,3749325.0,0.031589205921486535
1829,3749385.0,0.03160498179043211
1830,3749445.0,0.03161735343102828
1831,3749505.0,0.03163691541910413
1832,3749565.0,0.031649419648261456
1833,3749625.0,0.03167153273703058
1834,3749685.0,0.03170443308733589
1835,3749745.0,0.031743808666326506
1836,3749805.0,0.03177891419661924
1837,3749865.0,0.03180871762159346
1838,3749925.0,0.031835058283699286
1839,3749988.0,0.031852047670128086
1840,3750045.0,0.031855426716646484
1841,3750105.0,0.03185808393882658
1842,3750165.0,0.03186743803494532
1843,3750225.0,0.03188399289369878
1844,3750285.0,0.03190532801635679
1845,3750345.0,0.03192691791155594
1846,3750405.0,0.03194527553152257
1847,3750465.0,0.03195500077492949
1848,3750525.0,0.03195013133045513
1849,3750585.0,0.031921425816950816
1850,3750645.0,0.031897617618501684
1851,3750705.0,0.03189346875599655
1852,3750765.0,0.031901444115906424
1853,3750825.0,0.03190510567004179
1854,3750885.0,0.031913812141763725
1855,3750945.0,0.03191729612620903
1856,3751005.0,0.03191978044449448
1857,3751065.0,0.031917352723221104
1858,3751125.0,0.03191393081748142
1859,3751185.0,0.03192600197418588
1860,3751245.0,0.031946236062246725
1861,3751305.0,0.03197109497377365
1862,3751365.0,0.031998693935587436
1863,3751425.0,0.03202601780858011
1864,3751485.0,0.032055393234231705
1865,3751545.0,0.03210167273422859
1866,3751605.0,0.032150863679493685
1867,3751665.0,0.03219668095700265
1868,3751725.0,0.0322358278359815
1869,3751785.0,0.03227588048173366
1870,3751845.0,0.03231300474255319
1871,3751905.0,0.0323527925520595
1872,3751965.0,0.03239768961991821
1873,3752025.0,0.0324526745277795
1874,3752085.0,0.03250051918503291
1875,3752145.0,0.032530577409829176
1876,3752205.0,0.032542948068308236
1877,3752265.0,0.03252327795588206
1878,3752325.0,0.03249330535878703
1879,3752385.0,0.03245481211136378
1880,3752445.0,0.0324121299729373
1881,3752505.0,0.032371395546959836
1882,3752565.0,0.032336742546913294
1883,3752625.0,0.03230018799150483
1884,3752685.0,0.0322895182226203
1885,3752745.0,0.032291421463049336
1886,3752805.0,0.03228987814199891
1887,3752865.0,0.0322988313019866
1888,3752928.0,0.03230556451500449
1889,3752985.0,0.03231702105280504
1890,3753045.0,0.03232273727311827
1891,3753105.0,0.03232832168173477
1892,3753165.0,0.032332543230101346
1893,3753225.0,0.03234341370522445
1894,3753285.0,0.03236634471647723
1895,3753345.0,0.03241234431949758
1896,3753405.0,0.03246708848873714
1897,3753465.0,0.03253408620271128
1898,3753525.0,0.03260900100839073
1899,3753585.0,0.032679168659023844
1900,3753645.0,0.03273520640010108
1901,3753705.0,0.03278674481179383
1902,3753765.0,0.03278494682169461
1903,3753825.0,0.032755405474970245
1904,3753885.0,0.03271502512267907
1905,3753945.0,0.03266440456248812
1906,3754005.0,0.03258489302112719
1907,3754065.0,0.03249451745097684
1908,3754125.0,0.032399168558914004
1909,3754185.0,0.03233810996274902
1910,3754245.0,0.03229168287359105
1911,3754305.0,0.03224712569408811
1912,3754365.0,0.032214058991237415
1913,3754425.0,0.032176246256343966
1914,3754485.0,0.032149767943446844
1915,3754545.0,0.032142100124233325
1916,3754605.0,0.0321446109624092
1917,3754665.0,0.03215347595435342
1918,3754725.0,0.03216603857677164
1919,3754785.0,0.03218063045748609
1920,3754845.0,0.03219578408922985
1921,3754905.0,0.03221819701864778
1922,3754965.0,0.03224071897557382
1923,3755025.0,0.03226708492442412
1924,3755085.0,0.0322900644263385
1925,3755145.0,0.032327702393838836
1926,3755205.0,0.03237136391579021
1927,3755265.0,0.03240709465046804
1928,3755325.0,0.03242642148978425
1929,3755385.0,0.03242686851212487
1930,3755445.0,0.03242143350282001
1931,3755505.0,0.03240268128996082
1932,3755565.0,0.03238519372773571
1933,3755625.0,0.03236424758416634
1934,3755685.0,0.03234857629810997
1935,3755745.0,0.03233588310395863
1936,3755805.0,0.032338075243741854
1937,3755865.0,0.03232414242109399
1938,3755925.0,0.03230478269371251
1939,3755985.0,0.032268984991608685
1940,3756045.0,0.032245491265890325
1941,3756105.0,0.03221800685000942
1942,3756165.0,0.03219671832586721
1943,3756225.0,0.03218555769751194
1944,3756285.0,0.03217733297913564
1945,3756345.0,0.032174481442210995
1946,3756405.0,0.03217360614939388
1947,3756465.0,0.032176605027578103
1948,3756525.0,0.03218233522389494
1949,3756585.0,0.03217973480902914
1950,3756645.0,0.03217383905087076
1951,3756705.0,0.03217829512393952
1952,3756765.0,0.032208057128989026
1953,3756825.0,0.03226143674616555
1954,3756885.0,0.03232750939372117
1955,3756945.0,0.03240598010263235
1956,3757005.0,0.032492270620267966
1957,3757065.0,0.032585022559588034
1958,3757125.0,0.03267945752336324
1959,3757185.0,0.03277616436317679
1960,3757245.0,0.03287872008253928
1961,3757305.0,0.032976886101854175
1962,3757365.0,0.033038169551347
1963,3757425.0,0.033077557580502404
1964,3757485.0,0.033096348430794065
1965,3757545.0,0.03308369414359477
1966,3757605.0,0.03306175917461007
1967,3757665.0,0.033035913684017676
1968,3757725.0,0.03301299162471419
1969,3757785.0,0.03299801104479014
1970,3757845.0,0.03298831938299435
1971,3757908.0,0.032984199933723785
1972,3757965.0,0.032972007046633084
1973,3758025.0,0.03294674764655167
1974,3758085.0,0.03291432438751074
1975,3758145.0,0.0328783547749997
1976,3758205.0,0.032847575981473864
1977,3758265.0,0.03282106134665355
1978,3758325.0,0.03279316689894948
1979,3758385.0,0.03277755624578896
1980,3758445.0,0.03277756614587282
1981,3758505.0,0.03278436253307784
1982,3758565.0,0.03279502722671265
1983,3758625.0,0.03280651448188329
1984,3758685.0,0.03280867117711203
1985,3758745.0,0.03279647328559551
1986,3758805.0,0.032777077679728234
1987,3758865.0,0.0327518518886131
1988,3758925.0,0.03273301677536394
1989,3758985.0,0.03271122560499237
1990,3759045.0,0.03268900085231197
1991,3759105.0,0.032671410153077396
1992,3759165.0,0.03266740644949717
1993,3759225.0,0.03267325655693107
1994,3759285.0,0.03269236243412674
1995,3759345.0,0.03272012303710364
1996,3759405.0,0.03273756820993981
1997,3759465.0,0.032743970442849435
1998,3759525.0,0.03274153738301963
1999,3759585.0,0.03276409775428504
2000,3759645.0,0.03279138490448158
2001,3759705.0,0.03282869555327109
2002,3759765.0,0.032871350107294056
2003,3759825.0,0.03291676436898747
2004,3759885.0,0.032964036735280616
2005,3759945.0,0.03300991849106724
2006,3760005.0,0.033040672820977335
2007,3760065.0,0.03305789589362795
2008,3760125.0,0.0330699704109724
2009,3760185.0,0.03308169413840348
2010,3760245.0,0.03309798233334915
2011,3760305.0,0.03311245726719647
2012,3760365.0,0.03312508524321148
2013,3760425.0,0.033117833649356554
2014,3760485.0,0.03309060820349899
2015,3760545.0,0.033055037983623775
2016,3760605.0,0.03301415845889735
2017,3760665.0,0.03297382601932794
2018,3760725.0,0.03293542054287538
2019,3760785.0,0.03289891729400404
2020,3760845.0,0.032877546631453286
2021,3760905.0,0.03285038296563539
2022,3760965.0,0.032829903745163175
2023,3761025.0,0.03281653326649986
2024,3761085.0,0.032818304671719506
2025,3761145.0,0.03282568755351964
2026,3761205.0,0.032828780462600765
2027,3761265.0,0.03281567900362756
2028,3761325.0,0.03278059940215086
2029,3761385.0,0.03275044076139402
2030,3761445.0,0.03271032151509634
2031,3761505.0,0.03267304371524371
2032,3761565.0,0.032634922986111065
2033,3761625.0,0.03260811991740223
2034,3761685.0,0.03258659975450842
2035,3761745.0,0.03257467145457174
2036,3761805.0,0.03259150881910061
2037,3761865.0,0.0325146352546864
2038,3761925.0,0.03246455401948101
2039,3761985.0,0.032381202495698785
2040,3762045.0,0.032310960023080204
2041,3762105.0,0.03227206731227972
2042,3762165.0,0.03225975690278299
2043,3762225.0,0.032273562933748196
2044,3762285.0,0.03228850111426204
2045,3762345.0,0.0322865330295036
2046,3762405.0,0.032273451622597954
2047,3762468.0,0.032246354275715206
2048,3762525.0,0.03218332524866993
2049,3762585.0,0.03209270270270129
2050,3762645.0,0.031990487496801
2051,3762705.0,0.03188746212401147
2052,3762765.0,0.03177833546254519
2053,3762825.0,0.031669865341789505
2054,3762885.0,0.03168154980917626
2055,3762945.0,0.031654253291229645
2056,3763005.0,0.03152930361922632
2057,3763065.0,0.03140093118821627
2058,3763125.0,0.031288496631413226
2059,3763185.0,0.03121241485777629
2060,3763245.0,0.031156344761427868
2061,3763305.0,0.031121616594770557
2062,3763365.0,0.031106859706225426
2063,3763425.0,0.031030111796119336
2064,3763485.0,0.030978170039450664
2065,3763545.0,0.030990644945800366
2066,3763605.0,0.031059045610286773
2067,3763665.0,0.031098381223738647
2068,3763725.0,0.031015943217549663
2069,3763785.0,0.03093310658634077
2070,3763845.0,0.03087374616235336
2071,3763905.0,0.030847216288612284
2072,3763965.0,0.03085701378848238
2073,3764025.0,0.03095783490615142
2074,3764085.0,0.03108081835203766
2075,3764145.0,0.03106376389894991
2076,3764205.0,0.03098771018422236
2077,3764265.0,0.030887016416488083
2078,3764325.0,0.0307759302707592
2079,3764385.0,0.030660107352685734
2080,3764445.0,0.03054850763497971
2081,3764505.0,0.030443281694041008
2082,3764565.0,0.03036913143360173
2083,3764625.0,0.030318267608454436
2084,3764685.0,0.03027242317639431
2085,3764745.0,0.0302401946953971
2086,3764805.0,0.03021886407970678
2087,3764865.0,0.030218925224985982
2088,3764925.0,0.03022846320050751
2089,3764985.0,0.030241047679528038
2090,3765045.0,0.03025425704853285
2091,3765105.0,0.03026457711420824
2092,3765165.0,0.030267635979056434
2093,3765225.0,0.03026584386545303
2094,3765285.0,0.03031786911921555
2095,3765345.0,0.03030969096615585
2096,3765405.0,0.03021734112527208
2097,3765465.0,0.03011591369254976
2098,3765525.0,0.030029703319454926
2099,3765585.0,0.029942862877816
2100,3765645.0,0.029875284439554894
2101,3765705.0,0.02983763510008225
2102,3765765.0,0.029836986337919952
2103,3765825.0,0.029870149177478822
2104,3765885.0,0.029928139772257195
2105,3765945.0,0.029985262416687253
2106,3766005.0,0.03001178136231286
2107,3766065.0,0.029990195848479645
2108,3766125.0,0.02995380275118234
2109,3766185.0,0.02991691124529766
2110,3766245.0,0.02987466982401779
2111,3766305.0,0.029829172168719026
2112,3766365.0,0.02976822294294107
2113,3766425.0,0.029690044432683166
2114,3766485.0,0.02961632363953956
2115,3766545.0,0.029558239533934105
2116,3766605.0,0.02952597778319946
2117,3766665.0,0.02952368143091147
2118,3766725.0,0.029533624319985435
2119,3766785.0,0.02957978852882462
2120,3766845.0,0.029607786291646926
2121,3766905.0,0.029631886729283213
2122,3766965.0,0.029658342244517022
2123,3767025.0,0.02967394742144311
2124,3767085.0,0.02968088032862984
2125,3767145.0,0.029690841999946788
2126,3767205.0,0.02970328659412283
2127,3767265.0,0.029722059547714064
2128,3767325.0,0.02974706736235122
2129,3767385.0,0.029779317021724178
2130,3767445.0,0.02981720728589332
2131,3767505.0,0.02985040689704352
2132,3767565.0,0.029861780172744823
2133,3767628.0,0.029853990478142356
2134,3767685.0,0.02982543277760455
2135,3767745.0,0.029779487616856698
2136,3767805.0,0.02971985485133627
2137,3767865.0,0.02965102918311391
2138,3767925.0,0.029578861993626693
2139,3767985.0,0.02950034886588704
2140,3768045.0,0.02941829023141762
2141,3768105.0,0.029330275329583738
2142,3768165.0,0.02926964014979025
2143,3768225.0,0.029230836721289316
2144,3768285.0,0.02920733222969238
2145,3768345.0,0.029216229054575688
2146,3768405.0,0.029237205727358412
2147,3768465.0,0.029262367302855946
2148,3768525.0,0.029290945088256748
2149,3768585.0,0.029269959558720637
2150,3768645.0,0.029309361540836604
2151,3768705.0,0.029360687630889448
2152,3768765.0,0.029331943140558453
2153,3768825.0,0.029317145797880084
2154,3768885.0,0.029347388830441717
2155,3768945.0,0.02940742332772761
2156,3769005.0,0.02948693277845238
2157,3769065.0,0.029532521242181115
2158,3769125.0,0.029567437283580827
2159,3769185.0,0.02958074079850978
2160,3769245.0,0.029572769057227805
2161,3769305.0,0.029675606707435243
2162,3769365.0,0.02966350191502462
2163,3769425.0,0.0295993580313193
2164,3769485.0,0.029567457842082784
2165,3769545.0,0.029550828282563807
2166,3769605.0,0.029529733132673347
2167,3769665.0,0.029500299342403224
2168,3769725.0,0.029491651107969113
2169,3769785.0,0.02947618145387923
2170,3769845.0,0.029480029568203947
2171,3769905.0,0.02951134985579676
2172,3769965.0,0.02955968906967718
2173,3770025.0,0.029617955439289467
2174,3770085.0,0.029673115748037576
2175,3770145.0,0.02968233656836472
2176,3770205.0,0.029651886401162286
2177,3770265.0,0.029619762689765183
2178,3770325.0,0.02951031391094064
2179,3770385.0,0.0294743355109085
2180,3770445.0,0.029434477581418733
2181,3770505.0,0.029378076801335362
2182,3770565.0,0.02938897323480441
2183,3770625.0,0.02937721746096797
2184,3770685.0,0.029320195993097597
2185,3770745.0,0.029258535302835814
2186,3770805.0,0.02920978403962135
2187,3770865.0,0.02916965369448074
2188,3770925.0,0.029135771392801074
2189,3770985.0,0.029163099404574316
2190,3771045.0,0.029170032353848935
2191,3771105.0,0.0291449933428905
2192,3771165.0,0.02912331390670067
2193,3771225.0,0.029109650089684608
2194,3771285.0,0.029112545028091436
2195,3771345.0,0.02914051962576228
2196,3771405.0,0.029190675599481103
2197,3771465.0,0.029168253288694074
2198,3771525.0,0.029127919658378937
2199,3771588.0,0.02910630569696132
2200,3771645.0,0.029057949875267025
2201,3771705.0,0.029014884431675964
2202,3771765.0,0.028977773986808453
2203,3771825.0,0.028966369464556774
2204,3771885.0,0.02897005315219156
2205,3771945.0,0.0290446152833147
2206,3772005.0,0.029157005317116458
2207,3772065.0,0.029140684470800954
2208,3772125.0,0.02907734570459425
2209,3772188.0,0.02903917486934396
2210,3772245.0,0.029112022779695185
2211,3772305.0,0.029219365637333766
2212,3772365.0,0.029345801814840727
2213,3772425.0,0.029489515448981235
2214,3772485.0,0.029596362178154395
2215,3772545.0,0.02966461810477969
2216,3772605.0,0.029658899744057637
2217,3772665.0,0.02976303033852734
2218,3772725.0,0.029869274134319085
2219,3772785.0,0.030021629506126662
2220,3772845.0,0.03016047370767716
2221,3772905.0,0.030264397868381643
2222,3772965.0,0.030332672398960064
2223,3773025.0,0.030365613651135687
2224,3773085.0,0.03036671587072673
2225,3773145.0,0.03035155787355609
2226,3773205.0,0.030329965729577163
2227,3773265.0,0.030307003276922623
2228,3773325.0,0.03030905932621064
2229,3773385.0,0.030329301882609627
2230,3773445.0,0.030358369634639587
2231,3773505.0,0.03050857594161585
2232,3773565.0,0.03076043894499414
2233,3773625.0,0.030981583626009612
2234,3773685.0,0.03107387897199887
2235,3773745.0,0.031152702211871164
2236,3773805.0,0.03127211153647741
2237,3773865.0,0.031406215229917905
2238,3773925.0,0.03152998248291036
2239,3773985.0,0.03164684660864092
2240,3774045.0,0.031783022495117136
2241,3774105.0,0.03195049796612792
2242,3774165.0,0.032162225582159254
2243,3774225.0,0.03249958681398274
2244,3774285.0,0.03281187227220708
2245,3774345.0,0.03320134871627481
2246,3774405.0,0.033369388580702375
2247,3774465.0,0.03458079278585871
2248,3774525.0,0.035604001889045944
2249,3774585.0,0.03661802490347532
2250,3774645.0,0.037765887233559975
2251,3774705.0,0.03908006892281507
2252,3774765.0,0.04039465257136701
2253,3774825.0,0.041619939847914234
2254,3774885.0,0.04282856922155551
2255,3774945.0,0.044152237067744377
2256,3775008.0,0.04556955485789313
2257,3775065.0,0.04573831802545411
2258,3775125.0,0.04589304781005529
2259,3775185.0,0.04610548512274501
2260,3775245.0,0.0485309199025476
2261,3775305.0,0.050298130979201355
2262,3775365.0,0.051539615614774575
2263,3775425.0,0.05273497783488243
2264,3775485.0,0.05402597472441234
2265,3775545.0,0.05529095889326524
2266,3775605.0,0.05652744082842068
2267,3775665.0,0.057807711157188496
2268,3775725.0,0.05913640937169465
2269,3775785.0,0.06053716808255499
2270,3775845.0,0.06200292857253056
2271,3775905.0,0.06362748316759695
2272,3775965.0,0.0652699480485617
2273,3776025.0,0.06680313146481945
2274,3776085.0,0.06820762022830143
2275,3776145.0,0.06998564810265659
2276,3776205.0,0.07154832953159382
2277,3776265.0,0.07298225690452001
2278,3776325.0,0.07440243702478225
2279,3776385.0,0.075841191203639
2280,3776445.0,0.0773065009118599
2281,3776505.0,0.07879900304548113
2282,3776565.0,0.08023732396160813
2283,3776625.0,0.0816593551379691
2284,3776685.0,0.08303448780824377
2285,3776745.0,0.0843615151779272
2286,3776805.0,0.08567111940889735
2287,3776865.0,0.0870227987822664
2288,3776925.0,0.08824979899862687
2289,3776985.0,0.08955727518106729
2290,3777045.0,0.09093475385174896
2291,3777105.0,0.09238602696942674
2292,3777165.0,0.09400804522713743
2293,3777225.0,0.09576957393985905
2294,3777285.0,0.09748488018097393
2295,3777345.0,0.09897692001815825
2296,3777405.0,0.1003308439498469
2297,3777465.0,0.10167776430502498
2298,3777525.0,0.10297175234162051
2299,3777585.0,0.10432096931937843
2300,3777645.0,0.10573895736498676
2301,3777705.0,0.10717961032060311
2302,3777765.0,0.1086406268695416
2303,3777825.0,0.11014665898808199
2304,3777885.0,0.11161691490649042
2305,3777945.0,0.11308958645924841
2306,3778005.0,0.11453854032275637
2307,3778068.0,0.11583918595258078
2308,3778125.0,0.11722093329592434
2309,3778185.0,0.118658582702069
2310,3778245.0,0.12037788000800367
2311,3778305.0,0.12171744930407832
2312,3778365.0,0.12302445875328236
2313,3778425.0,0.12435147362983415
2314,3778485.0,0.12573674934062642
2315,3778545.0,0.12711927280191945
2316,3778605.0,0.12853008504131605
2317,3778665.0,0.13002527357409024
2318,3778725.0,0.13156993680196735
2319,3778785.0,0.1330861743270668
2320,3778845.0,0.13456788366062525
2321,3778905.0,0.13605942738654517
2322,3778965.0,0.13800157119387027
2323,3779025.0,0.1396533952368018
2324,3779085.0,0.14106297471440435
2325,3779145.0,0.14247455149960284
2326,3779205.0,0.14377978258868587
2327,3779265.0,0.14518691337278214
2328,3779325.0,0.14666702819713404
2329,3779385.0,0.14824923895997258
2330,3779445.0,0.1497768517874429
2331,3779505.0,0.1513587704770001
2332,3779565.0,0.15304758734505777
2333,3779625.0,0.154730794017807
2334,3779685.0,0.15650009041878324
2335,3779745.0,0.15833087002255788
2336,3779805.0,0.16008398610364608
2337,3779865.0,0.16171448443672634
2338,3779925.0,0.16352084849077733
2339,3779985.0,0.16572266809262645
2340,3780045.0,0.1675181357354422
2341,3780105.0,0.16895631670800368
2342,3780165.0,0.17032215755212213
2343,3780225.0,0.17179537398072006
2344,3780285.0,0.17338146833378035
2345,3780345.0,0.1750686394123724
2346,3780405.0,0.17673493310554708
2347,3780465.0,0.17837529217967138
2348,3780525.0,0.18013492394715883
2349,3780585.0,0.18195203898233095
2350,3780645.0,0.1838142219257443
2351,3780705.0,0.18576585111576846
2352,3780765.0,0.1877209464379598
2353,3780825.0,0.18953837896479678
2354,3780885.0,0.1912152543091125
2355,3780945.0,0.19300219452350773
2356,3781005.0,0.1952812591596708
2357,3781065.0,0.19708908768170166
2358,3781125.0,0.1985998947444451
2359,3781185.0,0.2000101029950572
2360,3781245.0,0.20158245811303857
2361,3781308.0,0.20321335193726905
2362,3781365.0,0.2048457717999301
2363,3781425.0,0.20638731494944088
2364,3781485.0,0.20804571653770024
2365,3781545.0,0.20985236400789523
2366,3781605.0,0.2116920275624092
2367,3781665.0,0.2137408025541994
2368,3781725.0,0.21556226634805328
2369,3781785.0,0.2185583322433515
2370,3781845.0,0.2207938610471016
2371,3781905.0,0.22285043842364985
2372,3781965.0,0.22484151607854966
2373,3782025.0,0.22672878853009384
2374,3782085.0,0.22860471159598714
2375,3782145.0,0.2305772837690824
2376,3782205.0,0.2325683828565547
2377,3782265.0,0.23464024084546783
2378,3782325.0,0.2366244633150744
2379,3782385.0,0.2386383915253257
2380,3782445.0,0.24057539162221234
2381,3782505.0,0.24217241952757404
2382,3782565.0,0.24391364215581093
2383,3782625.0,0.2456418574386732
2384,3782685.0,0.2472232480001804
2385,3782745.0,0.24885492027715125
2386,3782805.0,0.25040563691322015
2387,3782865.0,0.25195868773600905
2388,3782925.0,0.25355884504705506
2389,3782985.0,0.2551574536805524
2390,3783045.0,0.2571821813118448
2391,3783105.0,0.2591259817829882
2392,3783165.0,0.26080641241363633
2393,3783225.0,0.26251172059180083
2394,3783285.0,0.26438654492206504
2395,3783345.0,0.2663692583114885
2396,3783405.0,0.26823949926786184
2397,3783465.0,0.2701611406961649
2398,3783525.0,0.2719740307882109
2399,3783585.0,0.27347253279786654
2400,3783645.0,0.2751398160732422
2401,3783705.0,0.2771716481647226
2402,3783765.0,0.27888336459855934
2403,3783825.0,0.2802425019381879
2404,3783885.0,0.281652447743196
2405,3783945.0,0.2831481141665012
2406,3784005.0,0.28463791949634476
2407,3784065.0,0.2861635435699825
2408,3784125.0,0.28773824171168416
2409,3784185.0,0.28931171333332006
2410,3784245.0,0.29085976921052936
2411,3784305.0,0.2923001191492711
2412,3784365.0,0.29428545764986325
2413,3784425.0,0.29640764737384606
2414,3784485.0,0.29843780679716103
2415,3784545.0,0.3003326243677221
2416,3784605.0,0.3020615204743997
2417,3784665.0,0.3041045340518125
2418,3784725.0,0.30644417477880226
2419,3784785.0,0.30877422917898334
2420,3784845.0,0.31094232199797645
2421,3784905.0,0.31292869959825376
2422,3784965.0,0.3143966619943305
2423,3785025.0,0.31577733800681074
2424,3785085.0,0.3170382099727085
2425,3785145.0,0.31811920700640595
2426,3785205.0,0.31932773525668556
2427,3785265.0,0.3194818896359599
2428,3785325.0,0.31994703294964344
2429,3785385.0,0.3201926370300603
2430,3785445.0,0.32054743131991736
2431,3785505.0,0.32097343869553974
2432,3785565.0,0.32150138578212284
2433,3785625.0,0.32188371011986405
2434,3785685.0,0.32217898031273096
2435,3785745.0,0.32242728542162846
2436,3785805.0,0.32258425478142005
2437,3785865.0,0.3240245163020886
2438,3785925.0,0.3254581503565447
2439,3785985.0,0.32679580897785876
2440,3786045.0,0.32591284859360303
2441,3786105.0,0.32571195719018975
2442,3786165.0,0.3260300494875883
2443,3786225.0,0.32643414876094934
2444,3786285.0,0.3267476738249101
2445,3786345.0,0.32716655209156353
2446,3786405.0,0.32774272104023494
2447,3786465.0,0.3282239054738231
2448,3786525.0,0.328441389981842
2449,3786585.0,0.32853482587530547
2450,3786645.0,0.32856433322238987
2451,3786705.0,0.32843015195771297
2452,3786765.0,0.3283017245800931
2453,3786825.0,0.32829911361206987
2454,3786885.0,0.3283895645234193
2455,3786945.0,0.32818624477317093
2456,3787005.0,0.32902568482536754
2457,3787065.0,0.33003288219636107
2458,3787125.0,0.3305467336651857
2459,3787185.0,0.33094047077217104
2460,3787245.0,0.33162489877760026
2461,3787305.0,0.33237767621370096
2462,3787365.0,0.3331141538135597
2463,3787425.0,0.33378660386688386
2464,3787485.0,0.334474655961841
2465,3787545.0,0.3351532278889079
2466,3787605.0,0.33581059845065786
2467,3787665.0,0.33640423292434696
2468,3787725.0,0.33708933656677
2469,3787785.0,0.3378476097528489
2470,3787845.0,0.33870705381648036
2471,3787905.0,0.3391331014677842
2472,3787965.0,0.33968074108682345
2473,3788025.0,0.34042474850196947
2474,3788085.0,0.34117449271286404
2475,3788145.0,0.342589376524276
2476,3788205.0,0.3437241127463456
2477,3788265.0,0.34444517072417924
2478,3788325.0,0.3451757760739431
2479,3788385.0,0.346028459906629
2480,3788445.0,0.3470078886840554
2481,3788505.0,0.3479809708050515
2482,3788565.0,0.348805073979363
2483,3788625.0,0.3497305641508687
2484,3788685.0,0.35081212551115404
2485,3788745.0,0.3519952240890296
2486,3788805.0,0.35332113854665337
2487,3788865.0,0.35433320335733354
2488,3788925.0,0.3554150260886867
2489,3788985.0,0.35678441414382
2490,3789045.0,0.3578307803779949
2491,3789105.0,0.35913587003835035
2492,3789165.0,0.3604009358791789
2493,3789225.0,0.3616080930338482
2494,3789285.0,0.36290602286120344
2495,3789345.0,0.3645987957958089
2496,3789405.0,0.36573138385313275
2497,3789465.0,0.3665364081982233
2498,3789525.0,0.3669442857117463
2499,3789585.0,0.367192844509867
2500,3789645.0,0.3675124651673539
2501,3789705.0,0.3671766340205136
2502,3789765.0,0.36660124122041593
2503,3789825.0,0.36647477506277004
2504,3789888.0,0.3664710668290453
2505,3789945.0,0.36661044577032864
2506,3790005.0,0.36655041686547996
2507,3790065.0,0.36625575858168213
2508,3790125.0,0.3661514216272862
2509,3790185.0,0.3660044362982725
2510,3790245.0,0.3663660426782097
2511,3790305.0,0.366338506336893
2512,3790365.0,0.36645137855065013
2513,3790425.0,0.3664389751427608
2514,3790485.0,0.3665539324003054
2515,3790545.0,0.3667319269183634
2516,3790605.0,0.3669967658322638
2517,3790665.0,0.36739683825574354
2518,3790725.0,0.36761875727446514
2519,3790785.0,0.3668495777292079
2520,3790845.0,0.3665724632312557
2521,3790905.0,0.3666514019262471
2522,3790965.0,0.36688053213428573
2523,3791025.0,0.367007194721679
2524,3791085.0,0.366965562524722
2525,3791145.0,0.3669326263031032
2526,3791205.0,0.3667228992718251
2527,3791265.0,0.3664586401019584
2528,3791325.0,0.3659230918470042
2529,3791385.0,0.365449522674295
2530,3791445.0,0.36534350074763544
2531,3791505.0,0.36527727551341305
2532,3791565.0,0.36536679809560246
2533,3791625.0,0.36556107236641966
2534,3791685.0,0.3658812903522244
2535,3791745.0,0.366137583819904
2536,3791805.0,0.3659082558843726
2537,3791865.0,0.36616061394887256
2538,3791925.0,0.3667940221364584
2539,3791985.0,0.3673706912206042
2540,3792045.0,0.36787000913569956
2541,3792105.0,0.36842700120895255
2542,3792165.0,0.3685250945787272
2543,3792225.0,0.368619189834399
2544,3792285.0,0.3688064730362607
2545,3792345.0,0.3690066873884178
2546,3792405.0,0.3693410349241292
2547,3792465.0,0.36962655954323453
2548,3792525.0,0.37022455657328135
2549,3792585.0,0.3695879286787479
2550,3792645.0,0.3697228165478902
2551,3792705.0,0.3701241815267986
2552,3792765.0,0.37056937802592504
2553,3792825.0,0.3708804852704465
2554,3792885.0,0.3714632314045305
2555,3792948.0,0.3722022219025346
2556,3793005.0,0.3727546028406493
2557,3793065.0,0.37323424410082107
2558,3793125.0,0.374032087363123
2559,3793185.0,0.3745360731609241
2560,3793245.0,0.3755770925457189
2561,3793308.0,0.3768971266987521
2562,3793365.0,0.3778751043485169
2563,3793425.0,0.3787684608808545
2564,3793485.0,0.37984325384207884
2565,3793545.0,0.3808790392368927
2566,3793605.0,0.38151768771240724
2567,3793665.0,0.3828570940977115
2568,3793725.0,0.38474199737451953
2569,3793785.0,0.3867355495408885
2570,3793845.0,0.3865164649117513
2571,3793905.0,0.3858439535888859
2572,3793965.0,0.3853198280064696
2573,3794025.0,0.384896305028849
2574,3794085.0,0.3844229637175377
2575,3794145.0,0.38377354907756833
2576,3794205.0,0.38344829687489723
2577,3794265.0,0.38272053405160456
2578,3794325.0,0.38195443187057565
2579,3794385.0,0.3815007422179081
2580,3794445.0,0.3810993209391854
2581,3794505.0,0.380188162340272
2582,3794565.0,0.37960976240219024
2583,3794625.0,0.3794441832769734
2584,3794685.0,0.3793386950380532
2585,3794745.0,0.37925203324988466
2586,3794805.0,0.37911248660477204
2587,3794865.0,0.3790810163983027
2588,3794925.0,0.3791169860497431
2589,3794985.0,0.3792294030698371
2590,3795045.0,0.37941938362176364
2591,3795105.0,0.3796083916338512
2592,3795165.0,0.3790512395310769
2593,3795225.0,0.37865611394017995
2594,3795285.0,0.3785872934186275
2595,3795345.0,0.3791358677211475
2596,3795405.0,0.37924615125551986
2597,3795465.0,0.3790091074777351
2598,3795525.0,0.37850757281076575
2599,3795585.0,0.37791802088614135
2600,3795645.0,0.3775017435408142
2601,3795705.0,0.37667560465712857
2602,3795765.0,0.3764367623314855
2603,3795825.0,0.37620206143959345
2604,3795885.0,0.37612074745813195
2605,3795945.0,0.37626929618513005
2606,3796005.0,0.3763826529359696
2607,3796065.0,0.37647119046869915
2608,3796125.0,0.3771608542808954
2609,3796185.0,0.37833034376192665
2610,3796245.0,0.3789474418922697
2611,3796305.0,0.3794747567682638
2612,3796365.0,0.38002816390224814
2613,3796425.0,0.38034555597924236
2614,3796485.0,0.3805238639961487
2615,3796548.0,0.38094863764546183
2616,3796605.0,0.38159272822383616
2617,3796665.0,0.3823527181105756
2618,3796725.0,0.3832305473292895
2619,3796785.0,0.3842069684557633
2620,3796845.0,0.38522712199785913
2621,3796905.0,0.386162163594443
2622,3796965.0,0.38710240300818344
2623,3797025.0,0.3892134030635134
2624,3797085.0,0.39087439210264663
2625,3797145.0,0.3919802095384145
2626,3797205.0,0.3926667245873098
2627,3797265.0,0.39350602135772605
2628,3797325.0,0.39466414000724015
2629,3797385.0,0.39592527852417847
2630,3797445.0,0.39714913393669693
2631,3797505.0,0.39850034449657157
2632,3797565.0,0.39988091855327423
2633,3797625.0,0.4006693736385698
2634,3797685.0,0.4007458565433045
2635,3797745.0,0.40042096927417137
2636,3797805.0,0.3993605853240353
2637,3797865.0,0.3983515416129332
2638,3797925.0,0.39783664933947227
2639,3797985.0,0.39756317020715015
2640,3798045.0,0.3967290872469812
2641,3798105.0,0.395636400408268
2642,3798165.0,0.3945331986971311
2643,3798225.0,0.3934202219731767
2644,3798285.0,0.39231326209490003
2645,3798345.0,0.39127716482635766
2646,3798405.0,0.3905050752803628
2647,3798465.0,0.3899743622505659
2648,3798525.0,0.3895766561131432
2649,3798585.0,0.38917251317379997
2650,3798645.0,0.3885058896657473
2651,3798705.0,0.3880029783308492
2652,3798765.0,0.3872211856409765
2653,3798825.0,0.3861380983066015
2654,3798885.0,0.38513316193624514
2655,3798945.0,0.38374018011831545
2656,3799005.0,0.38304507596450665
2657,3799065.0,0.3826356897975436
2658,3799125.0,0.3821134638400586
2659,3799185.0,0.38119340978505967
2660,3799245.0,0.380123790380681
2661,3799305.0,0.3791445050721669
2662,3799365.0,0.37838220362796504
2663,3799425.0,0.3775540373940426
2664,3799485.0,0.3766896709306019
2665,3799545.0,0.3758017536335875
2666,3799605.0,0.37478676553066037
2667,3799665.0,0.3741092625911814
2668,3799725.0,0.373219673418297
2669,3799785.0,0.37239554978888845
2670,3799845.0,0.3719198424447425
2671,3799905.0,0.37141761809042173
2672,3799965.0,0.37088545086799385
2673,3800025.0,0.37007212219566954
2674,3800085.0,0.36926805943803276
2675,3800145.0,0.36828068875904096
2676,3800205.0,0.36775460836372387
2677,3800265.0,0.367692733782356
2678,3800325.0,0.368132495612698
2679,3800385.0,0.3688641355130392
2680,3800445.0,0.37001982130504707
2681,3800505.0,0.3717316977088433
2682,3800565.0,0.3729751071807731
2683,3800625.0,0.37390852090240945
2684,3800685.0,0.3749159563621425
2685,3800745.0,0.3757959010949312
2686,3800805.0,0.3771403595666779
2687,3800865.0,0.3784986558507851
2688,3800925.0,0.37944028332664714
2689,3800985.0,0.3802447772808143
2690,3801045.0,0.3804699480501583
2691,3801105.0,0.3810831037050061
2692,3801165.0,0.3815005589650523
2693,3801225.0,0.3818573894036593
2694,3801285.0,0.3813187633182834
2695,3801345.0,0.3806142293078323
2696,3801405.0,0.3797433765174657
2697,3801465.0,0.37894563653805025
2698,3801525.0,0.37828721358978445
2699,3801585.0,0.3782386627165486
2700,3801645.0,0.3781920502839585
2701,3801705.0,0.3779437620923539
2702,3801765.0,0.37744754192553576
2703,3801825.0,0.37691059015908335
2704,3801885.0,0.37625375861916
2705,3801945.0,0.37553707416522697
2706,3802005.0,0.3751213904711749
2707,3802065.0,0.3751543655919446
2708,3802125.0,0.37536958644396945
2709,3802185.0,0.37545647321735465
2710,3802245.0,0.3750993042683305
2711,3802305.0,0.3744911897451543
2712,3802365.0,0.37377816774808725
2713,3802425.0,0.3731300346214428
2714,3802485.0,0.3725228039305716
2715,3802545.0,0.37195519483739836
2716,3802605.0,0.37170807409077644
2717,3802665.0,0.3714483327689947
2718,3802725.0,0.37086704263499903
2719,3802785.0,0.37016108006534765
2720,3802845.0,0.36942427429992153
2721,3802905.0,0.3686590481227042
2722,3802965.0,0.3683785621919321
2723,3803025.0,0.36829421460611844
2724,3803085.0,0.3680766847218381
2725,3803145.0,0.367764452404581
2726,3803205.0,0.3673288412520843
2727,3803265.0,0.3667314399820719
2728,3803325.0,0.3661908605755403
2729,3803385.0,0.3656519597290149
2730,3803445.0,0.3648693127072177
2731,3803505.0,0.36378886276925215
2732,3803565.0,0.3626704168615841
2733,3803625.0,0.3618862473257599
2734,3803685.0,0.3609205640699178
2735,3803748.0,0.3595814469293629
2736,3803805.0,0.358595152949862
2737,3803865.0,0.358250932562718
2738,3803925.0,0.3576114755296007
2739,3803985.0,0.3571625747437036
2740,3804045.0,0.3561106667488221
2741,3804105.0,0.3552225412182549
2742,3804165.0,0.3547259176909694
2743,3804225.0,0.35466923303410003
2744,3804285.0,0.3543761766078216
2745,3804345.0,0.35383315789677183
2746,3804405.0,0.3538004859677345
2747,3804465.0,0.353218606784403
2748,3804525.0,0.35199208506303714
2749,3804585.0,0.3511763215470495
2750,3804645.0,0.3512589901156199
2751,3804705.0,0.3513112010082836
2752,3804765.0,0.3513309001156546
2753,3804825.0,0.35117988984984594
2754,3804885.0,0.3509446059781054
2755,3804945.0,0.35080501704535916
2756,3805008.0,0.35046377972801845
2757,3805065.0,0.3504206628893779
2758,3805125.0,0.3504618750051708
2759,3805185.0,0.3505835721889208
2760,3805245.0,0.3505068479593071
2761,3805305.0,0.3505002106998708
2762,3805365.0,0.3504240522615053
2763,3805425.0,0.3502913809338245
2764,3805485.0,0.3500460969057887
2765,3805545.0,0.34970061293335586
2766,3805605.0,0.3493361025430265
2767,3805665.0,0.3489094895086696
2768,3805725.0,0.3483622010779799
2769,3805785.0,0.347892279930603
2770,3805845.0,0.34759703970082934
2771,3805905.0,0.3471991436892681
2772,3805965.0,0.34679011679320526
2773,3806025.0,0.3460672085916724
2774,3806085.0,0.3452115829389636
2775,3806145.0,0.34401219700324426
2776,3806205.0,0.3435299219224567
2777,3806265.0,0.34311794391120387
2778,3806325.0,0.3426815944892483
2779,3806385.0,0.34234262363248236
2780,3806445.0,0.3419773447954626
2781,3806505.0,0.3421623145792303
2782,3806568.0,0.3421964541380057
2783,3806625.0,0.34226469499408163
2784,3806685.0,0.3422737957288252
2785,3806745.0,0.3420977795557262
2786,3806805.0,0.3418864180859984
2787,3806865.0,0.34156136436013584
2788,3806925.0,0.3412465283990519
2789,3806985.0,0.34050549974720634
2790,3807045.0,0.33969236110964485
2791,3807105.0,0.3386914976024584
2792,3807165.0,0.3375181360829592
2793,3807225.0,0.336745414862334
2794,3807285.0,0.3361929335882803
2795,3807345.0,0.3354461093209308
2796,3807405.0,0.3345011736480408
2797,3807465.0,0.33341891624857156
2798,3807525.0,0.3322485049111622
2799,3807585.0,0.33092645919332575
2800,3807645.0,0.3296298585531251
2801,3807705.0,0.3284605527181066
2802,3807765.0,0.3273123927976208
2803,3807825.0,0.3250146565479005
2804,3807885.0,0.32193126923155646
2805,3807945.0,0.31932393676576065
2806,3808008.0,0.3170410014885061
2807,3808065.0,0.3157029941139854
2808,3808125.0,0.3141865172696159
2809,3808185.0,0.31259674804668913
2810,3808245.0,0.3109640290927166
2811,3808305.0,0.3091698352980683
2812,3808365.0,0.30740650678504167
2813,3808425.0,0.3063066726525474
2814,3808485.0,0.30598490418328594
2815,3808545.0,0.30612149498922203
2816,3808605.0,0.30628965856050505
2817,3808665.0,0.3064121167831002
2818,3808725.0,0.3065807890259662
2819,3808785.0,0.3052429360333777
2820,3808845.0,0.3041194574010797
2821,3808905.0,0.30320709837691184
2822,3808965.0,0.3023127657550009
2823,3809025.0,0.30260761626986254
2824,3809085.0,0.3028074607482527
2825,3809145.0,0.30291764308430735
2826,3809205.0,0.30278749552827944
2827,3809265.0,0.3024825144688963
2828,3809325.0,0.3021158441114955
2829,3809385.0,0.301625197142786
2830,3809445.0,0.3012916355612836
2831,3809505.0,0.3010922532096292
2832,3809565.0,0.30092001141754443
2833,3809625.0,0.30080591619588015
2834,3809685.0,0.3006871365177709
2835,3809745.0,0.3005577727962079
2836,3809805.0,0.3001924784500266
2837,3809865.0,0.29868046575679597
2838,3809925.0,0.29735972242665154
2839,3809985.0,0.2963104056716427
2840,3810045.0,0.29511714589798566
2841,3810105.0,0.29508193764737867
2842,3810165.0,0.29464971826119624
2843,3810225.0,0.29415379519843576
2844,3810285.0,0.2936203770840251
2845,3810345.0,0.2930593730198482
2846,3810405.0,0.2925325195407842
2847,3810465.0,0.29215384947356005
2848,3810525.0,0.29187108446578447
2849,3810585.0,0.29109560058357176
2850,3810645.0,0.2900833408649971
2851,3810705.0,0.2880112610730805
2852,3810765.0,0.28596350151473193
2853,3810825.0,0.28427820585728714
2854,3810885.0,0.2821526364591911
2855,3810945.0,0.27980430653656896
2856,3811005.0,0.27750966726665405
2857,3811065.0,0.27498400286390423
2858,3811125.0,0.2722914927484139
2859,3811185.0,0.2694918123454596
2860,3811245.0,0.26622501596328396
2861,3811305.0,0.2630636186696308
2862,3811365.0,0.26015282811902674
2863,3811425.0,0.257389802309143
2864,3811485.0,0.25467261087248827
2865,3811545.0,0.2519359622911437
2866,3811605.0,0.2492275821141621
2867,3811665.0,0.24662880317714705
2868,3811725.0,0.24425404847016788
2869,3811785.0,0.24205931271453382
2870,3811845.0,0.23995506405519126
2871,3811905.0,0.23776976601366998
2872,3811965.0,0.23558239403347456
2873,3812025.0,0.23354327801569966
2874,3812085.0,0.2321545819428614
2875,3812145.0,0.23079362626987002
2876,3812205.0,0.22962385203435828
2877,3812265.0,0.2283954576295509
2878,3812325.0,0.2270034844362945
2879,3812385.0,0.22557229621487088
2880,3812445.0,0.22406301608870707
2881,3812505.0,0.2226393543094555
2882,3812565.0,0.22153063472835258
2883,3812625.0,0.22045974356994227
2884,3812685.0,0.21952181749350794
2885,3812745.0,0.2184936619212696
2886,3812805.0,0.21741217481981048
2887,3812865.0,0.2160325733299793
2888,3812925.0,0.2147127272607283
2889,3812985.0,0.21356814289369366
2890,3813045.0,0.21233314233938352
2891,3813105.0,0.2110637011525444
2892,3813165.0,0.20971616965276754
2893,3813225.0,0.2094918003986236
2894,3813285.0,0.20941714582186208
2895,3813345.0,0.2090742904828982
2896,3813405.0,0.2082673797520718
2897,3813465.0,0.20755520682431453
2898,3813525.0,0.2072583050347099
2899,3813588.0,0.20722812995994808
2900,3813645.0,0.20712649485386062
2901,3813705.0,0.2070321363872639
2902,3813765.0,0.20701958779598675
2903,3813825.0,0.2055360600369048
2904,3813885.0,0.20399277243438432
2905,3813945.0,0.20350202076670768
2906,3814005.0,0.20200684275924033
2907,3814065.0,0.20029767342758795
2908,3814125.0,0.19844138587470042
2909,3814185.0,0.19659193799689398
2910,3814245.0,0.19499565128315802
2911,3814305.0,0.19363602926419024
2912,3814365.0,0.1923275478544976
2913,3814425.0,0.19091576513646216
2914,3814485.0,0.18942013598241855
2915,3814545.0,0.18801313082364154
2916,3814605.0,0.18639045983531324
2917,3814665.0,0.184166587496048
2918,3814725.0,0.1820195495996513
2919,3814785.0,0.17992576843048677
2920,3814845.0,0.17799624483455143
2921,3814905.0,0.17599205379464875
2922,3814965.0,0.17383453242897054
2923,3815025.0,0.17119892175391674
2924,3815085.0,0.1686968656431758
2925,3815145.0,0.16634010464470342
2926,3815205.0,0.16394042642618342
2927,3815268.0,0.1615693782637391
2928,3815325.0,0.15934621276639008
2929,3815385.0,0.15661364159558036
2930,3815445.0,0.15469170901100307
2931,3815505.0,0.15325367161305617
2932,3815565.0,0.15193687014883808
2933,3815625.0,0.1506422818324679
2934,3815685.0,0.14938427288026182
2935,3815745.0,0.148170059469976
2936,3815805.0,0.14699542241430721
2937,3815865.0,0.14578279586253476
2938,3815925.0,0.14459430203210769
2939,3815985.0,0.14335642372728666
2940,3816045.0,0.14212459837826977
2941,3816105.0,0.14102674063165258
2942,3816165.0,0.13994108284818588
2943,3816225.0,0.13877726709554003
2944,3816285.0,0.13764175984508245
2945,3816345.0,0.13653423518231914
2946,3816405.0,0.13552923652748852
2947,3816465.0,0.13446858863619185
2948,3816525.0,0.13341862674199564
2949,3816585.0,0.13222662816740108
2950,3816645.0,0.13080341748975635
2951,3816705.0,0.12946837960183658
2952,3816765.0,0.12823836766285238
2953,3816825.0,0.12701982685371652
2954,3816885.0,0.12569672727273104
2955,3816945.0,0.12427533298756441
2956,3817005.0,0.12281885268575707
2957,3817065.0,0.12141698046492064
2958,3817125.0,0.1199663309190089
2959,3817185.0,0.1184592877315778
2960,3817245.0,0.11696767646702202
2961,3817305.0,0.11548806137726628
2962,3817365.0,0.11403947575193521
2963,3817425.0,0.1125787944137662
2964,3817485.0,0.11111375138877042
2965,3817545.0,0.10963709260698415
2966,3817605.0,0.10826402588522407
2967,3817665.0,0.10717240408231235
2968,3817725.0,0.10540437704819453
2969,3817785.0,0.10374016684097667
2970,3817845.0,0.10241555087277252
2971,3817905.0,0.10110932550989563
2972,3817965.0,0.099813725945357
2973,3818025.0,0.09847791833838562
2974,3818085.0,0.09717237802159165
2975,3818145.0,0.09590913742986232
2976,3818205.0,0.09463929646011063
2977,3818265.0,0.09333546890536873
2978,3818328.0,0.09204385071801788
2979,3818385.0,0.09087840955900886
2980,3818445.0,0.08966558273566663
2981,3818505.0,0.08837129305864924
2982,3818565.0,0.08704035434752902
2983,3818625.0,0.08567698229328571
2984,3818685.0,0.08550528361730422
2985,3818745.0,0.08537583554675146
2986,3818805.0,0.0852401525446709
2987,3818865.0,0.0841083636330289
2988,3818925.0,0.08312045161529255
2989,3818985.0,0.08210754181617438
2990,3819045.0,0.08113261890369586
2991,3819105.0,0.08014497751199998
2992,3819165.0,0.08029852461561024
2993,3819225.0,0.08034234345691701
2994,3819285.0,0.08026314078038374
2995,3819345.0,0.08009005691741075
2996,3819405.0,0.0788705535585594
2997,3819465.0,0.07737482831759826
2998,3819525.0,0.07584355091281095
2999,3819585.0,0.07570118489668823
3000,3819645.0,0.07561377542680378
3001,3819705.0,0.07550143379905258
3002,3819765.0,0.07509328257772466
3003,3819825.0,0.07353490869618326
3004,3819885.0,0.07206501203827445
3005,3819945.0,0.07063374751010479
3006,3820005.0,0.06922424803394825
3007,3820065.0,0.06780653002404605
3008,3820125.0,0.0663620475958647
3009,3820185.0,0.06490728895562106
3010,3820245.0,0.06337932069807503
3011,3820305.0,0.061913549221341874
3012,3820365.0,0.060407333931494334
3013,3820425.0,0.05880812109234684
3014,3820485.0,0.05717220848200508
3015,3820545.0,0.05549094166219248
3016,3820605.0,0.05376276221126777
3017,3820665.0,0.05332149880241496
3018,3820725.0,0.05284181034224408
3019,3820785.0,0.052310810148641945
3020,3820845.0,0.05190235717458028
3021,3820905.0,0.05024354481127061
3022,3820965.0,0.04889956500475165
3023,3821025.0,0.0475417531726369
3024,3821085.0,0.04613868107488564
3025,3821145.0,0.04466442681720875
3026,3821205.0,0.043162709568800445
3027,3821265.0,0.04163718844134842
3028,3821325.0,0.04006559385667821
3029,3821385.0,0.03858116127275321
3030,3821445.0,0.03702549451198775
3031,3821505.0,0.03667244295737937
3032,3821565.0,0.03641446727862366
3033,3821625.0,0.036092158334033064
3034,3821685.0,0.036048106215615994
3035,3821745.0,0.036017858576057216
3036,3821805.0,0.036008045240125186
3037,3821865.0,0.036019915042020983
3038,3821925.0,0.03605401281106607
3039,3821985.0,0.036100825400326414
3040,3822045.0,0.03615247415083289
3041,3822105.0,0.03619102242736069
3042,3822165.0,0.036239787855701755
3043,3822225.0,0.036279040137109114
3044,3822285.0,0.036315953925672606
3045,3822345.0,0.03635286771423596
3046,3822405.0,0.036198663289056965
3047,3822468.0,0.03605737220492952
3048,3822525.0,0.03584333262036851
3049,3822585.0,0.03557347867281921
3050,3822645.0,0.03527438881580394
3051,3822705.0,0.03498862453272367
3052,3822765.0,0.03474420029099298
3053,3822825.0,0.03454399664761801
3054,3822885.0,0.034346532409110786
3055,3822945.0,0.03411892461233634
3056,3823005.0,0.03382666302244544
3057,3823065.0,0.03354328114013447
3058,3823125.0,0.03330442185537255
3059,3823185.0,0.03310628853717032
3060,3823245.0,0.0329067817943762
3061,3823305.0,0.03270204280609984
3062,3823365.0,0.032467121858277465
3063,3823425.0,0.03227443135168909
3064,3823485.0,0.0320942166190048
3065,3823545.0,0.031939200137202695
3066,3823605.0,0.03174456785193688
3067,3823665.0,0.031497765043321
3068,3823725.0,0.031130925686889105
3069,3823785.0,0.030609212068045538
3070,3823845.0,0.030184290419551812
3071,3823905.0,0.02988480269564936
3072,3823965.0,0.029576455262191964
3073,3824025.0,0.02807759524829509
3074,3824085.0,0.026401676120610063
3075,3824145.0,0.02494887517333802
3076,3824205.0,0.023679939578760467
3077,3824265.0,0.022335587190643852
3078,3824325.0,0.020896357989658637
3079,3824385.0,0.01940109159714165
3080,3824445.0,0.01793012817675213
3081,3824505.0,0.016378178298681684
3082,3824565.0,0.014659303913796357
3083,3824625.0,0.01432693037949731
3084,3824685.0,0.014022071169928207
3085,3824745.0,0.012606760710482973
3086,3824805.0,0.012151426540384508
3087,3824865.0,0.011917585551650511
3088,3824925.0,0.011679446784453845
3089,3824985.0,0.01142048016682079
3090,3825045.0,0.011164922954207956
3091,3825105.0,0.010909003372598175
3092,3825165.0,0.010664256400387068
3093,3825225.0,0.010422778714691272
3094,3825285.0,0.010176819835141598
3095,3825345.0,0.009934965425859171
3096,3825405.0,0.009707542725111012
3097,3825465.0,0.009513064512872732
3098,3825528.0,0.009327492986014457
3099,3825585.0,0.009150583693504438
3100,3825645.0,0.008975266731059112
3101,3825705.0,0.008766638568983992
3102,3825765.0,0.008487411998025912
3103,3825825.0,0.008286173619294623
3104,3825885.0,0.008119286034039247
3105,3825945.0,0.007959684491115365
3106,3826005.0,0.007785087492387988
3107,3826065.0,0.0075784703940106335
3108,3826125.0,0.007356383487786833
3109,3826185.0,0.007124982237507488
3110,3826245.0,0.006877213056677295
3111,3826305.0,0.006680870625687535
3112,3826365.0,0.006501021065539819
3113,3826425.0,0.006316615408188286
3114,3826485.0,0.006094806958617693
3115,3826545.0,0.005836428374893926
3116,3826605.0,0.005572758401239969
3117,3826665.0,0.0053814987453888186
3118,3826725.0,0.0051970947099558296
3119,3826785.0,0.004973504600815748
3120,3826845.0,0.004715593515781602
3121,3826905.0,0.004394407318321358
3122,3826968.0,0.004125567009683334
3123,3827025.0,0.003934508915970442
3124,3827085.0,0.0037454641432173863
3125,3827145.0,0.0035484335982721438
3126,3827205.0,0.0033391685486552636
3127,3827265.0,0.0031081579035590334
3128,3827325.0,0.002875289252649349
3129,3827385.0,0.0026334871437868057
3130,3827445.0,0.0023952589651211886
3131,3827505.0,0.0021588544761222683
3132,3827565.0,0.0019278442905182602
3133,3827625.0,0.0017246591419771973
3134,3827685.0,0.0015287979693424936
3135,3827745.0,0.0013473242991415002
3136,3827805.0,0.0011500602420796702
3137,3827865.0,0.0008825454055588766
3138,3827925.0,0.0006610713255087719
3139,3827985.0,0.00047712534021657205
3140,3828045.0,0.000269184545903578
3141,3828105.0,3.527613755827108e-05
3142,3828165.0,-0.0002148751354142664
3143,3828225.0,-0.0004705490924407363
3144,3828285.0,-0.0006959058195046552
3145,3828345.0,-0.000914415876747593
3146,3828405.0,-0.0011222877878512005
3147,3828465.0,-0.0014271004727768044
3148,3828525.0,-0.0016646941045399821
3149,3828585.0,-0.0018287373897090953
3150,3828645.0,-0.0019758768081561684
3151,3828705.0,-0.002133433999145118
3152,3828765.0,-0.002297551740743975
3153,3828825.0,-0.0024584811389591066
3154,3828885.0,-0.00266278463702202
3155,3828945.0,-0.0029198666215072
3156,3829005.0,-0.003152599343037854
3157,3829065.0,-0.003348729282845103
3158,3829125.0,-0.0035640457588648478
3159,3829185.0,-0.00381033584824389
3160,3829245.0,-0.004074243555094642
3161,3829305.0,-0.004318698249399039
3162,3829365.0,-0.00455192690257003
3163,3829425.0,-0.004836208434441214
3164,3829485.0,-0.005077827309100252
3165,3829545.0,-0.0053622354391918425
3166,3829605.0,-0.005668666370476777
3167,3829665.0,-0.0060230354747989046
3168,3829725.0,-0.006448996774632287
3169,3829785.0,-0.006822867224369394
3170,3829845.0,-0.0071589090969916835
3171,3829908.0,-0.0074446503004570175
3172,3829965.0,-0.008962426847957977
3173,3830025.0,-0.010468405931726682
3174,3830085.0,-0.011939294889910884
3175,3830145.0,-0.013395127842622312
3176,3830205.0,-0.013836951466003944
3177,3830265.0,-0.01404808867835558
3178,3830325.0,-0.014269307484933075
3179,3830385.0,-0.014508506348996503
3180,3830445.0,-0.01479293395533196
3181,3830508.0,-0.01512909536438925
3182,3830565.0,-0.015140818807019424
3183,3830625.0,-0.015135150443746248
3184,3830685.0,-0.01510904777684649
3185,3830745.0,-0.01505837864995338
3186,3830805.0,-0.014983687892388742
3187,3830865.0,-0.01489753114880965
3188,3830925.0,-0.014805289409783567
3189,3830985.0,-0.014733867628147379
3190,3831045.0,-0.014670550983685832
3191,3831105.0,-0.014624307794011165
3192,3831165.0,-0.014594593229801944
3193,3831225.0,-0.01457314297832557
3194,3831285.0,-0.014555120878335742
3195,3831345.0,-0.014544818261757436
3196,3831405.0,-0.014516579009954317
3197,3831465.0,-0.014488339758151253
3198,3831525.0,-0.014458306842825647
3199,3831585.0,-0.014423982595575618
3200,3831645.0,-0.014387864684802992
3201,3831705.0,-0.014348159446985392
3202,3831765.0,-0.014314380029056745
3203,3831825.0,-0.014275764449882183
3204,3831885.0,-0.014232312709461542
3205,3831945.0,-0.014172717997338685
3206,3832005.0,-0.014120297939305665
3207,3832065.0,-0.014073258871840105
3208,3832125.0,-0.014035028946428635
3209,3832185.0,-0.01401512131000518
3210,3832245.0,-0.014002773981434902
3211,3832305.0,-0.013995648467873795
3212,3832365.0,-0.013999829764769017
3213,3832425.0,-0.013990751412127272
3214,3832485.0,-0.013957106599492258
3215,3832545.0,-0.013921123294013571
3216,3832605.0,-0.013883346325012286
3217,3832665.0,-0.013855082502944843
3218,3832725.0,-0.013833289330087623
3219,3832785.0,-0.013807908830185484
3220,3832845.0,-0.013780734666760858
3221,3832905.0,-0.0137517668398138
3222,3832965.0,-0.0137210053493442
3223,3833025.0,-0.013684862868307224
3224,3833085.0,-0.013654101377837652
3225,3833145.0,-0.013637530019989685
3226,3833205.0,-0.013638032116928628
3227,3833265.0,-0.013651475512288042
3228,3833325.0,-0.013656495419356512
3229,3833385.0,-0.013660266492224099
3230,3833445.0,-0.013656862911001683
3231,3833505.0,-0.013643946182845534
3232,3833565.0,-0.013625648464122037
3233,3833625.0,-0.013603218589032073
3234,3833685.0,-0.01358616970450957
3235,3833745.0,-0.013554226682485876
3236,3833805.0,-0.01352407732398464
3237,3833865.0,-0.013493927965483432
3238,3833925.0,-0.013464323436303577
3239,3833985.0,-0.013439555068369802
3240,3834045.0,-0.013420712520324757
3241,3834105.0,-0.013405457299324713
3242,3834165.0,-0.013394879064012377
3243,3834225.0,-0.013391316307231865
3244,3834285.0,-0.01339063687261674
3245,3834345.0,-0.013392840760166863
3246,3834405.0,-0.013392002149993504
3247,3834465.0,-0.013400131857432468
3248,3834525.0,-0.01340108691078154
3249,3834585.0,-0.013397909807764202
3250,3834645.0,-0.01339060054838051
3251,3834705.0,-0.013374322971384495
3252,3834765.0,-0.013353913238022097
3253,3834825.0,-0.01332274152352489
3254,3834885.0,-0.013289231316183842
3255,3834945.0,-0.013255176279521247
3256,3835005.0,-0.013221121242858763
3257,3835065.0,-0.013190653533241253
3258,3835125.0,-0.013170947804758443
3259,3835185.0,-0.013170109194585056
3260,3835245.0,-0.013187592873399573
3261,3835305.0,-0.013196653063923314
3262,3835365.0,-0.013213432737858105
3263,3835425.0,-0.013223582587024635
3264,3835485.0,-0.013230145109146163
3265,3835545.0,-0.013234913967745232
3266,3835605.0,-0.013231963342933056
3267,3835665.0,-0.013223631727553364
3268,3835725.0,-0.013211167955807429
3269,3835785.0,-0.01318381004656019
3270,3835845.0,-0.013158949805715164
3271,3835905.0,-0.013122782754413781
3272,3835965.0,-0.013084822039590022
3273,3836028.0,-0.013049903822489717
3274,3836085.0,-0.013020366595956817
3275,3836145.0,-0.01299012536454433
3276,3836205.0,-0.012980159261200469
3277,3836265.0,-0.012993896437411862
3278,3836325.0,-0.01301698758499889
3279,3836385.0,-0.013046549381796085
3280,3836445.0,-0.013080243334959829
3281,3836505.0,-0.013110349961078571
3282,3836565.0,-0.013126107279017585
3283,3836625.0,-0.013119954980923554
3284,3836685.0,-0.013100861384409218
3285,3836745.0,-0.013071709811639548
3286,3836808.0,-0.013050981727160849
3287,3836868.0,-0.013026666315637203
3288,3836925.0,-0.013005938231158365
3289,3836985.0,-0.01297982915611226
3290,3837045.0,-0.012961439564477428
3291,3837105.0,-0.012952563119776356
3292,3837165.0,-0.01295374465133059
3293,3837225.0,-0.012965528988461317
3294,3837285.0,-0.012983079969922734
3295,3837345.0,-0.013003514273549482
3296,3837405.0,-0.013018567586608826
3297,3837465.0,-0.013022314089211978
3298,3837525.0,-0.013020134771926234
3299,3837585.0,-0.013015616961796622
3300,3837645.0,-0.012998543507009713
3301,3837705.0,-0.01297499940301261
3302,3837765.0,-0.012959333957984903
3303,3837825.0,-0.012943509337398962
3304,3837885.0,-0.012930023209657054
3305,3837945.0,-0.0129237117360049
3306,3838005.0,-0.012923326082241698
3307,3838065.0,-0.012925278921322308
3308,3838128.0,-0.012931363916769245
3309,3838185.0,-0.01293924257573878
3310,3838245.0,-0.012962015372209534
3311,3838305.0,-0.01298587782732294
3312,3838365.0,-0.013004904121190458
3313,3838425.0,-0.013012623604601814
3314,3838485.0,-0.013014417268124273
3315,3838545.0,-0.013005063296748776
3316,3838605.0,-0.013003973638105848
3317,3838665.0,-0.013001635145261953
3318,3838725.0,-0.012993370832529244
3319,3838785.0,-0.012972550875139127
3320,3838845.0,-0.0129529797519502
3321,3838905.0,-0.01293161496523873
3322,3838965.0,-0.012915631169094693
3323,3839025.0,-0.012910250178527288
3324,3839085.0,-0.012914927164215134
3325,3839145.0,-0.012924281135590687
3326,3839205.0,-0.012937767263332706
3327,3839265.0,-0.0129607665380084
3328,3839325.0,-0.012992574954738295
3329,3839385.0,-0.013019002380900785
3330,3839445.0,-0.01303771032365203
3331,3839505.0,-0.01304511145594689
3332,3839565.0,-0.013044793104830588
3333,3839625.0,-0.01303745927518249
3334,3839685.0,-0.013020067469279334
3335,3839745.0,-0.012999792341210653
3336,3839805.0,-0.012980766047343106
3337,3839865.0,-0.012969459236886915
3338,3839925.0,-0.012964623075640891
3339,3839985.0,-0.012962125407238817
3340,3840048.0,-0.012961421402359258
3341,3840105.0,-0.012977405198503239
3342,3840165.0,-0.012994478653290259
3343,3840225.0,-0.01299899646341987
3344,3840285.0,-0.012998292458540311
3345,3840345.0,-0.012997043624339177
3346,3840405.0,-0.012995249960816718
3347,3840465.0,-0.012983943150360527
3348,3840525.0,-0.012982149486838096
3349,3840585.0,-0.012990413799570805
3350,3840645.0,-0.01300803208367915
3351,3840705.0,-0.01303032735347523
3352,3840765.0,-0.013054257111235701
3353,3840825.0,-0.013062747902173433
3354,3840885.0,-0.013058842224012185
3355,3840945.0,-0.013044333740274222
3356,3841005.0,-0.013030529261415874
3357,3841065.0,-0.013004169137900312
3358,3841125.0,-0.012980851512108232
3359,3841185.0,-0.012962914876883586
3360,3841245.0,-0.012958623544959025
3361,3841305.0,-0.012969067174977394
3362,3841365.0,-0.012982394127161234
3363,3841425.0,-0.013003440562756319
3364,3841485.0,-0.013031661652441268
3365,3841545.0,-0.013068147054859064
3366,3841605.0,-0.013121161082742278
3367,3841665.0,-0.01314906382131073
3368,3841725.0,-0.01317696655987935
3369,3841785.0,-0.013198943478559072
3370,3841845.0,-0.013202598108251001
3371,3841905.0,-0.013193311439522265
3372,3841965.0,-0.013177009292261815
3373,3842025.0,-0.01316016231568004
3374,3842085.0,-0.013146357836821693
3375,3842145.0,-0.013136685514329755
3376,3842205.0,-0.013155393457080944
3377,3842265.0,-0.013168016404385169
3378,3842325.0,-0.013174713531800525
3379,3842385.0,-0.013174940010005548
3380,3842445.0,-0.013171579161165653
3381,3842505.0,-0.013169467146526753
3382,3842565.0,-0.013159635648476692
3383,3842625.0,-0.01316002130223995
3384,3842685.0,-0.013171713766459398
3385,3842745.0,-0.013199390026822994
3386,3842805.0,-0.013231743272874269
3387,3842865.0,-0.013265186177568417
3388,3842925.0,-0.013299173911584056
3389,3842985.0,-0.013314135351732204
3390,3843045.0,-0.013316155493459686
3391,3843105.0,-0.013299853346199292
3392,3843165.0,-0.013275286886206078
3393,3843225.0,-0.01325196926041397
3394,3843288.0,-0.013237075122912917
3395,3843345.0,-0.013222725814733133
3396,3843405.0,-0.013220228146331087
3397,3843465.0,-0.013220613800094344
3398,3843525.0,-0.013226925273746443
3399,3843585.0,-0.013246337221377275
3400,3843645.0,-0.013271674988896781
3401,3843705.0,-0.013309954054837064
3402,3843765.0,-0.013334269466360654
3403,3843825.0,-0.013346733238106617
3404,3843885.0,-0.013358652180531089
3405,3843945.0,-0.013362851639544454
3406,3844005.0,-0.013346390316725881
3407,3844065.0,-0.013316987695486698
3408,3844125.0,-0.013288833908448733
3409,3844185.0,-0.013263722619134194
3410,3844245.0,-0.013248124476753304
3411,3844305.0,-0.013245626808351313
3412,3844368.0,-0.013269170912348388
3413,3844425.0,-0.013294894333631263
3414,3844485.0,-0.013315236764346788
3415,3844545.0,-0.01332965337517339
3416,3844605.0,-0.01332683735565493
3417,3844665.0,-0.013319344350448764
3418,3844725.0,-0.013323862160578459
3419,3844785.0,-0.013337189112762216
3420,3844845.0,-0.013361118870522631
3421,3844905.0,-0.013396741092502579
3422,3844965.0,-0.013421601333347605
3423,3845025.0,-0.01343047777804865
3424,3845085.0,-0.013425164090128089
3425,3845145.0,-0.01340511544026457
3426,3845205.0,-0.013392400620049122
3427,3845265.0,-0.013371262311542786
3428,3845325.0,-0.013353711330081314
3429,3845385.0,-0.01334279017338827
3430,3845445.0,-0.013341926992950531
3431,3845505.0,-0.01335291545229042
3432,3845565.0,-0.0133685808973181
3433,3845625.0,-0.013396642811444842
3434,3845685.0,-0.013425249554892993
3435,3845745.0,-0.013452062634818823
3436,3845805.0,-0.013472949894855618
3437,3845865.0,-0.013489704998526225
3438,3845925.0,-0.01349390445753948
3439,3845985.0,-0.013482824125288312
3440,3846045.0,-0.013454670338250208
3441,3846105.0,-0.01344265952291443
3442,3846165.0,-0.013433532029743872
3443,3846225.0,-0.013429785527140775
3444,3846285.0,-0.013434303337270331
3445,3846345.0,-0.013452466450700168
3446,3846405.0,-0.01346938072992876
3447,3846465.0,-0.013482707682112599
3448,3846525.0,-0.013481140496795191
3449,3846585.0,-0.013480822145678945
3450,3846645.0,-0.013478165301718609
3451,3846705.0,-0.013482683111848248
3452,3846765.0,-0.013493126741866673
3453,3846825.0,-0.013513083518818886
3454,3846885.0,-0.01353412995441397
3455,3846945.0,-0.013568821693309224
3456,3847008.0,-0.0135945451145921
3457,3847065.0,-0.013607712891217788
3458,3847125.0,-0.013606145705900324
3459,3847185.0,-0.013589139553760371
3460,3847245.0,-0.013563869088887626
3461,3847305.0,-0.013532672804126067
3462,3847365.0,-0.013511693671177799
3463,3847425.0,-0.01350022768516343
3464,3847485.0,-0.013499364504725747
3465,3847545.0,-0.013514485120431907
3466,3847605.0,-0.013546679190925087
3467,3847665.0,-0.013576375593016138
3468,3847725.0,-0.013600146175218347
3469,3847785.0,-0.013617990937531771
3470,3847845.0,-0.013622190396545025
3471,3847905.0,-0.013623506533392976
3472,3847965.0,-0.01362607150444195
3473,3848025.0,-0.013611948674467272
3474,3848085.0,-0.013594556868564006
3475,3848145.0,-0.01357248807697295
3476,3848205.0,-0.013559387602994216
3477,3848265.0,-0.013565313422883085
3478,3848325.0,-0.013591196019724111
3479,3848388.0,-0.013614580948163119
3480,3848445.0,-0.013639759540124613
3481,3848505.0,-0.01365901231219721
3482,3848565.0,-0.013662826117447152
3483,3848625.0,-0.013648317633709245
3484,3848685.0,-0.013628042505640675
3485,3848748.0,-0.01361314836813951
3486,3848805.0,-0.013606518543371082
3487,3848865.0,-0.013604020874968953
3488,3848925.0,-0.013609242689978207
3489,3848985.0,-0.013625067310564037
3490,3849045.0,-0.013637304604105033
3491,3849105.0,-0.01364774823412343
3492,3849165.0,-0.013655308541976524
3493,3849225.0,-0.013662868849829618
3494,3849285.0,-0.013661460840070389
3495,3849345.0,-0.013648201190533532
3496,3849405.0,-0.01362270424745568
3497,3849465.0,-0.013602043465623909
3498,3849525.0,-0.013595572816413576
3499,3849585.0,-0.013608128461070873
3500,3849645.0,-0.013640800058238589
3501,3849705.0,-0.013675650972691966
3502,3849765.0,-0.013705120896578021
3503,3849825.0,-0.0135194886622573
3504,3849885.0,-0.013274676879636987
3505,3849945.0,-0.013063271047426162
3506,3850005.0,-0.012837039703792658
3507,3850065.0,-0.012643388098501102
3508,3850125.0,-0.012429141181305309
3509,3850185.0,-0.012216718375984592
3510,3850245.0,-0.011989689052348124
3511,3850305.0,-0.011736372892917318
3512,3850368.0,-0.011468102434539246
3513,3850425.0,-0.011202819912347978
3514,3850485.0,-0.0109539248664981
3515,3850545.0,-0.010697812799838585
3516,3850605.0,-0.010463265166755165
3517,3850665.0,-0.010255903202910838
3518,3850725.0,-0.010057820702277898
3519,3850785.0,-0.009857421461755805
3520,3850845.0,-0.009644092868800747
3521,3850905.0,-0.009420467042528413
3522,3850965.0,-0.009160717265106338
3523,3851025.0,-0.008880306514807729
3524,3851085.0,-0.008586107407627469
3525,3851145.0,-0.00822957781311387
3526,3851205.0,-0.007807135752447236
3527,3851265.0,-0.007439626039813602
3528,3851325.0,-0.007045269596895082
3529,3851385.0,-0.006711239936945335
3530,3851445.0,-0.006433692299674748
3531,3851508.0,-0.006188179581832376
3532,3851565.0,-0.005924625949459583
3533,3851625.0,-0.005648574806946333
3534,3851685.0,-0.005370469633705438
3535,3851745.0,-0.005057422662839234
3536,3851805.0,-0.004621148499643485
3537,3851865.0,-0.004303164586730995
3538,3851925.0,-0.004056960332489562
3539,3851985.0,-0.0038427264558005825
3540,3852045.0,-0.003622956278078432
3541,3852105.0,-0.003392513636052724
3542,3852165.0,-0.0031400274357395175
3543,3852225.0,-0.002869143015595571
3544,3852285.0,-0.002587626143652183
3545,3852345.0,-0.002291254395325265
3546,3852405.0,-0.0019966214174177155
3547,3852465.0,-0.0017471640588402615
3548,3852525.0,-0.001513469998498107
3549,3852585.0,-0.0012791582548834501
3550,3852645.0,-0.001036589203181837
3551,3852705.0,-0.0007895382041444299
3552,3852765.0,-0.0005269950032627257
3553,3852825.0,-0.0002490305620623523
3554,3852885.0,2.944703773907764e-05
3555,3852945.0,0.0003322272035361229
3556,3853005.0,0.0006502024373321869
3557,3853065.0,0.0009642810594514273
3558,3853125.0,0.0012828161992077536
3559,3853185.0,0.0015930746378437222
3560,3853245.0,0.0019067201649049237
3561,3853305.0,0.0022231821597383516
3562,3853365.0,0.0025382377607357787
3563,3853425.0,0.002860229145366794
3564,3853485.0,0.0031757235031384667
3565,3853545.0,0.003495187745489875
3566,3853605.0,0.003816816504031345
3567,3853665.0,0.004148402429343917
3568,3853725.0,0.004501771753280176
3569,3853785.0,0.004857047439061651
3570,3853845.0,0.005226038190340426
3571,3853905.0,0.00557901404651806
3572,3853965.0,0.005927726350764939
3573,3854025.0,0.0062749335198926115
3574,3854085.0,0.006597169698258548
3575,3854145.0,0.006908793948981418
3576,3854205.0,0.007202077887564412
3577,3854265.0,0.007485263346260956
3578,3854325.0,0.007746027851438908
3579,3854385.0,0.007987131905848155
3580,3854445.0,0.008213728051159302
3581,3854508.0,0.00845128729808134
3582,3854565.0,0.00868155660122688
3583,3854625.0,0.008893394124959098
3584,3854685.0,0.009145097785197592
3585,3854745.0,0.009448259985172347
3586,3854805.0,0.009748275064713735
3587,3854865.0,0.010105562572021082
3588,3854925.0,0.01048687981845145
3589,3854985.0,0.01084340760351546
3590,3855045.0,0.011123848392710661
3591,3855105.0,0.011358852137972386
3592,3855165.0,0.01158560729206598
3593,3855225.0,0.011834653868938672
3594,3855285.0,0.012121801225519785
3595,3855348.0,0.012429742005124561
3596,3855405.0,0.012736307618838455
3597,3855465.0,0.013008169262860608
3598,3855525.0,0.01325091616360724
3599,3855585.0,0.013484158404946739
3600,3855645.0,0.013720502123342665
3601,3855705.0,0.013970248279934178
3602,3855765.0,0.014201605687265723
3603,3855825.0,0.01442804612581644
3604,3855885.0,0.014666066875782147
3605,3855945.0,0.01497672088140034
3606,3856005.0,0.015175991723197252
3607,3856065.0,0.015338458878856681
3608,3856125.0,0.015508186429798454
3609,3856185.0,0.01569799917152656
3610,3856245.0,0.015905012183882933
3611,3856305.0,0.016121668699659447
3612,3856365.0,0.016406130518644507
3613,3856425.0,0.01665551860431308
3614,3856485.0,0.016860249286691692
3615,3856545.0,0.017075299518291676
3616,3856605.0,0.01727128625976701
3617,3856665.0,0.017473706931645766
3618,3856725.0,0.017737673437436152
3619,3856785.0,0.018011411573063074
3620,3856845.0,0.018283822154916946
3621,3856905.0,0.01850633918851327
3622,3856965.0,0.018713539612417868
3623,3857025.0,0.01895597731133339
3624,3857085.0,0.019239668332398152
3625,3857145.0,0.01955210732440335
3626,3857205.0,0.0198814943666962
3627,3857265.0,0.020197579059014065
3628,3857325.0,0.020462656446855743
3629,3857385.0,0.020714211299058594
3630,3857445.0,0.020947966839329396
3631,3857505.0,0.02117259950653841
3632,3857565.0,0.021398419484545628
3633,3857625.0,0.021632344526363784
3634,3857685.0,0.02196056396430071
3635,3857745.0,0.022360241639984152
3636,3857805.0,0.022749650787462494
3637,3857865.0,0.02303581733102633
3638,3857925.0,0.02327837978109601
3639,3857985.0,0.023546382540382216
3640,3858045.0,0.023852162333362764
3641,3858105.0,0.024129176706380068
3642,3858165.0,0.024375872910725932
3643,3858225.0,0.024608211061600688
3644,3858285.0,0.02483971866085663
3645,3858345.0,0.025071939367924873
3646,3858405.0,0.025324122569795632
3647,3858465.0,0.025602722398541056
3648,3858525.0,0.025917722357498174
3649,3858585.0,0.026163781219502052
3650,3858645.0,0.026505220119267037
3651,3858705.0,0.026891616800417906
3652,3858765.0,0.02726478975467475
3653,3858825.0,0.02761865868666788
3654,3858885.0,0.027932706120073758
3655,3858945.0,0.028171021297877186
3656,3859005.0,0.028400540606610347
3657,3859065.0,0.028654990118728824
3658,3859125.0,0.02895754356040417
3659,3859185.0,0.029292230586519946
3660,3859245.0,0.029645310279638792
3661,3859305.0,0.02999957060693964
3662,3859365.0,0.030288446251150763
3663,3859425.0,0.03053753632706882
3664,3859485.0,0.03071391089661349
3665,3859545.0,0.031064062639754114
3666,3859605.0,0.03144890837435105
3667,3859665.0,0.031724529370963456
3668,3859725.0,0.03195675730974459
3669,3859785.0,0.032232428347087005
3670,3859845.0,0.03255314501434012
3671,3859905.0,0.03284163303547524
3672,3859965.0,0.03309717699536585
3673,3860025.0,0.03333199936514719
3674,3860085.0,0.03360743318640111
3675,3860145.0,0.03383765029031269
3676,3860205.0,0.034128719799061874
3677,3860265.0,0.03451861416087726
3678,3860325.0,0.03492445990395107
3679,3860385.0,0.03526130580615161
3680,3860445.0,0.035581755215242705
3681,3860505.0,0.03585011315041586
3682,3860568.0,0.03611601111849225
3683,3860625.0,0.03616226943624817
3684,3860685.0,0.036183750935718045
3685,3860745.0,0.036267808557901876
3686,3860805.0,0.0363592709427219
3687,3860865.0,0.03649228601628876
3688,3860928.0,0.03660592739200755
3689,3860985.0,0.0366974441870343
3690,3861045.0,0.036744164047436106
3691,3861105.0,0.036712297300647234
3692,3861165.0,0.036756846007456406
3693,3861225.0,0.036733810888279456
3694,3861285.0,0.0366931136604072
3695,3861345.0,0.0366654677207979
3696,3861405.0,0.03667761014210136
3697,3861465.0,0.0367127197384243
3698,3861525.0,0.0367411822195646
3699,3861588.0,0.03680004296432743
3700,3861645.0,0.03686818836323966
3701,3861705.0,0.036965612263706316
3702,3861765.0,0.03700446509733488
3703,3861825.0,0.036968315080469105
3704,3861885.0,0.03690701716173686
3705,3861945.0,0.03679001168275964
3706,3862005.0,0.03662878250967966
3707,3862065.0,0.03650918987974819
3708,3862125.0,0.03637808703483153
3709,3862185.0,0.03631085259992636
3710,3862245.0,0.03629980176596484
3711,3862305.0,0.03630833829382288
3712,3862365.0,0.03629629437149384
3713,3862425.0,0.03621095902854607
3714,3862485.0,0.036204512347643075
3715,3862545.0,0.03618815223507568
3716,3862605.0,0.03605687883802558
3717,3862665.0,0.03600495036146026
3718,3862725.0,0.03604400647143963
3719,3862785.0,0.03613256112000132
3720,3862845.0,0.03620840367850853
3721,3862905.0,0.03624711656978935
3722,3862965.0,0.036311303621536006
3723,3863025.0,0.03640929935561524
3724,3863085.0,0.03646693614911872
3725,3863145.0,0.03646985952208834
3726,3863205.0,0.03643716451573362
3727,3863265.0,0.0364391772509379
3728,3863325.0,0.036491203162613395
3729,3863385.0,0.03657107541962451
3730,3863445.0,0.03664217878751891
3731,3863505.0,0.036690754131135456
3732,3863568.0,0.03668743867918936
3733,3863625.0,0.036654557165840235
3734,3863685.0,0.03661662818000952
3735,3863745.0,0.03653430099590124
3736,3863805.0,0.03658552613687413
3737,3863865.0,0.036714602275886604
3738,3863925.0,0.036836116318097495
3739,3863985.0,0.03696112030886331
3740,3864045.0,0.03709552253479237
3741,3864105.0,0.03720686367233811
3742,3864165.0,0.037199478550319465
3743,3864225.0,0.03713939876107858
3744,3864285.0,0.037108935323612174
3745,3864345.0,0.037065553438972804
3746,3864405.0,0.03701919549128008
3747,3864465.0,0.03694163244923088
3748,3864528.0,0.03681979737627031
3749,3864585.0,0.03680887644553363
3750,3864645.0,0.03705289309908788
3751,3864705.0,0.037159669882016105
3752,3864765.0,0.03719842856579175
3753,3864825.0,0.03811852859497933
3754,3864885.0,0.03895817973153187
3755,3864945.0,0.039794545250968844
3756,3865005.0,0.040818516857119874
3757,3865065.0,0.04197518101255557
3758,3865125.0,0.042105879492889686
3759,3865185.0,0.04228322224667225
3760,3865245.0,0.04248479553856255
3761,3865305.0,0.042690133028135874
3762,3865365.0,0.042981947796145975
3763,3865425.0,0.04326687389836961
3764,3865485.0,0.044897289915030475
3765,3865545.0,0.04605000267880757
3766,3865605.0,0.04708613321838581
3767,3865665.0,0.04816603831429747
3768,3865725.0,0.049408990237424705
3769,3865785.0,0.05067800166006775
3770,3865845.0,0.05196144039892997
3771,3865905.0,0.05323583877832069
3772,3865965.0,0.05457250959827942
3773,3866025.0,0.0559541425912892
3774,3866085.0,0.057381745273892976
3775,3866145.0,0.05907507533667464
3776,3866205.0,0.06104277616922746
3777,3866265.0,0.06235225889689214
3778,3866325.0,0.06352025200038611
3779,3866385.0,0.06472190002585346
3780,3866445.0,0.0659971633532482
3781,3866505.0,0.06736004785784941
3782,3866565.0,0.06874091204308144
3783,3866625.0,0.07014261708178174
3784,3866685.0,0.07151090525452328
3785,3866745.0,0.07278508326196184
3786,3866805.0,0.07419715357294246
3787,3866865.0,0.0756539681395553
3788,3866925.0,0.07712861892050285
3789,3866985.0,0.07860945306348646
3790,3867045.0,0.08027456950117887
3791,3867105.0,0.08179915449664496
3792,3867165.0,0.08300422103639546
3793,3867225.0,0.08422119626476357
3794,3867285.0,0.08551429085328002
3795,3867345.0,0.08688642544005717
3796,3867405.0,0.08832107802699632
3797,3867465.0,0.08974466970867914
3798,3867525.0,0.09112906208536511
3799,3867585.0,0.09250240721992739
3800,3867645.0,0.09387411158918493
3801,3867705.0,0.09529597014855593
3802,3867765.0,0.09661122187732565
3803,3867825.0,0.09790245986132831
3804,3867885.0,0.09924994100394288
3805,3867945.0,0.1006650586408809
3806,3868005.0,0.10210916998957201
3807,3868065.0,0.1035246255915934
3808,3868125.0,0.10500970993076578
3809,3868185.0,0.10648911973364486
3810,3868245.0,0.10795590884696757
3811,3868305.0,0.10946744588261734
3812,3868365.0,0.11098470654877227
3813,3868425.0,0.11249904378173295
3814,3868485.0,0.11392452265309835
3815,3868545.0,0.11532160384257342
3816,3868605.0,0.11647773532275232
3817,3868665.0,0.11789841191494158
3818,3868725.0,0.1180958910789511
3819,3868785.0,0.11826574770763623
3820,3868845.0,0.11843572238838343
3821,3868905.0,0.11867322020447604
3822,3868965.0,0.11905287432492076
3823,3869025.0,0.12039438770435382
3824,3869085.0,0.12144300068397815
3825,3869145.0,0.12242756525059653
3826,3869205.0,0.1235470869481978
3827,3869265.0,0.1246241999342809
3828,3869325.0,0.12473700944958369
3829,3869385.0,0.12491028170076615
3830,3869445.0,0.12493668386014392
3831,3869505.0,0.12493725291162441
3832,3869565.0,0.12504562275750467
3833,3869628.0,0.12517302493117013
3834,3869685.0,0.1253638835105352
3835,3869745.0,0.12561778836595047
3836,3869805.0,0.12691092952208474
3837,3869865.0,0.12795107669937897
3838,3869925.0,0.12895375339219725
3839,3869985.0,0.13004414066777523
3840,3870045.0,0.1310949093273022
3841,3870105.0,0.13115367920467982
3842,3870165.0,0.1312887937292259
3843,3870225.0,0.13139170148651405
3844,3870285.0,0.13155234949230152
3845,3870345.0,0.13163771522013004
3846,3870405.0,0.1317433443608336
3847,3870465.0,0.13198790161672272
3848,3870525.0,0.1322249937420221
3849,3870585.0,0.13350516640146973
3850,3870645.0,0.13451724459786377
3851,3870705.0,0.13551877419029915
3852,3870765.0,0.13668407065979934
3853,3870825.0,0.1378419732989943
3854,3870885.0,0.13796896055812394
3855,3870945.0,0.1381076169223813
3856,3871005.0,0.13814510643641734
3857,3871065.0,0.13813389407315932
3858,3871125.0,0.1382310204237497
3859,3871185.0,0.13836385512622093
3860,3871245.0,0.13857101828340293
3861,3871305.0,0.14006830837536918
3862,3871365.0,0.14132361675069974
3863,3871425.0,0.1424385531169924
3864,3871485.0,0.14352923047873703
3865,3871545.0,0.14458138626137276
3866,3871605.0,0.14562105324561261
3867,3871665.0,0.14670082837057677
3868,3871725.0,0.147846516819828
3869,3871785.0,0.147945462534988
3870,3871845.0,0.14808415174386982
3871,3871905.0,0.1482925102656655
3872,3871965.0,0.14839427855727186
3873,3872025.0,0.14999267307983719
3874,3872085.0,0.15158107040810612
3875,3872145.0,0.15268001811529044
3876,3872208.0,0.1540342699139384
3877,3872265.0,0.15539886147609275
3878,3872325.0,0.15657691340646776
3879,3872385.0,0.15767893913290984
3880,3872445.0,0.15885652609603226
3881,3872508.0,0.16003492239515701
3882,3872565.0,0.1612902363115494
3883,3872625.0,0.16263786730342397
3884,3872685.0,0.1640552422631192
3885,3872745.0,0.16543055986284702
3886,3872805.0,0.16691228445590497
3887,3872865.0,0.16817816472577632
3888,3872925.0,0.16938893487554332
3889,3872985.0,0.17056922329712956
3890,3873045.0,0.17177278865165488
3891,3873105.0,0.17301514557274147
3892,3873165.0,0.174276723401491
3893,3873225.0,0.1756226634298141
3894,3873285.0,0.17687001125032545
3895,3873345.0,0.17820544188408108
3896,3873405.0,0.17960142316565117
3897,3873465.0,0.18093038836949496
3898,3873525.0,0.18197938615759143
3899,3873585.0,0.18304157130371304
3900,3873645.0,0.18417617388673416
3901,3873705.0,0.1854253609196305
3902,3873765.0,0.18664086313527842
3903,3873825.0,0.18773814428405602
3904,3873885.0,0.18886278575163654
3905,3873945.0,0.19012135406300626
3906,3874005.0,0.19149370162393195
3907,3874065.0,0.19289033724004148
3908,3874125.0,0.19426564486412715
3909,3874185.0,0.19559574507388264
3910,3874245.0,0.19691667773016505
3911,3874305.0,0.19837784561204028
3912,3874365.0,0.19983402711394607
3913,3874425.0,0.2012558665203111
3914,3874485.0,0.20241974062982362
3915,3874545.0,0.20380139396087524
3916,3874605.0,0.20506741411751492
3917,3874665.0,0.20627008946360217
3918,3874725.0,0.20747431310453815
3919,3874785.0,0.20868610500329085
3920,3874845.0,0.20990261393454404
3921,3874905.0,0.21140298525655807
3922,3874965.0,0.21253749159164473
3923,3875025.0,0.2136622936418334
3924,3875085.0,0.21478605241986262
3925,3875145.0,0.21595411151920849
3926,3875205.0,0.2171707903447007
3927,3875265.0,0.2184320907859745
3928,3875325.0,0.21964246852907762
3929,3875385.0,0.22083262286634567
3930,3875445.0,0.22180642189391733
3931,3875505.0,0.2230053875756495
3932,3875565.0,0.2242948587974344
3933,3875625.0,0.22472731409881605
3934,3875685.0,0.2252710117821791
3935,3875745.0,0.22587758519888776
3936,3875805.0,0.22636814774861805
3937,3875865.0,0.2267667507458632
3938,3875925.0,0.22820694883782836
3939,3875985.0,0.22954198692886488
3940,3876045.0,0.23086611940525112
3941,3876105.0,0.23199589394281292
3942,3876165.0,0.23312724267941257
3943,3876225.0,0.23428819495341605
3944,3876285.0,0.23406681935623289
3945,3876345.0,0.23438832277018226
3946,3876405.0,0.2350084811579475
3947,3876465.0,0.2351688075768045
3948,3876525.0,0.23496375312501913
3949,3876585.0,0.23468713095978508
3950,3876645.0,0.23438493868833468
3951,3876705.0,0.23429412512189066
3952,3876765.0,0.23430494963514129
3953,3876825.0,0.23427524058391494
3954,3876885.0,0.23403813931989195
3955,3876945.0,0.2336150219780588
3956,3877008.0,0.23298252131735456
3957,3877065.0,0.23306630218595994
3958,3877125.0,0.23336990489737405
3959,3877185.0,0.23365077223632244
3960,3877245.0,0.23386838044503602
3961,3877305.0,0.2340439135671337
3962,3877365.0,0.23415470915914785
3963,3877425.0,0.23419838808261847
3964,3877485.0,0.23402030755048395
3965,3877545.0,0.23413417501721126
3966,3877605.0,0.23414988170350556
3967,3877665.0,0.23416093060289014
3968,3877725.0,0.23416494436964044
3969,3877785.0,0.23412256773951998
3970,3877845.0,0.23385383975261662
3971,3877905.0,0.2336934871285792
3972,3877965.0,0.2338093117778072
3973,3878025.0,0.23436793214629656
3974,3878085.0,0.23461938327020118
3975,3878145.0,0.23445203928469047
3976,3878205.0,0.23420977565352
3977,3878265.0,0.2340092732688364
3978,3878325.0,0.23383412458910627
3979,3878385.0,0.23373428447839298
3980,3878445.0,0.23372833099765386
3981,3878505.0,0.2337294702445342
3982,3878565.0,0.2338888311032625
3983,3878625.0,0.234098673869198
3984,3878685.0,0.23423411001840658
3985,3878745.0,0.23436617553038167
3986,3878805.0,0.23454217851421974
3987,3878865.0,0.23476558596493388
3988,3878925.0,0.23493989343213198
3989,3878985.0,0.23513945373348313
3990,3879045.0,0.23537767582800964
3991,3879105.0,0.23554973412048488
3992,3879165.0,0.2357693522802982
3993,3879225.0,0.23600303287206473
3994,3879285.0,0.23620669053278479
3995,3879345.0,0.23632669348706895
3996,3879405.0,0.23666936753625986
3997,3879465.0,0.23687105935333594
3998,3879525.0,0.23834423366884774
3999,3879585.0,0.239865379901842
4000,3879645.0,0.2413428813116719
4001,3879705.0,0.24271552397164162
4002,3879765.0,0.24390934087882085
4003,3879825.0,0.24418636248216072
4004,3879885.0,0.24486157172270592
4005,3879945.0,0.24567864739180265
4006,3880005.0,0.2463107081415913
4007,3880065.0,0.247089924824514
4008,3880125.0,0.24860631629274169
4009,3880185.0,0.25000215029662964
4010,3880245.0,0.2514104764680265
4011,3880305.0,0.25263140724370503
4012,3880365.0,0.2537665784117803
4013,3880425.0,0.25507847102541825
4014,3880485.0,0.25635600623837207
4015,3880545.0,0.2576586449125672
4016,3880605.0,0.2580556664359711
4017,3880665.0,0.2587576235716843
4018,3880725.0,0.2594951414776677
4019,3880785.0,0.2602460547562494
4020,3880845.0,0.2611519840288147
4021,3880905.0,0.26320103121580174
4022,3880965.0,0.2648337352208585
4023,3881025.0,0.2663640112638288
4024,3881088.0,0.26782391272450157
4025,3881145.0,0.2691637411146496
4026,3881205.0,0.2703929646056482
4027,3881268.0,0.2715360056900009
4028,3881325.0,0.2727504782554946
4029,3881385.0,0.27288856734872835
4030,3881445.0,0.27337606328441966
4031,3881505.0,0.27392444340050826
4032,3881565.0,0.2743819869551728
4033,3881625.0,0.27525437273908804
4034,3881685.0,0.2772797278522161
4035,3881745.0,0.27893929591641353
4036,3881805.0,0.2802991049186835
4037,3881865.0,0.28160099728937305
4038,3881925.0,0.2828210449824813
4039,3881985.0,0.2840992335519227
4040,3882045.0,0.28534739761583783
4041,3882105.0,0.2853888356005717
4042,3882165.0,0.28559976819544286
4043,3882225.0,0.2860128463305043
4044,3882285.0,0.28654295981552313
4045,3882345.0,0.2871561638401341
4046,3882405.0,0.2880767981708161
4047,3882468.0,0.28850839378624227
4048,3882525.0,0.28906425430862925
4049,3882585.0,0.29044648704251064
4050,3882648.0,0.29180631550799596
4051,3882705.0,0.2932135066960405
4052,3882765.0,0.29462773749084625
4053,3882825.0,0.294539345972893
4054,3882885.0,0.2944858056832885
4055,3882945.0,0.2949702702776553
4056,3883005.0,0.29522622117520037
4057,3883065.0,0.29536815605222366
4058,3883125.0,0.2956905073289515
4059,3883185.0,0.2961241774799179
4060,3883245.0,0.2965695723403362
4061,3883305.0,0.29698207826917444
4062,3883365.0,0.29732839799726285
4063,3883425.0,0.29764667498018715
4064,3883485.0,0.2983313882260411
4065,3883545.0,0.298915741054971
4066,3883605.0,0.29889250907551346
4067,3883665.0,0.299075605094388
4068,3883725.0,0.2992853444964576
4069,3883785.0,0.2995921386581748
4070,3883845.0,0.29996462899015974
4071,3883905.0,0.30035747117638933
4072,3883965.0,0.3006787428381257
4073,3884025.0,0.3009602858166949
4074,3884085.0,0.30138110225980563
4075,3884145.0,0.301711421906369
4076,3884205.0,0.30202166865328184
4077,3884265.0,0.30262389284574287
4078,3884325.0,0.3035634873746913
4079,3884385.0,0.3043062793118716
4080,3884445.0,0.3052380410612121
4081,3884505.0,0.30575084744175496
4082,3884565.0,0.3060927933240448
4083,3884625.0,0.3065209281237403
4084,3884685.0,0.3069410279470969
4085,3884745.0,0.30727029310130427
4086,3884805.0,0.3074813131379218
4087,3884865.0,0.3076079020653639
4088,3884928.0,0.30773845971719893
4089,3884985.0,0.30793638940681545
4090,3885045.0,0.3079981874199813
4091,3885105.0,0.30804151824518633
4092,3885165.0,0.30822807959854437
4093,3885225.0,0.3086660807929792
4094,3885285.0,0.30945318630586804
4095,3885345.0,0.3101447245411857
4096,3885405.0,0.31033087243303337
4097,3885465.0,0.3104632676810173
4098,3885525.0,0.31062446058105453
4099,3885585.0,0.31080242960340565
4100,3885645.0,0.31093135920413006
4101,3885705.0,0.3107748052485869
4102,3885765.0,0.31108809857456865
4103,3885825.0,0.31152542506956915
4104,3885885.0,0.3119898988804175
4105,3885945.0,0.3124590404795782
4106,3886005.0,0.31289075375938724
4107,3886065.0,0.31331291750230583
4108,3886125.0,0.3138405095144997
4109,3886185.0,0.31430959462460917
4110,3886245.0,0.3147255231648912
4111,3886305.0,0.3150486246855225
4112,3886365.0,0.3153437318883656
4113,3886425.0,0.3156404677432614
4114,3886485.0,0.315901437496904
4115,3886545.0,0.3161220348479564
4116,3886605.0,0.31653289445529287
4117,3886665.0,0.31665890344957537
4118,3886725.0,0.3166425586713375
4119,3886785.0,0.31649639397572993
4120,3886845.0,0.31646585004069894
4121,3886905.0,0.3165683783392731
4122,3886965.0,0.31676839551367864
4123,3887025.0,0.3171143677928808
4124,3887085.0,0.31740322105923446
4125,3887145.0,0.31751155343883797
4126,3887205.0,0.31739400593245215
4127,3887265.0,0.317445209013416
4128,3887325.0,0.3178071572233442
4129,3887385.0,0.31832759578855985
4130,3887445.0,0.319044622031999
4131,3887505.0,0.3196166152737021
4132,3887565.0,0.31996338503328936
4133,3887625.0,0.32040455912128385
4134,3887685.0,0.32108524127819593
4135,3887745.0,0.3212341476103143
4136,3887805.0,0.32134739323314254
4137,3887865.0,0.32142781447256985
4138,3887925.0,0.32147371844950323
4139,3887985.0,0.32154320674927195
4140,3888045.0,0.3218597976121097
4141,3888105.0,0.3219722714849541
4142,3888165.0,0.32203208842638553
4143,3888225.0,0.3221236224409465
4144,3888285.0,0.32225844713783425
4145,3888345.0,0.3222008278269516
4146,3888405.0,0.32234073632260085
4147,3888465.0,0.32241130636355975
4148,3888525.0,0.32258082817348577
4149,3888585.0,0.322998922987058
4150,3888645.0,0.3234093001285777
4151,3888705.0,0.3237998699418
4152,3888765.0,0.32397619123852184
4153,3888825.0,0.3238393113290058
4154,3888885.0,0.32400926495562954
4155,3888945.0,0.32455787641586775
4156,3889005.0,0.3251561135056714
4157,3889065.0,0.3259803810406665
4158,3889125.0,0.32658980356453615
4159,3889185.0,0.32679179417142556
4160,3889245.0,0.3269186015657062
4161,3889305.0,0.3270865882835181
4162,3889365.0,0.32728718114527644
4163,3889425.0,0.3274632221484871
4164,3889488.0,0.32758389805562305
4165,3889545.0,0.3276269973432314
4166,3889605.0,0.32756335307043194
4167,3889665.0,0.3275678372607981
4168,3889725.0,0.3278498500441892
4169,3889785.0,0.32794808864328084
4170,3889845.0,0.3277083065048202
4171,3889905.0,0.3274221294928811
4172,3889965.0,0.32712880926932864
4173,3890025.0,0.3268381910362529
4174,3890085.0,0.3265772340431544
4175,3890148.0,0.3264014854118211
4176,3890205.0,0.32629262248376945
4177,3890265.0,0.32640418034731733
4178,3890325.0,0.32680707991261815
4179,3890385.0,0.32679623484673226
4180,3890445.0,0.3263874699147732
4181,3890505.0,0.32605658113005853
4182,3890565.0,0.3258245505470113
4183,3890625.0,0.32558284562587747
4184,3890685.0,0.32524893414586165
4185,3890745.0,0.32490356832358247
4186,3890805.0,0.32483680241449353
4187,3890865.0,0.32457056402618767
4188,3890925.0,0.3244339717799799
4189,3890988.0,0.324329295359583
4190,3891045.0,0.3240572450302063
4191,3891105.0,0.3240240533355391
4192,3891168.0,0.3240344838044422
4193,3891225.0,0.3238804813419578
4194,3891285.0,0.3237136115775471
4195,3891345.0,0.32375093069782934
4196,3891405.0,0.3236091037887493
4197,3891465.0,0.3232961557388433
4198,3891525.0,0.32288651161359205
4199,3891585.0,0.3222878954311855
4200,3891645.0,0.3215662697834095
4201,3891705.0,0.3206026387659975
4202,3891765.0,0.31999836105657387
4203,3891825.0,0.319645566506349
4204,3891885.0,0.3194429066637797
4205,3891945.0,0.3193701788173847
4206,3892005.0,0.3194081859558232
4207,3892065.0,0.3195394585493406
4208,3892125.0,0.31971088158932004
4209,3892185.0,0.3198849004058305
4210,3892245.0,0.3198804807908564
4211,3892305.0,0.3197100951270957
4212,3892365.0,0.3194293444243661
4213,3892425.0,0.3187438630217302
4214,3892485.0,0.31795490550665084
4215,3892545.0,0.3175133757399716
4216,3892605.0,0.31723928669369594
4217,3892665.0,0.31705613301665736
4218,3892725.0,0.3169383935742828
4219,3892785.0,0.3168485848919361
4220,3892845.0,0.31677262908568815
4221,3892905.0,0.316667972303012
4222,3892965.0,0.3166270932882653
4223,3893025.0,0.31654602421893585
4224,3893085.0,0.31654263600662325
4225,3893145.0,0.31668000680768094
4226,3893205.0,0.31605805228005535
4227,3893265.0,0.31558954769850844
4228,3893325.0,0.31499970085078866
4229,3893385.0,0.3146975489777827
4230,3893445.0,0.31445520092140977
4231,3893505.0,0.31416340619135574
4232,3893565.0,0.31378198631942555
4233,3893625.0,0.31353848914266547
4234,3893685.0,0.31337147882125305
4235,3893745.0,0.31320554884976415
4236,3893805.0,0.3130444841250214
4237,3893865.0,0.31305195704844124
4238,3893925.0,0.3131933790553051
4239,3893985.0,0.3133395796585102
4240,3894045.0,0.3134330653798374
4241,3894105.0,0.31340728544306773
4242,3894165.0,0.31208171228278603
4243,3894225.0,0.3107457609356308
4244,3894285.0,0.3088501683902253
4245,3894345.0,0.3069978755841256
4246,3894405.0,0.306461957497692
4247,3894465.0,0.3059047644110273
4248,3894525.0,0.305469866410472
4249,3894585.0,0.3052123121738094
4250,3894645.0,0.30510488523293977
4251,3894705.0,0.304879615180926
4252,3894765.0,0.30462863003146945
4253,3894825.0,0.3042167788140918
4254,3894885.0,0.3036876599582362
4255,3894945.0,0.30322267967974825
4256,3895005.0,0.3027929628032888
4257,3895065.0,0.30224813646372406
4258,3895128.0,0.30175971678398916
4259,3895185.0,0.3001060291036507
4260,3895245.0,0.2981376263397463
4261,3895305.0,0.29653282240465495
4262,3895365.0,0.2951062633667645
4263,3895425.0,0.29365741459712624
4264,3895485.0,0.2922064172163208
4265,3895545.0,0.29211350668433833
4266,3895605.0,0.2916022332623638
4267,3895665.0,0.29107751561446515
4268,3895725.0,0.29057086693597933
4269,3895785.0,0.2900892390593576
4270,3895845.0,0.28981346254340856
4271,3895905.0,0.28942314494603383
4272,3895965.0,0.2890222655091381
4273,3896028.0,0.28848391295244824
4274,3896085.0,0.2878853283911229
4275,3896145.0,0.2872287080660285
4276,3896205.0,0.28715206220046485
4277,3896265.0,0.28578959179601093
4278,3896325.0,0.28445995779799227
4279,3896385.0,0.28312156338509264
4280,3896445.0,0.2816480144656014
4281,3896505.0,0.28118966949389546
4282,3896565.0,0.2811765642509807
4283,3896625.0,0.2810976364464003
4284,3896685.0,0.2810680386066031
4285,3896745.0,0.2795305328861025
4286,3896805.0,0.2778025332598332
4287,3896865.0,0.2760416341825451
4288,3896925.0,0.2742749800002975
4289,3896985.0,0.27249873321040796
4290,3897045.0,0.2707579713090409
4291,3897105.0,0.2690489558364776
4292,3897165.0,0.26735197196597027
4293,3897225.0,0.2656503229487497
4294,3897285.0,0.2639640022858706
4295,3897345.0,0.262223327510101
4296,3897405.0,0.2602252748080365
4297,3897465.0,0.2584728192665836
4298,3897525.0,0.2568632322889174
4299,3897585.0,0.25546024444478654
4300,3897645.0,0.25394107213414574
4301,3897705.0,0.2524910138201969
4302,3897765.0,0.2508495645626794
4303,3897825.0,0.24906123521523962
4304,3897885.0,0.2473566944972944
4305,3897945.0,0.24563817844313954
4306,3898005.0,0.24406675311404916
4307,3898065.0,0.24268877372495926
4308,3898128.0,0.24109854526316862
4309,3898185.0,0.23940411800063274
4310,3898245.0,0.237611565676872
4311,3898305.0,0.2358290643677802
4312,3898365.0,0.2341384682144332
4313,3898425.0,0.23232983407795907
4314,3898485.0,0.23044700650503777
4315,3898545.0,0.22899740407215183
4316,3898605.0,0.2274730132141917
4317,3898665.0,0.22599754403051345
4318,3898725.0,0.22451469034931384
4319,3898785.0,0.22309820144553258
4320,3898845.0,0.221478132887336
4321,3898905.0,0.22001726572573163
4322,3898965.0,0.21859891192140987
4323,3899025.0,0.21717155570136534
4324,3899085.0,0.21691901829224738
4325,3899145.0,0.21695212647637893
4326,3899205.0,0.2169292496897314
4327,3899265.0,0.21662429930358565
4328,3899325.0,0.2161046444895183
4329,3899385.0,0.21540559988264732
4330,3899445.0,0.2148441483484451
4331,3899505.0,0.2131895126342939
4332,3899565.0,0.21172168334844801
4333,3899625.0,0.21019266610697349
4334,3899685.0,0.2101435919200119
4335,3899745.0,0.2101784566353563
4336,3899805.0,0.20980706101079646
4337,3899865.0,0.20913332735277643
4338,3899925.0,0.20738087105558392
4339,3899985.0,0.20583406719604216
4340,3900045.0,0.20429468974866125
4341,3900105.0,0.20274682865692542
4342,3900165.0,0.20118250256047757
4343,3900225.0,0.19954653903161088
4344,3900285.0,0.19790909622773092
4345,3900345.0,0.19623780400856525
4346,3900405.0,0.19457565613400088
4347,3900465.0,0.1928267569812863
4348,3900525.0,0.19082053808582936
4349,3900585.0,0.1889906628706001
4350,3900645.0,0.1876129027135688
4351,3900705.0,0.18621374951255662
4352,3900765.0,0.18469105197575544
4353,3900825.0,0.1831521062053971
4354,3900885.0,0.1816195079653263
4355,3900945.0,0.1801115360467573
4356,3901005.0,0.1785620158450493
4357,3901065.0,0.1767478710740942
4358,3901125.0,0.17457802375378859
4359,3901185.0,0.1727584275471661
4360,3901245.0,0.17135742636310605
4361,3901305.0,0.1699298465247028
4362,3901365.0,0.16850180762160646
4363,3901425.0,0.16710849990425122
4364,3901485.0,0.1657019209158239
4365,3901545.0,0.16422451063680935
4366,3901605.0,0.16248163280701414
4367,3901665.0,0.16081020542571747
4368,3901728.0,0.15925715739339932
4369,3901785.0,0.15770786821163166
4370,3901845.0,0.15636850501873242
4371,3901905.0,0.15500398648819338
4372,3901965.0,0.1536214254566318
4373,3902025.0,0.15220284042962992
4374,3902085.0,0.15077912829857185
4375,3902145.0,0.1491213411768035
4376,3902205.0,0.14751973477166427
4377,3902265.0,0.1460532218133577
4378,3902325.0,0.14461005122399487
4379,3902385.0,0.14320859819825474
4380,3902445.0,0.1417810103337638
4381,3902505.0,0.14043594322158084
4382,3902565.0,0.13917676270758847
4383,3902625.0,0.1378723488711691
4384,3902685.0,0.1364894407036377
4385,3902745.0,0.1349733218736945
4386,3902805.0,0.13339687602092284
4387,3902865.0,0.13182796518421505
4388,3902925.0,0.13023792079206356
4389,3902985.0,0.12867017120958632
4390,3903045.0,0.1271802171362392
4391,3903105.0,0.12582406894595008
4392,3903165.0,0.12448403488067852
4393,3903225.0,0.12312924081910051
4394,3903285.0,0.12169436022622007
4395,3903345.0,0.1202976529721271
4396,3903405.0,0.11907840872173933
4397,3903465.0,0.1178539221107405
4398,3903525.0,0.11644485547826791
4399,3903585.0,0.11492150749534355
4400,3903645.0,0.11337298619477301
4401,3903705.0,0.11183919676404189
4402,3903765.0,0.11032929227506874
4403,3903825.0,0.1088344960553436
4404,3903885.0,0.10717214925677024
4405,3903945.0,0.10533139547653406
4406,3904005.0,0.10388977374585953
4407,3904065.0,0.1027422542790262
4408,3904125.0,0.1015452925675546
4409,3904185.0,0.1003027034220447
4410,3904245.0,0.09901137424235443
4411,3904305.0,0.09769559183706042
4412,3904365.0,0.09646529292657677
4413,3904425.0,0.09518173543819955
4414,3904485.0,0.09382693105448783
4415,3904545.0,0.09239980417522434
4416,3904605.0,0.0909272038635783
4417,3904665.0,0.08939617247366807
4418,3904725.0,0.0877573039269223
4419,3904785.0,0.08604877835950472
4420,3904845.0,0.08428139138720595
4421,3904905.0,0.08263028709895617
4422,3904965.0,0.08229681536298214
4423,3905028.0,0.08196554011612325
4424,3905085.0,0.08175334777006574
4425,3905145.0,0.08162259991913998
4426,3905205.0,0.08065570657833279
4427,3905265.0,0.07971546444727154
4428,3905325.0,0.07868050022423526
4429,3905385.0,0.07740697521605092
4430,3905448.0,0.07589935061912248
4431,3905505.0,0.07446789238801846
4432,3905565.0,0.07312924484813152
4433,3905625.0,0.07196338629141466
4434,3905685.0,0.0708357802469187
4435,3905745.0,0.06962943441075689
4436,3905805.0,0.06821662526612424
4437,3905865.0,0.06666166398256748
4438,3905925.0,0.06497692108865019
4439,3905985.0,0.06465635061682065
4440,3906045.0,0.06444286877663577
4441,3906105.0,0.06424683242168452
4442,3906165.0,0.06406455371076372
4443,3906225.0,0.06392160547931361
4444,3906285.0,0.06380212464766297
4445,3906345.0,0.06231604591689191
4446,3906405.0,0.06126563305971172
4447,3906465.0,0.060240214552785415
4448,3906525.0,0.059164890920879426
4449,3906585.0,0.05801095161323258
4450,3906645.0,0.05678656852992339
4451,3906705.0,0.055573941152321865
4452,3906765.0,0.05427987807986609
4453,3906825.0,0.05292979679363083
4454,3906885.0,0.0515622825373033
4455,3906945.0,0.05016093169374258
4456,3907005.0,0.048694042216685746
4457,3907068.0,0.04860927528543152
4458,3907125.0,0.04840900144146315
4459,3907185.0,0.04810588919582831
4460,3907245.0,0.047957839992053414
4461,3907305.0,0.046815096703156006
4462,3907365.0,0.04526598144514857
4463,3907425.0,0.043745186649585016
4464,3907485.0,0.04209164912582539
4465,3907545.0,0.04185658847669532
4466,3907605.0,0.04180340912863381
4467,3907665.0,0.04178666825163194
4468,3907725.0,0.04175296520480479
4469,3907785.0,0.04171862470568566
4470,3907845.0,0.04166341338088464
4471,3907905.0,0.04162011350528155
4472,3907965.0,0.04159057233052915
4473,3908025.0,0.0415739905983071
4474,3908085.0,0.041592356370881794
4475,3908145.0,0.04164848154285086
4476,3908205.0,0.04169434125470581
4477,3908265.0,0.04171956706941257
4478,3908325.0,0.04174046856788913
4479,3908385.0,0.04176171100432849
4480,3908445.0,0.041777314402025395
4481,3908505.0,0.04178037143468277
4482,3908565.0,0.04178263405128302
4483,3908625.0,0.041768234084947065
4484,3908685.0,0.04174165321297593
4485,3908745.0,0.04178978233129485
4486,3908805.0,0.04174171833666507
4487,3908865.0,0.04168311965215149
4488,3908925.0,0.04169905545352934
4489,3908985.0,0.04173396997975071
4490,3909045.0,0.04176612906737598
4491,3909105.0,0.04178097271821962
4492,3909165.0,0.04178670978871393
4493,3909225.0,0.04178424139413531
4494,3909285.0,0.04173077435305586
4495,3909348.0,0.041667748285577594
4496,3909405.0,0.04164862812475412
4497,3909465.0,0.04158090165398398
4498,3909525.0,0.041517086708984435
4499,3909585.0,0.04136967184387916
4500,3909645.0,0.041191986986221674
4501,3909705.0,0.04110708461652526
4502,3909765.0,0.04095342420009354
4503,3909825.0,0.04075164593793476
4504,3909885.0,0.03956652319773504
4505,3909945.0,0.03802856266658444
4506,3910005.0,0.03645775893777031
4507,3910065.0,0.035268534815076885
4508,3910125.0,0.03421473811270195
4509,3910185.0,0.033135423471562675
4510,3910245.0,0.03197346270962362
4511,3910305.0,0.03193308948713955
4512,3910365.0,0.03186562817564412
4513,3910425.0,0.03174794753527449
4514,3910485.0,0.03010809696721814
4515,3910545.0,0.02831896348242305
4516,3910605.0,0.026899952194940374
4517,3910665.0,0.02551581527439578
4518,3910725.0,0.025377043428466445
4519,3910785.0,0.025379718362101233
4520,3910845.0,0.025365288595157465
4521,3910905.0,0.025319604531936102
4522,3910965.0,0.025227623288806844
4523,3911025.0,0.025170681124062205
4524,3911085.0,0.025152666834916487
4525,3911145.0,0.025158385464231187
4526,3911205.0,0.025171853789969778
4527,3911265.0,0.025186274581826096
4528,3911325.0,0.025202557613170945
4529,3911385.0,0.02521892548662144
4530,3911445.0,0.02510505458852319
4531,3911505.0,0.025089193064035814
4532,3911565.0,0.025151796621487088
4533,3911625.0,0.025218897094208936
4534,3911685.0,0.02528232626126442
4535,3911745.0,0.025287895005065453
4536,3911805.0,0.025305580472150063
4537,3911865.0,0.02535550806832268
4538,3911925.0,0.025474004073788553
4539,3911985.0,0.025610971487653067
4540,3912045.0,0.025730400279527332
4541,3912105.0,0.025857475705233807
4542,3912165.0,0.02595128554993356
4543,3912228.0,0.026003136402346833
4544,3912285.0,0.026068646028580195
4545,3912345.0,0.026146697560175403
4546,3912405.0,0.02626011924561275
4547,3912465.0,0.026358461745055045
4548,3912525.0,0.026399627420562816
4549,3912585.0,0.026499923079449234
4550,3912645.0,0.026567220649970524
4551,3912708.0,0.026588974904578205
4552,3912765.0,0.026572453887626912
4553,3912825.0,0.026586678758207416
4554,3912885.0,0.026624138841862266
4555,3912945.0,0.026671587426843724
4556,3913005.0,0.026726878828819384
4557,3913065.0,0.02675489281307447
4558,3913125.0,0.026827462947931674
4559,3913185.0,0.02690179223169034
4560,3913245.0,0.026967662432414358
4561,3913305.0,0.027030987937546158
4562,3913365.0,0.027045276509526872
4563,3913425.0,0.027020665770109753
4564,3913485.0,0.027006736702438833
4565,3913545.0,0.027029002209568415
4566,3913605.0,0.027061505745502173
4567,3913665.0,0.027051580608319692
4568,3913725.0,0.027018514213221295
4569,3913785.0,0.02696808647567217
4570,3913845.0,0.026915778578947197
4571,3913905.0,0.026884134162094037
4572,3913965.0,0.02690905346776823
4573,3914025.0,0.02696547539439495
4574,3914085.0,0.027041551019912263
4575,3914145.0,0.027119809649269994
4576,3914205.0,0.027202071419579477
4577,3914265.0,0.027207151500212634
4578,3914325.0,0.02730438773352531
4579,3914385.0,0.027469888253914165
4580,3914445.0,0.02762577174637884
4581,3914505.0,0.02776481373909212
4582,3914565.0,0.027887383878056615
4583,3914625.0,0.027987612114872634
4584,3914685.0,0.028062858877792946
4585,3914745.0,0.02807115408218394
4586,3914805.0,0.028114521535867326
4587,3914865.0,0.02814572077210306
4588,3914925.0,0.028159749233527404
4589,3914985.0,0.028172905044452023
4590,3915045.0,0.028177656924348926
4591,3915105.0,0.028174211146874795
4592,3915165.0,0.028180667259016884
4593,3915225.0,0.028186111499484773
4594,3915285.0,0.02818719988978516
4595,3915345.0,0.028193134305282946
4596,3915405.0,0.028202838486027865
4597,3915465.0,0.02821615582339701
4598,3915525.0,0.02824259487097644
4599,3915588.0,0.028281180196175842
4600,3915645.0,0.02833256679868998
4601,3915705.0,0.02839197551394987
4602,3915765.0,0.02844320211991766
4603,3915828.0,0.02849921198121455
4604,3915885.0,0.02856277893804801
4605,3915945.0,0.028634474609930544
4606,3916005.0,0.028700428918843973
4607,3916065.0,0.02876537827926806
4608,3916125.0,0.02883209785674834
4609,3916185.0,0.028895751693016808
4610,3916245.0,0.028954957447247825
4611,3916305.0,0.029024729879905842
4612,3916365.0,0.02908858368640807
4613,3916425.0,0.029151521259879493
4614,3916485.0,0.02917342365464584
4615,3916545.0,0.029167054942130205
4616,3916605.0,0.029274420876686802
4617,3916665.0,0.029412412113526493
4618,3916725.0,0.029542190541367364
4619,3916785.0,0.0296337240573972
4620,3916845.0,0.029684692600745022
4621,3916905.0,0.0296891690571576
4622,3916965.0,0.029658221311406302
4623,3917025.0,0.029600319157677774
4624,3917085.0,0.029533355809203826
4625,3917145.0,0.029485220091804265
4626,3917205.0,0.029484416938395708
4627,3917265.0,0.02951919286406532
4628,3917325.0,0.02958257485814486
4629,3917385.0,0.02967119739151783
4630,3917445.0,0.029770312131560478
4631,3917505.0,0.029876074087644033
4632,3917565.0,0.02997553655891741
4633,3917625.0,0.030079624734951765
4634,3917685.0,0.030193597001300115
4635,3917745.0,0.030305813441055957
4636,3917805.0,0.030365109843632193
4637,3917865.0,0.030319248738416377
4638,3917925.0,0.030305552068440322
4639,3917985.0,0.030365202403064978
4640,3918045.0,0.030414872868374715
4641,3918105.0,0.030464092782119118
4642,3918165.0,0.03048438014088367
4643,3918225.0,0.03048461880774106
4644,3918285.0,0.030529536212806047
4645,3918345.0,0.030629099420460465
4646,3918405.0,0.030729004471212296
4647,3918465.0,0.03080550985482397
4648,3918528.0,0.030890310504420454
4649,3918585.0,0.030950791657801208
4650,3918645.0,0.030991776541271193
4651,3918705.0,0.03100076249213843
4652,3918765.0,0.030978508539678623
4653,3918825.0,0.030925699427132913
4654,3918885.0,0.03085175763912268
4655,3918945.0,0.030782944274946017
4656,3919005.0,0.030754214297310706
4657,3919065.0,0.03075835835211746
4658,3919125.0,0.030780923758388257
4659,3919185.0,0.030813566698513345
4660,3919245.0,0.0308713423603946
4661,3919305.0,0.030932804890195037
4662,3919365.0,0.031007650032629896
4663,3919425.0,0.031099953670554153
4664,3919485.0,0.031189804830413198
4665,3919545.0,0.03128005019625035
4666,3919605.0,0.03136301756332577
4667,3919665.0,0.03142449881482054
4668,3919725.0,0.031464133081437695
4669,3919785.0,0.031494529181912145
4670,3919845.0,0.03151744902797585
4671,3919905.0,0.03153699707101945
4672,3919965.0,0.03155527828092017
4673,3920025.0,0.03157529360108671
4674,3920085.0,0.03159498295220245
4675,3920145.0,0.03161284505270037
4676,3920205.0,0.03162687294456146
4677,3920265.0,0.03164449038093964
4678,3920325.0,0.03165642123367998
4679,3920385.0,0.03167252030882381
4680,3920445.0,0.031677528291331775
4681,3920505.0,0.031595797512605245
4682,3920565.0,0.0316582938028776
4683,3920625.0,0.031806894902000116
4684,3920685.0,0.031964580693815525
4685,3920745.0,0.032097302980998416
4686,3920805.0,0.03219023512761526
4687,3920865.0,0.03224875568657404
4688,3920925.0,0.032275579711903285
4689,3920985.0,0.03228107553578566
4690,3921045.0,0.032269850325206156
4691,3921105.0,0.032277392831651236
4692,3921165.0,0.03231864754636232
4693,3921225.0,0.032375751711810674
4694,3921285.0,0.03243693485517557
4695,3921345.0,0.03250188810649776
4696,3921405.0,0.032578454257227524
4697,3921465.0,0.03264689742926999
4698,3921525.0,0.03271596944642263
4699,3921585.0,0.03277064760951148
4700,3921645.0,0.032796264795074
4701,3921705.0,0.03282001843656346
4702,3921765.0,0.03282710528933025
4703,3921825.0,0.03284080682340684
4704,3921885.0,0.032857509195141105
4705,3921945.0,0.03287056845315814
4706,3922005.0,0.03287916142308328
4707,3922065.0,0.032894155311557205
4708,3922128.0,0.03290912194439369
4709,3922185.0,0.032927510296753254
4710,3922245.0,0.03294281972861693
4711,3922305.0,0.03295958275980285
4712,3922365.0,0.032973869855994875
4713,3922425.0,0.032990814718695916
4714,3922485.0,0.033011946888061
4715,3922545.0,0.03305220153666896
4716,3922605.0,0.033100789116996404
4717,3922665.0,0.03314883472311572
4718,3922725.0,0.03318368127891061
4719,3922785.0,0.0332050406218094
4720,3922845.0,0.03321335060197969
4721,3922905.0,0.03322120784436078
4722,3922965.0,0.03323747613178957
4723,3923025.0,0.03328568842749027
4724,3923085.0,0.03334334403796771
4725,3923145.0,0.03340850769121184
4726,3923205.0,0.033438319195997906
4727,3923265.0,0.03343161365546374
4728,3923325.0,0.03340519722684407
4729,3923385.0,0.03338944216510911
4730,3923445.0,0.03338938455739612
4731,3923505.0,0.033391531099139615
4732,3923565.0,0.033400600589008095
4733,3923625.0,0.03340328248177474
4734,3923685.0,0.0334119538390705
4735,3923745.0,0.03342201404479056
4736,3923805.0,0.03342279427890271
4737,3923865.0,0.03341205439876466
4738,3923925.0,0.033400216317804904
4739,3923985.0,0.03339905628081494
4740,3924045.0,0.03341107622460654
4741,3924105.0,0.033430106386490355
4742,3924165.0,0.033449198338195124
4743,3924225.0,0.033468301040374376
4744,3924285.0,0.0335022041631923
4745,3924345.0,0.033540853425682776
4746,3924405.0,0.03359052263650156
4747,3924465.0,0.033645323646770586
4748,3924525.0,0.03370584305788499
4749,3924585.0,0.033767164998716015
4750,3924645.0,0.0338159676682723
4751,3924705.0,0.0338663760679864
4752,3924765.0,0.03389988758169432
4753,3924825.0,0.03393826122251439
4754,3924885.0,0.03398044881618348
4755,3924945.0,0.03400865786627105
4756,3925005.0,0.03401060777636128
4757,3925068.0,0.03399174367390034
4758,3925125.0,0.03396519746462354
4759,3925185.0,0.03393370522451636
4760,3925245.0,0.03387800815903866
4761,3925305.0,0.03381827985883962
4762,3925365.0,0.03375707994669419
4763,3925425.0,0.03369739541861544
4764,3925485.0,0.03363915160076322
4765,3925545.0,0.0336106859889595
4766,3925605.0,0.03360041392016236
4767,3925668.0,0.03359987636570813
4768,3925725.0,0.03375642507844051
4769,3925785.0,0.034255916677637444
4770,3925845.0,0.034572891952287715
4771,3925905.0,0.034785611341869166
4772,3925965.0,0.03498164685541508
4773,3926025.0,0.034752513163274906
4774,3926085.0,0.0345232674239824
4775,3926145.0,0.03428371557419205
4776,3926205.0,0.03402631550032034
4777,3926265.0,0.033756301450834386
4778,3926325.0,0.033458727247627024
4779,3926385.0,0.033138543687664945
4780,3926445.0,0.03279796286194053
4781,3926505.0,0.03244593641686738
4782,3926565.0,0.03211912690172716
4783,3926625.0,0.03179513734769118
4784,3926685.0,0.031463730167421405
4785,3926745.0,0.031126821399177024
4786,3926805.0,0.030801543631892886
4787,3926865.0,0.030485738415709424
4788,3926925.0,0.030172746503812825
4789,3926985.0,0.029863276667249444
4790,3927045.0,0.02955931916853416
4791,3927105.0,0.029240161527277042
4792,3927165.0,0.028920482715219714
4793,3927225.0,0.028600576624448343
4794,3927285.0,0.028268334908002124
4795,3927348.0,0.027946837983544276
4796,3927405.0,0.027624501515512073
4797,3927465.0,0.027337404318635544
4798,3927525.0,0.027056535866875536
4799,3927585.0,0.026787565627366117
4800,3927645.0,0.02652083966515409
4801,3927705.0,0.026263330896096587
4802,3927765.0,0.026016329360974977
4803,3927825.0,0.025769669538985573
4804,3927885.0,0.025527079089310206
4805,3927945.0,0.02526376377427844
4806,3928005.0,0.024982857744444004
4807,3928065.0,0.02469260267023818
4808,3928125.0,0.02438455491621805
4809,3928185.0,0.024059613835289095
4810,3928245.0,0.02372920278306645
4811,3928305.0,0.023394795256875656
4812,3928365.0,0.023061516181092895
4813,3928425.0,0.022720075629560077
4814,3928485.0,0.022362149747564036
4815,3928545.0,0.021993942067954103
4816,3928605.0,0.021649436022711604
4817,3928665.0,0.021354434877999956
4818,3928725.0,0.021082154607268394
4819,3928785.0,0.020824981193873854
4820,3928845.0,0.02059300350710816
4821,3928905.0,0.020362832295363287
4822,3928965.0,0.02013349524715219
4823,3929025.0,0.019887213169649254
4824,3929085.0,0.019625764763060022
4825,3929145.0,0.019363214169285797
4826,3929205.0,0.01910268663354958
4827,3929265.0,0.018851078915771785
4828,3929325.0,0.018592479073554324
4829,3929385.0,0.018327708766568057
4830,3929445.0,0.018066886232865204
4831,3929505.0,0.0178153198849805
4832,3929565.0,0.017587941883947578
4833,3929625.0,0.01735837580524116
4834,3929685.0,0.017117054500872253
4835,3929745.0,0.016875165548682652
4836,3929805.0,0.016623245252369717
4837,3929865.0,0.01636466125856806
4838,3929925.0,0.016096463308644476
4839,3929985.0,0.01582516966887601
4840,3930045.0,0.015536129037667684
4841,3930105.0,0.015244539947711133
4842,3930165.0,0.014934158550232612
4843,3930225.0,0.014613152483912012
4844,3930285.0,0.014289637649546522
4845,3930345.0,0.01397893852014262
4846,3930405.0,0.013673912527034038
4847,3930465.0,0.013402876787416335
4848,3930525.0,0.013149993477212435
4849,3930585.0,0.01290462456326616
4850,3930645.0,0.0126546671841484
4851,3930705.0,0.012399345573932408
4852,3930765.0,0.012146243907106502
4853,3930825.0,0.0118922358865296
4854,3930885.0,0.011640384938438775
4855,3930945.0,0.011374807776497353
4856,3931005.0,0.011136430069519782
4857,3931065.0,0.010896437728271507
4858,3931125.0,0.01064981507089996
4859,3931185.0,0.010398979604288233
4860,3931245.0,0.010153889452173048
4861,3931305.0,0.009904547258532376
4862,3931365.0,0.009647147556501229
4863,3931425.0,0.009370725870862823
4864,3931485.0,0.009084537340534132
4865,3931545.0,0.008788229322221869
4866,3931605.0,0.008494822622656856
4867,3931665.0,0.008204170839754582
4868,3931725.0,0.007922373489636758
4869,3931785.0,0.007642493069302064
4870,3931845.0,0.007365237507791583
4871,3931905.0,0.007081881939787177
4872,3931965.0,0.006794880219964522
4873,3932025.0,0.006503477514793438
4874,3932085.0,0.006211921802376147
4875,3932145.0,0.005912601772242593
4876,3932205.0,0.0056131758421403
4877,3932265.0,0.005325627011100509
4878,3932325.0,0.0050402901696086355
4879,3932385.0,0.0047723347262399185
4880,3932445.0,0.004542277588029081
4881,3932505.0,0.004306923729481438
4882,3932565.0,0.004083184187417571
4883,3932625.0,0.003839878270075786
4884,3932685.0,0.0035824723266420777
4885,3932745.0,0.0033269761122932395
4886,3932805.0,0.0030676521587828243
4887,3932865.0,0.0028146960946802413
4888,3932925.0,0.002562455263873914
4889,3932985.0,0.002321183087268003
4890,3933045.0,0.0020878499926510197
4891,3933105.0,0.0018605552494360411
4892,3933165.0,0.0016322392638362937
4893,3933225.0,0.0013928644404897772
4894,3933285.0,0.001141551742404212
4895,3933345.0,0.0008590324507626035
4896,3933405.0,0.0005563899044049025
4897,3933465.0,0.00024702036347665213
4898,3933525.0,-5.9832329106862536e-05
4899,3933585.0,-0.0003598912109532282
4900,3933645.0,-0.000633525546027025
4901,3933705.0,-0.0008977565720446334
4902,3933765.0,-0.0011649572549230491
4903,3933825.0,-0.001481493030163733
4904,3933885.0,-0.0018283740625580636
4905,3933945.0,-0.0021915505335881325
4906,3934005.0,-0.0025259304391112847
4907,3934065.0,-0.0028166920923373973
4908,3934125.0,-0.003095582452767698
4909,3934185.0,-0.0033609609906647686
4910,3934245.0,-0.00361313791689416
4911,3934305.0,-0.0038578951045726007
4912,3934365.0,-0.004097977607855685
4913,3934425.0,-0.004327808420248852
4914,3934485.0,-0.0045617343377359065
4915,3934545.0,-0.004802124625302939
4916,3934608.0,-0.005048157541389875
4917,3934665.0,-0.005293739399965053
4918,3934725.0,-0.005555778892828517
4919,3934785.0,-0.005816785454150458
4920,3934845.0,-0.0060671586540350375
4921,3934905.0,-0.006314812525545582
4922,3934965.0,-0.006545628458642261
4923,3935025.0,-0.006772972696994645
4924,3935085.0,-0.007010295900581692
4925,3935145.0,-0.007259570821150224
4926,3935205.0,-0.007523774527395527
4927,3935265.0,-0.007793209138149876
4928,3935325.0,-0.008088398402616687
4929,3935385.0,-0.008397382615317112
4930,3935445.0,-0.008720020977370735
4931,3935505.0,-0.009060388460979757
4932,3935565.0,-0.009389041443719964
4933,3935625.0,-0.009723088950671116
4934,3935685.0,-0.010056119539191027
4935,3935745.0,-0.010367208341057393
4936,3935805.0,-0.010657284033630393
4937,3935865.0,-0.010917750229860052
4938,3935925.0,-0.011177160960614857
4939,3935985.0,-0.011437299085890057
4940,3936045.0,-0.01167248288898623
4941,3936105.0,-0.011909674398831394
4942,3936165.0,-0.012154579377494396
4943,3936225.0,-0.012399505281323275
4944,3936285.0,-0.012647596969497965
4945,3936345.0,-0.012884548493431541
4946,3936405.0,-0.013125818492388114
4947,3936465.0,-0.013371704544711455
4948,3936525.0,-0.013769857111170208
4949,3936585.0,-0.014507828239105264
4950,3936645.0,-0.015059721527703712
4951,3936705.0,-0.015499506785588285
4952,3936765.0,-0.01591480654853694
4953,3936825.0,-0.015917402497996558
4954,3936885.0,-0.015919839271898023
4955,3936945.0,-0.0159190743725178
4956,3937005.0,-0.01592048879042332
4957,3937065.0,-0.01591136770539911
4958,3937125.0,-0.015884150809591907
4959,3937185.0,-0.01584008693720304
4960,3937245.0,-0.015776292766066957
4961,3937305.0,-0.01570766243368485
4962,3937365.0,-0.015653381409482553
4963,3937425.0,-0.015603777370967992
4964,3937485.0,-0.015551130834730004
4965,3937545.0,-0.015505499777023618
4966,3937605.0,-0.01548661449659608
4967,3937665.0,-0.015478172846187105
4968,3937725.0,-0.01547854033783222
4969,3937785.0,-0.015476410161075205
4970,3937845.0,-0.015466560500907028
4971,3937905.0,-0.015441112698358045
4972,3937965.0,-0.015405606919553783
4973,3938025.0,-0.015367762647905653
4974,3938085.0,-0.015330463205578931
4975,3938145.0,-0.015291914929051215
4976,3938205.0,-0.015253366652523498
4977,3938265.0,-0.015216612039518185
4978,3938328.0,-0.015180402255834308
4979,3938385.0,-0.015141694803748496
4980,3938445.0,-0.015102987351662545
4981,3938505.0,-0.015071454553666541
4982,3938565.0,-0.015063625035225847
4983,3938625.0,-0.015068032810326176
4984,3938685.0,-0.015073530244069183
4985,3938745.0,-0.015062339876788483
4986,3938805.0,-0.015039842699051814
4987,3938865.0,-0.01500962603790365
4988,3938925.0,-0.014965764073455429
4989,3938985.0,-0.014927827928896048
4990,3939045.0,-0.014895817604225398
4991,3939105.0,-0.014874410085131434
4992,3939165.0,-0.014860562873890676
4993,3939225.0,-0.014855524804704007
4994,3939285.0,-0.014859295877571427
4995,3939345.0,-0.014846923978736687
4996,3939405.0,-0.014830419923535648
4997,3939465.0,-0.014808534877767177
4998,3939525.0,-0.014786105002677269
4999,3939585.0,-0.014767807283953743
5000,3939645.0,-0.014758477882842541
5001,3939705.0,-0.014756867965142667
5002,3939765.0,-0.014749173051995718
5003,3939825.0,-0.014733758655437496
5004,3939885.0,-0.014711873609669024
5005,3939945.0,-0.014689988563900552
5006,3940005.0,-0.01467402933802095
5007,3940065.0,-0.014669762576360795
5008,3940125.0,-0.014662998146298484
5009,3940185.0,-0.01464851423282501
5010,3940245.0,-0.014630442992306453
5011,3940305.0,-0.014617752742355383
5012,3940365.0,-0.01461995662990545
5013,3940425.0,-0.014613192199843195
5014,3940485.0,-0.014602840442736076
5015,3940545.0,-0.014593737519829925
5016,3940605.0,-0.014585179426245182
5017,3940665.0,-0.014575372498459443
5018,3940725.0,-0.014567359234196137
5019,3940785.0,-0.014569948775509545
5020,3940845.0,-0.014576670473189252
5021,3940905.0,-0.014443893395295532
5022,3940965.0,-0.01420978322784669
5023,3941025.0,-0.013939553473014538
5024,3941085.0,-0.013655593083258755
5025,3941145.0,-0.013427992777007541
5026,3941205.0,-0.013239911884902533
5027,3941265.0,-0.013025172969401144
5028,3941325.0,-0.012768163599126858
5029,3941385.0,-0.01247737721884623
5030,3941445.0,-0.01214868953729406
5031,3941505.0,-0.011819268393724658
5032,3941565.0,-0.011537846128848422
5033,3941625.0,-0.011272565697773712
5034,3941685.0,-0.011021698770989463
5035,3941745.0,-0.010763046176394953
5036,3941805.0,-0.010513272856207595
5037,3941865.0,-0.010200125922961129
5038,3941925.0,-0.009986609049589285
5039,3941985.0,-0.009770089388046382
5040,3942045.0,-0.009553331959498562
5041,3942105.0,-0.009334447084034386
5042,3942165.0,-0.009113641575060366
5043,3942225.0,-0.008889107179613304
5044,3942285.0,-0.00864738296816106
5045,3942345.0,-0.008395143960889778
5046,3942405.0,-0.008111764875389366
5047,3942465.0,-0.007804333249915391
5048,3942525.0,-0.007479140167395759
5049,3942585.0,-0.0071287095563850045
5050,3942645.0,-0.00680859488416799
5051,3942705.0,-0.006531157188107539
5052,3942765.0,-0.006274832682360093
5053,3942825.0,-0.006023419420492504
5054,3942885.0,-0.005776659432950471
5055,3942945.0,-0.0055198330647158456
5056,3943005.0,-0.0052654116789978
5057,3943065.0,-0.004952815116598869
5058,3943125.0,-0.004652118732405147
5059,3943185.0,-0.004479153712071998
5060,3943245.0,-0.004345150832004097
5061,3943305.0,-0.004167652305988229
5062,3943365.0,-0.0038877656737537902
5063,3943425.0,-0.003567120256952633
5064,3943485.0,-0.0032400617414854727
5065,3943545.0,-0.002960483969020239
5066,3943605.0,-0.0026836951641505957
5067,3943665.0,-0.002407861125504146
5068,3943725.0,-0.0021481678984552888
5069,3943785.0,-0.0018516065319994779
5070,3943845.0,-0.0015878377730024484
5071,3943905.0,-0.0014036511073352853
5072,3943965.0,-0.0012131022330933994
5073,3944025.0,-0.0010066660055887133
5074,3944085.0,-0.0007871546433125265
5075,3944145.0,-0.0004614481504298662
5076,3944205.0,-0.00011743731634439314
5077,3944265.0,0.00023886659359861895
5078,3944325.0,0.0005704217179845761
5079,3944385.0,0.0008475434178803476
5080,3944445.0,0.0010707899941564958
5081,3944505.0,0.0013003949716158536
5082,3944565.0,0.0015606997411578838
5083,3944625.0,0.0018513411556978776
5084,3944685.0,0.0021609732027938477
5085,3944745.0,0.002553565032766214
5086,3944805.0,0.0028032539005542756
5087,3944865.0,0.003064340267950355
5088,3944925.0,0.0033800701805860034
5089,3944985.0,0.0037257902493930406
5090,3945045.0,0.004087332683517381
5091,3945105.0,0.004421114325536046
5092,3945165.0,0.004735362199840082
5093,3945225.0,0.005038470450168697
5094,3945285.0,0.005324898473814094
5095,3945345.0,0.00567403916222034
5096,3945405.0,0.006024375463132198
5097,3945465.0,0.006316179785996162
5098,3945525.0,0.006603702171373127
5099,3945585.0,0.006904595193824137
5100,3945645.0,0.007224407944531747
5101,3945705.0,0.007617318146190655
5102,3945765.0,0.008010601160331615
5103,3945825.0,0.008380933211044106
5104,3945885.0,0.008688510452197068
5105,3945945.0,0.008997863938378287
5106,3946005.0,0.009305358888605147
5107,3946065.0,0.00959685214241121
5108,3946125.0,0.009892562083813755
5109,3946185.0,0.010209455309441035
5110,3946245.0,0.010517136065137128
5111,3946305.0,0.010808848548435251
5112,3946365.0,0.011123650033987159
5113,3946425.0,0.011540930899113316
5114,3946485.0,0.011975108993844547
5115,3946545.0,0.01238845082145204
5116,3946605.0,0.012790815306431863
5117,3946665.0,0.013168132417858441
5118,3946725.0,0.013559357129180744
5119,3946785.0,0.013973809138810606
5120,3946845.0,0.014407291657835691
5121,3946905.0,0.01484695373080705
5122,3946965.0,0.015305911892167207
5123,3947025.0,0.01577230582753178
5124,3947085.0,0.01622879085650608
5125,3947145.0,0.016839275651340357
5126,3947205.0,0.017360350972131622
5127,3947265.0,0.017840942509550456
5128,3947325.0,0.01830628665277151
5129,3947385.0,0.01871702211745474
5130,3947445.0,0.01917382132773754
5131,3947505.0,0.01967271392673417
5132,3947565.0,0.020121132143774728
5133,3947625.0,0.020591031969653034
5134,3947685.0,0.021040582912041222
5135,3947745.0,0.02143922483450153
5136,3947805.0,0.02175769975479877
5137,3947865.0,0.022077528569399762
5138,3947925.0,0.022399703744065053
5139,3947985.0,0.02269348609401614
5140,3948045.0,0.02294031976955105
5141,3948105.0,0.02321616014388453
5142,3948165.0,0.02361037949356745
5143,3948225.0,0.024027937764925594
5144,3948285.0,0.024589999031757875
5145,3948345.0,0.02511013309628049
5146,3948405.0,0.025573389767794746
5147,3948465.0,0.02599090290022646
5148,3948525.0,0.02640119586360118
5149,3948585.0,0.0268713144620793
5150,3948645.0,0.027414738460062815
5151,3948705.0,0.02798719225395832
5152,3948765.0,0.028554388305072648
5153,3948825.0,0.029118186684150588
5154,3948885.0,0.02966621880926662
5155,3948945.0,0.030115971485684817
5156,3949005.0,0.030535652561986176
5157,3949065.0,0.03093817583578909
5158,3949125.0,0.03138045175772619
5159,3949185.0,0.031842657112943096
5160,3949245.0,0.032343320897710776
5161,3949305.0,0.032866251578745814
5162,3949365.0,0.033425979876747475
5163,3949425.0,0.03402063725421578
5164,3949485.0,0.034644542546770046
5165,3949545.0,0.03523149601073686
5166,3949605.0,0.035764994192414024
5167,3949665.0,0.03626571865189965
5168,3949725.0,0.036753100547744666
5169,3949785.0,0.03723540596878258
5170,3949845.0,0.03771304890273128
5171,3949905.0,0.038206339420775365
5172,3949965.0,0.03871190181770509
5173,3950025.0,0.03923096015448954
5174,3950085.0,0.03973240649088777
5175,3950145.0,0.04035142646624276
5176,3950205.0,0.04222086134122474
5177,3950265.0,0.043488010650363396
5178,3950325.0,0.044693377652788996
5179,3950385.0,0.04595481604588292
5180,3950445.0,0.04733609110791234
5181,3950505.0,0.048778418812141344
5182,3950565.0,0.05026308908683849
5183,3950625.0,0.051742024668677805
5184,3950685.0,0.05328800743347209
5185,3950745.0,0.054906416507264466
5186,3950805.0,0.056568447270054084
5187,3950865.0,0.05823689375018318
5188,3950925.0,0.05987643701232084
5189,3950985.0,0.0616733794621552
5190,3951045.0,0.06341341303295958
5191,3951105.0,0.0649735067925902
5192,3951165.0,0.06643248093451162
5193,3951225.0,0.06774890670663039
5194,3951285.0,0.06908647262455844
5195,3951345.0,0.07056331466328983
5196,3951405.0,0.07204652398661451
5197,3951465.0,0.07364476176791326
5198,3951525.0,0.07535257004040333
5199,3951585.0,0.07710658320674887
5200,3951645.0,0.07891790907988008
5201,3951705.0,0.08065447715033194
5202,3951765.0,0.08233669010752279
5203,3951825.0,0.08401494388358963
5204,3951885.0,0.08612623106001219
5205,3951945.0,0.08801991237803533
5206,3952008.0,0.0895739763962651
5207,3952065.0,0.09108809643842133
5208,3952125.0,0.09257852526985014
5209,3952185.0,0.09396941081549523
5210,3952245.0,0.09535991686687165
5211,3952305.0,0.0967573113420295
5212,3952365.0,0.09811399598421114
5213,3952425.0,0.09957902795489962
5214,3952485.0,0.10110933371525901
5215,3952545.0,0.10286931622065001
5216,3952605.0,0.10261884530372925
5217,3952665.0,0.10227934465511349
5218,3952725.0,0.10201225076241896
5219,3952785.0,0.10173357141770437
5220,3952845.0,0.1014473204763365
5221,3952908.0,0.10136956249096427
5222,3952965.0,0.10129702580043279
5223,3953025.0,0.10139615724772447
5224,3953088.0,0.10157388082308769
5225,3953145.0,0.10170610602663135
5226,3953205.0,0.10182580718191472
5227,3953265.0,0.1019551855215893
5228,3953325.0,0.10209312121045347
5229,3953385.0,0.10224999382834757
5230,3953445.0,0.10244833910173742
5231,3953505.0,0.10269367593578307
5232,3953565.0,0.10294679444359275
5233,3953625.0,0.10319975203710316
5234,3953685.0,0.10346132536353339
5235,3953745.0,0.10372393999267823
5236,3953805.0,0.10398878815113213
5237,3953865.0,0.10416006843886919
5238,3953925.0,0.10433917433651493
5239,3953985.0,0.10587631725557825
5240,3954045.0,0.10733477042080844
5241,3954105.0,0.10870288305397904
5242,3954165.0,0.10873468947531242
5243,3954225.0,0.10864212735481585
5244,3954285.0,0.10861046067139549
5245,3954345.0,0.10866749555281183
5246,3954405.0,0.10874605967625942
5247,3954465.0,0.10878669547492717
5248,3954525.0,0.10878887110292532
5249,3954585.0,0.10870377174753235
5250,3954645.0,0.1087259817374264
5251,3954705.0,0.1089416712502598
5252,3954765.0,0.10924592686131676
5253,3954825.0,0.10948250743567409
5254,3954885.0,0.10970788532516554
5255,3954945.0,0.10982054215505008
5256,3955005.0,0.11114687339102317
5257,3955065.0,0.11209474430926711
5258,3955125.0,0.11309699019685213
5259,3955185.0,0.11422123059591452
5260,3955245.0,0.11541937084679707
5261,3955305.0,0.1166242814392531
5262,3955365.0,0.11673911114701355
5263,3955425.0,0.11684290596680066
5264,3955488.0,0.11800694377380858
5265,3955545.0,0.11945848801649442
5266,3955605.0,0.12181927843821236
5267,3955665.0,0.12384161104332223
5268,3955725.0,0.12547610277727675
5269,3955785.0,0.12717332860361
5270,3955845.0,0.12893655501281445
5271,3955905.0,0.1302890303893858
5272,3955965.0,0.1315969883284457
5273,3956025.0,0.13288457132383394
5274,3956085.0,0.13430758586792982
5275,3956145.0,0.1357933196997819
5276,3956205.0,0.13724580846581505
5277,3956265.0,0.13906292241805032
5278,3956325.0,0.1408133602226049
5279,3956385.0,0.14288980962017114
5280,3956445.0,0.144838825219514
5281,3956505.0,0.14656020310953985
5282,3956565.0,0.14816600045087505
5283,3956628.0,0.14988371844959023
5284,3956685.0,0.15164616172363024
5285,3956748.0,0.15351821498027576
5286,3956805.0,0.1554989610659299
5287,3956865.0,0.15758741827021147
5288,3956925.0,0.15915740788741564
5289,3956985.0,0.16076796033786103
5290,3957045.0,0.16243562343066167
5291,3957105.0,0.16404182650031188
5292,3957165.0,0.16562620449465806
5293,3957225.0,0.16699823769876856
5294,3957285.0,0.16857698098214827
5295,3957345.0,0.1699739529000764
5296,3957405.0,0.1712923934714238
5297,3957465.0,0.1731940425710833
5298,3957525.0,0.17513283526037096
5299,3957585.0,0.17695852855974145
5300,3957645.0,0.17877294510322936
5301,3957705.0,0.180613141930322
5302,3957765.0,0.18243703778238432
5303,3957828.0,0.18426540053785148
5304,3957885.0,0.18611480611160766
5305,3957945.0,0.18772300233557612
5306,3958005.0,0.18951453391190512
5307,3958065.0,0.19150106598753278
5308,3958125.0,0.1941100257925548
5309,3958185.0,0.19608226408172183
5310,3958248.0,0.19791639007480535
5311,3958305.0,0.19954843492370086
5312,3958365.0,0.2011664414428739
5313,3958425.0,0.2028241319474541
5314,3958485.0,0.20457970126880567
5315,3958545.0,0.20639778124375344
5316,3958605.0,0.2081313888954859
5317,3958665.0,0.2099924661598652
5318,3958725.0,0.21197772818319613
5319,3958785.0,0.21407410933973012
5320,3958845.0,0.21633535067810142
5321,3958905.0,0.21787055897629318
5322,3958965.0,0.21932512999719003
5323,3959025.0,0.2207324576566657
5324,3959085.0,0.22195697772403858
5325,3959145.0,0.22302604978512816
5326,3959205.0,0.22437071199203304
5327,3959265.0,0.2257567904122734
5328,3959325.0,0.2274708168611557
5329,3959385.0,0.22900070157513783
5330,3959445.0,0.2308309705546903
5331,3959505.0,0.2323369483020186
5332,3959565.0,0.2337450096653295
5333,3959625.0,0.2352413289656741
5334,3959685.0,0.2368283497970818
5335,3959745.0,0.2384581279280649
5336,3959805.0,0.24019269678522634
5337,3959865.0,0.24204475236136988
5338,3959925.0,0.24397720353990424
5339,3959985.0,0.24592282401117968
5340,3960045.0,0.24792753600791792
5341,3960105.0,0.2497802165594021
5342,3960165.0,0.25150340009872374
5343,3960225.0,0.2531713183795127
5344,3960285.0,0.2547669440182522
5345,3960345.0,0.2557055460522448
5346,3960405.0,0.25680888647552136
5347,3960465.0,0.2579681574065448
5348,3960525.0,0.25916120165387113
5349,3960585.0,0.260386852109733
5350,3960645.0,0.2617143311403286
5351,3960705.0,0.2630260356818661
5352,3960765.0,0.2643413610158446
5353,3960825.0,0.26563130162822224
5354,3960885.0,0.26695025816366125
5355,3960945.0,0.26812048960851187
5356,3961005.0,0.2680355992329796
5357,3961065.0,0.2691615307559102
5358,3961125.0,0.2702691901327219
5359,3961185.0,0.27118338445411727
5360,3961245.0,0.27194222266533186
5361,3961305.0,0.2728343864350192
5362,3961365.0,0.2731013300806293
5363,3961425.0,0.2733555183079358
5364,3961485.0,0.2735354574263109
5365,3961545.0,0.2735985501442162
5366,3961605.0,0.2736089332401026
5367,3961665.0,0.2736646266404259
5368,3961725.0,0.27381378234162634
5369,3961785.0,0.27385945984508187
5370,3961845.0,0.2739364040909098
5371,3961905.0,0.2741890228397126
5372,3961965.0,0.2745461615563245
5373,3962025.0,0.2751410891746391
5374,3962085.0,0.27567965001563677
5375,3962145.0,0.27616268880448014
5376,3962205.0,0.2765780007411156
5377,3962265.0,0.27688524251491153
5378,3962325.0,0.27709508386663007
5379,3962385.0,0.2772423839483188
5380,3962445.0,0.27734570300071093
5381,3962505.0,0.2773761698770878
5382,3962565.0,0.27730266146015703
5383,3962625.0,0.2770702084635125
5384,3962685.0,0.2765531170416754
5385,3962745.0,0.276445542439001
5386,3962805.0,0.2769639734922681
5387,3962865.0,0.2790138261043136
5388,3962925.0,0.27955169942409375
5389,3962985.0,0.2799160742437541
5390,3963045.0,0.280405481001894
5391,3963105.0,0.28104925264608316
5392,3963165.0,0.2818231895780233
5393,3963225.0,0.28245980073813903
5394,3963285.0,0.28312230522143234
5395,3963345.0,0.28360310418791534
5396,3963405.0,0.2854564462460256
5397,3963465.0,0.2873221804860614
5398,3963525.0,0.28931471542836074
5399,3963585.0,0.291387811199993
5400,3963645.0,0.2934518078706724
5401,3963705.0,0.29506735789717553
5402,3963765.0,0.29664282988420965
5403,3963825.0,0.2981500307867476
5404,3963885.0,0.29973319882351857
5405,3963945.0,0.30128486214745887
5406,3964005.0,0.30299538536149506
5407,3964065.0,0.3044722395838314
5408,3964125.0,0.3058520546302823
5409,3964185.0,0.3071147152920136
5410,3964245.0,0.308298611373484
5411,3964305.0,0.30946650534389253
5412,3964365.0,0.3104923078592571
5413,3964425.0,0.3119569035508388
5414,3964485.0,0.3137235522645976
5415,3964545.0,0.31540557059675367
5416,3964605.0,0.31686856726356727
5417,3964665.0,0.31832950351148204
5418,3964725.0,0.3198039954330927
5419,3964785.0,0.32000270639265993
5420,3964845.0,0.32031404560884014
5421,3964905.0,0.320667326190228
5422,3964965.0,0.3222188205532489
5423,3965025.0,0.3240345384491964
5424,3965085.0,0.3259238980810969
5425,3965145.0,0.32751643209826253
5426,3965205.0,0.32883167678959857
5427,3965265.0,0.330221452791678
5428,3965325.0,0.33174300526247935
5429,3965388.0,0.33322052324983964
5430,3965445.0,0.33477684078299264
5431,3965505.0,0.336371231907863
5432,3965565.0,0.3378960424579205
5433,3965625.0,0.339502038630071
5434,3965685.0,0.3411324072275129
5435,3965745.0,0.34255246315219334
5436,3965805.0,0.3429032250589209
5437,3965865.0,0.3438499043596003
5438,3965925.0,0.34462673709920655
5439,3965988.0,0.34524892079239156
5440,3966045.0,0.3459042252932012
5441,3966105.0,0.3464372557887563
5442,3966165.0,0.34797374885079646
5443,3966225.0,0.34953545894964366
5444,3966285.0,0.3500417081838393
5445,3966345.0,0.3499497095713511
5446,3966405.0,0.3494198816218449
5447,3966465.0,0.3496733226750576
5448,3966525.0,0.350362169208542
5449,3966585.0,0.35055211478414217
5450,3966645.0,0.35064560154777
5451,3966705.0,0.35119111868219854
5452,3966765.0,0.35182849671821814
5453,3966825.0,0.35253543704578527
5454,3966885.0,0.3528137758707902
5455,3966945.0,0.353280987815372
5456,3967005.0,0.3534262451789717
5457,3967065.0,0.3533676610329023
5458,3967125.0,0.353297447238887
5459,3967185.0,0.3528235701456136
5460,3967245.0,0.35242316948625063
5461,3967305.0,0.35227031242187257
5462,3967365.0,0.3520618256520336
5463,3967425.0,0.3517387048203211
5464,3967485.0,0.35132348124976076
5465,3967545.0,0.35053162210607325
5466,3967605.0,0.34995718560205924
5467,3967665.0,0.3495354966799825
5468,3967725.0,0.34973845106553314
5469,3967785.0,0.3497258539920909
5470,3967845.0,0.34964641978726274
5471,3967905.0,0.34968397852834887
5472,3967965.0,0.3499272935757719
5473,3968025.0,0.3501201269102904
5474,3968085.0,0.3504461581732834
5475,3968145.0,0.3505236612253747
5476,3968205.0,0.3506070488737433
5477,3968265.0,0.35042605784165937
5478,3968325.0,0.35049206336377303
5479,3968385.0,0.35085937514806453
5480,3968445.0,0.3508255752096221
5481,3968505.0,0.3505848766717511
5482,3968565.0,0.35014991165974707
5483,3968625.0,0.3495603412566981
5484,3968685.0,0.348976263823922
5485,3968745.0,0.34845647177845984
5486,3968805.0,0.347705236506484
5487,3968865.0,0.3466721194738731
5488,3968925.0,0.34567325155277884
5489,3968985.0,0.34515448143423255
5490,3969045.0,0.34452147265734034
5491,3969105.0,0.3437935177044351
5492,3969165.0,0.34323163954886937
5493,3969225.0,0.3427487299183628
5494,3969285.0,0.34224146211915607
5495,3969345.0,0.34174246864816926
5496,3969405.0,0.34161520595833894
5497,3969465.0,0.341632825249261
5498,3969525.0,0.34182333707437096
5499,3969585.0,0.3419428227456457
5500,3969648.0,0.34197877914526587
5501,3969705.0,0.3422896741080196
5502,3969765.0,0.342229927851446
5503,3969825.0,0.34211896329349145
5504,3969885.0,0.34203140917617836
5505,3969945.0,0.342103117925213
5506,3970005.0,0.3419678434350003
5507,3970065.0,0.3417238630761231
5508,3970125.0,0.34133091608896426
5509,3970185.0,0.34101143503981224
5510,3970245.0,0.3402356933548044
5511,3970305.0,0.33983968712802914
5512,3970365.0,0.3395950674478646
5513,3970425.0,0.33931323388997325
5514,3970485.0,0.3389816147390886
5515,3970545.0,0.33873681359836993
5516,3970605.0,0.3383791941497518
5517,3970665.0,0.3379304170834626
5518,3970725.0,0.3373614431104953
5519,3970785.0,0.33681310200948944
5520,3970845.0,0.3362049158247863
5521,3970905.0,0.33581576719519723
5522,3970965.0,0.33513876690388156
5523,3971025.0,0.3344894891387665
5524,3971085.0,0.3339612124066712
5525,3971145.0,0.33417697340538155
5526,3971205.0,0.3342813910597291
5527,3971265.0,0.3347582974832203
5528,3971328.0,0.3353161362850444
5529,3971385.0,0.3358119760736832
5530,3971445.0,0.3364693586433062
5531,3971505.0,0.3366712061477867
5532,3971565.0,0.33672578257774044
5533,3971625.0,0.3367382496374016
5534,3971685.0,0.33668655627764743
5535,3971745.0,0.33682801295142406
5536,3971805.0,0.33691910175575845
5537,3971865.0,0.3362139716698864
5538,3971925.0,0.33605003543397716
5539,3971985.0,0.3357208725875721
5540,3972045.0,0.33547176480324103
5541,3972105.0,0.33493872893074006
5542,3972165.0,0.3352573216496805
5543,3972225.0,0.33579254979353157
5544,3972285.0,0.33632973497925256
5545,3972345.0,0.33692224649451974
5546,3972405.0,0.33751784165315246
5547,3972465.0,0.33797420794200284
5548,3972525.0,0.3383622943626302
5549,3972585.0,0.3386709099293158
5550,3972645.0,0.3390275899641485
5551,3972705.0,0.33940287644917777
5552,3972765.0,0.3397729586527177
5553,3972825.0,0.3400618647735998
5554,3972885.0,0.3402635579136454
5555,3972945.0,0.34035678378585776
5556,3973005.0,0.34060240198398184
5557,3973065.0,0.3410223903968742
5558,3973125.0,0.3414479147520374
5559,3973185.0,0.34176817528290004
5560,3973245.0,0.3421227558336938
5561,3973305.0,0.3425241037688035
5562,3973365.0,0.3430234194229038
5563,3973425.0,0.3437591361967097
5564,3973485.0,0.34443824299561965
5565,3973545.0,0.34495443378440305
5566,3973605.0,0.34536212955487067
5567,3973665.0,0.3441073411077056
5568,3973725.0,0.34474104444066567
5569,3973785.0,0.3452475069403853
5570,3973845.0,0.34555820173239993
5571,3973905.0,0.34583687257801143
5572,3973965.0,0.3461579737668796
5573,3974025.0,0.3465158361056707
5574,3974085.0,0.34697964938377923
5575,3974145.0,0.34723624382548235
5576,3974205.0,0.34823666803011577
5577,3974265.0,0.349983746311442
5578,3974325.0,0.3517885786073811
5579,3974385.0,0.35271936882550115
5580,3974445.0,0.35357425601610115
5581,3974505.0,0.35473170164540324
5582,3974565.0,0.35592531114703385
5583,3974625.0,0.3570071197246162
5584,3974685.0,0.35788451236398744
5585,3974745.0,0.35884046132258274
5586,3974805.0,0.360062177369615
5587,3974865.0,0.36061805746251796
5588,3974925.0,0.36105362723654366
5589,3974985.0,0.3608038026369046
5590,3975045.0,0.3606975315940629
5591,3975105.0,0.360556106442837
5592,3975165.0,0.3605134603419301
5593,3975228.0,0.36008177483105974
5594,3975285.0,0.35944971958205285
5595,3975345.0,0.35937051059427316
5596,3975405.0,0.359264843694185
5597,3975465.0,0.3589460644635717
5598,3975525.0,0.35887444445981287
5599,3975585.0,0.35888487298021066
5600,3975645.0,0.35898014148956225
5601,3975705.0,0.35918475103895176
5602,3975765.0,0.35949433021357236
5603,3975825.0,0.3596627506275736
5604,3975885.0,0.35970670931075277
5605,3975945.0,0.35981566684714994
5606,3976005.0,0.36028367494599
5607,3976065.0,0.36073508745986216
5608,3976125.0,0.3611920460465702
5609,3976185.0,0.3618013011299698
5610,3976245.0,0.3623685884066642
5611,3976305.0,0.36280177086419463
5612,3976365.0,0.36306251226871655
5613,3976425.0,0.363364538128754
5614,3976485.0,0.36323388052027006
5615,3976545.0,0.36308668115444276
5616,3976605.0,0.36274120097721696
5617,3976665.0,0.3621969089338243
5618,3976725.0,0.361738612678272
5619,3976785.0,0.36133036165150634
5620,3976845.0,0.36082603570520466
5621,3976905.0,0.3604454283525963
5622,3976965.0,0.3603523473954816
5623,3977025.0,0.3601945000517759
5624,3977085.0,0.35990816602286047
5625,3977145.0,0.3598029423125716
5626,3977205.0,0.35921869545993934
5627,3977265.0,0.35825557190495194
5628,3977325.0,0.3572815400389705
5629,3977385.0,0.356975845153782
5630,3977445.0,0.35670216004973876
5631,3977508.0,0.35627737236024093
5632,3977565.0,0.3562375285041285
5633,3977625.0,0.35605045581133965
5634,3977685.0,0.356043625219331
5635,3977745.0,0.3559025209157859
5636,3977805.0,0.35625731927446924
5637,3977865.0,0.3567984011798383
5638,3977925.0,0.357686593605293
5639,3977988.0,0.35850099239499866
5640,3978045.0,0.3592354405610315
5641,3978105.0,0.35973793957685063
5642,3978165.0,0.36021090812726675
5643,3978225.0,0.36071697486650967
5644,3978285.0,0.36148431381565427
5645,3978345.0,0.3626645584922311
5646,3978405.0,0.36345489927193586
5647,3978465.0,0.3641254732744855
5648,3978525.0,0.36481565533803584
5649,3978585.0,0.36590804694674406
5650,3978645.0,0.36732176908267833
5651,3978705.0,0.36853254456334816
5652,3978765.0,0.36969544483422456
5653,3978825.0,0.3702293822046506
5654,3978885.0,0.36959530285764375
5655,3978945.0,0.36920097972147337
5656,3979005.0,0.36877425064122893
5657,3979065.0,0.3680864575713355
5658,3979125.0,0.36713171677818623
5659,3979185.0,0.36595879978332124
5660,3979245.0,0.36514816837877284
5661,3979305.0,0.3645210657374557
5662,3979365.0,0.36406767661035133
5663,3979425.0,0.36365929725904234
5664,3979485.0,0.36331366632266626
5665,3979545.0,0.3630649678868588
5666,3979605.0,0.3631518834101727
5667,3979665.0,0.3635307384383506
5668,3979725.0,0.36344610220454776
5669,3979785.0,0.3633111863251619
5670,3979845.0,0.3631067273658347
5671,3979905.0,0.36321966144306517
5672,3979965.0,0.3632622545818176
5673,3980025.0,0.36320557217536875
5674,3980085.0,0.3631484098723974
5675,3980145.0,0.3631053637890549
5676,3980205.0,0.36280742311582737
5677,3980265.0,0.36229508853881065
5678,3980325.0,0.36150984006270626
5679,3980385.0,0.3607288449964462
5680,3980445.0,0.35988734024016933
5681,3980505.0,0.3594753931859729
5682,3980565.0,0.3594312796972391
5683,3980625.0,0.3594823222223821
5684,3980685.0,0.3595260077468415
5685,3980745.0,0.3598465134498099
5686,3980805.0,0.36012747737627016
5687,3980865.0,0.36019313922643903
5688,3980925.0,0.3598430385630086
5689,3980985.0,0.35956511393391233
5690,3981045.0,0.35940129241066865
5691,3981105.0,0.3592023596306909
5692,3981165.0,0.3590005118982197
5693,3981225.0,0.35899691196385375
5694,3981285.0,0.35890114495015635
5695,3981345.0,0.35868068595839453
5696,3981405.0,0.35836643145167535
5697,3981465.0,0.35806021345962546
5698,3981525.0,0.35779563250306545
5699,3981585.0,0.3574702159523663
5700,3981645.0,0.3571525789389868
5701,3981705.0,0.35680288085999157
5702,3981765.0,0.3569012203056976
5703,3981825.0,0.3570411912128625
5704,3981885.0,0.3570358656539271
5705,3981945.0,0.356927504137201
5706,3982005.0,0.3566287961225246
5707,3982065.0,0.3560091531641848
5708,3982125.0,0.35533039380775655
5709,3982185.0,0.35466623476326575
5710,3982248.0,0.35367362708532557
5711,3982305.0,0.35313342088786126
5712,3982365.0,0.3527368836937611
5713,3982425.0,0.3524534598561536
5714,3982485.0,0.3522578147831241
5715,3982545.0,0.35189903775524833
5716,3982605.0,0.351630556111466
5717,3982665.0,0.351591215395023
5718,3982725.0,0.3511278687533931
5719,3982785.0,0.3509823307797195
5720,3982845.0,0.3507910996194942
5721,3982905.0,0.350951765229336
5722,3982965.0,0.3505855702471764
5723,3983025.0,0.3499348013827678
5724,3983085.0,0.349270345982196
5725,3983145.0,0.34858814062189747
5726,3983205.0,0.3479197755483
5727,3983265.0,0.34730792710859737
5728,3983325.0,0.3466995967402372
5729,3983385.0,0.3461288969847661
5730,3983445.0,0.3455954144883535
5731,3983505.0,0.34505014703739845
5732,3983565.0,0.3445330674734829
5733,3983625.0,0.3439015275216901
5734,3983688.0,0.3432624796202771
5735,3983745.0,0.342736142065854
5736,3983805.0,0.3422353418135504
5737,3983865.0,0.3416514239723607
5738,3983925.0,0.341180235116329
5739,3983985.0,0.3409464814261771
5740,3984045.0,0.3407392003636526
5741,3984105.0,0.34038998495029005
5742,3984165.0,0.33987628898961975
5743,3984225.0,0.3389909873187079
5744,3984285.0,0.3380805616081469
5745,3984345.0,0.3372234357562305
5746,3984405.0,0.33626534447443024
5747,3984465.0,0.3353343466974291
5748,3984525.0,0.3338908350462899
5749,3984585.0,0.3329277034467696
5750,3984645.0,0.33206707516342837
5751,3984705.0,0.33110100675184384
5752,3984765.0,0.3300672874820607
5753,3984825.0,0.32959897644856795
5754,3984885.0,0.3285769359311391
5755,3984945.0,0.3272976021274949
5756,3985005.0,0.3259280122185021
5757,3985065.0,0.3238634973909523
5758,3985128.0,0.3216987995062953
5759,3985185.0,0.3203595138118166
5760,3985245.0,0.31913050600490056
5761,3985305.0,0.31799288312082175
5762,3985365.0,0.3168498567489211
5763,3985425.0,0.3156353191820951
5764,3985485.0,0.3142605819847879
5765,3985545.0,0.31289446669017706
5766,3985605.0,0.31113347849675044
5767,3985665.0,0.31027735857032224
5768,3985725.0,0.3096356941231768
5769,3985785.0,0.3098037249454202
5770,3985845.0,0.30988409547818707
5771,3985905.0,0.3098967661893772
5772,3985965.0,0.3100702744143843
5773,3986025.0,0.31011136501790837
5774,3986085.0,0.3098779155218975
5775,3986145.0,0.30923394989319786
5776,3986205.0,0.3089690175914038
5777,3986265.0,0.30905398954729624
5778,3986325.0,0.3092712611367905
5779,3986385.0,0.3093041456648131
5780,3986445.0,0.30919215646299636
5781,3986505.0,0.3091902349103013
5782,3986565.0,0.30732395987323247
5783,3986628.0,0.30530045472764444
5784,3986685.0,0.30324351702020613
5785,3986745.0,0.30138085312799157
5786,3986805.0,0.29944755706905424
5787,3986865.0,0.2975630325786891
5788,3986925.0,0.2955499166824386
5789,3986985.0,0.2934310473685021
5790,3987045.0,0.29122314691552753
5791,3987105.0,0.28897016437162204
5792,3987165.0,0.2868834405149151
5793,3987225.0,0.28491568061566364
5794,3987285.0,0.2835210190170878
5795,3987345.0,0.28223472508862024
5796,3987405.0,0.2809187610688366
5797,3987465.0,0.27954813522624544
5798,3987525.0,0.2791842877667172
5799,3987585.0,0.27888342752340556
5800,3987645.0,0.2786060999908405
5801,3987705.0,0.27829100595156975
5802,3987765.0,0.2777578514683816
5803,3987825.0,0.2772872815452072
5804,3987885.0,0.2769001654551956
5805,3987945.0,0.27664547778079496
5806,3988005.0,0.27673115226693046
5807,3988065.0,0.27667204854237093
5808,3988125.0,0.27649673615745973
5809,3988185.0,0.27605265361675746
5810,3988245.0,0.27560835570875086
5811,3988305.0,0.2751973537368133
5812,3988365.0,0.2744409598878248
5813,3988425.0,0.2739199635361633
5814,3988485.0,0.2737464207416168
5815,3988545.0,0.27186671932093864
5816,3988605.0,0.26991432367882784
5817,3988665.0,0.26755924163506717
5818,3988725.0,0.2649376902253876
5819,3988785.0,0.2624491356076102
5820,3988845.0,0.260065440648663
5821,3988905.0,0.25781449566935144
5822,3988965.0,0.25575320720194306
5823,3989025.0,0.2536833141286424
5824,3989085.0,0.2514609440633857
5825,3989145.0,0.24909192783576176
5826,3989205.0,0.2467943002184486
5827,3989265.0,0.2443755541978241
5828,3989325.0,0.24183908989274353
5829,3989385.0,0.23905608722860258
5830,3989445.0,0.23597266649648455
5831,3989505.0,0.2330580736860123
5832,3989565.0,0.22998064783642122
5833,3989625.0,0.22781472630816776
5834,3989685.0,0.22635179599925645
5835,3989745.0,0.22501046965963614
5836,3989805.0,0.22378092476927738
5837,3989865.0,0.22251650703576872
5838,3989925.0,0.2212638872373546
5839,3989985.0,0.22005641067238094
5840,3990045.0,0.21889418992968887
5841,3990105.0,0.217684471393746
5842,3990165.0,0.21651183611569672
5843,3990225.0,0.21542912005872764
5844,3990285.0,0.21424997382466374
5845,3990345.0,0.2130238978168775
5846,3990405.0,0.2116290923574584
5847,3990465.0,0.2100675967578051
5848,3990525.0,0.20826929764046895
5849,3990585.0,0.20674167127090612
5850,3990645.0,0.20551429351971987
5851,3990705.0,0.2042432606802019
5852,3990765.0,0.20294383517881623
5853,3990825.0,0.20161344528495598
5854,3990885.0,0.2002283375563856
5855,3990945.0,0.19880799851542966
5856,3991005.0,0.19742766623610628
5857,3991068.0,0.19597356726130935
5858,3991125.0,0.19448744235277834
5859,3991185.0,0.19297223092224527
5860,3991245.0,0.19147298664040877
5861,3991305.0,0.1899632925285071
5862,3991365.0,0.1884151708416348
5863,3991425.0,0.18684336467788745
5864,3991485.0,0.18530142996130325
5865,3991545.0,0.18348181853254245
5866,3991605.0,0.18183620814963822
5867,3991665.0,0.18062060263903293
5868,3991725.0,0.17961051840410927
5869,3991785.0,0.17864325791571664
5870,3991845.0,0.17768845453104462
5871,3991905.0,0.17665464876210354
5872,3991965.0,0.17550711790922566
5873,3992025.0,0.17406782256936984
5874,3992085.0,0.17269594684836645
5875,3992145.0,0.17141191730222852
5876,3992205.0,0.17027084469355305
5877,3992265.0,0.16915233327126314
5878,3992325.0,0.16802833627744426
5879,3992385.0,0.16694533835529093
5880,3992445.0,0.16581443355843942
5881,3992505.0,0.1646192704993575
5882,3992565.0,0.16354443626226786
5883,3992625.0,0.1622839500789934
5884,3992685.0,0.1621023149235177
5885,3992745.0,0.161861614380399
5886,3992805.0,0.16175828710552223
5887,3992865.0,0.16178981037849186
5888,3992925.0,0.160461498341499
5889,3992985.0,0.15912597869346648
5890,3993045.0,0.1578870318369812
5891,3993105.0,0.156697221088799
5892,3993168.0,0.1552540146250744
5893,3993225.0,0.1537646342553168
5894,3993285.0,0.15224545343273047
5895,3993345.0,0.1506949608641284
5896,3993405.0,0.14907500891914618
5897,3993465.0,0.1473883281395388
5898,3993525.0,0.14565125423845085
5899,3993585.0,0.14390133043749384
5900,3993645.0,0.1421423470504465
5901,3993705.0,0.14013177876196461
5902,3993765.0,0.13837861602277227
5903,3993825.0,0.13691972379796682
5904,3993885.0,0.1354787572629316
5905,3993945.0,0.13404143511654612
5906,3994005.0,0.132615578872165
5907,3994065.0,0.13125198585413064
5908,3994125.0,0.12987689240574554
5909,3994185.0,0.12851393047341822
5910,3994245.0,0.12708905497093206
5911,3994305.0,0.12565378862325774
5912,3994365.0,0.12422210095521832
5913,3994428.0,0.12291826251104401
5914,3994485.0,0.12176791498537823
5915,3994545.0,0.12052631014004436
5916,3994605.0,0.11912987709769571
5917,3994665.0,0.11761406352702877
5918,3994725.0,0.11596727730360892
5919,3994785.0,0.1142051070966412
5920,3994845.0,0.11236984477849313
5921,3994905.0,0.11063469840298026
5922,3994965.0,0.10902751400511765
5923,3995025.0,0.10768076983997063
5924,3995085.0,0.10625048718346389
5925,3995145.0,0.10478465529144945
5926,3995205.0,0.1032733329410366
5927,3995268.0,0.10190337057337531
5928,3995325.0,0.10069329219339532
5929,3995385.0,0.09927237227757443
5930,3995445.0,0.09778049287026944
5931,3995505.0,0.09627351017912747
5932,3995565.0,0.09476111810408003
5933,3995625.0,0.09270210731854098
5934,3995685.0,0.09102367956248428
5935,3995745.0,0.08977922051609341
5936,3995805.0,0.08850794447419244
5937,3995865.0,0.08719694755772814
5938,3995925.0,0.08583849384637934
5939,3995985.0,0.08446083328174439
5940,3996045.0,0.08305241852486836
5941,3996105.0,0.0815242010510743
5942,3996165.0,0.07999801469248105
5943,3996225.0,0.0784749974506069
5944,3996285.0,0.07713026633619588
5945,3996345.0,0.07579111943235575
5946,3996405.0,0.07438003766380927
5947,3996465.0,0.07293539293563481
5948,3996525.0,0.07148136453562029
5949,3996585.0,0.07001009101621772
5950,3996645.0,0.06858067262982728
5951,3996705.0,0.06730150866263665
5952,3996765.0,0.06592304158077508
5953,3996825.0,0.06460939413136665
5954,3996885.0,0.06343794467113587
5955,3996945.0,0.06219527863636212
5956,3997005.0,0.060806789497697716
5957,3997065.0,0.05930720809018761
5958,3997125.0,0.05741654993424819
5959,3997185.0,0.055659822162363565
5960,3997245.0,0.05396201511148965
5961,3997305.0,0.05205256322962365
5962,3997365.0,0.05195067540556511
5963,3997425.0,0.051981012736889626
5964,3997485.0,0.052039716906332995
5965,3997545.0,0.05209706024414698
5966,3997605.0,0.052132409582271916
5967,3997665.0,0.05208772644225834
5968,3997725.0,0.05208169347000327
5969,3997785.0,0.05211397663414011
5970,3997845.0,0.05211480977299829
5971,3997905.0,0.052143410427529596
5972,3997965.0,0.05215188980997146
5973,3998025.0,0.051974764011391866
5974,3998085.0,0.05164220287260571
5975,3998145.0,0.05144085993440059
5976,3998205.0,0.05131782184057265
5977,3998265.0,0.05121837359353629
5978,3998325.0,0.05016666233441458
5979,3998385.0,0.04909811742824133
5980,3998445.0,0.048040781022851226
5981,3998505.0,0.04700501794442427
5982,3998565.0,0.045982405294209966
5983,3998625.0,0.044940895441959616
5984,3998685.0,0.04395337118850057
5985,3998745.0,0.04286905268012556
5986,3998805.0,0.04158218432634517
5987,3998865.0,0.04035607798049273
5988,3998925.0,0.03913836491996836
5989,3998985.0,0.037915131512248595
5990,3999045.0,0.03663358284305965
5991,3999105.0,0.03544108108105565
5992,3999165.0,0.034171774444748254
5993,3999225.0,0.03277195980089856
5994,3999285.0,0.031165451119893828
5995,3999345.0,0.031091239214562305
5996,3999405.0,0.030959541346650826
5997,3999465.0,0.030953939851331408
5998,3999525.0,0.030968324593401708
5999,3999585.0,0.030990666633697678
6000,3999645.0,0.03100859077721113
6001,3999705.0,0.031026754044266414
6002,3999765.0,0.031043613237199397
6003,3999825.0,0.03105065707625418
6004,3999885.0,0.031059238455474647
6005,3999945.0,0.03106730046684464
6006,4000005.0,0.031073360911161252
6007,4000065.0,0.03107614309908907
6008,4000125.0,0.031083724635328464
6009,4000185.0,0.031102816057908128
6010,4000245.0,0.031140142908712726
6011,4000305.0,0.03119039917251945
6012,4000365.0,0.03124435169523243
6013,4000425.0,0.03117359391032415
6014,4000485.0,0.031201810226677756
6015,4000545.0,0.031322622042087994
6016,4000605.0,0.03145142039614232
6017,4000665.0,0.03157452032406352
6018,4000725.0,0.03165832674727628
6019,4000785.0,0.03170841936528174
6020,4000845.0,0.03174693022211897
6021,4000905.0,0.03182573296559646
6022,4000965.0,0.03187250722690729
6023,4001025.0,0.031910326671762385
6024,4001085.0,0.03195725656004195
6025,4001145.0,0.031965531024914035
6026,4001205.0,0.0319406289233061
6027,4001265.0,0.031920780267113896
6028,4001325.0,0.031960741023013634
6029,4001385.0,0.03198612815408253
6030,4001445.0,0.03198474762386197
6031,4001505.0,0.03196551222732166
6032,4001565.0,0.03193103032926964
6033,4001625.0,0.03189875186019844
6034,4001685.0,0.03187144241974024
6035,4001745.0,0.03184802883804755
6036,4001805.0,0.03185281500879017
6037,4001865.0,0.03187044204473061
6038,4001925.0,0.03188895830140362
6039,4001985.0,0.031913104121826213
6040,4002045.0,0.031950224009515776
6041,4002105.0,0.03200081545479094
6042,4002165.0,0.03205662328621375
6043,4002225.0,0.03211695077082696
6044,4002285.0,0.032176977968159715
6045,4002345.0,0.03228622893436453
6046,4002405.0,0.032273983427649394
6047,4002465.0,0.03216708359354728
6048,4002525.0,0.032096484385399054
6049,4002585.0,0.03195441887501152
6050,4002645.0,0.03175607108774342
6051,4002705.0,0.03158654243907735
6052,4002765.0,0.0314468830384739
6053,4002825.0,0.03134750936077349
6054,4002885.0,0.03125315303745063
6055,4002945.0,0.031151668011141137
6056,4003005.0,0.03103793789739881
6057,4003065.0,0.030885426570046753
6058,4003125.0,0.030695377631464377
6059,4003185.0,0.03046146626597171
6060,4003245.0,0.03022864998683808
6061,4003305.0,0.03000776984695519
6062,4003365.0,0.02961060985282024
6063,4003425.0,0.02935662708202455
6064,4003485.0,0.028091125094101527
6065,4003545.0,0.026925075091816936
6066,4003605.0,0.025825785292186737
6067,4003665.0,0.02452177362923738
6068,4003725.0,0.024540691885556798
6069,4003785.0,0.024606709564925444
6070,4003845.0,0.02466401033986179
6071,4003905.0,0.024688901228592103
6072,4003965.0,0.024965197206869766
6073,4004025.0,0.025242922756584324
6074,4004085.0,0.025530708882189057
6075,4004145.0,0.025821016551465154
6076,4004205.0,0.02612781930426064
6077,4004265.0,0.026422803018775975
6078,4004325.0,0.026710905777743293
6079,4004385.0,0.026991697336052806
6080,4004445.0,0.027252180677908272
6081,4004505.0,0.027502096932687042
6082,4004565.0,0.02774413667026418
6083,4004625.0,0.027785171889903593
6084,4004685.0,0.02783636984926724
6085,4004745.0,0.027897784225463657
6086,4004805.0,0.027949916820783988
6087,4004868.0,0.02798235556373682
6088,4004925.0,0.028024934794135037
6089,4004985.0,0.02803907322287838
6090,4005045.0,0.02804796177398486
6091,4005105.0,0.028053548256701005
6092,4005165.0,0.028026081485637205
6093,4005225.0,0.027974766680239987
6094,4005285.0,0.027913275423231187
6095,4005345.0,0.027860330962595076
6096,4005405.0,0.027867925503712643
6097,4005465.0,0.027909485773050635
6098,4005525.0,0.027972431286405836
6099,4005585.0,0.02804770233679557
6100,4005645.0,0.02811653119527885
6101,4005705.0,0.028193435978164316
6102,4005765.0,0.028277876234750532
6103,4005825.0,0.028361600134318654
6104,4005885.0,0.028449134932754055
6105,4005945.0,0.028519618389839213
6106,4006005.0,0.028564585890272387
6107,4006065.0,0.028555364870995775
6108,4006125.0,0.028494878529606693
6109,4006185.0,0.028528498211411235
6110,4006245.0,0.02856678904453211
6111,4006305.0,0.028603772666506183
6112,4006365.0,0.028638589839897255
6113,4006425.0,0.028666906296992006
6114,4006485.0,0.028687182435720132
6115,4006545.0,0.02869283176095966
6116,4006605.0,0.02869886073847247
6117,4006665.0,0.02871812938334306
6118,4006725.0,0.028755906370104306
6119,4006785.0,0.028801398377329424
6120,4006845.0,0.028853139032322894
6121,4006905.0,0.028878266201398523
6122,4006965.0,0.028905086453657747
6123,4007025.0,0.029008965874756903
6124,4007085.0,0.02912834267742609
6125,4007145.0,0.029222882055508825
6126,4007205.0,0.029335521827775934
6127,4007265.0,0.02943204965468732
6128,4007325.0,0.029503241179282907
6129,4007385.0,0.029538324013646283
6130,4007445.0,0.02953551342420746
6131,4007505.0,0.02950639333511637
6132,4007565.0,0.02947448286606294
6133,4007625.0,0.029474225935253978
6134,4007685.0,0.029485707868120797
6135,4007745.0,0.029499059589717685
6136,4007805.0,0.029521803549341308
6137,4007865.0,0.02955610791398733
6138,4007925.0,0.029593630678475785
6139,4007985.0,0.02961662783231414
6140,4008045.0,0.02961961626239243
6141,4008105.0,0.029618848455544494
6142,4008165.0,0.029609923791520526
6143,4008225.0,0.02960218615664173
6144,4008285.0,0.02959646688581738
6145,4008345.0,0.029594753761388315
6146,4008405.0,0.029588656281049203
6147,4008465.0,0.02958334163600021
6148,4008525.0,0.029576707855966472
6149,4008585.0,0.029574245834348728
6150,4008645.0,0.02960189698658533
6151,4008705.0,0.02964212640190564
6152,4008765.0,0.029707818846291423
6153,4008825.0,0.029799632136216975
6154,4008888.0,0.02990429027433364
6155,4008945.0,0.030001616776082263
6156,4009005.0,0.030066467052871776
6157,4009065.0,0.030117228110663585
6158,4009125.0,0.03015540581601786
6159,4009185.0,0.030172231342338207
6160,4009245.0,0.030171592026236038
6161,4009305.0,0.030170211436062216
6162,4009365.0,0.030147857595422906
6163,4009425.0,0.030121440096159607
6164,4009485.0,0.03008574816946291
6165,4009545.0,0.030056206709275418
6166,4009605.0,0.030029923327405422
6167,4009665.0,0.029984366274945717
6168,4009725.0,0.02995410928543954
6169,4009785.0,0.029922396457693512
6170,4009845.0,0.029914991252964068
6171,4009905.0,0.029915364167980796
6172,4009965.0,0.029925289149167505
6173,4010025.0,0.029935855842863374
6174,4010085.0,0.029945370828217494
6175,4010145.0,0.02995392616307463
6176,4010205.0,0.02995739899837363
6177,4010265.0,0.029957009874826385
6178,4010325.0,0.029946224324689075
6179,4010385.0,0.029928776301852505
6180,4010445.0,0.029923842800709644
6181,4010505.0,0.02993636092168847
6182,4010565.0,0.029959623698031013
6183,4010625.0,0.030008406911038232
6184,4010685.0,0.030073472273275642
6185,4010745.0,0.030152598659074187
6186,4010805.0,0.03024770800886123
6187,4010865.0,0.03034490861110864
6188,4010925.0,0.030431008092410422
6189,4010988.0,0.03047447528578906
6190,4011045.0,0.030480656598927763
6191,4011105.0,0.030473572625452777
6192,4011165.0,0.030460075942752546
6193,4011225.0,0.03044716368036593
6194,4011285.0,0.030436557353688776
6195,4011345.0,0.03042002669436103
6196,4011405.0,0.030406212363156354
6197,4011465.0,0.0303693196083617
6198,4011525.0,0.03032100167794821
6199,4011585.0,0.030275554577116642
6200,4011645.0,0.030226372651730088
6201,4011705.0,0.03016737079738449
6202,4011765.0,0.030124326130386264
6203,4011825.0,0.030094239086238622
6204,4011885.0,0.030068434401280486
6205,4011945.0,0.03004549666580647
6206,4012005.0,0.030023142204662984
6207,4012065.0,0.030002132733906284
6208,4012125.0,0.02998324829439894
6209,4012185.0,0.029968347015218305
6210,4012245.0,0.029965957165911994
6211,4012305.0,0.029978554666893004
6212,4012365.0,0.02999821733151989
6213,4012425.0,0.030022743652921735
6214,4012485.0,0.030058640033896106
6215,4012545.0,0.030114879152852075
6216,4012605.0,0.030176824814517555
6217,4012665.0,0.030252712649875002
6218,4012725.0,0.0303422995649808
6219,4012785.0,0.030431631558229755
6220,4012845.0,0.030477503705666237
6221,4012905.0,0.030493399297798096
6222,4012965.0,0.030495559738698275
6223,4013025.0,0.030493734643249032
6224,4013085.0,0.030462262281300334
6225,4013145.0,0.030409781166355843
6226,4013205.0,0.030350487926812775
6227,4013265.0,0.03028423189622398
6228,4013325.0,0.030220962185940697
6229,4013385.0,0.030167866872702537
6230,4013445.0,0.030124570658172617
6231,4013505.0,0.03007712305048091
6232,4013565.0,0.030058869965408436
6233,4013625.0,0.03005043157973622
6234,4013685.0,0.0300463383939161
6235,4013745.0,0.03004905868682592
6236,4013805.0,0.03005201308472219
6237,4013865.0,0.030049747156424916
6238,4013925.0,0.030047635933921762
6239,4013985.0,0.030048070952586076
6240,4014045.0,0.03004875901980056
6241,4014105.0,0.03004964787728384
6242,4014165.0,0.030054460195197336
6243,4014225.0,0.030056849754722864
6244,4014285.0,0.030059329751954106
6245,4014345.0,0.030077097481772674
6246,4014405.0,0.03008828811365849
6247,4014465.0,0.03009142945662449
6248,4014525.0,0.030087980807747827
6249,4014585.0,0.030074300136452875
6250,4014645.0,0.03004372485635809
6251,4014705.0,0.030013309097315227
6252,4014765.0,0.029985311404710974
6253,4014825.0,0.02995810465822049
6254,4014885.0,0.029926451310229335
6255,4014945.0,0.029894394384763795
6256,4015005.0,0.029857452262829293
6257,4015065.0,0.029819655128843797
6258,4015128.0,0.029785767003128377
6259,4015185.0,0.029750206711408933
6260,4015245.0,0.029744304387877507
6261,4015305.0,0.029746993950406114
6262,4015365.0,0.029748817794707505
6263,4015425.0,0.029751591873609595
6264,4015485.0,0.029755538675117793
6265,4015545.0,0.029754798190008147
6266,4015605.0,0.029758925542751363
6267,4015665.0,0.029756048322062967
6268,4015725.0,0.029754658828450103
6269,4015785.0,0.029756712468647722
6270,4015845.0,0.02975785401133585
6271,4015905.0,0.029770487913659577
6272,4015965.0,0.02979090762280384
6273,4016025.0,0.029803668831883873
6274,4016085.0,0.029809914523905356
6275,4016145.0,0.029824501217725702
6276,4016205.0,0.029828046821893023
6277,4016265.0,0.02983387553099126
6278,4016325.0,0.029837612169578337
6279,4016385.0,0.029856113495578818
6280,4016445.0,0.02989371300854121
6281,4016505.0,0.02993979332790167
6282,4016565.0,0.029948536245952007
6283,4016625.0,0.029943447052008132
6284,4016685.0,0.029923647363217926
6285,4016745.0,0.029902163722090813
6286,4016805.0,0.02989436687435998
6287,4016865.0,0.029902589316133626
6288,4016925.0,0.029901590639962117
6289,4016985.0,0.02989766964561602
6290,4017045.0,0.02989163056285085
6291,4017105.0,0.029889976754035402
6292,4017165.0,0.029884871269711816
6293,4017225.0,0.029882814959025422
6294,4017285.0,0.02988568149509238
6295,4017345.0,0.029895067240269635
6296,4017405.0,0.029896020618875946
6297,4017465.0,0.029881886864215612
6298,4017525.0,0.02985287401651679
6299,4017585.0,0.029809928777074557
6300,4017645.0,0.029761609488020868
6301,4017705.0,0.029706876329706006
6302,4017765.0,0.029652387636377925
6303,4017825.0,0.029601324624384223
6304,4017885.0,0.029563391406461137
6305,4017945.0,0.029545771453219155
6306,4018005.0,0.02953363112569915
6307,4018065.0,0.029529275685974105
6308,4018125.0,0.029520721365188768
6309,4018185.0,0.02951495338839724
6310,4018245.0,0.029512447298590844
6311,4018305.0,0.029510710541982094
6312,4018365.0,0.029514586221560224
6313,4018425.0,0.029514647578554598
6314,4018485.0,0.029534394292654503
6315,4018545.0,0.029560281984553932
6316,4018608.0,0.029582189976444906
6317,4018665.0,0.029597458728511966
6318,4018725.0,0.02960711173310185
6319,4018785.0,0.029629558536751116
6320,4018845.0,0.029690786259429724
6321,4018905.0,0.029762077965685474
6322,4018965.0,0.029838324515781445
6323,4019025.0,0.029915297857169815
6324,4019085.0,0.029989711328933272
6325,4019145.0,0.030057870770383438
6326,4019205.0,0.030121392294697374
6327,4019265.0,0.030187709870690888
6328,4019325.0,0.030239151965856415
6329,4019385.0,0.03027060011595109
6330,4019445.0,0.030268097403144067
6331,4019505.0,0.03024607214036626
6332,4019568.0,0.030195607853311768
6333,4019628.0,0.030120823786414647
6334,4019685.0,0.030032793666437962
6335,4019745.0,0.029951624760756385
6336,4019805.0,0.029895749710030117
6337,4019868.0,0.029854366318258413
6338,4019925.0,0.029825329192401828
6339,4019985.0,0.029811060771837844
6340,4020045.0,0.029805068329204293
6341,4020105.0,0.029794617772311266
6342,4020165.0,0.0297821377766401
6343,4020225.0,0.02976467235147809
6344,4020285.0,0.029739116032411833
6345,4020345.0,0.029728105521920595
6346,4020405.0,0.029736516145682984
6347,4020465.0,0.02977138321874659
6348,4020525.0,0.02980764101494901
6349,4020588.0,0.029848574992266036
6350,4020648.0,0.02989412564094049
6351,4020705.0,0.029931222649919043
6352,4020765.0,0.029946722636237683
6353,4020825.0,0.029947510769158525
6354,4020885.0,0.029936703181666163
6355,4020945.0,0.029925010324397372
6356,4021005.0,0.02991830013694477
6357,4021065.0,0.029907329542065125
6358,4021125.0,0.029910643126178
6359,4021185.0,0.029919000599278878
6360,4021245.0,0.029925164801932802
6361,4021305.0,0.029911090223471548
6362,4021365.0,0.029887559825973187
6363,4021425.0,0.029846818852030582
6364,4021485.0,0.029780198018296816
6365,4021545.0,0.029704268621224078
6366,4021605.0,0.029619000875568013
6367,4021665.0,0.029536304651292422
6368,4021725.0,0.02945696488194205
6369,4021785.0,0.029411375572117232
6370,4021845.0,0.02938272769403355
6371,4021905.0,0.029363877291472856
6372,4021965.0,0.029346406608586534
6373,4022025.0,0.029327737722042224
6374,4022085.0,0.029313168821887142
6375,4022145.0,0.029288055292269494
6376,4022205.0,0.029258092821575793
6377,4022265.0,0.029252564630550898
6378,4022325.0,0.02935585035049798
6379,4022385.0,0.029330741150446454
6380,4022445.0,0.02923702592778976
6381,4022505.0,0.029160741552311437
6382,4022565.0,0.029113832610517837
6383,4022625.0,0.029135812385935045
6384,4022685.0,0.029149568458291808
6385,4022745.0,0.02914939324373042
6386,4022805.0,0.029172768542063993
6387,4022865.0,0.02921173322015086
6388,4022925.0,0.029255547293507322
6389,4022985.0,0.029291196820721704
6390,4023045.0,0.029277910432997545
6391,4023105.0,0.029219238116628993
6392,4023165.0,0.029161214702397548
6393,4023225.0,0.02913528415839542
6394,4023285.0,0.029109533526642334
6395,4023345.0,0.029062184068553903
6396,4023405.0,0.02897577614273461
6397,4023465.0,0.028849821737983977
6398,4023525.0,0.028735383264114844
6399,4023585.0,0.02866461569490822
6400,4023645.0,0.028658887817982953
6401,4023705.0,0.02869250946488669
6402,4023765.0,0.028703046963795747
6403,4023825.0,0.02867894064771037
6404,4023885.0,0.028669489375097224
6405,4023945.0,0.028683116454806035
6406,4024005.0,0.028764232445250282
6407,4024065.0,0.028749880754392887
6408,4024125.0,0.028684629689460034
6409,4024185.0,0.02861390345737569
6410,4024245.0,0.028555202388778483
6411,4024305.0,0.028494207051369652
6412,4024365.0,0.0284774616125478
6413,4024425.0,0.028481400915625454
6414,4024485.0,0.028475838392631736
6415,4024545.0,0.028490903576898374
6416,4024605.0,0.02851071402459887
6417,4024665.0,0.028532713205113608
6418,4024725.0,0.028513701861113683
6419,4024785.0,0.028480919593899895
6420,4024845.0,0.028450912665107436
6421,4024905.0,0.028478076832713667
6422,4024965.0,0.028522021072723613
6423,4025025.0,0.028511785019537078
6424,4025085.0,0.028474489041581924
6425,4025145.0,0.028461398942439792
6426,4025205.0,0.028466616573456532
6427,4025265.0,0.028495404266168117
6428,4025328.0,0.02852933350003109
6429,4025385.0,0.028550640614213668
6430,4025445.0,0.028544857761386377
6431,4025505.0,0.028520239846340223
6432,4025565.0,0.028484857154803228
6433,4025625.0,0.028416959793299224
6434,4025685.0,0.028338572573802207
6435,4025745.0,0.028276406128008996
6436,4025805.0,0.028216276648054872
6437,4025865.0,0.028270643229713538
6438,4025925.0,0.02839311148294779
6439,4025985.0,0.028514904635328575
6440,4026045.0,0.02855141751249682
6441,4026105.0,0.028552724223184417
6442,4026165.0,0.02858150849698024
6443,4026225.0,0.028631890210248312
6444,4026285.0,0.028694905046384694
6445,4026345.0,0.028751524854313454
6446,4026405.0,0.028797335667415075
6447,4026465.0,0.028839273432586715
6448,4026525.0,0.02888282605837339
6449,4026585.0,0.02892657285425937
6450,4026645.0,0.028975420275683866
6451,4026705.0,0.02900375597596891
6452,4026765.0,0.029004426614720358
6453,4026825.0,0.028997140492461687
6454,4026885.0,0.028983096218132803
6455,4026945.0,0.028960658422219565
6456,4027005.0,0.028931533110579444
6457,4027068.0,0.028901854562433188
6458,4027125.0,0.028864282469077712
6459,4027185.0,0.028806005289665565
6460,4027245.0,0.028737934107302993
6461,4027305.0,0.028663787448071937
6462,4027365.0,0.028613146979468873
6463,4027425.0,0.02857826332726829
6464,4027485.0,0.028638417305761305
6465,4027545.0,0.02868687400013198
6466,4027605.0,0.028709454997709632
6467,4027665.0,0.02878973363722656
6468,4027725.0,0.02885095189525977
6469,4027785.0,0.028916039005878913
6470,4027848.0,0.028965345432814538
6471,4027905.0,0.02904252292265469
6472,4027965.0,0.029134044880687243
6473,4028025.0,0.02915490470135515
6474,4028085.0,0.02916888078801197
6475,4028145.0,0.0291825821334466
6476,4028208.0,0.029200863924197323
6477,4028265.0,0.029222952371424776
6478,4028325.0,0.02929673533200297
6479,4028385.0,0.029338278225900266
6480,4028445.0,0.029304965938172306
6481,4028505.0,0.02926485817782687
6482,4028565.0,0.02923802898521438
6483,4028625.0,0.029192209024537702
6484,4028685.0,0.029166845360842714
6485,4028745.0,0.029161466489977556
6486,4028805.0,0.02917551244585792
6487,4028865.0,0.029152602893808166
6488,4028925.0,0.029107047204450315
6489,4028985.0,0.0290865073081035
6490,4029045.0,0.029096396953374654
6491,4029105.0,0.02912477675766381
6492,4029165.0,0.029169774880887595
6493,4029225.0,0.029214028864639557
6494,4029285.0,0.029217086333149872
6495,4029345.0,0.02921297296494002
6496,4029405.0,0.029164985612564975
6497,4029465.0,0.029176350452846417
6498,4029528.0,0.029245644215751654
6499,4029585.0,0.02929524987237145
6500,4029645.0,0.029289574685470582
6501,4029705.0,0.029303329600553374
6502,4029765.0,0.02926969024604989
6503,4029825.0,0.02920783904754351
6504,4029885.0,0.029133284528576137
6505,4029945.0,0.029065221166863053
6506,4030005.0,0.029022830465721267
6507,4030065.0,0.02900636170856971
6508,4030125.0,0.029104938498136695
6509,4030185.0,0.029212760156198198
6510,4030245.0,0.02927849560083831
6511,4030305.0,0.029317339018436167
6512,4030365.0,0.029340690737562902
6513,4030425.0,0.02934341346497052
6514,4030485.0,0.029360370057838786
6515,4030545.0,0.029379604038297036
6516,4030605.0,0.02942344665689417
6517,4030665.0,0.029505808867880234
6518,4030725.0,0.029620403671731993
6519,4030785.0,0.029728910502200195
6520,4030845.0,0.029787716069487657
6521,4030905.0,0.029811562770259203
6522,4030965.0,0.02981724221521717
6523,4031025.0,0.029773192860695685
6524,4031085.0,0.02980454611223074
6525,4031145.0,0.029899087245438133
6526,4031205.0,0.029961067128555396
6527,4031265.0,0.02997764751952428
6528,4031325.0,0.030037627737456746
6529,4031385.0,0.030007895280157626
6530,4031445.0,0.030004238536272293
6531,4031505.0,0.030054790109784568
6532,4031565.0,0.030175068986388914
6533,4031625.0,0.03042068032228809
6534,4031685.0,0.03064826155057132
6535,4031745.0,0.030846880350808265
6536,4031805.0,0.03095736917554931
6537,4031865.0,0.031041635467426443
6538,4031925.0,0.031067860163931205
6539,4031985.0,0.031102813085330527
6540,4032045.0,0.031153434587678358
6541,4032105.0,0.031211420610087637
6542,4032165.0,0.03121349643781396
6543,4032225.0,0.031222989763453196
6544,4032285.0,0.03126355451807708
6545,4032345.0,0.03131884679972871
6546,4032405.0,0.031373306742051604
6547,4032465.0,0.03142596111518897
6548,4032525.0,0.03145621218368408
6549,4032585.0,0.03146673068837258
6550,4032645.0,0.03147710979417062
6551,4032705.0,0.03147108255573758
6552,4032765.0,0.03145937189733097
6553,4032825.0,0.03143765224181269
6554,4032885.0,0.03141064272541724
6555,4032945.0,0.03139132605501488
6556,4033005.0,0.03144872005294688
6557,4033065.0,0.03164926892147371
6558,4033125.0,0.03176214002005556
6559,4033185.0,0.0319225586474767
6560,4033245.0,0.0321592082921528
6561,4033305.0,0.03233882498472343
6562,4033365.0,0.03245108238859337
6563,4033425.0,0.032497810619590894
6564,4033485.0,0.032580600891785494
6565,4033545.0,0.032676950420523515
6566,4033605.0,0.03275581171677089
6567,4033665.0,0.03278085640041886
6568,4033725.0,0.03277949918209311
6569,4033785.0,0.03276925711390563
6570,4033845.0,0.03288318225524864
6571,4033905.0,0.0331370688354691
6572,4033965.0,0.03335977380598018
6573,4034025.0,0.03349961338686902
6574,4034085.0,0.033546382253736656
6575,4034145.0,0.03356714770509678
6576,4034205.0,0.03363682406023935
6577,4034265.0,0.033734247841106346
6578,4034325.0,0.03380453531861169
6579,4034385.0,0.03380982099353774
6580,4034445.0,0.03381572311217243
6581,4034505.0,0.03375838857511451
6582,4034565.0,0.033798608674669106
6583,4034625.0,0.03397164384687887
6584,4034685.0,0.034220248489654104
6585,4034745.0,0.0344492031269778
6586,4034805.0,0.0345789603774824
6587,4034865.0,0.03476826600423888
6588,4034925.0,0.03496111950709041
6589,4034985.0,0.035100486908568956
6590,4035045.0,0.03522591724294186
6591,4035105.0,0.03530977129373783
6592,4035165.0,0.0353753810295061
6593,4035225.0,0.035437282669486675
6594,4035285.0,0.03552334678420532
6595,4035345.0,0.03561174882287946
6596,4035405.0,0.03570906941531088
6597,4035465.0,0.035823202731523285
6598,4035525.0,0.03593021098987756
6599,4035585.0,0.03607866207111618
6600,4035645.0,0.03625371260320068
6601,4035705.0,0.036361142935221386
6602,4035765.0,0.036456887374100994
6603,4035825.0,0.036673517486478985
6604,4035885.0,0.03689750025629748
6605,4035945.0,0.0369937246565262
6606,4036005.0,0.03701382379832677
6607,4036065.0,0.037005377542053686
6608,4036125.0,0.03695586484434202
6609,4036185.0,0.03692849791128805
6610,4036245.0,0.03693729930401027
6611,4036305.0,0.036968372865296306
6612,4036365.0,0.036988382358144084
6613,4036425.0,0.037108403649581456
6614,4036485.0,0.03735013860335207
6615,4036545.0,0.03760397808828142
6616,4036605.0,0.03785462141198939
6617,4036665.0,0.03802652326142164
6618,4036725.0,0.03809285871586435
6619,4036785.0,0.038160833507879605
6620,4036845.0,0.038319075193014945
6621,4036905.0,0.03847031016910554
6622,4036965.0,0.038581334581300364
6623,4037025.0,0.038665379418990425
6624,4037085.0,0.038750161048466736
6625,4037145.0,0.0388781538246504
6626,4037205.0,0.039035062231216194
6627,4037265.0,0.03916096704741415
6628,4037325.0,0.03930055230862478
6629,4037385.0,0.039478580832388366
6630,4037445.0,0.03960486094352675
6631,4037505.0,0.039766196175626684
6632,4037565.0,0.039990584782899796
6633,4037625.0,0.04022084058058678
6634,4037685.0,0.04053822085040412
6635,4037745.0,0.04075960874273368
6636,4037805.0,0.040932748221629484
6637,4037865.0,0.04110536962994207
6638,4037925.0,0.04127846584686787
6639,4037985.0,0.041425595905085405
6640,4038045.0,0.04156812830936299
6641,4038105.0,0.04173969149908019
6642,4038165.0,0.041934398039896154
6643,4038225.0,0.04219473483943756
6644,4038285.0,0.042348017512791436
6645,4038345.0,0.04248239233551293
6646,4038405.0,0.042697963763747515
6647,4038465.0,0.04291412524181848
6648,4038525.0,0.043121121999988576
6649,4038588.0,0.04322989048488671
6650,4038645.0,0.0433727823952304
6651,4038705.0,0.04350680352057393
6652,4038765.0,0.04371813373623293
6653,4038825.0,0.044015598128599426
6654,4038885.0,0.04546422492662869
6655,4038948.0,0.046596589978883246
6656,4039005.0,0.047736467435735314
6657,4039065.0,0.048889359126867676
6658,4039125.0,0.0489921855570368
6659,4039185.0,0.04914240673272269
6660,4039245.0,0.04942883754150584
6661,4039305.0,0.0510456565920244
6662,4039365.0,0.052544239778582774
6663,4039425.0,0.05375369670663746
6664,4039485.0,0.05494024313161336
6665,4039545.0,0.056133752454131464
6666,4039605.0,0.05730352199947855
6667,4039665.0,0.05853293219238295
6668,4039725.0,0.05983749299429805
6669,4039785.0,0.061194916324133375
6670,4039845.0,0.06264415566185991
6671,4039905.0,0.06407538523063608
6672,4039965.0,0.06552268319988866
6673,4040025.0,0.0669442739258371
6674,4040085.0,0.0681885113117475
6675,4040145.0,0.0694537223201904
6676,4040205.0,0.07081050421247162
6677,4040265.0,0.0720866144647744
6678,4040328.0,0.0733005608944867
6679,4040385.0,0.07457025190966307
6680,4040445.0,0.0758785420262357
6681,4040505.0,0.07713253288783398
6682,4040565.0,0.07848995276416756
6683,4040625.0,0.0799406145202605
6684,4040685.0,0.08138216698513892
6685,4040745.0,0.08278341411087212
6686,4040805.0,0.08420286861731116
6687,4040865.0,0.08556522462440311
6688,4040925.0,0.0868543138300372
6689,4040985.0,0.0881891845257409
6690,4041045.0,0.08958090704646601
6691,4041105.0,0.09098888952422082
6692,4041165.0,0.09246394763420088
6693,4041225.0,0.09393159117299074
6694,4041285.0,0.09533110936666525
6695,4041345.0,0.09675159210285397
6696,4041405.0,0.09817286159098573
6697,4041465.0,0.09960417360360321
6698,4041525.0,0.1010062362769997
6699,4041585.0,0.10244148298881797
6700,4041645.0,0.10391803657672313
6701,4041705.0,0.10542372272172792
6702,4041765.0,0.10689139648048676
6703,4041825.0,0.10834281561988848
6704,4041885.0,0.10965480809198339
6705,4041945.0,0.1108962274518687
6706,4042005.0,0.11214350122540165
6707,4042065.0,0.11343938612171159
6708,4042125.0,0.11472071096990402
6709,4042185.0,0.11611738666367497
6710,4042245.0,0.11750058786332077
6711,4042305.0,0.11882853364711485
6712,4042365.0,0.12010193767969982
6713,4042425.0,0.12126593407061151
6714,4042485.0,0.12243039590215446
6715,4042545.0,0.12364782498900753
6716,4042605.0,0.12495957718693532
6717,4042665.0,0.12631281087794374
6718,4042725.0,0.1277262297209172
6719,4042785.0,0.1291099573190815
6720,4042845.0,0.13049090425390922
6721,4042905.0,0.13189836860135004
6722,4042965.0,0.13337110983320563
6723,4043025.0,0.13484716871834615
6724,4043085.0,0.13627569212711152
6725,4043145.0,0.1376544413837
6726,4043205.0,0.13902489264574483
6727,4043265.0,0.1403693158250087
6728,4043328.0,0.14171177779651453
6729,4043385.0,0.14309998836989649
6730,4043445.0,0.14449148366627432
6731,4043505.0,0.14591108135323796
6732,4043565.0,0.14731631573813883
6733,4043625.0,0.14874366937023561
6734,4043685.0,0.1501702314975736
6735,4043748.0,0.15160901037081617
6736,4043805.0,0.15297811010967197
6737,4043865.0,0.15419280430089502
6738,4043925.0,0.1553843753952798
6739,4043985.0,0.15660009733110095
6740,4044045.0,0.1578030980515762
6741,4044105.0,0.15906957007292225
6742,4044165.0,0.16042480511631554
6743,4044225.0,0.16176999411799467
6744,4044285.0,0.1630849802940567
6745,4044345.0,0.16439247494469908
6746,4044405.0,0.16570919741944404
6747,4044465.0,0.16703931936744607
6748,4044525.0,0.16840527943335418
6749,4044585.0,0.1697647931253862
6750,4044645.0,0.17105261982131162
6751,4044705.0,0.17224053395511077
6752,4044765.0,0.17345930657590672
6753,4044825.0,0.1747366727786289
6754,4044885.0,0.17606367375532242
6755,4044945.0,0.17743842324201772
6756,4045005.0,0.17877835870219053
6757,4045065.0,0.18012588045984637
6758,4045128.0,0.1814737726342738
6759,4045185.0,0.18281065107952235
6760,4045245.0,0.18409468540675553
6761,4045305.0,0.18543703198231073
6762,4045365.0,0.18668554829005854
6763,4045425.0,0.1878715772065417
6764,4045485.0,0.18899005799118476
6765,4045545.0,0.190107382357561
6766,4045605.0,0.19126817149603217
6767,4045665.0,0.19247595414699162
6768,4045725.0,0.19379048372827148
6769,4045785.0,0.1951595968349185
6770,4045845.0,0.19669762334875449
6771,4045905.0,0.19811166084111412
6772,4045965.0,0.19935215555012384
6773,4046025.0,0.20038094869349413
6774,4046085.0,0.20150086673557524
6775,4046145.0,0.20266489403917168
6776,4046205.0,0.20388375404539008
6777,4046265.0,0.20511017856424937
6778,4046325.0,0.20640689286961553
6779,4046385.0,0.20765433310272666
6780,4046445.0,0.20886367449378493
6781,4046505.0,0.2100663695980793
6782,4046565.0,0.2111207191598595
6783,4046625.0,0.21218078387266223
6784,4046685.0,0.21334466386826487
6785,4046745.0,0.21464535751089783
6786,4046805.0,0.21600464001863032
6787,4046865.0,0.21734476717768844
6788,4046925.0,0.21870639740178147
6789,4046985.0,0.22007230190014684
6790,4047045.0,0.22140939980200428
6791,4047105.0,0.22273759391044504
6792,4047165.0,0.2241039405581712
6793,4047225.0,0.22541521045437532
6794,4047285.0,0.2265745706776762
6795,4047345.0,0.22770526648696374
6796,4047405.0,0.22885942364582249
6797,4047465.0,0.23001985574038827
6798,4047525.0,0.2313852150931758
6799,4047585.0,0.23286007256957816
6800,4047645.0,0.23428440844524837
6801,4047705.0,0.2358099370768629
6802,4047765.0,0.23725919578246926
6803,4047825.0,0.23869470940089524
6804,4047885.0,0.24013593566169825
6805,4047945.0,0.24159394806861886
6806,4048005.0,0.24306961564566534
6807,4048065.0,0.24459348178133059
6808,4048125.0,0.24609059268948683
6809,4048185.0,0.2473850214151133
6810,4048245.0,0.24879534695960573
6811,4048305.0,0.2502647687807479
6812,4048365.0,0.2517421269059089
6813,4048425.0,0.2532685903927572
6814,4048485.0,0.25479686304730487
6815,4048545.0,0.25643613496921214
6816,4048605.0,0.2580259104389532
6817,4048665.0,0.2595372239423571
6818,4048725.0,0.261076240536783
6819,4048785.0,0.2626330138787094
6820,4048845.0,0.2642045237616395
6821,4048905.0,0.26571715931961304
6822,4048965.0,0.2672433413712074
6823,4049025.0,0.26872756426885
6824,4049085.0,0.2702911029906928
6825,4049145.0,0.2719350285686385
6826,4049205.0,0.27357675101114143
6827,4049265.0,0.2757264276308541
6828,4049325.0,0.27738454429831827
6829,4049385.0,0.2794041062360134
6830,4049445.0,0.2811185073130086
6831,4049505.0,0.2826938722935989
6832,4049565.0,0.2843283449323055
6833,4049625.0,0.2860321526248726
6834,4049685.0,0.2866742096057405
6835,4049745.0,0.28773089266643004
6836,4049805.0,0.2888084029032163
6837,4049865.0,0.2897703626500666
6838,4049925.0,0.2917241462808646
6839,4049985.0,0.2936434365706889
6840,4050045.0,0.2955540224692914
6841,4050105.0,0.2961094783744359
6842,4050165.0,0.2967423286655818
6843,4050225.0,0.297039918127617
6844,4050288.0,0.29719288880937333
6845,4050345.0,0.2973712475839909
6846,4050405.0,0.2976341069517906
6847,4050465.0,0.29799795418576636
6848,4050525.0,0.29845235299296946
6849,4050585.0,0.298860689636253
6850,4050645.0,0.29882621023950906
6851,4050705.0,0.2990161730162856
6852,4050765.0,0.2991589361187029
6853,4050825.0,0.29935799289738385
6854,4050885.0,0.29979091621172216
6855,4050945.0,0.30073449650978035
6856,4051005.0,0.3011916974105967
6857,4051065.0,0.3014055609490941
6858,4051125.0,0.30151521025608197
6859,4051185.0,0.30156686134737465
6860,4051245.0,0.3016251420709526
6861,4051305.0,0.30174275389217675
6862,4051365.0,0.30177248254930256
6863,4051425.0,0.30165067394358813
6864,4051485.0,0.3016229326798815
6865,4051545.0,0.3017209179777096
6866,4051605.0,0.30188991630547934
6867,4051665.0,0.3023849784328252
6868,4051725.0,0.30295903182562556
6869,4051785.0,0.30315908702661465
6870,4051845.0,0.30372308745247634
6871,4051905.0,0.303914814259151
6872,4051965.0,0.30404085292449
6873,4052025.0,0.3041130337626039
6874,4052085.0,0.3041689782974083
6875,4052145.0,0.30421290559622205
6876,4052205.0,0.3043334251828109
6877,4052325.0,0.30448229057373366
6878,4052385.0,0.304606394391565
6879,4052445.0,0.3045558130514444
6880,4052505.0,0.30461081520018896
6881,4052565.0,0.30474385382711555
6882,4052625.0,0.305223323542403
6883,4052685.0,0.3055761630561601
6884,4052745.0,0.30593040414289074
6885,4052805.0,0.3065971712304444
6886,4052865.0,0.30659838814075735
6887,4052925.0,0.3066597174296285
6888,4052985.0,0.30680565237593294
6889,4053045.0,0.30705292388005956
6890,4053105.0,0.3074306203168796
6891,4053165.0,0.3080269903018725
6892,4053225.0,0.30832529425456123
6893,4053285.0,0.30870073653089947
6894,4053345.0,0.3088641006285995
6895,4053405.0,0.3090867346429621
6896,4053465.0,0.30940468283076494
6897,4053525.0,0.3097925516271989
6898,4053585.0,0.3102123302043497
6899,4053645.0,0.3106307557061929
6900,4053705.0,0.3110146171848768
6901,4053765.0,0.31136999402020515
6902,4053825.0,0.31174796393452175
6903,4053885.0,0.3121098317440295
6904,4053945.0,0.31248509193713925
6905,4054005.0,0.3133934630843772
6906,4054065.0,0.3138100772827027
6907,4054125.0,0.31386969056012504
6908,4054185.0,0.3139724219113563
6909,4054245.0,0.31404186943711754
6910,4054305.0,0.31418255093131553
6911,4054365.0,0.31436575265439426
6912,4054425.0,0.31457567814337795
6913,4054485.0,0.31487002772358097
6914,4054545.0,0.3151502418050812
6915,4054605.0,0.3153486009315718
6916,4054665.0,0.3155222968349992
6917,4054725.0,0.31570297264160085
6918,4054785.0,0.3158181976090698
6919,4054845.0,0.3160837006540923
6920,4054905.0,0.31644538764740626
6921,4054965.0,0.31688094440701764
6922,4055028.0,0.31737689167621974
6923,4055085.0,0.31791320148990854
6924,4055145.0,0.31887605847072864
6925,4055205.0,0.31953934376440796
6926,4055265.0,0.3197489441613831
6927,4055325.0,0.31975987473499246
6928,4055385.0,0.31981759581884506
6929,4055445.0,0.31999337726706367
6930,4055505.0,0.3202108910981971
6931,4055565.0,0.32046931371590925
6932,4055625.0,0.3206104552413319
6933,4055685.0,0.32085576951975336
6934,4055745.0,0.32138203616193295
6935,4055805.0,0.3217886145162706
6936,4055865.0,0.3220789155826629
6937,4055925.0,0.3222959532345665
6938,4055985.0,0.32257354856490816
6939,4056045.0,0.3229372433330463
6940,4056105.0,0.32336066819555376
6941,4056165.0,0.32374949071230075
6942,4056225.0,0.32419993119364987
6943,4056285.0,0.3246048315403647
6944,4056345.0,0.32499794035294227
6945,4056405.0,0.3254235391830552
6946,4056465.0,0.32612661715440716
6947,4056525.0,0.32676982765533
6948,4056585.0,0.32713591428881306
6949,4056645.0,0.32720941678824333
6950,4056705.0,0.3270965269956273
6951,4056765.0,0.32722999130547314
6952,4056825.0,0.32759180685029765
6953,4056885.0,0.3281909224686913
6954,4056945.0,0.32873368018131477
6955,4057005.0,0.3293528616238185
6956,4057065.0,0.32992164254642387
6957,4057125.0,0.33015736977870425
6958,4057185.0,0.3304077344100207
6959,4057245.0,0.3304609209686148
6960,4057305.0,0.3305684035389984
6961,4057365.0,0.3307800581018284
6962,4057425.0,0.3312047576776437
6963,4057485.0,0.33158088266741303
6964,4057545.0,0.33190529403993363
6965,4057605.0,0.33218194051397687
6966,4057665.0,0.33243259844149387
6967,4057725.0,0.33273564414987655
6968,4057788.0,0.3330783106322782
6969,4057845.0,0.3339881556061003
6970,4057905.0,0.33449611530232926
6971,4057965.0,0.33473124461113024
6972,4058025.0,0.334711783713891
6973,4058085.0,0.334718393633996
6974,4058145.0,0.3348286042616089
6975,4058205.0,0.33508320960221827
6976,4058265.0,0.3354843685659141
6977,4058325.0,0.33584475846814354
6978,4058385.0,0.3360003867225242
6979,4058445.0,0.33577249932068975
6980,4058505.0,0.33561363145862766
6981,4058565.0,0.33546179849239277
6982,4058625.0,0.3354867279234103
6983,4058685.0,0.33554879959684525
6984,4058745.0,0.33567988390791637
6985,4058805.0,0.335848653060719
6986,4058865.0,0.3358179810613574
6987,4058925.0,0.33555484598313867
6988,4058985.0,0.33532377150743853
6989,4059045.0,0.33531502918047806
6990,4059105.0,0.3352927208663278
6991,4059165.0,0.335568420178625
6992,4059225.0,0.3359289240274629
6993,4059285.0,0.3357155244259178
6994,4059345.0,0.33527271612387943
6995,4059405.0,0.3348625412507019
6996,4059465.0,0.3345144034974251
6997,4059525.0,0.33425337846863756
6998,4059585.0,0.3339512687629861
6999,4059645.0,0.3337044746012453
7000,4059705.0,0.3335142639137315
7001,4059765.0,0.33341348630002376
7002,4059825.0,0.33351561685087583
7003,4059885.0,0.3335355748857246
7004,4059945.0,0.3333595936770338
7005,4060005.0,0.3330683245549856
7006,4060065.0,0.3325310731352503
7007,4060125.0,0.3314807333555282
7008,4060185.0,0.3310481313808705
7009,4060245.0,0.3304010203815403
7010,4060305.0,0.33022963339629496
7011,4060365.0,0.3302368178036713
7012,4060425.0,0.33005218437982176
7013,4060485.0,0.3296527305149989
7014,4060545.0,0.32907455404452957
7015,4060605.0,0.328332925062775
7016,4060665.0,0.3273881863998823
7017,4060725.0,0.3266110399907558
7018,4060785.0,0.32588508691035223
7019,4060845.0,0.32520858922562945
7020,4060905.0,0.32451341617109886
7021,4060965.0,0.3240633013614268
7022,4061025.0,0.3235629586090175
7023,4061085.0,0.32359080801831863
7024,4061145.0,0.32370307005042653
7025,4061205.0,0.3237202456095494
7026,4061265.0,0.323539322166421
7027,4061325.0,0.3232130914509823
7028,4061385.0,0.3228413924256215
7029,4061445.0,0.3228273544030359
7030,4061505.0,0.3217231378594939
7031,4061565.0,0.3200979896500521
7032,4061625.0,0.3184920795698206
7033,4061685.0,0.3168621818437787
7034,4061745.0,0.31518606558753437
7035,4061805.0,0.312955633134976
7036,4061865.0,0.31113992268224633
7037,4061925.0,0.3096340830651785
7038,4061985.0,0.3082660971022393
7039,4062045.0,0.3070144115643506
7040,4062105.0,0.30571598960239477
7041,4062165.0,0.3043447565628731
7042,4062225.0,0.303041778234745
7043,4062285.0,0.3019398476457622
7044,4062345.0,0.30081142445158515
7045,4062405.0,0.29959639732302235
7046,4062465.0,0.29820760932803847
7047,4062525.0,0.29734011237049796
7048,4062585.0,0.2962073961597299
7049,4062645.0,0.29555579416793654
7050,4062705.0,0.29466944708019005
7051,4062765.0,0.2942118836450368
7052,4062825.0,0.2938178215805509
7053,4062885.0,0.29352492397000185
7054,4062945.0,0.2934386716221089
7055,4063005.0,0.29344870650619326
7056,4063065.0,0.2933112913382996
7057,4063125.0,0.2928996267826387
7058,4063185.0,0.29253683375848905
7059,4063245.0,0.29236420066854396
7060,4063305.0,0.2921481389661008
7061,4063365.0,0.29188647847268645
7062,4063425.0,0.29176809570540474
7063,4063485.0,0.2913942672225692
7064,4063545.0,0.2907627966016635
7065,4063605.0,0.2898320000678074
7066,4063665.0,0.2896565971939816
7067,4063725.0,0.28953399312349626
7068,4063785.0,0.2893311862114494
7069,4063845.0,0.2891992160299033
7070,4063905.0,0.28893053575182404
7071,4063965.0,0.28832015326523064
7072,4064025.0,0.2879889409746701
7073,4064085.0,0.2874215070579591
7074,4064145.0,0.28714172690656137
7075,4064205.0,0.2868586625952523
7076,4064265.0,0.2869349628236325
7077,4064325.0,0.28534572842884287
7078,4064385.0,0.283504398756365
7079,4064445.0,0.2816099472634054
7080,4064505.0,0.279730083778406
7081,4064565.0,0.27786491621565357
7082,4064625.0,0.2760352419770852
7083,4064688.0,0.2742063704282922
7084,4064745.0,0.27236186692981434
7085,4064805.0,0.27000231681956344
7086,4064865.0,0.268146544319823
7087,4064925.0,0.266687538391397
7088,4064985.0,0.2652151533215431
7089,4065045.0,0.26382833939826134
7090,4065105.0,0.26247737572974916
7091,4065165.0,0.2610251406034042
7092,4065225.0,0.2595627462215918
7093,4065285.0,0.25797666670079555
7094,4065345.0,0.25635493586167
7095,4065405.0,0.25476154112531013
7096,4065465.0,0.25315668250662793
7097,4065525.0,0.251550704029356
7098,4065585.0,0.2500242078758591
7099,4065645.0,0.24843950092449826
7100,4065705.0,0.24678616405208562
7101,4065765.0,0.24507111289623348
7102,4065825.0,0.2432015721191799
7103,4065885.0,0.24126078810528237
7104,4065945.0,0.23886917915980457
7105,4066005.0,0.2369033157746834
7106,4066065.0,0.23549094256481015
7107,4066125.0,0.23428653353491122
7108,4066185.0,0.23301394513149545
7109,4066245.0,0.23162411081178244
7110,4066305.0,0.230113194709174
7111,4066365.0,0.22850288103574143
7112,4066425.0,0.2269672459671959
7113,4066485.0,0.22530451186537506
7114,4066545.0,0.22339488055846393
7115,4066605.0,0.22161572991960923
7116,4066665.0,0.21999162510210304
7117,4066725.0,0.21845915052012774
7118,4066785.0,0.21686717323563184
7119,4066845.0,0.2151732658508895
7120,4066908.0,0.21341271978884643
7121,4066965.0,0.21165462976841168
7122,4067025.0,0.20993865507616347
7123,4067085.0,0.20829848980901525
7124,4067145.0,0.20664966604143012
7125,4067205.0,0.2049379244758868
7126,4067265.0,0.2028598986702919
7127,4067325.0,0.20082049694198503
7128,4067385.0,0.19900254146086357
7129,4067445.0,0.19749645424838216
7130,4067505.0,0.19604650695238293
7131,4067565.0,0.1946227513424589
7132,4067625.0,0.19312048746139718
7133,4067685.0,0.1915557671680532
7134,4067745.0,0.18992783421804774
7135,4067805.0,0.18809054277304696
7136,4067865.0,0.18622509625203867
7137,4067928.0,0.18469676134079435
7138,4067985.0,0.18322040177142576
7139,4068045.0,0.18197626166514255
7140,4068105.0,0.18064475759359958
7141,4068165.0,0.17918557775053898
7142,4068225.0,0.17763560871229359
7143,4068285.0,0.1760449823550875
7144,4068345.0,0.17442333615321234
7145,4068405.0,0.17282934307291367
7146,4068465.0,0.17128544489138678
7147,4068525.0,0.1697640852514876
7148,4068585.0,0.16823405819673906
7149,4068645.0,0.16606733623749362
7150,4068705.0,0.16435112997648096
7151,4068765.0,0.16282803998638382
7152,4068825.0,0.16147198290471929
7153,4068885.0,0.160041831160146
7154,4068945.0,0.15855250445283672
7155,4069005.0,0.15694496417548678
7156,4069065.0,0.15518078515591063
7157,4069125.0,0.15352633037759314
7158,4069185.0,0.15187564183707927
7159,4069245.0,0.15045827943298537
7160,4069305.0,0.14902998725433472
7161,4069365.0,0.1475468830836392
7162,4069425.0,0.14602244304549436
7163,4069485.0,0.1444721065887927
7164,4069545.0,0.14275653441607675
7165,4069605.0,0.14092907362578103
7166,4069665.0,0.1392665592429718
7167,4069725.0,0.13782481975288527
7168,4069785.0,0.1364198679039393
7169,4069845.0,0.1350098688407678
7170,4069905.0,0.1335491543853912
7171,4069965.0,0.13163875233263797
7172,4070025.0,0.12955598430865492
7173,4070085.0,0.12802629816808345
7174,4070145.0,0.12668299757944854
7175,4070205.0,0.12533613554356707
7176,4070265.0,0.1240117542726378
7177,4070325.0,0.12263603014817673
7178,4070385.0,0.12123781655614682
7179,4070445.0,0.11977818662858183
7180,4070505.0,0.11824613508899653
7181,4070565.0,0.11663407238174509
7182,4070625.0,0.11481204475015358
7183,4070685.0,0.1130955689939506
7184,4070745.0,0.1114221392277224
7185,4070805.0,0.109913019431671
7186,4070865.0,0.10866387957981075
7187,4070925.0,0.10738121445636292
7188,4070985.0,0.10602157958240335
7189,4071045.0,0.10461468202674715
7190,4071105.0,0.10297043010318799
7191,4071165.0,0.10122484980602789
7192,4071225.0,0.09950573846612579
7193,4071285.0,0.09793495830509827
7194,4071345.0,0.09647791635320616
7195,4071405.0,0.09506176837918037
7196,4071465.0,0.09377769726265131
7197,4071525.0,0.09244276879787253
7198,4071585.0,0.09108233931821466
7199,4071645.0,0.08980723417348688
7200,4071705.0,0.08842616096443598
7201,4071765.0,0.08669610612968451
7202,4071825.0,0.08503124102028639
7203,4071885.0,0.08351199739897333
7204,4071945.0,0.08211066126958647
7205,4072005.0,0.08074274505184068
7206,4072065.0,0.0795076564020378
7207,4072125.0,0.07826594535268086
7208,4072185.0,0.07690681313359474
7209,4072245.0,0.07516480550508833
7210,4072305.0,0.07481827822280443
7211,4072365.0,0.07486305692930054
7212,4072425.0,0.07492462916975787
7213,4072485.0,0.07491757417622344
7214,4072545.0,0.07487934344584848
7215,4072605.0,0.07488191458836099
7216,4072665.0,0.07499825422407838
7217,4072725.0,0.07513065957400486
7218,4072785.0,0.0751514728019961
7219,4072845.0,0.07496923332447372
7220,4072905.0,0.0748083328581792
7221,4072965.0,0.07473837100774497
7222,4073025.0,0.07470952666822697
7223,4073085.0,0.07459341924518068
7224,4073145.0,0.0744472496174621
7225,4073205.0,0.07429937035990672
7226,4073265.0,0.07415930753734332
7227,4073325.0,0.07316775332243522
7228,4073385.0,0.07230852720475758
7229,4073445.0,0.07130146507123777
7230,4073505.0,0.0701725756836932
7231,4073565.0,0.06902986710019235
7232,4073625.0,0.06788466082308689
7233,4073685.0,0.06674162020758237
7234,4073745.0,0.0654417430656298
7235,4073805.0,0.06399238972605395
7236,4073865.0,0.06250480752913953
7237,4073925.0,0.06131378519011366
7238,4073985.0,0.06011455055058981
7239,4074045.0,0.058790484249531705
7240,4074105.0,0.05738119546952092
7241,4074165.0,0.05597331761628646
7242,4074225.0,0.054164420918541706
7243,4074285.0,0.05278557270609496
7244,4074345.0,0.051790568127578956
7245,4074405.0,0.05069244494804212
7246,4074465.0,0.0495606407356263
7247,4074525.0,0.04835009878456217
7248,4074585.0,0.04710523106483824
7249,4074645.0,0.045663597574528175
7250,4074705.0,0.04417408117129165
7251,4074765.0,0.04279752890258276
7252,4074825.0,0.04149358955924873
7253,4074885.0,0.04037426295818905
7254,4074945.0,0.0392105529651304
7255,4075005.0,0.03791471432056903
7256,4075065.0,0.03609565958869673
7257,4075125.0,0.03589825707158037
7258,4075185.0,0.035949164937687156
7259,4075245.0,0.03619816286529445
7260,4075305.0,0.03641143012402717
7261,4075365.0,0.03645368520566858
7262,4075425.0,0.03641564451213347
7263,4075485.0,0.03637314895571653
7264,4075545.0,0.03634811563810189
7265,4075605.0,0.036340194917858976
7266,4075665.0,0.03638234917628866
7267,4075728.0,0.03638687339777141
7268,4075785.0,0.03632080626197173
7269,4075845.0,0.0361975748002924
7270,4075905.0,0.035973411283509366
7271,4075965.0,0.035780262199752055
7272,4076025.0,0.035623087752777755
7273,4076085.0,0.0355336067878029
7274,4076145.0,0.03552583032831022
7275,4076205.0,0.03549770351213852
7276,4076265.0,0.03548287127619584
7277,4076325.0,0.035507932063959524
7278,4076385.0,0.03554367796263799
7279,4076445.0,0.035549673809194826
7280,4076505.0,0.03555302421821077
7281,4076565.0,0.03551915825185073
7282,4076625.0,0.03551897530764994
7283,4076685.0,0.03553641242843611
7284,4076745.0,0.035562697325862785
7285,4076805.0,0.03554642461762744
7286,4076865.0,0.03548451245505166
7287,4076925.0,0.035444260910141606
7288,4076985.0,0.03527949094366942
7289,4077045.0,0.03512816233401203
7290,4077105.0,0.03508107419437523
7291,4077165.0,0.03511165314087267
7292,4077225.0,0.03515173660254203
7293,4077285.0,0.03516806930349195
7294,4077345.0,0.03517690683624655
7295,4077405.0,0.03516375478407932
7296,4077465.0,0.03513078595825761
7297,4077525.0,0.035074932437222345
7298,4077588.0,0.03502415259395175
7299,4077645.0,0.035004277596457106
7300,4077705.0,0.03499824496998025
7301,4077765.0,0.03499353129850627
7302,4077825.0,0.034919392676639266
7303,4077885.0,0.03486353265911535
7304,4077945.0,0.03481158406297549
7305,4078005.0,0.03483630606990229
7306,4078065.0,0.03490658206273281
7307,4078125.0,0.0349601285293942
7308,4078185.0,0.03496415693922483
7309,4078245.0,0.03496176333085074
7310,4078305.0,0.03491094904025124
7311,4078365.0,0.03477880937919345
7312,4078425.0,0.034689395048443816
7313,4078485.0,0.034644051585200675
7314,4078545.0,0.03462064225161057
7315,4078605.0,0.03464819942792752
7316,4078665.0,0.03463852621870969
7317,4078725.0,0.034580828626002924
7318,4078785.0,0.034422072572633994
7319,4078845.0,0.034244125151410815
7320,4078905.0,0.03411177159975742
7321,4078965.0,0.03401455990507202
7322,4079025.0,0.03394659956691104
7323,4079085.0,0.03390103085030979
7324,4079148.0,0.033852235747071
7325,4079205.0,0.03379049287426519
7326,4079265.0,0.03368087388797447
7327,4079325.0,0.0335207328251301
7328,4079385.0,0.03333083819315727
7329,4079445.0,0.033187696329803285
7330,4079505.0,0.0330286096882115
7331,4079565.0,0.032945539514633415
7332,4079625.0,0.03301226241238206
7333,4079685.0,0.03305460916010597
7334,4079745.0,0.033007352060594214
7335,4079805.0,0.032940331748283064
7336,4079865.0,0.032909613390788656
7337,4079925.0,0.03285681831122497
7338,4079985.0,0.03289289184404681
7339,4080045.0,0.03293559035042529
7340,4080105.0,0.03292493558393789
7341,4080165.0,0.032883437657182574
7342,4080225.0,0.03281362816972219
7343,4080285.0,0.032740130785295335
7344,4080345.0,0.03274705485217136
7345,4080405.0,0.032813546735581206
7346,4080465.0,0.03289890477818502
7347,4080525.0,0.033012234664425655
7348,4080585.0,0.03306678798870233
7349,4080645.0,0.03301926329231725
7350,4080705.0,0.03293978424890462
7351,4080765.0,0.03290942944306194
7352,4080825.0,0.032914647342133035
7353,4080885.0,0.03288176897834233
7354,4080945.0,0.03280024357561548
7355,4081005.0,0.03268155823200916
7356,4081065.0,0.03257706941084801
7357,4081125.0,0.03251268786746539
7358,4081185.0,0.03248551161364205
7359,4081245.0,0.032472488620373746
7360,4081305.0,0.03246747082043519
7361,4081365.0,0.0324691856654129
7362,4081425.0,0.03244065446517405
7363,4081485.0,0.03236191740501884
7364,4081545.0,0.03237125515743519
7365,4081605.0,0.032306516539112595
7366,4081665.0,0.032226464589531434
7367,4081725.0,0.03219983658954953
7368,4081785.0,0.032123035785141724
7369,4081845.0,0.032014032389285324
7370,4081905.0,0.031944517095552794
7371,4081965.0,0.0318946062053537
7372,4082025.0,0.031851535579233675
7373,4082088.0,0.031797523734231836
7374,4082145.0,0.03173237382815894
7375,4082205.0,0.03171817539549662
7376,4082265.0,0.03176729640299997
7377,4082325.0,0.03181215492620659
7378,4082385.0,0.0318409461730583
7379,4082445.0,0.03174960478358965
7380,4082505.0,0.03172741412620281
7381,4082565.0,0.031810942875176634
7382,4082625.0,0.03188979055290983
7383,4082685.0,0.03191605909342843
7384,4082745.0,0.03186315169937873
7385,4082805.0,0.03181585950490565
7386,4082865.0,0.031743709192675884
7387,4082925.0,0.031702783283219654
7388,4082985.0,0.03168307230621417
7389,4083045.0,0.03165293609100464
7390,4083105.0,0.03164448623020813
7391,4083165.0,0.03153419534718013
7392,4083225.0,0.031411765520749146
7393,4083285.0,0.03134864270269022
7394,4083345.0,0.03134274491158709
7395,4083405.0,0.03133794067038598
7396,4083465.0,0.03124297925058117
7397,4083525.0,0.031088696314213765
7398,4083585.0,0.031018014241365216
7399,4083645.0,0.031054725232470826
7400,4083705.0,0.031102348660966422
7401,4083765.0,0.031101114800025642
7402,4083825.0,0.031024333949378063
7403,4083885.0,0.030915296692466898
7404,4083945.0,0.030789426351558402
7405,4084005.0,0.030666544294766923
7406,4084065.0,0.030594924352846303
7407,4084125.0,0.03055774455609217
7408,4084185.0,0.03054697779824081
7409,4084245.0,0.0305335402256931
7410,4084305.0,0.03050989044130195
7411,4084365.0,0.03045902673055903
7412,4084425.0,0.03036588321953773
7413,4084485.0,0.03025818227170829
7414,4084545.0,0.03016133782082242
7415,4084605.0,0.030117458229936805
7416,4084665.0,0.030170177448876456
7417,4084725.0,0.030140895724971334
7418,4084785.0,0.030094045504117622
7419,4084845.0,0.030124719250755078
7420,4084905.0,0.03019305916653106
7421,4084965.0,0.030232134318458947
7422,4085025.0,0.030240839965273658
7423,4085085.0,0.0302619613472139
7424,4085145.0,0.03021801157137416
7425,4085205.0,0.030281650329704174
7426,4085265.0,0.030311524274314466
7427,4085325.0,0.030291909963801072
7428,4085385.0,0.030244156546029688
7429,4085445.0,0.030173995227119804
7430,4085505.0,0.030143375123877686
7431,4085565.0,0.030125963052256927
7432,4085625.0,0.030065796193911754
7433,4085685.0,0.029970794931710093
7434,4085745.0,0.029870350701728637
7435,4085805.0,0.029830181550717316
7436,4085865.0,0.029846261340608166
7437,4085925.0,0.029826528681902165
7438,4085985.0,0.029772259199553203
7439,4086045.0,0.029590988093928683
7440,4086105.0,0.02944784709358253
7441,4086165.0,0.029452301520080076
7442,4086225.0,0.029464767237087353
7443,4086285.0,0.02947399537618159
7444,4086345.0,0.029501991441929692
7445,4086405.0,0.02953801610670237
7446,4086465.0,0.02952583307424439
7447,4086525.0,0.029558465308528098
7448,4086585.0,0.029662353491284793
7449,4086645.0,0.029743950146702752
7450,4086705.0,0.029827456946058623
7451,4086765.0,0.029914883180579083
7452,4086825.0,0.02997497430020965
7453,4086885.0,0.029992913683561023
7454,4086945.0,0.029969769056145373
7455,4087005.0,0.030014753376097936
7456,4087065.0,0.030070369042009853
7457,4087125.0,0.030094574254758533
7458,4087185.0,0.03009875846874982
7459,4087245.0,0.030092009401887554
7460,4087305.0,0.030074401263200767
7461,4087365.0,0.030073282722457545
7462,4087425.0,0.030085628914789303
7463,4087485.0,0.030105989122203164
7464,4087545.0,0.03013666780423735
7465,4087605.0,0.03008375542075123
7466,4087665.0,0.029941663863296497
7467,4087725.0,0.029787699059919626
7468,4087785.0,0.02975658195243172
7469,4087845.0,0.029735146052676298
7470,4087905.0,0.02967190293962277
7471,4087965.0,0.02957838763193396
7472,4088025.0,0.02951788938401148
7473,4088085.0,0.029483089203104523
7474,4088145.0,0.029459304737999875
7475,4088205.0,0.029454133085927592
7476,4088265.0,0.029458979080175196
7477,4088325.0,0.02948844806035758
7478,4088385.0,0.029525987763402428
7479,4088445.0,0.02958268207065376
7480,4088505.0,0.02966725271212159
7481,4088565.0,0.029770191358633874
7482,4088625.0,0.029871648033772652
7483,4088685.0,0.02988497531913137
7484,4088745.0,0.029917736189041144
7485,4088805.0,0.029905182654785895
7486,4088865.0,0.029901316539396372
7487,4088925.0,0.029923768309481152
7488,4088985.0,0.029958918215083646
7489,4089045.0,0.029967851116171368
7490,4089105.0,0.0299826906639013
7491,4089165.0,0.029965430974991186
7492,4089225.0,0.02991623787330036
7493,4089285.0,0.029838956797135135
7494,4089345.0,0.02975048209238984
7495,4089405.0,0.029686431548003073
7496,4089465.0,0.029651444459457527
7497,4089525.0,0.02962745542317649
7498,4089585.0,0.029609636441746884
7499,4089645.0,0.029593062993765268
7500,4089705.0,0.02958069520932824
7501,4089765.0,0.02957344087954053
7502,4089825.0,0.029571732104083426
7503,4089885.0,0.029583250266826705
7504,4089945.0,0.029600374198653717
7505,4090005.0,0.029624604467244242
7506,4090065.0,0.029662464294029772
7507,4090125.0,0.029734958476396928
7508,4090185.0,0.029828412355744877
7509,4090245.0,0.029932965397849204
7510,4090305.0,0.030042535366707618
7511,4090365.0,0.030128184308299416
7512,4090425.0,0.03011700343112189
7513,4090485.0,0.03014799398080878
7514,4090545.0,0.03026173120462225
7515,4090605.0,0.030379479854454966
7516,4090665.0,0.030430771141405105
7517,4090725.0,0.030406913326952584
7518,4090785.0,0.03032719087664404
7519,4090845.0,0.03028012178291875
7520,4090905.0,0.030288736511809022
7521,4090965.0,0.030289522404311653
7522,4091025.0,0.030277821453177783
7523,4091085.0,0.03026550706399586
7524,4091145.0,0.030241458389051068
7525,4091205.0,0.030180561351265067
7526,4091265.0,0.030091385351546346
7527,4091325.0,0.029986421204044017
7528,4091385.0,0.029883089842288074
7529,4091445.0,0.029833613169764323
7530,4091505.0,0.02981821391790465
7531,4091565.0,0.029825608398983766
7532,4091625.0,0.02984397541319958
7533,4091685.0,0.029886228934189796
7534,4091745.0,0.029938638696558384
7535,4091805.0,0.029994847433513494
7536,4091865.0,0.030051183288995892
7537,4091925.0,0.030106754654982387
7538,4091985.0,0.030159086740957186
7539,4092045.0,0.03020282268049096
7540,4092105.0,0.030246344045051304
7541,4092165.0,0.03029820466121466
7542,4092225.0,0.03036538539397171
7543,4092285.0,0.0304368043537121
7544,4092345.0,0.03048559635347589
7545,4092405.0,0.030526360170575056
7546,4092465.0,0.03049578586162241
7547,4092525.0,0.030397307116300898
7548,4092585.0,0.030339227848209943
7549,4092645.0,0.03031052554678071
7550,4092705.0,0.03029808118092575
7551,4092765.0,0.030300750709187613
7552,4092825.0,0.03031640286631479
7553,4092885.0,0.03032381176556767
7554,4092945.0,0.03033223755398745
7555,4093005.0,0.030324381533609
7556,4093065.0,0.030291116066750695
7557,4093125.0,0.030252007868171643
7558,4093185.0,0.030205632846678487
7559,4093245.0,0.03016272583897145
7560,4093305.0,0.03012601398394077
7561,4093365.0,0.03010942675549813
7562,4093425.0,0.030111197892233682
7563,4093485.0,0.030134423546929273
7564,4093545.0,0.030179687522405796
7565,4093605.0,0.03023092290899998
7566,4093665.0,0.03028828232176059
7567,4093725.0,0.030345958092971415
7568,4093785.0,0.030402157034530197
7569,4093845.0,0.03045832871732912
7570,4093905.0,0.030513941717857068
7571,4093965.0,0.030567323550500375
7572,4094025.0,0.030607202656150467
7573,4094085.0,0.030653592985130068
7574,4094145.0,0.03070533623333574
7575,4094205.0,0.030754086950984194
7576,4094265.0,0.03079822236569904
7577,4094325.0,0.030825302484457168
7578,4094385.0,0.03083117521232262
7579,4094445.0,0.030824478783551962
7580,4094505.0,0.030815115443256796
7581,4094565.0,0.030807545229074057
7582,4094625.0,0.030800135477629664
7583,4094685.0,0.03079218925147051
7584,4094745.0,0.030781524527785487
7585,4094805.0,0.03077734377430341
7586,4094865.0,0.03076929167691525
7587,4094925.0,0.03077682528880557
7588,4094985.0,0.03080073473084252
7589,4095045.0,0.030835887748492052
7590,4095105.0,0.030877648269720698
7591,4095165.0,0.03091903767499113
7592,4095225.0,0.030985965003972965
7593,4095285.0,0.031063329617680574
7594,4095348.0,0.031159837298712245
7595,4095405.0,0.03126078890083139
7596,4095465.0,0.03134064158020969
7597,4095525.0,0.0313775387851947
7598,4095585.0,0.03138471284823299
7599,4095645.0,0.0313757876185371
7600,4095705.0,0.03136087575290991
7601,4095765.0,0.031344985957361265
7602,4095825.0,0.03132915315377824
7603,4095885.0,0.03130684513337206
7604,4095945.0,0.031276380691034805
7605,4096005.0,0.03121538954829281
7606,4096065.0,0.031133394692963917
7607,4096125.0,0.031063510330328697
7608,4096185.0,0.03102423760032358
7609,4096245.0,0.03101013050219098
7610,4096305.0,0.031007660806905563
7611,4096365.0,0.031015801558821582
7612,4096425.0,0.03101643568143328
7613,4096485.0,0.031021430343066342
7614,4096545.0,0.03102035161977071
7615,4096605.0,0.03101637665943252
7616,4096665.0,0.031028883157154574
7617,4096725.0,0.031042493677492455
7618,4096785.0,0.03105935228506304
7619,4096845.0,0.031085173052304932
7620,4096908.0,0.031122371763433437
7621,4096965.0,0.031165220639636892
7622,4097025.0,0.03121703196841555
7623,4097085.0,0.031274997772423624
7624,4097145.0,0.03131682521573445
7625,4097205.0,0.03135538083511766
7626,4097265.0,0.03138156315520613
7627,4097325.0,0.0313862117672061
7628,4097385.0,0.03138184013532694
7629,4097445.0,0.031391181569831283
7630,4097505.0,0.0314091647612163
7631,4097565.0,0.031438113392703415
7632,4097625.0,0.031475393563598686
7633,4097685.0,0.03151424624414259
7634,4097745.0,0.031540598271226794
7635,4097805.0,0.03154626984269496
7636,4097865.0,0.031528247789013336
7637,4097925.0,0.031498015599316836
7638,4097985.0,0.03146631700480659
7639,4098045.0,0.03142680603325537
7640,4098105.0,0.031377997904196736
7641,4098165.0,0.031316182735992376
7642,4098225.0,0.03126785046847172
7643,4098285.0,0.03122826231289033
7644,4098345.0,0.031198911148204583
7645,4098405.0,0.0311815867733099
7646,4098465.0,0.03118418377525728
7647,4098525.0,0.03118966844510468
7648,4098585.0,0.031214715888050998
7649,4098645.0,0.03123904587867113
7650,4098705.0,0.03128156602955448
7651,4098768.0,0.03133118372765609
7652,4098825.0,0.031376896460622916
7653,4098885.0,0.031436564778138
7654,4098945.0,0.03150631558136674
7655,4099005.0,0.03156167699505827
7656,4099065.0,0.03161896755592028
7657,4099125.0,0.03165462452989273
7658,4099185.0,0.03168524520256419
7659,4099245.0,0.03171057928775611
7660,4099305.0,0.03169289019645777
7661,4099365.0,0.031646757413245186
7662,4099425.0,0.03159246721266143
7663,4099485.0,0.03152872416661573
7664,4099545.0,0.031461225211657534
7665,4099605.0,0.03140907095398052
7666,4099665.0,0.031374386381242375
7667,4099725.0,0.03135336597591762
7668,4099785.0,0.031348578229144775
7669,4099845.0,0.03134086294923169
7670,4099905.0,0.03133482698474796
7671,4099965.0,0.031329641780316664
7672,4100025.0,0.03132046901508642
7673,4100085.0,0.031309006067422734
7674,4100145.0,0.03129738278051103
7675,4100205.0,0.03128387417257586
7676,4100265.0,0.03128642979147414
7677,4100325.0,0.03131113277797423
7678,4100385.0,0.03134045599549107
7679,4100445.0,0.03136810750639754
7680,4100505.0,0.03139427157732727
7681,4100565.0,0.031412921583363035
7682,4100625.0,0.0314231989706687
7683,4100685.0,0.03141793932716619
7684,4100745.0,0.031417132426869
7685,4100805.0,0.03141203622638922
7686,4100865.0,0.03140708662529315
7687,4100925.0,0.03137281504101083
7688,4100985.0,0.03132500749350983
7689,4101045.0,0.031276394050398365
7690,4101105.0,0.031239303794050016
7691,4101165.0,0.031241822672487873
7692,4101225.0,0.03127266592601785
7693,4101285.0,0.031274304130029684
7694,4101345.0,0.03126976224467484
7695,4101405.0,0.031254717676953286
7696,4101465.0,0.03125020861762448
7697,4101525.0,0.03124710249182744
7698,4101585.0,0.031233953953063387
7699,4101645.0,0.031219019263171582
7700,4101705.0,0.03119297184973363
7701,4101765.0,0.031188045570302914
7702,4101825.0,0.03119178023181468
7703,4101885.0,0.03120581021138799
7704,4101945.0,0.03122414310999086
7705,4102005.0,0.031245898069083428
7706,4102065.0,0.031264698831579396
7707,4102125.0,0.03127773477874107
7708,4102185.0,0.03128849310974233
7709,4102245.0,0.03130052647608719
7710,4102305.0,0.03132361215541571
7711,4102365.0,0.03135514438471523
7712,4102425.0,0.03138443582589509
7713,4102485.0,0.031406270235572825
7714,4102545.0,0.031441826187092264
7715,4102605.0,0.03147753636822109
7716,4102665.0,0.031510301298853655
7717,4102725.0,0.03154582666813738
7718,4102785.0,0.03158622184025181
7719,4102845.0,0.03162398498569213
7720,4102905.0,0.031637033180266394
7721,4102965.0,0.03163896210489922
7722,4103025.0,0.03161211082180884
7723,4103085.0,0.03156433271848086
7724,4103145.0,0.03153356076575134
7725,4103205.0,0.03150164957976212
7726,4103265.0,0.031501685124234347
7727,4103325.0,0.031510729648332875
7728,4103385.0,0.031530359305627864
7729,4103445.0,0.031535205362983015
7730,4103505.0,0.03153729113405904
7731,4103565.0,0.031546621831462035
7732,4103625.0,0.03154496392048453
7733,4103685.0,0.03154489155208362
7734,4103745.0,0.03153289988174571
7735,4103805.0,0.031518325334428
7736,4103865.0,0.03151996122477457
7737,4103925.0,0.03152602131164825
7738,4103985.0,0.03153597248370571
7739,4104045.0,0.031547059002431405
7740,4104105.0,0.031556847062049115
7741,4104165.0,0.031565733296581217
7742,4104225.0,0.03157382400811945
7743,4104285.0,0.031574020839761324
7744,4104345.0,0.031557261062572756
7745,4104405.0,0.0315334584970359
7746,4104465.0,0.03150988424527851
7747,4104525.0,0.03148559086221739
7748,4104585.0,0.03146733863804088
7749,4104645.0,0.03145077203453861
7750,4104705.0,0.03143368702421656
7751,4104765.0,0.03142054847332462
7752,4104825.0,0.031418243130300755
7753,4104885.0,0.031409167423758155
7754,4104945.0,0.03139217585087212
7755,4105005.0,0.03137496879073218
7756,4105065.0,0.03137047178296762
7757,4105125.0,0.031397245609338875
7758,4105185.0,0.03144763972838674
7759,4105245.0,0.031518382102524306
7760,4105305.0,0.03160038004966459
7761,4105365.0,0.031675223198688957
7762,4105425.0,0.03174678787069782
7763,4105485.0,0.03181376199946767
7764,4105545.0,0.03187763682488187
7765,4105605.0,0.0319125437588105
7766,4105665.0,0.03193983235512263
7767,4105725.0,0.0319565616379992
7768,4105785.0,0.03195542707935392
7769,4105845.0,0.031944459858533225
7770,4105905.0,0.03192455251963788
7771,4105965.0,0.031890625031924386
7772,4106025.0,0.031834739948163604
7773,4106085.0,0.031765113365951336
7774,4106145.0,0.0316776755625969
7775,4106205.0,0.03158608490303569
7776,4106265.0,0.03149900541408132
7777,4106325.0,0.031443785643122446
7778,4106388.0,0.03141188530033445
7779,4106445.0,0.0314021187801235
7780,4106505.0,0.03140722757214978
7781,4106565.0,0.031423445890893714
7782,4106628.0,0.0314469690457074
7783,4106685.0,0.031484953494969964
7784,4106745.0,0.0315071306057548
7785,4106805.0,0.031540112790506336
7786,4106865.0,0.03158111482235407
7787,4106925.0,0.031598231597994214
7788,4106985.0,0.0316033917159336
7789,4107045.0,0.03160514185435187
7790,4107105.0,0.031606254005759865
7791,4107165.0,0.03160302819922958
7792,4107225.0,0.031608771306002065
7793,4107285.0,0.03161538239244824
7794,4107345.0,0.03162577951302392
7795,4107405.0,0.031635802131972396
7796,4107465.0,0.03162872000022923
7797,4107525.0,0.03161485217468607
7798,4107585.0,0.031597936923436765
7799,4107645.0,0.03157453002867902
7800,4107705.0,0.031543168794795295
7801,4107765.0,0.03150903585032899
7802,4107825.0,0.031485284250710704
7803,4107885.0,0.03146903491377959
7804,4107945.0,0.03145620745451752
7805,4108005.0,0.03143583780372536
7806,4108065.0,0.03141856166402948
7807,4108125.0,0.03141214875512871
7808,4108185.0,0.031421475759212864
7809,4108245.0,0.031420158275048266
7810,4108305.0,0.031410698269846576
7811,4108365.0,0.031398511908873106
7812,4108425.0,0.03138338552263584
7813,4108485.0,0.03136400309717638
7814,4108545.0,0.03136686379921347
7815,4108605.0,0.031394972438988866
7816,4108665.0,0.03142642598440129
7817,4108725.0,0.03145799671829974
7818,4108785.0,0.03147740088780804
7819,4108845.0,0.03147779144494839
7820,4108905.0,0.03148100611010507
7821,4108965.0,0.031495885184179645
7822,4109025.0,0.03150881548619616
7823,4109085.0,0.03152694592101016
7824,4109148.0,0.031545512356960737
7825,4109205.0,0.0315654730180297
7826,4109265.0,0.03160270984574315
7827,4109325.0,0.03174115606324651
7828,4109385.0,0.03174355038779761
7829,4109445.0,0.031654657099492195
7830,4109505.0,0.031550368385922345
7831,4109565.0,0.031445956535290226
7832,4109625.0,0.03136727606439041
7833,4109685.0,0.03128339386478604
7834,4109745.0,0.03117374737155701
7835,4109805.0,0.03107523929455508
7836,4109865.0,0.03098710467147167
7837,4109925.0,0.030927964084257964
7838,4109985.0,0.03088060590280131
7839,4110045.0,0.030846350336350442
7840,4110105.0,0.030849518216316207
7841,4110165.0,0.03086698364371715
7842,4110225.0,0.030879586912813534
7843,4110285.0,0.03088987813120586
7844,4110345.0,0.030892854119468738
7845,4110405.0,0.03087798751004392
7846,4110465.0,0.030847880681254713
7847,4110525.0,0.03080581021316295
7848,4110585.0,0.030772871607343932
7849,4110645.0,0.030754125668482207
7850,4110705.0,0.030770242855950397
7851,4110768.0,0.030859907406994597
7852,4110825.0,0.03086062605390119
7853,4110885.0,0.030782487504408845
7854,4110945.0,0.03070153152000596
7855,4111005.0,0.030629301149902338
7856,4111065.0,0.030577333272025636
7857,4111125.0,0.030500033623152123
7858,4111185.0,0.030436222704922605
7859,4111245.0,0.030424791865553857
7860,4111305.0,0.03043376546113405
7861,4111365.0,0.030399114501442476
7862,4111425.0,0.03036113694983192
7863,4111485.0,0.03033090515855333
7864,4111545.0,0.03030264878323219
7865,4111605.0,0.030289793054711106
7866,4111665.0,0.030277800634178953
7867,4111725.0,0.030268467029393065
7868,4111785.0,0.030265868803493468
7869,4111845.0,0.03025614718888711
7870,4111905.0,0.030226124465015936
7871,4111965.0,0.030183608403217155
7872,4112025.0,0.030128237265975827
7873,4112085.0,0.030117783808334964
7874,4112145.0,0.030109018129917176
7875,4112205.0,0.03011643532625574
7876,4112268.0,0.030129032591214217
7877,4112325.0,0.03013860672237853
7878,4112385.0,0.030149112152550672
7879,4112445.0,0.03016106922493353
7880,4112505.0,0.03016903352506814
7881,4112565.0,0.030179557944280427
7882,4112625.0,0.030186500654808684
7883,4112685.0,0.030197134371270556
7884,4112745.0,0.030211682234668052
7885,4112805.0,0.030232852458853487
7886,4112865.0,0.03025590641791648
7887,4112925.0,0.030282338876519516
7888,4112985.0,0.030311506871974675
7889,4113045.0,0.030328508745303878
7890,4113105.0,0.030337669558336194
7891,4113165.0,0.030335809770063782
7892,4113225.0,0.030332709389473883
7893,4113285.0,0.03032231781393438
7894,4113345.0,0.030294917872841942
7895,4113405.0,0.030258771833211878
7896,4113465.0,0.030214755304289825
7897,4113525.0,0.030170282695688194
7898,4113585.0,0.03012603441982223
7899,4113645.0,0.030093650339439587
7900,4113705.0,0.03007722947147054
7901,4113765.0,0.030070005260114052
7902,4113825.0,0.03008197050843306
7903,4113885.0,0.03014644830754834
7904,4113945.0,0.030112413956779965
7905,4114005.0,0.030144879718429135
7906,4114065.0,0.030168845196826083
7907,4114125.0,0.030127228061697514
7908,4114185.0,0.03009508656518159
7909,4114245.0,0.03011418557619336
7910,4114305.0,0.030165917228159672
7911,4114365.0,0.030225663700019362
7912,4114425.0,0.030295656865337944
7913,4114485.0,0.030350020577372044
7914,4114545.0,0.030401119662417514
7915,4114605.0,0.03044254919021208
7916,4114665.0,0.030463066229782954
7917,4114725.0,0.030610854850992575
7918,4114785.0,0.030633112620193997
7919,4114845.0,0.030592288658982364
7920,4114905.0,0.030553311767672953
7921,4114965.0,0.03052383047832477
7922,4115025.0,0.03048433945158749
7923,4115085.0,0.030508501544154104
7924,4115145.0,0.03057122125248321
7925,4115205.0,0.030588898277868537
7926,4115265.0,0.030576216508698517
7927,4115325.0,0.030552376347113802
7928,4115385.0,0.030577336664713184
7929,4115445.0,0.030641046877769446
7930,4115505.0,0.030740702071954423
7931,4115565.0,0.030849602788296904
7932,4115625.0,0.030906037908754375
7933,4115685.0,0.030925883020155587
7934,4115745.0,0.030924879916355952
7935,4115805.0,0.030915070561585906
7936,4115865.0,0.03089013081893649
7937,4115925.0,0.03086938980588652
7938,4115985.0,0.03091418166885787
7939,4116048.0,0.030835755424733463
7940,4116108.0,0.030793406134790258
7941,4116165.0,0.030790447042182034
7942,4116225.0,0.030815870134125928
7943,4116285.0,0.030814025427314734
7944,4116345.0,0.030806629714966227
7945,4116405.0,0.030790732632776624
7946,4116465.0,0.030797911236451453
7947,4116525.0,0.030790188561916926
7948,4116585.0,0.0308254669459955
7949,4116645.0,0.030894033690548522
7950,4116705.0,0.03099367328155872
7951,4116765.0,0.031124058258195947
7952,4116825.0,0.03126564805572382
7953,4116885.0,0.03134706069413018
7954,4116945.0,0.03138708064544779
7955,4117005.0,0.03140777640560244
7956,4117065.0,0.03141894688057806
7957,4117125.0,0.03142031966584613
7958,4117185.0,0.03141694165052486
7959,4117245.0,0.03140135838710542
7960,4117305.0,0.031382965537523094
7961,4117365.0,0.031360451301584075
7962,4117425.0,0.031332439839580145
7963,4117485.0,0.03129225652781448
7964,4117545.0,0.0313831459663004
7965,4117605.0,0.03137470318736332
7966,4117665.0,0.03129924731384104
7967,4117725.0,0.03127251831620906
7968,4117785.0,0.031282880276111286
7969,4117845.0,0.03133954395710775
7970,4117905.0,0.031421619622108404
7971,4117965.0,0.03148224160992141
7972,4118025.0,0.031488954898758026
7973,4118085.0,0.03146784496966329
7974,4118145.0,0.031449707120659504
7975,4118205.0,0.03141929843153898
7976,4118265.0,0.03141472205231527
7977,4118325.0,0.03143154087598485
7978,4118385.0,0.03148619648067319
7979,4118445.0,0.03156639402696271
7980,4118505.0,0.03168685321715095
7981,4118565.0,0.03181559162251077
7982,4118625.0,0.031889606590302294
7983,4118685.0,0.03191292797263398
7984,4118745.0,0.03191463337981729
7985,4118805.0,0.031903869315414224
7986,4118865.0,0.03187994889264523
7987,4118925.0,0.03184623087053051
7988,4118985.0,0.031793126115511994
7989,4119045.0,0.031741506152026894
7990,4119105.0,0.03169396099108682
7991,4119165.0,0.031641344668621674
7992,4119225.0,0.03158467849645849
7993,4119285.0,0.031531528594353236
7994,4119345.0,0.031471944362473
7995,4119405.0,0.03140677193244859
7996,4119465.0,0.03136027208422412
7997,4119525.0,0.031326278310738725
7998,4119585.0,0.031309354753053464
7999,4119645.0,0.031307123427410766
8000,4119705.0,0.031412787036013995
8001,4119765.0,0.03140908260503228
8002,4119825.0,0.031332051046021436
8003,4119885.0,0.03125946632533197
8004,4119945.0,0.03121847095178884
8005,4120005.0,0.031233357071426132
8006,4120065.0,0.03126329150332946
8007,4120125.0,0.031142673060474246
8008,4120185.0,0.031132764628657467
8009,4120245.0,0.03120902959383054
8010,4120305.0,0.03127369153611967
8011,4120365.0,0.03133853782131568
8012,4120425.0,0.031375722574839504
8013,4120485.0,0.03143070410384505
8014,4120545.0,0.031524394949324214
8015,4120605.0,0.031627009901903064
8016,4120665.0,0.03170564784447619
8017,4120725.0,0.031765831753545276
8018,4120785.0,0.031787799843612324
8019,4120845.0,0.031766886069044625
8020,4120905.0,0.031731097912141515
8021,4120965.0,0.031638487175515595
8022,4121025.0,0.03167830526473686
8023,4121085.0,0.03177381787099007
8024,4121145.0,0.0318175542901408
8025,4121205.0,0.031798304899773644
8026,4121265.0,0.03183494837058601
8027,4121325.0,0.0319304626608132
8028,4121385.0,0.032019018278332756
8029,4121448.0,0.03207082623121876
8030,4121505.0,0.03207642548136888
8031,4121565.0,0.031995022826623615
8032,4121625.0,0.031999110127791525
8033,4121685.0,0.03218917508049418
8034,4121745.0,0.03228335451259068
8035,4121805.0,0.032393532257337904
8036,4121865.0,0.03254048319664707
8037,4121928.0,0.03267851091091356
8038,4121988.0,0.032797697412762256
8039,4122045.0,0.03285436760886548
8040,4122105.0,0.0328537530827768
8041,4122165.0,0.0329104307894901
8042,4122225.0,0.03296584663627314
8043,4122285.0,0.03304007141414381
8044,4122345.0,0.03313224812513402
8045,4122405.0,0.03323644258129435
8046,4122465.0,0.03334854607811891
8047,4122525.0,0.03341403910934018
8048,4122585.0,0.033418402472393555
8049,4122645.0,0.033400300200671224
8050,4122705.0,0.033365649104562106
8051,4122765.0,0.03327021860943821
8052,4122825.0,0.03327792061844917
8053,4122885.0,0.033325924279819036
8054,4122945.0,0.03340368456667678
8055,4123005.0,0.033476386377355005
8056,4123065.0,0.03352166536008275
8057,4123125.0,0.03360435177870208
8058,4123185.0,0.03364194420455341
8059,4123245.0,0.033606229028028234
8060,4123305.0,0.03356814921440235
8061,4123365.0,0.03355989226777162
8062,4123425.0,0.03357745042277449
8063,4123485.0,0.03362945314927068
8064,4123545.0,0.033673634499381794
8065,4123605.0,0.03363059901600407
8066,4123665.0,0.03358153941470779
8067,4123725.0,0.03354118303193185
8068,4123785.0,0.033508714893439734
8069,4123845.0,0.03351706391657594
8070,4123905.0,0.03357370206923829
8071,4123965.0,0.03364332346372717
8072,4124025.0,0.03363533074410863
8073,4124085.0,0.03361800216118607
8074,4124145.0,0.03360515326251523
8075,4124205.0,0.03357634260575451
8076,4124265.0,0.03355326199123007
8077,4124325.0,0.03359929860465033
8078,4124385.0,0.03367296386840887
8079,4124445.0,0.03365652827280527
8080,4124505.0,0.0336181804065018
8081,4124565.0,0.03359277604579722
8082,4124625.0,0.03359410907769447
8083,4124685.0,0.0335732621673237
8084,4124745.0,0.03373707014597849
8085,4124805.0,0.033801550282418796
8086,4124865.0,0.03389738265802025
8087,4124925.0,0.034011310867586186
8088,4124985.0,0.034106390396702935
8089,4125045.0,0.03414278791951891
8090,4125105.0,0.03416836356152819
8091,4125165.0,0.034226907052835986
8092,4125228.0,0.03425294876754956
8093,4125285.0,0.03422845472542313
8094,4125345.0,0.03418665494178716
8095,4125405.0,0.034190356282374185
8096,4125465.0,0.03432343566453755
8097,4125525.0,0.03423182730048943
8098,4125585.0,0.03412897060996606
8099,4125645.0,0.03408105435894043
8100,4125705.0,0.034060976936548776
8101,4125765.0,0.03408359030341254
8102,4125825.0,0.03413930703273599
8103,4125885.0,0.03411280076361431
8104,4125945.0,0.03405576627904355
8105,4126005.0,0.034051156434393076
8106,4126065.0,0.03409012797724917
8107,4126125.0,0.03413925941412713
8108,4126185.0,0.03412023298971492
8109,4126245.0,0.03411178121287675
8110,4126305.0,0.03408553130204994
8111,4126365.0,0.03398886189353825
8112,4126425.0,0.03391352917446597
8113,4126485.0,0.033892087885594335
8114,4126545.0,0.03390952372100811
8115,4126605.0,0.03393411300045071
8116,4126665.0,0.034019197964834214
8117,4126725.0,0.03406876590657901
8118,4126785.0,0.0339864180744085
8119,4126845.0,0.03402683586171801
8120,4126905.0,0.034036325584085314
8121,4126965.0,0.03400944913952472
8122,4127025.0,0.03395041608094754
8123,4127085.0,0.03393497208509186
8124,4127145.0,0.03393478279778181
8125,4127205.0,0.03396961044286309
8126,4127265.0,0.03399245292250094
8127,4127325.0,0.034155467919706584
8128,4127385.0,0.034294775561893004
8129,4127445.0,0.0343889474102195
8130,4127505.0,0.034420346564104004
8131,4127565.0,0.03432088749270712
8132,4127625.0,0.034193614030397085
8133,4127685.0,0.034169087691976435
8134,4127745.0,0.034199533034975305
8135,4127808.0,0.03421933791707199
8136,4127865.0,0.03422716952860197
8137,4127925.0,0.03427294408398093
8138,4127985.0,0.03430805221153296
8139,4128045.0,0.03428533942012671
8140,4128105.0,0.03425605803174617
8141,4128165.0,0.034375089354705596
8142,4128225.0,0.03455640519270306
8143,4128285.0,0.03473042498981846
8144,4128345.0,0.03478749967037342
8145,4128408.0,0.034879846173841766
8146,4128465.0,0.035025258424097316
8147,4128525.0,0.03510864044667392
8148,4128585.0,0.035128369733775505
8149,4128645.0,0.03510032603337787
8150,4128705.0,0.03507404072905032
8151,4128765.0,0.03509617209800475
8152,4128825.0,0.03518184358094206
8153,4128888.0,0.03530515049311525
8154,4128945.0,0.03552127756754406
8155,4129008.0,0.03562030847349745
8156,4129065.0,0.03560561168452317
8157,4129125.0,0.03565687357993513
8158,4129185.0,0.03571963083227905
8159,4129245.0,0.03578105444820645
8160,4129305.0,0.03578867587114243
8161,4129365.0,0.03577720283198532
8162,4129425.0,0.03576943523447712
8163,4129485.0,0.035773553634866645
8164,4129545.0,0.03578515899623619
8165,4129605.0,0.035811705230896856
8166,4129665.0,0.03587443492626885
8167,4129725.0,0.03597090034783296
8168,4129785.0,0.03609621683497377
8169,4129845.0,0.03618892353506162
8170,4129905.0,0.03623122214900515
8171,4129965.0,0.03624360417486841
8172,4130025.0,0.03617678642685915
8173,4130085.0,0.03613801269679101
8174,4130145.0,0.036213232112583676
8175,4130205.0,0.036360487056465746
8176,4130265.0,0.03652665868315433
8177,4130325.0,0.036662704617251685
8178,4130385.0,0.0368018554032947
8179,4130445.0,0.03693236006847406
8180,4130505.0,0.03691229714719324
8181,4130565.0,0.03697617222821881
8182,4130625.0,0.03710782333996834
8183,4130685.0,0.03721630763295494
8184,4130745.0,0.037313607764483225
8185,4130805.0,0.03736367309069888
8186,4130865.0,0.03738229095301318
8187,4130925.0,0.037452623131814966
8188,4130985.0,0.037505970004089006
8189,4131045.0,0.03773340221922092
8190,4131105.0,0.037961642501145004
8191,4131165.0,0.03814685750149824
8192,4131225.0,0.038341881669520544
8193,4131285.0,0.03842731831402671
8194,4131345.0,0.03841928253421584
8195,4131405.0,0.03837897272635807
8196,4131465.0,0.03833528709059969
8197,4131525.0,0.03827528180077358
8198,4131585.0,0.03822332792131081
8199,4131645.0,0.03819579438997783
8200,4131705.0,0.038167103650850964
8201,4131765.0,0.03820177199744243
8202,4131825.0,0.03818907166017216
8203,4131885.0,0.03815131696070606
8204,4131945.0,0.03826214262453262
8205,4132005.0,0.038529769431198846
8206,4132065.0,0.03872147167326376
8207,4132125.0,0.03883173333062698
8208,4132185.0,0.038932578715811045
8209,4132245.0,0.03907333807600591
8210,4132305.0,0.039239668870847816
8211,4132365.0,0.03947552741689239
8212,4132425.0,0.03977157237948506
8213,4132485.0,0.03998969435418165
8214,4132545.0,0.04009178718363013
8215,4132605.0,0.04009048030681214
8216,4132665.0,0.040032878854617954
8217,4132725.0,0.04001244126932224
8218,4132785.0,0.03999502211142017
8219,4132845.0,0.039991902674961305
8220,4132905.0,0.04004227265850857
8221,4132965.0,0.04012128694000139
8222,4133025.0,0.04022953597367068
8223,4133085.0,0.04034361968171432
8224,4133148.0,0.04045866774449164
8225,4133205.0,0.04051897170990729
8226,4133265.0,0.04054318344740668
8227,4133325.0,0.0405825620951176
8228,4133385.0,0.04065649242834338
8229,4133445.0,0.04073348877494623
8230,4133505.0,0.04079705254914384
8231,4133568.0,0.04090219727675162
8232,4133625.0,0.040915296513469285
8233,4133685.0,0.04088520313056046
8234,4133745.0,0.040869876079323714
8235,4133805.0,0.040898787235754436
8236,4133865.0,0.041003875181162275
8237,4133925.0,0.041106950588748886
8238,4133985.0,0.04130740864386076
8239,4134048.0,0.041665477943350626
8240,4134105.0,0.04203467628259183
8241,4134165.0,0.04232991283729676
8242,4134225.0,0.04260106448610962
8243,4134285.0,0.044485962651197614
8244,4134345.0,0.045782078035460944
8245,4134405.0,0.04685060637883673
8246,4134465.0,0.04798568621499835
8247,4134525.0,0.04922438893513961
8248,4134585.0,0.05050855640788601
8249,4134645.0,0.051840039977626734
8250,4134705.0,0.0531313103313282
8251,4134765.0,0.05446040517180842
8252,4134825.0,0.05594399084620197
8253,4134885.0,0.05748885919659327
8254,4134945.0,0.05904979568015353
8255,4135005.0,0.06086911944048254
8256,4135065.0,0.06256688221188125
8257,4135125.0,0.06423197582711557
8258,4135185.0,0.06581014273692912
8259,4135245.0,0.0673440108463321
8260,4135305.0,0.06889356925928161
8261,4135365.0,0.07053758648629685
8262,4135425.0,0.07221941221812919
8263,4135485.0,0.07374860379874063
8264,4135545.0,0.07533202354172122
8265,4135605.0,0.07715527773101052
8266,4135665.0,0.07906350700877254
8267,4135725.0,0.08090305326088884
8268,4135785.0,0.08270230876797993
8269,4135845.0,0.08423580493839025
8270,4135905.0,0.08573786675529069
8271,4135965.0,0.08728344967353055
8272,4136025.0,0.0889530738244784
8273,4136085.0,0.09081747000389165
8274,4136145.0,0.09278435967434986
8275,4136205.0,0.09476024755940135
8276,4136265.0,0.09653053484494592
8277,4136325.0,0.0983604956306888
8278,4136385.0,0.10030804313173894
8279,4136445.0,0.10192388037364727
8280,4136505.0,0.10380372459875728
8281,4136565.0,0.10562937001022357
8282,4136625.0,0.10737408202420887
8283,4136685.0,0.10917497438238652
8284,4136745.0,0.11125770118166037
8285,4136805.0,0.1133511357575693
8286,4136865.0,0.11493675525008859
8287,4136925.0,0.11647540258313485
8288,4136985.0,0.11802636369656763
8289,4137045.0,0.11953910554526989
8290,4137105.0,0.12111276967988541
8291,4137165.0,0.12278165759411655
8292,4137225.0,0.12447009852170779
8293,4137285.0,0.1261659699764038
8294,4137345.0,0.12768818227687959
8295,4137405.0,0.129319107319134
8296,4137465.0,0.1309604489688215
8297,4137525.0,0.1327376200763867
8298,4137585.0,0.1346330762606394
8299,4137645.0,0.1365647642824275
8300,4137705.0,0.13826764549551476
8301,4137765.0,0.13986944697697948
8302,4137825.0,0.14172177994408156
8303,4137885.0,0.14354454305416817
8304,4137945.0,0.1451263704169233
8305,4138005.0,0.14806673283280983
8306,4138065.0,0.14970197613096906
8307,4138125.0,0.1514788962149319
8308,4138185.0,0.1533642123828117
8309,4138245.0,0.15472054959625817
8310,4138305.0,0.15611463804087586
8311,4138365.0,0.15752393929035938
8312,4138425.0,0.15893502439722176
8313,4138485.0,0.16028225915194025
8314,4138545.0,0.16163820537323328
8315,4138605.0,0.16313745621253553
8316,4138665.0,0.1647069445222238
8317,4138725.0,0.1663751208440152
8318,4138785.0,0.16792271606974965
8319,4138845.0,0.16949723516161444
8320,4138905.0,0.17101667491176512
8321,4138965.0,0.17237743138754227
8322,4139025.0,0.173716737544678
8323,4139085.0,0.17507749329138841
8324,4139145.0,0.17650499395503613
8325,4139205.0,0.17805033240124865
8326,4139265.0,0.17963599224282686
8327,4139325.0,0.1813693171438587
8328,4139385.0,0.1831561942208281
8329,4139445.0,0.18493803886190432
8330,4139505.0,0.1867228337812372
8331,4139565.0,0.18846077083494486
8332,4139625.0,0.19017223211593784
8333,4139685.0,0.19190483755989132
8334,4139745.0,0.19352887070997685
8335,4139805.0,0.19521761449869054
8336,4139865.0,0.1970088803959986
8337,4139925.0,0.19869019874010005
8338,4139985.0,0.2003156698244972
8339,4140045.0,0.20188708932940677
8340,4140105.0,0.20349924407127132
8341,4140165.0,0.2051090289318929
8342,4140225.0,0.20674811319547118
8343,4140285.0,0.2084227470045805
8344,4140345.0,0.21008735311433005
8345,4140405.0,0.21175683861865777
8346,4140465.0,0.21338734487497565
8347,4140525.0,0.21500727533655753
8348,4140585.0,0.2165761323463586
8349,4140645.0,0.21798202269468783
8350,4140705.0,0.21956003135511873
8351,4140765.0,0.22123311404967075
8352,4140825.0,0.223006586408347
8353,4140885.0,0.22508606236080134
8354,4140945.0,0.2267770331895871
8355,4141005.0,0.22857580162476962
8356,4141065.0,0.23010853991618715
8357,4141125.0,0.2315815585546618
8358,4141185.0,0.23301057598238964
8359,4141245.0,0.23446493333512
8360,4141305.0,0.23597852764978985
8361,4141365.0,0.23748561937134785
8362,4141425.0,0.23907112373988856
8363,4141485.0,0.2406994016551888
8364,4141545.0,0.24229997309388332
8365,4141605.0,0.24387389519359162
8366,4141665.0,0.24542255941470945
8367,4141725.0,0.2469866894935933
8368,4141785.0,0.2488069190017195
8369,4141845.0,0.2502710602023027
8370,4141905.0,0.2521385533673459
8371,4141965.0,0.25379732353847817
8372,4142025.0,0.2554528706514345
8373,4142085.0,0.2572604972986555
8374,4142145.0,0.25921962530341347
8375,4142205.0,0.2610344379618368
8376,4142265.0,0.262982127223483
8377,4142325.0,0.26503006311667054
8378,4142385.0,0.26712419897411466
8379,4142445.0,0.26870552939345327
8380,4142505.0,0.2703140326214637
8381,4142565.0,0.2719251275627781
8382,4142625.0,0.2734951269550614
8383,4142685.0,0.2750578194581006
8384,4142748.0,0.27677426186282394
8385,4142805.0,0.2781516612756282
8386,4142865.0,0.2794340974068338
8387,4142925.0,0.2808742910078198
8388,4142985.0,0.2827885068483158
8389,4143045.0,0.28452445404760174
8390,4143105.0,0.28602177855587185
8391,4143165.0,0.28760441506167767
8392,4143228.0,0.289261203282173
8393,4143285.0,0.29079414078339494
8394,4143345.0,0.29262481561278786
8395,4143405.0,0.2946464259656424
8396,4143465.0,0.29674178964573417
8397,4143525.0,0.29825788711681034
8398,4143585.0,0.2997612037173669
8399,4143645.0,0.30131763205685336
8400,4143705.0,0.3028274860950869
8401,4143765.0,0.30430199735248065
8402,4143825.0,0.30587458646536814
8403,4143885.0,0.30727049016501784
8404,4143945.0,0.308631940337858
8405,4144005.0,0.309929914509503
8406,4144065.0,0.31123825769811986
8407,4144125.0,0.3125380445691558
8408,4144185.0,0.3138806609771593
8409,4144245.0,0.315331422587116
8410,4144305.0,0.3168894014355329
8411,4144365.0,0.3186662161967707
8412,4144425.0,0.32048016346807906
8413,4144485.0,0.3220908912822088
8414,4144545.0,0.3233833359233943
8415,4144605.0,0.3246433030914617
8416,4144665.0,0.32598844936271165
8417,4144725.0,0.3274104548836836
8418,4144785.0,0.3290294785606117
8419,4144845.0,0.3305272503168841
8420,4144905.0,0.33186381402420406
8421,4144965.0,0.3331384537863792
8422,4145025.0,0.33421523746825077
8423,4145085.0,0.3337296418965766
8424,4145145.0,0.3339341601466216
8425,4145205.0,0.33434803187667195
8426,4145265.0,0.3349484680499011
8427,4145325.0,0.3353941518010928
8428,4145385.0,0.3357196543091491
8429,4145445.0,0.33590266864685137
8430,4145505.0,0.3360093098755892
8431,4145565.0,0.3361653402920396
8432,4145625.0,0.33634961266958474
8433,4145685.0,0.3365319491994375
8434,4145745.0,0.3367251742682601
8435,4145805.0,0.336666133170081
8436,4145865.0,0.3367403965753397
8437,4145925.0,0.3368125843694413
8438,4145985.0,0.3367777083888649
8439,4146045.0,0.33673682849211084
8440,4146105.0,0.33682078047966624
8441,4146165.0,0.33678600309252704
8442,4146225.0,0.33683569828396853
8443,4146285.0,0.33684159246724976
8444,4146345.0,0.3366365560647141
8445,4146405.0,0.33623399569959556
8446,4146465.0,0.3357315071968502
8447,4146525.0,0.33536053620990625
8448,4146585.0,0.3350568940539149
8449,4146645.0,0.3350580182519304
8450,4146705.0,0.33508385867288926
8451,4146765.0,0.3350749051105453
8452,4146825.0,0.335244960123915
8453,4146885.0,0.3352417006739632
8454,4146945.0,0.3349446727004769
8455,4147005.0,0.3344905291852577
8456,4147065.0,0.33390566884898687
8457,4147125.0,0.33342706737004224
8458,4147185.0,0.3331005932766514
8459,4147245.0,0.33321240877779756
8460,4147305.0,0.333286482137073
8461,4147365.0,0.3333798018130514
8462,4147425.0,0.3332780245993835
8463,4147485.0,0.33297796197323914
8464,4147545.0,0.33243281323771323
8465,4147605.0,0.3319291263169174
8466,4147665.0,0.3319723095091208
8467,4147725.0,0.33209180352839296
8468,4147785.0,0.3320687285289131
8469,4147845.0,0.33213347112498237
8470,4147905.0,0.3323392394028345
8471,4147965.0,0.3324417629448384
8472,4148025.0,0.3325099081454296
8473,4148085.0,0.33247787927748607
8474,4148145.0,0.3323950743397749
8475,4148208.0,0.33223204107287063
8476,4148265.0,0.3320680353603992
8477,4148325.0,0.33187003962533546
8478,4148388.0,0.3316608246586573
8479,4148445.0,0.3314656635690785
8480,4148505.0,0.33154142358073424
8481,4148565.0,0.3317481428714141
8482,4148625.0,0.33166205383437053
8483,4148685.0,0.3315440997359925
8484,4148745.0,0.33162127138251785
8485,4148805.0,0.3303199769325237
8486,4148865.0,0.3303879352178394
8487,4148925.0,0.33003148656008874
8488,4148985.0,0.32944566786085516
8489,4149045.0,0.3293202927251805
8490,4149105.0,0.3290366337822871
8491,4149165.0,0.3289292723411177
8492,4149225.0,0.3289460422338636
8493,4149285.0,0.3290309972612263
8494,4149345.0,0.3292355789148872
8495,4149405.0,0.3297026383127075
8496,4149465.0,0.3297141775533621
8497,4149525.0,0.32929149758330056
8498,4149585.0,0.32905156473566344
8499,4149645.0,0.32885667124104334
8500,4149705.0,0.32872474088227743
8501,4149765.0,0.3286573524568166
8502,4149825.0,0.32879928963075333
8503,4149885.0,0.3290525959655166
8504,4149945.0,0.3291098144228023
8505,4150005.0,0.32899995087593237
8506,4150065.0,0.3286726046105469
8507,4150125.0,0.32820932719700513
8508,4150185.0,0.32778519530533157
8509,4150245.0,0.32740347882986975
8510,4150305.0,0.3270094123967976
8511,4150365.0,0.3266246741342377
8512,4150428.0,0.32648239201663387
8513,4150485.0,0.32629492863976406
8514,4150545.0,0.32598924487945946
8515,4150605.0,0.32565172322931457
8516,4150665.0,0.32524057727792066
8517,4150725.0,0.32470632158511614
8518,4150785.0,0.3242253945789183
8519,4150845.0,0.3238836932142297
8520,4150905.0,0.3237794277421796
8521,4150965.0,0.32374400535622727
8522,4151025.0,0.3233820203658079
8523,4151085.0,0.32295270885389826
8524,4151145.0,0.3226161910234434
8525,4151205.0,0.3223562654468213
8526,4151265.0,0.3221168586649582
8527,4151325.0,0.3218549635534793
8528,4151388.0,0.3216016993977734
8529,4151445.0,0.3215522245436532
8530,4151505.0,0.3213944764865002
8531,4151565.0,0.3211672414559138
8532,4151625.0,0.3209057579352471
8533,4151685.0,0.32033784598658743
8534,4151745.0,0.32064447511993477
8535,4151805.0,0.3203773543730014
8536,4151865.0,0.3198858066649626
8537,4151925.0,0.3194500620492854
8538,4151985.0,0.31910146507528614
8539,4152048.0,0.31882146165172254
8540,4152105.0,0.3185795840901344
8541,4152165.0,0.3184597385378126
8542,4152225.0,0.31829782228978243
8543,4152285.0,0.31801862958049576
8544,4152345.0,0.31758161763745885
8545,4152405.0,0.31711719604544963
8546,4152465.0,0.3167514657798721
8547,4152525.0,0.3164563476397805
8548,4152585.0,0.31598655647605167
8549,4152645.0,0.3155792807721314
8550,4152705.0,0.31500157533893836
8551,4152765.0,0.31456678671042615
8552,4152825.0,0.31397765900738916
8553,4152885.0,0.3134046047893043
8554,4152945.0,0.3128396742632181
8555,4153005.0,0.31248062014953293
8556,4153065.0,0.31067828945669074
8557,4153125.0,0.30876638133264944
8558,4153185.0,0.306863429120835
8559,4153245.0,0.30681799516254427
8560,4153305.0,0.3064735211758399
8561,4153365.0,0.30595007702828836
8562,4153425.0,0.3053333382894502
8563,4153485.0,0.3048125380571207
8564,4153545.0,0.3041379972985945
8565,4153605.0,0.30377587119540617
8566,4153665.0,0.3036289181463878
8567,4153725.0,0.30341958239293676
8568,4153785.0,0.3028018727134958
8569,4153845.0,0.30240855176808723
8570,4153905.0,0.30090634381234205
8571,4153965.0,0.29930679792647685
8572,4154025.0,0.29775642580632145
8573,4154085.0,0.2961766867807152
8574,4154145.0,0.2943698163213736
8575,4154205.0,0.2924540160861271
8576,4154265.0,0.2904228739582906
8577,4154325.0,0.2888828216158337
8578,4154385.0,0.28732007255440795
8579,4154445.0,0.2856783489993351
8580,4154505.0,0.2840875198708658
8581,4154565.0,0.2825242688392574
8582,4154625.0,0.28085832516176223
8583,4154685.0,0.2793517724775201
8584,4154745.0,0.2778309006986177
8585,4154805.0,0.2763474786246175
8586,4154865.0,0.2748599581465926
8587,4154925.0,0.2733965830940025
8588,4154985.0,0.27189493415807575
8589,4155045.0,0.27029593542511166
8590,4155105.0,0.26861900370176106
8591,4155165.0,0.26674373151309494
8592,4155225.0,0.2648210828048182
8593,4155285.0,0.26310049660439006
8594,4155345.0,0.2616786224480596
8595,4155405.0,0.2603285130528177
8596,4155465.0,0.2587543104383997
8597,4155525.0,0.2570251552837788
8598,4155585.0,0.2551253851394881
8599,4155645.0,0.2532799525526267
8600,4155705.0,0.251612104502448
8601,4155765.0,0.2500503931665452
8602,4155825.0,0.24864603024707485
8603,4155888.0,0.24716257670236105
8604,4155945.0,0.2455936652140712
8605,4156005.0,0.2441355237433913
8606,4156065.0,0.24243602819205332
8607,4156125.0,0.24077438269462345
8608,4156185.0,0.23918494706799623
8609,4156245.0,0.23764646740071463
8610,4156305.0,0.23616160367947395
8611,4156365.0,0.2345707886150589
8612,4156425.0,0.23286835654476104
8613,4156485.0,0.23111139478553447
8614,4156545.0,0.22931885285939532
8615,4156605.0,0.22753592454393481
8616,4156665.0,0.22574746341842242
8617,4156725.0,0.22392816762992637
8618,4156788.0,0.2222687948521819
8619,4156845.0,0.22074505239418626
8620,4156905.0,0.21911809995863843
8621,4156965.0,0.21750113442206873
8622,4157025.0,0.21568927380951305
8623,4157085.0,0.2140914634957288
8624,4157145.0,0.21263130190841048
8625,4157205.0,0.21112540314080422
8626,4157265.0,0.20959198219362488
8627,4157325.0,0.20807934203519338
8628,4157385.0,0.20651656610074196
8629,4157445.0,0.20489253319681786
8630,4157505.0,0.20322437038705513
8631,4157565.0,0.20155449805336348
8632,4157625.0,0.1996507965267654
8633,4157685.0,0.19777768990736452
8634,4157745.0,0.1960638664295913
8635,4157805.0,0.19447475331117073
8636,4157865.0,0.19312860293379644
8637,4157925.0,0.1917816822645618
8638,4157985.0,0.19035465535900534
8639,4158045.0,0.1886779820889775
8640,4158105.0,0.18671326401146274
8641,4158165.0,0.18473413062483654
8642,4158225.0,0.18301231329721077
8643,4158285.0,0.1814616557504943
8644,4158345.0,0.17991033431734896
8645,4158405.0,0.17831547081288238
8646,4158465.0,0.17660334119769375
8647,4158525.0,0.174855431385994
8648,4158585.0,0.1732654943529349
8649,4158648.0,0.1715782919902122
8650,4158705.0,0.1696442937256474
8651,4158765.0,0.16781128640829082
8652,4158825.0,0.16601375478817207
8653,4158885.0,0.16426351208389497
8654,4158945.0,0.16273148097635384
8655,4159005.0,0.16120406431032971
8656,4159065.0,0.159645321839422
8657,4159125.0,0.15802753922696142
8658,4159185.0,0.15647024415687957
8659,4159245.0,0.15473151045782338
8660,4159305.0,0.1528372896407764
8661,4159365.0,0.15089984987343694
8662,4159425.0,0.14904676485646998
8663,4159485.0,0.14725111027514518
8664,4159545.0,0.14549392862209007
8665,4159605.0,0.14375049189811032
8666,4159665.0,0.14197280773504709
8667,4159725.0,0.14039018305807752
8668,4159785.0,0.1389417871907808
8669,4159845.0,0.1375841804135032
8670,4159905.0,0.1363805367960861
8671,4159965.0,0.13506970974547203
8672,4160025.0,0.13363232676507317
8673,4160085.0,0.13213055715152536
8674,4160145.0,0.13050476987712686
8675,4160205.0,0.12841079449299733
8676,4160265.0,0.12675514883843877
8677,4160325.0,0.12538340392390238
8678,4160385.0,0.12399031177722167
8679,4160445.0,0.12262830733360644
8680,4160505.0,0.12129553637966725
8681,4160565.0,0.11988674858509993
8682,4160625.0,0.1182045053083016
8683,4160685.0,0.11639052095184896
8684,4160745.0,0.11470321901660138
8685,4160805.0,0.11321083828903869
8686,4160865.0,0.11182992371633008
8687,4160925.0,0.11042874985878601
8688,4160985.0,0.1090258584904101
8689,4161045.0,0.10758685118735359
8690,4161105.0,0.10609968117288063
8691,4161165.0,0.1046204208925017
8692,4161225.0,0.10293666788648867
8693,4161285.0,0.10129570058910123
8694,4161345.0,0.09974902358299623
8695,4161405.0,0.09829432992469575
8696,4161465.0,0.09692329256298868
8697,4161525.0,0.09573331737554261
8698,4161585.0,0.09450848946321674
8699,4161645.0,0.09319997577736303
8700,4161705.0,0.0916663474618907
8701,4161765.0,0.08990025679601435
8702,4161825.0,0.08844654786708314
8703,4161885.0,0.08707411659411621
8704,4161948.0,0.08566495715828973
8705,4162005.0,0.08421700289547593
8706,4162065.0,0.0827990506100191
8707,4162125.0,0.0814102023368686
8708,4162185.0,0.08006045973372236
8709,4162245.0,0.07866386821840601
8710,4162305.0,0.07720753984590925
8711,4162365.0,0.07573147956953499
8712,4162425.0,0.07425483461402124
8713,4162485.0,0.07274356341974633
8714,4162545.0,0.0706311862142294
8715,4162605.0,0.06891359713711101
8716,4162668.0,0.06768057339986802
8717,4162725.0,0.06648536039464945
8718,4162785.0,0.065249625478108
8719,4162845.0,0.0639400029053028
8720,4162905.0,0.06258128693739415
8721,4162965.0,0.06118199208578298
8722,4163025.0,0.05977637892707646
8723,4163085.0,0.0583392177054923
8724,4163145.0,0.05704040194043017
8725,4163205.0,0.055790933722800334
8726,4163265.0,0.0544767346508227
8727,4163325.0,0.05306476443165434
8728,4163385.0,0.05161468533460953
8729,4163445.0,0.05033855895917136
8730,4163505.0,0.048830588919960144
8731,4163565.0,0.04738693548463885
8732,4163625.0,0.04611457985334852
8733,4163685.0,0.04478187473643644
8734,4163745.0,0.04336539539237044
8735,4163805.0,0.041910165921158954
8736,4163865.0,0.04176823788979672
8737,4163925.0,0.041639897861771996
8738,4163985.0,0.04146379317054566
8739,4164045.0,0.03994032435912795
8740,4164105.0,0.03869295697189773
8741,4164165.0,0.037612919252938554
8742,4164225.0,0.036587363857793764
8743,4164285.0,0.035453373136676236
8744,4164345.0,0.03421067918676027
8745,4164405.0,0.0329104926759147
8746,4164465.0,0.03152915699690359
8747,4164525.0,0.03008325933825745
8748,4164585.0,0.02859866803910216
8749,4164645.0,0.027060556647601347
8750,4164705.0,0.026864057871448827
8751,4164765.0,0.026630665513925317
8752,4164825.0,0.026223824676714413
8753,4164885.0,0.025940223053900174
8754,4164945.0,0.025797362263652285
8755,4165005.0,0.02565233544815032
8756,4165065.0,0.02554481818180651
8757,4165125.0,0.025511516112805416
8758,4165185.0,0.025523855264887513
8759,4165248.0,0.025561206884502974
8760,4165305.0,0.025577391867322774
8761,4165365.0,0.02556303324603998
8762,4165425.0,0.02552662073713738
8763,4165485.0,0.02547152840148942
8764,4165545.0,0.02542943201510814
8765,4165605.0,0.025431234921011653
8766,4165665.0,0.025448238936027434
8767,4165725.0,0.0254891890538754
8768,4165785.0,0.025541894852810332
8769,4165845.0,0.025602995048526284
8770,4165905.0,0.025664658791479722
8771,4165965.0,0.02573104383720845
8772,4166025.0,0.025797800977667956
8773,4166085.0,0.02586876970957233
8774,4166145.0,0.02591255265812742
8775,4166205.0,0.02586941674505
8776,4166265.0,0.025908040223811213
8777,4166328.0,0.025997826283132214
8778,4166385.0,0.026026286258538894
8779,4166445.0,0.026036605976063693
8780,4166505.0,0.0260761303593611
8781,4166565.0,0.02613569585768008
8782,4166625.0,0.02609622952325477
8783,4166685.0,0.02601212353301338
8784,4166745.0,0.025924153011001566
8785,4166805.0,0.025862757208960613
8786,4166865.0,0.025839433317027677
8787,4166925.0,0.025854141484856874
8788,4166985.0,0.02589290832237659
8789,4167045.0,0.02596232854851091
8790,4167105.0,0.026012023397091327
8791,4167165.0,0.026027656693939333
8792,4167225.0,0.026033953259383097
8793,4167285.0,0.026030381583951517
8794,4167345.0,0.0260246635586098
8795,4167405.0,0.02601930598053015
8796,4167465.0,0.026007250972037405
8797,4167525.0,0.02598872945354533
8798,4167585.0,0.0259743822728645
8799,4167645.0,0.025970057928121154
8800,4167705.0,0.025962438332780974
8801,4167765.0,0.02595487877846714
8802,4167825.0,0.025997166201987915
8803,4167885.0,0.026006156475325726
8804,4167945.0,0.025954090435215516
8805,4168005.0,0.02594826190092267
8806,4168065.0,0.025958209099882
8807,4168125.0,0.025925343493886893
8808,4168185.0,0.025922595972301815
8809,4168245.0,0.025967299908144698
8810,4168305.0,0.026045893423318395
8811,4168365.0,0.02607517142657842
8812,4168425.0,0.026064916094112517
8813,4168485.0,0.026059108783425766
8814,4168545.0,0.026106049342860538
8815,4168605.0,0.026132412183642095
8816,4168665.0,0.026125468813207375
8817,4168725.0,0.02604127279576343
8818,4168785.0,0.025897693428409196
8819,4168845.0,0.025901432497873134
8820,4168905.0,0.025943608536581425
8821,4168965.0,0.025985760570793465
8822,4169025.0,0.02602288062014685
8823,4169085.0,0.02605681594322576
8824,4169145.0,0.026050012376355625
8825,4169205.0,0.0260259946678002
8826,4169265.0,0.026066516772184634
8827,4169325.0,0.026116342277398646
8828,4169385.0,0.026150558622583392
8829,4169445.0,0.02618521455244935
8830,4169505.0,0.026246364239705028
8831,4169565.0,0.026272544750977345
8832,4169625.0,0.026297523252698407
8833,4169685.0,0.026358090641853432
8834,4169745.0,0.026408682418876422
8835,4169805.0,0.02642629666640839
8836,4169865.0,0.02641453247440831
8837,4169925.0,0.026378972414714846
8838,4169985.0,0.026232159385022158
8839,4170045.0,0.026213603121416823
8840,4170105.0,0.026307128661024887
8841,4170165.0,0.02642598571606125
8842,4170225.0,0.026508947145293366
8843,4170285.0,0.02658780322217194
8844,4170345.0,0.026664135455427146
8845,4170405.0,0.026735206588620497
8846,4170465.0,0.026774200702531864
8847,4170525.0,0.026773610183992907
8848,4170585.0,0.02674354791200556
8849,4170645.0,0.02670224790506756
8850,4170705.0,0.02665390234919507
8851,4170765.0,0.026631446657305546
8852,4170825.0,0.026638100679282545
8853,4170885.0,0.026678152531044608
8854,4170945.0,0.026706750598052775
8855,4171005.0,0.0268251004097817
8856,4171065.0,0.02691403684310298
8857,4171125.0,0.02702182350552862
8858,4171185.0,0.027110354889128746
8859,4171245.0,0.027143864431031117
8860,4171305.0,0.027149683167241895
8861,4171365.0,0.02716347240354894
8862,4171425.0,0.02719244104421334
8863,4171485.0,0.027238315654290385
8864,4171545.0,0.027292550616434347
8865,4171605.0,0.027278262548854765
8866,4171665.0,0.027355766685262906
8867,4171725.0,0.02748093150394007
8868,4171785.0,0.027549133936506903
8869,4171845.0,0.02760088900458632
8870,4171905.0,0.027671771025183256
8871,4171965.0,0.027732869465505905
8872,4172025.0,0.027761603102657212
8873,4172085.0,0.027748234581645825
8874,4172145.0,0.027758124101613046
8875,4172205.0,0.027772333153345125
8876,4172265.0,0.02776772830578486
8877,4172325.0,0.027734836617126557
8878,4172385.0,0.0276925591745793
8879,4172445.0,0.02762354206291931
8880,4172505.0,0.0275145004017536
8881,4172565.0,0.02758093515929108
8882,4172625.0,0.027670803638109254
8883,4172685.0,0.027753571721807202
8884,4172745.0,0.027816775572947927
8885,4172805.0,0.02785207961781258
8886,4172865.0,0.027856523768470004
8887,4172925.0,0.027837370470068762
8888,4172985.0,0.027803474643355947
8889,4173045.0,0.027811099374517756
8890,4173105.0,0.027872044004434382
8891,4173165.0,0.027960457633363717
8892,4173225.0,0.028062619152694673
8893,4173285.0,0.028167349299324046
8894,4173345.0,0.028269992197555938
8895,4173405.0,0.028369401341734907
8896,4173465.0,0.02844024618001248
8897,4173525.0,0.02848926841680241
8898,4173585.0,0.028527295290438293
8899,4173645.0,0.02856167051532138
8900,4173705.0,0.0286011113087645
8901,4173765.0,0.028595189228850876
8902,4173825.0,0.028568537738835525
8903,4173885.0,0.02864437937962286
8904,4173945.0,0.028727689323194222
8905,4174005.0,0.028804855694768372
8906,4174065.0,0.028849590309297984
8907,4174125.0,0.028895908123636183
8908,4174185.0,0.028924843827775798
8909,4174245.0,0.028900619706773212
8910,4174305.0,0.02888912406101629
8911,4174365.0,0.02891191394306361
8912,4174425.0,0.02892923997126179
8913,4174485.0,0.028932910140153756
8914,4174545.0,0.028943025783014803
8915,4174605.0,0.02894478917986726
8916,4174665.0,0.028957988045357708
8917,4174725.0,0.02898660947152265
8918,4174785.0,0.029040558386514398
8919,4174845.0,0.029121930424787834
8920,4174908.0,0.029226922815049627
8921,4174965.0,0.029000513548510826
8922,4175025.0,0.028769210425742264
8923,4175085.0,0.028530252326490257
8924,4175145.0,0.02830079380131692
8925,4175205.0,0.028059522262798564
8926,4175265.0,0.02780464371697161
8927,4175325.0,0.027545957434614493
8928,4175385.0,0.027281669233810035
8929,4175445.0,0.027032943989155178
8930,4175505.0,0.026775839679020447
8931,4175565.0,0.02651726652488498
8932,4175625.0,0.02625233962687093
8933,4175685.0,0.025990696928207213
8934,4175745.0,0.025733599162088366
8935,4175805.0,0.02547464680118014
8936,4175865.0,0.025229317519875893
8937,4175925.0,0.02499304135582256
8938,4175985.0,0.024759981254664415
8939,4176045.0,0.024535254540523133
8940,4176105.0,0.024313038932746167
8941,4176165.0,0.024086544454827635
8942,4176225.0,0.023850538683347272
8943,4176285.0,0.023603938309846806
8944,4176345.0,0.02335192332186417
8945,4176405.0,0.023088747589149833
8946,4176465.0,0.02282631798873483
8947,4176525.0,0.022547174650310198
8948,4176585.0,0.022267302731556055
8949,4176645.0,0.021989571477089936
8950,4176705.0,0.021711069048631293
8951,4176765.0,0.02142770177000969
8952,4176825.0,0.02114201154544354
8953,4176885.0,0.02086500100763311
8954,4176945.0,0.020594558550357356
8955,4177005.0,0.02033152650622569
8956,4177065.0,0.02009940842381694
8957,4177125.0,0.019884631989361218
8958,4177185.0,0.019676567763735386
8959,4177245.0,0.01947309540222769
8960,4177305.0,0.019216365048299905
8961,4177365.0,0.01893990189757891
8962,4177425.0,0.01879211119814625
8963,4177485.0,0.018672647692371785
8964,4177545.0,0.018537109891923115
8965,4177605.0,0.01835214308958949
8966,4177665.0,0.018118239716508944
8967,4177725.0,0.017843679990668188
8968,4177785.0,0.017538348429273848
8969,4177845.0,0.01720345375050139
8970,4177905.0,0.01690414217249206
8971,4177965.0,0.01665244248552114
8972,4178025.0,0.01641718778239379
8973,4178085.0,0.016197756061089114
8974,4178145.0,0.01598935671202109
8975,4178205.0,0.015787109115645515
8976,4178265.0,0.01559125567198899
8977,4178325.0,0.015395970775633622
8978,4178385.0,0.0151972336301274
8979,4178445.0,0.014987566192509821
8980,4178505.0,0.014761385576648939
8981,4178565.0,0.01452224826645468
8982,4178625.0,0.014271191089117091
8983,4178685.0,0.014019196837730619
8984,4178745.0,0.01377601777825041
8985,4178805.0,0.013526677133613219
8986,4178865.0,0.013286345970617147
8987,4178925.0,0.013056194064196724
8988,4178985.0,0.012833592910595937
8989,4179045.0,0.012617236040267266
8990,4179105.0,0.012398326146243449
8991,4179165.0,0.012178576747102904
8992,4179225.0,0.011961997947200792
8993,4179285.0,0.01175510559384546
8994,4179345.0,0.011551464908887449
8995,4179405.0,0.011350279911527733
8996,4179465.0,0.011155346644471376
8997,4179525.0,0.010948847315754323
8998,4179585.0,0.010728704750925161
8999,4179645.0,0.010500970920084535
9000,4179705.0,0.01025595784310182
9001,4179765.0,0.010010159719583661
9002,4179825.0,0.009767776765132435
9003,4179885.0,0.009521002284309105
9004,4179945.0,0.009290002437554068
9005,4180005.0,0.009059772852940351
9006,4180065.0,0.008834657906666515
9007,4180125.0,0.008603075433421675
9008,4180185.0,0.008376438559757976
9009,4180245.0,0.008155746005019532
9010,4180305.0,0.007939792170437748
9011,4180365.0,0.007732974354843297
9012,4180425.0,0.007533472282523795
9013,4180485.0,0.00732642606928352
9014,4180545.0,0.007108931029654819
9015,4180605.0,0.0068826670281957325
9016,4180665.0,0.006646141548924983
9017,4180725.0,0.006398399331606769
9018,4180785.0,0.006150844753341184
9019,4180848.0,0.005896749640985827
9020,4180905.0,0.00564928420162622
9021,4180965.0,0.00539410017514344
9022,4181025.0,0.005139137616057804
9023,4181085.0,0.004888028030394148
9024,4181145.0,0.004645541781444412
9025,4181205.0,0.004412089158802507
9026,4181265.0,0.004189178190324716
9027,4181325.0,0.003972182414283265
9028,4181385.0,0.0037645139119158177
9029,4181445.0,0.003560521561862179
9030,4181508.0,0.0033628822483633136
9031,4181565.0,0.0031597713103597436
9032,4181625.0,0.0029322685585281005
9033,4181685.0,0.002671176238914358
9034,4181745.0,0.002396268833389087
9035,4181805.0,0.0021128791597991303
9036,4181865.0,0.0018280615725076999
9037,4181925.0,0.0015510016655537195
9038,4181985.0,0.00126924574872464
9039,4182045.0,0.0010026193788467697
9040,4182105.0,0.0007269220844331459
9041,4182165.0,0.0004701937437195103
9042,4182225.0,0.00021746842293215995
9043,4182285.0,-4.82157937598815e-05
9044,4182345.0,-0.00031716107759025003
9045,4182405.0,-0.000594745227917054
9046,4182465.0,-0.0008784170997853669
9047,4182525.0,-0.0011650863724661786
9048,4182585.0,-0.0014488196162296962
9049,4182645.0,-0.0017109721524281307
9050,4182705.0,-0.0019621883144816388
9051,4182765.0,-0.0021998867610752426
9052,4182825.0,-0.002427625265031902
9053,4182885.0,-0.0026448221897374946
9054,4182945.0,-0.0028439999146957773
9055,4183008.0,-0.0030396214773998065
9056,4183065.0,-0.0032317977509444817
9057,4183125.0,-0.0034222753717086107
9058,4183185.0,-0.003614865481142343
9059,4183245.0,-0.003811879350767572
9060,4183305.0,-0.004021920612779173
9061,4183365.0,-0.0042397672364117844
9062,4183425.0,-0.004469049846046486
9063,4183485.0,-0.004714839040265678
9064,4183545.0,-0.004977194792471579
9065,4183605.0,-0.005256344673894714
9066,4183665.0,-0.005537346319637287
9067,4183725.0,-0.005818618476264831
9068,4183785.0,-0.006101519518731252
9069,4183845.0,-0.006386935525365373
9070,4183905.0,-0.006692679258202244
9071,4183965.0,-0.007003652529472215
9072,4184025.0,-0.0073126173136012496
9073,4184085.0,-0.007613782394195606
9074,4184145.0,-0.00790776551941183
9075,4184205.0,-0.008201224253937683
9076,4184265.0,-0.008474447984680306
9077,4184325.0,-0.008732006720108293
9078,4184385.0,-0.008986756783118638
9079,4184445.0,-0.0092417052548249
9080,4184508.0,-0.009512795333395246
9081,4184565.0,-0.009788726309461288
9082,4184625.0,-0.010074275179672187
9083,4184685.0,-0.010338828945300499
9084,4184745.0,-0.010587743015920636
9085,4184805.0,-0.010835453635709341
9086,4184865.0,-0.011051358285793567
9087,4184925.0,-0.011267418844863625
9088,4184985.0,-0.011477903041043486
9089,4185045.0,-0.01168341727851771
9090,4185105.0,-0.011883105106684916
9091,4185165.0,-0.012075095748508818
9092,4185225.0,-0.012281400926907493
9093,4185288.0,-0.012501371409140288
9094,4185345.0,-0.012741281242656194
9095,4185405.0,-0.012995478060823212
9096,4185465.0,-0.013273153493104622
9097,4185525.0,-0.013577945559287069
9098,4185585.0,-0.013913704868394994
9099,4185645.0,-0.014267774328113048
9100,4185705.0,-0.014639720065928397
9101,4185765.0,-0.014675054915202629
9102,4185825.0,-0.014681691148117376
9103,4185885.0,-0.014678110229218638
9104,4185945.0,-0.014657137504416717
9105,4186008.0,-0.014621656295876834
9106,4186065.0,-0.014568079276554152
9107,4186125.0,-0.014504829934739366
9108,4186185.0,-0.01443495076815629
9109,4186245.0,-0.014374584748507085
9110,4186305.0,-0.01430992739693307
9111,4186365.0,-0.014254238362971489
9112,4186425.0,-0.01421382912027444
9113,4186485.0,-0.014184567512475321
9114,4186545.0,-0.014164115046730458
9115,4186605.0,-0.014150133230195872
9116,4186665.0,-0.014146209389916425
9117,4186725.0,-0.014148756198847284
9118,4186785.0,-0.014155435164144498
9119,4186845.0,-0.01416733594445102
9120,4186905.0,-0.014170268407145165
9121,4186965.0,-0.014177877855527071
9122,4187025.0,-0.014172772483693558
9123,4187085.0,-0.014149185647313794
9124,4187145.0,-0.014111249502754358
9125,4187205.0,-0.014062006547738731
9126,4187265.0,-0.01401096992920059
9127,4187328.0,-0.013963520637707477
9128,4187385.0,-0.013922541995424476
9129,4187445.0,-0.013888034002351807
9130,4187505.0,-0.013863583985534306
9131,4187565.0,-0.013853324101338466
9132,4187625.0,-0.0138500796956742
9133,4187685.0,-0.013866406413199056
9134,4187745.0,-0.013873605637553271
9135,4187805.0,-0.013867159558607373
9136,4187865.0,-0.013861962313862525
9137,4187925.0,-0.013856765069117677
9138,4187985.0,-0.013850318990171778
9139,4188045.0,-0.013838491920658474
9140,4188105.0,-0.013828458514667546
9141,4188165.0,-0.01381717627447579
9142,4188225.0,-0.013796925716671654
9143,4188285.0,-0.013769500504777626
9144,4188345.0,-0.0137325621459497
9145,4188405.0,-0.013686110640188098
9146,4188465.0,-0.013639114305105032
9147,4188525.0,-0.013601631116955781
9148,4188585.0,-0.013574750734383106
9149,4188645.0,-0.013556679493864632
9150,4188705.0,-0.013557634547213732
9151,4188765.0,-0.013565060249773081
9152,4188825.0,-0.013575369274497678
9153,4188885.0,-0.0135772548109315
9154,4188945.0,-0.013582182845088775
9155,4189005.0,-0.013590698206290941
9156,4189065.0,-0.013599213567493135
9157,4189125.0,-0.01361365474858417
9158,4189185.0,-0.013627391924795534
9159,4189245.0,-0.013626779792827254
9160,4189305.0,-0.013605347703468967
9161,4189365.0,-0.013564344490921726
9162,4189425.0,-0.01351507696564161
9163,4189485.0,-0.013470100772286081
9164,4189545.0,-0.013442357209275668
9165,4189605.0,-0.013425761281163379
9166,4189665.0,-0.013419768158627526
9167,4189725.0,-0.013427420339392065
9168,4189785.0,-0.013443336832889147
9169,4189845.0,-0.013459253326386367
9170,4189905.0,-0.013463159004547504
9171,4189965.0,-0.013467768687588477
9172,4190025.0,-0.0134777593611968
9173,4190085.0,-0.013491882191171506
9174,4190145.0,-0.013519105495124834
9175,4190205.0,-0.013543831130676226
9176,4190265.0,-0.01356496943918259
9177,4190325.0,-0.013573007273710247
9178,4190385.0,-0.013563812477892928
9179,4190445.0,-0.013538633885931378
9180,4190505.0,-0.01349926516134839
9181,4190565.0,-0.013457557943921478
9182,4190625.0,-0.013428951200473355
9183,4190685.0,-0.01341219609680272
9184,4190748.0,-0.013416805779843638
9185,4190805.0,-0.013427886112094861
9186,4190865.0,-0.013439511273667382
9187,4190925.0,-0.013446300273993989
9188,4190985.0,-0.013452544444999243
9189,4191045.0,-0.013456994952481954
9190,4191105.0,-0.013466826450532071
9191,4191165.0,-0.013491007256761861
9192,4191225.0,-0.013517367380277506
9193,4191285.0,-0.01353296552265823
9194,4191345.0,-0.013527743707649115
9195,4191405.0,-0.013508331760018227
9196,4191465.0,-0.013478317006810792
9197,4191525.0,-0.013441286775071754
9198,4191585.0,-0.01340784387037755
9199,4191645.0,-0.013379077951371277
9200,4191705.0,-0.013374015311920145
9201,4191765.0,-0.013374878492357939
9202,4191825.0,-0.013385254819729492
9203,4191885.0,-0.013400308132788863
9204,4191945.0,-0.013415361445848206
9205,4192005.0,-0.013436340578796419
9206,4192065.0,-0.013446012901288384
9207,4192125.0,-0.013461066214347672
9208,4192185.0,-0.013481500517974393
9209,4192245.0,-0.013511992797856337
9210,4192305.0,-0.013539987409336263
9211,4192365.0,-0.013556675210359914
9212,4192425.0,-0.013554336717516019
9213,4192485.0,-0.013534220765005628
9214,4192545.0,-0.013502957177597197
9215,4192605.0,-0.013469355097344732
9216,4192665.0,-0.013437546680614865
9217,4192725.0,-0.013422970894230085
9218,4192785.0,-0.013424923733310723
9219,4192845.0,-0.013435140885124208
9220,4192905.0,-0.01344824135910283
9221,4192965.0,-0.013475691141261265
9222,4193025.0,-0.013500098425696244
9223,4193085.0,-0.013517331056041332
9224,4193145.0,-0.01352505053945266
9225,4193205.0,-0.013523256875930173
9226,4193265.0,-0.013513198899674922
9227,4193325.0,-0.013496670274209477
9228,4193385.0,-0.013472422165332648
9229,4193445.0,-0.013445835563612007
9230,4193505.0,-0.013422836288936313
9231,4193568.0,-0.01340521800482794
9232,4193625.0,-0.013396568038331919
9233,4193685.0,-0.013396182384568744
9234,4193745.0,-0.013411780526949524
9235,4193805.0,-0.013441568801951936
9236,4193865.0,-0.013479076560365677
9237,4193925.0,-0.013512292986854718
9238,4193985.0,-0.013554477730956194
9239,4194045.0,-0.013590736655168717
9240,4194105.0,-0.01360851411483524
9241,4194165.0,-0.01360851411483524
9242,4194225.0,-0.01359432398221369
9243,4194285.0,-0.013577250527426837
9244,4194345.0,-0.0135524575892286
9245,4194405.0,-0.013519945167619146
9246,4194465.0,-0.013482051755442231
9247,4194525.0,-0.013447200840988799
9248,4194585.0,-0.01341952458062537
9249,4194648.0,-0.013411419443450728
9250,4194705.0,-0.01340674245776291
9251,4194765.0,-0.013413372282531366
9252,4194825.0,-0.013431853747077477
9253,4194885.0,-0.013459848358557375
9254,4194945.0,-0.013488387799358681
9255,4195005.0,-0.013515678405958964
9256,4195065.0,-0.01352932370925905
9257,4195125.0,-0.013541175349036816
9258,4195185.0,-0.013549439661769497
9259,4195245.0,-0.013549984491091044
9260,4195305.0,-0.013538132851313195
9261,4195365.0,-0.01351856172812424
9262,4195425.0,-0.013500239439136447
9263,4195485.0,-0.013480123486625972
9264,4195545.0,-0.013457669041271741
9265,4195605.0,-0.013440595586484777
9266,4195665.0,-0.013431241615109252
9267,4195725.0,-0.013410036003955933
9268,4195785.0,-0.013397253881093613
9269,4195845.0,-0.013399365895732401
9270,4195905.0,-0.013425181189926555
9271,4195965.0,-0.013462144119018804
9272,4196025.0,-0.01349356688198547
9273,4196085.0,-0.01352444481563067
9274,4196145.0,-0.013548148095186036
9275,4196205.0,-0.01356179339848626
9276,4196265.0,-0.013559999734963774
9277,4196325.0,-0.0135434711094983
9278,4196385.0,-0.01351454601493371
9279,4196445.0,-0.013486324925248788
9280,4196505.0,-0.01346223599193011
9281,4196565.0,-0.013427385077476733
9282,4196625.0,-0.013405089807680487
9283,4196685.0,-0.013381000874361976
9284,4196745.0,-0.01336408659513319
9285,4196805.0,-0.013359023955682198
9286,4196865.0,-0.013381251922831433
9287,4196925.0,-0.013403865543743926
9288,4196985.0,-0.013439579638635096
9289,4197045.0,-0.01347350007000378
9290,4197105.0,-0.013504378003649037
9291,4197165.0,-0.013522700292636941
9292,4197225.0,-0.013524493956159372
9293,4197285.0,-0.013513891150582685
9294,4197345.0,-0.013496272866474424
9295,4197405.0,-0.013472728762477376
9296,4197465.0,-0.013448094999837318
9297,4197525.0,-0.01343351921345251
9298,4197585.0,-0.013417694592866597
9299,4197645.0,-0.013394695318190902
9300,4197705.0,-0.013386590181016372
9301,4197765.0,-0.013370765560430486
9302,4197825.0,-0.013365158091657975
9303,4197885.0,-0.013370857433341793
9304,4197945.0,-0.013388408414803127
9305,4198005.0,-0.013410636381952418
9306,4198065.0,-0.013431070685579222
9307,4198125.0,-0.013444875164437514
9308,4198185.0,-0.013454547486929508
9309,4198245.0,-0.0134595428237336
9310,4198305.0,-0.013456818677126475
9311,4198365.0,-0.013451211208353991
9312,4198425.0,-0.013427122275035425
9313,4198485.0,-0.013403737346596473
9314,4198545.0,-0.013386982242925866
9315,4198605.0,-0.013376697788465619
9316,4198665.0,-0.013369841485492057
9317,4198725.0,-0.013365323675362445
9318,4198785.0,-0.013360805865232861
9319,4198845.0,-0.013358081718625625
9320,4198905.0,-0.013346389254406121
9321,4198965.0,-0.013334151960865182
9322,4199025.0,-0.013329634150735542
9323,4199085.0,-0.013334084658218337
9324,4199145.0,-0.013354518961845058
9325,4199208.0,-0.013387894563892416
9326,4199265.0,-0.013424698317426348
9327,4199325.0,-0.013452533753348123
9328,4199385.0,-0.013475692203581996
9329,4199445.0,-0.013472649705858458
9330,4199505.0,-0.013462591729603263
9331,4199565.0,-0.013448401596981824
9332,4199625.0,-0.013433666635038727
9333,4199685.0,-0.013426106327185605
9334,4199745.0,-0.013420884512176406
9335,4199805.0,-0.013414413862966074
9336,4199865.0,-0.013404355886710878
9337,4199925.0,-0.013382991099999492
9338,4199985.0,-0.013360536654645122
9339,4200045.0,-0.013345801692702192
9340,4200105.0,-0.013343622375416503
9341,4200165.0,-0.013366940001208583
9342,4200225.0,-0.013405537418265084
9343,4200285.0,-0.013452943977375842
9344,4200345.0,-0.013478281744895432
9345,4200405.0,-0.013497148863204772
9346,4200465.0,-0.013502370678214054
9347,4200525.0,-0.013493947189923083
9348,4200588.0,-0.013475465725376973
9349,4200645.0,-0.013456984260830834
9350,4200705.0,-0.013445132621053152
9351,4200768.0,-0.01343203214707453
9352,4200825.0,-0.01341893167309574
9353,4200885.0,-0.013413005853206983
9354,4200945.0,-0.013409418526162065
9355,4201005.0,-0.013405831199117119
9356,4201065.0,-0.0134063760284385
9357,4201125.0,-0.013412301848327396
9358,4201185.0,-0.013425947151627399
9359,4201245.0,-0.013445518274816493
9360,4201305.0,-0.013467972720170696
9361,4201365.0,-0.013492220829047608
9362,4201425.0,-0.013506955790990455
9363,4201485.0,-0.0135050029519099
9364,4201545.0,-0.013504298947030369
9365,4201605.0,-0.013497669122261885
9366,4201665.0,-0.013489245633970859
9367,4201725.0,-0.013480277316358508
9368,4201785.0,-0.013469515335223697
9369,4201845.0,-0.013466472837500243
9370,4201905.0,-0.013463430339776677
9371,4201965.0,-0.013453213187963248
9372,4202025.0,-0.013450874695119408
9373,4202085.0,-0.013455006851485735
9374,4202145.0,-0.013462726334897007
9375,4202205.0,-0.01347457797467469
9376,4202265.0,-0.013488223277974859
9377,4202325.0,-0.013506000737641383
9378,4202385.0,-0.013524867855950834
9379,4202445.0,-0.013528296007437574
9380,4202505.0,-0.013522370187548732
9381,4202565.0,-0.013520576524026245
9382,4202625.0,-0.013513401869936381
9383,4202685.0,-0.013503888723002594
9384,4202745.0,-0.01349437557606889
9385,4202805.0,-0.013477687775045238
9386,4202865.0,-0.013474100448000292
9387,4202925.0,-0.013468719457432887
9388,4202985.0,-0.013471057950276782
9389,4203045.0,-0.01346388329618689
9390,4203105.0,-0.013459751139820536
9391,4203165.0,-0.013461544803343023
9392,4203225.0,-0.013470513120955402
9393,4203285.0,-0.01348181993141162
9394,4203345.0,-0.013491333078345352
9395,4203405.0,-0.013502639888801599
9396,4203465.0,-0.013515740362780332
9397,4203525.0,-0.013525253509714091
9398,4203585.0,-0.013523459846191604
9399,4203645.0,-0.01352470868039271
9400,4203705.0,-0.013525957514593706
9401,4203765.0,-0.013523619021749839
9402,4203825.0,-0.013521280528905971
9403,4203885.0,-0.01351356104549467
9404,4203945.0,-0.01350170940571696
9405,4204005.0,-0.01349398992230566
9406,4204065.0,-0.013489857765939278
9407,4204125.0,-0.013488064102416819
9408,4204185.0,-0.013491651429461765
9409,4204245.0,-0.013499370912873038
9410,4204305.0,-0.013510677723329312
9411,4204365.0,-0.013522529363106994
9412,4204425.0,-0.013534925832206196
9413,4204485.0,-0.01354139648141639
9414,4204545.0,-0.013539602817893931
9415,4204605.0,-0.013529544841638763
9416,4204668.0,-0.013515899538338566
9417,4204725.0,-0.013510132894007876
9418,4204785.0,-0.01349773642490884
9419,4204845.0,-0.013487678448653645
9420,4204905.0,-0.013482456633644363
9421,4204965.0,-0.013481366975001435
9422,4205025.0,-0.013486203136247488
9423,4205085.0,-0.013486907141127075
9424,4205145.0,-0.013492992136574039
9425,4205205.0,-0.013506796615432415
9426,4205265.0,-0.013530114241224495
9427,4205325.0,-0.013555770359860442
9428,4205385.0,-0.013576590317250503
9429,4205445.0,-0.01358610346418418
9430,4205505.0,-0.013576045487929067
9431,4205565.0,-0.013554135871896189
9432,4205625.0,-0.01353059176789903
9433,4205685.0,-0.013516015981514279
9434,4205745.0,-0.013504323517294609
9435,4205805.0,-0.013504482692852898
9436,4205865.0,-0.013518832001032627
9437,4205925.0,-0.013531387645689924
9438,4205985.0,-0.013331064735646103
9439,4206045.0,-0.013126817630600557
9440,4206105.0,-0.012822020894372205
9441,4206165.0,-0.012535951842266108
9442,4206225.0,-0.012254565497076514
9443,4206285.0,-0.01198489047856205
9444,4206345.0,-0.011655437082339876
9445,4206405.0,-0.011316023775224116
9446,4206465.0,-0.010992419928267244
9447,4206525.0,-0.010724403845964986
9448,4206585.0,-0.010436393771677155
9449,4206645.0,-0.010103963160034757
9450,4206705.0,-0.009739818171107806
9451,4206765.0,-0.009351192039222994
9452,4206825.0,-0.009031145347269037
9453,4206885.0,-0.00874940534884569
9454,4206945.0,-0.008467972722544181
9455,4207005.0,-0.008194181244758292
9456,4207065.0,-0.007927192800046667
9457,4207125.0,-0.00764465533374914
9458,4207185.0,-0.0072719698629653
9459,4207245.0,-0.0068496296816155655
9460,4207305.0,-0.006437489879682928
9461,4207365.0,-0.0060508183753052724
9462,4207425.0,-0.0057283900753292705
9463,4207485.0,-0.005412734768739935
9464,4207545.0,-0.0051070024282203474
9465,4207608.0,-0.004786350088106656
9466,4207665.0,-0.004410884893477879
9467,4207725.0,-0.00402258381817891
9468,4207785.0,-0.003662086759019606
9469,4207845.0,-0.0033433126044243033
9470,4207905.0,-0.0030478075024107654
9471,4207965.0,-0.002730807295563492
9472,4208025.0,-0.0023936890303484504
9473,4208085.0,-0.002047793120250191
9474,4208145.0,-0.0016233914087001866
9475,4208208.0,-0.0011560505315224845
9476,4208265.0,-0.000794313033679328
9477,4208325.0,-0.0004404399151232141
9478,4208385.0,-7.355045393636628e-05
9479,4208445.0,0.00029973936038843463
9480,4208505.0,0.0006830197296135154
9481,4208565.0,0.0011569889627950636
9482,4208625.0,0.0016542773510638265
9483,4208685.0,0.002080258136058971
9484,4208745.0,0.002497969487318591
9485,4208805.0,0.00293231330639096
9486,4208865.0,0.003348545040343903
9487,4208925.0,0.003732526487897403
9488,4208985.0,0.004092336887323744
9489,4209045.0,0.004455822163979217
9490,4209105.0,0.0048078137950567645
9491,4209165.0,0.0051556747499462985
9492,4209225.0,0.00552513148457201
9493,4209285.0,0.005922610390813043
9494,4209345.0,0.0063832323232485
9495,4209405.0,0.00685302725273676
9496,4209465.0,0.007354875853046033
9497,4209525.0,0.007917867611613005
9498,4209585.0,0.008364450755212277
9499,4209645.0,0.008737149315508758
9500,4209705.0,0.009061366534872217
9501,4209765.0,0.00939320318702655
9502,4209825.0,0.009745567705014585
9503,4209885.0,0.010086844214171081
9504,4209945.0,0.010433170406269843
9505,4210005.0,0.01081270153961203
9506,4210065.0,0.011226653342038512
9507,4210125.0,0.01169235315412015
9508,4210185.0,0.012182773574100275
9509,4210245.0,0.012673654537941254
9510,4210305.0,0.013180671723709542
9511,4210365.0,0.013720765450556144
9512,4210425.0,0.014256545983497682
9513,4210485.0,0.014769651764832636
9514,4210545.0,0.015265982354700058
9515,4210605.0,0.015761530404583945
9516,4210665.0,0.016258079575850015
9517,4210725.0,0.016758190916297572
9518,4210788.0,0.017255111335155976
9519,4210848.0,0.017746209382032085
9520,4210905.0,0.018248775305943682
9521,4210965.0,0.018756665820637286
9522,4211025.0,0.01929127975811551
9523,4211085.0,0.01983740626619071
9524,4211145.0,0.020374782898620297
9525,4211205.0,0.020925821550371676
9526,4211265.0,0.02147568595288732
9527,4211325.0,0.022097518799042815
9528,4211385.0,0.022652702352074477
9529,4211445.0,0.02313025637325647
9530,4211505.0,0.02358094878618991
9531,4211565.0,0.02398611237376802
9532,4211625.0,0.02441906483776876
9533,4211685.0,0.02492300110108353
9534,4211745.0,0.025470088772194116
9535,4211805.0,0.02602754337940774
9536,4211865.0,0.026580201062662068
9537,4211925.0,0.027122322575700047
9538,4211985.0,0.027657380378733387
9539,4212045.0,0.02818633130586254
9540,4212105.0,0.028713689652492713
9541,4212165.0,0.029233776231393616
9542,4212225.0,0.029659119592530342
9543,4212285.0,0.03013394210262149
9544,4212345.0,0.03169692795745069
9545,4212405.0,0.03322547572439255
9546,4212465.0,0.03369535391381412
9547,4212525.0,0.03395295917582841
9548,4212585.0,0.03424853071621689
9549,4212645.0,0.03458466939085794
9550,4212705.0,0.03494370458037152
9551,4212765.0,0.03526620871597111
9552,4212825.0,0.03555555803381988
9553,4212885.0,0.035806506981220426
9554,4212945.0,0.03610625663208511
9555,4213005.0,0.03648959537728344
9556,4213065.0,0.036878719989050346
9557,4213125.0,0.03734451275614137
9558,4213185.0,0.03789781248034357
9559,4213245.0,0.03956901946913824
9560,4213305.0,0.04090208998817993
9561,4213365.0,0.04212730892333333
9562,4213425.0,0.04356075226659867
9563,4213485.0,0.043906903642502576
9564,4213545.0,0.04417439606655146
9565,4213605.0,0.0444753297634434
9566,4213665.0,0.044754152036163036
9567,4213725.0,0.04501375697573698
9568,4213785.0,0.04527436965373241
9569,4213845.0,0.04565993216160252
9570,4213905.0,0.046132789732459795
9571,4213965.0,0.0464942493275676
9572,4214025.0,0.04784397531826415
9573,4214085.0,0.04935739629862798
9574,4214145.0,0.050793259304873134
9575,4214205.0,0.0511752281642307
9576,4214265.0,0.05161168623512344
9577,4214325.0,0.05202100611439939
9578,4214385.0,0.05248158118610799
9579,4214445.0,0.053012641436507774
9580,4214505.0,0.05350063687575521
9581,4214565.0,0.05405293214241186
9582,4214625.0,0.05555699046888904
9583,4214685.0,0.05700414024378683
9584,4214745.0,0.05846366128492661
9585,4214805.0,0.05991266532524289
9586,4214865.0,0.06130946024683201
9587,4214925.0,0.062663146144777
9588,4214985.0,0.06404005207826766
9589,4215045.0,0.06532264957028736
9590,4215105.0,0.0667058265174573
9591,4215165.0,0.0681493940899063
9592,4215225.0,0.06966475448643025
9593,4215285.0,0.07123865837149465
9594,4215345.0,0.07290167313896287
9595,4215405.0,0.07452552234492513
9596,4215465.0,0.07665226768000141
9597,4215525.0,0.07871448348545948
9598,4215585.0,0.08037015523193272
9599,4215645.0,0.08195784084833854
9600,4215705.0,0.0836491284560337
9601,4215765.0,0.08539720735899012
9602,4215825.0,0.08721510089896098
9603,4215885.0,0.08890811921540628
9604,4215945.0,0.09069150047995903
9605,4216005.0,0.09248461638902913
9606,4216065.0,0.09426504836080798
9607,4216125.0,0.09612156165514482
9608,4216185.0,0.09798448522339451
9609,4216245.0,0.09971890444833706
9610,4216305.0,0.10139359038585519
9611,4216365.0,0.10312107019227726
9612,4216425.0,0.10501743608131761
9613,4216485.0,0.10668699567607612
9614,4216545.0,0.10838382217080747
9615,4216605.0,0.11014959916370912
9616,4216665.0,0.11187944342452791
9617,4216725.0,0.11356896212455128
9618,4216785.0,0.11503670117251266
9619,4216845.0,0.11652242559548351
9620,4216905.0,0.11788165398983694
9621,4216965.0,0.11922230599004721
9622,4217025.0,0.1204664987207302
9623,4217085.0,0.12175892231564642
9624,4217145.0,0.12302412418208772
9625,4217205.0,0.12422685171791994
9626,4217265.0,0.1256068576272881
9627,4217325.0,0.12711858352393754
9628,4217385.0,0.12846288414665077
9629,4217445.0,0.12992712174620683
9630,4217505.0,0.1312121831003801
9631,4217565.0,0.13235910702005085
9632,4217625.0,0.1335627821541441
9633,4217685.0,0.13481895716134676
9634,4217745.0,0.13607001936893418
9635,4217805.0,0.13734215393388902
9636,4217865.0,0.1385964001120875
9637,4217925.0,0.13985021369845477
9638,4217985.0,0.14100078001321817
9639,4218045.0,0.14204485065635422
9640,4218105.0,0.14312660796278268
9641,4218165.0,0.14422129825593158
9642,4218225.0,0.14541287893342866
9643,4218285.0,0.14646698526717108
9644,4218345.0,0.14748508729937196
9645,4218405.0,0.14873933462886998
9646,4218465.0,0.15000889633161865
9647,4218525.0,0.15127019693145735
9648,4218585.0,0.15273256429986862
9649,4218645.0,0.15404912276008473
9650,4218705.0,0.15526727252668918
9651,4218765.0,0.15643211806075288
9652,4218825.0,0.1575644108944246
9653,4218885.0,0.15869323450934522
9654,4218945.0,0.15975323879050304
9655,4219005.0,0.16083395973870881
9656,4219065.0,0.16204713861723377
9657,4219125.0,0.16325677114062118
9658,4219185.0,0.164411599578864
9659,4219245.0,0.16558196805538547
9660,4219305.0,0.16681372033123712
9661,4219365.0,0.1675846608257616
9662,4219425.0,0.16863206563964198
9663,4219485.0,0.16989148505598803
9664,4219545.0,0.17116725645536077
9665,4219605.0,0.17232583958130301
9666,4219665.0,0.17346834219840943
9667,4219725.0,0.1746310869498978
9668,4219785.0,0.1758218671691649
9669,4219845.0,0.17695970737434233
9670,4219905.0,0.17810839431376133
9671,4219965.0,0.17929441535817972
9672,4220025.0,0.1804395248648414
9673,4220085.0,0.18155680891402118
9674,4220145.0,0.18262680249783805
9675,4220205.0,0.18369706552183843
9676,4220265.0,0.18474184713573108
9677,4220325.0,0.18575357706477277
9678,4220385.0,0.18681440142447878
9679,4220445.0,0.18802512163291077
9680,4220505.0,0.18937224951283974
9681,4220565.0,0.19059868355673146
9682,4220625.0,0.19178727623037142
9683,4220685.0,0.1932697549935761
9684,4220745.0,0.19453535429522975
9685,4220805.0,0.19574113965409282
9686,4220865.0,0.19693307660868622
9687,4220925.0,0.19802706956278818
9688,4220988.0,0.19906005513091937
9689,4221045.0,0.2000358615107287
9690,4221105.0,0.20111097883332077
9691,4221165.0,0.20216352128948814
9692,4221225.0,0.20339816580129647
9693,4221285.0,0.20464822529206558
9694,4221345.0,0.20581107865487566
9695,4221405.0,0.20692338694761245
9696,4221465.0,0.2080068212534121
9697,4221525.0,0.209025729817764
9698,4221585.0,0.21007886087380614
9699,4221645.0,0.21125928832692129
9700,4221705.0,0.2124703458488559
9701,4221765.0,0.2136484560258776
9702,4221825.0,0.21476920641184297
9703,4221885.0,0.21594564924396112
9704,4221945.0,0.21730984843572135
9705,4222005.0,0.21849248947060065
9706,4222065.0,0.2196098294709479
9707,4222125.0,0.22055224290206862
9708,4222185.0,0.22145833487216024
9709,4222245.0,0.22226315957093032
9710,4222305.0,0.2231976403716688
9711,4222365.0,0.2242869671561112
9712,4222425.0,0.22544735266480911
9713,4222485.0,0.22656729586514376
9714,4222545.0,0.2276999524238524
9715,4222605.0,0.22887378445511367
9716,4222665.0,0.2300555521435618
9717,4222725.0,0.23127726526381162
9718,4222785.0,0.23253976543416746
9719,4222845.0,0.23393965020397298
9720,4222905.0,0.23504738301911968
9721,4222965.0,0.23596232294290462
9722,4223025.0,0.237233892584048
9723,4223088.0,0.23864057949633213
9724,4223145.0,0.23902875090738704
9725,4223205.0,0.23929323940346994
9726,4223265.0,0.2406785986973564
9727,4223325.0,0.24216799245663714
9728,4223385.0,0.24356232498539995
9729,4223445.0,0.24490693746429218
9730,4223505.0,0.24622915649448066
9731,4223565.0,0.24761410680956428
9732,4223625.0,0.24911535069797344
9733,4223685.0,0.2506025553090152
9734,4223745.0,0.2518904908067344
9735,4223805.0,0.25329064675236757
9736,4223865.0,0.255304318704607
9737,4223925.0,0.25693778282113156
9738,4223985.0,0.2580669069140443
9739,4224045.0,0.25807343212236966
9740,4224105.0,0.25851410430379107
9741,4224168.0,0.2591573357052551
9742,4224225.0,0.25964214424535204
9743,4224285.0,0.2612279114454621
9744,4224348.0,0.26286022015909105
9745,4224405.0,0.26444075402351586
9746,4224465.0,0.265667452092358
9747,4224528.0,0.2670789049657377
9748,4224585.0,0.26875331414731995
9749,4224645.0,0.27034374687187956
9750,4224705.0,0.2719815569243883
9751,4224765.0,0.27360426932202897
9752,4224825.0,0.27417530075619556
9753,4224885.0,0.27449700196879634
9754,4224945.0,0.27483302874051874
9755,4225005.0,0.27625560671216465
9756,4225065.0,0.2776832423177935
9757,4225125.0,0.27916788752707267
9758,4225188.0,0.2805902272679307
9759,4225245.0,0.28195991108597984
9760,4225305.0,0.283087414900571
9761,4225365.0,0.28462384476628877
9762,4225425.0,0.28500867872303237
9763,4225485.0,0.28546414183486146
9764,4225545.0,0.28594410854792807
9765,4225605.0,0.2863987390512477
9766,4225665.0,0.2869267024690505
9767,4225728.0,0.28786030945221774
9768,4225785.0,0.28846313922970934
9769,4225845.0,0.289020781157064
9770,4225908.0,0.28966395739865924
9771,4225965.0,0.2906783201884111
9772,4226025.0,0.2914825747130948
9773,4226085.0,0.29195780419032613
9774,4226145.0,0.2923829431756796
9775,4226205.0,0.29260707087333715
9776,4226265.0,0.2922003156672228
9777,4226325.0,0.291922203045348
9778,4226385.0,0.29203740740707995
9779,4226445.0,0.2921891183025739
9780,4226505.0,0.29221703398289545
9781,4226565.0,0.2922480116595254
9782,4226625.0,0.2921507195271916
9783,4226685.0,0.2921946320703066
9784,4226745.0,0.29214187899895716
9785,4226805.0,0.29206420600298677
9786,4226865.0,0.291975616871892
9787,4226925.0,0.2918588207180264
9788,4226985.0,0.29176050077222904
9789,4227045.0,0.29176972262929135
9790,4227105.0,0.2918700841826559
9791,4227165.0,0.2925020058394816
9792,4227225.0,0.29308852491813453
9793,4227288.0,0.2934562582508844
9794,4227345.0,0.293913101425199
9795,4227405.0,0.2940999163026943
9796,4227465.0,0.2941324398062677
9797,4227525.0,0.29416758333994864
9798,4227585.0,0.29419657395168874
9799,4227645.0,0.29417094367603225
9800,4227705.0,0.29419947277350644
9801,4227765.0,0.29426553860418714
9802,4227825.0,0.2945069019301638
9803,4227885.0,0.29469691248269625
9804,4227945.0,0.29482750158421855
9805,4228005.0,0.29505444672804837
9806,4228065.0,0.29521759768576605
9807,4228125.0,0.2960215968223413
9808,4228185.0,0.2968036858053348
9809,4228245.0,0.29728376191561445
9810,4228305.0,0.29762090720796164
9811,4228368.0,0.29811241774237096
9812,4228425.0,0.2987304812190825
9813,4228485.0,0.2992467477527624
9814,4228545.0,0.2998847343128078
9815,4228605.0,0.3005779356650742
9816,4228665.0,0.3013867937572978
9817,4228725.0,0.3022874426417196
9818,4228788.0,0.3026283455406438
9819,4228845.0,0.30302628335314674
9820,4228905.0,0.30336591684483694
9821,4228965.0,0.30365476836078487
9822,4229025.0,0.30433632141045186
9823,4229085.0,0.3047890807900355
9824,4229145.0,0.3055793645081676
9825,4229205.0,0.30597830195220277
9826,4229265.0,0.30630203411910106
9827,4229325.0,0.3066956389448203
9828,4229385.0,0.30705000030593144
9829,4229445.0,0.3076239653307442
9830,4229505.0,0.3083978857106682
9831,4229565.0,0.30924835154649133
9832,4229625.0,0.31007819088758604
9833,4229685.0,0.3108975365127916
9834,4229745.0,0.3117004110778344
9835,4229805.0,0.3124817091362775
9836,4229865.0,0.31322737539362455
9837,4229925.0,0.31397113285469824
9838,4229985.0,0.31470578090591117
9839,4230045.0,0.3154118231316425
9840,4230105.0,0.31607524654907315
9841,4230165.0,0.31707914521892044
9842,4230225.0,0.31782385715761285
9843,4230285.0,0.31841587794342396
9844,4230345.0,0.31899902113233336
9845,4230405.0,0.31967566190836616
9846,4230465.0,0.32036226611823004
9847,4230525.0,0.321057558434687
9848,4230585.0,0.3217469525846218
9849,4230645.0,0.32247267273354496
9850,4230705.0,0.3232015965797742
9851,4230765.0,0.32331677119242774
9852,4230825.0,0.32343962850734564
9853,4230885.0,0.3235973630059189
9854,4230945.0,0.3237260224740641
9855,4231005.0,0.3238744516813641
9856,4231065.0,0.3241836884474131
9857,4231125.0,0.324350645068907
9858,4231185.0,0.3244831744154023
9859,4231245.0,0.32435986280877815
9860,4231305.0,0.3241872264650718
9861,4231365.0,0.32423213131208317
9862,4231425.0,0.32424750660757695
9863,4231485.0,0.3241145300836208
9864,4231545.0,0.3244757778684263
9865,4231605.0,0.3249860805631545
9866,4231665.0,0.3250757045351843
9867,4231725.0,0.3256056266673739
9868,4231785.0,0.32597797797106465
9869,4231845.0,0.32631329194284553
9870,4231905.0,0.3264739477785019
9871,4231965.0,0.32659146597929845
9872,4232025.0,0.3265444533335966
9873,4232085.0,0.3264845920440397
9874,4232145.0,0.326569189236135
9875,4232205.0,0.32681658667560265
9876,4232265.0,0.3271989489118604
9877,4232325.0,0.3275205275280123
9878,4232385.0,0.3277011122512067
9879,4232445.0,0.3275271373215912
9880,4232505.0,0.3273754959169727
9881,4232565.0,0.3273862610122107
9882,4232625.0,0.32750128182300386
9883,4232685.0,0.3275977263069424
9884,4232745.0,0.3275402488047894
9885,4232805.0,0.3276061814074389
9886,4232865.0,0.32769135623519297
9887,4232925.0,0.3278986916379599
9888,4232985.0,0.3281876316751745
9889,4233045.0,0.32852494272018495
9890,4233105.0,0.32886978633824293
9891,4233165.0,0.3292244759045472
9892,4233225.0,0.3297839538741997
9893,4233285.0,0.33047500093863047
9894,4233345.0,0.33067184834987373
9895,4233405.0,0.33061059462115183
9896,4233465.0,0.3303845127323156
9897,4233525.0,0.3301428847055622
9898,4233585.0,0.33000547151919557
