,time,m4
0,756825.0,0.026801851851851858
1,756885.0,0.02670555555555557
2,756945.0,0.026930555555555562
3,757005.0,0.02710925925925927
4,757065.0,0.027164814814814826
5,757125.0,0.027219444444444456
6,757185.0,0.027284259259259272
7,757245.0,0.027195370370370384
8,757305.0,0.02723055555555557
9,757365.0,0.02722777777777779
10,757425.0,0.02718055555555557
11,757485.0,0.027108333333333345
12,757545.0,0.027083333333333345
13,757605.0,0.0272601851851852
14,757665.0,0.02720740740740742
15,757725.0,0.027300925925925937
16,757785.0,0.02753425925925927
17,757845.0,0.027471296296296303
18,757905.0,0.02734722222222223
19,757965.0,0.027260185185185196
20,758025.0,0.027368518518518525
21,758085.0,0.027386111111111118
22,758145.0,0.02742685185185186
23,758205.0,0.027341666666666674
24,758265.0,0.027380555555555564
25,758325.0,0.027318518518518527
26,758385.0,0.027424074074074083
27,758445.0,0.02754722222222223
28,758505.0,0.027515740740740747
29,758565.0,0.02741388888888889
30,758625.0,0.027397222222222226
31,758685.0,0.0272925925925926
32,758745.0,0.0271175925925926
33,758805.0,0.026940740740740744
34,758865.0,0.02685277777777778
35,758925.0,0.02664537037037037
36,758985.0,0.026856481481481485
37,759045.0,0.027112037037037042
38,759105.0,0.02721574074074074
39,759165.0,0.02727592592592593
40,759225.0,0.02719259259259259
41,759285.0,0.027018518518518518
42,759345.0,0.02683703703703704
43,759405.0,0.026728703703703702
44,759465.0,0.02671666666666667
45,759525.0,0.026679629629629636
46,759585.0,0.02635740740740741
47,759645.0,0.02611851851851852
48,759705.0,0.025844444444444448
49,759765.0,0.025958333333333337
50,759825.0,0.02612777777777778
51,759885.0,0.026430555555555558
52,759945.0,0.026671296296296297
53,760005.0,0.02648425925925926
54,760065.0,0.026361111111111116
55,760125.0,0.02623055555555556
56,760185.0,0.026234259259259263
57,760245.0,0.026404629629629632
58,760305.0,0.02646666666666667
59,760365.0,0.026562962962962962
60,760425.0,0.026562962962962962
61,760485.0,0.025925925925925932
62,760545.0,0.025522222222222224
63,760605.0,0.02548703703703704
64,760665.0,0.02537037037037037
65,760725.0,0.025637037037037038
66,760785.0,0.025737037037037037
67,760845.0,0.02583981481481481
68,760905.0,0.025863888888888888
69,760965.0,0.025866666666666663
70,761025.0,0.02596851851851852
71,761085.0,0.025953703703703705
72,761145.0,0.02613148148148148
73,761205.0,0.026180555555555558
74,761265.0,0.025991666666666663
75,761325.0,0.026018518518518517
76,761385.0,0.02597685185185185
77,761445.0,0.025988888888888888
78,761505.0,0.026001851851851845
79,761565.0,0.026020370370370367
80,761625.0,0.026096296296296298
81,761685.0,0.02613333333333333
82,761745.0,0.026154629629629632
83,761805.0,0.026208333333333337
84,761865.0,0.026003703703703702
85,761925.0,0.026160185185185186
86,761985.0,0.02620092592592593
87,762045.0,0.02635925925925926
88,762105.0,0.02633240740740741
89,762165.0,0.0262462962962963
90,762225.0,0.026307407407407408
91,762288.0,0.026308333333333336
92,762345.0,0.026260185185185192
93,762405.0,0.026104629629629637
94,762465.0,0.02628333333333334
95,762525.0,0.025907407407407414
96,762585.0,0.025755555555555563
97,762645.0,0.025641666666666674
98,762705.0,0.025562037037037043
99,762765.0,0.025539814814814817
100,762825.0,0.02552870370370371
101,762885.0,0.026225000000000002
102,762945.0,0.02649537037037037
103,763005.0,0.026372222222222227
104,763065.0,0.02612500000000001
105,763125.0,0.026270370370370374
106,763185.0,0.025889814814814824
107,763245.0,0.02562314814814816
108,763305.0,0.02567777777777779
109,763365.0,0.025726851851851862
110,763425.0,0.025747222222222237
111,763485.0,0.02575000000000001
112,763545.0,0.025695370370370386
113,763605.0,0.02560555555555557
114,763665.0,0.025683333333333343
115,763725.0,0.02583148148148149
116,763785.0,0.0257851851851852
117,763845.0,0.02583055555555556
118,763905.0,0.025483333333333344
119,763965.0,0.025385185185185198
120,764025.0,0.025199074074074082
121,764085.0,0.02524444444444445
122,764145.0,0.025168518518518524
123,764205.0,0.025058333333333342
124,764265.0,0.025162037037037042
125,764325.0,0.025220370370370376
126,764385.0,0.02533981481481482
127,764445.0,0.025379629629629637
128,764505.0,0.025423148148148157
129,764565.0,0.025437962962962968
130,764625.0,0.025526851851851856
131,764685.0,0.025075000000000004
132,764745.0,0.024969444444444447
133,764805.0,0.0248962962962963
134,764865.0,0.02522314814814815
135,764925.0,0.025497222222222227
136,764988.0,0.025710185185185187
137,765045.0,0.025911111111111114
138,765105.0,0.025926851851851854
139,765165.0,0.02578055555555556
140,765225.0,0.025877777777777774
141,765285.0,0.026046296296296297
142,765345.0,0.02595
143,765405.0,0.025970370370370373
144,765465.0,0.025359259259259262
145,765525.0,0.025031481481481484
146,765585.0,0.02479444444444445
147,765645.0,0.024619444444444447
148,765705.0,0.024579629629629632
149,765765.0,0.02440555555555556
150,765825.0,0.02487870370370371
151,765885.0,0.025147222222222227
152,765945.0,0.025100925925925933
153,766005.0,0.024990740740740744
154,766065.0,0.024982407407407408
155,766125.0,0.02495925925925926
156,766185.0,0.024966666666666668
157,766245.0,0.02491481481481482
158,766305.0,0.0249712962962963
159,766365.0,0.024775000000000002
160,766425.0,0.02451944444444445
161,766485.0,0.024572222222222228
162,766545.0,0.02452592592592593
163,766605.0,0.024447222222222228
164,766665.0,0.024973148148148158
165,766725.0,0.02533425925925926
166,766785.0,0.02540370370370371
167,766845.0,0.0254675925925926
168,766905.0,0.02539537037037037
169,766965.0,0.025375
170,767025.0,0.02493148148148148
171,767085.0,0.024828703703703704
172,767145.0,0.024894444444444445
173,767205.0,0.02490925925925926
174,767265.0,0.024945370370370368
175,767325.0,0.024943518518518518
176,767385.0,0.02509074074074074
177,767445.0,0.025274074074074074
178,767505.0,0.025348148148148147
179,767565.0,0.025892592592592592
180,767625.0,0.026088888888888887
181,767685.0,0.026114814814814813
182,767745.0,0.02591759259259259
183,767805.0,0.02556944444444444
184,767865.0,0.02545555555555555
185,767925.0,0.025437037037037032
186,767988.0,0.02548148148148148
187,768045.0,0.025690740740740736
188,768105.0,0.02594722222222222
189,768165.0,0.02601296296296296
190,768225.0,0.026058333333333333
191,768285.0,0.02609722222222222
192,768345.0,0.026250925925925924
193,768405.0,0.026140740740740742
194,768465.0,0.02615
195,768525.0,0.02636111111111111
196,768585.0,0.02634351851851852
197,768645.0,0.026398148148148143
198,768705.0,0.026410185185185186
199,768765.0,0.02645833333333333
200,768825.0,0.02627685185185185
201,768885.0,0.026311111111111108
202,768945.0,0.02634444444444444
203,769005.0,0.0265287037037037
204,769065.0,0.026779629629629625
205,769125.0,0.02682407407407407
206,769185.0,0.026597222222222217
207,769245.0,0.02637129629629629
208,769305.0,0.026459259259259252
209,769365.0,0.026459259259259252
210,769425.0,0.026369444444444442
211,769485.0,0.026414814814814808
212,769545.0,0.02643333333333333
213,769605.0,0.026676851851851847
214,769665.0,0.026748148148148142
215,769725.0,0.02699166666666666
216,769785.0,0.02668333333333333
217,769845.0,0.02647499999999999
218,769905.0,0.02617870370370369
219,769965.0,0.0260111111111111
220,770025.0,0.0260324074074074
221,770085.0,0.02612870370370369
222,770145.0,0.026171296296296286
223,770205.0,0.02631666666666666
224,770265.0,0.02631203703703703
225,770325.0,0.026176851851851844
226,770388.0,0.026193518518518512
227,770445.0,0.02631944444444444
228,770505.0,0.02661203703703703
229,770565.0,0.026426851851851847
230,770625.0,0.026625925925925917
231,770685.0,0.026584259259259252
232,770745.0,0.026190740740740737
233,770805.0,0.026283333333333332
234,770865.0,0.026298148148148143
235,770925.0,0.026172222222222215
236,770985.0,0.02640277777777777
237,771045.0,0.02649351851851852
238,771105.0,0.026629629629629628
239,771165.0,0.026725925925925924
240,771225.0,0.0268037037037037
241,771285.0,0.02680092592592592
242,771345.0,0.02685185185185185
243,771405.0,0.026730555555555556
244,771465.0,0.02684722222222222
245,771525.0,0.026531481481481482
246,771585.0,0.02682222222222222
247,771645.0,0.027398148148148144
248,771705.0,0.027626851851851847
249,771765.0,0.027883333333333333
250,771825.0,0.027889814814814808
251,771885.0,0.02780648148148148
252,771945.0,0.027615740740740736
253,772005.0,0.027467592592592592
254,772065.0,0.027542592592592587
255,772125.0,0.027513888888888883
256,772185.0,0.02766944444444444
257,772248.0,0.027604629629629618
258,772305.0,0.02758888888888888
259,772365.0,0.027570370370370363
260,772425.0,0.027511111111111104
261,772485.0,0.027503703703703697
262,772545.0,0.027581481481481474
263,772605.0,0.02756296296296296
264,772665.0,0.02778888888888888
265,772725.0,0.027431481481481473
266,772785.0,0.02733981481481481
267,772845.0,0.02723425925925925
268,772905.0,0.02709444444444444
269,772965.0,0.0271074074074074
270,773025.0,0.02704444444444444
271,773085.0,0.027053703703703698
272,773145.0,0.027115740740740732
273,773205.0,0.027167592592592587
274,773265.0,0.02699629629629629
275,773325.0,0.02694444444444444
276,773385.0,0.026899999999999997
277,773445.0,0.026877777777777768
278,773505.0,0.026848148148148145
279,773565.0,0.02706018518518518
280,773625.0,0.027226851851851846
281,773685.0,0.02656481481481481
282,773745.0,0.026409259259259254
283,773805.0,0.02641944444444444
284,773865.0,0.02641944444444444
285,773925.0,0.026342592592592588
286,773985.0,0.026181481481481483
287,774045.0,0.026186111111111104
288,774105.0,0.026121296296296292
289,774165.0,0.025928703703703697
290,774225.0,0.025753703703703692
291,774285.0,0.025687962962962958
292,774345.0,0.02567499999999999
293,774405.0,0.02567870370370369
294,774465.0,0.02599537037037036
295,774525.0,0.026047222222222208
296,774585.0,0.026312037037037026
297,774645.0,0.026230555555555545
298,774705.0,0.026097222222222213
299,774765.0,0.025983333333333324
300,774825.0,0.02619074074074073
301,774885.0,0.026144444444444432
302,774945.0,0.02620370370370369
303,775005.0,0.026546296296296283
304,775065.0,0.02684444444444443
305,775125.0,0.027054629629629616
306,775185.0,0.027079629629629617
307,775245.0,0.02737222222222221
308,775305.0,0.027761111111111098
309,775365.0,0.02824814814814813
310,775425.0,0.028849999999999987
311,775485.0,0.029306481481481468
312,775545.0,0.02934814814814813
313,775605.0,0.02934166666666665
314,775665.0,0.028975925925925912
315,775725.0,0.029069444444444432
316,775785.0,0.029285185185185168
317,775845.0,0.02940370370370369
318,775905.0,0.029442592592592583
319,775965.0,0.029647222222222214
320,776025.0,0.029789814814814807
321,776085.0,0.02982777777777777
322,776145.0,0.029982407407407395
323,776205.0,0.030158333333333318
324,776265.0,0.030436111111111094
325,776325.0,0.030898148148148136
326,776385.0,0.031244444444444432
327,776445.0,0.03149259259259258
328,776505.0,0.0314111111111111
329,776565.0,0.03155462962962961
330,776625.0,0.03127314814814813
331,776685.0,0.03136944444444443
332,776745.0,0.03162870370370369
333,776805.0,0.031887962962962944
334,776865.0,0.032153703703703684
335,776925.0,0.032490740740740716
336,776985.0,0.03265833333333332
337,777045.0,0.03277592592592591
338,777105.0,0.03307407407407406
339,777165.0,0.03326759259259258
340,777225.0,0.03358518518518517
341,777285.0,0.03377962962962961
342,777345.0,0.034121296296296275
343,777405.0,0.034299999999999976
344,777465.0,0.03400740740740738
345,777525.0,0.03368981481481479
346,777585.0,0.033815740740740716
347,777645.0,0.03384814814814812
348,777705.0,0.03425277777777775
349,777765.0,0.03460277777777775
350,777825.0,0.034760185185185165
351,777885.0,0.03484907407407405
352,777945.0,0.03490740740740738
353,778005.0,0.034949999999999974
354,778065.0,0.03504814814814812
355,778125.0,0.035208333333333314
356,778185.0,0.035237962962962936
357,778245.0,0.035387037037037015
358,778305.0,0.03561388888888886
359,778365.0,0.03521851851851849
360,778425.0,0.03511203703703701
361,778485.0,0.03495740740740738
362,778545.0,0.034749999999999975
363,778605.0,0.03509259259259257
364,778665.0,0.03548148148148146
365,778725.0,0.035758333333333316
366,778785.0,0.03591666666666665
367,778845.0,0.03598148148148147
368,778905.0,0.03598333333333332
369,778965.0,0.036169444444444435
370,779025.0,0.036553703703703685
371,779085.0,0.03686388888888887
372,779145.0,0.03700092592592591
373,779205.0,0.037081481481481465
374,779265.0,0.03724814814814813
375,779325.0,0.03715925925925925
376,779385.0,0.03726574074074072
377,779445.0,0.0375148148148148
378,779505.0,0.03778518518518517
379,779565.0,0.037949999999999984
380,779628.0,0.03822777777777776
381,779685.0,0.03840092592592592
382,779745.0,0.038621296296296286
383,779805.0,0.038623148148148136
384,779865.0,0.03839259259259258
385,779925.0,0.03842314814814814
386,779985.0,0.03847962962962962
387,780045.0,0.03896944444444444
388,780105.0,0.039327777777777774
389,780165.0,0.03949537037037037
390,780225.0,0.039552777777777784
391,780285.0,0.03949537037037037
392,780345.0,0.039768518518518516
393,780405.0,0.039909259259259255
394,780465.0,0.04016111111111111
395,780525.0,0.04039907407407407
396,780585.0,0.04051759259259258
397,780645.0,0.040602777777777765
398,780705.0,0.04069166666666666
399,780765.0,0.04100092592592592
400,780825.0,0.041239814814814806
401,780885.0,0.041478703703703684
402,780945.0,0.04162037037037036
403,781005.0,0.041924074074074065
404,781065.0,0.042058333333333316
405,781125.0,0.042153703703703686
406,781185.0,0.042155555555555536
407,781245.0,0.042308333333333316
408,781305.0,0.042219444444444434
409,781365.0,0.04241203703703702
410,781425.0,0.04222777777777776
411,781485.0,0.042234259259259235
412,781545.0,0.042482407407407385
413,781605.0,0.042665740740740726
414,781665.0,0.042865740740740725
415,781725.0,0.04303518518518517
416,781785.0,0.04298888888888888
417,781845.0,0.04287685185185184
418,781905.0,0.042969444444444435
419,781965.0,0.04310277777777777
420,782025.0,0.04325648148148147
421,782085.0,0.04327962962962962
422,782145.0,0.04391666666666666
423,782205.0,0.04415092592592592
424,782265.0,0.04423148148148148
425,782325.0,0.04434351851851851
426,782385.0,0.04394814814814814
427,782445.0,0.043283333333333326
428,782505.0,0.04312685185185185
429,782565.0,0.04330185185185185
430,782625.0,0.043596296296296286
431,782685.0,0.04396481481481481
432,782745.0,0.044193518518518514
433,782805.0,0.04440092592592592
434,782865.0,0.04440925925925925
435,782925.0,0.0445787037037037
436,782985.0,0.04454166666666666
437,783045.0,0.04496759259259259
438,783105.0,0.04496666666666666
439,783165.0,0.0451574074074074
440,783225.0,0.045490740740740734
441,783285.0,0.045669444444444436
442,783345.0,0.045633333333333324
443,783405.0,0.045671296296296286
444,783465.0,0.045628703703703685
445,783525.0,0.0456148148148148
446,783588.0,0.045751851851851835
447,783645.0,0.04596296296296296
448,783705.0,0.04626388888888888
449,783765.0,0.04652037037037037
450,783825.0,0.04674166666666666
451,783885.0,0.046940740740740734
452,783945.0,0.04686296296296295
453,784005.0,0.047008333333333326
454,784065.0,0.04769259259259258
455,784125.0,0.04811759259259259
456,784185.0,0.0485287037037037
457,784245.0,0.04857037037037037
458,784305.0,0.04863055555555555
459,784365.0,0.048282407407407406
460,784425.0,0.04834259259259259
461,784485.0,0.04872129629629629
462,784545.0,0.04895092592592592
463,784605.0,0.049168518518518514
464,784665.0,0.04933518518518518
465,784725.0,0.04927685185185185
466,784785.0,0.049471296296296284
467,784845.0,0.049968518518518516
468,784905.0,0.05024537037037037
469,784965.0,0.050575925925925934
470,785025.0,0.050815740740740745
471,785085.0,0.05090648148148148
472,785145.0,0.05105092592592593
473,785205.0,0.051258333333333336
474,785265.0,0.051199074074074084
475,785325.0,0.051199074074074084
476,785388.0,0.05102962962962963
477,785445.0,0.05105833333333334
478,785505.0,0.05148518518518519
479,785565.0,0.051726851851851864
480,785625.0,0.05186203703703704
481,785685.0,0.052025
482,785745.0,0.052043518518518524
483,785805.0,0.05175648148148149
484,785868.0,0.05146481481481482
485,785925.0,0.0514425925925926
486,785985.0,0.05161388888888889
487,786045.0,0.05158055555555555
488,786105.0,0.051346296296296286
489,786165.0,0.05109166666666666
490,786225.0,0.050710185185185185
491,786285.0,0.05049722222222221
492,786345.0,0.050806481481481466
493,786405.0,0.05101388888888888
494,786465.0,0.05108425925925925
495,786525.0,0.0509287037037037
496,786585.0,0.050684259259259255
497,786645.0,0.05064537037037037
498,786705.0,0.05081574074074074
499,786765.0,0.05098888888888889
500,786825.0,0.051008333333333336
501,786885.0,0.051050000000000005
502,786945.0,0.05100740740740741
503,787005.0,0.05089814814814815
504,787065.0,0.05065833333333333
505,787125.0,0.05029444444444445
506,787185.0,0.05009907407407408
507,787245.0,0.05048611111111112
508,787305.0,0.05079814814814815
509,787365.0,0.051132407407407404
510,787425.0,0.05131203703703703
511,787485.0,0.051412962962962966
512,787545.0,0.051354629629629625
513,787605.0,0.051204629629629635
514,787665.0,0.051046296296296284
515,787725.0,0.05086574074074073
516,787785.0,0.0509611111111111
517,787845.0,0.05094351851851851
518,787905.0,0.05068888888888888
519,787965.0,0.05103796296296295
520,788025.0,0.05106759259259258
521,788085.0,0.05115555555555554
522,788145.0,0.05104907407407407
523,788205.0,0.05127777777777777
524,788265.0,0.05124814814814814
525,788325.0,0.051413888888888884
526,788385.0,0.051279629629629626
527,788445.0,0.05112037037037037
528,788505.0,0.05093888888888888
529,788565.0,0.0506574074074074
530,788625.0,0.0504324074074074
531,788685.0,0.05062037037037037
532,788745.0,0.05065648148148148
533,788805.0,0.05077777777777777
534,788865.0,0.051050925925925916
535,788925.0,0.05133796296296295
536,788985.0,0.0515361111111111
537,789045.0,0.05148148148148148
538,789105.0,0.05113888888888888
539,789165.0,0.0510574074074074
540,789225.0,0.05134166666666666
541,789285.0,0.05163703703703703
542,789348.0,0.05228425925925925
543,789405.0,0.052423148148148135
544,789465.0,0.05240925925925925
545,789525.0,0.05238611111111111
546,789585.0,0.052473148148148144
547,789645.0,0.05266666666666666
548,789705.0,0.052733333333333327
549,789765.0,0.052676851851851836
550,789828.0,0.05245462962962962
551,789885.0,0.05213425925925925
552,789945.0,0.05197685185185184
553,790005.0,0.05221759259259258
554,790065.0,0.05235185185185184
555,790128.0,0.05226203703703703
556,790185.0,0.052098148148148136
557,790245.0,0.051913888888888884
558,790305.0,0.05188981481481481
559,790365.0,0.05195185185185185
560,790425.0,0.051927777777777774
561,790485.0,0.05174351851851852
562,790545.0,0.051525
563,790605.0,0.05195462962962962
564,790665.0,0.052258333333333316
565,790725.0,0.05257592592592592
566,790785.0,0.05290648148148147
567,790845.0,0.05267037037037036
568,790905.0,0.052391666666666656
569,790965.0,0.05224907407407407
570,791025.0,0.052318518518518514
571,791085.0,0.05252962962962962
572,791145.0,0.0524148148148148
573,791205.0,0.052046296296296285
574,791265.0,0.05215185185185184
575,791325.0,0.05209351851851849
576,791385.0,0.052124999999999984
577,791445.0,0.05236111111111109
578,791505.0,0.052658333333333314
579,791565.0,0.05254629629629628
580,791625.0,0.052303703703703686
581,791685.0,0.052057407407407386
582,791745.0,0.05244999999999998
583,791808.0,0.05243703703703702
584,791865.0,0.052647222222222206
585,791925.0,0.05290185185185184
586,791985.0,0.053085185185185166
587,792045.0,0.05305092592592591
588,792105.0,0.05311018518518517
589,792165.0,0.053121296296296285
590,792225.0,0.053266666666666664
591,792285.0,0.053093518518518505
592,792345.0,0.0530324074074074
593,792405.0,0.053238888888888884
594,792465.0,0.053339814814814805
595,792528.0,0.05343796296296295
596,792585.0,0.05357407407407407
597,792645.0,0.053853703703703695
598,792705.0,0.053758333333333325
599,792765.0,0.053610185185185184
600,792825.0,0.053589814814814805
601,792885.0,0.05382129629629629
602,792945.0,0.05348425925925925
603,793005.0,0.05352962962962962
604,793065.0,0.0535648148148148
605,793125.0,0.05354999999999999
606,793185.0,0.05341296296296295
607,793245.0,0.05359166666666665
608,793305.0,0.05389629629629628
609,793365.0,0.05369166666666665
610,793425.0,0.05334444444444442
611,793485.0,0.053142592592592575
612,793545.0,0.05308425925925924
613,793605.0,0.05336296296296295
614,793665.0,0.05362037037037035
615,793725.0,0.053702777777777766
616,793785.0,0.05386018518518517
617,793845.0,0.053769444444444425
618,793905.0,0.054082407407407385
619,793968.0,0.05425648148148147
620,794025.0,0.05429537037037036
621,794085.0,0.054290740740740716
622,794145.0,0.054275925925925915
623,794205.0,0.054892592592592576
624,794265.0,0.0549861111111111
625,794325.0,0.055186111111111096
626,794385.0,0.05530648148148146
627,794445.0,0.0552722222222222
628,794505.0,0.05512037037037035
629,794565.0,0.05495833333333331
630,794625.0,0.05477407407407405
631,794685.0,0.054586111111111085
632,794745.0,0.054791666666666634
633,794805.0,0.054659259259259234
634,794865.0,0.05445740740740738
635,794925.0,0.05436666666666665
636,794985.0,0.0541685185185185
637,795045.0,0.05443703703703701
638,795105.0,0.05471388888888887
639,795165.0,0.05507314814814813
640,795225.0,0.055076851851851835
641,795285.0,0.05473703703703702
642,795345.0,0.05485370370370369
643,795405.0,0.05498518518518517
644,795465.0,0.05524907407407406
645,795525.0,0.0555861111111111
646,795585.0,0.055649999999999984
647,795645.0,0.05514629629629629
648,795705.0,0.05478611111111111
649,795765.0,0.054813888888888884
650,795825.0,0.054877777777777775
651,795885.0,0.05508518518518518
652,795945.0,0.05523981481481481
653,796005.0,0.05524907407407407
654,796065.0,0.05516388888888888
655,796125.0,0.055180555555555545
656,796188.0,0.05542777777777777
657,796245.0,0.055768518518518516
658,796305.0,0.05559814814814814
659,796365.0,0.05547037037037037
660,796425.0,0.05531851851851851
661,796485.0,0.05525555555555554
662,796545.0,0.05538425925925925
663,796608.0,0.0557361111111111
664,796665.0,0.055957407407407386
665,796725.0,0.056011111111111095
666,796785.0,0.05586944444444443
667,796848.0,0.05580555555555554
668,796905.0,0.0558648148148148
669,796965.0,0.05588148148148146
670,797025.0,0.0558898148148148
671,797085.0,0.055784259259259235
672,797145.0,0.055597222222222215
673,797205.0,0.0555648148148148
674,797265.0,0.05561296296296296
675,797325.0,0.05578796296296296
676,797385.0,0.05585925925925925
677,797445.0,0.05576018518518518
678,797505.0,0.05565833333333333
679,797565.0,0.05558148148148148
680,797625.0,0.0556462962962963
681,797685.0,0.05593240740740741
682,797745.0,0.056125925925925926
683,797805.0,0.05622962962962963
684,797865.0,0.056512037037037034
685,797925.0,0.056774074074074074
686,797985.0,0.057160185185185175
687,798045.0,0.05711296296296296
688,798105.0,0.057216666666666666
689,798165.0,0.057142592592592585
690,798225.0,0.056966666666666665
691,798285.0,0.05672037037037037
692,798345.0,0.056691666666666675
693,798405.0,0.05685092592592592
694,798465.0,0.05710462962962962
695,798525.0,0.05724444444444445
696,798585.0,0.057125
697,798645.0,0.05704722222222223
698,798705.0,0.057207407407407415
699,798765.0,0.05666574074074074
700,798825.0,0.05675277777777778
701,798885.0,0.056568518518518525
702,798945.0,0.056510185185185184
703,799005.0,0.05650925925925926
704,799065.0,0.056716666666666665
705,799125.0,0.05696851851851852
706,799185.0,0.0573324074074074
707,799245.0,0.05755925925925925
708,799305.0,0.0575787037037037
709,799365.0,0.05759166666666666
710,799425.0,0.057691666666666676
711,799485.0,0.057457407407407415
712,799545.0,0.05734444444444445
713,799605.0,0.0572425925925926
714,799665.0,0.05687592592592593
715,799725.0,0.056462962962962965
716,799785.0,0.05616203703703704
717,799845.0,0.056080555555555564
718,799908.0,0.05603148148148148
719,799965.0,0.05598888888888889
720,800025.0,0.05572037037037037
721,800085.0,0.0557175925925926
722,800145.0,0.05534814814814815
723,800205.0,0.0551962962962963
724,800265.0,0.05519814814814815
725,800325.0,0.055149074074074066
726,800385.0,0.05486111111111111
727,800445.0,0.05460462962962963
728,800505.0,0.0545037037037037
729,800565.0,0.054623148148148136
730,800625.0,0.054819444444444435
731,800685.0,0.05505555555555555
732,800745.0,0.05516481481481481
733,800805.0,0.054812037037037034
734,800865.0,0.05464259259259259
735,800925.0,0.05455833333333333
736,800985.0,0.05458518518518519
737,801045.0,0.05473518518518519
738,801105.0,0.05470462962962963
739,801165.0,0.054684259259259266
740,801225.0,0.05474907407407408
741,801285.0,0.05505185185185185
742,801345.0,0.0553962962962963
743,801405.0,0.05491666666666667
744,801465.0,0.05470555555555556
745,801525.0,0.05445925925925926
746,801585.0,0.05424814814814815
747,801645.0,0.054066666666666666
748,801705.0,0.05408981481481481
749,801765.0,0.054221296296296295
750,801825.0,0.054221296296296295
751,801885.0,0.05411851851851852
752,801945.0,0.05398611111111111
753,802005.0,0.054072222222222216
754,802065.0,0.053525
755,802125.0,0.05331481481481482
756,802185.0,0.05313333333333333
757,802245.0,0.05278148148148148
758,802305.0,0.05251203703703703
759,802365.0,0.05238518518518518
760,802425.0,0.0524537037037037
761,802485.0,0.05244074074074073
762,802545.0,0.05198425925925925
763,802605.0,0.0516861111111111
764,802665.0,0.051372222222222215
765,802725.0,0.05116018518518517
766,802785.0,0.0510148148148148
767,802845.0,0.05096388888888887
768,802905.0,0.05084537037037035
769,802965.0,0.050601851851851835
770,803025.0,0.05032962962962961
771,803085.0,0.05025740740740739
772,803145.0,0.05006296296296295
773,803205.0,0.04969629629629628
774,803265.0,0.04947222222222221
775,803328.0,0.049332407407407394
776,803385.0,0.04912499999999999
777,803445.0,0.048828703703703694
778,803505.0,0.04867962962962962
779,803565.0,0.04858703703703703
780,803625.0,0.04852962962962962
781,803685.0,0.04833425925925924
782,803745.0,0.048100925925925915
783,803805.0,0.04798240740740739
784,803865.0,0.04777777777777776
785,803925.0,0.04769074074074072
786,803985.0,0.047784259259259235
787,804045.0,0.04758148148148146
788,804105.0,0.047269444444444426
789,804165.0,0.047024074074074065
790,804225.0,0.046902777777777765
791,804285.0,0.04684999999999999
792,804345.0,0.0467361111111111
793,804405.0,0.04627777777777777
794,804465.0,0.045921296296296286
795,804525.0,0.045613888888888884
796,804585.0,0.04534537037037037
797,804645.0,0.045124074074074066
798,804705.0,0.04489351851851852
799,804765.0,0.044616666666666666
800,804825.0,0.044382407407407405
801,804885.0,0.04419444444444444
802,804945.0,0.04421851851851851
803,805005.0,0.04362222222222222
804,805068.0,0.043412962962962966
805,805125.0,0.04318796296296296
806,805185.0,0.04288518518518518
807,805245.0,0.042658333333333326
808,805305.0,0.042526851851851837
809,805365.0,0.04243425925925925
810,805425.0,0.042425925925925916
811,805488.0,0.04243055555555555
812,805548.0,0.04226388888888888
813,805605.0,0.04224999999999999
814,805665.0,0.04180925925925925
815,805725.0,0.04154074074074073
816,805788.0,0.04130092592592592
817,805845.0,0.040983333333333316
818,805905.0,0.0406824074074074
819,805965.0,0.04035185185185184
820,806025.0,0.04012129629629629
821,806085.0,0.0400324074074074
822,806145.0,0.039539814814814805
823,806205.0,0.039180555555555545
824,806265.0,0.03879629629629629
825,806325.0,0.038508333333333325
826,806385.0,0.03827037037037037
827,806445.0,0.038185185185185176
828,806505.0,0.03809444444444444
829,806565.0,0.037742592592592585
830,806625.0,0.037437962962962965
831,806685.0,0.0371
832,806745.0,0.03680648148148148
833,806805.0,0.036568518518518514
834,806865.0,0.03639907407407407
835,806925.0,0.036229629629629626
836,806985.0,0.03595925925925925
837,807045.0,0.03563703703703703
838,807105.0,0.03519259259259259
839,807165.0,0.034984259259259264
840,807228.0,0.034827777777777784
841,807285.0,0.03469351851851852
842,807345.0,0.034347222222222216
843,807405.0,0.03398796296296296
844,807465.0,0.033752777777777784
845,807525.0,0.033567592592592586
846,807585.0,0.03351851851851852
847,807645.0,0.033385185185185184
848,807705.0,0.033244444444444445
849,807765.0,0.03304444444444445
850,807825.0,0.03281111111111111
851,807885.0,0.03265648148148148
852,807945.0,0.03247407407407407
853,808005.0,0.03224537037037037
854,808065.0,0.03190648148148148
855,808125.0,0.031492592592592586
856,808185.0,0.031280555555555555
857,808245.0,0.03110833333333333
858,808305.0,0.030888888888888886
859,808365.0,0.030643518518518518
860,808425.0,0.030425
861,808485.0,0.030044444444444443
862,808545.0,0.029770370370370367
863,808605.0,0.029649074074074074
864,808665.0,0.029450925925925926
865,808725.0,0.029234259259259262
866,808785.0,0.028859259259259255
867,808845.0,0.02844074074074074
868,808905.0,0.028095370370370368
869,808965.0,0.027863888888888886
870,809025.0,0.027760185185185183
871,809085.0,0.02771203703703704
872,809145.0,0.027610185185185186
873,809205.0,0.027338888888888885
874,809265.0,0.027104629629629624
875,809325.0,0.02702407407407407
876,809385.0,0.027104629629629624
877,809445.0,0.027278703703703697
878,809505.0,0.02717407407407407
879,809565.0,0.027341666666666663
880,809625.0,0.027090740740740738
881,809685.0,0.02717037037037037
882,809745.0,0.02720648148148148
883,809805.0,0.02710555555555556
884,809865.0,0.026864814814814817
885,809925.0,0.026467592592592598
886,809985.0,0.026040740740740743
887,810045.0,0.025872222222222224
888,810105.0,0.02578888888888889
889,810165.0,0.025889814814814813
890,810225.0,0.0259
891,810285.0,0.02578611111111111
892,810345.0,0.025671296296296296
893,810405.0,0.025585185185185187
894,810465.0,0.025650925925925928
895,810525.0,0.025721296296296298
896,810585.0,0.025720370370370373
897,810645.0,0.025597222222222226
898,810705.0,0.025537037037037042
899,810765.0,0.0255175925925926
900,810825.0,0.025598148148148155
901,810885.0,0.02550462962962964
902,810945.0,0.02545000000000001
903,811005.0,0.025239814814814826
904,811065.0,0.02512962962962964
905,811125.0,0.025077777777777786
906,811185.0,0.025157407407407417
907,811245.0,0.02516296296296297
908,811305.0,0.025144444444444452
909,811365.0,0.02498611111111112
910,811425.0,0.02472962962962964
911,811485.0,0.02464166666666668
912,811545.0,0.024477777777777786
913,811605.0,0.02426944444444445
914,811665.0,0.024037037037037044
915,811725.0,0.023830555555555563
916,811785.0,0.023525925925925933
917,811845.0,0.023171296296296304
918,811905.0,0.0230888888888889
919,811965.0,0.02299722222222223
920,812025.0,0.02281574074074075
921,812085.0,0.022566666666666683
922,812145.0,0.022283333333333342
923,812205.0,0.022237037037037045
924,812265.0,0.02221944444444445
925,812325.0,0.022166666666666675
926,812385.0,0.021982407407407416
927,812445.0,0.021889814814814824
928,812505.0,0.02169814814814816
929,812565.0,0.02157685185185186
930,812625.0,0.0215175925925926
931,812685.0,0.021554629629629642
932,812745.0,0.02167500000000001
933,812805.0,0.021669444444444453
934,812865.0,0.021787037037037046
935,812925.0,0.021716666666666683
936,812985.0,0.02167962962962964
937,813045.0,0.021682407407407414
938,813105.0,0.021703703703703715
939,813165.0,0.0217138888888889
940,813225.0,0.021676851851851864
941,813285.0,0.021726851851851862
942,813345.0,0.021703703703703718
943,813405.0,0.02166851851851853
944,813465.0,0.02161944444444446
945,813525.0,0.02158703703703705
946,813585.0,0.02160555555555557
947,813645.0,0.02148055555555557
948,813705.0,0.021475000000000008
949,813765.0,0.021439814814814825
950,813825.0,0.02149444444444445
951,813885.0,0.021561111111111118
952,813945.0,0.021727777777777787
953,814005.0,0.02170925925925927
954,814065.0,0.021712037037037047
955,814125.0,0.021686111111111118
956,814185.0,0.021724074074074083
957,814245.0,0.021789814814814824
958,814305.0,0.0218138888888889
959,814368.0,0.02197870370370372
960,814425.0,0.021987037037037048
961,814485.0,0.022151851851851864
962,814545.0,0.022220370370370383
963,814605.0,0.022190740740740757
964,814665.0,0.022374074074074088
965,814725.0,0.022557407407407425
966,814785.0,0.02267685185185186
967,814845.0,0.02277777777777779
968,814905.0,0.022921296296296308
969,814965.0,0.023072222222222237
970,815025.0,0.02334351851851853
971,815085.0,0.023403703703703715
972,815145.0,0.023484259259259267
973,815205.0,0.02349351851851853
974,815265.0,0.023476851851851863
975,815325.0,0.023484259259259267
976,815385.0,0.023478703703703717
977,815445.0,0.023508333333333343
978,815505.0,0.02352314814814816
979,815565.0,0.023562962962962973
980,815625.0,0.023549074074074083
981,815685.0,0.02355648148148149
982,815745.0,0.023469444444444446
983,815805.0,0.02345000000000001
984,815865.0,0.02337222222222223
985,815925.0,0.023274074074074082
986,815985.0,0.023323148148148155
987,816045.0,0.023309259259259262
988,816105.0,0.023309259259259262
989,816165.0,0.023387962962962968
990,816225.0,0.0234675925925926
991,816285.0,0.023488888888888896
992,816345.0,0.023496296296296303
993,816405.0,0.0234925925925926
994,816465.0,0.02345092592592593
995,816525.0,0.023466666666666674
996,816585.0,0.023483333333333342
997,816645.0,0.02345462962962964
998,816705.0,0.023394444444444454
999,816765.0,0.023383333333333343
1000,816825.0,0.02347222222222223
1001,816885.0,0.023464814814814824
1002,816945.0,0.02350648148148149
1003,817005.0,0.023524074074074083
1004,817065.0,0.02355092592592593
1005,817125.0,0.023636111111111118
1006,817185.0,0.023707407407407413
1007,817245.0,0.023837962962962967
1008,817305.0,0.023932407407407413
1009,817365.0,0.02403611111111112
1010,817425.0,0.02416296296296297
1011,817485.0,0.02429444444444445
1012,817545.0,0.024439814814814817
1013,817605.0,0.02455555555555556
1014,817665.0,0.024577777777777775
1015,817725.0,0.024676851851851853
1016,817785.0,0.0247
1017,817845.0,0.024761111111111112
1018,817905.0,0.024902777777777774
1019,817968.0,0.02506203703703704
1020,818025.0,0.025225
1021,818085.0,0.02532592592592592
1022,818145.0,0.025540740740740732
1023,818205.0,0.025668518518518514
1024,818265.0,0.025826851851851847
1025,818325.0,0.0259
1026,818385.0,0.02596111111111111
1027,818445.0,0.026061111111111108
1028,818505.0,0.0261787037037037
1029,818565.0,0.02633333333333333
1030,818625.0,0.026375925925925924
1031,818688.0,0.026375
1032,818745.0,0.026377777777777774
1033,818808.0,0.026360185185185184
1034,818865.0,0.02638611111111111
1035,818925.0,0.02648333333333333
1036,818985.0,0.02648333333333333
1037,819048.0,0.026600925925925924
1038,819105.0,0.026794444444444444
1039,819165.0,0.02695833333333333
1040,819225.0,0.027069444444444445
1041,819285.0,0.027063888888888887
1042,819345.0,0.02710740740740741
1043,819405.0,0.027060185185185184
1044,819465.0,0.02706759259259259
1045,819525.0,0.02711759259259259
1046,819585.0,0.027085185185185184
1047,819645.0,0.027156481481481483
1048,819705.0,0.027247222222222218
1049,819765.0,0.027444444444444445
1050,819825.0,0.02756759259259259
1051,819885.0,0.027566666666666663
1052,819945.0,0.027476851851851853
1053,820005.0,0.027344444444444446
1054,820065.0,0.027135185185185186
1055,820128.0,0.02695185185185185
1056,820185.0,0.02685555555555556
1057,820245.0,0.026797222222222226
1058,820305.0,0.026713888888888888
1059,820365.0,0.026496296296296296
1060,820428.0,0.02634351851851852
1061,820485.0,0.02615
1062,820545.0,0.02582037037037036
1063,820605.0,0.025529629629629624
1064,820665.0,0.025322222222222215
1065,820725.0,0.025312037037037032
1066,820785.0,0.025326851851851847
1067,820845.0,0.025288888888888885
1068,820905.0,0.02522129629629629
1069,820965.0,0.025099074074074072
1070,821025.0,0.025007407407407402
1071,821085.0,0.024912037037037038
1072,821145.0,0.024797222222222217
1073,821205.0,0.02472685185185185
1074,821265.0,0.02471666666666666
1075,821325.0,0.024713888888888886
1076,821385.0,0.024741666666666662
1077,821445.0,0.024799074074074074
1078,821505.0,0.024991666666666662
1079,821565.0,0.025050925925925924
1080,821625.0,0.025047222222222217
1081,821685.0,0.024859259259259255
1082,821745.0,0.02458981481481481
1083,821805.0,0.024510185185185183
1084,821865.0,0.024424074074074074
1085,821925.0,0.024419444444444445
1086,821985.0,0.024437962962962963
1087,822045.0,0.024425925925925927
1088,822105.0,0.024306481481481484
1089,822165.0,0.024200000000000003
1090,822225.0,0.02408240740740741
1091,822285.0,0.02393333333333333
1092,822345.0,0.02386203703703704
1093,822405.0,0.02387314814814815
1094,822465.0,0.023792592592592598
1095,822525.0,0.0239
1096,822585.0,0.02398703703703704
1097,822645.0,0.024116666666666668
1098,822705.0,0.02401296296296296
1099,822765.0,0.023962037037037042
1100,822825.0,0.024008333333333336
1101,822885.0,0.023989814814814815
1102,822945.0,0.024046296296296298
1103,823005.0,0.024022222222222226
1104,823065.0,0.024025
1105,823125.0,0.02408240740740741
1106,823185.0,0.02416296296296297
1107,823245.0,0.02422870370370371
1108,823305.0,0.02427870370370371
1109,823365.0,0.024519444444444448
1110,823425.0,0.0247962962962963
1111,823485.0,0.024922222222222224
1112,823545.0,0.02504166666666667
1113,823605.0,0.025098148148148147
1114,823665.0,0.025066666666666664
1115,823725.0,0.02506481481481481
1116,823785.0,0.025176851851851846
1117,823845.0,0.02535092592592592
1118,823905.0,0.02557037037037036
1119,823965.0,0.025787037037037032
1120,824025.0,0.025965740740740737
1121,824085.0,0.02596481481481481
1122,824145.0,0.02595555555555555
1123,824205.0,0.026020370370370367
1124,824265.0,0.02624537037037037
1125,824325.0,0.02651481481481481
1126,824385.0,0.026617592592592592
1127,824445.0,0.0267787037037037
1128,824505.0,0.026772222222222215
1129,824565.0,0.0269537037037037
1130,824625.0,0.027107407407407403
1131,824685.0,0.027265740740740736
1132,824745.0,0.02745092592592592
1133,824805.0,0.02755648148148148
1134,824865.0,0.027612037037037032
1135,824925.0,0.02766944444444444
1136,824985.0,0.027677777777777773
1137,825045.0,0.027813888888888885
1138,825105.0,0.027933333333333327
1139,825165.0,0.027851851851851846
1140,825225.0,0.02791574074074073
1141,825285.0,0.027811111111111102
1142,825345.0,0.02785555555555555
1143,825405.0,0.02787129629629629
1144,825465.0,0.027827777777777767
1145,825525.0,0.027751851851851844
1146,825585.0,0.02784537037037036
1147,825645.0,0.02795925925925925
1148,825705.0,0.02810370370370369
1149,825765.0,0.02837777777777777
1150,825825.0,0.02849074074074073
1151,825885.0,0.028685185185185175
1152,825945.0,0.028730555555555544
1153,826005.0,0.028813888888888882
1154,826065.0,0.029008333333333323
1155,826125.0,0.029358333333333327
1156,826185.0,0.029687962962962958
1157,826245.0,0.02985555555555555
1158,826305.0,0.02992592592592592
1159,826365.0,0.030060185185185176
1160,826425.0,0.03032777777777777
1161,826485.0,0.030606481481481474
1162,826545.0,0.030853703703703692
1163,826605.0,0.03111944444444444
1164,826665.0,0.03131296296296295
1165,826725.0,0.03146944444444443
1166,826785.0,0.03162592592592591
1167,826845.0,0.031957407407407386
1168,826905.0,0.03233333333333332
1169,826965.0,0.03250277777777776
1170,827025.0,0.032632407407407395
1171,827085.0,0.03271759259259258
1172,827145.0,0.03299999999999999
1173,827205.0,0.03337499999999999
1174,827265.0,0.033616666666666656
1175,827325.0,0.033826851851851844
1176,827385.0,0.03401666666666666
1177,827445.0,0.034220370370370366
1178,827505.0,0.034477777777777774
1179,827565.0,0.034761111111111104
1180,827625.0,0.035050925925925916
1181,827685.0,0.03528425925925925
1182,827745.0,0.035436111111111106
1183,827805.0,0.03547407407407407
1184,827865.0,0.03553148148148148
1185,827925.0,0.035663888888888884
1186,827985.0,0.035661111111111116
1187,828045.0,0.035616666666666665
1188,828108.0,0.0355787037037037
1189,828165.0,0.035475925925925925
1190,828225.0,0.035479629629629625
1191,828285.0,0.035436111111111106
1192,828345.0,0.035425925925925916
1193,828405.0,0.03543333333333333
1194,828465.0,0.03539537037037037
1195,828525.0,0.03533888888888888
1196,828585.0,0.03532037037037036
1197,828645.0,0.03531944444444444
1198,828705.0,0.035227777777777775
1199,828765.0,0.03511759259259259
1200,828825.0,0.03503148148148148
1201,828885.0,0.03494166666666666
1202,828945.0,0.0348537037037037
1203,829005.0,0.03476296296296296
1204,829065.0,0.034646296296296286
1205,829125.0,0.034583333333333334
1206,829188.0,0.034541666666666665
1207,829245.0,0.034462037037037034
1208,829305.0,0.03434722222222221
1209,829365.0,0.03428148148148147
1210,829425.0,0.03428796296296295
1211,829485.0,0.03437685185185184
1212,829545.0,0.034405555555555536
1213,829605.0,0.03444444444444443
1214,829665.0,0.034473148148148135
1215,829725.0,0.034540740740740726
1216,829785.0,0.03451296296296295
1217,829845.0,0.03434907407407406
1218,829905.0,0.03418796296296295
1219,829965.0,0.03402407407407406
1220,830025.0,0.03390092592592591
1221,830085.0,0.033754629629629614
1222,830145.0,0.033526851851851835
1223,830205.0,0.033422222222222214
1224,830265.0,0.033306481481481465
1225,830325.0,0.033219444444444426
1226,830385.0,0.03316388888888887
1227,830445.0,0.03301203703703701
1228,830505.0,0.032857407407407384
1229,830565.0,0.032488888888888866
1230,830625.0,0.03231111111111109
1231,830685.0,0.03238703703703701
1232,830745.0,0.03233148148148145
1233,830805.0,0.032310185185185164
1234,830865.0,0.032351851851851826
1235,830925.0,0.03232685185185183
1236,830985.0,0.03224166666666664
1237,831045.0,0.032226851851851826
1238,831105.0,0.03220740740740738
1239,831165.0,0.03234351851851849
1240,831225.0,0.032605555555555533
1241,831285.0,0.03289351851851849
1242,831345.0,0.033162962962962936
1243,831405.0,0.033383333333333313
1244,831465.0,0.03356296296296293
1245,831525.0,0.033699074074074034
1246,831585.0,0.033866666666666635
1247,831645.0,0.0338796296296296
1248,831705.0,0.03378981481481478
1249,831765.0,0.033670370370370344
1250,831825.0,0.03351666666666664
1251,831885.0,0.03346851851851849
1252,831945.0,0.033410185185185154
1253,832005.0,0.033444444444444416
1254,832065.0,0.03354444444444442
1255,832125.0,0.033699999999999966
1256,832185.0,0.03373148148148145
1257,832245.0,0.03372685185185182
1258,832305.0,0.03365277777777775
1259,832365.0,0.033662037037037004
1260,832425.0,0.03366481481481478
1261,832485.0,0.03377592592592589
1262,832545.0,0.03409814814814812
1263,832605.0,0.0342796296296296
1264,832665.0,0.03427592592592589
1265,832725.0,0.034197222222222184
1266,832785.0,0.03400925925925922
1267,832845.0,0.03394814814814811
1268,832905.0,0.03386388888888885
1269,832965.0,0.03374351851851848
1270,833025.0,0.033695370370370334
1271,833085.0,0.03375740740740737
1272,833145.0,0.0338907407407407
1273,833205.0,0.034000925925925886
1274,833265.0,0.0341407407407407
1275,833325.0,0.03416018518518515
1276,833385.0,0.03419444444444441
1277,833445.0,0.03406759259259256
1278,833505.0,0.03422037037037034
1279,833565.0,0.0342546296296296
1280,833628.0,0.03410370370370367
1281,833685.0,0.034011111111111075
1282,833745.0,0.0338333333333333
1283,833805.0,0.033769444444444414
1284,833865.0,0.033750925925925886
1285,833925.0,0.03367685185185181
1286,833985.0,0.03372407407407403
1287,834045.0,0.03368240740740736
1288,834105.0,0.033710185185185135
1289,834165.0,0.0334694444444444
1290,834225.0,0.033083333333333284
1291,834285.0,0.03279351851851848
1292,834345.0,0.032564814814814776
1293,834405.0,0.03238425925925922
1294,834465.0,0.03255925925925922
1295,834525.0,0.032620370370370334
1296,834585.0,0.032589814814814766
1297,834645.0,0.032462037037037
1298,834705.0,0.032249074074074034
1299,834765.0,0.032116666666666634
1300,834825.0,0.0320907407407407
1301,834885.0,0.03217222222222218
1302,834945.0,0.0322944444444444
1303,835005.0,0.032160185185185146
1304,835065.0,0.03196388888888885
1305,835125.0,0.0316694444444444
1306,835185.0,0.03148148148148144
1307,835245.0,0.031264814814814766
1308,835308.0,0.03121759259259255
1309,835365.0,0.031306481481481435
1310,835425.0,0.031255555555555516
1311,835485.0,0.03115740740740737
1312,835545.0,0.031097222222222182
1313,835605.0,0.03112499999999996
1314,835665.0,0.03107037037037033
1315,835725.0,0.030983333333333293
1316,835785.0,0.03081851851851848
1317,835845.0,0.030491666666666625
1318,835905.0,0.03029629629629625
1319,835965.0,0.030203703703703663
1320,836025.0,0.030412037037037
1321,836085.0,0.030620370370370333
1322,836145.0,0.030686111111111074
1323,836205.0,0.03071388888888885
1324,836265.0,0.030733333333333293
1325,836325.0,0.03063888888888885
1326,836385.0,0.03033240740740737
1327,836445.0,0.03011388888888885
1328,836505.0,0.029739814814814775
1329,836565.0,0.029324074074074037
1330,836625.0,0.028939814814814783
1331,836685.0,0.02858055555555552
1332,836745.0,0.028394444444444406
1333,836805.0,0.028489814814814773
1334,836865.0,0.028318518518518482
1335,836925.0,0.02793981481481477
1336,836985.0,0.027771296296296256
1337,837045.0,0.027562962962962918
1338,837105.0,0.027384259259259216
1339,837165.0,0.02714351851851848
1340,837225.0,0.026819444444444403
1341,837285.0,0.026662037037036998
1342,837345.0,0.026393518518518483
1343,837405.0,0.026053703703703662
1344,837465.0,0.02634351851851848
1345,837525.0,0.026462962962962917
1346,837585.0,0.02637499999999996
1347,837645.0,0.0262944444444444
1348,837705.0,0.02605185185185181
1349,837765.0,0.025796296296296255
1350,837825.0,0.025549074074074037
1351,837885.0,0.025378703703703664
1352,837945.0,0.02505740740740737
1353,838005.0,0.024942592592592558
1354,838065.0,0.024761111111111074
1355,838125.0,0.02464814814814811
1356,838185.0,0.024684259259259225
1357,838245.0,0.024664814814814782
1358,838305.0,0.024549999999999964
1359,838365.0,0.02451944444444441
1360,838425.0,0.024212962962962933
1361,838485.0,0.023964814814814786
1362,838545.0,0.0238083333333333
1363,838605.0,0.0238046296296296
1364,838665.0,0.023798148148148117
1365,838725.0,0.023608333333333297
1366,838785.0,0.023537037037037
1367,838848.0,0.02350555555555552
1368,838905.0,0.02354259259259256
1369,838965.0,0.023756481481481444
1370,839025.0,0.02375277777777774
1371,839085.0,0.02389166666666663
1372,839145.0,0.023865740740740705
1373,839205.0,0.023797222222222185
1374,839265.0,0.02375555555555552
1375,839325.0,0.02364444444444441
1376,839385.0,0.023615740740740705
1377,839445.0,0.023508333333333298
1378,839505.0,0.023509259259259226
1379,839565.0,0.02352407407407404
1380,839625.0,0.023447222222222185
1381,839685.0,0.023924074074074042
1382,839745.0,0.02406759259259256
1383,839805.0,0.024220370370370337
1384,839865.0,0.024312962962962932
1385,839925.0,0.024327777777777743
1386,839985.0,0.024493518518518484
1387,840045.0,0.02441944444444441
1388,840108.0,0.02440092592592589
1389,840165.0,0.02443240740740737
1390,840225.0,0.024461111111111083
1391,840288.0,0.024428703703703668
1392,840345.0,0.024478703703703676
1393,840405.0,0.024427777777777743
1394,840465.0,0.02440740740740737
1395,840525.0,0.024362037037037
1396,840585.0,0.024652777777777742
1397,840645.0,0.024898148148148117
1398,840705.0,0.02504537037037034
1399,840765.0,0.025277777777777743
1400,840825.0,0.02516574074074071
1401,840885.0,0.025196296296296262
1402,840945.0,0.025196296296296262
1403,841005.0,0.025182407407407376
1404,841065.0,0.02524259259259256
1405,841125.0,0.02528148148148145
1406,841185.0,0.025238888888888856
1407,841245.0,0.02517592592592589
1408,841305.0,0.02514444444444441
1409,841365.0,0.025146296296296264
1410,841428.0,0.02545092592592589
1411,841485.0,0.02547592592592589
1412,841545.0,0.025591666666666638
1413,841605.0,0.02556111111111108
1414,841665.0,0.025732407407407374
1415,841725.0,0.0258296296296296
1416,841785.0,0.0257796296296296
1417,841845.0,0.025751851851851814
1418,841905.0,0.025766666666666632
1419,841965.0,0.02580370370370367
1420,842025.0,0.025632407407407368
1421,842085.0,0.025334259259259227
1422,842145.0,0.02539814814814811
1423,842205.0,0.025451851851851816
1424,842265.0,0.025337962962962927
1425,842325.0,0.025237037037037
1426,842385.0,0.0251296296296296
1427,842445.0,0.02510370370370367
1428,842505.0,0.025205555555555526
1429,842565.0,0.025274999999999968
1430,842625.0,0.025385185185185156
1431,842685.0,0.02536481481481478
1432,842745.0,0.025391666666666632
1433,842805.0,0.02550092592592589
1434,842865.0,0.02541018518518515
1435,842925.0,0.02524537037037033
1436,842985.0,0.025249999999999963
1437,843045.0,0.025128703703703667
1438,843105.0,0.02497129629629626
1439,843165.0,0.024787037037037
1440,843225.0,0.024706481481481444
1441,843285.0,0.024539814814814775
1442,843345.0,0.02430092592592589
1443,843405.0,0.024186111111111075
1444,843465.0,0.024122222222222187
1445,843525.0,0.024406481481481446
1446,843585.0,0.024651851851851817
1447,843645.0,0.02473981481481478
1448,843705.0,0.024913888888888854
1449,843765.0,0.02500370370370367
1450,843825.0,0.02494999999999996
1451,843885.0,0.02477037037037033
1452,843945.0,0.024559259259259218
1453,844005.0,0.024431481481481443
1454,844065.0,0.024636111111111074
1455,844125.0,0.025060185185185147
1456,844185.0,0.025293518518518483
1457,844245.0,0.02555833333333329
1458,844305.0,0.025675925925925887
1459,844365.0,0.02561388888888885
1460,844425.0,0.025799074074074037
1461,844485.0,0.025757407407407368
1462,844545.0,0.025835185185185145
1463,844605.0,0.0259157407407407
1464,844665.0,0.025853703703703663
1465,844728.0,0.02580740740740737
1466,844785.0,0.025679629629629587
1467,844845.0,0.025668518518518483
1468,844905.0,0.02605740740740737
1469,844965.0,0.026331481481481442
1470,845025.0,0.02653333333333329
1471,845085.0,0.026751851851851808
1472,845145.0,0.026696296296296253
1473,845205.0,0.026696296296296253
1474,845265.0,0.02648333333333329
1475,845325.0,0.026637037037036997
1476,845385.0,0.026616666666666625
1477,845445.0,0.02661481481481477
1478,845505.0,0.02653611111111107
1479,845565.0,0.026391666666666626
1480,845628.0,0.026163888888888848
1481,845685.0,0.025939814814814773
1482,845745.0,0.025699074074074037
1483,845805.0,0.025689814814814773
1484,845865.0,0.02601759259259255
1485,845925.0,0.0260907407407407
1486,845985.0,0.02632777777777773
1487,846045.0,0.02666851851851848
1488,846105.0,0.026610185185185143
1489,846165.0,0.02625648148148144
1490,846225.0,0.026148148148148108
1491,846285.0,0.026035185185185144
1492,846345.0,0.025901851851851808
1493,846405.0,0.025981481481481442
1494,846465.0,0.026053703703703662
1495,846525.0,0.026088888888888846
1496,846585.0,0.026176851851851816
1497,846645.0,0.026349074074074042
1498,846705.0,0.026431481481481445
1499,846765.0,0.02648518518518515
1500,846825.0,0.02616759259259256
1501,846885.0,0.02602685185185182
1502,846945.0,0.02592592592592589
1503,847005.0,0.025870370370370342
1504,847065.0,0.026039814814814783
1505,847125.0,0.0263796296296296
1506,847185.0,0.026566666666666638
1507,847245.0,0.026566666666666638
1508,847305.0,0.026655555555555526
1509,847365.0,0.026662037037037
1510,847425.0,0.02704074074074071
1511,847485.0,0.02746203703703701
1512,847545.0,0.027476851851851825
1513,847605.0,0.027203703703703674
1514,847665.0,0.027133333333333304
1515,847725.0,0.027082407407407375
1516,847785.0,0.026855555555555525
1517,847845.0,0.02693703703703701
1518,847905.0,0.02709259259259256
1519,847965.0,0.02709351851851849
1520,848025.0,0.027120370370370336
1521,848085.0,0.0269796296296296
1522,848145.0,0.027052777777777745
1523,848205.0,0.027059259259259227
1524,848265.0,0.02688055555555552
1525,848325.0,0.026784259259259226
1526,848385.0,0.02670740740740737
1527,848445.0,0.026359259259259225
1528,848505.0,0.026147222222222183
1529,848565.0,0.026173148148148112
1530,848625.0,0.026173148148148112
1531,848685.0,0.02627407407407404
1532,848745.0,0.026347222222222185
1533,848805.0,0.026036111111111072
1534,848865.0,0.026085185185185145
1535,848925.0,0.026274074074074037
1536,848985.0,0.026262037037037
1537,849045.0,0.02631111111111107
1538,849105.0,0.02646851851851848
1539,849165.0,0.026196296296296256
1540,849225.0,0.026210185185185145
1541,849285.0,0.026350925925925885
1542,849345.0,0.026353703703703664
1543,849405.0,0.02649814814814811
1544,849465.0,0.02653611111111107
1545,849528.0,0.02649999999999996
1546,849585.0,0.026569444444444403
1547,849645.0,0.026578703703703663
1548,849705.0,0.026581481481481442
1549,849765.0,0.02643888888888885
1550,849825.0,0.02663333333333329
1551,849885.0,0.026722222222222185
1552,849945.0,0.026864814814814772
1553,850005.0,0.027100925925925886
1554,850065.0,0.027346296296296257
1555,850125.0,0.027595370370370333
1556,850185.0,0.027714814814814772
1557,850245.0,0.027766666666666627
1558,850305.0,0.027989814814814776
1559,850365.0,0.028147222222222185
1560,850425.0,0.02823055555555552
1561,850485.0,0.027811111111111075
1562,850545.0,0.02765740740740737
1563,850605.0,0.02756018518518515
1564,850665.0,0.02737777777777774
1565,850725.0,0.02722407407407404
1566,850785.0,0.02692037037037033
1567,850845.0,0.026872222222222183
1568,850905.0,0.02677129629629626
1569,850965.0,0.026729629629629596
1570,851025.0,0.02655833333333329
1571,851085.0,0.026493518518518482
1572,851145.0,0.02677962962962959
1573,851205.0,0.026957407407407367
1574,851265.0,0.02717499999999996
1575,851325.0,0.027402777777777738
1576,851385.0,0.027127777777777737
1577,851445.0,0.02690648148148144
1578,851505.0,0.02682499999999996
1579,851565.0,0.026637037037037
1580,851625.0,0.026707407407407367
1581,851685.0,0.026794444444444402
1582,851745.0,0.026794444444444402
1583,851805.0,0.026785185185185145
1584,851865.0,0.02689814814814811
1585,851925.0,0.02684814814814811
1586,851985.0,0.026959259259259214
1587,852045.0,0.027513888888888848
1588,852105.0,0.027885185185185145
1589,852165.0,0.02799259259259255
1590,852225.0,0.027847222222222183
1591,852285.0,0.027655555555555517
1592,852345.0,0.027598148148148104
1593,852405.0,0.027787962962962917
1594,852465.0,0.027677777777777732
1595,852525.0,0.02767685185185181
1596,852585.0,0.02779259259259255
1597,852645.0,0.027697222222222182
1598,852705.0,0.027739814814814773
1599,852765.0,0.027590740740740697
1600,852825.0,0.0274444444444444
1601,852885.0,0.027476851851851808
1602,852945.0,0.02717499999999996
1603,853005.0,0.026939814814814767
1604,853065.0,0.02760833333333329
1605,853125.0,0.027737037037036998
1606,853185.0,0.02775277777777773
1607,853245.0,0.028034259259259214
1608,853305.0,0.027938888888888843
1609,853365.0,0.02792129629629625
1610,853425.0,0.027872222222222173
1611,853485.0,0.02793148148148144
1612,853545.0,0.028161111111111064
1613,853605.0,0.0282731481481481
1614,853665.0,0.028306481481481436
1615,853725.0,0.028185185185185136
1616,853785.0,0.028112037037036988
1617,853845.0,0.028041666666666614
1618,853905.0,0.02812962962962958
1619,853965.0,0.02878425925925921
1620,854025.0,0.0290194444444444
1621,854085.0,0.02910833333333328
1622,854145.0,0.0290481481481481
1623,854205.0,0.02894999999999995
1624,854265.0,0.0289768518518518
1625,854325.0,0.02874999999999995
1626,854385.0,0.028681481481481433
1627,854445.0,0.0287018518518518
1628,854505.0,0.02869629629629625
1629,854565.0,0.028584259259259205
1630,854625.0,0.02864074074074069
1631,854685.0,0.028654629629629582
1632,854745.0,0.028711111111111062
1633,854805.0,0.0288944444444444
1634,854865.0,0.028728703703703656
1635,854928.0,0.028545370370370318
1636,854985.0,0.02844999999999995
1637,855045.0,0.028426851851851807
1638,855105.0,0.028159259259259214
1639,855165.0,0.02810462962962958
1640,855225.0,0.02796574074074069
1641,855285.0,0.02819629629629625
1642,855345.0,0.02831111111111106
1643,855405.0,0.028484259259259213
1644,855465.0,0.028617592592592538
1645,855525.0,0.02870370370370365
1646,855585.0,0.02899629629629625
1647,855645.0,0.029117592592592542
1648,855705.0,0.028751851851851806
1649,855765.0,0.028514814814814767
1650,855828.0,0.028413888888888843
1651,855885.0,0.0282444444444444
1652,855945.0,0.028280555555555514
1653,856005.0,0.028280555555555514
1654,856065.0,0.028553703703703658
1655,856125.0,0.028262037037036995
1656,856185.0,0.028416666666666618
1657,856245.0,0.028416666666666618
1658,856305.0,0.02849629629629625
1659,856365.0,0.02860462962962958
1660,856425.0,0.028655555555555514
1661,856485.0,0.028655555555555514
1662,856545.0,0.028797222222222175
1663,856605.0,0.02888518518518514
1664,856665.0,0.02848981481481477
1665,856725.0,0.028316666666666625
1666,856785.0,0.028088888888888844
1667,856845.0,0.02770833333333329
1668,856905.0,0.02771759259259255
1669,856965.0,0.02779722222222218
1670,857025.0,0.027662037037036995
1671,857085.0,0.02798333333333329
1672,857145.0,0.02805185185185181
1673,857205.0,0.027865740740740698
1674,857265.0,0.027721296296296254
1675,857325.0,0.027740740740740698
1676,857385.0,0.0277907407407407
1677,857445.0,0.027648148148148102
1678,857505.0,0.027741666666666626
1679,857565.0,0.02794259259259255
1680,857625.0,0.028116666666666627
1681,857685.0,0.02805185185185181
1682,857745.0,0.02790648148148144
1683,857808.0,0.02790092592592588
1684,857865.0,0.02761574074074069
1685,857925.0,0.027456481481481432
1686,857985.0,0.027331481481481432
1687,858045.0,0.0274194444444444
1688,858105.0,0.02787592592592588
1689,858165.0,0.02811388888888884
1690,858225.0,0.0277481481481481
1691,858285.0,0.027349999999999958
1692,858345.0,0.02733240740740736
1693,858405.0,0.027299074074074028
1694,858465.0,0.02723611111111106
1695,858525.0,0.027304629629629585
1696,858585.0,0.027352777777777733
1697,858645.0,0.027393518518518473
1698,858705.0,0.027324999999999957
1699,858765.0,0.02730277777777773
1700,858825.0,0.027354629629629583
1701,858885.0,0.027324074074074032
1702,858945.0,0.02725092592592588
1703,859005.0,0.02762592592592588
1704,859065.0,0.027532407407407363
1705,859125.0,0.0274444444444444
1706,859185.0,0.027479629629629587
1707,859245.0,0.027590740740740697
1708,859305.0,0.027620370370370326
1709,859365.0,0.027557407407407364
1710,859425.0,0.02762407407407403
1711,859485.0,0.027643518518518474
1712,859545.0,0.027562962962962918
1713,859608.0,0.027562962962962918
1714,859665.0,0.0275018518518518
1715,859725.0,0.027154629629629584
1716,859785.0,0.026974074074074032
1717,859845.0,0.026758333333333287
1718,859905.0,0.02708240740740736
1719,859965.0,0.0274694444444444
1720,860025.0,0.02738425925925921
1721,860085.0,0.027386111111111062
1722,860145.0,0.027420370370370324
1723,860205.0,0.027299074074074028
1724,860265.0,0.0271694444444444
1725,860325.0,0.0271944444444444
1726,860385.0,0.0272194444444444
1727,860445.0,0.02720833333333329
1728,860505.0,0.027265740740740698
1729,860565.0,0.027186111111111067
1730,860625.0,0.026879629629629587
1731,860685.0,0.026557407407407363
1732,860745.0,0.026365740740740697
1733,860805.0,0.026193518518518474
1734,860865.0,0.026153703703703655
1735,860925.0,0.026098148148148103
1736,860985.0,0.02615092592592588
1737,861045.0,0.02612777777777773
1738,861105.0,0.025999074074074032
1739,861165.0,0.026074074074074027
1740,861225.0,0.026120370370370325
1741,861285.0,0.026149999999999955
1742,861345.0,0.026423148148148102
1743,861405.0,0.02642592592592588
1744,861465.0,0.026749999999999958
1745,861525.0,0.02689074074074069
1746,861585.0,0.02711481481481477
1747,861648.0,0.02744722222222217
1748,861705.0,0.0277444444444444
1749,861765.0,0.027773148148148102
1750,861825.0,0.028351851851851805
1751,861885.0,0.028812037037036987
1752,861945.0,0.02844629629629625
1753,862005.0,0.028345370370370326
1754,862065.0,0.028093518518518483
1755,862125.0,0.02815462962962959
1756,862185.0,0.028510185185185145
1757,862245.0,0.028935185185185144
1758,862305.0,0.02920092592592588
1759,862365.0,0.029252777777777732
1760,862425.0,0.029353703703703663
1761,862485.0,0.029511111111111068
1762,862545.0,0.029795370370370326
1763,862605.0,0.0301194444444444
1764,862665.0,0.030248148148148107
1765,862725.0,0.030670370370370324
1766,862785.0,0.030829629629629582
1767,862845.0,0.030428703703703663
1768,862908.0,0.030172222222222177
1769,862965.0,0.03027777777777773
1770,863025.0,0.03030277777777773
1771,863088.0,0.030528703703703662
1772,863145.0,0.03076759259259255
1773,863205.0,0.0308981481481481
1774,863265.0,0.03105462962962958
1775,863325.0,0.03128796296296292
1776,863385.0,0.031372222222222176
1777,863445.0,0.031612037037036994
1778,863505.0,0.03178240740740736
1779,863565.0,0.03203518518518514
1780,863625.0,0.032756481481481435
1781,863685.0,0.033151851851851814
1782,863745.0,0.03313425925925922
1783,863805.0,0.03316296296296292
1784,863865.0,0.03260370370370366
1785,863925.0,0.03265648148148144
1786,863985.0,0.032927777777777736
1787,864045.0,0.033008333333333285
1788,864105.0,0.03340648148148144
1789,864165.0,0.03373981481481477
1790,864225.0,0.03368148148148144
1791,864285.0,0.033693518518518484
1792,864345.0,0.033776851851851815
1793,864405.0,0.03372962962962959
1794,864465.0,0.03384537037037033
1795,864525.0,0.03406388888888885
1796,864585.0,0.03460925925925922
1797,864645.0,0.03487870370370367
1798,864705.0,0.03498981481481478
1799,864765.0,0.03440092592592589
1800,864825.0,0.034284259259259216
1801,864885.0,0.034454629629629585
1802,864945.0,0.034816666666666635
1803,865005.0,0.03509351851851848
1804,865065.0,0.03528518518518515
1805,865125.0,0.035387037037037
1806,865185.0,0.03540370370370366
1807,865245.0,0.03532499999999996
1808,865305.0,0.03512777777777774
1809,865365.0,0.03533240740740737
1810,865425.0,0.03557685185185181
1811,865485.0,0.035803703703703664
1812,865545.0,0.03629537037037033
1813,865605.0,0.036537037037037
1814,865665.0,0.03655462962962959
1815,865725.0,0.03632870370370366
1816,865785.0,0.03613333333333329
1817,865845.0,0.03619166666666662
1818,865905.0,0.03649722222222218
1819,865965.0,0.0367407407407407
1820,866025.0,0.03694907407407403
1821,866085.0,0.03692777777777773
1822,866145.0,0.036821296296296255
1823,866205.0,0.03679722222222218
1824,866265.0,0.03674259259259256
1825,866325.0,0.03682499999999996
1826,866385.0,0.03658425925925922
1827,866445.0,0.03705833333333329
1828,866505.0,0.03726481481481477
1829,866565.0,0.03728055555555551
1830,866625.0,0.03727407407407403
1831,866685.0,0.03750462962962958
1832,866745.0,0.03772870370370365
1833,866805.0,0.03808518518518513
1834,866865.0,0.03807222222222217
1835,866925.0,0.03842129629629624
1836,866985.0,0.03857037037037031
1837,867048.0,0.038755555555555495
1838,867105.0,0.03881944444444439
1839,867165.0,0.03884444444444438
1840,867225.0,0.039005555555555495
1841,867285.0,0.03937037037037031
1842,867345.0,0.039591666666666615
1843,867405.0,0.0397805555555555
1844,867465.0,0.03999722222222216
1845,867525.0,0.040183333333333265
1846,867585.0,0.04038518518518512
1847,867645.0,0.040649999999999936
1848,867705.0,0.04094629629629623
1849,867765.0,0.0411342592592592
1850,867825.0,0.041232407407407336
1851,867885.0,0.0409092592592592
1852,867945.0,0.04128333333333327
1853,868005.0,0.04159259259259253
1854,868065.0,0.041859259259259186
1855,868125.0,0.041919444444444384
1856,868185.0,0.04193333333333327
1857,868245.0,0.042083333333333264
1858,868305.0,0.04209629629629623
1859,868365.0,0.04213611111111104
1860,868425.0,0.04221388888888882
1861,868485.0,0.04242314814814808
1862,868545.0,0.04258981481481475
1863,868605.0,0.04246388888888882
1864,868665.0,0.042502777777777716
1865,868725.0,0.04258888888888882
1866,868785.0,0.0428703703703703
1867,868845.0,0.04305185185185178
1868,868905.0,0.04275833333333327
1869,868965.0,0.04273333333333327
1870,869025.0,0.042921296296296235
1871,869085.0,0.043018518518518456
1872,869145.0,0.043512037037036974
1873,869205.0,0.04398333333333327
1874,869265.0,0.043966666666666605
1875,869325.0,0.0438629629629629
1876,869385.0,0.04374722222222216
1877,869445.0,0.04352685185185179
1878,869505.0,0.04384259259259253
1879,869565.0,0.044195370370370315
1880,869625.0,0.044328703703703634
1881,869685.0,0.04449074074074068
1882,869745.0,0.04465833333333327
1883,869805.0,0.044574074074074016
1884,869865.0,0.04455740740740735
1885,869925.0,0.044661111111111054
1886,869985.0,0.04456944444444439
1887,870045.0,0.044536111111111054
1888,870105.0,0.04471018518518513
1889,870165.0,0.04524537037037032
1890,870225.0,0.04548611111111106
1891,870285.0,0.04551574074074069
1892,870345.0,0.04561296296296291
1893,870405.0,0.04565555555555551
1894,870465.0,0.045634259259259215
1895,870525.0,0.045827777777777724
1896,870585.0,0.04616018518518513
1897,870645.0,0.046519444444444384
1898,870705.0,0.046181481481481435
1899,870765.0,0.04597407407407402
1900,870825.0,0.046093518518518464
1901,870885.0,0.04632407407407402
1902,870945.0,0.046571296296296236
1903,871005.0,0.04696388888888883
1904,871068.0,0.047159259259259206
1905,871125.0,0.0472555555555555
1906,871185.0,0.04741574074074069
1907,871245.0,0.04766018518518513
1908,871305.0,0.04779444444444439
1909,871365.0,0.047874999999999945
1910,871425.0,0.04818518518518513
1911,871485.0,0.04843981481481476
1912,871545.0,0.048454629629629584
1913,871605.0,0.048521296296296236
1914,871665.0,0.04855648148148143
1915,871725.0,0.04849074074074069
1916,871785.0,0.048392592592592536
1917,871845.0,0.048388888888888835
1918,871905.0,0.04893703703703698
1919,871965.0,0.04894351851851846
1920,872025.0,0.049073148148148095
1921,872085.0,0.0492981481481481
1922,872145.0,0.04922499999999995
1923,872205.0,0.04931203703703699
1924,872265.0,0.04907870370370365
1925,872325.0,0.049135185185185136
1926,872385.0,0.049280555555555515
1927,872445.0,0.049289814814814766
1928,872505.0,0.049258333333333286
1929,872565.0,0.04926851851851847
1930,872625.0,0.04881203703703699
1931,872685.0,0.04891574074074069
1932,872745.0,0.049299074074074016
1933,872805.0,0.049648148148148094
1934,872865.0,0.050129629629629566
1935,872925.0,0.050114814814814765
1936,872985.0,0.049986111111111065
1937,873045.0,0.049663888888888834
1938,873105.0,0.049431481481481424
1939,873165.0,0.04961574074074068
1940,873225.0,0.049676851851851785
1941,873285.0,0.04947407407407401
1942,873345.0,0.04937685185185179
1943,873405.0,0.04946944444444439
1944,873465.0,0.04949814814814809
1945,873525.0,0.04944074074074068
1946,873585.0,0.049610185185185125
1947,873645.0,0.04983240740740735
1948,873705.0,0.05002222222222216
1949,873765.0,0.05001481481481476
1950,873825.0,0.04994814814814809
1951,873885.0,0.04999629629629624
1952,873945.0,0.049936111111111056
1953,874005.0,0.04974074074074068
1954,874065.0,0.04957777777777772
1955,874125.0,0.04961759259259253
1956,874185.0,0.049803703703703635
1957,874245.0,0.04996388888888883
1958,874305.0,0.050099999999999936
1959,874365.0,0.050143518518518455
1960,874425.0,0.04973148148148142
1961,874485.0,0.049430555555555485
1962,874545.0,0.0495342592592592
1963,874605.0,0.04964722222222216
1964,874665.0,0.04975370370370363
1965,874725.0,0.04975185185185178
1966,874785.0,0.04951481481481475
1967,874845.0,0.049208333333333264
1968,874905.0,0.049002777777777715
1969,874965.0,0.04893333333333327
1970,875025.0,0.049252777777777715
1971,875085.0,0.04940833333333326
1972,875145.0,0.049263888888888815
1973,875205.0,0.049064814814814735
1974,875268.0,0.048939814814814735
1975,875328.0,0.04894444444444437
1976,875385.0,0.048611111111111036
1977,875445.0,0.04864999999999993
1978,875505.0,0.048562962962962884
1979,875565.0,0.04849629629629623
1980,875625.0,0.04835092592592585
1981,875685.0,0.04825370370370363
1982,875745.0,0.04841388888888882
1983,875805.0,0.048567592592592516
1984,875865.0,0.04864722222222216
1985,875925.0,0.04844351851851845
1986,875985.0,0.048449074074074006
1987,876045.0,0.048497222222222164
1988,876105.0,0.0487592592592592
1989,876165.0,0.04900740740740735
1990,876225.0,0.04898333333333328
1991,876285.0,0.04894074074074068
1992,876345.0,0.048473148148148085
1993,876405.0,0.048191666666666605
1994,876465.0,0.04870462962962957
1995,876525.0,0.049098148148148085
1996,876585.0,0.04941018518518512
1997,876645.0,0.04945648148148141
1998,876705.0,0.04931851851851845
1999,876765.0,0.04927222222222216
2000,876828.0,0.049315740740740674
2001,876885.0,0.04950555555555549
2002,876945.0,0.04959629629629623
2003,877005.0,0.04943518518518512
2004,877065.0,0.0494166666666666
2005,877125.0,0.04980833333333326
2006,877185.0,0.050215740740740665
2007,877245.0,0.05003981481481474
2008,877305.0,0.050008333333333266
2009,877365.0,0.0502027777777777
2010,877425.0,0.050195370370370286
2011,877485.0,0.04998518518518511
2012,877545.0,0.04994074074074066
2013,877605.0,0.04977962962962955
2014,877665.0,0.04955370370370362
2015,877725.0,0.04917407407407399
2016,877785.0,0.049327777777777686
2017,877845.0,0.04945185185185177
2018,877905.0,0.04957685185185177
2019,877965.0,0.04980555555555547
2020,878025.0,0.04985833333333325
2021,878085.0,0.04970185185185177
2022,878145.0,0.04944999999999992
2023,878205.0,0.0492601851851851
2024,878265.0,0.04973518518518511
2025,878325.0,0.05000462962962955
2026,878385.0,0.050130555555555484
2027,878445.0,0.05014999999999992
2028,878508.0,0.050016666666666584
2029,878565.0,0.05000092592592585
2030,878625.0,0.050062962962962886
2031,878685.0,0.05028981481481474
2032,878745.0,0.04992499999999992
2033,878805.0,0.049485185185185104
2034,878865.0,0.04920833333333325
2035,878925.0,0.04947037037037029
2036,878985.0,0.04967129629629621
2037,879045.0,0.04978703703703696
2038,879105.0,0.04984166666666658
2039,879165.0,0.04972129629629622
2040,879225.0,0.04960092592592585
2041,879285.0,0.049524074074074005
2042,879345.0,0.04960925925925919
2043,879405.0,0.049932407407407335
2044,879465.0,0.05007870370370363
2045,879525.0,0.050069444444444375
2046,879585.0,0.04990833333333326
2047,879645.0,0.04982222222222215
2048,879705.0,0.04986111111111104
2049,879765.0,0.050017592592592516
2050,879825.0,0.05015925925925918
2051,879885.0,0.050274074074074
2052,879945.0,0.04998796296296289
2053,880005.0,0.04969074074074067
2054,880065.0,0.0499166666666666
2055,880125.0,0.050262962962962884
2056,880185.0,0.050569444444444375
2057,880245.0,0.0508953703703703
2058,880305.0,0.050642592592592524
2059,880365.0,0.05046388888888882
2060,880425.0,0.050428703703703635
2061,880485.0,0.050652777777777706
2062,880545.0,0.05092962962962956
2063,880605.0,0.05092685185185178
2064,880665.0,0.05086481481481475
2065,880725.0,0.05067777777777772
2066,880785.0,0.05066851851851846
2067,880845.0,0.05085370370370365
2068,880905.0,0.050753703703703634
2069,880965.0,0.050538888888888835
2070,881025.0,0.05066018518518512
2071,881085.0,0.05077685185185179
2072,881145.0,0.0509842592592592
2073,881205.0,0.05139629629629623
2074,881268.0,0.05181851851851845
2075,881325.0,0.0519453703703703
2076,881385.0,0.05179444444444437
2077,881445.0,0.05156481481481474
2078,881505.0,0.051594444444444366
2079,881565.0,0.05174259259259252
2080,881625.0,0.05187962962962956
2081,881685.0,0.05173055555555549
2082,881745.0,0.051467592592592516
2083,881805.0,0.05162962962962956
2084,881865.0,0.051762962962962886
2085,881925.0,0.05199351851851845
2086,881985.0,0.05211018518518512
2087,882045.0,0.052092592592592524
2088,882105.0,0.052045370370370304
2089,882165.0,0.0520879629629629
2090,882225.0,0.051878703703703635
2091,882285.0,0.051666666666666604
2092,882345.0,0.05171944444444438
2093,882405.0,0.05162777777777772
2094,882465.0,0.0514592592592592
2095,882525.0,0.05179351851851845
2096,882585.0,0.052018518518518464
2097,882648.0,0.05242777777777772
2098,882705.0,0.052197222222222166
2099,882765.0,0.05227407407407402
2100,882825.0,0.05228240740740735
2101,882885.0,0.05202314814814809
2102,882945.0,0.05181388888888883
2103,883005.0,0.051584259259259205
2104,883065.0,0.0520805555555555
2105,883125.0,0.05234629629629624
2106,883185.0,0.05230092592592587
2107,883245.0,0.05227870370370365
2108,883305.0,0.0522805555555555
2109,883365.0,0.052449074074074016
2110,883425.0,0.052697222222222166
2111,883485.0,0.05233888888888883
2112,883545.0,0.05205555555555549
2113,883605.0,0.052208333333333266
2114,883665.0,0.052212962962962906
2115,883725.0,0.05228703703703698
2116,883785.0,0.05246944444444439
2117,883845.0,0.052804629629629576
2118,883905.0,0.05298333333333328
2119,883965.0,0.05298703703703698
2120,884025.0,0.0529481481481481
2121,884085.0,0.05322129629629625
2122,884145.0,0.05336296296296291
2123,884205.0,0.05324351851851847
2124,884265.0,0.053059259259259216
2125,884325.0,0.052613888888888835
2126,884385.0,0.05269259259259254
2127,884445.0,0.052663888888888837
2128,884505.0,0.05281203703703698
2129,884565.0,0.053086111111111056
2130,884625.0,0.053238888888888836
2131,884685.0,0.053209259259259206
2132,884745.0,0.05310370370370365
2133,884805.0,0.05328055555555551
2134,884865.0,0.053525925925925866
2135,884925.0,0.05348796296296291
2136,884985.0,0.05334907407407402
2137,885045.0,0.053127777777777725
2138,885105.0,0.05296851851851846
2139,885165.0,0.05291574074074069
2140,885225.0,0.05296574074074069
2141,885285.0,0.05315462962962958
2142,885345.0,0.05327037037037032
2143,885405.0,0.05328703703703699
2144,885465.0,0.05326481481481477
2145,885525.0,0.053447222222222174
2146,885585.0,0.053606481481481436
2147,885645.0,0.053878703703703665
2148,885708.0,0.05392129629629625
2149,885765.0,0.053874999999999965
2150,885825.0,0.05370740740740736
2151,885885.0,0.053809259259259216
2152,885945.0,0.053985185185185136
2153,886005.0,0.05413888888888885
2154,886065.0,0.05423796296296292
2155,886125.0,0.0541231481481481
2156,886185.0,0.054062037037036985
2157,886245.0,0.05399166666666662
2158,886305.0,0.05418425925925921
2159,886365.0,0.05435092592592588
2160,886425.0,0.054562037037036985
2161,886485.0,0.05452407407407403
2162,886545.0,0.054271296296296255
2163,886605.0,0.05397037037037033
2164,886665.0,0.053887037037037004
2165,886725.0,0.05406759259259256
2166,886785.0,0.05401018518518515
2167,886845.0,0.053953703703703663
2168,886905.0,0.053830555555555513
2169,886965.0,0.0536657407407407
2170,887025.0,0.05372870370370367
2171,887085.0,0.05399166666666663
2172,887145.0,0.054311111111111074
2173,887208.0,0.054436111111111074
2174,887265.0,0.05389259259259256
2175,887325.0,0.05347314814814811
2176,887385.0,0.05338055555555552
2177,887445.0,0.053350925925925885
2178,887505.0,0.053477777777777735
2179,887565.0,0.0534907407407407
2180,887625.0,0.05335925925925922
2181,887685.0,0.0531907407407407
2182,887745.0,0.05327962962962959
2183,887805.0,0.05341296296296292
2184,887865.0,0.0535444444444444
2185,887925.0,0.05314351851851848
2186,887985.0,0.05285925925925922
2187,888045.0,0.05258888888888885
2188,888105.0,0.05237777777777773
2189,888165.0,0.05245925925925921
2190,888225.0,0.05258333333333329
2191,888285.0,0.05280092592592588
2192,888345.0,0.05278981481481477
2193,888405.0,0.05284166666666662
2194,888465.0,0.052930555555555515
2195,888525.0,0.05310092592592588
2196,888585.0,0.05251759259259255
2197,888645.0,0.05214629629629625
2198,888705.0,0.05191296296296292
2199,888765.0,0.051489814814814766
2200,888825.0,0.051309259259259214
2201,888885.0,0.051111111111111066
2202,888945.0,0.0511444444444444
2203,889005.0,0.051031481481481435
2204,889065.0,0.050437962962962914
2205,889125.0,0.049982407407407364
2206,889185.0,0.04974999999999995
2207,889245.0,0.049513888888888836
2208,889305.0,0.04942962962962958
2209,889365.0,0.04917777777777773
2210,889425.0,0.049204629629629584
2211,889485.0,0.048895370370370325
2212,889545.0,0.04878518518518514
2213,889605.0,0.04887962962962959
2214,889665.0,0.048824074074074034
2215,889725.0,0.048513888888888836
2216,889785.0,0.04826851851851848
2217,889845.0,0.04803055555555552
2218,889905.0,0.04781759259259255
2219,889965.0,0.047771296296296256
2220,890025.0,0.047689814814814775
2221,890085.0,0.04753148148148144
2222,890145.0,0.04740092592592588
2223,890205.0,0.047141666666666616
2224,890265.0,0.04693796296296292
2225,890325.0,0.04684907407407403
2226,890385.0,0.04671203703703699
2227,890445.0,0.046683333333333285
2228,890505.0,0.04647592592592588
2229,890565.0,0.046203703703703664
2230,890625.0,0.04604537037037032
2231,890685.0,0.04590833333333328
2232,890745.0,0.045740740740740686
2233,890805.0,0.045649074074074016
2234,890865.0,0.04548796296296291
2235,890925.0,0.045298148148148094
2236,890985.0,0.045077777777777724
2237,891045.0,0.04484259259259254
2238,891105.0,0.044695370370370316
2239,891165.0,0.04452129629629624
2240,891225.0,0.04428981481481476
2241,891285.0,0.043869444444444385
2242,891345.0,0.04346111111111106
2243,891405.0,0.04320092592592588
2244,891465.0,0.04302037037037032
2245,891525.0,0.04296296296296291
2246,891585.0,0.042921296296296235
2247,891645.0,0.042671296296296235
2248,891705.0,0.04258333333333328
2249,891765.0,0.0422768518518518
2250,891825.0,0.041924074074074016
2251,891885.0,0.04174814814814809
2252,891945.0,0.041478703703703636
2253,892005.0,0.04110740740740735
2254,892065.0,0.04065740740740735
2255,892125.0,0.0404555555555555
2256,892185.0,0.040327777777777726
2257,892245.0,0.040317592592592544
2258,892305.0,0.0400944444444444
2259,892365.0,0.039830555555555515
2260,892425.0,0.03972962962962958
2261,892485.0,0.03954351851851847
2262,892545.0,0.03950555555555551
2263,892605.0,0.03890092592592588
2264,892665.0,0.03858425925925922
2265,892725.0,0.03828148148148144
2266,892785.0,0.0378944444444444
2267,892845.0,0.03762777777777773
2268,892905.0,0.03740925925925921
2269,892965.0,0.03726666666666662
2270,893025.0,0.03713425925925922
2271,893085.0,0.03709166666666662
2272,893145.0,0.036999999999999963
2273,893205.0,0.0369444444444444
2274,893265.0,0.03690370370370365
2275,893325.0,0.03650462962962958
2276,893385.0,0.036230555555555516
2277,893445.0,0.03587129629629625
2278,893505.0,0.035439814814814764
2279,893565.0,0.035109259259259215
2280,893625.0,0.034880555555555505
2281,893685.0,0.034797222222222174
2282,893745.0,0.034771296296296245
2283,893805.0,0.03480833333333328
2284,893865.0,0.034287962962962916
2285,893925.0,0.03388611111111105
2286,893985.0,0.0336805555555555
2287,894045.0,0.033449999999999945
2288,894105.0,0.033182407407407355
2289,894165.0,0.032948148148148095
2290,894225.0,0.0327018518518518
2291,894285.0,0.032650925925925875
2292,894345.0,0.03250925925925921
2293,894405.0,0.03201666666666662
2294,894465.0,0.031627777777777734
2295,894525.0,0.03131666666666662
2296,894585.0,0.030927777777777724
2297,894645.0,0.030452777777777724
2298,894705.0,0.03020833333333328
2299,894765.0,0.03005462962962958
2300,894825.0,0.030015740740740687
2301,894885.0,0.029815740740740688
2302,894948.0,0.029597222222222174
2303,895005.0,0.02929999999999995
2304,895065.0,0.029137962962962918
2305,895125.0,0.029117592592592542
2306,895185.0,0.028662037037036982
2307,895248.0,0.02842870370370365
2308,895305.0,0.02811388888888884
2309,895365.0,0.02774259259259254
2310,895425.0,0.027537037037036985
2311,895485.0,0.027391666666666613
2312,895545.0,0.027332407407407357
2313,895605.0,0.027155555555555502
2314,895665.0,0.026929629629629574
2315,895725.0,0.026750925925925872
2316,895785.0,0.026624074074074026
2317,895845.0,0.026540740740740688
2318,895908.0,0.02638518518518513
2319,895968.0,0.02621111111111106
2320,896025.0,0.025978703703703653
2321,896085.0,0.02581111111111106
2322,896145.0,0.025693518518518463
2323,896205.0,0.02558611111111106
2324,896265.0,0.025455555555555502
2325,896325.0,0.025152777777777732
2326,896385.0,0.025070370370370326
2327,896445.0,0.02490925925925921
2328,896505.0,0.02483425925925921
2329,896565.0,0.02468981481481477
2330,896625.0,0.0246694444444444
2331,896685.0,0.02437777777777773
2332,896745.0,0.024064814814814768
2333,896805.0,0.02389722222222217
2334,896865.0,0.02363796296296292
2335,896925.0,0.02367129629629625
2336,896985.0,0.02353981481481477
2337,897045.0,0.023437962962962914
2338,897105.0,0.02321203703703699
2339,897165.0,0.02315277777777773
2340,897225.0,0.023078703703703657
2341,897285.0,0.02317777777777773
2342,897345.0,0.02312129629629625
2343,897405.0,0.02316296296296292
2344,897465.0,0.023042592592592545
2345,897525.0,0.02295092592592588
2346,897585.0,0.02293240740740736
2347,897645.0,0.022949074074074028
2348,897705.0,0.022965740740740696
2349,897765.0,0.022880555555555508
2350,897825.0,0.02279259259259255
2351,897885.0,0.022591666666666618
2352,897945.0,0.02243055555555551
2353,898005.0,0.022448148148148103
2354,898065.0,0.02259722222222217
2355,898125.0,0.022678703703703656
2356,898185.0,0.022639814814814762
2357,898245.0,0.022524074074074026
2358,898305.0,0.022379629629629583
2359,898365.0,0.02235925925925921
2360,898425.0,0.022437037037036988
2361,898485.0,0.02243981481481477
2362,898545.0,0.02236111111111106
2363,898605.0,0.02225277777777773
2364,898665.0,0.022098148148148103
2365,898725.0,0.021992592592592543
2366,898785.0,0.021902777777777733
2367,898845.0,0.021829629629629584
2368,898905.0,0.021864814814814768
2369,898965.0,0.021640740740740697
2370,899025.0,0.02157870370370366
2371,899085.0,0.021403703703703657
2372,899145.0,0.02132777777777773
2373,899208.0,0.02118888888888884
2374,899265.0,0.02113703703703699
2375,899325.0,0.02107592592592588
2376,899385.0,0.021167592592592543
2377,899445.0,0.021212037037036988
2378,899505.0,0.021150925925925875
2379,899565.0,0.021150925925925875
2380,899625.0,0.0210944444444444
2381,899685.0,0.021102777777777727
2382,899745.0,0.02097592592592588
2383,899805.0,0.02096388888888884
2384,899865.0,0.02085277777777773
2385,899925.0,0.02096851851851847
2386,899985.0,0.020906481481481432
2387,900045.0,0.020908333333333282
2388,900105.0,0.020853703703703645
2389,900165.0,0.02088611111111106
2390,900225.0,0.020681481481481433
2391,900285.0,0.02071018518518513
2392,900345.0,0.02058425925925921
2393,900405.0,0.0204768518518518
2394,900465.0,0.02044722222222217
2395,900525.0,0.02046481481481477
2396,900585.0,0.020492592592592545
2397,900648.0,0.02062962962962958
2398,900705.0,0.020671296296296247
2399,900765.0,0.020668518518518468
2400,900825.0,0.02066296296296291
2401,900885.0,0.02071481481481476
2402,900945.0,0.02071388888888884
2403,901005.0,0.020781481481481432
2404,901065.0,0.020899999999999943
2405,901125.0,0.020943518518518462
2406,901185.0,0.021124074074074017
2407,901245.0,0.021137037037036985
2408,901305.0,0.02126666666666661
2409,901365.0,0.021305555555555505
2410,901425.0,0.021380555555555503
2411,901485.0,0.021408333333333283
2412,901545.0,0.02151111111111106
2413,901605.0,0.02151574074074069
2414,901668.0,0.02166388888888884
2415,901725.0,0.021724074074074017
2416,901785.0,0.02176388888888884
2417,901845.0,0.02189166666666661
2418,901905.0,0.022012037037036983
2419,901965.0,0.02214722222222217
2420,902025.0,0.02223888888888884
2421,902085.0,0.022281481481481437
2422,902145.0,0.022283333333333287
2423,902205.0,0.022340740740740696
2424,902265.0,0.02230555555555551
2425,902325.0,0.022422222222222173
2426,902385.0,0.02248333333333329
2427,902445.0,0.022581481481481442
2428,902505.0,0.02266111111111107
2429,902565.0,0.022730555555555514
2430,902625.0,0.022841666666666625
2431,902685.0,0.022890740740740698
2432,902745.0,0.023020370370370326
2433,902805.0,0.023095370370370325
2434,902865.0,0.023249999999999955
2435,902925.0,0.023324999999999957
2436,902985.0,0.023381481481481437
2437,903045.0,0.023428703703703656
2438,903105.0,0.023436111111111064
2439,903165.0,0.023511111111111063
2440,903225.0,0.0235231481481481
2441,903285.0,0.02357499999999995
2442,903345.0,0.023728703703703655
2443,903405.0,0.023849074074074026
2444,903465.0,0.02398888888888884
2445,903525.0,0.024041666666666614
2446,903585.0,0.024146296296296246
2447,903645.0,0.0242268518518518
2448,903705.0,0.024227777777777727
2449,903765.0,0.0242268518518518
2450,903825.0,0.02433981481481477
2451,903885.0,0.024429629629629582
2452,903945.0,0.024471296296296245
2453,904005.0,0.02449351851851847
2454,904065.0,0.02448796296296291
2455,904125.0,0.024524999999999943
2456,904185.0,0.02449722222222217
2457,904245.0,0.024440740740740687
2458,904305.0,0.02444907407407402
2459,904365.0,0.02441666666666661
2460,904425.0,0.02442777777777772
2461,904485.0,0.024490740740740684
2462,904545.0,0.024553703703703647
2463,904605.0,0.024604629629629574
2464,904665.0,0.02463796296296291
2465,904725.0,0.02466296296296291
2466,904785.0,0.02462314814814809
2467,904845.0,0.02462870370370365
2468,904905.0,0.024727777777777724
2469,904965.0,0.024692592592592537
2470,905025.0,0.02474814814814809
2471,905085.0,0.0246555555555555
2472,905145.0,0.024788888888888836
2473,905205.0,0.024808333333333283
2474,905265.0,0.024849074074074017
2475,905325.0,0.024831481481481427
2476,905385.0,0.02481759259259253
2477,905445.0,0.024945370370370312
2478,905505.0,0.024906481481481425
2479,905565.0,0.02487129629629624
2480,905625.0,0.024888888888888832
2481,905685.0,0.024917592592592533
2482,905745.0,0.024972222222222163
2483,905805.0,0.02511481481481476
2484,905865.0,0.025297222222222162
2485,905925.0,0.02547222222222217
2486,905985.0,0.025574999999999945
2487,906045.0,0.025632407407407357
2488,906105.0,0.0256805555555555
2489,906165.0,0.025807407407407352
2490,906225.0,0.025897222222222162
2491,906285.0,0.02596666666666661
2492,906345.0,0.026071296296296242
2493,906405.0,0.026175925925925863
2494,906465.0,0.02629351851851846
2495,906525.0,0.026311111111111053
2496,906585.0,0.026367592592592533
2497,906645.0,0.02642685185185179
2498,906705.0,0.02641851851851846
2499,906765.0,0.026449074074074014
2500,906825.0,0.026476851851851797
2501,906885.0,0.02643240740740735
2502,906945.0,0.026437962962962903
2503,907005.0,0.026452777777777717
2504,907065.0,0.02646666666666661
2505,907125.0,0.02647129629629624
2506,907185.0,0.026424074074074017
2507,907245.0,0.026363888888888836
2508,907305.0,0.026350925925925868
2509,907365.0,0.026337962962962903
2510,907425.0,0.02631759259259253
2511,907485.0,0.026327777777777717
2512,907545.0,0.026340740740740682
2513,907605.0,0.026212962962962903
2514,907665.0,0.02621481481481476
2515,907725.0,0.02613888888888883
2516,907785.0,0.0260592592592592
2517,907845.0,0.026018518518518455
2518,907905.0,0.025914814814814755
2519,907965.0,0.02582777777777772
2520,908025.0,0.025694444444444384
2521,908085.0,0.02557129629629624
2522,908145.0,0.02543888888888883
2523,908205.0,0.025295370370370312
2524,908265.0,0.02514907407407401
2525,908325.0,0.02503611111111105
2526,908385.0,0.02503055555555549
2527,908445.0,0.02492685185185179
2528,908505.0,0.024808333333333276
2529,908565.0,0.02463703703703697
2530,908625.0,0.02439722222222216
2531,908685.0,0.024223148148148087
2532,908745.0,0.02411111111111105
2533,908805.0,0.024036111111111053
2534,908865.0,0.02394814814814809
2535,908925.0,0.023937037037036982
2536,908985.0,0.02386388888888883
2537,909045.0,0.0238342592592592
2538,909105.0,0.023716666666666608
2539,909165.0,0.023628703703703645
2540,909225.0,0.023468518518518455
2541,909285.0,0.023375925925925863
2542,909345.0,0.0232092592592592
2543,909405.0,0.023074999999999943
2544,909465.0,0.02302129629629624
2545,909525.0,0.02300277777777772
2546,909585.0,0.023003703703703644
2547,909645.0,0.023048148148148092
2548,909705.0,0.02306666666666661
2549,909765.0,0.023080555555555497
2550,909825.0,0.02309999999999994
2551,909885.0,0.023144444444444384
2552,909945.0,0.023179629629629567
2553,910005.0,0.023226851851851797
2554,910065.0,0.023265740740740684
2555,910125.0,0.023331481481481425
2556,910185.0,0.023356481481481426
2557,910245.0,0.02342314814814809
2558,910305.0,0.0237055555555555
2559,910365.0,0.02384814814814809
2560,910425.0,0.02384166666666661
2561,910485.0,0.02382314814814809
2562,910545.0,0.023863888888888837
2563,910605.0,0.02398518518518513
2564,910665.0,0.02409444444444439
2565,910725.0,0.02425370370370365
2566,910785.0,0.024424999999999947
2567,910845.0,0.02458796296296291
2568,910905.0,0.024727777777777724
2569,910965.0,0.024837037037036984
2570,911025.0,0.024940740740740687
2571,911085.0,0.024999999999999942
2572,911145.0,0.025063888888888837
2573,911205.0,0.02506481481481476
2574,911265.0,0.025077777777777727
2575,911325.0,0.024887037037036985
2576,911385.0,0.024713888888888837
2577,911445.0,0.024494444444444388
2578,911505.0,0.0243805555555555
2579,911565.0,0.02417962962962957
2580,911625.0,0.024187962962962904
2581,911685.0,0.02411574074074068
2582,911745.0,0.0240842592592592
2583,911805.0,0.02387870370370364
2584,911865.0,0.02385555555555549
2585,911928.0,0.023678703703703643
2586,911985.0,0.02345277777777772
2587,912045.0,0.023373148148148087
2588,912105.0,0.023182407407407343
2589,912165.0,0.023023148148148088
2590,912225.0,0.022786111111111045
2591,912285.0,0.022778703703703645
2592,912345.0,0.02281666666666661
2593,912405.0,0.02300555555555549
2594,912465.0,0.02299907407407401
2595,912525.0,0.023014814814814752
2596,912585.0,0.023104629629629562
2597,912645.0,0.023106481481481412
2598,912705.0,0.02315092592592586
2599,912765.0,0.023348148148148083
2600,912825.0,0.023436111111111047
2601,912885.0,0.023492592592592527
2602,912945.0,0.02345740740740734
2603,913005.0,0.023406481481481414
2604,913065.0,0.023454629629629558
2605,913125.0,0.023301851851851785
2606,913185.0,0.02326296296296289
2607,913248.0,0.023193518518518447
2608,913305.0,0.02331296296296289
2609,913365.0,0.023374074074074
2610,913425.0,0.023294444444444368
2611,913485.0,0.023260185185185116
2612,913548.0,0.023165740740740667
2613,913605.0,0.023085185185185108
2614,913665.0,0.02296296296296289
2615,913725.0,0.022991666666666598
2616,913785.0,0.0228916666666666
2617,913845.0,0.0227527777777777
2618,913905.0,0.02271296296296289
2619,913965.0,0.022574074074073996
2620,914025.0,0.022439814814814742
2621,914085.0,0.02243333333333326
2622,914145.0,0.022526851851851774
2623,914205.0,0.02264537037037029
2624,914265.0,0.02273981481481474
2625,914325.0,0.022823148148148075
2626,914385.0,0.022952777777777704
2627,914445.0,0.022863888888888816
2628,914505.0,0.02298796296296289
2629,914565.0,0.02314074074074067
2630,914625.0,0.023258333333333263
2631,914685.0,0.023319444444444372
2632,914745.0,0.023280555555555485
2633,914805.0,0.023282407407407342
2634,914865.0,0.02323888888888882
2635,914925.0,0.02321296296296289
2636,914985.0,0.02327777777777771
2637,915045.0,0.02350277777777771
2638,915105.0,0.02361018518518512
2639,915165.0,0.02367777777777771
2640,915225.0,0.02365462962962956
2641,915285.0,0.023577777777777708
2642,915345.0,0.02347314814814808
2643,915405.0,0.02340277777777771
2644,915465.0,0.023286111111111042
2645,915525.0,0.023253703703703638
2646,915585.0,0.023221296296296226
2647,915645.0,0.023157407407407342
2648,915705.0,0.02314814814814808
2649,915765.0,0.023120370370370298
2650,915825.0,0.022982407407407337
2651,915885.0,0.022892592592592523
2652,915945.0,0.02275925925925919
2653,916005.0,0.02270925925925919
2654,916065.0,0.022742592592592526
2655,916128.0,0.022808333333333264
2656,916185.0,0.02289351851851845
2657,916245.0,0.022849074074074004
2658,916305.0,0.0228916666666666
2659,916365.0,0.022813888888888818
2660,916425.0,0.022721296296296233
2661,916485.0,0.02258055555555549
2662,916545.0,0.02247870370370364
2663,916605.0,0.022415740740740674
2664,916665.0,0.022305555555555488
2665,916725.0,0.02225462962962956
2666,916785.0,0.02209351851851845
2667,916845.0,0.02193611111111104
2668,916905.0,0.021754629629629558
2669,916965.0,0.021620370370370304
2670,917025.0,0.02151759259259253
2671,917085.0,0.02150833333333326
2672,917145.0,0.021462962962962896
2673,917205.0,0.021570370370370302
2674,917265.0,0.021525925925925855
2675,917325.0,0.02143240740740734
2676,917385.0,0.02125555555555549
2677,917445.0,0.02115555555555549
2678,917505.0,0.021106481481481417
2679,917565.0,0.02109629629629623
2680,917625.0,0.020963888888888824
2681,917685.0,0.02085370370370364
2682,917745.0,0.020720370370370302
2683,917805.0,0.020768518518518454
2684,917865.0,0.02076481481481475
2685,917925.0,0.02076481481481475
2686,917985.0,0.02068518518518512
2687,918045.0,0.020559259259259197
2688,918105.0,0.02045462962962957
2689,918165.0,0.02034259259259253
2690,918225.0,0.020424074074074008
2691,918285.0,0.02042962962962957
2692,918345.0,0.020374074074074013
2693,918405.0,0.020464814814814755
2694,918465.0,0.020504629629629567
2695,918525.0,0.020394444444444385
2696,918585.0,0.020411111111111054
2697,918645.0,0.02054722222222216
2698,918705.0,0.020718518518518463
2699,918765.0,0.020874074074074017
2700,918825.0,0.020981481481481424
2701,918885.0,0.02108611111111105
2702,918945.0,0.021175925925925862
2703,919005.0,0.02140277777777772
2704,919065.0,0.021574074074074016
2705,919125.0,0.02162314814814809
2706,919185.0,0.021551851851851798
2707,919245.0,0.021643518518518458
2708,919305.0,0.02185740740740735
2709,919365.0,0.02208888888888883
2710,919425.0,0.02211296296296291
2711,919485.0,0.02208888888888883
2712,919545.0,0.02199814814814809
2713,919605.0,0.02180462962962957
2714,919665.0,0.02225277777777772
2715,919725.0,0.02230555555555549
2716,919785.0,0.02234629629629624
2717,919845.0,0.022355555555555497
2718,919905.0,0.022303703703703645
2719,919965.0,0.02230462962962957
2720,920025.0,0.022247222222222158
2721,920085.0,0.02212685185185179
2722,920145.0,0.02214259259259253
2723,920205.0,0.02214259259259253
2724,920265.0,0.022102777777777714
2725,920325.0,0.022070370370370303
2726,920385.0,0.022573148148148085
2727,920445.0,0.0226129629629629
2728,920505.0,0.022703703703703643
2729,920565.0,0.0227092592592592
2730,920625.0,0.02269999999999994
2731,920685.0,0.022583333333333268
2732,920745.0,0.02248518518518512
2733,920805.0,0.022361111111111047
2734,920865.0,0.02221481481481475
2735,920925.0,0.022013888888888826
2736,920985.0,0.021965740740740675
2737,921045.0,0.02178518518518512
2738,921105.0,0.021740740740740675
2739,921165.0,0.021911111111111044
2740,921225.0,0.022054629629629563
2741,921285.0,0.022221296296296232
2742,921345.0,0.0223666666666666
2743,921405.0,0.022311111111111042
2744,921465.0,0.022255555555555487
2745,921525.0,0.022021296296296226
2746,921585.0,0.02182962962962956
2747,921645.0,0.021755555555555486
2748,921705.0,0.02228703703703697
2749,921765.0,0.02249722222222215
2750,921825.0,0.02266574074074067
2751,921885.0,0.02283148148148141
2752,921945.0,0.02301851851851845
2753,922005.0,0.02311388888888882
2754,922065.0,0.02314999999999993
2755,922125.0,0.02312499999999993
2756,922185.0,0.02322314814814808
2757,922245.0,0.023222222222222155
2758,922308.0,0.023838888888888826
2759,922365.0,0.02419999999999993
2760,922425.0,0.02431018518518512
2761,922485.0,0.024461111111111045
2762,922545.0,0.024609259259259192
2763,922605.0,0.024609259259259192
2764,922665.0,0.02450925925925919
2765,922725.0,0.024545370370370304
2766,922785.0,0.024613888888888824
2767,922845.0,0.024521296296296232
2768,922905.0,0.02453703703703697
2769,922965.0,0.02503333333333327
2770,923025.0,0.02543333333333327
2771,923088.0,0.025592592592592528
2772,923145.0,0.025899999999999937
2773,923205.0,0.02606111111111105
2774,923265.0,0.02616759259259253
2775,923325.0,0.02605370370370364
2776,923385.0,0.02622592592592586
2777,923445.0,0.026288888888888827
2778,923505.0,0.02612685185185179
2779,923565.0,0.02597499999999994
2780,923625.0,0.025889814814814758
2781,923685.0,0.026199999999999942
2782,923745.0,0.026460185185185125
2783,923805.0,0.02673611111111105
2784,923865.0,0.026983333333333272
2785,923925.0,0.02737962962962957
2786,923985.0,0.027706481481481426
2787,924045.0,0.02786851851851846
2788,924105.0,0.02772314814814809
2789,924165.0,0.02775740740740735
2790,924225.0,0.027926851851851796
2791,924285.0,0.028197222222222162
2792,924345.0,0.02867962962962957
2793,924405.0,0.028985185185185124
2794,924465.0,0.029237037037036975
2795,924525.0,0.02933148148148142
2796,924585.0,0.029523148148148087
2797,924645.0,0.029758333333333276
2798,924705.0,0.030116666666666608
2799,924765.0,0.030374999999999937
2800,924825.0,0.03044444444444438
2801,924885.0,0.0304379629629629
2802,924945.0,0.030470370370370307
2803,925005.0,0.030800925925925864
2804,925065.0,0.03092870370370364
2805,925125.0,0.03093611111111105
2806,925185.0,0.030882407407407345
2807,925245.0,0.03099259259259253
2808,925305.0,0.03094907407407401
2809,925365.0,0.03102314814814808
2810,925425.0,0.03116111111111105
2811,925485.0,0.03121203703703697
2812,925545.0,0.03123148148148142
2813,925605.0,0.0312666666666666
2814,925665.0,0.03160185185185179
2815,925725.0,0.03226203703703698
2816,925785.0,0.03264166666666661
2817,925845.0,0.03274907407407402
2818,925905.0,0.033021296296296236
2819,925965.0,0.03297870370370365
2820,926025.0,0.03295740740740735
2821,926085.0,0.03306481481481476
2822,926145.0,0.03343518518518513
2823,926205.0,0.03363981481481476
2824,926265.0,0.033800925925925866
2825,926325.0,0.033902777777777726
2826,926385.0,0.034105555555555514
2827,926445.0,0.03407870370370365
2828,926505.0,0.034282407407407366
2829,926565.0,0.03463888888888884
2830,926625.0,0.034957407407407354
2831,926685.0,0.03514074074074069
2832,926745.0,0.03533333333333328
2833,926805.0,0.03553796296296291
2834,926865.0,0.035634259259259206
2835,926925.0,0.03579351851851847
2836,926985.0,0.03593796296296292
2837,927045.0,0.03613148148148143
2838,927105.0,0.03622037037037032
2839,927165.0,0.03633888888888884
2840,927225.0,0.03662407407407402
2841,927285.0,0.0373231481481481
2842,927345.0,0.03766481481481476
2843,927405.0,0.03783888888888884
2844,927465.0,0.0379481481481481
2845,927525.0,0.0380444444444444
2846,927585.0,0.038122222222222175
2847,927645.0,0.03828796296296292
2848,927705.0,0.03858888888888885
2849,927765.0,0.03877592592592588
2850,927825.0,0.0390444444444444
2851,927885.0,0.038955555555555514
2852,927945.0,0.03878518518518514
2853,928005.0,0.0384481481481481
2854,928065.0,0.038442592592592535
2855,928125.0,0.038328703703703663
2856,928185.0,0.038677777777777735
2857,928245.0,0.03886296296296291
2858,928308.0,0.039002777777777733
2859,928365.0,0.0390731481481481
2860,928425.0,0.03909074074074069
2861,928485.0,0.039133333333333284
2862,928545.0,0.03915833333333328
2863,928605.0,0.039204629629629575
2864,928665.0,0.03917962962962958
2865,928725.0,0.03909166666666662
2866,928785.0,0.039071296296296236
2867,928845.0,0.039071296296296236
2868,928905.0,0.03908148148148143
2869,928965.0,0.03950370370370365
2870,929025.0,0.039595370370370316
2871,929085.0,0.039712037037036976
2872,929145.0,0.03968333333333327
2873,929205.0,0.039648148148148085
2874,929265.0,0.03955185185185179
2875,929325.0,0.03957685185185179
2876,929385.0,0.0394916666666666
2877,929445.0,0.039240740740740666
2878,929505.0,0.03917685185185178
2879,929565.0,0.03892870370370363
2880,929625.0,0.039250925925925856
2881,929685.0,0.03927222222222215
2882,929745.0,0.03920462962962956
2883,929808.0,0.039119444444444366
2884,929865.0,0.038899074074073996
2885,929925.0,0.038738888888888816
2886,929985.0,0.038604629629629565
2887,930045.0,0.03847129629629623
2888,930105.0,0.038425925925925856
2889,930168.0,0.03834999999999993
2890,930225.0,0.038415740740740674
2891,930285.0,0.038347222222222165
2892,930345.0,0.03838055555555549
2893,930405.0,0.038778703703703635
2894,930465.0,0.03847407407407402
2895,930525.0,0.03847777777777772
2896,930585.0,0.038266666666666616
2897,930645.0,0.03826388888888883
2898,930705.0,0.038240740740740686
2899,930765.0,0.03814814814814809
2900,930825.0,0.038185185185185135
2901,930885.0,0.03835370370370365
2902,930945.0,0.0384379629629629
2903,931005.0,0.0385342592592592
2904,931065.0,0.038649999999999934
2905,931125.0,0.03886388888888883
2906,931185.0,0.038578703703703636
2907,931245.0,0.038648148148148084
2908,931305.0,0.03854999999999994
2909,931365.0,0.0384805555555555
2910,931425.0,0.03832407407407402
2911,931485.0,0.03837129629629624
2912,931545.0,0.038305555555555496
2913,931605.0,0.038330555555555486
2914,931665.0,0.03836481481481475
2915,931725.0,0.03843148148148142
2916,931785.0,0.0385629629629629
2917,931845.0,0.03880833333333327
2918,931905.0,0.03871574074074068
2919,931965.0,0.03840277777777771
2920,932025.0,0.03829351851851845
2921,932085.0,0.03822222222222215
2922,932145.0,0.03805925925925919
2923,932205.0,0.0380703703703703
2924,932265.0,0.037999074074074005
2925,932325.0,0.03795833333333326
2926,932385.0,0.03800462962962956
2927,932445.0,0.03837962962962956
2928,932505.0,0.03797592592592585
2929,932565.0,0.037858333333333265
2930,932625.0,0.03768055555555548
2931,932685.0,0.03744259259259252
2932,932748.0,0.03721203703703697
2933,932808.0,0.03730925925925919
2934,932865.0,0.03745185185185178
2935,932925.0,0.03768981481481474
2936,932985.0,0.03770833333333326
2937,933045.0,0.03774351851851845
2938,933105.0,0.03716111111111104
2939,933165.0,0.03679999999999993
2940,933225.0,0.03655648148148141
2941,933285.0,0.036644444444444375
2942,933345.0,0.0366203703703703
2943,933405.0,0.03690648148148142
2944,933465.0,0.03687407407407401
2945,933525.0,0.03681851851851845
2946,933585.0,0.036749999999999935
2947,933645.0,0.03678611111111105
2948,933705.0,0.03684444444444438
2949,933765.0,0.03641203703703697
2950,933825.0,0.03637962962962957
2951,933885.0,0.036112037037036984
2952,933945.0,0.035581481481481415
2953,934005.0,0.035181481481481425
2954,934065.0,0.034933333333333275
2955,934125.0,0.03489537037037031
2956,934185.0,0.03454907407407402
2957,934245.0,0.034330555555555496
2958,934305.0,0.03481111111111105
2959,934365.0,0.034895370370370306
2960,934425.0,0.03504814814814808
2961,934485.0,0.03492407407407401
2962,934545.0,0.03471851851851845
2963,934605.0,0.03440370370370364
2964,934665.0,0.03415277777777771
2965,934725.0,0.03390092592592586
2966,934785.0,0.03371203703703697
2967,934845.0,0.033637037037036965
2968,934905.0,0.03377314814814808
2969,934965.0,0.03357685185185178
2970,935025.0,0.033383333333333265
2971,935085.0,0.033117592592592525
2972,935145.0,0.032756481481481414
2973,935205.0,0.03237499999999993
2974,935265.0,0.03260462962962956
2975,935325.0,0.032603703703703635
2976,935385.0,0.03237870370370363
2977,935445.0,0.032319444444444366
2978,935505.0,0.0320166666666666
2979,935565.0,0.031758333333333263
2980,935625.0,0.031711111111111044
2981,935685.0,0.031745370370370306
2982,935745.0,0.031513888888888834
2983,935805.0,0.030953703703703643
2984,935868.0,0.030620370370370305
2985,935925.0,0.03042685185185179
2986,935985.0,0.03026944444444438
2987,936045.0,0.030220370370370307
2988,936105.0,0.030132407407407344
2989,936165.0,0.0302342592592592
2990,936225.0,0.03025648148148142
2991,936285.0,0.030149999999999937
2992,936345.0,0.0303342592592592
2993,936405.0,0.0305379629629629
2994,936465.0,0.03019814814814808
2995,936525.0,0.029501851851851786
2996,936585.0,0.029135185185185118
2997,936645.0,0.0288379629629629
2998,936705.0,0.02850370370370364
2999,936765.0,0.028528703703703636
3000,936825.0,0.028470370370370306
3001,936885.0,0.02829351851851845
3002,936945.0,0.02789074074074068
3003,937005.0,0.028132407407407342
3004,937065.0,0.028191666666666608
3005,937125.0,0.0280592592592592
3006,937185.0,0.02789537037037031
3007,937245.0,0.0279666666666666
3008,937305.0,0.027673148148148082
3009,937365.0,0.027393518518518453
3010,937425.0,0.02712407407407401
3011,937485.0,0.02709999999999993
3012,937545.0,0.02713703703703697
3013,937605.0,0.026918518518518453
3014,937668.0,0.0267416666666666
3015,937725.0,0.026442592592592528
3016,937785.0,0.026252777777777712
3017,937845.0,0.026585185185185118
3018,937905.0,0.02673055555555549
3019,937965.0,0.02666203703703697
3020,938025.0,0.02630092592592586
3021,938085.0,0.02572222222222216
3022,938145.0,0.025370370370370304
3023,938205.0,0.02525740740740734
3024,938265.0,0.02525462962962956
3025,938325.0,0.025146296296296233
3026,938385.0,0.025070370370370302
3027,938445.0,0.02491296296296289
3028,938505.0,0.02466759259259252
3029,938565.0,0.024510185185185114
3030,938625.0,0.02409074074074067
3031,938685.0,0.02403425925925919
3032,938745.0,0.024022222222222157
3033,938805.0,0.02421388888888882
3034,938865.0,0.02428333333333326
3035,938925.0,0.024487962962962892
3036,938985.0,0.024426851851851783
3037,939045.0,0.02421296296296289
3038,939105.0,0.024176851851851783
3039,939165.0,0.02402870370370364
3040,939225.0,0.02397592592592586
3041,939285.0,0.023963888888888826
3042,939345.0,0.024009259259259192
3043,939405.0,0.02398796296296289
3044,939465.0,0.024037037037036968
3045,939525.0,0.024095370370370302
3046,939585.0,0.024071296296296226
3047,939645.0,0.024089814814814745
3048,939705.0,0.02406296296296289
3049,939765.0,0.02368425925925919
3050,939825.0,0.023821296296296226
3051,939885.0,0.023923148148148082
3052,939945.0,0.02398611111111104
3053,940005.0,0.024013888888888817
3054,940065.0,0.02415648148148141
3055,940125.0,0.02416851851851845
3056,940185.0,0.02416851851851845
3057,940245.0,0.02427499999999993
3058,940305.0,0.024090740740740677
3059,940365.0,0.02423333333333327
3060,940425.0,0.023769444444444374
3061,940485.0,0.02358240740740734
3062,940545.0,0.023699074074074008
3063,940605.0,0.023615740740740673
3064,940665.0,0.023865740740740674
3065,940725.0,0.02434351851851845
3066,940785.0,0.024692592592592526
3067,940845.0,0.024843518518518445
3068,940905.0,0.024692592592592526
3069,940965.0,0.02455555555555549
3070,941025.0,0.02448981481481475
3071,941085.0,0.02463981481481475
3072,941145.0,0.024674074074074008
3073,941205.0,0.024486111111111045
3074,941265.0,0.024363888888888824
3075,941325.0,0.024265740740740675
3076,941385.0,0.024385185185185117
3077,941445.0,0.02423611111111104
3078,941505.0,0.02421851851851845
3079,941565.0,0.024282407407407336
3080,941625.0,0.02486296296296289
3081,941685.0,0.024977777777777703
3082,941745.0,0.024865740740740667
3083,941805.0,0.024807407407407337
3084,941865.0,0.024825925925925856
3085,941925.0,0.02469814814814808
3086,941985.0,0.024626851851851785
3087,942045.0,0.024540740740740672
3088,942105.0,0.024637037037036968
3089,942165.0,0.024564814814814744
3090,942225.0,0.02458796296296289
3091,942285.0,0.02450833333333326
3092,942345.0,0.024634259259259186
3093,942405.0,0.024723148148148074
3094,942465.0,0.02502592592592585
3095,942525.0,0.025027777777777704
3096,942585.0,0.025118518518518446
3097,942645.0,0.025224074074074003
3098,942705.0,0.025185185185185116
3099,942765.0,0.02536111111111104
3100,942825.0,0.025243518518518446
3101,942885.0,0.02525462962962956
3102,942948.0,0.025275925925925855
3103,943005.0,0.025310185185185116
3104,943065.0,0.02548148148148141
3105,943125.0,0.025533333333333262
3106,943185.0,0.025434259259259188
3107,943245.0,0.0249277777777777
3108,943305.0,0.02470833333333326
3109,943365.0,0.02453981481481474
3110,943425.0,0.024612037037036964
3111,943485.0,0.02498796296296289
3112,943545.0,0.025224074074073996
3113,943605.0,0.025200925925925845
3114,943665.0,0.025239814814814743
3115,943725.0,0.02501759259259252
3116,943785.0,0.024904629629629558
3117,943845.0,0.02497222222222215
3118,943905.0,0.02501111111111104
3119,943965.0,0.025273148148148083
3120,944025.0,0.02531759259259252
3121,944085.0,0.02512222222222215
3122,944145.0,0.024888888888888815
3123,944205.0,0.024774999999999932
3124,944265.0,0.02488055555555549
3125,944325.0,0.025154629629629558
3126,944385.0,0.025244444444444368
3127,944445.0,0.025232407407407332
3128,944505.0,0.02558333333333326
3129,944565.0,0.025784259259259187
3130,944625.0,0.025643518518518447
3131,944685.0,0.025910185185185116
3132,944745.0,0.02601481481481474
3133,944805.0,0.026105555555555486
3134,944865.0,0.026191666666666592
3135,944925.0,0.026251851851851776
3136,944985.0,0.026445370370370296
3137,945045.0,0.026499074074073998
3138,945105.0,0.02601759259259252
3139,945165.0,0.025752777777777704
3140,945225.0,0.025503703703703633
3141,945285.0,0.025297222222222148
3142,945345.0,0.02529166666666659
3143,945405.0,0.025392592592592515
3144,945465.0,0.025854629629629557
3145,945525.0,0.025971296296296218
3146,945585.0,0.02602592592592585
3147,945645.0,0.02595648148148141
3148,945705.0,0.02575092592592585
3149,945765.0,0.02586388888888881
3150,945825.0,0.025825925925925853
3151,945885.0,0.02576296296296289
3152,945945.0,0.02565740740740733
3153,946005.0,0.02565555555555548
3154,946065.0,0.025135185185185108
3155,946125.0,0.024799074074073998
3156,946185.0,0.02478796296296289
3157,946245.0,0.024566666666666598
3158,946305.0,0.02451296296296289
3159,946365.0,0.02468703703703696
3160,946425.0,0.024931481481481402
3161,946485.0,0.024953703703703627
3162,946545.0,0.025048148148148076
3163,946605.0,0.025341666666666592
3164,946665.0,0.025328703703703628
3165,946725.0,0.025347222222222143
3166,946785.0,0.025322222222222145
3167,946845.0,0.02551851851851844
3168,946905.0,0.025707407407407328
3169,946965.0,0.025525925925925848
3170,947025.0,0.02527129629629622
3171,947085.0,0.02524351851851844
3172,947145.0,0.02507222222222214
3173,947205.0,0.024835185185185103
3174,947265.0,0.02485185185185177
3175,947325.0,0.0249027777777777
3176,947385.0,0.02483055555555548
3177,947445.0,0.025397222222222144
3178,947505.0,0.025649999999999926
3179,947565.0,0.02565555555555548
3180,947625.0,0.025748148148148072
3181,947685.0,0.025980555555555482
3182,947745.0,0.026136111111111037
3183,947805.0,0.02588518518518511
3184,947865.0,0.025989814814814736
3185,947925.0,0.026340740740740658
3186,947985.0,0.026622222222222144
3187,948045.0,0.02681666666666659
3188,948105.0,0.02681666666666659
3189,948165.0,0.026793518518518442
3190,948225.0,0.027109259259259184
3191,948285.0,0.027236111111111037
3192,948345.0,0.0274277777777777
3193,948405.0,0.02800185185185177
3194,948465.0,0.028373148148148068
3195,948525.0,0.028508333333333257
3196,948585.0,0.028656481481481408
3197,948645.0,0.028156481481481407
3198,948705.0,0.02818055555555548
3199,948765.0,0.028512962962962886
3200,948825.0,0.02901574074074066
3201,948885.0,0.028976851851851775
3202,948945.0,0.02915925925925918
3203,949005.0,0.029308333333333263
3204,949065.0,0.029465740740740667
3205,949125.0,0.029626851851851783
3206,949185.0,0.02973703703703696
3207,949245.0,0.029948148148148074
3208,949305.0,0.030265740740740663
3209,949365.0,0.030635185185185113
3210,949425.0,0.03103611111111104
3211,949485.0,0.030949999999999925
3212,949545.0,0.03100092592592585
3213,949605.0,0.030932407407407325
3214,949665.0,0.03088425925925918
3215,949725.0,0.031152777777777706
3216,949785.0,0.03136018518518511
3217,949845.0,0.03162962962962956
3218,949905.0,0.03163055555555548
3219,949965.0,0.031723148148148084
3220,950025.0,0.03185092592592585
3221,950088.0,0.031989814814814735
3222,950145.0,0.03213611111111104
3223,950208.0,0.03245370370370363
3224,950265.0,0.03278703703703696
3225,950325.0,0.032748148148148075
3226,950385.0,0.0329777777777777
3227,950445.0,0.03291018518518511
3228,950505.0,0.03320740740740733
3229,950565.0,0.03352222222222215
3230,950625.0,0.033399999999999916
3231,950685.0,0.03329259259259251
3232,950745.0,0.0333314814814814
3233,950805.0,0.033488888888888804
3234,950865.0,0.0336601851851851
3235,950925.0,0.033928703703703614
3236,950985.0,0.03412685185185176
3237,951045.0,0.034145370370370284
3238,951105.0,0.03450555555555547
3239,951165.0,0.03474351851851843
3240,951225.0,0.035094444444444366
3241,951285.0,0.035227777777777684
3242,951345.0,0.03507129629629621
3243,951405.0,0.03507870370370362
3244,951465.0,0.03511203703703696
3245,951528.0,0.03510833333333325
3246,951585.0,0.035193518518518443
3247,951645.0,0.035467592592592516
3248,951705.0,0.035717592592592516
3249,951765.0,0.035716666666666584
3250,951825.0,0.03575740740740733
3251,951885.0,0.035874999999999935
3252,951945.0,0.036088888888888816
3253,952005.0,0.0363277777777777
3254,952065.0,0.03670092592592585
3255,952125.0,0.03686111111111104
3256,952185.0,0.0369166666666666
3257,952245.0,0.03710462962962957
3258,952305.0,0.037130555555555486
3259,952365.0,0.03722407407407402
3260,952425.0,0.03692499999999994
3261,952485.0,0.037009259259259186
3262,952545.0,0.037259259259259186
3263,952605.0,0.037477777777777714
3264,952665.0,0.03760370370370364
3265,952725.0,0.03771574074074068
3266,952785.0,0.03773703703703697
3267,952845.0,0.03775185185185178
3268,952905.0,0.037705555555555485
3269,952965.0,0.0378416666666666
3270,953025.0,0.03801018518518512
3271,953085.0,0.03823611111111105
3272,953145.0,0.03870185185185178
3273,953205.0,0.038924074074074014
3274,953265.0,0.03886944444444438
3275,953325.0,0.03898240740740734
3276,953385.0,0.03870648148148141
3277,953445.0,0.03851851851851845
3278,953505.0,0.038729629629629565
3279,953565.0,0.0387953703703703
3280,953625.0,0.038978703703703634
3281,953685.0,0.038996296296296216
3282,953745.0,0.039039814814814736
3283,953805.0,0.03921574074074067
3284,953865.0,0.03937222222222215
3285,953925.0,0.039473148148148084
3286,953985.0,0.039817592592592516
3287,954045.0,0.03985833333333327
3288,954105.0,0.04015648148148142
3289,954165.0,0.0403842592592592
3290,954225.0,0.04031944444444438
3291,954285.0,0.040149999999999936
3292,954345.0,0.04002962962962957
3293,954408.0,0.03986388888888882
3294,954465.0,0.039979629629629566
3295,954525.0,0.04039351851851845
3296,954585.0,0.040672222222222165
3297,954645.0,0.040672222222222165
3298,954705.0,0.04088981481481475
3299,954768.0,0.04076481481481475
3300,954825.0,0.04112592592592586
3301,954885.0,0.04147962962962957
3302,954945.0,0.041997222222222165
3303,955005.0,0.04195833333333327
3304,955065.0,0.042053703703703635
3305,955125.0,0.041798148148148084
3306,955185.0,0.04182037037037031
3307,955245.0,0.04224444444444438
3308,955305.0,0.042191666666666613
3309,955365.0,0.0422342592592592
3310,955428.0,0.04217962962962957
3311,955485.0,0.041986111111111064
3312,955545.0,0.042040740740740684
3313,955605.0,0.042158333333333284
3314,955665.0,0.042237962962962915
3315,955725.0,0.04256574074074069
3316,955785.0,0.04272499999999995
3317,955848.0,0.04283425925925921
3318,955905.0,0.04300740740740736
3319,955965.0,0.04321851851851848
3320,956025.0,0.04343148148148144
3321,956085.0,0.04362222222222218
3322,956145.0,0.04365370370370366
3323,956205.0,0.04363518518518514
3324,956265.0,0.043251851851851805
3325,956325.0,0.043083333333333286
3326,956385.0,0.04314629629629625
3327,956445.0,0.04346296296296292
3328,956505.0,0.043737962962962916
3329,956565.0,0.04386111111111106
3330,956625.0,0.04393333333333329
3331,956685.0,0.04409259259259255
3332,956745.0,0.044071296296296254
3333,956805.0,0.044420370370370325
3334,956865.0,0.04474259259259255
3335,956925.0,0.04489351851851848
3336,956985.0,0.04500092592592589
3337,957045.0,0.04501111111111107
3338,957105.0,0.045674999999999966
3339,957165.0,0.046021296296296255
3340,957225.0,0.04616296296296292
3341,957285.0,0.04633888888888885
3342,957345.0,0.046481481481481436
3343,957405.0,0.04642499999999995
3344,957465.0,0.04675092592592588
3345,957528.0,0.047138888888888834
3346,957585.0,0.047383333333333284
3347,957645.0,0.04733333333333328
3348,957705.0,0.04728611111111106
3349,957765.0,0.0473731481481481
3350,957825.0,0.0474231481481481
3351,957885.0,0.04789629629629625
3352,957945.0,0.0482518518518518
3353,958005.0,0.04846018518518514
3354,958065.0,0.0487055555555555
3355,958125.0,0.048833333333333284
3356,958185.0,0.049081481481481434
3357,958245.0,0.04880555555555551
3358,958305.0,0.04862870370370365
3359,958365.0,0.048652777777777725
3360,958425.0,0.04864537037037032
3361,958485.0,0.04844351851851847
3362,958545.0,0.04887499999999995
3363,958605.0,0.04899629629629625
3364,958665.0,0.04900370370370365
3365,958725.0,0.04879259259259254
3366,958788.0,0.04856574074074069
3367,958845.0,0.048329629629629584
3368,958905.0,0.048585185185185134
3369,958965.0,0.04869166666666661
3370,959025.0,0.04843333333333328
3371,959085.0,0.04813333333333328
3372,959145.0,0.04804351851851847
3373,959205.0,0.047763888888888835
3374,959265.0,0.04763240740740735
3375,959325.0,0.047862962962962906
3376,959385.0,0.04799629629629624
3377,959445.0,0.048140740740740685
3378,959505.0,0.04795277777777772
3379,959565.0,0.04764166666666661
3380,959625.0,0.047446296296296236
3381,959685.0,0.047616666666666606
3382,959745.0,0.04752962962962957
3383,959805.0,0.04724444444444438
3384,959865.0,0.04740277777777772
3385,959925.0,0.047406481481481424
3386,959985.0,0.04762870370370365
3387,960045.0,0.0478018518518518
3388,960105.0,0.04788796296296291
3389,960165.0,0.04767037037037032
3390,960225.0,0.04755370370370365
3391,960288.0,0.047648148148148085
3392,960345.0,0.047784259259259214
3393,960405.0,0.04786759259259254
3394,960465.0,0.047773148148148085
3395,960525.0,0.0480342592592592
3396,960585.0,0.04781574074074068
3397,960645.0,0.047716666666666616
3398,960705.0,0.04782407407407402
3399,960765.0,0.04803518518518513
3400,960825.0,0.04825462962962958
3401,960885.0,0.048282407407407364
3402,960945.0,0.04816388888888884
3403,961005.0,0.04773425925925921
3404,961065.0,0.04739259259259255
3405,961125.0,0.04754907407407403
3406,961185.0,0.047931481481481436
3407,961245.0,0.04831388888888885
3408,961305.0,0.048205555555555515
3409,961365.0,0.048012037037036985
3410,961425.0,0.047931481481481436
3411,961485.0,0.04804722222222218
3412,961545.0,0.04827962962962959
3413,961605.0,0.0482407407407407
3414,961665.0,0.04802962962962959
3415,961725.0,0.04791759259259255
3416,961785.0,0.04845370370370367
3417,961845.0,0.048771296296296264
3418,961905.0,0.04879351851851848
3419,961965.0,0.04880740740740737
3420,962025.0,0.04864999999999997
3421,962085.0,0.04875370370370367
3422,962145.0,0.0488157407407407
3423,962205.0,0.04901203703703701
3424,962265.0,0.04901018518518515
3425,962325.0,0.04872685185185181
3426,962385.0,0.04847222222222218
3427,962445.0,0.048589814814814766
3428,962505.0,0.04873425925925922
3429,962565.0,0.0490546296296296
3430,962625.0,0.04941481481481478
3431,962685.0,0.04954259259259256
3432,962745.0,0.04949814814814811
3433,962805.0,0.04921481481481478
3434,962865.0,0.0487833333333333
3435,962925.0,0.04859814814814811
3436,962985.0,0.048495370370370335
3437,963045.0,0.048537037037037004
3438,963105.0,0.04872314814814811
3439,963165.0,0.048648148148148114
3440,963225.0,0.048523148148148114
3441,963285.0,0.04841296296296293
3442,963345.0,0.048543518518518486
3443,963405.0,0.048675925925925886
3444,963465.0,0.04868981481481478
3445,963525.0,0.04859814814814812
3446,963585.0,0.0484509259259259
3447,963645.0,0.04831481481481479
3448,963705.0,0.04831574074074072
3449,963765.0,0.04866388888888886
3450,963825.0,0.0488546296296296
3451,963885.0,0.048873148148148124
3452,963945.0,0.04861944444444442
3453,964005.0,0.048608333333333316
3454,964065.0,0.04875555555555553
3455,964125.0,0.04893240740740738
3456,964185.0,0.04915740740740738
3457,964245.0,0.04922407407407405
3458,964305.0,0.04905740740740738
3459,964365.0,0.04896111111111109
3460,964425.0,0.04905277777777775
3461,964485.0,0.04966296296296294
3462,964545.0,0.049935185185185166
3463,964605.0,0.0498259259259259
3464,964665.0,0.04969166666666664
3465,964728.0,0.04975740740740738
3466,964785.0,0.04977685185185183
3467,964845.0,0.05003055555555553
3468,964905.0,0.049808333333333316
3469,964965.0,0.04952870370370368
3470,965025.0,0.049559259259259233
3471,965085.0,0.049422222222222194
3472,965145.0,0.04991666666666664
3473,965205.0,0.05028611111111108
3474,965265.0,0.05023518518518515
3475,965325.0,0.04997037037037034
3476,965385.0,0.04982777777777775
3477,965445.0,0.04989444444444442
3478,965505.0,0.04991296296296294
3479,965565.0,0.05009444444444442
3480,965625.0,0.04981111111111109
3481,965685.0,0.0494185185185185
3482,965745.0,0.04896111111111109
3483,965805.0,0.04942962962962962
3484,965865.0,0.04964999999999999
3485,965925.0,0.05005555555555554
3486,965985.0,0.050398148148148136
3487,966045.0,0.05019074074074073
3488,966105.0,0.050021296296296286
3489,966165.0,0.04986388888888888
3490,966225.0,0.04995925925925925
3491,966285.0,0.05000092592592592
3492,966345.0,0.04994722222222222
3493,966405.0,0.05003518518518518
3494,966465.0,0.05013981481481481
3495,966525.0,0.050059259259259255
3496,966585.0,0.050106481481481474
3497,966645.0,0.05031388888888888
3498,966705.0,0.050535185185185176
3499,966765.0,0.0506398148148148
3500,966825.0,0.05069629629629629
3501,966885.0,0.05061944444444444
3502,966945.0,0.05081944444444444
3503,967005.0,0.05109259259259258
3504,967065.0,0.051104629629629625
3505,967125.0,0.05113055555555555
3506,967185.0,0.05100833333333333
3507,967245.0,0.050802777777777766
3508,967305.0,0.05060648148148148
3509,967365.0,0.05036759259259259
3510,967425.0,0.050923148148148134
3511,967485.0,0.05101759259259259
3512,967545.0,0.05111944444444444
3513,967605.0,0.05096018518518518
3514,967665.0,0.05102037037037036
3515,967725.0,0.05118518518518517
3516,967785.0,0.051423148148148135
3517,967845.0,0.051684259259259235
3518,967905.0,0.05102962962962961
3519,967965.0,0.050740740740740725
3520,968025.0,0.05058518518518517
3521,968085.0,0.05087592592592592
3522,968145.0,0.05096296296296295
3523,968205.0,0.050925925925925916
3524,968265.0,0.05076203703703703
3525,968325.0,0.05059166666666666
3526,968385.0,0.05070925925925925
3527,968445.0,0.050860185185185175
3528,968505.0,0.05104722222222221
3529,968565.0,0.05114074074074073
3530,968625.0,0.05106574074074073
3531,968685.0,0.050664814814814815
3532,968745.0,0.05039907407407407
3533,968805.0,0.050396296296296286
3534,968865.0,0.05046296296296296
3535,968925.0,0.05048981481481482
3536,968985.0,0.050383333333333336
3537,969045.0,0.05010833333333334
3538,969105.0,0.05023518518518519
3539,969165.0,0.050375
3540,969225.0,0.05061481481481482
3541,969285.0,0.05088981481481482
3542,969345.0,0.05043425925925926
3543,969405.0,0.05028611111111112
3544,969465.0,0.05019907407407408
3545,969525.0,0.05033425925925926
3546,969585.0,0.05053981481481482
3547,969645.0,0.05079814814814815
3548,969705.0,0.05078148148148148
3549,969765.0,0.05080277777777778
3550,969825.0,0.0509425925925926
3551,969885.0,0.051251851851851854
3552,969945.0,0.05127685185185185
3553,970005.0,0.05126574074074074
3554,970065.0,0.05117962962962962
3555,970125.0,0.05095925925925925
3556,970185.0,0.0509611111111111
3557,970245.0,0.0511111111111111
3558,970305.0,0.05135277777777777
3559,970365.0,0.0514861111111111
3560,970425.0,0.05139814814814814
3561,970485.0,0.05127129629629629
3562,970545.0,0.05163703703703703
3563,970608.0,0.052075
3564,970665.0,0.052056481481481474
3565,970725.0,0.05223425925925925
3566,970785.0,0.052160185185185184
3567,970845.0,0.0520074074074074
3568,970905.0,0.051841666666666654
3569,970965.0,0.052037037037037034
3570,971025.0,0.052139814814814806
3571,971085.0,0.052403703703703695
3572,971145.0,0.05246574074074073
3573,971205.0,0.05242499999999999
3574,971265.0,0.052588888888888866
3575,971325.0,0.05215462962962961
3576,971385.0,0.051877777777777766
3577,971445.0,0.05173888888888887
3578,971505.0,0.05152592592592591
3579,971565.0,0.05165648148148146
3580,971625.0,0.05150555555555554
3581,971685.0,0.05168333333333331
3582,971745.0,0.05197037037037035
3583,971805.0,0.05223055555555553
3584,971865.0,0.05236574074074071
3585,971925.0,0.05232499999999997
3586,971985.0,0.05198518518518516
3587,972045.0,0.05188703703703701
3588,972105.0,0.05209166666666664
3589,972165.0,0.052384259259259235
3590,972225.0,0.05247685185185183
3591,972285.0,0.0522472222222222
3592,972345.0,0.05209999999999998
3593,972405.0,0.051936111111111086
3594,972465.0,0.05233333333333332
3595,972525.0,0.05243240740740738
3596,972585.0,0.05191018518518516
3597,972645.0,0.05164166666666665
3598,972705.0,0.051536111111111095
3599,972765.0,0.05148703703703702
3600,972825.0,0.05161388888888887
3601,972885.0,0.051728703703703686
3602,972945.0,0.051817592592592575
3603,973005.0,0.05172037037037035
3604,973065.0,0.051561111111111085
3605,973125.0,0.05158796296296295
3606,973185.0,0.05172592592592591
3607,973245.0,0.051490740740740726
3608,973305.0,0.051370370370370365
3609,973365.0,0.051167592592592584
3610,973425.0,0.050861111111111086
3611,973485.0,0.05050740740740739
3612,973545.0,0.05052592592592591
3613,973605.0,0.050685185185185166
3614,973665.0,0.05073796296296295
3615,973725.0,0.050799999999999984
3616,973785.0,0.05084537037037035
3617,973845.0,0.050805555555555534
3618,973905.0,0.05087314814814813
3619,973965.0,0.0510435185185185
3620,974025.0,0.05107499999999998
3621,974085.0,0.05093703703703702
3622,974145.0,0.050737962962962936
3623,974205.0,0.05051666666666665
3624,974265.0,0.05041666666666664
3625,974325.0,0.050442592592592574
3626,974385.0,0.0505185185185185
3627,974445.0,0.050548148148148134
3628,974505.0,0.05056944444444442
3629,974565.0,0.050112962962962936
3630,974625.0,0.04988425925925924
3631,974685.0,0.04979074074074072
3632,974745.0,0.049598148148148134
3633,974805.0,0.04940648148148146
3634,974865.0,0.049117592592592574
3635,974925.0,0.04894074074074072
3636,974985.0,0.04878888888888887
3637,975045.0,0.04867407407407405
3638,975105.0,0.04862777777777776
3639,975165.0,0.048604629629629616
3640,975225.0,0.04850648148148146
3641,975285.0,0.04787592592592591
3642,975345.0,0.04761666666666665
3643,975405.0,0.04762499999999998
3644,975465.0,0.04753888888888887
3645,975525.0,0.047421296296296274
3646,975585.0,0.04711944444444442
3647,975645.0,0.04694907407407405
3648,975705.0,0.046915740740740716
3649,975765.0,0.04705555555555553
3650,975825.0,0.04706388888888886
3651,975885.0,0.04707499999999998
3652,975945.0,0.0465148148148148
3653,976005.0,0.04618425925925924
3654,976065.0,0.04595648148148146
3655,976125.0,0.045836111111111084
3656,976185.0,0.04575648148148146
3657,976245.0,0.045637962962962936
3658,976305.0,0.04531574074074072
3659,976365.0,0.0449972222222222
3660,976425.0,0.044892592592592574
3661,976485.0,0.044757407407407385
3662,976545.0,0.04466759259259258
3663,976605.0,0.04411203703703703
3664,976665.0,0.04361944444444443
3665,976725.0,0.04312870370370369
3666,976785.0,0.042674074074074066
3667,976845.0,0.04243796296296295
3668,976905.0,0.04221018518518517
3669,976965.0,0.04212314814814813
3670,977025.0,0.041942592592592566
3671,977085.0,0.041925925925925915
3672,977145.0,0.041912962962962944
3673,977205.0,0.04170555555555554
3674,977265.0,0.041530555555555536
3675,977325.0,0.04131296296296294
3676,977385.0,0.04104537037037035
3677,977445.0,0.040780555555555535
3678,977505.0,0.0404898148148148
3679,977565.0,0.0403185185185185
3680,977625.0,0.04018888888888887
3681,977685.0,0.04000185185185184
3682,977745.0,0.03975833333333332
3683,977805.0,0.03942870370370369
3684,977865.0,0.039336111111111086
3685,977925.0,0.03927685185185184
3686,977985.0,0.03908888888888887
3687,978045.0,0.03890555555555554
3688,978105.0,0.038826851851851835
3689,978165.0,0.038834259259259235
3690,978225.0,0.0382259259259259
3691,978285.0,0.03794259259259257
3692,978345.0,0.03779999999999998
3693,978405.0,0.03761018518518516
3694,978465.0,0.03722777777777776
3695,978525.0,0.03697777777777776
3696,978588.0,0.03660555555555553
3697,978645.0,0.03633425925925923
3698,978705.0,0.03631388888888886
3699,978765.0,0.036098148148148115
3700,978825.0,0.035891666666666634
3701,978885.0,0.03532777777777775
3702,978945.0,0.0350046296296296
3703,979005.0,0.034757407407407376
3704,979065.0,0.03457685185185182
3705,979125.0,0.03441481481481478
3706,979185.0,0.034137962962962926
3707,979245.0,0.033858333333333296
3708,979305.0,0.033568518518518484
3709,979365.0,0.0332407407407407
3710,979425.0,0.033092592592592555
3711,979485.0,0.032999074074074035
3712,979545.0,0.032832407407407366
3713,979605.0,0.03264537037037033
3714,979665.0,0.0323907407407407
3715,979725.0,0.032271296296296256
3716,979785.0,0.03218055555555552
3717,979845.0,0.03224999999999996
3718,979905.0,0.03204537037037033
3719,979965.0,0.03182777777777773
3720,980025.0,0.03159259259259255
3721,980085.0,0.03132777777777773
3722,980145.0,0.031218518518518475
3723,980205.0,0.031022222222222173
3724,980265.0,0.030809259259259213
3725,980325.0,0.030531481481481437
3726,980385.0,0.03017962962962958
3727,980445.0,0.029916666666666626
3728,980505.0,0.029741666666666618
3729,980565.0,0.02958796296296292
3730,980625.0,0.029399999999999957
3731,980685.0,0.029123148148148106
3732,980745.0,0.028795370370370325
3733,980805.0,0.028485185185185138
3734,980865.0,0.028315740740740693
3735,980925.0,0.028263888888888845
3736,980985.0,0.02798333333333329
3737,981045.0,0.02765648148148144
3738,981105.0,0.027307407407407364
3739,981165.0,0.02711296296296292
3740,981225.0,0.02700833333333329
3741,981285.0,0.026921296296296245
3742,981345.0,0.02652037037037033
3743,981405.0,0.02622777777777773
3744,981465.0,0.02588703703703699
3745,981525.0,0.025567592592592545
3746,981585.0,0.025326851851851802
3747,981645.0,0.025093518518518473
3748,981705.0,0.024773148148148103
3749,981765.0,0.02442777777777773
3750,981825.0,0.024218518518518476
3751,981885.0,0.02401203703703699
3752,981945.0,0.023888888888888845
3753,982005.0,0.02381759259259255
3754,982065.0,0.023648148148148102
3755,982125.0,0.023538888888888845
3756,982185.0,0.023646296296296245
3757,982245.0,0.02372037037037033
3758,982305.0,0.023761111111111063
3759,982365.0,0.023354629629629583
3760,982425.0,0.02326018518518514
3761,982485.0,0.022962962962962918
3762,982545.0,0.02269999999999996
3763,982605.0,0.02240648148148144
3764,982665.0,0.02218703703703699
3765,982725.0,0.022081481481481438
3766,982785.0,0.021867592592592543
3767,982845.0,0.021738888888888842
3768,982905.0,0.021483333333333292
3769,982965.0,0.021165740740740697
3770,983025.0,0.021029629629629586
3771,983085.0,0.021063888888888844
3772,983145.0,0.021004629629629585
3773,983205.0,0.021038888888888843
3774,983265.0,0.020608333333333288
3775,983325.0,0.02056111111111106
3776,983385.0,0.02058425925925921
3777,983445.0,0.020674074074074025
3778,983505.0,0.020587037037036987
3779,983565.0,0.02047592592592588
3780,983625.0,0.020328703703703654
3781,983685.0,0.0201231481481481
3782,983745.0,0.020096296296296248
3783,983805.0,0.01999351851851847
3784,983865.0,0.019987037037036987
3785,983925.0,0.01993981481481476
3786,983985.0,0.019823148148148097
3787,984045.0,0.019679629629629575
3788,984108.0,0.01953148148148143
3789,984165.0,0.01960462962962958
3790,984225.0,0.01969999999999995
3791,984285.0,0.01987499999999995
3792,984345.0,0.019762037037036988
3793,984405.0,0.01959999999999995
3794,984465.0,0.01951574074074069
3795,984525.0,0.019471296296296247
3796,984585.0,0.01950925925925921
3797,984645.0,0.019445370370370318
3798,984705.0,0.01930925925925921
3799,984765.0,0.01922499999999995
3800,984825.0,0.019183333333333285
3801,984885.0,0.019232407407407358
3802,984945.0,0.019278703703703656
3803,985005.0,0.019320370370370318
3804,985065.0,0.019402777777777727
3805,985128.0,0.019489814814814762
3806,985185.0,0.019537962962962917
3807,985245.0,0.019652777777777727
3808,985305.0,0.01953611111111106
3809,985365.0,0.019577777777777725
3810,985425.0,0.019554629629629575
3811,985485.0,0.019607407407407355
3812,985545.0,0.019699999999999947
3813,985605.0,0.019777777777777724
3814,985665.0,0.019881481481481427
3815,985725.0,0.01992962962962957
3816,985785.0,0.019964814814814758
3817,985845.0,0.020002777777777724
3818,985905.0,0.019979629629629576
3819,985965.0,0.02002037037037032
3820,986025.0,0.020044444444444396
3821,986088.0,0.020053703703703653
3822,986145.0,0.01997499999999995
3823,986205.0,0.019788888888888842
3824,986265.0,0.01980925925925921
3825,986325.0,0.019835185185185136
3826,986385.0,0.01985092592592588
3827,986445.0,0.0197944444444444
3828,986505.0,0.0197731481481481
3829,986565.0,0.0197268518518518
3830,986625.0,0.019705555555555504
3831,986685.0,0.019662037037036985
3832,986745.0,0.01967499999999995
3833,986805.0,0.01969999999999995
3834,986865.0,0.019704629629629582
3835,986925.0,0.01975462962962958
3836,986985.0,0.019706481481481432
3837,987045.0,0.019681481481481432
3838,987105.0,0.019755555555555502
3839,987165.0,0.01987870370370365
3840,987225.0,0.019957407407407358
3841,987285.0,0.02017870370370365
3842,987345.0,0.020374999999999945
3843,987405.0,0.020481481481481427
3844,987465.0,0.02060925925925921
3845,987525.0,0.020749074074074017
3846,987585.0,0.02083518518518513
3847,987645.0,0.02079351851851846
3848,987705.0,0.020861111111111056
3849,987765.0,0.020866666666666613
3850,987825.0,0.02106388888888884
3851,987885.0,0.021071296296296244
3852,987945.0,0.021091666666666616
3853,988005.0,0.021049074074074026
3854,988065.0,0.020924074074074026
3855,988128.0,0.020837037037036984
3856,988185.0,0.020806481481481433
3857,988245.0,0.02084259259259254
3858,988305.0,0.02083148148148143
3859,988365.0,0.020812037037036987
3860,988425.0,0.020751851851851803
3861,988485.0,0.020855555555555502
3862,988545.0,0.0209518518518518
3863,988605.0,0.02100740740740736
3864,988665.0,0.02110740740740736
3865,988725.0,0.021146296296296246
3866,988785.0,0.021260185185185132
3867,988845.0,0.021303703703703655
3868,988905.0,0.02131666666666662
3869,988965.0,0.021349074074074027
3870,989025.0,0.021424074074074026
3871,989085.0,0.02154351851851847
3872,989145.0,0.021633333333333282
3873,989205.0,0.021771296296296243
3874,989265.0,0.021896296296296244
3875,989325.0,0.02203518518518513
3876,989385.0,0.022204629629629574
3877,989445.0,0.022345370370370318
3878,989505.0,0.022439814814814763
3879,989565.0,0.02253611111111106
3880,989625.0,0.02258240740740736
3881,989685.0,0.022605555555555504
3882,989745.0,0.022632407407407355
3883,989805.0,0.02274351851851846
3884,989865.0,0.022811111111111056
3885,989925.0,0.022832407407407357
3886,989985.0,0.022870370370370315
3887,990045.0,0.022887037037036984
3888,990105.0,0.022864814814814758
3889,990165.0,0.022983333333333283
3890,990225.0,0.0230805555555555
3891,990285.0,0.02312129629629624
3892,990345.0,0.02322314814814809
3893,990405.0,0.023302777777777724
3894,990465.0,0.023327777777777725
3895,990525.0,0.023355555555555504
3896,990585.0,0.02330648148148143
3897,990645.0,0.023241666666666612
3898,990705.0,0.023268518518518463
3899,990765.0,0.023357407407407355
3900,990825.0,0.023458333333333282
3901,990885.0,0.02356296296296291
3902,990945.0,0.0236555555555555
3903,991005.0,0.023761111111111056
3904,991065.0,0.023874999999999945
3905,991125.0,0.02407222222222217
3906,991185.0,0.024299999999999947
3907,991245.0,0.024474999999999948
3908,991305.0,0.02461851851851847
3909,991365.0,0.0247055555555555
3910,991425.0,0.02478611111111106
3911,991485.0,0.02488611111111106
3912,991545.0,0.024962962962962916
3913,991605.0,0.02502499999999995
3914,991665.0,0.025073148148148098
3915,991725.0,0.024995370370370317
3916,991785.0,0.025027777777777732
3917,991845.0,0.025103703703703656
3918,991905.0,0.025230555555555503
3919,991965.0,0.025352777777777728
3920,992025.0,0.02543240740740736
3921,992085.0,0.0255555555555555
3922,992145.0,0.025620370370370318
3923,992205.0,0.025674074074074026
3924,992265.0,0.025735185185185142
3925,992325.0,0.02583240740740736
3926,992385.0,0.025958333333333285
3927,992445.0,0.026067592592592545
3928,992508.0,0.02624074074074069
3929,992565.0,0.026228703703703657
3930,992625.0,0.02623148148148144
3931,992685.0,0.026215740740740696
3932,992745.0,0.026198148148148102
3933,992805.0,0.026247222222222172
3934,992865.0,0.026253703703703658
3935,992925.0,0.02617129629629625
3936,992985.0,0.02615277777777773
3937,993045.0,0.026150925925925883
3938,993105.0,0.026178703703703662
3939,993165.0,0.02624259259259255
3940,993225.0,0.026303703703703663
3941,993285.0,0.026321296296296256
3942,993345.0,0.02635462962962959
3943,993405.0,0.026446296296296256
3944,993465.0,0.026527777777777737
3945,993525.0,0.026644444444444405
3946,993585.0,0.02668055555555552
3947,993645.0,0.026697222222222185
3948,993708.0,0.02669537037037033
3949,993765.0,0.026710185185185142
3950,993825.0,0.026722222222222185
3951,993885.0,0.026712037037037
3952,993945.0,0.02670185185185181
3953,994005.0,0.02677037037037033
3954,994065.0,0.02685092592592589
3955,994125.0,0.026749999999999958
3956,994185.0,0.02658888888888885
3957,994245.0,0.0263907407407407
3958,994305.0,0.02629999999999996
3959,994365.0,0.026127777777777736
3960,994425.0,0.026024999999999958
3961,994485.0,0.02589259259259255
3962,994545.0,0.02582407407407403
3963,994605.0,0.02587777777777774
3964,994665.0,0.02587870370370366
3965,994725.0,0.02588055555555551
3966,994785.0,0.025792592592592548
3967,994845.0,0.025709259259259213
3968,994905.0,0.02560740740740736
3969,994965.0,0.02544351851851847
3970,995025.0,0.025337037037036988
3971,995085.0,0.025173148148148097
3972,995145.0,0.025062037037036987
3973,995205.0,0.02497499999999995
3974,995265.0,0.02488611111111106
3975,995325.0,0.02478240740740736
3976,995385.0,0.024643518518518467
3977,995445.0,0.024521296296296246
3978,995505.0,0.02440925925925921
3979,995565.0,0.024249074074074024
3980,995625.0,0.024146296296296246
3981,995685.0,0.024037037037036985
3982,995745.0,0.023903703703703653
3983,995805.0,0.02384074074074069
3984,995865.0,0.023712037037036983
3985,995925.0,0.023578703703703654
3986,995985.0,0.023420370370370317
3987,996045.0,0.02329074074074069
3988,996105.0,0.023333333333333286
3989,996165.0,0.02336388888888884
3990,996225.0,0.023385185185185137
3991,996285.0,0.023270370370370327
3992,996345.0,0.02312499999999995
3993,996405.0,0.0229194444444444
3994,996465.0,0.022761111111111062
3995,996525.0,0.022710185185185132
3996,996585.0,0.022693518518518467
3997,996645.0,0.022737962962962908
3998,996705.0,0.022790740740740688
3999,996765.0,0.02276944444444439
4000,996825.0,0.02274907407407402
4001,996885.0,0.022717592592592536
4002,996945.0,0.022781481481481423
4003,997005.0,0.022837962962962904
4004,997065.0,0.022794444444444385
4005,997125.0,0.0227592592592592
4006,997185.0,0.022766666666666602
4007,997245.0,0.022774074074074013
4008,997305.0,0.022741666666666605
4009,997365.0,0.02269999999999994
4010,997425.0,0.02271666666666661
4011,997485.0,0.022743518518518455
4012,997545.0,0.022758333333333276
4013,997605.0,0.02294814814814809
4014,997665.0,0.023090740740740686
4015,997725.0,0.023200925925925868
4016,997785.0,0.023361111111111055
4017,997845.0,0.023515740740740684
4018,997905.0,0.023659259259259203
4019,997965.0,0.0237592592592592
4020,998025.0,0.023924074074074014
4021,998085.0,0.023937037037036986
4022,998145.0,0.02393888888888884
4023,998205.0,0.023881481481481427
4024,998268.0,0.023797222222222168
4025,998325.0,0.02378981481481476
4026,998385.0,0.02370370370370365
4027,998445.0,0.02386944444444439
4028,998505.0,0.0240018518518518
4029,998565.0,0.024157407407407357
4030,998625.0,0.02407777777777772
4031,998685.0,0.02413518518518513
4032,998745.0,0.024168518518518464
4033,998805.0,0.02420370370370365
4034,998865.0,0.024305555555555504
4035,998925.0,0.02432962962962958
4036,998985.0,0.02431851851851847
4037,999045.0,0.024173148148148096
4038,999105.0,0.02409259259259254
4039,999165.0,0.02400925925925921
4040,999225.0,0.023915740740740692
4041,999285.0,0.0238768518518518
4042,999345.0,0.023799999999999943
4043,999405.0,0.023738888888888837
4044,999465.0,0.023595370370370315
4045,999525.0,0.02362037037037032
4046,999585.0,0.023583333333333283
4047,999645.0,0.023584259259259204
4048,999705.0,0.023615740740740687
4049,999765.0,0.023618518518518462
4050,999825.0,0.023585185185185133
4051,999885.0,0.023652777777777724
4052,999945.0,0.023668518518518464
4053,1000005.0,0.023581481481481426
4054,1000065.0,0.023484259259259205
4055,1000125.0,0.023318518518518464
4056,1000185.0,0.02315092592592587
4057,1000245.0,0.02306481481481476
4058,1000305.0,0.022943518518518464
4059,1000365.0,0.02289444444444439
4060,1000425.0,0.022930555555555503
4061,1000485.0,0.02310370370370365
4062,1000545.0,0.0232305555555555
4063,1000605.0,0.02328518518518513
4064,1000665.0,0.023350925925925872
4065,1000725.0,0.02336296296296291
4066,1000785.0,0.02336666666666661
4067,1000845.0,0.023504629629629573
4068,1000905.0,0.02382592592592587
4069,1000965.0,0.023951851851851797
4070,1001025.0,0.024062037037036983
4071,1001085.0,0.02417314814814809
4072,1001145.0,0.024306481481481425
4073,1001205.0,0.0244092592592592
4074,1001265.0,0.024652777777777718
4075,1001325.0,0.02489166666666661
4076,1001385.0,0.025199074074074016
4077,1001445.0,0.025250925925925868
4078,1001505.0,0.02524814814814809
4079,1001565.0,0.0253342592592592
4080,1001625.0,0.02545185185185179
4081,1001685.0,0.025732407407407343
4082,1001745.0,0.02587129629629624
4083,1001805.0,0.0259342592592592
4084,1001865.0,0.025921296296296237
4085,1001925.0,0.0260342592592592
4086,1001985.0,0.02619166666666661
4087,1002045.0,0.026305555555555492
4088,1002105.0,0.026430555555555492
4089,1002165.0,0.02652685185185179
4090,1002225.0,0.02659259259259253
4091,1002285.0,0.02664537037037031
4092,1002345.0,0.026875925925925862
4093,1002405.0,0.02711388888888883
4094,1002465.0,0.027315740740740682
4095,1002525.0,0.027503703703703645
4096,1002585.0,0.027526851851851792
4097,1002645.0,0.027649074074074013
4098,1002705.0,0.02772129629629624
4099,1002765.0,0.02784259259259253
4100,1002825.0,0.0279842592592592
4101,1002885.0,0.028014814814814756
4102,1002945.0,0.028065740740740683
4103,1003005.0,0.0281629629629629
4104,1003065.0,0.02831481481481475
4105,1003125.0,0.028438888888888826
4106,1003185.0,0.02859259259259253
4107,1003245.0,0.02860648148148142
4108,1003305.0,0.028574074074074005
4109,1003365.0,0.028612962962962906
4110,1003425.0,0.028705555555555495
4111,1003485.0,0.02887499999999994
4112,1003545.0,0.02904444444444438
4113,1003605.0,0.029066666666666605
4114,1003665.0,0.029148148148148086
4115,1003725.0,0.029297222222222162
4116,1003785.0,0.02961111111111105
4117,1003845.0,0.0298342592592592
4118,1003905.0,0.030031481481481426
4119,1003965.0,0.030018518518518462
4120,1004025.0,0.030095370370370314
4121,1004085.0,0.030355555555555493
4122,1004145.0,0.030555555555555492
4123,1004205.0,0.03079999999999994
4124,1004265.0,0.031038888888888824
4125,1004325.0,0.031132407407407345
4126,1004385.0,0.031103703703703637
4127,1004445.0,0.030995370370370312
4128,1004505.0,0.031137037037036974
4129,1004565.0,0.03124074074074068
4130,1004625.0,0.03125833333333327
4131,1004685.0,0.031226851851851787
4132,1004745.0,0.031181481481481418
4133,1004805.0,0.031259259259259195
4134,1004865.0,0.03133333333333327
4135,1004925.0,0.03152407407407401
4136,1004985.0,0.031722222222222166
4137,1005048.0,0.03185833333333326
4138,1005105.0,0.031905555555555486
4139,1005165.0,0.032117592592592524
4140,1005225.0,0.03227499999999993
4141,1005285.0,0.032554629629629565
4142,1005345.0,0.0327666666666666
4143,1005405.0,0.03303240740740734
4144,1005465.0,0.03321111111111104
4145,1005525.0,0.033244444444444375
4146,1005585.0,0.03334444444444438
4147,1005645.0,0.033553703703703634
4148,1005705.0,0.033875925925925865
4149,1005765.0,0.034171296296296234
4150,1005825.0,0.034294444444444384
4151,1005885.0,0.03446388888888882
4152,1005945.0,0.03452962962962956
4153,1006005.0,0.034724999999999936
4154,1006065.0,0.03538981481481475
4155,1006125.0,0.035904629629629564
4156,1006185.0,0.03630648148148142
4157,1006245.0,0.03662777777777772
4158,1006308.0,0.0368629629629629
4159,1006365.0,0.03722777777777772
4160,1006425.0,0.03754629629629624
4161,1006485.0,0.037843518518518464
4162,1006545.0,0.03788981481481475
4163,1006605.0,0.03792777777777771
4164,1006665.0,0.0380092592592592
4165,1006725.0,0.0381666666666666
4166,1006785.0,0.03876574074074067
4167,1006845.0,0.039179629629629564
4168,1006905.0,0.039371296296296224
4169,1006965.0,0.0394203703703703
4170,1007025.0,0.03942314814814808
4171,1007085.0,0.03938611111111104
4172,1007145.0,0.03943981481481474
4173,1007205.0,0.03968796296296289
4174,1007265.0,0.03978333333333326
4175,1007325.0,0.03964074074074067
4176,1007385.0,0.0395666666666666
4177,1007445.0,0.0394703703703703
4178,1007505.0,0.03983333333333326
4179,1007565.0,0.040089814814814745
4180,1007625.0,0.040111111111111035
4181,1007685.0,0.04015648148148141
4182,1007745.0,0.04026296296296289
4183,1007805.0,0.04047222222222215
4184,1007865.0,0.040749999999999925
4185,1007925.0,0.040952777777777706
4186,1007985.0,0.04086759259259252
4187,1008045.0,0.040934259259259184
4188,1008105.0,0.04142314814814807
4189,1008165.0,0.041703703703703625
4190,1008225.0,0.04197314814814807
4191,1008285.0,0.042259259259259184
4192,1008345.0,0.04244259259259252
4193,1008405.0,0.042210185185185115
4194,1008465.0,0.042033333333333256
4195,1008525.0,0.0419527777777777
4196,1008585.0,0.04186388888888881
4197,1008645.0,0.04184814814814807
4198,1008705.0,0.042149074074074
4199,1008765.0,0.04233796296296289
4200,1008825.0,0.04243333333333326
4201,1008885.0,0.042623148148148084
4202,1008945.0,0.042908333333333264
4203,1009005.0,0.04333611111111104
4204,1009065.0,0.04369814814814808
4205,1009125.0,0.04360833333333326
4206,1009185.0,0.04394814814814808
4207,1009245.0,0.044227777777777706
4208,1009305.0,0.04453611111111104
4209,1009365.0,0.044707407407407335
4210,1009425.0,0.044910185185185116
4211,1009485.0,0.045011111111111037
4212,1009545.0,0.04517870370370364
4213,1009605.0,0.045350925925925864
4214,1009665.0,0.045646296296296233
4215,1009725.0,0.04598981481481475
4216,1009785.0,0.04621203703703697
4217,1009845.0,0.04637129629629623
4218,1009905.0,0.04647314814814808
4219,1009965.0,0.04667962962962957
4220,1010025.0,0.04694629629629623
4221,1010085.0,0.04720833333333327
4222,1010145.0,0.04751111111111105
4223,1010205.0,0.0476879629629629
4224,1010265.0,0.04778981481481475
4225,1010325.0,0.04780462962962957
4226,1010385.0,0.047917592592592526
4227,1010445.0,0.04815277777777771
4228,1010505.0,0.048282407407407336
4229,1010565.0,0.048516666666666604
4230,1010625.0,0.04863888888888883
4231,1010685.0,0.0487092592592592
4232,1010745.0,0.04895462962962957
4233,1010805.0,0.04890370370370365
4234,1010865.0,0.049026851851851794
4235,1010925.0,0.0493055555555555
4236,1010985.0,0.04974351851851847
4237,1011045.0,0.05009907407407402
4238,1011105.0,0.05057129629629624
4239,1011165.0,0.05102592592592587
4240,1011225.0,0.05094074074074068
4241,1011285.0,0.05079444444444439
4242,1011345.0,0.050762962962962906
4243,1011405.0,0.05065740740740735
4244,1011465.0,0.05060370370370365
4245,1011525.0,0.05052870370370365
4246,1011585.0,0.0504018518518518
4247,1011645.0,0.050300925925925874
4248,1011705.0,0.0499518518518518
4249,1011765.0,0.04977962962962958
4250,1011825.0,0.05009166666666662
4251,1011885.0,0.050088888888888836
4252,1011945.0,0.0499518518518518
4253,1012005.0,0.04977962962962958
4254,1012065.0,0.049508333333333286
4255,1012125.0,0.0491444444444444
4256,1012185.0,0.04878425925925922
4257,1012245.0,0.04866388888888885
4258,1012305.0,0.0485157407407407
4259,1012365.0,0.048381481481481435
4260,1012425.0,0.04811759259259255
4261,1012485.0,0.04772592592592589
4262,1012545.0,0.04791111111111107
4263,1012605.0,0.0479657407407407
4264,1012665.0,0.04781759259259255
4265,1012725.0,0.047499074074074034
4266,1012785.0,0.04729259259259255
4267,1012845.0,0.04697499999999996
4268,1012905.0,0.04670555555555552
4269,1012968.0,0.04647685185185181
4270,1013025.0,0.046287037037037
4271,1013085.0,0.04610185185185181
4272,1013145.0,0.045810185185185134
4273,1013205.0,0.04552037037037033
4274,1013265.0,0.04520277777777774
4275,1013325.0,0.04497222222222218
4276,1013385.0,0.0451157407407407
4277,1013445.0,0.0450907407407407
4278,1013505.0,0.045119444444444406
4279,1013565.0,0.04506759259259256
4280,1013625.0,0.044809259259259215
4281,1013685.0,0.044635185185185146
4282,1013745.0,0.04446388888888885
4283,1013805.0,0.04425648148148145
4284,1013865.0,0.04393796296296293
4285,1013925.0,0.0436333333333333
4286,1013985.0,0.04334814814814812
4287,1014045.0,0.043215740740740714
4288,1014105.0,0.04309166666666663
4289,1014165.0,0.04353518518518515
4290,1014225.0,0.04356111111111108
4291,1014285.0,0.04343055555555552
4292,1014345.0,0.043469444444444415
4293,1014405.0,0.04335555555555552
4294,1014465.0,0.04329814814814811
4295,1014528.0,0.04311018518518515
4296,1014585.0,0.04288240740740737
4297,1014645.0,0.0427157407407407
4298,1014705.0,0.04254999999999996
4299,1014765.0,0.04241759259259255
4300,1014825.0,0.042190740740740695
4301,1014885.0,0.04189351851851848
4302,1014945.0,0.04193888888888885
4303,1015005.0,0.04183981481481477
4304,1015065.0,0.04167222222222218
4305,1015125.0,0.04140277777777773
4306,1015185.0,0.041411111111111065
4307,1015245.0,0.04145555555555551
4308,1015305.0,0.0411444444444444
4309,1015365.0,0.04091388888888885
4310,1015425.0,0.04071111111111106
4311,1015485.0,0.0406731481481481
4312,1015545.0,0.04060092592592588
4313,1015605.0,0.04051759259259255
4314,1015665.0,0.04054351851851848
4315,1015725.0,0.04042499999999996
4316,1015785.0,0.040312962962962925
4317,1015845.0,0.0405444444444444
4318,1015905.0,0.040398148148148114
4319,1015965.0,0.04013981481481477
4320,1016025.0,0.039933333333333286
4321,1016085.0,0.03960092592592589
4322,1016145.0,0.039310185185185136
4323,1016205.0,0.03897499999999995
4324,1016265.0,0.038822222222222175
4325,1016325.0,0.038639814814814766
4326,1016385.0,0.038776851851851805
4327,1016445.0,0.03869166666666662
4328,1016505.0,0.03856296296296292
4329,1016565.0,0.03841481481481477
4330,1016625.0,0.03820925925925922
4331,1016685.0,0.03800277777777773
4332,1016745.0,0.03789166666666662
4333,1016805.0,0.037698148148148106
4334,1016865.0,0.03696388888888885
4335,1016925.0,0.03640370370370366
4336,1016985.0,0.035984259259259216
4337,1017045.0,0.03570555555555551
4338,1017105.0,0.03570925925925922
4339,1017165.0,0.03550370370370366
4340,1017225.0,0.03522592592592588
4341,1017285.0,0.034993518518518466
4342,1017345.0,0.035057407407407364
4343,1017405.0,0.034973148148148114
4344,1017465.0,0.0348194444444444
4345,1017525.0,0.03462129629629625
4346,1017585.0,0.03394999999999996
4347,1017645.0,0.03349259259259255
4348,1017705.0,0.033306481481481444
4349,1017765.0,0.03317129629629626
4350,1017825.0,0.033511111111111075
4351,1017885.0,0.033701851851851816
4352,1017945.0,0.03376018518518515
4353,1018005.0,0.033874074074074036
4354,1018065.0,0.03384999999999996
4355,1018125.0,0.033832407407407374
4356,1018185.0,0.03379814814814811
4357,1018245.0,0.033702777777777734
4358,1018305.0,0.033259259259259225
4359,1018365.0,0.032862962962962934
4360,1018425.0,0.03272037037037034
4361,1018485.0,0.03259999999999997
4362,1018545.0,0.03247037037037034
4363,1018605.0,0.03263518518518515
4364,1018665.0,0.032562037037037
4365,1018725.0,0.0325083333333333
4366,1018785.0,0.032729629629629595
4367,1018845.0,0.03269814814814812
4368,1018905.0,0.032114814814814784
4369,1018965.0,0.03176851851851849
4370,1019025.0,0.03141018518518515
4371,1019085.0,0.031140740740740712
4372,1019145.0,0.030907407407407377
4373,1019205.0,0.03104999999999997
4374,1019265.0,0.031199999999999967
4375,1019325.0,0.03161481481481478
4376,1019385.0,0.031744444444444415
4377,1019445.0,0.03173148148148145
4378,1019505.0,0.03152685185185182
4379,1019565.0,0.031185185185185156
4380,1019625.0,0.030895370370370337
4381,1019685.0,0.030582407407407374
4382,1019745.0,0.03015185185185182
4383,1019805.0,0.029852777777777745
4384,1019865.0,0.02948518518518515
4385,1019925.0,0.02954629629629626
4386,1019985.0,0.02929999999999997
4387,1020045.0,0.02896111111111108
4388,1020105.0,0.028868518518518488
4389,1020165.0,0.028820370370370336
4390,1020225.0,0.02873796296296293
4391,1020285.0,0.0284546296296296
4392,1020345.0,0.028397222222222195
4393,1020405.0,0.02819629629629626
4394,1020465.0,0.02779259259259256
4395,1020525.0,0.027459259259259225
4396,1020585.0,0.027459259259259225
4397,1020645.0,0.027313888888888853
4398,1020705.0,0.02727777777777774
4399,1020765.0,0.027029629629629598
4400,1020825.0,0.02677407407407404
4401,1020885.0,0.02648240740740737
4402,1020945.0,0.02643796296296293
4403,1021005.0,0.02649722222222219
4404,1021065.0,0.026602777777777743
4405,1021125.0,0.026737037037037004
4406,1021185.0,0.026766666666666637
4407,1021245.0,0.026546296296296262
4408,1021305.0,0.026522222222222187
4409,1021365.0,0.02633240740740737
4410,1021425.0,0.026406481481481444
4411,1021485.0,0.02640740740740737
4412,1021545.0,0.02603240740740737
4413,1021605.0,0.02603240740740737
4414,1021665.0,0.025900925925925886
4415,1021725.0,0.025725925925925885
4416,1021785.0,0.025702777777777738
4417,1021845.0,0.02560740740740737
4418,1021905.0,0.025394444444444404
4419,1021965.0,0.024987962962962924
4420,1022025.0,0.02518796296296292
4421,1022085.0,0.025437962962962926
4422,1022145.0,0.025300925925925886
4423,1022205.0,0.025282407407407368
4424,1022265.0,0.025439814814814776
4425,1022325.0,0.02565833333333329
4426,1022385.0,0.02590740740740737
4427,1022445.0,0.025894444444444404
4428,1022505.0,0.025960185185185145
4429,1022565.0,0.025981481481481442
4430,1022625.0,0.025510185185185143
4431,1022685.0,0.02536944444444441
4432,1022745.0,0.025349999999999963
4433,1022805.0,0.025713888888888845
4434,1022865.0,0.025906481481481444
4435,1022925.0,0.026108333333333296
4436,1022985.0,0.02629907407407404
4437,1023045.0,0.026604629629629596
4438,1023105.0,0.02672407407407404
4439,1023165.0,0.026662962962962927
4440,1023225.0,0.02664259259259255
4441,1023285.0,0.026571296296296256
4442,1023345.0,0.026227777777777742
4443,1023405.0,0.026017592592592557
4444,1023465.0,0.02628425925925922
4445,1023525.0,0.026442592592592552
4446,1023585.0,0.026425925925925884
4447,1023645.0,0.026763888888888848
4448,1023705.0,0.026819444444444403
4449,1023765.0,0.026784259259259216
4450,1023825.0,0.02672777777777774
4451,1023885.0,0.02672777777777774
4452,1023945.0,0.026845370370370332
4453,1024005.0,0.02691851851851848
4454,1024065.0,0.026952777777777732
4455,1024125.0,0.026957407407407364
4456,1024185.0,0.026642592592592548
4457,1024245.0,0.026366666666666618
4458,1024305.0,0.026324074074074028
4459,1024365.0,0.02640277777777773
4460,1024425.0,0.026593518518518468
4461,1024485.0,0.02678240740740736
4462,1024545.0,0.026996296296296247
4463,1024605.0,0.027112037037036987
4464,1024665.0,0.02708888888888884
4465,1024725.0,0.02704074074074069
4466,1024785.0,0.02724999999999995
4467,1024845.0,0.0275481481481481
4468,1024905.0,0.027584259259259208
4469,1024965.0,0.027092592592592543
4470,1025025.0,0.027058333333333285
4471,1025085.0,0.027222222222222172
4472,1025145.0,0.0269981481481481
4473,1025205.0,0.026996296296296247
4474,1025265.0,0.026910185185185138
4475,1025325.0,0.02692777777777773
4476,1025385.0,0.02675277777777773
4477,1025445.0,0.026649074074074026
4478,1025505.0,0.02663888888888884
4479,1025565.0,0.0267231481481481
4480,1025625.0,0.026812962962962917
4481,1025685.0,0.02674166666666662
4482,1025745.0,0.026333333333333285
4483,1025805.0,0.026047222222222173
4484,1025865.0,0.025898148148148097
4485,1025925.0,0.025939814814814763
4486,1025985.0,0.02589722222222217
4487,1026045.0,0.02621018518518513
4488,1026105.0,0.026358333333333282
4489,1026165.0,0.026575925925925867
4490,1026225.0,0.02677129629629624
4491,1026285.0,0.026865740740740687
4492,1026345.0,0.026971296296296243
4493,1026405.0,0.02699814814814809
4494,1026465.0,0.027003703703703648
4495,1026525.0,0.026867592592592537
4496,1026585.0,0.026734259259259204
4497,1026645.0,0.026318518518518463
4498,1026705.0,0.026343518518518464
4499,1026765.0,0.026459259259259203
4500,1026825.0,0.02641203703703698
4501,1026885.0,0.02642314814814809
4502,1026945.0,0.026928703703703646
4503,1027005.0,0.027130555555555498
4504,1027065.0,0.027070370370370314
4505,1027125.0,0.02718796296296291
4506,1027185.0,0.026877777777777726
4507,1027245.0,0.026749999999999944
4508,1027305.0,0.026536111111111052
4509,1027365.0,0.026368518518518458
4510,1027425.0,0.026574074074074014
4511,1027488.0,0.02671296296296291
4512,1027545.0,0.026904629629629574
4513,1027605.0,0.026817592592592532
4514,1027665.0,0.02690092592592587
4515,1027725.0,0.02695462962962957
4516,1027785.0,0.02705462962962957
4517,1027845.0,0.02703981481481476
4518,1027905.0,0.02680092592592587
4519,1027965.0,0.026765740740740684
4520,1028025.0,0.0269842592592592
4521,1028085.0,0.027132407407407348
4522,1028145.0,0.026944444444444385
4523,1028205.0,0.027031481481481424
4524,1028265.0,0.02697592592592587
4525,1028325.0,0.02696481481481476
4526,1028385.0,0.02713703703703698
4527,1028445.0,0.02740740740740735
4528,1028505.0,0.02741851851851846
4529,1028565.0,0.02741759259259253
4530,1028625.0,0.027065740740740682
4531,1028685.0,0.026845370370370308
4532,1028745.0,0.027060185185185125
4533,1028805.0,0.027049074074074014
4534,1028865.0,0.02719907407407401
4535,1028925.0,0.027374074074074016
4536,1028985.0,0.02740277777777772
4537,1029045.0,0.027468518518518458
4538,1029105.0,0.02739814814814809
4539,1029165.0,0.02742314814814809
4540,1029225.0,0.02771944444444439
4541,1029285.0,0.027829629629629576
4542,1029345.0,0.02778981481481476
4543,1029405.0,0.02747129629629624
4544,1029465.0,0.02724814814814809
4545,1029525.0,0.0273629629629629
4546,1029585.0,0.027470370370370308
4547,1029645.0,0.02757037037037031
4548,1029705.0,0.027844444444444384
4549,1029768.0,0.027960185185185126
4550,1029825.0,0.0280342592592592
4551,1029885.0,0.028148148148148082
4552,1029945.0,0.02813611111111105
4553,1030005.0,0.028028703703703643
4554,1030065.0,0.028024999999999942
4555,1030125.0,0.02759537037037031
4556,1030185.0,0.02746018518518512
4557,1030245.0,0.027443518518518454
4558,1030305.0,0.02720370370370364
4559,1030365.0,0.027288888888888824
4560,1030428.0,0.02725740740740734
4561,1030485.0,0.027239814814814748
4562,1030545.0,0.0273166666666666
4563,1030605.0,0.027254629629629563
4564,1030665.0,0.027439814814814747
4565,1030725.0,0.02762407407407401
4566,1030785.0,0.027617592592592523
4567,1030845.0,0.027661111111111043
4568,1030905.0,0.02733240740740734
4569,1030965.0,0.02713240740740734
4570,1031025.0,0.026863888888888826
4571,1031085.0,0.027292592592592528
4572,1031145.0,0.02735833333333327
4573,1031205.0,0.0275129629629629
4574,1031265.0,0.0276166666666666
4575,1031325.0,0.027541666666666603
4576,1031385.0,0.027304629629629568
4577,1031445.0,0.027306481481481418
4578,1031505.0,0.027345370370370308
4579,1031565.0,0.02756481481481476
4580,1031625.0,0.027828703703703647
4581,1031685.0,0.027785185185185128
4582,1031745.0,0.027495370370370312
4583,1031805.0,0.02723703703703698
4584,1031865.0,0.02715277777777772
4585,1031925.0,0.026928703703703646
4586,1031985.0,0.02676111111111105
4587,1032045.0,0.026756481481481426
4588,1032105.0,0.027340740740740683
4589,1032165.0,0.02754814814814809
4590,1032225.0,0.027533333333333274
4591,1032285.0,0.02746759259259253
4592,1032345.0,0.02746759259259253
4593,1032405.0,0.0275342592592592
4594,1032465.0,0.027622222222222163
4595,1032525.0,0.027576851851851797
4596,1032585.0,0.027175925925925867
4597,1032645.0,0.02691481481481476
4598,1032705.0,0.026656481481481423
4599,1032765.0,0.02676851851851846
4600,1032825.0,0.026837962962962904
4601,1032885.0,0.026738888888888833
4602,1032945.0,0.026911111111111045
4603,1033005.0,0.02708240740740735
4604,1033065.0,0.027537962962962903
4605,1033125.0,0.02736203703703698
4606,1033185.0,0.02719722222222216
4607,1033245.0,0.0271592592592592
4608,1033305.0,0.027072222222222164
4609,1033365.0,0.0270842592592592
4610,1033425.0,0.02710277777777772
4611,1033485.0,0.027131481481481427
4612,1033545.0,0.027120370370370312
4613,1033605.0,0.026685185185185128
4614,1033665.0,0.026574074074074014
4615,1033725.0,0.02669351851851846
4616,1033785.0,0.026962962962962904
4617,1033845.0,0.0268092592592592
4618,1033905.0,0.02679166666666661
4619,1033965.0,0.026887037037036977
4620,1034025.0,0.027080555555555497
4621,1034085.0,0.027399074074074017
4622,1034145.0,0.027561111111111054
4623,1034205.0,0.02787592592592587
4624,1034265.0,0.02774907407407402
4625,1034325.0,0.02760833333333328
4626,1034385.0,0.027565740740740686
4627,1034445.0,0.027556481481481425
4628,1034505.0,0.027635185185185127
4629,1034565.0,0.027783333333333275
4630,1034625.0,0.02808518518518513
4631,1034685.0,0.02854537037037031
4632,1034745.0,0.028789814814814758
4633,1034805.0,0.028826851851851788
4634,1034865.0,0.028949074074074013
4635,1034925.0,0.02923611111111105
4636,1034985.0,0.02962222222222216
4637,1035045.0,0.029914814814814755
4638,1035105.0,0.02994074074074068
4639,1035165.0,0.030035185185185127
4640,1035225.0,0.030362962962962908
4641,1035285.0,0.030266666666666612
4642,1035345.0,0.03006759259259253
4643,1035405.0,0.030108333333333275
4644,1035465.0,0.030428703703703645
4645,1035525.0,0.03088611111111105
4646,1035588.0,0.030944444444444382
4647,1035648.0,0.031193518518518464
4648,1035705.0,0.031651851851851785
4649,1035765.0,0.031692592592592536
4650,1035825.0,0.031479629629629566
4651,1035885.0,0.0314268518518518
4652,1035945.0,0.03180462962962957
4653,1036005.0,0.03219074074074068
4654,1036065.0,0.032556481481481415
4655,1036125.0,0.032675925925925865
4656,1036185.0,0.032899999999999936
4657,1036245.0,0.03290648148148142
4658,1036305.0,0.033049074074074015
4659,1036365.0,0.03368333333333327
4660,1036425.0,0.034012037037036966
4661,1036485.0,0.0343129629629629
4662,1036545.0,0.03454722222222216
4663,1036605.0,0.03458611111111105
4664,1036665.0,0.034607407407407344
4665,1036725.0,0.03485277777777771
4666,1036785.0,0.03515555555555549
4667,1036845.0,0.035037962962962896
4668,1036905.0,0.035269444444444374
4669,1036965.0,0.035386111111111035
4670,1037025.0,0.03560462962962956
4671,1037085.0,0.035805555555555486
4672,1037145.0,0.036066666666666594
4673,1037205.0,0.03624722222222215
4674,1037265.0,0.03633148148148141
4675,1037325.0,0.03665740740740733
4676,1037385.0,0.037158333333333265
4677,1037445.0,0.037556481481481406
4678,1037505.0,0.037796296296296224
4679,1037565.0,0.03772314814814808
4680,1037625.0,0.03815833333333326
4681,1037685.0,0.038431481481481414
4682,1037745.0,0.03797314814814808
4683,1037805.0,0.03773703703703697
4684,1037865.0,0.03789444444444437
4685,1037925.0,0.0378527777777777
4686,1037985.0,0.037974999999999925
4687,1038045.0,0.03828240740740733
4688,1038105.0,0.03850925925925919
4689,1038165.0,0.03874722222222215
4690,1038225.0,0.03873611111111104
4691,1038285.0,0.03884351851851845
4692,1038345.0,0.03879444444444437
4693,1038405.0,0.03915092592592585
4694,1038465.0,0.039295370370370286
4695,1038525.0,0.039351851851851784
4696,1038585.0,0.039770370370370296
4697,1038645.0,0.040063888888888816
4698,1038705.0,0.0401527777777777
4699,1038765.0,0.04005370370370363
4700,1038825.0,0.040052777777777715
4701,1038885.0,0.04010648148148141
4702,1038945.0,0.040286111111111036
4703,1039005.0,0.040299074074073994
4704,1039065.0,0.04041944444444437
4705,1039125.0,0.04055092592592585
4706,1039185.0,0.04085462962962955
4707,1039245.0,0.04107222222222215
4708,1039305.0,0.04140925925925919
4709,1039365.0,0.04158888888888882
4710,1039425.0,0.04163425925925918
4711,1039485.0,0.041614814814814736
4712,1039545.0,0.041499074074074
4713,1039608.0,0.041552777777777695
4714,1039665.0,0.04157314814814807
4715,1039725.0,0.041707407407407325
4716,1039788.0,0.0418851851851851
4717,1039845.0,0.042027777777777685
4718,1039905.0,0.04232499999999991
4719,1039965.0,0.04266111111111103
4720,1040025.0,0.042709259259259176
4721,1040085.0,0.04287592592592585
4722,1040148.0,0.0429777777777777
4723,1040205.0,0.04311018518518511
4724,1040265.0,0.04335370370370362
4725,1040325.0,0.043732407407407324
4726,1040385.0,0.04394166666666658
4727,1040445.0,0.04418981481481473
4728,1040505.0,0.04394444444444436
4729,1040565.0,0.04386296296296288
4730,1040625.0,0.0438314814814814
4731,1040685.0,0.043832407407407334
4732,1040745.0,0.04412592592592585
4733,1040805.0,0.04435925925925918
4734,1040865.0,0.04448425925925918
4735,1040925.0,0.044591666666666585
4736,1040985.0,0.04482129629629622
4737,1041048.0,0.04498888888888882
4738,1041105.0,0.04505185185185178
4739,1041165.0,0.045162037037036966
4740,1041225.0,0.04537222222222216
4741,1041285.0,0.046012962962962894
4742,1041345.0,0.046214814814814736
4743,1041405.0,0.046466666666666594
4744,1041465.0,0.046373148148148066
4745,1041525.0,0.046258333333333256
4746,1041585.0,0.04641759259259252
4747,1041645.0,0.04668611111111103
4748,1041705.0,0.04696111111111103
4749,1041765.0,0.047107407407407334
4750,1041825.0,0.047326851851851766
4751,1041885.0,0.04714629629629621
4752,1041945.0,0.04698333333333325
4753,1042005.0,0.04702037037037029
4754,1042065.0,0.04706944444444437
4755,1042125.0,0.04741203703703696
4756,1042185.0,0.0474453703703703
4757,1042245.0,0.047399074074074
4758,1042305.0,0.04742129629629623
4759,1042365.0,0.047819444444444366
4760,1042425.0,0.047821296296296216
4761,1042488.0,0.047949999999999916
4762,1042545.0,0.047922222222222144
4763,1042605.0,0.047980555555555485
4764,1042665.0,0.04788981481481474
4765,1042725.0,0.047949074074074005
4766,1042785.0,0.048249999999999925
4767,1042845.0,0.04841388888888881
4768,1042905.0,0.04805092592592585
4769,1042965.0,0.04849074074074067
4770,1043025.0,0.04863796296296289
4771,1043085.0,0.04875555555555548
4772,1043145.0,0.04919814814814808
4773,1043205.0,0.049519444444444366
4774,1043265.0,0.04980462962962956
4775,1043325.0,0.0500666666666666
4776,1043385.0,0.050430555555555485
4777,1043445.0,0.05062962962962956
4778,1043505.0,0.0507666666666666
4779,1043565.0,0.050908333333333264
4780,1043625.0,0.0510666666666666
4781,1043685.0,0.051369444444444384
4782,1043745.0,0.0514916666666666
4783,1043805.0,0.05147499999999994
4784,1043865.0,0.050749074074074016
4785,1043925.0,0.05079444444444438
4786,1043985.0,0.0509953703703703
4787,1044045.0,0.0511953703703703
4788,1044105.0,0.05148425925925919
4789,1044165.0,0.05161944444444437
4790,1044225.0,0.05175185185185178
4791,1044285.0,0.051824074074074
4792,1044345.0,0.052031481481481415
4793,1044405.0,0.052177777777777705
4794,1044465.0,0.052255555555555486
4795,1044525.0,0.052075925925925866
4796,1044585.0,0.05174629629629623
4797,1044645.0,0.05208981481481475
4798,1044705.0,0.05242592592592586
4799,1044765.0,0.052716666666666606
4800,1044825.0,0.05249907407407401
4801,1044885.0,0.05229537037037031
4802,1044945.0,0.052022222222222164
4803,1045005.0,0.05180462962962956
4804,1045065.0,0.05210462962962956
4805,1045125.0,0.0524416666666666
4806,1045185.0,0.05256203703703697
4807,1045245.0,0.05240740740740734
4808,1045305.0,0.05247870370370364
4809,1045365.0,0.052662037037036966
4810,1045428.0,0.05267037037037031
4811,1045485.0,0.05237407407407401
4812,1045545.0,0.05236388888888883
4813,1045605.0,0.05242037037037031
4814,1045665.0,0.05240740740740735
4815,1045725.0,0.05274537037037031
4816,1045785.0,0.05289814814814809
4817,1045845.0,0.053086111111111056
4818,1045905.0,0.05322592592592587
4819,1045965.0,0.053181481481481434
4820,1046025.0,0.05265462962962957
4821,1046085.0,0.052635185185185125
4822,1046145.0,0.052949999999999935
4823,1046205.0,0.052949074074074017
4824,1046265.0,0.05277314814814809
4825,1046325.0,0.05238240740740735
4826,1046385.0,0.05212222222222217
4827,1046445.0,0.052272222222222164
4828,1046505.0,0.052268518518518464
4829,1046565.0,0.05254351851851846
4830,1046625.0,0.05280740740740735
4831,1046685.0,0.05281203703703698
4832,1046745.0,0.05238148148148143
4833,1046805.0,0.05212037037037032
4834,1046865.0,0.05185648148148144
4835,1046925.0,0.051913888888888836
4836,1046985.0,0.05185740740740736
4837,1047045.0,0.05176851851851847
4838,1047105.0,0.051730555555555516
4839,1047165.0,0.05140740740740736
4840,1047225.0,0.051412037037036985
4841,1047285.0,0.05149999999999996
4842,1047345.0,0.0515981481481481
4843,1047405.0,0.05189537037037032
4844,1047465.0,0.05179999999999995
4845,1047525.0,0.05180092592592588
4846,1047585.0,0.05184629629629625
4847,1047645.0,0.051863888888888834
4848,1047705.0,0.05178703703703698
4849,1047765.0,0.05163796296296291
4850,1047825.0,0.05151296296296291
4851,1047885.0,0.051474074074074026
4852,1047945.0,0.05184166666666662
4853,1048005.0,0.05209074074074069
4854,1048065.0,0.05225833333333329
4855,1048125.0,0.05221018518518514
4856,1048185.0,0.052033333333333286
4857,1048245.0,0.05181481481481477
4858,1048305.0,0.05182962962962958
4859,1048365.0,0.052167592592592536
4860,1048425.0,0.052003703703703656
4861,1048485.0,0.05189629629629625
4862,1048545.0,0.05195833333333328
4863,1048605.0,0.052621296296296236
4864,1048665.0,0.052873148148148086
4865,1048725.0,0.05319907407407402
4866,1048785.0,0.053556481481481434
4867,1048845.0,0.053514814814814765
4868,1048905.0,0.05340833333333328
4869,1048965.0,0.05326666666666662
4870,1049025.0,0.05348333333333328
4871,1049085.0,0.05363888888888883
4872,1049145.0,0.05378703703703698
4873,1049205.0,0.05375740740740735
4874,1049265.0,0.05379537037037031
4875,1049325.0,0.05391203703703698
4876,1049385.0,0.0537555555555555
4877,1049445.0,0.05372037037037032
4878,1049505.0,0.05388240740740735
4879,1049565.0,0.05406018518518513
4880,1049625.0,0.053904629629629566
4881,1049685.0,0.05429259259259254
4882,1049745.0,0.05449074074074069
4883,1049805.0,0.05474444444444439
4884,1049865.0,0.055111111111111055
4885,1049925.0,0.05528518518518513
4886,1049985.0,0.055089814814814765
4887,1050045.0,0.05466759259259254
4888,1050105.0,0.0545518518518518
4889,1050165.0,0.05473333333333328
4890,1050225.0,0.05484537037037032
4891,1050285.0,0.05502407407407402
4892,1050345.0,0.054874999999999945
4893,1050405.0,0.054673148148148096
4894,1050465.0,0.054896296296296235
4895,1050525.0,0.05506851851851846
4896,1050585.0,0.05529444444444439
4897,1050645.0,0.05557499999999994
4898,1050705.0,0.055565740740740686
4899,1050765.0,0.05536666666666661
4900,1050825.0,0.05528333333333328
4901,1050885.0,0.05528148148148143
4902,1050945.0,0.0553481481481481
4903,1051005.0,0.055103703703703655
4904,1051065.0,0.0547944444444444
4905,1051125.0,0.05449074074074069
4906,1051185.0,0.054358333333333286
4907,1051245.0,0.054259259259259215
4908,1051305.0,0.05459999999999995
4909,1051365.0,0.054927777777777735
4910,1051425.0,0.05501111111111106
4911,1051485.0,0.05496851851851847
4912,1051545.0,0.05473240740740736
4913,1051605.0,0.05460833333333329
4914,1051665.0,0.05453425925925921
4915,1051725.0,0.054370370370370326
4916,1051785.0,0.054778703703703656
4917,1051845.0,0.05478055555555551
4918,1051905.0,0.054933333333333285
4919,1051965.0,0.054978703703703655
4920,1052025.0,0.05508796296296292
4921,1052085.0,0.05473611111111106
4922,1052145.0,0.05459259259259255
4923,1052205.0,0.05428796296296292
4924,1052268.0,0.05432777777777773
4925,1052325.0,0.054476851851851804
4926,1052385.0,0.05436296296296292
4927,1052445.0,0.05453518518518514
4928,1052505.0,0.05461666666666662
4929,1052568.0,0.05461666666666662
4930,1052625.0,0.05470092592592588
4931,1052685.0,0.054815740740740686
4932,1052745.0,0.05516851851851847
4933,1052805.0,0.055328703703703665
4934,1052865.0,0.055462962962962915
4935,1052925.0,0.05532129629629625
4936,1052985.0,0.05540092592592588
4937,1053045.0,0.05583703703703699
4938,1053105.0,0.05624351851851847
4939,1053165.0,0.05611203703703699
4940,1053225.0,0.05628796296296292
4941,1053285.0,0.05645092592592588
4942,1053345.0,0.05663240740740736
4943,1053405.0,0.05673703703703699
4944,1053465.0,0.05695833333333328
4945,1053525.0,0.057114814814814764
4946,1053585.0,0.05679444444444439
4947,1053645.0,0.05701851851851846
4948,1053705.0,0.0569055555555555
4949,1053765.0,0.05643240740740736
4950,1053825.0,0.056356481481481424
4951,1053885.0,0.056347222222222174
4952,1053945.0,0.056256481481481435
4953,1054005.0,0.05605370370370365
4954,1054065.0,0.0557981481481481
4955,1054125.0,0.05558703703703698
4956,1054185.0,0.05548518518518513
4957,1054245.0,0.05554166666666661
4958,1054305.0,0.05565648148148143
4959,1054365.0,0.0554731481481481
4960,1054425.0,0.05511574074074069
4961,1054485.0,0.05486851851851846
4962,1054545.0,0.05487777777777772
4963,1054605.0,0.055087037037036976
4964,1054665.0,0.0554092592592592
4965,1054725.0,0.0554842592592592
4966,1054785.0,0.05537870370370365
4967,1054845.0,0.055317592592592536
4968,1054905.0,0.055350925925925866
4969,1054965.0,0.05546203703703698
4970,1055025.0,0.05553888888888883
4971,1055085.0,0.05564166666666661
4972,1055145.0,0.055722222222222166
4973,1055205.0,0.05573518518518513
4974,1055265.0,0.055964814814814766
4975,1055325.0,0.05617407407407402
4976,1055385.0,0.056221296296296235
4977,1055445.0,0.05589444444444439
4978,1055505.0,0.05569444444444439
4979,1055565.0,0.055543518518518464
4980,1055625.0,0.05586944444444439
4981,1055685.0,0.056286111111111065
4982,1055745.0,0.0565731481481481
4983,1055805.0,0.05665740740740735
4984,1055865.0,0.05638981481481476
4985,1055928.0,0.05628518518518513
4986,1055985.0,0.05632777777777773
4987,1056045.0,0.05660740740740736
4988,1056105.0,0.0567018518518518
4989,1056165.0,0.056659259259259215
4990,1056225.0,0.05654722222222217
4991,1056285.0,0.05656574074074069
4992,1056345.0,0.056516666666666625
4993,1056405.0,0.056639814814814775
4994,1056465.0,0.056906481481481426
4995,1056525.0,0.056345370370370323
4996,1056585.0,0.05591111111111106
4997,1056645.0,0.05577592592592588
4998,1056705.0,0.055881481481481435
4999,1056765.0,0.055888888888888835
5000,1056825.0,0.05611018518518514
5001,1056885.0,0.056414814814814765
5002,1056945.0,0.05643240740740736
5003,1057005.0,0.056518518518518475
5004,1057065.0,0.05682962962962958
5005,1057125.0,0.05733333333333328
5006,1057185.0,0.05784166666666661
5007,1057245.0,0.05754259259259253
5008,1057305.0,0.05741574074074069
5009,1057365.0,0.057277777777777726
5010,1057425.0,0.05717870370370365
5011,1057485.0,0.057017592592592536
5012,1057545.0,0.05725462962962957
5013,1057605.0,0.05730370370370365
5014,1057665.0,0.05725462962962957
5015,1057725.0,0.05753240740740735
5016,1057785.0,0.057848148148148086
5017,1057845.0,0.0583055555555555
5018,1057905.0,0.05848240740740735
5019,1057965.0,0.05835370370370365
5020,1058025.0,0.05817870370370365
5021,1058085.0,0.05796296296296291
5022,1058145.0,0.05781574074074069
5023,1058205.0,0.05781574074074069
5024,1058265.0,0.05818425925925921
5025,1058325.0,0.05824351851851847
5026,1058385.0,0.05802777777777773
5027,1058445.0,0.05788055555555551
5028,1058505.0,0.057804629629629574
5029,1058565.0,0.057917592592592534
5030,1058625.0,0.057915740740740684
5031,1058685.0,0.05787222222222217
5032,1058745.0,0.05725740740740736
5033,1058805.0,0.05688240740740736
5034,1058865.0,0.05646666666666661
5035,1058925.0,0.05646666666666661
5036,1058985.0,0.0564518518518518
5037,1059045.0,0.056479629629629574
5038,1059105.0,0.056385185185185135
5039,1059165.0,0.05613425925925921
5040,1059225.0,0.056135185185185135
5041,1059288.0,0.056342592592592534
5042,1059345.0,0.05663611111111106
5043,1059405.0,0.05624907407407402
5044,1059465.0,0.05604259259259254
5045,1059528.0,0.055898148148148086
5046,1059585.0,0.05567407407407402
5047,1059645.0,0.05576111111111106
5048,1059705.0,0.055969444444444384
5049,1059765.0,0.056227777777777724
5050,1059825.0,0.055977777777777724
5051,1059885.0,0.05563981481481476
5052,1059945.0,0.05565370370370365
5053,1060005.0,0.055595370370370316
5054,1060065.0,0.05581018518518513
5055,1060125.0,0.05581851851851846
5056,1060185.0,0.05574351851851846
5057,1060245.0,0.05552222222222217
5058,1060305.0,0.05532407407407402
5059,1060365.0,0.055349074074074016
5060,1060425.0,0.05552037037037031
5061,1060485.0,0.055106481481481416
5062,1060545.0,0.054986111111111055
5063,1060605.0,0.05465092592592587
5064,1060665.0,0.05436851851851846
5065,1060725.0,0.054174999999999945
5066,1060785.0,0.054077777777777725
5067,1060845.0,0.05416481481481476
5068,1060905.0,0.0540731481481481
5069,1060965.0,0.053804629629629584
5070,1061025.0,0.0536694444444444
5071,1061085.0,0.05372129629629625
5072,1061145.0,0.053806481481481434
5073,1061205.0,0.05378425925925922
5074,1061265.0,0.053432407407407366
5075,1061325.0,0.0531694444444444
5076,1061385.0,0.05291666666666663
5077,1061445.0,0.052616666666666624
5078,1061505.0,0.05252962962962959
5079,1061565.0,0.052551851851851815
5080,1061625.0,0.05243518518518514
5081,1061685.0,0.0522944444444444
5082,1061745.0,0.052238888888888835
5083,1061805.0,0.052410185185185136
5084,1061865.0,0.05252962962962958
5085,1061925.0,0.052191666666666615
5086,1061985.0,0.05181944444444439
5087,1062045.0,0.051540740740740686
5088,1062105.0,0.05127129629629624
5089,1062165.0,0.05101759259259254
5090,1062225.0,0.05094537037037032
5091,1062285.0,0.050842592592592536
5092,1062345.0,0.05088240740740735
5093,1062405.0,0.050693518518518464
5094,1062465.0,0.05052037037037031
5095,1062525.0,0.050510185185185116
5096,1062585.0,0.0498342592592592
5097,1062645.0,0.04956944444444438
5098,1062705.0,0.04933703703703697
5099,1062765.0,0.04909629629629623
5100,1062825.0,0.04882314814814808
5101,1062888.0,0.048499074074074014
5102,1062945.0,0.048482407407407335
5103,1063005.0,0.04842685185185178
5104,1063065.0,0.04837870370370363
5105,1063125.0,0.04808611111111104
5106,1063185.0,0.048131481481481414
5107,1063245.0,0.04763240740740733
5108,1063305.0,0.04730740740740733
5109,1063365.0,0.047145370370370296
5110,1063425.0,0.04694722222222215
5111,1063485.0,0.046787962962962885
5112,1063545.0,0.04646666666666659
5113,1063605.0,0.046246296296296216
5114,1063665.0,0.04613703703703696
5115,1063725.0,0.046125925925925834
5116,1063785.0,0.046114814814814734
5117,1063845.0,0.045890740740740656
5118,1063905.0,0.0454851851851851
5119,1063965.0,0.04521666666666658
5120,1064025.0,0.0449101851851851
5121,1064085.0,0.04476111111111103
5122,1064145.0,0.044674074074073984
5123,1064205.0,0.04457129629629621
5124,1064265.0,0.04437685185185177
5125,1064325.0,0.0441564814814814
5126,1064385.0,0.04417314814814807
5127,1064448.0,0.04376574074074066
5128,1064508.0,0.043537037037036964
5129,1064565.0,0.043338888888888816
5130,1064625.0,0.043049074074074004
5131,1064685.0,0.04278981481481474
5132,1064745.0,0.042437962962962886
5133,1064805.0,0.04234166666666659
5134,1064865.0,0.04227129629629622
5135,1064925.0,0.042199074074073986
5136,1064985.0,0.04194444444444436
5137,1065045.0,0.0416814814814814
5138,1065105.0,0.041396296296296216
5139,1065165.0,0.041214814814814725
5140,1065225.0,0.04111666666666658
5141,1065285.0,0.0408351851851851
5142,1065345.0,0.04056203703703695
5143,1065405.0,0.04020833333333325
5144,1065465.0,0.039934259259259176
5145,1065525.0,0.039743518518518435
5146,1065585.0,0.03959444444444436
5147,1065645.0,0.03940370370370362
5148,1065705.0,0.03916574074074066
5149,1065765.0,0.03884537037037029
5150,1065825.0,0.03864444444444436
5151,1065885.0,0.038513888888888806
5152,1065945.0,0.03830462962962955
5153,1066005.0,0.03825092592592585
5154,1066065.0,0.03795462962962955
5155,1066125.0,0.03772314814814808
5156,1066185.0,0.03771203703703696
5157,1066245.0,0.03770555555555548
5158,1066305.0,0.03764444444444437
5159,1066365.0,0.037528703703703634
5160,1066425.0,0.037358333333333264
5161,1066485.0,0.03696203703703696
5162,1066545.0,0.036772222222222144
5163,1066605.0,0.03665462962962955
5164,1066665.0,0.03659629629629622
5165,1066725.0,0.03640555555555548
5166,1066785.0,0.036178703703703616
5167,1066845.0,0.03580925925925918
5168,1066905.0,0.035546296296296215
5169,1066965.0,0.03539074074074066
5170,1067025.0,0.035337037037036965
5171,1067085.0,0.03523888888888881
5172,1067145.0,0.034945370370370286
5173,1067205.0,0.03468055555555548
5174,1067265.0,0.03429074074074066
5175,1067325.0,0.034273148148148073
5176,1067385.0,0.034168518518518445
5177,1067445.0,0.03386944444444437
5178,1067505.0,0.033338888888888814
5179,1067565.0,0.0329277777777777
5180,1067625.0,0.03262129629629622
5181,1067685.0,0.032190740740740666
5182,1067745.0,0.03179166666666658
5183,1067805.0,0.0314564814814814
5184,1067865.0,0.030993518518518438
5185,1067925.0,0.030452777777777693
5186,1067985.0,0.02989166666666658
5187,1068045.0,0.029595370370370282
5188,1068105.0,0.029214814814814725
5189,1068165.0,0.02905370370370362
5190,1068225.0,0.02895092592592584
5191,1068285.0,0.028909259259259176
5192,1068345.0,0.02872037037037028
5193,1068405.0,0.028615740740740657
5194,1068465.0,0.028625925925925843
5195,1068525.0,0.02822499999999992
5196,1068585.0,0.02785833333333325
5197,1068645.0,0.02760555555555547
5198,1068705.0,0.02733703703703695
5199,1068765.0,0.027242592592592502
5200,1068825.0,0.027190740740740654
5201,1068888.0,0.027193518518518436
5202,1068945.0,0.02720555555555547
5203,1069005.0,0.027067592592592508
5204,1069065.0,0.02687499999999992
5205,1069125.0,0.026700925925925843
5206,1069188.0,0.02669259259259251
5207,1069248.0,0.026741666666666584
5208,1069305.0,0.026790740740740657
5209,1069365.0,0.02657314814814806
5210,1069425.0,0.026463888888888804
5211,1069485.0,0.02629629629629621
5212,1069545.0,0.02636481481481473
5213,1069605.0,0.026338888888888804
5214,1069665.0,0.0264851851851851
5215,1069725.0,0.02631851851851844
5216,1069785.0,0.026116666666666583
5217,1069845.0,0.026049074074073992
5218,1069905.0,0.025987962962962883
5219,1069965.0,0.025957407407407325
5220,1070025.0,0.025740740740740658
5221,1070085.0,0.025462037037036957
5222,1070145.0,0.025143518518518437
5223,1070205.0,0.02504259259259251
5224,1070265.0,0.024943518518518438
5225,1070325.0,0.02488240740740732
5226,1070385.0,0.024828703703703617
5227,1070445.0,0.024632407407407318
5228,1070505.0,0.0245351851851851
5229,1070565.0,0.02436296296296288
5230,1070625.0,0.024387037037036957
5231,1070685.0,0.0244564814814814
5232,1070745.0,0.024300925925925844
5233,1070805.0,0.024234259259259174
5234,1070865.0,0.023997222222222142
5235,1070925.0,0.023992592592592517
5236,1070985.0,0.023916666666666583
5237,1071045.0,0.024036111111111032
5238,1071105.0,0.024126851851851767
5239,1071165.0,0.02405185185185177
5240,1071225.0,0.023898148148148068
5241,1071285.0,0.02379351851851844
5242,1071345.0,0.023716666666666587
5243,1071405.0,0.023737962962962884
5244,1071465.0,0.02366203703703696
5245,1071525.0,0.02363981481481473
5246,1071585.0,0.02362314814814807
5247,1071645.0,0.023677777777777697
5248,1071705.0,0.023635185185185103
5249,1071765.0,0.02372407407407399
5250,1071825.0,0.023785185185185104
5251,1071885.0,0.023761111111111028
5252,1071945.0,0.023691666666666583
5253,1072005.0,0.02365925925925917
5254,1072065.0,0.02360092592592584
5255,1072125.0,0.02354629629629621
5256,1072185.0,0.023473148148148062
5257,1072245.0,0.02345277777777769
5258,1072305.0,0.02336203703703695
5259,1072365.0,0.02327037037037028
5260,1072425.0,0.023195370370370283
5261,1072485.0,0.023099999999999912
5262,1072545.0,0.023055555555555468
5263,1072605.0,0.02298055555555547
5264,1072665.0,0.02296481481481473
5265,1072725.0,0.022965740740740655
5266,1072785.0,0.023024999999999917
5267,1072845.0,0.023053703703703615
5268,1072905.0,0.023072222222222136
5269,1072965.0,0.023074999999999915
5270,1073025.0,0.023079629629629544
5271,1073085.0,0.0230564814814814
5272,1073145.0,0.023038888888888803
5273,1073208.0,0.023186111111111025
5274,1073265.0,0.023263888888888803
5275,1073325.0,0.023347222222222137
5276,1073385.0,0.02338333333333325
5277,1073445.0,0.02337777777777769
5278,1073505.0,0.023364814814814727
5279,1073565.0,0.023399074074073985
5280,1073625.0,0.023449074074073987
5281,1073685.0,0.023561111111111026
5282,1073745.0,0.02359814814814806
5283,1073805.0,0.023770370370370282
5284,1073865.0,0.023793518518518433
5285,1073925.0,0.023984259259259167
5286,1073985.0,0.023890740740740653
5287,1074045.0,0.02382962962962954
5288,1074105.0,0.02374537037037028
5289,1074165.0,0.02374999999999991
5290,1074225.0,0.02382962962962954
5291,1074285.0,0.023861111111111024
5292,1074345.0,0.02394629629629621
5293,1074405.0,0.02397222222222213
5294,1074465.0,0.02397129629629621
5295,1074525.0,0.024015740740740654
5296,1074585.0,0.024042592592592504
5297,1074645.0,0.024081481481481398
5298,1074705.0,0.02410277777777769
5299,1074768.0,0.024123148148148064
5300,1074825.0,0.024150925925925843
5301,1074885.0,0.024198148148148062
5302,1074945.0,0.024287037037036958
5303,1075005.0,0.0244314814814814
5304,1075065.0,0.024573148148148063
5305,1075125.0,0.02474259259259251
5306,1075185.0,0.02488240740740732
5307,1075245.0,0.024901851851851762
5308,1075305.0,0.024928703703703616
5309,1075365.0,0.024870370370370282
5310,1075425.0,0.024861111111111018
5311,1075485.0,0.02483240740740732
5312,1075545.0,0.02487870370370361
5313,1075605.0,0.024841666666666574
5314,1075665.0,0.02489074074074065
5315,1075725.0,0.02494629629629621
5316,1075785.0,0.025079629629629542
5317,1075845.0,0.025192592592592503
5318,1075905.0,0.025293518518518427
5319,1075965.0,0.02531574074074065
5320,1076025.0,0.025369444444444358
5321,1076085.0,0.025456481481481396
5322,1076145.0,0.02557777777777769
5323,1076205.0,0.02568703703703695
5324,1076265.0,0.025735185185185097
5325,1076325.0,0.02579814814814806
5326,1076385.0,0.0257675925925925
5327,1076445.0,0.025803703703703617
5328,1076505.0,0.0257851851851851
5329,1076565.0,0.025813888888888803
5330,1076625.0,0.025890740740740652
5331,1076685.0,0.025885185185185098
5332,1076745.0,0.02587962962962954
5333,1076805.0,0.025866666666666576
5334,1076865.0,0.02579722222222213
5335,1076925.0,0.0257675925925925
5336,1076985.0,0.025652777777777688
5337,1077045.0,0.025587962962962868
5338,1077105.0,0.0254888888888888
5339,1077165.0,0.02542222222222213
5340,1077225.0,0.0254388888888888
5341,1077285.0,0.0255138888888888
5342,1077345.0,0.02556574074074065
5343,1077405.0,0.025629629629629537
5344,1077465.0,0.025684259259259167
5345,1077525.0,0.02579722222222213
5346,1077585.0,0.0260388888888888
5347,1077645.0,0.026081481481481397
5348,1077705.0,0.02623240740740732
5349,1077765.0,0.026099074074073983
5350,1077825.0,0.026249999999999912
5351,1077885.0,0.026409259259259167
5352,1077945.0,0.02662222222222213
5353,1078005.0,0.02675740740740732
5354,1078065.0,0.026949074074073983
5355,1078125.0,0.02705925925925917
5356,1078185.0,0.027256481481481395
5357,1078245.0,0.027424999999999915
5358,1078305.0,0.027625925925925842
5359,1078365.0,0.02780370370370362
5360,1078425.0,0.02800925925925917
5361,1078485.0,0.028166666666666583
5362,1078545.0,0.028359259259259174
5363,1078605.0,0.02853333333333325
5364,1078665.0,0.028698148148148063
5365,1078725.0,0.028853703703703618
5366,1078785.0,0.029011111111111026
5367,1078845.0,0.028980555555555468
5368,1078905.0,0.02909166666666658
5369,1078965.0,0.02913703703703695
5370,1079025.0,0.029236111111111025
5371,1079085.0,0.02932037037037028
5372,1079145.0,0.029427777777777688
5373,1079205.0,0.029479629629629543
5374,1079265.0,0.029510185185185094
5375,1079325.0,0.0294638888888888
5376,1079385.0,0.02947314814814806
5377,1079445.0,0.029339814814814732
5378,1079505.0,0.029294444444444363
5379,1079565.0,0.029252777777777694
5380,1079625.0,0.02916481481481473
5381,1079685.0,0.0291314814814814
5382,1079745.0,0.02912129629629621
5383,1079805.0,0.029130555555555476
5384,1079865.0,0.029162037037036955
5385,1079925.0,0.029152777777777694
5386,1079985.0,0.02911944444444436
5387,1080045.0,0.02902870370370362
5388,1080105.0,0.028932407407407323
5389,1080165.0,0.029017592592592505
5390,1080225.0,0.029047222222222138
5391,1080285.0,0.029134259259259176
5392,1080345.0,0.02918333333333325
5393,1080405.0,0.02915833333333325
5394,1080465.0,0.029095370370370282
5395,1080525.0,0.029014814814814733
5396,1080585.0,0.028917592592592512
5397,1080645.0,0.028855555555555468
5398,1080705.0,0.02887314814814806
5399,1080765.0,0.028919444444444362
5400,1080825.0,0.029009259259259176
5401,1080885.0,0.029073148148148063
5402,1080945.0,0.02912870370370362
5403,1081005.0,0.02906666666666658
5404,1081065.0,0.02904074074074065
5405,1081125.0,0.02894537037037028
5406,1081185.0,0.028822222222222138
5407,1081245.0,0.028661111111111026
5408,1081305.0,0.02850833333333325
5409,1081365.0,0.028421296296296212
5410,1081425.0,0.02840740740740732
5411,1081485.0,0.02844537037037028
5412,1081545.0,0.028467592592592506
5413,1081605.0,0.02845925925925917
5414,1081665.0,0.02837592592592584
5415,1081725.0,0.028279629629629537
5416,1081785.0,0.028194444444444355
5417,1081845.0,0.028102777777777692
5418,1081905.0,0.02807962962962954
5419,1081965.0,0.028043518518518433
5420,1082025.0,0.02795925925925917
5421,1082085.0,0.027878703703703614
5422,1082145.0,0.02777592592592584
5423,1082205.0,0.02774999999999991
5424,1082265.0,0.027680555555555462
5425,1082325.0,0.02757499999999991
5426,1082385.0,0.027425925925925836
5427,1082445.0,0.02728333333333324
5428,1082505.0,0.0271388888888888
5429,1082565.0,0.027062037037036944
5430,1082625.0,0.0269175925925925
5431,1082685.0,0.026789814814814718
5432,1082745.0,0.026763888888888795
5433,1082805.0,0.026682407407407314
5434,1082865.0,0.02668518518518509
5435,1082925.0,0.026628703703703613
5436,1082985.0,0.02664537037037028
5437,1083045.0,0.0266888888888888
5438,1083105.0,0.02675925925925917
5439,1083165.0,0.02689722222222213
5440,1083225.0,0.02697685185185176
5441,1083285.0,0.02709351851851843
5442,1083345.0,0.027124074074073985
5443,1083405.0,0.02722222222222213
5444,1083465.0,0.02722037037037028
5445,1083525.0,0.02727685185185176
5446,1083585.0,0.027278703703703614
5447,1083645.0,0.027267592592592503
5448,1083705.0,0.027283333333333243
5449,1083765.0,0.027257407407407317
5450,1083825.0,0.027255555555555463
5451,1083885.0,0.027205555555555462
5452,1083945.0,0.027089814814814726
5453,1084005.0,0.02698333333333324
5454,1084065.0,0.026866666666666573
5455,1084125.0,0.02690370370370361
5456,1084185.0,0.026927777777777686
5457,1084248.0,0.027006481481481392
5458,1084308.0,0.027025925925925832
5459,1084365.0,0.027009259259259163
5460,1084425.0,0.027016666666666567
5461,1084485.0,0.026976851851851755
5462,1084545.0,0.02690462962962953
5463,1084605.0,0.026820370370370272
5464,1084665.0,0.026781481481481385
5465,1084725.0,0.026700925925925826
5466,1084785.0,0.026705555555555455
5467,1084845.0,0.026812037037036936
5468,1084905.0,0.02691296296296286
5469,1084968.0,0.026891666666666564
5470,1085025.0,0.026748148148148045
5471,1085088.0,0.02661296296296286
5472,1085145.0,0.026489814814814716
5473,1085205.0,0.026390740740740642
5474,1085265.0,0.02631851851851841
5475,1085325.0,0.026163888888888785
5476,1085385.0,0.026087037037036933
5477,1085445.0,0.02594166666666656
5478,1085505.0,0.02590185185185175
5479,1085565.0,0.02583425925925916
5480,1085625.0,0.02583425925925916
5481,1085688.0,0.025944444444444343
5482,1085745.0,0.025947222222222118
5483,1085805.0,0.025850925925925826
5484,1085865.0,0.0256499999999999
5485,1085925.0,0.025448148148148046
5486,1085985.0,0.02525925925925916
5487,1086045.0,0.025185185185185085
5488,1086105.0,0.025260185185185084
5489,1086165.0,0.025463888888888786
5490,1086225.0,0.02565925925925916
5491,1086285.0,0.025804629629629525
5492,1086345.0,0.02592314814814804
5493,1086405.0,0.02601018518518508
5494,1086465.0,0.02607037037037026
5495,1086525.0,0.02616018518518508
5496,1086588.0,0.026177777777777668
5497,1086645.0,0.02613981481481471
5498,1086705.0,0.026083333333333233
5499,1086765.0,0.02606111111111101
5500,1086825.0,0.02601944444444434
5501,1086885.0,0.026088888888888787
5502,1086945.0,0.02596851851851841
5503,1087005.0,0.02588796296296286
5504,1087065.0,0.025975925925925826
5505,1087125.0,0.026095370370370262
5506,1087185.0,0.026281481481481375
5507,1087245.0,0.026394444444444345
5508,1087305.0,0.02649259259259249
5509,1087365.0,0.026556481481481382
5510,1087425.0,0.02649444444444434
5511,1087485.0,0.026574999999999897
5512,1087545.0,0.02656759259259249
5513,1087605.0,0.02648055555555545
5514,1087665.0,0.026423148148148043
5515,1087725.0,0.02634907407407397
5516,1087785.0,0.026297222222222118
5517,1087845.0,0.02619444444444434
5518,1087905.0,0.026299074074073968
5519,1087965.0,0.02633055555555545
5520,1088025.0,0.02621574074074064
5521,1088085.0,0.026076851851851747
5522,1088145.0,0.0259787037037036
5523,1088208.0,0.025861111111111
5524,1088265.0,0.02574907407407397
5525,1088325.0,0.025574999999999896
5526,1088385.0,0.025329629629629525
5527,1088445.0,0.025302777777777674
5528,1088505.0,0.02516018518518508
5529,1088565.0,0.02516018518518508
5530,1088625.0,0.024974074074073968
5531,1088685.0,0.024862962962962858
5532,1088745.0,0.024679629629629524
5533,1088805.0,0.024635185185185083
5534,1088865.0,0.024520370370370262
5535,1088925.0,0.02448611111111101
5536,1088985.0,0.024400925925925826
5537,1089045.0,0.024332407407407303
5538,1089105.0,0.024302777777777677
5539,1089165.0,0.02428518518518508
5540,1089225.0,0.024207407407407303
5541,1089285.0,0.024152777777777672
5542,1089345.0,0.02404629629629619
5543,1089405.0,0.02401944444444434
5544,1089465.0,0.023909259259259158
5545,1089528.0,0.023850925925925817
5546,1089585.0,0.02376851851851841
5547,1089648.0,0.023817592592592488
5548,1089705.0,0.023809259259259155
5549,1089765.0,0.02373611111111101
5550,1089825.0,0.023706481481481374
5551,1089885.0,0.02370185185185175
5552,1089945.0,0.02362129629629619
5553,1090005.0,0.02346203703703693
5554,1090065.0,0.023338888888888788
5555,1090125.0,0.023319444444444344
5556,1090185.0,0.023244444444444345
5557,1090245.0,0.023179629629629533
5558,1090305.0,0.0232037037037036
5559,1090365.0,0.02328333333333324
5560,1090425.0,0.023362037037036938
5561,1090485.0,0.02338888888888879
5562,1090545.0,0.02335648148148138
5563,1090605.0,0.023253703703703603
5564,1090665.0,0.023197222222222126
5565,1090725.0,0.02309074074074064
5566,1090785.0,0.023170370370370272
5567,1090845.0,0.02321666666666657
5568,1090905.0,0.02310833333333324
5569,1090965.0,0.02291944444444435
5570,1091025.0,0.022713888888888797
5571,1091085.0,0.022567592592592497
5572,1091145.0,0.022412037037036942
5573,1091205.0,0.022488888888888798
5574,1091265.0,0.02258981481481472
5575,1091325.0,0.02272870370370361
5576,1091385.0,0.02290092592592583
5577,1091445.0,0.02298425925925917
5578,1091505.0,0.02303333333333324
5579,1091565.0,0.022940740740740647
5580,1091625.0,0.02289444444444435
5581,1091685.0,0.0227249999999999
5582,1091745.0,0.02255740740740731
5583,1091805.0,0.022374074074073973
5584,1091865.0,0.022386111111111013
5585,1091925.0,0.022541666666666568
5586,1091985.0,0.022574074074073976
5587,1092045.0,0.02261574074074064
5588,1092105.0,0.022513888888888788
5589,1092165.0,0.022397222222222117
5590,1092225.0,0.02227777777777768
5591,1092285.0,0.02212037037037027
5592,1092345.0,0.021910185185185085
5593,1092405.0,0.021854629629629533
5594,1092465.0,0.021874074074073973
5595,1092525.0,0.021901851851851752
5596,1092585.0,0.021950925925925825
5597,1092645.0,0.021939814814814714
5598,1092705.0,0.0219212962962962
5599,1092765.0,0.021835185185185086
5600,1092825.0,0.021905555555555456
5601,1092885.0,0.02189074074074064
5602,1092945.0,0.021848148148148047
5603,1093005.0,0.02203148148148138
5604,1093065.0,0.022087962962962858
5605,1093125.0,0.022170370370370267
5606,1093185.0,0.02252685185185175
5607,1093245.0,0.02279074074074064
5608,1093305.0,0.022949999999999898
5609,1093365.0,0.023032407407407304
5610,1093425.0,0.023199999999999898
5611,1093485.0,0.02343333333333323
5612,1093545.0,0.023537962962962858
5613,1093605.0,0.02373981481481471
5614,1093665.0,0.02361203703703693
5615,1093725.0,0.023499999999999896
5616,1093785.0,0.02339074074074064
5617,1093845.0,0.02322592592592582
5618,1093905.0,0.023595370370370263
5619,1093968.0,0.0236074074074073
5620,1094025.0,0.02352129629629619
5621,1094085.0,0.02347777777777767
5622,1094145.0,0.023418518518518408
5623,1094205.0,0.02334166666666656
5624,1094265.0,0.023239814814814703
5625,1094325.0,0.023163888888888783
5626,1094385.0,0.02306944444444433
5627,1094445.0,0.023015740740740632
5628,1094505.0,0.02294907407407396
5629,1094565.0,0.02292592592592581
5630,1094625.0,0.022896296296296186
5631,1094685.0,0.02359259259259248
5632,1094745.0,0.023925925925925816
5633,1094805.0,0.024025925925925812
5634,1094865.0,0.024185185185185074
5635,1094925.0,0.024130555555555443
5636,1094985.0,0.02411388888888877
5637,1095045.0,0.024147222222222108
5638,1095108.0,0.024093518518518403
5639,1095165.0,0.024022222222222108
5640,1095225.0,0.024027777777777662
5641,1095285.0,0.023897222222222108
5642,1095345.0,0.02410925925925915
5643,1095405.0,0.024268518518518408
5644,1095465.0,0.024579629629629517
5645,1095525.0,0.024784259259259152
5646,1095585.0,0.024820370370370264
5647,1095645.0,0.024683333333333227
5648,1095705.0,0.02460555555555545
5649,1095765.0,0.024818518518518413
5650,1095825.0,0.025062962962962856
5651,1095885.0,0.02502407407407397
5652,1095945.0,0.025115740740740636
5653,1096005.0,0.025565740740740632
5654,1096065.0,0.0258824074074073
5655,1096125.0,0.026261111111111003
5656,1096185.0,0.02643425925925915
5657,1096245.0,0.02663518518518508
5658,1096305.0,0.026683333333333226
5659,1096365.0,0.026720370370370262
5660,1096425.0,0.02690925925925915
5661,1096485.0,0.027017592592592482
5662,1096545.0,0.027105555555555445
5663,1096605.0,0.027175925925925812
5664,1096665.0,0.027733333333333218
5665,1096725.0,0.027975925925925814
5666,1096785.0,0.02819629629629618
5667,1096845.0,0.028371296296296183
5668,1096905.0,0.02861296296296285
5669,1096965.0,0.02871944444444434
5670,1097025.0,0.02856759259259248
5671,1097085.0,0.028466666666666564
5672,1097145.0,0.02859074074074064
5673,1097205.0,0.028487037037036925
5674,1097265.0,0.0284074074074073
5675,1097325.0,0.0287537037037036
5676,1097385.0,0.02892592592592582
5677,1097445.0,0.029077777777777668
5678,1097505.0,0.029244444444444337
5679,1097565.0,0.029651851851851745
5680,1097625.0,0.02982962962962952
5681,1097685.0,0.029996296296296188
5682,1097745.0,0.03036574074074063
5683,1097805.0,0.03052314814814804
5684,1097865.0,0.03039999999999989
5685,1097925.0,0.030384259259259156
5686,1097985.0,0.03044537037037026
5687,1098045.0,0.030732407407407306
5688,1098105.0,0.030990740740740638
5689,1098165.0,0.031112962962962856
5690,1098225.0,0.03127777777777767
5691,1098285.0,0.031414814814814715
5692,1098345.0,0.03147592592592582
5693,1098405.0,0.03169629629629619
5694,1098465.0,0.03186388888888878
5695,1098525.0,0.03207222222222211
5696,1098585.0,0.032193518518518406
5697,1098645.0,0.032336111111111
5698,1098705.0,0.0323648148148147
5699,1098765.0,0.032875925925925815
5700,1098825.0,0.0331398148148147
5701,1098885.0,0.033247222222222116
5702,1098945.0,0.03323148148148137
5703,1099005.0,0.03327129629629618
5704,1099065.0,0.03352499999999988
5705,1099125.0,0.03368148148148136
5706,1099185.0,0.03390370370370358
5707,1099245.0,0.03407870370370358
5708,1099305.0,0.03425648148148136
5709,1099365.0,0.034491666666666546
5710,1099425.0,0.034717592592592474
5711,1099485.0,0.03479537037037025
5712,1099545.0,0.03538148148148137
5713,1099605.0,0.035609259259259146
5714,1099665.0,0.035849074074073964
5715,1099725.0,0.035701851851851735
5716,1099785.0,0.0358824074074073
5717,1099845.0,0.0358537037037036
5718,1099905.0,0.03574907407407397
5719,1099965.0,0.035708333333333224
5720,1100025.0,0.035762037037036926
5721,1100085.0,0.03583425925925915
5722,1100145.0,0.035807407407407295
5723,1100205.0,0.035710185185185074
5724,1100265.0,0.035736111111110996
5725,1100325.0,0.035938888888888784
5726,1100385.0,0.03612592592592582
5727,1100445.0,0.036283333333333216
5728,1100505.0,0.03639814814814804
5729,1100565.0,0.0364287037037036
5730,1100625.0,0.03632592592592582
5731,1100685.0,0.036161111111111005
5732,1100745.0,0.03601759259259249
5733,1100805.0,0.03609444444444434
5734,1100865.0,0.036150925925925816
5735,1100925.0,0.03614074074074064
5736,1100985.0,0.03651944444444434
5737,1101045.0,0.036837962962962864
5738,1101105.0,0.03697685185185175
5739,1101165.0,0.037062037037036935
5740,1101225.0,0.03687314814814805
5741,1101285.0,0.0367787037037036
5742,1101345.0,0.03662407407407397
5743,1101405.0,0.03659259259259249
5744,1101465.0,0.036536111111111005
5745,1101525.0,0.03667407407407397
5746,1101585.0,0.036486111111111004
5747,1101645.0,0.03641666666666656
5748,1101705.0,0.03666574074074064
5749,1101765.0,0.0369787037037036
5750,1101825.0,0.037334259259259164
5751,1101885.0,0.03741666666666656
5752,1101945.0,0.037541666666666564
5753,1102005.0,0.03737777777777768
5754,1102065.0,0.037132407407407315
5755,1102125.0,0.03688888888888879
5756,1102185.0,0.03672407407407398
5757,1102245.0,0.036562037037036935
5758,1102305.0,0.036749074074073976
5759,1102365.0,0.036947222222222124
5760,1102425.0,0.036867592592592494
5761,1102485.0,0.03695648148148138
5762,1102545.0,0.0370037037037036
5763,1102605.0,0.03705925925925916
5764,1102665.0,0.03691666666666657
5765,1102725.0,0.03662962962962953
5766,1102785.0,0.03661296296296287
5767,1102845.0,0.0365712962962962
5768,1102905.0,0.036528703703703605
5769,1102965.0,0.036505555555555465
5770,1103025.0,0.03656296296296287
5771,1103085.0,0.03690185185185176
5772,1103145.0,0.037167592592592495
5773,1103205.0,0.037247222222222126
5774,1103265.0,0.03712314814814805
5775,1103325.0,0.03696481481481472
5776,1103385.0,0.03678981481481471
5777,1103445.0,0.036655555555555455
5778,1103505.0,0.03663333333333323
5779,1103565.0,0.03660462962962953
5780,1103625.0,0.036425925925925834
5781,1103685.0,0.03637592592592583
5782,1103745.0,0.03659907407407397
5783,1103805.0,0.036586111111111014
5784,1103865.0,0.0367037037037036
5785,1103925.0,0.03675277777777768
5786,1103985.0,0.03664259259259249
5787,1104045.0,0.03639444444444434
5788,1104105.0,0.03617407407407397
5789,1104165.0,0.036018518518518415
5790,1104225.0,0.035740740740740636
5791,1104285.0,0.035571296296296184
5792,1104345.0,0.035322222222222116
5793,1104405.0,0.03503518518518508
5794,1104465.0,0.03504166666666656
5795,1104525.0,0.03548796296296286
5796,1104585.0,0.03584166666666656
5797,1104645.0,0.036063888888888784
5798,1104705.0,0.035746296296296186
5799,1104765.0,0.03573796296296286
5800,1104825.0,0.035684259259259166
5801,1104885.0,0.03556574074074064
5802,1104945.0,0.035555555555555465
5803,1105005.0,0.03551388888888879
5804,1105065.0,0.03558425925925916
5805,1105125.0,0.035622222222222125
5806,1105185.0,0.03567314814814805
5807,1105245.0,0.03578518518518509
5808,1105305.0,0.035778703703703604
5809,1105365.0,0.03588888888888879
5810,1105425.0,0.036005555555555464
5811,1105485.0,0.03554537037037027
5812,1105545.0,0.035425925925925826
5813,1105605.0,0.03564907407407397
5814,1105665.0,0.035636111111111014
5815,1105725.0,0.03578796296296286
5816,1105785.0,0.03583333333333323
5817,1105845.0,0.0357287037037036
5818,1105905.0,0.035794444444444344
5819,1105968.0,0.03603148148148138
5820,1106025.0,0.036067592592592485
5821,1106085.0,0.03616203703703694
5822,1106145.0,0.035858333333333235
5823,1106205.0,0.035599074074073984
5824,1106265.0,0.035288888888888786
5825,1106325.0,0.035033333333333236
5826,1106385.0,0.03509351851851842
5827,1106445.0,0.035172222222222126
5828,1106505.0,0.035528703703703604
5829,1106565.0,0.035378703703703614
5830,1106625.0,0.03534537037037027
5831,1106685.0,0.035562962962962866
5832,1106745.0,0.03548148148148138
5833,1106805.0,0.034999999999999906
5834,1106865.0,0.034547222222222125
5835,1106925.0,0.034140740740740645
5836,1106985.0,0.03388518518518509
5837,1107045.0,0.03357037037037027
5838,1107105.0,0.033368518518518415
5839,1107165.0,0.033194444444444346
5840,1107225.0,0.03288611111111101
5841,1107285.0,0.03256851851851842
5842,1107345.0,0.03229444444444435
5843,1107405.0,0.03227037037037028
5844,1107465.0,0.03176481481481472
5845,1107525.0,0.0315462962962962
5846,1107585.0,0.031954629629629534
5847,1107645.0,0.03207685185185175
5848,1107705.0,0.032041666666666566
5849,1107765.0,0.032041666666666566
5850,1107825.0,0.032069444444444345
5851,1107885.0,0.03200462962962953
5852,1107945.0,0.03183240740740731
5853,1108005.0,0.03202037037037028
5854,1108065.0,0.03209074074074065
5855,1108125.0,0.03166111111111102
5856,1108185.0,0.031519444444444364
5857,1108245.0,0.031300925925925836
5858,1108305.0,0.031137037037036942
5859,1108365.0,0.030837037037036944
5860,1108425.0,0.030712037037036944
5861,1108485.0,0.03037777777777768
5862,1108545.0,0.02998796296296287
5863,1108605.0,0.030147222222222124
5864,1108665.0,0.030077777777777683
5865,1108725.0,0.02996111111111101
5866,1108785.0,0.030009259259259163
5867,1108845.0,0.029612037037036937
5868,1108905.0,0.029303703703703606
5869,1108965.0,0.029128703703703605
5870,1109025.0,0.0290212962962962
5871,1109085.0,0.028849074074073975
5872,1109145.0,0.02879351851851842
5873,1109205.0,0.028550925925925823
5874,1109265.0,0.02839722222222212
5875,1109325.0,0.0282037037037036
5876,1109385.0,0.028129629629629532
5877,1109445.0,0.028027777777777683
5878,1109505.0,0.028118518518518414
5879,1109565.0,0.027669444444444344
5880,1109625.0,0.02747777777777768
5881,1109685.0,0.02761203703703693
5882,1109745.0,0.02764074074074064
5883,1109805.0,0.027658333333333236
5884,1109865.0,0.02742685185185175
5885,1109925.0,0.02729074074074064
5886,1109985.0,0.02716296296296286
5887,1110048.0,0.02701111111111101
5888,1110105.0,0.026738888888888788
5889,1110165.0,0.026550925925925825
5890,1110225.0,0.02624259259259249
5891,1110285.0,0.026072222222222118
5892,1110345.0,0.025814814814814714
5893,1110405.0,0.0254749999999999
5894,1110465.0,0.025553703703703603
5895,1110525.0,0.0257212962962962
5896,1110585.0,0.025460185185185086
5897,1110645.0,0.02548888888888879
5898,1110705.0,0.025422222222222124
5899,1110765.0,0.025398148148148048
5900,1110825.0,0.025258333333333237
5901,1110885.0,0.02528240740740731
5902,1110945.0,0.02536759259259249
5903,1111005.0,0.02540370370370361
5904,1111065.0,0.025327777777777682
5905,1111125.0,0.02502037037037027
5906,1111185.0,0.02484074074074064
5907,1111245.0,0.02452777777777768
5908,1111305.0,0.024348148148148046
5909,1111365.0,0.02436759259259249
5910,1111425.0,0.02483981481481471
5911,1111488.0,0.025142592592592487
5912,1111545.0,0.02550555555555545
5913,1111605.0,0.02559537037037026
5914,1111665.0,0.02573518518518508
5915,1111725.0,0.025794444444444342
5916,1111785.0,0.02538796296296286
5917,1111845.0,0.025188888888888785
5918,1111905.0,0.024973148148148043
5919,1111965.0,0.024847222222222118
5920,1112025.0,0.024864814814814708
5921,1112085.0,0.024824999999999896
5922,1112145.0,0.024858333333333232
5923,1112205.0,0.02478518518518508
5924,1112265.0,0.02514074074074064
5925,1112325.0,0.02533981481481471
5926,1112385.0,0.025307407407407303
5927,1112445.0,0.025226851851851747
5928,1112505.0,0.02501666666666656
5929,1112565.0,0.024748148148148044
5930,1112625.0,0.02449907407407397
5931,1112685.0,0.02457222222222212
5932,1112745.0,0.024488888888888786
5933,1112805.0,0.02454999999999989
5934,1112865.0,0.024557407407407302
5935,1112928.0,0.024558333333333227
5936,1112985.0,0.0245787037037036
5937,1113045.0,0.02464444444444434
5938,1113105.0,0.024472222222222118
5939,1113165.0,0.02419907407407397
5940,1113225.0,0.024425925925925827
5941,1113285.0,0.024664814814814712
5942,1113345.0,0.02493518518518508
5943,1113405.0,0.02508611111111101
5944,1113465.0,0.025202777777777675
5945,1113525.0,0.025385185185185084
5946,1113585.0,0.02550277777777768
5947,1113645.0,0.025532407407407302
5948,1113705.0,0.025713888888888783
5949,1113765.0,0.02589444444444434
5950,1113825.0,0.025750925925925826
5951,1113885.0,0.025520370370370263
5952,1113945.0,0.025364814814814708
5953,1114005.0,0.025154629629629527
5954,1114065.0,0.025541666666666563
5955,1114125.0,0.02578518518518508
5956,1114185.0,0.02589907407407397
5957,1114245.0,0.026038888888888785
5958,1114308.0,0.025962962962962858
5959,1114365.0,0.02593055555555545
5960,1114425.0,0.02601203703703693
5961,1114485.0,0.026019444444444338
5962,1114545.0,0.025798148148148042
5963,1114605.0,0.025637962962962856
5964,1114665.0,0.02551018518518508
5965,1114725.0,0.02551018518518508
5966,1114785.0,0.02546481481481471
5967,1114845.0,0.02544814814814804
5968,1114905.0,0.025496296296296187
5969,1114965.0,0.02548425925925915
5970,1115025.0,0.02558425925925915
5971,1115085.0,0.025887962962962856
5972,1115145.0,0.026167592592592485
5973,1115205.0,0.026461111111111005
5974,1115265.0,0.026533333333333232
5975,1115325.0,0.02611296296296286
5976,1115385.0,0.02578981481481471
5977,1115445.0,0.025666666666666563
5978,1115505.0,0.02549444444444434
5979,1115565.0,0.025373148148148044
5980,1115625.0,0.02544259259259249
5981,1115685.0,0.025546296296296192
5982,1115745.0,0.025645370370370263
5983,1115805.0,0.025629629629629527
5984,1115865.0,0.02563055555555545
5985,1115925.0,0.025639814814814716
5986,1115985.0,0.02619074074074064
5987,1116045.0,0.026257407407407302
5988,1116105.0,0.026364814814814716
5989,1116165.0,0.026459259259259158
5990,1116225.0,0.026250925925925823
5991,1116285.0,0.026143518518518417
5992,1116345.0,0.026170370370370268
5993,1116405.0,0.026100925925925826
5994,1116465.0,0.02611111111111101
5995,1116525.0,0.02595185185185175
5996,1116585.0,0.026073148148148047
5997,1116645.0,0.026126851851851752
5998,1116705.0,0.026130555555555456
5999,1116765.0,0.02599259259259249
6000,1116825.0,0.02593796296296286
6001,1116885.0,0.025949999999999897
6002,1116945.0,0.026138888888888785
6003,1117005.0,0.02618981481481471
6004,1117065.0,0.026195370370370268
6005,1117125.0,0.02655185185185175
6006,1117185.0,0.0264962962962962
6007,1117245.0,0.026515740740740642
6008,1117305.0,0.02632685185185175
6009,1117365.0,0.026314814814814715
6010,1117425.0,0.026244444444444345
6011,1117485.0,0.02624166666666657
6012,1117545.0,0.026387962962962863
6013,1117605.0,0.026488888888888788
6014,1117665.0,0.026658333333333232
6015,1117725.0,0.02679166666666656
6016,1117785.0,0.026907407407407304
6017,1117845.0,0.02706666666666656
6018,1117905.0,0.027497222222222117
6019,1117965.0,0.027811111111111002
6020,1118025.0,0.027790740740740637
6021,1118085.0,0.027734259259259156
6022,1118145.0,0.02786481481481471
6023,1118205.0,0.027717592592592485
6024,1118265.0,0.027738888888888785
6025,1118325.0,0.02790925925925915
6026,1118385.0,0.027477777777777667
6027,1118445.0,0.027321296296296187
6028,1118505.0,0.027017592592592482
6029,1118565.0,0.026779629629629518
6030,1118625.0,0.026711111111111
6031,1118685.0,0.026767592592592482
6032,1118745.0,0.02672962962962952
6033,1118805.0,0.0269398148148147
6034,1118865.0,0.02698148148148137
6035,1118925.0,0.027029629629629515
6036,1118985.0,0.027036111111111
6037,1119045.0,0.027006481481481368
6038,1119105.0,0.02705555555555544
6039,1119165.0,0.027077777777777663
6040,1119225.0,0.027097222222222103
6041,1119285.0,0.027195370370370252
6042,1119345.0,0.02730740740740729
6043,1119405.0,0.026924074074073958
6044,1119465.0,0.026924074074073958
6045,1119525.0,0.026909259259259143
6046,1119585.0,0.026637962962962846
6047,1119645.0,0.026564814814814697
6048,1119705.0,0.027139814814814697
6049,1119765.0,0.0273185185185184
6050,1119825.0,0.027172222222222105
6051,1119885.0,0.027086111111111
6052,1119945.0,0.027008333333333214
6053,1120005.0,0.027010185185185068
6054,1120065.0,0.027001851851851742
6055,1120125.0,0.026999999999999885
6056,1120188.0,0.027241666666666556
6057,1120245.0,0.027784259259259144
6058,1120305.0,0.02773240740740729
6059,1120365.0,0.027775925925925808
6060,1120428.0,0.027772222222222108
6061,1120485.0,0.027912037037036926
6062,1120545.0,0.02819259259259248
6063,1120605.0,0.0287935185185184
6064,1120665.0,0.02922037037037025
6065,1120725.0,0.02926666666666655
6066,1120785.0,0.02924444444444433
6067,1120845.0,0.029351851851851737
6068,1120905.0,0.029763888888888774
6069,1120965.0,0.030234259259259145
6070,1121025.0,0.030724074074073963
6071,1121085.0,0.031026851851851736
6072,1121145.0,0.03098055555555544
6073,1121205.0,0.031207407407407288
6074,1121265.0,0.030898148148148032
6075,1121325.0,0.031017592592592475
6076,1121385.0,0.03141388888888877
6077,1121445.0,0.031624074074073964
6078,1121505.0,0.03174537037037025
6079,1121565.0,0.031875925925925815
6080,1121625.0,0.032482407407407286
6081,1121685.0,0.032779629629629506
6082,1121745.0,0.03267407407407395
6083,1121805.0,0.03267870370370358
6084,1121865.0,0.03265833333333321
6085,1121925.0,0.03268333333333321
6086,1121985.0,0.03289259259259246
6087,1122045.0,0.03326574074074062
6088,1122105.0,0.03370555555555543
6089,1122165.0,0.03392499999999988
6090,1122225.0,0.03346666666666655
6091,1122285.0,0.03314537037037025
6092,1122345.0,0.033006481481481366
6093,1122405.0,0.03306111111111098
6094,1122465.0,0.03317499999999987
6095,1122525.0,0.033342592592592465
6096,1122585.0,0.03354999999999987
6097,1122645.0,0.03381759259259246
6098,1122705.0,0.03404444444444432
6099,1122765.0,0.034025925925925786
6100,1122825.0,0.034275925925925786
6101,1122885.0,0.034562037037036905
6102,1122945.0,0.034849074074073935
6103,1123005.0,0.03519999999999987
6104,1123065.0,0.03519259259259246
6105,1123125.0,0.03521666666666653
6106,1123185.0,0.03557129629629616
6107,1123245.0,0.035831481481481346
6108,1123305.0,0.03591388888888875
6109,1123365.0,0.036140740740740605
6110,1123425.0,0.03641759259259246
6111,1123485.0,0.03657777777777765
6112,1123545.0,0.037188888888888764
6113,1123605.0,0.03764444444444432
6114,1123665.0,0.037698148148148015
6115,1123725.0,0.037771296296296164
6116,1123785.0,0.03774814814814802
6117,1123845.0,0.03804259259259246
6118,1123908.0,0.037991666666666535
6119,1123965.0,0.03811018518518505
6120,1124025.0,0.037887037037036914
6121,1124085.0,0.03761759259259246
6122,1124145.0,0.03746111111111098
6123,1124205.0,0.037559259259259126
6124,1124265.0,0.037540740740740604
6125,1124325.0,0.037571296296296165
6126,1124385.0,0.03759629629629616
6127,1124445.0,0.03780555555555541
6128,1124505.0,0.03808796296296282
6129,1124565.0,0.03827962962962948
6130,1124625.0,0.03837222222222208
6131,1124685.0,0.03836759259259245
6132,1124745.0,0.038381481481481336
6133,1124805.0,0.03838796296296282
6134,1124865.0,0.038129629629629486
6135,1124925.0,0.038039814814814665
6136,1124985.0,0.03830648148148134
6137,1125045.0,0.038551851851851705
6138,1125105.0,0.038822222222222084
6139,1125165.0,0.03889629629629615
6140,1125225.0,0.039026851851851715
6141,1125285.0,0.03933981481481468
6142,1125348.0,0.039417592592592456
6143,1125405.0,0.03960555555555542
6144,1125465.0,0.040234259259259116
6145,1125525.0,0.040367592592592455
6146,1125585.0,0.04038888888888875
6147,1125645.0,0.040445370370370236
6148,1125705.0,0.04071481481481468
6149,1125765.0,0.041014814814814685
6150,1125825.0,0.04120555555555543
6151,1125885.0,0.041062962962962836
6152,1125945.0,0.04094814814814802
6153,1126005.0,0.04084722222222209
6154,1126065.0,0.04104166666666653
6155,1126125.0,0.04123518518518505
6156,1126185.0,0.04126666666666653
6157,1126245.0,0.04118518518518505
6158,1126305.0,0.04135925925925912
6159,1126365.0,0.04150648148148135
6160,1126425.0,0.041469444444444316
6161,1126485.0,0.041895370370370236
6162,1126545.0,0.04176759259259246
6163,1126605.0,0.0417583333333332
6164,1126665.0,0.04175185185185172
6165,1126725.0,0.0418333333333332
6166,1126785.0,0.04162777777777765
6167,1126845.0,0.04179351851851839
6168,1126905.0,0.04206944444444431
6169,1126965.0,0.04200648148148135
6170,1127025.0,0.0422083333333332
6171,1127085.0,0.042358333333333185
6172,1127145.0,0.042360185185185036
6173,1127205.0,0.042462037037036895
6174,1127265.0,0.04240555555555541
6175,1127325.0,0.042540740740740594
6176,1127385.0,0.04258796296296282
6177,1127445.0,0.043018518518518366
6178,1127505.0,0.04329629629629615
6179,1127565.0,0.043317592592592435
6180,1127625.0,0.043223148148148
6181,1127685.0,0.043192592592592435
6182,1127745.0,0.04296296296296282
6183,1127805.0,0.043187037037036885
6184,1127865.0,0.04339814814814799
6185,1127925.0,0.04316296296296281
6186,1127985.0,0.04310648148148133
6187,1128045.0,0.04308888888888874
6188,1128105.0,0.04298240740740726
6189,1128165.0,0.04305370370370356
6190,1128225.0,0.04296018518518504
6191,1128285.0,0.042848148148147996
6192,1128345.0,0.04315925925925911
6193,1128405.0,0.0432194444444443
6194,1128465.0,0.04325648148148133
6195,1128525.0,0.043315740740740585
6196,1128585.0,0.043250925925925776
6197,1128645.0,0.04337962962962948
6198,1128705.0,0.04323981481481466
6199,1128765.0,0.04311481481481466
6200,1128825.0,0.04324166666666651
6201,1128885.0,0.04349999999999984
6202,1128945.0,0.0435055555555554
6203,1129005.0,0.04373611111111096
6204,1129065.0,0.04393333333333318
6205,1129125.0,0.04396574074074058
6206,1129185.0,0.043922222222222064
6207,1129245.0,0.0440629629629628
6208,1129305.0,0.0447629629629628
6209,1129365.0,0.04524444444444428
6210,1129425.0,0.04571111111111095
6211,1129485.0,0.04573333333333317
6212,1129545.0,0.045687037037036866
6213,1129605.0,0.04530555555555539
6214,1129665.0,0.045550925925925766
6215,1129725.0,0.0458166666666665
6216,1129785.0,0.046051851851851684
6217,1129845.0,0.046392592592592416
6218,1129905.0,0.04643703703703687
6219,1129965.0,0.046375925925925765
6220,1130025.0,0.04645833333333317
6221,1130085.0,0.046746296296296126
6222,1130145.0,0.04677499999999983
6223,1130205.0,0.047010185185185016
6224,1130265.0,0.04735277777777761
6225,1130325.0,0.04751759259259242
6226,1130385.0,0.047564814814814636
6227,1130445.0,0.04767129629629612
6228,1130505.0,0.04715740740740723
6229,1130565.0,0.047149999999999824
6230,1130625.0,0.047458333333333165
6231,1130685.0,0.04761944444444427
6232,1130745.0,0.04784722222222205
6233,1130805.0,0.048106481481481306
6234,1130865.0,0.048330555555555384
6235,1130925.0,0.048474074074073885
6236,1130985.0,0.04828333333333315
6237,1131045.0,0.0478888888888887
6238,1131105.0,0.04783240740740722
6239,1131165.0,0.047906481481481286
6240,1131225.0,0.047716666666666484
6241,1131285.0,0.04739074074074055
6242,1131345.0,0.04770185185185166
6243,1131405.0,0.04725092592592574
6244,1131465.0,0.0470888888888887
6245,1131525.0,0.04730092592592574
6246,1131585.0,0.0476425925925924
6247,1131645.0,0.04781851851851833
6248,1131705.0,0.04768425925925907
6249,1131765.0,0.04737870370370351
6250,1131828.0,0.047121296296296106
6251,1131885.0,0.047117592592592406
6252,1131945.0,0.04712870370370352
6253,1132005.0,0.04705925925925908
6254,1132065.0,0.04757499999999982
6255,1132125.0,0.047630555555555384
6256,1132185.0,0.04751203703703686
6257,1132245.0,0.04748240740740723
6258,1132305.0,0.047753703703703534
6259,1132365.0,0.047842592592592416
6260,1132425.0,0.04741296296296279
6261,1132485.0,0.0469740740740739
6262,1132545.0,0.047274999999999824
6263,1132605.0,0.047499074074073895
6264,1132665.0,0.04779999999999982
6265,1132725.0,0.04800185185185167
6266,1132785.0,0.047912037037036864
6267,1132845.0,0.04770185185185167
6268,1132905.0,0.04749907407407389
6269,1132965.0,0.04745740740740722
6270,1133025.0,0.04770092592592574
6271,1133085.0,0.0480175925925924
6272,1133145.0,0.04801851851851833
6273,1133205.0,0.04801481481481462
6274,1133265.0,0.047918518518518326
6275,1133325.0,0.047979629629629435
6276,1133385.0,0.048097222222222034
6277,1133445.0,0.04799907407407388
6278,1133505.0,0.047912037037036836
6279,1133565.0,0.04794537037037018
6280,1133625.0,0.04793703703703685
6281,1133685.0,0.04787407407407388
6282,1133745.0,0.04789166666666647
6283,1133805.0,0.047753703703703514
6284,1133865.0,0.04754166666666647
6285,1133925.0,0.04708796296296276
6286,1133985.0,0.04672685185185165
6287,1134045.0,0.04706481481481462
6288,1134105.0,0.047195370370370165
6289,1134165.0,0.04732962962962943
6290,1134225.0,0.047182407407407215
6291,1134285.0,0.04708611111111091
6292,1134345.0,0.04641296296296277
6293,1134405.0,0.04594722222222203
6294,1134465.0,0.04626296296296277
6295,1134525.0,0.04639166666666647
6296,1134585.0,0.0464962962962961
6297,1134645.0,0.04620092592592573
6298,1134705.0,0.0460462962962961
6299,1134765.0,0.04651111111111091
6300,1134825.0,0.046919444444444236
6301,1134885.0,0.047290740740740536
6302,1134945.0,0.04739629629629609
6303,1135005.0,0.047365740740740535
6304,1135065.0,0.0472824074074072
6305,1135125.0,0.04718148148148128
6306,1135185.0,0.047209259259259055
6307,1135245.0,0.04721018518518498
6308,1135305.0,0.04702962962962942
6309,1135365.0,0.04685277777777757
6310,1135425.0,0.047077777777777566
6311,1135485.0,0.04730462962962943
6312,1135545.0,0.04748796296296276
6313,1135605.0,0.0481999999999998
6314,1135665.0,0.04845277777777757
6315,1135725.0,0.04864814814814795
6316,1135785.0,0.04829537037037017
6317,1135845.0,0.048192592592592384
6318,1135905.0,0.04805462962962943
6319,1135965.0,0.04828796296296276
6320,1136025.0,0.04840833333333313
6321,1136085.0,0.04830185185185165
6322,1136145.0,0.04834537037037017
6323,1136205.0,0.048187962962962766
6324,1136265.0,0.04770648148148129
6325,1136325.0,0.0476888888888887
6326,1136385.0,0.04795277777777759
6327,1136445.0,0.04813611111111092
6328,1136505.0,0.04796111111111092
6329,1136565.0,0.04793703703703685
6330,1136625.0,0.047760185185185
6331,1136685.0,0.04764444444444425
6332,1136745.0,0.04764999999999981
6333,1136805.0,0.04765925925925907
6334,1136865.0,0.047513888888888696
6335,1136925.0,0.04745555555555536
6336,1136985.0,0.04750370370370351
6337,1137045.0,0.04766574074074055
6338,1137105.0,0.04755833333333314
6339,1137165.0,0.047821296296296105
6340,1137225.0,0.04799537037037018
6341,1137285.0,0.047635185185185
6342,1137345.0,0.04787962962962944
6343,1137405.0,0.04824166666666648
6344,1137465.0,0.04852777777777759
6345,1137525.0,0.04850277777777759
6346,1137585.0,0.048187962962962766
6347,1137645.0,0.04800277777777759
6348,1137705.0,0.04790185185185166
6349,1137765.0,0.04802222222222203
6350,1137825.0,0.047826851851851655
6351,1137885.0,0.04757870370370351
6352,1137945.0,0.04770555555555536
6353,1138005.0,0.04751851851851832
6354,1138065.0,0.04767314814814795
6355,1138125.0,0.04783796296296276
6356,1138185.0,0.04792407407407388
6357,1138245.0,0.047678703703703515
6358,1138305.0,0.047529629629629436
6359,1138365.0,0.047545370370370175
6360,1138425.0,0.047803703703703515
6361,1138485.0,0.048118518518518325
6362,1138545.0,0.04820092592592573
6363,1138605.0,0.0479675925925924
6364,1138665.0,0.04805277777777758
6365,1138725.0,0.04811296296296277
6366,1138785.0,0.04834814814814795
6367,1138845.0,0.048680555555555366
6368,1138905.0,0.04899444444444425
6369,1138965.0,0.04886481481481462
6370,1139025.0,0.048937037037036835
6371,1139085.0,0.04912777777777758
6372,1139145.0,0.04890277777777758
6373,1139205.0,0.049024074074073866
6374,1139265.0,0.04915833333333313
6375,1139325.0,0.049582407407407214
6376,1139385.0,0.04992407407407387
6377,1139445.0,0.0500287037037035
6378,1139505.0,0.05003333333333313
6379,1139565.0,0.05022962962962943
6380,1139625.0,0.050440740740740536
6381,1139685.0,0.05043611111111091
6382,1139745.0,0.050457407407407215
6383,1139805.0,0.05041944444444425
6384,1139865.0,0.05051666666666647
6385,1139925.0,0.050515740740740535
6386,1139985.0,0.05036203703703684
6387,1140045.0,0.05018240740740721
6388,1140105.0,0.0498425925925924
6389,1140165.0,0.049509259259259066
6390,1140225.0,0.04923796296296277
6391,1140285.0,0.04957777777777758
6392,1140345.0,0.049951851851851664
6393,1140405.0,0.050203703703703514
6394,1140465.0,0.04996481481481462
6395,1140525.0,0.04960740740740721
6396,1140585.0,0.04948240740740721
6397,1140645.0,0.04939074074074055
6398,1140705.0,0.049386111111110916
6399,1140765.0,0.050020370370370174
6400,1140825.0,0.050136111111110916
6401,1140888.0,0.050024999999999806
6402,1140945.0,0.05009351851851832
6403,1141005.0,0.05017777777777758
6404,1141065.0,0.05016944444444425
6405,1141125.0,0.0501787037037035
6406,1141185.0,0.050313888888888686
6407,1141245.0,0.05029074074074054
6408,1141305.0,0.050343518518518315
6409,1141365.0,0.050352777777777566
6410,1141425.0,0.0500824074074072
6411,1141485.0,0.05033055555555535
6412,1141545.0,0.05030833333333313
6413,1141605.0,0.050232407407407205
6414,1141665.0,0.05014166666666647
6415,1141725.0,0.050258333333333134
6416,1141785.0,0.050472222222222016
6417,1141845.0,0.05061944444444425
6418,1141905.0,0.050697222222222026
6419,1141965.0,0.05060462962962943
6420,1142025.0,0.05094907407407388
6421,1142085.0,0.05105277777777758
6422,1142145.0,0.05106111111111091
6423,1142205.0,0.05134166666666647
6424,1142265.0,0.051411111111110915
6425,1142325.0,0.05146018518518498
6426,1142385.0,0.051267592592592386
6427,1142445.0,0.051196296296296094
6428,1142505.0,0.051269444444444236
6429,1142565.0,0.05137777777777758
6430,1142625.0,0.05135462962962943
6431,1142685.0,0.05111111111111091
6432,1142745.0,0.05086944444444425
6433,1142805.0,0.051250925925925735
6434,1142865.0,0.05114907407407388
6435,1142925.0,0.051205555555555365
6436,1142985.0,0.0512212962962961
6437,1143045.0,0.05117962962962943
6438,1143105.0,0.050970370370370166
6439,1143165.0,0.05091944444444425
6440,1143225.0,0.05100740740740721
6441,1143285.0,0.05131018518518499
6442,1143345.0,0.05118425925925906
6443,1143405.0,0.05086944444444425
6444,1143465.0,0.05082962962962943
6445,1143525.0,0.05119444444444425
6446,1143585.0,0.0515175925925924
6447,1143645.0,0.05186851851851833
6448,1143705.0,0.05198611111111092
6449,1143765.0,0.052019444444444264
6450,1143825.0,0.05189166666666648
6451,1143885.0,0.0517777777777776
6452,1143945.0,0.05178796296296278
6453,1144005.0,0.05182685185185167
6454,1144065.0,0.051800925925925737
6455,1144125.0,0.05150370370370352
6456,1144185.0,0.05121574074074056
6457,1144245.0,0.051358333333333145
6458,1144305.0,0.05157222222222203
6459,1144365.0,0.05179629629629609
6460,1144425.0,0.051827777777777584
6461,1144485.0,0.05185925925925906
6462,1144545.0,0.05160277777777758
6463,1144605.0,0.05153333333333314
6464,1144665.0,0.051568518518518326
6465,1144725.0,0.05184444444444425
6466,1144785.0,0.05189166666666647
6467,1144845.0,0.051390740740740536
6468,1144905.0,0.05159722222222202
6469,1144965.0,0.05158518518518498
6470,1145025.0,0.05181574074074054
6471,1145085.0,0.052052777777777566
6472,1145145.0,0.05243888888888868
6473,1145205.0,0.052676851851851635
6474,1145265.0,0.052425925925925716
6475,1145325.0,0.052423148148147934
6476,1145388.0,0.052491666666666464
6477,1145445.0,0.05263796296296276
6478,1145505.0,0.052858333333333125
6479,1145565.0,0.05300925925925905
6480,1145628.0,0.052870370370370165
6481,1145685.0,0.0527398148148146
6482,1145745.0,0.052874074074073865
6483,1145805.0,0.05300648148148127
6484,1145865.0,0.05339166666666645
6485,1145925.0,0.05357685185185163
6486,1145985.0,0.05345925925925904
6487,1146045.0,0.05311296296296274
6488,1146105.0,0.05356203703703682
6489,1146165.0,0.05377129629629608
6490,1146225.0,0.05385833333333311
6491,1146285.0,0.053825925925925715
6492,1146345.0,0.053759259259259035
6493,1146405.0,0.0532648148148146
6494,1146465.0,0.0531648148148146
6495,1146525.0,0.053117592592592376
6496,1146585.0,0.05347314814814793
6497,1146645.0,0.0535148148148146
6498,1146705.0,0.053511111111110884
6499,1146765.0,0.05329814814814793
6500,1146825.0,0.053075925925925714
6501,1146885.0,0.05311574074074052
6502,1146945.0,0.05323611111111089
6503,1147005.0,0.05315555555555533
6504,1147065.0,0.052979629629629404
6505,1147125.0,0.05270277777777755
6506,1147185.0,0.05224907407407384
6507,1147245.0,0.05203425925925903
6508,1147305.0,0.052007407407407176
6509,1147365.0,0.05185648148148125
6510,1147425.0,0.051849999999999764
6511,1147485.0,0.051892592592592365
6512,1147545.0,0.05188518518518495
6513,1147605.0,0.05169444444444421
6514,1147665.0,0.0517370370370368
6515,1147725.0,0.05161018518518496
6516,1147785.0,0.05161388888888866
6517,1147845.0,0.051420370370370144
6518,1147905.0,0.051399999999999765
6519,1147965.0,0.05108055555555533
6520,1148025.0,0.05104166666666645
6521,1148085.0,0.05102685185185163
6522,1148145.0,0.050862962962962735
6523,1148205.0,0.05058796296296274
6524,1148265.0,0.050237037037036816
6525,1148325.0,0.05028888888888867
6526,1148385.0,0.050272222222221996
6527,1148445.0,0.050375925925925706
6528,1148505.0,0.050227777777777566
6529,1148565.0,0.05003703703703682
6530,1148625.0,0.05013425925925904
6531,1148685.0,0.0502648148148146
6532,1148745.0,0.05009444444444423
6533,1148808.0,0.049953703703703486
6534,1148865.0,0.049672222222222014
6535,1148925.0,0.049271296296296084
6536,1148985.0,0.04913425925925904
6537,1149045.0,0.048961111111110886
6538,1149105.0,0.04905185185185163
6539,1149165.0,0.049019444444444234
6540,1149225.0,0.048788888888888673
6541,1149285.0,0.04868888888888867
6542,1149345.0,0.048828703703703485
6543,1149405.0,0.048935185185184964
6544,1149465.0,0.04869074074074052
6545,1149525.0,0.048598148148147925
6546,1149585.0,0.04843333333333311
6547,1149645.0,0.04814907407407385
6548,1149705.0,0.04776388888888867
6549,1149765.0,0.047628703703703486
6550,1149825.0,0.04738888888888867
6551,1149885.0,0.047084259259259034
6552,1149945.0,0.04668888888888867
6553,1150005.0,0.04628055555555534
6554,1150065.0,0.04639629629629608
6555,1150125.0,0.04594999999999978
6556,1150185.0,0.045624074074073866
6557,1150245.0,0.04528055555555534
6558,1150305.0,0.04513148148148127
6559,1150365.0,0.044870370370370165
6560,1150425.0,0.0446361111111109
6561,1150485.0,0.044473148148147935
6562,1150545.0,0.044433333333333117
6563,1150605.0,0.04431574074074053
6564,1150665.0,0.04401574074074053
6565,1150725.0,0.04380925925925905
6566,1150785.0,0.04388148148148127
6567,1150845.0,0.0439574074074072
6568,1150905.0,0.043648148148147936
6569,1150965.0,0.04349259259259238
6570,1151025.0,0.043314814814814605
6571,1151085.0,0.042975925925925716
6572,1151145.0,0.042646296296296085
6573,1151205.0,0.042343518518518315
6574,1151265.0,0.04220462962962942
6575,1151325.0,0.04217499999999979
6576,1151385.0,0.041847222222222015
6577,1151445.0,0.04160185185185164
6578,1151505.0,0.041468518518518314
6579,1151565.0,0.04081666666666645
6580,1151625.0,0.040538888888888666
6581,1151685.0,0.04034444444444423
6582,1151745.0,0.04012592592592571
6583,1151805.0,0.03997499999999978
6584,1151865.0,0.03973055555555534
6585,1151925.0,0.03957314814814794
6586,1151985.0,0.03943796296296275
6587,1152045.0,0.03947777777777756
6588,1152105.0,0.03941944444444423
6589,1152165.0,0.03928333333333312
6590,1152225.0,0.039327777777777566
6591,1152285.0,0.03891944444444423
6592,1152345.0,0.0386935185185183
6593,1152405.0,0.038623148148147934
6594,1152465.0,0.03849907407407385
6595,1152525.0,0.03822314814814793
6596,1152585.0,0.03796018518518497
6597,1152645.0,0.037624999999999784
6598,1152705.0,0.03737870370370349
6599,1152765.0,0.03715370370370348
6600,1152825.0,0.036809259259259035
6601,1152885.0,0.036579629629629414
6602,1152945.0,0.03587407407407385
6603,1153005.0,0.03536574074074052
6604,1153065.0,0.03494537037037015
6605,1153125.0,0.03460833333333311
6606,1153185.0,0.034343518518518294
6607,1153245.0,0.034077777777777554
6608,1153305.0,0.033806481481481264
6609,1153365.0,0.03353888888888867
6610,1153425.0,0.03336666666666645
6611,1153485.0,0.03329814814814793
6612,1153545.0,0.03317962962962941
6613,1153605.0,0.03257407407407386
6614,1153665.0,0.032088888888888674
6615,1153725.0,0.03170185185185164
6616,1153785.0,0.031406481481481265
6617,1153845.0,0.031138888888888668
6618,1153905.0,0.031062962962962744
6619,1153965.0,0.03079907407407385
6620,1154025.0,0.030669444444444225
6621,1154085.0,0.03048518518518497
6622,1154145.0,0.030412962962962743
6623,1154205.0,0.030543518518518293
6624,1154265.0,0.030383333333333113
6625,1154325.0,0.029876851851851623
6626,1154385.0,0.029448148148147925
6627,1154445.0,0.02905740740740718
6628,1154505.0,0.028752777777777558
6629,1154565.0,0.02845555555555533
6630,1154625.0,0.028277777777777555
6631,1154685.0,0.02821111111111089
6632,1154745.0,0.028054629629629402
6633,1154805.0,0.02794351851851829
6634,1154868.0,0.027848148148147924
6635,1154925.0,0.02784907407407385
6636,1154985.0,0.027871296296296068
6637,1155045.0,0.02743333333333311
6638,1155105.0,0.027086111111110887
6639,1155165.0,0.02672407407407385
6640,1155225.0,0.02650648148148126
6641,1155285.0,0.026216666666666444
6642,1155345.0,0.02637685185185163
6643,1155405.0,0.026508333333333117
6644,1155465.0,0.026349074074073855
6645,1155525.0,0.026322222222222004
6646,1155585.0,0.02646388888888867
6647,1155645.0,0.02637499999999978
6648,1155705.0,0.02600462962962941
6649,1155765.0,0.025694444444444225
6650,1155825.0,0.0253435185185183
6651,1155885.0,0.02505277777777756
6652,1155945.0,0.024719444444444225
6653,1156005.0,0.024459259259259042
6654,1156065.0,0.024348148148147928
6655,1156125.0,0.024191666666666445
6656,1156185.0,0.023996296296296075
6657,1156245.0,0.023824999999999773
6658,1156305.0,0.023683333333333112
6659,1156365.0,0.02294907407407385
6660,1156425.0,0.022624074074073845
6661,1156485.0,0.022375925925925702
6662,1156545.0,0.02199629629629608
6663,1156605.0,0.02162129629629608
6664,1156665.0,0.021219444444444225
6665,1156725.0,0.0209898148148146
6666,1156788.0,0.02088148148148126
6667,1156845.0,0.021128703703703487
6668,1156905.0,0.020530555555555337
6669,1156965.0,0.020315740740740523
6670,1157025.0,0.02013148148148126
6671,1157085.0,0.02000092592592571
6672,1157145.0,0.01996111111111089
6673,1157205.0,0.0199648148148146
6674,1157268.0,0.01985833333333312
6675,1157325.0,0.01971018518518497
6676,1157385.0,0.019388888888888674
6677,1157445.0,0.019286111111110896
6678,1157505.0,0.01931574074074053
6679,1157565.0,0.019394444444444228
6680,1157625.0,0.019387037037036817
6681,1157685.0,0.019270370370370157
6682,1157745.0,0.01912314814814793
6683,1157805.0,0.019222222222222002
6684,1157865.0,0.01936111111111089
6685,1157925.0,0.01952870370370349
6686,1157985.0,0.01969722222222201
6687,1158045.0,0.01981944444444423
6688,1158105.0,0.019787037037036825
6689,1158165.0,0.01969629629629608
6690,1158225.0,0.019768518518518303
6691,1158285.0,0.019646296296296082
6692,1158345.0,0.019570370370370155
6693,1158405.0,0.01971666666666645
6694,1158465.0,0.019629629629629414
6695,1158525.0,0.019673148148147933
6696,1158585.0,0.019581481481481262
6697,1158645.0,0.019671296296296083
6698,1158705.0,0.01970462962962941
6699,1158765.0,0.01969814814814793
6700,1158825.0,0.0196648148148146
6701,1158885.0,0.019669444444444226
6702,1158945.0,0.01970833333333312
6703,1159005.0,0.019717592592592374
6704,1159065.0,0.019878703703703492
6705,1159125.0,0.019799999999999787
6706,1159185.0,0.01982777777777757
6707,1159245.0,0.01957037037037016
6708,1159305.0,0.019445370370370158
6709,1159365.0,0.019348148148147937
6710,1159425.0,0.019244444444444238
6711,1159485.0,0.019112962962962752
6712,1159545.0,0.01895833333333312
6713,1159605.0,0.018889814814814603
6714,1159665.0,0.018946296296296083
6715,1159725.0,0.018974999999999787
6716,1159785.0,0.018781481481481267
6717,1159845.0,0.018709259259259044
6718,1159905.0,0.01851018518518497
6719,1159965.0,0.018478703703703487
6720,1160025.0,0.01851111111111089
6721,1160085.0,0.018470370370370155
6722,1160145.0,0.018497222222222002
6723,1160205.0,0.018515740740740524
6724,1160265.0,0.01855370370370349
6725,1160325.0,0.01855555555555534
6726,1160385.0,0.018544444444444228
6727,1160445.0,0.018570370370370157
6728,1160505.0,0.01871018518518497
6729,1160565.0,0.0189398148148146
6730,1160625.0,0.01923425925925904
6731,1160685.0,0.01947777777777756
6732,1160745.0,0.019715740740740523
6733,1160805.0,0.01995277777777756
6734,1160865.0,0.01955925925925904
6735,1160925.0,0.01934814814814793
6736,1160985.0,0.01922777777777756
6737,1161045.0,0.019353703703703484
6738,1161105.0,0.01946111111111089
6739,1161165.0,0.019524074074073854
6740,1161225.0,0.01950185185185163
6741,1161285.0,0.019491666666666446
6742,1161345.0,0.019396296296296075
6743,1161405.0,0.01955925925925904
6744,1161465.0,0.019675925925925705
6745,1161525.0,0.019891666666666447
6746,1161585.0,0.019999999999999782
6747,1161645.0,0.020030555555555333
6748,1161705.0,0.02008425925925904
6749,1161765.0,0.020137962962962743
6750,1161825.0,0.020155555555555336
6751,1161885.0,0.020152777777777558
6752,1161945.0,0.02020555555555533
6753,1162005.0,0.02025277777777756
6754,1162065.0,0.020274074074073854
6755,1162125.0,0.020383333333333115
6756,1162185.0,0.020383333333333115
6757,1162245.0,0.020455555555555338
6758,1162305.0,0.020744444444444225
6759,1162365.0,0.020877777777777558
6760,1162425.0,0.0209648148148146
6761,1162485.0,0.02102592592592571
6762,1162545.0,0.021042592592592373
6763,1162608.0,0.020995370370370157
6764,1162665.0,0.020944444444444228
6765,1162725.0,0.02085555555555534
6766,1162785.0,0.02101666666666645
6767,1162845.0,0.021059259259259045
6768,1162905.0,0.021090740740740528
6769,1162965.0,0.02097499999999979
6770,1163025.0,0.02094259259259238
6771,1163085.0,0.02111296296296275
6772,1163145.0,0.02129814814814793
6773,1163205.0,0.02140370370370349
6774,1163265.0,0.02157407407407386
6775,1163325.0,0.021667592592592374
6776,1163385.0,0.021835185185184968
6777,1163445.0,0.021959259259259047
6778,1163505.0,0.022180555555555342
6779,1163565.0,0.02237777777777757
6780,1163625.0,0.02252222222222201
6781,1163685.0,0.02271018518518497
6782,1163745.0,0.022929629629629415
6783,1163805.0,0.02305185185185164
6784,1163865.0,0.023333333333333126
6785,1163925.0,0.02354907407407386
6786,1163985.0,0.023655555555555347
6787,1164045.0,0.023621296296296092
6788,1164105.0,0.02357037037037016
6789,1164165.0,0.02371851851851831
6790,1164225.0,0.02389999999999979
6791,1164285.0,0.024138888888888682
6792,1164345.0,0.02430370370370349
6793,1164405.0,0.024512962962962757
6794,1164465.0,0.02462037037037016
6795,1164525.0,0.02474074074074053
6796,1164585.0,0.024858333333333125
6797,1164648.0,0.024960185185184974
6798,1164705.0,0.02499722222222201
6799,1164765.0,0.025028703703703498
6800,1164825.0,0.02492407407407387
6801,1164885.0,0.02483518518518498
6802,1164945.0,0.024786111111110908
6803,1165005.0,0.02478055555555535
6804,1165065.0,0.024784259259259055
6805,1165125.0,0.024752777777777568
6806,1165185.0,0.024750925925925718
6807,1165245.0,0.02487777777777757
6808,1165305.0,0.0250361111111109
6809,1165365.0,0.02515092592592572
6810,1165425.0,0.02534629629629609
6811,1165485.0,0.025432407407407195
6812,1165545.0,0.025571296296296085
6813,1165605.0,0.025609259259259047
6814,1165665.0,0.02560185185185164
6815,1165725.0,0.025649074074073863
6816,1165785.0,0.025708333333333118
6817,1165845.0,0.025849999999999783
6818,1165905.0,0.02589722222222201
6819,1165965.0,0.02591759259259238
6820,1166025.0,0.025884259259259048
6821,1166085.0,0.025949074074073864
6822,1166145.0,0.02574722222222201
6823,1166205.0,0.025623148148147937
6824,1166265.0,0.02570185185185164
6825,1166325.0,0.025630555555555344
6826,1166385.0,0.02560648148148127
6827,1166445.0,0.025660185185184974
6828,1166505.0,0.02554259259259238
6829,1166565.0,0.025469444444444232
6830,1166625.0,0.02534907407407386
6831,1166685.0,0.02519814814814793
6832,1166745.0,0.025091666666666453
6833,1166805.0,0.025032407407407198
6834,1166865.0,0.025024999999999787
6835,1166925.0,0.025013888888888683
6836,1166985.0,0.02499537037037016
6837,1167045.0,0.02494444444444423
6838,1167105.0,0.024918518518518302
6839,1167165.0,0.024918518518518302
6840,1167225.0,0.024909259259259044
6841,1167285.0,0.024959259259259046
6842,1167345.0,0.024998148148147936
6843,1167405.0,0.02513796296296275
6844,1167465.0,0.02517685185185164
6845,1167525.0,0.02531018518518497
6846,1167585.0,0.025398148148147937
6847,1167645.0,0.025269444444444237
6848,1167705.0,0.02527962962962942
6849,1167765.0,0.025137037037036826
6850,1167825.0,0.025034259259259048
6851,1167885.0,0.024890740740740533
6852,1167945.0,0.024727777777777567
6853,1168005.0,0.02460370370370349
6854,1168065.0,0.024464814814814603
6855,1168125.0,0.02437777777777756
6856,1168185.0,0.02437777777777756
6857,1168245.0,0.024249999999999786
6858,1168305.0,0.024184259259259044
6859,1168365.0,0.02409722222222201
6860,1168425.0,0.02407592592592571
6861,1168485.0,0.024027777777777558
6862,1168545.0,0.024038888888888672
6863,1168605.0,0.02408518518518497
6864,1168665.0,0.024053703703703487
6865,1168725.0,0.023978703703703492
6866,1168785.0,0.02390833333333312
6867,1168845.0,0.023795370370370158
6868,1168905.0,0.023861111111110896
6869,1168965.0,0.02383703703703682
6870,1169025.0,0.02378055555555534
6871,1169085.0,0.023949999999999784
6872,1169145.0,0.02408611111111089
6873,1169205.0,0.02418611111111089
6874,1169265.0,0.02437962962962941
6875,1169325.0,0.024608333333333118
6876,1169388.0,0.024900925925925712
6877,1169445.0,0.02515833333333312
6878,1169505.0,0.02540833333333312
6879,1169565.0,0.025582407407407196
6880,1169625.0,0.02566111111111089
6881,1169685.0,0.025745370370370155
6882,1169745.0,0.02579907407407386
6883,1169805.0,0.02599814814814793
6884,1169865.0,0.026095370370370158
6885,1169925.0,0.026182407407407196
6886,1169985.0,0.026302777777777564
6887,1170045.0,0.026409259259259046
6888,1170105.0,0.026556481481481268
6889,1170165.0,0.026724999999999787
6890,1170225.0,0.027068518518518304
6891,1170285.0,0.02734907407407386
6892,1170345.0,0.027519444444444232
6893,1170405.0,0.02770833333333312
6894,1170465.0,0.02778148148148126
6895,1170525.0,0.02808425925925904
6896,1170585.0,0.028342592592592374
6897,1170645.0,0.02867037037037015
6898,1170705.0,0.0288898148148146
6899,1170765.0,0.029085185185184968
6900,1170825.0,0.029130555555555337
6901,1170888.0,0.0292398148148146
6902,1170945.0,0.029474074074073858
6903,1171005.0,0.029690740740740525
6904,1171065.0,0.029790740740740524
6905,1171125.0,0.030032407407407195
6906,1171185.0,0.03020092592592571
6907,1171245.0,0.030446296296296083
6908,1171305.0,0.030377777777777563
6909,1171365.0,0.03037129629629608
6910,1171425.0,0.030424999999999782
6911,1171485.0,0.030424999999999782
6912,1171545.0,0.03051018518518497
6913,1171605.0,0.03063703703703682
6914,1171665.0,0.030923148148147925
6915,1171725.0,0.031259259259259035
6916,1171785.0,0.03147314814814793
6917,1171845.0,0.031527777777777564
6918,1171905.0,0.031457407407407184
6919,1171965.0,0.03149814814814793
6920,1172025.0,0.03168518518518496
6921,1172085.0,0.031879629629629404
6922,1172145.0,0.03218611111111089
6923,1172205.0,0.032137962962962736
6924,1172265.0,0.03212407407407385
6925,1172325.0,0.03209074074074051
6926,1172385.0,0.03222685185185162
6927,1172445.0,0.03234722222222198
6928,1172505.0,0.03257592592592569
6929,1172565.0,0.03272222222222198
6930,1172625.0,0.0327620370370368
6931,1172685.0,0.032833333333333097
6932,1172745.0,0.03282592592592569
6933,1172805.0,0.03310925925925902
6934,1172865.0,0.03316851851851828
6935,1172925.0,0.033198148148147914
6936,1172985.0,0.033364814814814577
6937,1173045.0,0.033506481481481235
6938,1173105.0,0.03361296296296272
6939,1173165.0,0.033758333333333085
6940,1173225.0,0.033885185185184935
6941,1173285.0,0.034087962962962716
6942,1173345.0,0.034241666666666434
6943,1173405.0,0.0343907407407405
6944,1173465.0,0.03468796296296272
6945,1173525.0,0.03511666666666642
6946,1173588.0,0.03539629629629605
6947,1173645.0,0.03564351851851828
6948,1173705.0,0.03581759259259235
6949,1173765.0,0.03603518518518495
6950,1173825.0,0.0362370370370368
6951,1173885.0,0.03613333333333309
6952,1173948.0,0.03593796296296272
6953,1174005.0,0.03595277777777753
6954,1174065.0,0.036364814814814565
6955,1174125.0,0.03669722222222198
6956,1174185.0,0.0368944444444442
6957,1174245.0,0.037234259259259016
6958,1174305.0,0.0374694444444442
6959,1174365.0,0.037597222222221977
6960,1174425.0,0.03776851851851827
6961,1174485.0,0.037722222222221984
6962,1174545.0,0.03769999999999976
6963,1174605.0,0.03774722222222197
6964,1174668.0,0.037606481481481234
6965,1174725.0,0.03745092592592568
6966,1174785.0,0.0375268518518516
6967,1174845.0,0.03799629629629605
6968,1174905.0,0.038278703703703454
6969,1174965.0,0.038485185185184935
6970,1175025.0,0.03859351851851827
6971,1175085.0,0.038669444444444194
6972,1175145.0,0.03867407407407383
6973,1175205.0,0.03856203703703679
6974,1175265.0,0.03876666666666642
6975,1175325.0,0.03892592592592568
6976,1175385.0,0.038998148148147914
6977,1175445.0,0.038996296296296064
6978,1175505.0,0.038999999999999764
6979,1175565.0,0.03943796296296273
6980,1175625.0,0.03978981481481458
6981,1175685.0,0.04021759259259236
6982,1175745.0,0.040612037037036815
6983,1175805.0,0.040928703703703474
6984,1175865.0,0.04114629629629607
6985,1175925.0,0.041297222222222
6986,1175985.0,0.04136666666666644
6987,1176045.0,0.0412259259259257
6988,1176105.0,0.041099999999999776
6989,1176165.0,0.041249999999999766
6990,1176225.0,0.04132129629629607
6991,1176285.0,0.041306481481481264
6992,1176345.0,0.04122870370370348
6993,1176405.0,0.04114259259259236
6994,1176465.0,0.041065740740740514
6995,1176525.0,0.040981481481481265
6996,1176585.0,0.04087407407407385
6997,1176645.0,0.04085277777777755
6998,1176705.0,0.04084444444444422
6999,1176765.0,0.040795370370370135
7000,1176825.0,0.04113518518518496
7001,1176885.0,0.041272222222222
7002,1176945.0,0.04134814814814792
7003,1177005.0,0.041308333333333114
7004,1177065.0,0.04116203703703681
7005,1177125.0,0.041170370370370135
7006,1177185.0,0.041022222222222
7007,1177245.0,0.040931481481481256
7008,1177305.0,0.04091759259259237
7009,1177365.0,0.04101296296296274
7010,1177425.0,0.0412296296296294
7011,1177485.0,0.04133888888888866
7012,1177545.0,0.04162407407407385
7013,1177605.0,0.04182314814814792
7014,1177665.0,0.041993518518518284
7015,1177725.0,0.04216574074074051
7016,1177785.0,0.04228611111111088
7017,1177845.0,0.04228055555555532
7018,1177905.0,0.04224999999999977
7019,1177965.0,0.042252777777777535
7020,1178025.0,0.042362962962962734
7021,1178085.0,0.04229166666666643
7022,1178145.0,0.04222685185185161
7023,1178205.0,0.04246018518518495
7024,1178265.0,0.042612962962962735
7025,1178325.0,0.0426370370370368
7026,1178385.0,0.042826851851851616
7027,1178445.0,0.04297129629629606
7028,1178505.0,0.04285370370370347
7029,1178565.0,0.04284444444444421
7030,1178625.0,0.04283148148148125
7031,1178805.0,0.04277777777777755
7032,1178865.0,0.04342685185185162
7033,1178925.0,0.04364537037037014
7034,1178985.0,0.04383796296296273
7035,1179045.0,0.04387499999999977
7036,1179105.0,0.044064814814814585
7037,1179165.0,0.043971296296296064
7038,1179225.0,0.0438083333333331
7039,1179285.0,0.04383981481481458
7040,1179345.0,0.04369074074074051
7041,1179405.0,0.04363148148148125
7042,1179465.0,0.043505555555555325
7043,1179525.0,0.04340925925925903
7044,1179585.0,0.04363425925925903
7045,1179645.0,0.043803703703703484
7046,1179705.0,0.043965740740740514
7047,1179765.0,0.04396481481481459
7048,1179825.0,0.04397499999999977
7049,1179885.0,0.04395277777777755
7050,1179945.0,0.043901851851851616
7051,1180005.0,0.043699999999999774
7052,1180065.0,0.04364259259259237
7053,1180125.0,0.04343425925925904
7054,1180185.0,0.043129629629629414
7055,1180245.0,0.043440740740740516
7056,1180305.0,0.04338611111111089
7057,1180365.0,0.04318796296296274
7058,1180425.0,0.04311018518518496
7059,1180488.0,0.04291851851851829
7060,1180545.0,0.042734259259259035
7061,1180605.0,0.04249629629629608
7062,1180665.0,0.04230740740740718
7063,1180725.0,0.04196574074074052
7064,1180785.0,0.04170740740740719
7065,1180845.0,0.04146944444444423
7066,1180905.0,0.04187777777777756
7067,1180965.0,0.041982407407407184
7068,1181025.0,0.041875925925925706
7069,1181085.0,0.04181388888888867
7070,1181145.0,0.04152962962962941
7071,1181205.0,0.04139166666666645
7072,1181265.0,0.04119629629629607
7073,1181325.0,0.04100740740740718
7074,1181385.0,0.0409046296296294
7075,1181445.0,0.04080277777777755
7076,1181505.0,0.04072499999999977
7077,1181565.0,0.0405370370370368
7078,1181625.0,0.04046944444444421
7079,1181685.0,0.04033611111111088
7080,1181745.0,0.040291666666666434
7081,1181808.0,0.04014351851851829
7082,1181865.0,0.03977685185185162
7083,1181925.0,0.03937870370370347
7084,1181985.0,0.0391083333333331
7085,1182045.0,0.0387296296296294
7086,1182105.0,0.038587037037036816
7087,1182165.0,0.03818703703703681
7088,1182225.0,0.038068518518518286
7089,1182285.0,0.038272222222222
7090,1182345.0,0.038380555555555335
7091,1182405.0,0.038437962962962736
7092,1182465.0,0.038199074074073865
7093,1182525.0,0.038075925925925715
7094,1182585.0,0.037760185185184966
7095,1182645.0,0.03753425925925904
7096,1182705.0,0.03741111111111089
7097,1182765.0,0.037374999999999776
7098,1182825.0,0.037248148148147926
7099,1182885.0,0.03703796296296274
7100,1182945.0,0.036756481481481265
7101,1183005.0,0.037022222222222
7102,1183065.0,0.03698796296296274
7103,1183125.0,0.03703703703703681
7104,1183185.0,0.03704074074074051
7105,1183245.0,0.03690555555555533
7106,1183305.0,0.03666296296296274
7107,1183365.0,0.03639907407407385
7108,1183425.0,0.03611388888888866
7109,1183485.0,0.035845370370370146
7110,1183545.0,0.035743518518518286
7111,1183605.0,0.03563796296296274
7112,1183665.0,0.03551574074074052
7113,1183725.0,0.0352509259259257
7114,1183785.0,0.03562407407407385
7115,1183845.0,0.03567407407407385
7116,1183905.0,0.035704629629629406
7117,1183965.0,0.03575925925925903
7118,1184025.0,0.03550925925925903
7119,1184085.0,0.03524259259259237
7120,1184145.0,0.0349759259259257
7121,1184205.0,0.03464814814814792
7122,1184265.0,0.03442129629629607
7123,1184325.0,0.03416018518518496
7124,1184385.0,0.03390833333333311
7125,1184445.0,0.03351574074074052
7126,1184505.0,0.03300370370370348
7127,1184565.0,0.032992592592592365
7128,1184625.0,0.032871296296296065
7129,1184685.0,0.03281944444444422
7130,1184745.0,0.03270648148148126
7131,1184805.0,0.03269444444444422
7132,1184865.0,0.03274444444444422
7133,1184925.0,0.032542592592592366
7134,1184985.0,0.03190740740740719
7135,1185045.0,0.03144166666666645
7136,1185105.0,0.031027777777777564
7137,1185165.0,0.030667592592592382
7138,1185225.0,0.030199999999999783
7139,1185285.0,0.030092592592592383
7140,1185345.0,0.03004814814814793
7141,1185405.0,0.03017870370370349
7142,1185465.0,0.030197222222222007
7143,1185525.0,0.030177777777777564
7144,1185585.0,0.030142592592592374
7145,1185645.0,0.030231481481481262
7146,1185708.0,0.030267592592592374
7147,1185765.0,0.03000462962962942
7148,1185825.0,0.029922222222222013
7149,1185885.0,0.02978148148148127
7150,1185945.0,0.02966388888888868
7151,1186005.0,0.02938888888888868
7152,1186065.0,0.029329629629629417
7153,1186125.0,0.02929259259259238
7154,1186185.0,0.029037037037036827
7155,1186245.0,0.028890740740740533
7156,1186308.0,0.02874907407407386
7157,1186365.0,0.028737037037036832
7158,1186425.0,0.02868888888888868
7159,1186485.0,0.028378703703703493
7160,1186545.0,0.028149999999999793
7161,1186605.0,0.027851851851851645
7162,1186665.0,0.027561111111110904
7163,1186725.0,0.027349999999999798
7164,1186785.0,0.027317592592592387
7165,1186845.0,0.027309259259259054
7166,1186905.0,0.027406481481481275
7167,1186965.0,0.02751666666666646
7168,1187025.0,0.027661111111110904
7169,1187085.0,0.02753055555555535
7170,1187145.0,0.027448148148147944
7171,1187205.0,0.027361111111110902
7172,1187265.0,0.027323148148147944
7173,1187325.0,0.027301851851851647
7174,1187385.0,0.02737592592592572
7175,1187445.0,0.027373148148147945
7176,1187505.0,0.027445370370370162
7177,1187565.0,0.027681481481481283
7178,1187625.0,0.027877777777777567
7179,1187685.0,0.028043518518518308
7180,1187745.0,0.027996296296296092
7181,1187805.0,0.02799999999999979
7182,1187865.0,0.02789722222222201
7183,1187925.0,0.027835185185184973
7184,1187985.0,0.02782499999999979
7185,1188045.0,0.027712962962962755
7186,1188105.0,0.027874999999999792
7187,1188165.0,0.02810092592592572
7188,1188225.0,0.028172222222222005
7189,1188285.0,0.02810370370370349
7190,1188345.0,0.02795925925925905
7191,1188405.0,0.027996296296296085
7192,1188465.0,0.02787037037037016
7193,1188525.0,0.027733333333333124
7194,1188585.0,0.02777870370370349
7195,1188645.0,0.027687037037036826
7196,1188705.0,0.02781388888888868
7197,1188765.0,0.027981481481481267
7198,1188825.0,0.02805185185185164
7199,1188885.0,0.02825925925925905
7200,1188945.0,0.028199074074073863
7201,1189005.0,0.02822499999999979
7202,1189065.0,0.02823888888888868
7203,1189125.0,0.027841666666666456
7204,1189185.0,0.027748148148147942
7205,1189245.0,0.02752314814814794
7206,1189305.0,0.02760925925925905
7207,1189365.0,0.027542592592592386
7208,1189425.0,0.027663888888888682
7209,1189485.0,0.027611111111110902
7210,1189545.0,0.027627777777777567
7211,1189605.0,0.02771388888888868
7212,1189665.0,0.02707222222222201
7213,1189725.0,0.02673425925925905
7214,1189785.0,0.026593518518518308
7215,1189845.0,0.026508333333333127
7216,1189905.0,0.026294444444444242
7217,1189968.0,0.02651018518518498
7218,1190025.0,0.026904629629629424
7219,1190085.0,0.027033333333333128
7220,1190145.0,0.027287037037036832
7221,1190205.0,0.02732592592592572
7222,1190265.0,0.02736944444444424
7223,1190325.0,0.027269444444444242
7224,1190385.0,0.026875925925925723
7225,1190445.0,0.02656111111111091
7226,1190505.0,0.026250925925925726
7227,1190565.0,0.0262249999999998
7228,1190628.0,0.026400925925925724
7229,1190688.0,0.026673148148147943
7230,1190748.0,0.0268287037037035
7231,1190805.0,0.02684537037037017
7232,1190865.0,0.026712962962962758
7233,1190925.0,0.026685185185184986
7234,1190985.0,0.026724074074073872
7235,1191045.0,0.026205555555555357
7236,1191105.0,0.026163888888888688
7237,1191165.0,0.026169444444444245
7238,1191225.0,0.025873148148147947
7239,1191285.0,0.025737962962962758
7240,1191345.0,0.025828703703703503
7241,1191405.0,0.02625185185185165
7242,1191465.0,0.026551851851851653
7243,1191525.0,0.02689351851851832
7244,1191585.0,0.026985185185184987
7245,1191645.0,0.026985185185184987
7246,1191705.0,0.026433333333333132
7247,1191765.0,0.026219444444444247
7248,1191825.0,0.026206481481481282
7249,1191885.0,0.026201851851851653
7250,1191945.0,0.026349074074073883
7251,1192005.0,0.02628703703703684
7252,1192065.0,0.02644814814814795
7253,1192125.0,0.02653333333333313
7254,1192185.0,0.02671851851851832
7255,1192245.0,0.02663333333333313
7256,1192305.0,0.026544444444444246
7257,1192365.0,0.02644814814814795
7258,1192425.0,0.026352777777777583
7259,1192485.0,0.02626666666666647
7260,1192545.0,0.026190740740740542
7261,1192605.0,0.026077777777777582
7262,1192665.0,0.02595740740740721
7263,1192725.0,0.026038888888888688
7264,1192785.0,0.026196296296296096
7265,1192845.0,0.026459259259259058
7266,1192905.0,0.026619444444444244
7267,1192965.0,0.02689259259259239
7268,1193025.0,0.02711296296296276
7269,1193085.0,0.02668611111111091
7270,1193145.0,0.026278703703703502
7271,1193205.0,0.025927777777777574
7272,1193265.0,0.026066666666666467
7273,1193325.0,0.026046296296296092
7274,1193385.0,0.02617685185185165
7275,1193445.0,0.026023148148147945
7276,1193505.0,0.025949074074073868
7277,1193565.0,0.0257287037037035
7278,1193625.0,0.025751851851851647
7279,1193685.0,0.02576944444444424
7280,1193745.0,0.026138888888888684
7281,1193805.0,0.02581574074074053
7282,1193865.0,0.025670370370370163
7283,1193925.0,0.02543888888888868
7284,1193985.0,0.0253074074074072
7285,1194045.0,0.025342592592592385
7286,1194105.0,0.0253324074074072
7287,1194165.0,0.025442592592592385
7288,1194225.0,0.025635185185184976
7289,1194285.0,0.025678703703703492
7290,1194345.0,0.0257648148148146
7291,1194405.0,0.02589074074074053
7292,1194465.0,0.02654351851851831
7293,1194525.0,0.02679537037037016
7294,1194585.0,0.02657037037037016
7295,1194645.0,0.026341666666666454
7296,1194705.0,0.026214814814814604
7297,1194765.0,0.02600092592592572
7298,1194825.0,0.02585277777777757
7299,1194885.0,0.02578981481481461
7300,1194945.0,0.0258074074074072
7301,1195005.0,0.025955555555555343
7302,1195065.0,0.02606574074074053
7303,1195125.0,0.026599074074073862
7304,1195185.0,0.026830555555555347
7305,1195245.0,0.026980555555555348
7306,1195305.0,0.027051851851851643
7307,1195365.0,0.026695370370370158
7308,1195425.0,0.02649351851851831
7309,1195485.0,0.02641574074074053
7310,1195545.0,0.026464814814814604
7311,1195605.0,0.0265861111111109
7312,1195665.0,0.026792592592592385
7313,1195725.0,0.02704999999999979
7314,1195785.0,0.02717870370370349
7315,1195845.0,0.027414814814814604
7316,1195905.0,0.027664814814814604
7317,1195965.0,0.027808333333333126
7318,1196025.0,0.02787222222222201
7319,1196085.0,0.027715740740740527
7320,1196145.0,0.027935185185184973
7321,1196205.0,0.02802222222222201
7322,1196265.0,0.027835185185184973
7323,1196328.0,0.027840740740740527
7324,1196385.0,0.02777777777777756
7325,1196445.0,0.027600925925925716
7326,1196505.0,0.027540740740740532
7327,1196565.0,0.027614814814814603
7328,1196625.0,0.027716666666666456
7329,1196685.0,0.02756018518518497
7330,1196745.0,0.027371296296296085
7331,1196805.0,0.02737222222222201
7332,1196865.0,0.027287037037036825
7333,1196925.0,0.02730462962962942
7334,1196985.0,0.027224074074073863
7335,1197045.0,0.027793518518518308
7336,1197105.0,0.027999074074073864
7337,1197165.0,0.028080555555555345
7338,1197225.0,0.02807037037037016
7339,1197285.0,0.027958333333333123
7340,1197345.0,0.027930555555555344
7341,1197405.0,0.02783148148148127
7342,1197465.0,0.027784259259259047
7343,1197525.0,0.02776851851851831
7344,1197585.0,0.02759259259259238
7345,1197645.0,0.027474074074073863
7346,1197705.0,0.027208333333333126
7347,1197765.0,0.02715925925925905
7348,1197825.0,0.027037962962962757
7349,1197885.0,0.0270074074074072
7350,1197945.0,0.02683333333333313
7351,1198005.0,0.026771296296296092
7352,1198065.0,0.027055555555555347
7353,1198125.0,0.02724074074074053
7354,1198185.0,0.027381481481481267
7355,1198245.0,0.027665740740740533
7356,1198305.0,0.02757685185185164
7357,1198365.0,0.0273648148148146
7358,1198425.0,0.02714259259259238
7359,1198485.0,0.02717685185185164
7360,1198545.0,0.02696574074074053
7361,1198605.0,0.02689074074074053
7362,1198665.0,0.027033333333333125
7363,1198725.0,0.0270574074074072
7364,1198785.0,0.027060185185184982
7365,1198845.0,0.0271249999999998
7366,1198905.0,0.02698518518518498
7367,1198965.0,0.027066666666666458
7368,1199025.0,0.02722592592592572
7369,1199085.0,0.027274074074073867
7370,1199145.0,0.027218518518518312
7371,1199205.0,0.02713888888888868
7372,1199265.0,0.0270074074074072
7373,1199325.0,0.02697777777777757
7374,1199385.0,0.026787037037036828
7375,1199445.0,0.02671574074074053
7376,1199505.0,0.02649166666666646
7377,1199565.0,0.026372222222222016
7378,1199625.0,0.026279629629629424
7379,1199685.0,0.026081481481481275
7380,1199745.0,0.0260574074074072
7381,1199805.0,0.02652314814814794
7382,1199865.0,0.02685092592592572
7383,1199925.0,0.027150925925925717
7384,1199985.0,0.027151851851851646
7385,1200045.0,0.027384259259259053
7386,1200105.0,0.02722314814814794
7387,1200165.0,0.02713703703703683
7388,1200225.0,0.02703611111111091
7389,1200285.0,0.027275925925925718
7390,1200345.0,0.027445370370370162
7391,1200405.0,0.02748703703703683
7392,1200465.0,0.0274824074074072
7393,1200525.0,0.027604629629629424
7394,1200585.0,0.02759444444444424
7395,1200645.0,0.02767129629629609
7396,1200705.0,0.02780092592592572
7397,1200765.0,0.0277324074074072
7398,1200828.0,0.02755370370370349
7399,1200885.0,0.027279629629629418
7400,1200945.0,0.027411111111110904
7401,1201005.0,0.027537037037036832
7402,1201065.0,0.027704629629629426
7403,1201125.0,0.02771666666666646
7404,1201185.0,0.027861111111110903
7405,1201245.0,0.02796666666666646
7406,1201305.0,0.02796666666666646
7407,1201365.0,0.02805092592592572
7408,1201425.0,0.028000925925925717
7409,1201485.0,0.0280074074074072
7410,1201545.0,0.027931481481481276
7411,1201605.0,0.028012037037036832
7412,1201665.0,0.028146296296296086
7413,1201725.0,0.028245370370370164
7414,1201785.0,0.028370370370370164
7415,1201845.0,0.02831296296296275
7416,1201905.0,0.028069444444444237
7417,1201965.0,0.028045370370370158
7418,1202025.0,0.02812499999999979
7419,1202085.0,0.028673148148147937
7420,1202145.0,0.028819444444444238
7421,1202205.0,0.028394444444444236
7422,1202265.0,0.02811944444444424
7423,1202328.0,0.027972222222222013
7424,1202385.0,0.027896296296296086
7425,1202445.0,0.02789907407407386
7426,1202505.0,0.02789444444444424
7427,1202565.0,0.02799351851851831
7428,1202625.0,0.02789629629629609
7429,1202685.0,0.02782037037037016
7430,1202745.0,0.02769999999999979
7431,1202805.0,0.027699074074073862
7432,1202865.0,0.02756574074074053
7433,1202925.0,0.02780833333333313
7434,1202985.0,0.02792314814814794
7435,1203045.0,0.02799166666666646
7436,1203105.0,0.028074074074073863
7437,1203165.0,0.028210185185184974
7438,1203225.0,0.028128703703703496
7439,1203285.0,0.028149999999999793
7440,1203345.0,0.02819722222222202
7441,1203405.0,0.02820925925925905
7442,1203465.0,0.02820925925925905
7443,1203525.0,0.028204629629629423
7444,1203585.0,0.028131481481481275
7445,1203645.0,0.02785277777777757
7446,1203705.0,0.028035185185184983
7447,1203765.0,0.02806481481481461
7448,1203825.0,0.028031481481481275
7449,1203885.0,0.0282824074074072
7450,1203945.0,0.028353703703703492
7451,1204005.0,0.028426851851851644
7452,1204065.0,0.028299999999999794
7453,1204125.0,0.02821851851851832
7454,1204185.0,0.028127777777777568
7455,1204245.0,0.028160185185184983
7456,1204305.0,0.028178703703703494
7457,1204365.0,0.028356481481481274
7458,1204425.0,0.028350925925925717
7459,1204485.0,0.02831574074074053
7460,1204545.0,0.02827037037037016
7461,1204605.0,0.02827407407407386
7462,1204665.0,0.02834629629629609
7463,1204725.0,0.028453703703703495
7464,1204788.0,0.02859444444444424
7465,1204845.0,0.028498148148147936
7466,1204905.0,0.028436111111110905
7467,1204965.0,0.0282611111111109
7468,1205025.0,0.02799259259259238
7469,1205085.0,0.028001851851851643
7470,1205145.0,0.02796388888888868
7471,1205205.0,0.027887962962962757
7472,1205265.0,0.027280555555555343
7473,1205325.0,0.02741018518518497
7474,1205388.0,0.027333333333333126
7475,1205445.0,0.02748518518518497
7476,1205505.0,0.027555555555555344
7477,1205565.0,0.027538888888888675
7478,1205625.0,0.027538888888888675
7479,1205685.0,0.027538888888888675
7480,1205745.0,0.02758796296296275
7481,1205805.0,0.02758055555555534
7482,1205865.0,0.027519444444444232
7483,1205928.0,0.02698055555555534
7484,1205985.0,0.026766666666666453
7485,1206045.0,0.02684259259259238
7486,1206105.0,0.027099999999999787
7487,1206165.0,0.02730185185185164
7488,1206225.0,0.02754351851851831
7489,1206285.0,0.027705555555555345
7490,1206345.0,0.02771574074074053
7491,1206405.0,0.0274574074074072
7492,1206465.0,0.02721851851851831
7493,1206525.0,0.026967592592592383
7494,1206585.0,0.027287962962962757
7495,1206645.0,0.027287962962962757
7496,1206705.0,0.027391666666666457
7497,1206765.0,0.027501851851851642
7498,1206828.0,0.02794537037037016
7499,1206885.0,0.028420370370370162
7500,1206945.0,0.028316666666666462
7501,1207005.0,0.02820925925925905
7502,1207065.0,0.028411111111110908
7503,1207125.0,0.02852407407407387
7504,1207185.0,0.02883888888888868
7505,1207245.0,0.029341666666666464
7506,1207305.0,0.02966018518518498
7507,1207365.0,0.029594444444444243
7508,1207425.0,0.02954722222222202
7509,1207485.0,0.029802777777777574
7510,1207545.0,0.03008055555555535
7511,1207605.0,0.03022407407407387
7512,1207665.0,0.03073148148148128
7513,1207725.0,0.030946296296296086
7514,1207785.0,0.03131388888888868
7515,1207845.0,0.031101851851851645
7516,1207905.0,0.03137407407407387
7517,1207965.0,0.03172777777777757
7518,1208025.0,0.03214444444444424
7519,1208088.0,0.032487037037036835
7520,1208145.0,0.032561111111110916
7521,1208205.0,0.03267407407407387
7522,1208265.0,0.0328499999999998
7523,1208325.0,0.033000925925925725
7524,1208385.0,0.03327314814814795
7525,1208448.0,0.033312037037036835
7526,1208505.0,0.033462962962962764
7527,1208565.0,0.033619444444444244
7528,1208625.0,0.03376203703703684
7529,1208685.0,0.03384722222222202
7530,1208745.0,0.03420648148148128
7531,1208805.0,0.034633333333333134
7532,1208865.0,0.03460462962962943
7533,1208925.0,0.03466851851851832
7534,1208985.0,0.034843518518518315
7535,1209045.0,0.03493611111111092
7536,1209105.0,0.03535833333333314
7537,1209165.0,0.03554722222222203
7538,1209225.0,0.035743518518518334
7539,1209285.0,0.03570462962962944
7540,1209345.0,0.03577037037037018
7541,1209405.0,0.03591944444444425
7542,1209465.0,0.03599999999999981
7543,1209525.0,0.0360425925925924
7544,1209585.0,0.03609537037037018
