,time,mmt
0,2430045.0,0.19934636357300192
1,2430105.0,0.1986743552644157
2,2430165.0,0.19896388962320508
3,2430225.0,0.19911578799794008
4,2430285.0,0.19909915418890087
5,2430345.0,0.1991058543844408
6,2430405.0,0.199174257261604
7,2430465.0,0.199265350803596
8,2430525.0,0.1993826671552709
9,2430585.0,0.19948917688041598
10,2430645.0,0.19961477822169274
11,2430705.0,0.1987565097915143
12,2430765.0,0.19806603409813048
13,2430825.0,0.19750497541250792
14,2430885.0,0.19699728775077355
15,2430945.0,0.1964881390121684
16,2431005.0,0.19673691405624413
17,2431065.0,0.196908256005114
18,2431128.0,0.19701523598597862
19,2431185.0,0.1970549174722531
20,2431245.0,0.1970515530203615
21,2431305.0,0.19538926000464066
22,2431365.0,0.19417206812759422
23,2431425.0,0.19340016007536273
24,2431485.0,0.1928427481929629
25,2431545.0,0.19311563611526614
26,2431605.0,0.1933116517954188
27,2431665.0,0.19344016822923663
28,2431725.0,0.19353334423200633
29,2431785.0,0.19358830639496752
30,2431845.0,0.19361443863738434
31,2431905.0,0.19361754520497035
32,2431965.0,0.19361318271474295
33,2432025.0,0.19361498662299073
34,2432085.0,0.19361623561636968
35,2432145.0,0.1935974139191722
36,2432205.0,0.19358929356649238
37,2432265.0,0.1935723983647963
38,2432325.0,0.1935432467442865
39,2432385.0,0.19351140506593653
40,2432445.0,0.1934934215197278
41,2432505.0,0.19347912582884672
42,2432565.0,0.1935407377002151
43,2432625.0,0.19355870289901092
44,2432685.0,0.19348565268459053
45,2432745.0,0.19224374163892213
46,2432805.0,0.19145521240991883
47,2432865.0,0.1908427915344865
48,2432925.0,0.19106907498823014
49,2432985.0,0.1912411124771989
50,2433045.0,0.19140108785209656
51,2433105.0,0.19151216470580382
52,2433165.0,0.19157629942734553
53,2433225.0,0.19161980243635482
54,2433285.0,0.19286873619351227
55,2433345.0,0.19398073039833566
56,2433405.0,0.1948461015993885
57,2433465.0,0.1937329949250359
58,2433525.0,0.1928357775315828
59,2433585.0,0.19214746567917854
60,2433645.0,0.19154482611062187
61,2433705.0,0.1917592498455172
62,2433765.0,0.1919196780341376
63,2433825.0,0.1920536438319607
64,2433885.0,0.19216613852128425
65,2433945.0,0.19224832457833677
66,2434005.0,0.19227746537461946
67,2434065.0,0.1922745307718647
68,2434125.0,0.19223109902613036
69,2434185.0,0.19221515013666915
70,2434245.0,0.19224654044287973
71,2434305.0,0.19229791384168463
72,2434365.0,0.19234690843623656
73,2434425.0,0.19235356802201856
74,2434485.0,0.19241821587267613
75,2434545.0,0.1924979051645778
76,2434605.0,0.1915548357403761
77,2434665.0,0.19080363707204326
78,2434725.0,0.19016511841103015
79,2434785.0,0.1903857855896521
80,2434845.0,0.19053210570535487
81,2434905.0,0.19059534529136832
82,2434968.0,0.1905940975135559
83,2435025.0,0.19056244181955947
84,2435085.0,0.19051136375393038
85,2435145.0,0.19047641832275905
86,2435205.0,0.19045049909824394
87,2435265.0,0.19038075712848504
88,2435325.0,0.1904041566816491
89,2435385.0,0.1892098029548732
90,2435445.0,0.18786009907431092
91,2435505.0,0.18668334653007676
92,2435565.0,0.18671120538645905
93,2435625.0,0.1867447028572354
94,2435685.0,0.18672783125221107
95,2435745.0,0.18670767511775535
96,2435805.0,0.18709261009932385
97,2435865.0,0.18681933479541626
98,2435925.0,0.18602516135962913
99,2435985.0,0.18504298720384507
100,2436045.0,0.18397758735932782
101,2436105.0,0.18313277170516298
102,2436165.0,0.18236031230228852
103,2436225.0,0.1825002516098935
104,2436285.0,0.18259479285027566
105,2436345.0,0.18268318246307633
106,2436405.0,0.18275591441645425
107,2436465.0,0.18278722947683448
108,2436525.0,0.1827911763003913
109,2436585.0,0.18278575873711125
110,2436645.0,0.1828022631453197
111,2436705.0,0.18282870381022656
112,2436765.0,0.18286078524384788
113,2436825.0,0.18197255896424994
114,2436888.0,0.18124940138822634
115,2436945.0,0.1806322058064905
116,2437005.0,0.18082920646728026
117,2437065.0,0.18101854113464835
118,2437125.0,0.18114884269045814
119,2437185.0,0.1812254121698829
120,2437245.0,0.18125855507597702
121,2437305.0,0.1812512639071803
122,2437365.0,0.1812327056710237
123,2437425.0,0.18123990231557388
124,2437485.0,0.18125428552855669
125,2437545.0,0.18127088362154123
126,2437605.0,0.18124478658400636
127,2437665.0,0.1812287680691169
128,2437725.0,0.1812190880890154
129,2437785.0,0.18122557764291022
130,2437845.0,0.18122866345978153
131,2437905.0,0.18120930530822557
132,2437965.0,0.1812529414553237
133,2438025.0,0.1812316829208103
134,2438085.0,0.18123910622543307
135,2438145.0,0.18122560410865776
136,2438205.0,0.18119071609889828
137,2438265.0,0.18114940489486667
138,2438325.0,0.18111247222283836
139,2438385.0,0.1810526204838072
140,2438445.0,0.1809494802635294
141,2438505.0,0.1808633691838478
142,2438565.0,0.18083026644919856
143,2438625.0,0.18079350750939496
144,2438685.0,0.18077507236733356
145,2438745.0,0.18076558433916043
146,2438805.0,0.1807241919400245
147,2438865.0,0.18067337934104818
148,2438925.0,0.1806522189568531
149,2438985.0,0.18061596639707364
150,2439045.0,0.18055483870496145
151,2439105.0,0.18051387857159698
152,2439165.0,0.18044914347957822
153,2439225.0,0.18038943550522804
154,2439285.0,0.18032996804067083
155,2439345.0,0.1802739040353387
156,2439405.0,0.18007469167509996
157,2439465.0,0.17993861595110136
158,2439525.0,0.17993086077572326
159,2439585.0,0.1801057760567559
160,2439645.0,0.1800786210908034
161,2439705.0,0.17993889881289712
162,2439765.0,0.179833598069261
163,2439825.0,0.17980479569679078
164,2439885.0,0.17987170897568147
165,2439945.0,0.17993596433678136
166,2440005.0,0.17998460091726484
167,2440065.0,0.18004914034850547
168,2440125.0,0.18013769623558137
169,2440185.0,0.18026621457685058
170,2440245.0,0.18037985263115217
171,2440305.0,0.18049511102303492
172,2440365.0,0.18075915655895794
173,2440425.0,0.1809561892549212
174,2440485.0,0.18073729055894425
175,2440545.0,0.18059761097933227
176,2440605.0,0.18058412740710614
177,2440665.0,0.18055516586273093
178,2440725.0,0.1804721158539165
179,2440785.0,0.1812608720640512
180,2440845.0,0.1817242848808254
181,2440905.0,0.18196498200432945
182,2440965.0,0.1822833251606115
183,2441025.0,0.18264591506088299
184,2441085.0,0.18235239346248658
185,2441145.0,0.1821085149457913
186,2441205.0,0.18191473152002027
187,2441265.0,0.1817618710993625
188,2441325.0,0.18161906166579514
189,2441385.0,0.18144183075121947
190,2441445.0,0.1812665447258733
191,2441505.0,0.1810772315329067
192,2441565.0,0.1808873577341307
193,2441625.0,0.18072105983591993
194,2441685.0,0.18057084453413866
195,2441745.0,0.18043670795376457
196,2441805.0,0.18026892322259555
197,2441868.0,0.18009174626892802
198,2441925.0,0.17992067457027963
199,2441985.0,0.17977799850310552
200,2442045.0,0.17964952758541933
201,2442105.0,0.1795164054655525
202,2442165.0,0.17939330040441745
203,2442225.0,0.17927128232529757
204,2442285.0,0.17912740326377322
205,2442345.0,0.17897070244217647
206,2442405.0,0.17881846644292934
207,2442465.0,0.17867225067169237
208,2442525.0,0.1785513971592694
209,2442585.0,0.17841663589305304
210,2442645.0,0.17826959382208288
211,2442705.0,0.17812645835261579
212,2442765.0,0.17799178641002864
213,2442825.0,0.17782971719089288
214,2442885.0,0.17766215161286578
215,2442945.0,0.1775117694705647
216,2443005.0,0.17735900531569151
217,2443065.0,0.17721732830818074
218,2443125.0,0.1770194419628758
219,2443185.0,0.17676323586153334
220,2443245.0,0.17645137702150773
221,2443305.0,0.17612818820916568
222,2443365.0,0.1759698227487432
223,2443425.0,0.17577191273556017
224,2443485.0,0.17545920199284273
225,2443545.0,0.1750728014680736
226,2443605.0,0.17469798049726995
227,2443665.0,0.1742894367161331
228,2443725.0,0.1738390899773384
229,2443785.0,0.17348416074523834
230,2443845.0,0.1732851290277669
231,2443905.0,0.17326575069312714
232,2443965.0,0.17309977300987414
233,2444025.0,0.17291196235832493
234,2444085.0,0.17155518423300012
235,2444148.0,0.17034438249716197
236,2444205.0,0.1693280451040267
237,2444265.0,0.1692672856683826
238,2444325.0,0.16919070773557346
239,2444385.0,0.1690369691218027
240,2444445.0,0.1689384983634505
241,2444505.0,0.1685422331400118
242,2444565.0,0.16819689355014592
243,2444625.0,0.16793009281581875
244,2444685.0,0.16769632972341061
245,2444745.0,0.1674737876557912
246,2444805.0,0.16733647276964378
247,2444865.0,0.16714424456027413
248,2444925.0,0.16688202127889493
249,2444985.0,0.16667052920295808
250,2445045.0,0.16648595766394744
251,2445105.0,0.16757111622206453
252,2445165.0,0.1671432542819248
253,2445225.0,0.1669215510523658
254,2445285.0,0.16670895149125645
255,2445345.0,0.16648954415986353
256,2445405.0,0.16628316824242997
257,2445465.0,0.16608946601515842
258,2445525.0,0.16583224643369313
259,2445585.0,0.16557012400705837
260,2445645.0,0.16521573055571784
261,2445705.0,0.1648476229074031
262,2445765.0,0.1645008118208374
263,2445825.0,0.1641147751489261
264,2445885.0,0.1637839300606959
265,2445945.0,0.16342835473758802
266,2446005.0,0.16306432401008467
267,2446065.0,0.16271840895744652
268,2446125.0,0.1623568949855089
269,2446185.0,0.16204084668731003
270,2446245.0,0.1617820043531036
271,2446305.0,0.16151664599951124
272,2446365.0,0.16124833350449067
273,2446425.0,0.16100949817070695
274,2446485.0,0.1607616167698863
275,2446545.0,0.1605003375280559
276,2446605.0,0.16022666365770746
277,2446665.0,0.15993622562417734
278,2446725.0,0.15962295060194273
279,2446785.0,0.15929033925864935
280,2446845.0,0.15891895888938526
281,2446905.0,0.1585853955225445
282,2446965.0,0.1582913434110921
283,2447025.0,0.1579997014303803
284,2447085.0,0.1577760081632362
285,2447145.0,0.1575499134337557
286,2447205.0,0.15728602994765642
287,2447265.0,0.15702616986224913
288,2447325.0,0.15678490336066422
289,2447385.0,0.15662057486879746
290,2447445.0,0.1564869715244878
291,2447505.0,0.15629116958076503
292,2447565.0,0.1561158071685417
293,2447625.0,0.1559349277378769
294,2447685.0,0.15576212808963644
295,2447745.0,0.1555872976482743
296,2447805.0,0.1554247934549932
297,2447865.0,0.1552495068739723
298,2447925.0,0.15506052708062026
299,2447985.0,0.15487245510236106
300,2448045.0,0.1546900679592477
301,2448105.0,0.1545052543339859
302,2448165.0,0.1542922255236622
303,2448225.0,0.15404962090689897
304,2448285.0,0.1537618395176026
305,2448345.0,0.15343783513914708
306,2448405.0,0.15312323929226032
307,2448465.0,0.15276722536176698
308,2448525.0,0.15232434408094445
309,2448585.0,0.1519058881611771
310,2448645.0,0.15152916712335227
311,2448705.0,0.15111420391905997
312,2448765.0,0.15070870703793274
313,2448825.0,0.15033679814329984
314,2448885.0,0.14997690654762788
315,2448945.0,0.14966192178263413
316,2449005.0,0.14934897631695024
317,2449065.0,0.149025300634851
318,2449125.0,0.14873173410441268
319,2449185.0,0.14849530983872786
320,2449245.0,0.14830676067184737
321,2449305.0,0.14815099790128003
322,2449365.0,0.14797394687363294
323,2449425.0,0.1477731564030106
324,2449485.0,0.1475340534563586
325,2449545.0,0.1472665657331548
326,2449605.0,0.1470096651971716
327,2449665.0,0.1467247995919672
328,2449725.0,0.14642673126967867
329,2449785.0,0.14611844484882838
330,2449845.0,0.14582954783994437
331,2449905.0,0.14552005139088073
332,2449965.0,0.14516677351854532
333,2450025.0,0.14483923391795891
334,2450085.0,0.14451139579115982
335,2450145.0,0.144177509716478
336,2450205.0,0.14400081712106463
337,2450265.0,0.1437855022027175
338,2450325.0,0.14349775828693587
339,2450385.0,0.14308264857955225
340,2450445.0,0.14285749515576243
341,2450508.0,0.14280411713953253
342,2450565.0,0.14268407163167254
343,2450625.0,0.14253075805550633
344,2450685.0,0.1423844712952567
345,2450745.0,0.1421720322999708
346,2450805.0,0.14191108628500446
347,2450865.0,0.14158737237970456
348,2450925.0,0.14127500399842288
349,2450985.0,0.14112409012251134
350,2451045.0,0.14109526637439299
351,2451105.0,0.14121961905753086
352,2451165.0,0.14110155734518928
353,2451225.0,0.14092438632125684
354,2451285.0,0.14086603913959447
355,2451345.0,0.14073984604035697
356,2451405.0,0.14061975871105423
357,2451465.0,0.1403887854022862
358,2451525.0,0.14036971223057518
359,2451585.0,0.13954763612218543
360,2451645.0,0.1389767575626036
361,2451705.0,0.13859558893128773
362,2451765.0,0.1380548125272633
363,2451825.0,0.13742861150577382
364,2451885.0,0.13749579361861244
365,2451945.0,0.13755834136374215
366,2452005.0,0.13862684692610897
367,2452065.0,0.13947531741723276
368,2452125.0,0.14007999090593407
369,2452185.0,0.1399527096185841
370,2452245.0,0.1398345992704871
371,2452305.0,0.13977693690889523
372,2452365.0,0.13978683833177788
373,2452425.0,0.1397559403472177
374,2452485.0,0.13965697809487013
375,2452545.0,0.13956009733641203
376,2452605.0,0.13945936138403817
377,2452665.0,0.13935665703241126
378,2452725.0,0.13926662123082365
379,2452785.0,0.13917444251369335
380,2452845.0,0.13907207028947075
381,2452905.0,0.13899102793864268
382,2452965.0,0.1388831633714462
383,2453025.0,0.13879812043932602
384,2453085.0,0.13872964911125543
385,2453145.0,0.13863374680567855
386,2453205.0,0.1385733655126237
387,2453265.0,0.13844769106143376
388,2453325.0,0.13831944057764253
389,2453385.0,0.13821961285426934
390,2453448.0,0.1381162228171959
391,2453505.0,0.1380361004122528
392,2453568.0,0.13793703054830334
393,2453625.0,0.13779025367021827
394,2453685.0,0.13762118997303038
395,2453745.0,0.1374275519865071
396,2453805.0,0.13730644803705103
397,2453865.0,0.13721056751044217
398,2453925.0,0.13717830240069842
399,2453985.0,0.1371716707846856
400,2454045.0,0.13717704128172795
401,2454105.0,0.13719118024477475
402,2454165.0,0.13708182566845553
403,2454225.0,0.13705430845519176
404,2454285.0,0.13716525591030523
405,2454345.0,0.13737513819324096
406,2454405.0,0.1376445219255409
407,2454465.0,0.13794318846264295
408,2454525.0,0.13827325368982687
409,2454585.0,0.13848632699783495
410,2454645.0,0.1385021792521984
411,2454705.0,0.1383037317799443
412,2454765.0,0.1382696749421646
413,2454825.0,0.1382990512817943
414,2454885.0,0.1383350299567255
415,2454945.0,0.13840563622773963
416,2455005.0,0.1385259442326592
417,2455065.0,0.13867779334452704
418,2455128.0,0.13875448815161026
419,2455185.0,0.13884087490762223
420,2455245.0,0.13886477899528968
421,2455305.0,0.1391229281406048
422,2455365.0,0.13932217351026996
423,2455425.0,0.1394158427757077
424,2455485.0,0.13944691511078008
425,2455545.0,0.13943969731235054
426,2455605.0,0.13935506434323822
427,2455665.0,0.13930857499871088
428,2455725.0,0.13929678039579754
429,2455785.0,0.13920674802224428
430,2455845.0,0.1390179211687043
431,2455905.0,0.1375282594371066
432,2455965.0,0.13756351281790083
433,2456025.0,0.1374339392482428
434,2456085.0,0.13729633555177692
435,2456145.0,0.1371667484238516
436,2456205.0,0.13707088942346027
437,2456265.0,0.13698437926994403
438,2456325.0,0.13694178033155405
439,2456385.0,0.1368910198495489
440,2456445.0,0.13693635814449703
441,2456505.0,0.1370242285859217
442,2456565.0,0.13713134429324206
443,2456625.0,0.13729239653720107
444,2456685.0,0.13740154585140987
445,2456745.0,0.13751721073657033
446,2456805.0,0.13759349886371572
447,2456865.0,0.13767680035649446
448,2456925.0,0.1377745607740535
449,2456985.0,0.1378659631999399
450,2457045.0,0.13794923749728624
451,2457105.0,0.1380444523471913
452,2457165.0,0.13813003448035557
453,2457225.0,0.13818831738457207
454,2457285.0,0.13825530811749145
455,2457345.0,0.1383192763850277
456,2457405.0,0.1383792475824316
457,2457465.0,0.13840656307835061
458,2457525.0,0.13844280142925589
459,2457585.0,0.13847913035451734
460,2457645.0,0.13857521417767008
461,2457705.0,0.13864033206597967
462,2457765.0,0.13868818486605458
463,2457825.0,0.13874542735468573
464,2457885.0,0.1387210147152755
465,2457945.0,0.13869417561625955
466,2458005.0,0.138711761710638
467,2458065.0,0.13874824041894532
468,2458125.0,0.1388010237536835
469,2458185.0,0.1387918005340726
470,2458245.0,0.1387581274315102
471,2458305.0,0.1387876794160859
472,2458365.0,0.1387964403284637
473,2458425.0,0.138827152325999
474,2458485.0,0.13885278217840077
475,2458545.0,0.1388795915665457
476,2458605.0,0.13888549260452773
477,2458665.0,0.13889002410213244
478,2458725.0,0.1389005423329184
479,2458785.0,0.13891397555122195
480,2458845.0,0.1389059978088232
481,2458905.0,0.13889590920697367
482,2458965.0,0.13890549367916202
483,2459025.0,0.13892265530015532
484,2459085.0,0.13896121502068745
485,2459145.0,0.13901521703415856
486,2459208.0,0.13909760779441768
487,2459265.0,0.13920775820805534
488,2459325.0,0.1393529129344551
489,2459385.0,0.1394621967342166
490,2459445.0,0.13956721515705064
491,2459505.0,0.139719536737636
492,2459565.0,0.13986058855527647
493,2459625.0,0.1400393901979415
494,2459685.0,0.14026739646873662
495,2459745.0,0.14047780324212986
496,2459805.0,0.14071383352408637
497,2459865.0,0.14096408567924293
498,2459925.0,0.14116918700512585
499,2459985.0,0.14130170312144405
500,2460045.0,0.14134985033500716
501,2460105.0,0.14135768478698138
502,2460165.0,0.1413675742215408
503,2460228.0,0.14142000894113196
504,2460285.0,0.1414939303215542
505,2460345.0,0.1415778691494234
506,2460405.0,0.14167807910268274
507,2460465.0,0.14180052166844784
508,2460528.0,0.14190668599446601
509,2460585.0,0.14204487768426835
510,2460645.0,0.14218021757399465
511,2460705.0,0.14234258637032512
512,2460765.0,0.14256696753144535
513,2460825.0,0.1427572411680015
514,2460885.0,0.14293456415077374
515,2460945.0,0.14309696683145537
516,2461005.0,0.14321686557406624
517,2461065.0,0.14330078819941058
518,2461125.0,0.14333075317746988
519,2461185.0,0.14331745001998156
520,2461245.0,0.14331702376549985
521,2461305.0,0.1432261308174985
522,2461365.0,0.14322516965592505
523,2461425.0,0.14325719031939918
524,2461485.0,0.14327343121083405
525,2461545.0,0.14335581098136527
526,2461605.0,0.14347644624859687
527,2461665.0,0.14365679269256462
528,2461725.0,0.14382697558450255
529,2461785.0,0.14383240631299046
530,2461845.0,0.14372856313641322
531,2461905.0,0.1434751112739601
532,2461965.0,0.14344396734045542
533,2462025.0,0.14347227735123771
534,2462085.0,0.14348174201712924
535,2462145.0,0.1434537048439605
536,2462205.0,0.1433591969341003
537,2462268.0,0.14346241042591104
538,2462325.0,0.14345448277967984
539,2462385.0,0.14339582468157322
540,2462445.0,0.1433999189882005
541,2462505.0,0.14339385581097389
542,2462565.0,0.14345375896828197
543,2462625.0,0.14354159387991497
544,2462685.0,0.1435882319314988
545,2462745.0,0.1435966615840936
546,2462805.0,0.14252005237842705
547,2462865.0,0.14165474046021434
548,2462925.0,0.1410240683775624
549,2462985.0,0.14116708247646423
550,2463045.0,0.14126022640519667
551,2463105.0,0.14129531733750741
552,2463165.0,0.1412273578777942
553,2463225.0,0.14117154050958028
554,2463285.0,0.14118420453669903
555,2463345.0,0.14123658407877818
556,2463405.0,0.1413465170045932
557,2463465.0,0.14148436323866123
558,2463525.0,0.14160706085837457
559,2463585.0,0.1417150181480106
560,2463645.0,0.14181991894129517
561,2463705.0,0.14191221390081296
562,2463765.0,0.14199482533171529
563,2463825.0,0.1420970961783559
564,2463885.0,0.1422023719544492
565,2463945.0,0.14230477213080353
566,2464005.0,0.1423384995502253
567,2464065.0,0.14241654531545775
568,2464125.0,0.1424693504359361
569,2464185.0,0.14247874726433232
570,2464245.0,0.14249555702670666
571,2464305.0,0.14249505928651077
572,2464365.0,0.1424986383155473
573,2464425.0,0.1425637287282049
574,2464485.0,0.1426288139770627
575,2464545.0,0.14267657426216793
576,2464605.0,0.14263763044926323
577,2464665.0,0.14255665365139983
578,2464725.0,0.1424383131261804
579,2464785.0,0.1423411642636783
580,2464845.0,0.14228507688787115
581,2464905.0,0.14222687862611624
582,2464965.0,0.1421722560914326
583,2465025.0,0.1421033039873796
584,2465085.0,0.14200940683793942
585,2465145.0,0.14190727785029975
586,2465205.0,0.14174507351610285
587,2465265.0,0.14159621203411912
588,2465325.0,0.14146715495892656
589,2465385.0,0.14138371800444374
590,2465445.0,0.141383243695571
591,2465505.0,0.14142097531876882
592,2465565.0,0.1414408986523034
593,2465625.0,0.14140839618679238
594,2465685.0,0.1413331323400143
595,2465745.0,0.14122549940933307
596,2465805.0,0.14111631348128326
597,2465865.0,0.14099395849206772
598,2465925.0,0.14091567465313828
599,2465985.0,0.14085111250180096
600,2466045.0,0.14081670896386597
601,2466105.0,0.14078716003990818
602,2466165.0,0.1407348806778295
603,2466225.0,0.1406792551949598
604,2466285.0,0.1406556364445747
605,2466345.0,0.14061899366573186
606,2466405.0,0.1405948372826141
607,2466465.0,0.14059020984361928
608,2466525.0,0.1406117677934909
609,2466585.0,0.1406960864700301
610,2466645.0,0.1408436703091749
611,2466705.0,0.14102152799321613
612,2466765.0,0.14120372662457617
613,2466825.0,0.14141618028001415
614,2466885.0,0.1416090267654149
615,2466945.0,0.14179732432625594
616,2467005.0,0.14193791614104587
617,2467065.0,0.1420416269408871
618,2467125.0,0.14215822692380412
619,2467185.0,0.14228076627373035
620,2467245.0,0.14241224765279184
621,2467305.0,0.1425292166461473
622,2467365.0,0.14260912743302132
623,2467425.0,0.1426654490846421
624,2467485.0,0.1427025211990102
625,2467545.0,0.14273585221459598
626,2467605.0,0.1427962167784618
627,2467665.0,0.14287907999467883
628,2467725.0,0.14298574367638475
629,2467785.0,0.14306502772887977
630,2467845.0,0.14310603362430088
631,2467905.0,0.14313166324026053
632,2467965.0,0.143183467177712
633,2468025.0,0.14326752295821713
634,2468085.0,0.1433656501348898
635,2468145.0,0.14349247514047656
636,2468205.0,0.14362003331441944
637,2468265.0,0.1437874419800574
638,2468325.0,0.14395350832640255
639,2468385.0,0.14413224809963723
640,2468445.0,0.1442894256104997
641,2468505.0,0.14443621812797366
642,2468565.0,0.14456557526309857
643,2468625.0,0.14468165753953607
644,2468685.0,0.14480765945393412
645,2468745.0,0.1449470591544604
646,2468805.0,0.14507951295537055
647,2468865.0,0.14519079297555051
648,2468925.0,0.14527520350389886
649,2468985.0,0.14535389897823695
650,2469045.0,0.1454157885399067
651,2469105.0,0.14548022691178578
652,2469165.0,0.1455381402947136
653,2469225.0,0.14558058539564625
654,2469285.0,0.14562757299929477
655,2469345.0,0.14567494527963867
656,2469405.0,0.1457318171841245
657,2469468.0,0.14576362334517604
658,2469525.0,0.14578526010894613
659,2469585.0,0.14580895863241908
660,2469645.0,0.14583613295292017
661,2469705.0,0.1458863471566799
662,2469765.0,0.14596884735796214
663,2469825.0,0.14604561500588778
664,2469885.0,0.14613903342579673
665,2469945.0,0.1462410480978664
666,2470005.0,0.14634861619403797
667,2470065.0,0.1464637529991981
668,2470125.0,0.14662273378358767
669,2470185.0,0.14680846924321936
670,2470245.0,0.14697426658443805
671,2470305.0,0.1471248273075547
672,2470365.0,0.14722304778850573
673,2470425.0,0.14729442516255095
674,2470485.0,0.147289179234269
675,2470545.0,0.14725965520952425
676,2470605.0,0.14721410883541977
677,2470665.0,0.14716725969261216
678,2470725.0,0.14710438971646692
679,2470785.0,0.14708950008522584
680,2470845.0,0.147097537321533
681,2470905.0,0.1471041024445058
682,2470965.0,0.1470964880710234
683,2471025.0,0.14711285165361407
684,2471085.0,0.14729482757145926
685,2471145.0,0.14736177059052094
686,2471205.0,0.1473631273670101
687,2471265.0,0.1473747660028181
688,2471325.0,0.1473698904304145
689,2471385.0,0.14738094891675715
690,2471445.0,0.14741006695768324
691,2471505.0,0.1474335276009128
692,2471565.0,0.14746471405283054
693,2471625.0,0.14748790046814522
694,2471685.0,0.14751299085114047
695,2471745.0,0.14746668998833715
696,2471805.0,0.14731820140816174
697,2471865.0,0.14712236727693032
698,2471925.0,0.1469544388288506
699,2471985.0,0.1467842219265766
700,2472045.0,0.14664167613656967
701,2472105.0,0.1464905079795922
702,2472165.0,0.14639918895899903
703,2472225.0,0.1462985158525443
704,2472285.0,0.14624701322110015
705,2472345.0,0.1461768134788707
706,2472405.0,0.14612742310568658
707,2472465.0,0.1459959842181017
708,2472525.0,0.14589320695450778
709,2472585.0,0.14585815049745568
710,2472645.0,0.1459198617466155
711,2472705.0,0.14618381381143722
712,2472765.0,0.14628154190750034
713,2472825.0,0.14637122944537792
714,2472885.0,0.14644404458780505
715,2472945.0,0.1465326279077344
716,2473005.0,0.1466264769329603
717,2473065.0,0.14673410129213163
718,2473125.0,0.14681170376140626
719,2473185.0,0.1468748675285451
720,2473245.0,0.14692641836081025
721,2473305.0,0.14700861951771518
722,2473365.0,0.14705316860916898
723,2473425.0,0.14711291043504235
724,2473485.0,0.14718167929838763
725,2473545.0,0.14726448890150864
726,2473605.0,0.1473597346802433
727,2473665.0,0.14747146845331902
728,2473725.0,0.14759681741393585
729,2473785.0,0.14773641598080975
730,2473845.0,0.14789975019240456
731,2473905.0,0.14806430931659145
732,2473965.0,0.14826374035367898
733,2474025.0,0.14845612857148952
734,2474085.0,0.14861938304812447
735,2474145.0,0.14872250907299792
736,2474205.0,0.1487823448619985
737,2474265.0,0.14882746860368548
738,2474325.0,0.14886122123094211
739,2474385.0,0.14891838767595642
740,2474445.0,0.14986261179866425
741,2474505.0,0.15060532589599937
742,2474565.0,0.15128042738129324
743,2474625.0,0.1511459152662161
744,2474685.0,0.15108105863617985
745,2474745.0,0.1510953114893622
746,2474805.0,0.1511788877783872
747,2474865.0,0.15130902529998994
748,2474925.0,0.1514343384498595
749,2474985.0,0.15158351325596067
750,2475045.0,0.1517743459605996
751,2475105.0,0.1519405377709078
752,2475165.0,0.15213209287222604
753,2475225.0,0.152336056724012
754,2475285.0,0.15254646482555648
755,2475345.0,0.152799390479643
756,2475405.0,0.1530524487270278
757,2475465.0,0.153311654686945
758,2475525.0,0.1535945120121853
759,2475585.0,0.1538851587936835
760,2475645.0,0.15417801240820658
761,2475705.0,0.15444952315547647
762,2475765.0,0.154683375183455
763,2475825.0,0.15477866415054367
764,2475885.0,0.15493151761919435
765,2475945.0,0.15517610696432285
766,2476005.0,0.15692361634029847
767,2476065.0,0.15801682648314228
768,2476125.0,0.15888875553573925
769,2476185.0,0.15888643322477833
770,2476245.0,0.15891642809832132
771,2476305.0,0.15901111390742476
772,2476365.0,0.1591374251294906
773,2476425.0,0.15932652987777243
774,2476485.0,0.15950972789012238
775,2476545.0,0.15970050539289213
776,2476605.0,0.15988780802322902
777,2476665.0,0.1600967547446486
778,2476725.0,0.16030278964662495
779,2476785.0,0.16051310979463454
780,2476845.0,0.16065997346692115
781,2476908.0,0.16082796990675832
782,2476965.0,0.16098863353690765
783,2477025.0,0.16115406254894274
784,2477085.0,0.1613261839975094
785,2477145.0,0.1615115615593141
786,2477205.0,0.1616926396207015
787,2477265.0,0.16186314793040715
788,2477325.0,0.16203550510279932
789,2477385.0,0.1622273623373172
790,2477445.0,0.16238488251496588
791,2477505.0,0.1625368336739947
792,2477565.0,0.1626915633799141
793,2477625.0,0.16281276226401523
794,2477685.0,0.16294477194433635
795,2477745.0,0.1630525222739889
796,2477805.0,0.16318722722610043
797,2477865.0,0.16331998674871287
798,2477925.0,0.16345879795113358
799,2477985.0,0.16357204028204955
800,2478045.0,0.16365648247990863
801,2478105.0,0.1637067776822763
802,2478165.0,0.16381882684161522
803,2478225.0,0.16391767525642917
804,2478285.0,0.1640800101680391
805,2478345.0,0.1642745344143083
806,2478405.0,0.16447519897496785
807,2478465.0,0.16465490446318284
808,2478525.0,0.16480982681377268
809,2478585.0,0.1649645435302826
810,2478645.0,0.16510444452829134
811,2478705.0,0.16523205754367917
812,2478765.0,0.1653298984049745
813,2478825.0,0.1653976831134564
814,2478885.0,0.16543388176326837
815,2478945.0,0.165447992638217
816,2479005.0,0.1654677637687361
817,2479065.0,0.1654937204468351
818,2479125.0,0.16552527425793953
819,2479185.0,0.1655779540229483
820,2479245.0,0.16562950271348473
821,2479305.0,0.1656857906404107
822,2479365.0,0.16572521324236236
823,2479425.0,0.16576899980406098
824,2479485.0,0.1658224425432057
825,2479545.0,0.16684751191174138
826,2479605.0,0.16767403760933772
827,2479665.0,0.16836961803599446
828,2479725.0,0.16822821515730726
829,2479785.0,0.16814064415331822
830,2479848.0,0.1681143535604808
831,2479905.0,0.16814653770511448
832,2479968.0,0.16820963437039252
833,2480025.0,0.16829105467601316
834,2480085.0,0.16832968422911912
835,2480145.0,0.16838190669479067
836,2480205.0,0.16844075983318565
837,2480265.0,0.168530019759741
838,2480325.0,0.1686260568367328
839,2480385.0,0.1686717923700318
840,2480445.0,0.16869796062887546
841,2480505.0,0.16872052389507344
842,2480565.0,0.16869578454411585
843,2480625.0,0.1686957797621977
844,2480685.0,0.16871564234095268
845,2480745.0,0.16872223893674035
846,2480805.0,0.1687250703985769
847,2480865.0,0.16872070931116048
848,2480925.0,0.16871594880419474
849,2480985.0,0.16870927692563933
850,2481045.0,0.16868275099036875
851,2481105.0,0.16867998341473525
852,2481165.0,0.16872256154724766
853,2481225.0,0.16877610374931964
854,2481285.0,0.1688262734084172
855,2481345.0,0.1688916469629592
856,2481405.0,0.16896174448190973
857,2481465.0,0.16900116845577864
858,2481525.0,0.16905743906922113
859,2481585.0,0.16905866238428377
860,2481645.0,0.16912234471759788
861,2481705.0,0.16919611451756464
862,2481765.0,0.16927337561382474
863,2481825.0,0.1692980704999333
864,2481885.0,0.16916817395819087
865,2481945.0,0.16915896347987439
866,2482005.0,0.1692007410723528
867,2482065.0,0.16925802207290566
868,2482125.0,0.16932224557338735
869,2482185.0,0.16937115605483458
870,2482245.0,0.1693818270671791
871,2482305.0,0.1693939143595791
872,2482365.0,0.1693845410004237
873,2482425.0,0.1693830550584187
874,2482485.0,0.16939907648643818
875,2482545.0,0.1695244751543852
876,2482605.0,0.16974809799684212
877,2482665.0,0.17004796114608214
878,2482725.0,0.17036915158778845
879,2482785.0,0.17067634803676754
880,2482845.0,0.17095577014745814
881,2482905.0,0.17119237220062952
882,2482968.0,0.17136357242787173
883,2483025.0,0.17154086297445428
884,2483085.0,0.1716629329088594
885,2483145.0,0.171788464388999
886,2483205.0,0.1719072140317848
887,2483265.0,0.17209281724031647
888,2483325.0,0.17222776358884248
889,2483385.0,0.17229083231914502
890,2483445.0,0.17222997628957923
891,2483505.0,0.17196629016154394
892,2483565.0,0.17188650244744744
893,2483625.0,0.17185927325364445
894,2483685.0,0.17182969313052984
895,2483745.0,0.17180689026781906
896,2483805.0,0.17176352419524357
897,2483865.0,0.1716892146608592
898,2483925.0,0.17160472819601272
899,2483985.0,0.17152609175465364
900,2484045.0,0.17147711047467948
901,2484105.0,0.1714173910307182
902,2484165.0,0.17140910098265913
903,2484225.0,0.17138583860677534
904,2484285.0,0.1713596469173491
905,2484345.0,0.17132766153832582
906,2484405.0,0.17126600205018364
907,2484465.0,0.17116784034745794
908,2484525.0,0.1710217525655995
909,2484585.0,0.17091040410540695
910,2484645.0,0.17078999787452856
911,2484705.0,0.17068906323776326
912,2484765.0,0.1705664028791776
913,2484825.0,0.17046640728718113
914,2484885.0,0.1703692375127471
915,2484945.0,0.17030864382603847
916,2485005.0,0.17028109082966816
917,2485065.0,0.17024992465372993
918,2485125.0,0.17022984501904484
919,2485185.0,0.17018489522714433
920,2485245.0,0.1692849983506345
921,2485305.0,0.16855016967343192
922,2485365.0,0.16789289186987158
923,2485425.0,0.16802119221655362
924,2485485.0,0.16807793907928645
925,2485545.0,0.1680579035820434
926,2485605.0,0.16801176520576896
927,2485665.0,0.1679294961849789
928,2485725.0,0.16786654043853425
929,2485785.0,0.16779724354043105
930,2485845.0,0.16773422383976413
931,2485905.0,0.16770904966178354
932,2485965.0,0.16762669509779096
933,2486025.0,0.16751415454429328
934,2486085.0,0.16744195093313533
935,2486145.0,0.16736100303923548
936,2486208.0,0.16729974364696612
937,2486265.0,0.16727964001580778
938,2486325.0,0.16726998478530666
939,2486385.0,0.16722594544360633
940,2486445.0,0.1671852750183022
941,2486505.0,0.1671504402285713
942,2486565.0,0.16712142242937197
943,2486625.0,0.16720035624706578
944,2486685.0,0.16722380551451224
945,2486745.0,0.16716530408005179
946,2486805.0,0.16557084080401327
947,2486868.0,0.16464158159933337
948,2486925.0,0.1639127559442858
949,2486985.0,0.16400099935752668
950,2487045.0,0.16399048210319364
951,2487105.0,0.1639386794336207
952,2487165.0,0.1638598081417099
953,2487225.0,0.16373518526596256
954,2487285.0,0.16362765345185662
955,2487345.0,0.16351530750571644
956,2487405.0,0.16338979126199057
957,2487465.0,0.1632134221248747
958,2487525.0,0.16304783101365863
959,2487585.0,0.16286991100904072
960,2487645.0,0.16269600957693145
961,2487705.0,0.16251057169269648
962,2487765.0,0.1623557803602164
963,2487825.0,0.16219393477439906
964,2487885.0,0.16202680306320397
965,2487945.0,0.16189375875816073
966,2488005.0,0.16175912935798412
967,2488065.0,0.16164611871757453
968,2488125.0,0.16156814714667775
969,2488185.0,0.16141683487937156
970,2488245.0,0.16130192470037227
971,2488305.0,0.1611735904900621
972,2488365.0,0.1610514102874591
973,2488425.0,0.16089992188174254
974,2488485.0,0.1607486129622873
975,2488545.0,0.16059409989589427
976,2488605.0,0.16042557975275115
977,2488665.0,0.16029556700679873
978,2488725.0,0.16018388929608388
979,2488785.0,0.1600774204523773
980,2488848.0,0.16001542742645927
981,2488905.0,0.15993502369649967
982,2488965.0,0.1598208440211751
983,2489025.0,0.15970851696771052
984,2489085.0,0.15959993339282322
985,2489145.0,0.15946859105653113
986,2489205.0,0.15932347711363506
987,2489265.0,0.15915195865896106
988,2489325.0,0.15903478143281938
989,2489385.0,0.15890844300212306
990,2489445.0,0.15879359974836996
991,2489505.0,0.15865810569181463
992,2489565.0,0.1585273112873665
993,2489625.0,0.1584152592152576
994,2489685.0,0.15830919707640254
995,2489745.0,0.1582069471077033
996,2489805.0,0.15811661017117853
997,2489865.0,0.15803712201844058
998,2489928.0,0.15798207756451046
999,2489985.0,0.15790600038532096
1000,2490045.0,0.15782628217270991
1001,2490105.0,0.1577093083677603
1002,2490165.0,0.15764690005815316
1003,2490225.0,0.15755438218975723
1004,2490285.0,0.1574926294187051
1005,2490345.0,0.15641114583235186
1006,2490405.0,0.155603597141331
1007,2490465.0,0.15488801257845872
1008,2490525.0,0.15503220897290224
1009,2490585.0,0.15508894338700943
1010,2490645.0,0.15506117995512755
1011,2490705.0,0.15496043224052283
1012,2490765.0,0.15481815323836404
1013,2490825.0,0.15465203798406293
1014,2490885.0,0.15454759950927613
1015,2490945.0,0.15443817368067111
1016,2491005.0,0.15431693273528554
1017,2491065.0,0.15423243866545702
1018,2491125.0,0.15416993518121044
1019,2491185.0,0.15416849416510373
1020,2491245.0,0.15420514881469763
1021,2491305.0,0.15421865069086618
1022,2491365.0,0.15424780746927655
1023,2491425.0,0.15425428802316274
1024,2491485.0,0.1543127290867908
1025,2491545.0,0.15437538454421132
1026,2491605.0,0.1544496782096019
1027,2491665.0,0.1545701743102075
1028,2491725.0,0.1546641437796165
1029,2491785.0,0.15481971012032789
1030,2491848.0,0.15495562924931297
1031,2491905.0,0.15501066532396648
1032,2491965.0,0.15500676201133254
1033,2492028.0,0.15496005302703417
1034,2492085.0,0.15496607908646562
1035,2492145.0,0.15493098824822446
1036,2492205.0,0.1548522000082618
1037,2492265.0,0.15483754691063803
1038,2492325.0,0.15479389630207888
1039,2492385.0,0.15478161936423276
1040,2492445.0,0.1547185847348174
1041,2492505.0,0.15466562040369516
1042,2492565.0,0.15459145119151738
1043,2492625.0,0.15448311933288442
1044,2492688.0,0.1543090583047462
1045,2492745.0,0.15412760453127375
1046,2492805.0,0.15398790083140082
1047,2492865.0,0.15388420817743
1048,2492928.0,0.15375388043304308
1049,2492985.0,0.15360225114274542
1050,2493045.0,0.15349310099131788
1051,2493105.0,0.1533447803500482
1052,2493165.0,0.15319883923489128
1053,2493225.0,0.1530871169022854
1054,2493285.0,0.15295318754560797
1055,2493345.0,0.15279420840199756
1056,2493405.0,0.15263550616322366
1057,2493465.0,0.1524396825878561
1058,2493525.0,0.1522247805372027
1059,2493585.0,0.15203706381174334
1060,2493645.0,0.1518184335348194
1061,2493705.0,0.15164376357594336
1062,2493765.0,0.15147919594133932
1063,2493825.0,0.15135409723202078
1064,2493885.0,0.1512746390689895
1065,2493945.0,0.15121131800140766
1066,2494005.0,0.15115898143340104
1067,2494065.0,0.1511219913324757
1068,2494125.0,0.15113269229415519
1069,2494185.0,0.15114473721750984
1070,2494245.0,0.15116231968712743
1071,2494308.0,0.1511513222056611
1072,2494365.0,0.15112863590392903
1073,2494425.0,0.15109634172114397
1074,2494485.0,0.15111051307658682
1075,2494545.0,0.15110294230135182
1076,2494605.0,0.1511343043683727
1077,2494665.0,0.15120460736136412
1078,2494725.0,0.1513151306255325
1079,2494785.0,0.15141505478589792
1080,2494848.0,0.15148650247713827
1081,2494905.0,0.15156735023838744
1082,2494965.0,0.151620521921028
1083,2495025.0,0.1516863901893087
1084,2495085.0,0.15173978587521605
1085,2495145.0,0.15176295136412807
1086,2495205.0,0.1518052129361047
1087,2495265.0,0.1518288272319939
1088,2495325.0,0.15185553006935412
1089,2495385.0,0.15182824426910488
1090,2495445.0,0.1518128763984555
1091,2495505.0,0.15172076375775526
1092,2495565.0,0.15158666498419773
1093,2495625.0,0.1514401455281362
1094,2495685.0,0.1512935326920594
1095,2495745.0,0.15112615240494934
1096,2495805.0,0.15092963193628736
1097,2495865.0,0.15074462356648807
1098,2495928.0,0.15056557128174522
1099,2495985.0,0.1503759893304452
1100,2496045.0,0.15015968280297118
1101,2496105.0,0.15002271926413038
1102,2496165.0,0.14986852379123353
1103,2496225.0,0.14974839191634956
1104,2496285.0,0.14964571654925798
1105,2496345.0,0.14963146734489932
1106,2496405.0,0.14960701693788095
1107,2496465.0,0.1495850224540021
1108,2496528.0,0.149565343737137
1109,2496585.0,0.14956358060845945
1110,2496645.0,0.1495483545548518
1111,2496705.0,0.14952573037455355
1112,2496765.0,0.14952951510756254
1113,2496825.0,0.14954759103059825
1114,2496885.0,0.14953837608456608
1115,2496945.0,0.1495133003244342
1116,2497005.0,0.14947315565641542
1117,2497065.0,0.14939614451085373
1118,2497125.0,0.14933178534764144
1119,2497185.0,0.14929346217846365
1120,2497245.0,0.1491872143313517
1121,2497305.0,0.1490653007539929
1122,2497365.0,0.14893002989730467
1123,2497425.0,0.14882014537225632
1124,2497485.0,0.14878259762307958
1125,2497545.0,0.14873007721843304
1126,2497608.0,0.1486889032378276
1127,2497665.0,0.14861753424429022
1128,2497725.0,0.14858674480867165
1129,2497785.0,0.14858583870175032
1130,2497845.0,0.14861929557863776
1131,2497905.0,0.14860059749741353
1132,2497965.0,0.14857746796515506
1133,2498028.0,0.1485445398795632
1134,2498085.0,0.14848219341844673
1135,2498145.0,0.14844898226293987
1136,2498205.0,0.1484412488655724
1137,2498265.0,0.14847541614561768
1138,2498325.0,0.14852311528611548
1139,2498385.0,0.14857698463666094
1140,2498448.0,0.14863934075315358
1141,2498505.0,0.14871720770544408
1142,2498565.0,0.14878869884976179
1143,2498625.0,0.14887526618561678
1144,2498685.0,0.14897656188957556
1145,2498745.0,0.14902143098185008
1146,2498805.0,0.14907924200483766
1147,2498865.0,0.149100237859388
1148,2498925.0,0.14910692448595117
1149,2498985.0,0.14914746180093838
1150,2499045.0,0.14923859047029878
1151,2499105.0,0.14937431717846086
1152,2499165.0,0.14948156363899204
1153,2499225.0,0.1496458168094776
1154,2499285.0,0.1497619268434703
1155,2499345.0,0.14989156241034254
1156,2499405.0,0.15001680035010975
1157,2499465.0,0.15011635070334714
1158,2499525.0,0.15022519349513372
1159,2499585.0,0.15037295314114338
1160,2499645.0,0.15047970284938153
1161,2499705.0,0.15186213997577172
1162,2499765.0,0.15299807392861434
1163,2499825.0,0.15388738270472388
1164,2499885.0,0.15462434340703698
1165,2499945.0,0.1545524246484183
1166,2500005.0,0.15456449138059772
1167,2500065.0,0.1546718213043932
1168,2500125.0,0.15483183429153655
1169,2500185.0,0.15498150982522854
1170,2500245.0,0.1551422746459817
1171,2500305.0,0.15534190008859386
1172,2500368.0,0.15557525693998883
1173,2500425.0,0.1558637935374876
1174,2500485.0,0.1560786901155072
1175,2500545.0,0.15623137360496056
1176,2500605.0,0.15638017905183163
1177,2500665.0,0.15651728475449442
1178,2500725.0,0.15665017756108587
1179,2500785.0,0.156781554600144
1180,2500845.0,0.15690673449602124
1181,2500905.0,0.15702767590564662
1182,2500965.0,0.15712401625435038
1183,2501025.0,0.15727997925097328
1184,2501085.0,0.1574160493254604
1185,2501145.0,0.15753131427688324
1186,2501205.0,0.15755414801772552
1187,2501265.0,0.1576349993399521
1188,2501325.0,0.15766496472009864
1189,2501385.0,0.15773371689801188
1190,2501445.0,0.15784627923238573
1191,2501505.0,0.1579327412158628
1192,2501565.0,0.15803993083120174
1193,2501625.0,0.15819152327991995
1194,2501685.0,0.15828335763017967
1195,2501745.0,0.1583637811519603
1196,2501805.0,0.1584652026446541
1197,2501865.0,0.15852523314666153
1198,2501925.0,0.1585565053260837
1199,2501988.0,0.15858619775168256
1200,2502045.0,0.158582478390456
1201,2502105.0,0.15858611909904155
1202,2502165.0,0.1585930171406176
1203,2502225.0,0.15861128326627774
1204,2502285.0,0.15857692691130762
1205,2502345.0,0.15857323820506983
1206,2502405.0,0.15857043682626717
1207,2502465.0,0.15850042433598846
1208,2502525.0,0.15845069921252677
1209,2502585.0,0.15835165517103347
1210,2502645.0,0.15832042532204219
1211,2502705.0,0.15838188089264618
1212,2502765.0,0.15850231493742853
1213,2502825.0,0.15870094580544072
1214,2502885.0,0.1588638834720135
1215,2502945.0,0.159088725331519
1216,2503005.0,0.15935748540901487
1217,2503065.0,0.15953815305454958
1218,2503125.0,0.1597171641073211
1219,2503185.0,0.1598987792205396
1220,2503245.0,0.16009229478444018
1221,2503305.0,0.16025835021676096
1222,2503365.0,0.16046548854385975
1223,2503425.0,0.160742902044359
1224,2503485.0,0.16111094088248049
1225,2503545.0,0.16148452385522608
1226,2503605.0,0.16183528236694536
1227,2503665.0,0.1621313594187093
1228,2503725.0,0.16244868391616077
1229,2503785.0,0.16279049706038498
1230,2503845.0,0.1631500720682246
1231,2503905.0,0.16348994566847005
1232,2503965.0,0.16383929886133544
1233,2504025.0,0.1641522979351315
1234,2504085.0,0.1655332071324984
1235,2504145.0,0.16674903789616938
1236,2504205.0,0.16788167690805997
1237,2504265.0,0.1680711556915707
1238,2504325.0,0.1683003340039432
1239,2504385.0,0.16858635508855316
1240,2504445.0,0.1688972405829087
1241,2504505.0,0.16921010294365005
1242,2504565.0,0.16951525932214787
1243,2504625.0,0.1697692766999708
1244,2504685.0,0.16999055229164903
1245,2504745.0,0.17021289057033231
1246,2504805.0,0.17040651176567337
1247,2504865.0,0.17059260761788256
1248,2504925.0,0.1707302768610591
1249,2504985.0,0.17085367219217193
1250,2505045.0,0.1710112231536521
1251,2505105.0,0.17117521311237274
1252,2505165.0,0.17132766446767958
1253,2505225.0,0.1714945119085253
1254,2505285.0,0.1716526943749044
1255,2505345.0,0.17182724217830056
1256,2505405.0,0.1719478851332558
1257,2505465.0,0.1720445900597347
1258,2505525.0,0.17210642233136667
1259,2505585.0,0.17218602120953266
1260,2505645.0,0.17225308045401636
1261,2505708.0,0.17235492475005623
1262,2505765.0,0.17238825847290654
1263,2505825.0,0.17234177932679948
1264,2505885.0,0.17225821412148165
1265,2505945.0,0.17223304647036344
1266,2506005.0,0.17220876988983005
1267,2506065.0,0.17218170169111266
1268,2506125.0,0.1721430813669597
1269,2506185.0,0.17205433064604594
1270,2506245.0,0.17195119456584176
1271,2506305.0,0.1719811478151462
1272,2506365.0,0.17233773852811937
1273,2506425.0,0.17366538762723935
1274,2506485.0,0.1746682868644587
1275,2506545.0,0.17555966773109924
1276,2506605.0,0.17533060872166809
1277,2506665.0,0.17540403674013608
1278,2506725.0,0.1755352880582818
1279,2506785.0,0.17570894411968727
1280,2506845.0,0.1759148502502644
1281,2506905.0,0.17607213833153265
1282,2506965.0,0.17626492139238584
1283,2507025.0,0.17643427332148007
1284,2507085.0,0.17659099370471878
1285,2507145.0,0.17667764105819853
1286,2507208.0,0.17676166267862511
1287,2507265.0,0.1768355482534966
1288,2507325.0,0.1769130358586741
1289,2507385.0,0.1770009356008753
1290,2507445.0,0.17710185138493797
1291,2507505.0,0.17722747473083025
1292,2507565.0,0.1773629663551682
1293,2507625.0,0.1775069786084111
1294,2507685.0,0.17765720379915798
1295,2507745.0,0.1778186835410733
1296,2507805.0,0.17799533933291659
1297,2507865.0,0.17819363725616885
1298,2507925.0,0.17837166625846548
1299,2507985.0,0.17859010086440277
1300,2508045.0,0.1788612864973624
1301,2508105.0,0.17915685106291449
1302,2508165.0,0.17948359110496984
1303,2508228.0,0.1798081447851275
1304,2508285.0,0.1800413141363532
1305,2508345.0,0.18022229381392488
1306,2508405.0,0.18037986671130565
1307,2508465.0,0.18052189178483088
1308,2508525.0,0.18063203194481078
1309,2508585.0,0.18073853723980396
1310,2508645.0,0.1808523973788936
1311,2508705.0,0.18098099224445793
1312,2508765.0,0.18109400072259155
1313,2508825.0,0.18120809897269888
1314,2508885.0,0.18134953286806518
1315,2508945.0,0.18145409900049128
1316,2509005.0,0.18154583106138825
1317,2509065.0,0.18163108895584265
1318,2509125.0,0.18171086594620603
1319,2509185.0,0.18180887522807257
1320,2509245.0,0.1818398109259554
1321,2509305.0,0.18183582447232718
1322,2509365.0,0.181828001600187
1323,2509425.0,0.1817925594030302
1324,2509485.0,0.18175230806684814
1325,2509545.0,0.18177732307507302
1326,2509605.0,0.18178572714053812
1327,2509665.0,0.18179626254630252
1328,2509725.0,0.18179103807799804
1329,2509785.0,0.18180521565860056
1330,2509845.0,0.18177867191957228
1331,2509905.0,0.18169760607224736
1332,2509965.0,0.18165140056030563
1333,2510025.0,0.18160466616030893
1334,2510085.0,0.18156927417078508
1335,2510145.0,0.1815415442237829
1336,2510205.0,0.18152470878599694
1337,2510265.0,0.18154121939122145
1338,2510325.0,0.18259615460879444
1339,2510385.0,0.18349005106635893
1340,2510445.0,0.18418302412576662
1341,2510505.0,0.18357266849549161
1342,2510565.0,0.1823744604970882
1343,2510625.0,0.18150845916610056
1344,2510685.0,0.1808140765344403
1345,2510745.0,0.18099125684719655
1346,2510805.0,0.18113682050489624
1347,2510865.0,0.1811942212502883
1348,2510925.0,0.18116923600959026
1349,2510985.0,0.18114134902041992
1350,2511045.0,0.18110136554565057
1351,2511105.0,0.1810507722020315
1352,2511165.0,0.18097242567363483
1353,2511225.0,0.18084634373517097
1354,2511285.0,0.18087655990478105
1355,2511345.0,0.18101536921285802
1356,2511405.0,0.18111182902911968
1357,2511465.0,0.18119706758957346
1358,2511525.0,0.18124928375149144
1359,2511585.0,0.18131310608462867
1360,2511645.0,0.1813837807557587
1361,2511705.0,0.1815053729537673
1362,2511765.0,0.18160971951078567
1363,2511825.0,0.18168414864917568
1364,2511885.0,0.1817471552242282
1365,2511945.0,0.18186156754333885
1366,2512005.0,0.18198289161130501
1367,2512065.0,0.18207656575499506
1368,2512125.0,0.1821655705226001
1369,2512185.0,0.18223874211945681
1370,2512245.0,0.18227981331785562
1371,2512305.0,0.1823441052045308
1372,2512365.0,0.1823810169925388
1373,2512425.0,0.1823797777514067
1374,2512485.0,0.1824459725340575
1375,2512545.0,0.1824409546270868
1376,2512605.0,0.1824224840275113
1377,2512665.0,0.18243878884675438
1378,2512725.0,0.18239379413063564
1379,2512788.0,0.18230444510177143
1380,2512845.0,0.18231338384151022
1381,2512905.0,0.18243843358171566
1382,2512965.0,0.1825055547879443
1383,2513025.0,0.18273558536124976
1384,2513088.0,0.1828750080301467
1385,2513145.0,0.18294589473096737
1386,2513205.0,0.18298341427780193
1387,2513265.0,0.18307553515937566
1388,2513325.0,0.18317726274795545
1389,2513385.0,0.1832592566604361
1390,2513445.0,0.1833242768016781
1391,2513505.0,0.18335463541651711
1392,2513565.0,0.18336671057141055
1393,2513625.0,0.18332996311066332
1394,2513685.0,0.1833138076152551
1395,2513745.0,0.18321537950831426
1396,2513805.0,0.1830932687063904
1397,2513865.0,0.18302132376248273
1398,2513925.0,0.18300195942286454
1399,2513985.0,0.18298427234641965
1400,2514045.0,0.1829571783302311
1401,2514105.0,0.18295559543362064
1402,2514168.0,0.1829591669016474
1403,2514225.0,0.18294844639671695
1404,2514285.0,0.18291118868552844
1405,2514345.0,0.1828740705180054
1406,2514405.0,0.182793637319437
1407,2514465.0,0.18271449592431357
1408,2514525.0,0.18262380404340592
1409,2514585.0,0.18252569766070711
1410,2514645.0,0.18237854172992882
1411,2514705.0,0.18226825318690196
1412,2514765.0,0.18214005460433932
1413,2514825.0,0.18202217039746368
1414,2514885.0,0.18082008528905022
1415,2514945.0,0.1797879445757349
1416,2515005.0,0.17888271972917671
1417,2515065.0,0.178938772507809
1418,2515125.0,0.1789488892994224
1419,2515185.0,0.1788852331276539
1420,2515245.0,0.17892261150405384
1421,2515305.0,0.17890285701260925
1422,2515365.0,0.17887634566190655
1423,2515425.0,0.17886010935319122
1424,2515485.0,0.1788394976648832
1425,2515545.0,0.17881570884669137
1426,2515605.0,0.178807588975303
1427,2515665.0,0.17879732894349978
1428,2515725.0,0.17879010917843588
1429,2515785.0,0.17878133240302765
1430,2515845.0,0.17876592707986874
1431,2515905.0,0.17865056040176383
1432,2515965.0,0.1785419560414834
1433,2516028.0,0.17836655623639977
1434,2516085.0,0.17819179622484424
1435,2516145.0,0.1778749453158238
1436,2516208.0,0.17764917467827782
1437,2516265.0,0.17750471230473683
1438,2516325.0,0.177488735330974
1439,2516385.0,0.17751813186714785
1440,2516445.0,0.17776199533911533
1441,2516505.0,0.1777973274223061
1442,2516565.0,0.17784092578479851
1443,2516625.0,0.1779419620015951
1444,2516685.0,0.17809841265861118
1445,2516745.0,0.17824577228581776
1446,2516805.0,0.1784214844742161
1447,2516865.0,0.17863542168134153
1448,2516925.0,0.17889162383896864
1449,2516985.0,0.17921662714031375
1450,2517045.0,0.17952284577353025
1451,2517105.0,0.17975924343295244
1452,2517165.0,0.17970926848044447
1453,2517225.0,0.1786865729914496
1454,2517285.0,0.1779952361103965
1455,2517345.0,0.1773330955425205
1456,2517405.0,0.17777342743335986
1457,2517468.0,0.17791161660794644
1458,2517525.0,0.17799217837215167
1459,2517585.0,0.17791579174084274
1460,2517645.0,0.17786561929842734
1461,2517705.0,0.1779117375717786
1462,2517765.0,0.17832846502696295
1463,2517825.0,0.1785614024581618
1464,2517885.0,0.17868315421165396
1465,2517945.0,0.17873792433362048
1466,2518005.0,0.17877446623709917
1467,2518065.0,0.17882958983618616
1468,2518125.0,0.17887618443824319
1469,2518185.0,0.17892247784324625
1470,2518245.0,0.17894485277888436
1471,2518308.0,0.17894487505048387
1472,2518365.0,0.17894636843640413
1473,2518425.0,0.17895491442635494
1474,2518485.0,0.17895653423235183
1475,2518545.0,0.17895435544363172
1476,2518605.0,0.17894259605228294
1477,2518665.0,0.1789135325044051
1478,2518725.0,0.17889978180562058
1479,2518785.0,0.1787793443296586
1480,2518845.0,0.17855471756838923
1481,2518908.0,0.17822476246461053
1482,2518965.0,0.1779233955364999
1483,2519025.0,0.17781638820814147
1484,2519085.0,0.17789813412539665
1485,2519145.0,0.1781894087202198
1486,2519205.0,0.1783069442119308
1487,2519265.0,0.1783423013564636
1488,2519325.0,0.17834173722922678
1489,2519385.0,0.17834728594671587
1490,2519445.0,0.1783579095665573
1491,2519505.0,0.17839912878133377
1492,2519565.0,0.178470711453776
1493,2519625.0,0.178567189546491
1494,2519685.0,0.17866019676161085
1495,2519745.0,0.17875277881543075
1496,2519805.0,0.1788420220474867
1497,2519865.0,0.17891956232894005
1498,2519925.0,0.17899516439966515
1499,2519985.0,0.17903464061477672
1500,2520045.0,0.17913325772417746
1501,2520105.0,0.17924317683073923
1502,2520165.0,0.17921958119108275
1503,2520225.0,0.17920862187101275
1504,2520285.0,0.1792737206057395
1505,2520345.0,0.17937149674782696
1506,2520405.0,0.17981970815144646
1507,2520465.0,0.18009412158420426
1508,2520525.0,0.18022931235392295
1509,2520585.0,0.18031210761196223
1510,2520645.0,0.18038131821104006
1511,2520705.0,0.18047971276761784
1512,2520765.0,0.18058276326982706
1513,2520825.0,0.1806671856889789
1514,2520885.0,0.18077763089149487
1515,2520945.0,0.18088330630765984
1516,2521005.0,0.18096570019667793
1517,2521065.0,0.18101651578368275
1518,2521125.0,0.1799867811042611
1519,2521185.0,0.1791320525882091
1520,2521245.0,0.17843242274125973
1521,2521305.0,0.17764609804885675
1522,2521365.0,0.17772224946012385
1523,2521425.0,0.17782127405017997
1524,2521485.0,0.1779083083167248
1525,2521545.0,0.1783021018031035
1526,2521605.0,0.1784723287351526
1527,2521665.0,0.17850739990391243
1528,2521725.0,0.17847244516276592
1529,2521785.0,0.17844626336606348
1530,2521845.0,0.17842653552309298
1531,2521905.0,0.1784243734085232
1532,2521965.0,0.17843310288591654
1533,2522025.0,0.17843691091574174
1534,2522085.0,0.1783923104704089
1535,2522145.0,0.1783230964318742
1536,2522205.0,0.17822722834315738
1537,2522265.0,0.17800045182932397
1538,2522325.0,0.17780475772356155
1539,2522385.0,0.1776869160062993
1540,2522445.0,0.17765392966687513
1541,2522505.0,0.17790597383326048
1542,2522565.0,0.1780232374805242
1543,2522625.0,0.17800807385903847
1544,2522685.0,0.17792357284681767
1545,2522745.0,0.1778346478163034
1546,2522805.0,0.17774133162984238
1547,2522865.0,0.1776637599870777
1548,2522925.0,0.1776291743004901
1549,2522985.0,0.17760525032103544
1550,2523045.0,0.1776357846789394
1551,2523105.0,0.1776760487165097
1552,2523165.0,0.17756982874525304
1553,2523225.0,0.177534251344917
1554,2523285.0,0.17757590576009022
1555,2523345.0,0.17772713224511474
1556,2523405.0,0.17781822639572656
1557,2523465.0,0.1779861567544864
1558,2523525.0,0.1780734487828788
1559,2523585.0,0.17814402417454842
1560,2523645.0,0.17812080876577832
1561,2523705.0,0.17800292386846187
1562,2523765.0,0.17796235788563566
1563,2523825.0,0.177790505187414
1564,2523885.0,0.17773503862687726
1565,2523945.0,0.17784219060220444
1566,2524005.0,0.17772390723463963
1567,2524065.0,0.177709783884435
1568,2524125.0,0.1776923635049417
1569,2524185.0,0.17748450191768275
1570,2524245.0,0.1772525540678773
1571,2524305.0,0.1770833540992587
1572,2524365.0,0.1769889128453848
1573,2524425.0,0.17683682350755817
1574,2524485.0,0.17660771124399402
1575,2524545.0,0.17642517462571014
1576,2524605.0,0.1773406554067398
1577,2524665.0,0.17802305251515957
1578,2524725.0,0.17840711945694718
1579,2524785.0,0.17885938984091623
1580,2524845.0,0.1792889251763147
1581,2524905.0,0.17899059022924765
1582,2524965.0,0.17876637648922525
1583,2525025.0,0.17861955502670254
1584,2525085.0,0.1785369026678483
1585,2525145.0,0.17848293325995537
1586,2525205.0,0.17845256232780024
1587,2525265.0,0.1784034367463143
1588,2525325.0,0.17834825967326876
1589,2525385.0,0.17826931968404394
1590,2525445.0,0.17819637023979915
1591,2525505.0,0.17812767396466847
1592,2525565.0,0.1780956569613075
1593,2525625.0,0.17805696098860643
1594,2525685.0,0.17806398549412542
1595,2525745.0,0.178016305973742
1596,2525805.0,0.17797300497484494
1597,2525865.0,0.17790058648971843
1598,2525925.0,0.17781983242617047
1599,2525985.0,0.1777533610556952
1600,2526045.0,0.1776159635197048
1601,2526105.0,0.17748425403961396
1602,2526165.0,0.17741017246883298
1603,2526225.0,0.17731297885128863
1604,2526285.0,0.17715243620174295
1605,2526345.0,0.1770121818810462
1606,2526405.0,0.17687621051488003
1607,2526465.0,0.17674836572895872
1608,2526525.0,0.176566763135691
1609,2526585.0,0.17641178071286015
1610,2526645.0,0.17630603158531075
1611,2526705.0,0.17632880559661065
1612,2526765.0,0.17636073071626593
1613,2526825.0,0.17646001763194677
1614,2526885.0,0.17656481619464773
1615,2526945.0,0.1767934407714811
1616,2527008.0,0.1769514073097925
1617,2527065.0,0.17699957774411898
1618,2527125.0,0.1769277782222112
1619,2527185.0,0.17685565838840064
1620,2527245.0,0.17671737962491643
1621,2527305.0,0.1765871667221511
1622,2527365.0,0.17646384631089504
1623,2527425.0,0.17634381070136915
1624,2527485.0,0.17625735168825354
1625,2527545.0,0.17606735258221404
1626,2527605.0,0.17581553601554686
1627,2527665.0,0.17569759651258413
1628,2527725.0,0.17564107137811583
1629,2527785.0,0.1756004310018471
1630,2527845.0,0.17549345379850492
1631,2527905.0,0.17535162925658385
1632,2527965.0,0.17523377249985642
1633,2528025.0,0.17512837686093743
1634,2528085.0,0.17504774494996447
1635,2528145.0,0.1749990808240053
1636,2528205.0,0.17494687938986933
1637,2528265.0,0.17483801104689192
1638,2528325.0,0.17470736137355805
1639,2528385.0,0.17466391090353542
1640,2528445.0,0.1745555824544406
1641,2528505.0,0.17435027632733494
1642,2528565.0,0.17374927972873191
1643,2528625.0,0.17333133928999364
1644,2528685.0,0.17303312887405584
1645,2528745.0,0.17274655644833767
1646,2528805.0,0.17250726399228458
1647,2528865.0,0.17232063857006244
1648,2528925.0,0.17217614371403947
1649,2528985.0,0.1720883728970309
1650,2529045.0,0.17194874495669746
1651,2529105.0,0.17179790832059563
1652,2529165.0,0.17160894110938638
1653,2529225.0,0.17236160403685877
1654,2529285.0,0.17279247720497495
1655,2529345.0,0.17320885326823052
1656,2529405.0,0.17356272872084713
1657,2529465.0,0.17318459598035854
1658,2529525.0,0.17283812793140504
1659,2529585.0,0.1726451404343762
1660,2529645.0,0.17251109736227885
1661,2529705.0,0.17242595293783333
1662,2529765.0,0.172258468542188
1663,2529825.0,0.1718549230818555
1664,2529885.0,0.17127560772375475
1665,2529945.0,0.1705314379746151
1666,2530005.0,0.170025565208707
1667,2530065.0,0.1696768068579443
1668,2530125.0,0.16932996927207752
1669,2530185.0,0.16899945163736727
1670,2530245.0,0.1686524771583706
1671,2530305.0,0.16829124093130657
1672,2530365.0,0.16794993600747735
1673,2530425.0,0.1676037603189454
1674,2530485.0,0.1672727666032329
1675,2530548.0,0.16693797005053465
1676,2530605.0,0.16660819102329824
1677,2530665.0,0.16625153843501997
1678,2530725.0,0.16585958125173952
1679,2530785.0,0.1655253222261078
1680,2530845.0,0.16521034720915115
1681,2530905.0,0.16492466404556952
1682,2530965.0,0.16474219389317055
1683,2531025.0,0.16455049810745634
1684,2531085.0,0.16425856792881058
1685,2531145.0,0.1638867326671173
1686,2531205.0,0.16317445315520987
1687,2531265.0,0.16265156012874118
1688,2531325.0,0.16223947714765777
1689,2531385.0,0.1618480954272478
1690,2531445.0,0.16148536576764747
1691,2531505.0,0.16119930383764938
1692,2531565.0,0.16097966876122669
1693,2531625.0,0.1607854484463803
1694,2531685.0,0.16061177339544128
1695,2531745.0,0.1604242180041147
1696,2531805.0,0.16017990025243586
1697,2531865.0,0.15994607930848995
1698,2531925.0,0.15976236775593536
1699,2531985.0,0.16088384910284462
1700,2532045.0,0.16157617758122236
1701,2532105.0,0.16223652987380974
1702,2532165.0,0.16206720450400128
1703,2532225.0,0.16181284763304585
1704,2532285.0,0.16156704410663772
1705,2532345.0,0.16090814306609033
1706,2532405.0,0.16042366941560596
1707,2532465.0,0.16016226674942444
1708,2532528.0,0.15984726687185677
1709,2532585.0,0.1595559881202486
1710,2532645.0,0.15921333972791687
1711,2532705.0,0.15879582259739985
1712,2532765.0,0.1583458251035649
1713,2532825.0,0.15793792113288688
1714,2532885.0,0.15745578041535804
1715,2532945.0,0.1570212027563698
1716,2533005.0,0.15659154640801484
1717,2533065.0,0.15632275352953243
1718,2533125.0,0.15600589980586768
1719,2533185.0,0.15557640361426803
1720,2533245.0,0.15504389706578173
1721,2533305.0,0.1542598543458695
1722,2533365.0,0.15363716218746384
1723,2533425.0,0.153123805647317
1724,2533485.0,0.15269731237562448
1725,2533545.0,0.15232564515959637
1726,2533605.0,0.15208685276892123
1727,2533665.0,0.15191095339911118
1728,2533725.0,0.15177996579163208
1729,2533785.0,0.15174703836176487
1730,2533845.0,0.15164772391646317
1731,2533905.0,0.15148805572469007
1732,2533965.0,0.15146670271454613
1733,2534025.0,0.15231079752107093
1734,2534085.0,0.15285433286003672
1735,2534145.0,0.15327493265473133
1736,2534205.0,0.1536981721542963
1737,2534265.0,0.15323466581873704
1738,2534325.0,0.15298367734917898
1739,2534385.0,0.15287037984288251
1740,2534448.0,0.15283982203400684
1741,2534505.0,0.15286018230318146
1742,2534565.0,0.1527581487982845
1743,2534625.0,0.15246234852434168
1744,2534685.0,0.15202820170491485
1745,2534745.0,0.1514346132228385
1746,2534805.0,0.15106992957929913
1747,2534865.0,0.1505540434901563
1748,2534925.0,0.15001033743385447
1749,2534985.0,0.14964579866329716
1750,2535045.0,0.1492591771777749
1751,2535105.0,0.14886106905476623
1752,2535165.0,0.14848580680817738
1753,2535225.0,0.14824492060908637
1754,2535285.0,0.14811977975573823
1755,2535345.0,0.14802991868602397
1756,2535408.0,0.14689872410034602
1757,2535465.0,0.14606285984767656
1758,2535528.0,0.14554544779430337
1759,2535585.0,0.14497267931505822
1760,2535645.0,0.14444353148542208
1761,2535705.0,0.14609760862985696
1762,2535765.0,0.1474002484653439
1763,2535825.0,0.1482405457429478
1764,2535885.0,0.14801492714896072
1765,2535945.0,0.1477682843142574
1766,2536005.0,0.14748867200741314
1767,2536065.0,0.14718768078201896
1768,2536125.0,0.14689111283252235
1769,2536185.0,0.14670563875498835
1770,2536245.0,0.1464577816222851
1771,2536305.0,0.14610789048322823
1772,2536365.0,0.14569240516303564
1773,2536425.0,0.1452678413495294
1774,2536485.0,0.14482342086557995
1775,2536545.0,0.14442671944989396
1776,2536605.0,0.14401773110343782
1777,2536665.0,0.14363959289608683
1778,2536725.0,0.1432819727072304
1779,2536785.0,0.14293346684597916
1780,2536845.0,0.14259847087898478
1781,2536905.0,0.1423982665475728
1782,2536965.0,0.14220802375565497
1783,2537025.0,0.1421315454871279
1784,2537085.0,0.14209281081545264
1785,2537145.0,0.1420570552637189
1786,2537205.0,0.14310773140657282
1787,2537265.0,0.14401085868670996
1788,2537325.0,0.14474762813384565
1789,2537385.0,0.14547409437833794
1790,2537445.0,0.14602084024896148
1791,2537505.0,0.14576953383032001
1792,2537565.0,0.14557357303881943
1793,2537625.0,0.14544185218667358
1794,2537685.0,0.1453549578088947
1795,2537745.0,0.14531938592828633
1796,2537805.0,0.145256039551693
1797,2537865.0,0.1451739318140662
1798,2537925.0,0.1450754381193071
1799,2537985.0,0.14483625712206324
1800,2538045.0,0.14448810588108743
1801,2538105.0,0.14431851731929388
1802,2538165.0,0.1441973972592485
1803,2538225.0,0.1440783022704983
1804,2538285.0,0.14388473662914766
1805,2538345.0,0.1437646394380687
1806,2538405.0,0.14366863520936038
1807,2538465.0,0.14342932677069817
1808,2538525.0,0.14310229217375056
1809,2538585.0,0.1427295733561275
1810,2538648.0,0.1424201783513113
1811,2538705.0,0.14213764673506377
1812,2538765.0,0.14185288066851867
1813,2538825.0,0.14155532842520904
1814,2538885.0,0.1412216996904966
1815,2538945.0,0.140911457598725
1816,2539005.0,0.14070474071544561
1817,2539065.0,0.14063070752944498
1818,2539125.0,0.1406709926013275
1819,2539185.0,0.14080589068819463
1820,2539245.0,0.14091684438375587
1821,2539305.0,0.14098111620361878
1822,2539365.0,0.14099705341578125
1823,2539425.0,0.14206599714645982
1824,2539485.0,0.1429305856429309
1825,2539545.0,0.14379612888401586
1826,2539605.0,0.14453482946593557
1827,2539665.0,0.1444010096718186
1828,2539725.0,0.14427375817861046
1829,2539785.0,0.14415590836301465
1830,2539845.0,0.14423092503883242
1831,2539905.0,0.14422341592291868
1832,2539965.0,0.14404708941681746
1833,2540025.0,0.14291388385612705
1834,2540085.0,0.14207210026364106
1835,2540145.0,0.14121407406531902
1836,2540205.0,0.140392477854726
1837,2540265.0,0.1402959964418203
1838,2540325.0,0.14013787357215182
1839,2540385.0,0.13990487094101586
1840,2540445.0,0.1397487074440852
1841,2540505.0,0.13966319356740167
1842,2540565.0,0.13963612758843033
1843,2540625.0,0.13964778039812212
1844,2540685.0,0.13968008692928383
1845,2540745.0,0.1397977378640762
1846,2540805.0,0.1399874384135036
1847,2540865.0,0.1401880113133153
1848,2540925.0,0.14050329481951965
1849,2540985.0,0.140788451033144
1850,2541045.0,0.14096699354974943
1851,2541105.0,0.14107712343102827
1852,2541165.0,0.14228541061435449
1853,2541225.0,0.14347074500944454
1854,2541285.0,0.14460336164881246
1855,2541345.0,0.14545347075285078
1856,2541405.0,0.14546096585848176
1857,2541465.0,0.14556972997905213
1858,2541525.0,0.14579347023743208
1859,2541585.0,0.14598622537869407
1860,2541648.0,0.14614609395830966
1861,2541705.0,0.146200154556322
1862,2541765.0,0.1462194885770388
1863,2541828.0,0.14621465872837722
1864,2541885.0,0.14619963252077087
1865,2541945.0,0.1462015709267606
1866,2542005.0,0.14620556700974166
1867,2542065.0,0.14620173353113855
1868,2542125.0,0.1462012354997089
1869,2542185.0,0.1461899612042761
1870,2542245.0,0.1461133145262203
1871,2542305.0,0.1459056217830236
1872,2542365.0,0.14565930554959797
1873,2542425.0,0.14544236002329766
1874,2542485.0,0.1452434928118949
1875,2542545.0,0.1450880199802109
1876,2542605.0,0.14510374750616908
1877,2542665.0,0.14521168818861532
1878,2542725.0,0.14535515314696915
1879,2542785.0,0.1441151831970017
1880,2542845.0,0.1432904010986694
1881,2542905.0,0.1426302864094295
1882,2542965.0,0.14373244985428027
1883,2543025.0,0.1446031296057491
1884,2543085.0,0.14540623387565696
1885,2543145.0,0.14624068322022302
1886,2543205.0,0.14625821952397725
1887,2543265.0,0.14625146223005794
1888,2543325.0,0.14637120235943704
1889,2543385.0,0.14642918636958543
1890,2543445.0,0.1465006988605386
1891,2543505.0,0.14658301523811443
1892,2543565.0,0.14664636672637274
1893,2543625.0,0.14663674591466366
1894,2543685.0,0.1466483298305821
1895,2543745.0,0.14657403550422757
1896,2543805.0,0.14652930487422608
1897,2543865.0,0.1464307414497625
1898,2543925.0,0.14633089716054867
1899,2543985.0,0.14631654874723485
1900,2544045.0,0.1463958186618223
1901,2544105.0,0.14651705271353846
1902,2544165.0,0.1466798416991972
1903,2544225.0,0.1469681784247606
1904,2544285.0,0.14732490242258903
1905,2544345.0,0.14755700284302728
1906,2544405.0,0.14764724714765617
1907,2544465.0,0.14766940353341348
1908,2544525.0,0.14869262231145505
1909,2544585.0,0.14937588152087486
1910,2544648.0,0.1499556329934645
1911,2544705.0,0.14959051917232571
1912,2544768.0,0.14949429323624105
1913,2544825.0,0.14852469962389522
1914,2544885.0,0.14772627683004438
1915,2544945.0,0.14697488364569325
1916,2545005.0,0.14622103161290803
1917,2545065.0,0.14621533874536272
1918,2545125.0,0.14614135911158202
1919,2545185.0,0.14598428691871915
1920,2545245.0,0.14575388356004218
1921,2545305.0,0.14544558438378544
1922,2545365.0,0.14522360706076012
1923,2545425.0,0.1451489783997217
1924,2545485.0,0.14514731226331803
1925,2545545.0,0.1451406885673178
1926,2545605.0,0.14518719686247125
1927,2545665.0,0.14530502883991606
1928,2545725.0,0.1454715492048009
1929,2545785.0,0.14568161619649636
1930,2545845.0,0.14597340618705854
1931,2545905.0,0.1463360686189807
1932,2545965.0,0.14672345742321083
1933,2546025.0,0.1470706800383426
1934,2546085.0,0.14733865823884365
1935,2546145.0,0.14756015181349877
1936,2546205.0,0.14892349856641499
1937,2546265.0,0.14981970018050553
1938,2546325.0,0.150396942716483
1939,2546385.0,0.1510361108139582
1940,2546445.0,0.1506982241182724
1941,2546505.0,0.1490060970881167
1942,2546565.0,0.14763727096754234
1943,2546625.0,0.14675121318963538
1944,2546685.0,0.14689307656323994
1945,2546745.0,0.1468666875929864
1946,2546805.0,0.14676179053128333
1947,2546865.0,0.14664201932486717
1948,2546925.0,0.14653600486996401
1949,2546985.0,0.14633728790030018
1950,2547045.0,0.1462076283351947
1951,2547105.0,0.14622374949307784
1952,2547165.0,0.14623571354558815
1953,2547225.0,0.14623863154289454
1954,2547285.0,0.14630502533158837
1955,2547345.0,0.1464489192223468
1956,2547405.0,0.14669182679111362
1957,2547465.0,0.1469922444857731
1958,2547525.0,0.1473406418207022
1959,2547585.0,0.14770156603755527
1960,2547645.0,0.1479197375395007
1961,2547705.0,0.14801586061776542
1962,2547765.0,0.14919572879961615
1963,2547825.0,0.15003542173227222
1964,2547885.0,0.15069505679936382
1965,2547945.0,0.15141335246977697
1966,2548005.0,0.15101491311538598
1967,2548065.0,0.1499457942418834
1968,2548125.0,0.14917271838113963
1969,2548185.0,0.14846230294446802
1970,2548245.0,0.1478746498057327
1971,2548305.0,0.1479510751840867
1972,2548365.0,0.14787138931600105
1973,2548425.0,0.14770685812817932
1974,2548485.0,0.14751111796702307
1975,2548545.0,0.14727549695202555
1976,2548605.0,0.1470744847498658
1977,2548665.0,0.14690324235988142
1978,2548725.0,0.14673303202117408
1979,2548785.0,0.14663444510574627
1980,2548845.0,0.14652268920390824
1981,2548905.0,0.14639176182833183
1982,2548965.0,0.14627181774922196
1983,2549025.0,0.14615821455986114
1984,2549085.0,0.14604155133591543
1985,2549145.0,0.14596532610920257
1986,2549205.0,0.14597592274080126
1987,2549265.0,0.14604499468311202
1988,2549325.0,0.146160503378392
1989,2549385.0,0.14637735149916423
1990,2549445.0,0.1466380952867883
1991,2549505.0,0.14685084147058527
1992,2549565.0,0.14702425121845072
1993,2549625.0,0.14719335682515958
1994,2549685.0,0.14828929872569277
1995,2549745.0,0.1491822175239191
1996,2549805.0,0.14990357745804642
1997,2549865.0,0.15061997381106082
1998,2549925.0,0.15134211698848857
1999,2549985.0,0.15121543834368775
2000,2550045.0,0.15113480807330107
2001,2550105.0,0.1512054494120916
2002,2550165.0,0.15139471347774516
2003,2550225.0,0.15046461422578025
2004,2550285.0,0.14967525950046648
2005,2550345.0,0.14890284584728228
2006,2550405.0,0.14825120666859679
2007,2550465.0,0.14838850458472133
2008,2550525.0,0.14844433236934532
2009,2550585.0,0.14844010855452236
2010,2550645.0,0.14830613209200919
2011,2550705.0,0.14828166926107603
2012,2550765.0,0.14849644296536565
2013,2550825.0,0.1487447949692239
2014,2550885.0,0.1490204801953092
2015,2550945.0,0.14935119712601688
2016,2551005.0,0.14972703857775585
2017,2551065.0,0.15012389606947915
2018,2551125.0,0.15054448774216753
2019,2551185.0,0.15098459201900008
2020,2551245.0,0.1514268596242169
2021,2551305.0,0.1518674087505907
2022,2551365.0,0.15228666073299926
2023,2551425.0,0.15266640775820753
2024,2551485.0,0.15298324056145393
2025,2551545.0,0.15317112380729478
2026,2551605.0,0.15424362230152058
2027,2551665.0,0.15504551488458004
2028,2551725.0,0.15563081408043797
2029,2551785.0,0.15618806872380012
2030,2551845.0,0.15688344531490725
2031,2551905.0,0.15682271790973953
2032,2551965.0,0.1557125440749195
2033,2552025.0,0.15470211874894854
2034,2552085.0,0.15374515463213148
2035,2552145.0,0.15305547658774774
2036,2552205.0,0.15319192665789208
2037,2552265.0,0.1532578416569271
2038,2552325.0,0.15323828590020752
2039,2552385.0,0.15319148655534545
2040,2552448.0,0.15313662914891327
2041,2552505.0,0.15320379893894767
2042,2552565.0,0.15334659114709284
2043,2552625.0,0.15464564608705703
2044,2552685.0,0.15581096385635454
2045,2552745.0,0.15675881494376878
2046,2552805.0,0.1576729616510115
2047,2552865.0,0.15776036823363346
2048,2552925.0,0.1578940722597091
2049,2552985.0,0.1581714575364964
2050,2553045.0,0.15858250421074374
2051,2553105.0,0.15890794660463062
2052,2553165.0,0.1591316752891864
2053,2553225.0,0.1593226071561837
2054,2553285.0,0.159517855895397
2055,2553345.0,0.15971865758271728
2056,2553405.0,0.1597587884461076
2057,2553465.0,0.15968698027144493
2058,2553525.0,0.15954991522826076
2059,2553585.0,0.16065279807167585
2060,2553645.0,0.16154004973137195
2061,2553705.0,0.1622314670250206
2062,2553765.0,0.1618881898659543
2063,2553825.0,0.1617964915316197
2064,2553885.0,0.1617648982184192
2065,2553945.0,0.1609348218877035
2066,2554005.0,0.16101724972792433
2067,2554065.0,0.16116817151045895
2068,2554125.0,0.1613596724108126
2069,2554185.0,0.1616019312800819
2070,2554245.0,0.1618409395370938
2071,2554305.0,0.16211850510020356
2072,2554365.0,0.1624143622115877
2073,2554425.0,0.1627108344872301
2074,2554485.0,0.1630009916793885
2075,2554545.0,0.1633216192074706
2076,2554605.0,0.16368756224373496
2077,2554665.0,0.16409851692677876
2078,2554725.0,0.1645512144216237
2079,2554785.0,0.164961083572337
2080,2554845.0,0.16532623554216344
2081,2554905.0,0.1656138109730366
2082,2554965.0,0.167068428828519
2083,2555025.0,0.16813068745274876
2084,2555085.0,0.16888983301391972
2085,2555145.0,0.1696095783302725
2086,2555205.0,0.17032935074030028
2087,2555265.0,0.17102441640361424
2088,2555325.0,0.1706598744541896
2089,2555385.0,0.16976685070338607
2090,2555445.0,0.16898813747725364
2091,2555505.0,0.1693083214047397
2092,2555565.0,0.16946933746471085
2093,2555625.0,0.16958414149116083
2094,2555685.0,0.1696929510851423
2095,2555745.0,0.1698320157761333
2096,2555805.0,0.17002512180316645
2097,2555865.0,0.17138839198649794
2098,2555925.0,0.1725925918548389
2099,2555985.0,0.1735776719522644
2100,2556045.0,0.174449264901984
2101,2556105.0,0.17533446181496617
2102,2556165.0,0.17630470215245267
2103,2556225.0,0.17645895843694084
2104,2556285.0,0.17672272208720455
2105,2556345.0,0.17713757275520384
2106,2556405.0,0.17755748652027661
2107,2556465.0,0.1778093049491444
2108,2556525.0,0.17796716934579235
2109,2556585.0,0.17808354805511653
2110,2556645.0,0.17817293534447012
2111,2556705.0,0.1781983387459886
2112,2556765.0,0.17808438909504445
2113,2556825.0,0.17793572561744278
2114,2556885.0,0.1778322093652844
2115,2556945.0,0.177770592436331
2116,2557005.0,0.17653054320890335
2117,2557065.0,0.17568912714485765
2118,2557125.0,0.17512351309148147
2119,2557185.0,0.17448111649458978
2120,2557245.0,0.1747948250601806
2121,2557305.0,0.17613937322093756
2122,2557365.0,0.17716055704254505
2123,2557425.0,0.17786352084652093
2124,2557485.0,0.17848287995309384
2125,2557545.0,0.17844922768868385
2126,2557605.0,0.17858287646267676
2127,2557665.0,0.1788728934179298
2128,2557725.0,0.1792599592684989
2129,2557785.0,0.17965702887966742
2130,2557845.0,0.18002227627646242
2131,2557905.0,0.18030073613325445
2132,2557968.0,0.1806130123579702
2133,2558028.0,0.18094178009719988
2134,2558085.0,0.18122904925832453
2135,2558145.0,0.18145596708084624
2136,2558205.0,0.1816101829348233
2137,2558265.0,0.1817110648874438
2138,2558325.0,0.18172811468993275
2139,2558385.0,0.1817513680690482
2140,2558445.0,0.18186687237661595
2141,2558505.0,0.18200931495292114
2142,2558565.0,0.1809896766611874
2143,2558625.0,0.1812673251630297
2144,2558685.0,0.1814965318576557
2145,2558745.0,0.1815136505914616
2146,2558805.0,0.18150708269613883
2147,2558865.0,0.1823001526292933
2148,2558925.0,0.18303799258047213
2149,2558985.0,0.18371997196523462
2150,2559045.0,0.18359504140273555
2151,2559105.0,0.18356472580321712
2152,2559165.0,0.1837027959961088
2153,2559228.0,0.18391428665984313
2154,2559285.0,0.1841328391658648
2155,2559345.0,0.1843404093882773
2156,2559405.0,0.18455972834086196
2157,2559465.0,0.1858007730915436
2158,2559525.0,0.1868054087648002
2159,2559585.0,0.18770797047861268
2160,2559645.0,0.1887523969885266
2161,2559705.0,0.1896962976067275
2162,2559765.0,0.1897722991678882
2163,2559825.0,0.18990357417772694
2164,2559885.0,0.190123780156117
2165,2559945.0,0.19032298912166815
2166,2560005.0,0.19044525367934192
2167,2560065.0,0.19049850248847947
2168,2560125.0,0.1905243152642667
2169,2560185.0,0.19046505887336965
2170,2560245.0,0.19035806507673494
2171,2560308.0,0.19029283096029684
2172,2560365.0,0.19027552273601475
2173,2560425.0,0.1902793491953131
2174,2560485.0,0.1893621391680749
2175,2560545.0,0.18866518373828609
2176,2560605.0,0.1880872900768166
2177,2560665.0,0.18744717443442602
2178,2560725.0,0.18667992713826817
2179,2560785.0,0.18670872538969216
2180,2560845.0,0.18674850558287517
2181,2560908.0,0.18669718923993675
2182,2560965.0,0.18657768228087226
2183,2561025.0,0.18654248612984245
2184,2561085.0,0.18655278096829417
2185,2561145.0,0.18658580042373743
2186,2561208.0,0.18661105079268417
2187,2561265.0,0.186685102975803
2188,2561325.0,0.18678064267620967
2189,2561385.0,0.1868413861100743
2190,2561445.0,0.18690365169416426
2191,2561505.0,0.18692221411107238
2192,2561565.0,0.1869037882061185
2193,2561625.0,0.18686972533112653
2194,2561685.0,0.18684423965191746
2195,2561745.0,0.18678256708594507
2196,2561805.0,0.1866964919975788
2197,2561865.0,0.18659184705922185
2198,2561925.0,0.18649412676947744
2199,2561985.0,0.1864135573850804
2200,2562045.0,0.1863223778160887
2201,2562105.0,0.18622947892660116
2202,2562165.0,0.18611649896014335
2203,2562225.0,0.18600804291795228
2204,2562285.0,0.18592639429627703
2205,2562345.0,0.1858868198009224
2206,2562405.0,0.18485357489275214
2207,2562465.0,0.18403506067839356
2208,2562525.0,0.18336822419178486
2209,2562585.0,0.18277561617150237
2210,2562645.0,0.18211733464486832
2211,2562705.0,0.1822467580363987
2212,2562765.0,0.18232240817868198
2213,2562825.0,0.1824604658497637
2214,2562885.0,0.18246162366213983
2215,2562945.0,0.18239401809554465
2216,2563005.0,0.18232418215603166
2217,2563065.0,0.18227358152649734
2218,2563125.0,0.18224846894553717
2219,2563185.0,0.18224996074136815
2220,2563245.0,0.18230194495376875
2221,2563305.0,0.18233016374749447
2222,2563365.0,0.18235708868667058
2223,2563425.0,0.18129360053964835
2224,2563485.0,0.18039713171539343
2225,2563545.0,0.17972005811980588
2226,2563605.0,0.17908727124796434
2227,2563665.0,0.17929769362347112
2228,2563725.0,0.17947141197111285
2229,2563785.0,0.17951555984924047
2230,2563845.0,0.17947683586089855
2231,2563905.0,0.179560175519719
2232,2563965.0,0.17970151939190301
2233,2564025.0,0.17985454731253672
2234,2564085.0,0.18000395254384868
2235,2564145.0,0.18010794803847666
2236,2564205.0,0.18027476564067715
2237,2564265.0,0.18044817649975772
2238,2564325.0,0.18059836475650246
2239,2564385.0,0.17942620831199965
2240,2564445.0,0.17861414739996886
2241,2564505.0,0.17810386950233717
2242,2564565.0,0.1779081558216972
2243,2564625.0,0.17743014294708284
2244,2564685.0,0.17677848579989922
2245,2564745.0,0.17688443889892694
2246,2564805.0,0.17687390300326503
2247,2564865.0,0.17676001081880813
2248,2564925.0,0.17662016040880643
2249,2564985.0,0.17650667960559732
2250,2565045.0,0.17643748299232534
2251,2565105.0,0.1763697165805229
2252,2565165.0,0.17631887101275603
2253,2565225.0,0.17628153292745377
2254,2565285.0,0.17628483685017318
2255,2565348.0,0.1762751548792212
2256,2565405.0,0.17624826453770395
2257,2565465.0,0.17622831876318226
2258,2565525.0,0.176195013567606
2259,2565585.0,0.17597242821377548
2260,2565645.0,0.17573053552285792
2261,2565705.0,0.17560392746718392
2262,2565765.0,0.17443789761340642
2263,2565825.0,0.17369844153492062
2264,2565885.0,0.17297320831937354
2265,2565945.0,0.17229734561442203
2266,2566005.0,0.17161336544595865
2267,2566065.0,0.17095510045039755
2268,2566125.0,0.17033413902577813
2269,2566185.0,0.17046834752991893
2270,2566245.0,0.17062461150597638
2271,2566305.0,0.1706863951890427
2272,2566365.0,0.1706642015371266
2273,2566425.0,0.17061681779230467
2274,2566485.0,0.17057429750355932
2275,2566545.0,0.17053768620979168
2276,2566605.0,0.17049605418243022
2277,2566665.0,0.16923168416720982
2278,2566725.0,0.16817196680439075
2279,2566785.0,0.167413527539395
2280,2566845.0,0.16703435775438066
2281,2566905.0,0.16654707613201733
2282,2566965.0,0.16589967230297362
2283,2567025.0,0.16603366925261
2284,2567085.0,0.16609823947652144
2285,2567145.0,0.16604602851486241
2286,2567205.0,0.16599423369868896
2287,2567265.0,0.1660369855592406
2288,2567325.0,0.16613457668320195
2289,2567385.0,0.16620780966934676
2290,2567445.0,0.16619499410069197
2291,2567505.0,0.1661076033812617
2292,2567565.0,0.16603802863236508
2293,2567625.0,0.16598488457811364
2294,2567685.0,0.16595494584209183
2295,2567745.0,0.1659276217423872
2296,2567805.0,0.16590074182027872
2297,2567868.0,0.1658147005376592
2298,2567925.0,0.16574649837069713
2299,2567985.0,0.16573607989450614
2300,2568045.0,0.16576411853976272
2301,2568105.0,0.16484039793761127
2302,2568165.0,0.16401914863177078
2303,2568225.0,0.16334450394738956
2304,2568285.0,0.1626892047182524
2305,2568345.0,0.16283983268960414
2306,2568405.0,0.16298667608668324
2307,2568465.0,0.16304289527625906
2308,2568525.0,0.16301505193250757
2309,2568588.0,0.1629752944067144
2310,2568645.0,0.1629622043224809
2311,2568705.0,0.1629873465687234
2312,2568765.0,0.16300992015241664
2313,2568825.0,0.16302012398488744
2314,2568885.0,0.16299666816990613
2315,2568945.0,0.16299214887374716
2316,2569005.0,0.16295830539072262
2317,2569065.0,0.16291292108034597
2318,2569125.0,0.1628409154214369
2319,2569185.0,0.1627426780776786
2320,2569245.0,0.16264433530320657
2321,2569305.0,0.16256222502128706
2322,2569365.0,0.16250435706422092
2323,2569425.0,0.16140623298313153
2324,2569485.0,0.16052067402198658
2325,2569545.0,0.1597567821744311
2326,2569605.0,0.1590346178902857
2327,2569665.0,0.158342495272101
2328,2569725.0,0.1576451883305736
2329,2569785.0,0.15694304209083462
2330,2569845.0,0.15703608354370205
2331,2569905.0,0.15711551699571516
2332,2569965.0,0.15711238091719262
2333,2570025.0,0.15704994971462768
2334,2570085.0,0.15695576049590973
2335,2570145.0,0.15689928913591764
2336,2570205.0,0.15682874031924135
2337,2570265.0,0.1557367820450232
2338,2570325.0,0.154900844904477
2339,2570385.0,0.1541648735896715
2340,2570445.0,0.15326371397407576
2341,2570505.0,0.15377780595975796
2342,2570565.0,0.15468911656001724
2343,2570625.0,0.1554270736760506
2344,2570685.0,0.15603841815500044
2345,2570745.0,0.15590019548370945
2346,2570805.0,0.15580038201878907
2347,2570865.0,0.15575973975413945
2348,2570925.0,0.1557402844881666
2349,2570985.0,0.15571254588944647
2350,2571045.0,0.1557112301127712
2351,2571105.0,0.1557060977991697
2352,2571165.0,0.15571233066639148
2353,2571225.0,0.15571019035659564
2354,2571285.0,0.15574191186979044
2355,2571345.0,0.15577724360061432
2356,2571405.0,0.15579902828847428
2357,2571465.0,0.1557857263326257
2358,2571525.0,0.1557964393678776
2359,2571585.0,0.15582763819031495
2360,2571648.0,0.15585965212994982
2361,2571705.0,0.15586438387374937
2362,2571765.0,0.1558646930652566
2363,2571825.0,0.15585099694850332
2364,2571885.0,0.1558416695764874
2365,2571945.0,0.155827141310832
2366,2572005.0,0.15576170220279364
2367,2572065.0,0.15557671785833296
2368,2572125.0,0.1554421370702138
2369,2572185.0,0.1554105372274849
2370,2572245.0,0.1556394801545378
2371,2572305.0,0.1557816130794872
2372,2572365.0,0.15582056518632595
2373,2572425.0,0.15580990701989897
2374,2572485.0,0.15578458425217337
2375,2572545.0,0.15577472891127483
2376,2572605.0,0.15578195499083994
2377,2572665.0,0.1557884168616512
2378,2572725.0,0.15576710709450556
2379,2572785.0,0.15570991316390034
2380,2572845.0,0.15566796119162044
2381,2572905.0,0.15560632664381033
2382,2572965.0,0.1555813036643552
2383,2573025.0,0.15556128677284922
2384,2573085.0,0.15558620556131667
2385,2573145.0,0.15559908798506092
2386,2573205.0,0.15558980719735613
2387,2573265.0,0.15557301673676002
2388,2573325.0,0.15557328469160805
2389,2573385.0,0.1555302224903314
2390,2573445.0,0.15551782508552828
2391,2573505.0,0.15551156915841233
2392,2573565.0,0.15544410093678676
2393,2573625.0,0.1551995908889143
2394,2573685.0,0.15507298775639614
2395,2573745.0,0.1550627581219605
2396,2573805.0,0.15508457843688558
2397,2573865.0,0.1550773178575012
2398,2573925.0,0.1550426707346104
2399,2573985.0,0.1549850437143019
2400,2574045.0,0.15488624283327593
2401,2574105.0,0.15478490279874094
2402,2574165.0,0.15469286052467332
2403,2574225.0,0.15457959761663073
2404,2574285.0,0.15445448345302962
2405,2574345.0,0.15432205863647755
2406,2574405.0,0.15415918668292725
2407,2574465.0,0.15398763650533517
2408,2574525.0,0.15383385749397052
2409,2574585.0,0.15371899773323586
2410,2574645.0,0.15358404824092328
2411,2574705.0,0.15348050510939173
2412,2574765.0,0.15337582523291324
2413,2574825.0,0.1532408281488105
2414,2574885.0,0.15305729940325583
2415,2574945.0,0.1528628714656867
2416,2575005.0,0.15264071004225502
2417,2575065.0,0.15242062357977923
2418,2575125.0,0.15222423097777096
2419,2575185.0,0.1521488787240924
2420,2575245.0,0.1520047117599392
2421,2575305.0,0.15178370741491717
2422,2575365.0,0.15132064719658359
2423,2575425.0,0.15112135049987327
2424,2575485.0,0.15103109675193568
2425,2575545.0,0.1509965333736117
2426,2575605.0,0.15099735330021044
2427,2575665.0,0.15100138912336905
2428,2575725.0,0.15096893154968813
2429,2575785.0,0.15090297518981735
2430,2575845.0,0.15082671211613344
2431,2575905.0,0.15079005664281045
2432,2575965.0,0.1507554363364483
2433,2576025.0,0.1507698471116435
2434,2576085.0,0.15076892355260954
2435,2576145.0,0.1507532652138924
2436,2576205.0,0.1507411346768809
2437,2576265.0,0.15069057405129374
2438,2576325.0,0.15063006609449117
2439,2576385.0,0.15074376953182575
2440,2576445.0,0.15084728069199585
2441,2576505.0,0.15082894153659257
2442,2576565.0,0.1506374570466664
2443,2576625.0,0.15031281776196984
2444,2576685.0,0.15019197225716893
2445,2576745.0,0.15011733738371677
2446,2576805.0,0.1500433044880586
2447,2576865.0,0.14997781858750162
2448,2576925.0,0.14987645424325427
2449,2576985.0,0.14979351505228192
2450,2577045.0,0.1497085272913027
2451,2577105.0,0.14964764121714838
2452,2577165.0,0.1495898381554481
2453,2577225.0,0.14954066511863287
2454,2577285.0,0.1494906762240701
2455,2577345.0,0.14944433312195374
2456,2577405.0,0.14939650942105462
2457,2577465.0,0.14943746989001463
2458,2577525.0,0.1494557553624428
2459,2577585.0,0.14938804883766502
2460,2577645.0,0.14909518965277682
2461,2577705.0,0.14889346124570843
2462,2577765.0,0.14879250673737834
2463,2577825.0,0.14872743693177246
2464,2577885.0,0.14865958388777192
2465,2577945.0,0.14861087734637732
2466,2578005.0,0.14852380982011595
2467,2578065.0,0.14845806216098037
2468,2578125.0,0.14842368151358773
2469,2578185.0,0.14842259638622943
2470,2578245.0,0.1484938847613824
2471,2578305.0,0.1485742847825763
2472,2578365.0,0.14862222903298697
2473,2578425.0,0.14865646591523765
2474,2578485.0,0.14863641956740983
2475,2578545.0,0.14857906180197275
2476,2578605.0,0.14850828728294566
2477,2578665.0,0.1485123991572007
2478,2578725.0,0.14852791576924454
2479,2578785.0,0.14850689303388523
2480,2578845.0,0.14840615517014763
2481,2578905.0,0.14812790079926227
2482,2578965.0,0.14797863969314343
2483,2579025.0,0.14791009252469425
2484,2579085.0,0.14786285143497643
2485,2579145.0,0.1478187937670414
2486,2579205.0,0.1477789661110602
2487,2579265.0,0.1477351206490686
2488,2579325.0,0.14770415458096955
2489,2579385.0,0.14765700052387123
2490,2579445.0,0.14757859871391402
2491,2579505.0,0.14750705345618034
2492,2579565.0,0.14744606721748874
2493,2579625.0,0.1473955260282677
2494,2579685.0,0.1473520262687262
2495,2579745.0,0.14729204185642178
2496,2579805.0,0.14723255760093604
2497,2579865.0,0.14714589475725096
2498,2579925.0,0.14710779702756313
2499,2579985.0,0.1470653472127215
2500,2580045.0,0.14703757085594996
2501,2580105.0,0.14698114404120635
2502,2580165.0,0.14693179428662737
2503,2580225.0,0.14685380198149298
2504,2580285.0,0.14767605304322798
2505,2580345.0,0.14845184748460874
2506,2580405.0,0.1490855989101709
2507,2580465.0,0.14886284579645523
2508,2580525.0,0.1487263781899549
2509,2580585.0,0.14866321125714457
2510,2580645.0,0.14867037535935382
2511,2580705.0,0.1486608005390698
2512,2580765.0,0.14865019307174895
2513,2580825.0,0.1485966946551868
2514,2580885.0,0.14858760435330046
2515,2580945.0,0.14857568142554198
2516,2581005.0,0.1485693743725003
2517,2581065.0,0.14857745363689642
2518,2581125.0,0.1485768917380931
2519,2581185.0,0.1486114088714611
2520,2581248.0,0.14863589505752908
2521,2581305.0,0.14734794513246777
2522,2581365.0,0.146510580927069
2523,2581425.0,0.14581057199689276
2524,2581485.0,0.14520296123253126
2525,2581545.0,0.14532330031282661
2526,2581605.0,0.1454101003693206
2527,2581665.0,0.1454171869367493
2528,2581725.0,0.145424063839967
2529,2581785.0,0.14543582298021004
2530,2581845.0,0.14549784509321104
2531,2581905.0,0.14558241627049126
2532,2581965.0,0.14566334566980857
2533,2582025.0,0.14572052092457574
2534,2582085.0,0.14578715812361917
2535,2582145.0,0.14585669485880978
2536,2582205.0,0.14592113431416784
2537,2582265.0,0.14600099571824857
2538,2582325.0,0.1460550717395214
2539,2582385.0,0.14692966400626714
2540,2582445.0,0.1476124296497984
2541,2582505.0,0.1482465949877911
2542,2582565.0,0.14813408527345803
2543,2582625.0,0.148080706474958
2544,2582685.0,0.14806261928470302
2545,2582745.0,0.14811565376577465
2546,2582805.0,0.14817440829548137
2547,2582865.0,0.14834253880752554
2548,2582925.0,0.14845741380722208
2549,2582985.0,0.14850299717940005
2550,2583045.0,0.14827318174559737
2551,2583108.0,0.14813641996425628
2552,2583165.0,0.148089718328805
2553,2583225.0,0.14807593540980937
2554,2583285.0,0.14809272617279765
2555,2583345.0,0.14811630345834823
2556,2583405.0,0.14811583399877518
2557,2583465.0,0.1481160206608723
2558,2583525.0,0.1480982709620269
2559,2583585.0,0.14809030269385084
2560,2583645.0,0.14807368780097188
2561,2583705.0,0.1480590246485113
2562,2583765.0,0.14804172552882003
2563,2583825.0,0.14807459666515624
2564,2583885.0,0.14807626848154806
2565,2583945.0,0.1481259948904172
2566,2584005.0,0.14905622388393328
2567,2584065.0,0.14989469811714065
2568,2584125.0,0.1505783811002663
2569,2584185.0,0.15049716372789226
2570,2584248.0,0.15046406130397108
2571,2584305.0,0.15048889189967293
2572,2584365.0,0.1505835176129793
2573,2584425.0,0.15070877251515705
2574,2584485.0,0.1508407007108443
2575,2584545.0,0.15094874229855323
2576,2584605.0,0.1510276306756502
2577,2584668.0,0.15113150275685475
2578,2584725.0,0.15124494539072783
2579,2584785.0,0.151347004935193
2580,2584845.0,0.15143014518026746
2581,2584905.0,0.15150952437909512
2582,2584965.0,0.1515615297563009
2583,2585025.0,0.15159922604963608
2584,2585085.0,0.15162190421631397
2585,2585148.0,0.1515764043515633
2586,2585205.0,0.15157527225377207
2587,2585265.0,0.15165509614494252
2588,2585325.0,0.15174533690334044
2589,2585385.0,0.15199448905052435
2590,2585445.0,0.15216304397072397
2591,2585505.0,0.15225376254825576
2592,2585565.0,0.15317968152513897
2593,2585625.0,0.15399157760914653
2594,2585685.0,0.1547386213696972
2595,2585745.0,0.15462383961786283
2596,2585805.0,0.15465837876985775
2597,2585865.0,0.15474959392598445
2598,2585925.0,0.15487650688380425
2599,2585985.0,0.15501242235666293
2600,2586045.0,0.1551700572795183
2601,2586105.0,0.15528361186839387
2602,2586165.0,0.15541419513011875
2603,2586225.0,0.15551756229013522
2604,2586285.0,0.15561213120927267
2605,2586345.0,0.1556976194586406
2606,2586405.0,0.1557746014235271
2607,2586465.0,0.155834976880986
2608,2586525.0,0.15590237466452825
2609,2586585.0,0.15599096836827972
2610,2586645.0,0.15689067476929833
2611,2586705.0,0.15768315817330966
2612,2586765.0,0.15842040536385957
2613,2586825.0,0.15830766504894375
2614,2586885.0,0.15819893627837708
2615,2586945.0,0.1582055716893078
2616,2587005.0,0.15824889786592536
2617,2587065.0,0.15836220001982174
2618,2587125.0,0.15849957481616514
2619,2587185.0,0.15867550944064815
2620,2587245.0,0.1588763364020033
2621,2587305.0,0.15909374665444057
2622,2587365.0,0.15928618036873618
2623,2587425.0,0.16037746317403542
2624,2587485.0,0.1612202272184957
2625,2587545.0,0.1612423794306855
2626,2587605.0,0.16133926433894827
2627,2587665.0,0.16149482018005493
2628,2587725.0,0.16166657995949243
2629,2587785.0,0.16189452667254942
2630,2587845.0,0.16210418667302826
2631,2587905.0,0.16229129448058852
2632,2587965.0,0.16243207260759554
2633,2588025.0,0.16257508091357273
2634,2588085.0,0.16272224320064024
2635,2588145.0,0.1628578320522067
2636,2588205.0,0.16296135916338053
2637,2588265.0,0.1630653729836983
2638,2588325.0,0.1631683848661135
2639,2588385.0,0.1632901530834666
2640,2588445.0,0.16333619249573536
2641,2588505.0,0.163421619030837
2642,2588565.0,0.1634932045789255
2643,2588625.0,0.16358551234144816
2644,2588685.0,0.16364922306379961
2645,2588745.0,0.16374839624129126
2646,2588805.0,0.16386121136031565
2647,2588865.0,0.16401820199774095
2648,2588925.0,0.1641941303832616
2649,2588985.0,0.16434883992451785
2650,2589045.0,0.16448491485059583
2651,2589105.0,0.16463518919638945
2652,2589165.0,0.16484896834266202
2653,2589225.0,0.16503908904694883
2654,2589285.0,0.16526596066997443
2655,2589345.0,0.1654787750899037
2656,2589405.0,0.1667161914894104
2657,2589465.0,0.1677420544625158
2658,2589525.0,0.16857677438641458
2659,2589585.0,0.1685275934920227
2660,2589645.0,0.16860722137150655
2661,2589705.0,0.16863538153117122
2662,2589765.0,0.16872863063245538
2663,2589825.0,0.16883541660234805
2664,2589885.0,0.168923833573999
2665,2589945.0,0.16889919563569702
2666,2590005.0,0.16894092417152426
2667,2590065.0,0.1690865807460961
2668,2590125.0,0.16922248759831252
2669,2590185.0,0.16933310986397584
2670,2590245.0,0.16956119840270525
2671,2590305.0,0.16973114366143968
2672,2590365.0,0.1698372799179392
2673,2590425.0,0.1699353025300129
2674,2590485.0,0.17102952984539818
2675,2590545.0,0.17193821436235515
2676,2590605.0,0.17278667794975558
2677,2590665.0,0.17284191129980966
2678,2590725.0,0.17296988958086026
2679,2590785.0,0.17311360558017538
2680,2590845.0,0.17330233029003803
2681,2590905.0,0.1735106857611117
2682,2590965.0,0.17372592748401497
2683,2591025.0,0.17393811070182433
2684,2591085.0,0.1732733261115499
2685,2591145.0,0.17263696218460176
2686,2591205.0,0.17215453863177374
2687,2591265.0,0.17250484197166546
2688,2591325.0,0.17277530529880866
2689,2591385.0,0.1739273021349814
2690,2591445.0,0.17494416771951712
2691,2591505.0,0.17587102634102766
2692,2591568.0,0.17592444499580465
2693,2591625.0,0.17606407628946716
2694,2591685.0,0.1762617929850541
2695,2591745.0,0.17646447828085374
2696,2591805.0,0.17667636140255302
2697,2591865.0,0.17687221964743663
2698,2591925.0,0.17707987408731965
2699,2591985.0,0.1772494874513443
2700,2592045.0,0.177415640970046
2701,2592108.0,0.17756152267327666
2702,2592165.0,0.17866314783355922
2703,2592225.0,0.17957305886966854
2704,2592285.0,0.17956498245356065
2705,2592345.0,0.17960016174398732
2706,2592405.0,0.17964754666136404
2707,2592465.0,0.17973798036103525
2708,2592525.0,0.17981848744808707
2709,2592585.0,0.17994385940621502
2710,2592645.0,0.17998261142215646
2711,2592705.0,0.18003573792355834
2712,2592765.0,0.18003415224727895
2713,2592825.0,0.1800469363841247
2714,2592885.0,0.1799281170613838
2715,2592945.0,0.1798395598229848
2716,2593005.0,0.17987285132764178
2717,2593065.0,0.17995642745090276
2718,2593125.0,0.1800342834212809
2719,2593185.0,0.18030656013475896
2720,2593245.0,0.1804237017016387
2721,2593305.0,0.17969409828208774
2722,2593365.0,0.17977915675636172
2723,2593425.0,0.1798965711385246
2724,2593485.0,0.18000977625197004
2725,2593545.0,0.1800716810036154
2726,2593605.0,0.18016091047536484
2727,2593665.0,0.1802406370550144
2728,2593725.0,0.18032099788682784
2729,2593785.0,0.18037470811566728
2730,2593845.0,0.18043629489533244
2731,2593905.0,0.18048656159701795
2732,2593965.0,0.18054565242183943
2733,2594025.0,0.18063004777225225
2734,2594085.0,0.18069581585038644
2735,2594145.0,0.18079559493768546
2736,2594205.0,0.18089315087828275
2737,2594265.0,0.18101292635207547
2738,2594328.0,0.18119726419040946
2739,2594385.0,0.18138415679639522
2740,2594445.0,0.18156039609361715
2741,2594508.0,0.18176612864040334
2742,2594565.0,0.18197048470578267
2743,2594625.0,0.1821407356346693
2744,2594685.0,0.18233056238917125
2745,2594745.0,0.1824617477876608
2746,2594805.0,0.18173813506236827
2747,2594865.0,0.18113005977206645
2748,2594925.0,0.18072050266981307
2749,2594985.0,0.18102855676645344
2750,2595045.0,0.1812511980488847
2751,2595105.0,0.18142765712877965
2752,2595165.0,0.18154609718599826
2753,2595225.0,0.18169013305046447
2754,2595285.0,0.18184230553657013
2755,2595345.0,0.1819547350867762
2756,2595405.0,0.182069844841971
2757,2595468.0,0.18214038472792163
2758,2595525.0,0.18217058606348832
2759,2595585.0,0.18213980361875767
2760,2595645.0,0.18213187747286366
2761,2595705.0,0.18213304840488295
2762,2595765.0,0.18204527991434674
2763,2595825.0,0.1820254399713954
2764,2595885.0,0.1821127560602576
2765,2595945.0,0.18236996991338614
2766,2596005.0,0.18253752425428074
2767,2596065.0,0.18263652811909117
2768,2596125.0,0.18291016902636917
2769,2596185.0,0.182892323802733
2770,2596245.0,0.18290063417763922
2771,2596305.0,0.1829495752716798
2772,2596365.0,0.1821440874414492
2773,2596425.0,0.18145974622213704
2774,2596485.0,0.1808476335467967
2775,2596545.0,0.18113998996709316
2776,2596605.0,0.18127545077122906
2777,2596665.0,0.1813680783877222
2778,2596725.0,0.18140586727395494
2779,2596785.0,0.18143651682637532
2780,2596845.0,0.18132185063320314
2781,2596905.0,0.18127168726791096
2782,2596965.0,0.18130343267115775
2783,2597025.0,0.18141014418312792
2784,2597085.0,0.18154521150830968
2785,2597145.0,0.18184962686469305
2786,2597205.0,0.1820399747504383
2787,2597265.0,0.18216505203002045
2788,2597325.0,0.18225855873956145
2789,2597385.0,0.18230198792824234
2790,2597445.0,0.18157471737673156
2791,2597505.0,0.18097569401223287
2792,2597565.0,0.18047524841594118
2793,2597625.0,0.18076950208389717
2794,2597685.0,0.18104455134077488
2795,2597745.0,0.18119771617672867
2796,2597805.0,0.18128518826881515
2797,2597865.0,0.1812179833887068
2798,2597925.0,0.1811191373418111
2799,2597985.0,0.18108565391564
2800,2598045.0,0.18111899533341794
2801,2598105.0,0.181099188375579
2802,2598165.0,0.18119707882301164
2803,2598225.0,0.1815067547089074
2804,2598285.0,0.18160807010310784
2805,2598345.0,0.1815451540267086
2806,2598405.0,0.18146229553865842
2807,2598465.0,0.18137518233860903
2808,2598525.0,0.1813388640213097
2809,2598585.0,0.1812767793675115
2810,2598645.0,0.18126825799351878
2811,2598705.0,0.18123856962521082
2812,2598765.0,0.18127234651058619
2813,2598825.0,0.18127006642187996
2814,2598885.0,0.18130981697250728
2815,2598945.0,0.18135611706755553
2816,2599005.0,0.1814920174353379
2817,2599065.0,0.18163708358694544
2818,2599125.0,0.18176984381100927
2819,2599185.0,0.18191705728259486
2820,2599245.0,0.18214390407424277
2821,2599305.0,0.18232928257915573
2822,2599365.0,0.18249998293126915
2823,2599425.0,0.18266799536974934
2824,2599485.0,0.18288501475585647
2825,2599545.0,0.183106946479395
2826,2599605.0,0.1833433433446238
2827,2599665.0,0.18356353744462486
2828,2599725.0,0.183687073582856
2829,2599785.0,0.18376727284641362
2830,2599845.0,0.1838190876244781
2831,2599905.0,0.1838896651368173
2832,2599965.0,0.18376548788832434
2833,2600025.0,0.18366901465515909
2834,2600085.0,0.1836198761971288
2835,2600145.0,0.18362192748420816
2836,2600205.0,0.1825419432854207
2837,2600265.0,0.18165577656385082
2838,2600325.0,0.1811718412024055
2839,2600385.0,0.1814724939069066
2840,2600445.0,0.18158493237925163
2841,2600505.0,0.18171224542090633
2842,2600565.0,0.18178182977885518
2843,2600625.0,0.18182037837901857
2844,2600685.0,0.18190748858482467
2845,2600745.0,0.18210259621734817
2846,2600808.0,0.18213025562310955
2847,2600865.0,0.18205252084461745
2848,2600925.0,0.18180229029854347
2849,2600985.0,0.18162985406512236
2850,2601045.0,0.18141975533894514
2851,2601105.0,0.18132151072229294
2852,2601165.0,0.18137454989572974
2853,2601225.0,0.18161471946781207
2854,2601285.0,0.18069878517329355
2855,2601345.0,0.17986028602803336
2856,2601405.0,0.17902604484151816
2857,2601465.0,0.17901650333764943
2858,2601525.0,0.17891924020301844
2859,2601585.0,0.17877459910437013
2860,2601645.0,0.17858331607807684
2861,2601705.0,0.1782748942362085
2862,2601765.0,0.17797862745395052
2863,2601825.0,0.17784409518583663
2864,2601885.0,0.17788270438444384
2865,2601945.0,0.17835821722622933
2866,2602005.0,0.17852693655805765
2867,2602065.0,0.1785685192626764
2868,2602125.0,0.17853618851513045
2869,2602185.0,0.1775333540523533
2870,2602245.0,0.17661606103307317
2871,2602305.0,0.17583962723114918
2872,2602365.0,0.17592389810725897
2873,2602425.0,0.17588521678690375
2874,2602485.0,0.17568910292877507
2875,2602545.0,0.17556260643354407
2876,2602605.0,0.17553933373341965
2877,2602665.0,0.1755787208666235
2878,2602725.0,0.1759270102699104
2879,2602785.0,0.1760573673278025
2880,2602845.0,0.1760933294058827
2881,2602905.0,0.17610004859325626
2882,2602965.0,0.17518710607996016
2883,2603025.0,0.17446261366151486
2884,2603085.0,0.1746742097387957
2885,2603145.0,0.17482249474571845
2886,2603205.0,0.17484111304104846
2887,2603265.0,0.17477651389059376
2888,2603325.0,0.17476813050591158
2889,2603385.0,0.17481581722305048
2890,2603445.0,0.1749811843494801
2891,2603505.0,0.17545568184102553
2892,2603565.0,0.17571706568099502
2893,2603625.0,0.17585724733056177
2894,2603685.0,0.176054349043015
2895,2603745.0,0.17619706540825378
2896,2603805.0,0.17621536523849315
2897,2603865.0,0.17618424403143843
2898,2603925.0,0.17617986971138935
2899,2603985.0,0.17502090449948618
2900,2604045.0,0.1741789426282133
2901,2604105.0,0.17440885529552044
2902,2604165.0,0.1746040914199272
2903,2604225.0,0.1747219097002123
2904,2604285.0,0.17504601187823113
2905,2604345.0,0.17517421832277372
2906,2604405.0,0.17522734413183197
2907,2604465.0,0.1752420332557458
2908,2604525.0,0.1752786346990933
2909,2604585.0,0.17532140398872856
2910,2604645.0,0.17538607597990538
2911,2604705.0,0.1754711428665829
2912,2604765.0,0.17541202100539408
2913,2604825.0,0.175380320967954
2914,2604885.0,0.17545515913782458
2915,2604945.0,0.17561982947831398
2916,2605005.0,0.17576858147931576
2917,2605065.0,0.1759980111395569
2918,2605125.0,0.17603967094937603
2919,2605185.0,0.17601423570211064
2920,2605245.0,0.17597261623538266
2921,2605305.0,0.17590796780962484
2922,2605365.0,0.17584994455805028
2923,2605425.0,0.1757878569606061
2924,2605485.0,0.17574428342474682
2925,2605545.0,0.17553850117077005
2926,2605605.0,0.1753822410826407
2927,2605665.0,0.17529879341144203
2928,2605725.0,0.17520600760681507
2929,2605785.0,0.17517173543880946
2930,2605845.0,0.17540316499591693
2931,2605905.0,0.17541416776872595
2932,2605965.0,0.17537563093428035
2933,2606025.0,0.17530074765208628
2934,2606085.0,0.17522789454274804
2935,2606145.0,0.1752165288939366
2936,2606205.0,0.17523787527297527
2937,2606265.0,0.17511353637572433
2938,2606325.0,0.1750962754906181
2939,2606385.0,0.17524447677275282
2940,2606445.0,0.17580885114987313
2941,2606505.0,0.17627416699259482
2942,2606565.0,0.17664118201869353
2943,2606625.0,0.17686495361546437
2944,2606685.0,0.17694507082787295
2945,2606745.0,0.176928605576163
2946,2606805.0,0.1769891105421256
2947,2606865.0,0.17689636989839766
2948,2606925.0,0.17667738692246163
2949,2606985.0,0.17663480688932295
2950,2607045.0,0.1767116855989476
2951,2607105.0,0.17689716478718462
2952,2607165.0,0.17728688432141557
2953,2607225.0,0.17748833503944758
2954,2607285.0,0.17757544229070862
2955,2607345.0,0.17758129038470336
2956,2607405.0,0.17761517270303875
2957,2607465.0,0.17743053224563413
2958,2607525.0,0.1772559807209537
2959,2607585.0,0.17715447634121487
2960,2607645.0,0.1773721578567343
2961,2607705.0,0.17746223584302598
2962,2607765.0,0.17741439221743685
2963,2607825.0,0.17724473498411578
2964,2607885.0,0.1770284641709581
2965,2607945.0,0.1766686671889746
2966,2608005.0,0.1764669915620227
2967,2608065.0,0.17638292764098665
2968,2608125.0,0.17745071504869145
2969,2608185.0,0.17809764010141096
2970,2608245.0,0.1785407657351085
2971,2608305.0,0.1789878134374079
2972,2608365.0,0.17864566827324338
2973,2608425.0,0.1784031493908567
2974,2608485.0,0.17829740023056004
2975,2608545.0,0.17821876088445585
2976,2608605.0,0.17804327455653654
2977,2608665.0,0.17788926179617645
2978,2608728.0,0.1777185511424255
2979,2608785.0,0.1774303625933655
2980,2608845.0,0.1770508259921846
2981,2608905.0,0.17673773214042113
2982,2608965.0,0.17636113310222482
2983,2609025.0,0.17489470730296167
2984,2609085.0,0.17391695269305765
2985,2609145.0,0.17394066870508154
2986,2609205.0,0.17394362084132306
2987,2609265.0,0.17385034976634486
2988,2609325.0,0.17368406460217964
2989,2609385.0,0.17345844720875117
2990,2609445.0,0.1731645384650374
2991,2609505.0,0.17290482161251355
2992,2609565.0,0.1726029528100457
2993,2609625.0,0.17238384523325498
2994,2609685.0,0.17220305756088608
2995,2609745.0,0.1721819761410616
2996,2609805.0,0.1721066745408014
2997,2609865.0,0.17196172716276706
2998,2609925.0,0.17202801605260346
2999,2609985.0,0.17194252348586894
3000,2610045.0,0.17170852471113693
3001,2610105.0,0.17144621073716368
3002,2610165.0,0.17118171780914263
3003,2610225.0,0.17093586881098335
3004,2610285.0,0.17051323889826733
3005,2610345.0,0.17009618362920512
3006,2610405.0,0.1698199785378631
3007,2610465.0,0.16973794994817185
3008,2610525.0,0.1695572737702931
3009,2610585.0,0.16933809801995467
3010,2610645.0,0.16913089707127035
3011,2610705.0,0.16892147788817083
3012,2610765.0,0.1687110582631504
3013,2610825.0,0.16864961605493187
3014,2610885.0,0.16875225843250727
3015,2610945.0,0.16895528415363395
3016,2611005.0,0.1690158563842318
3017,2611068.0,0.16900806056440773
3018,2611125.0,0.16869783047221967
3019,2611185.0,0.16848722512912553
3020,2611248.0,0.16840731994420535
3021,2611305.0,0.1682619835590282
3022,2611365.0,0.16823142685556194
3023,2611425.0,0.16810394344474125
3024,2611485.0,0.16801714851278818
3025,2611545.0,0.1678631882100153
3026,2611605.0,0.16782632383579318
3027,2611665.0,0.16772107285390522
3028,2611725.0,0.16782371177628255
3029,2611785.0,0.16785812895798566
3030,2611845.0,0.1678376032915503
3031,2611905.0,0.16776359962740486
3032,2611965.0,0.16759207810177193
3033,2612025.0,0.16725839769888276
3034,2612085.0,0.1670670425200557
3035,2612145.0,0.16695454665256518
3036,2612205.0,0.1668822212879473
3037,2612265.0,0.166836365194265
3038,2612325.0,0.166791457846699
3039,2612385.0,0.1667628783612887
3040,2612445.0,0.16664475109370422
3041,2612505.0,0.16667749132489298
3042,2612565.0,0.16676502506138605
3043,2612625.0,0.16674060215179734
3044,2612685.0,0.16658812445154894
3045,2612745.0,0.16603945686302743
3046,2612805.0,0.16580161060199963
3047,2612865.0,0.16565899265034592
3048,2612925.0,0.16552516633354988
3049,2612985.0,0.1663043578725675
3050,2613045.0,0.16677660710807388
3051,2613105.0,0.16727114962008963
3052,2613165.0,0.16703761301166883
3053,2613225.0,0.16684194804455701
3054,2613285.0,0.16679167956120736
3055,2613345.0,0.16680344952128193
3056,2613405.0,0.16671819319359402
3057,2613465.0,0.16653436998750112
3058,2613525.0,0.16599753612228998
3059,2613585.0,0.16571378905376719
3060,2613645.0,0.16557402709081873
3061,2613705.0,0.16545047066896082
3062,2613765.0,0.1652986733442889
3063,2613825.0,0.16513406055895744
3064,2613885.0,0.16495388742905995
3065,2613948.0,0.16479917318890805
3066,2614005.0,0.16474608823900774
3067,2614065.0,0.1647435469614679
3068,2614125.0,0.16465468244345646
3069,2614185.0,0.16445019099087008
3070,2614245.0,0.1641773999176965
3071,2614305.0,0.16359268927644102
3072,2614365.0,0.16327425202765414
3073,2614425.0,0.16309879832279225
3074,2614485.0,0.16297535858732795
3075,2614545.0,0.16284039217842786
3076,2614605.0,0.16266853461482375
3077,2614665.0,0.16253551470633051
3078,2614725.0,0.16237278605167185
3079,2614785.0,0.16231662750295298
3080,2614845.0,0.16225209715166625
3081,2614905.0,0.16202180683197273
3082,2614965.0,0.16176081188610528
3083,2615025.0,0.16147651609401156
3084,2615085.0,0.16094033221016538
3085,2615145.0,0.16054383357042054
3086,2615205.0,0.16024199671454445
3087,2615265.0,0.16007550964406805
3088,2615325.0,0.15996883948083643
3089,2615385.0,0.15990422569759663
3090,2615445.0,0.15987132844038857
3091,2615505.0,0.1598017349944064
3092,2615565.0,0.15983042340413448
3093,2615625.0,0.15976779085164464
3094,2615685.0,0.16057692571300639
3095,2615745.0,0.16097310428762515
3096,2615805.0,0.1614155541522311
3097,2615865.0,0.1607812183061926
3098,2615925.0,0.1604383490146338
3099,2615985.0,0.16010721304806277
3100,2616045.0,0.1597558615701329
3101,2616105.0,0.15937162383511264
3102,2616165.0,0.15893521321082718
3103,2616225.0,0.1584663793680219
3104,2616285.0,0.1579539505185604
3105,2616345.0,0.15761327382730908
3106,2616405.0,0.1572210609027969
3107,2616465.0,0.15674149348164781
3108,2616525.0,0.15622071399815599
3109,2616585.0,0.1556796434631267
3110,2616645.0,0.15495622558889402
3111,2616705.0,0.15455787951693625
3112,2616765.0,0.15429601557149983
3113,2616825.0,0.15406870345563353
3114,2616885.0,0.153865699355921
3115,2616945.0,0.15369318940008622
3116,2617005.0,0.15356780941873419
3117,2617065.0,0.15358983828726883
3118,2617125.0,0.15352703099279977
3119,2617185.0,0.15339294578801507
3120,2617245.0,0.1528262556773293
3121,2617305.0,0.15360348912492497
3122,2617365.0,0.15418741810926426
3123,2617425.0,0.1546239632077923
3124,2617485.0,0.1550456204801721
3125,2617545.0,0.15472677316208092
3126,2617605.0,0.15445580739623607
3127,2617665.0,0.15448250097176955
3128,2617725.0,0.15454194455137113
3129,2617785.0,0.15444270856244366
3130,2617845.0,0.15418465102404552
3131,2617905.0,0.15381099025259362
3132,2617965.0,0.1532761475358693
3133,2618025.0,0.1529702111338659
3134,2618085.0,0.15284084565395092
3135,2618145.0,0.15276412283586496
3136,2618205.0,0.1526823140049202
3137,2618265.0,0.15282905133225763
3138,2618325.0,0.15298465981729378
3139,2618385.0,0.15308451784178892
3140,2618445.0,0.15299408023897307
3141,2618505.0,0.15301837066499838
3142,2618565.0,0.15307057417518646
3143,2618625.0,0.15318744111665825
3144,2618685.0,0.15333133124547219
3145,2618745.0,0.15345036238384016
3146,2618805.0,0.1535283417874009
3147,2618865.0,0.1535403053474507
3148,2618925.0,0.15239260186225664
3149,2618985.0,0.15167603266569965
3150,2619045.0,0.1511315300560017
3151,2619105.0,0.1505684551995932
3152,2619165.0,0.15079861455786217
3153,2619225.0,0.15096051632090682
3154,2619285.0,0.15104021500179513
3155,2619345.0,0.1511189668247214
3156,2619405.0,0.15131580782670476
3157,2619465.0,0.15159603908506017
3158,2619525.0,0.15191690498803453
3159,2619585.0,0.15224032969572956
3160,2619645.0,0.15255165030425313
3161,2619705.0,0.15281639861287502
3162,2619765.0,0.15302357634282196
3163,2619825.0,0.15317545162991134
3164,2619885.0,0.15328060716773032
3165,2619945.0,0.153390914192759
3166,2620005.0,0.15349023345800775
3167,2620065.0,0.15361506910587078
3168,2620125.0,0.15372564818334286
3169,2620185.0,0.15385936276629789
3170,2620245.0,0.1540312968788303
3171,2620305.0,0.1541983451688931
3172,2620365.0,0.15439925498680754
3173,2620425.0,0.15456657955135486
3174,2620485.0,0.15466668885510568
3175,2620545.0,0.15463321223585544
3176,2620605.0,0.1546053877231414
3177,2620665.0,0.15464718430131577
3178,2620725.0,0.15448481500250835
3179,2620785.0,0.15444777660572603
3180,2620845.0,0.15452859593513615
3181,2620905.0,0.15464252983924345
3182,2620965.0,0.15476837009810837
3183,2621025.0,0.15486626492338143
3184,2621085.0,0.15510959229396484
3185,2621145.0,0.15532732898214677
3186,2621205.0,0.15538783485113397
3187,2621265.0,0.15523928388733324
3188,2621325.0,0.15522486356000245
3189,2621385.0,0.15530936254269587
3190,2621445.0,0.15540426429175283
3191,2621505.0,0.15547507833691124
3192,2621565.0,0.15570306332818637
3193,2621625.0,0.15576007913286208
3194,2621685.0,0.15556692194834623
3195,2621745.0,0.15524007006861648
3196,2621805.0,0.15509366512273406
3197,2621865.0,0.15496194633427976
3198,2621925.0,0.15483855307226604
3199,2621985.0,0.15469472210425547
3200,2622048.0,0.1545092031485302
3201,2622105.0,0.15443010336441174
3202,2622165.0,0.154293057754764
3203,2622225.0,0.1542684624958233
3204,2622285.0,0.15419263135026476
3205,2622345.0,0.1541681277625728
3206,2622405.0,0.15410029960952268
3207,2622465.0,0.15413617245859398
3208,2622525.0,0.15410227609027652
3209,2622585.0,0.15411742709115547
3210,2622645.0,0.15413389549781217
3211,2622705.0,0.15414087558783132
3212,2622765.0,0.15416130501898775
3213,2622825.0,0.1541776030449377
3214,2622885.0,0.15422224065804926
3215,2622945.0,0.15425690574890102
3216,2623005.0,0.15430023258902995
3217,2623065.0,0.1543087313090736
3218,2623125.0,0.15431230666002857
3219,2623185.0,0.15434024854381864
3220,2623245.0,0.1544443611482886
3221,2623305.0,0.15451907764861353
3222,2623365.0,0.15454808897773634
3223,2623425.0,0.15458878461842898
3224,2623485.0,0.15461213728901804
3225,2623545.0,0.15463894431656802
3226,2623608.0,0.15467042692358038
3227,2623665.0,0.1547271568179133
3228,2623725.0,0.15480966088000245
3229,2623785.0,0.1539952258970322
3230,2623845.0,0.15347738581901196
3231,2623905.0,0.15294925825069897
3232,2623965.0,0.15314212435567512
3233,2624025.0,0.15434247180696345
3234,2624085.0,0.15520058771206927
3235,2624145.0,0.15572928911275866
3236,2624205.0,0.15618403431882202
3237,2624265.0,0.15596894141052894
3238,2624325.0,0.15585173237706348
3239,2624385.0,0.15584709124536486
3240,2624445.0,0.15590310681775307
3241,2624505.0,0.15586675211695014
3242,2624565.0,0.15576761531871405
3243,2624625.0,0.1556466294629281
3244,2624685.0,0.15554565088113878
3245,2624745.0,0.15547044492006737
3246,2624805.0,0.15546687054197336
3247,2624865.0,0.15551840083391574
3248,2624925.0,0.1555724798691779
3249,2624985.0,0.1556463644681864
3250,2625045.0,0.15572923420878063
3251,2625108.0,0.15579757792504947
3252,2625165.0,0.15583056886010335
3253,2625225.0,0.15583126457472382
3254,2625285.0,0.15581186354209434
3255,2625345.0,0.1558014391043969
3256,2625408.0,0.15587214658102935
3257,2625465.0,0.15592741689392833
3258,2625525.0,0.15603677792359558
3259,2625585.0,0.1561826924812236
3260,2625645.0,0.1563317137277526
3261,2625705.0,0.15648129988251494
3262,2625765.0,0.15660731366125255
3263,2625825.0,0.15669802343998337
3264,2625885.0,0.15681485079219623
3265,2625945.0,0.15699624999838271
3266,2626005.0,0.15719785879252948
3267,2626065.0,0.15732111572763516
3268,2626128.0,0.15737451344030193
3269,2626185.0,0.15740703178289936
3270,2626245.0,0.15735928935660773
3271,2626305.0,0.15733643384732646
3272,2626365.0,0.15734697874577155
3273,2626425.0,0.15740820220694188
3274,2626485.0,0.15651111593057468
3275,2626545.0,0.15592297582295164
3276,2626605.0,0.1553371330600394
3277,2626668.0,0.15573775581847235
3278,2626725.0,0.15598642832808327
3279,2626785.0,0.15628077657978498
3280,2626845.0,0.15659701841751064
3281,2626905.0,0.15693702688011527
3282,2626965.0,0.15727835273114202
3283,2627025.0,0.15764518525055185
3284,2627085.0,0.1580183013108765
3285,2627145.0,0.15839414126679144
3286,2627205.0,0.1587732776684794
3287,2627265.0,0.15914162503657672
3288,2627325.0,0.15942164813889684
3289,2627385.0,0.15967485298837533
3290,2627445.0,0.15988623346130768
3291,2627505.0,0.16002499977948062
3292,2627565.0,0.16013652734900222
3293,2627625.0,0.1603034556470996
3294,2627685.0,0.16046219014051658
3295,2627745.0,0.16058539022888121
3296,2627805.0,0.16065994885276738
3297,2627865.0,0.16077170105042607
3298,2627925.0,0.16089489900742335
3299,2627985.0,0.16100953313143432
3300,2628045.0,0.16114138087836885
3301,2628105.0,0.16002593813104196
3302,2628165.0,0.15927501539340175
3303,2628225.0,0.15873102565827532
3304,2628285.0,0.15826067949467312
3305,2628345.0,0.15851759878910307
3306,2628405.0,0.15871015038773587
3307,2628465.0,0.158725987166239
3308,2628525.0,0.15861749920753207
3309,2628585.0,0.15859742773671406
3310,2628645.0,0.15868554116223313
3311,2628705.0,0.1588264812603851
3312,2628765.0,0.15891437951860196
3313,2628825.0,0.1589030245036713
3314,2628885.0,0.158814550944984
3315,2628945.0,0.15876363911279542
3316,2629005.0,0.15872526488048608
3317,2629065.0,0.1586418596293863
3318,2629125.0,0.15854360931411873
3319,2629185.0,0.158463133528385
3320,2629245.0,0.15836764020529773
3321,2629305.0,0.15824498442947935
3322,2629365.0,0.15812307608708406
3323,2629425.0,0.15800652417479646
3324,2629485.0,0.1579049813960424
3325,2629545.0,0.15778821401035983
3326,2629605.0,0.15768373507594316
3327,2629665.0,0.1576134254914621
3328,2629725.0,0.1576046762332998
3329,2629785.0,0.1576559973336664
3330,2629845.0,0.1577260365590817
3331,2629905.0,0.15779749425941328
3332,2629965.0,0.1577550332461283
3333,2630025.0,0.15765285625214717
3334,2630085.0,0.1574831849548258
3335,2630145.0,0.15729615840778746
3336,2630205.0,0.15709022827759453
3337,2630265.0,0.15688458326243485
3338,2630325.0,0.15666285874516947
3339,2630385.0,0.1564434098389609
3340,2630445.0,0.1562522215544667
3341,2630505.0,0.1561009654736745
3342,2630565.0,0.15599471756952013
3343,2630625.0,0.15592037388952576
3344,2630685.0,0.15584546837105787
3345,2630745.0,0.1557720864005351
3346,2630805.0,0.15573449029099143
3347,2630865.0,0.15573252305261068
3348,2630925.0,0.155780489549147
3349,2630985.0,0.1558199065577738
3350,2631045.0,0.15584118864541566
3351,2631105.0,0.15582365071742968
3352,2631165.0,0.15578125785204974
3353,2631225.0,0.15570299870617546
3354,2631288.0,0.15560779140968742
3355,2631345.0,0.15550525015119557
3356,2631405.0,0.15541230612690096
3357,2631465.0,0.1553326511187885
3358,2631525.0,0.1552826110277297
3359,2631585.0,0.15524132086592338
3360,2631645.0,0.15518520098202318
3361,2631705.0,0.15510239935539025
3362,2631765.0,0.15499359408661803
3363,2631825.0,0.1548909719852821
3364,2631885.0,0.15483174462023833
3365,2631945.0,0.1547691670462548
3366,2632005.0,0.15468149877689527
3367,2632065.0,0.15454781732015452
3368,2632125.0,0.15440214795330295
3369,2632185.0,0.15423108008536926
3370,2632245.0,0.15405182303630052
3371,2632305.0,0.15389184615318866
3372,2632365.0,0.15375518037167388
3373,2632425.0,0.15364801953322163
3374,2632485.0,0.15359928227623906
3375,2632545.0,0.15362737784518857
3376,2632605.0,0.15369482022767925
3377,2632665.0,0.15376813258356728
3378,2632725.0,0.15382947985518816
3379,2632785.0,0.15385411786666173
3380,2632848.0,0.15388733609449687
3381,2632905.0,0.15392097974427524
3382,2632965.0,0.15395551145568517
3383,2633025.0,0.15402075582430844
3384,2633085.0,0.15413541622649088
3385,2633145.0,0.1543293794535491
3386,2633205.0,0.15454037860674638
3387,2633265.0,0.1547122756382969
3388,2633325.0,0.1549211752039327
3389,2633385.0,0.15514258237936687
3390,2633445.0,0.15535641579098727
3391,2633505.0,0.15556297004063338
3392,2633565.0,0.15574970969089277
3393,2633625.0,0.15590032580716026
3394,2633685.0,0.156015864048312
3395,2633745.0,0.15612105749560992
3396,2633805.0,0.15620306329300124
3397,2633865.0,0.1562938839375008
3398,2633925.0,0.15639114525009648
3399,2633985.0,0.1564607302723602
3400,2634045.0,0.15650985015617783
3401,2634105.0,0.15654774046163897
3402,2634165.0,0.156552583509838
3403,2634225.0,0.1565324271132992
3404,2634285.0,0.15651459432044582
3405,2634345.0,0.15650101227314164
3406,2634405.0,0.15650008568843768
3407,2634465.0,0.15650573710713658
3408,2634525.0,0.15651562923429443
3409,2634585.0,0.15651101437285234
3410,2634645.0,0.15649127570470947
3411,2634705.0,0.15647223461635665
3412,2634765.0,0.15647483648207103
3413,2634825.0,0.15551084375128585
3414,2634888.0,0.15481472828619783
3415,2634945.0,0.15427822546217354
3416,2635005.0,0.15378631771393028
3417,2635065.0,0.15397787638794067
3418,2635125.0,0.15406841792483458
3419,2635185.0,0.15402574057189686
3420,2635245.0,0.15391993834801956
3421,2635305.0,0.15395761422955082
3422,2635365.0,0.15410005153636477
3423,2635425.0,0.15427681519888006
3424,2635485.0,0.15443340345614734
3425,2635545.0,0.15457557667507862
3426,2635605.0,0.154653775762735
3427,2635665.0,0.15470724260305194
3428,2635725.0,0.15477785471092595
3429,2635785.0,0.15484427849903262
3430,2635845.0,0.1548919313668153
3431,2635905.0,0.15493718899406742
3432,2635965.0,0.15498977921283988
3433,2636025.0,0.15506960475841383
3434,2636085.0,0.15515914050312898
3435,2636145.0,0.15525405929088262
3436,2636205.0,0.1552722040166402
3437,2636265.0,0.1552527265742574
3438,2636325.0,0.1552086957721778
3439,2636385.0,0.155168432488931
3440,2636445.0,0.15516390369146396
3441,2636505.0,0.15517867734525284
3442,2636565.0,0.15524606893321488
3443,2636625.0,0.15535881642185803
3444,2636685.0,0.1554597291352047
3445,2636745.0,0.1555373894907344
3446,2636805.0,0.15557361443144926
3447,2636865.0,0.1556001265079676
3448,2636928.0,0.15561017319508633
3449,2636985.0,0.1556138143002205
3450,2637048.0,0.15563024499491898
3451,2637105.0,0.15565624396416125
3452,2637165.0,0.15567648998991027
3453,2637225.0,0.15568752473422823
3454,2637285.0,0.15564250354406386
3455,2637345.0,0.15553266116844353
3456,2637405.0,0.15539084583284782
3457,2637465.0,0.15525360545386283
3458,2637525.0,0.15515272994280474
3459,2637585.0,0.15507309385777215
3460,2637645.0,0.15502093465378639
3461,2637705.0,0.15501579032306964
3462,2637765.0,0.15505091751772773
3463,2637825.0,0.15509871171636921
3464,2637885.0,0.15515034979080802
3465,2637945.0,0.15520381616499315
3466,2638005.0,0.1552474676414605
3467,2638065.0,0.15527730482321087
3468,2638125.0,0.15535593528225197
3469,2638185.0,0.15546201688914243
3470,2638245.0,0.15555292463902673
3471,2638305.0,0.1556213177268901
3472,2638365.0,0.15562760604826828
3473,2638425.0,0.15552406136073862
3474,2638485.0,0.15538936333692496
3475,2638545.0,0.15523910052030146
3476,2638605.0,0.15509130566354587
3477,2638665.0,0.15496263991499373
3478,2638725.0,0.15485964106456332
3479,2638785.0,0.15478112032845695
3480,2638845.0,0.15472326053118432
3481,2638905.0,0.15467255172437475
3482,2638965.0,0.15464859363252773
3483,2639025.0,0.1546531524799832
3484,2639085.0,0.15463869756803192
3485,2639145.0,0.15461813978574593
3486,2639205.0,0.15460933314095296
3487,2639265.0,0.15462727693136677
3488,2639325.0,0.1546638403753602
3489,2639385.0,0.1547206321479613
3490,2639445.0,0.1547544688695027
3491,2639505.0,0.15476418449987453
3492,2639565.0,0.1548556417904093
3493,2639625.0,0.15496826632198082
3494,2639685.0,0.1561283377328724
3495,2639745.0,0.15681996941060808
3496,2639805.0,0.15728517331381672
3497,2639865.0,0.1577071884247442
3498,2639925.0,0.15817181090949964
3499,2639985.0,0.15797184119066085
3500,2640045.0,0.1579141837388053
3501,2640105.0,0.15799969169971081
3502,2640165.0,0.15814387196154803
3503,2640225.0,0.15824867060364148
3504,2640285.0,0.1582977319482667
3505,2640345.0,0.15834645664797728
3506,2640405.0,0.15839750872743938
3507,2640465.0,0.15839737390239808
3508,2640525.0,0.15835497387535266
3509,2640585.0,0.15830717198521763
3510,2640645.0,0.15824944509730474
3511,2640705.0,0.1581853951448183
3512,2640765.0,0.15916152249071627
3513,2640825.0,0.1598823950527273
3514,2640885.0,0.16052291788992043
3515,2640945.0,0.16113701943918782
3516,2641005.0,0.16104785095224008
3517,2641065.0,0.16106148790341182
3518,2641125.0,0.1611862284660955
3519,2641185.0,0.16136270646172493
3520,2641245.0,0.16145469814733918
3521,2641305.0,0.16148777682384788
3522,2641365.0,0.16150097883337314
3523,2641425.0,0.16148275989217484
3524,2641485.0,0.1615087305763003
3525,2641545.0,0.1615098482009704
3526,2641605.0,0.16145624441224252
3527,2641665.0,0.16236697810987819
3528,2641725.0,0.16296554540134936
3529,2641785.0,0.16346677371527488
3530,2641845.0,0.16398783464912256
3531,2641905.0,0.16457581405785573
3532,2641965.0,0.1644231850457956
3533,2642025.0,0.16432012616907857
3534,2642085.0,0.1643478767137634
3535,2642145.0,0.16443779931319671
3536,2642205.0,0.16451515381746776
3537,2642265.0,0.1645419256353813
3538,2642325.0,0.1645230693938288
3539,2642385.0,0.1644761349103572
3540,2642445.0,0.16444153270969733
3541,2642505.0,0.1644359445728615
3542,2642565.0,0.16450166024286364
3543,2642625.0,0.16457265263533058
3544,2642685.0,0.1646388835269532
3545,2642745.0,0.16471971274763633
3546,2642805.0,0.16483400918424382
3547,2642865.0,0.16499334105952382
3548,2642925.0,0.16516618252863793
3549,2642985.0,0.16535922368950065
3550,2643045.0,0.1655612382541273
3551,2643105.0,0.16575050202312794
3552,2643165.0,0.16591247435504877
3553,2643225.0,0.16605998029415656
3554,2643285.0,0.16615601309956698
3555,2643345.0,0.16617435662541238
3556,2643405.0,0.16617123238582213
3557,2643465.0,0.16621817410571535
3558,2643525.0,0.1663574636793855
3559,2643585.0,0.1665493116304794
3560,2643645.0,0.16675643868768056
3561,2643705.0,0.16695394109966535
3562,2643765.0,0.16710964408706844
3563,2643825.0,0.16719030705757884
3564,2643885.0,0.1672185158085451
3565,2643945.0,0.1671980783959163
3566,2644005.0,0.167167885918886
3567,2644065.0,0.16713196751668088
3568,2644125.0,0.16709246249072254
3569,2644185.0,0.1670308487626803
3570,2644245.0,0.16696950354338033
3571,2644305.0,0.16692883210333112
3572,2644365.0,0.16689493939139935
3573,2644425.0,0.16689167396049873
3574,2644485.0,0.1669193878806011
3575,2644545.0,0.16696914109854646
3576,2644605.0,0.16702231287450756
3577,2644665.0,0.1670914526834035
3578,2644725.0,0.1671568746087174
3579,2644785.0,0.1672313849114994
3580,2644845.0,0.16733863942733976
3581,2644905.0,0.16742047220283476
3582,2644965.0,0.16748220912283998
3583,2645025.0,0.16847961027036282
3584,2645085.0,0.16913182502150695
3585,2645145.0,0.16965455015128292
3586,2645205.0,0.1701074672677114
3587,2645265.0,0.17057896597328778
3588,2645325.0,0.1710952031908465
3589,2645385.0,0.17166400060835765
3590,2645445.0,0.17148471332236823
3591,2645505.0,0.17131307909183593
3592,2645565.0,0.17124635982071504
3593,2645625.0,0.17124324142985956
3594,2645685.0,0.17124896393493752
3595,2645745.0,0.17125819620350471
3596,2645805.0,0.1712813104663056
3597,2645865.0,0.17132552457930086
3598,2645925.0,0.1714061114541429
3599,2645985.0,0.17247865891090777
3600,2646045.0,0.17331022992725162
3601,2646105.0,0.17414693498405717
3602,2646165.0,0.17490199694132177
3603,2646225.0,0.1747395762755923
3604,2646285.0,0.17462267214722013
3605,2646345.0,0.17451850413084127
3606,2646405.0,0.17443684884940844
3607,2646465.0,0.1743223332984434
3608,2646525.0,0.1741490208122243
3609,2646585.0,0.17389857030724556
3610,2646645.0,0.17361511569222607
3611,2646705.0,0.17331214613171034
3612,2646765.0,0.1730208416940154
3613,2646825.0,0.1727213331775377
3614,2646885.0,0.17241329252367607
3615,2646945.0,0.1721192367913382
3616,2647005.0,0.17187820617376684
3617,2647065.0,0.1716894403720833
3618,2647125.0,0.17153264902725127
3619,2647185.0,0.17136896227625034
3620,2647245.0,0.17122517244134597
3621,2647305.0,0.171104166161987
3622,2647365.0,0.1709901248888636
3623,2647425.0,0.17083589292640147
3624,2647485.0,0.17068598176162683
3625,2647545.0,0.17056428678892085
3626,2647605.0,0.1704686246836151
3627,2647665.0,0.17037387875786034
3628,2647725.0,0.1702882724203804
3629,2647785.0,0.17017509537856915
3630,2647845.0,0.17007246256720956
3631,2647905.0,0.169983041110039
3632,2647965.0,0.16990883813736427
3633,2648025.0,0.16983951191829164
3634,2648085.0,0.16980258330956757
3635,2648145.0,0.16982016481600623
3636,2648205.0,0.1698531680372025
3637,2648265.0,0.16986974392155715
3638,2648325.0,0.16981175977607924
3639,2648385.0,0.1697245866150021
3640,2648445.0,0.16959332682710934
3641,2648505.0,0.16944765004459714
3642,2648565.0,0.16931974194972985
3643,2648625.0,0.16920782873242454
3644,2648685.0,0.16911082595266472
3645,2648745.0,0.16903662304243586
3646,2648805.0,0.1689707054399511
3647,2648865.0,0.1689152749031215
3648,2648925.0,0.168889217041956
3649,2648985.0,0.1688869943345346
3650,2649045.0,0.16890689542815332
3651,2649105.0,0.16893305712362808
3652,2649165.0,0.1689914104037992
3653,2649225.0,0.1690643859690754
3654,2649288.0,0.16913400693311362
3655,2649345.0,0.16920203043674611
3656,2649405.0,0.16926521722796653
3657,2649465.0,0.16932219099022963
3658,2649525.0,0.1693427913792053
3659,2649585.0,0.16933809135043068
3660,2649645.0,0.16930719424964416
3661,2649705.0,0.16927336147758767
3662,2649765.0,0.1692469088016604
3663,2649825.0,0.1692199737516901
3664,2649885.0,0.1692145701295216
3665,2649945.0,0.16923532522625515
3666,2650005.0,0.1692488935233539
3667,2650065.0,0.1692425294197142
3668,2650125.0,0.1692436583800909
3669,2650185.0,0.1692263280329672
3670,2650245.0,0.16920095576115488
3671,2650305.0,0.1691511605439928
3672,2650365.0,0.16905568912603577
3673,2650425.0,0.1689306433931945
3674,2650485.0,0.16778515784173373
3675,2650545.0,0.16709380198547671
3676,2650605.0,0.1666369005775579
3677,2650665.0,0.16641480263871325
3678,2650725.0,0.1659912965589416
3679,2650785.0,0.16614869625334802
3680,2650845.0,0.16615883384331173
3681,2650905.0,0.16601992806655955
3682,2650968.0,0.16582762069245896
3683,2651025.0,0.16568939320408713
3684,2651085.0,0.1656059383720567
3685,2651145.0,0.1655626159403625
3686,2651205.0,0.16549782241285496
3687,2651265.0,0.16547589283019706
3688,2651325.0,0.1654843710961348
3689,2651385.0,0.16547665075016607
3690,2651445.0,0.16545924679510685
3691,2651505.0,0.1654046520066942
3692,2651565.0,0.1642904584311418
3693,2651625.0,0.16351320649748627
3694,2651685.0,0.16294131656770103
3695,2651745.0,0.16243802428831597
3696,2651805.0,0.1627799269162453
3697,2651865.0,0.1628350697177177
3698,2651925.0,0.16273044081388502
3699,2651985.0,0.162588218065607
3700,2652045.0,0.16253305078843586
3701,2652105.0,0.1625110454161853
3702,2652165.0,0.16249068978712508
3703,2652225.0,0.16250922179841734
3704,2652285.0,0.16247033944857361
3705,2652345.0,0.16240712114753977
3706,2652405.0,0.16222626501016887
3707,2652465.0,0.16106900429495422
3708,2652525.0,0.16029149181978344
3709,2652585.0,0.1597233762858449
3710,2652645.0,0.15919403639482835
3711,2652705.0,0.15882323420190828
3712,2652765.0,0.15905407366578386
3713,2652825.0,0.15916632014705726
3714,2652885.0,0.15912979431822685
3715,2652945.0,0.1590038574088751
3716,2653005.0,0.15886378759775047
3717,2653065.0,0.1587073925245818
3718,2653125.0,0.15853757549316475
3719,2653188.0,0.15828120048196523
3720,2653245.0,0.15808930455330247
3721,2653305.0,0.15801054503177195
3722,2653365.0,0.1579724681231285
3723,2653425.0,0.15815217681442953
3724,2653485.0,0.1581593035328924
3725,2653545.0,0.15804801017207817
3726,2653605.0,0.15786267666745749
3727,2653665.0,0.15761971979038372
3728,2653725.0,0.15733858273692744
3729,2653785.0,0.15705117900748564
3730,2653845.0,0.15666738047427778
3731,2653905.0,0.15633272234211018
3732,2653965.0,0.1561502722907411
3733,2654025.0,0.15611736688419128
3734,2654085.0,0.1561597093272201
3735,2654145.0,0.15631740782663564
3736,2654205.0,0.15634146023733533
3737,2654265.0,0.1562611155369039
3738,2654325.0,0.15618226531872306
3739,2654385.0,0.15605871028210713
3740,2654445.0,0.15586986372477404
3741,2654505.0,0.15564788578139196
3742,2654565.0,0.15533528333980276
3743,2654625.0,0.15513124409542597
3744,2654685.0,0.15506426164271894
3745,2654745.0,0.15510102928724487
3746,2654805.0,0.1553322145543782
3747,2654865.0,0.15536436355488217
3748,2654925.0,0.15528282984058941
3749,2654985.0,0.1551594737186934
3750,2655045.0,0.15505026508757078
3751,2655105.0,0.15492984539356566
3752,2655165.0,0.15477793649616714
3753,2655225.0,0.15447645743509
3754,2655285.0,0.1541928661005467
3755,2655345.0,0.15405290421595172
3756,2655405.0,0.15405216309472367
3757,2655465.0,0.1543343783229099
3758,2655525.0,0.15440514806026687
3759,2655585.0,0.15435947654370982
3760,2655645.0,0.15427073560870316
3761,2655705.0,0.15415900449923783
3762,2655765.0,0.15402168457748724
3763,2655825.0,0.15292508277174696
3764,2655885.0,0.1520464050301634
3765,2655945.0,0.15133101887010245
3766,2656005.0,0.15074530684149132
3767,2656065.0,0.15024926813787146
3768,2656125.0,0.1499723629305905
3769,2656185.0,0.14947804255545913
3770,2656245.0,0.14967061091726278
3771,2656305.0,0.14981301644200287
3772,2656365.0,0.14982721299874127
3773,2656425.0,0.14973879977874602
3774,2656485.0,0.14964223043180006
3775,2656545.0,0.14949270939664736
3776,2656605.0,0.1492961329471719
3777,2656665.0,0.14924737632619953
3778,2656725.0,0.14926754691682295
3779,2656785.0,0.14846597014019328
3780,2656845.0,0.14780650589243075
3781,2656905.0,0.1470025096404836
3782,2656965.0,0.14621493271871847
3783,2657025.0,0.14633441576176323
3784,2657085.0,0.14637373102611193
3785,2657145.0,0.1463829218190517
3786,2657205.0,0.14637536180583718
3787,2657265.0,0.14637493240000513
3788,2657325.0,0.14631596781531034
3789,2657385.0,0.14644607221015918
3790,2657445.0,0.14667591145880135
3791,2657505.0,0.14701034727698478
3792,2657565.0,0.14743496888915195
3793,2657625.0,0.14775081018667105
3794,2657685.0,0.14798407387526627
3795,2657745.0,0.14819786113352099
3796,2657805.0,0.14840017040958578
3797,2657865.0,0.1485674861167404
3798,2657925.0,0.14870066782596317
3799,2657985.0,0.14882006007121143
3800,2658045.0,0.14888020867683874
3801,2658105.0,0.1489243213845384
3802,2658165.0,0.14894761860728864
3803,2658225.0,0.14900732473944658
3804,2658285.0,0.148964146689652
3805,2658345.0,0.1488944453734791
3806,2658405.0,0.14888043739131515
3807,2658465.0,0.148940688409518
3808,2658525.0,0.14917332809591796
3809,2658585.0,0.14929221876029206
3810,2658645.0,0.1493072173726562
3811,2658705.0,0.14929811860691924
3812,2658765.0,0.1493008478368192
3813,2658825.0,0.14930868699112596
3814,2658885.0,0.14932318327758912
3815,2658945.0,0.1493402126278708
3816,2659005.0,0.1493323733082286
3817,2659065.0,0.149320575054344
3818,2659125.0,0.14935675575024457
3819,2659185.0,0.14940584968215728
3820,2659245.0,0.1494900542927465
3821,2659305.0,0.14958545764159972
3822,2659365.0,0.14955528351406064
3823,2659425.0,0.1495279779176538
3824,2659485.0,0.14955588773404635
3825,2659545.0,0.14961345781617277
3826,2659605.0,0.1498001302086688
3827,2659665.0,0.1498846340923121
3828,2659725.0,0.1499119579411836
3829,2659785.0,0.1499038902111757
3830,2659845.0,0.14987555822400142
3831,2659908.0,0.1498416031313635
3832,2659965.0,0.1498119215313827
3833,2660025.0,0.1497717756043985
3834,2660085.0,0.14971597992962962
3835,2660145.0,0.1496608330696744
3836,2660205.0,0.1496153920964121
3837,2660265.0,0.14955737458020293
3838,2660325.0,0.14950269253248824
3839,2660385.0,0.14943865536146353
3840,2660445.0,0.14936111140580752
3841,2660505.0,0.1491876341681345
3842,2660565.0,0.14905623758018424
3843,2660625.0,0.1489713271185796
3844,2660685.0,0.14898208505500574
3845,2660745.0,0.14908938263641044
3846,2660805.0,0.1491413200430313
3847,2660865.0,0.1490994588395285
3848,2660925.0,0.14904156527997173
3849,2660985.0,0.1489902953366131
3850,2661045.0,0.1489997660471634
3851,2661105.0,0.14900823247360104
3852,2661165.0,0.14899516073644184
3853,2661225.0,0.14900354304366578
3854,2661285.0,0.1490246821066665
3855,2661345.0,0.14903374842836883
3856,2661405.0,0.14901566427140292
3857,2661465.0,0.14882485755566924
3858,2661525.0,0.1487903887782616
3859,2661585.0,0.14880626370282088
3860,2661645.0,0.14882740931802832
3861,2661705.0,0.1487790039471655
3862,2661765.0,0.14878773645633017
3863,2661825.0,0.14887074573755396
3864,2661885.0,0.14895912866531993
3865,2661945.0,0.14916659326838647
3866,2662005.0,0.14932187927438187
3867,2662065.0,0.14935668055166132
3868,2662125.0,0.1493463633094503
3869,2662185.0,0.14935127777694687
3870,2662245.0,0.1493698546409258
3871,2662305.0,0.14938634258045722
3872,2662365.0,0.1494888308908646
3873,2662425.0,0.1495339286224774
3874,2662485.0,0.14949827218844827
3875,2662545.0,0.14944198884040313
3876,2662605.0,0.14926559125294211
3877,2662665.0,0.14926584693470105
3878,2662725.0,0.14929949109582377
3879,2662785.0,0.149321579540215
3880,2662845.0,0.1493132989618189
3881,2662905.0,0.14922077762579858
3882,2662965.0,0.14917410650448518
3883,2663025.0,0.1491922482205947
3884,2663085.0,0.14937807885649015
3885,2663145.0,0.14958174141545058
3886,2663205.0,0.14983682583344668
3887,2663265.0,0.15001525970212834
3888,2663325.0,0.15009519744627778
3889,2663385.0,0.15011581154890788
3890,2663445.0,0.15008900552571106
3891,2663505.0,0.14983606126579194
3892,2663565.0,0.14973514119620432
3893,2663625.0,0.14973570819183882
3894,2663685.0,0.14977855038243074
3895,2663745.0,0.14982920527317953
3896,2663805.0,0.14989065365770807
3897,2663865.0,0.14997882030282464
3898,2663925.0,0.15007525620373577
3899,2663985.0,0.15027439154927294
3900,2664045.0,0.15039190208023265
3901,2664105.0,0.15040579421801328
3902,2664165.0,0.15034393816600408
3903,2664225.0,0.15006426642198625
3904,2664285.0,0.14993699774478667
3905,2664345.0,0.14989772068025656
3906,2664405.0,0.14994931372505463
3907,2664465.0,0.15006112834224714
3908,2664525.0,0.15020844825859866
3909,2664585.0,0.15032857118177065
3910,2664645.0,0.15042047577724918
3911,2664705.0,0.15049774611520636
3912,2664765.0,0.15054631070700794
3913,2664825.0,0.15066889547691856
3914,2664885.0,0.15066245807489362
3915,2664945.0,0.15043031540389576
3916,2665005.0,0.15028822975290404
3917,2665065.0,0.15024581636584858
3918,2665125.0,0.1502417342142036
3919,2665185.0,0.15022252531673733
3920,2665245.0,0.15024378747066838
3921,2665305.0,0.15027002350924976
3922,2665365.0,0.15040482363567179
3923,2665425.0,0.15045246041888707
3924,2665485.0,0.15031912937189748
3925,2665545.0,0.15005135662767402
3926,2665605.0,0.14953060649030395
3927,2665665.0,0.14919997859179615
3928,2665725.0,0.14895782467013954
3929,2665785.0,0.14866675620159484
3930,2665845.0,0.1484306718947402
3931,2665905.0,0.14826983226299265
3932,2665965.0,0.14826379198637316
3933,2666025.0,0.14853911416644935
3934,2666085.0,0.14873029988153405
3935,2666145.0,0.14868360362330915
3936,2666205.0,0.14844723720121197
3937,2666265.0,0.1479892085564565
3938,2666325.0,0.147714901141642
3939,2666385.0,0.14750815191477687
3940,2666445.0,0.14732479481681446
3941,2666505.0,0.14716971608316295
3942,2666565.0,0.14708332057042714
3943,2666625.0,0.14704158788373625
3944,2666685.0,0.14712285450409016
3945,2666745.0,0.14715342738395257
3946,2666805.0,0.14708333342035354
3947,2666865.0,0.1468530145495878
3948,2666925.0,0.14648094702920153
3949,2666985.0,0.14633181867753522
3950,2667045.0,0.14636344084089728
3951,2667105.0,0.14639590792346177
3952,2667165.0,0.14638320639215555
3953,2667225.0,0.14634230171299847
3954,2667285.0,0.1463209137615162
3955,2667345.0,0.14642021346287706
3956,2667405.0,0.14653056899877295
3957,2667465.0,0.1464664947157859
3958,2667525.0,0.14634086257061005
3959,2667585.0,0.1460441787647709
3960,2667645.0,0.14584916928113803
3961,2667705.0,0.14573576020499565
3962,2667765.0,0.1456616822536829
3963,2667825.0,0.14559095144506165
3964,2667885.0,0.14553559026163362
3965,2667945.0,0.14549362602635027
3966,2668005.0,0.1454335938525436
3967,2668065.0,0.1454010144025156
3968,2668125.0,0.14546930743868022
3969,2668185.0,0.14543164787175236
3970,2668245.0,0.14532298455373707
3971,2668305.0,0.14513664015124997
3972,2668365.0,0.1448630072809224
3973,2668425.0,0.14472011156520628
3974,2668485.0,0.14470660238635388
3975,2668545.0,0.14471968119896247
3976,2668605.0,0.14473430637328114
3977,2668665.0,0.14473439274742886
3978,2668725.0,0.1447432990259548
3979,2668785.0,0.1447236059315902
3980,2668845.0,0.1447210740459968
3981,2668905.0,0.14467938431513913
3982,2668965.0,0.14463764843160534
3983,2669025.0,0.1445929580151161
3984,2669085.0,0.14464700049805504
3985,2669145.0,0.14469957477988346
3986,2669205.0,0.14467876516981595
3987,2669265.0,0.14457930780566589
3988,2669325.0,0.14429880533684217
3989,2669385.0,0.14416202255448643
3990,2669445.0,0.14409658857088495
3991,2669505.0,0.14406279130714975
3992,2669565.0,0.14401350927491455
3993,2669625.0,0.1439688276320085
3994,2669685.0,0.14392464146512232
3995,2669745.0,0.1438764504366288
3996,2669805.0,0.14383697800817388
3997,2669865.0,0.14380568302956867
3998,2669925.0,0.14378094024562135
3999,2669985.0,0.14374712535203807
4000,2670045.0,0.14372041715619563
4001,2670105.0,0.14366393795746205
4002,2670165.0,0.1437228078608875
4003,2670225.0,0.14376160256969914
4004,2670285.0,0.14371940461412183
4005,2670345.0,0.14362973113980756
4006,2670405.0,0.1434153788256823
4007,2670465.0,0.14335857126013077
4008,2670525.0,0.1433199707151175
4009,2670585.0,0.1433354209000832
4010,2670645.0,0.14336788167894257
4011,2670705.0,0.1433558499752168
4012,2670765.0,0.1433485071072205
4013,2670825.0,0.14340494182767208
4014,2670885.0,0.14346376809094555
4015,2670945.0,0.14356328951013855
4016,2671005.0,0.14361355465938955
4017,2671065.0,0.14369947557397475
4018,2671125.0,0.14378422808321975
4019,2671185.0,0.14386476348632563
4020,2671245.0,0.14397670839204538
4021,2671305.0,0.14415583683597324
4022,2671365.0,0.1442953088853621
4023,2671425.0,0.14437322495788366
4024,2671485.0,0.14436344050350344
4025,2671545.0,0.14425404639040182
4026,2671605.0,0.14421084672797765
4027,2671665.0,0.14426399497989764
4028,2671728.0,0.14435121598915138
4029,2671785.0,0.14441807195728076
4030,2671845.0,0.14448766822661677
4031,2671905.0,0.14463209777753386
4032,2671965.0,0.14481105019116622
4033,2672025.0,0.14503540268815432
4034,2672085.0,0.1452363280179392
4035,2672145.0,0.145467282234952
4036,2672205.0,0.14564177268398096
4037,2672265.0,0.14574732238161633
4038,2672325.0,0.14586058893458878
4039,2672385.0,0.14597456022110164
4040,2672445.0,0.14611487427915607
4041,2672505.0,0.14631697539135438
4042,2672565.0,0.14647468056113852
4043,2672625.0,0.1465398230121369
4044,2672685.0,0.14659317258771762
4045,2672745.0,0.1465076723627701
4046,2672805.0,0.14648490914467896
4047,2672865.0,0.1465769003060344
4048,2672925.0,0.14669024300132524
4049,2672985.0,0.14676434130343516
4050,2673045.0,0.14680835250114585
4051,2673105.0,0.14682814420770987
4052,2673165.0,0.14685605865067178
4053,2673225.0,0.1468914229115406
4054,2673285.0,0.14692096430095805
4055,2673345.0,0.1469510755495904
4056,2673405.0,0.1469619834861319
4057,2673465.0,0.14698869470029893
4058,2673525.0,0.14702831110081996
4059,2673585.0,0.1470648489698305
4060,2673645.0,0.1471341045677658
4061,2673705.0,0.14726436717943678
4062,2673765.0,0.14732831355327095
4063,2673825.0,0.1473059631524393
4064,2673885.0,0.14715017456685334
4065,2673945.0,0.14693988788229792
4066,2674005.0,0.14688561212870152
4067,2674065.0,0.14694650018308666
4068,2674128.0,0.14804425460667683
4069,2674185.0,0.14906002519990094
4070,2674245.0,0.1497569045172116
4071,2674305.0,0.15042524651085168
4072,2674365.0,0.1503908079621427
4073,2674425.0,0.15036220234928574
4074,2674485.0,0.15035726625942095
4075,2674545.0,0.1503909165828112
4076,2674605.0,0.15046187163862904
4077,2674665.0,0.15055210849825176
4078,2674725.0,0.1506506534488167
4079,2674785.0,0.15073169863952676
4080,2674845.0,0.150809255665708
4081,2674905.0,0.15080638184820586
4082,2674965.0,0.15079466087554136
4083,2675025.0,0.15086609325061043
4084,2675085.0,0.1509869436452728
4085,2675145.0,0.15110668148602743
4086,2675205.0,0.1522688016784515
4087,2675265.0,0.1530749680322537
4088,2675325.0,0.15369251460989705
4089,2675385.0,0.15362786117860552
4090,2675445.0,0.15379159531309763
4091,2675505.0,0.15397733925998872
4092,2675565.0,0.154062251750287
4093,2675625.0,0.15394918724297355
4094,2675685.0,0.1538837532080576
4095,2675745.0,0.15392641915862884
4096,2675805.0,0.15403554207112755
4097,2675865.0,0.15414944416120316
4098,2675925.0,0.15423370779733833
4099,2675985.0,0.15435469844355468
4100,2676045.0,0.15451114706117888
4101,2676105.0,0.1555974612244541
4102,2676165.0,0.15647289214422397
4103,2676225.0,0.15734998184845997
4104,2676285.0,0.15737632398587334
4105,2676345.0,0.1575134614308253
4106,2676405.0,0.1577694875971515
4107,2676465.0,0.1580744040169111
4108,2676525.0,0.15842002473104813
4109,2676585.0,0.15884202917945447
4110,2676648.0,0.15920440105672587
4111,2676705.0,0.1595035361472871
4112,2676765.0,0.15972007490844511
4113,2676825.0,0.15981517155635497
4114,2676885.0,0.15993086371756163
4115,2676945.0,0.16013651207806015
4116,2677005.0,0.16041623314297151
4117,2677065.0,0.16063623002555613
4118,2677125.0,0.16086096672704112
4119,2677185.0,0.1611240268641375
4120,2677245.0,0.16138292382785854
4121,2677305.0,0.1616467316160243
4122,2677365.0,0.16187456699629058
4123,2677425.0,0.16208722659986005
4124,2677485.0,0.16229062976925304
4125,2677545.0,0.16248689520794837
4126,2677605.0,0.16268855529258477
4127,2677668.0,0.16294938761066022
4128,2677725.0,0.16311564890264688
4129,2677785.0,0.16321052479095224
4130,2677845.0,0.16318062167550315
4131,2677905.0,0.16315430318860005
4132,2677965.0,0.1632057923653278
4133,2678025.0,0.16330618965677482
4134,2678085.0,0.16335822823931287
4135,2678145.0,0.16326269666356277
4136,2678205.0,0.16328042924585626
4137,2678265.0,0.1633850637836943
4138,2678325.0,0.16448963759634114
4139,2678385.0,0.16555133437587735
4140,2678445.0,0.16633019902456012
4141,2678505.0,0.16596261610284316
4142,2678565.0,0.16593338473841915
4143,2678625.0,0.16597315408218274
4144,2678685.0,0.16609436937142133
4145,2678745.0,0.1662029035323728
4146,2678805.0,0.16631632965421886
4147,2678865.0,0.16643507530711213
4148,2678925.0,0.16660883122359907
4149,2678985.0,0.16676361486172644
4150,2679045.0,0.16690003539200274
4151,2679105.0,0.16700369701678944
4152,2679165.0,0.1670958632755474
4153,2679225.0,0.16717740973222775
4154,2679285.0,0.16722580141616186
4155,2679345.0,0.16727080467530756
4156,2679405.0,0.16732706478639117
4157,2679465.0,0.16739162079742456
4158,2679525.0,0.16747360897249977
4159,2679585.0,0.167569852332675
4160,2679645.0,0.16770533172129112
4161,2679705.0,0.16785726754181754
4162,2679765.0,0.16802417076224943
4163,2679825.0,0.16816359059239858
4164,2679885.0,0.16830998449433768
4165,2679945.0,0.1684482381536945
4166,2680005.0,0.16861045297336671
4167,2680065.0,0.1687583928223453
4168,2680125.0,0.16895019073919618
4169,2680185.0,0.17021635308569225
4170,2680245.0,0.1712990228942172
4171,2680305.0,0.17232572963115886
4172,2680365.0,0.1724212167311229
4173,2680425.0,0.17254444437675706
4174,2680485.0,0.17270813712950314
4175,2680545.0,0.17286698437271128
4176,2680605.0,0.17308169038449692
4177,2680665.0,0.17329121896610097
4178,2680725.0,0.17352673866719023
4179,2680785.0,0.17375978896476388
4180,2680845.0,0.17397650899264697
4181,2680905.0,0.1741645118328166
4182,2680965.0,0.17428164916590758
4183,2681025.0,0.17439828317804842
4184,2681085.0,0.17453158402991445
4185,2681145.0,0.17471024997899046
4186,2681205.0,0.17485133651979182
4187,2681265.0,0.17478158749235775
4188,2681325.0,0.17479964214276136
4189,2681385.0,0.17489322720741488
4190,2681445.0,0.1749968677420415
4191,2681505.0,0.17509122854975526
4192,2681565.0,0.17535835916302026
4193,2681625.0,0.1754689517068415
4194,2681685.0,0.17553210959476748
4195,2681745.0,0.1755238317965613
4196,2681805.0,0.1755498528350163
4197,2681865.0,0.17552536691859907
4198,2681925.0,0.17550553191061533
4199,2681985.0,0.17548113449592193
4200,2682045.0,0.1754495181883952
4201,2682105.0,0.17543053029475544
4202,2682165.0,0.1754134296277625
4203,2682225.0,0.17528618729731318
4204,2682285.0,0.1752487865417087
4205,2682345.0,0.17529206176751713
4206,2682405.0,0.17534196954621137
4207,2682465.0,0.1753953747662513
4208,2682525.0,0.1755960047527251
4209,2682585.0,0.17572494112586498
4210,2682645.0,0.17573597783750874
4211,2682708.0,0.17566793091571173
4212,2682765.0,0.1755855098533571
4213,2682825.0,0.17550441468437702
4214,2682885.0,0.17541606487022512
4215,2682945.0,0.1752781846638544
4216,2683005.0,0.1751708596049509
4217,2683065.0,0.17513766631684854
4218,2683125.0,0.1749682728396638
4219,2683185.0,0.17483380555797504
4220,2683245.0,0.17476445250563274
4221,2683305.0,0.17481571492835454
4222,2683365.0,0.17480662881770684
4223,2683425.0,0.17590640711493313
4224,2683485.0,0.17704847433823648
4225,2683545.0,0.1778193511123772
4226,2683605.0,0.17764452415497192
4227,2683665.0,0.17751725722110293
4228,2683725.0,0.17747848533935554
4229,2683785.0,0.17751317473311132
4230,2683845.0,0.17758727432838486
4231,2683908.0,0.17770895271828827
4232,2683968.0,0.17781028350067354
4233,2684025.0,0.17794088657785165
4234,2684085.0,0.17805161598236505
4235,2684145.0,0.1781775851766151
4236,2684205.0,0.17830456206912362
4237,2684265.0,0.1784364236198646
4238,2684325.0,0.17858812268658156
4239,2684385.0,0.17877398256965196
4240,2684445.0,0.1789582415779791
4241,2684505.0,0.17917081043518499
4242,2684565.0,0.17939543642847247
4243,2684625.0,0.17962300528007094
4244,2684685.0,0.17986240257243627
4245,2684745.0,0.1801925790664081
4246,2684805.0,0.18045391384630408
4247,2684865.0,0.18069643256859894
4248,2684925.0,0.17983848973814134
4249,2684985.0,0.17895671153395418
4250,2685045.0,0.17838270700610828
4251,2685105.0,0.17787728376314607
4252,2685165.0,0.17791808299461923
4253,2685225.0,0.17802757498707691
4254,2685285.0,0.17823138348342546
4255,2685345.0,0.1784233944896403
4256,2685405.0,0.17852412634370887
4257,2685465.0,0.1785573926052477
4258,2685525.0,0.17870034515083086
4259,2686663.0,0.17876679511341245
4260,2686666.0,0.1788505514341812
4261,2686669.0,0.17900397241177804
4262,2686672.0,0.1791689340224393
4263,2686675.0,0.17924274539533305
4264,2686678.0,0.17925272572367365
4265,2686681.0,0.1792673783025894
4266,2686684.0,0.17820778093110648
4267,2686687.0,0.17748604765721002
4268,2686690.0,0.17696256073042962
4269,2686693.0,0.17716381017238972
4270,2686696.0,0.17728777123944847
4271,2686700.0,0.17736632449013626
4272,2686703.0,0.17743276341589606
4273,2686706.0,0.1774759211663763
4274,2686709.0,0.17751876405909298
4275,2686713.0,0.17756931520048078
4276,2686725.0,0.17758279307248057
4277,2686785.0,0.17758133059022332
4278,2686845.0,0.1775163079739626
4279,2686905.0,0.1773028621273234
4280,2686965.0,0.177140466002181
4281,2687025.0,0.1761928358839063
4282,2687085.0,0.17546446367304766
4283,2687145.0,0.17471394802365883
4284,2687205.0,0.17515362741633758
4285,2687265.0,0.17534762755100283
4286,2687325.0,0.175383451688531
4287,2687385.0,0.17529734735959782
4288,2687445.0,0.17518380437547962
4289,2687505.0,0.17504827371952073
4290,2687565.0,0.17491514835149816
4291,2687625.0,0.17462844786159795
4292,2687685.0,0.1743883575136758
4293,2687745.0,0.17419473953414846
4294,2687805.0,0.17407303503690355
4295,2687865.0,0.1743600909131349
4296,2687925.0,0.17440950856958684
4297,2687985.0,0.1743384888620698
4298,2688045.0,0.1741678080047029
4299,2688105.0,0.17402419073780603
4300,2688165.0,0.17388427949600813
4301,2688225.0,0.17368612979447048
4302,2688285.0,0.1736391261226898
4303,2688345.0,0.17376757135943102
4304,2688405.0,0.17390422246659973
4305,2688465.0,0.17396496585627
4306,2688525.0,0.17427347388322192
4307,2688585.0,0.17437508401831417
4308,2688645.0,0.1743710034764527
4309,2688705.0,0.17439031204079972
4310,2688765.0,0.17444356034882538
4311,2688825.0,0.1745401835945771
4312,2688885.0,0.17462221528053137
4313,2688945.0,0.17457188348781041
4314,2689005.0,0.17458469312618727
4315,2689065.0,0.17482334573319683
4316,2689125.0,0.1750076764519072
4317,2689185.0,0.17513118163686306
4318,2689245.0,0.1742400384154774
4319,2689305.0,0.173643711680485
4320,2689365.0,0.1731588119231459
4321,2689425.0,0.17375418391461764
4322,2689485.0,0.17397930594646457
4323,2689548.0,0.17412700927336863
4324,2689605.0,0.17420504659270272
4325,2689665.0,0.17412473055516367
4326,2689725.0,0.1741098559624589
4327,2689785.0,0.17419988252581606
4328,2689845.0,0.1742609918570692
4329,2689905.0,0.1743586083876764
4330,2689965.0,0.17479523969364377
4331,2690025.0,0.17509524829341036
4332,2690085.0,0.17526725338533164
4333,2690145.0,0.17537968249051197
4334,2690205.0,0.17543136121088784
4335,2690265.0,0.1754820912269565
4336,2690325.0,0.1753782489418795
4337,2690385.0,0.17537227067537478
4338,2690445.0,0.17545981746638542
4339,2690505.0,0.17555872502011108
4340,2690565.0,0.1756408118916675
4341,2690625.0,0.17603858553476417
4342,2690685.0,0.17618712987950333
4343,2690745.0,0.17624843720996272
4344,2690805.0,0.17624573537044355
4345,2690865.0,0.17626594369962464
4346,2690925.0,0.17619797252320493
4347,2690988.0,0.17606251506090323
4348,2691045.0,0.17600035948563916
4349,2691105.0,0.17498000487056523
4350,2691165.0,0.17416248818226368
4351,2691225.0,0.17343503087305348
4352,2691285.0,0.1738815213845594
4353,2691345.0,0.17401121660692268
4354,2691405.0,0.17395502176276315
4355,2691465.0,0.1738144802180386
4356,2691525.0,0.17362007484410338
4357,2691585.0,0.17330350927366814
4358,2691645.0,0.17301208206210686
4359,2691705.0,0.1728103044674583
4360,2691765.0,0.17268905371843493
4361,2691825.0,0.1726635837128391
4362,2691885.0,0.17262297637675236
4363,2691945.0,0.1725596942579474
4364,2692005.0,0.17247362509676048
4365,2692065.0,0.17238762627765788
4366,2692125.0,0.17226230444549154
4367,2692185.0,0.1722933869907847
4368,2692245.0,0.1723036921064803
4369,2692305.0,0.17351151337112972
4370,2692365.0,0.1742358943511684
4371,2692425.0,0.17476227686457477
4372,2692485.0,0.1750058156750021
4373,2692545.0,0.17536532828200627
4374,2692605.0,0.17581479122664437
4375,2692665.0,0.17635348315501106
4376,2692725.0,0.17690504285130607
4377,2692785.0,0.1767018992675735
4378,2692845.0,0.17659442801809558
4379,2692905.0,0.1765889858567539
4380,2692965.0,0.1766354549729319
4381,2693025.0,0.176672125735463
4382,2693085.0,0.17668597590451865
4383,2693145.0,0.17683354776148233
4384,2693205.0,0.17690506241764328
4385,2693265.0,0.1769079747519808
4386,2693325.0,0.17788988720728485
4387,2693385.0,0.17850042621735931
4388,2693445.0,0.17874566564590746
4389,2693505.0,0.17902174778796695
4390,2693565.0,0.1786816219529838
4391,2693625.0,0.17844897011767577
4392,2693685.0,0.17835160741332803
4393,2693745.0,0.17832800827128611
4394,2693805.0,0.17834173557669178
4395,2693865.0,0.17821546633004728
4396,2693925.0,0.17814514819830854
4397,2693985.0,0.17929116020928124
4398,2694045.0,0.18012273672923765
4399,2694105.0,0.18085956374094272
4400,2694165.0,0.18146201281929045
4401,2694225.0,0.18201926822231065
4402,2694285.0,0.18181472220570064
4403,2694345.0,0.18055895357506738
4404,2694405.0,0.17934495991220736
4405,2694465.0,0.17857702607444573
4406,2694525.0,0.17903536349834417
4407,2694585.0,0.1792989201393049
4408,2694645.0,0.17937143550489545
4409,2694705.0,0.17935843872244342
4410,2694765.0,0.17929960200342124
4411,2694825.0,0.17897394862664032
4412,2694885.0,0.1785195779496447
4413,2694945.0,0.17807755251811488
4414,2695005.0,0.1777649301967846
4415,2695065.0,0.1776098425846542
4416,2695125.0,0.17766332002008636
4417,2695185.0,0.17788310541154637
4418,2695245.0,0.17778572654339067
4419,2695305.0,0.17732125557320763
4420,2695368.0,0.17691365343497875
4421,2695425.0,0.1766467178030087
4422,2695485.0,0.17649361985580928
4423,2695545.0,0.17629482249889541
4424,2695605.0,0.17605168038445554
4425,2695665.0,0.17579890675346047
4426,2695725.0,0.1755344625841904
4427,2695785.0,0.17526243403458983
4428,2695845.0,0.17503311519528916
4429,2695905.0,0.17491732774330573
4430,2695965.0,0.17487813557810314
4431,2696025.0,0.1748679563550242
4432,2696085.0,0.17502526602990368
4433,2696145.0,0.17504508241215758
4434,2696205.0,0.17495433094052074
4435,2696265.0,0.1748216604538367
4436,2696325.0,0.1759604313695561
4437,2696385.0,0.17671188178368116
4438,2696445.0,0.17719340825746424
4439,2696508.0,0.17693467363699075
4440,2696565.0,0.1766978808595999
4441,2696625.0,0.17657106279783621
4442,2696685.0,0.17660143221857302
4443,2696745.0,0.17661362162099334
4444,2696805.0,0.17650215824748502
4445,2696865.0,0.1763533058764278
4446,2696925.0,0.17615977951945774
4447,2696985.0,0.17598492307225924
4448,2697045.0,0.17585382723356605
4449,2697105.0,0.17579741539143753
4450,2697165.0,0.1757406886958565
4451,2697225.0,0.17571945572951478
4452,2697285.0,0.1756844440596755
4453,2697345.0,0.17567746371187068
4454,2697405.0,0.1756840701319539
4455,2697465.0,0.17571584636193568
4456,2697525.0,0.17688333915989377
4457,2697585.0,0.17777797721673091
4458,2697645.0,0.17843972037408126
4459,2697705.0,0.1791723578471449
4460,2697765.0,0.17988470738877307
4461,2697825.0,0.1796536143911687
4462,2697885.0,0.17949646824187107
4463,2697945.0,0.17947799063216033
4464,2698005.0,0.17920066984517427
4465,2698065.0,0.1789586083801651
4466,2698125.0,0.1787377548731198
4467,2698185.0,0.17863568349778966
4468,2698245.0,0.17862483916762842
4469,2698305.0,0.1786988061142211
4470,2698365.0,0.17879064220544147
4471,2698425.0,0.1789756853383855
4472,2698485.0,0.17907392442750295
4473,2698545.0,0.17911212940471374
4474,2698605.0,0.17917359548683268
4475,2698665.0,0.1788848354711953
4476,2698725.0,0.17883744975491792
4477,2698785.0,0.17890039212238404
4478,2698845.0,0.17905960408086677
4479,2698905.0,0.17921970211742907
4480,2698965.0,0.17937905777498284
4481,2699025.0,0.17964059736614438
4482,2699085.0,0.17971505790198802
4483,2699145.0,0.17958724187009004
4484,2699205.0,0.17943524649321144
4485,2699265.0,0.17934737903426348
4486,2699325.0,0.17904562325721943
4487,2699385.0,0.17897399153438562
4488,2699445.0,0.17903697324714593
4489,2699505.0,0.17907008883671185
4490,2699565.0,0.17910047362852646
4491,2699625.0,0.1791147915097239
4492,2699685.0,0.17911554689465128
4493,2699745.0,0.17925251937296496
4494,2699805.0,0.17931024402543314
4495,2699868.0,0.1792437049646535
4496,2699925.0,0.17912049663632582
4497,2699985.0,0.17905520123973315
4498,2700045.0,0.17897486766292184
4499,2700105.0,0.1786936202782308
4500,2700165.0,0.17854589381192662
4501,2700225.0,0.1795219736039945
4502,2700285.0,0.18015383762516193
4503,2700345.0,0.18062396086874213
4504,2700405.0,0.18106614397191043
4505,2700465.0,0.18093609162400806
4506,2700525.0,0.1808636805751276
4507,2700585.0,0.18082373905444296
4508,2700645.0,0.18065582959244322
4509,2700705.0,0.18040628751457202
4510,2700765.0,0.17976587989597606
4511,2700825.0,0.17925997535833546
4512,2700885.0,0.17894157564297944
4513,2700945.0,0.1786911035681956
4514,2701005.0,0.17852611080626327
4515,2701065.0,0.17835179628102046
4516,2701125.0,0.17834680121312466
4517,2701185.0,0.17828785536559857
4518,2701245.0,0.17813729007478288
4519,2701305.0,0.17803058361026272
4520,2701365.0,0.1778893066811729
4521,2701425.0,0.17741292638923298
4522,2701485.0,0.1771468765294585
4523,2701545.0,0.1769714921337285
4524,2701605.0,0.17685012472183562
4525,2701665.0,0.17672883024570654
4526,2701725.0,0.1766376606156018
4527,2701785.0,0.1766093899095433
4528,2701845.0,0.17646930587940704
4529,2701905.0,0.1761926569823503
4530,2701965.0,0.17591886516329538
4531,2702025.0,0.17558753544579722
4532,2702085.0,0.17501844350406306
4533,2702145.0,0.17475679934919905
4534,2702205.0,0.17462990810223036
4535,2702265.0,0.17458704602941924
4536,2702325.0,0.17452759356428407
4537,2702385.0,0.17456676572114174
4538,2702445.0,0.17454561212336303
4539,2702505.0,0.17443784685565325
4540,2702565.0,0.17426263691388602
4541,2702625.0,0.17403736024779995
4542,2702685.0,0.17388594537953608
4543,2702748.0,0.1737961610000596
4544,2702805.0,0.17377944232067058
4545,2702865.0,0.17373789509487528
4546,2702925.0,0.17378896297253424
4547,2702985.0,0.17389016722417497
4548,2703045.0,0.17397871936736367
4549,2703105.0,0.17277997804027448
4550,2703165.0,0.17204278722182462
4551,2703225.0,0.1714917213869502
4552,2703285.0,0.17102511168507675
4553,2703345.0,0.17054131194398295
4554,2703405.0,0.17004807803898106
4555,2703465.0,0.1694887602373573
4556,2703525.0,0.16886648075915847
4557,2703585.0,0.16899035292961886
4558,2703645.0,0.16902803440389755
4559,2703705.0,0.16898990500350444
4560,2703765.0,0.16892254867574105
4561,2703825.0,0.1688562244981975
4562,2703885.0,0.16878804514707982
4563,2703945.0,0.16868132535291133
4564,2704005.0,0.16853374907347488
4565,2704065.0,0.1683236260401391
4566,2704125.0,0.167088629795805
4567,2704185.0,0.1662186146467796
4568,2704245.0,0.16550567666619434
4569,2704305.0,0.16486658526441647
4570,2704365.0,0.16493671838919569
4571,2704425.0,0.1649620699942154
4572,2704485.0,0.16487446576944179
4573,2704545.0,0.16470836492845178
4574,2704605.0,0.16451723242916458
4575,2704665.0,0.16446060943736288
4576,2704725.0,0.1643710050852977
4577,2704785.0,0.1630922556228828
4578,2704845.0,0.16227977759254583
4579,2704905.0,0.16158223678317504
4580,2704965.0,0.16094080736928343
4581,2705025.0,0.1602154089501522
4582,2705085.0,0.16028313660356705
4583,2705145.0,0.16027277541237914
4584,2705208.0,0.16015726658376747
4585,2705265.0,0.1599506563472539
4586,2705328.0,0.15943950262255194
4587,2705385.0,0.15908331692332803
4588,2705445.0,0.15882875719109465
4589,2705505.0,0.15860192005870274
4590,2705565.0,0.15840978952333754
4591,2705625.0,0.15845992309422055
4592,2705685.0,0.15867756513121553
4593,2705745.0,0.1588396078013852
4594,2705805.0,0.15889306562122643
4595,2705865.0,0.15876882846171184
4596,2705925.0,0.15843198021307822
4597,2705985.0,0.15790780493281517
4598,2706045.0,0.15766569640692454
4599,2706105.0,0.15777886778255049
4600,2706165.0,0.15782496951687383
4601,2706225.0,0.15775580849799994
4602,2706285.0,0.157619816262538
4603,2706345.0,0.15755199475519302
4604,2706405.0,0.15753584040778537
4605,2706465.0,0.15757548801406915
4606,2706525.0,0.15767484843350474
4607,2706585.0,0.15777494306224996
4608,2706645.0,0.15789972618391065
4609,2706705.0,0.1579677572657072
4610,2706765.0,0.15795150659036486
4611,2706825.0,0.15786304629900968
4612,2706885.0,0.15776748678195304
4613,2706945.0,0.15772287381955732
4614,2707005.0,0.15763914161022805
4615,2707065.0,0.15756119565545498
4616,2707125.0,0.1562470335978662
4617,2707185.0,0.15537334396153
4618,2707245.0,0.15465308120773638
4619,2707305.0,0.1547571287306501
4620,2707365.0,0.15480326481050635
4621,2707425.0,0.15470944075911267
4622,2707485.0,0.15442372994085338
4623,2707545.0,0.15414715365354767
4624,2707605.0,0.15398555371704634
4625,2707665.0,0.1538558101738449
4626,2707725.0,0.15374537073551883
4627,2707785.0,0.153618638015961
4628,2707845.0,0.15344265063882537
4629,2707905.0,0.1531987310956406
4630,2707965.0,0.15298677262480317
4631,2708025.0,0.1527632820602037
4632,2708085.0,0.152603187338783
4633,2708145.0,0.1524235536211803
4634,2708205.0,0.15225663433777156
4635,2708265.0,0.15206065185969178
4636,2708325.0,0.1507283674434962
4637,2708385.0,0.14969085407700403
4638,2708445.0,0.14895856043321612
4639,2708505.0,0.14832762256090185
4640,2708565.0,0.14761626850950357
4641,2708625.0,0.1476917249863037
4642,2708685.0,0.14764602863572565
4643,2708745.0,0.14744994964055072
4644,2708805.0,0.1472083781587172
4645,2708865.0,0.14712261574042887
4646,2708925.0,0.1471143589102257
4647,2708985.0,0.14710160743933862
4648,2709045.0,0.14701747279635644
4649,2709105.0,0.14689107365302115
4650,2709165.0,0.14671567840118652
4651,2709225.0,0.1465769307376257
4652,2709285.0,0.14649532143106722
4653,2709345.0,0.14642000466728725
4654,2709405.0,0.14629257076025362
4655,2709465.0,0.14612170438617808
4656,2709525.0,0.14591952959873836
4657,2709585.0,0.14569998385488278
4658,2709645.0,0.14550194376901351
4659,2709705.0,0.14534023697833634
4660,2709765.0,0.14520391620362064
4661,2709825.0,0.145021643913148
4662,2709885.0,0.14488903103333997
4663,2709945.0,0.1448100695316886
4664,2710008.0,0.14479941238523578
4665,2710065.0,0.14481471711541696
4666,2710125.0,0.1448087653553963
4667,2710185.0,0.14478841119670718
4668,2710245.0,0.14473849551297577
4669,2710305.0,0.14470229337982707
4670,2710365.0,0.14460813028763161
4671,2710425.0,0.14445981612212613
4672,2710485.0,0.14430254139705048
4673,2710545.0,0.14410450860779153
4674,2710605.0,0.14393584055235067
4675,2710665.0,0.14375248684817224
4676,2710725.0,0.14360130657201112
4677,2710785.0,0.14339804610608917
4678,2710845.0,0.1432196778111959
4679,2710905.0,0.14297805532876942
4680,2710965.0,0.14274623944529582
4681,2711025.0,0.14146664289403968
4682,2711085.0,0.14057507392572896
4683,2711145.0,0.13987333525214593
4684,2711205.0,0.13921619308465752
4685,2711265.0,0.1393349845826968
4686,2711325.0,0.1393474038508908
4687,2711385.0,0.13919533318869984
4688,2711445.0,0.13911837017049508
4689,2711505.0,0.13909013594660843
4690,2711565.0,0.13908948530656165
4691,2711625.0,0.1390909707964834
4692,2711685.0,0.13905805205998636
4693,2711745.0,0.13902127711391035
4694,2711805.0,0.13897357278510727
4695,2711865.0,0.13896366000418017
4696,2711925.0,0.1389376205368472
4697,2711985.0,0.13891358438303633
4698,2712045.0,0.1388693055184482
4699,2712105.0,0.1387650904889499
4700,2712165.0,0.13863119314926667
4701,2712225.0,0.1385189340118307
4702,2712285.0,0.13845564914986794
4703,2712345.0,0.13848226702358848
4704,2712405.0,0.1385860549861919
4705,2712465.0,0.1386234476118676
4706,2712525.0,0.13860003381977262
4707,2712585.0,0.13857374925508112
4708,2712645.0,0.1385023353854454
4709,2712705.0,0.13840482708701643
4710,2712765.0,0.13823416911780087
4711,2712825.0,0.13803212313987176
4712,2712885.0,0.13782938048527818
4713,2712945.0,0.13759939901234822
4714,2713005.0,0.13741739933874017
4715,2713065.0,0.13728123707471476
4716,2713125.0,0.13725549080369312
4717,2713185.0,0.13731481341232868
4718,2713245.0,0.13735220827427633
4719,2713305.0,0.13739330700147742
4720,2713365.0,0.13742835909982112
4721,2713425.0,0.13745900289412563
4722,2713485.0,0.1375318215636289
4723,2713545.0,0.13759529016248548
4724,2713605.0,0.13763209160695308
4725,2713665.0,0.13763669474406912
4726,2713725.0,0.13757062609166573
4727,2713785.0,0.13744146179106317
4728,2713845.0,0.13722675491209366
4729,2713905.0,0.13699531480349672
4730,2713965.0,0.13680810488172931
4731,2714025.0,0.1366823951326939
4732,2714085.0,0.13655826394311474
4733,2714145.0,0.13643791868835134
4734,2714205.0,0.1363227800179521
4735,2714265.0,0.13624153826531052
4736,2714325.0,0.13621815882339325
4737,2714385.0,0.13623856493548644
4738,2714445.0,0.1362381125761332
4739,2714505.0,0.13620993779934001
4740,2714565.0,0.13614806222706086
4741,2714628.0,0.13608468013209532
4742,2714685.0,0.13602636260757725
4743,2714745.0,0.1360024610141722
4744,2714805.0,0.1359728747262772
4745,2714865.0,0.13593595006420053
4746,2714925.0,0.1358785044848735
4747,2714985.0,0.13579637596640196
4748,2715045.0,0.13571555846151864
4749,2715105.0,0.13561722388181044
4750,2715165.0,0.13553089610140087
4751,2715225.0,0.13543450741803617
4752,2715285.0,0.13536959919389527
4753,2715345.0,0.1353431630602838
4754,2715405.0,0.13538394278804197
4755,2715465.0,0.13547178114494676
4756,2715525.0,0.13558176536557617
4757,2715585.0,0.135649747998876
4758,2715645.0,0.13563040315757172
4759,2715705.0,0.13556632625256923
4760,2715765.0,0.13551353929862367
4761,2715825.0,0.1355028401191751
4762,2715885.0,0.13550948190515275
4763,2715945.0,0.1354938817597434
4764,2716005.0,0.13546275187847537
4765,2716065.0,0.13541342462138808
4766,2716125.0,0.1353435580366398
4767,2716185.0,0.13525059448711177
4768,2716245.0,0.13514334474017967
4769,2716305.0,0.1350317725357351
4770,2716365.0,0.13489526488601208
4771,2716425.0,0.13474818980987527
4772,2716485.0,0.1345977991832983
4773,2716545.0,0.13446986983308676
4774,2716605.0,0.13438955204032307
4775,2716665.0,0.13435553815668574
4776,2716725.0,0.13436204534565468
4777,2716785.0,0.1344095739792547
4778,2716845.0,0.13446888878867683
4779,2716905.0,0.1345085716085158
4780,2716968.0,0.13452514678779962
4781,2717025.0,0.1345193417905384
4782,2717085.0,0.13449609534895432
4783,2717145.0,0.13446114132927703
4784,2717205.0,0.13440305624146473
4785,2717265.0,0.1342760997911935
4786,2717325.0,0.13408083533401902
4787,2717385.0,0.13384018117979787
4788,2717445.0,0.133585008496768
4789,2717505.0,0.1333028119598745
4790,2717565.0,0.1330370462637054
4791,2717625.0,0.13279389779213333
4792,2717685.0,0.1325671088500154
4793,2717745.0,0.13234791397959325
4794,2717805.0,0.13220317228370174
4795,2717865.0,0.13211948324879833
4796,2717925.0,0.1320770926963772
4797,2717985.0,0.13208914366175403
4798,2718045.0,0.13209922357558404
4799,2718105.0,0.13209064019165076
4800,2718165.0,0.13208679934198128
4801,2718225.0,0.13208763117926733
4802,2718285.0,0.13212951984382662
4803,2718345.0,0.13217688517518392
4804,2718405.0,0.13223174578893962
4805,2718465.0,0.13227349042725753
4806,2718525.0,0.1322884633962871
4807,2718585.0,0.13228826481582187
4808,2718645.0,0.13226248622371953
4809,2718705.0,0.13221294387663365
4810,2718765.0,0.13216806178769705
4811,2718825.0,0.13212717522682335
4812,2718885.0,0.13210980902777006
4813,2718945.0,0.13212960397647824
4814,2719005.0,0.1322080964748972
4815,2719065.0,0.13234960776737706
4816,2719125.0,0.13249509013655755
4817,2719185.0,0.13254807818199552
4818,2719245.0,0.13250943609891339
4819,2719305.0,0.13246430545098833
4820,2719365.0,0.1324752283971509
4821,2719425.0,0.13255443325657465
4822,2719485.0,0.1327266265683685
4823,2719545.0,0.13291688095191498
4824,2719605.0,0.1330191135304911
4825,2719665.0,0.13307163839259248
4826,2719725.0,0.13305506327340674
4827,2719785.0,0.1329976784228706
4828,2719845.0,0.13289530449747247
4829,2719905.0,0.1327554982292515
4830,2719965.0,0.13262419523673455
4831,2720025.0,0.13248205768042412
4832,2720085.0,0.13234217528169626
4833,2720145.0,0.13220893528723596
4834,2720205.0,0.13210495560001392
4835,2720265.0,0.13204338286039116
4836,2720325.0,0.13203542957554973
4837,2720385.0,0.13207908451099085
4838,2720445.0,0.13213453195510175
4839,2720505.0,0.13211437495835163
4840,2720565.0,0.13206843337965476
4841,2720625.0,0.13201889886505527
4842,2720685.0,0.1320125931054826
4843,2720745.0,0.1319744948924352
4844,2720805.0,0.13187027605939147
4845,2720865.0,0.1317678360683561
4846,2720925.0,0.13158246467604587
4847,2720985.0,0.13139814438466682
4848,2721045.0,0.13117879991324524
4849,2721105.0,0.13101030604341526
4850,2721165.0,0.13089683645226283
4851,2721225.0,0.1308264318309764
4852,2721285.0,0.13074529639673452
4853,2721345.0,0.13069440478672525
4854,2721405.0,0.13066685232122585
4855,2721465.0,0.13067009159631696
4856,2721525.0,0.13069887510255976
4857,2721585.0,0.1307380768635761
4858,2721645.0,0.13081400552391706
4859,2721705.0,0.13092113146825837
4860,2721765.0,0.13100606520410693
4861,2721825.0,0.13108914299314658
4862,2721885.0,0.1311675616757235
4863,2721945.0,0.13122881781263682
4864,2722005.0,0.13126977381826357
4865,2722065.0,0.13127731996712913
4866,2722125.0,0.13125382737312788
4867,2722185.0,0.1312110239451091
4868,2722245.0,0.1311736181848873
4869,2722305.0,0.13112306175028324
4870,2722365.0,0.13112199201812527
4871,2722425.0,0.1311486729925088
4872,2722485.0,0.13116858661311995
4873,2722545.0,0.13116809683188405
4874,2722605.0,0.13116966355239304
4875,2722665.0,0.13113406080749193
4876,2722725.0,0.1311145592566295
4877,2722785.0,0.13107539675732352
4878,2722845.0,0.13104036383013698
4879,2722905.0,0.13101589123413623
4880,2722965.0,0.1310315309293176
4881,2723025.0,0.13099910533172773
4882,2723085.0,0.13095094017776385
4883,2723145.0,0.13083993300927657
4884,2723205.0,0.13067917330162823
4885,2723265.0,0.13060159465218765
4886,2723325.0,0.13058467725538211
4887,2723385.0,0.13059422691931175
4888,2723445.0,0.13062796829331594
4889,2723505.0,0.13067595653502248
4890,2723565.0,0.13077640843876873
4891,2723625.0,0.13088988875792187
4892,2723685.0,0.13099707585340378
4893,2723745.0,0.131108170727788
4894,2723805.0,0.13117450951552315
4895,2723865.0,0.13117993512011836
4896,2723925.0,0.13110044096260895
4897,2723985.0,0.13097151237893676
4898,2724045.0,0.13087255541581685
4899,2724105.0,0.13081396535606096
4900,2724165.0,0.13077200622720417
4901,2724225.0,0.1306500159991915
4902,2724285.0,0.13050621805777232
4903,2724345.0,0.13033589375203838
4904,2724405.0,0.1301961239463669
4905,2724465.0,0.1301144226685265
4906,2724525.0,0.13012016355882153
4907,2724585.0,0.1301635981496225
4908,2724645.0,0.13026126834773918
4909,2724705.0,0.13036712784500418
4910,2724765.0,0.13043522471529892
4911,2724828.0,0.1304822195321583
4912,2724885.0,0.13053659105942442
4913,2724945.0,0.1305987081440668
4914,2725005.0,0.13063326758563168
4915,2725065.0,0.1306018858045125
4916,2725125.0,0.13052856154151413
4917,2725185.0,0.13045156461567517
4918,2725245.0,0.13040868929604318
4919,2725305.0,0.13037097434363656
4920,2725365.0,0.13032905943243175
4921,2725425.0,0.13026464376757588
4922,2725488.0,0.13022218781449188
4923,2725545.0,0.13017935471956718
4924,2725605.0,0.13018153059043128
4925,2725665.0,0.1302342686499575
4926,2725725.0,0.130316688615402
4927,2725785.0,0.13043032865162282
4928,2725845.0,0.1305511020267767
4929,2725905.0,0.13069888914388963
4930,2725965.0,0.1308348735151089
4931,2726025.0,0.13097816555150368
4932,2726085.0,0.1311233397571759
4933,2726145.0,0.1312593956350279
4934,2726205.0,0.1312956755234412
4935,2726265.0,0.1312761251046803
4936,2726325.0,0.13119657041932273
4937,2726385.0,0.13113899980595392
4938,2726445.0,0.13117560155333327
4939,2726505.0,0.1312651219988454
4940,2726565.0,0.13137644833820009
4941,2726625.0,0.13151073057089377
4942,2726685.0,0.13165056626388214
4943,2726745.0,0.13179668938786773
4944,2726805.0,0.13196040522997746
4945,2726865.0,0.1321603290638431
4946,2726925.0,0.1324067470210298
4947,2726988.0,0.1326880981668346
4948,2727045.0,0.13299226480639023
4949,2727108.0,0.13329526013902707
4950,2727165.0,0.13362983199296316
4951,2727225.0,0.13399788066705173
4952,2727288.0,0.13435586355942694
4953,2727345.0,0.13471568162799727
4954,2727405.0,0.13503634129304873
4955,2727465.0,0.1353199116718277
4956,2727525.0,0.13557323395003487
4957,2727585.0,0.13579223144004168
4958,2727645.0,0.1360175221698888
4959,2727705.0,0.1362444331211722
4960,2727765.0,0.13647303063775915
4961,2727825.0,0.1366725919852971
4962,2727885.0,0.13684694740965156
4963,2727945.0,0.13699899983003302
4964,2728005.0,0.13715396663594417
4965,2728065.0,0.13732772651474476
4966,2728125.0,0.13752574819828425
4967,2728185.0,0.13772778300471258
4968,2728245.0,0.13794412418131904
4969,2728305.0,0.13820801567425314
4970,2728365.0,0.1384905062477785
4971,2728425.0,0.138771147485406
4972,2728485.0,0.13904135627749728
4973,2728548.0,0.13930157640764887
4974,2728605.0,0.13952033177069542
4975,2728665.0,0.13971336776790624
4976,2728725.0,0.1398782373440445
4977,2728785.0,0.14002737753344216
4978,2728845.0,0.14017208302659764
4979,2728905.0,0.14034431174415293
4980,2728965.0,0.14053492164911532
4981,2729025.0,0.14075096363859066
4982,2729085.0,0.14097414064054034
4983,2729145.0,0.1411957978839188
4984,2729205.0,0.14143138461343044
4985,2729265.0,0.1416925204359211
4986,2729325.0,0.1419768305716266
4987,2729385.0,0.14225491423146366
4988,2729445.0,0.1425561415887703
4989,2729505.0,0.1428445276653493
4990,2729565.0,0.14308949561188702
4991,2729625.0,0.14329887097324592
4992,2729685.0,0.14344152333965574
4993,2729745.0,0.14353971271379432
4994,2729805.0,0.143545080738216
4995,2729868.0,0.14345543590460244
4996,2729925.0,0.14337040693141048
4997,2729985.0,0.14339289920420042
4998,2730045.0,0.14347142734401144
4999,2730105.0,0.14356431643267173
5000,2730165.0,0.14362925112813998
5001,2730225.0,0.14366556562029822
5002,2730285.0,0.14366533915358995
5003,2730345.0,0.14368299817729238
5004,2730405.0,0.1437861885218326
5005,2730465.0,0.1439060895965513
5006,2730528.0,0.1440735362916679
5007,2730585.0,0.1442619404258019
5008,2730645.0,0.1444688255905213
5009,2730705.0,0.14471935855801446
5010,2730765.0,0.1450058450596954
5011,2730825.0,0.14530050860052104
5012,2730885.0,0.14555542539919722
5013,2730945.0,0.14580387258782654
5014,2731005.0,0.14601962183726028
5015,2731065.0,0.1461953074150508
5016,2731125.0,0.14634731067678255
5017,2731185.0,0.14648314612987992
5018,2731245.0,0.14661963315748158
5019,2731308.0,0.14676423846017786
5020,2731365.0,0.14690689884211192
5021,2731425.0,0.14706884984751487
5022,2731485.0,0.1471911708165535
5023,2731545.0,0.1473024513655067
5024,2731605.0,0.14744542243869777
5025,2731665.0,0.14756605691954663
5026,2731725.0,0.14775524607333465
5027,2731785.0,0.1488653473147947
5028,2731845.0,0.14961975302846534
5029,2731905.0,0.15013460727379088
5030,2731965.0,0.1506154817226418
5031,2732025.0,0.1511167356198793
5032,2732085.0,0.15102911251029652
5033,2732145.0,0.15105855802093102
5034,2732205.0,0.15120616863743688
5035,2732265.0,0.1514244747306999
5036,2732325.0,0.15161585478030334
5037,2732385.0,0.15176309353298253
5038,2732445.0,0.1518438151034979
5039,2732505.0,0.15192014126452538
5040,2732565.0,0.15203877192908447
5041,2732625.0,0.15216454543228877
5042,2732685.0,0.15228173881957371
5043,2732745.0,0.1524051868545597
5044,2732805.0,0.15255376488165354
5045,2732865.0,0.15272404021777178
5046,2732925.0,0.15291199075893494
5047,2732985.0,0.15313953968181312
5048,2733045.0,0.1533886441926056
5049,2733105.0,0.15362841979771794
5050,2733165.0,0.15382588772800468
5051,2733225.0,0.15400033687979123
5052,2733285.0,0.15418885025371978
5053,2733345.0,0.1543847565831862
5054,2733405.0,0.1545697981788606
5055,2733465.0,0.1547748996508225
5056,2733525.0,0.15492487661815488
5057,2733585.0,0.1560556822753634
5058,2733645.0,0.15669192599726947
5059,2733705.0,0.15715964268704433
5060,2733765.0,0.15759535217766404
5061,2733825.0,0.158098851720772
5062,2733885.0,0.15868287750760005
5063,2733945.0,0.15859688747193432
5064,2734005.0,0.15854845435186551
5065,2734065.0,0.15859782630301858
5066,2734125.0,0.1587321670873729
5067,2734185.0,0.15889714086668913
5068,2734245.0,0.15905632149722151
5069,2734305.0,0.15923864823234526
5070,2734365.0,0.15943511147931563
5071,2734425.0,0.15962829896960493
5072,2734485.0,0.15982289690293247
5073,2734545.0,0.1600041346471265
5074,2734605.0,0.16021494859416766
5075,2734665.0,0.1604582336415293
5076,2734725.0,0.16070526453940773
5077,2734785.0,0.16099419638020626
5078,2734845.0,0.16129907328035734
5079,2734905.0,0.16269974297284542
5080,2734965.0,0.16357778523530345
5081,2735025.0,0.1643643381054968
5082,2735085.0,0.16504768671158457
5083,2735145.0,0.16577426203549575
5084,2735205.0,0.16645031466712437
5085,2735265.0,0.166352480083679
5086,2735325.0,0.1663088317354993
5087,2735385.0,0.16637250724204708
5088,2735445.0,0.1664990416844984
5089,2735505.0,0.1666003092179504
5090,2735565.0,0.16668230733521486
5091,2735625.0,0.16677007030646554
5092,2735685.0,0.16684407146390148
5093,2735745.0,0.16690741493034497
5094,2735805.0,0.1680249117867252
5095,2735865.0,0.16883513786857554
5096,2735925.0,0.16954459453655016
5097,2735985.0,0.17032209656758304
5098,2736045.0,0.1702353357951281
5099,2736105.0,0.17017596921655934
5100,2736165.0,0.17024891717212634
5101,2736225.0,0.17041494532208282
5102,2736285.0,0.17054538389407262
5103,2736345.0,0.17050871946850124
5104,2736405.0,0.1702808382747503
5105,2736465.0,0.1700024377708159
5106,2736525.0,0.16971318729313803
5107,2736585.0,0.16943938081987595
5108,2736645.0,0.16919441495341472
5109,2736705.0,0.1689736268330139
5110,2736765.0,0.16875785225341947
5111,2736825.0,0.16854941054610675
5112,2736885.0,0.1682622694601522
5113,2736945.0,0.1680185441093783
5114,2737005.0,0.1679610625805729
5115,2737065.0,0.16802915948659256
5116,2737125.0,0.16821404198625176
5117,2737185.0,0.16838843754469632
5118,2737245.0,0.16845387458477704
5119,2737305.0,0.16843197021782855
5120,2737365.0,0.1692771433572048
5121,2737425.0,0.1699680263337148
5122,2737485.0,0.17064475657048409
5123,2737545.0,0.1712702060941186
5124,2737605.0,0.1710895684419196
5125,2737665.0,0.17096451343492505
5126,2737725.0,0.1709204267260717
5127,2737785.0,0.17092388791869054
5128,2737845.0,0.17091370755106636
5129,2737905.0,0.17090010657558904
5130,2737965.0,0.1707365158774257
5131,2738025.0,0.17048964067275665
5132,2738085.0,0.1702000669410432
5133,2738145.0,0.16988876803699413
5134,2738205.0,0.16954895498051178
5135,2738265.0,0.16918944030921904
5136,2738325.0,0.16881250222553976
5137,2738385.0,0.16844495263800233
5138,2738445.0,0.16809462166658048
5139,2738505.0,0.1677812073533523
5140,2738565.0,0.16751972165957554
5141,2738625.0,0.16731261283998186
5142,2738685.0,0.16711453100206744
5143,2738745.0,0.1669453957234908
5144,2738805.0,0.16679740846902777
5145,2738865.0,0.1666790569487225
5146,2738925.0,0.16657392940629592
5147,2738985.0,0.16650009691974457
5148,2739045.0,0.1664139729481424
5149,2739105.0,0.166321227445743
5150,2739165.0,0.16621287529667858
5151,2739225.0,0.1661064114078362
5152,2739285.0,0.1660112926128882
5153,2739345.0,0.16592629574917314
5154,2739405.0,0.16584097207971873
5155,2739465.0,0.1657482937198587
5156,2739525.0,0.16564301990940203
5157,2739585.0,0.16553594254172202
5158,2739645.0,0.16544224600520294
5159,2739705.0,0.16536019540778737
5160,2739765.0,0.1652904094023386
5161,2739825.0,0.165234241081641
5162,2739885.0,0.16516118194204907
5163,2739945.0,0.16507018339164362
5164,2740005.0,0.16497933276087237
5165,2740065.0,0.16487572134744552
5166,2740125.0,0.16480269724923194
5167,2740185.0,0.16474905402722825
5168,2740245.0,0.16468750890783304
5169,2740305.0,0.1646092006223601
5170,2740365.0,0.16459247835327603
5171,2740425.0,0.16460906164473557
5172,2740485.0,0.1647281421048429
5173,2740545.0,0.16474171909594273
5174,2740605.0,0.16471372572150314
5175,2740665.0,0.16468288512338028
5176,2740725.0,0.1646362495243933
5177,2740785.0,0.16458399745995925
5178,2740845.0,0.16453124870850924
5179,2740905.0,0.16443540639987367
5180,2740965.0,0.1643300981168795
5181,2741025.0,0.16420906122789838
5182,2741085.0,0.16398646947714027
5183,2741145.0,0.16374411071420772
5184,2741205.0,0.16349109728149955
5185,2741265.0,0.1631880585944049
5186,2741325.0,0.16290156148047055
5187,2741385.0,0.16276366895740244
5188,2741445.0,0.1627973490127135
5189,2741505.0,0.16316374045773627
5190,2741565.0,0.1633064861792213
5191,2741625.0,0.16333358900593667
5192,2741685.0,0.16329207757622313
5193,2741745.0,0.16321599886844998
5194,2741805.0,0.1631167441681444
5195,2741865.0,0.163027094652238
5196,2741925.0,0.16289978874670494
5197,2741985.0,0.16274813959190662
5198,2742045.0,0.16257712718866565
5199,2742105.0,0.1624017476419917
5200,2742165.0,0.16222128490090235
5201,2742225.0,0.16201216322158798
5202,2742285.0,0.1616858675759044
5203,2742345.0,0.1614365769194648
5204,2742405.0,0.16130072295789002
5205,2742465.0,0.16127535860922956
5206,2742525.0,0.16149539025720208
5207,2742585.0,0.1606755522535254
5208,2742645.0,0.1601231141373574
5209,2742705.0,0.15972848554809996
5210,2742765.0,0.15936091827866208
5211,2742825.0,0.15898798345606482
5212,2742885.0,0.1592301223949895
5213,2742945.0,0.15936030327594888
5214,2743005.0,0.15935178838468347
5215,2743065.0,0.15923041272672692
5216,2743125.0,0.15910748176019054
5217,2743185.0,0.15901474412926778
5218,2743245.0,0.15882964844266992
5219,2743305.0,0.158700806696817
5220,2743365.0,0.15862936449060713
5221,2743425.0,0.15860663479373913
5222,2743485.0,0.15871090362395548
5223,2743545.0,0.15870247814107988
5224,2743605.0,0.15864055344432879
5225,2743665.0,0.15849842488614388
5226,2743725.0,0.15834380816692553
5227,2743785.0,0.15818535141923087
5228,2743845.0,0.15803567527002474
5229,2743905.0,0.15792245055478607
5230,2743965.0,0.15782870370664906
5231,2744025.0,0.15775996855078442
5232,2744085.0,0.15769373487682734
5233,2744145.0,0.1575626582231411
5234,2744205.0,0.15746283711470685
5235,2744265.0,0.15746434939340123
5236,2744325.0,0.15755171845339924
5237,2744385.0,0.15664369125222585
5238,2744445.0,0.15620460015752716
5239,2744505.0,0.15581666631157973
5240,2744565.0,0.15543066993524066
5241,2744625.0,0.15502468477687673
5242,2744685.0,0.15451022572226916
5243,2744748.0,0.15469304775817436
5244,2744805.0,0.1548152904801717
5245,2744865.0,0.15480852068071724
5246,2744925.0,0.1547236071228
5247,2744985.0,0.1546146810103852
5248,2745045.0,0.15453535177577019
5249,2745105.0,0.15445536037731603
5250,2745168.0,0.15428769873642992
5251,2745225.0,0.15421801331269855
5252,2745285.0,0.15422299115862284
5253,2745345.0,0.154400477901976
5254,2745405.0,0.1545041313089238
5255,2745465.0,0.15448899686856368
5256,2745525.0,0.15443718965230632
5257,2745585.0,0.15433996955255994
5258,2745645.0,0.15425336105003243
5259,2745705.0,0.15300149592558168
5260,2745765.0,0.1522293731316449
5261,2745825.0,0.15156568699758147
5262,2745885.0,0.15095910650595587
5263,2745945.0,0.1502840338361592
5264,2746005.0,0.1496318223314644
5265,2746065.0,0.14969893944528181
5266,2746125.0,0.14967361283767758
5267,2746185.0,0.14945027272035652
5268,2746245.0,0.14918803170951503
5269,2746305.0,0.14904816182232797
5270,2746365.0,0.14894156053732335
5271,2746425.0,0.1490977361461199
5272,2746485.0,0.14914269974357855
5273,2746545.0,0.14912485788090715
5274,2746605.0,0.1479928282897167
5275,2746665.0,0.14724771802303957
5276,2746725.0,0.1466532150815474
5277,2746785.0,0.14594251600364397
5278,2746845.0,0.14606634241526825
5279,2746905.0,0.14619412500773357
5280,2746965.0,0.1462069865767648
5281,2747025.0,0.14615230902206625
5282,2747085.0,0.14610366269348588
5283,2747145.0,0.14621473293127377
5284,2747205.0,0.1464878349800605
5285,2747265.0,0.14679240075816843
5286,2747325.0,0.14711790165963165
5287,2747385.0,0.14743651232115382
5288,2747445.0,0.1477427005081163
5289,2747505.0,0.14793474825937084
5290,2747565.0,0.14816692525575445
5291,2747625.0,0.1484532024864564
5292,2747685.0,0.14886561086869707
5293,2747745.0,0.14920479896059705
5294,2747805.0,0.14927864875383604
5295,2747865.0,0.14918731108221842
5296,2747925.0,0.1490018549295671
5297,2747988.0,0.14887354286881374
5298,2748045.0,0.1488287580149358
5299,2748108.0,0.14878351148967453
5300,2748165.0,0.147837883043439
5301,2748225.0,0.14704389335505988
5302,2748285.0,0.14627540419637333
5303,2748345.0,0.14559407033995117
5304,2748405.0,0.14571990177720126
5305,2748465.0,0.14578247599691432
5306,2748525.0,0.1457228737898816
5307,2748588.0,0.1456074661458077
5308,2748645.0,0.14549501461381706
5309,2748705.0,0.1453937120003441
5310,2748765.0,0.14543939454180185
5311,2748825.0,0.14554478862237422
5312,2748885.0,0.14569298318797655
5313,2748945.0,0.1458573958782267
5314,2749005.0,0.14601804304693114
5315,2749065.0,0.14618439746862869
5316,2749125.0,0.1463778857088113
5317,2749185.0,0.14655326861140053
5318,2749245.0,0.1467300312157581
5319,2749305.0,0.14687789896758255
5320,2749365.0,0.14700856242488566
5321,2749425.0,0.14707463827149728
5322,2749485.0,0.14711995395294467
5323,2749545.0,0.14714294102648742
5324,2749605.0,0.14714230251302193
5325,2749665.0,0.14709989177169772
5326,2749725.0,0.14705306808585264
5327,2749785.0,0.14697838934009613
5328,2749845.0,0.1469146737851403
5329,2749905.0,0.14685965253851688
5330,2749965.0,0.14674414510548675
5331,2750025.0,0.1467209529854621
5332,2750085.0,0.14763212827813452
5333,2750145.0,0.14859268407481022
5334,2750205.0,0.1492738371412883
5335,2750265.0,0.1490431580350753
5336,2750325.0,0.14896130462836946
5337,2750385.0,0.14885194147253647
5338,2750445.0,0.14876060593730503
5339,2750505.0,0.14865817877258972
5340,2750565.0,0.1485773110671685
5341,2750625.0,0.14845895953325397
5342,2750685.0,0.1483001205493887
5343,2750745.0,0.14811990698826652
5344,2750805.0,0.1478986480096182
5345,2750865.0,0.14757523515536988
5346,2750925.0,0.14729834449709464
5347,2750985.0,0.14712668192135206
5348,2751045.0,0.14703132079763262
5349,2751105.0,0.14707070953372955
5350,2751165.0,0.14715695039786889
5351,2751225.0,0.1471097707214067
5352,2751285.0,0.14691408633181038
5353,2751345.0,0.1468285385231645
5354,2751405.0,0.14682606457023065
5355,2751465.0,0.1469062194376348
5356,2751525.0,0.14702282249312973
5357,2751585.0,0.1471038962441952
5358,2751645.0,0.1471885721041644
5359,2751705.0,0.14730241607431763
5360,2751765.0,0.14743016780186077
5361,2751825.0,0.14757008137616903
5362,2751885.0,0.1477669503829576
5363,2751945.0,0.14795683880545543
5364,2752005.0,0.14815372686477427
5365,2752065.0,0.14839798878374524
5366,2752125.0,0.14863359078964358
5367,2752185.0,0.14871782974718065
5368,2752245.0,0.14863771038608145
5369,2752305.0,0.1482165841804403
5370,2752365.0,0.14800967431542242
5371,2752425.0,0.1479260846882364
5372,2752485.0,0.14789440799058942
5373,2752545.0,0.14787766149451567
5374,2752605.0,0.14791784205826677
5375,2752665.0,0.14792328225617082
5376,2752725.0,0.14795301562359006
5377,2752785.0,0.14798256548738767
5378,2752845.0,0.14805249373877685
5379,2752905.0,0.14814783859588568
5380,2752965.0,0.14823542155977107
5381,2753025.0,0.14836379546773018
5382,2753085.0,0.14858507402056478
5383,2753145.0,0.14955493517147636
5384,2753205.0,0.15029447890199935
5385,2753265.0,0.1508178527324703
5386,2753328.0,0.15106643841205733
5387,2753385.0,0.15073011790960303
5388,2753445.0,0.1505428678107367
5389,2753505.0,0.15043463720421815
5390,2753565.0,0.15030504295822603
5391,2753625.0,0.1501880350115837
5392,2753685.0,0.15007075920497434
5393,2753745.0,0.14996995052198722
5394,2753805.0,0.14986236357529162
5395,2753865.0,0.149783825364477
5396,2753925.0,0.14970753041478288
5397,2753985.0,0.14962733336735154
5398,2754045.0,0.14969153980423636
5399,2754105.0,0.14967458530540226
5400,2754165.0,0.14961487212715088
5401,2754225.0,0.1494785760169953
5402,2754285.0,0.1492226325053629
5403,2754345.0,0.1490736066533507
5404,2754405.0,0.14893793958982085
5405,2754465.0,0.1488937738871496
5406,2754525.0,0.14886643741815023
5407,2754585.0,0.14884318848541814
5408,2754645.0,0.14880041037490596
5409,2754705.0,0.14877206035574483
5410,2754765.0,0.1487674830649158
5411,2754825.0,0.1487481525382073
5412,2754885.0,0.14873112792693147
5413,2754945.0,0.14875094045802997
5414,2755005.0,0.14875188399305536
5415,2755065.0,0.1486076535725668
5416,2755125.0,0.1484153533608634
5417,2755185.0,0.14821435561982846
5418,2755245.0,0.1480285929688769
5419,2755305.0,0.14794472495296876
5420,2755365.0,0.147905094542801
5421,2755425.0,0.1478245423787797
5422,2755485.0,0.1477714521786315
5423,2755545.0,0.14770458884018003
5424,2755605.0,0.14764455802591933
5425,2755665.0,0.14759208037587754
5426,2755725.0,0.14756076174050806
5427,2755785.0,0.1475223382586939
5428,2755845.0,0.14749045573894484
5429,2755905.0,0.14745186600880736
5430,2755965.0,0.14752306530424372
5431,2756025.0,0.14752165822250343
5432,2756085.0,0.14745214680586968
5433,2756145.0,0.14722902401812613
5434,2756205.0,0.1470449846953822
5435,2756265.0,0.14696414603071392
5436,2756325.0,0.1469025017645992
5437,2756385.0,0.14684914756155967
5438,2756445.0,0.14677119862027396
5439,2756508.0,0.1467203144532679
5440,2756565.0,0.14668816770847695
5441,2756625.0,0.1466812373057629
5442,2756685.0,0.14660650730869038
5443,2756745.0,0.14661375365503684
5444,2756805.0,0.14664708803418688
5445,2756865.0,0.14669212949659863
5446,2756925.0,0.1468576752490434
5447,2756985.0,0.1470278020082689
5448,2757045.0,0.1471185165442299
5449,2757105.0,0.14707595072630522
5450,2757165.0,0.14710798741735756
5451,2757225.0,0.1468667019562059
5452,2757285.0,0.14672611669527827
5453,2757345.0,0.14663878960212565
5454,2757405.0,0.1466496058759824
5455,2757465.0,0.14660598106635894
5456,2757525.0,0.14653811162411914
5457,2757585.0,0.1464802145190289
5458,2757645.0,0.14644518108905194
5459,2757705.0,0.14639606928778512
5460,2757765.0,0.1463448369592634
5461,2757825.0,0.14630525022250537
5462,2757885.0,0.14627076520808666
5463,2757945.0,0.14623999622342101
5464,2758005.0,0.1462060971787775
5465,2758065.0,0.14620065065737145
5466,2758125.0,0.1462010528568827
5467,2758185.0,0.14619365583158087
5468,2758245.0,0.14622227232283705
5469,2758305.0,0.14635789005558233
5470,2758365.0,0.14646604466053817
5471,2758425.0,0.14650194456623647
5472,2758485.0,0.14642937251040036
5473,2758545.0,0.14631765473203576
5474,2758605.0,0.14631885439736012
5475,2758665.0,0.1463738640882636
5476,2758725.0,0.146440114022565
5477,2758785.0,0.1464608897684703
5478,2758845.0,0.1472739426026242
5479,2758905.0,0.14802384822801998
5480,2758965.0,0.1486834730232505
5481,2759025.0,0.14860873231971153
5482,2759085.0,0.1485698624908489
5483,2759145.0,0.14864106791674744
5484,2759205.0,0.148696501981693
5485,2759265.0,0.14876906665233755
5486,2759325.0,0.1488857257741846
5487,2759385.0,0.14898482400198385
5488,2759445.0,0.14914842259531216
5489,2759505.0,0.1492911958497656
5490,2759565.0,0.15039541430543737
5491,2759625.0,0.15130376072201016
5492,2759685.0,0.1520990215677879
5493,2759745.0,0.15207880733797327
5494,2759805.0,0.1521518962881734
5495,2759865.0,0.15227555846903032
5496,2759925.0,0.1524182046083535
5497,2759985.0,0.15260441305646502
5498,2760045.0,0.1527749036543876
5499,2760105.0,0.1529340432237057
5500,2760165.0,0.1530735227098474
5501,2760225.0,0.15325864596176794
5502,2760285.0,0.1534688142093035
5503,2760345.0,0.15367963412946342
5504,2760405.0,0.15389804663656484
5505,2760465.0,0.15414975449773208
5506,2760525.0,0.1543762661866637
5507,2760585.0,0.1546602430168881
5508,2760645.0,0.15484616240293028
5509,2760705.0,0.15498469272401935
5510,2760765.0,0.155194965156884
5511,2760825.0,0.15531120215013008
5512,2760885.0,0.15449572478988047
5513,2760945.0,0.15362364856699282
5514,2761008.0,0.1530281360269932
5515,2761065.0,0.1533414949236265
5516,2761125.0,0.15353123102384572
5517,2761185.0,0.1537073720174866
5518,2761245.0,0.1538669304978982
5519,2761305.0,0.15402291046388508
5520,2761365.0,0.15416517472653482
5521,2761425.0,0.15428875630650848
5522,2761485.0,0.15445482241701217
5523,2761545.0,0.15468886171960847
5524,2761605.0,0.1548497872255686
5525,2761665.0,0.1551830428345267
5526,2761725.0,0.15549824440263468
5527,2761785.0,0.1557277398718425
5528,2761845.0,0.15589419104606653
5529,2761905.0,0.1560506952429714
5530,2761965.0,0.15602899995196381
5531,2762025.0,0.15606765837105893
5532,2762085.0,0.15616624547530575
5533,2762145.0,0.1562700412617067
5534,2762205.0,0.15637943664818413
5535,2762265.0,0.15643266337309344
5536,2762325.0,0.156486151029587
5537,2762385.0,0.15654990475587452
5538,2762445.0,0.15661627630920763
5539,2762505.0,0.15664339767724691
5540,2762565.0,0.1566770109966564
5541,2762625.0,0.1566748860519296
5542,2762685.0,0.15666291972899346
5543,2762745.0,0.156567282666738
5544,2762805.0,0.1564916104164842
5545,2762865.0,0.1565013886619678
5546,2762925.0,0.15660053792010561
5547,2762985.0,0.15672253498122066
5548,2763045.0,0.15784158357054293
5549,2763108.0,0.1586276871815853
5550,2763165.0,0.15929527789877604
5551,2763225.0,0.1592131714662229
5552,2763285.0,0.15922254074128453
5553,2763345.0,0.1592563836389558
5554,2763405.0,0.15929261843628376
5555,2763465.0,0.15936890255573863
5556,2763525.0,0.1594588605944903
5557,2763585.0,0.1595652890584797
5558,2763645.0,0.1596673849269645
5559,2763705.0,0.15972751084093087
5560,2763765.0,0.15981607078630247
5561,2763825.0,0.15989365022810473
5562,2763885.0,0.1599928268542861
5563,2763945.0,0.1592726129589059
5564,2764005.0,0.15869543197359023
5565,2764065.0,0.15823906493456688
5566,2764125.0,0.15783439218052
5567,2764185.0,0.15910976189859613
5568,2764245.0,0.16018636084757995
5569,2764305.0,0.16026846297926414
5570,2764365.0,0.16034573489811607
5571,2764425.0,0.16044605807358361
5572,2764485.0,0.16060392721181097
5573,2764545.0,0.16078437310168261
5574,2764605.0,0.1609919191139121
5575,2764665.0,0.16117044050659893
5576,2764725.0,0.16134211186762273
5577,2764785.0,0.16149556368096543
5578,2764845.0,0.16158033803944713
5579,2764905.0,0.16167279224558465
5580,2764965.0,0.16173061747798537
5581,2765025.0,0.16186296549998705
5582,2765085.0,0.16200630761169052
5583,2765148.0,0.16211857507596802
5584,2765205.0,0.1621307625695325
5585,2765265.0,0.16208479714795707
5586,2765325.0,0.1621339045128716
5587,2765388.0,0.16225030828461637
5588,2765445.0,0.16236800935795417
5589,2765505.0,0.16367898315022048
5590,2765565.0,0.16457206086814405
5591,2765625.0,0.16443228560519332
5592,2765685.0,0.16435475731305974
5593,2765745.0,0.1643736452824959
5594,2765805.0,0.16446632867787128
5595,2765865.0,0.16463189451882534
5596,2765925.0,0.16477372204209786
5597,2765985.0,0.16489313328959374
5598,2766045.0,0.16488901573493717
5599,2766105.0,0.16494175281180865
5600,2766165.0,0.1650847818099627
5601,2766225.0,0.16529489441717318
5602,2766285.0,0.16551248885395844
5603,2766345.0,0.16564565523765526
5604,2766405.0,0.16593406704029937
5605,2766465.0,0.1661108678872064
5606,2766525.0,0.16624274325911578
5607,2766585.0,0.16729675570269645
5608,2766645.0,0.16818327883627507
5609,2766705.0,0.16817348312581396
5610,2766765.0,0.16819715111383685
5611,2766825.0,0.16827011925811017
5612,2766885.0,0.16838689331250403
5613,2766945.0,0.16848510243576484
5614,2767005.0,0.1686153523660355
5615,2767065.0,0.16872967649258128
5616,2767125.0,0.16872984114025505
5617,2767185.0,0.16879794496212755
5618,2767245.0,0.16892942754468113
5619,2767305.0,0.1690700382047521
5620,2767365.0,0.16919210990326009
5621,2767425.0,0.1695184010143075
5622,2767485.0,0.16984220234397931
5623,2767545.0,0.1700354426834683
5624,2767605.0,0.17016696550419255
5625,2767665.0,0.17028399427866028
5626,2767725.0,0.17031318336806697
5627,2767785.0,0.17040330471068219
5628,2767845.0,0.1705581925306985
5629,2767905.0,0.17074927121229774
5630,2767965.0,0.17085341542789903
5631,2768025.0,0.1709851764133776
5632,2768085.0,0.1711734885626017
5633,2768148.0,0.17138772883723377
5634,2768205.0,0.17158226143527025
5635,2768265.0,0.17178581436196308
5636,2768325.0,0.1719835001976718
5637,2768385.0,0.17218345855627396
5638,2768445.0,0.17240589754106408
5639,2768505.0,0.17261200384333195
5640,2768565.0,0.1728796634485116
5641,2768625.0,0.17316975810267118
5642,2768688.0,0.1734622870505416
5643,2768745.0,0.17376911904145967
5644,2768805.0,0.17404623056448812
5645,2768865.0,0.174345240665173
5646,2768925.0,0.17460606280006294
5647,2768985.0,0.17481324235885612
5648,2769045.0,0.17498082236637505
5649,2769105.0,0.17511172549585943
5650,2769165.0,0.17506982476385838
5651,2769225.0,0.1750741618370785
5652,2769285.0,0.17516759372940385
5653,2769345.0,0.17529606632074943
5654,2769405.0,0.17539401651233896
5655,2769465.0,0.17548576069485053
5656,2769525.0,0.1766867213225601
5657,2769585.0,0.17801998780298103
5658,2769645.0,0.17819008733907263
5659,2769705.0,0.1782521294530882
5660,2769765.0,0.1775793864759241
5661,2769825.0,0.1776689802544084
5662,2769885.0,0.1777755679773548
5663,2769945.0,0.1777812142508217
5664,2770005.0,0.17780420552320167
5665,2770065.0,0.17772936200176712
5666,2770125.0,0.17764445252996172
5667,2770185.0,0.1776829873740222
5668,2770245.0,0.1777412343805401
5669,2770305.0,0.17777730612058526
5670,2770365.0,0.17683400713253353
5671,2770425.0,0.17602407105823506
5672,2770485.0,0.17549455025346763
5673,2770545.0,0.17568368865035147
5674,2770605.0,0.17578979998413227
5675,2770665.0,0.17581495344441175
5676,2770725.0,0.17584030613195925
5677,2770785.0,0.17584893914950647
5678,2770845.0,0.17584665684759423
5679,2770905.0,0.17574032349174576
5680,2770965.0,0.17561464204954905
5681,2771025.0,0.17555526386780765
5682,2771085.0,0.17554402063494753
5683,2771145.0,0.17557246934606532
5684,2771205.0,0.17556364253192316
5685,2771265.0,0.17569170468727088
5686,2771325.0,0.17574995970900628
5687,2771385.0,0.175692204737699
5688,2771445.0,0.175717973594493
5689,2771505.0,0.17573420565520195
5690,2771565.0,0.17574167586647724
5691,2771625.0,0.17576475526873694
5692,2771685.0,0.17563393736648644
5693,2771745.0,0.17551923249768528
5694,2771805.0,0.17551893840158547
5695,2771865.0,0.17557649070571965
5696,2771925.0,0.17562737269520937
5697,2771985.0,0.1757063118146365
5698,2772045.0,0.17708882737247336
5699,2772105.0,0.17803058207260672
5700,2772165.0,0.1779332908919984
5701,2772225.0,0.17790975693862712
5702,2772285.0,0.17794426338641353
5703,2772345.0,0.17799420826078463
5704,2772405.0,0.17805412235307957
5705,2772465.0,0.1779356427027752
5706,2772525.0,0.17772531675841666
5707,2772585.0,0.17764088168615091
5708,2772645.0,0.1776557476789201
5709,2772705.0,0.17787391868717575
5710,2772765.0,0.17817517030815874
5711,2772825.0,0.17829432287818883
5712,2772885.0,0.17833692139154736
5713,2772945.0,0.17838217180926189
5714,2773005.0,0.1783848893303923
5715,2773065.0,0.1784313590176829
5716,2773125.0,0.17847560232094326
5717,2773185.0,0.17854262758643155
5718,2773245.0,0.17857249044771986
5719,2773305.0,0.17864418243106864
5720,2773365.0,0.17863952503801625
5721,2773425.0,0.1786859452608098
5722,2773485.0,0.17872333034998342
5723,2773545.0,0.17890006087637658
5724,2773605.0,0.17902248751023878
5725,2773665.0,0.17909017119909834
5726,2773725.0,0.17890933972801185
5727,2773785.0,0.17882909084352547
5728,2773845.0,0.17790310880227897
5729,2773905.0,0.17733963663694277
5730,2773968.0,0.17721260870362612
5731,2774025.0,0.17754333917308376
5732,2774085.0,0.17767176991854425
5733,2774145.0,0.17769626631761107
5734,2774205.0,0.1776478334087415
5735,2774265.0,0.1774616730045482
5736,2774325.0,0.17721542677101657
5737,2774385.0,0.177024370759457
5738,2774445.0,0.17695597171503416
5739,2774505.0,0.1770242375862651
5740,2774565.0,0.17707961025832344
5741,2774625.0,0.1772149529202446
5742,2774685.0,0.17755996327796622
5743,2774745.0,0.17767808527811288
5744,2774805.0,0.17765880980314738
5745,2774865.0,0.17760312264683883
5746,2774925.0,0.17752356813884482
5747,2774985.0,0.17635569879517846
5748,2775045.0,0.175368950025777
5749,2775105.0,0.1754713697662688
5750,2775165.0,0.17570818330312268
5751,2775225.0,0.17585808656037996
5752,2775285.0,0.1759796363260935
5753,2775345.0,0.17629342625750835
5754,2775405.0,0.17638785763917522
5755,2775465.0,0.17645241343158916
5756,2775525.0,0.1764998244019649
5757,2775585.0,0.17656773833325543
5758,2775645.0,0.17652451243102676
5759,2775705.0,0.17659775332813307
5760,2775765.0,0.17677269873723836
5761,2775825.0,0.1769985015839082
5762,2775885.0,0.17713037601742757
5763,2775945.0,0.17744310982599273
5764,2776005.0,0.17790277807526092
5765,2776065.0,0.17821104867332474
5766,2776125.0,0.1783613109578532
5767,2776185.0,0.178399946586461
5768,2776245.0,0.17836628457989692
5769,2776305.0,0.17711415497908103
5770,2776365.0,0.1763823568125534
5771,2776425.0,0.17676865786932813
5772,2776485.0,0.17711795355452878
5773,2776545.0,0.1773577741516991
5774,2776605.0,0.17767651520191022
5775,2776665.0,0.1778211052275475
5776,2776725.0,0.1778398043499045
5777,2776785.0,0.1778686461013876
5778,2776845.0,0.17801247011591706
5779,2776905.0,0.17798952394447856
5780,2776965.0,0.1778857480668042
5781,2777025.0,0.17792171379662805
5782,2777085.0,0.17810309628716967
5783,2777145.0,0.17822242873439179
5784,2777205.0,0.17805856331933087
5785,2777265.0,0.17800110282711298
5786,2777325.0,0.1779395028641874
5787,2777385.0,0.17698010850716925
5788,2777445.0,0.1773651846055204
5789,2777505.0,0.17823440607587673
5790,2777565.0,0.17882254875993894
5791,2777625.0,0.17938561468837752
5792,2777685.0,0.17915438457804603
5793,2777745.0,0.17901456125161078
5794,2777805.0,0.1789502594251917
5795,2777865.0,0.17898004116061214
5796,2777925.0,0.17916094102409466
5797,2777985.0,0.17924703895890295
5798,2778045.0,0.17923013124809564
5799,2778105.0,0.1791930055462301
5800,2778165.0,0.17917593346313335
5801,2778225.0,0.17897363889536635
5802,2778285.0,0.178858158960331
5803,2778345.0,0.17887410232707893
5804,2778405.0,0.1788828053735337
5805,2778465.0,0.17895096210144126
5806,2778525.0,0.17925017550389752
5807,2778585.0,0.17934797410603684
5808,2778645.0,0.17935948089309042
5809,2778705.0,0.17935723595391959
5810,2778765.0,0.17934040515162478
5811,2778825.0,0.17918867306671574
5812,2778885.0,0.17906979980514995
5813,2778945.0,0.1791384556510451
5814,2779005.0,0.17931259812663133
5815,2779065.0,0.17935875424943523
5816,2779125.0,0.17931174600992153
5817,2779185.0,0.17931923371875594
5818,2779245.0,0.17925811756809232
5819,2779305.0,0.17919993843008655
5820,2779368.0,0.17912462077867505
5821,2779425.0,0.17903148249986203
5822,2779488.0,0.17895455092758036
5823,2779545.0,0.17883643193816048
5824,2779605.0,0.1787489180431788
5825,2779665.0,0.17863313642961912
5826,2779725.0,0.1785364593881972
5827,2779785.0,0.17850845820751257
5828,2779845.0,0.17845209373026474
5829,2779905.0,0.178385647611264
5830,2779965.0,0.17843398354186332
5831,2780025.0,0.17843156453656664
5832,2780085.0,0.1783633356813745
5833,2780145.0,0.1783226633903641
5834,2780205.0,0.17830664404770344
5835,2780265.0,0.1783125232364954
5836,2780325.0,0.17721359149770513
5837,2780385.0,0.17595368866734448
5838,2780445.0,0.17506783035489362
5839,2780505.0,0.17438766279075033
5840,2780565.0,0.17451502020687273
5841,2780625.0,0.17456758486568083
5842,2780685.0,0.17454578737999712
5843,2780745.0,0.1744905659979167
5844,2780805.0,0.17443216233573375
5845,2780865.0,0.17444924120638075
5846,2780925.0,0.1744666697036892
5847,2780985.0,0.1743777810615836
5848,2781045.0,0.17421483429929144
5849,2781105.0,0.17410110459170017
5850,2781165.0,0.1739994978356447
5851,2781225.0,0.17397145302315245
5852,2781285.0,0.1737840603011719
5853,2781345.0,0.17373316806317515
5854,2781405.0,0.17368971224725285
5855,2781465.0,0.17368206543798423
5856,2781525.0,0.17363373210895164
5857,2781585.0,0.17357446561931025
5858,2781645.0,0.17352381172648
5859,2781705.0,0.17357880095059067
5860,2781765.0,0.17363955544341506
5861,2781825.0,0.17359517511277625
5862,2781885.0,0.17347097871629666
5863,2781945.0,0.1733116376599708
5864,2782005.0,0.1731841743377753
5865,2782065.0,0.17289533500654816
5866,2782125.0,0.17270813595248616
5867,2782185.0,0.17260207641283457
5868,2782245.0,0.1725146358227814
5869,2782305.0,0.17247308452361412
5870,2782365.0,0.1724338772827513
5871,2782425.0,0.17238368878524776
5872,2782485.0,0.1724790353414177
5873,2782545.0,0.1725436503727842
5874,2782605.0,0.17248826000167608
5875,2782665.0,0.17237282960089031
5876,2782725.0,0.17224905803379695
5877,2782785.0,0.17211712337444326
5878,2782845.0,0.17067041168978006
5879,2782905.0,0.1696625771906071
5880,2782965.0,0.16968174762183277
5881,2783025.0,0.169672401419127
5882,2783085.0,0.16961677751307933
5883,2783145.0,0.16952463463650028
5884,2783205.0,0.16954905185605
5885,2783265.0,0.1696961198364351
5886,2783325.0,0.1699073361193625
5887,2783385.0,0.16999865071367262
5888,2783445.0,0.17000080119229424
5889,2783505.0,0.1696832724550104
5890,2783565.0,0.16934966073681176
5891,2783625.0,0.16925634098432765
5892,2783685.0,0.16923546076260285
5893,2783745.0,0.16918653867798908
5894,2783805.0,0.16912150030263565
5895,2783865.0,0.16902230169574842
5896,2783925.0,0.168896382803657
5897,2783985.0,0.16875732973429328
5898,2784045.0,0.16861593976585185
5899,2784105.0,0.16846372915741767
5900,2784165.0,0.1683667597380437
5901,2784225.0,0.1682299343418732
5902,2784285.0,0.16814991477092847
5903,2784345.0,0.16807326051743035
5904,2784405.0,0.16806133982509172
5905,2784465.0,0.168053625483346
5906,2784525.0,0.16821570240824132
5907,2784585.0,0.1682651000885487
5908,2784645.0,0.16818191615999192
5909,2784705.0,0.1680540309531097
5910,2784765.0,0.16761397244796913
5911,2784825.0,0.16745430672685116
5912,2784885.0,0.1674342472661887
5913,2784945.0,0.16745021123047757
5914,2785005.0,0.16749830096175997
5915,2785065.0,0.16766866146915907
5916,2785125.0,0.16788520995071235
5917,2785185.0,0.16804967030256976
5918,2785245.0,0.1680675178877871
5919,2785305.0,0.16799948588940525
5920,2785365.0,0.16793268270277553
5921,2785425.0,0.16778926779533135
5922,2785485.0,0.16743938286433793
5923,2785545.0,0.16731062695037655
5924,2785605.0,0.16726343038695327
5925,2785665.0,0.16722395038266183
5926,2785725.0,0.167172592275423
5927,2785785.0,0.16721307693698964
5928,2785845.0,0.16720875822959433
5929,2785905.0,0.16707729517739386
5930,2785965.0,0.16683514026039917
5931,2786025.0,0.16662973473286738
5932,2786085.0,0.1664720382238998
5933,2786145.0,0.16608675286236715
5934,2786205.0,0.16596640560487655
5935,2786265.0,0.165890512383244
5936,2786325.0,0.16581348464305254
5937,2786385.0,0.16575089341680996
5938,2786445.0,0.16584868066218914
5939,2786505.0,0.16584399980228046
5940,2786565.0,0.16575581150106813
5941,2786625.0,0.16561145081458165
5942,2786685.0,0.16556668133049637
5943,2786745.0,0.16537750292897044
5944,2786805.0,0.1651445286318707
5945,2786865.0,0.16505224150060985
5946,2786925.0,0.16498779027965874
5947,2786985.0,0.16495259769800266
5948,2787045.0,0.16499755146593856
5949,2787105.0,0.16504510417052323
5950,2787165.0,0.16498058504309124
5951,2787225.0,0.16481737683950184
5952,2787288.0,0.16461418882768367
5953,2787345.0,0.1644559679461944
5954,2787405.0,0.16415612365328144
5955,2787465.0,0.1640208817810012
5956,2787525.0,0.16389797002265186
5957,2787588.0,0.16367431485913073
5958,2787645.0,0.16343592616193628
5959,2787708.0,0.16338400813059104
5960,2787765.0,0.1633534463793133
5961,2787825.0,0.163175904444568
5962,2787885.0,0.16285757859253377
5963,2787945.0,0.16272117636578973
5964,2788005.0,0.16270518808795656
5965,2788065.0,0.162649147413829
5966,2788125.0,0.16259196762519743
5967,2788185.0,0.16251177208436798
5968,2788245.0,0.1621288842059085
5969,2788305.0,0.16187788350357232
5970,2788365.0,0.1616822467428505
5971,2788425.0,0.16147960318447666
5972,2788485.0,0.1621104095482471
5973,2788545.0,0.16274324483272504
5974,2788605.0,0.1625822751301693
5975,2788665.0,0.16243213156755368
5976,2788725.0,0.16230343527672045
5977,2788788.0,0.16209611426988127
5978,2788845.0,0.1618658237221345
5979,2788905.0,0.16163265435240362
5980,2788965.0,0.16143356389421373
5981,2789025.0,0.16128563832408285
5982,2789085.0,0.16117806651132985
5983,2789145.0,0.16109376792681238
5984,2789205.0,0.16107408347446625
5985,2789265.0,0.16098075656729358
5986,2789325.0,0.1605953271291238
5987,2789385.0,0.16041426971416592
5988,2789445.0,0.16034210031970922
5989,2789505.0,0.16029690285465073
5990,2789565.0,0.16030525829892564
5991,2789625.0,0.16043336295699154
5992,2789685.0,0.1605587366852221
5993,2789745.0,0.1604716641957545
5994,2789805.0,0.16024271049854447
5995,2789865.0,0.16016347930913596
5996,2789925.0,0.16013465846066208
5997,2789985.0,0.16008244825807175
5998,2790045.0,0.1600628210537706
5999,2790105.0,0.1600539447008337
6000,2790165.0,0.1600180667463786
6001,2790225.0,0.15997832884252663
6002,2790285.0,0.1599395927253974
6003,2790345.0,0.15990116630992016
6004,2790405.0,0.1598480737471907
6005,2790465.0,0.15978103109086353
6006,2790525.0,0.1597573745265272
6007,2790585.0,0.159721762350137
6008,2790645.0,0.15974673908296347
6009,2790705.0,0.15980536059573772
6010,2790765.0,0.15988068622776327
6011,2790825.0,0.15992583289080134
6012,2790885.0,0.15994630759353576
6013,2790945.0,0.15992202545733222
6014,2791005.0,0.15989996085436672
6015,2791065.0,0.1598544258843946
6016,2791125.0,0.1597873210005055
6017,2791188.0,0.15978459941824466
6018,2791245.0,0.15978984439441188
6019,2791305.0,0.1597911520478045
6020,2791365.0,0.15983245466516685
6021,2791425.0,0.15987860874794682
6022,2791485.0,0.15995077831873208
6023,2791545.0,0.16003459037054954
6024,2791605.0,0.1601357285218106
6025,2791665.0,0.1602421685776734
6026,2791725.0,0.16032615271715864
6027,2791788.0,0.16036962684127679
6028,2791845.0,0.16042552141508362
6029,2791905.0,0.16050067218017858
6030,2791965.0,0.16055302691180925
6031,2792025.0,0.16058335730427167
6032,2792088.0,0.1606091012077521
6033,2792145.0,0.16061023593731452
6034,2792205.0,0.16062151651144427
6035,2792265.0,0.1606234185708045
6036,2792325.0,0.16062586667112114
6037,2792385.0,0.1606318017687429
6038,2792445.0,0.16063133758150352
6039,2792505.0,0.16064711018035424
6040,2792568.0,0.16067752467901028
6041,2792625.0,0.16072786610480286
6042,2792685.0,0.1607924212188057
6043,2792745.0,0.16087952859328922
6044,2792805.0,0.16095956070718023
6045,2792865.0,0.1610604129399961
6046,2792925.0,0.16114043566601619
6047,2792985.0,0.16121884175941084
6048,2793045.0,0.16129107160114817
6049,2793105.0,0.16136537544761867
6050,2793168.0,0.16142860328699124
6051,2793225.0,0.16149684671314554
6052,2793285.0,0.1615566435622249
6053,2793345.0,0.16164177965986684
6054,2793405.0,0.16173124912982886
6055,2793465.0,0.16181699942963693
6056,2793525.0,0.16188630162375975
6057,2793585.0,0.16197132963253416
6058,2793645.0,0.16208793954566322
6059,2793705.0,0.16220853118312864
6060,2793765.0,0.162335519098648
6061,2793825.0,0.16245420467644542
6062,2793885.0,0.16257679855717425
6063,2793945.0,0.16271011705950952
6064,2794005.0,0.1628113652862941
6065,2794065.0,0.16290739823165393
6066,2794125.0,0.16296227685574036
6067,2794185.0,0.16298374611880198
6068,2794245.0,0.16299858335179532
6069,2794305.0,0.1630265157113354
6070,2794365.0,0.16306217612145693
6071,2794425.0,0.16304485506085079
6072,2794485.0,0.1630434164331884
6073,2794545.0,0.16301086085348945
6074,2794605.0,0.1630266674286757
6075,2794665.0,0.16300667414452444
6076,2794725.0,0.1630669511157207
6077,2794785.0,0.16316645983980152
6078,2794845.0,0.16327226561693933
6079,2794905.0,0.16338400825617336
6080,2794965.0,0.16347531015265268
6081,2795025.0,0.16354939930202414
6082,2795085.0,0.1636160959088432
6083,2795145.0,0.1636270260401337
6084,2795205.0,0.1635853217742638
6085,2795265.0,0.16352931561055042
6086,2795325.0,0.16343887691604977
6087,2795385.0,0.163331145238192
6088,2795445.0,0.16320683756074142
6089,2795505.0,0.16307629920663272
6090,2795565.0,0.1629056009105739
6091,2795625.0,0.1627659304207967
6092,2795685.0,0.1626380205982996
6093,2795745.0,0.1625108736874328
6094,2795805.0,0.16239704526222462
6095,2795865.0,0.16225837583438776
6096,2795925.0,0.1621499429171249
6097,2795985.0,0.16201699759757857
6098,2796045.0,0.16185195238749187
6099,2796105.0,0.16167388021281728
6100,2796165.0,0.1615382954861115
6101,2796225.0,0.16148656582964335
6102,2796285.0,0.16147318210062064
6103,2796345.0,0.16148439459967343
6104,2796405.0,0.16145493425113608
6105,2796465.0,0.16146156535686848
6106,2796525.0,0.16149309140780363
6107,2796585.0,0.16157269209079414
6108,2796645.0,0.16168422383171502
6109,2796705.0,0.16180643911707085
6110,2796765.0,0.1619154927921929
6111,2796825.0,0.16202062815463694
6112,2796885.0,0.16210876553092904
6113,2796945.0,0.16222307661743188
6114,2797005.0,0.16225713681138001
6115,2797065.0,0.16230313212276207
6116,2797125.0,0.16239187730274704
6117,2797185.0,0.16244281230008403
6118,2797245.0,0.16249343574519273
6119,2797308.0,0.16252633023320054
6120,2797365.0,0.1625583002026593
6121,2797425.0,0.16255321896780275
6122,2797485.0,0.16255217079148684
6123,2797545.0,0.16252085473300457
6124,2797605.0,0.16249854853150827
6125,2797665.0,0.1624970239583808
6126,2797725.0,0.1625075823328749
6127,2797785.0,0.16252635620800301
6128,2797845.0,0.16254250669860723
6129,2797905.0,0.16256319160749186
6130,2797965.0,0.16257201228179527
6131,2798025.0,0.16258342916967608
6132,2798085.0,0.16259074067052146
6133,2798145.0,0.16263037571285258
6134,2798205.0,0.16264937858060793
6135,2798265.0,0.1626205721788825
6136,2798325.0,0.16270811210209793
6137,2798385.0,0.16293123066268275
6138,2798445.0,0.16315207980495314
6139,2798505.0,0.16326614212734705
6140,2798565.0,0.16339814104658715
6141,2798625.0,0.1635294601247174
6142,2798685.0,0.16365580268671429
6143,2798745.0,0.16372848142683985
6144,2798805.0,0.1638185783216448
6145,2798865.0,0.16393805209413262
6146,2798925.0,0.1640818128968672
6147,2798985.0,0.164210585058126
6148,2799045.0,0.16346087398493617
6149,2799105.0,0.16300704967661292
6150,2799165.0,0.16270155878662215
6151,2799225.0,0.1623843468786302
6152,2799285.0,0.16200410055592532
6153,2799345.0,0.16157933411349581
6154,2799405.0,0.16187477688807142
6155,2799465.0,0.1620846896361058
6156,2799525.0,0.1622552406297101
6157,2799585.0,0.1625076278301986
6158,2799645.0,0.16280953911514542
6159,2799705.0,0.16310241567620634
6160,2799765.0,0.1633216227808376
6161,2799825.0,0.16344085802823263
6162,2799885.0,0.16349592428061313
6163,2799945.0,0.16348452589505905
6164,2800005.0,0.16344064709641629
6165,2800065.0,0.16343567372975945
6166,2800125.0,0.16340597451367703
6167,2800188.0,0.16342277258578095
6168,2800245.0,0.16345536014291787
6169,2800305.0,0.16348800275152056
6170,2800368.0,0.1635040852773146
6171,2800425.0,0.16355217852223256
6172,2800485.0,0.16354242288659818
6173,2800545.0,0.16355714888259423
6174,2800605.0,0.16358940665419255
6175,2800665.0,0.1636229621068884
6176,2800725.0,0.1636600503667828
6177,2800785.0,0.163686191222326
6178,2800845.0,0.16371435254862035
6179,2800905.0,0.16373772567243597
6180,2800965.0,0.1637442363788745
6181,2801025.0,0.16375684338861116
6182,2801085.0,0.1637749118468003
6183,2801145.0,0.163824498268528
6184,2801205.0,0.16387055137442322
6185,2801265.0,0.16393469738275548
6186,2801325.0,0.16393570442783909
6187,2801385.0,0.16397323689740542
6188,2801445.0,0.16400031807923174
6189,2801505.0,0.16398784028186333
6190,2801565.0,0.16394857557020023
6191,2801625.0,0.16388910091884243
6192,2801685.0,0.16385012529910806
6193,2801745.0,0.16384238231611317
6194,2801805.0,0.1638366861266586
6195,2801865.0,0.1638515839737408
6196,2801925.0,0.16385571266464463
6197,2801985.0,0.16381637007307884
6198,2802045.0,0.16375772941874508
6199,2802105.0,0.16367990753045933
6200,2802165.0,0.16356523946697335
6201,2802225.0,0.163442281499968
6202,2802285.0,0.16329117863110623
6203,2802345.0,0.1631371959353283
6204,2802405.0,0.16296956860488385
6205,2802465.0,0.16283673892217068
6206,2802525.0,0.16273574543346683
6207,2802585.0,0.16268699111635757
6208,2802645.0,0.16261834257940036
6209,2802705.0,0.16247940659852242
6210,2802765.0,0.16233079204943066
6211,2802825.0,0.16219608754838885
6212,2802885.0,0.16208200120365304
6213,2802945.0,0.16198626793994572
6214,2803005.0,0.16187013074860965
6215,2803065.0,0.16175690973329312
6216,2803125.0,0.16162777004131015
6217,2803185.0,0.1614770785119745
6218,2803245.0,0.1613110189089352
6219,2803305.0,0.16113524802700094
6220,2803365.0,0.16098694261556043
6221,2803425.0,0.16086264602832015
6222,2803485.0,0.16078937191026074
6223,2803545.0,0.16070979171705999
6224,2803605.0,0.16068796540801286
6225,2803665.0,0.16063587638834234
6226,2803725.0,0.16052168637639255
6227,2803785.0,0.16038820762829434
6228,2803845.0,0.16027310859237873
6229,2803905.0,0.16017167730551865
6230,2803965.0,0.16011330636109836
6231,2804025.0,0.16006515484893383
6232,2804085.0,0.16005827116227858
6233,2804145.0,0.1600592192513592
6234,2804205.0,0.16007484384392892
6235,2804265.0,0.16008462514217117
6236,2804325.0,0.16010146533919725
6237,2804385.0,0.1600893892796376
6238,2804445.0,0.1600171131956631
6239,2804505.0,0.15988657336158738
6240,2804565.0,0.15972318208039746
6241,2804625.0,0.15953943055260814
6242,2804685.0,0.15932727672425354
6243,2804745.0,0.15909121766081927
6244,2804805.0,0.1588854036597759
6245,2804865.0,0.1586852488273127
6246,2804925.0,0.15853941918710626
6247,2804985.0,0.15840450197402714
6248,2805045.0,0.15824039846245888
6249,2805105.0,0.15812095828606174
6250,2805165.0,0.15803757559585282
6251,2805225.0,0.15803829180644027
6252,2805285.0,0.1581005047945939
6253,2805345.0,0.1582241675955551
6254,2805405.0,0.1583110389561824
6255,2805465.0,0.15843803099877005
6256,2805525.0,0.1584367162803417
6257,2805585.0,0.15838735974512833
6258,2805645.0,0.15836436035803794
6259,2805705.0,0.1583373849327818
6260,2805765.0,0.15834216692103562
6261,2805825.0,0.15839165639873456
6262,2805885.0,0.15844341733618836
6263,2805945.0,0.15849088727024005
6264,2806005.0,0.15854226426306908
6265,2806065.0,0.15858180285217885
6266,2806125.0,0.15864491031952552
6267,2806185.0,0.15868848101929703
6268,2806245.0,0.15870114913971264
6269,2806305.0,0.15873997028529666
6270,2806365.0,0.1588197013856091
6271,2806425.0,0.15887445308615997
6272,2806485.0,0.15892217777462989
6273,2806545.0,0.15905280063802588
6274,2806605.0,0.1591838562812157
6275,2806665.0,0.15935117874699808
6276,2806725.0,0.1594658320326153
6277,2806785.0,0.15953062010923516
6278,2806845.0,0.1595963955688017
6279,2806905.0,0.1596572751818436
6280,2806968.0,0.15970009185498799
6281,2807025.0,0.15968344458961817
6282,2807085.0,0.15964581630561572
6283,2807145.0,0.15960820929520594
6284,2807205.0,0.15957593338881762
6285,2807265.0,0.1595517493730693
6286,2807325.0,0.15953115640235846
6287,2807385.0,0.15944968694741926
6288,2807445.0,0.1593684467667529
6289,2807505.0,0.15928325880098917
6290,2807565.0,0.15923670961398947
6291,2807625.0,0.1592337558771403
6292,2807685.0,0.1592173843568178
6293,2807745.0,0.15917724529890578
6294,2807805.0,0.15914182343689828
6295,2807865.0,0.15911529986972564
6296,2807925.0,0.15905606123119478
6297,2807985.0,0.15904211269533922
6298,2808045.0,0.15901493055098123
6299,2808105.0,0.1589800254794517
6300,2808165.0,0.1589359721919079
6301,2808225.0,0.15888020228818786
6302,2808285.0,0.15878963370802104
6303,2808345.0,0.15872473435857484
6304,2808405.0,0.1586899339136081
6305,2808465.0,0.15866056146236543
6306,2808525.0,0.15862525902521749
6307,2808585.0,0.1585925149129034
6308,2808645.0,0.15858541157668496
6309,2808705.0,0.1585735803005819
6310,2808765.0,0.1585814769697472
6311,2808825.0,0.1586014014677812
6312,2808885.0,0.1586362804857082
6313,2808945.0,0.15863804834615516
6314,2809005.0,0.15864340702171417
6315,2809065.0,0.15869173331897926
6316,2809125.0,0.1587503639603742
6317,2809185.0,0.1588331136805288
6318,2809245.0,0.1589162250735248
6319,2809305.0,0.1590189481450641
6320,2809365.0,0.159049659832846
6321,2809425.0,0.15905089522720597
6322,2809485.0,0.15903432464517023
6323,2809545.0,0.1590149182096792
6324,2809605.0,0.15897608216439293
6325,2809665.0,0.15895262914855915
6326,2809725.0,0.15889695308713545
6327,2809785.0,0.1588188965323725
6328,2809845.0,0.15872970137550854
6329,2809905.0,0.15862712293219786
6330,2809965.0,0.1585544082795939
6331,2810025.0,0.1584888176719205
6332,2810085.0,0.1584257156342566
6333,2810145.0,0.15833154584156192
6334,2810208.0,0.15823774175244124
6335,2810265.0,0.15812800873897978
6336,2810325.0,0.1580170388922537
6337,2810385.0,0.15792866193658558
6338,2810445.0,0.15783121990144763
6339,2810505.0,0.15776067649475525
6340,2810565.0,0.15774394100322273
6341,2810625.0,0.15776208212792067
6342,2810685.0,0.15781492161158514
6343,2810745.0,0.15786793490311649
6344,2810805.0,0.15791249055924153
6345,2810865.0,0.15795853366750603
6346,2810925.0,0.15801017589506963
6347,2810985.0,0.15805830345624797
6348,2811045.0,0.15807482832231248
6349,2811105.0,0.15808742179367333
6350,2811165.0,0.15807828349154687
6351,2811225.0,0.15805386506986804
6352,2811285.0,0.1580521597282776
6353,2811345.0,0.15803070900097357
6354,2811405.0,0.1580221560278711
6355,2811465.0,0.15796766668315856
6356,2811525.0,0.15793938349659845
6357,2811585.0,0.15791247390264398
6358,2811645.0,0.15787358338240062
6359,2811705.0,0.15784889993189413
6360,2811765.0,0.1578355854472895
6361,2811825.0,0.157790029092181
6362,2811885.0,0.15771054852919233
6363,2811945.0,0.15761026498407113
6364,2812005.0,0.15752086636221377
6365,2812065.0,0.15742707663206554
6366,2812125.0,0.15740405127380488
6367,2812185.0,0.15737548647981373
6368,2812245.0,0.15733365001477287
6369,2812305.0,0.15726942476900693
6370,2812365.0,0.15721215841387795
6371,2812425.0,0.15716586689911297
6372,2812485.0,0.15710846040178497
6373,2812545.0,0.1570163531936076
6374,2812605.0,0.15686295704200784
6375,2812665.0,0.15677666325826436
6376,2812725.0,0.15677128744553928
6377,2812785.0,0.1568065085430175
6378,2812845.0,0.15685997801361115
6379,2812905.0,0.15695149047468052
6380,2812965.0,0.1570304076798639
6381,2813025.0,0.1571437671603235
6382,2813085.0,0.15727027079727876
6383,2813145.0,0.15742708410500486
6384,2813205.0,0.15758691160325475
6385,2813265.0,0.15768308675343393
6386,2813325.0,0.15777138937981508
6387,2813385.0,0.15787643216937544
6388,2813445.0,0.15801647633024477
6389,2813505.0,0.15821842702155095
6390,2813565.0,0.15840700573984304
6391,2813625.0,0.15857823385872968
6392,2813685.0,0.15871739456883902
6393,2813745.0,0.15882752403526487
6394,2813805.0,0.15891982612935093
6395,2813865.0,0.15898487388718788
6396,2813925.0,0.15906077552985212
6397,2813985.0,0.15920978103323116
6398,2814045.0,0.1594122509709527
6399,2814105.0,0.15961852601577645
6400,2814165.0,0.1598024199698397
6401,2814225.0,0.15991994814709495
6402,2814285.0,0.15998508675532067
6403,2814345.0,0.16005931590006425
6404,2814405.0,0.16006897559541386
6405,2814465.0,0.16012746707870704
6406,2814525.0,0.16024354767292834
6407,2814585.0,0.16039898013502044
6408,2814648.0,0.16052433938405866
6409,2814705.0,0.16062521514892605
6410,2814765.0,0.1606972282623161
6411,2814825.0,0.1607440743266116
6412,2814885.0,0.16074980283884746
6413,2814945.0,0.16070661882658846
6414,2815005.0,0.16064150295154442
6415,2815065.0,0.16156574430898016
6416,2815125.0,0.16212914326993202
6417,2815185.0,0.16251029250643598
6418,2815245.0,0.16289492277749082
6419,2815305.0,0.16266599930540174
6420,2815365.0,0.16256914775896655
6421,2815425.0,0.16262615134643418
6422,2815485.0,0.16260764274395126
6423,2815545.0,0.16246144192771575
6424,2815605.0,0.16225785798143824
6425,2815665.0,0.162034364571688
6426,2815725.0,0.16178748269854934
6427,2815785.0,0.16157505121029578
6428,2815845.0,0.1614245117411953
6429,2815905.0,0.16134890288303946
6430,2815965.0,0.16132040416091123
6431,2816025.0,0.16130822806373155
6432,2816085.0,0.16125379980868607
6433,2816145.0,0.16115576414341123
6434,2816205.0,0.16104287593436875
6435,2816265.0,0.16095172813392625
6436,2816325.0,0.16094858892535516
6437,2816385.0,0.1610245219027482
6438,2816445.0,0.16109609007709128
6439,2816505.0,0.1611605338616183
6440,2816565.0,0.16121575269390617
6441,2816625.0,0.16123487279581158
6442,2816685.0,0.1612271074689325
6443,2816745.0,0.1612422685604792
6444,2816805.0,0.1612778879863919
6445,2816865.0,0.16129737317508122
6446,2816925.0,0.1612876182293322
6447,2816985.0,0.16127929732274995
6448,2817045.0,0.16128975012890737
6449,2817105.0,0.16128339340899392
6450,2817165.0,0.16127046440630025
6451,2817225.0,0.1612696501210297
6452,2817285.0,0.16122197623224468
6453,2817345.0,0.16112864411679426
6454,2817405.0,0.16100363037463652
6455,2817465.0,0.1608692722343564
6456,2817525.0,0.1607829063877512
6457,2817585.0,0.16079233237214455
6458,2817645.0,0.16084457451979864
6459,2817705.0,0.16090862265496456
6460,2817765.0,0.16098063720554392
6461,2817825.0,0.1610382674898884
6462,2817885.0,0.16107532706151076
6463,2817945.0,0.1611043163678775
6464,2818005.0,0.16118237382925685
6465,2818065.0,0.16125240115265885
6466,2818125.0,0.161302128345695
6467,2818185.0,0.16140064165606086
6468,2818245.0,0.16264905517363173
6469,2818305.0,0.16338670476156072
6470,2818365.0,0.16380490279207796
6471,2818425.0,0.1641582836906221
6472,2818485.0,0.1644919122531507
6473,2818545.0,0.16417988606765607
6474,2818605.0,0.16398627860723533
6475,2818665.0,0.16390552460882504
6476,2818725.0,0.1638959676596695
6477,2818785.0,0.16387820659313587
6478,2818845.0,0.16382672825285563
6479,2818905.0,0.16377318255470294
6480,2818965.0,0.1637150981877328
6481,2819025.0,0.163647277271981
6482,2819085.0,0.16359339058177222
6483,2819145.0,0.16357991743469832
6484,2819205.0,0.16356430882963793
6485,2819268.0,0.16353053221785
6486,2819325.0,0.1635543055270441
6487,2819385.0,0.1648053606721341
6488,2819445.0,0.16553409804291006
6489,2819505.0,0.16608856146841608
6490,2819565.0,0.16651453985639633
6491,2819625.0,0.1662466260944603
6492,2819685.0,0.1660603656363385
6493,2819745.0,0.16601865049981082
6494,2819805.0,0.16602565263378374
6495,2819865.0,0.16598836559942323
6496,2819925.0,0.16588370671501976
6497,2819985.0,0.16573243481785546
6498,2820045.0,0.16562091087291267
6499,2820105.0,0.16547856746464432
6500,2820165.0,0.1653697146996488
6501,2820225.0,0.16528808201931658
6502,2820285.0,0.16639443945888363
6503,2820345.0,0.16705658408808102
6504,2820405.0,0.16759792690282424
6505,2820465.0,0.16804349045320374
6506,2820525.0,0.1685577587628583
6507,2820585.0,0.16836323200165873
6508,2820645.0,0.16828391661389305
6509,2820705.0,0.16836188080999206
6510,2820765.0,0.16839208697423916
6511,2820825.0,0.16825810553853396
6512,2820885.0,0.16807379755592625
6513,2820948.0,0.16792390869453352
6514,2821005.0,0.16779269216693152
6515,2821065.0,0.16778469109039015
6516,2821125.0,0.16781288766311422
6517,2821185.0,0.16781571338259618
6518,2821245.0,0.16778298937815242
6519,2821305.0,0.16774092645938168
6520,2821365.0,0.16770355835550635
6521,2821425.0,0.16868890713349413
6522,2821485.0,0.16944129287921492
6523,2821545.0,0.16996688166094778
6524,2821605.0,0.1704942627927394
6525,2821665.0,0.17095977755807948
6526,2821725.0,0.17153824250115016
6527,2821785.0,0.17128699720545468
6528,2821845.0,0.171123956404702
6529,2821905.0,0.17106422114471195
6530,2821965.0,0.17104042254919974
6531,2822025.0,0.1710077476195678
6532,2822085.0,0.1709115560344164
6533,2822145.0,0.17083489573357188
6534,2822205.0,0.17075057291121934
6535,2822265.0,0.1706949128135478
6536,2822325.0,0.17153556977833126
6537,2822385.0,0.17220484642789538
6538,2822445.0,0.17291646986934353
6539,2822505.0,0.17356023166301596
6540,2822565.0,0.17336366340577966
6541,2822625.0,0.17326165668762203
6542,2822685.0,0.17324967236795083
6543,2822745.0,0.17320827206772557
6544,2822805.0,0.1730503126697557
6545,2822865.0,0.17282696710787057
6546,2822925.0,0.17252706072531873
6547,2822985.0,0.17221289190840308
6548,2823045.0,0.17191217505744863
6549,2823105.0,0.17169509928373086
6550,2823165.0,0.17149801975319842
6551,2823225.0,0.1713176885021008
6552,2823285.0,0.17116392492015312
6553,2823345.0,0.17107444842312688
6554,2823405.0,0.17109058314285044
6555,2823465.0,0.17104452594444383
6556,2823525.0,0.1709560026037267
6557,2823585.0,0.17084445254526873
6558,2823645.0,0.17072484895062792
6559,2823705.0,0.17057410064371617
6560,2823765.0,0.1704038573557156
6561,2823825.0,0.1702314522195251
6562,2823885.0,0.17008666498561145
6563,2823945.0,0.1699603839362641
6564,2824005.0,0.16985597917456838
6565,2824065.0,0.1698027558011532
6566,2824125.0,0.16977370751740792
6567,2824185.0,0.16970924780581967
6568,2824245.0,0.1696168406501076
6569,2824305.0,0.16949721753778077
6570,2824365.0,0.1693853969054637
6571,2824425.0,0.16928700849013265
6572,2824485.0,0.16917969149169373
6573,2824545.0,0.16904555533908625
6574,2824605.0,0.16893773468810083
6575,2824665.0,0.16886810565175206
6576,2824725.0,0.16881427104235022
6577,2824785.0,0.16869603368205158
6578,2824845.0,0.16854081689430808
6579,2824905.0,0.1683950643684282
6580,2824965.0,0.16826801476477424
6581,2825025.0,0.16821637775471085
6582,2825085.0,0.16817780367987503
6583,2825145.0,0.16814207311639637
6584,2825205.0,0.16811916892193537
6585,2825265.0,0.1680278453385309
6586,2825325.0,0.16790935437642093
6587,2825385.0,0.1677640573169881
6588,2825445.0,0.16762224699032893
6589,2825505.0,0.16747589614478267
6590,2825565.0,0.16731472498261665
6591,2825625.0,0.16718373929056965
6592,2825685.0,0.1670483215226193
6593,2825745.0,0.1669650946484226
6594,2825805.0,0.16688164641587186
6595,2825865.0,0.1658167039344379
6596,2825925.0,0.16512490426336782
6597,2825985.0,0.1646265864780572
6598,2826045.0,0.16416363446594603
6599,2826105.0,0.16437948842520625
6600,2826165.0,0.16448799164134378
6601,2826225.0,0.1644815242998793
6602,2826285.0,0.1645652641328211
6603,2826345.0,0.16480589232622592
6604,2826405.0,0.16507203769269005
6605,2826465.0,0.16532353662910884
6606,2826525.0,0.1655748212160628
6607,2826585.0,0.1657953606480874
6608,2826645.0,0.16596800081500837
6609,2826705.0,0.16605101503452427
6610,2826765.0,0.16606096196808987
6611,2826825.0,0.16602333701296926
6612,2826885.0,0.16596591784236367
6613,2826948.0,0.16596923480893935
6614,2827005.0,0.16601268234836344
6615,2827065.0,0.16602336326443037
6616,2827125.0,0.16595428754220434
6617,2827185.0,0.1658100975066583
6618,2827245.0,0.1656531747429176
6619,2827305.0,0.1655106683397767
6620,2827365.0,0.1653739026600837
6621,2827425.0,0.16526572021100397
6622,2827485.0,0.16516955939708314
6623,2827545.0,0.16508789763293705
6624,2827605.0,0.16512975466592164
6625,2827665.0,0.1650899597932273
6626,2827725.0,0.1649951193690641
6627,2827785.0,0.16490012487425768
6628,2827845.0,0.16479429874100507
6629,2827905.0,0.16470456603946007
6630,2827965.0,0.1646352921334943
6631,2828025.0,0.16457291253401998
6632,2828085.0,0.16454834100062707
6633,2828145.0,0.1645741409627354
6634,2828205.0,0.1646456301738962
6635,2828265.0,0.16476305249111636
6636,2828325.0,0.16485188625309996
6637,2828385.0,0.16488391050190868
6638,2828445.0,0.16490225980405468
6639,2828505.0,0.1649014154759503
6640,2828565.0,0.16490355953806649
6641,2828625.0,0.1649125413030235
6642,2828685.0,0.1649348730359558
6643,2828745.0,0.16493228684905734
6644,2828805.0,0.16490790538623043
6645,2828865.0,0.16483758858868766
6646,2828925.0,0.16475157556381673
6647,2828985.0,0.16463355466585947
6648,2829045.0,0.1633572324174791
6649,2829105.0,0.16257762739659334
6650,2829165.0,0.16209277572313266
6651,2829225.0,0.16155302659691792
6652,2829285.0,0.16110273822226526
6653,2829345.0,0.16141256271308693
6654,2829405.0,0.161768474630161
6655,2829468.0,0.16275135034305419
6656,2829525.0,0.1634207194092502
6657,2829585.0,0.16391559037998418
6658,2829645.0,0.16369829586824955
6659,2829705.0,0.16355323069199282
6660,2829765.0,0.1634580320048715
6661,2829825.0,0.1634012200691001
6662,2829885.0,0.16334500391542142
6663,2829945.0,0.1632531665137336
6664,2830005.0,0.1631584888766283
6665,2830065.0,0.16309591647177782
6666,2830125.0,0.16300738954672847
6667,2830185.0,0.1616785579059701
6668,2830245.0,0.1608578741218217
6669,2830305.0,0.1602219639422637
6670,2830365.0,0.15972703182965417
6671,2830425.0,0.15994604689336386
6672,2830485.0,0.16005377005498042
6673,2830545.0,0.16001483732163904
6674,2830605.0,0.15989621541074187
6675,2830665.0,0.1598000859040222
6676,2830725.0,0.15976272032696828
6677,2830785.0,0.15972853889736474
6678,2830845.0,0.15968171410450158
6679,2830905.0,0.15967211635079578
6680,2830965.0,0.15962700268005084
6681,2831025.0,0.15954935547292445
6682,2831085.0,0.15828924233230238
6683,2831145.0,0.15748209274770084
6684,2831205.0,0.15681256526478762
6685,2831265.0,0.15625024983254657
6686,2831325.0,0.1556757284590776
6687,2831385.0,0.1558289326563704
6688,2831445.0,0.1558731255946497
6689,2831505.0,0.15576027831281733
6690,2831565.0,0.15568237291153583
6691,2831625.0,0.1557441776172002
6692,2831685.0,0.15584582835661723
6693,2831745.0,0.15592916145417826
6694,2831805.0,0.15599304616042234
6695,2831865.0,0.1559357218214306
6696,2831925.0,0.15581202599720348
6697,2831985.0,0.15569388988130514
6698,2832045.0,0.1556438650909829
6699,2832105.0,0.15559796137226625
6700,2832165.0,0.15552722455301085
6701,2832225.0,0.1544510324053572
6702,2832285.0,0.1536119850819794
6703,2832345.0,0.15299035279810055
6704,2832405.0,0.1523495228293951
6705,2832465.0,0.15175767486534472
6706,2832525.0,0.15109911565840958
6707,2832585.0,0.15126509133191887
6708,2832645.0,0.15133136077377343
6709,2832705.0,0.15124399597204483
6710,2832765.0,0.15112253458866956
6711,2832825.0,0.15099133888007513
6712,2832885.0,0.15091763565413022
6713,2832945.0,0.15082513839736325
6714,2833005.0,0.1507400310166768
6715,2833065.0,0.15066473872716948
6716,2833125.0,0.14969392426138664
6717,2833185.0,0.14890726998930917
6718,2833245.0,0.14810517296289974
6719,2833305.0,0.14735222016001473
6720,2833365.0,0.14745413200725024
6721,2833425.0,0.14749039447655757
6722,2833485.0,0.14744845632114964
6723,2833545.0,0.1474307766686895
6724,2833605.0,0.1475526284812976
6725,2833665.0,0.14771874721490022
6726,2833725.0,0.14795079852577755
6727,2833785.0,0.14818142471787457
6728,2833845.0,0.14843245239415817
6729,2833905.0,0.14863780568265603
6730,2833965.0,0.14882026119621386
6731,2834025.0,0.14899857675754355
6732,2834085.0,0.1491592468621238
6733,2834145.0,0.14925603730364082
6734,2834205.0,0.1492929441521215
6735,2834265.0,0.14933139751851812
6736,2834325.0,0.14936397567552087
6737,2834385.0,0.1493917378245482
6738,2834445.0,0.14940079415409604
6739,2834505.0,0.14945031218182994
6740,2834565.0,0.14954955472600392
6741,2834625.0,0.14962181322278786
6742,2834685.0,0.14964605464844763
6743,2834745.0,0.14963042896605647
6744,2834805.0,0.1496063818682223
6745,2834865.0,0.14959490796609556
6746,2834925.0,0.1495555645613734
6747,2834985.0,0.14951040697268084
6748,2835045.0,0.14948306782001478
6749,2835105.0,0.14945624706369012
6750,2835165.0,0.14945778041686572
6751,2835225.0,0.1494679852827663
6752,2835285.0,0.14947710313993282
6753,2835345.0,0.1495150482830185
6754,2835405.0,0.1495539893909761
6755,2835465.0,0.14956410896581232
6756,2835525.0,0.14960331229295584
6757,2835585.0,0.14963633106476185
6758,2835645.0,0.14966946284524887
6759,2835705.0,0.14969784353697765
6760,2835765.0,0.14970262607533705
6761,2835825.0,0.14968161548992673
6762,2835885.0,0.1496388124498064
6763,2835945.0,0.1495560469751314
6764,2836005.0,0.14946847230889507
6765,2836065.0,0.14940202649862253
6766,2836125.0,0.1493590970014215
6767,2836185.0,0.14932999936149818
6768,2836245.0,0.14933196338669738
6769,2836305.0,0.14933456369096046
6770,2836365.0,0.1493352995387999
6771,2836425.0,0.14932769094384876
6772,2836485.0,0.14930368839208083
6773,2836545.0,0.14924221842773053
6774,2836605.0,0.1491984655575235
6775,2836665.0,0.1491546718573414
6776,2836725.0,0.14915001868351666
6777,2836785.0,0.14915002204306668
6778,2836845.0,0.14917644463366544
6779,2836905.0,0.1491767070016539
6780,2836965.0,0.14920077049360872
6781,2837025.0,0.14920765225977875
6782,2837085.0,0.1491949296632689
6783,2837145.0,0.14917159441154063
6784,2837205.0,0.1491508582747311
6785,2837265.0,0.14920131714244025
6786,2837325.0,0.14924629985522683
6787,2837385.0,0.14928880658482638
6788,2837445.0,0.14935236437876767
6789,2837505.0,0.1494130694354283
6790,2837565.0,0.14942343646642217
6791,2837625.0,0.14939907345570344
6792,2837685.0,0.14934821619918012
6793,2837745.0,0.14925918623922754
6794,2837805.0,0.14918759630480707
6795,2837865.0,0.1491179364398277
6796,2837925.0,0.14908954586487952
6797,2837985.0,0.14907878668172567
6798,2838045.0,0.14905186569140086
6799,2838105.0,0.14900499811621318
6800,2838165.0,0.14893574101269894
6801,2838225.0,0.1488814484487049
6802,2838285.0,0.14882027313489718
6803,2838345.0,0.14876214324273304
6804,2838405.0,0.14859699085965658
6805,2838465.0,0.14855800513410924
6806,2838525.0,0.1485310586207962
6807,2838585.0,0.1484723860185211
6808,2838645.0,0.14839788555012454
6809,2838705.0,0.14827848538492996
6810,2838765.0,0.14814265713291383
6811,2838825.0,0.1479853219578743
6812,2838885.0,0.14780109019430024
6813,2838945.0,0.1475708017939565
6814,2839005.0,0.14735631453476264
6815,2839065.0,0.14710568265852617
6816,2839125.0,0.14687431822368976
6817,2839185.0,0.14666204050994017
6818,2839245.0,0.14645175312506817
6819,2839305.0,0.14622960273331717
6820,2839365.0,0.14602714578938494
6821,2839425.0,0.14582317212790466
6822,2839485.0,0.14565170382438294
6823,2839545.0,0.14550855909747365
6824,2839605.0,0.14536606587429488
6825,2839665.0,0.14526832455154934
6826,2839728.0,0.1451642030938605
6827,2839785.0,0.1450895860748149
6828,2839845.0,0.14502298071361544
6829,2839905.0,0.1449637989649101
6830,2839965.0,0.14492252458029223
6831,2840025.0,0.14497470216679167
6832,2840085.0,0.14491069321261277
6833,2840145.0,0.14475206681091093
6834,2840205.0,0.14442944227227691
6835,2840265.0,0.1433817337700625
6836,2840325.0,0.1425528357223769
6837,2840385.0,0.14190777819988207
6838,2840445.0,0.14202111865989622
6839,2840505.0,0.14211342195003954
6840,2840565.0,0.14213943644043683
6841,2840625.0,0.1421372655273008
6842,2840685.0,0.14212995825719296
6843,2840745.0,0.14213186298702177
6844,2840805.0,0.1421454509511393
6845,2840865.0,0.14212831202136203
6846,2840925.0,0.14214209018226456
6847,2840985.0,0.14215451260062398
6848,2841045.0,0.14216769090666667
6849,2841105.0,0.14217600544600847
6850,2841165.0,0.1421519241497036
6851,2841225.0,0.14215399493108574
6852,2841285.0,0.14213334944194514
6853,2841345.0,0.14211056580764372
6854,2841405.0,0.14207683797181728
6855,2841465.0,0.14204806517051108
6856,2841525.0,0.14201820107503774
6857,2841585.0,0.14200433230662038
6858,2841645.0,0.14199280245100418
6859,2841705.0,0.14198286159063703
6860,2841765.0,0.14198841642749824
6861,2841825.0,0.14200064184543457
6862,2841885.0,0.1420348966493051
6863,2841945.0,0.14204421688383842
6864,2842005.0,0.14204549763483557
6865,2842065.0,0.1420327599947057
6866,2842125.0,0.14202792022151958
6867,2842185.0,0.14203504482662457
6868,2842245.0,0.14204060916631142
6869,2842305.0,0.14205429574566455
6870,2842368.0,0.1420617823712849
6871,2842425.0,0.14208354268339254
6872,2842485.0,0.14210132453239374
6873,2842545.0,0.14210825231772353
6874,2842605.0,0.14208917187604722
6875,2842665.0,0.14206903797273515
6876,2842725.0,0.14207475242298376
6877,2842785.0,0.14209068935498878
6878,2842845.0,0.1421039500752335
6879,2842905.0,0.14211117713043406
6880,2842965.0,0.14209069754376455
6881,2843025.0,0.14206954348691028
6882,2843085.0,0.14205008207327965
6883,2843145.0,0.14201437725226826
6884,2843205.0,0.14198351091706454
6885,2843265.0,0.1419589418571063
6886,2843325.0,0.14194842755980777
6887,2843385.0,0.14188238334149952
6888,2843445.0,0.14184838074710823
6889,2843505.0,0.14184514719841637
6890,2843565.0,0.14185779718954813
6891,2843628.0,0.14188391061538733
6892,2843685.0,0.14190405122960206
6893,2843745.0,0.1419231557937475
6894,2843805.0,0.1419547094673034
6895,2843865.0,0.14196096255735982
6896,2843925.0,0.14196636601394783
6897,2843985.0,0.14196513026443916
6898,2844045.0,0.14195027636107285
6899,2844105.0,0.14195432377009912
6900,2844165.0,0.14194518094542227
6901,2844225.0,0.1419211268663035
6902,2844285.0,0.14190100617176835
6903,2844345.0,0.1418958524456936
6904,2844405.0,0.141882996461603
6905,2844465.0,0.1418979037725129
6906,2844525.0,0.14189120448809553
6907,2844585.0,0.14186423777646653
6908,2844645.0,0.14185952327055376
6909,2844705.0,0.1418707945445408
6910,2844765.0,0.14191981987308913
6911,2844825.0,0.14200074406535904
6912,2844885.0,0.14205654260217096
6913,2844945.0,0.14212238346518116
6914,2845005.0,0.14217601838351887
6915,2845065.0,0.14222335992355142
6916,2845125.0,0.1422655413990371
6917,2845185.0,0.14228811330757138
6918,2845245.0,0.14234977517705474
6919,2845305.0,0.14320718826517279
6920,2845365.0,0.1439166246100719
6921,2845425.0,0.14456502826584275
6922,2845485.0,0.14447545391032926
6923,2845545.0,0.1444376481102179
6924,2845605.0,0.14443010436908613
6925,2845665.0,0.14442763392672034
6926,2845725.0,0.14444037896981612
6927,2845785.0,0.14446218170967798
6928,2845845.0,0.1444669963135293
6929,2845905.0,0.14447348906695937
6930,2845965.0,0.14447332892045509
6931,2846025.0,0.14447795427301127
6932,2846085.0,0.14449166892798113
6933,2846145.0,0.14449914906174358
6934,2846205.0,0.1445119087694914
6935,2846265.0,0.14455312939400658
6936,2846325.0,0.14457344960088805
6937,2846385.0,0.1445980178809513
6938,2846445.0,0.1446288683086577
6939,2846505.0,0.14466976724223382
6940,2846565.0,0.14470847286590718
6941,2846625.0,0.14563946589842044
6942,2846685.0,0.14645786600424263
6943,2846748.0,0.14718565863116775
6944,2846805.0,0.1471302896993009
6945,2846865.0,0.14713006695346956
6946,2846925.0,0.147188569621493
6947,2846985.0,0.14726668268698154
6948,2847045.0,0.14734804118330277
6949,2847105.0,0.14745996962572003
6950,2847165.0,0.14759452311590396
6951,2847225.0,0.14769608721717123
6952,2847285.0,0.14784365168090588
6953,2847345.0,0.1480119517405835
6954,2847405.0,0.14909121614097545
6955,2847465.0,0.1499932261474087
6956,2847525.0,0.1507319341158159
6957,2847585.0,0.15067086447832664
6958,2847645.0,0.1506595022577887
6959,2847705.0,0.15073746228847515
6960,2847765.0,0.15081133608848632
6961,2847825.0,0.15090620846944966
6962,2847885.0,0.15103272156365974
6963,2847945.0,0.1511640269433707
6964,2848005.0,0.15129578073858926
6965,2848065.0,0.15136068604128758
6966,2848125.0,0.15144548797572674
6967,2848185.0,0.15152808901997708
6968,2848245.0,0.15159104108590207
6969,2848305.0,0.15164056132004997
6970,2848365.0,0.15173165881134934
6971,2848425.0,0.15183212390098452
6972,2848485.0,0.15195190890042734
6973,2848545.0,0.15206110115250618
6974,2848605.0,0.1521204461147558
6975,2848665.0,0.15218528066042844
6976,2848725.0,0.15229321871601423
6977,2848785.0,0.15238232047105624
6978,2848845.0,0.15354398632469093
6979,2848905.0,0.15444908872607696
6980,2848968.0,0.15524149378156596
6981,2849025.0,0.15521745222326302
6982,2849085.0,0.15526142474854612
6983,2849145.0,0.15534575549532423
6984,2849205.0,0.15545216372575524
6985,2849265.0,0.15551854491124287
6986,2849325.0,0.15567536489618192
6987,2849385.0,0.15578097505444002
6988,2849445.0,0.15600427911941392
6989,2849505.0,0.1563085219587991
6990,2849565.0,0.1566321220808468
6991,2849625.0,0.15693031052565734
6992,2849685.0,0.15730799742216514
6993,2849745.0,0.157580962498329
6994,2849805.0,0.15779531879228034
6995,2849865.0,0.15801818614459887
6996,2849925.0,0.15828948974106785
6997,2849985.0,0.15859781649570084
6998,2850045.0,0.15888871373974225
6999,2850105.0,0.15919386112977993
7000,2850165.0,0.15946320189109278
7001,2850225.0,0.15970166425099405
7002,2850285.0,0.15988064449167613
7003,2850345.0,0.16004893867078038
7004,2850405.0,0.1602273272416405
7005,2850465.0,0.16036778063994153
7006,2850525.0,0.16053049542637235
7007,2850585.0,0.16065363076787983
7008,2850645.0,0.16076808921011168
7009,2850705.0,0.1608849084849345
7010,2850765.0,0.16099114360988556
7011,2850825.0,0.16110912695245613
7012,2850885.0,0.16123823346639313
7013,2850945.0,0.1622457798396231
7014,2851005.0,0.1631256696372512
7015,2851065.0,0.1639522139186774
7016,2851125.0,0.1648553868251749
7017,2851185.0,0.16493077032846784
7018,2851245.0,0.16504231745895928
7019,2851305.0,0.16512498150771862
7020,2851365.0,0.1652608257471079
7021,2851425.0,0.16543717779755193
7022,2851485.0,0.165628971489624
7023,2851545.0,0.16582364563198318
7024,2851605.0,0.16598373960313476
7025,2851665.0,0.166144601359995
7026,2851725.0,0.16624403394986662
7027,2851785.0,0.1663554545488867
7028,2851845.0,0.16646449823534767
7029,2851905.0,0.16652141726661387
7030,2851965.0,0.1665677145385455
7031,2852025.0,0.16657524712941332
7032,2852085.0,0.16664172285242843
7033,2852145.0,0.16673192130981998
7034,2852205.0,0.16689060601429553
7035,2852268.0,0.16700389377825667
7036,2852325.0,0.16712027260792864
7037,2852385.0,0.16723141737211591
7038,2852445.0,0.16732423604429916
7039,2852505.0,0.16729501675531885
7040,2852565.0,0.16728662911797057
7041,2852625.0,0.16735185927036164
7042,2852685.0,0.1674388677040823
7043,2852745.0,0.1675749633499294
7044,2852805.0,0.16889220867945956
7045,2852865.0,0.16989352491122303
7046,2852925.0,0.17063022137426923
7047,2852985.0,0.1705911626793982
7048,2853045.0,0.17065293711125487
7049,2853105.0,0.17077762145596756
7050,2853165.0,0.17093010056728206
7051,2853225.0,0.17105188710405386
7052,2853285.0,0.17118435376774147
7053,2853345.0,0.17128930988970023
7054,2853405.0,0.17138119600593163
7055,2853465.0,0.17149898913388564
7056,2853525.0,0.1715994077412528
7057,2853585.0,0.17170550806899346
7058,2853645.0,0.17176195677612696
7059,2853705.0,0.1718428419276801
7060,2853765.0,0.17196709990976347
7061,2853825.0,0.17211754321545344
7062,2853885.0,0.1722749483103627
7063,2853945.0,0.1724545545049603
7064,2854005.0,0.1738281736638668
7065,2854068.0,0.17499191135130923
7066,2854125.0,0.1759433994717153
7067,2854185.0,0.17693907023360775
7068,2854245.0,0.1770236721534947
7069,2854305.0,0.1772142448244408
7070,2854365.0,0.17743874936900286
7071,2854425.0,0.17771121145496174
7072,2854485.0,0.17797780166344082
7073,2854545.0,0.1782611761649552
7074,2854605.0,0.17849881574575502
7075,2854665.0,0.17874921664171387
7076,2854725.0,0.17898191523338305
7077,2854785.0,0.18020569161473213
7078,2854845.0,0.18123954067759498
7079,2854905.0,0.18125748406819667
7080,2854965.0,0.18124680757194825
7081,2855025.0,0.18124785959549347
7082,2855085.0,0.18134926661396109
7083,2855145.0,0.181443693348907
7084,2855205.0,0.18134463089472921
7085,2855265.0,0.18129626809169877
7086,2855325.0,0.18128537280860388
7087,2855385.0,0.18132470936694836
7088,2855445.0,0.18128204627180192
7089,2855505.0,0.1813483368891641
7090,2855565.0,0.1816120051671519
7091,2855625.0,0.18174787785762317
7092,2855685.0,0.18181739818669537
7093,2855745.0,0.18182660046697693
7094,2855805.0,0.18187479453880487
7095,2855865.0,0.18194710458470223
7096,2855925.0,0.1820499902409932
7097,2855985.0,0.1821538470843377
7098,2856045.0,0.18223633382331098
7099,2856105.0,0.1814675689425331
7100,2856165.0,0.18072679335729666
7101,2856225.0,0.18010914246855173
7102,2856285.0,0.18036460951491304
7103,2856345.0,0.1806059237377308
7104,2856408.0,0.18080082086502589
7105,2856465.0,0.18112234394272533
7106,2856525.0,0.18133248009367578
7107,2856585.0,0.18146204044730538
7108,2856645.0,0.18157308985476708
7109,2856705.0,0.18168135535376992
7110,2856765.0,0.181808044907156
7111,2856825.0,0.181925954548162
7112,2856885.0,0.18204198721904843
7113,2856945.0,0.18215516416382857
7114,2857005.0,0.18212910637306248
7115,2857068.0,0.18215794950381284
7116,2857125.0,0.18228523889403273
7117,2857185.0,0.1824204283066129
7118,2857245.0,0.18255598052347102
7119,2857305.0,0.1828337300069394
7120,2857365.0,0.18305012012103192
7121,2857425.0,0.1822605626642724
7122,2857485.0,0.18154740119465365
7123,2857545.0,0.18092293397096196
7124,2857605.0,0.18110040415126008
7125,2857665.0,0.18124202237109518
7126,2857725.0,0.181351463888928
7127,2857785.0,0.18140846871324615
7128,2857845.0,0.18130394928395252
7129,2857905.0,0.18125696461443877
7130,2857968.0,0.18130779848229636
7131,2858025.0,0.1814071281112484
7132,2858085.0,0.18324421223792645
7133,2858145.0,0.18428608573270763
7134,2858205.0,0.18287887462587868
7135,2858265.0,0.1820147949917865
7136,2858325.0,0.18134366978168584
7137,2858385.0,0.18154628665770087
7138,2858445.0,0.18176066195070376
7139,2858505.0,0.18192705205344686
7140,2858565.0,0.18206990507441526
7141,2858625.0,0.18218417782700994
7142,2858685.0,0.18227675550779684
7143,2858745.0,0.18235149747201598
7144,2858805.0,0.18242832378965887
7145,2858865.0,0.18254813402146566
7146,2858925.0,0.18263430090007546
7147,2858985.0,0.18274995300831617
7148,2859045.0,0.18282494094505483
7149,2859105.0,0.18288476768280446
7150,2859165.0,0.18290933689088937
7151,2859225.0,0.18304235903533192
7152,2859285.0,0.18308364821325365
7153,2859345.0,0.18297016693272747
7154,2859405.0,0.18288972355697888
7155,2859465.0,0.1829614653661277
7156,2859525.0,0.18303240292353692
7157,2859585.0,0.183132236212336
7158,2859645.0,0.1825585842069942
7159,2859705.0,0.18203339690549522
7160,2859765.0,0.1815231743724555
7161,2859825.0,0.1817546572182913
7162,2859885.0,0.18187983896810936
7163,2859945.0,0.18189820160205425
7164,2860005.0,0.18169096657181408
7165,2860065.0,0.18154634933754651
7166,2860125.0,0.18146855672753096
7167,2860185.0,0.18163631158463125
7168,2860245.0,0.1817352993118154
7169,2860305.0,0.1821763952126629
7170,2860365.0,0.18231020199907746
7171,2860425.0,0.1823638577339213
7172,2860485.0,0.18229319015648862
7173,2860545.0,0.18229832467769205
7174,2860605.0,0.18217282722483594
7175,2860665.0,0.18201311879279766
7176,2860725.0,0.18187476670165761
7177,2860785.0,0.18177315501925037
7178,2860845.0,0.1818631821876606
7179,2860905.0,0.18197096888044276
7180,2860965.0,0.18233404502642483
7181,2861025.0,0.18248590682634416
7182,2861085.0,0.18252577526214567
7183,2861145.0,0.18252374943979136
7184,2861205.0,0.18252593153192623
7185,2861265.0,0.18242215428442835
7186,2861325.0,0.18235938651361713
7187,2861385.0,0.18242316946369522
7188,2861445.0,0.1825777340519293
7189,2861505.0,0.18281192700018986
7190,2861565.0,0.18295884931173653
7191,2861625.0,0.1833379215222594
7192,2861685.0,0.18353443826759044
7193,2861745.0,0.1827425557739555
7194,2861805.0,0.18206744880886414
7195,2861865.0,0.1814308166494625
7196,2861925.0,0.18060186543719695
7197,2861985.0,0.18061212315066025
7198,2862045.0,0.1806809434095791
7199,2862105.0,0.18086327338487948
7200,2862165.0,0.18097207598657442
7201,2862225.0,0.18112822217383276
7202,2862285.0,0.18144549408603008
7203,2862345.0,0.1815924833986111
7204,2862405.0,0.18163890636910254
7205,2862465.0,0.1816607240471184
7206,2862525.0,0.18172249796618997
7207,2862585.0,0.18162248084059238
7208,2862645.0,0.18154954964057282
7209,2862708.0,0.18160901875484817
7210,2862765.0,0.18180874871558986
7211,2862825.0,0.18199142868773174
7212,2862885.0,0.1822219370701045
7213,2862945.0,0.18229263216442718
7214,2863005.0,0.18247083161412378
7215,2863065.0,0.18257660203618956
7216,2863125.0,0.18263775456602185
7217,2863185.0,0.18268760743550175
7218,2863245.0,0.1826143460158642
7219,2863305.0,0.18271888045678705
7220,2863365.0,0.18290521921170802
7221,2863425.0,0.18307364959405184
7222,2863485.0,0.1832825329232313
7223,2863545.0,0.18336032124402227
7224,2863605.0,0.1823654329126522
7225,2863665.0,0.18173253153112498
7226,2863725.0,0.18121178680383984
7227,2863785.0,0.1813797123708696
7228,2863845.0,0.1814539211536866
7229,2863905.0,0.18132281021671812
7230,2863965.0,0.18116043333204165
7231,2864025.0,0.1810608049241557
7232,2864085.0,0.18090951247000006
7233,2864145.0,0.1807847719715104
7234,2864205.0,0.18063011431505618
7235,2864265.0,0.18040048361749975
7236,2864325.0,0.18019974899888128
7237,2864385.0,0.18007343053830618
7238,2864445.0,0.1800534153660102
7239,2864505.0,0.18004978663290896
7240,2864565.0,0.17993846005395867
7241,2864625.0,0.17983336245291245
7242,2864685.0,0.17976852533187007
7243,2864745.0,0.1807861718910532
7244,2864805.0,0.18016113425533323
7245,2864865.0,0.1796180796008854
7246,2864925.0,0.17916510336667027
7247,2864985.0,0.17870521146433846
7248,2865045.0,0.17918929327702596
7249,2865105.0,0.17887764986408675
7250,2865165.0,0.17861474720101192
7251,2865225.0,0.1784286059847012
7252,2865285.0,0.17828442179169426
7253,2865345.0,0.1781280980476829
7254,2865408.0,0.1779640942335949
7255,2865465.0,0.17778875888739312
7256,2865525.0,0.17763012513381884
7257,2865585.0,0.17758804865913166
7258,2865645.0,0.17747941831178518
7259,2865705.0,0.17812099958673147
7260,2865765.0,0.17864145009504398
7261,2865825.0,0.17917363415803436
7262,2865885.0,0.17966728474364654
7263,2865945.0,0.17918738243900081
7264,2866005.0,0.17922345831005906
7265,2866065.0,0.1793216677280616
7266,2866125.0,0.1794783815312588
7267,2866185.0,0.17963164123129652
7268,2866245.0,0.179779313514327
7269,2866305.0,0.17974848591231687
7270,2866365.0,0.17950280101418817
7271,2866425.0,0.17932333892248217
7272,2866485.0,0.17923582186478274
7273,2866545.0,0.17921161989891257
7274,2866605.0,0.17919367493050384
7275,2866665.0,0.17917922175968468
7276,2866725.0,0.17910111608258264
7277,2866785.0,0.17899591737077217
7278,2866845.0,0.17890227027737585
7279,2866905.0,0.1788933741741652
7280,2866965.0,0.17902012104487017
7281,2867025.0,0.18021279436120966
7282,2867085.0,0.1807893611282876
7283,2867145.0,0.18118958814875233
7284,2867205.0,0.18154796571785756
7285,2867265.0,0.18184973988094869
7286,2867325.0,0.18147865055923854
7287,2867385.0,0.18122816937569156
7288,2867445.0,0.18109519212919953
7289,2867505.0,0.1810715855282459
7290,2867565.0,0.18109520739777887
7291,2867625.0,0.18111511642645053
7292,2867685.0,0.1822891788390361
7293,2867748.0,0.18324738897834295
7294,2867805.0,0.18406003074249075
7295,2867865.0,0.1846912352950177
7296,2867925.0,0.18519563367481331
7297,2867985.0,0.1857060984533417
7298,2868045.0,0.18618710778035016
7299,2868105.0,0.18643919886217455
7300,2868165.0,0.18672430980786717
7301,2868225.0,0.1871104651977827
7302,2868285.0,0.1875754500382659
7303,2868345.0,0.18815624885488105
7304,2868405.0,0.18896151269572672
7305,2868465.0,0.18981945375116463
7306,2868525.0,0.19064247344088622
7307,2868585.0,0.1914514407230666
7308,2868645.0,0.19145806839001564
7309,2868705.0,0.19130945735844804
7310,2868765.0,0.19098430549340759
7311,2868825.0,0.1906113666374872
7312,2868885.0,0.188484527002566
7313,2868945.0,0.1871261600135051
7314,2869005.0,0.1872852628751913
7315,2869065.0,0.18706735874231026
7316,2869125.0,0.18690877371110035
7317,2869185.0,0.18673913570504455
7318,2869245.0,0.18655938767499766
7319,2869305.0,0.186306029350174
7320,2869365.0,0.18609478226620338
7321,2869425.0,0.18593549652491362
7322,2869485.0,0.1858194324446847
7323,2869545.0,0.18577764302879593
7324,2869605.0,0.18569123292490294
7325,2869665.0,0.1856067521285584
7326,2869725.0,0.18554722442345536
7327,2869785.0,0.18544825708376325
7328,2869845.0,0.18540284568496077
7329,2869905.0,0.18535208109502224
7330,2869965.0,0.18536373455297342
7331,2870025.0,0.18531566969090676
7332,2870085.0,0.18533445759349956
7333,2870145.0,0.185520252008768
7334,2870205.0,0.18570097770653957
7335,2870265.0,0.18692734012266946
7336,2870325.0,0.1876100601684552
7337,2870385.0,0.18804273485974518
7338,2870445.0,0.18810517851921657
7339,2870505.0,0.1884867502012623
7340,2870565.0,0.188171105165667
7341,2870625.0,0.188043869743548
7342,2870685.0,0.1880743135639857
7343,2870745.0,0.1881681357020024
7344,2870805.0,0.18834754170989923
7345,2870865.0,0.18844578227645256
7346,2870925.0,0.18845496656222152
7347,2870985.0,0.18837525195668417
7348,2871045.0,0.1882583246306733
7349,2871105.0,0.18777375704628177
7350,2871165.0,0.18758915078506863
7351,2871225.0,0.18750056562040676
7352,2871285.0,0.18747345123658007
7353,2871345.0,0.1875320029228217
7354,2871405.0,0.18776733253972885
7355,2871465.0,0.1880256538370533
7356,2871525.0,0.1882156898247115
7357,2871585.0,0.18832776973785484
7358,2871645.0,0.18828062904393847
7359,2871705.0,0.18819921263381792
7360,2871765.0,0.1878375773670337
7361,2871825.0,0.18768432969258933
7362,2871885.0,0.187660267139261
7363,2871945.0,0.187668315512984
7364,2872005.0,0.18765471010732918
7365,2872065.0,0.18777045805542278
7366,2872125.0,0.18787698147627588
7367,2872185.0,0.1878691973740201
7368,2872245.0,0.1877796579093062
7369,2872305.0,0.18760202378347865
7370,2872365.0,0.18753668290901762
7371,2872425.0,0.18718634572519668
7372,2872485.0,0.18702083951162887
7373,2872545.0,0.18696002585429197
7374,2872605.0,0.18692309352096884
7375,2872665.0,0.18688388402556408
7376,2872725.0,0.18701516378795505
7377,2872785.0,0.18710183364811708
7378,2872845.0,0.18707428425236775
7379,2872905.0,0.18693389577824518
7380,2872965.0,0.18682950976113125
7381,2873025.0,0.18663579158289131
7382,2873085.0,0.18626222817832774
7383,2873145.0,0.18608062250882698
7384,2873205.0,0.18603062321512168
7385,2873265.0,0.18602129513415436
7386,2873325.0,0.18598676729985789
7387,2873385.0,0.18611087725268013
7388,2873445.0,0.18621023566792153
7389,2873505.0,0.18622046837212883
7390,2873568.0,0.18609900077625
7391,2873625.0,0.18596930581197715
7392,2873685.0,0.18578632489670868
7393,2873745.0,0.18576436466865268
7394,2873805.0,0.18561573795111744
7395,2873865.0,0.18559360454916504
7396,2873928.0,0.1856092924766309
7397,2873985.0,0.18565382749066725
7398,2874045.0,0.18584498240188588
7399,2874105.0,0.18602461760583502
7400,2874165.0,0.18609071671975
7401,2874225.0,0.18608498609467813
7402,2874285.0,0.1859983296325978
7403,2874345.0,0.1859952412516175
7404,2874405.0,0.18585568105653485
7405,2874465.0,0.185637919086003
7406,2874525.0,0.18553533788002227
7407,2874585.0,0.1855043793961749
7408,2874645.0,0.1854844550052118
7409,2874705.0,0.18562060806757122
7410,2874765.0,0.18577344431689338
7411,2874825.0,0.18585265179231944
7412,2874885.0,0.18594604977581944
7413,2874945.0,0.18603248190126156
7414,2875005.0,0.18618896085259015
7415,2875065.0,0.18641454034470847
7416,2875125.0,0.1866204748694166
7417,2875185.0,0.18675924464154395
7418,2875245.0,0.1868454826934733
7419,2875305.0,0.18690821602404897
7420,2875365.0,0.1870660725850465
7421,2875425.0,0.18718450398915323
7422,2875485.0,0.18718786958527703
7423,2875545.0,0.18594669369825764
7424,2875605.0,0.1851203755140294
7425,2875665.0,0.18440425034973237
7426,2875725.0,0.18378628258241045
7427,2875785.0,0.1831720789601118
7428,2875845.0,0.1825142281554584
7429,2875905.0,0.18257320273245994
7430,2875965.0,0.18256157719739477
7431,2876025.0,0.18241884066169803
7432,2876085.0,0.1822174141492087
7433,2876145.0,0.18200986617593287
7434,2876205.0,0.18184015855774707
7435,2876265.0,0.18170707991631932
7436,2876325.0,0.18159234580240138
7437,2876385.0,0.1803637981050296
7438,2876445.0,0.17936746234483378
7439,2876505.0,0.17860039561087296
7440,2876565.0,0.17798844710334902
7441,2876625.0,0.17735578893651335
7442,2876685.0,0.17667638752850176
7443,2876745.0,0.17698199581424764
7444,2876805.0,0.17695382572486765
7445,2876865.0,0.17681801908367814
7446,2876925.0,0.17657946453277454
7447,2876985.0,0.17632149811816902
7448,2877045.0,0.17610984719335146
7449,2877105.0,0.17595794713813998
7450,2877165.0,0.17581845107389557
7451,2877225.0,0.17571022464063338
7452,2877285.0,0.17558380641103413
7453,2877345.0,0.1754543839581494
7454,2877405.0,0.175273472190175
7455,2877465.0,0.1750646932100389
7456,2877525.0,0.17487879268652864
7457,2877585.0,0.17473245580024246
7458,2877645.0,0.1745782393712403
7459,2877705.0,0.1743654886131514
7460,2877765.0,0.17416379069683116
7461,2877825.0,0.17285038038498715
7462,2877885.0,0.1720352234632798
7463,2877945.0,0.171378517415293
7464,2878005.0,0.17075946064057515
7465,2878065.0,0.17003475729405035
7466,2878125.0,0.17008843944565868
7467,2878185.0,0.17010028847911055
7468,2878245.0,0.17001831809970466
7469,2878305.0,0.16982261177392036
7470,2878365.0,0.1695632236307237
7471,2878425.0,0.16927232304651516
7472,2878485.0,0.1678278891312395
7473,2878545.0,0.16660853379146737
7474,2878605.0,0.1656660258806222
7475,2878665.0,0.16482717040416414
7476,2878725.0,0.16399619037167792
7477,2878785.0,0.16316144697720228
7478,2878845.0,0.16234773568181707
7479,2878905.0,0.1616122461686694
7480,2878965.0,0.1609282879408235
7481,2879025.0,0.16029507683950636
7482,2879085.0,0.15969194610610152
7483,2879145.0,0.1590153164913524
7484,2879205.0,0.15818021694191678
7485,2879265.0,0.1573392858812764
7486,2879325.0,0.15647769502313782
7487,2879385.0,0.15564924353235646
7488,2879445.0,0.15575737904833112
7489,2879505.0,0.1559444640000263
7490,2879565.0,0.15621199249124487
7491,2879625.0,0.1564494064593824
7492,2879685.0,0.15665652171953617
7493,2879748.0,0.15685054900928833
7494,2879805.0,0.1570323128647921
7495,2879865.0,0.15720815644538347
7496,2879925.0,0.1572409302209816
7497,2879985.0,0.15719941022041226
7498,2880048.0,0.15707403627031377
7499,2880105.0,0.15698190593339642
7500,2880165.0,0.15683120725179225
7501,2880225.0,0.15663431346551207
7502,2880285.0,0.15640024713721126
7503,2880345.0,0.15610236830810195
7504,2880405.0,0.15585000864444024
7505,2880465.0,0.15557061667446573
7506,2880525.0,0.15527085526714698
7507,2880585.0,0.15498712160116465
7508,2880645.0,0.15469433744398167
7509,2880705.0,0.15442641392053016
7510,2880765.0,0.15412987987017576
7511,2880825.0,0.1538046850276096
7512,2880885.0,0.15349512420519165
7513,2880945.0,0.15317619930886253
7514,2881005.0,0.15283640926585448
7515,2881065.0,0.1513045332918959
7516,2881125.0,0.15030786050492453
7517,2881185.0,0.14956564563978406
7518,2881245.0,0.1488282027866323
7519,2881305.0,0.14799616182396277
7520,2881365.0,0.14800771955081063
7521,2881425.0,0.14790049846661837
7522,2881485.0,0.14773139571775876
7523,2881545.0,0.14759384541202067
7524,2881605.0,0.1475699305663892
7525,2881665.0,0.1475789472915716
7526,2881725.0,0.14753771742543934
7527,2881785.0,0.14744388696176783
7528,2881845.0,0.14734585621263122
7529,2881905.0,0.14720697084218767
7530,2881965.0,0.14701727837256293
7531,2882025.0,0.1467815924923672
7532,2882085.0,0.14655105002308919
7533,2882145.0,0.14631397213844746
7534,2882205.0,0.14607728609589246
7535,2882265.0,0.14587053397648056
7536,2882325.0,0.14561216492298437
7537,2882385.0,0.1453303967620129
7538,2882445.0,0.14502938398361395
7539,2882505.0,0.14474790081259645
7540,2882565.0,0.14452312319222613
7541,2882625.0,0.1443893098919666
7542,2882685.0,0.1443042052739746
7543,2882745.0,0.14425718081384162
7544,2882805.0,0.1442312126492958
7545,2882865.0,0.1441995461462722
7546,2882925.0,0.1441276662306725
7547,2882985.0,0.1440899394085586
7548,2883045.0,0.14402107347265394
7549,2883105.0,0.14393836020257642
7550,2883165.0,0.14378629491263104
7551,2883225.0,0.14364227490870488
7552,2883285.0,0.14349967796150534
7553,2883345.0,0.14336366776223955
7554,2883405.0,0.14321979850033098
7555,2883465.0,0.14304496975132522
7556,2883525.0,0.14280731747880152
7557,2883585.0,0.14255891898119857
7558,2883645.0,0.14231165532599074
7559,2883705.0,0.1420652191197708
7560,2883765.0,0.14184953214566157
7561,2883825.0,0.1416496670655795
7562,2883885.0,0.14145812748057526
7563,2883945.0,0.14122792940736942
7564,2884005.0,0.14099159531928565
7565,2884065.0,0.14074826317508396
7566,2884125.0,0.1405028677952894
7567,2884185.0,0.14025032459087552
7568,2884245.0,0.1399911261314136
7569,2884305.0,0.1397383243199238
7570,2884365.0,0.139513274438229
7571,2884425.0,0.13931116248056793
7572,2884485.0,0.13910537506965628
7573,2884545.0,0.13889169811201255
7574,2884605.0,0.13867932411370257
7575,2884665.0,0.13842711070292965
7576,2884725.0,0.138137639295028
7577,2884785.0,0.13781007367927126
7578,2884845.0,0.1375030978610887
7579,2884905.0,0.13724288655322622
7580,2884965.0,0.13701461095502468
7581,2885025.0,0.13678980287946804
7582,2885085.0,0.13655479474184742
7583,2885145.0,0.13628753462015256
7584,2885205.0,0.13605012172525413
7585,2885265.0,0.13584805189375557
7586,2885325.0,0.13565847045007554
7587,2885385.0,0.13546897624831303
7588,2885445.0,0.13524136847576848
7589,2885505.0,0.13493079014941964
7590,2885565.0,0.1346055084639934
7591,2885625.0,0.13429871214947867
7592,2885685.0,0.13402303196288304
7593,2885745.0,0.1337598392520429
7594,2885805.0,0.13349523684687417
7595,2885865.0,0.13321094113489076
7596,2885925.0,0.13293992199314306
7597,2885985.0,0.13269551567719337
7598,2886045.0,0.1324531251205667
7599,2886105.0,0.1322094242789469
7600,2886165.0,0.1320102875780517
7601,2886225.0,0.13183545517021897
7602,2886285.0,0.13174601910787434
7603,2886345.0,0.13183298163697207
7604,2886405.0,0.13193859396888066
7605,2886465.0,0.13205034835052978
7606,2886525.0,0.13213237015925558
7607,2886585.0,0.1321510568068869
7608,2886645.0,0.1321191833325138
7609,2886705.0,0.13206611734041
7610,2886765.0,0.1320719119992483
7611,2886825.0,0.13209611759321302
7612,2886885.0,0.13217833379970775
7613,2886945.0,0.13228604318465612
7614,2887005.0,0.1323800958746654
7615,2887065.0,0.1324031954530415
7616,2887125.0,0.13240891743430286
7617,2887185.0,0.13241812554090784
7618,2887245.0,0.13245182641174488
7619,2887305.0,0.13250698657150042
7620,2887365.0,0.13254087619343244
7621,2887425.0,0.1325587648018797
7622,2887485.0,0.1325532613210826
7623,2887545.0,0.13253320044631337
7624,2887644.0,0.13249630827764505
7625,2887665.0,0.1324405518464906
7626,2887725.0,0.13232215833562885
7627,2887785.0,0.13217378266878435
7628,2887845.0,0.13201417082650516
7629,2887905.0,0.13188797717070475
7630,2887965.0,0.1318003650774118
7631,2888025.0,0.13173882662263972
7632,2888085.0,0.1317569411140639
7633,2888145.0,0.1318052227172464
7634,2888205.0,0.13186821216820985
7635,2888265.0,0.13189123994635835
7636,2888325.0,0.13192202495037422
7637,2888385.0,0.1319604114077251
7638,2888445.0,0.1319973104822912
7639,2888505.0,0.1320594252529366
7640,2888565.0,0.13211504193820153
7641,2888625.0,0.13215117738882684
7642,2888685.0,0.13214056983949277
7643,2888745.0,0.13205467557493575
7644,2888805.0,0.13194136672381077
7645,2888865.0,0.131818477736261
7646,2888925.0,0.13166598029539614
7647,2888985.0,0.13151512824103664
7648,2889045.0,0.1313621779797924
7649,2889105.0,0.13122133083338547
7650,2889165.0,0.1311245798887233
7651,2889225.0,0.1310790257075554
7652,2889285.0,0.13110445658541084
7653,2889345.0,0.13115127018240616
7654,2889405.0,0.1311847498403567
7655,2889465.0,0.13122598128171062
7656,2889525.0,0.13128798099088348
7657,2889585.0,0.13134552025360366
7658,2889645.0,0.13144530114168299
7659,2889705.0,0.13153879355712936
7660,2889765.0,0.13161295537587722
7661,2889825.0,0.13160380452771983
7662,2889885.0,0.1315207050574714
7663,2889945.0,0.13140013710365098
7664,2890005.0,0.13116798535471888
7665,2890065.0,0.13087301300681684
7666,2890125.0,0.1305999775876636
7667,2890185.0,0.13033909170889882
7668,2890245.0,0.13009113740033348
7669,2890305.0,0.12987943541867922
7670,2890365.0,0.12968197791357042
7671,2890425.0,0.12956098872405733
7672,2890485.0,0.12950096090391952
7673,2890545.0,0.12947959735562478
7674,2890605.0,0.1294673579687813
7675,2890665.0,0.12946263800664584
7676,2890725.0,0.12947485929254224
7677,2890788.0,0.1294808649549896
7678,2890845.0,0.1294844160658051
7679,2890905.0,0.12946053672554905
7680,2890965.0,0.1294376102517701
7681,2891025.0,0.1293971980030674
7682,2891085.0,0.12934234991624302
7683,2891145.0,0.12928068710532345
7684,2891205.0,0.1291971487760795
7685,2891265.0,0.12912542796241114
7686,2891325.0,0.12906687445033857
7687,2891385.0,0.1290316771493091
7688,2891445.0,0.12900481938568728
7689,2891505.0,0.12904466778713145
7690,2891565.0,0.1291430529867648
7691,2891625.0,0.12925593757950224
7692,2891685.0,0.1294669061075472
7693,2891745.0,0.1297132753229784
7694,2891805.0,0.12995557671450783
7695,2891865.0,0.13013324446813837
7696,2891925.0,0.13025742285760136
7697,2891985.0,0.13035572229776496
7698,2892045.0,0.1304799265080858
7699,2892105.0,0.13062557946973433
7700,2892165.0,0.13077208292784023
7701,2892225.0,0.1308707962186211
7702,2892285.0,0.13089961746691667
7703,2892345.0,0.13079540470983833
7704,2892405.0,0.1305952853114332
7705,2892465.0,0.13039037680425056
7706,2892525.0,0.13020650080187726
7707,2892585.0,0.13003724091615246
7708,2892645.0,0.12989755762161273
7709,2892705.0,0.12980532179372653
7710,2892765.0,0.1297641563524107
7711,2892825.0,0.12981056166264418
7712,2892885.0,0.12989222282400656
7713,2892945.0,0.12995205770378207
7714,2893005.0,0.12999114731897823
7715,2893065.0,0.12998102842678697
7716,2893125.0,0.1299846226407473
7717,2893185.0,0.13003961531716682
7718,2893245.0,0.1301457220627172
7719,2893305.0,0.13030494797243372
7720,2893365.0,0.13043826096197528
7721,2893425.0,0.1304316795924295
7722,2893485.0,0.13032178428139027
7723,2893545.0,0.13016547112322072
7724,2893605.0,0.12998303468194775
7725,2893665.0,0.12984895532617072
7726,2893725.0,0.12972023951750286
7727,2893785.0,0.12956308443824224
7728,2893845.0,0.12942331770495166
7729,2893905.0,0.12930826225984013
7730,2893965.0,0.12922929776214234
7731,2894025.0,0.12917192769728728
7732,2894085.0,0.12912907319229042
7733,2894145.0,0.12907666847942503
7734,2894205.0,0.12901448923820683
7735,2894265.0,0.12898352592335557
7736,2894325.0,0.12900466228654375
7737,2894385.0,0.12907933502405847
7738,2894445.0,0.1291894991244182
7739,2894505.0,0.1293301204091535
7740,2894565.0,0.12946146047806031
7741,2894625.0,0.12957438798885176
7742,2894685.0,0.12968872514107652
7743,2894745.0,0.1297646683395817
7744,2894805.0,0.12980338512523584
7745,2894865.0,0.1298252524534386
7746,2894925.0,0.12982760563099374
7747,2894985.0,0.12981121200241105
7748,2895045.0,0.12978062585632447
7749,2895105.0,0.12977002623392656
7750,2895165.0,0.12977473498577055
7751,2895225.0,0.12979416644696798
7752,2895285.0,0.1298381864239165
7753,2895345.0,0.12985776715259204
7754,2895405.0,0.12985124650298355
7755,2895465.0,0.12988832935816833
7756,2895525.0,0.12996063050399528
7757,2895585.0,0.13006183704220955
7758,2895645.0,0.13015740774538961
7759,2895705.0,0.13016243809036473
7760,2895765.0,0.13014782873006767
7761,2895825.0,0.13009888859608812
7762,2895885.0,0.1300376984121737
7763,2895945.0,0.13000116290323446
7764,2896005.0,0.12995484279077482
7765,2896065.0,0.129891520123767
7766,2896125.0,0.129865781845354
7767,2896185.0,0.12987777630295153
7768,2896245.0,0.12990363306318833
7769,2896305.0,0.13001723700988357
7770,2896365.0,0.13018412780057845
7771,2896425.0,0.13037684315845252
7772,2896485.0,0.1305535856228234
7773,2896545.0,0.13070947812913855
7774,2896605.0,0.13083284526961517
7775,2896665.0,0.13094631681425398
7776,2896725.0,0.13097588217744985
7777,2896785.0,0.1309551940809199
7778,2896845.0,0.1309066426072428
7779,2896905.0,0.13085691689891663
7780,2896965.0,0.1307880816268552
7781,2897025.0,0.1306971176049828
7782,2897085.0,0.13058743385438557
7783,2897145.0,0.13044468027604098
7784,2897205.0,0.13038079259617688
7785,2897265.0,0.13034598479437906
7786,2897325.0,0.13037413442260967
7787,2897388.0,0.1305098020094159
7788,2897445.0,0.13071944582188336
7789,2897505.0,0.13096563704144978
7790,2897568.0,0.131112909277477
7791,2897625.0,0.13122436833668102
7792,2897685.0,0.1312984994311928
7793,2897745.0,0.13131530563951063
7794,2897805.0,0.13126032141527857
7795,2897865.0,0.13121771454377587
7796,2897925.0,0.13116823482341636
7797,2897985.0,0.1311206318677194
7798,2898045.0,0.13109330492708463
7799,2898105.0,0.13109867448810694
7800,2898165.0,0.1311287389045143
7801,2898225.0,0.13118782313370322
7802,2898285.0,0.13126974796089844
7803,2898345.0,0.13136961510482734
7804,2898405.0,0.13146696083065337
7805,2898465.0,0.13156098840662164
7806,2898525.0,0.13171952810880486
7807,2898585.0,0.13190258502703314
7808,2898645.0,0.1320852358543301
7809,2898705.0,0.13221403242068439
7810,2898765.0,0.13229536936040434
7811,2898825.0,0.1323532647986496
7812,2898885.0,0.132339748334341
7813,2898945.0,0.1323131813855785
7814,2899005.0,0.13235258893376092
7815,2899065.0,0.13245399416300688
7816,2899125.0,0.1325417796534544
7817,2899185.0,0.1326451760685233
7818,2899245.0,0.1327501251714612
7819,2899305.0,0.1328545572661504
7820,2899365.0,0.13293558839886224
7821,2899425.0,0.13304633220769804
7822,2899485.0,0.13321873777718193
7823,2899545.0,0.1334708209679392
7824,2899605.0,0.13371743269206351
7825,2899665.0,0.13394988222092094
7826,2899725.0,0.13418207665380513
7827,2899785.0,0.13441681829034216
7828,2899845.0,0.13465928906520333
7829,2899905.0,0.13491033208252093
7830,2899965.0,0.13515875053633172
7831,2900025.0,0.13540372529493275
7832,2900085.0,0.13560198699665008
7833,2900145.0,0.13578464249412966
7834,2900205.0,0.1359679804184519
7835,2900265.0,0.13618050749046032
7836,2900325.0,0.13640746942417178
7837,2900385.0,0.13666434795902052
7838,2900445.0,0.13690947307021287
7839,2900505.0,0.13715683930224473
7840,2900565.0,0.13739213041307582
7841,2900625.0,0.13763290180175305
7842,2900685.0,0.13788900666790857
7843,2900745.0,0.13815850691536527
7844,2900805.0,0.13956778751920865
7845,2900865.0,0.14044760004323328
7846,2900925.0,0.14112897483755946
7847,2900985.0,0.14172717494596146
7848,2901045.0,0.14238530782708067
7849,2901105.0,0.14233005230950688
7850,2901165.0,0.142273576668583
7851,2901225.0,0.14228969038699515
7852,2901285.0,0.14237091312587394
7853,2901345.0,0.14248540599503953
7854,2901405.0,0.14259286958031878
7855,2901465.0,0.14269198294983185
7856,2901525.0,0.14278702874050545
7857,2901585.0,0.14290517858130428
7858,2901645.0,0.1430306086093414
7859,2901705.0,0.1432043287002919
7860,2901765.0,0.14343014585210104
7861,2901825.0,0.14365370581888634
7862,2901885.0,0.14389624240961693
7863,2901945.0,0.14415859628539815
7864,2902005.0,0.14446869468032145
7865,2902065.0,0.14478626771189632
7866,2902125.0,0.14510421263294568
7867,2902188.0,0.14541268927785042
7868,2902245.0,0.14575915005666515
7869,2902305.0,0.14603957495568184
7870,2902365.0,0.14627332822676506
7871,2902425.0,0.14647912793089077
7872,2902485.0,0.14658146780310657
7873,2902545.0,0.14663988788918206
7874,2902605.0,0.14668256056018683
7875,2902665.0,0.14672403719480906
7876,2902725.0,0.1467822871471914
7877,2902785.0,0.14685619942241904
7878,2902845.0,0.14779293219925235
7879,2902905.0,0.1484922141779458
7880,2902965.0,0.14901735664771307
7881,2903025.0,0.1488119268386777
7882,2903085.0,0.14867185513990264
7883,2903145.0,0.14874995631883162
7884,2903205.0,0.14901755656280605
7885,2903265.0,0.14919553612994577
7886,2903325.0,0.1492929253022409
7887,2903385.0,0.1493424852741088
7888,2903445.0,0.14940826635406876
7889,2903505.0,0.14950250949450009
7890,2903565.0,0.14963393353744184
7891,2903625.0,0.14977232189475723
7892,2903685.0,0.14991490601059923
7893,2903745.0,0.1500448736377862
7894,2903805.0,0.1501877292846184
7895,2903865.0,0.15036605301997055
7896,2903925.0,0.15056423767124308
7897,2903985.0,0.1507614624964189
7898,2904045.0,0.15091404714439757
7899,2904108.0,0.15097753903588437
7900,2904165.0,0.151012661966645
7901,2904225.0,0.15110254809111054
7902,2904285.0,0.15124584884775114
7903,2904348.0,0.15141629857196595
7904,2904405.0,0.1516185728256028
7905,2904465.0,0.15179822326617462
7906,2904525.0,0.1531703211275607
7907,2904585.0,0.15403423511348815
7908,2904645.0,0.15467190358649882
7909,2904705.0,0.15516923405717478
7910,2904765.0,0.1557083885283956
7911,2904825.0,0.15626178843430918
7912,2904885.0,0.1561891924152157
7913,2904945.0,0.1561466568689864
7914,2905005.0,0.15624190163429233
7915,2905065.0,0.1564337124636597
7916,2905125.0,0.15663702065257087
7917,2905185.0,0.15676755110542798
7918,2905245.0,0.15684679054938835
7919,2905305.0,0.15690042164656556
7920,2905365.0,0.1569693460537607
7921,2905425.0,0.15705030821092145
7922,2905485.0,0.15713556557797212
7923,2905545.0,0.1583547267877833
7924,2905605.0,0.15937276503848305
7925,2905665.0,0.1602340810543116
7926,2905725.0,0.16094829934948204
7927,2905785.0,0.16165277077813503
7928,2905845.0,0.16161949208532558
7929,2905905.0,0.16167818669970965
7930,2905965.0,0.16182384704717004
7931,2906025.0,0.16200327766977166
7932,2906085.0,0.1620728114204815
7933,2906145.0,0.16212021699558402
7934,2906205.0,0.16222234387820814
7935,2906265.0,0.16229688415475288
7936,2906325.0,0.16236462808320132
7937,2906385.0,0.1623904451789718
7938,2906445.0,0.16241100319913357
7939,2906505.0,0.1637255988681258
7940,2906565.0,0.16456404661045723
7941,2906625.0,0.16530093587227382
7942,2906685.0,0.16610562962486405
7943,2906745.0,0.1661060097586908
7944,2906805.0,0.16610768952081575
7945,2906865.0,0.16622370979385545
7946,2906925.0,0.16632104043424575
7947,2906985.0,0.16631779452777165
7948,2907045.0,0.166261115195408
7949,2907105.0,0.16615656697513106
7950,2907165.0,0.16602908754185366
7951,2907225.0,0.16591316414939297
7952,2907285.0,0.16581866614149463
7953,2907345.0,0.1656975896007238
7954,2907405.0,0.16560951445501385
7955,2907465.0,0.16554995563079292
7956,2907525.0,0.16556827815278072
7957,2907585.0,0.16560017371288624
7958,2907645.0,0.16564089840059706
7959,2907705.0,0.1656333675959009
7960,2907765.0,0.1656191130106627
7961,2907825.0,0.16561458897813744
7962,2907885.0,0.16563056353048103
7963,2907945.0,0.1656782202995263
7964,2908005.0,0.16570386219170127
7965,2908065.0,0.16577234267319615
7966,2908125.0,0.16583731028616608
7967,2908185.0,0.16582263610191175
7968,2908245.0,0.1657619417584005
7969,2908305.0,0.16565255961396244
7970,2908365.0,0.16556180868703343
7971,2908425.0,0.16552484216477462
7972,2908485.0,0.16547219919847225
7973,2908545.0,0.1654766274848193
7974,2908605.0,0.1655781706394501
7975,2908665.0,0.16572692750951826
7976,2908725.0,0.1658949557421643
7977,2908785.0,0.16603595671211988
7978,2908845.0,0.1661377560135834
7979,2908905.0,0.1661969947126202
7980,2908965.0,0.16626078164754157
7981,2909025.0,0.16632033579102704
7982,2909085.0,0.16637506401428773
7983,2909145.0,0.16643249639202626
7984,2909205.0,0.16651314753342442
7985,2909265.0,0.1666162732909068
7986,2909325.0,0.16665546801736633
7987,2909385.0,0.16660219788932237
7988,2909445.0,0.16653921214205933
7989,2909505.0,0.16649406405420433
7990,2909565.0,0.16646082470774118
7991,2909625.0,0.1664517333808865
7992,2909685.0,0.16647208229517838
7993,2909745.0,0.16648362575512202
7994,2909805.0,0.1664668815794105
7995,2909865.0,0.1664334098991266
7996,2909925.0,0.1664704455820845
7997,2909985.0,0.16650160859625437
7998,2910045.0,0.1664955075310762
7999,2910105.0,0.16645304966410415
8000,2910165.0,0.16639955474382864
8001,2910225.0,0.16633088191750697
8002,2910285.0,0.16624541459497913
8003,2910345.0,0.1661435122174312
8004,2910405.0,0.16608130084094888
8005,2910465.0,0.16606684701367994
8006,2910525.0,0.16608043388102142
8007,2910585.0,0.16611000144869134
8008,2910645.0,0.1661569406868129
8009,2910705.0,0.16620869344956504
8010,2910765.0,0.1662162490685379
8011,2910825.0,0.1661782626160798
8012,2910885.0,0.16612744727628406
8013,2910945.0,0.16610144233837557
8014,2911005.0,0.16606193654899978
8015,2911065.0,0.1659573899214605
8016,2911125.0,0.16578784110328573
8017,2911185.0,0.16557241602017767
8018,2911245.0,0.16533375597008784
8019,2911305.0,0.1650939927291126
8020,2911365.0,0.16488722427668104
8021,2911425.0,0.1647462592123531
8022,2911485.0,0.16460993791605347
8023,2911545.0,0.16446074310233785
8024,2911605.0,0.1632014435881706
8025,2911665.0,0.16248624834063133
8026,2911725.0,0.16198849286571657
8027,2911785.0,0.16156478839186975
8028,2911845.0,0.1610812810062973
8029,2911905.0,0.16128808393559482
8030,2911965.0,0.16147458777716892
8031,2912025.0,0.16153420345112932
8032,2912085.0,0.16147246770294574
8033,2912145.0,0.16137736968415614
8034,2912205.0,0.16129980262316343
8035,2912265.0,0.16123223355811087
8036,2912325.0,0.16116870159598837
8037,2912385.0,0.16109670963610365
8038,2912445.0,0.1610413622674022
8039,2912505.0,0.160988157253972
8040,2912565.0,0.16103261507946212
8041,2912625.0,0.16103566326060206
8042,2912685.0,0.16094475009094747
8043,2912745.0,0.16080155354920753
8044,2912805.0,0.16064505148924332
8045,2912865.0,0.160482403021771
8046,2912925.0,0.16034351045987486
8047,2912985.0,0.16019090011263717
8048,2913045.0,0.16000008579915256
8049,2913105.0,0.15981356713727848
8050,2913165.0,0.15963170963613096
8051,2913225.0,0.1594863408403567
8052,2913285.0,0.15936074776639422
8053,2913345.0,0.15928142148805427
8054,2913405.0,0.15924096533757567
8055,2913465.0,0.15925696004654763
8056,2913525.0,0.1593026136460727
8057,2913585.0,0.15931578207502708
8058,2913645.0,0.15840979526435986
8059,2913705.0,0.1576851985364228
8060,2913765.0,0.15709028752292345
8061,2913825.0,0.15726310481115627
8062,2913885.0,0.15739215654181318
8063,2913945.0,0.15737598612305417
8064,2914005.0,0.1572601102823781
8065,2914065.0,0.15725803110291628
8066,2914125.0,0.1573560616158524
8067,2914185.0,0.1574873428381273
8068,2914245.0,0.1576117595197681
8069,2914305.0,0.15769526895657957
8070,2914365.0,0.1577078452566594
8071,2914425.0,0.15769051361037548
8072,2914485.0,0.15761040231901344
8073,2914545.0,0.15754666229790956
8074,2914605.0,0.15747429954721845
8075,2914665.0,0.1573763169166488
8076,2914725.0,0.15726969389526754
8077,2914785.0,0.15710936117539334
8078,2914845.0,0.1569554866771732
8079,2914905.0,0.1568549440311364
8080,2914965.0,0.15680356874845117
8081,2915025.0,0.15669143418862327
8082,2915085.0,0.15764654078770937
8083,2915145.0,0.15868057362020851
8084,2915205.0,0.15947894393040926
8085,2915265.0,0.16009864444685298
8086,2915325.0,0.15879855645896992
8087,2915385.0,0.15803436857935213
8088,2915445.0,0.1575928523314856
8089,2915505.0,0.15728810708858795
8090,2915565.0,0.15696539071156626
8091,2915625.0,0.1565864935498875
8092,2915685.0,0.15681020552840477
8093,2915745.0,0.1569904982125376
8094,2915805.0,0.1570209948956696
8095,2915865.0,0.15780732414005263
8096,2915925.0,0.15846834590063805
8097,2915985.0,0.15908758249894292
8098,2916045.0,0.15967384162308676
8099,2916105.0,0.16027305503129616
8100,2916168.0,0.1601044372021955
8101,2916225.0,0.159957414441964
8102,2916285.0,0.15989036541542376
8103,2916345.0,0.1587401832984318
8104,2916405.0,0.1578261072336157
8105,2916465.0,0.15709084240958973
8106,2916525.0,0.15739621227293407
8107,2916585.0,0.1575775351106479
8108,2916648.0,0.15843473645735537
8109,2916705.0,0.15917717336034024
8110,2916765.0,0.1590577776502821
8111,2916825.0,0.15893150058743297
8112,2916885.0,0.1589237650435333
8113,2916945.0,0.1589595342627436
8114,2917005.0,0.15894992765858204
8115,2917065.0,0.15895745848465678
8116,2917125.0,0.1589920067590073
8117,2917185.0,0.1599199391518327
8118,2917245.0,0.1606667643961959
8119,2917305.0,0.16004006534518814
8120,2917365.0,0.15912581450061972
8121,2917425.0,0.15837972382052137
8122,2917485.0,0.15766934561321103
8123,2917545.0,0.15781338857925473
8124,2917605.0,0.15797712832316327
8125,2917668.0,0.15805252311053267
8126,2917725.0,0.15810345253061023
8127,2917785.0,0.15822874406073076
8128,2917845.0,0.15840123871160058
8129,2917905.0,0.1594267846699691
8130,2917965.0,0.16038326862475286
8131,2918025.0,0.1604810386237944
8132,2918085.0,0.1605797714017352
8133,2918145.0,0.16076505174549946
8134,2918205.0,0.1609689003576991
8135,2918265.0,0.16115566080170443
8136,2918325.0,0.16136888866344565
8137,2918385.0,0.16156527642699417
8138,2918445.0,0.16175918071928155
8139,2918505.0,0.1619712718936229
8140,2918565.0,0.1621786266577945
8141,2918625.0,0.16239095973796622
8142,2918685.0,0.16259328506709583
8143,2918745.0,0.16275320237992483
8144,2918805.0,0.1637628848431402
8145,2918865.0,0.16452542054440608
8146,2918925.0,0.16518915857152303
8147,2918985.0,0.1650973770422602
8148,2919048.0,0.16508254671006686
8149,2919105.0,0.16509681070774132
8150,2919165.0,0.1651238860662472
8151,2919225.0,0.16509752798739172
8152,2919285.0,0.16502593766100684
8153,2919345.0,0.16495408364956557
8154,2919405.0,0.1648767358544513
8155,2919465.0,0.1647615127770007
8156,2919525.0,0.16465403913905632
8157,2919585.0,0.16455932394409664
8158,2919645.0,0.1644956028284794
8159,2919705.0,0.16447137434111417
8160,2919765.0,0.16443800233680653
8161,2919825.0,0.1644210950344174
8162,2919885.0,0.16433249705759825
8163,2919945.0,0.16426850366808968
8164,2920005.0,0.16418548226839905
8165,2920065.0,0.16410904071396795
8166,2920125.0,0.1640680536490086
8167,2920185.0,0.164144947145241
8168,2920245.0,0.16424388562498785
8169,2920305.0,0.16433052438695364
8170,2920365.0,0.16443511387699497
8171,2920425.0,0.16451555169306523
8172,2920485.0,0.16453547160343732
8173,2920545.0,0.1645449945304164
8174,2920605.0,0.16451384006780148
8175,2920665.0,0.16449768614813357
8176,2920725.0,0.16441056950891922
8177,2920785.0,0.164329973235024
8178,2920845.0,0.164274283856746
8179,2920905.0,0.16426616370653394
8180,2920965.0,0.16425131882375418
8181,2921025.0,0.1642595956290979
8182,2921085.0,0.1642552439674744
8183,2921145.0,0.16423599161928085
8184,2921205.0,0.1642181633521663
8185,2921265.0,0.16418253488318593
8186,2921325.0,0.1641613603041532
8187,2921385.0,0.16407787849600128
8188,2921445.0,0.16396751271608453
8189,2921505.0,0.16384768364146426
8190,2921565.0,0.16373624616436713
8191,2921625.0,0.1636641336081662
8192,2921685.0,0.16359750062063846
8193,2921745.0,0.16350956080986687
8194,2921805.0,0.16345647818740697
8195,2921865.0,0.16342741710523126
8196,2921925.0,0.16344160083312106
8197,2921985.0,0.16346567172281726
8198,2922045.0,0.16349399312922522
8199,2922105.0,0.16350598219604331
8200,2922165.0,0.16350137921063415
8201,2922225.0,0.16348270603485474
8202,2922285.0,0.16347838525503858
8203,2922345.0,0.16414079230843795
8204,2922405.0,0.1648681316198264
8205,2922465.0,0.16553907857326947
8206,2922525.0,0.1654353778169579
8207,2922585.0,0.16533103889497716
8208,2922645.0,0.16524117459228507
8209,2922705.0,0.1651510064029422
8210,2922765.0,0.16506524110769064
8211,2922825.0,0.16500751589697973
8212,2922885.0,0.16497039576906905
8213,2922945.0,0.16494378372248833
8214,2923005.0,0.16491825045377553
8215,2923065.0,0.16486948132400417
8216,2923125.0,0.16483694715843114
8217,2923185.0,0.16472074813177093
8218,2923245.0,0.16468277000662293
8219,2923305.0,0.16473089235303914
8220,2923365.0,0.16463286902132498
8221,2923425.0,0.16457184781727832
8222,2923485.0,0.16460222963891194
8223,2923545.0,0.16465469046835476
8224,2923605.0,0.16468825622068392
8225,2923665.0,0.1647182559534838
8226,2923725.0,0.1647309752570121
8227,2923788.0,0.16471950266878646
8228,2923845.0,0.16470467366060407
8229,2923905.0,0.16469383395180434
8230,2923965.0,0.16469172971632837
8231,2924025.0,0.16464134782230397
8232,2924085.0,0.16456202409423262
8233,2924145.0,0.1644883832494987
8234,2924205.0,0.16428663369523674
8235,2924265.0,0.16423208212873994
8236,2924325.0,0.1642083718348252
8237,2924385.0,0.16421272391650402
8238,2924445.0,0.16417083986564288
8239,2924505.0,0.1641288208647179
8240,2924565.0,0.16409324609802253
8241,2924625.0,0.16407769799823715
8242,2924685.0,0.16405129602316185
8243,2924745.0,0.16406137025240727
8244,2924805.0,0.1640450295150764
8245,2924865.0,0.16404268188753143
8246,2924925.0,0.16403958121007564
8247,2924985.0,0.1640759409734335
8248,2925045.0,0.16410669151532822
8249,2925105.0,0.1641205893908201
8250,2925165.0,0.16414139073463255
8251,2925225.0,0.16406242502852145
8252,2925285.0,0.16414141317247857
8253,2925345.0,0.1641439972202368
8254,2925405.0,0.16413992767757343
8255,2925465.0,0.16409523588844757
8256,2925525.0,0.1640606892173029
8257,2925585.0,0.16403778364962926
8258,2925648.0,0.16404014149175208
8259,2925705.0,0.1640141792736153
8260,2925765.0,0.16393805556944072
8261,2925825.0,0.16394040739431395
8262,2925885.0,0.16287996884573788
8263,2925945.0,0.16175074152119365
8264,2926005.0,0.1608255501467157
8265,2926068.0,0.16074041153203092
8266,2926125.0,0.16144108140824706
8267,2926185.0,0.16211718951873735
8268,2926245.0,0.1625911073951731
8269,2926305.0,0.16238351277750554
8270,2926365.0,0.16217767210011017
8271,2926428.0,0.16207953655540444
8272,2926485.0,0.1620019097498646
8273,2926545.0,0.162020246221503
8274,2926605.0,0.16199843955460283
8275,2926665.0,0.16110776032850402
8276,2926725.0,0.16115330533240954
8277,2926785.0,0.16127187489123732
8278,2926845.0,0.16119696693021549
8279,2926905.0,0.1604551299841587
8280,2926965.0,0.160583151027777
8281,2927025.0,0.16071022554954936
8282,2927085.0,0.16072409436222515
8283,2927145.0,0.1607260340098635
8284,2927205.0,0.16069249919234832
8285,2927265.0,0.16066132103552114
8286,2927325.0,0.15974145827165334
8287,2927385.0,0.158995483933169
8288,2927445.0,0.1583450048041797
8289,2927505.0,0.15773496218039054
8290,2927565.0,0.15781650534827732
8291,2927625.0,0.15789557022391074
8292,2927685.0,0.1579187686757608
8293,2927745.0,0.15785492729054115
8294,2927805.0,0.15788709548848154
8295,2927865.0,0.1579752101573441
8296,2927925.0,0.15804467539996883
8297,2927985.0,0.15717848527251735
8298,2928045.0,0.1564436793948877
8299,2928105.0,0.1557743838695506
8300,2928165.0,0.15584506075913604
8301,2928225.0,0.1559002140460519
8302,2928285.0,0.15584669923870573
8303,2928345.0,0.15579205724553843
8304,2928405.0,0.15572683039755356
8305,2928465.0,0.15565402668514297
8306,2928525.0,0.15559689659627665
8307,2928585.0,0.15544430578234067
8308,2928645.0,0.15537794045851153
8309,2928705.0,0.15460831176653048
8310,2928765.0,0.15389374693631433
8311,2928825.0,0.1539579226142724
8312,2928885.0,0.15402799786000834
8313,2928945.0,0.15400017414675918
8314,2929005.0,0.15387708581945805
8315,2929065.0,0.15376407714641757
8316,2929125.0,0.15360996359997361
8317,2929188.0,0.15345737446532368
8318,2929245.0,0.15331451146478156
8319,2929305.0,0.15319274172135297
8320,2929365.0,0.15302816980102477
8321,2929425.0,0.15289019354004105
8322,2929485.0,0.15277588386445376
8323,2929545.0,0.15269834207794933
8324,2929605.0,0.15172016189102186
8325,2929665.0,0.15188519999266178
8326,2929725.0,0.1519187621682894
8327,2929785.0,0.15260685467364501
8328,2929845.0,0.15250207167101573
8329,2929905.0,0.1524042518084571
8330,2929965.0,0.15236639990689507
8331,2930025.0,0.15247990193788577
8332,2930085.0,0.15257571493355707
8333,2930145.0,0.1526801936570437
8334,2930205.0,0.1526308442740232
8335,2930265.0,0.15269860545838423
8336,2930325.0,0.15277522916767908
8337,2930385.0,0.1528342922140424
8338,2930445.0,0.152852929299698
8339,2930505.0,0.15282915363858632
8340,2930565.0,0.15279948349773023
8341,2930625.0,0.1527495433874191
8342,2930685.0,0.15277411818592027
8343,2930745.0,0.1527833615478051
8344,2930805.0,0.152806614406602
8345,2930865.0,0.15280080057538567
8346,2930925.0,0.15283873705117648
8347,2930985.0,0.15289106683940853
8348,2931045.0,0.15294805596526237
8349,2931105.0,0.1530735839076334
8350,2931165.0,0.15430038154355277
8351,2931225.0,0.155273510281301
8352,2931285.0,0.15621828355559833
8353,2931345.0,0.1571866083236341
8354,2931405.0,0.15726414142717135
8355,2931465.0,0.15734081830427613
8356,2931525.0,0.15749506839033525
8357,2931585.0,0.15761226836280515
8358,2931645.0,0.1577296388044143
8359,2931705.0,0.15778540100710117
8360,2931765.0,0.1578824682013357
8361,2931825.0,0.1579658833858477
8362,2931885.0,0.15889380282119595
8363,2931945.0,0.1596804833105331
8364,2932005.0,0.16041110493226643
8365,2932065.0,0.1603581346691267
8366,2932125.0,0.16033798059205465
8367,2932185.0,0.1604314537616173
8368,2932245.0,0.16055713051957196
8369,2932305.0,0.1606839158051436
8370,2932365.0,0.16081855466239833
8371,2932425.0,0.16183072646511018
8372,2932485.0,0.16268701082943818
8373,2932545.0,0.1633997761231906
8374,2932605.0,0.16339517709752108
8375,2932665.0,0.16345236464485055
8376,2932725.0,0.16352670749700496
8377,2932785.0,0.16363134978573637
8378,2932845.0,0.16374438512873332
8379,2932905.0,0.163861568660534
8380,2932965.0,0.1639697736560918
8381,2933025.0,0.1640365644979734
8382,2933085.0,0.16405236061126696
8383,2933145.0,0.16344914059037421
8384,2933205.0,0.1638779755385463
8385,2933265.0,0.16403011770659695
8386,2933325.0,0.16484923680657462
8387,2933385.0,0.16560220342387796
8388,2933445.0,0.1656111187480501
8389,2933505.0,0.16566581677849293
8390,2933565.0,0.16578652688077586
8391,2933625.0,0.16590835552263142
8392,2933685.0,0.1660677570389573
8393,2933745.0,0.16617913766461392
8394,2933805.0,0.16725162041672206
8395,2933865.0,0.1682099122205408
8396,2933925.0,0.16905606928979913
8397,2933985.0,0.1698874543118674
8398,2934045.0,0.16990135119710617
8399,2934105.0,0.1698706888435332
8400,2934165.0,0.16993215539922754
8401,2934225.0,0.1700258520771928
8402,2934285.0,0.17013143770013348
8403,2934345.0,0.17022646056762805
8404,2934405.0,0.17033889969348207
8405,2934465.0,0.17043487314303543
8406,2934525.0,0.17052134003107375
8407,2934585.0,0.17063978601832755
8408,2934645.0,0.17075326540679328
8409,2934705.0,0.17087521588704582
8410,2934765.0,0.17098942588547125
8411,2934825.0,0.17197823113716262
8412,2934885.0,0.17289787265736503
8413,2934945.0,0.17378220772613365
8414,2935005.0,0.17395018261386067
8415,2935065.0,0.1739984324064399
8416,2935125.0,0.17404573695750838
8417,2935185.0,0.17407991524521862
8418,2935245.0,0.17415324102768395
8419,2935305.0,0.17427223461581456
8420,2935365.0,0.1743846006757728
8421,2935425.0,0.1744420767786561
8422,2935485.0,0.17446907889035804
8423,2935545.0,0.17451870253842203
8424,2935605.0,0.17463066319840828
8425,2935665.0,0.17473410951298393
8426,2935725.0,0.17485068019006902
8427,2935785.0,0.17492826673345027
8428,2935845.0,0.1762679723326631
8429,2935905.0,0.17712796915575899
8430,2935965.0,0.17787099018575417
8431,2936028.0,0.17868693244601366
8432,2936085.0,0.17857903974530073
8433,2936148.0,0.17859493291201958
8434,2936205.0,0.17869181043580365
8435,2936265.0,0.17883386484867655
8436,2936325.0,0.17900281309608226
8437,2936385.0,0.17914682316861694
8438,2936445.0,0.17929247360894132
8439,2936505.0,0.17944212538397916
8440,2936565.0,0.17959827765374073
8441,2936625.0,0.18068938508325863
8442,2936685.0,0.18160792675448653
8443,2936745.0,0.182457718354766
8444,2936805.0,0.18328310651555682
8445,2936865.0,0.1826084449105563
8446,2936925.0,0.18282203114475584
8447,2936985.0,0.1829911575079521
8448,2937045.0,0.18329043754843724
8449,2937108.0,0.18417796574263942
8450,2937168.0,0.18495535328915555
8451,2937225.0,0.18573620459882237
8452,2937285.0,0.18656589537438203
8453,2937345.0,0.1873523624399425
8454,2937405.0,0.18740526085477485
8455,2937465.0,0.1875090069191185
8456,2937525.0,0.18773378849753977
8457,2937585.0,0.1879113799175863
8458,2937645.0,0.1883397570269643
8459,2937705.0,0.18938507851972594
8460,2937765.0,0.19025809677705133
8461,2937825.0,0.1910865612861107
8462,2937885.0,0.19198314542914693
8463,2937945.0,0.19304266017489138
8464,2938005.0,0.19414663555181708
8465,2938065.0,0.19519557014700897
8466,2938125.0,0.1962902028798523
8467,2938185.0,0.19739374959400605
8468,2938245.0,0.19851365625955023
8469,2938305.0,0.199579874166227
8470,2938365.0,0.20069535701298916
8471,2938425.0,0.20176666669944923
8472,2938485.0,0.20191633837188008
8473,2938545.0,0.20222428094670888
8474,2938605.0,0.20355443994431352
8475,2938665.0,0.2047154740692065
8476,2938725.0,0.2058583612009148
8477,2938785.0,0.2060680120410511
8478,2938845.0,0.20633578447699766
8479,2938905.0,0.2066580323177327
8480,2938965.0,0.20803638162584984
8481,2939025.0,0.20926791123562474
8482,2939085.0,0.21043606280167812
8483,2939145.0,0.2115858910650926
8484,2939205.0,0.21181668120304106
8485,2939265.0,0.21210562627169785
8486,2939325.0,0.21359850332977118
8487,2939385.0,0.21509643794563624
8488,2939445.0,0.21649504906779607
8489,2939505.0,0.21774537417295922
8490,2939565.0,0.21895783311174408
8491,2939625.0,0.22025672944885308
8492,2939685.0,0.2204997862718863
8493,2939745.0,0.22086300227454245
8494,2939805.0,0.2213132304501911
8495,2939865.0,0.22293678818664872
8496,2939925.0,0.22443351592249242
8497,2939985.0,0.22591894794232184
8498,2940045.0,0.227324550261315
8499,2940105.0,0.22769844098435396
8500,2940165.0,0.2295574307738019
8501,2940225.0,0.23104244562481016
8502,2940285.0,0.23232231438687814
8503,2940345.0,0.2334990616112609
8504,2940405.0,0.23470206761156034
8505,2940465.0,0.23497551239675488
8506,2940525.0,0.23451020549262794
8507,2940585.0,0.2342469155003282
8508,2940645.0,0.23478395792076992
8509,2940705.0,0.23625421763904889
8510,2940765.0,0.23735008784006598
8511,2940825.0,0.23734330076485174
8512,2940885.0,0.23742363756624432
8513,2940945.0,0.2385082435540173
8514,2941005.0,0.23959364722087537
8515,2941065.0,0.24048658363755585
8516,2941125.0,0.24131329906603102
8517,2941185.0,0.24135397457323413
8518,2941245.0,0.24135402847006052
8519,2941305.0,0.24141770014079553
8520,2941365.0,0.24285708540004156
8521,2941425.0,0.24414921408430315
8522,2941485.0,0.24439607210890188
8523,2941545.0,0.24462816178410293
8524,2941605.0,0.24488071755694676
8525,2941665.0,0.2462280042921853
8526,2941725.0,0.24749377336996561
8527,2941785.0,0.2476755431989233
8528,2941845.0,0.2479056844485437
8529,2941905.0,0.2480984800933815
8530,2941965.0,0.24719897739234067
8531,2942025.0,0.2477393808629779
8532,2942085.0,0.24816006247129233
8533,2942145.0,0.24844259449627235
8534,2942205.0,0.24956612742098574
8535,2942265.0,0.25064873255659104
8536,2942325.0,0.2507098817609913
8537,2942385.0,0.2508395670217969
8538,2942445.0,0.2520605013590206
8539,2942505.0,0.25333132944763215
8540,2942565.0,0.2545149390924901
8541,2942625.0,0.25467150297148666
8542,2942685.0,0.25405279325843644
8543,2942745.0,0.25486024931038254
8544,2942805.0,0.2557542692324839
8545,2942865.0,0.2572613085348344
8546,2942925.0,0.2585437730517589
8547,2942985.0,0.259659908874446
8548,2943045.0,0.25974821288546546
8549,2943105.0,0.25989485703067916
8550,2943165.0,0.2611729471977229
8551,2943225.0,0.2615258325341141
8552,2943285.0,0.2620973243487641
8553,2943345.0,0.2617271447627212
8554,2943405.0,0.2621589322215816
8555,2943465.0,0.2626091589503087
8556,2943525.0,0.26443764212146437
8557,2943585.0,0.2661177484320374
8558,2943645.0,0.2664728350372846
8559,2943705.0,0.26684000036348765
8560,2943765.0,0.2672615891829083
8561,2943825.0,0.2689581669356428
8562,2943885.0,0.27055766965031014
8563,2943945.0,0.27202872225057906
8564,2944005.0,0.2722246323012242
8565,2944065.0,0.2716165027678743
8566,2944125.0,0.2711671380760591
8567,2944185.0,0.2707142812326656
8568,2944245.0,0.27192943896430843
8569,2944305.0,0.2730301761023419
8570,2944365.0,0.2739139186673737
8571,2944425.0,0.27490535485541334
8572,2944485.0,0.2758305497840725
8573,2944545.0,0.27680984027451006
8574,2944605.0,0.2768443383187944
8575,2944665.0,0.27704872485132126
8576,2944725.0,0.2764497094304468
8577,2944785.0,0.27596839939050344
8578,2944845.0,0.2763029681266065
8579,2944905.0,0.27779967102899705
8580,2944965.0,0.27910078003787897
8581,2945025.0,0.2793009979324619
8582,2945085.0,0.2795405001384754
8583,2945145.0,0.27986593760843437
8584,2945205.0,0.28019185594325224
8585,2945265.0,0.28055888595968026
8586,2945325.0,0.2809182233614823
8587,2945385.0,0.2812646741774747
8588,2945445.0,0.28158305133615325
8589,2945505.0,0.28187215402097243
8590,2945565.0,0.2832356253727947
8591,2945625.0,0.28356059776294684
8592,2945685.0,0.28293099118511544
8593,2945745.0,0.28231684164545345
8594,2945805.0,0.2825927430536641
8595,2945865.0,0.2840273742194497
8596,2945925.0,0.28516743606448536
8597,2945985.0,0.28619211094695274
8598,2946045.0,0.28628989151997253
8599,2946105.0,0.28641898339223537
8600,2946165.0,0.2865842448098014
8601,2946225.0,0.2868194051357551
8602,2946285.0,0.28714163733728515
8603,2946345.0,0.2885968340238697
8604,2946405.0,0.29001245980920165
8605,2946465.0,0.29019730817950673
8606,2946525.0,0.29038231086094224
8607,2946585.0,0.29044611774918405
8608,2946645.0,0.29024166378387906
8609,2946705.0,0.29053166429345834
8610,2946765.0,0.2911021320868683
8611,2946825.0,0.2906240998752174
8612,2946885.0,0.29098864452766604
8613,2946945.0,0.29132200484896353
8614,2947005.0,0.2916247711011293
8615,2947065.0,0.29197839841638196
8616,2947125.0,0.29237871257007886
8617,2947185.0,0.2928463567526156
8618,2947245.0,0.29482182679243374
8619,2947305.0,0.2965393364568103
8620,2947365.0,0.2979727212189015
8621,2947425.0,0.2983832674151805
8622,2947485.0,0.29777904703229785
8623,2947545.0,0.2972415904880148
8624,2947605.0,0.2980126072441861
8625,2947665.0,0.29962341135914516
8626,2947725.0,0.30026220527938596
8627,2947785.0,0.2997428674504051
8628,2947845.0,0.2992727063590803
8629,2947905.0,0.3002294734905152
8630,2947965.0,0.3011895478089367
8631,2948025.0,0.3020395150316527
8632,2948085.0,0.30157583815041666
8633,2948145.0,0.30110236393609924
8634,2948205.0,0.30133569100899227
8635,2948265.0,0.3014470344990152
8636,2948325.0,0.3006455035871418
8637,2948385.0,0.2998178999944403
8638,2948445.0,0.3001270354162736
8639,2948505.0,0.3005360365437354
8640,2948565.0,0.3007673517394335
8641,2948625.0,0.29998319877186097
8642,2948685.0,0.29935605717759906
8643,2948745.0,0.2999750359266985
8644,2948805.0,0.3001831605882328
8645,2948865.0,0.3003140155471177
8646,2948925.0,0.2994518050052096
8647,2948985.0,0.2986792847321249
8648,2949045.0,0.29793971473289027
8649,2949105.0,0.2972766125372982
8650,2949165.0,0.2966005720855347
8651,2949225.0,0.2972244009310179
8652,2949285.0,0.2985361222203654
8653,2949345.0,0.2983886372055078
8654,2949405.0,0.2971580556119727
8655,2949465.0,0.2959817563247217
8656,2949525.0,0.29588343252343996
8657,2949585.0,0.29672528566926293
8658,2949645.0,0.2976711317456716
8659,2949705.0,0.2984270193221987
8660,2949765.0,0.298015248746224
8661,2949825.0,0.29687161632144377
8662,2949885.0,0.29588173062411915
8663,2949945.0,0.29496437544446374
8664,2950005.0,0.29608513181905916
8665,2950065.0,0.2970217831602966
8666,2950125.0,0.29572515652214515
8667,2950185.0,0.29457679000269477
8668,2950245.0,0.2934837428557041
8669,2950305.0,0.2924272593205798
8670,2950365.0,0.29142461116068374
8671,2950425.0,0.2902410056991803
8672,2950485.0,0.2911201441875563
8673,2950545.0,0.29187436856854176
8674,2950605.0,0.2927072114265745
8675,2950665.0,0.29129945903706356
8676,2950725.0,0.2900602936601977
8677,2950785.0,0.2888867189740364
8678,2950845.0,0.28783442448391217
8679,2950905.0,0.2878443855773404
8680,2950965.0,0.2876633355223258
8681,2951025.0,0.2876465735533509
8682,2951085.0,0.2876558653431037
8683,2951145.0,0.2866983591257052
8684,2951205.0,0.2857632400990079
8685,2951265.0,0.28579711478485104
8686,2951325.0,0.2865589774096161
8687,2951385.0,0.2871511632803143
8688,2951448.0,0.28671369902938026
8689,2951505.0,0.2853232852672025
8690,2951565.0,0.2852497328120399
8691,2951625.0,0.28622140744918423
8692,2951685.0,0.2873508901331113
8693,2951745.0,0.2874153450769583
8694,2951805.0,0.28752293249710825
8695,2951865.0,0.2876788160040721
8696,2951925.0,0.28787178413024517
8697,2951985.0,0.2880034150691251
8698,2952045.0,0.288294315739383
8699,2952105.0,0.2886338488764847
8700,2952165.0,0.2876484686520874
8701,2952225.0,0.28683278070345963
8702,2952285.0,0.2870448062134211
8703,2952345.0,0.288508861422038
8704,2952405.0,0.2895085244532173
8705,2952465.0,0.28834605507081634
8706,2952525.0,0.2872915257985199
8707,2952585.0,0.28732061100896733
8708,2952645.0,0.2873093095242871
8709,2952705.0,0.2888189718567755
8710,2952765.0,0.2899886898606754
8711,2952825.0,0.2897806516262109
8712,2952885.0,0.2896268630326351
8713,2952945.0,0.2886073597096507
8714,2953005.0,0.2877364700014524
8715,2953065.0,0.2869542166820134
8716,2953125.0,0.2871625112453561
8717,2953185.0,0.28731886603724566
8718,2953245.0,0.28637405785189873
8719,2953305.0,0.2852480614442575
8720,2953365.0,0.2841826595040028
8721,2953425.0,0.28419301503810146
8722,2953485.0,0.2841852124672538
8723,2953545.0,0.2828893203556092
8724,2953605.0,0.28174089076135433
8725,2953665.0,0.2818196444950264
8726,2953725.0,0.2817608588029388
8727,2953785.0,0.2804728901306004
8728,2953845.0,0.28048833433520715
8729,2953905.0,0.2805135861387106
8730,2953965.0,0.2794874413541908
8731,2954025.0,0.2785817406429839
8732,2954085.0,0.2776410715393982
8733,2954145.0,0.27774625628929606
8734,2954205.0,0.27748255104578756
8735,2954265.0,0.27723816368780485
8736,2954325.0,0.27573441223238326
8737,2954385.0,0.2743487599457137
8738,2954445.0,0.27445991888
8739,2954505.0,0.27440886420743205
8740,2954565.0,0.2742729101613718
8741,2954625.0,0.27409574273001325
8742,2954685.0,0.2738947625557132
8743,2954745.0,0.27268248290590125
8744,2954805.0,0.27169694554853996
8745,2954865.0,0.27189943730871724
8746,2954925.0,0.27208150742482895
8747,2954985.0,0.27223716650823193
8748,2955045.0,0.2713115464690872
8749,2955105.0,0.2704995494730751
8750,2955165.0,0.2699206623344431
8751,2955225.0,0.2692490579454351
8752,2955285.0,0.27044897557542924
8753,2955345.0,0.27097775396288415
8754,2955405.0,0.27124722716612504
8755,2955465.0,0.270401721928082
8756,2955525.0,0.27050186523176944
8757,2955585.0,0.2706285397698257
8758,2955645.0,0.2706995900431991
8759,2955705.0,0.2696193146298227
8760,2955765.0,0.26851031874427045
8761,2955825.0,0.26856028796195686
8762,2955885.0,0.2686264300370388
8763,2955945.0,0.2685739421679961
8764,2956005.0,0.26837989369234827
8765,2956065.0,0.268067990076831
8766,2956125.0,0.26772334791915575
8767,2956185.0,0.26733632800974516
8768,2956245.0,0.26696014676275004
8769,2956305.0,0.26659593965323514
8770,2956365.0,0.2651806479576617
8771,2956425.0,0.2639634008560039
8772,2956485.0,0.26376883342768054
8773,2956545.0,0.263542400556684
8774,2956605.0,0.2632600315471665
8775,2956665.0,0.2617871622966539
8776,2956725.0,0.2605743408598956
8777,2956785.0,0.26032644071401334
8778,2956845.0,0.26095353869690685
8779,2956905.0,0.2606963528463663
8780,2956965.0,0.26042167208818734
8781,2957025.0,0.2601316466545126
8782,2957085.0,0.2598067119661144
8783,2957145.0,0.25831303679897166
8784,2957205.0,0.2576205701819607
8785,2957265.0,0.2580630648136547
8786,2957325.0,0.2577198567617638
8787,2957385.0,0.25750679538578114
8788,2957445.0,0.25634049747899956
8789,2957505.0,0.2551720976241366
8790,2957565.0,0.25386212408288933
8791,2957625.0,0.25361786718510526
8792,2957685.0,0.25332885213902023
8793,2957745.0,0.25300480965112393
8794,2957805.0,0.25259305017066414
8795,2957865.0,0.25216972943851235
8796,2957925.0,0.25173580593176703
8797,2957985.0,0.252260565924062
8798,2958045.0,0.2511694716572104
8799,2958105.0,0.24960671352821626
8800,2958165.0,0.24829472760966456
8801,2958225.0,0.24708751112362307
8802,2958285.0,0.24707354914231164
8803,2958345.0,0.24704020496343457
8804,2958405.0,0.24562038092130725
8805,2958465.0,0.2442095967264278
8806,2958525.0,0.2429458372143347
8807,2958585.0,0.2447976008494435
8808,2958648.0,0.24482067613805095
8809,2958705.0,0.24344231389383245
8810,2958765.0,0.24217250074865485
8811,2958825.0,0.2409453458350915
8812,2958885.0,0.24096529724609986
8813,2958945.0,0.24095343627653723
8814,2959005.0,0.24105715519451718
8815,2959068.0,0.24108742299594252
8816,2959125.0,0.24104962077414802
8817,2959185.0,0.24110133084700433
8818,2959245.0,0.2399507880808531
8819,2959305.0,0.2386876048724065
8820,2959365.0,0.23762096272595315
8821,2959425.0,0.23758283156396906
8822,2959485.0,0.23733279714383973
8823,2959545.0,0.23565773846743046
8824,2959605.0,0.23435860982337622
8825,2959665.0,0.2331883128554014
8826,2959725.0,0.23297870794615125
8827,2959785.0,0.23265146151446373
8828,2959845.0,0.23226076814052396
8829,2959905.0,0.23181739298872064
8830,2959965.0,0.23139367706258354
8831,2960025.0,0.22967558411197977
8832,2960085.0,0.2282039716044786
8833,2960145.0,0.22810199517981714
8834,2960205.0,0.22797841334352867
8835,2960265.0,0.22790879888225943
8836,2960325.0,0.22679935105175494
8837,2960385.0,0.22575656140033032
8838,2960445.0,0.22458141571255572
8839,2960505.0,0.2235592633032368
8840,2960565.0,0.22265967064841954
8841,2960625.0,0.22262335882384246
8842,2960685.0,0.22250450164897748
8843,2960745.0,0.2223012651285808
8844,2960805.0,0.2209702766516726
8845,2960865.0,0.21977441376840331
8846,2960925.0,0.21960083106315545
8847,2960985.0,0.21937648074541402
8848,2961045.0,0.21912321112551617
8849,2961105.0,0.21886519965137244
8850,2961165.0,0.21860666798324938
8851,2961225.0,0.2185128457821683
8852,2961285.0,0.21739258966110528
8853,2961345.0,0.21632738452073066
8854,2961405.0,0.21515368358728562
8855,2961465.0,0.21503746592460707
8856,2961525.0,0.21487956042379583
8857,2961585.0,0.21466201621659328
8858,2961645.0,0.21439111116651635
8859,2961705.0,0.2140859409829761
8860,2961765.0,0.21251926476827002
8861,2961825.0,0.21110910083238152
8862,2961885.0,0.20982604910995847
8863,2961945.0,0.20959449089611784
8864,2962005.0,0.2093297125771861
8865,2962065.0,0.20807178770115256
8866,2962125.0,0.20703335218994864
8867,2962185.0,0.20608249878887233
8868,2962245.0,0.20608121726054426
8869,2962305.0,0.20608587469176323
8870,2962365.0,0.20507851418124126
8871,2962425.0,0.20398699817244906
8872,2962485.0,0.20272115840838492
8873,2962545.0,0.2014940460026499
8874,2962605.0,0.20036135877977682
8875,2962665.0,0.19927384409836832
8876,2962725.0,0.19819112202842373
8877,2962785.0,0.1979817365469649
8878,2962845.0,0.197681884290251
8879,2962905.0,0.19728799816337741
8880,2962965.0,0.19685224508398277
8881,2963025.0,0.1964034448509329
8882,2963085.0,0.1959589411995181
8883,2963145.0,0.19427037556820223
8884,2963205.0,0.19294455825925363
8885,2963265.0,0.1925619454568198
8886,2963325.0,0.19212247843293115
8887,2963385.0,0.1916147522167552
8888,2963445.0,0.19109483624138476
8889,2963505.0,0.18904465802494744
8890,2963565.0,0.18733881785578874
8891,2963625.0,0.18585798071435414
8892,2963685.0,0.18456253019851146
8893,2963745.0,0.18430322957710252
8894,2963805.0,0.18394286129638662
8895,2963865.0,0.18349548615141767
8896,2963925.0,0.18373342434597154
8897,2963985.0,0.18396188433381402
8898,2964045.0,0.18409837660375597
8899,2964105.0,0.18434003891885278
8900,2964165.0,0.184564209270726
8901,2964225.0,0.18475731326627046
8902,2964285.0,0.18491868560097927
8903,2964345.0,0.18445780496181394
8904,2964405.0,0.1838675541605113
8905,2964465.0,0.18228584225853087
8906,2964525.0,0.18091458821161113
8907,2964588.0,0.18082504340786834
8908,2964645.0,0.18042558968743347
8909,2964705.0,0.17998033007741346
8910,2964765.0,0.17949538806115625
8911,2964825.0,0.17896745726659227
8912,2964885.0,0.17839698023616632
8913,2964945.0,0.17786660179712174
8914,2965005.0,0.17762471748306727
8915,2965065.0,0.17810805689885792
8916,2965128.0,0.17845776663430382
8917,2965185.0,0.178720760601466
8918,2965245.0,0.1780345141844135
8919,2965305.0,0.17753405778610995
8920,2965365.0,0.177128373374677
8921,2965425.0,0.175547692742023
8922,2965485.0,0.1741293638184125
8923,2965545.0,0.17379349233311578
8924,2965605.0,0.17336808489484626
8925,2965665.0,0.17347828284371572
8926,2965725.0,0.17361992561040793
8927,2965785.0,0.173764445559113
8928,2965845.0,0.17401162455788358
8929,2965905.0,0.17418834613707015
8930,2965965.0,0.17429259988033743
8931,2966025.0,0.17374928193026598
8932,2966085.0,0.1713745172477152
8933,2966145.0,0.16970451901683078
8934,2966205.0,0.16831042601913396
8935,2966265.0,0.16800404688693862
8936,2966325.0,0.1676329225109824
8937,2966385.0,0.16720014207834658
8938,2966445.0,0.16672374327047404
8939,2966505.0,0.16690493592151232
8940,2966565.0,0.16718757318792568
8941,2966625.0,0.16736228706658293
8942,2966685.0,0.16741085330787478
8943,2966745.0,0.16692116968650353
8944,2966805.0,0.16661812582750532
8945,2966865.0,0.166406846974776
8946,2966925.0,0.16604172630922423
8947,2966985.0,0.16568564281649242
8948,2967045.0,0.16539155808224518
8949,2967105.0,0.16516697550911877
8950,2967165.0,0.16501362848593806
8951,2967225.0,0.1648536624240308
8952,2967285.0,0.16468229527696057
8953,2967345.0,0.16522098609240557
8954,2967405.0,0.16565270705734983
8955,2967465.0,0.16604101719330658
8956,2967525.0,0.16642588316573934
8957,2967585.0,0.16600939167286347
8958,2967645.0,0.16507219941327764
8959,2967705.0,0.16498619186123695
8960,2967765.0,0.164949250548911
8961,2967825.0,0.16487121526979623
8962,2967885.0,0.16474388012816985
8963,2967945.0,0.16457455265683738
8964,2968005.0,0.16363500029720904
8965,2968065.0,0.1628282184350399
8966,2968125.0,0.16276659044152111
8967,2968185.0,0.16356260785694546
8968,2968245.0,0.16414382229649246
8969,2968305.0,0.16463823169989902
8970,2968365.0,0.16509763047968087
8971,2968425.0,0.16558871887338986
8972,2968485.0,0.1654396766290175
8973,2968545.0,0.1653050850517684
8974,2968605.0,0.16515815674859471
8975,2968665.0,0.1648823837242053
8976,2968725.0,0.16452063969379113
8977,2968785.0,0.16318934328344317
8978,2968845.0,0.16197285137690112
8979,2968905.0,0.16162130857091014
8980,2968965.0,0.16127866061123466
8981,2969025.0,0.1616300511386146
8982,2969085.0,0.1619998348038663
8983,2969145.0,0.1623747202472202
8984,2969205.0,0.162833349732073
8985,2969265.0,0.1632213050931607
8986,2969325.0,0.1634738832449518
8987,2969385.0,0.16187812630793222
8988,2969445.0,0.16135422845032613
8989,2969505.0,0.16082748332746297
8990,2969565.0,0.16021685758577212
8991,2969628.0,0.15958889645213195
8992,2969685.0,0.15901041175405514
8993,2969745.0,0.1584647910846441
8994,2969805.0,0.15800807518216034
8995,2969865.0,0.15765772783932566
8996,2969925.0,0.1620213810264464
8997,2969985.0,0.1623617801311418
8998,2970045.0,0.16270184160422133
8999,2970105.0,0.16304756455760663
9000,2970165.0,0.1634718692512758
9001,2970225.0,0.16396565656685372
9002,2970285.0,0.16379666338919094
9003,2970345.0,0.16367372076571488
9004,2970405.0,0.16355480620703736
9005,2970465.0,0.1633928482592312
9006,2970525.0,0.16320646320387258
9007,2970585.0,0.16306846391932509
9008,2970645.0,0.16297356018531015
9009,2970705.0,0.16283483056266687
9010,2970765.0,0.16267995179324543
9011,2970825.0,0.1632574535840299
9012,2970885.0,0.16375674647456587
9013,2970945.0,0.16422650763504856
9014,2971005.0,0.1646545406537148
9015,2971065.0,0.16509490364866805
9016,2971128.0,0.16488643126266697
9017,2971185.0,0.16469443792928515
9018,2971245.0,0.1645535038133207
9019,2971305.0,0.16445303377328016
9020,2971365.0,0.1643545329322064
9021,2971425.0,0.16424415455489152
9022,2971485.0,0.1641448550717339
9023,2971545.0,0.16478205083210976
9024,2971605.0,0.16538377764176618
9025,2971665.0,0.16592515355139517
9026,2971725.0,0.16644515875613972
9027,2971785.0,0.1669559643810413
9028,2971845.0,0.16680050860916248
9029,2971905.0,0.16669062741530918
9030,2971965.0,0.16663272103162183
9031,2972025.0,0.16648615000380504
9032,2972085.0,0.1663060853218575
9033,2972145.0,0.16612767698488531
9034,2972205.0,0.16598129310836743
9035,2972265.0,0.16585414262514644
9036,2972325.0,0.16572780189526562
9037,2972385.0,0.1656217883752085
9038,2972445.0,0.16552660406807782
9039,2972505.0,0.16619559465477238
9040,2972565.0,0.16682649105814254
9041,2972628.0,0.16740564340334088
9042,2972685.0,0.16793581834887347
9043,2972745.0,0.16844022720381516
9044,2972805.0,0.1689461103208956
9045,2972865.0,0.1687939352579926
9046,2972925.0,0.16866692112555356
9047,2972985.0,0.16858385604475815
9048,2973045.0,0.16852014196736206
9049,2973105.0,0.16843837593547242
9050,2973165.0,0.16834220283174042
9051,2973225.0,0.16825091720574917
9052,2973285.0,0.1681661953084473
9053,2973345.0,0.16886408950301043
9054,2973405.0,0.16950395762981665
9055,2973465.0,0.1700835010603536
9056,2973525.0,0.17063276869404922
9057,2973585.0,0.17117389946677877
9058,2973645.0,0.17106304344892378
9059,2973705.0,0.17101968818181554
9060,2973765.0,0.17098364537545838
9061,2973825.0,0.17076228643870364
9062,2973885.0,0.1705055890020655
9063,2973945.0,0.17026450577355715
9064,2974005.0,0.1701759688195764
9065,2974065.0,0.17026086341040422
9066,2974125.0,0.1704109127216856
9067,2974185.0,0.1705869069376866
9068,2974248.0,0.17074096302029299
9069,2974305.0,0.1708877415330007
9070,2974365.0,0.1717424533735202
9071,2974425.0,0.1724791637294946
9072,2974485.0,0.17310027984839607
9073,2974545.0,0.17366803074004392
9074,2974605.0,0.17350661127322067
9075,2974665.0,0.17348385793435786
9076,2974725.0,0.17281061707742149
9077,2974785.0,0.17210334080418657
9078,2974845.0,0.171407683123499
9079,2974905.0,0.1707373218770016
9080,2974965.0,0.17010986825570582
9081,2975025.0,0.1694993540507568
9082,2975085.0,0.16893495900173258
9083,2975145.0,0.16899692616403775
9084,2975205.0,0.16901951114489058
9085,2975265.0,0.1697304171833637
9086,2975325.0,0.17046278671797663
9087,2975385.0,0.17118349634134986
9088,2975445.0,0.17192808532475992
9089,2975505.0,0.1719932254158291
9090,2975565.0,0.1720343031766385
9091,2975625.0,0.1720319689337463
9092,2975685.0,0.17188162030547036
9093,2975745.0,0.17166454918924703
9094,2975805.0,0.17143704452305333
9095,2975865.0,0.17042674384413345
9096,2975925.0,0.16946896895374405
9097,2975985.0,0.16868846034243704
9098,2976045.0,0.16875637269851088
9099,2976105.0,0.16876715603627826
9100,2976165.0,0.16947383504099608
9101,2976225.0,0.17008110537604756
9102,2976285.0,0.17062899525330552
9103,2976345.0,0.1712034576102375
9104,2976405.0,0.17184969238861916
9105,2976465.0,0.17122168003766894
9106,2976525.0,0.1705740949953354
9107,2976585.0,0.1700691351962599
9108,2976645.0,0.16947664073096216
9109,2976705.0,0.16883716523465167
9110,2976765.0,0.1681863011283549
9111,2976825.0,0.1682129255808227
9112,2976885.0,0.16827183076640181
9113,2976945.0,0.16825310073607055
9114,2977005.0,0.16819123371091219
9115,2977065.0,0.16890562625642971
9116,2977125.0,0.16959345314212707
9117,2977185.0,0.1702414931444751
9118,2977245.0,0.1702432367196873
9119,2977305.0,0.16950216565024476
9120,2977365.0,0.16887998230225384
9121,2977425.0,0.1683758706355082
9122,2977485.0,0.16781121793005357
9123,2977545.0,0.16778561597353694
9124,2977605.0,0.16770235044877999
9125,2977665.0,0.16763678737272095
9126,2977725.0,0.16780611348556604
9127,2977785.0,0.16804870874797925
9128,2977845.0,0.16824194951217067
9129,2977905.0,0.168355475235368
9130,2977965.0,0.16911294781178068
9131,2978025.0,0.16982699948075144
9132,2978085.0,0.17049576213352394
9133,2978145.0,0.17043925373348615
9134,2978205.0,0.1704857473881248
9135,2978265.0,0.17058268118956124
9136,2978325.0,0.17000825359214713
9137,2978385.0,0.16942727209017452
9138,2978445.0,0.1694959978818372
9139,2978505.0,0.1695596440266072
9140,2978565.0,0.16952413455933393
9141,2978625.0,0.16951858825765456
9142,2978685.0,0.16952854120526165
9143,2978745.0,0.16957053695171012
9144,2978805.0,0.1695900244227189
9145,2978865.0,0.1703372673317418
9146,2978925.0,0.17103065928774855
9147,2978985.0,0.17080813561819122
9148,2979045.0,0.17074426895559772
9149,2979105.0,0.17009830382534544
9150,2979165.0,0.16953088920910556
9151,2979225.0,0.16901766739831262
9152,2979285.0,0.1689898123808928
9153,2979345.0,0.1688423343944078
9154,2979405.0,0.1687380427921825
9155,2979465.0,0.16878246864629484
9156,2979525.0,0.16890569586435336
9157,2979585.0,0.16909835619733102
9158,2979645.0,0.16921853260415784
9159,2979705.0,0.17009349806981774
9160,2979765.0,0.17080654751081922
9161,2979825.0,0.17072011307038873
9162,2979885.0,0.17056435153164343
9163,2979945.0,0.17044343363957767
9164,2980005.0,0.17041032574598056
9165,2980065.0,0.1697434041961072
9166,2980125.0,0.1691439289533981
9167,2980185.0,0.1684086884002218
9168,2980245.0,0.16828141798224436
9169,2980305.0,0.16820145576081194
9170,2980365.0,0.16822523708376794
9171,2980425.0,0.16828864644021432
9172,2980485.0,0.16840612379603978
9173,2980545.0,0.16845884470955333
9174,2980605.0,0.16839945072577792
9175,2980665.0,0.16913244876278036
9176,2980725.0,0.16513468723304178
9177,2980785.0,0.16510732664680697
9178,2980845.0,0.16511899390466325
9179,2980905.0,0.16518070086664058
9180,2980965.0,0.16442237055130113
9181,2981025.0,0.16372781060160305
9182,2981085.0,0.16376100204307
9183,2981145.0,0.16380863252926633
9184,2981205.0,0.16385386830610452
9185,2981265.0,0.16388450631993015
9186,2981325.0,0.16393607684002812
9187,2981385.0,0.1639420160539858
9188,2981445.0,0.16389170234606806
9189,2981505.0,0.16387183511947187
9190,2981565.0,0.16461675184275096
9191,2981625.0,0.16459691184500905
9192,2981685.0,0.1646090146066255
9193,2981745.0,0.16466068250166413
9194,2981805.0,0.16406550421978247
9195,2981865.0,0.16346413273610597
9196,2981925.0,0.16356871939548315
9197,2981985.0,0.1637222550619922
9198,2982045.0,0.1637238429112219
9199,2982105.0,0.1636201782744615
9200,2982165.0,0.16354943228641342
9201,2982225.0,0.16354747374845244
9202,2982285.0,0.16352801470204695
9203,2982345.0,0.1627733097775447
9204,2982405.0,0.16206483395137697
9205,2982465.0,0.16218580986727862
9206,2982525.0,0.16225402290389565
9207,2982585.0,0.16225845818496346
9208,2982645.0,0.16291864000512127
9209,2982705.0,0.16286683645587172
9210,2982765.0,0.16280394909636267
9211,2982825.0,0.16289987913589846
9212,2982885.0,0.1629403534463351
9213,2982945.0,0.16290040037891604
9214,2983005.0,0.16284148534096124
9215,2983065.0,0.16280888260308016
9216,2983125.0,0.16283838605848913
9217,2983185.0,0.16283919050206716
9218,2983245.0,0.16282602575411095
9219,2983305.0,0.16280808566033492
9220,2983365.0,0.16280707836984112
9221,2983425.0,0.1628070482781129
9222,2983485.0,0.16281538882487454
9223,2983545.0,0.16285900476239987
9224,2983605.0,0.1622465959455828
9225,2983665.0,0.1623384138893129
9226,2983725.0,0.16246024346939378
9227,2983785.0,0.16255528862752003
9228,2983845.0,0.16260031105470493
9229,2983905.0,0.16261229049581763
9230,2983965.0,0.16261610539898216
9231,2984025.0,0.16262555356910816
9232,2984085.0,0.16261909585654546
9233,2984145.0,0.16256787321441166
9234,2984205.0,0.16249393542078464
9235,2984265.0,0.16243462676364626
9236,2984325.0,0.16238290634194644
9237,2984385.0,0.1623612380958522
9238,2984445.0,0.16239102220234106
9239,2984505.0,0.1623435001585671
9240,2984565.0,0.16222056254905878
9241,2984628.0,0.1621466343092419
9242,2984685.0,0.16207489357979935
9243,2984745.0,0.16201136296737403
9244,2984805.0,0.16192080640481785
9245,2984865.0,0.16184041859653372
9246,2984925.0,0.16176982526660763
9247,2984985.0,0.1617674052090878
9248,2985045.0,0.16176434684265031
9249,2985105.0,0.1617536136421354
9250,2985165.0,0.16175882932770183
9251,2985225.0,0.16187523563337772
9252,2985285.0,0.16196752262584604
9253,2985345.0,0.16199357855583443
9254,2985405.0,0.16274856065878426
9255,2985465.0,0.1634018162952561
9256,2985525.0,0.16334916307658195
9257,2985585.0,0.16329403246724897
9258,2985645.0,0.1633756488822423
9259,2985705.0,0.16354385081423037
9260,2985765.0,0.16368700754651763
9261,2985825.0,0.1637659274129273
9262,2985885.0,0.16376530037332285
9263,2985945.0,0.1645326349465784
9264,2986005.0,0.16523177355605126
9265,2986065.0,0.16509820344423795
9266,2986125.0,0.16498989588997195
9267,2986185.0,0.16495013880566858
9268,2986245.0,0.1649436532442646
9269,2986305.0,0.16564204129085433
9270,2986365.0,0.16561326599514262
9271,2986425.0,0.16562613615134944
9272,2986485.0,0.16583116675535123
9273,2986545.0,0.1660935875094897
9274,2986605.0,0.16633361976049096
9275,2986665.0,0.16766669193324216
9276,2986725.0,0.1684981678509118
9277,2986785.0,0.16917299357175378
9278,2986845.0,0.16972426405496158
9279,2986905.0,0.17031294725508597
9280,2986965.0,0.1701883886571596
9281,2987025.0,0.17016037380372587
9282,2987085.0,0.16954776939607533
9283,2987145.0,0.16889194745046346
9284,2987205.0,0.1682257471935942
9285,2987265.0,0.16827228881625075
9286,2987325.0,0.16827580976764914
9287,2987385.0,0.1731807267982152
9288,2987445.0,0.17394487940130213
9289,2987505.0,0.17469219285762358
9290,2987568.0,0.1753577083642918
9291,2987625.0,0.17595984911055687
9292,2987685.0,0.1765405680147896
9293,2987745.0,0.17717560822194692
9294,2987805.0,0.17784285949704562
9295,2987865.0,0.177723901231207
9296,2987925.0,0.17764367874079037
9297,2987985.0,0.176919688443654
9298,2988045.0,0.1768783550390474
9299,2988105.0,0.1769135559956532
9300,2988165.0,0.17691117038070267
9301,2988225.0,0.177613477708059
9302,2988288.0,0.1783658064157603
9303,2988345.0,0.17841013242865292
9304,2988405.0,0.17846421699251466
9305,2988465.0,0.17854098400561838
9306,2988525.0,0.1786217207979727
9307,2988585.0,0.17869358436610353
9308,2988645.0,0.17875662783606608
9309,2988705.0,0.17957620888039386
9310,2988765.0,0.17948707742358685
9311,2988825.0,0.17933487090260622
9312,2988888.0,0.17920108584846164
9313,2988945.0,0.17917008758537148
9314,2989005.0,0.17918421082066135
9315,2989065.0,0.17919975848807754
9316,2989125.0,0.1798269874010803
9317,2989185.0,0.1804132663517223
9318,2989245.0,0.18096344989976562
9319,2989305.0,0.18150915002164533
9320,2989365.0,0.18142041533470113
9321,2989425.0,0.18133661591303304
9322,2989485.0,0.1813197420835516
9323,2989545.0,0.18133628962300694
9324,2989605.0,0.18134517708151457
9325,2989665.0,0.1805614501986508
9326,2989725.0,0.1806262938922815
9327,2989785.0,0.1806937297776902
9328,2989845.0,0.18073651889711553
9329,2989905.0,0.18138386008888172
9330,2989965.0,0.18194749517092543
9331,2990025.0,0.18243256842390773
9332,2990085.0,0.18242595426891864
9333,2990145.0,0.1825145779682398
9334,2990205.0,0.1826563503164821
9335,2990265.0,0.1827815435454824
9336,2990325.0,0.18286477574649299
9337,2990385.0,0.18285779601709465
9338,2990445.0,0.18366951170852167
9339,2990505.0,0.18346645118822139
9340,2990565.0,0.18333833948811631
9341,2990625.0,0.18324657879821096
9342,2990685.0,0.18321138075356594
9343,2990745.0,0.1832315335965942
9344,2990805.0,0.18327131540549826
9345,2990868.0,0.18403342889299415
9346,2990925.0,0.18473685142109023
9347,2990985.0,0.18547043942702227
9348,2991045.0,0.1862663830214845
9349,2991105.0,0.18706180136684272
9350,2991165.0,0.18779655612906185
9351,2991225.0,0.18845338112353652
9352,2991285.0,0.1890217664536709
9353,2991345.0,0.18963903200458213
9354,2991405.0,0.18962512935759926
9355,2991465.0,0.1888663210693944
9356,2991525.0,0.18818436360151222
9357,2991585.0,0.18852028648575422
9358,2991645.0,0.1887313153328665
9359,2991705.0,0.1888185941703203
9360,2991765.0,0.18958237455146162
9361,2991825.0,0.19015310008418732
9362,2991885.0,0.19065620689207405
9363,2991945.0,0.1911495000843624
9364,2992005.0,0.19169836955434563
9365,2992065.0,0.1923532432669671
9366,2992125.0,0.19233194547052293
9367,2992185.0,0.19230319813677235
9368,2992245.0,0.19233109850874577
9369,2992305.0,0.1931774697729877
9370,2992365.0,0.19315444045273347
9371,2992425.0,0.19305264289910232
9372,2992485.0,0.1929363693071803
9373,2992545.0,0.19283863288939987
9374,2992605.0,0.1934320023458274
9375,2992665.0,0.19402947803650875
9376,2992725.0,0.19457902063193863
9377,2992785.0,0.1953262991584657
9378,2992845.0,0.19616560471411384
9379,2992905.0,0.19706298991558144
9380,2992965.0,0.19781949855377937
9381,2993025.0,0.19858493240333522
9382,2993085.0,0.1993832598941054
9383,2993145.0,0.1992309986761057
9384,2993208.0,0.19935064281467466
9385,2993265.0,0.19876211318224793
9386,2993325.0,0.19830188422564451
9387,2993385.0,0.19797424345362444
9388,2993445.0,0.19771118881767066
9389,2993505.0,0.19811579467168064
9390,2993565.0,0.19847229082886383
9391,2993625.0,0.19994632198524423
9392,2993685.0,0.20136131104717112
9393,2993745.0,0.20172956767941233
9394,2993805.0,0.20208329678569373
9395,2993865.0,0.2024606191633607
9396,2993925.0,0.20283457836645594
9397,2993985.0,0.20326033873998137
9398,2994045.0,0.20370054471227975
9399,2994105.0,0.2031892090419102
9400,2994165.0,0.20370151890306756
9401,2994225.0,0.20429519821623285
9402,2994285.0,0.20489483045674725
9403,2994345.0,0.20519165975754752
9404,2994405.0,0.20597536503277145
9405,2994465.0,0.2066898752132579
9406,2994525.0,0.20668644162635644
9407,2994585.0,0.20669336410682407
9408,2994645.0,0.2067997864004351
9409,2994705.0,0.2080121165557273
9410,2994765.0,0.20927572056456886
9411,2994825.0,0.21052540462818434
9412,2994885.0,0.21079751407594907
9413,2994945.0,0.21037684154097339
9414,2995005.0,0.21006882277159486
9415,2995065.0,0.21089055209977894
9416,2995125.0,0.2117009943930667
9417,2995185.0,0.21145685488697527
9418,2995245.0,0.2117491088400638
9419,2995305.0,0.2120295875897881
9420,2995365.0,0.213498712434277
9421,2995425.0,0.21521546757154567
9422,2995485.0,0.21691246921512544
9423,2995545.0,0.21834726892824527
9424,2995605.0,0.2188080504006942
9425,2995665.0,0.21929545391947888
9426,2995725.0,0.21976003070817815
9427,2995785.0,0.2201519725861503
9428,2995845.0,0.22059633398215198
9429,2995905.0,0.22224950354943154
9430,2995965.0,0.22293693519438798
9431,2996025.0,0.22349072847272225
9432,2996085.0,0.22277133515371453
9433,2996145.0,0.22241426874155165
9434,2996205.0,0.22211479807694048
9435,2996265.0,0.22170306295961853
9436,2996325.0,0.22198871524331357
9437,2996385.0,0.22354009231546898
9438,2996445.0,0.22516295814191292
9439,2996505.0,0.22650129683726852
9440,2996565.0,0.22774764823801877
9441,2996625.0,0.22800545567721317
9442,2996685.0,0.22831668287416698
9443,2996745.0,0.22924175190052568
9444,2996805.0,0.22983788662325896
9445,2996865.0,0.23047960035715845
9446,2996925.0,0.23022743101253565
9447,2996985.0,0.22999034993401415
9448,2997045.0,0.2297462947683425
9449,2997105.0,0.2305112504220362
9450,2997165.0,0.23182130822417404
9451,2997225.0,0.23299972963050689
9452,2997285.0,0.23324529936524283
9453,2997345.0,0.23353361927026886
9454,2997405.0,0.23385298027376525
9455,2997465.0,0.23305887717995946
9456,2997525.0,0.23375003703912825
9457,2997585.0,0.2344603797107229
9458,2997645.0,0.23422364952302452
9459,2997705.0,0.23400586995806408
9460,2997765.0,0.233747562541233
9461,2997825.0,0.2344058592524925
9462,2997885.0,0.2355496135585299
9463,2997945.0,0.23581811177033932
9464,2998005.0,0.23609859273256198
9465,2998065.0,0.23638166586897033
9466,2998125.0,0.23765975366673034
9467,2998185.0,0.23390464565582816
9468,2998245.0,0.23434110035322844
9469,2998305.0,0.23394672712061135
9470,2998365.0,0.23367887554205632
9471,2998425.0,0.23342854787422915
9472,2998485.0,0.23407831558548994
9473,2998545.0,0.2345657007287589
9474,2998605.0,0.23416366702728
9475,2998665.0,0.23384159603349788
9476,2998725.0,0.2335547672425217
9477,2998785.0,0.23500888807928114
9478,2998845.0,0.2363082299578523
9479,2998905.0,0.23746791438721296
9480,2998965.0,0.2385660849583149
9481,2999025.0,0.23801167842033363
9482,2999085.0,0.2375535940339031
9483,2999145.0,0.23790203375313382
9484,2999205.0,0.23826206116407603
9485,2999265.0,0.2386012777474851
9486,2999325.0,0.2399059096591216
9487,2999385.0,0.24104846407963135
9488,2999445.0,0.2412633556227022
9489,2999505.0,0.2407837322952753
9490,2999565.0,0.24047034777407497
9491,2999625.0,0.24113760520961539
9492,2999685.0,0.24168248589537858
9493,2999745.0,0.24210341985904735
9494,2999805.0,0.2424811301010004
9495,2999865.0,0.24280516813589595
9496,2999925.0,0.2431180726674034
9497,2999985.0,0.2434364317600102
9498,3000045.0,0.24377412561879316
9499,3000105.0,0.24334269766630565
9500,3000165.0,0.2436527869621469
9501,3000225.0,0.24399395269746563
9502,3000285.0,0.2451551436191113
9503,3000345.0,0.2462425105313714
9504,3000405.0,0.24647926419861113
9505,3000465.0,0.24674885151688938
9506,3000525.0,0.24629125851032066
9507,3000585.0,0.24686655767067853
9508,3000645.0,0.24735931732569197
9509,3000705.0,0.24786851447373295
9510,3000765.0,0.24834816447998473
9511,3000825.0,0.24882181277239382
9512,3000885.0,0.24910597662066217
9513,3000945.0,0.24945499333751622
9514,3001005.0,0.24980317129832377
9515,3001065.0,0.2511091614248223
9516,3001125.0,0.25225559019807364
9517,3001185.0,0.2524218531525214
9518,3001245.0,0.25187833226976575
9519,3001305.0,0.25154706410902783
9520,3001365.0,0.2522664084891916
9521,3001425.0,0.2528501855568258
9522,3001485.0,0.2533342765797081
9523,3001545.0,0.25274429664625886
9524,3001605.0,0.2522697558443113
9525,3001665.0,0.2518061123038897
9526,3001725.0,0.25236248533046013
9527,3001785.0,0.25286245926657125
9528,3001845.0,0.25331930830363747
9529,3001905.0,0.2537395290888884
9530,3001965.0,0.2540922650353682
9531,3002025.0,0.2536598469892839
9532,3002085.0,0.2532716351514358
9533,3002145.0,0.2529133249177261
9534,3002205.0,0.25410796478093445
9535,3002265.0,0.25520814460641306
9536,3002325.0,0.2562123789555114
9537,3002385.0,0.25619028441523073
9538,3002445.0,0.2563634797202422
9539,3002505.0,0.25664063542804105
9540,3002565.0,0.2569523365701063
9541,3002625.0,0.2572992721273445
9542,3002685.0,0.2576554074057449
9543,3002745.0,0.2580096947894356
9544,3002805.0,0.2575647565979996
9545,3002865.0,0.2571446225656243
9546,3002925.0,0.25836303775874625
9547,3002985.0,0.2595486852666391
9548,3003045.0,0.26059592399918663
9549,3003105.0,0.26077554742824316
9550,3003165.0,0.26100629684506205
9551,3003225.0,0.26135169043704864
9552,3003285.0,0.2617270151848231
9553,3003345.0,0.26211112806747605
9554,3003405.0,0.2624963048134519
9555,3003465.0,0.26291096723552065
9556,3003525.0,0.2625352548841223
9557,3003585.0,0.2643531287662573
9558,3003645.0,0.2646415197279741
9559,3003705.0,0.264828551709561
9560,3003765.0,0.26504595534636
9561,3003825.0,0.2651661230872293
9562,3003885.0,0.26529500613562484
9563,3003945.0,0.2656528725784483
9564,3004005.0,0.26580131916051464
9565,3004065.0,0.266838612200363
9566,3004125.0,0.26778668907717984
9567,3004185.0,0.26858234429348626
9568,3004245.0,0.2692932878747265
9569,3004305.0,0.26917219171190176
9570,3004365.0,0.2691056357674205
9571,3004425.0,0.2688207329408744
9572,3004485.0,0.26853062623392154
9573,3004545.0,0.2692290749349977
9574,3004605.0,0.2699099048528496
9575,3004665.0,0.26974647753508463
9576,3004725.0,0.2696166512982999
9577,3004785.0,0.27044318680249335
9578,3004845.0,0.2711535952957419
9579,3004905.0,0.27197727209667455
9580,3004968.0,0.2717514578271292
9581,3005025.0,0.2715176442244882
9582,3005085.0,0.27131040900106707
9583,3005145.0,0.27134335074449134
9584,3005205.0,0.2704998910673223
9585,3005265.0,0.2699539136405409
9586,3005325.0,0.27012092791155706
9587,3005385.0,0.271185369147548
9588,3005445.0,0.27207453321601716
9589,3005505.0,0.2718437830659648
9590,3005565.0,0.27158685330370314
9591,3005625.0,0.27136821783501175
9592,3005685.0,0.2713375768590034
9593,3005745.0,0.271305301253856
9594,3005805.0,0.27219992059913256
9595,3005865.0,0.27186419709525655
9596,3005925.0,0.27148581216633993
9597,3005985.0,0.2720452844644262
9598,3006045.0,0.2726216273926684
9599,3006105.0,0.2731977018125843
9600,3006165.0,0.27266028922687424
9601,3006225.0,0.2720628407742913
9602,3006285.0,0.270782771070455
9603,3006345.0,0.269782054496319
9604,3006405.0,0.2697457165491167
9605,3006465.0,0.2696650704143635
9606,3006525.0,0.2695740471428507
9607,3006585.0,0.2702741431202037
9608,3006645.0,0.270908885652661
9609,3006705.0,0.2695201870163405
9610,3006765.0,0.26831060155159203
9611,3006825.0,0.2681177760596991
9612,3006885.0,0.26917201537998514
9613,3006945.0,0.2698159508151561
9614,3007005.0,0.2703381350730836
9615,3007065.0,0.27093270667304836
9616,3007125.0,0.27073586988513587
9617,3007185.0,0.2693585197232049
9618,3007245.0,0.26794565516255786
9619,3007305.0,0.26761659390302683
9620,3007365.0,0.26732565084311577
9621,3007425.0,0.26725358984204917
9622,3007485.0,0.2671848141936011
9623,3007545.0,0.26578247751898865
9624,3007605.0,0.2647814483030638
9625,3007665.0,0.26482696042275944
9626,3007725.0,0.2657004662144302
9627,3007785.0,0.26634028543876165
9628,3007845.0,0.2661351847583783
9629,3007905.0,0.26494761805798717
9630,3007965.0,0.2639254874327034
9631,3008025.0,0.26299978007118396
9632,3008085.0,0.26386841019281737
9633,3008145.0,0.26463611147195687
9634,3008205.0,0.2645497742770787
9635,3008265.0,0.26448860320716194
9636,3008325.0,0.26339907550607533
9637,3008385.0,0.2623804448626966
9638,3008445.0,0.2623566215440294
9639,3008505.0,0.263337684688285
9640,3008565.0,0.2641558413844053
9641,3008625.0,0.2639031375714388
9642,3008685.0,0.2628417747168228
9643,3008745.0,0.26280643452784835
9644,3008808.0,0.26281178847360553
9645,3008865.0,0.26274108684240716
9646,3008925.0,0.26243742209612586
9647,3008985.0,0.2621150689410673
9648,3009045.0,0.2617739425015706
9649,3009105.0,0.26231355663382816
9650,3009165.0,0.2627771609244529
9651,3009225.0,0.2624119634644768
9652,3009285.0,0.26127173066650344
9653,3009345.0,0.2613638415807925
9654,3009405.0,0.262129828643095
9655,3009465.0,0.2627604094364546
9656,3009525.0,0.26318994139111174
9657,3009585.0,0.26275258170865556
9658,3009645.0,0.2616933720673783
9659,3009708.0,0.26075899972695127
9660,3009765.0,0.25987003586496493
9661,3009825.0,0.2598707284074214
9662,3009885.0,0.26075429712783393
9663,3009945.0,0.26150912207700516
9664,3010005.0,0.2613787021501799
9665,3010065.0,0.2612752489288843
9666,3010125.0,0.260190319294339
9667,3010185.0,0.2592356218606686
9668,3010245.0,0.2592018804690265
9669,3010305.0,0.25919640772589947
9670,3010365.0,0.25919237930789163
9671,3010425.0,0.25825696638704243
9672,3010485.0,0.2583426055959631
9673,3010545.0,0.2583714931963501
9674,3010605.0,0.25755716652893146
9675,3010665.0,0.2568062020396531
9676,3010725.0,0.2560870179824849
9677,3010785.0,0.255357927349147
9678,3010845.0,0.25542514916540293
9679,3010905.0,0.2561660351691709
9680,3010965.0,0.25601872006611137
9681,3011025.0,0.2559147328187491
9682,3011085.0,0.25502611898935434
9683,3011145.0,0.2541730140584495
9684,3011205.0,0.2541544835564157
9685,3011265.0,0.25507517581907235
9686,3011325.0,0.2559609309422647
9687,3011385.0,0.2557685467412042
9688,3011445.0,0.25566719341533994
9689,3011505.0,0.25472931609477933
9690,3011565.0,0.25399854204574146
9691,3011625.0,0.25332625892865035
9692,3011685.0,0.2534484865030524
9693,3011745.0,0.2534841039462904
9694,3011805.0,0.2543601893536569
9695,3011865.0,0.25408053454500457
9696,3011925.0,0.25305990383395083
9697,3011985.0,0.2530790121744312
9698,3012045.0,0.2530560969681873
9699,3012105.0,0.25289398028183274
9700,3012165.0,0.2519002684884388
9701,3012225.0,0.25215555828368963
9702,3012285.0,0.25234316876482266
9703,3012345.0,0.253445771571557
9704,3012408.0,0.2543237779123849
9705,3012465.0,0.25509396014092756
9706,3012525.0,0.2548255714908625
9707,3012585.0,0.25460025476317716
9708,3012645.0,0.2543360048830591
9709,3012705.0,0.2541584860665701
9710,3012768.0,0.253328807596068
9711,3012825.0,0.25338466462115483
9712,3012885.0,0.2533965856123003
9713,3012945.0,0.2542362183247927
9714,3013005.0,0.2541179906459191
9715,3013065.0,0.2532512022795539
9716,3013125.0,0.2524742106178688
9717,3013185.0,0.2517137102803687
9718,3013245.0,0.2510138471143196
9719,3013305.0,0.25042292263073673
9720,3013365.0,0.2508381446766337
9721,3013425.0,0.25113121504319513
9722,3013485.0,0.2503193192372589
9723,3013545.0,0.24962957730674482
9724,3013605.0,0.24971374872579524
9725,3013665.0,0.2497209998861886
9726,3013725.0,0.24872992211370396
9727,3013785.0,0.2487635900299239
9728,3013845.0,0.24890077127495205
9729,3013905.0,0.24817554359809427
9730,3013965.0,0.24757308980776974
9731,3014025.0,0.2469980581436603
9732,3014085.0,0.24748166931870982
9733,3014145.0,0.24783123702024848
9734,3014205.0,0.24806752033249316
9735,3014265.0,0.24726821933473644
9736,3014325.0,0.24736045044339958
9737,3014385.0,0.246171522349913
9738,3014445.0,0.24624986337372698
9739,3014505.0,0.24632550847344706
9740,3014565.0,0.24638275453994343
9741,3014625.0,0.24640199082719952
9742,3014685.0,0.24633850503509383
9743,3014745.0,0.24700337111639767
9744,3014805.0,0.2476185449176824
9745,3014865.0,0.24658299936440017
9746,3014925.0,0.24559654411144463
9747,3014985.0,0.24480498069806209
9748,3015045.0,0.2451375941445648
9749,3015105.0,0.2461530767171101
9750,3015165.0,0.24704152135645244
9751,3015225.0,0.2460781218276197
9752,3015285.0,0.24530212007734756
9753,3015345.0,0.24464751700431395
9754,3015405.0,0.24486872523535055
9755,3015465.0,0.24571292811155362
9756,3015525.0,0.24632211672796764
9757,3015585.0,0.2452363012874714
9758,3015645.0,0.24437211152965613
9759,3015705.0,0.2435606243267582
9760,3015765.0,0.2435937863618278
9761,3015825.0,0.2434890028987721
9762,3015885.0,0.24330951154180405
9763,3015945.0,0.2431813125651973
9764,3016005.0,0.2440958907182085
9765,3016065.0,0.24471061145922537
9766,3016125.0,0.24525409641278914
9767,3016185.0,0.24480826065318426
9768,3016245.0,0.24385823145247046
9769,3016305.0,0.24309211760667734
9770,3016365.0,0.24233788003011233
9771,3016425.0,0.24239602537536445
9772,3016485.0,0.2431568920523313
9773,3016545.0,0.24388299378403802
9774,3016605.0,0.24364548428849483
9775,3016665.0,0.24352863283437173
9776,3016725.0,0.24271457625876428
9777,3016785.0,0.24205188840771044
9778,3016845.0,0.24146527186061492
9779,3016905.0,0.24084581773869765
9780,3016965.0,0.24128994357336855
9781,3017025.0,0.24164956217811082
9782,3017085.0,0.24182005880713606
9783,3017145.0,0.24199019420550003
9784,3017205.0,0.24214933227603383
9785,3017265.0,0.24226527209675416
9786,3017325.0,0.24234124316849534
9787,3017385.0,0.24254453260323125
9788,3017445.0,0.24261943871567523
9789,3017505.0,0.24261252311482598
9790,3017565.0,0.2426785660213466
9791,3017625.0,0.2418927942595587
9792,3017685.0,0.24195610310343038
9793,3017745.0,0.24220172445183288
9794,3017805.0,0.24255541698325564
9795,3017865.0,0.2428810986435785
9796,3017925.0,0.2435691209536244
9797,3017985.0,0.24369181910751728
9798,3018045.0,0.2437871417684375
9799,3018105.0,0.24399291240251422
9800,3018165.0,0.24410630476244385
9801,3018225.0,0.24492384772151368
9802,3018285.0,0.24569181960876166
9803,3018345.0,0.2456390980088591
9804,3018405.0,0.24567528271106345
9805,3018465.0,0.24471758671751906
9806,3018525.0,0.2448533017485607
9807,3018585.0,0.24508079152122228
9808,3018645.0,0.24589999351835065
9809,3018705.0,0.2467474454219605
9810,3018765.0,0.24762305537804455
9811,3018825.0,0.24843215030245383
9812,3018885.0,0.24828071004327248
9813,3018945.0,0.24736043312333136
9814,3019005.0,0.24733575779927894
9815,3019065.0,0.24733954201029737
9816,3019125.0,0.24828659693207736
9817,3019185.0,0.24919300847568074
9818,3019245.0,0.2500599766696867
9819,3019305.0,0.24898563760731848
9820,3019365.0,0.24812364216570268
9821,3019425.0,0.24843866252113692
9822,3019485.0,0.24953235108673608
9823,3019545.0,0.25035616146757766
9824,3019608.0,0.2510457701257581
9825,3019665.0,0.2517691379756005
9826,3019725.0,0.2509347089080294
9827,3019785.0,0.2502544240459369
9828,3019845.0,0.2497141370468249
9829,3019905.0,0.24922683153249373
9830,3019965.0,0.24969285965238966
9831,3020025.0,0.25090010917093475
9832,3020085.0,0.25190445757810187
9833,3020145.0,0.25175624471160796
9834,3020205.0,0.25103281179526593
9835,3020265.0,0.25045460312238277
9836,3020325.0,0.25569326550470206
9837,3020385.0,0.2559253148274985
9838,3020445.0,0.2568065874430959
9839,3020505.0,0.25766914367153937
9840,3020565.0,0.25771534385854933
9841,3020625.0,0.2578325303033462
9842,3020685.0,0.2570776112056158
9843,3020745.0,0.25745476882207097
9844,3020805.0,0.25858840388365967
9845,3020865.0,0.25962771963827813
9846,3020925.0,0.25968227990171244
9847,3020985.0,0.2597470428455594
9848,3021045.0,0.2599035816884341
9849,3021105.0,0.26126275150947176
9850,3021165.0,0.2621596971296173
9851,3021225.0,0.2630268834368068
9852,3021285.0,0.26305825006928707
9853,3021345.0,0.26319093877291033
9854,3021405.0,0.2641013999466325
9855,3021465.0,0.2648985128227219
9856,3021525.0,0.26568751657945544
9857,3021585.0,0.266490599621545
9858,3021645.0,0.2664755421377947
9859,3021705.0,0.2657868675943533
9860,3021765.0,0.26597334150241325
9861,3021825.0,0.2670489896109435
9862,3021885.0,0.26798172337635573
9863,3021945.0,0.2689034926158125
9864,3022005.0,0.26899229198073227
9865,3022065.0,0.26817992580652394
9866,3022125.0,0.26743363063351633
9867,3022185.0,0.2678003550423089
9868,3022245.0,0.26802475797160263
9869,3022305.0,0.26899615075999905
9870,3022365.0,0.2697789683310957
9871,3022425.0,0.27047722011748887
9872,3022485.0,0.27037204141172133
9873,3022545.0,0.2703782702861387
9874,3022605.0,0.269567375232041
9875,3022665.0,0.26992293784335086
9876,3022725.0,0.27107330330204094
9877,3022785.0,0.2721213589924817
9878,3022845.0,0.27222954572008506
9879,3022905.0,0.27246676531306835
9880,3022965.0,0.2737444836599545
9881,3023025.0,0.2737371837760868
9882,3023085.0,0.27368524599188737
9883,3023145.0,0.273650805379299
9884,3023205.0,0.2736537647581383
9885,3023265.0,0.27283220133994823
9886,3023325.0,0.2721000380686813
9887,3023385.0,0.27149020592722906
9888,3023445.0,0.27100477742230655
9889,3023505.0,0.2714633900732676
9890,3023565.0,0.2725864955674848
9891,3023625.0,0.27360410668178925
9892,3023685.0,0.2745954013813152
9893,3023745.0,0.2746886951235332
9894,3023805.0,0.274788221924659
9895,3023865.0,0.27561888337524176
9896,3023925.0,0.27556812594855007
9897,3023985.0,0.2756132624541898
