,time,m4
0,3639648.0,0.050464814814814817
1,3639705.0,0.05056574074074075
2,3639765.0,0.05049629629629631
3,3639825.0,0.050829629629629634
4,3639885.0,0.05101851851851853
5,3639945.0,0.051006481481481486
6,3640005.0,0.0510351851851852
7,3640065.0,0.05099444444444445
8,3640125.0,0.05123425925925927
9,3640185.0,0.051449074074074085
10,3640245.0,0.05148796296296297
11,3640305.0,0.05132685185185186
12,3640365.0,0.05111481481481482
13,3640425.0,0.051199074074074084
14,3640488.0,0.05129074074074074
15,3640545.0,0.051545370370370366
16,3640605.0,0.05170555555555556
17,3640665.0,0.05156203703703705
18,3640725.0,0.051449074074074085
19,3640785.0,0.05138425925925927
20,3640845.0,0.05156296296296297
21,3640905.0,0.051789814814814816
22,3640965.0,0.05180925925925927
23,3641025.0,0.05158055555555557
24,3641085.0,0.05138240740740742
25,3641145.0,0.051258333333333336
26,3641205.0,0.05131944444444445
27,3641265.0,0.051401851851851865
28,3641325.0,0.05149537037037038
29,3641385.0,0.05127777777777778
30,3641445.0,0.0511425925925926
31,3641505.0,0.05092685185185186
32,3641565.0,0.05089722222222223
33,3641625.0,0.051014814814814825
34,3641685.0,0.05102870370370372
35,3641745.0,0.05075740740740742
36,3641805.0,0.05050555555555557
37,3641865.0,0.05047870370370371
38,3641925.0,0.050458333333333334
39,3641985.0,0.05060092592592593
40,3642045.0,0.0507925925925926
41,3642105.0,0.0506212962962963
42,3642165.0,0.05022222222222223
43,3642225.0,0.0504138888888889
44,3642285.0,0.05041666666666667
45,3642345.0,0.05059074074074075
46,3642405.0,0.05063425925925927
47,3642465.0,0.05043055555555556
48,3642525.0,0.05015833333333334
49,3642588.0,0.050082407407407416
50,3642645.0,0.050064814814814826
51,3642705.0,0.050262962962962975
52,3642765.0,0.050651851851851865
53,3642825.0,0.0507138888888889
54,3642885.0,0.05058981481481482
55,3642945.0,0.0505351851851852
56,3643005.0,0.05077407407407408
57,3643065.0,0.050958333333333335
58,3643125.0,0.05106944444444445
59,3643188.0,0.05107870370370371
60,3643245.0,0.05109444444444445
61,3643305.0,0.051131481481481486
62,3643365.0,0.051155555555555565
63,3643425.0,0.05151203703703704
64,3643485.0,0.0518712962962963
65,3643545.0,0.05194537037037037
66,3643605.0,0.051855555555555564
67,3643665.0,0.051767592592592594
68,3643725.0,0.05185185185185185
69,3643785.0,0.05197685185185185
70,3643845.0,0.05195277777777778
71,3643905.0,0.052024074074074084
72,3643965.0,0.05195277777777778
73,3644025.0,0.05175833333333334
74,3644085.0,0.05164074074074074
75,3644145.0,0.05182222222222223
76,3644205.0,0.05210462962962963
77,3644265.0,0.05193055555555556
78,3644325.0,0.05168703703703704
79,3644385.0,0.05152129629629629
80,3644445.0,0.05126574074074074
81,3644505.0,0.05114629629629629
82,3644565.0,0.05122222222222222
83,3644625.0,0.05113796296296296
84,3644685.0,0.05093796296296296
85,3644745.0,0.05072314814814815
86,3644805.0,0.050519444444444436
87,3644865.0,0.050657407407407415
88,3644925.0,0.05075
89,3644985.0,0.050890740740740736
90,3645045.0,0.050782407407407415
91,3645105.0,0.05069814814814815
92,3645165.0,0.05073611111111112
93,3645225.0,0.05088611111111111
94,3645285.0,0.051175925925925916
95,3645345.0,0.05107314814814815
96,3645405.0,0.050838888888888885
97,3645465.0,0.05071481481481481
98,3645525.0,0.05086574074074073
99,3645585.0,0.051033333333333326
100,3645645.0,0.05125277777777777
101,3645705.0,0.05137222222222222
102,3645765.0,0.05121018518518518
103,3645825.0,0.05091759259259258
104,3645888.0,0.05068055555555555
105,3645945.0,0.05053425925925925
106,3646005.0,0.050547222222222216
107,3646065.0,0.050533333333333326
108,3646125.0,0.050483333333333325
109,3646185.0,0.050231481481481474
110,3646245.0,0.050029629629629625
111,3646305.0,0.049977777777777774
112,3646368.0,0.04993055555555555
113,3646425.0,0.049978703703703706
114,3646485.0,0.04988055555555556
115,3646545.0,0.04967407407407408
116,3646605.0,0.049703703703703715
117,3646665.0,0.04966944444444445
118,3646725.0,0.049830555555555565
119,3646785.0,0.049881481481481485
120,3646845.0,0.0498675925925926
121,3646905.0,0.049642592592592585
122,3646965.0,0.04937037037037037
123,3647025.0,0.04930462962962963
124,3647085.0,0.04942592592592592
125,3647145.0,0.049512037037037035
126,3647205.0,0.04943425925925925
127,3647265.0,0.04925185185185185
128,3647325.0,0.049463888888888884
129,3647385.0,0.04967037037037037
130,3647445.0,0.04974537037037036
131,3647505.0,0.049831481481481484
132,3647565.0,0.04990648148148148
133,3647625.0,0.05014351851851851
134,3647685.0,0.050116666666666664
135,3647745.0,0.05004629629629628
136,3647805.0,0.05008333333333332
137,3647865.0,0.05038333333333332
138,3647925.0,0.05049629629629628
139,3647985.0,0.050562037037037016
140,3648045.0,0.050734259259259236
141,3648105.0,0.050875925925925915
142,3648165.0,0.05112870370370368
143,3648225.0,0.05094444444444442
144,3648285.0,0.050734259259259236
145,3648348.0,0.0504472222222222
146,3648405.0,0.050174999999999984
147,3648465.0,0.049987962962962935
148,3648525.0,0.04999074074074072
149,3648585.0,0.0500722222222222
150,3648645.0,0.049991666666666636
151,3648705.0,0.04980185185185183
152,3648765.0,0.04952499999999997
153,3648825.0,0.04943796296296293
154,3648885.0,0.04957777777777775
155,3648945.0,0.049755555555555525
156,3649005.0,0.0499009259259259
157,3649065.0,0.0497722222222222
158,3649125.0,0.049543518518518494
159,3649185.0,0.049571296296296266
160,3649245.0,0.04967037037037034
161,3649305.0,0.04995370370370368
162,3649365.0,0.05003611111111108
163,3649425.0,0.05001111111111108
164,3649485.0,0.04988611111111108
165,3649545.0,0.04981574074074071
166,3649605.0,0.04995925925925923
167,3649665.0,0.05004166666666664
168,3649725.0,0.05012685185185183
169,3649785.0,0.04993611111111109
170,3649845.0,0.049933333333333316
171,3649905.0,0.04999259259259257
172,3649965.0,0.050118518518518486
173,3650025.0,0.050316666666666635
174,3650085.0,0.05031203703703701
175,3650145.0,0.0502009259259259
176,3650205.0,0.04999629629629627
177,3650265.0,0.05066666666666664
178,3650325.0,0.05094259259259256
179,3650385.0,0.05109351851851848
180,3650448.0,0.05131296296296293
181,3650505.0,0.05103055555555552
182,3650565.0,0.0508546296296296
183,3650625.0,0.05074074074074071
184,3650685.0,0.050835185185185164
185,3650745.0,0.05091574074074071
186,3650805.0,0.050830555555555525
187,3650865.0,0.05072222222222219
188,3650925.0,0.05058055555555552
189,3650985.0,0.05054814814814812
190,3651045.0,0.05049629629629627
191,3651105.0,0.05056018518518516
192,3651165.0,0.05061481481481479
193,3651225.0,0.050491666666666636
194,3651285.0,0.050434259259259234
195,3651345.0,0.050265740740740715
196,3651405.0,0.05026666666666663
197,3651465.0,0.050463888888888864
198,3651525.0,0.050630555555555526
199,3651585.0,0.0507009259259259
200,3651645.0,0.05052407407407405
201,3651705.0,0.05037685185185183
202,3651765.0,0.05040925925925923
203,3651825.0,0.05073703703703701
204,3651885.0,0.050956481481481464
205,3651945.0,0.050986111111111086
206,3652005.0,0.05084444444444442
207,3652065.0,0.05073888888888887
208,3652125.0,0.05070740740740739
209,3652185.0,0.05091018518518517
210,3652245.0,0.0509685185185185
211,3652305.0,0.05095648148148146
212,3652365.0,0.05075740740740739
213,3652425.0,0.05045092592592591
214,3652485.0,0.05025370370370368
215,3652545.0,0.05011018518518517
216,3652605.0,0.049938888888888866
217,3652665.0,0.04969537037037036
218,3652725.0,0.049493518518518506
219,3652785.0,0.049237037037037024
220,3652845.0,0.04895092592592591
221,3652905.0,0.04875833333333332
222,3652965.0,0.04862407407407406
223,3653025.0,0.048479629629629616
224,3653085.0,0.048311111111111096
225,3653145.0,0.048100925925925915
226,3653205.0,0.04789537037037035
227,3653265.0,0.04781944444444443
228,3653325.0,0.04778148148148146
229,3653385.0,0.04760833333333332
230,3653445.0,0.0474148148148148
231,3653505.0,0.04712962962962961
232,3653565.0,0.04672870370370369
233,3653625.0,0.046541666666666655
234,3653685.0,0.04647962962962962
235,3653745.0,0.04636759259259258
236,3653805.0,0.04608888888888888
237,3653865.0,0.04571944444444444
238,3653925.0,0.04548981481481481
239,3653985.0,0.04531203703703703
240,3654045.0,0.04508148148148148
241,3654105.0,0.044792592592592585
242,3654165.0,0.04452037037037037
243,3654225.0,0.044156481481481484
244,3654285.0,0.043850925925925925
245,3654345.0,0.04368055555555556
246,3654405.0,0.04354814814814815
247,3654465.0,0.04339537037037037
248,3654525.0,0.04316759259259259
249,3654588.0,0.04281944444444445
250,3654645.0,0.04268888888888889
251,3654705.0,0.0427
252,3654765.0,0.04276481481481482
253,3654825.0,0.04270740740740741
254,3654885.0,0.0426287037037037
255,3654945.0,0.04248055555555556
256,3655005.0,0.042267592592592586
257,3655065.0,0.042210185185185184
258,3655125.0,0.04205277777777778
259,3655185.0,0.04199351851851852
260,3655245.0,0.041776851851851864
261,3655305.0,0.04161111111111111
262,3655365.0,0.041351851851851855
263,3655425.0,0.0412212962962963
264,3655485.0,0.04113981481481482
265,3655545.0,0.041069444444444436
266,3655605.0,0.040921296296296296
267,3655665.0,0.04060648148148148
268,3655725.0,0.04034074074074074
269,3655785.0,0.04009722222222222
270,3655845.0,0.039947222222222224
271,3655905.0,0.039797222222222234
272,3655965.0,0.03951481481481482
273,3656025.0,0.03919074074074075
274,3656085.0,0.03885740740740742
275,3656145.0,0.03872129629629631
276,3656205.0,0.03869814814814816
277,3656265.0,0.038539814814814825
278,3656325.0,0.03813333333333335
279,3656385.0,0.037781481481481485
280,3656445.0,0.03733425925925927
281,3656505.0,0.036925000000000006
282,3656565.0,0.03675740740740741
283,3656625.0,0.03663981481481482
284,3656685.0,0.03654074074074075
285,3656745.0,0.0363212962962963
286,3656805.0,0.036195370370370385
287,3656865.0,0.03613240740740741
288,3656925.0,0.036050000000000006
289,3656985.0,0.0360212962962963
290,3657045.0,0.035918518518518516
291,3657105.0,0.035748148148148154
292,3657165.0,0.035591666666666674
293,3657225.0,0.035512037037037036
294,3657285.0,0.035470370370370374
295,3657345.0,0.035472222222222224
296,3657405.0,0.03515
297,3657465.0,0.034907407407407415
298,3657525.0,0.034595370370370374
299,3657585.0,0.0342925925925926
300,3657645.0,0.03403703703703704
301,3657705.0,0.0340037037037037
302,3657765.0,0.034025
303,3657825.0,0.03395833333333333
304,3657885.0,0.03371759259259259
305,3657945.0,0.033466666666666665
306,3658005.0,0.03328055555555556
307,3658065.0,0.03317777777777778
308,3658125.0,0.03289166666666666
309,3658185.0,0.03259907407407407
310,3658245.0,0.03228518518518518
311,3658305.0,0.03199259259259258
312,3658365.0,0.03172314814814814
313,3658425.0,0.03117777777777777
314,3658485.0,0.031074999999999988
315,3658545.0,0.03096574074074073
316,3658605.0,0.030931481481481476
317,3658665.0,0.030745370370370364
318,3658728.0,0.03073425925925925
319,3658785.0,0.030745370370370364
320,3658845.0,0.03089907407407406
321,3658905.0,0.031026851851851844
322,3658965.0,0.031012037037037032
323,3659025.0,0.03107962962962962
324,3659085.0,0.031231481481481468
325,3659145.0,0.031378703703703686
326,3659205.0,0.031466666666666664
327,3659265.0,0.031474074074074064
328,3659325.0,0.03137962962962962
329,3659385.0,0.031352777777777764
330,3659445.0,0.031376851851851836
331,3659505.0,0.03147499999999998
332,3659565.0,0.031479629629629614
333,3659625.0,0.03120648148148147
334,3659688.0,0.030912037037037026
335,3659745.0,0.030568518518518505
336,3659805.0,0.03027777777777776
337,3659865.0,0.030068518518518505
338,3659925.0,0.029900925925925914
339,3659985.0,0.02961944444444443
340,3660045.0,0.029234259259259245
341,3660105.0,0.028830555555555536
342,3660165.0,0.028503703703703687
343,3660225.0,0.02824999999999998
344,3660285.0,0.028140740740740727
345,3660345.0,0.028051851851851838
346,3660408.0,0.02786574074074072
347,3660465.0,0.02779814814814813
348,3660525.0,0.027712962962962943
349,3660585.0,0.027793518518518502
350,3660645.0,0.02765833333333332
351,3660705.0,0.02744999999999998
352,3660768.0,0.02727037037037035
353,3660825.0,0.02716388888888887
354,3660885.0,0.027166666666666648
355,3660945.0,0.027167592592592573
356,3661005.0,0.02719166666666665
357,3661065.0,0.02663611111111109
358,3661125.0,0.026405555555555536
359,3661185.0,0.026131481481481464
360,3661245.0,0.025842592592592573
361,3661305.0,0.02595462962962961
362,3661365.0,0.02600648148148146
363,3661428.0,0.026041666666666647
364,3661485.0,0.02595462962962961
365,3661545.0,0.02583796296296294
366,3661605.0,0.025874999999999974
367,3661665.0,0.025982407407407385
368,3661725.0,0.025963888888888863
369,3661785.0,0.025893518518518496
370,3661845.0,0.025836111111111087
371,3661905.0,0.02575462962962961
372,3661965.0,0.02568981481481479
373,3662025.0,0.025661111111111086
374,3662085.0,0.025582407407407384
375,3662145.0,0.02549907407407405
376,3662205.0,0.025136111111111085
377,3662265.0,0.024961111111111083
378,3662325.0,0.024807407407407382
379,3662385.0,0.024651851851851824
380,3662445.0,0.024574074074074047
381,3662505.0,0.02439814814814812
382,3662565.0,0.024179629629629603
383,3662625.0,0.0238009259259259
384,3662685.0,0.023473148148148118
385,3662745.0,0.023254629629629604
386,3662808.0,0.023102777777777757
387,3662865.0,0.02301481481481479
388,3662925.0,0.02275833333333331
389,3662985.0,0.02241666666666664
390,3663045.0,0.022256481481481453
391,3663105.0,0.02208148148148145
392,3663165.0,0.02206203703703701
393,3663225.0,0.02202777777777775
394,3663285.0,0.02198518518518516
395,3663345.0,0.02198518518518516
396,3663405.0,0.02201574074074071
397,3663465.0,0.022205555555555527
398,3663525.0,0.022257407407407382
399,3663585.0,0.022333333333333302
400,3663645.0,0.02236203703703701
401,3663705.0,0.022381481481481454
402,3663765.0,0.02237777777777775
403,3663825.0,0.022364814814814785
404,3663885.0,0.022331481481481445
405,3663945.0,0.022244444444444414
406,3664005.0,0.022222222222222192
407,3664065.0,0.02222129629629627
408,3664125.0,0.0222296296296296
409,3664185.0,0.02229814814814812
410,3664245.0,0.022330555555555527
411,3664305.0,0.02231666666666664
412,3664365.0,0.02239351851851849
413,3664425.0,0.022427777777777748
414,3664488.0,0.02242314814814812
415,3664545.0,0.02239166666666664
416,3664605.0,0.022310185185185155
417,3664668.0,0.022294444444444412
418,3664728.0,0.022290740740740708
419,3664785.0,0.0222546296296296
420,3664845.0,0.02222129629629627
421,3664905.0,0.022172222222222197
422,3664965.0,0.022119444444444417
423,3665025.0,0.02207129629629627
424,3665085.0,0.021934259259259237
425,3665145.0,0.02182870370370368
426,3665205.0,0.021840740740740716
427,3665265.0,0.021898148148148118
428,3665325.0,0.021870370370370342
429,3665385.0,0.021999999999999967
430,3665445.0,0.021906481481481454
431,3665505.0,0.021814814814814787
432,3665565.0,0.021746296296296267
433,3665625.0,0.02181759259259256
434,3665685.0,0.021964814814814784
435,3665745.0,0.0221046296296296
436,3665805.0,0.022332407407407374
437,3665865.0,0.02241296296296293
438,3665925.0,0.02261851851851849
439,3665985.0,0.022749999999999968
440,3666045.0,0.022951851851851824
441,3666105.0,0.023165740740740712
442,3666165.0,0.02331018518518516
443,3666225.0,0.023459259259259232
444,3666285.0,0.02353240740740738
445,3666345.0,0.0235722222222222
446,3666405.0,0.023592592592592568
447,3666465.0,0.023636111111111087
448,3666525.0,0.02364444444444442
449,3666585.0,0.023656481481481452
450,3666645.0,0.023690740740740717
451,3666705.0,0.023674074074074045
452,3666765.0,0.02375555555555553
453,3666825.0,0.023737037037037008
454,3666885.0,0.02371759259259256
455,3666945.0,0.023730555555555533
456,3667005.0,0.0236759259259259
457,3667065.0,0.023633333333333305
458,3667125.0,0.02370277777777775
459,3667185.0,0.023636111111111083
460,3667245.0,0.023651851851851827
461,3667305.0,0.02361759259259256
462,3667365.0,0.023610185185185158
463,3667425.0,0.023626851851851826
464,3667485.0,0.02362129629629627
465,3667545.0,0.02361666666666664
466,3667605.0,0.02351574074074072
467,3667665.0,0.02344999999999997
468,3667725.0,0.023353703703703682
469,3667785.0,0.02326481481481479
470,3667845.0,0.02322407407407405
471,3667905.0,0.023213888888888864
472,3667965.0,0.02323888888888886
473,3668025.0,0.023284259259259237
474,3668085.0,0.02343240740740738
475,3668145.0,0.023504629629629605
476,3668205.0,0.023588888888888864
477,3668265.0,0.023761111111111087
478,3668325.0,0.023851851851851832
479,3668385.0,0.02395462962962961
480,3668445.0,0.024102777777777758
481,3668505.0,0.024076851851851832
482,3668565.0,0.024016666666666645
483,3668625.0,0.02395648148148146
484,3668685.0,0.023898148148148127
485,3668745.0,0.023916666666666645
486,3668805.0,0.023908333333333316
487,3668865.0,0.023846296296296275
488,3668928.0,0.02387037037037035
489,3668985.0,0.0239148148148148
490,3669048.0,0.023887037037037016
491,3669105.0,0.023938888888888867
492,3669165.0,0.02405185185185183
493,3669225.0,0.024133333333333312
494,3669285.0,0.024164814814814795
495,3669345.0,0.024215740740740718
496,3669405.0,0.024140740740740727
497,3669465.0,0.024060185185185167
498,3669525.0,0.02400740740740739
499,3669585.0,0.023926851851851838
500,3669645.0,0.023803703703703688
501,3669705.0,0.02370925925925924
502,3669765.0,0.023522222222222205
503,3669825.0,0.02340092592592591
504,3669885.0,0.02321759259259257
505,3669945.0,0.02304814814814813
506,3670005.0,0.022865740740740718
507,3670065.0,0.02271759259259257
508,3670125.0,0.02250555555555554
509,3670185.0,0.02225092592592591
510,3670245.0,0.02207129629629628
511,3670305.0,0.021913888888888868
512,3670365.0,0.021850925925925902
513,3670425.0,0.02190462962962961
514,3670485.0,0.021935185185185162
515,3670545.0,0.022017592592592568
516,3670605.0,0.022067592592592573
517,3670665.0,0.022149074074074054
518,3670725.0,0.022262962962962943
519,3670785.0,0.02242037037037035
520,3670845.0,0.022567592592592573
521,3670905.0,0.022712037037037017
522,3670965.0,0.02287962962962961
523,3671025.0,0.02295462962962961
524,3671085.0,0.022999074074074054
525,3671145.0,0.022960185185185163
526,3671205.0,0.022882407407407386
527,3671265.0,0.022867592592592568
528,3671325.0,0.0228972222222222
529,3671385.0,0.02295555555555553
530,3671445.0,0.022959259259259242
531,3671505.0,0.02295462962962961
532,3671565.0,0.0229259259259259
533,3671625.0,0.022817592592592573
534,3671685.0,0.022687962962962945
535,3671745.0,0.022551851851851837
536,3671805.0,0.022362962962962942
537,3671865.0,0.022278703703703686
538,3671925.0,0.02215740740740739
539,3671985.0,0.02206018518518517
540,3672045.0,0.02196203703703702
541,3672105.0,0.0217648148148148
542,3672165.0,0.02151018518518517
543,3672225.0,0.02127499999999998
544,3672285.0,0.021026851851851838
545,3672345.0,0.020780555555555538
546,3672405.0,0.02057962962962961
547,3672465.0,0.02041018518518517
548,3672525.0,0.020224999999999986
549,3672585.0,0.02004166666666665
550,3672645.0,0.019874074074074054
551,3672705.0,0.019766666666666648
552,3672765.0,0.01968611111111109
553,3672825.0,0.019608333333333314
554,3672885.0,0.019591666666666646
555,3672945.0,0.019533333333333312
556,3673005.0,0.019596296296296275
557,3673065.0,0.019496296296296275
558,3673125.0,0.019334259259259242
559,3673185.0,0.019232407407407386
560,3673245.0,0.01913518518518516
561,3673305.0,0.019057407407407388
562,3673365.0,0.01906018518518517
563,3673425.0,0.019044444444444426
564,3673485.0,0.019120370370370357
565,3673545.0,0.01908333333333332
566,3673605.0,0.01902685185185184
567,3673665.0,0.019078703703703688
568,3673725.0,0.01912592592592591
569,3673785.0,0.01922314814814813
570,3673845.0,0.01918611111111109
571,3673905.0,0.019224074074074057
572,3673965.0,0.01926203703703702
573,3674025.0,0.019365740740740718
574,3674085.0,0.019616666666666647
575,3674145.0,0.019808333333333317
576,3674205.0,0.019940740740740717
577,3674265.0,0.019891666666666648
578,3674325.0,0.01983611111111109
579,3674385.0,0.019812037037037017
580,3674445.0,0.019876851851851837
581,3674505.0,0.020002777777777758
582,3674565.0,0.020073148148148128
583,3674625.0,0.02003611111111109
584,3674685.0,0.01990277777777776
585,3674745.0,0.01983611111111109
586,3674805.0,0.019746296296296283
587,3674865.0,0.019681481481481463
588,3674925.0,0.01966203703703702
589,3674985.0,0.019623148148148133
590,3675045.0,0.01960277777777776
591,3675105.0,0.01956111111111109
592,3675165.0,0.01947870370370369
593,3675225.0,0.01932129629629628
594,3675285.0,0.019290740740740726
595,3675345.0,0.019275925925925908
596,3675405.0,0.01931666666666665
597,3675465.0,0.0193185185185185
598,3675525.0,0.01927777777777776
599,3675585.0,0.019249074074074054
600,3675645.0,0.0192148148148148
601,3675705.0,0.01927314814814813
602,3675765.0,0.0192648148148148
603,3675825.0,0.01928240740740739
604,3675885.0,0.01930833333333332
605,3675945.0,0.019429629629629613
606,3676008.0,0.019470370370370357
607,3676065.0,0.01944259259259257
608,3676125.0,0.019401851851851837
609,3676185.0,0.01932129629629628
610,3676245.0,0.019312962962962945
611,3676305.0,0.01926111111111109
612,3676365.0,0.019158333333333315
613,3676425.0,0.018940740740740723
614,3676485.0,0.018762962962962947
615,3676545.0,0.01862685185185184
616,3676605.0,0.018444444444444427
617,3676665.0,0.01843425925925924
618,3676725.0,0.018296296296296283
619,3676785.0,0.0182148148148148
620,3676845.0,0.018020370370370357
621,3676905.0,0.017840740740740726
622,3676965.0,0.017737962962962945
623,3677025.0,0.01752685185185184
624,3677085.0,0.01749814814814813
625,3677145.0,0.01743703703703702
626,3677205.0,0.017449999999999983
627,3677265.0,0.017505555555555538
628,3677325.0,0.017590740740740726
629,3677385.0,0.017719444444444427
630,3677445.0,0.01790092592592591
631,3677505.0,0.018067592592592573
632,3677565.0,0.01802777777777776
633,3677625.0,0.01807037037037035
634,3677685.0,0.0181972222222222
635,3677745.0,0.018287962962962943
636,3677805.0,0.018428703703703683
637,3677865.0,0.018622222222222203
638,3677925.0,0.018640740740740718
639,3677985.0,0.018814814814814798
640,3678045.0,0.01904629629629628
641,3678105.0,0.01926018518518516
642,3678165.0,0.019369444444444425
643,3678225.0,0.019444444444444424
644,3678285.0,0.019501851851851836
645,3678345.0,0.01967314814814813
646,3678405.0,0.0197148148148148
647,3678465.0,0.019925925925925903
648,3678525.0,0.02010925925925924
649,3678585.0,0.02025277777777776
650,3678645.0,0.02032962962962961
651,3678705.0,0.020351851851851836
652,3678765.0,0.020270370370370352
653,3678825.0,0.0201898148148148
654,3678885.0,0.01997777777777776
655,3678945.0,0.01990555555555553
656,3679005.0,0.019837037037037014
657,3679065.0,0.019675925925925902
658,3679125.0,0.01953055555555553
659,3679185.0,0.019590740740740714
660,3679248.0,0.019513888888888862
661,3679305.0,0.01954999999999997
662,3679365.0,0.019607407407407386
663,3679425.0,0.019646296296296276
664,3679485.0,0.01974814814814813
665,3679545.0,0.019701851851851828
666,3679605.0,0.019714814814814796
667,3679665.0,0.019807407407407385
668,3679725.0,0.019891666666666644
669,3679785.0,0.01999259259259257
670,3679845.0,0.02005555555555553
671,3679905.0,0.02011759259259257
672,3679965.0,0.02013148148148146
673,3680025.0,0.02014074074074072
674,3680085.0,0.020094444444444425
675,3680145.0,0.020102777777777758
676,3680205.0,0.020104629629629608
677,3680265.0,0.02017777777777776
678,3680325.0,0.02013796296296294
679,3680385.0,0.020108333333333308
680,3680445.0,0.020092592592592568
681,3680505.0,0.02001388888888887
682,3680565.0,0.02007962962962961
683,3680625.0,0.019981481481481458
684,3680685.0,0.01993055555555553
685,3680745.0,0.019877777777777758
686,3680805.0,0.019864814814814797
687,3680865.0,0.02001574074074072
688,3680925.0,0.02012407407407405
689,3680985.0,0.02023796296296294
690,3681045.0,0.02027685185185183
691,3681105.0,0.02028148148148146
692,3681165.0,0.020214814814814797
693,3681225.0,0.020088888888888868
694,3681285.0,0.01999074074074072
695,3681345.0,0.01989074074074072
696,3681405.0,0.01986388888888887
697,3681465.0,0.01986018518518516
698,3681525.0,0.019849074074074054
699,3681585.0,0.019849999999999982
700,3681645.0,0.019830555555555532
701,3681705.0,0.01977685185185183
702,3681765.0,0.019882407407407387
703,3681825.0,0.019947222222222203
704,3681885.0,0.020045370370370352
705,3681945.0,0.020101851851851836
706,3682005.0,0.020142592592592573
707,3682065.0,0.020119444444444426
708,3682125.0,0.02017962962962961
709,3682185.0,0.02020555555555554
710,3682245.0,0.02023518518518516
711,3682305.0,0.020192592592592568
712,3682365.0,0.020063888888888867
713,3682425.0,0.02004074074074072
714,3682485.0,0.020219444444444425
715,3682545.0,0.02032962962962961
716,3682608.0,0.02038425925925924
717,3682668.0,0.02033425925925924
718,3682725.0,0.020376851851851837
719,3682785.0,0.020353703703703686
720,3682845.0,0.02038240740740739
721,3682905.0,0.020402777777777763
722,3682965.0,0.020629629629629616
723,3683025.0,0.02089629629629628
724,3683085.0,0.0210648148148148
725,3683145.0,0.021221296296296283
726,3683205.0,0.021243518518518502
727,3683265.0,0.02132962962962961
728,3683325.0,0.02137222222222221
729,3683385.0,0.0214111111111111
730,3683445.0,0.0214361111111111
731,3683505.0,0.021296296296296285
732,3683565.0,0.021162962962962956
733,3683625.0,0.021088888888888883
734,3683685.0,0.021006481481481477
735,3683745.0,0.02097777777777777
736,3683805.0,0.020931481481481468
737,3683865.0,0.02085277777777777
738,3683925.0,0.02105925925925925
739,3683985.0,0.02117499999999999
740,3684045.0,0.021322222222222208
741,3684105.0,0.0214611111111111
742,3684165.0,0.02149999999999999
743,3684225.0,0.02149166666666666
744,3684288.0,0.021355555555555548
745,3684345.0,0.02139166666666666
746,3684405.0,0.021508333333333327
747,3684465.0,0.021548148148148143
748,3684525.0,0.021672222222222214
749,3684585.0,0.021691666666666658
750,3684645.0,0.021706481481481483
751,3684705.0,0.021742592592592588
752,3684765.0,0.021767592592592592
753,3684825.0,0.021716666666666662
754,3684885.0,0.02151481481481481
755,3684945.0,0.02140648148148148
756,3685005.0,0.021262037037037038
757,3685065.0,0.021207407407407404
758,3685125.0,0.021218518518518515
759,3685185.0,0.021197222222222215
760,3685245.0,0.021185185185185185
761,3685305.0,0.021251851851851848
762,3685365.0,0.021336111111111108
763,3685425.0,0.021584259259259254
764,3685485.0,0.02177129629629629
765,3685545.0,0.021940740740740736
766,3685605.0,0.021979629629629627
767,3685665.0,0.021890740740740742
768,3685725.0,0.021878703703703702
769,3685785.0,0.021902777777777774
770,3685845.0,0.021980555555555555
771,3685905.0,0.022107407407407402
772,3685965.0,0.022307407407407404
773,3686025.0,0.022556481481481483
774,3686085.0,0.022621296296296296
775,3686145.0,0.02268703703703704
776,3686205.0,0.02260833333333333
777,3686265.0,0.022533333333333336
778,3686325.0,0.02260833333333333
779,3686385.0,0.022736111111111117
780,3686445.0,0.022822222222222226
781,3686505.0,0.02291203703703704
782,3686565.0,0.023085185185185184
783,3686625.0,0.023224074074074074
784,3686685.0,0.023385185185185186
785,3686745.0,0.023403703703703704
786,3686805.0,0.023464814814814817
787,3686865.0,0.02351296296296296
788,3686925.0,0.0236925925925926
789,3686988.0,0.02381666666666667
790,3687045.0,0.023940740740740745
791,3687105.0,0.02408240740740741
792,3687165.0,0.02418796296296297
793,3687225.0,0.024339814814814814
794,3687285.0,0.02448703703703704
795,3687345.0,0.024479629629629632
796,3687405.0,0.024504629629629637
797,3687465.0,0.0244425925925926
798,3687525.0,0.024341666666666668
799,3687585.0,0.024495370370370376
800,3687645.0,0.02457870370370371
801,3687705.0,0.024568518518518524
802,3687765.0,0.024737037037037043
803,3687825.0,0.024877777777777783
804,3687885.0,0.0248675925925926
805,3687945.0,0.024872222222222226
806,3688005.0,0.024937037037037042
807,3688065.0,0.025016666666666677
808,3688125.0,0.0250925925925926
809,3688185.0,0.025009259259259262
810,3688245.0,0.02485000000000001
811,3688305.0,0.024682407407407413
812,3688365.0,0.024672222222222227
813,3688425.0,0.024629629629629637
814,3688485.0,0.02455092592592593
815,3688548.0,0.02463518518518519
816,3688605.0,0.02460555555555556
817,3688665.0,0.024472222222222232
818,3688725.0,0.02442407407407408
819,3688785.0,0.02438240740740741
820,3688845.0,0.024330555555555564
821,3688905.0,0.02427222222222223
822,3688965.0,0.024110185185185196
823,3689025.0,0.02416111111111112
824,3689085.0,0.024191666666666674
825,3689145.0,0.024085185185185192
826,3689205.0,0.024031481481481487
827,3689265.0,0.02376388888888889
828,3689325.0,0.023540740740740744
829,3689385.0,0.02338796296296296
830,3689445.0,0.02330740740740741
831,3689505.0,0.023237037037037042
832,3689565.0,0.023296296296296298
833,3689625.0,0.023365740740740742
834,3689685.0,0.0234712962962963
835,3689745.0,0.023504629629629632
836,3689805.0,0.02345
837,3689868.0,0.02343888888888889
838,3689925.0,0.02343888888888889
839,3689985.0,0.023353703703703703
840,3690045.0,0.02333333333333333
841,3690105.0,0.023245370370370368
842,3690165.0,0.023265740740740743
843,3690225.0,0.023328703703703702
844,3690285.0,0.023281481481481483
845,3690345.0,0.023249074074074075
846,3690405.0,0.023196296296296298
847,3690465.0,0.02313796296296296
848,3690525.0,0.02303703703703704
849,3690585.0,0.02289814814814815
850,3690645.0,0.022900000000000004
851,3690705.0,0.02287870370370371
852,3690765.0,0.022924074074074083
853,3690825.0,0.02294166666666667
854,3690885.0,0.02297777777777778
855,3690945.0,0.0230175925925926
856,3691005.0,0.02307592592592593
857,3691065.0,0.023051851851851855
858,3691125.0,0.023034259259259258
859,3691185.0,0.022993518518518517
860,3691245.0,0.022847222222222224
861,3691305.0,0.02273703703703704
862,3691365.0,0.022571296296296298
863,3691425.0,0.02266666666666667
864,3691488.0,0.022592592592592598
865,3691545.0,0.022511111111111117
866,3691605.0,0.022527777777777785
867,3691665.0,0.02239907407407408
868,3691725.0,0.022328703703703708
869,3691785.0,0.022351851851851852
870,3691845.0,0.022440740740740744
871,3691905.0,0.022387962962962967
872,3691965.0,0.022584259259259262
873,3692025.0,0.022775925925925932
874,3692085.0,0.022889814814814814
875,3692145.0,0.022945370370370373
876,3692205.0,0.02300555555555556
877,3692265.0,0.02293240740740741
878,3692325.0,0.022828703703703702
879,3692385.0,0.02273333333333333
880,3692445.0,0.02278981481481481
881,3692505.0,0.022674074074074083
882,3692565.0,0.022428703703703704
883,3692625.0,0.02234351851851852
884,3692685.0,0.022325
885,3692745.0,0.02228425925925926
886,3692805.0,0.02219537037037037
887,3692865.0,0.022037962962962964
888,3692925.0,0.0218537037037037
889,3692985.0,0.02173240740740741
890,3693045.0,0.0217
891,3693105.0,0.02171296296296296
892,3693165.0,0.021893518518518517
893,3693225.0,0.022015740740740745
894,3693285.0,0.022024074074074074
895,3693345.0,0.022082407407407408
896,3693405.0,0.022386111111111117
897,3693465.0,0.02253703703703704
898,3693525.0,0.02246388888888889
899,3693585.0,0.022542592592592597
900,3693645.0,0.02248055555555556
901,3693705.0,0.022489814814814817
902,3693765.0,0.022308333333333336
903,3693825.0,0.022022222222222224
904,3693885.0,0.021894444444444446
905,3693945.0,0.021776851851851853
906,3694005.0,0.021721296296296298
907,3694065.0,0.021635185185185188
908,3694125.0,0.021576851851851854
909,3694185.0,0.02165555555555556
910,3694245.0,0.02174074074074074
911,3694305.0,0.021957407407407408
912,3694365.0,0.022018518518518517
913,3694428.0,0.022247222222222224
914,3694485.0,0.022417592592592597
915,3694545.0,0.02249537037037037
916,3694605.0,0.022613888888888888
917,3694665.0,0.022775
918,3694725.0,0.02268333333333333
919,3694785.0,0.02270740740740741
920,3694845.0,0.02256851851851852
921,3694905.0,0.022428703703703704
922,3694965.0,0.022306481481481483
923,3695025.0,0.022266666666666667
924,3695085.0,0.022250925925925927
925,3695145.0,0.022294444444444447
926,3695205.0,0.022329629629629637
927,3695265.0,0.022304629629629636
928,3695325.0,0.0221962962962963
929,3695385.0,0.02211481481481482
930,3695445.0,0.02227962962962964
931,3695505.0,0.022287962962962968
932,3695565.0,0.02228888888888889
933,3695625.0,0.022327777777777783
934,3695685.0,0.02243888888888889
935,3695745.0,0.022430555555555558
936,3695805.0,0.022575000000000005
937,3695865.0,0.022575000000000005
938,3695925.0,0.022511111111111117
939,3695985.0,0.02265833333333334
940,3696045.0,0.022662962962962968
941,3696105.0,0.02248518518518519
942,3696165.0,0.022302777777777786
943,3696225.0,0.02206851851851852
944,3696285.0,0.021924074074074082
945,3696345.0,0.021800000000000003
946,3696405.0,0.02178333333333333
947,3696465.0,0.021881481481481484
948,3696525.0,0.021773148148148156
949,3696585.0,0.021539814814814817
950,3696645.0,0.021283333333333338
951,3696705.0,0.02113518518518519
952,3696765.0,0.0208675925925926
953,3696825.0,0.020654629629629637
954,3696885.0,0.02052870370370371
955,3696945.0,0.02045555555555556
956,3697005.0,0.0205675925925926
957,3697065.0,0.020711111111111114
958,3697125.0,0.02075092592592593
959,3697185.0,0.020704629629629632
960,3697245.0,0.020732407407407408
961,3697305.0,0.0207962962962963
962,3697365.0,0.020747222222222226
963,3697425.0,0.02070555555555556
964,3697485.0,0.02072870370370371
965,3697545.0,0.02070370370370371
966,3697605.0,0.0206962962962963
967,3697665.0,0.020660185185185188
968,3697725.0,0.02065277777777778
969,3697785.0,0.020625
970,3697845.0,0.02055833333333333
971,3697905.0,0.020440740740740745
972,3697965.0,0.02043333333333333
973,3698025.0,0.020315740740740745
974,3698085.0,0.020242592592592597
975,3698145.0,0.02020555555555556
976,3698205.0,0.02020925925925926
977,3698265.0,0.020196296296296296
978,3698325.0,0.02035
979,3698385.0,0.020264814814814812
980,3698445.0,0.020320370370370367
981,3698505.0,0.02040740740740741
982,3698565.0,0.0202962962962963
983,3698625.0,0.020265740740740744
984,3698685.0,0.020210185185185192
985,3698745.0,0.020185185185185188
986,3698805.0,0.02013703703703704
987,3698865.0,0.020100925925925932
988,3698925.0,0.02010740740740741
989,3698985.0,0.020227777777777785
990,3699045.0,0.02032037037037037
991,3699105.0,0.020558333333333338
992,3699165.0,0.020682407407407413
993,3699225.0,0.020849074074074082
994,3699285.0,0.020976851851851858
995,3699345.0,0.02091388888888889
996,3699405.0,0.02097500000000001
997,3699465.0,0.021086111111111118
998,3699525.0,0.021214814814814825
999,3699585.0,0.021134259259259262
1000,3699645.0,0.02108148148148149
1001,3699708.0,0.021155555555555563
1002,3699765.0,0.02137685185185186
1003,3699825.0,0.021346296296296304
1004,3699885.0,0.02135648148148149
1005,3699945.0,0.02145185185185186
1006,3700005.0,0.02145555555555556
1007,3700065.0,0.021512962962962973
1008,3700125.0,0.021738888888888898
1009,3700185.0,0.02185925925925927
1010,3700245.0,0.021893518518518527
1011,3700305.0,0.021912962962962967
1012,3700365.0,0.021848148148148155
1013,3700425.0,0.02175370370370371
1014,3700485.0,0.02171481481481482
1015,3700545.0,0.02160092592592593
1016,3700605.0,0.021664814814814817
1017,3700665.0,0.02178055555555556
1018,3700725.0,0.021886111111111117
1019,3700785.0,0.021935185185185186
1020,3700845.0,0.022010185185185185
1021,3700905.0,0.02218703703703704
1022,3700965.0,0.022263888888888892
1023,3701025.0,0.022272222222222218
1024,3701085.0,0.022362037037037038
1025,3701145.0,0.022499074074074067
1026,3701205.0,0.022623148148148142
1027,3701265.0,0.02261111111111111
1028,3701328.0,0.022656481481481482
1029,3701385.0,0.0226787037037037
1030,3701445.0,0.02267129629629629
1031,3701505.0,0.022658333333333332
1032,3701565.0,0.022682407407407405
1033,3701625.0,0.02251574074074074
1034,3701685.0,0.02243981481481481
1035,3701748.0,0.022433333333333333
1036,3701805.0,0.02230092592592592
1037,3701865.0,0.022615740740740742
1038,3701925.0,0.022740740740740742
1039,3701985.0,0.022868518518518517
1040,3702045.0,0.023034259259259258
1041,3702105.0,0.02331851851851852
1042,3702165.0,0.02368611111111111
1043,3702228.0,0.023937037037037038
1044,3702285.0,0.02416296296296296
1045,3702345.0,0.02428518518518518
1046,3702405.0,0.024456481481481482
1047,3702465.0,0.02475833333333333
1048,3702525.0,0.02511481481481481
1049,3702585.0,0.02536759259259259
1050,3702645.0,0.025449074074074072
1051,3702705.0,0.025644444444444442
1052,3702765.0,0.02561851851851852
1053,3702825.0,0.025715740740740737
1054,3702885.0,0.02594907407407407
1055,3702945.0,0.026151851851851846
1056,3703005.0,0.02621944444444444
1057,3703065.0,0.02633425925925925
1058,3703125.0,0.026388888888888882
1059,3703185.0,0.026574999999999998
1060,3703245.0,0.02670925925925925
1061,3703305.0,0.027049999999999998
1062,3703365.0,0.02715555555555555
1063,3703425.0,0.02723611111111111
1064,3703485.0,0.027100925925925917
1065,3703545.0,0.026898148148148143
1066,3703605.0,0.02693055555555555
1067,3703665.0,0.026914814814814808
1068,3703725.0,0.026873148148148143
1069,3703785.0,0.0267787037037037
1070,3703848.0,0.026641666666666664
1071,3703905.0,0.02680185185185185
1072,3703965.0,0.02690185185185185
1073,3704025.0,0.02695740740740741
1074,3704085.0,0.02666574074074074
1075,3704145.0,0.026432407407407408
1076,3704205.0,0.026210185185185187
1077,3704265.0,0.026350925925925927
1078,3704325.0,0.02665555555555556
1079,3704385.0,0.026879629629629632
1080,3704445.0,0.027118518518518517
1081,3704505.0,0.027143518518518518
1082,3704565.0,0.02728518518518519
1083,3704625.0,0.027373148148148157
1084,3704685.0,0.027486111111111117
1085,3704745.0,0.027562037037037045
1086,3704805.0,0.02768796296296297
1087,3704865.0,0.027740740740740743
1088,3704925.0,0.027977777777777785
1089,3704985.0,0.028019444444444448
1090,3705045.0,0.028067592592592595
1091,3705105.0,0.02805555555555556
1092,3705165.0,0.02802870370370371
1093,3705225.0,0.02781111111111112
1094,3705285.0,0.0275925925925926
1095,3705345.0,0.02742592592592593
1096,3705405.0,0.02731944444444445
1097,3705465.0,0.02737685185185186
1098,3705525.0,0.027408333333333344
1099,3705585.0,0.02747592592592593
1100,3705645.0,0.02762962962962964
1101,3705705.0,0.027864814814814825
1102,3705765.0,0.02810000000000001
1103,3705825.0,0.02825555555555556
1104,3705885.0,0.02837685185185186
1105,3705945.0,0.028306481481481488
1106,3706005.0,0.02830092592592593
1107,3706065.0,0.02830092592592593
1108,3706125.0,0.0283138888888889
1109,3706185.0,0.028364814814814825
1110,3706245.0,0.028297222222222237
1111,3706305.0,0.02835092592592594
1112,3706365.0,0.0282638888888889
1113,3706425.0,0.028281481481481494
1114,3706485.0,0.02829166666666668
1115,3706545.0,0.028332407407407417
1116,3706605.0,0.028299074074074088
1117,3706665.0,0.028336111111111124
1118,3706725.0,0.028431481481481495
1119,3706785.0,0.028359259259259268
1120,3706845.0,0.028398148148148162
1121,3706905.0,0.02853333333333335
1122,3706965.0,0.02862129629629631
1123,3707028.0,0.02866666666666668
1124,3707085.0,0.028671296296296313
1125,3707145.0,0.02887870370370372
1126,3707205.0,0.028843518518518532
1127,3707268.0,0.028981481481481487
1128,3707325.0,0.028996296296296305
1129,3707385.0,0.02908240740740741
1130,3707445.0,0.02914444444444445
1131,3707505.0,0.029093518518518525
1132,3707565.0,0.029083333333333336
1133,3707625.0,0.02909074074074075
1134,3707685.0,0.02908425925925926
1135,3707745.0,0.029004629629629637
1136,3707805.0,0.028862037037037037
1137,3707865.0,0.028901851851851856
1138,3707925.0,0.028950925925925932
1139,3707985.0,0.028977777777777783
1140,3708045.0,0.02896296296296296
1141,3708105.0,0.02888333333333333
1142,3708165.0,0.02880833333333333
1143,3708225.0,0.02872037037037037
1144,3708285.0,0.02862407407407408
1145,3708345.0,0.028634259259259262
1146,3708405.0,0.02873240740740741
1147,3708465.0,0.028932407407407414
1148,3708525.0,0.02894814814814815
1149,3708585.0,0.028852777777777783
1150,3708645.0,0.028946296296296293
1151,3708705.0,0.02917314814814815
1152,3708765.0,0.029306481481481482
1153,3708825.0,0.029272222222222224
1154,3708885.0,0.029210185185185183
1155,3708945.0,0.02924166666666667
1156,3709005.0,0.029349074074074083
1157,3709065.0,0.029786111111111117
1158,3709125.0,0.029960185185185187
1159,3709185.0,0.030125925925925924
1160,3709245.0,0.03024537037037037
1161,3709305.0,0.03039814814814815
1162,3709365.0,0.030671296296296294
1163,3709425.0,0.030900925925925925
1164,3709485.0,0.031242592592592593
1165,3709545.0,0.03147592592592593
1166,3709605.0,0.03161296296296297
1167,3709665.0,0.03171481481481482
1168,3709725.0,0.0318175925925926
1169,3709785.0,0.03196481481481482
1170,3709845.0,0.03204444444444445
1171,3709905.0,0.03211574074074075
1172,3709965.0,0.032125000000000015
1173,3710025.0,0.03212777777777778
1174,3710085.0,0.03214444444444445
1175,3710145.0,0.03222685185185185
1176,3710205.0,0.03234722222222222
1177,3710265.0,0.0323462962962963
1178,3710325.0,0.032317592592592585
1179,3710385.0,0.032391666666666666
1180,3710445.0,0.03235462962962963
1181,3710505.0,0.0324
1182,3710565.0,0.03247222222222222
1183,3710625.0,0.032582407407407414
1184,3710685.0,0.032625
1185,3710745.0,0.03287407407407408
1186,3710805.0,0.032855555555555555
1187,3710865.0,0.032834259259259264
1188,3710925.0,0.0330787037037037
1189,3710985.0,0.03325092592592592
1190,3711045.0,0.03334259259259258
1191,3711105.0,0.033444444444444436
1192,3711165.0,0.033587037037037026
1193,3711225.0,0.033842592592592584
1194,3711285.0,0.03406666666666665
1195,3711345.0,0.0343398148148148
1196,3711405.0,0.034465740740740734
1197,3711465.0,0.03452499999999998
1198,3711525.0,0.034629629629629614
1199,3711585.0,0.034732407407407385
1200,3711645.0,0.03522037037037035
1201,3711705.0,0.035186111111111085
1202,3711765.0,0.0350435185185185
1203,3711825.0,0.03504166666666665
1204,3711885.0,0.035361111111111086
1205,3711945.0,0.03561388888888887
1206,3712005.0,0.0358222222222222
1207,3712065.0,0.036184259259259235
1208,3712125.0,0.03635555555555553
1209,3712188.0,0.03656203703703701
1210,3712245.0,0.036561111111111086
1211,3712305.0,0.03669907407407405
1212,3712365.0,0.03682777777777775
1213,3712425.0,0.03726203703703701
1214,3712485.0,0.0375472222222222
1215,3712545.0,0.03744074074074072
1216,3712605.0,0.03757037037037035
1217,3712665.0,0.03725833333333332
1218,3712725.0,0.03727870370370369
1219,3712785.0,0.0373398148148148
1220,3712845.0,0.0374148148148148
1221,3712905.0,0.03736203703703702
1222,3712965.0,0.037124999999999984
1223,3713025.0,0.037003703703703685
1224,3713085.0,0.037191666666666665
1225,3713145.0,0.03753703703703703
1226,3713205.0,0.03768888888888888
1227,3713265.0,0.03753981481481481
1228,3713325.0,0.037356481481481484
1229,3713385.0,0.037225
1230,3713445.0,0.03727222222222221
1231,3713505.0,0.037456481481481466
1232,3713565.0,0.037610185185185184
1233,3713625.0,0.037365740740740734
1234,3713685.0,0.03714166666666666
1235,3713745.0,0.037175925925925925
1236,3713805.0,0.03720925925925926
1237,3713865.0,0.03746851851851852
1238,3713925.0,0.03764444444444445
1239,3713985.0,0.037607407407407416
1240,3714045.0,0.03747222222222223
1241,3714105.0,0.037412037037037035
1242,3714165.0,0.03764907407407408
1243,3714225.0,0.03782962962962964
1244,3714285.0,0.03800740740740741
1245,3714345.0,0.0382962962962963
1246,3714405.0,0.03832962962962964
1247,3714465.0,0.03851296296296297
1248,3714525.0,0.038748148148148163
1249,3714585.0,0.03898611111111112
1250,3714645.0,0.03926203703703704
1251,3714708.0,0.03913518518518519
1252,3714765.0,0.038947222222222216
1253,3714825.0,0.038862037037037035
1254,3714885.0,0.03902314814814815
1255,3714945.0,0.039190740740740734
1256,3715005.0,0.03946574074074074
1257,3715065.0,0.03936666666666667
1258,3715125.0,0.03913703703703704
1259,3715185.0,0.0389425925925926
1260,3715245.0,0.03901944444444445
1261,3715305.0,0.0392675925925926
1262,3715365.0,0.03935185185185185
1263,3715425.0,0.03955
1264,3715485.0,0.03966851851851852
1265,3715545.0,0.03986851851851852
1266,3715605.0,0.03997777777777778
1267,3715665.0,0.04021481481481482
1268,3715725.0,0.040282407407407406
1269,3715785.0,0.04018425925925926
1270,3715845.0,0.04028148148148148
1271,3715905.0,0.040512962962962966
1272,3715965.0,0.040854629629629616
1273,3716025.0,0.041095370370370365
1274,3716085.0,0.041336111111111115
1275,3716145.0,0.04154814814814815
1276,3716205.0,0.041725925925925916
1277,3716265.0,0.041627777777777784
1278,3716325.0,0.041659259259259264
1279,3716385.0,0.04175
1280,3716445.0,0.041911111111111114
1281,3716505.0,0.041970370370370366
1282,3716565.0,0.04195925925925925
1283,3716625.0,0.042
1284,3716685.0,0.04210185185185185
1285,3716745.0,0.04229259259259259
1286,3716805.0,0.042557407407407405
1287,3716865.0,0.04272592592592592
1288,3716925.0,0.04281481481481481
1289,3716985.0,0.04294444444444445
1290,3717045.0,0.043105555555555564
1291,3717105.0,0.04344444444444445
1292,3717165.0,0.043732407407407414
1293,3717225.0,0.043917592592592584
1294,3717285.0,0.04400462962962963
1295,3717345.0,0.04409351851851852
1296,3717405.0,0.04423518518518518
1297,3717465.0,0.04450833333333333
1298,3717525.0,0.044771296296296295
1299,3717585.0,0.04481944444444445
1300,3717645.0,0.044874074074074066
1301,3717705.0,0.044922222222222224
1302,3717765.0,0.04507962962962963
1303,3717825.0,0.04533055555555555
1304,3717885.0,0.045628703703703706
1305,3717945.0,0.04561666666666666
1306,3718005.0,0.045805555555555565
1307,3718065.0,0.04574537037037037
1308,3718125.0,0.045913888888888886
1309,3718185.0,0.046112037037037035
1310,3718245.0,0.04635925925925927
1311,3718305.0,0.046491666666666674
1312,3718365.0,0.04660370370370371
1313,3718425.0,0.046720370370370384
1314,3718485.0,0.04699444444444445
1315,3718545.0,0.047045370370370376
1316,3718605.0,0.04742777777777778
1317,3718665.0,0.047340740740740746
1318,3718725.0,0.04741944444444445
1319,3718785.0,0.04745277777777779
1320,3718845.0,0.047475925925925935
1321,3718905.0,0.0475388888888889
1322,3718965.0,0.04777129629629631
1323,3719025.0,0.04806481481481483
1324,3719085.0,0.04822037037037039
1325,3719145.0,0.048229629629629636
1326,3719205.0,0.0481101851851852
1327,3719265.0,0.048045370370370384
1328,3719325.0,0.04815000000000001
1329,3719385.0,0.048505555555555566
1330,3719445.0,0.048496296296296315
1331,3719505.0,0.048446296296296314
1332,3719565.0,0.048475925925925936
1333,3719625.0,0.04873055555555557
1334,3719685.0,0.049031481481481495
1335,3719745.0,0.04921944444444446
1336,3719805.0,0.04926296296296298
1337,3719865.0,0.04896296296296298
1338,3719925.0,0.04891944444444446
1339,3719985.0,0.0489101851851852
1340,3720045.0,0.0490888888888889
1341,3720105.0,0.04917685185185187
1342,3720165.0,0.04901851851851853
1343,3720225.0,0.04886203703703705
1344,3720285.0,0.048717592592592604
1345,3720345.0,0.04860277777777778
1346,3720405.0,0.04865185185185186
1347,3720465.0,0.04870925925925927
1348,3720525.0,0.04862222222222223
1349,3720585.0,0.0484601851851852
1350,3720645.0,0.048328703703703714
1351,3720705.0,0.04832685185185186
1352,3720765.0,0.048498148148148165
1353,3720825.0,0.04866111111111112
1354,3720885.0,0.048721296296296304
1355,3720945.0,0.04862592592592594
1356,3721005.0,0.04848425925925927
1357,3721065.0,0.048507407407407416
1358,3721125.0,0.04887592592592594
1359,3721185.0,0.04911944444444445
1360,3721245.0,0.049290740740740746
1361,3721305.0,0.04916296296296297
1362,3721365.0,0.04940648148148149
1363,3721425.0,0.04943055555555556
1364,3721485.0,0.0495212962962963
1365,3721545.0,0.04955
1366,3721605.0,0.049633333333333335
1367,3721665.0,0.049953703703703715
1368,3721725.0,0.049513888888888885
1369,3721785.0,0.049265740740740735
1370,3721845.0,0.04916851851851852
1371,3721905.0,0.04943055555555556
1372,3721965.0,0.049450000000000015
1373,3722025.0,0.049276851851851856
1374,3722085.0,0.049147222222222224
1375,3722145.0,0.049147222222222224
1376,3722205.0,0.049240740740740745
1377,3722265.0,0.04942777777777778
1378,3722325.0,0.049459259259259265
1379,3722385.0,0.04944629629629629
1380,3722445.0,0.04893611111111111
1381,3722505.0,0.04893981481481481
1382,3722565.0,0.04922129629629629
1383,3722625.0,0.04948518518518518
1384,3722685.0,0.049375
1385,3722745.0,0.049212962962962965
1386,3722805.0,0.04907037037037037
1387,3722865.0,0.04888333333333333
1388,3722925.0,0.048851851851851855
1389,3722985.0,0.048953703703703715
1390,3723045.0,0.049100000000000005
1391,3723105.0,0.049141666666666674
1392,3723165.0,0.048975000000000005
1393,3723225.0,0.04872870370370371
1394,3723285.0,0.04864074074074075
1395,3723345.0,0.04890740740740741
1396,3723405.0,0.04904166666666667
1397,3723465.0,0.04908703703703704
1398,3723525.0,0.04896388888888889
1399,3723585.0,0.04890277777777778
1400,3723645.0,0.04891018518518519
1401,3723705.0,0.048915740740740746
1402,3723765.0,0.04906111111111112
1403,3723825.0,0.04903148148148149
1404,3723885.0,0.04871944444444445
1405,3723945.0,0.048354629629629636
1406,3724005.0,0.04841111111111112
1407,3724065.0,0.0484888888888889
1408,3724125.0,0.048537962962962984
1409,3724185.0,0.0485277777777778
1410,3724245.0,0.048388888888888905
1411,3724305.0,0.04812222222222224
1412,3724365.0,0.04795833333333335
1413,3724425.0,0.04818333333333336
1414,3724485.0,0.048500000000000015
1415,3724545.0,0.048524074074074094
1416,3724605.0,0.04844537037037039
1417,3724665.0,0.04815833333333335
1418,3724725.0,0.04801666666666669
1419,3724785.0,0.048063888888888906
1420,3724845.0,0.048152777777777794
1421,3724905.0,0.04808240740740742
1422,3724965.0,0.047805555555555566
1423,3725025.0,0.04746111111111112
1424,3725085.0,0.047371296296296314
1425,3725145.0,0.04740648148148149
1426,3725205.0,0.04751296296296297
1427,3725265.0,0.04753148148148149
1428,3725325.0,0.04744629629629631
1429,3725385.0,0.047360185185185186
1430,3725445.0,0.0473888888888889
1431,3725505.0,0.04760925925925927
1432,3725565.0,0.04786574074074075
1433,3725625.0,0.047950000000000007
1434,3725685.0,0.048063888888888885
1435,3725745.0,0.04813425925925927
1436,3725805.0,0.04799166666666668
1437,3725865.0,0.04811296296296297
1438,3725925.0,0.048293518518518534
1439,3725985.0,0.04857037037037038
1440,3726045.0,0.0485138888888889
1441,3726105.0,0.04841944444444445
1442,3726165.0,0.04834074074074075
1443,3726225.0,0.04834351851851852
1444,3726285.0,0.04841203703703704
1445,3726345.0,0.04838333333333333
1446,3726405.0,0.04824722222222223
1447,3726465.0,0.0481037037037037
1448,3726525.0,0.048080555555555564
1449,3726585.0,0.04829814814814815
1450,3726645.0,0.048310185185185185
1451,3726705.0,0.04815833333333334
1452,3726765.0,0.04794907407407408
1453,3726825.0,0.047887962962962966
1454,3726885.0,0.048291666666666684
1455,3726945.0,0.048435185185185185
1456,3727008.0,0.04856944444444445
1457,3727065.0,0.04882407407407408
1458,3727125.0,0.048925925925925935
1459,3727185.0,0.04877037037037038
1460,3727245.0,0.04860277777777778
1461,3727305.0,0.04845462962962964
1462,3727365.0,0.04845185185185186
1463,3727425.0,0.04857777777777779
1464,3727485.0,0.04850833333333335
1465,3727545.0,0.04842129629629631
1466,3727605.0,0.04818425925925928
1467,3727665.0,0.048188888888888906
1468,3727725.0,0.04826944444444446
1469,3727785.0,0.0481351851851852
1470,3727845.0,0.04794166666666669
1471,3727905.0,0.04778796296296298
1472,3727965.0,0.047673148148148166
1473,3728025.0,0.047537037037037065
1474,3728085.0,0.04766111111111113
1475,3728145.0,0.047764814814814836
1476,3728208.0,0.04772500000000002
1477,3728265.0,0.04741944444444447
1478,3728325.0,0.04712500000000002
1479,3728385.0,0.04722129629629632
1480,3728445.0,0.047363888888888914
1481,3728508.0,0.04740092592592594
1482,3728565.0,0.04737500000000002
1483,3728625.0,0.04713425925925927
1484,3728685.0,0.04700185185185186
1485,3728745.0,0.04705277777777779
1486,3728805.0,0.04710740740740742
1487,3728865.0,0.047214814814814834
1488,3728925.0,0.04719351851851853
1489,3728985.0,0.04724537037037038
1490,3729045.0,0.0471601851851852
1491,3729105.0,0.047289814814814826
1492,3729165.0,0.04746111111111112
1493,3729225.0,0.047683333333333335
1494,3729285.0,0.04766111111111112
1495,3729345.0,0.047670370370370384
1496,3729405.0,0.04770370370370371
1497,3729465.0,0.04797870370370371
1498,3729525.0,0.048049074074074084
1499,3729585.0,0.048222222222222236
1500,3729645.0,0.04828055555555557
1501,3729705.0,0.048287962962962984
1502,3729765.0,0.048229629629629636
1503,3729825.0,0.048554629629629635
1504,3729885.0,0.048644444444444455
1505,3729945.0,0.04891944444444445
1506,3730005.0,0.04917870370370371
1507,3730065.0,0.04914907407407408
1508,3730125.0,0.04892314814814815
1509,3730185.0,0.04875648148148149
1510,3730245.0,0.04894166666666667
1511,3730305.0,0.048974074074074066
1512,3730365.0,0.049093518518518516
1513,3730425.0,0.04913425925925926
1514,3730485.0,0.04886203703703704
1515,3730545.0,0.04876111111111111
1516,3730605.0,0.048716666666666665
1517,3730665.0,0.04889166666666667
1518,3730725.0,0.04891574074074074
1519,3730785.0,0.04862407407407407
1520,3730845.0,0.04831296296296296
1521,3730905.0,0.04836018518518518
1522,3730965.0,0.048508333333333334
1523,3731025.0,0.04863796296296296
1524,3731085.0,0.04866203703703703
1525,3731145.0,0.04879907407407407
1526,3731205.0,0.04868981481481481
1527,3731265.0,0.048640740740740734
1528,3731325.0,0.048656481481481474
1529,3731385.0,0.04890462962962962
1530,3731445.0,0.04916666666666666
1531,3731505.0,0.049127777777777784
1532,3731565.0,0.048902777777777774
1533,3731625.0,0.048668518518518514
1534,3731685.0,0.04864166666666666
1535,3731748.0,0.048774999999999985
1536,3731805.0,0.04884074074074073
1537,3731865.0,0.04879074074074073
1538,3731925.0,0.04838796296296295
1539,3731985.0,0.04820277777777777
1540,3732045.0,0.04811759259259258
1541,3732105.0,0.04834999999999999
1542,3732165.0,0.0481074074074074
1543,3732225.0,0.04802222222222221
1544,3732285.0,0.047797222222222206
1545,3732345.0,0.04747129629629628
1546,3732405.0,0.04782962962962962
1547,3732465.0,0.04787037037037036
1548,3732525.0,0.04817962962962962
1549,3732585.0,0.04835555555555555
1550,3732648.0,0.04839537037037036
1551,3732708.0,0.04817314814814814
1552,3732765.0,0.04824722222222221
1553,3732825.0,0.04849444444444444
1554,3732885.0,0.048716666666666665
1555,3732945.0,0.04868333333333332
1556,3733005.0,0.0485398148148148
1557,3733065.0,0.04835925925925924
1558,3733125.0,0.048394444444444434
1559,3733185.0,0.04850370370370369
1560,3733245.0,0.04866666666666665
1561,3733305.0,0.04877407407407406
1562,3733365.0,0.04858425925925925
1563,3733425.0,0.04831944444444443
1564,3733485.0,0.04818518518518517
1565,3733545.0,0.048231481481481465
1566,3733605.0,0.04833518518518517
1567,3733665.0,0.04829166666666665
1568,3733725.0,0.04814907407407406
1569,3733785.0,0.047951851851851836
1570,3733845.0,0.04797870370370369
1571,3733905.0,0.04803333333333332
1572,3733965.0,0.04815648148148147
1573,3734025.0,0.04828333333333332
1574,3734085.0,0.048229629629629615
1575,3734145.0,0.0481324074074074
1576,3734205.0,0.04804629629629628
1577,3734265.0,0.048233333333333316
1578,3734325.0,0.04850370370370369
1579,3734385.0,0.04866666666666665
1580,3734445.0,0.0486685185185185
1581,3734505.0,0.04867870370370368
1582,3734565.0,0.04869166666666665
1583,3734625.0,0.048700925925925904
1584,3734685.0,0.04902777777777775
1585,3734745.0,0.04927870370370368
1586,3734805.0,0.04909166666666665
1587,3734865.0,0.04901018518518517
1588,3734925.0,0.048984259259259234
1589,3734985.0,0.049133333333333314
1590,3735045.0,0.049373148148148124
1591,3735105.0,0.049638888888888864
1592,3735165.0,0.0497898148148148
1593,3735225.0,0.04965277777777776
1594,3735285.0,0.04941018518518516
1595,3735345.0,0.04940185185185183
1596,3735405.0,0.04955740740740738
1597,3735465.0,0.0498222222222222
1598,3735525.0,0.0498935185185185
1599,3735585.0,0.04987037037037035
1600,3735645.0,0.05027870370370368
1601,3735705.0,0.050441666666666635
1602,3735765.0,0.05071296296296294
1603,3735825.0,0.05105277777777775
1604,3735885.0,0.05108425925925923
1605,3735945.0,0.05085370370370368
1606,3736005.0,0.05063055555555553
1607,3736065.0,0.05051111111111109
1608,3736125.0,0.05069537037037035
1609,3736185.0,0.050796296296296284
1610,3736245.0,0.05056944444444442
1611,3736305.0,0.05028888888888887
1612,3736365.0,0.050069444444444416
1613,3736425.0,0.05008703703703701
1614,3736485.0,0.05005277777777775
1615,3736545.0,0.049968518518518495
1616,3736605.0,0.04990277777777776
1617,3736665.0,0.04973148148148146
1618,3736725.0,0.04973518518518516
1619,3736785.0,0.0495546296296296
1620,3736845.0,0.04966018518518515
1621,3736905.0,0.0497333333333333
1622,3736965.0,0.0497796296296296
1623,3737025.0,0.04967407407407405
1624,3737085.0,0.04952870370370367
1625,3737145.0,0.04959444444444441
1626,3737205.0,0.0498796296296296
1627,3737265.0,0.05003518518518516
1628,3737325.0,0.05007314814814812
1629,3737385.0,0.04992222222222219
1630,3737445.0,0.049814814814814784
1631,3737505.0,0.049827777777777735
1632,3737565.0,0.05006203703703701
1633,3737625.0,0.05021018518518515
1634,3737685.0,0.049771296296296265
1635,3737745.0,0.04952685185185182
1636,3737805.0,0.04935277777777774
1637,3737865.0,0.04925185185185181
1638,3737925.0,0.04923888888888885
1639,3737985.0,0.04934999999999996
1640,3738045.0,0.04945370370370366
1641,3738105.0,0.0494981481481481
1642,3738165.0,0.04956018518518514
1643,3738225.0,0.04950092592592588
1644,3738285.0,0.04972777777777773
1645,3738345.0,0.04992592592592588
1646,3738405.0,0.050012037037036994
1647,3738465.0,0.049956481481481435
1648,3738525.0,0.04992129629629625
1649,3738585.0,0.050157407407407366
1650,3738645.0,0.050412962962962916
1651,3738705.0,0.05039999999999995
1652,3738765.0,0.05045925925925921
1653,3738825.0,0.05043240740740736
1654,3738885.0,0.050164814814814766
1655,3738945.0,0.04987962962962958
1656,3739005.0,0.04968981481481476
1657,3739065.0,0.049599074074074025
1658,3739125.0,0.049508333333333286
1659,3739185.0,0.04920555555555551
1660,3739245.0,0.0488444444444444
1661,3739305.0,0.048601851851851806
1662,3739365.0,0.04841018518518514
1663,3739425.0,0.04840925925925922
1664,3739485.0,0.04823055555555551
1665,3739545.0,0.04795648148148144
1666,3739608.0,0.047766666666666624
1667,3739665.0,0.047560185185185136
1668,3739725.0,0.047483333333333294
1669,3739785.0,0.047255555555555516
1670,3739848.0,0.04718055555555552
1671,3739905.0,0.04700462962962959
1672,3739965.0,0.046789814814814784
1673,3740025.0,0.046496296296296265
1674,3740085.0,0.04628148148148144
1675,3740145.0,0.046287962962962934
1676,3740205.0,0.04594722222222219
1677,3740265.0,0.04566111111111108
1678,3740325.0,0.04542407407407404
1679,3740385.0,0.04523796296296293
1680,3740445.0,0.04517407407407404
1681,3740505.0,0.04510370370370367
1682,3740565.0,0.04500925925925922
1683,3740625.0,0.0444157407407407
1684,3740685.0,0.04416851851851848
1685,3740745.0,0.04383240740740736
1686,3740805.0,0.043503703703703656
1687,3740865.0,0.043355555555555515
1688,3740925.0,0.04336574074074069
1689,3740985.0,0.043224074074074026
1690,3741045.0,0.042912037037036985
1691,3741105.0,0.04276388888888885
1692,3741165.0,0.042416666666666616
1693,3741225.0,0.04223518518518514
1694,3741285.0,0.04219166666666662
1695,3741345.0,0.04207870370370366
1696,3741405.0,0.0418944444444444
1697,3741465.0,0.04153703703703699
1698,3741525.0,0.04127777777777773
1699,3741585.0,0.04128425925925922
1700,3741645.0,0.0412157407407407
1701,3741705.0,0.04080462962962959
1702,3741765.0,0.040493518518518484
1703,3741825.0,0.040183333333333286
1704,3741885.0,0.040019444444444406
1705,3741945.0,0.039737037037037
1706,3742005.0,0.0395796296296296
1707,3742065.0,0.03933611111111108
1708,3742125.0,0.03905370370370368
1709,3742185.0,0.038746296296296265
1710,3742245.0,0.03832777777777775
1711,3742305.0,0.03806018518518516
1712,3742365.0,0.03794814814814812
1713,3742425.0,0.03790185185185183
1714,3742485.0,0.037703703703703684
1715,3742545.0,0.03743055555555553
1716,3742605.0,0.03724074074074071
1717,3742665.0,0.037141666666666635
1718,3742725.0,0.03706759259259257
1719,3742785.0,0.03692685185185183
1720,3742845.0,0.03678611111111109
1721,3742905.0,0.036456481481481465
1722,3742965.0,0.03621481481481479
1723,3743025.0,0.03606018518518516
1724,3743085.0,0.036014814814814784
1725,3743145.0,0.0359509259259259
1726,3743205.0,0.0355509259259259
1727,3743265.0,0.03516296296296294
1728,3743325.0,0.03488240740740738
1729,3743385.0,0.03466111111111109
1730,3743445.0,0.03451111111111109
1731,3743505.0,0.03430925925925924
1732,3743565.0,0.034103703703703685
1733,3743625.0,0.03374537037037035
1734,3743685.0,0.03346018518518516
1735,3743745.0,0.03328888888888887
1736,3743805.0,0.03321111111111109
1737,3743865.0,0.03308425925925924
1738,3743928.0,0.03287685185185183
1739,3743985.0,0.032593518518518494
1740,3744045.0,0.03236481481481479
1741,3744105.0,0.032119444444444416
1742,3744165.0,0.032012962962962944
1743,3744225.0,0.03190462962962961
1744,3744285.0,0.03170277777777776
1745,3744345.0,0.0314898148148148
1746,3744405.0,0.0312398148148148
1747,3744465.0,0.031124999999999983
1748,3744525.0,0.031069444444444424
1749,3744585.0,0.030942592592592574
1750,3744645.0,0.03077962962962961
1751,3744705.0,0.030604629629629614
1752,3744765.0,0.030399999999999983
1753,3744825.0,0.030151851851851836
1754,3744885.0,0.030012962962962943
1755,3744945.0,0.029811111111111094
1756,3745005.0,0.029667592592592575
1757,3745065.0,0.0294185185185185
1758,3745125.0,0.02913518518518517
1759,3745185.0,0.0289435185185185
1760,3745245.0,0.028850925925925912
1761,3745305.0,0.02874814814814813
1762,3745365.0,0.02863703703703702
1763,3745425.0,0.028537037037037017
1764,3745485.0,0.028261111111111095
1765,3745545.0,0.028031481481481463
1766,3745605.0,0.02792592592592591
1767,3745665.0,0.02780648148148147
1768,3745725.0,0.027716666666666653
1769,3745785.0,0.027483333333333318
1770,3745845.0,0.027214814814814803
1771,3745905.0,0.02692037037037036
1772,3745965.0,0.02669537037037036
1773,3746025.0,0.02663518518518517
1774,3746085.0,0.02656574074074073
1775,3746145.0,0.02639722222222221
1776,3746205.0,0.02622037037037036
1777,3746265.0,0.02595648148148147
1778,3746325.0,0.025876851851851842
1779,3746385.0,0.025788888888888875
1780,3746445.0,0.02525833333333332
1781,3746505.0,0.025004629629629616
1782,3746565.0,0.024808333333333318
1783,3746625.0,0.02457870370370369
1784,3746685.0,0.024510185185185173
1785,3746745.0,0.024676851851851842
1786,3746805.0,0.02480370370370369
1787,3746865.0,0.024936111111111096
1788,3746925.0,0.024815740740740725
1789,3746985.0,0.024818518518518504
1790,3747045.0,0.024959259259259244
1791,3747105.0,0.02508611111111109
1792,3747165.0,0.025216666666666648
1793,3747225.0,0.025214814814814798
1794,3747285.0,0.025250925925925902
1795,3747345.0,0.025299999999999982
1796,3747408.0,0.025291666666666646
1797,3747465.0,0.025337037037037016
1798,3747525.0,0.02523148148148146
1799,3747585.0,0.02521296296296294
1800,3747645.0,0.025011111111111088
1801,3747705.0,0.024849999999999976
1802,3747765.0,0.024798148148148125
1803,3747825.0,0.02473981481481479
1804,3747885.0,0.024662037037037014
1805,3747945.0,0.024440740740740718
1806,3748005.0,0.02423425925925924
1807,3748065.0,0.023983333333333308
1808,3748125.0,0.02370833333333331
1809,3748185.0,0.023603703703703682
1810,3748245.0,0.02349074074074072
1811,3748305.0,0.02336018518518516
1812,3748365.0,0.02312962962962961
1813,3748425.0,0.02278425925925924
1814,3748485.0,0.0226472222222222
1815,3748545.0,0.02256574074074072
1816,3748605.0,0.02240925925925924
1817,3748665.0,0.022091666666666645
1818,3748725.0,0.021898148148148125
1819,3748785.0,0.021771296296296275
1820,3748845.0,0.02165648148148146
1821,3748905.0,0.02158425925925924
1822,3748965.0,0.021391666666666646
1823,3749025.0,0.02118703703703701
1824,3749085.0,0.02085462962962961
1825,3749145.0,0.020549999999999975
1826,3749205.0,0.0203759259259259
1827,3749265.0,0.02020462962962961
1828,3749325.0,0.01995648148148146
1829,3749385.0,0.019603703703703682
1830,3749445.0,0.019287037037037016
1831,3749505.0,0.01898425925925924
1832,3749565.0,0.01876574074074072
1833,3749625.0,0.018722222222222203
1834,3749685.0,0.018608333333333317
1835,3749745.0,0.018624999999999985
1836,3749805.0,0.018581481481481463
1837,3749865.0,0.01867962962962961
1838,3749925.0,0.018735185185185167
1839,3749988.0,0.018806481481481462
1840,3750045.0,0.018883333333333314
1841,3750105.0,0.01892129629629628
1842,3750165.0,0.019003703703703682
1843,3750225.0,0.019024074074074054
1844,3750285.0,0.01920185185185183
1845,3750345.0,0.01930925925925924
1846,3750405.0,0.01938796296296294
1847,3750465.0,0.019504629629629608
1848,3750525.0,0.01964907407407405
1849,3750585.0,0.01983796296296294
1850,3750645.0,0.01990833333333331
1851,3750705.0,0.02004907407407405
1852,3750765.0,0.02014351851851849
1853,3750825.0,0.020159259259259238
1854,3750885.0,0.0202722222222222
1855,3750945.0,0.020344444444444425
1856,3751005.0,0.02045462962962961
1857,3751065.0,0.02049907407407405
1858,3751125.0,0.02055277777777776
1859,3751185.0,0.020589814814814797
1860,3751245.0,0.02052685185185183
1861,3751305.0,0.0203972222222222
1862,3751365.0,0.02029999999999998
1863,3751425.0,0.02025277777777776
1864,3751485.0,0.0202148148148148
1865,3751545.0,0.020183333333333317
1866,3751605.0,0.020212962962962943
1867,3751665.0,0.020224074074074054
1868,3751725.0,0.020144444444444427
1869,3751785.0,0.02015462962962961
1870,3751845.0,0.020162037037037017
1871,3751905.0,0.020175925925925903
1872,3751965.0,0.02023518518518516
1873,3752025.0,0.020187037037037017
1874,3752085.0,0.020224999999999983
1875,3752145.0,0.02027777777777776
1876,3752205.0,0.02034074074074072
1877,3752265.0,0.020491666666666644
1878,3752325.0,0.020499999999999977
1879,3752385.0,0.02055462962962961
1880,3752445.0,0.02057407407407405
1881,3752505.0,0.020649999999999974
1882,3752565.0,0.020695370370370347
1883,3752625.0,0.0206972222222222
1884,3752685.0,0.020708333333333308
1885,3752745.0,0.020716666666666644
1886,3752805.0,0.02076759259259257
1887,3752865.0,0.02077037037037035
1888,3752928.0,0.020784259259259242
1889,3752985.0,0.02075925925925924
1890,3753045.0,0.020757407407407384
1891,3753105.0,0.02075648148148146
1892,3753165.0,0.0207972222222222
1893,3753225.0,0.020775925925925903
1894,3753285.0,0.020763888888888863
1895,3753345.0,0.02076851851851849
1896,3753405.0,0.020741666666666644
1897,3753465.0,0.020724999999999976
1898,3753525.0,0.020721296296296272
1899,3753585.0,0.020702777777777757
1900,3753645.0,0.020690740740740718
1901,3753705.0,0.02064074074074072
1902,3753765.0,0.02072407407407405
1903,3753825.0,0.02073796296296294
1904,3753885.0,0.02090555555555553
1905,3753945.0,0.020942592592592568
1906,3754005.0,0.021040740740740718
1907,3754065.0,0.02112129629629628
1908,3754125.0,0.0211435185185185
1909,3754185.0,0.02119537037037035
1910,3754245.0,0.02130277777777776
1911,3754305.0,0.021405555555555532
1912,3754365.0,0.021466666666666648
1913,3754425.0,0.02153611111111109
1914,3754485.0,0.0214898148148148
1915,3754545.0,0.021451851851851837
1916,3754605.0,0.021419444444444425
1917,3754665.0,0.02142592592592591
1918,3754725.0,0.021446296296296283
1919,3754785.0,0.02148611111111109
1920,3754845.0,0.02147962962962961
1921,3754905.0,0.021538888888888868
1922,3754965.0,0.021573148148148133
1923,3755025.0,0.021576851851851837
1924,3755085.0,0.021547222222222204
1925,3755145.0,0.02149999999999998
1926,3755205.0,0.021495370370370352
1927,3755265.0,0.021476851851851837
1928,3755325.0,0.02148240740740739
1929,3755385.0,0.021605555555555538
1930,3755445.0,0.0215185185185185
1931,3755505.0,0.021447222222222204
1932,3755565.0,0.021474999999999984
1933,3755625.0,0.02156018518518517
1934,3755685.0,0.021571296296296283
1935,3755745.0,0.021649999999999985
1936,3755805.0,0.0217648148148148
1937,3755865.0,0.0218685185185185
1938,3755925.0,0.02194907407407405
1939,3755985.0,0.022022222222222203
1940,3756045.0,0.022035185185185168
1941,3756105.0,0.02206018518518517
1942,3756165.0,0.02209166666666665
1943,3756225.0,0.022079629629629616
1944,3756285.0,0.022135185185185167
1945,3756345.0,0.02215185185185184
1946,3756405.0,0.022144444444444432
1947,3756465.0,0.02212314814814813
1948,3756525.0,0.02199259259259258
1949,3756585.0,0.021850925925925916
1950,3756645.0,0.02174444444444443
1951,3756705.0,0.021673148148148136
1952,3756765.0,0.02158148148148147
1953,3756825.0,0.02156018518518517
1954,3756885.0,0.021502777777777763
1955,3756945.0,0.021402777777777764
1956,3757005.0,0.021323148148148133
1957,3757065.0,0.021213888888888872
1958,3757125.0,0.02110462962962961
1959,3757185.0,0.02092592592592591
1960,3757245.0,0.020907407407407392
1961,3757305.0,0.02083611111111109
1962,3757365.0,0.02083148148148146
1963,3757425.0,0.02086203703703702
1964,3757485.0,0.02088611111111109
1965,3757545.0,0.020819444444444432
1966,3757605.0,0.02078148148148147
1967,3757665.0,0.020753703703703687
1968,3757725.0,0.02068240740740739
1969,3757785.0,0.02064444444444443
1970,3757845.0,0.020609259259259244
1971,3757908.0,0.020587037037037025
1972,3757965.0,0.020442592592592575
1973,3758025.0,0.02029537037037036
1974,3758085.0,0.02014629629629628
1975,3758145.0,0.019963888888888868
1976,3758205.0,0.019828703703703685
1977,3758265.0,0.019633333333333315
1978,3758325.0,0.019501851851851836
1979,3758385.0,0.019306481481481463
1980,3758445.0,0.01919166666666665
1981,3758505.0,0.019031481481481462
1982,3758565.0,0.018897222222222204
1983,3758625.0,0.01879074074074072
1984,3758685.0,0.018714814814814795
1985,3758745.0,0.018662962962962944
1986,3758805.0,0.018482407407407392
1987,3758865.0,0.018440740740740726
1988,3758925.0,0.01835833333333332
1989,3758985.0,0.018359259259259242
1990,3759045.0,0.018304629629629608
1991,3759105.0,0.018229629629629613
1992,3759165.0,0.018059259259259244
1993,3759225.0,0.01804722222222221
1994,3759285.0,0.01804166666666665
1995,3759345.0,0.01810092592592591
1996,3759405.0,0.01821018518518517
1997,3759465.0,0.018380555555555542
1998,3759525.0,0.018384259259259243
1999,3759585.0,0.01840555555555554
2000,3759645.0,0.018425925925925908
2001,3759705.0,0.018450925925925912
2002,3759765.0,0.01857685185185184
2003,3759825.0,0.018642592592592582
2004,3759885.0,0.01881944444444443
2005,3759945.0,0.01895555555555554
2006,3760005.0,0.019056481481481462
2007,3760065.0,0.0191898148148148
2008,3760125.0,0.01934166666666665
2009,3760185.0,0.019551851851851838
2010,3760245.0,0.0196148148148148
2011,3760305.0,0.01969814814814813
2012,3760365.0,0.019737962962962947
2013,3760425.0,0.019649999999999983
2014,3760485.0,0.01969629629629628
2015,3760545.0,0.01969907407407406
2016,3760605.0,0.01972407407407406
2017,3760665.0,0.019625925925925908
2018,3760725.0,0.0195648148148148
2019,3760785.0,0.01944814814814813
2020,3760845.0,0.01941203703703702
2021,3760905.0,0.01935740740740739
2022,3760965.0,0.019212037037037017
2023,3761025.0,0.0191898148148148
2024,3761085.0,0.019056481481481462
2025,3761145.0,0.019152777777777758
2026,3761205.0,0.01925277777777776
2027,3761265.0,0.019389814814814797
2028,3761325.0,0.019506481481481458
2029,3761385.0,0.019453703703703685
2030,3761445.0,0.019374999999999986
2031,3761505.0,0.019258333333333315
2032,3761565.0,0.01921018518518517
2033,3761625.0,0.019517592592592576
2034,3761685.0,0.019676851851851838
2035,3761745.0,0.01975648148148146
2036,3761805.0,0.019844444444444432
2037,3761865.0,0.019934259259259242
2038,3761925.0,0.020024074074074052
2039,3761985.0,0.020175925925925903
2040,3762045.0,0.0203722222222222
2041,3762105.0,0.02059074074074072
2042,3762165.0,0.02074074074074072
2043,3762225.0,0.020844444444444426
2044,3762285.0,0.021011111111111088
2045,3762345.0,0.0212722222222222
2046,3762405.0,0.02150277777777776
2047,3762468.0,0.021750925925925903
2048,3762525.0,0.02196944444444442
2049,3762585.0,0.02201851851851849
2050,3762645.0,0.02224999999999997
2051,3762705.0,0.0224759259259259
2052,3762765.0,0.022756481481481454
2053,3762825.0,0.02299166666666664
2054,3762885.0,0.02291666666666664
2055,3762945.0,0.022920370370370344
2056,3763005.0,0.02293055555555553
2057,3763065.0,0.022920370370370344
2058,3763125.0,0.02333333333333331
2059,3763185.0,0.02358981481481479
2060,3763245.0,0.023795370370370345
2061,3763305.0,0.023996296296296276
2062,3763365.0,0.02414351851851849
2063,3763425.0,0.02446759259259257
2064,3763485.0,0.024712037037037008
2065,3763545.0,0.025002777777777752
2066,3763605.0,0.02519351851851849
2067,3763665.0,0.025506481481481456
2068,3763725.0,0.025766666666666643
2069,3763785.0,0.025924999999999976
2070,3763845.0,0.026313888888888862
2071,3763905.0,0.02662407407407405
2072,3763965.0,0.02680648148148146
2073,3764025.0,0.02708055555555553
2074,3764085.0,0.027095370370370343
2075,3764145.0,0.027254629629629604
2076,3764205.0,0.027437962962962942
2077,3764265.0,0.02753981481481479
2078,3764325.0,0.027662962962962938
2079,3764385.0,0.02777870370370368
2080,3764445.0,0.027826851851851825
2081,3764505.0,0.027873148148148126
2082,3764565.0,0.027849999999999972
2083,3764625.0,0.027806481481481456
2084,3764685.0,0.02771203703703701
2085,3764745.0,0.027729629629629604
2086,3764805.0,0.027689814814814792
2087,3764865.0,0.027717592592592568
2088,3764925.0,0.02771203703703701
2089,3764985.0,0.02774351851851849
2090,3765045.0,0.02774814814814812
2091,3765105.0,0.02774444444444442
2092,3765165.0,0.027795370370370345
2093,3765225.0,0.027859259259259236
2094,3765285.0,0.027995370370370344
2095,3765345.0,0.02816296296296294
2096,3765405.0,0.028310185185185164
2097,3765465.0,0.028404629629629606
2098,3765525.0,0.028433333333333314
2099,3765585.0,0.02852870370370368
2100,3765645.0,0.028567592592592568
2101,3765705.0,0.028537037037037017
2102,3765765.0,0.028489814814814794
2103,3765825.0,0.02853240740740739
2104,3765885.0,0.02861018518518517
2105,3765945.0,0.02871388888888887
2106,3766005.0,0.02876203703703702
2107,3766065.0,0.02883888888888887
2108,3766125.0,0.028801851851851832
2109,3766185.0,0.02870833333333332
2110,3766245.0,0.028717592592592576
2111,3766305.0,0.028678703703703682
2112,3766365.0,0.028649074074074056
2113,3766425.0,0.02858703703703702
2114,3766485.0,0.02855925925925924
2115,3766545.0,0.028494444444444426
2116,3766605.0,0.028310185185185164
2117,3766665.0,0.0281435185185185
2118,3766725.0,0.028053703703703685
2119,3766785.0,0.027935185185185167
2120,3766845.0,0.027935185185185167
2121,3766905.0,0.02794629629629628
2122,3766965.0,0.027919444444444427
2123,3767025.0,0.02795092592592591
2124,3767085.0,0.027913888888888874
2125,3767145.0,0.027961111111111096
2126,3767205.0,0.0279648148148148
2127,3767265.0,0.02803333333333332
2128,3767325.0,0.028181481481481467
2129,3767385.0,0.028355555555555537
2130,3767445.0,0.02848518518518517
2131,3767505.0,0.028560185185185168
2132,3767565.0,0.028615740740740726
2133,3767628.0,0.028630555555555538
2134,3767685.0,0.028626851851851837
2135,3767745.0,0.028701851851851836
2136,3767805.0,0.028743518518518495
2137,3767865.0,0.028857407407407387
2138,3767925.0,0.02898055555555553
2139,3767985.0,0.029180555555555533
2140,3768045.0,0.029198148148148126
2141,3768105.0,0.0292972222222222
2142,3768165.0,0.02924259259259257
2143,3768225.0,0.029224999999999977
2144,3768285.0,0.02921759259259257
2145,3768345.0,0.02917037037037035
2146,3768405.0,0.029113888888888863
2147,3768465.0,0.028968518518518494
2148,3768525.0,0.028894444444444417
2149,3768585.0,0.028800925925925907
2150,3768645.0,0.02864444444444442
2151,3768705.0,0.02854907407407405
2152,3768765.0,0.0284722222222222
2153,3768825.0,0.028415740740740717
2154,3768885.0,0.02834537037037035
2155,3768945.0,0.028368518518518494
2156,3769005.0,0.028306481481481457
2157,3769065.0,0.028429629629629607
2158,3769125.0,0.02857129629629627
2159,3769185.0,0.028771296296296267
2160,3769245.0,0.028875925925925895
2161,3769305.0,0.02911111111111108
2162,3769365.0,0.029340740740740712
2163,3769425.0,0.029501851851851817
2164,3769485.0,0.029605555555555524
2165,3769545.0,0.02958981481481478
2166,3769605.0,0.0296296296296296
2167,3769665.0,0.029630555555555525
2168,3769725.0,0.029763888888888857
2169,3769785.0,0.02974351851851848
2170,3769845.0,0.029724074074074038
2171,3769905.0,0.029672222222222187
2172,3769965.0,0.029712037037037006
2173,3770025.0,0.029761111111111082
2174,3770085.0,0.029722222222222188
2175,3770145.0,0.029752777777777743
2176,3770205.0,0.029742592592592564
2177,3770265.0,0.029911111111111083
2178,3770325.0,0.02998518518518515
2179,3770385.0,0.02993055555555552
2180,3770445.0,0.02977129629629626
2181,3770505.0,0.029645370370370336
2182,3770565.0,0.029507407407407375
2183,3770625.0,0.029418518518518486
2184,3770685.0,0.02937592592592589
2185,3770745.0,0.029330555555555526
2186,3770805.0,0.029262037037037007
2187,3770865.0,0.029202777777777744
2188,3770925.0,0.029153703703703668
2189,3770985.0,0.029077777777777744
2190,3771045.0,0.02909999999999997
2191,3771105.0,0.029074999999999962
2192,3771165.0,0.029012037037037006
2193,3771225.0,0.029012962962962924
2194,3771285.0,0.028997222222222188
2195,3771345.0,0.02896851851851848
2196,3771405.0,0.028944444444444405
2197,3771465.0,0.029073148148148112
2198,3771525.0,0.029165740740740707
2199,3771588.0,0.029196296296296262
2200,3771645.0,0.029419444444444408
2201,3771705.0,0.029492592592592563
2202,3771765.0,0.029504629629629592
2203,3771825.0,0.02944166666666663
2204,3771885.0,0.029447222222222187
2205,3771945.0,0.02936851851851848
2206,3772005.0,0.029137962962962925
2207,3772065.0,0.029172222222222183
2208,3772125.0,0.029194444444444412
2209,3772188.0,0.029291666666666633
2210,3772245.0,0.029469444444444406
2211,3772305.0,0.029575925925925887
2212,3772365.0,0.02959722222222218
2213,3772425.0,0.029358333333333295
2214,3772485.0,0.029196296296296262
2215,3772545.0,0.02902777777777774
2216,3772605.0,0.028901851851851814
2217,3772665.0,0.028754629629629595
2218,3772725.0,0.02867499999999996
2219,3772785.0,0.02849259259259255
2220,3772845.0,0.028235185185185144
2221,3772905.0,0.028016666666666627
2222,3772965.0,0.02789537037037033
2223,3773025.0,0.027861111111111076
2224,3773085.0,0.027800925925925892
2225,3773145.0,0.027606481481481444
2226,3773205.0,0.02741944444444441
2227,3773265.0,0.0272407407407407
2228,3773325.0,0.027127777777777737
2229,3773385.0,0.027091666666666625
2230,3773445.0,0.026914814814814773
2231,3773505.0,0.026753703703703658
2232,3773565.0,0.026456481481481442
2233,3773625.0,0.026247222222222182
2234,3773685.0,0.02622870370370366
2235,3773745.0,0.026106481481481442
2236,3773805.0,0.02605185185185181
2237,3773865.0,0.026063888888888845
2238,3773925.0,0.025800925925925883
2239,3773985.0,0.02563333333333329
2240,3774045.0,0.025513888888888846
2241,3774105.0,0.025397222222222182
2242,3774165.0,0.02530277777777773
2243,3774225.0,0.025074999999999955
2244,3774285.0,0.02483703703703699
2245,3774345.0,0.02469537037037033
2246,3774405.0,0.024514814814814767
2247,3774465.0,0.024146296296296253
2248,3774525.0,0.023897222222222174
2249,3774585.0,0.02368055555555551
2250,3774645.0,0.02340555555555551
2251,3774705.0,0.023230555555555508
2252,3774765.0,0.02300740740740736
2253,3774825.0,0.022755555555555508
2254,3774885.0,0.022817592592592542
2255,3774945.0,0.022624999999999958
2256,3775008.0,0.02244166666666662
2257,3775065.0,0.02254074074074069
2258,3775125.0,0.02255092592592588
2259,3775185.0,0.02260277777777773
2260,3775245.0,0.022622222222222176
2261,3775305.0,0.022749074074074026
2262,3775365.0,0.02278796296296292
2263,3775425.0,0.022770370370370326
2264,3775485.0,0.02268981481481477
2265,3775545.0,0.022658333333333284
2266,3775605.0,0.02255925925925921
2267,3775665.0,0.022444444444444395
2268,3775725.0,0.02240277777777773
2269,3775785.0,0.022312037037036988
2270,3775845.0,0.022201851851851803
2271,3775905.0,0.022102777777777728
2272,3775965.0,0.02210740740740736
2273,3776025.0,0.022137037037036983
2274,3776085.0,0.02208425925925921
2275,3776145.0,0.022031481481481437
2276,3776205.0,0.0219944444444444
2277,3776265.0,0.02197129629629625
2278,3776325.0,0.021966666666666617
2279,3776385.0,0.02183981481481477
2280,3776445.0,0.021820370370370327
2281,3776505.0,0.02190833333333329
2282,3776565.0,0.02200185185185181
2283,3776625.0,0.02203796296296292
2284,3776685.0,0.0221194444444444
2285,3776745.0,0.02213796296296292
2286,3776805.0,0.02220648148148144
2287,3776865.0,0.022237962962962918
2288,3776925.0,0.022493518518518475
2289,3776985.0,0.022646296296296255
2290,3777045.0,0.02269907407407403
2291,3777105.0,0.02292870370370366
2292,3777165.0,0.023015740740740698
2293,3777225.0,0.02317685185185181
2294,3777285.0,0.023059259259259217
2295,3777345.0,0.02309999999999996
2296,3777405.0,0.02328240740740737
2297,3777465.0,0.023320370370370328
2298,3777525.0,0.023304629629629592
2299,3777585.0,0.023180555555555517
2300,3777645.0,0.023020370370370326
2301,3777705.0,0.022798148148148102
2302,3777765.0,0.02259999999999996
2303,3777825.0,0.022459259259259217
2304,3777885.0,0.02231851851851848
2305,3777945.0,0.02219722222222218
2306,3778005.0,0.02204999999999996
2307,3778068.0,0.021952777777777738
2308,3778125.0,0.021767592592592557
2309,3778185.0,0.021617592592592556
2310,3778245.0,0.021518518518518482
2311,3778305.0,0.021674999999999958
2312,3778365.0,0.021622222222222185
2313,3778425.0,0.02160277777777774
2314,3778485.0,0.021487037037037
2315,3778545.0,0.021433333333333297
2316,3778605.0,0.02159166666666663
2317,3778665.0,0.02170555555555552
2318,3778725.0,0.021753703703703667
2319,3778785.0,0.021753703703703667
2320,3778845.0,0.021643518518518482
2321,3778905.0,0.021559259259259226
2322,3778965.0,0.021505555555555517
2323,3779025.0,0.02155740740740737
2324,3779085.0,0.021541666666666633
2325,3779145.0,0.021436111111111072
2326,3779205.0,0.02135555555555552
2327,3779265.0,0.021337037037037
2328,3779325.0,0.021298148148148108
2329,3779385.0,0.021219444444444402
2330,3779445.0,0.02130277777777774
2331,3779505.0,0.021300925925925886
2332,3779565.0,0.02127685185185181
2333,3779625.0,0.021294444444444404
2334,3779685.0,0.021241666666666627
2335,3779745.0,0.02120185185185181
2336,3779805.0,0.021396296296296257
2337,3779865.0,0.021602777777777738
2338,3779925.0,0.021437962962962926
2339,3779985.0,0.0214407407407407
2340,3780045.0,0.021436111111111072
2341,3780105.0,0.02135462962962959
2342,3780165.0,0.02114999999999996
2343,3780225.0,0.020974074074074037
2344,3780285.0,0.020805555555555515
2345,3780345.0,0.020755555555555517
2346,3780405.0,0.02083148148148144
2347,3780465.0,0.02083611111111107
2348,3780525.0,0.02073333333333329
2349,3780585.0,0.020680555555555515
2350,3780645.0,0.02064722222222218
2351,3780705.0,0.02065648148148144
2352,3780765.0,0.020812037037037
2353,3780825.0,0.020943518518518483
2354,3780885.0,0.021037037037037
2355,3780945.0,0.021046296296296257
2356,3781005.0,0.021299999999999958
2357,3781065.0,0.021265740740740703
2358,3781125.0,0.021351851851851813
2359,3781185.0,0.021461111111111077
2360,3781245.0,0.02171759259259256
2361,3781308.0,0.02190555555555552
2362,3781365.0,0.022105555555555517
2363,3781425.0,0.022460185185185142
2364,3781485.0,0.02247777777777774
2365,3781545.0,0.022467592592592556
2366,3781605.0,0.022454629629629592
2367,3781665.0,0.02253055555555552
2368,3781725.0,0.022737962962962918
2369,3781785.0,0.022724074074074032
2370,3781845.0,0.022640740740740697
2371,3781905.0,0.022625925925925883
2372,3781965.0,0.022612037037036996
2373,3782025.0,0.022611111111111068
2374,3782085.0,0.02263333333333329
2375,3782145.0,0.022691666666666624
2376,3782205.0,0.022837037037037
2377,3782265.0,0.02270833333333329
2378,3782325.0,0.0229407407407407
2379,3782385.0,0.0230657407407407
2380,3782445.0,0.02284259259259255
2381,3782505.0,0.02280277777777773
2382,3782565.0,0.0228694444444444
2383,3782625.0,0.023099074074074032
2384,3782685.0,0.02311296296296292
2385,3782745.0,0.022967592592592543
2386,3782805.0,0.023148148148148102
2387,3782865.0,0.022928703703703656
2388,3782925.0,0.02270925925925921
2389,3782985.0,0.022552777777777727
2390,3783045.0,0.022379629629629583
2391,3783105.0,0.022134259259259208
2392,3783165.0,0.02194814814814809
2393,3783225.0,0.021774999999999947
2394,3783285.0,0.021550925925925876
2395,3783345.0,0.02156481481481476
2396,3783405.0,0.0217018518518518
2397,3783465.0,0.021692592592592538
2398,3783525.0,0.02164907407407402
2399,3783585.0,0.021482407407407356
2400,3783645.0,0.0216805555555555
2401,3783705.0,0.021719444444444392
2402,3783765.0,0.02191018518518513
2403,3783825.0,0.02200370370370365
2404,3783885.0,0.02203981481481476
2405,3783945.0,0.022132407407407358
2406,3784005.0,0.02217407407407402
2407,3784065.0,0.02218333333333328
2408,3784125.0,0.02226388888888884
2409,3784185.0,0.022312037037036984
2410,3784245.0,0.022390740740740687
2411,3784305.0,0.02235370370370365
2412,3784365.0,0.02230370370370365
2413,3784425.0,0.022263888888888837
2414,3784485.0,0.022237037037036986
2415,3784545.0,0.022267592592592537
2416,3784605.0,0.02227314814814809
2417,3784665.0,0.022202777777777724
2418,3784725.0,0.02201944444444439
2419,3784785.0,0.0218518518518518
2420,3784845.0,0.021681481481481427
2421,3784905.0,0.02164814814814809
2422,3784965.0,0.021607407407407356
2423,3785025.0,0.02170092592592587
2424,3785085.0,0.02175740740740735
2425,3785145.0,0.02174166666666661
2426,3785205.0,0.02181481481481476
2427,3785265.0,0.021985185185185132
2428,3785325.0,0.022110185185185132
2429,3785385.0,0.022110185185185132
2430,3785445.0,0.02200277777777772
2431,3785505.0,0.02202592592592587
2432,3785565.0,0.022263888888888837
2433,3785625.0,0.02251481481481476
2434,3785685.0,0.02267222222222217
2435,3785745.0,0.022879629629629573
2436,3785805.0,0.02303981481481476
2437,3785865.0,0.023031481481481427
2438,3785925.0,0.02306481481481476
2439,3785985.0,0.02308981481481476
2440,3786045.0,0.0232055555555555
2441,3786105.0,0.023234259259259205
2442,3786165.0,0.0232768518518518
2443,3786225.0,0.023441666666666614
2444,3786285.0,0.02362037037037032
2445,3786345.0,0.02361018518518513
2446,3786405.0,0.023773148148148092
2447,3786465.0,0.02391481481481476
2448,3786525.0,0.024024999999999942
2449,3786585.0,0.024186111111111058
2450,3786645.0,0.024355555555555502
2451,3786705.0,0.02448981481481476
2452,3786765.0,0.02447592592592587
2453,3786825.0,0.024441666666666608
2454,3786885.0,0.024452777777777726
2455,3786945.0,0.02445092592592587
2456,3787005.0,0.024362962962962902
2457,3787065.0,0.02428240740740735
2458,3787125.0,0.0241842592592592
2459,3787185.0,0.02416851851851846
2460,3787245.0,0.024206481481481426
2461,3787305.0,0.024081481481481426
2462,3787365.0,0.024022222222222164
2463,3787425.0,0.023957407407407347
2464,3787485.0,0.023908333333333275
2465,3787545.0,0.023894444444444385
2466,3787605.0,0.0238092592592592
2467,3787665.0,0.023774999999999945
2468,3787725.0,0.023615740740740684
2469,3787785.0,0.02364259259259253
2470,3787845.0,0.023732407407407348
2471,3787905.0,0.023510185185185127
2472,3787965.0,0.02360833333333328
2473,3788025.0,0.02368981481481476
2474,3788085.0,0.023895370370370317
2475,3788145.0,0.02400462962962957
2476,3788205.0,0.02392314814814809
2477,3788265.0,0.023910185185185128
2478,3788325.0,0.023811111111111054
2479,3788385.0,0.023845370370370312
2480,3788445.0,0.023872222222222163
2481,3788505.0,0.023912037037036975
2482,3788565.0,0.024037037037036982
2483,3788625.0,0.024003703703703645
2484,3788685.0,0.023978703703703644
2485,3788745.0,0.023975925925925862
2486,3788805.0,0.02400462962962957
2487,3788865.0,0.02396759259259253
2488,3788925.0,0.024087037037036976
2489,3788985.0,0.02408055555555549
2490,3789045.0,0.02417129629629624
2491,3789105.0,0.024023148148148092
2492,3789165.0,0.02402037037037031
2493,3789225.0,0.02404259259259253
2494,3789285.0,0.02412777777777772
2495,3789345.0,0.024144444444444385
2496,3789405.0,0.024062962962962904
2497,3789465.0,0.02397499999999994
2498,3789525.0,0.023902777777777717
2499,3789585.0,0.02404537037037031
2500,3789645.0,0.02396759259259253
2501,3789705.0,0.024122222222222163
2502,3789765.0,0.02441666666666661
2503,3789825.0,0.024475925925925863
2504,3789888.0,0.02456574074074068
2505,3789945.0,0.024724999999999938
2506,3790005.0,0.02492870370370364
2507,3790065.0,0.025116666666666603
2508,3790125.0,0.02528518518518512
2509,3790185.0,0.02544537037037031
2510,3790245.0,0.025476851851851792
2511,3790305.0,0.025605555555555496
2512,3790365.0,0.02562407407407401
2513,3790425.0,0.025639814814814758
2514,3790485.0,0.025718518518518457
2515,3790545.0,0.025714814814814756
2516,3790605.0,0.025538888888888826
2517,3790665.0,0.025214814814814752
2518,3790725.0,0.025269444444444386
2519,3790785.0,0.025294444444444383
2520,3790845.0,0.02541111111111105
2521,3790905.0,0.025493518518518457
2522,3790965.0,0.025652777777777715
2523,3791025.0,0.025874999999999936
2524,3791085.0,0.02594074074074068
2525,3791145.0,0.026252777777777715
2526,3791205.0,0.02635092592592586
2527,3791265.0,0.026483333333333272
2528,3791325.0,0.02662962962962957
2529,3791385.0,0.026764814814814755
2530,3791445.0,0.026987037037036976
2531,3791505.0,0.027097222222222158
2532,3791565.0,0.026965740740740683
2533,3791625.0,0.026825925925925864
2534,3791685.0,0.026764814814814752
2535,3791745.0,0.026761111111111048
2536,3791805.0,0.02639537037037031
2537,3791865.0,0.026239814814814758
2538,3791925.0,0.026132407407407347
2539,3791985.0,0.02617037037037031
2540,3792045.0,0.0261092592592592
2541,3792105.0,0.02627962962962957
2542,3792165.0,0.02644537037037031
2543,3792225.0,0.026288888888888823
2544,3792285.0,0.026349999999999936
2545,3792345.0,0.02635462962962956
2546,3792405.0,0.02654444444444438
2547,3792465.0,0.026492592592592533
2548,3792525.0,0.0262879629629629
2549,3792585.0,0.026300925925925863
2550,3792645.0,0.026372222222222158
2551,3792705.0,0.026531481481481416
2552,3792765.0,0.026627777777777712
2553,3792825.0,0.026631481481481416
2554,3792885.0,0.026777777777777716
2555,3792948.0,0.02692129629629623
2556,3793005.0,0.027013888888888823
2557,3793065.0,0.02720462962962956
2558,3793125.0,0.027076851851851786
2559,3793185.0,0.027151851851851785
2560,3793245.0,0.027215740740740672
2561,3793308.0,0.027199999999999933
2562,3793365.0,0.02712129629629623
2563,3793425.0,0.0269416666666666
2564,3793485.0,0.026901851851851784
2565,3793545.0,0.02701203703703697
2566,3793605.0,0.02689999999999993
2567,3793665.0,0.02697499999999993
2568,3793725.0,0.026936111111111043
2569,3793785.0,0.026909259259259192
2570,3793845.0,0.026845370370370304
2571,3793905.0,0.02700555555555549
2572,3793965.0,0.0271203703703703
2573,3794025.0,0.02725370370370364
2574,3794085.0,0.02761851851851845
2575,3794145.0,0.027755555555555488
2576,3794205.0,0.027654629629629564
2577,3794265.0,0.027694444444444383
2578,3794325.0,0.02773518518518512
2579,3794385.0,0.027948148148148083
2580,3794445.0,0.02793518518518512
2581,3794505.0,0.028108333333333263
2582,3794565.0,0.02802777777777771
2583,3794625.0,0.028006481481481414
2584,3794685.0,0.0278666666666666
2585,3794745.0,0.027696296296296233
2586,3794805.0,0.02792407407407401
2587,3794865.0,0.028138888888888818
2588,3794925.0,0.028307407407407337
2589,3794985.0,0.02848981481481475
2590,3795045.0,0.02856574074074068
2591,3795105.0,0.028787962962962894
2592,3795165.0,0.029184259259259195
2593,3795225.0,0.029651851851851787
2594,3795285.0,0.02990648148148142
2595,3795345.0,0.0300379629629629
2596,3795405.0,0.030172222222222163
2597,3795465.0,0.030274074074074012
2598,3795525.0,0.03051481481481475
2599,3795585.0,0.030782407407407338
2600,3795645.0,0.030971296296296233
2601,3795705.0,0.031129629629629563
2602,3795765.0,0.03112777777777772
2603,3795825.0,0.03116851851851845
2604,3795885.0,0.03125370370370364
2605,3795945.0,0.0314666666666666
2606,3796005.0,0.03169814814814808
2607,3796065.0,0.03188425925925919
2608,3796125.0,0.0319953703703703
2609,3796185.0,0.03212499999999993
2610,3796245.0,0.03220370370370364
2611,3796305.0,0.032409259259259186
2612,3796365.0,0.03260462962962957
2613,3796425.0,0.03263888888888883
2614,3796485.0,0.032605555555555485
2615,3796548.0,0.032612037037036974
2616,3796605.0,0.03269259259259253
2617,3796665.0,0.032905555555555493
2618,3796725.0,0.03313611111111105
2619,3796785.0,0.03325277777777772
2620,3796845.0,0.033297222222222166
2621,3796905.0,0.03334444444444438
2622,3796965.0,0.03345185185185179
2623,3797025.0,0.03360185185185178
2624,3797085.0,0.03379722222222216
2625,3797145.0,0.034040740740740684
2626,3797205.0,0.034051851851851785
2627,3797265.0,0.034185185185185124
2628,3797325.0,0.034385185185185116
2629,3797385.0,0.03459259259259253
2630,3797445.0,0.03478703703703697
2631,3797505.0,0.03486851851851845
2632,3797565.0,0.034761111111111034
2633,3797625.0,0.034877777777777716
2634,3797685.0,0.03518518518518512
2635,3797745.0,0.03537407407407401
2636,3797805.0,0.03557777777777772
2637,3797865.0,0.035742592592592534
2638,3797925.0,0.03588611111111105
2639,3797985.0,0.0358342592592592
2640,3798045.0,0.035874999999999935
2641,3798105.0,0.036117592592592535
2642,3798165.0,0.036290740740740686
2643,3798225.0,0.03653148148148143
2644,3798285.0,0.03664074074074069
2645,3798345.0,0.03660370370370365
2646,3798405.0,0.03667129629629624
2647,3798465.0,0.03677499999999995
2648,3798525.0,0.03701666666666661
2649,3798585.0,0.03713888888888884
2650,3798645.0,0.03721759259259255
2651,3798705.0,0.037487037037036985
2652,3798765.0,0.037547222222222176
2653,3798825.0,0.03758796296296292
2654,3798885.0,0.03783888888888885
2655,3798945.0,0.03793888888888885
2656,3799005.0,0.038099074074074035
2657,3799065.0,0.038183333333333284
2658,3799125.0,0.03838425925925922
2659,3799185.0,0.03861759259259255
2660,3799245.0,0.03887592592592588
2661,3799305.0,0.03919351851851848
2662,3799365.0,0.03927037037037032
2663,3799425.0,0.039468518518518465
2664,3799485.0,0.039718518518518466
2665,3799545.0,0.03998981481481477
2666,3799605.0,0.0403407407407407
2667,3799665.0,0.04063611111111107
2668,3799725.0,0.040885185185185136
2669,3799785.0,0.041002777777777735
2670,3799845.0,0.041046296296296254
2671,3799905.0,0.041273148148148114
2672,3799965.0,0.041633333333333286
2673,3800025.0,0.041885185185185136
2674,3800085.0,0.042107407407407364
2675,3800145.0,0.042275925925925883
2676,3800205.0,0.04237499999999995
2677,3800265.0,0.04255555555555551
2678,3800325.0,0.042768518518518484
2679,3800385.0,0.04279537037037033
2680,3800445.0,0.04310185185185182
2681,3800505.0,0.043060185185185146
2682,3800565.0,0.04299999999999996
2683,3800625.0,0.0430657407407407
2684,3800685.0,0.04323518518518515
2685,3800745.0,0.04347592592592589
2686,3800805.0,0.04358240740740737
2687,3800865.0,0.043700925925925886
2688,3800925.0,0.043794444444444414
2689,3800985.0,0.04403611111111108
2690,3801045.0,0.04413425925925922
2691,3801105.0,0.04437870370370366
2692,3801165.0,0.04465555555555552
2693,3801225.0,0.044777777777777736
2694,3801285.0,0.045262037037037
2695,3801345.0,0.04562870370370367
2696,3801405.0,0.046043518518518484
2697,3801465.0,0.04648518518518515
2698,3801525.0,0.046823148148148114
2699,3801585.0,0.046979629629629586
2700,3801645.0,0.0469333333333333
2701,3801705.0,0.046998148148148115
2702,3801765.0,0.04709722222222218
2703,3801825.0,0.047289814814814785
2704,3801885.0,0.04764166666666663
2705,3801945.0,0.04762870370370367
2706,3802005.0,0.047569444444444414
2707,3802065.0,0.04754814814814811
2708,3802125.0,0.04765185185185181
2709,3802185.0,0.047771296296296256
2710,3802245.0,0.04770277777777774
2711,3802305.0,0.04772037037037033
2712,3802365.0,0.0477157407407407
2713,3802425.0,0.047898148148148106
2714,3802485.0,0.048058333333333286
2715,3802545.0,0.048258333333333285
2716,3802605.0,0.04849814814814811
2717,3802665.0,0.04855370370370367
2718,3802725.0,0.04847129629629626
2719,3802785.0,0.04827129629629626
2720,3802845.0,0.0483583333333333
2721,3802905.0,0.04828518518518515
2722,3802965.0,0.04816574074074071
2723,3803025.0,0.04817870370370368
2724,3803085.0,0.04813888888888886
2725,3803145.0,0.04833888888888886
2726,3803205.0,0.04838518518518516
2727,3803265.0,0.04864537037037034
2728,3803325.0,0.04889999999999997
2729,3803385.0,0.04906666666666664
2730,3803445.0,0.04918796296296293
2731,3803505.0,0.04921296296296293
2732,3803565.0,0.04946111111111108
2733,3803625.0,0.049901851851851815
2734,3803685.0,0.05009537037037034
2735,3803748.0,0.05029629629629626
2736,3803805.0,0.05029629629629626
2737,3803865.0,0.05029629629629626
2738,3803925.0,0.050405555555555516
2739,3803985.0,0.050530555555555516
2740,3804045.0,0.05079166666666663
2741,3804105.0,0.051008333333333294
2742,3804165.0,0.05120555555555552
2743,3804225.0,0.0513796296296296
2744,3804285.0,0.05172222222222219
2745,3804345.0,0.051945370370370336
2746,3804405.0,0.05204907407407404
2747,3804465.0,0.05212685185185182
2748,3804525.0,0.05224907407407405
2749,3804585.0,0.052125925925925895
2750,3804645.0,0.05231388888888886
2751,3804705.0,0.05264629629629627
2752,3804765.0,0.052987037037037006
2753,3804825.0,0.053100925925925885
2754,3804885.0,0.052962962962962934
2755,3804945.0,0.05300648148148145
2756,3805008.0,0.05317777777777774
2757,3805065.0,0.053474074074074035
2758,3805125.0,0.05372499999999996
2759,3805185.0,0.053916666666666634
2760,3805245.0,0.05399351851851848
2761,3805305.0,0.05400833333333329
2762,3805365.0,0.05406851851851848
2763,3805425.0,0.054215740740740696
2764,3805485.0,0.05453518518518514
2765,3805545.0,0.05480370370370365
2766,3805605.0,0.05467962962962958
2767,3805665.0,0.0545018518518518
2768,3805725.0,0.054517592592592534
2769,3805785.0,0.05449907407407402
2770,3805845.0,0.05457407407407402
2771,3805905.0,0.05456203703703698
2772,3805965.0,0.054317592592592535
2773,3806025.0,0.054085185185185125
2774,3806085.0,0.054146296296296234
2775,3806145.0,0.054323148148148086
2776,3806205.0,0.054481481481481416
2777,3806265.0,0.05453703703703698
2778,3806325.0,0.054501851851851794
2779,3806385.0,0.054406481481481424
2780,3806445.0,0.05452592592592587
2781,3806505.0,0.05456111111111105
2782,3806568.0,0.05477222222222217
2783,3806625.0,0.054777777777777724
2784,3806685.0,0.054650925925925874
2785,3806745.0,0.054389814814814766
2786,3806805.0,0.054317592592592535
2787,3806865.0,0.05426203703703698
2788,3806925.0,0.05406851851851847
2789,3806985.0,0.05423703703703698
2790,3807045.0,0.054391666666666616
2791,3807105.0,0.05421481481481477
2792,3807165.0,0.05403888888888884
2793,3807225.0,0.05397037037037032
2794,3807285.0,0.05412592592592588
2795,3807345.0,0.05425648148148143
2796,3807405.0,0.054274074074074016
2797,3807465.0,0.05404351851851847
2798,3807525.0,0.053903703703703655
2799,3807585.0,0.05397037037037032
2800,3807645.0,0.05408148148148143
2801,3807705.0,0.0541194444444444
2802,3807765.0,0.05406296296296291
2803,3807825.0,0.053950925925925874
2804,3807885.0,0.0540268518518518
2805,3807945.0,0.054020370370370316
2806,3808008.0,0.05422407407407402
2807,3808065.0,0.0543481481481481
2808,3808125.0,0.05431481481481476
2809,3808185.0,0.05403240740740736
2810,3808245.0,0.0537555555555555
2811,3808305.0,0.053679629629629584
2812,3808365.0,0.054027777777777716
2813,3808425.0,0.054065740740740685
2814,3808485.0,0.05376203703703698
2815,3808545.0,0.05356111111111106
2816,3808605.0,0.053563888888888835
2817,3808665.0,0.05362499999999994
2818,3808725.0,0.0538018518518518
2819,3808785.0,0.054248148148148094
2820,3808845.0,0.0544555555555555
2821,3808905.0,0.05445370370370365
2822,3808965.0,0.0544518518518518
2823,3809025.0,0.05441203703703699
2824,3809085.0,0.054525925925925874
2825,3809145.0,0.054888888888888834
2826,3809205.0,0.05501111111111106
2827,3809265.0,0.054974074074074016
2828,3809325.0,0.05490555555555551
2829,3809385.0,0.05486388888888884
2830,3809445.0,0.054957407407407365
2831,3809505.0,0.055077777777777726
2832,3809565.0,0.0550018518518518
2833,3809625.0,0.05478055555555551
2834,3809685.0,0.05455370370370365
2835,3809745.0,0.054498148148148094
2836,3809805.0,0.054464814814814765
2837,3809865.0,0.05474166666666661
2838,3809925.0,0.054823148148148086
2839,3809985.0,0.05478703703703698
2840,3810045.0,0.054631481481481434
2841,3810105.0,0.05442407407407402
2842,3810165.0,0.054525925925925874
2843,3810225.0,0.05461574074074069
2844,3810285.0,0.054517592592592534
2845,3810345.0,0.054270370370370316
2846,3810405.0,0.05403148148148143
2847,3810465.0,0.053980555555555504
2848,3810525.0,0.05389629629629625
2849,3810585.0,0.05403425925925921
2850,3810645.0,0.053976851851851804
2851,3810705.0,0.05361666666666662
2852,3810765.0,0.0533231481481481
2853,3810825.0,0.05303981481481477
2854,3810885.0,0.05291481481481477
2855,3810945.0,0.05311481481481477
2856,3811005.0,0.053190740740740684
2857,3811065.0,0.053063888888888834
2858,3811125.0,0.05286111111111106
2859,3811185.0,0.052630555555555514
2860,3811245.0,0.052474074074074034
2861,3811305.0,0.05261296296296292
2862,3811365.0,0.05267592592592588
2863,3811425.0,0.05260185185185181
2864,3811485.0,0.05229907407407403
2865,3811545.0,0.05200370370370366
2866,3811605.0,0.05199907407407403
2867,3811665.0,0.052037037037036986
2868,3811725.0,0.05211481481481477
2869,3811785.0,0.051833333333333294
2870,3811845.0,0.05174907407407404
2871,3811905.0,0.05149814814814811
2872,3811965.0,0.0514083333333333
2873,3812025.0,0.05164629629629626
2874,3812085.0,0.051320370370370336
2875,3812145.0,0.051148148148148116
2876,3812205.0,0.05087592592592589
2877,3812265.0,0.050587037037037014
2878,3812325.0,0.050533333333333305
2879,3812385.0,0.05050277777777775
2880,3812445.0,0.05066111111111109
2881,3812505.0,0.050623148148148125
2882,3812565.0,0.05052777777777776
2883,3812625.0,0.050394444444444415
2884,3812685.0,0.050218518518518496
2885,3812745.0,0.05029074074074072
2886,3812805.0,0.05047685185185183
2887,3812865.0,0.050616666666666636
2888,3812925.0,0.050548148148148134
2889,3812985.0,0.05047499999999998
2890,3813045.0,0.05061759259259257
2891,3813105.0,0.05079259259259257
2892,3813165.0,0.051191666666666635
2893,3813225.0,0.05097129629629627
2894,3813285.0,0.05081203703703701
2895,3813345.0,0.0507509259259259
2896,3813405.0,0.050689814814814785
2897,3813465.0,0.05074629629629628
2898,3813525.0,0.05078518518518516
2899,3813588.0,0.050799999999999984
2900,3813645.0,0.05071203703703701
2901,3813705.0,0.05054629629629627
2902,3813765.0,0.05053240740740738
2903,3813825.0,0.05071296296296294
2904,3813885.0,0.05086203703703701
2905,3813945.0,0.050781481481481455
2906,3814005.0,0.050493518518518486
2907,3814065.0,0.0505972222222222
2908,3814125.0,0.050758333333333315
2909,3814185.0,0.050887037037037015
2910,3814245.0,0.05098888888888886
2911,3814305.0,0.051028703703703666
2912,3814365.0,0.05089166666666664
2913,3814425.0,0.050644444444444416
2914,3814485.0,0.05056759259259256
2915,3814545.0,0.0505796296296296
2916,3814605.0,0.050787037037037006
2917,3814665.0,0.05096944444444442
2918,3814725.0,0.050971296296296265
2919,3814785.0,0.05082129629629627
2920,3814845.0,0.05075277777777775
2921,3814905.0,0.05084444444444442
2922,3814965.0,0.051090740740740714
2923,3815025.0,0.05124259259259256
2924,3815085.0,0.05109999999999997
2925,3815145.0,0.05096574074074072
2926,3815205.0,0.05091574074074071
2927,3815268.0,0.05089907407407405
2928,3815325.0,0.05095555555555553
2929,3815385.0,0.05113055555555553
2930,3815445.0,0.05110370370370368
2931,3815505.0,0.050748148148148126
2932,3815565.0,0.050562962962962935
2933,3815625.0,0.05057777777777776
2934,3815685.0,0.050744444444444425
2935,3815745.0,0.0507935185185185
2936,3815805.0,0.05060092592592591
2937,3815865.0,0.050313888888888866
2938,3815925.0,0.05008333333333332
2939,3815985.0,0.04999444444444443
2940,3816045.0,0.0499148148148148
2941,3816105.0,0.05001296296296295
2942,3816165.0,0.05012685185185183
2943,3816225.0,0.04990925925925924
2944,3816285.0,0.04975555555555553
2945,3816345.0,0.04966574074074072
2946,3816405.0,0.049698148148148116
2947,3816465.0,0.04978703703703701
2948,3816525.0,0.049635185185185164
2949,3816585.0,0.049587037037037006
2950,3816645.0,0.049500925925925886
2951,3816705.0,0.04948888888888885
2952,3816765.0,0.049707407407407374
2953,3816825.0,0.0498333333333333
2954,3816885.0,0.049894444444444415
2955,3816945.0,0.04982499999999997
2956,3817005.0,0.049686111111111084
2957,3817065.0,0.0497407407407407
2958,3817125.0,0.049827777777777735
2959,3817185.0,0.04986759259259256
2960,3817245.0,0.04972592592592589
2961,3817305.0,0.04954537037037033
2962,3817365.0,0.04947592592592589
2963,3817425.0,0.049509259259259225
2964,3817485.0,0.04973888888888885
2965,3817545.0,0.049862037037037
2966,3817605.0,0.049807407407407384
2967,3817665.0,0.04958148148148145
2968,3817725.0,0.04980648148148145
2969,3817785.0,0.04967499999999997
2970,3817845.0,0.049816666666666634
2971,3817905.0,0.0499296296296296
2972,3817965.0,0.049894444444444415
2973,3818025.0,0.049745370370370336
2974,3818085.0,0.049559259259259233
2975,3818145.0,0.04956666666666664
2976,3818205.0,0.0496083333333333
2977,3818265.0,0.049677777777777744
2978,3818328.0,0.04960740740740737
2979,3818385.0,0.049427777777777744
2980,3818445.0,0.04928148148148145
2981,3818505.0,0.049370370370370335
2982,3818565.0,0.04955648148148144
2983,3818625.0,0.049719444444444406
2984,3818685.0,0.04963240740740737
2985,3818745.0,0.04952592592592589
2986,3818805.0,0.04928240740740737
2987,3818865.0,0.049077777777777734
2988,3818925.0,0.04910092592592589
2989,3818985.0,0.049362037037037
2990,3819045.0,0.04962685185185181
2991,3819105.0,0.04967962962962959
2992,3819165.0,0.04939351851851848
2993,3819225.0,0.049260185185185136
2994,3819285.0,0.0493194444444444
2995,3819345.0,0.04943333333333329
2996,3819405.0,0.049590740740740685
2997,3819465.0,0.0495481481481481
2998,3819525.0,0.04929074074074069
2999,3819585.0,0.04906574074074069
3000,3819645.0,0.04889537037037032
3001,3819705.0,0.048654629629629575
3002,3819765.0,0.04855833333333328
3003,3819825.0,0.048591666666666616
3004,3819885.0,0.04849629629629625
3005,3819945.0,0.04823240740740736
3006,3820005.0,0.0482268518518518
3007,3820065.0,0.04836944444444439
3008,3820125.0,0.04840740740740735
3009,3820185.0,0.048276851851851786
3010,3820245.0,0.048083333333333284
3011,3820305.0,0.04781481481481476
3012,3820365.0,0.04785833333333328
3013,3820425.0,0.04807499999999994
3014,3820485.0,0.048095370370370316
3015,3820545.0,0.04798888888888884
3016,3820605.0,0.04787222222222217
3017,3820665.0,0.04760462962962958
3018,3820725.0,0.047657407407407364
3019,3820785.0,0.047720370370370316
3020,3820845.0,0.04785833333333329
3021,3820905.0,0.047921296296296254
3022,3820965.0,0.047782407407407364
3023,3821025.0,0.0477194444444444
3024,3821085.0,0.04784999999999996
3025,3821145.0,0.04820092592592588
3026,3821205.0,0.048368518518518484
3027,3821265.0,0.048336111111111066
3028,3821325.0,0.04828055555555552
3029,3821385.0,0.04823425925925922
3030,3821445.0,0.04846666666666663
3031,3821505.0,0.0489083333333333
3032,3821565.0,0.04906111111111108
3033,3821625.0,0.049325925925925884
3034,3821685.0,0.04941759259259256
3035,3821745.0,0.04919537037037034
3036,3821805.0,0.049134259259259225
3037,3821865.0,0.049396296296296265
3038,3821925.0,0.0496083333333333
3039,3821985.0,0.049762037037037014
3040,3822045.0,0.04988148148148145
3041,3822105.0,0.049874074074074036
3042,3822165.0,0.049908333333333305
3043,3822225.0,0.050060185185185166
3044,3822285.0,0.050314814814814784
3045,3822345.0,0.050396296296296265
3046,3822405.0,0.05029259259259257
3047,3822468.0,0.05008055555555553
3048,3822525.0,0.04997777777777775
3049,3822585.0,0.05014537037037035
3050,3822645.0,0.05026296296296294
3051,3822705.0,0.050303703703703684
3052,3822765.0,0.050192592592592566
3053,3822825.0,0.049924074074074065
3054,3822885.0,0.04994629629629628
3055,3822945.0,0.0501148148148148
3056,3823005.0,0.05030185185185184
3057,3823065.0,0.05034999999999999
3058,3823125.0,0.0501648148148148
3059,3823185.0,0.04995370370370369
3060,3823245.0,0.0497898148148148
3061,3823305.0,0.0499361111111111
3062,3823365.0,0.05007407407407406
3063,3823425.0,0.050094444444444435
3064,3823485.0,0.05010092592592592
3065,3823545.0,0.049866666666666656
3066,3823605.0,0.04982407407407406
3067,3823665.0,0.04982037037037036
3068,3823725.0,0.05007129629629629
3069,3823785.0,0.050106481481481474
3070,3823845.0,0.05009907407407407
3071,3823905.0,0.05002777777777777
3072,3823965.0,0.04988888888888888
3073,3824025.0,0.050271296296296286
3074,3824085.0,0.050541666666666665
3075,3824145.0,0.05056759259259259
3076,3824205.0,0.05049629629629629
3077,3824265.0,0.050427777777777766
3078,3824325.0,0.050552777777777766
3079,3824385.0,0.05083055555555555
3080,3824445.0,0.050925
3081,3824505.0,0.0509212962962963
3082,3824565.0,0.05077314814814815
3083,3824625.0,0.050490740740740746
3084,3824685.0,0.05023055555555556
3085,3824745.0,0.05020833333333334
3086,3824805.0,0.050449074074074084
3087,3824865.0,0.050171296296296304
3088,3824925.0,0.04980277777777778
3089,3824985.0,0.0495675925925926
3090,3825045.0,0.049321296296296314
3091,3825105.0,0.04920277777777779
3092,3825165.0,0.049311111111111125
3093,3825225.0,0.04920925925925927
3094,3825285.0,0.0490138888888889
3095,3825345.0,0.04867777777777778
3096,3825405.0,0.04830277777777778
3097,3825465.0,0.04796018518518519
3098,3825528.0,0.047645370370370366
3099,3825585.0,0.04747685185185185
3100,3825645.0,0.04721203703703704
3101,3825705.0,0.04698518518518519
3102,3825765.0,0.04678148148148148
3103,3825825.0,0.04659444444444445
3104,3825885.0,0.0465
3105,3825945.0,0.04643703703703704
3106,3826005.0,0.04641851851851851
3107,3826065.0,0.04627037037037037
3108,3826125.0,0.0460574074074074
3109,3826185.0,0.045893518518518514
3110,3826245.0,0.0456574074074074
3111,3826305.0,0.04550092592592592
3112,3826365.0,0.045225925925925926
3113,3826425.0,0.04511666666666666
3114,3826485.0,0.0448
3115,3826545.0,0.04446851851851852
3116,3826605.0,0.044446296296296296
3117,3826665.0,0.04445648148148148
3118,3826725.0,0.04443981481481482
3119,3826785.0,0.04425555555555556
3120,3826845.0,0.04426018518518519
3121,3826905.0,0.04411481481481482
3122,3826968.0,0.04380462962962963
3123,3827025.0,0.04387777777777778
3124,3827085.0,0.04376296296296296
3125,3827145.0,0.04355185185185185
3126,3827205.0,0.04331481481481481
3127,3827265.0,0.04303518518518518
3128,3827325.0,0.04285648148148148
3129,3827385.0,0.04261481481481482
3130,3827445.0,0.04236666666666666
3131,3827505.0,0.04212777777777778
3132,3827565.0,0.04181944444444445
3133,3827625.0,0.04159259259259259
3134,3827685.0,0.0415287037037037
3135,3827745.0,0.04147129629629629
3136,3827805.0,0.04145
3137,3827865.0,0.041276851851851835
3138,3827925.0,0.04111944444444444
3139,3827985.0,0.041024999999999985
3140,3828045.0,0.04098425925925925
3141,3828105.0,0.0409824074074074
3142,3828165.0,0.040816666666666654
3143,3828225.0,0.04052222222222221
3144,3828285.0,0.04017314814814814
3145,3828345.0,0.03995648148148148
3146,3828405.0,0.03972129629629629
3147,3828465.0,0.039683333333333334
3148,3828525.0,0.03941203703703703
3149,3828585.0,0.039201851851851835
3150,3828645.0,0.038873148148148136
3151,3828705.0,0.038577777777777766
3152,3828765.0,0.038418518518518505
3153,3828825.0,0.03836388888888888
3154,3828885.0,0.038235185185185185
3155,3828945.0,0.03792685185185184
3156,3829005.0,0.03765185185185185
3157,3829065.0,0.03739537037037037
3158,3829125.0,0.037179629629629625
3159,3829185.0,0.036986111111111115
3160,3829245.0,0.03675555555555556
3161,3829305.0,0.036432407407407406
3162,3829365.0,0.03611296296296297
3163,3829425.0,0.035905555555555566
3164,3829485.0,0.035536111111111116
3165,3829545.0,0.035400000000000015
3166,3829605.0,0.03531111111111112
3167,3829665.0,0.03512037037037038
3168,3829725.0,0.03478611111111112
3169,3829785.0,0.0344138888888889
3170,3829845.0,0.034063888888888894
3171,3829908.0,0.034002777777777785
3172,3829965.0,0.034062037037037037
3173,3830025.0,0.03407592592592593
3174,3830085.0,0.03398333333333334
3175,3830145.0,0.03379351851851852
3176,3830205.0,0.03336666666666667
3177,3830265.0,0.0331675925925926
3178,3830325.0,0.03310277777777778
3179,3830385.0,0.03292592592592593
3180,3830445.0,0.03279814814814815
3181,3830508.0,0.032876851851851865
3182,3830565.0,0.03286111111111112
3183,3830625.0,0.03266944444444445
3184,3830685.0,0.03250092592592593
3185,3830745.0,0.032386111111111116
3186,3830805.0,0.03223611111111112
3187,3830865.0,0.0319601851851852
3188,3830925.0,0.03167962962962964
3189,3830985.0,0.031549074074074084
3190,3831045.0,0.031524074074074086
3191,3831105.0,0.03149166666666668
3192,3831165.0,0.031349074074074085
3193,3831225.0,0.031144444444444464
3194,3831285.0,0.031098148148148163
3195,3831345.0,0.031125000000000014
3196,3831405.0,0.03103333333333335
3197,3831465.0,0.030918518518518533
3198,3831525.0,0.030726851851851863
3199,3831585.0,0.030622222222222238
3200,3831645.0,0.03052962962962965
3201,3831705.0,0.030561111111111133
3202,3831765.0,0.030615740740740763
3203,3831825.0,0.03051481481481484
3204,3831885.0,0.03038333333333335
3205,3831945.0,0.030187962962962982
3206,3832005.0,0.03013333333333335
3207,3832065.0,0.030130555555555574
3208,3832125.0,0.030273148148148167
3209,3832185.0,0.0303027777777778
3210,3832245.0,0.030185185185185207
3211,3832305.0,0.029970370370370387
3212,3832365.0,0.02997592592592595
3213,3832425.0,0.02984814814814817
3214,3832485.0,0.029616666666666687
3215,3832545.0,0.029508333333333355
3216,3832605.0,0.029233333333333358
3217,3832665.0,0.029069444444444464
3218,3832725.0,0.02878333333333335
3219,3832785.0,0.028545370370370388
3220,3832845.0,0.028275925925925944
3221,3832905.0,0.028057407407407427
3222,3832965.0,0.027720370370370388
3223,3833025.0,0.027385185185185203
3224,3833085.0,0.027225925925925945
3225,3833145.0,0.027214814814814837
3226,3833205.0,0.027179629629629647
3227,3833265.0,0.027169444444444458
3228,3833325.0,0.02709814814814817
3229,3833385.0,0.026896296296296314
3230,3833445.0,0.026703703703703726
3231,3833505.0,0.026495370370370388
3232,3833565.0,0.026519444444444464
3233,3833625.0,0.026546296296296314
3234,3833685.0,0.026494444444444463
3235,3833745.0,0.02635833333333335
3236,3833805.0,0.02626296296296298
3237,3833865.0,0.02626111111111113
3238,3833925.0,0.026215740740740758
3239,3833985.0,0.02618518518518521
3240,3834045.0,0.02626481481481484
3241,3834105.0,0.026140740740740763
3242,3834165.0,0.02606574074074076
3243,3834225.0,0.026042592592592617
3244,3834285.0,0.026039814814814842
3245,3834345.0,0.026099074074074097
3246,3834405.0,0.025875925925925948
3247,3834465.0,0.025697222222222243
3248,3834525.0,0.02532962962962965
3249,3834585.0,0.02504722222222224
3250,3834645.0,0.024778703703703726
3251,3834705.0,0.024512962962962983
3252,3834765.0,0.024216666666666685
3253,3834825.0,0.023816666666666684
3254,3834885.0,0.02345370370370372
3255,3834945.0,0.02315000000000001
3256,3835005.0,0.023023148148148164
3257,3835065.0,0.022827777777777798
3258,3835125.0,0.02274907407407409
3259,3835185.0,0.02263055555555557
3260,3835245.0,0.022537962962962985
3261,3835305.0,0.022565740740740758
3262,3835365.0,0.02257407407407409
3263,3835425.0,0.02254259259259261
3264,3835485.0,0.02245370370370372
3265,3835545.0,0.02224259259259261
3266,3835605.0,0.021948148148148168
3267,3835665.0,0.02178518518518521
3268,3835725.0,0.021901851851851874
3269,3835785.0,0.02180925925925928
3270,3835845.0,0.021696296296296318
3271,3835905.0,0.021557407407407428
3272,3835965.0,0.021228703703703725
3273,3836028.0,0.021141666666666687
3274,3836085.0,0.02124537037037039
3275,3836145.0,0.0211527777777778
3276,3836205.0,0.021361111111111133
3277,3836265.0,0.021580555555555582
3278,3836325.0,0.021735185185185208
3279,3836385.0,0.02181018518518521
3280,3836445.0,0.02190925925925928
3281,3836505.0,0.021923148148148167
3282,3836565.0,0.02168333333333336
3283,3836625.0,0.021454629629629653
3284,3836685.0,0.021304629629629653
3285,3836745.0,0.021206481481481503
3286,3836808.0,0.021190740740740763
3287,3836868.0,0.021196296296296317
3288,3836925.0,0.021249074074074097
3289,3836985.0,0.02133518518518521
3290,3837045.0,0.021612962962962983
3291,3837105.0,0.021906481481481502
3292,3837165.0,0.022241666666666687
3293,3837225.0,0.022476851851851876
3294,3837285.0,0.022616666666666688
3295,3837345.0,0.022858333333333355
3296,3837405.0,0.022807407407407432
3297,3837465.0,0.022811111111111133
3298,3837525.0,0.02275833333333336
3299,3837585.0,0.02284814814814817
3300,3837645.0,0.022787962962962986
3301,3837705.0,0.022866666666666688
3302,3837765.0,0.023151851851851868
3303,3837825.0,0.023225925925925945
3304,3837885.0,0.023314814814814837
3305,3837945.0,0.023514814814814832
3306,3838005.0,0.023582407407407423
3307,3838065.0,0.023754629629629646
3308,3838128.0,0.023775925925925943
3309,3838185.0,0.02373333333333335
3310,3838245.0,0.02390833333333335
3311,3838305.0,0.02384351851851853
3312,3838365.0,0.023759259259259275
3313,3838425.0,0.02359074074074076
3314,3838485.0,0.02334074074074076
3315,3838545.0,0.023293518518518533
3316,3838605.0,0.02317407407407409
3317,3838665.0,0.02311481481481483
3318,3838725.0,0.02297870370370372
3319,3838785.0,0.022825000000000012
3320,3838845.0,0.022755555555555567
3321,3838905.0,0.022661111111111125
3322,3838965.0,0.02271111111111113
3323,3839025.0,0.022814814814814833
3324,3839085.0,0.022909259259259275
3325,3839145.0,0.022909259259259275
3326,3839205.0,0.02286759259259261
3327,3839265.0,0.022945370370370387
3328,3839325.0,0.02296574074074076
3329,3839385.0,0.022997222222222242
3330,3839445.0,0.023025925925925943
3331,3839505.0,0.023100925925925945
3332,3839565.0,0.023066666666666687
3333,3839625.0,0.023007407407407428
3334,3839685.0,0.022946296296296315
3335,3839745.0,0.02304444444444446
3336,3839805.0,0.02318611111111113
3337,3839865.0,0.02333888888888891
3338,3839925.0,0.023478703703703724
3339,3839985.0,0.023553703703703726
3340,3840048.0,0.02368888888888891
3341,3840105.0,0.023759259259259282
3342,3840165.0,0.02387037037037039
3343,3840225.0,0.023805555555555573
3344,3840285.0,0.023805555555555573
3345,3840345.0,0.02374722222222224
3346,3840405.0,0.023732407407407424
3347,3840465.0,0.023775925925925943
3348,3840525.0,0.023820370370370388
3349,3840585.0,0.023975000000000017
3350,3840645.0,0.024112962962962982
3351,3840705.0,0.024071296296296316
3352,3840765.0,0.024020370370370383
3353,3840825.0,0.02389259259259261
3354,3840885.0,0.023770370370370383
3355,3840945.0,0.023796296296296312
3356,3841005.0,0.023845370370370385
3357,3841065.0,0.02386944444444446
3358,3841125.0,0.023864814814814832
3359,3841185.0,0.02389722222222224
3360,3841245.0,0.02404907407407409
3361,3841305.0,0.024104629629629646
3362,3841365.0,0.024146296296296308
3363,3841425.0,0.02419722222222224
3364,3841485.0,0.024252777777777797
3365,3841545.0,0.024394444444444458
3366,3841605.0,0.024441666666666684
3367,3841665.0,0.024444444444444463
3368,3841725.0,0.02453425925925928
3369,3841785.0,0.024714814814814832
3370,3841845.0,0.02479351851851853
3371,3841905.0,0.025000000000000012
3372,3841965.0,0.02517222222222224
3373,3842025.0,0.025287037037037045
3374,3842085.0,0.02535092592592594
3375,3842145.0,0.02539722222222224
3376,3842205.0,0.025556481481481496
3377,3842265.0,0.02559722222222224
3378,3842325.0,0.02540555555555557
3379,3842385.0,0.02517129629629631
3380,3842445.0,0.024950000000000014
3381,3842505.0,0.024744444444444458
3382,3842565.0,0.02451203703703705
3383,3842625.0,0.02442777777777779
3384,3842685.0,0.02445185185185187
3385,3842745.0,0.024388888888888904
3386,3842805.0,0.024300000000000016
3387,3842865.0,0.02414907407407409
3388,3842925.0,0.02391851851851853
3389,3842985.0,0.02364814814814816
3390,3843045.0,0.02342222222222224
3391,3843105.0,0.023219444444444463
3392,3843165.0,0.02298425925925928
3393,3843225.0,0.022776851851851868
3394,3843288.0,0.022942592592592608
3395,3843345.0,0.022987037037037056
3396,3843405.0,0.023205555555555573
3397,3843465.0,0.02310370370370372
3398,3843525.0,0.023208333333333348
3399,3843585.0,0.023402777777777797
3400,3843645.0,0.023587037037037045
3401,3843705.0,0.02375833333333335
3402,3843765.0,0.023789814814814837
3403,3843825.0,0.023691666666666684
3404,3843885.0,0.02359722222222224
3405,3843945.0,0.02353333333333335
3406,3844005.0,0.023387962962962982
3407,3844065.0,0.023354629629629645
3408,3844125.0,0.023162962962962982
3409,3844185.0,0.023220370370370388
3410,3844245.0,0.023330555555555573
3411,3844305.0,0.02343425925925928
3412,3844368.0,0.02349074074074076
3413,3844425.0,0.023381481481481496
3414,3844485.0,0.023169444444444458
3415,3844545.0,0.022942592592592605
3416,3844605.0,0.022675000000000008
3417,3844665.0,0.022612962962962974
3418,3844725.0,0.0225601851851852
3419,3844785.0,0.022615740740740752
3420,3844845.0,0.02250370370370372
3421,3844905.0,0.022361111111111127
3422,3844965.0,0.022126851851851863
3423,3845025.0,0.02190555555555557
3424,3845085.0,0.021705555555555568
3425,3845145.0,0.0215351851851852
3426,3845205.0,0.0214851851851852
3427,3845265.0,0.02140462962962964
3428,3845325.0,0.02144629629629631
3429,3845385.0,0.021651851851851863
3430,3845445.0,0.021853703703703715
3431,3845505.0,0.022027777777777792
3432,3845565.0,0.022244444444444456
3433,3845625.0,0.022361111111111127
3434,3845685.0,0.022472222222222237
3435,3845745.0,0.022446296296296308
3436,3845805.0,0.022403703703703717
3437,3845865.0,0.022536111111111118
3438,3845925.0,0.022330555555555562
3439,3845985.0,0.022243518518518527
3440,3846045.0,0.022224074074074084
3441,3846105.0,0.02225000000000001
3442,3846165.0,0.02227592592592593
3443,3846225.0,0.022286111111111118
3444,3846285.0,0.022412962962962968
3445,3846345.0,0.022493518518518527
3446,3846405.0,0.022524074074074082
3447,3846465.0,0.022470370370370377
3448,3846525.0,0.022265740740740742
3449,3846585.0,0.022272222222222228
3450,3846645.0,0.022320370370370376
3451,3846705.0,0.022390740740740742
3452,3846765.0,0.022445370370370376
3453,3846825.0,0.02259907407407408
3454,3846885.0,0.02258796296296297
3455,3846945.0,0.022718518518518523
3456,3847008.0,0.022673148148148158
3457,3847065.0,0.022536111111111118
3458,3847125.0,0.02242870370370371
3459,3847185.0,0.022389814814814817
3460,3847245.0,0.022289814814814818
3461,3847305.0,0.02222592592592593
3462,3847365.0,0.02233796296296297
3463,3847425.0,0.02250092592592593
3464,3847485.0,0.02260000000000001
3465,3847545.0,0.02270555555555556
3466,3847605.0,0.022732407407407413
3467,3847665.0,0.022632407407407414
3468,3847725.0,0.02252592592592593
3469,3847785.0,0.022493518518518524
3470,3847845.0,0.02227962962962964
3471,3847905.0,0.02201018518518519
3472,3847965.0,0.021880555555555563
3473,3848025.0,0.02153425925925927
3474,3848085.0,0.02134351851851853
3475,3848145.0,0.02116018518518519
3476,3848205.0,0.02120648148148149
3477,3848265.0,0.021405555555555563
3478,3848325.0,0.02148148148148149
3479,3848388.0,0.021438888888888896
3480,3848445.0,0.02128425925925927
3481,3848505.0,0.021057407407407414
3482,3848565.0,0.02076018518518519
3483,3848625.0,0.020584259259259264
3484,3848685.0,0.020404629629629637
3485,3848748.0,0.02031203703703704
3486,3848805.0,0.02032500000000001
3487,3848865.0,0.02028055555555556
3488,3848925.0,0.020309259259259263
3489,3848985.0,0.020395370370370376
3490,3849045.0,0.020307407407407413
3491,3849105.0,0.02027685185185186
3492,3849165.0,0.02032314814814816
3493,3849225.0,0.020305555555555563
3494,3849285.0,0.020289814814814826
3495,3849345.0,0.02019907407407408
3496,3849405.0,0.020312037037037045
3497,3849465.0,0.020512037037037044
3498,3849525.0,0.020697222222222228
3499,3849585.0,0.021022222222222227
3500,3849645.0,0.021271296296296302
3501,3849705.0,0.02145740740740741
3502,3849765.0,0.021564814814814818
3503,3849825.0,0.021464814814814825
3504,3849885.0,0.021363888888888898
3505,3849945.0,0.021357407407407412
3506,3850005.0,0.021377777777777787
3507,3850065.0,0.021414814814814824
3508,3850125.0,0.021407407407407417
3509,3850185.0,0.02151666666666668
3510,3850245.0,0.021574074074074086
3511,3850305.0,0.021584259259259272
3512,3850368.0,0.021555555555555567
3513,3850425.0,0.021549074074074085
3514,3850485.0,0.021565740740740757
3515,3850545.0,0.021424074074074092
3516,3850605.0,0.02126481481481483
3517,3850665.0,0.021382407407407426
3518,3850725.0,0.02152222222222224
3519,3850785.0,0.021606481481481497
3520,3850845.0,0.02172407407407409
3521,3850905.0,0.021930555555555568
3522,3850965.0,0.022000000000000016
3523,3851025.0,0.022307407407407425
3524,3851085.0,0.02268055555555557
3525,3851145.0,0.023086111111111127
3526,3851205.0,0.02339814814814816
3527,3851265.0,0.023580555555555573
3528,3851325.0,0.023787037037037054
3529,3851385.0,0.02381111111111113
3530,3851445.0,0.02386296296296298
3531,3851508.0,0.024094444444444463
3532,3851565.0,0.024343518518518542
3533,3851625.0,0.024533333333333355
3534,3851685.0,0.02474166666666669
3535,3851745.0,0.024940740740740763
3536,3851805.0,0.02533703703703706
3537,3851865.0,0.025686111111111132
3538,3851925.0,0.025690740740740764
3539,3851985.0,0.025681481481481503
3540,3852045.0,0.025800925925925942
3541,3852105.0,0.026118518518518537
3542,3852165.0,0.026425925925925943
3543,3852225.0,0.026650925925925942
3544,3852285.0,0.026843518518518537
3545,3852345.0,0.02685462962962965
3546,3852405.0,0.0269064814814815
3547,3852465.0,0.027241666666666685
3548,3852525.0,0.02743611111111113
3549,3852585.0,0.02757407407407409
3550,3852645.0,0.027621296296296314
3551,3852705.0,0.027483333333333356
3552,3852765.0,0.02739537037037039
3553,3852825.0,0.02744537037037039
3554,3852885.0,0.027501851851851868
3555,3852945.0,0.027497222222222242
3556,3853005.0,0.02745925925925928
3557,3853065.0,0.027462962962962984
3558,3853125.0,0.0276277777777778
3559,3853185.0,0.027867592592592614
3560,3853245.0,0.02824444444444446
3561,3853305.0,0.028550925925925945
3562,3853365.0,0.028828703703703717
3563,3853425.0,0.028950925925925942
3564,3853485.0,0.02901203703703705
3565,3853545.0,0.029270370370370388
3566,3853605.0,0.029522222222222238
3567,3853665.0,0.0298351851851852
3568,3853725.0,0.03003981481481483
3569,3853785.0,0.03027407407407409
3570,3853845.0,0.03047314814814817
3571,3853905.0,0.030809259259259283
3572,3853965.0,0.03124166666666668
3573,3854025.0,0.03167592592592594
3574,3854085.0,0.03177500000000001
3575,3854145.0,0.03189351851851853
3576,3854205.0,0.031847222222222235
3577,3854265.0,0.031806481481481484
3578,3854325.0,0.03177500000000001
3579,3854385.0,0.03160185185185186
3580,3854445.0,0.03148425925925927
3581,3854508.0,0.03122962962962964
3582,3854565.0,0.031204629629629638
3583,3854625.0,0.031338888888888895
3584,3854685.0,0.0312638888888889
3585,3854745.0,0.031185185185185194
3586,3854805.0,0.031127777777777782
3587,3854865.0,0.030980555555555563
3588,3854925.0,0.03104722222222223
3589,3854985.0,0.03089444444444445
3590,3855045.0,0.030704629629629637
3591,3855105.0,0.030626851851851856
3592,3855165.0,0.030438888888888894
3593,3855225.0,0.03043981481481482
3594,3855285.0,0.03055925925925926
3595,3855348.0,0.03067685185185185
3596,3855405.0,0.030850925925925924
3597,3855465.0,0.03098333333333333
3598,3855525.0,0.03119814814814815
3599,3855585.0,0.03125462962962963
3600,3855645.0,0.0313175925925926
3601,3855705.0,0.03139074074074075
3602,3855765.0,0.031549074074074084
3603,3855825.0,0.031682407407407416
3604,3855885.0,0.03190092592592594
3605,3855945.0,0.032083333333333346
3606,3856005.0,0.032234259259259275
3607,3856065.0,0.032357407407407425
3608,3856125.0,0.03233796296296298
3609,3856185.0,0.03227685185185187
3610,3856245.0,0.032060185185185205
3611,3856305.0,0.03195185185185187
3612,3856365.0,0.031766666666666686
3613,3856425.0,0.031758333333333354
3614,3856485.0,0.031699074074074095
3615,3856545.0,0.031725000000000024
3616,3856605.0,0.03181203703703706
3617,3856665.0,0.03195462962962965
3618,3856725.0,0.032131481481481504
3619,3856785.0,0.03211111111111113
3620,3856845.0,0.03204351851851854
3621,3856905.0,0.03186666666666669
3622,3856965.0,0.03167222222222225
3623,3857025.0,0.03156759259259262
3624,3857085.0,0.031479629629629656
3625,3857145.0,0.03142962962962965
3626,3857205.0,0.03151018518518521
3627,3857265.0,0.03156944444444447
3628,3857325.0,0.031703703703703734
3629,3857385.0,0.0317740740740741
3630,3857445.0,0.03188518518518521
3631,3857505.0,0.031881481481481504
3632,3857565.0,0.03195462962962965
3633,3857625.0,0.03206388888888891
3634,3857685.0,0.03201018518518521
3635,3857745.0,0.03194629629629632
3636,3857805.0,0.031729629629629656
3637,3857865.0,0.03169444444444447
3638,3857925.0,0.03164722222222225
3639,3857985.0,0.03162685185185188
3640,3858045.0,0.03162870370370373
3641,3858105.0,0.031705555555555584
3642,3858165.0,0.031785185185185215
3643,3858225.0,0.031758333333333354
3644,3858285.0,0.03176944444444447
3645,3858345.0,0.03173333333333336
3646,3858405.0,0.031810185185185205
3647,3858465.0,0.032008333333333354
3648,3858525.0,0.03233333333333335
3649,3858585.0,0.03252314814814817
3650,3858645.0,0.032633333333333354
3651,3858705.0,0.03277314814814817
3652,3858765.0,0.032744444444444465
3653,3858825.0,0.03268240740740743
3654,3858885.0,0.03263888888888891
3655,3858945.0,0.03272592592592595
3656,3859005.0,0.0329027777777778
3657,3859065.0,0.0327064814814815
3658,3859125.0,0.032575925925925946
3659,3859185.0,0.03244629629629631
3660,3859245.0,0.032541666666666684
3661,3859305.0,0.032597222222222236
3662,3859365.0,0.0327777777777778
3663,3859425.0,0.032768518518518544
3664,3859485.0,0.03292222222222225
3665,3859545.0,0.032966666666666686
3666,3859605.0,0.032943518518518546
3667,3859665.0,0.03289074074074077
3668,3859725.0,0.032862037037037065
3669,3859785.0,0.032839814814814836
3670,3859845.0,0.032844444444444475
3671,3859905.0,0.03296388888888892
3672,3859965.0,0.03308148148148151
3673,3860025.0,0.033285185185185216
3674,3860085.0,0.03346851851851855
3675,3860145.0,0.03360370370370373
3676,3860205.0,0.033596296296296325
3677,3860265.0,0.033464814814814836
3678,3860325.0,0.03334074074074077
3679,3860385.0,0.03299444444444447
3680,3860445.0,0.032752777777777804
3681,3860505.0,0.032523148148148176
3682,3860568.0,0.032398148148148176
3683,3860625.0,0.032377777777777804
3684,3860685.0,0.032343518518518535
3685,3860745.0,0.03228425925925928
3686,3860805.0,0.032270370370370394
3687,3860865.0,0.032258333333333354
3688,3860928.0,0.032296296296296316
3689,3860985.0,0.0323064814814815
3690,3861045.0,0.03228425925925928
3691,3861105.0,0.032313888888888906
3692,3861165.0,0.03241944444444446
3693,3861225.0,0.03249722222222224
3694,3861285.0,0.032553703703703724
3695,3861345.0,0.03256944444444446
3696,3861405.0,0.032562037037037056
3697,3861465.0,0.032275925925925944
3698,3861525.0,0.03199629629629632
3699,3861588.0,0.031912037037037065
3700,3861645.0,0.031700925925925945
3701,3861705.0,0.031419444444444465
3702,3861765.0,0.031275925925925936
3703,3861825.0,0.03087037037037039
3704,3861885.0,0.03056944444444446
3705,3861945.0,0.03030462962962965
3706,3862005.0,0.03007685185185187
3707,3862065.0,0.030026851851851867
3708,3862125.0,0.029917592592592607
3709,3862185.0,0.029879629629629645
3710,3862245.0,0.02988333333333335
3711,3862305.0,0.02982500000000001
3712,3862365.0,0.02970000000000001
3713,3862425.0,0.02972129629629631
3714,3862485.0,0.029688888888888907
3715,3862545.0,0.029562962962962982
3716,3862605.0,0.029341666666666683
3717,3862665.0,0.02908333333333335
3718,3862725.0,0.029149074074074088
3719,3862785.0,0.029084259259259275
3720,3862845.0,0.02881203703703705
3721,3862905.0,0.028395370370370387
3722,3862965.0,0.02807592592592594
3723,3863025.0,0.027836111111111127
3724,3863085.0,0.027518518518518536
3725,3863145.0,0.027371296296296317
3726,3863205.0,0.027227777777777795
3727,3863265.0,0.026900925925925943
3728,3863325.0,0.02667222222222224
3729,3863385.0,0.026312037037037054
3730,3863445.0,0.02608055555555557
3731,3863505.0,0.025970370370370387
3732,3863568.0,0.02591759259259261
3733,3863625.0,0.02574814814814817
3734,3863685.0,0.02561574074074076
3735,3863745.0,0.02557314814814816
3736,3863805.0,0.02547685185185187
3737,3863865.0,0.025437037037037053
3738,3863925.0,0.025362962962962983
3739,3863985.0,0.02512222222222224
3740,3864045.0,0.024808333333333352
3741,3864105.0,0.02453425925925928
3742,3864165.0,0.024332407407407428
3743,3864225.0,0.024248148148148168
3744,3864285.0,0.02410462962962965
3745,3864345.0,0.023950925925925945
3746,3864405.0,0.023758333333333357
3747,3864465.0,0.023608333333333356
3748,3864528.0,0.023493518518518542
3749,3864585.0,0.023443518518518537
3750,3864645.0,0.02346111111111113
3751,3864705.0,0.02334814814814817
3752,3864765.0,0.023159259259259282
3753,3864825.0,0.02284722222222224
3754,3864885.0,0.022604629629629648
3755,3864945.0,0.02237129629629632
3756,3865005.0,0.022200925925925947
3757,3865065.0,0.022131481481481502
3758,3865125.0,0.022255555555555574
3759,3865185.0,0.02229537037037039
3760,3865245.0,0.022405555555555574
3761,3865305.0,0.02253611111111113
3762,3865365.0,0.022631481481481502
3763,3865425.0,0.022603703703703727
3764,3865485.0,0.02269537037037039
3765,3865545.0,0.02282314814814817
3766,3865605.0,0.022922222222222243
3767,3865665.0,0.023132407407407428
3768,3865725.0,0.023137037037037057
3769,3865785.0,0.023325925925925944
3770,3865845.0,0.02354722222222224
3771,3865905.0,0.02376759259259261
3772,3865965.0,0.02402407407407409
3773,3866025.0,0.024169444444444462
3774,3866085.0,0.02433518518518521
3775,3866145.0,0.02436388888888891
3776,3866205.0,0.024620370370370397
3777,3866265.0,0.02467962962962965
3778,3866325.0,0.024674074074074098
3779,3866385.0,0.024605555555555582
3780,3866445.0,0.02456111111111113
3781,3866505.0,0.02457129629629632
3782,3866565.0,0.024556481481481502
3783,3866625.0,0.02449074074074076
3784,3866685.0,0.0243777777777778
3785,3866745.0,0.024300925925925948
3786,3866805.0,0.024371296296296318
3787,3866865.0,0.024426851851851877
3788,3866925.0,0.02450462962962965
3789,3866985.0,0.0246527777777778
3790,3867045.0,0.024893518518518537
3791,3867105.0,0.025037037037037056
3792,3867165.0,0.025209259259259282
3793,3867225.0,0.0252527777777778
3794,3867285.0,0.02527500000000002
3795,3867345.0,0.025424074074074092
3796,3867405.0,0.025505555555555576
3797,3867465.0,0.025424074074074092
3798,3867525.0,0.025407407407407427
3799,3867585.0,0.02541574074074076
3800,3867645.0,0.0254314814814815
3801,3867705.0,0.02559907407407409
3802,3867765.0,0.025926851851851868
3803,3867825.0,0.026053703703703718
3804,3867885.0,0.026104629629629648
3805,3867945.0,0.02610925925925928
3806,3868005.0,0.026028703703703717
3807,3868065.0,0.026046296296296314
3808,3868125.0,0.02605555555555557
3809,3868185.0,0.026028703703703724
3810,3868245.0,0.026005555555555573
3811,3868305.0,0.0259527777777778
3812,3868365.0,0.025917592592592614
3813,3868425.0,0.02575462962962965
3814,3868485.0,0.02568703703703706
3815,3868545.0,0.02565092592592595
3816,3868605.0,0.02566203703703706
3817,3868665.0,0.02561481481481484
3818,3868725.0,0.02589537037037039
3819,3868785.0,0.02602500000000002
3820,3868845.0,0.02626018518518521
3821,3868905.0,0.026428703703703725
3822,3868965.0,0.026574074074074097
3823,3869025.0,0.026671296296296318
3824,3869085.0,0.02673981481481484
3825,3869145.0,0.02663240740740743
3826,3869205.0,0.02649444444444447
3827,3869265.0,0.02628333333333336
3828,3869325.0,0.026428703703703732
3829,3869385.0,0.026381481481481502
3830,3869445.0,0.026421296296296318
3831,3869505.0,0.02651574074074077
3832,3869565.0,0.026584259259259287
3833,3869628.0,0.026793518518518543
3834,3869685.0,0.02699722222222225
3835,3869745.0,0.027073148148148176
3836,3869805.0,0.026952777777777805
3837,3869865.0,0.026809259259259286
3838,3869925.0,0.026818518518518547
3839,3869985.0,0.02675462962962966
3840,3870045.0,0.02675370370370373
3841,3870105.0,0.026936111111111143
3842,3870165.0,0.026915740740740768
3843,3870225.0,0.027046296296296325
3844,3870285.0,0.02710000000000003
3845,3870345.0,0.027191666666666697
3846,3870405.0,0.02722222222222225
3847,3870465.0,0.02736851851851855
3848,3870525.0,0.02752777777777781
3849,3870585.0,0.027694444444444476
3850,3870645.0,0.02758796296296299
3851,3870705.0,0.02754074074074077
3852,3870765.0,0.027346296296296323
3853,3870825.0,0.027142592592592617
3854,3870885.0,0.02725277777777781
3855,3870945.0,0.027235185185185213
3856,3871005.0,0.02724722222222225
3857,3871065.0,0.027349074074074102
3858,3871125.0,0.02738240740740744
3859,3871185.0,0.027513888888888918
3860,3871245.0,0.027549074074074104
3861,3871305.0,0.02760370370370373
3862,3871365.0,0.027505555555555585
3863,3871425.0,0.027537962962962997
3864,3871485.0,0.02765833333333336
3865,3871545.0,0.027805555555555587
3866,3871605.0,0.027817592592592626
3867,3871665.0,0.02778888888888892
3868,3871725.0,0.02785370370370373
3869,3871785.0,0.027962962962963
3870,3871845.0,0.02806851851851855
3871,3871905.0,0.02819722222222225
3872,3871965.0,0.028325000000000038
3873,3872025.0,0.028452777777777813
3874,3872085.0,0.02860185185185189
3875,3872145.0,0.028734259259259293
3876,3872208.0,0.028842592592592625
3877,3872265.0,0.028842592592592625
3878,3872325.0,0.02888333333333337
3879,3872385.0,0.028862962962963
3880,3872445.0,0.028950925925925963
3881,3872508.0,0.02893703703703707
3882,3872565.0,0.02895555555555559
3883,3872625.0,0.029120370370370408
3884,3872685.0,0.029286111111111145
3885,3872745.0,0.029345370370370407
3886,3872805.0,0.029459259259259293
3887,3872865.0,0.029458333333333368
3888,3872925.0,0.029481481481481518
3889,3872985.0,0.029494444444444483
3890,3873045.0,0.029392592592592626
3891,3873105.0,0.02914351851851855
3892,3873165.0,0.029037962962962995
3893,3873225.0,0.028852777777777814
3894,3873285.0,0.02876018518518522
3895,3873345.0,0.0286166666666667
3896,3873405.0,0.028549074074074112
3897,3873465.0,0.028597222222222256
3898,3873525.0,0.02867314814814818
3899,3873585.0,0.028822222222222263
3900,3873645.0,0.028856481481481518
3901,3873705.0,0.028860185185185218
3902,3873765.0,0.0287916666666667
3903,3873825.0,0.028892592592592626
3904,3873885.0,0.029009259259259294
3905,3873945.0,0.029027777777777805
3906,3874005.0,0.02900277777777781
3907,3874065.0,0.029145370370370405
3908,3874125.0,0.029159259259259294
3909,3874185.0,0.029331481481481517
3910,3874245.0,0.029525000000000037
3911,3874305.0,0.029607407407407443
3912,3874365.0,0.029705555555555593
3913,3874425.0,0.02976944444444448
3914,3874485.0,0.029945370370370407
3915,3874545.0,0.029722222222222257
3916,3874605.0,0.029691666666666706
3917,3874665.0,0.029765740740740777
3918,3874725.0,0.029938888888888925
3919,3874785.0,0.030181481481481517
3920,3874845.0,0.03034629629629633
3921,3874905.0,0.03064444444444448
3922,3874965.0,0.030818518518518558
3923,3875025.0,0.030866666666666705
3924,3875085.0,0.03090370370370374
3925,3875145.0,0.030728703703703737
3926,3875205.0,0.03068981481481485
3927,3875265.0,0.03058333333333336
3928,3875325.0,0.03058888888888892
3929,3875385.0,0.0305416666666667
3930,3875445.0,0.030436111111111143
3931,3875505.0,0.03035092592592596
3932,3875565.0,0.03027870370370373
3933,3875625.0,0.030301851851851882
3934,3875685.0,0.03040370370370373
3935,3875745.0,0.030517592592592624
3936,3875805.0,0.030675000000000032
3937,3875865.0,0.03075000000000003
3938,3875925.0,0.03063703703703707
3939,3875985.0,0.030662962962962993
3940,3876045.0,0.030629629629629663
3941,3876105.0,0.030471296296296326
3942,3876165.0,0.03032592592592596
3943,3876225.0,0.03023981481481485
3944,3876285.0,0.03007962962962966
3945,3876345.0,0.02994351851851855
3946,3876405.0,0.03000185185185188
3947,3876465.0,0.0298953703703704
3948,3876525.0,0.02987314814814818
3949,3876585.0,0.029667592592592624
3950,3876645.0,0.02948888888888892
3951,3876705.0,0.029274074074074105
3952,3876765.0,0.02901574074074077
3953,3876825.0,0.02879722222222225
3954,3876885.0,0.02858425925925929
3955,3876945.0,0.028610185185185218
3956,3877008.0,0.028257407407407436
3957,3877065.0,0.02797870370370373
3958,3877125.0,0.02792870370370373
3959,3877185.0,0.027994444444444475
3960,3877245.0,0.028029629629629658
3961,3877305.0,0.02803425925925929
3962,3877365.0,0.02810277777777781
3963,3877425.0,0.028202777777777813
3964,3877485.0,0.02836481481481485
3965,3877545.0,0.028371296296296332
3966,3877605.0,0.02820370370370373
3967,3877665.0,0.028179629629629662
3968,3877725.0,0.028255555555555582
3969,3877785.0,0.02824722222222225
3970,3877845.0,0.028257407407407436
3971,3877905.0,0.028271296296296333
3972,3877965.0,0.02835185185185188
3973,3878025.0,0.028178703703703737
3974,3878085.0,0.028425000000000037
3975,3878145.0,0.02850092592592596
3976,3878205.0,0.028553703703703737
3977,3878265.0,0.02854444444444448
3978,3878325.0,0.028552777777777812
3979,3878385.0,0.028540740740740776
3980,3878445.0,0.028621296296296332
3981,3878505.0,0.028617592592592625
3982,3878565.0,0.0284666666666667
3983,3878625.0,0.028517592592592626
3984,3878685.0,0.028578703703703738
3985,3878745.0,0.02862777777777781
3986,3878805.0,0.028757407407407436
3987,3878865.0,0.02878703703703707
3988,3878925.0,0.02869444444444448
3989,3878985.0,0.028684259259259288
3990,3879045.0,0.02868888888888892
3991,3879105.0,0.028689814814814845
3992,3879165.0,0.028698148148148174
3993,3879225.0,0.028619444444444475
3994,3879285.0,0.028559259259259288
3995,3879345.0,0.02855833333333337
3996,3879405.0,0.02857685185185188
3997,3879465.0,0.02867129629629633
3998,3879525.0,0.028390740740740775
3999,3879585.0,0.02828518518518522
4000,3879645.0,0.02803518518518522
4001,3879705.0,0.027790740740740776
4002,3879765.0,0.027454629629629662
4003,3879825.0,0.027253703703703742
4004,3879885.0,0.027170370370370404
4005,3879945.0,0.02723148148148152
4006,3880005.0,0.027195370370370404
4007,3880065.0,0.02732592592592596
4008,3880125.0,0.027017592592592624
4009,3880185.0,0.02697222222222225
4010,3880245.0,0.026946296296296333
4011,3880305.0,0.0268703703703704
4012,3880365.0,0.026737962962962998
4013,3880425.0,0.02665370370370373
4014,3880485.0,0.026764814814814845
4015,3880545.0,0.026689814814814847
4016,3880605.0,0.02661203703703707
4017,3880665.0,0.0267453703703704
4018,3880725.0,0.02680740740740744
4019,3880785.0,0.026965740740740773
4020,3880845.0,0.027165740740740768
4021,3880905.0,0.026923148148148182
4022,3880965.0,0.026975925925925955
4023,3881025.0,0.02698611111111114
4024,3881088.0,0.02706574074074077
4025,3881145.0,0.027010185185185217
4026,3881205.0,0.027231481481481516
4027,3881268.0,0.027455555555555587
4028,3881325.0,0.027678703703703737
4029,3881385.0,0.027976851851851885
4030,3881445.0,0.028271296296296333
4031,3881505.0,0.028409259259259294
4032,3881565.0,0.028679629629629663
4033,3881625.0,0.02905648148148152
4034,3881685.0,0.0291203703703704
4035,3881745.0,0.029300925925925963
4036,3881805.0,0.029441666666666692
4037,3881865.0,0.02938518518518522
4038,3881925.0,0.02949074074074077
4039,3881985.0,0.029657407407407438
4040,3882045.0,0.029925925925925963
4041,3882105.0,0.03025000000000003
4042,3882165.0,0.030662037037037067
4043,3882225.0,0.030887962962962992
4044,3882285.0,0.031028703703703725
4045,3882345.0,0.031237962962962988
4046,3882405.0,0.03161759259259262
4047,3882468.0,0.032014814814814836
4048,3882525.0,0.032237037037037064
4049,3882585.0,0.032139814814814836
4050,3882648.0,0.03234722222222225
4051,3882705.0,0.03237685185185188
4052,3882765.0,0.03250648148148151
4053,3882825.0,0.03268703703703707
4054,3882885.0,0.032777777777777815
4055,3882945.0,0.032889814814814844
4056,3883005.0,0.0329740740740741
4057,3883065.0,0.03321944444444447
4058,3883125.0,0.03351296296296299
4059,3883185.0,0.033796296296296324
4060,3883245.0,0.03398055555555558
4061,3883305.0,0.034125925925925955
4062,3883365.0,0.03415833333333336
4063,3883425.0,0.03417592592592595
4064,3883485.0,0.03414814814814817
4065,3883545.0,0.03430740740740743
4066,3883605.0,0.034365740740740766
4067,3883665.0,0.03444444444444447
4068,3883725.0,0.03440833333333336
4069,3883785.0,0.034487962962962984
4070,3883845.0,0.0346740740740741
4071,3883905.0,0.03500185185185188
4072,3883965.0,0.035274074074074104
4073,3884025.0,0.03544351851851855
4074,3884085.0,0.035484259259259285
4075,3884145.0,0.035651851851851886
4076,3884205.0,0.03576388888888892
4077,3884265.0,0.0358916666666667
4078,3884325.0,0.035937037037037066
4079,3884385.0,0.035927777777777815
4080,3884445.0,0.03603518518518522
4081,3884505.0,0.03628703703703707
4082,3884565.0,0.03653611111111114
4083,3884625.0,0.036637962962963
4084,3884685.0,0.036888888888888915
4085,3884745.0,0.03701851851851856
4086,3884805.0,0.03716851851851855
4087,3884865.0,0.037226851851851886
4088,3884928.0,0.037454629629629664
4089,3884985.0,0.03763981481481485
4090,3885045.0,0.03783055555555559
4091,3885105.0,0.03795648148148152
4092,3885165.0,0.0379203703703704
4093,3885225.0,0.03798611111111114
4094,3885285.0,0.03816574074074077
4095,3885345.0,0.03868055555555559
4096,3885405.0,0.03903055555555559
4097,3885465.0,0.03915000000000003
4098,3885525.0,0.03906944444444448
4099,3885585.0,0.039027777777777814
4100,3885645.0,0.03906018518518521
4101,3885705.0,0.039091666666666684
4102,3885765.0,0.0392453703703704
4103,3885825.0,0.03936018518518521
4104,3885885.0,0.03944166666666669
4105,3885945.0,0.039602777777777806
4106,3886005.0,0.039698148148148184
4107,3886065.0,0.039950000000000034
4108,3886125.0,0.04012962962962965
4109,3886185.0,0.04033333333333336
4110,3886245.0,0.04043425925925929
4111,3886305.0,0.04052870370370373
4112,3886365.0,0.04072870370370373
4113,3886425.0,0.04098240740740743
4114,3886485.0,0.04129259259259262
4115,3886545.0,0.04150833333333336
4116,3886605.0,0.04169722222222225
4117,3886665.0,0.04178888888888891
4118,3886725.0,0.041914814814814835
4119,3886785.0,0.04218240740740743
4120,3886845.0,0.04244907407407409
4121,3886905.0,0.042886111111111125
4122,3886965.0,0.04315000000000002
4123,3887025.0,0.04333703703703705
4124,3887085.0,0.04366666666666668
4125,3887145.0,0.04390462962962964
4126,3887205.0,0.044121296296296304
4127,3887265.0,0.04425092592592594
4128,3887325.0,0.04435092592592594
4129,3887385.0,0.04450000000000001
4130,3887445.0,0.04467592592592594
4131,3887505.0,0.044971296296296315
4132,3887565.0,0.045412962962962974
4133,3887625.0,0.04568981481481483
4134,3887685.0,0.04576203703703705
4135,3887745.0,0.04581111111111113
4136,3887805.0,0.04606296296296298
4137,3887865.0,0.0462638888888889
4138,3887925.0,0.046350925925925934
4139,3887985.0,0.0463101851851852
4140,3888045.0,0.04636111111111112
4141,3888105.0,0.046312962962962965
4142,3888165.0,0.04621203703703705
4143,3888225.0,0.04631018518518519
4144,3888285.0,0.04632777777777778
4145,3888345.0,0.04648518518518519
4146,3888405.0,0.04658611111111111
4147,3888465.0,0.04661944444444445
4148,3888525.0,0.04652222222222223
4149,3888585.0,0.046509259259259264
4150,3888645.0,0.04662314814814815
4151,3888705.0,0.04665740740740741
4152,3888765.0,0.046608333333333335
4153,3888825.0,0.046783333333333336
4154,3888885.0,0.046675925925925926
4155,3888945.0,0.04676481481481482
4156,3889005.0,0.046884259259259264
4157,3889065.0,0.047071296296296285
4158,3889125.0,0.04712037037037037
4159,3889185.0,0.04713888888888889
4160,3889245.0,0.047125925925925925
4161,3889305.0,0.04721944444444445
4162,3889365.0,0.04738981481481482
4163,3889425.0,0.04741666666666667
4164,3889488.0,0.04747777777777778
4165,3889545.0,0.04751203703703704
4166,3889605.0,0.047538888888888894
4167,3889665.0,0.04764722222222223
4168,3889725.0,0.04786944444444445
4169,3889785.0,0.048054629629629635
4170,3889845.0,0.04812222222222223
4171,3889905.0,0.048203703703703714
4172,3889965.0,0.048261111111111116
4173,3890025.0,0.04841944444444445
4174,3890085.0,0.048761111111111116
4175,3890148.0,0.049101851851851855
4176,3890205.0,0.04936203703703704
4177,3890265.0,0.04948333333333333
4178,3890325.0,0.04948333333333333
4179,3890385.0,0.0498
4180,3890445.0,0.0502074074074074
4181,3890505.0,0.05057407407407407
4182,3890565.0,0.05088981481481481
4183,3890625.0,0.05112777777777777
4184,3890685.0,0.051306481481481474
4185,3890745.0,0.051549999999999985
4186,3890805.0,0.051913888888888884
4187,3890865.0,0.05216574074074073
4188,3890925.0,0.0522935185185185
4189,3890988.0,0.052338888888888865
4190,3891045.0,0.05235833333333332
4191,3891105.0,0.0524648148148148
4192,3891168.0,0.052759259259259235
4193,3891225.0,0.052994444444444434
4194,3891285.0,0.05304999999999999
4195,3891345.0,0.053121296296296285
4196,3891405.0,0.05317777777777777
4197,3891465.0,0.05324351851851851
4198,3891525.0,0.05335185185185185
4199,3891585.0,0.05346574074074073
4200,3891645.0,0.05340833333333332
4201,3891705.0,0.053585185185185166
4202,3891765.0,0.053505555555555535
4203,3891825.0,0.0534824074074074
4204,3891885.0,0.05348425925925925
4205,3891945.0,0.053611111111111096
4206,3892005.0,0.05347499999999998
4207,3892065.0,0.053222222222222206
4208,3892125.0,0.05289814814814813
4209,3892185.0,0.05254814814814813
4210,3892245.0,0.05252685185185183
4211,3892305.0,0.05280648148148146
4212,3892365.0,0.05288518518518517
4213,3892425.0,0.052719444444444416
4214,3892485.0,0.052413888888888864
4215,3892545.0,0.05231574074074072
4216,3892605.0,0.0523648148148148
4217,3892665.0,0.052511111111111085
4218,3892725.0,0.05252962962962962
4219,3892785.0,0.052497222222222216
4220,3892845.0,0.052309259259259236
4221,3892905.0,0.05213148148148146
4222,3892965.0,0.0520111111111111
4223,3893025.0,0.0520898148148148
4224,3893085.0,0.05216851851851851
4225,3893145.0,0.0520611111111111
4226,3893205.0,0.051844444444444436
4227,3893265.0,0.05153425925925925
4228,3893325.0,0.0514324074074074
4229,3893385.0,0.05152037037037036
4230,3893445.0,0.051340740740740735
4231,3893505.0,0.05132592592592592
4232,3893565.0,0.05124722222222222
4233,3893625.0,0.05101296296296296
4234,3893685.0,0.05097222222222221
4235,3893745.0,0.05111296296296295
4236,3893805.0,0.05125370370370369
4237,3893865.0,0.05127129629629628
4238,3893925.0,0.05115648148148146
4239,3893985.0,0.05108148148148146
4240,3894045.0,0.0512148148148148
4241,3894105.0,0.05145555555555554
4242,3894165.0,0.05125555555555554
4243,3894225.0,0.051559259259259235
4244,3894285.0,0.05170555555555554
4245,3894345.0,0.05164999999999998
4246,3894405.0,0.05167962962962961
4247,3894465.0,0.0518222222222222
4248,3894525.0,0.052112962962962944
4249,3894585.0,0.05195740740740739
4250,3894645.0,0.051882407407407384
4251,3894705.0,0.05177129629629628
4252,3894765.0,0.05159629629629628
4253,3894825.0,0.051760185185185166
4254,3894885.0,0.05193703703703702
4255,3894945.0,0.05203333333333331
4256,3895005.0,0.05191759259259257
4257,3895065.0,0.05186203703703701
4258,3895128.0,0.051920370370370346
4259,3895185.0,0.052498148148148134
4260,3895245.0,0.052749999999999984
4261,3895305.0,0.052846296296296266
4262,3895365.0,0.05286574074074072
4263,3895425.0,0.052753703703703685
4264,3895485.0,0.052649074074074056
4265,3895545.0,0.052713888888888866
4266,3895605.0,0.052934259259259236
4267,3895665.0,0.05298055555555554
4268,3895725.0,0.05276574074074072
4269,3895785.0,0.05270555555555554
4270,3895845.0,0.05261666666666665
4271,3895905.0,0.05266296296296295
4272,3895965.0,0.05272962962962961
4273,3896028.0,0.05263703703703702
4274,3896085.0,0.05228240740740739
4275,3896145.0,0.051897222222222206
4276,3896205.0,0.05165925925925925
4277,3896265.0,0.051749999999999984
4278,3896325.0,0.05197870370370369
4279,3896385.0,0.052121296296296284
4280,3896445.0,0.05209999999999998
4281,3896505.0,0.05179629629629628
4282,3896565.0,0.051436111111111085
4283,3896625.0,0.05128888888888887
4284,3896685.0,0.051137037037037016
4285,3896745.0,0.05098240740740738
4286,3896805.0,0.05105277777777776
4287,3896865.0,0.05083888888888887
4288,3896925.0,0.05065925925925925
4289,3896985.0,0.05049999999999998
4290,3897045.0,0.0504435185185185
4291,3897105.0,0.050437037037037016
4292,3897165.0,0.05021574074074072
4293,3897225.0,0.049980555555555535
4294,3897285.0,0.04971203703703702
4295,3897345.0,0.04959537037037035
4296,3897405.0,0.04957499999999998
4297,3897465.0,0.049721296296296284
4298,3897525.0,0.049815740740740716
4299,3897585.0,0.049624074074074064
4300,3897645.0,0.049411111111111086
4301,3897705.0,0.04922592592592591
4302,3897765.0,0.0493111111111111
4303,3897825.0,0.0494685185185185
4304,3897885.0,0.04944629629629628
4305,3897945.0,0.04933425925925925
4306,3898005.0,0.04914259259259258
4307,3898065.0,0.04914722222222221
4308,3898128.0,0.0491648148148148
4309,3898185.0,0.049222222222222216
4310,3898245.0,0.049278703703703686
4311,3898305.0,0.049148148148148135
4312,3898365.0,0.0489611111111111
4313,3898425.0,0.0489824074074074
4314,3898485.0,0.04916574074074073
4315,3898545.0,0.04940555555555555
4316,3898605.0,0.04944722222222222
4317,3898665.0,0.049375
4318,3898725.0,0.04924074074074074
4319,3898785.0,0.04928888888888889
4320,3898845.0,0.04932407407407408
4321,3898905.0,0.04952777777777778
4322,3898965.0,0.049651851851851864
4323,3899025.0,0.04954444444444445
4324,3899085.0,0.0491962962962963
4325,3899145.0,0.04913333333333333
4326,3899205.0,0.049374074074074084
4327,3899265.0,0.0495
4328,3899325.0,0.04956666666666667
4329,3899385.0,0.04948703703703704
4330,3899445.0,0.049357407407407405
4331,3899505.0,0.049454629629629626
4332,3899565.0,0.049464814814814816
4333,3899625.0,0.049682407407407404
4334,3899685.0,0.04968148148148148
4335,3899745.0,0.04946203703703704
4336,3899805.0,0.04919537037037037
4337,3899865.0,0.049152777777777774
4338,3899925.0,0.04909259259259259
4339,3899985.0,0.0492787037037037
4340,3900045.0,0.04923703703703703
4341,3900105.0,0.048979629629629616
4342,3900165.0,0.048823148148148136
4343,3900225.0,0.04895648148148148
4344,3900285.0,0.049010185185185184
4345,3900345.0,0.04925277777777777
4346,3900405.0,0.04936111111111111
4347,3900465.0,0.049402777777777775
4348,3900525.0,0.04920555555555555
4349,3900585.0,0.04906296296296296
4350,3900645.0,0.049129629629629634
4351,3900705.0,0.04930648148148148
4352,3900765.0,0.04944259259259259
4353,3900825.0,0.04943055555555555
4354,3900885.0,0.049229629629629616
4355,3900945.0,0.049065740740740736
4356,3901005.0,0.04905092592592592
4357,3901065.0,0.04917962962962962
4358,3901125.0,0.049463888888888884
4359,3901185.0,0.04929907407407407
4360,3901245.0,0.04902314814814815
4361,3901305.0,0.04877037037037037
4362,3901365.0,0.048761111111111116
4363,3901425.0,0.04878611111111111
4364,3901485.0,0.0488
4365,3901545.0,0.04873148148148149
4366,3901605.0,0.0485175925925926
4367,3901665.0,0.048481481481481487
4368,3901728.0,0.048505555555555566
4369,3901785.0,0.04878148148148148
4370,3901845.0,0.048957407407407415
4371,3901905.0,0.04898518518518519
4372,3901965.0,0.04886574074074074
4373,3902025.0,0.048787962962962964
4374,3902085.0,0.04882037037037037
4375,3902145.0,0.04907685185185185
4376,3902205.0,0.04937685185185185
4377,3902265.0,0.049537962962962964
4378,3902325.0,0.0495962962962963
4379,3902385.0,0.04958333333333333
4380,3902445.0,0.04961018518518519
4381,3902505.0,0.04974351851851852
4382,3902565.0,0.049909259259259264
4383,3902625.0,0.050004629629629635
4384,3902685.0,0.04982962962962963
4385,3902745.0,0.049638888888888885
4386,3902805.0,0.04964907407407408
4387,3902865.0,0.049752777777777785
4388,3902925.0,0.0498962962962963
4389,3902985.0,0.04977962962962963
4390,3903045.0,0.04961944444444445
4391,3903105.0,0.04932962962962963
4392,3903165.0,0.049306481481481486
4393,3903225.0,0.0494462962962963
4394,3903285.0,0.04967314814814816
4395,3903345.0,0.049663888888888896
4396,3903405.0,0.04942314814814816
4397,3903465.0,0.049240740740740745
4398,3903525.0,0.04916851851851852
4399,3903585.0,0.049301851851851854
4400,3903645.0,0.04947962962962963
4401,3903705.0,0.04954444444444445
4402,3903765.0,0.049474074074074066
4403,3903825.0,0.0492425925925926
4404,3903885.0,0.04907777777777778
4405,3903945.0,0.04915555555555556
4406,3904005.0,0.04916851851851853
4407,3904065.0,0.049174074074074085
4408,3904125.0,0.04908611111111112
4409,3904185.0,0.049017592592592606
4410,3904245.0,0.04902962962962965
4411,3904305.0,0.049093518518518536
4412,3904365.0,0.049162962962962985
4413,3904425.0,0.04922129629629631
4414,3904485.0,0.04913796296296298
4415,3904545.0,0.04886296296296298
4416,3904605.0,0.048746296296296315
4417,3904665.0,0.048824074074074096
4418,3904725.0,0.0488953703703704
4419,3904785.0,0.048893518518518544
4420,3904845.0,0.04863055555555558
4421,3904905.0,0.048410185185185216
4422,3904965.0,0.04873796296296299
4423,3905028.0,0.048589814814814836
4424,3905085.0,0.04860740740740743
4425,3905145.0,0.04854722222222225
4426,3905205.0,0.0484527777777778
4427,3905265.0,0.04823240740740743
4428,3905325.0,0.0479740740740741
4429,3905385.0,0.048132407407407436
4430,3905448.0,0.04822222222222225
4431,3905505.0,0.048280555555555583
4432,3905565.0,0.04823518518518522
4433,3905625.0,0.04797222222222225
4434,3905685.0,0.0477953703703704
4435,3905745.0,0.047927777777777805
4436,3905805.0,0.04809074074074077
4437,3905865.0,0.0482027777777778
4438,3905925.0,0.04822592592592595
4439,3905985.0,0.04763055555555558
4440,3906045.0,0.04729351851851854
4441,3906105.0,0.047214814814814834
4442,3906165.0,0.04727685185185187
4443,3906225.0,0.04732129629629631
4444,3906285.0,0.04729537037037038
4445,3906345.0,0.04719629629629631
4446,3906405.0,0.047152777777777787
4447,3906465.0,0.04725370370370372
4448,3906525.0,0.04754444444444447
4449,3906585.0,0.047560185185185205
4450,3906645.0,0.047551851851851866
4451,3906705.0,0.0475101851851852
4452,3906765.0,0.047450925925925945
4453,3906825.0,0.04754907407407409
4454,3906885.0,0.04772129629629631
4455,3906945.0,0.04797129629629631
4456,3907005.0,0.04800462962962965
4457,3907068.0,0.04775555555555557
4458,3907125.0,0.047604629629629636
4459,3907185.0,0.047490740740740764
4460,3907245.0,0.0475777777777778
4461,3907305.0,0.047807407407407417
4462,3907365.0,0.04804351851851853
4463,3907425.0,0.04808333333333335
4464,3907485.0,0.04816203703703705
4465,3907545.0,0.04825462962962965
4466,3907605.0,0.0483027777777778
4467,3907665.0,0.0484027777777778
4468,3907725.0,0.0484777777777778
4469,3907785.0,0.04846203703703706
4470,3907845.0,0.04845185185185188
4471,3907905.0,0.0485203703703704
4472,3907965.0,0.048668518518518535
4473,3908025.0,0.04884444444444447
4474,3908085.0,0.048860185185185215
4475,3908145.0,0.04884074074074076
4476,3908205.0,0.048760185185185205
4477,3908265.0,0.04867500000000002
4478,3908325.0,0.048678703703703724
4479,3908385.0,0.048825925925925946
4480,3908445.0,0.04889351851851854
4481,3908505.0,0.04890833333333335
4482,3908565.0,0.04878888888888891
4483,3908625.0,0.048740740740740765
4484,3908685.0,0.0488064814814815
4485,3908745.0,0.048968518518518536
4486,3908805.0,0.0491277777777778
4487,3908865.0,0.049105555555555576
4488,3908925.0,0.04911944444444447
4489,3908985.0,0.04911111111111113
4490,3909045.0,0.04920925925925928
4491,3909105.0,0.04938981481481484
4492,3909165.0,0.0494277777777778
4493,3909225.0,0.04936851851851854
4494,3909285.0,0.04920185185185187
4495,3909348.0,0.04902222222222225
4496,3909405.0,0.04896759259259262
4497,3909465.0,0.04911388888888892
4498,3909525.0,0.049291666666666685
4499,3909585.0,0.04919074074074077
4500,3909645.0,0.04914722222222225
4501,3909705.0,0.04886574074074077
4502,3909765.0,0.048973148148148175
4503,3909825.0,0.049112037037037065
4504,3909885.0,0.049412962962962985
4505,3909945.0,0.049391666666666695
4506,3910005.0,0.04901944444444447
4507,3910065.0,0.04883055555555558
4508,3910125.0,0.04880925925925928
4509,3910185.0,0.0488777777777778
4510,3910245.0,0.048926851851851874
4511,3910305.0,0.04878796296296298
4512,3910365.0,0.048760185185185205
4513,3910425.0,0.04860000000000002
4514,3910485.0,0.04876666666666669
4515,3910545.0,0.04904814814814817
4516,3910605.0,0.04933611111111113
4517,3910665.0,0.04931111111111113
4518,3910725.0,0.049378703703703716
4519,3910785.0,0.04933796296296298
4520,3910845.0,0.04953240740740742
4521,3910905.0,0.049933333333333337
4522,3910965.0,0.05015185185185186
4523,3911025.0,0.050042592592592604
4524,3911085.0,0.049962962962962966
4525,3911145.0,0.049830555555555565
4526,3911205.0,0.04987685185185186
4527,3911265.0,0.04996574074074075
4528,3911325.0,0.050129629629629635
4529,3911385.0,0.05023333333333334
4530,3911445.0,0.050125
4531,3911505.0,0.05001944444444445
4532,3911565.0,0.04994444444444445
4533,3911625.0,0.0498388888888889
4534,3911685.0,0.0497351851851852
4535,3911745.0,0.049575000000000015
4536,3911805.0,0.049318518518518525
4537,3911865.0,0.049012037037037035
4538,3911925.0,0.048776851851851856
4539,3911985.0,0.04858518518518519
4540,3912045.0,0.0484462962962963
4541,3912105.0,0.04828240740740741
4542,3912165.0,0.048011111111111116
4543,3912228.0,0.047715740740740746
4544,3912285.0,0.04742314814814815
4545,3912345.0,0.04726944444444445
4546,3912405.0,0.04716111111111111
4547,3912465.0,0.04692129629629629
4548,3912525.0,0.04666851851851852
4549,3912585.0,0.04628055555555555
4550,3912645.0,0.04598425925925926
4551,3912708.0,0.04575648148148148
4552,3912765.0,0.04559444444444445
4553,3912825.0,0.04538148148148148
4554,3912885.0,0.04505648148148148
4555,3912945.0,0.04463055555555556
4556,3913005.0,0.04420925925925926
4557,3913065.0,0.04397314814814815
4558,3913125.0,0.04373981481481482
4559,3913185.0,0.04363888888888889
4560,3913245.0,0.04350462962962963
4561,3913305.0,0.04328148148148148
4562,3913365.0,0.04307314814814815
4563,3913425.0,0.042901851851851865
4564,3913485.0,0.042850000000000006
4565,3913545.0,0.04276944444444445
4566,3913605.0,0.04253148148148149
4567,3913665.0,0.04230370370370371
4568,3913725.0,0.04203703703703705
4569,3913785.0,0.04201203703703705
4570,3913845.0,0.04194907407407408
4571,3913905.0,0.04182592592592593
4572,3913965.0,0.04164722222222223
4573,3914025.0,0.04136944444444445
4574,3914085.0,0.04105185185185186
4575,3914145.0,0.04084722222222223
4576,3914205.0,0.04075925925925927
4577,3914265.0,0.04072314814814816
4578,3914325.0,0.04061296296296297
4579,3914385.0,0.040356481481481486
4580,3914445.0,0.04005370370370371
4581,3914505.0,0.03982314814814816
4582,3914565.0,0.039679629629629634
4583,3914625.0,0.03962592592592594
4584,3914685.0,0.03951574074074075
4585,3914745.0,0.03931666666666668
4586,3914805.0,0.039231481481481485
4587,3914865.0,0.039182407407407416
4588,3914925.0,0.039123148148148164
4589,3914985.0,0.03901481481481482
4590,3915045.0,0.03883796296296297
4591,3915105.0,0.03854722222222223
4592,3915165.0,0.038216666666666683
4593,3915225.0,0.03806481481481482
4594,3915285.0,0.03793240740740742
4595,3915345.0,0.03789166666666667
4596,3915405.0,0.037729629629629634
4597,3915465.0,0.03745740740740741
4598,3915525.0,0.03725925925925926
4599,3915588.0,0.037040740740740735
4600,3915645.0,0.03694814814814815
4601,3915705.0,0.03682037037037037
4602,3915765.0,0.03649444444444445
4603,3915828.0,0.03623703703703704
4604,3915885.0,0.03594537037037037
4605,3915945.0,0.035758333333333336
4606,3916005.0,0.035577777777777785
4607,3916065.0,0.035414814814814816
4608,3916125.0,0.035324074074074084
4609,3916185.0,0.03511481481481482
4610,3916245.0,0.03481944444444445
4611,3916305.0,0.03455648148148149
4612,3916365.0,0.034504629629629635
4613,3916425.0,0.03440277777777778
4614,3916485.0,0.034337962962962966
4615,3916545.0,0.033947222222222226
4616,3916605.0,0.03376296296296297
4617,3916665.0,0.03355740740740741
4618,3916725.0,0.033412962962962964
4619,3916785.0,0.03341851851851852
4620,3916845.0,0.03341203703703704
4621,3916905.0,0.03315833333333334
4622,3916965.0,0.0327962962962963
4623,3917025.0,0.032540740740740745
4624,3917085.0,0.03230370370370371
4625,3917145.0,0.03213703703703704
4626,3917205.0,0.03177777777777778
4627,3917265.0,0.031389814814814815
4628,3917325.0,0.03109814814814815
4629,3917385.0,0.030849074074074074
4630,3917445.0,0.030567592592592594
4631,3917505.0,0.030315740740740744
4632,3917565.0,0.0300712962962963
4633,3917625.0,0.029780555555555564
4634,3917685.0,0.029466666666666676
4635,3917745.0,0.029204629629629636
4636,3917805.0,0.029045370370370374
4637,3917865.0,0.02911111111111112
4638,3917925.0,0.029048148148148163
4639,3917985.0,0.02899444444444445
4640,3918045.0,0.02884074074074075
4641,3918105.0,0.028711111111111118
4642,3918165.0,0.02855277777777778
4643,3918225.0,0.028509259259259262
4644,3918285.0,0.028505555555555562
4645,3918345.0,0.028485185185185186
4646,3918405.0,0.02827685185185185
4647,3918465.0,0.02813981481481482
4648,3918528.0,0.027915740740740744
4649,3918585.0,0.02781666666666667
4650,3918645.0,0.027779629629629637
4651,3918705.0,0.027625925925925932
4652,3918765.0,0.027491666666666668
4653,3918825.0,0.027290740740740744
4654,3918885.0,0.02719907407407408
4655,3918945.0,0.02707407407407408
4656,3919005.0,0.026993518518518517
4657,3919065.0,0.026800925925925933
4658,3919125.0,0.026593518518518523
4659,3919185.0,0.026470370370370373
4660,3919245.0,0.02634444444444445
4661,3919305.0,0.026207407407407412
4662,3919365.0,0.02611944444444445
4663,3919425.0,0.025950925925925933
4664,3919485.0,0.025757407407407413
4665,3919545.0,0.0255675925925926
4666,3919605.0,0.025475000000000005
4667,3919665.0,0.0255175925925926
4668,3919725.0,0.025522222222222227
4669,3919785.0,0.02551203703703704
4670,3919845.0,0.0253425925925926
4671,3919905.0,0.02512592592592593
4672,3919965.0,0.02502870370370371
4673,3920025.0,0.02488981481481482
4674,3920085.0,0.024877777777777783
4675,3920145.0,0.02467407407407408
4676,3920205.0,0.02447500000000001
4677,3920265.0,0.024372222222222233
4678,3920325.0,0.0242175925925926
4679,3920385.0,0.024212962962962967
4680,3920445.0,0.024109259259259268
4681,3920505.0,0.02413796296296297
4682,3920565.0,0.02386574074074075
4683,3920625.0,0.02359814814814816
4684,3920685.0,0.023455555555555563
4685,3920745.0,0.02334814814814816
4686,3920805.0,0.023375925925925932
4687,3920865.0,0.02330648148148149
4688,3920925.0,0.023117592592592603
4689,3920985.0,0.022921296296296308
4690,3921045.0,0.022739814814814827
4691,3921105.0,0.022601851851851863
4692,3921165.0,0.02250370370370372
4693,3921225.0,0.02233148148148149
4694,3921285.0,0.02199351851851853
4695,3921345.0,0.02164537037037038
4696,3921405.0,0.0213638888888889
4697,3921465.0,0.02119166666666668
4698,3921525.0,0.021083333333333343
4699,3921585.0,0.02089166666666668
4700,3921645.0,0.020649074074074087
4701,3921705.0,0.020367592592592604
4702,3921765.0,0.02013148148148149
4703,3921825.0,0.02003055555555557
4704,3921885.0,0.01997129629629631
4705,3921945.0,0.019888888888888904
4706,3922005.0,0.019677777777777797
4707,3922065.0,0.019512962962962982
4708,3922128.0,0.01929814814814816
4709,3922185.0,0.019122222222222242
4710,3922245.0,0.019036111111111132
4711,3922305.0,0.018871296296296317
4712,3922365.0,0.018686111111111132
4713,3922425.0,0.01862870370370372
4714,3922485.0,0.0185601851851852
4715,3922545.0,0.018513888888888903
4716,3922605.0,0.01851574074074076
4717,3922665.0,0.018529629629629646
4718,3922725.0,0.01857500000000001
4719,3922785.0,0.018608333333333348
4720,3922845.0,0.018623148148148163
4721,3922905.0,0.018655555555555568
4722,3922965.0,0.018655555555555568
4723,3923025.0,0.018677777777777797
4724,3923085.0,0.01872592592592594
4725,3923145.0,0.018779629629629646
4726,3923205.0,0.018970370370370387
4727,3923265.0,0.019054629629629647
4728,3923325.0,0.01914537037037039
4729,3923385.0,0.019205555555555573
4730,3923445.0,0.019251851851851867
4731,3923505.0,0.019357407407407427
4732,3923565.0,0.01944537037037039
4733,3923625.0,0.01947314814814817
4734,3923685.0,0.01959907407407409
4735,3923745.0,0.019650925925925947
4736,3923805.0,0.0198027777777778
4737,3923865.0,0.01993703703703705
4738,3923925.0,0.0200777777777778
4739,3923985.0,0.02018333333333335
4740,3924045.0,0.0202527777777778
4741,3924105.0,0.020287962962962983
4742,3924165.0,0.02028425925925928
4743,3924225.0,0.020220370370370392
4744,3924285.0,0.020162962962962983
4745,3924345.0,0.02018703703703706
4746,3924405.0,0.020272222222222244
4747,3924465.0,0.020356481481481503
4748,3924525.0,0.020413888888888912
4749,3924585.0,0.02042129629629632
4750,3924645.0,0.02039444444444447
4751,3924705.0,0.020317592592592616
4752,3924765.0,0.020283333333333358
4753,3924825.0,0.0203203703703704
4754,3924885.0,0.02041481481481484
4755,3924945.0,0.020505555555555586
4756,3925005.0,0.020615740740740768
4757,3925068.0,0.020672222222222248
4758,3925125.0,0.02068148148148151
4759,3925185.0,0.02068148148148151
4760,3925245.0,0.020750000000000032
4761,3925305.0,0.02090277777777781
4762,3925365.0,0.02088240740740744
4763,3925425.0,0.0209453703703704
4764,3925485.0,0.020937037037037063
4765,3925545.0,0.02085740740740744
4766,3925605.0,0.020841666666666696
4767,3925668.0,0.02077685185185188
4768,3925725.0,0.02064722222222225
4769,3925785.0,0.02055000000000003
4770,3925845.0,0.020537037037037062
4771,3925905.0,0.02053888888888892
4772,3925965.0,0.02056111111111114
4773,3926025.0,0.02070462962962966
4774,3926085.0,0.020796296296296327
4775,3926145.0,0.020934259259259288
4776,3926205.0,0.021048148148148173
4777,3926265.0,0.021144444444444476
4778,3926325.0,0.021135185185185208
4779,3926385.0,0.02130370370370373
4780,3926445.0,0.021375000000000026
4781,3926505.0,0.02142314814814817
4782,3926565.0,0.021509259259259284
4783,3926625.0,0.021504629629629655
4784,3926685.0,0.021477777777777804
4785,3926745.0,0.02145185185185188
4786,3926805.0,0.021500000000000026
4787,3926865.0,0.021480555555555586
4788,3926925.0,0.021437962962962992
4789,3926985.0,0.021438888888888917
4790,3927045.0,0.021520370370370398
4791,3927105.0,0.02170092592592595
4792,3927165.0,0.021753703703703726
4793,3927225.0,0.02187129629629632
4794,3927285.0,0.021918518518518542
4795,3927348.0,0.022071296296296318
4796,3927405.0,0.022025000000000024
4797,3927465.0,0.021947222222222246
4798,3927525.0,0.02188981481481484
4799,3927585.0,0.0217527777777778
4800,3927645.0,0.02174351851851854
4801,3927705.0,0.021699074074074096
4802,3927765.0,0.021738888888888912
4803,3927825.0,0.021818518518518543
4804,3927885.0,0.021854629629629654
4805,3927945.0,0.02203518518518521
4806,3928005.0,0.022205555555555583
4807,3928065.0,0.022350000000000026
4808,3928125.0,0.022338888888888908
4809,3928185.0,0.022322222222222243
4810,3928245.0,0.02237592592592595
4811,3928305.0,0.022475925925925948
4812,3928365.0,0.022651851851851874
4813,3928425.0,0.022833333333333355
4814,3928485.0,0.02298240740740743
4815,3928545.0,0.02320462962962965
4816,3928605.0,0.02331851851851854
4817,3928665.0,0.023307407407407433
4818,3928725.0,0.023185185185185208
4819,3928785.0,0.023056481481481504
4820,3928845.0,0.022887962962962985
4821,3928905.0,0.02283240740740743
4822,3928965.0,0.02296111111111113
4823,3929025.0,0.02313425925925928
4824,3929085.0,0.02325092592592595
4825,3929145.0,0.02332129629629632
4826,3929205.0,0.02338703703703706
4827,3929265.0,0.02340092592592595
4828,3929325.0,0.023519444444444468
4829,3929385.0,0.02358518518518521
4830,3929445.0,0.023513888888888914
4831,3929505.0,0.023359259259259284
4832,3929565.0,0.023211111111111137
4833,3929625.0,0.023207407407407437
4834,3929685.0,0.023345370370370398
4835,3929745.0,0.023437962962962987
4836,3929805.0,0.023463888888888916
4837,3929865.0,0.0235953703703704
4838,3929925.0,0.023553703703703733
4839,3929985.0,0.023471296296296323
4840,3930045.0,0.02344166666666669
4841,3930105.0,0.0234203703703704
4842,3930165.0,0.023409259259259286
4843,3930225.0,0.023350925925925952
4844,3930285.0,0.023261111111111142
4845,3930345.0,0.023109259259259288
4846,3930405.0,0.022860185185185213
4847,3930465.0,0.02265277777777781
4848,3930525.0,0.022541666666666696
4849,3930585.0,0.022416666666666696
4850,3930645.0,0.022422222222222253
4851,3930705.0,0.022414814814814846
4852,3930765.0,0.022374074074074102
4853,3930825.0,0.02241851851851855
4854,3930885.0,0.022392592592592624
4855,3930945.0,0.02262222222222225
4856,3931005.0,0.02267777777777781
4857,3931065.0,0.02255092592592596
4858,3931125.0,0.02258240740740744
4859,3931185.0,0.022572222222222254
4860,3931245.0,0.02245277777777781
4861,3931305.0,0.022352777777777808
4862,3931365.0,0.022306481481481514
4863,3931425.0,0.0223703703703704
4864,3931485.0,0.022347222222222254
4865,3931545.0,0.02241851851851855
4866,3931605.0,0.02242592592592596
4867,3931665.0,0.0223453703703704
4868,3931725.0,0.022358333333333362
4869,3931785.0,0.02240000000000003
4870,3931845.0,0.02237777777777781
4871,3931905.0,0.022454629629629658
4872,3931965.0,0.022546296296296328
4873,3932025.0,0.022646296296296328
4874,3932085.0,0.022699074074074104
4875,3932145.0,0.02283611111111114
4876,3932205.0,0.0228953703703704
4877,3932265.0,0.02286851851851855
4878,3932325.0,0.02275185185185188
4879,3932385.0,0.022624074074074102
4880,3932445.0,0.022487037037037062
4881,3932505.0,0.022568518518518547
4882,3932565.0,0.02278611111111114
4883,3932625.0,0.022918518518518543
4884,3932685.0,0.022868518518518545
4885,3932745.0,0.02294629629629632
4886,3932805.0,0.022955555555555583
4887,3932865.0,0.022869444444444473
4888,3932925.0,0.022950000000000033
4889,3932985.0,0.02293240740740744
4890,3933045.0,0.02299074074074077
4891,3933105.0,0.022977777777777802
4892,3933165.0,0.02312870370370373
4893,3933225.0,0.02335648148148151
4894,3933285.0,0.02356296296296299
4895,3933345.0,0.02378240740740744
4896,3933405.0,0.023874074074074103
4897,3933465.0,0.0239453703703704
4898,3933525.0,0.02398240740740744
4899,3933585.0,0.024084259259259288
4900,3933645.0,0.024074074074074102
4901,3933705.0,0.02417962962962966
4902,3933765.0,0.02425740740740744
4903,3933825.0,0.02448148148148151
4904,3933885.0,0.024621296296296325
4905,3933945.0,0.024625000000000032
4906,3934005.0,0.02464722222222225
4907,3934065.0,0.024487037037037064
4908,3934125.0,0.02434814814814817
4909,3934185.0,0.0241740740740741
4910,3934245.0,0.0241240740740741
4911,3934305.0,0.023987962962962992
4912,3934365.0,0.023825000000000027
4913,3934425.0,0.023710185185185213
4914,3934485.0,0.023553703703703733
4915,3934545.0,0.02362685185185188
4916,3934608.0,0.023614814814814842
4917,3934665.0,0.02354074074074077
4918,3934725.0,0.02353796296296299
4919,3934785.0,0.023393518518518543
4920,3934845.0,0.02323333333333336
4921,3934905.0,0.023144444444444467
4922,3934965.0,0.023027777777777803
4923,3935025.0,0.023040740740740768
4924,3935085.0,0.022999074074074102
4925,3935145.0,0.023143518518518542
4926,3935205.0,0.02323148148148151
4927,3935265.0,0.023260185185185214
4928,3935325.0,0.023393518518518543
4929,3935385.0,0.023514814814814843
4930,3935445.0,0.023740740740740767
4931,3935505.0,0.023959259259259284
4932,3935565.0,0.02400833333333336
4933,3935625.0,0.02389814814814817
4934,3935685.0,0.023780555555555583
4935,3935745.0,0.02376203703703706
4936,3935805.0,0.0237777777777778
4937,3935865.0,0.02361018518518521
4938,3935925.0,0.02367870370370373
4939,3935985.0,0.023724074074074092
4940,3936045.0,0.023771296296296318
4941,3936105.0,0.02380462962962965
4942,3936165.0,0.02390462962962965
4943,3936225.0,0.02391851851851854
4944,3936285.0,0.023938888888888912
4945,3936345.0,0.02388888888888891
4946,3936405.0,0.023828703703703727
4947,3936465.0,0.023966666666666688
4948,3936525.0,0.02401018518518521
4949,3936585.0,0.024105555555555574
4950,3936645.0,0.024145370370370397
4951,3936705.0,0.024251851851851875
4952,3936765.0,0.024237962962962985
4953,3936825.0,0.024228703703703725
4954,3936885.0,0.02429907407407409
4955,3936945.0,0.02427037037037039
4956,3937005.0,0.024347222222222242
4957,3937065.0,0.02427870370370372
4958,3937125.0,0.024248148148148168
4959,3937185.0,0.024062037037037052
4960,3937245.0,0.02396111111111113
4961,3937305.0,0.023897222222222243
4962,3937365.0,0.02383518518518521
4963,3937425.0,0.023970370370370392
4964,3937485.0,0.02398518518518521
4965,3937545.0,0.024217592592592613
4966,3937605.0,0.024440740740740763
4967,3937665.0,0.02448518518518521
4968,3937725.0,0.024542592592592616
4969,3937785.0,0.024599074074074096
4970,3937845.0,0.024651851851851876
4971,3937905.0,0.02452129629629632
4972,3937965.0,0.024420370370370398
4973,3938025.0,0.024350000000000024
4974,3938085.0,0.02443518518518521
4975,3938145.0,0.024268518518518543
4976,3938205.0,0.02426018518518521
4977,3938265.0,0.024269444444444472
4978,3938328.0,0.02430833333333336
4979,3938385.0,0.024348148148148174
4980,3938445.0,0.0243453703703704
4981,3938505.0,0.0244703703703704
4982,3938565.0,0.02460740740740744
4983,3938625.0,0.02462777777777781
4984,3938685.0,0.02463888888888892
4985,3938745.0,0.024460185185185213
4986,3938805.0,0.02434074074074077
4987,3938865.0,0.02422592592592596
4988,3938925.0,0.024176851851851883
4989,3938985.0,0.024167592592592626
4990,3939045.0,0.024223148148148174
4991,3939105.0,0.024219444444444474
4992,3939165.0,0.02421574074074077
4993,3939225.0,0.024175925925925955
4994,3939285.0,0.023973148148148174
4995,3939345.0,0.023677777777777808
4996,3939405.0,0.023550000000000033
4997,3939465.0,0.023366666666666692
4998,3939525.0,0.02331018518518521
4999,3939585.0,0.023247222222222245
5000,3939645.0,0.023287037037037068
5001,3939705.0,0.023340740740740773
5002,3939765.0,0.023135185185185217
5003,3939825.0,0.02293333333333336
5004,3939885.0,0.022811111111111143
5005,3939945.0,0.022702777777777808
5006,3940005.0,0.022668518518518557
5007,3940065.0,0.02262592592592596
5008,3940125.0,0.022532407407407442
5009,3940185.0,0.02239907407407411
5010,3940245.0,0.022313888888888925
5011,3940305.0,0.02235370370370374
5012,3940365.0,0.02245462962962966
5013,3940425.0,0.02231574074074077
5014,3940485.0,0.022313888888888925
5015,3940545.0,0.022391666666666702
5016,3940605.0,0.022481481481481515
5017,3940665.0,0.022551851851851885
5018,3940725.0,0.022656481481481517
5019,3940785.0,0.02279074074074077
5020,3940845.0,0.02290092592592596
5021,3940905.0,0.02301481481481485
5022,3940965.0,0.022940740740740772
5023,3941025.0,0.02283518518518522
5024,3941085.0,0.022776851851851885
5025,3941145.0,0.022825925925925958
5026,3941205.0,0.0228916666666667
5027,3941265.0,0.022897222222222256
5028,3941325.0,0.022847222222222255
5029,3941385.0,0.02280092592592596
5030,3941445.0,0.02262314814814818
5031,3941505.0,0.022471296296296333
5032,3941565.0,0.022500000000000037
5033,3941625.0,0.022529629629629663
5034,3941685.0,0.022601851851851887
5035,3941745.0,0.02254814814814818
5036,3941805.0,0.02258240740740744
5037,3941865.0,0.022819444444444482
5038,3941925.0,0.022780555555555585
5039,3941985.0,0.02288240740740744
5040,3942045.0,0.02297222222222225
5041,3942105.0,0.023041666666666696
5042,3942165.0,0.023094444444444476
5043,3942225.0,0.023262962962962992
5044,3942285.0,0.023331481481481512
5045,3942345.0,0.02321203703703707
5046,3942405.0,0.02315925925925929
5047,3942465.0,0.023212962962963
5048,3942525.0,0.023226851851851887
5049,3942585.0,0.023237962962963
5050,3942645.0,0.023312962962963
5051,3942705.0,0.02337037037037041
5052,3942765.0,0.023367592592592627
5053,3942825.0,0.02333518518518522
5054,3942885.0,0.023295370370370404
5055,3942945.0,0.023201851851851887
5056,3943005.0,0.023128703703703738
5057,3943065.0,0.023070370370370404
5058,3943125.0,0.0232166666666667
5059,3943185.0,0.023281481481481518
5060,3943245.0,0.02333888888888893
5061,3943305.0,0.023163888888888925
5062,3943365.0,0.02282962962962966
5063,3943425.0,0.02255370370370374
5064,3943485.0,0.022767592592592627
5065,3943545.0,0.022702777777777808
5066,3943605.0,0.022815740740740772
5067,3943665.0,0.022917592592592628
5068,3943725.0,0.022973148148148183
5069,3943785.0,0.023081481481481515
5070,3943845.0,0.023167592592592625
5071,3943905.0,0.0232916666666667
5072,3943965.0,0.0232203703703704
5073,3944025.0,0.02323148148148152
5074,3944085.0,0.023467592592592627
5075,3944145.0,0.023604629629629663
5076,3944205.0,0.02376574074074077
5077,3944265.0,0.023792592592592626
5078,3944325.0,0.02389074074074077
5079,3944385.0,0.023878703703703742
5080,3944445.0,0.02419629629629633
5081,3944505.0,0.024322222222222252
5082,3944565.0,0.02443148148148152
5083,3944625.0,0.024347222222222256
5084,3944685.0,0.02454444444444448
5085,3944745.0,0.024771296296296333
5086,3944805.0,0.02481111111111115
5087,3944865.0,0.02519907407407411
5088,3944925.0,0.025563888888888924
5089,3944985.0,0.02583981481481485
5090,3945045.0,0.025918518518518556
5091,3945105.0,0.026103703703703737
5092,3945165.0,0.026517592592592624
5093,3945225.0,0.02700092592592596
5094,3945285.0,0.02735740740740744
5095,3945345.0,0.02753888888888892
5096,3945405.0,0.027698148148148177
5097,3945465.0,0.02788611111111114
5098,3945525.0,0.028155555555555583
5099,3945585.0,0.02860740740740744
5100,3945645.0,0.029091666666666693
5101,3945705.0,0.029437962962962992
5102,3945765.0,0.029709259259259286
5103,3945825.0,0.029935185185185214
5104,3945885.0,0.03031851851851855
5105,3945945.0,0.03050185185185188
5106,3946005.0,0.03065925925925929
5107,3946065.0,0.03067962962962966
5108,3946125.0,0.03076203703703707
5109,3946185.0,0.030869444444444474
5110,3946245.0,0.030824074074074108
5111,3946305.0,0.030819444444444483
5112,3946365.0,0.030936111111111143
5113,3946425.0,0.03106018518518522
5114,3946485.0,0.03124814814814818
5115,3946545.0,0.03118888888888892
5116,3946605.0,0.031203703703703737
5117,3946665.0,0.03147129629629633
5118,3946725.0,0.03158981481481485
5119,3946785.0,0.031586111111111134
5120,3946845.0,0.03159814814814818
5121,3946905.0,0.03166759259259262
5122,3946965.0,0.0317953703703704
5123,3947025.0,0.03199074074074077
5124,3947085.0,0.03230925925925929
5125,3947145.0,0.03258518518518521
5126,3947205.0,0.03268425925925928
5127,3947265.0,0.0325490740740741
5128,3947325.0,0.032643518518518544
5129,3947385.0,0.03254166666666669
5130,3947445.0,0.03242962962962965
5131,3947505.0,0.032323148148148184
5132,3947565.0,0.03248796296296299
5133,3947625.0,0.032343518518518535
5134,3947685.0,0.03218055555555558
5135,3947745.0,0.03203611111111113
5136,3947805.0,0.031790740740740765
5137,3947865.0,0.03183518518518521
5138,3947925.0,0.03184074074074077
5139,3947985.0,0.03201018518518521
5140,3948045.0,0.03212870370370373
5141,3948105.0,0.03225370370370373
5142,3948165.0,0.0323240740740741
5143,3948225.0,0.03227222222222225
5144,3948285.0,0.03241296296296299
5145,3948345.0,0.03226203703703706
5146,3948405.0,0.0320777777777778
5147,3948465.0,0.032095370370370385
5148,3948525.0,0.032010185185185204
5149,3948585.0,0.03206574074074076
5150,3948645.0,0.032006481481481504
5151,3948705.0,0.03197314814814817
5152,3948765.0,0.03194166666666669
5153,3948825.0,0.031923148148148166
5154,3948885.0,0.03178981481481483
5155,3948945.0,0.03182314814814817
5156,3949005.0,0.032022222222222244
5157,3949065.0,0.03205740740740743
5158,3949125.0,0.03205925925925928
5159,3949185.0,0.03212037037037039
5160,3949245.0,0.032123148148148165
5161,3949305.0,0.03205833333333335
5162,3949365.0,0.03202870370370372
5163,3949425.0,0.032083333333333346
5164,3949485.0,0.03222685185185187
5165,3949545.0,0.03244722222222224
5166,3949605.0,0.03258703703703705
5167,3949665.0,0.0327527777777778
5168,3949725.0,0.03281111111111113
5169,3949785.0,0.0328740740740741
5170,3949845.0,0.03292592592592595
5171,3949905.0,0.03294722222222225
5172,3949965.0,0.033030555555555584
5173,3950025.0,0.033113888888888915
5174,3950085.0,0.03334444444444446
5175,3950145.0,0.03338703703703705
5176,3950205.0,0.033442592592592614
5177,3950265.0,0.03360185185185188
5178,3950325.0,0.033597222222222244
5179,3950385.0,0.03364166666666669
5180,3950445.0,0.03359444444444447
5181,3950505.0,0.03347962962962965
5182,3950565.0,0.033551851851851874
5183,3950625.0,0.03370555555555558
5184,3950685.0,0.03378518518518521
5185,3950745.0,0.033916666666666685
5186,3950805.0,0.03398981481481484
5187,3950865.0,0.03411666666666669
5188,3950925.0,0.034243518518518534
5189,3950985.0,0.03446759259259261
5190,3951045.0,0.03476666666666669
5191,3951105.0,0.03493611111111113
5192,3951165.0,0.03499259259259262
5193,3951225.0,0.03517685185185188
5194,3951285.0,0.034989814814814835
5195,3951345.0,0.03484722222222225
5196,3951405.0,0.03489629629629633
5197,3951465.0,0.03476388888888892
5198,3951525.0,0.03473703703703706
5199,3951585.0,0.034575925925925954
5200,3951645.0,0.03458148148148151
5201,3951705.0,0.03456296296296299
5202,3951765.0,0.03468055555555558
5203,3951825.0,0.0348990740740741
5204,3951885.0,0.03495925925925929
5205,3951945.0,0.035196296296296316
5206,3952008.0,0.0353527777777778
5207,3952065.0,0.03553888888888891
5208,3952125.0,0.035710185185185206
5209,3952185.0,0.03584166666666669
5210,3952245.0,0.03586759259259262
5211,3952305.0,0.03603796296296299
5212,3952365.0,0.036210185185185206
5213,3952425.0,0.03618796296296298
5214,3952485.0,0.03613240740740743
5215,3952545.0,0.03599629629629632
5216,3952605.0,0.03616666666666669
5217,3952665.0,0.036178703703703734
5218,3952725.0,0.03624074074074076
5219,3952785.0,0.03616574074074076
5220,3952845.0,0.036212037037037056
5221,3952908.0,0.036305555555555584
5222,3952965.0,0.03634722222222225
5223,3953025.0,0.03618518518518521
5224,3953088.0,0.03609351851851855
5225,3953145.0,0.03614629629629632
5226,3953205.0,0.03623518518518521
5227,3953265.0,0.03616018518518521
5228,3953325.0,0.0361490740740741
5229,3953385.0,0.03603148148148151
5230,3953445.0,0.036085185185185206
5231,3953505.0,0.03607592592592595
5232,3953565.0,0.03610185185185188
5233,3953625.0,0.03620555555555558
5234,3953685.0,0.036366666666666686
5235,3953745.0,0.03651296296296299
5236,3953805.0,0.036686111111111135
5237,3953865.0,0.03691018518518521
5238,3953925.0,0.037002777777777815
5239,3953985.0,0.03690555555555559
5240,3954045.0,0.03688425925925929
5241,3954105.0,0.036864814814814836
5242,3954165.0,0.037279629629629656
5243,3954225.0,0.037446296296296325
5244,3954285.0,0.03719722222222225
5245,3954345.0,0.037061111111111135
5246,3954405.0,0.036808333333333366
5247,3954465.0,0.036911111111111145
5248,3954525.0,0.03691481481481485
5249,3954585.0,0.03690833333333337
5250,3954645.0,0.03683981481481485
5251,3954705.0,0.036793518518518566
5252,3954765.0,0.03683981481481485
5253,3954825.0,0.036747222222222264
5254,3954885.0,0.036438888888888916
5255,3954945.0,0.03615833333333337
5256,3955005.0,0.03615648148148152
5257,3955065.0,0.03597592592592596
5258,3955125.0,0.035806481481481515
5259,3955185.0,0.03573148148148152
5260,3955245.0,0.035400000000000036
5261,3955305.0,0.035299074074074115
5262,3955365.0,0.035379629629629664
5263,3955425.0,0.035413888888888925
5264,3955488.0,0.03518055555555559
5265,3955545.0,0.035038888888888925
5266,3955605.0,0.035007407407407445
5267,3955665.0,0.03475185185185189
5268,3955725.0,0.034487962962963
5269,3955785.0,0.034195370370370404
5270,3955845.0,0.034026851851851884
5271,3955905.0,0.03401851851851855
5272,3955965.0,0.03380092592592596
5273,3956025.0,0.033514814814814844
5274,3956085.0,0.03329351851851855
5275,3956145.0,0.03313148148148151
5276,3956205.0,0.032917592592592616
5277,3956265.0,0.032584259259259285
5278,3956325.0,0.03226481481481485
5279,3956385.0,0.031838888888888923
5280,3956445.0,0.0313916666666667
5281,3956505.0,0.031049074074074107
5282,3956565.0,0.030863888888888923
5283,3956628.0,0.030647222222222256
5284,3956685.0,0.030334259259259293
5285,3956748.0,0.029938888888888925
5286,3956805.0,0.029590740740740775
5287,3956865.0,0.029428703703703738
5288,3956925.0,0.02915648148148152
5289,3956985.0,0.02901388888888892
5290,3957045.0,0.028863888888888918
5291,3957105.0,0.02872314814814818
5292,3957165.0,0.028563888888888923
5293,3957225.0,0.028646296296296333
5294,3957285.0,0.028624074074074107
5295,3957345.0,0.028646296296296333
5296,3957405.0,0.028649074074074105
5297,3957465.0,0.02847685185185188
5298,3957525.0,0.028338888888888924
5299,3957585.0,0.028235185185185217
5300,3957645.0,0.02816481481481485
5301,3957705.0,0.028052777777777812
5302,3957765.0,0.027944444444444484
5303,3957828.0,0.027817592592592637
5304,3957885.0,0.027671296296296336
5305,3957945.0,0.027696296296296337
5306,3958005.0,0.02776666666666671
5307,3958065.0,0.027860185185185224
5308,3958125.0,0.02790092592592596
5309,3958185.0,0.02818148148148152
5310,3958248.0,0.028425925925925962
5311,3958305.0,0.028562962962963
5312,3958365.0,0.02843981481481485
5313,3958425.0,0.028391666666666707
5314,3958485.0,0.028396296296296333
5315,3958545.0,0.02840462962962966
5316,3958605.0,0.028590740740740774
5317,3958665.0,0.028488888888888925
5318,3958725.0,0.028477777777777814
5319,3958785.0,0.02829629629629633
5320,3958845.0,0.028203703703703738
5321,3958905.0,0.028172222222222255
5322,3958965.0,0.028369444444444482
5323,3959025.0,0.028352777777777814
5324,3959085.0,0.028302777777777805
5325,3959145.0,0.02847500000000004
5326,3959205.0,0.02843981481481485
5327,3959265.0,0.02852222222222225
5328,3959325.0,0.028537962962962994
5329,3959385.0,0.02857314814814818
5330,3959445.0,0.02858333333333337
5331,3959505.0,0.02857685185185188
5332,3959565.0,0.028575925925925963
5333,3959625.0,0.02851851851851855
5334,3959685.0,0.028610185185185218
5335,3959745.0,0.028715740740740774
5336,3959805.0,0.028620370370370407
5337,3959865.0,0.02847870370370374
5338,3959925.0,0.028380555555555586
5339,3959985.0,0.02831018518518522
5340,3960045.0,0.028260185185185218
5341,3960105.0,0.028325000000000038
5342,3960165.0,0.02828888888888892
5343,3960225.0,0.028275000000000036
5344,3960285.0,0.028221296296296324
5345,3960345.0,0.028137962962962997
5346,3960405.0,0.028186111111111137
5347,3960465.0,0.028196296296296323
5348,3960525.0,0.02833055555555558
5349,3960585.0,0.02848240740740744
5350,3960645.0,0.028554629629629662
5351,3960705.0,0.028615740740740768
5352,3960765.0,0.028579629629629663
5353,3960825.0,0.02855648148148152
5354,3960885.0,0.028531481481481512
5355,3960945.0,0.02866851851851855
5356,3961005.0,0.028662962962962987
5357,3961065.0,0.028687037037037063
5358,3961125.0,0.02875648148148151
5359,3961185.0,0.028727777777777807
5360,3961245.0,0.028726851851851882
5361,3961305.0,0.028694444444444474
5362,3961365.0,0.028811111111111138
5363,3961425.0,0.028741666666666693
5364,3961485.0,0.028727777777777807
5365,3961545.0,0.028502777777777807
5366,3961605.0,0.028384259259259286
5367,3961665.0,0.028323148148148174
5368,3961725.0,0.028342592592592617
5369,3961785.0,0.028300000000000027
5370,3961845.0,0.02816574074074077
5371,3961905.0,0.02803611111111114
5372,3961965.0,0.02795277777777781
5373,3962025.0,0.027885185185185214
5374,3962085.0,0.027863888888888917
5375,3962145.0,0.027750925925925957
5376,3962205.0,0.02759074074074077
5377,3962265.0,0.027579629629629652
5378,3962325.0,0.02744259259259262
5379,3962385.0,0.027492592592592617
5380,3962445.0,0.027413888888888918
5381,3962505.0,0.027375000000000028
5382,3962565.0,0.0274203703703704
5383,3962625.0,0.02743796296296299
5384,3962685.0,0.027572222222222248
5385,3962745.0,0.027450000000000026
5386,3962805.0,0.02747222222222225
5387,3962865.0,0.027437037037037062
5388,3962925.0,0.027301851851851883
5389,3962985.0,0.027228703703703727
5390,3963045.0,0.027200000000000026
5391,3963105.0,0.027157407407407432
5392,3963165.0,0.026926851851851872
5393,3963225.0,0.026900000000000018
5394,3963285.0,0.026780555555555575
5395,3963345.0,0.026798148148148168
5396,3963405.0,0.026771296296296317
5397,3963465.0,0.026568518518518543
5398,3963525.0,0.02653055555555558
5399,3963585.0,0.02654814814814817
5400,3963645.0,0.02657222222222225
5401,3963705.0,0.02655648148148151
5402,3963765.0,0.026367592592592626
5403,3963825.0,0.02629351851851855
5404,3963885.0,0.026294444444444474
5405,3963945.0,0.026264814814814845
5406,3964005.0,0.02620925925925929
5407,3964065.0,0.026312037037037068
5408,3964125.0,0.02636111111111114
5409,3964185.0,0.02650277777777781
5410,3964245.0,0.026331481481481508
5411,3964305.0,0.02618518518518521
5412,3964365.0,0.02603055555555558
5413,3964425.0,0.02584259259259262
5414,3964485.0,0.025618518518518544
5415,3964545.0,0.025479629629629654
5416,3964605.0,0.02536481481481484
5417,3964665.0,0.025273148148148173
5418,3964725.0,0.02518055555555558
5419,3964785.0,0.025318518518518542
5420,3964845.0,0.02546018518518521
5421,3964905.0,0.025657407407407438
5422,3964965.0,0.025386111111111137
5423,3965025.0,0.02519074074074077
5424,3965085.0,0.0252953703703704
5425,3965145.0,0.025472222222222247
5426,3965205.0,0.025603703703703733
5427,3965265.0,0.025329629629629657
5428,3965325.0,0.025144444444444476
5429,3965388.0,0.025014814814814844
5430,3965445.0,0.024934259259259288
5431,3965505.0,0.02483148148148151
5432,3965565.0,0.02478333333333336
5433,3965625.0,0.02467685185185188
5434,3965685.0,0.02460277777777781
5435,3965745.0,0.02467500000000003
5436,3965805.0,0.02441944444444448
5437,3965865.0,0.024464814814814845
5438,3965925.0,0.0246703703703704
5439,3965988.0,0.024781481481481512
5440,3966045.0,0.0249453703703704
5441,3966105.0,0.02494074074074077
5442,3966165.0,0.0248203703703704
5443,3966225.0,0.024842592592592624
5444,3966285.0,0.024937962962963
5445,3966345.0,0.02480925925925929
5446,3966405.0,0.02459907407407411
5447,3966465.0,0.024562962962962998
5448,3966525.0,0.024667592592592626
5449,3966585.0,0.024719444444444474
5450,3966645.0,0.024844444444444475
5451,3966705.0,0.024742592592592618
5452,3966765.0,0.02467685185185188
5453,3966825.0,0.02462222222222225
5454,3966885.0,0.02454722222222225
5455,3966945.0,0.024363888888888918
5456,3967005.0,0.02435277777777781
5457,3967065.0,0.02458148148148151
5458,3967125.0,0.024705555555555585
5459,3967185.0,0.024841666666666696
5460,3967245.0,0.02498425925925929
5461,3967305.0,0.0250953703703704
5462,3967365.0,0.025241666666666697
5463,3967425.0,0.02538703703703707
5464,3967485.0,0.025535185185185216
5465,3967545.0,0.02563703703703707
5466,3967605.0,0.026051851851851885
5467,3967665.0,0.02634351851851855
5468,3967725.0,0.026671296296296332
5469,3967785.0,0.02693888888888892
5470,3967845.0,0.027260185185185217
5471,3967905.0,0.027555555555555587
5472,3967965.0,0.027650000000000032
5473,3968025.0,0.0277203703703704
5474,3968085.0,0.02788055555555559
5475,3968145.0,0.027924074074074108
5476,3968205.0,0.02808703703703707
5477,3968265.0,0.028250925925925964
5478,3968325.0,0.028287962962963
5479,3968385.0,0.02856944444444448
5480,3968445.0,0.02910462962962966
5481,3968505.0,0.029212962962962993
5482,3968565.0,0.029537037037037063
5483,3968625.0,0.02986574074074077
5484,3968685.0,0.03003611111111114
5485,3968745.0,0.03012962962962965
5486,3968805.0,0.030189814814814836
5487,3968865.0,0.030350000000000026
5488,3968925.0,0.03060092592592595
5489,3968985.0,0.03075555555555558
5490,3969045.0,0.03096388888888892
5491,3969105.0,0.031015740740740767
5492,3969165.0,0.0311453703703704
5493,3969225.0,0.031400000000000025
5494,3969285.0,0.03166481481481484
5495,3969345.0,0.0319490740740741
5496,3969405.0,0.03190092592592595
5497,3969465.0,0.031862037037037064
5498,3969525.0,0.03198888888888892
5499,3969585.0,0.032300000000000016
5500,3969648.0,0.03257129629629632
5501,3969705.0,0.032756481481481504
5502,3969765.0,0.032795370370370384
5503,3969825.0,0.03283055555555558
5504,3969885.0,0.03280833333333336
5505,3969945.0,0.0327064814814815
5506,3970005.0,0.03300555555555558
5507,3970065.0,0.03315092592592595
5508,3970125.0,0.03341759259259262
5509,3970185.0,0.033420370370370385
5510,3970245.0,0.033500000000000016
5511,3970305.0,0.03382500000000002
5512,3970365.0,0.03415185185185187
5513,3970425.0,0.03451481481481483
5514,3970485.0,0.03469166666666668
5515,3970545.0,0.034804629629629644
5516,3970605.0,0.03482777777777779
5517,3970665.0,0.03516203703703705
5518,3970725.0,0.03555277777777779
5519,3970785.0,0.03592222222222223
5520,3970845.0,0.03630185185185186
5521,3970905.0,0.03647777777777779
5522,3970965.0,0.036530555555555566
5523,3971025.0,0.036648148148148166
5524,3971085.0,0.03687314814814816
5525,3971145.0,0.0370138888888889
5526,3971205.0,0.03704166666666668
5527,3971265.0,0.03694444444444446
5528,3971328.0,0.03680462962962965
5529,3971385.0,0.0365601851851852
5530,3971445.0,0.03647685185185187
5531,3971505.0,0.036739814814814836
5532,3971565.0,0.036838888888888914
5533,3971625.0,0.03688333333333335
5534,3971685.0,0.036899074074074084
5535,3971745.0,0.036961111111111125
5536,3971805.0,0.03718240740740742
5537,3971865.0,0.037412962962962974
5538,3971925.0,0.0377675925925926
5539,3971985.0,0.03796666666666668
5540,3972045.0,0.03806666666666668
5541,3972105.0,0.03837129629629631
5542,3972165.0,0.038559259259259265
5543,3972225.0,0.03876944444444446
5544,3972285.0,0.038913888888888915
5545,3972345.0,0.039175000000000015
5546,3972405.0,0.039317592592592605
5547,3972465.0,0.03947129629629631
5548,3972525.0,0.039604629629629635
5549,3972585.0,0.03982500000000001
5550,3972645.0,0.04009351851851853
5551,3972705.0,0.04033240740740741
5552,3972765.0,0.040525000000000005
5553,3972825.0,0.040675
5554,3972885.0,0.040940740740740736
5555,3972945.0,0.041325
5556,3973005.0,0.04145
5557,3973065.0,0.0416462962962963
5558,3973125.0,0.041956481481481483
5559,3973185.0,0.04206111111111111
5560,3973245.0,0.04227685185185185
5561,3973305.0,0.04258611111111111
5562,3973365.0,0.042838888888888885
5563,3973425.0,0.04294537037037036
5564,3973485.0,0.04298148148148148
5565,3973545.0,0.043094444444444435
5566,3973605.0,0.04320092592592591
5567,3973665.0,0.043412037037037034
5568,3973725.0,0.043674999999999985
5569,3973785.0,0.04383518518518518
5570,3973845.0,0.04400555555555555
5571,3973905.0,0.04410555555555555
5572,3973965.0,0.04432129629629629
5573,3974025.0,0.04462314814814814
5574,3974085.0,0.044941666666666664
5575,3974145.0,0.044924999999999986
5576,3974205.0,0.04462407407407407
5577,3974265.0,0.0448787037037037
5578,3974325.0,0.04501018518518518
5579,3974385.0,0.04507222222222222
5580,3974445.0,0.045176851851851836
5581,3974505.0,0.045237037037037034
5582,3974565.0,0.04541759259259258
5583,3974625.0,0.04553796296296296
5584,3974685.0,0.045716666666666655
5585,3974745.0,0.04592499999999999
5586,3974805.0,0.04603425925925925
5587,3974865.0,0.046083333333333316
5588,3974925.0,0.04617129629629629
5589,3974985.0,0.04629629629629629
5590,3975045.0,0.046323148148148134
5591,3975105.0,0.04651574074074073
5592,3975165.0,0.046724074074074064
5593,3975228.0,0.04693148148148147
5594,3975285.0,0.04710648148148147
5595,3975345.0,0.047095370370370364
5596,3975405.0,0.047147222222222215
5597,3975465.0,0.047140740740740726
5598,3975525.0,0.04732962962962962
5599,3975585.0,0.047465740740740725
5600,3975645.0,0.04747499999999998
5601,3975705.0,0.04745648148148146
5602,3975765.0,0.047606481481481465
5603,3975825.0,0.04800555555555553
5604,3975885.0,0.048162962962962935
5605,3975945.0,0.04829814814814812
5606,3976005.0,0.0483759259259259
5607,3976065.0,0.04851481481481479
5608,3976125.0,0.04876111111111108
5609,3976185.0,0.049071296296296266
5610,3976245.0,0.04933796296296293
5611,3976305.0,0.04958425925925922
5612,3976365.0,0.04970648148148145
5613,3976425.0,0.0497333333333333
5614,3976485.0,0.04979999999999997
5615,3976545.0,0.05009722222222219
5616,3976605.0,0.05047129629629626
5617,3976665.0,0.050842592592592564
5618,3976725.0,0.0508157407407407
5619,3976785.0,0.05082314814814811
5620,3976845.0,0.050844444444444414
5621,3976905.0,0.05095555555555552
5622,3976965.0,0.05117499999999997
5623,3977025.0,0.051308333333333296
5624,3977085.0,0.05135370370370367
5625,3977145.0,0.05145925925925922
5626,3977205.0,0.05157037037037033
5627,3977265.0,0.05176759259259255
5628,3977325.0,0.05192037037037033
5629,3977385.0,0.052236111111111067
5630,3977445.0,0.05244629629629626
5631,3977508.0,0.05262592592592589
5632,3977565.0,0.05272499999999996
5633,3977625.0,0.0529157407407407
5634,3977685.0,0.05319999999999996
5635,3977745.0,0.05346388888888885
5636,3977805.0,0.05361203703703701
5637,3977865.0,0.053562037037037005
5638,3977925.0,0.05351296296296292
5639,3977988.0,0.05357222222222218
5640,3978045.0,0.053733333333333286
5641,3978105.0,0.053896296296296255
5642,3978165.0,0.05388148148148144
5643,3978225.0,0.05384259259259255
5644,3978285.0,0.05386666666666663
5645,3978345.0,0.05404999999999996
5646,3978405.0,0.05402499999999996
5647,3978465.0,0.05401388888888885
5648,3978525.0,0.05394907407407403
5649,3978585.0,0.053735185185185136
5650,3978645.0,0.05358148148148144
5651,3978705.0,0.05340740740740736
5652,3978765.0,0.05325462962962958
5653,3978825.0,0.0533518518518518
5654,3978885.0,0.05334259259259255
5655,3978945.0,0.05333055555555551
5656,3979005.0,0.05311296296296291
5657,3979065.0,0.052998148148148086
5658,3979125.0,0.05311944444444439
5659,3979185.0,0.053073148148148085
5660,3979245.0,0.0526842592592592
5661,3979305.0,0.05256759259259253
5662,3979365.0,0.05214259259259253
5663,3979425.0,0.051813888888888826
5664,3979485.0,0.051587037037036966
5665,3979545.0,0.051548148148148086
5666,3979605.0,0.05153333333333327
5667,3979665.0,0.05141759259259253
5668,3979725.0,0.05115833333333327
5669,3979785.0,0.050947222222222165
5670,3979845.0,0.05080833333333327
5671,3979905.0,0.05090462962962957
5672,3979965.0,0.05098518518518512
5673,3980025.0,0.0509379629629629
5674,3980085.0,0.05082314814814808
5675,3980145.0,0.05077499999999993
5676,3980205.0,0.05104259259259252
5677,3980265.0,0.051392592592592524
5678,3980325.0,0.05141018518518512
5679,3980385.0,0.05124444444444437
5680,3980445.0,0.051074074074074
5681,3980505.0,0.05097870370370363
5682,3980565.0,0.05095740740740733
5683,3980625.0,0.05115740740740733
5684,3980685.0,0.051285185185185114
5685,3980745.0,0.05115092592592585
5686,3980805.0,0.05092685185185178
5687,3980865.0,0.05076203703703697
5688,3980925.0,0.050689814814814736
5689,3980985.0,0.05074074074074067
5690,3981045.0,0.0507203703703703
5691,3981105.0,0.0505203703703703
5692,3981165.0,0.05030648148148141
5693,3981225.0,0.05003518518518511
5694,3981285.0,0.049991666666666594
5695,3981345.0,0.050019444444444366
5696,3981405.0,0.050081481481481414
5697,3981465.0,0.04996851851851845
5698,3981525.0,0.0497277777777777
5699,3981585.0,0.04972222222222215
5700,3981645.0,0.04966574074074066
5701,3981705.0,0.04980370370370363
5702,3981765.0,0.05002499999999992
5703,3981825.0,0.050090740740740665
5704,3981885.0,0.05000740740740733
5705,3981945.0,0.04998240740740734
5706,3982005.0,0.05024351851851845
5707,3982065.0,0.050449999999999925
5708,3982125.0,0.05069537037037029
5709,3982185.0,0.05091944444444437
5710,3982248.0,0.05105092592592585
5711,3982305.0,0.050880555555555484
5712,3982365.0,0.05087314814814807
5713,3982425.0,0.05100462962962955
5714,3982485.0,0.0511703703703703
5715,3982545.0,0.05115092592592585
5716,3982605.0,0.05095462962962955
5717,3982665.0,0.050681481481481404
5718,3982725.0,0.050503703703703634
5719,3982785.0,0.05061111111111104
5720,3982845.0,0.05080648148148141
5721,3982905.0,0.05067962962962956
5722,3982965.0,0.05039999999999993
5723,3983025.0,0.05016388888888882
5724,3983085.0,0.04996851851851845
5725,3983145.0,0.049894444444444366
5726,3983205.0,0.04984629629629622
5727,3983265.0,0.04969722222222215
5728,3983325.0,0.04942222222222215
5729,3983385.0,0.04903888888888882
5730,3983445.0,0.04877685185185178
5731,3983505.0,0.04866203703703696
5732,3983565.0,0.04866018518518511
5733,3983625.0,0.04862870370370363
5734,3983688.0,0.04845462962962956
5735,3983745.0,0.048133333333333264
5736,3983805.0,0.04797962962962955
5737,3983865.0,0.04790185185185177
5738,3983925.0,0.047815740740740666
5739,3983985.0,0.04774999999999992
5740,3984045.0,0.047569444444444366
5741,3984105.0,0.047321296296296216
5742,3984165.0,0.047144444444444364
5743,3984225.0,0.04717962962962954
5744,3984285.0,0.04730092592592584
5745,3984345.0,0.04715833333333325
5746,3984405.0,0.04690370370370362
5747,3984465.0,0.04673333333333325
5748,3984525.0,0.04668611111111103
5749,3984585.0,0.046752777777777685
5750,3984645.0,0.04694907407407399
5751,3984705.0,0.047007407407407324
5752,3984765.0,0.046828703703703616
5753,3984825.0,0.0464564814814814
5754,3984885.0,0.04640370370370362
5755,3984945.0,0.04658333333333325
5756,3985005.0,0.046870370370370285
5757,3985065.0,0.046677777777777686
5758,3985128.0,0.04654074074074065
5759,3985185.0,0.046495370370370284
5760,3985245.0,0.04642314814814806
5761,3985305.0,0.04653240740740732
5762,3985365.0,0.046729629629629545
5763,3985425.0,0.04682314814814807
5764,3985485.0,0.0467027777777777
5765,3985545.0,0.04664629629629621
5766,3985605.0,0.046743518518518434
5767,3985665.0,0.04690833333333325
5768,3985725.0,0.047110185185185095
5769,3985785.0,0.047171296296296204
5770,3985845.0,0.047381481481481386
5771,3985905.0,0.0473851851851851
5772,3985965.0,0.0472888888888888
5773,3986025.0,0.04734722222222214
5774,3986085.0,0.047507407407407325
5775,3986145.0,0.04771944444444436
5776,3986205.0,0.0477527777777777
5777,3986265.0,0.047819444444444366
5778,3986325.0,0.04776944444444437
5779,3986385.0,0.04778703703703696
5780,3986445.0,0.047965740740740656
5781,3986505.0,0.0478138888888888
5782,3986565.0,0.047951851851851766
5783,3986628.0,0.04786481481481473
5784,3986685.0,0.04774166666666658
5785,3986745.0,0.0476351851851851
5786,3986805.0,0.047699999999999916
5787,3986865.0,0.04783981481481473
5788,3986925.0,0.04786574074074066
5789,3986985.0,0.04765833333333325
5790,3987045.0,0.04752499999999992
5791,3987105.0,0.04752685185185177
5792,3987165.0,0.0476064814814814
5793,3987225.0,0.047887037037036964
5794,3987285.0,0.04817037037037029
5795,3987345.0,0.04797685185185177
5796,3987405.0,0.04779166666666658
5797,3987465.0,0.04768333333333325
5798,3987525.0,0.047565740740740665
5799,3987585.0,0.047515740740740664
5800,3987645.0,0.04745462962962955
5801,3987705.0,0.047368518518518435
5802,3987765.0,0.04717129629629621
5803,3987825.0,0.047084259259259166
5804,3987885.0,0.04714722222222214
5805,3987945.0,0.047213888888888805
5806,3988005.0,0.047245370370370285
5807,3988065.0,0.04699444444444436
5808,3988125.0,0.046761111111111024
5809,3988185.0,0.04662685185185177
5810,3988245.0,0.046545370370370286
5811,3988305.0,0.04653611111111103
5812,3988365.0,0.0464851851851851
5813,3988425.0,0.046315740740740664
5814,3988485.0,0.04595185185185177
5815,3988545.0,0.045849074074074
5816,3988605.0,0.045782407407407334
5817,3988665.0,0.045918518518518435
5818,3988725.0,0.04594629629629622
5819,3988785.0,0.04577314814814807
5820,3988845.0,0.04550925925925918
5821,3988905.0,0.045345370370370286
5822,3988965.0,0.04531388888888881
5823,3989025.0,0.04547222222222215
5824,3989085.0,0.045541666666666585
5825,3989145.0,0.04550370370370363
5826,3989205.0,0.0453166666666666
5827,3989265.0,0.04522129629629623
5828,3989325.0,0.04536388888888882
5829,3989385.0,0.045649999999999934
5830,3989445.0,0.045869444444444366
5831,3989505.0,0.04598703703703697
5832,3989565.0,0.04623240740740733
5833,3989625.0,0.04617592592592585
5834,3989685.0,0.04634351851851845
5835,3989745.0,0.04672314814814808
5836,3989805.0,0.04695740740740734
5837,3989865.0,0.047175925925925864
5838,3989925.0,0.047112962962962884
5839,3989985.0,0.04707499999999993
5840,3990045.0,0.04720370370370363
5841,3990105.0,0.047341666666666594
5842,3990165.0,0.04756851851851845
5843,3990225.0,0.04750555555555548
5844,3990285.0,0.04758240740740733
5845,3990345.0,0.04739444444444437
5846,3990405.0,0.047398148148148064
5847,3990465.0,0.047477777777777695
5848,3990525.0,0.04749259259259251
5849,3990585.0,0.04743055555555548
5850,3990645.0,0.047258333333333256
5851,3990705.0,0.0471527777777777
5852,3990765.0,0.047190740740740665
5853,3990825.0,0.04733055555555548
5854,3990885.0,0.047399074074074
5855,3990945.0,0.04731111111111103
5856,3991005.0,0.04708796296296289
5857,3991068.0,0.046995370370370285
5858,3991125.0,0.04707592592592585
5859,3991185.0,0.047274074074074
5860,3991245.0,0.047414814814814736
5861,3991305.0,0.047420370370370286
5862,3991365.0,0.047312037037036965
5863,3991425.0,0.04708240740740733
5864,3991485.0,0.04713796296296289
5865,3991545.0,0.047512037037036964
5866,3991605.0,0.04776111111111104
5867,3991665.0,0.047952777777777705
5868,3991725.0,0.047976851851851784
5869,3991785.0,0.04783425925925919
5870,3991845.0,0.04793611111111104
5871,3991905.0,0.048149074074074
5872,3991965.0,0.04830925925925919
5873,3992025.0,0.048497222222222164
5874,3992085.0,0.0483629629629629
5875,3992145.0,0.048271296296296236
5876,3992205.0,0.04823240740740735
5877,3992265.0,0.048351851851851785
5878,3992325.0,0.04855185185185179
5879,3992385.0,0.04836018518518512
5880,3992445.0,0.048231481481481424
5881,3992505.0,0.04789722222222217
5882,3992565.0,0.04762407407407402
5883,3992625.0,0.04757222222222217
5884,3992685.0,0.04748981481481476
5885,3992745.0,0.04731481481481476
5886,3992805.0,0.04691203703703698
5887,3992865.0,0.046873148148148094
5888,3992925.0,0.046631481481481434
5889,3992985.0,0.046771296296296234
5890,3993045.0,0.046661111111111056
5891,3993105.0,0.04640740740740736
5892,3993168.0,0.04629166666666661
5893,3993225.0,0.04612592592592587
5894,3993285.0,0.046147222222222166
5895,3993345.0,0.046391666666666616
5896,3993405.0,0.04677407407407402
5897,3993465.0,0.04704814814814809
5898,3993525.0,0.04691759259259253
5899,3993585.0,0.04683333333333328
5900,3993645.0,0.04669907407407402
5901,3993705.0,0.046813888888888835
5902,3993765.0,0.04713796296296291
5903,3993825.0,0.04736851851851846
5904,3993885.0,0.047589814814814765
5905,3993945.0,0.047606481481481416
5906,3994005.0,0.04756388888888883
5907,3994065.0,0.047741666666666606
5908,3994125.0,0.04800833333333327
5909,3994185.0,0.04833518518518512
5910,3994245.0,0.04835648148148142
5911,3994305.0,0.04832407407407401
5912,3994365.0,0.04823333333333328
5913,3994428.0,0.048353703703703635
5914,3994485.0,0.04851018518518512
5915,3994545.0,0.048677777777777716
5916,3994605.0,0.04883333333333327
5917,3994665.0,0.04873148148148142
5918,3994725.0,0.04862962962962957
5919,3994785.0,0.04873981481481475
5920,3994845.0,0.04897592592592586
5921,3994905.0,0.0491166666666666
5922,3994965.0,0.049083333333333264
5923,3995025.0,0.04892685185185178
5924,3995085.0,0.04876851851851845
5925,3995145.0,0.0488203703703703
5926,3995205.0,0.04903425925925919
5927,3995268.0,0.04912592592592585
5928,3995325.0,0.04906759259259252
5929,3995385.0,0.04884074074074066
5930,3995445.0,0.04858796296296289
5931,3995505.0,0.048549074074074
5932,3995565.0,0.048676851851851784
5933,3995625.0,0.048899074074074005
5934,3995685.0,0.04883796296296289
5935,3995745.0,0.048720370370370296
5936,3995805.0,0.04865925925925919
5937,3995865.0,0.048686111111111034
5938,3995925.0,0.0488666666666666
5939,3995985.0,0.04895555555555549
5940,3996045.0,0.04896851851851845
5941,3996105.0,0.04880185185185178
5942,3996165.0,0.04866111111111104
5943,3996225.0,0.04865185185185178
5944,3996285.0,0.048807407407407334
5945,3996345.0,0.04888240740740734
5946,3996405.0,0.04882129629629623
5947,3996465.0,0.04865370370370364
5948,3996525.0,0.04840648148148141
5949,3996585.0,0.04825648148148141
5950,3996645.0,0.0482166666666666
5951,3996705.0,0.04805555555555549
5952,3996765.0,0.04804999999999993
5953,3996825.0,0.04793240740740734
5954,3996885.0,0.04769537037037031
5955,3996945.0,0.047588888888888826
5956,3997005.0,0.04762777777777771
5957,3997065.0,0.04768148148148142
5958,3997125.0,0.047565740740740665
5959,3997185.0,0.04742685185185178
5960,3997245.0,0.04723055555555549
5961,3997305.0,0.0473703703703703
5962,3997365.0,0.04719259259259252
5963,3997425.0,0.04718333333333327
5964,3997485.0,0.047212962962962894
5965,3997545.0,0.04713148148148141
5966,3997605.0,0.04706759259259252
5967,3997665.0,0.047049074074074
5968,3997725.0,0.04709351851851845
5969,3997785.0,0.04731851851851845
5970,3997845.0,0.047383333333333263
5971,3997905.0,0.04735740740740733
5972,3997965.0,0.04726944444444437
5973,3998025.0,0.047075925925925854
5974,3998085.0,0.04682962962962956
5975,3998145.0,0.04669444444444438
5976,3998205.0,0.04656388888888882
5977,3998265.0,0.04637685185185179
5978,3998325.0,0.04625555555555549
5979,3998385.0,0.0461379629629629
5980,3998445.0,0.04606759259259253
5981,3998505.0,0.04598333333333327
5982,3998565.0,0.04587407407407401
5983,3998625.0,0.045716666666666614
5984,3998685.0,0.04545462962962957
5985,3998745.0,0.045418518518518455
5986,3998805.0,0.045412037037036966
5987,3998865.0,0.04554907407407401
5988,3998925.0,0.04561574074074068
5989,3998985.0,0.04558981481481475
5990,3999045.0,0.04555092592592586
5991,3999105.0,0.04542222222222216
5992,3999165.0,0.04536851851851846
5993,3999225.0,0.0453092592592592
5994,3999285.0,0.04535740740740735
5995,3999345.0,0.04523981481481476
5996,3999405.0,0.045071296296296234
5997,3999465.0,0.044821296296296234
5998,3999525.0,0.044673148148148094
5999,3999585.0,0.04459722222222217
6000,3999645.0,0.044586111111111056
6001,3999705.0,0.04449537037037032
6002,3999765.0,0.044405555555555504
6003,3999825.0,0.0441055555555555
6004,3999885.0,0.04379351851851847
6005,3999945.0,0.043546296296296236
6006,4000005.0,0.04336851851851847
6007,4000065.0,0.04314166666666661
6008,4000125.0,0.0427842592592592
6009,4000185.0,0.042372222222222165
6010,4000245.0,0.04196018518518513
6011,4000305.0,0.041677777777777716
6012,4000365.0,0.04137129629629624
6013,4000425.0,0.04110740740740735
6014,4000485.0,0.04065740740740735
6015,4000545.0,0.04021111111111105
6016,4000605.0,0.039844444444444384
6017,4000665.0,0.03948611111111105
6018,4000725.0,0.03931111111111105
6019,4000785.0,0.039142592592592534
6020,4000845.0,0.03887129629629623
6021,4000905.0,0.03866944444444438
6022,4000965.0,0.03854629629629623
6023,4001025.0,0.03855648148148141
6024,4001085.0,0.03844722222222216
6025,4001145.0,0.03840185185185178
6026,4001205.0,0.038281481481481416
6027,4001265.0,0.03811481481481475
6028,4001325.0,0.03804722222222216
6029,4001385.0,0.037959259259259186
6030,4001445.0,0.03785185185185178
6031,4001505.0,0.03764999999999994
6032,4001565.0,0.037328703703703635
6033,4001625.0,0.036983333333333264
6034,4001685.0,0.03671203703703697
6035,4001745.0,0.036505555555555486
6036,4001805.0,0.03635185185185178
6037,4001865.0,0.03612592592592585
6038,4001925.0,0.03588703703703697
6039,4001985.0,0.03556203703703697
6040,4002045.0,0.03529444444444438
6041,4002105.0,0.035095370370370305
6042,4002165.0,0.03489999999999993
6043,4002225.0,0.03480185185185178
6044,4002285.0,0.034508333333333266
6045,4002345.0,0.03411203703703697
6046,4002405.0,0.0336916666666666
6047,4002465.0,0.03340833333333326
6048,4002525.0,0.033200925925925856
6049,4002585.0,0.03313055555555548
6050,4002645.0,0.03290555555555548
6051,4002705.0,0.032570370370370284
6052,4002765.0,0.032335185185185106
6053,4002825.0,0.03211666666666658
6054,4002885.0,0.03202685185185177
6055,4002945.0,0.031885185185185114
6056,4003005.0,0.0317314814814814
6057,4003065.0,0.03145925925925918
6058,4003125.0,0.031125925925925845
6059,4003185.0,0.030916666666666582
6060,4003245.0,0.03073333333333325
6061,4003305.0,0.03065462962962955
6062,4003365.0,0.03056481481481474
6063,4003425.0,0.03033703703703696
6064,4003485.0,0.0302027777777777
6065,4003545.0,0.03015740740740733
6066,4003605.0,0.030093518518518443
6067,4003665.0,0.02988240740740733
6068,4003725.0,0.029777777777777705
6069,4003785.0,0.029436111111111038
6070,4003845.0,0.02931388888888882
6071,4003905.0,0.02926388888888881
6072,4003965.0,0.029164814814814737
6073,4004025.0,0.029027777777777708
6074,4004085.0,0.02870555555555548
6075,4004145.0,0.028396296296296218
6076,4004205.0,0.028068518518518444
6077,4004265.0,0.027901851851851782
6078,4004325.0,0.02800648148148141
6079,4004385.0,0.028034259259259186
6080,4004445.0,0.02815092592592585
6081,4004505.0,0.02808240740740733
6082,4004565.0,0.027863888888888817
6083,4004625.0,0.027724999999999927
6084,4004685.0,0.02758148148148141
6085,4004745.0,0.027580555555555483
6086,4004805.0,0.02760740740740733
6087,4004868.0,0.027455555555555483
6088,4004925.0,0.027288888888888814
6089,4004985.0,0.027071296296296225
6090,4005045.0,0.02705740740740734
6091,4005105.0,0.027010185185185116
6092,4005165.0,0.02693611111111104
6093,4005225.0,0.0266916666666666
6094,4005285.0,0.02648796296296289
6095,4005345.0,0.026337037037036968
6096,4005405.0,0.026090740740740668
6097,4005465.0,0.026096296296296232
6098,4005525.0,0.02611018518518512
6099,4005585.0,0.025984259259259197
6100,4005645.0,0.025717592592592528
6101,4005705.0,0.02550092592592586
6102,4005765.0,0.025331481481481417
6103,4005825.0,0.025237037037036968
6104,4005885.0,0.025087962962962892
6105,4005945.0,0.025108333333333267
6106,4006005.0,0.025048148148148083
6107,4006065.0,0.0248916666666666
6108,4006125.0,0.024817592592592527
6109,4006185.0,0.0248379629629629
6110,4006245.0,0.0248342592592592
6111,4006305.0,0.0247129629629629
6112,4006365.0,0.024504629629629564
6113,4006425.0,0.0241916666666666
6114,4006485.0,0.0239666666666666
6115,4006545.0,0.023786111111111046
6116,4006605.0,0.02351018518518512
6117,4006665.0,0.02326018518518512
6118,4006725.0,0.02289999999999993
6119,4006785.0,0.022638888888888827
6120,4006845.0,0.022457407407407343
6121,4006905.0,0.022406481481481416
6122,4006965.0,0.02222222222222216
6123,4007025.0,0.022125925925925858
6124,4007085.0,0.021992592592592532
6125,4007145.0,0.02182407407407401
6126,4007205.0,0.021743518518518454
6127,4007265.0,0.021732407407407343
6128,4007325.0,0.021718518518518453
6129,4007385.0,0.0216666666666666
6130,4007445.0,0.02151759259259253
6131,4007505.0,0.021534259259259197
6132,4007565.0,0.021487962962962896
6133,4007625.0,0.02141018518518512
6134,4007685.0,0.021485185185185118
6135,4007745.0,0.02148055555555549
6136,4007805.0,0.021413888888888826
6137,4007865.0,0.021362037037036968
6138,4007925.0,0.021422222222222155
6139,4007985.0,0.021509259259259197
6140,4008045.0,0.02155740740740734
6141,4008105.0,0.021561111111111045
6142,4008165.0,0.021462962962962896
6143,4008225.0,0.021371296296296232
6144,4008285.0,0.02131018518518512
6145,4008345.0,0.021326851851851784
6146,4008405.0,0.021264814814814747
6147,4008465.0,0.021139814814814747
6148,4008525.0,0.020870370370370303
6149,4008585.0,0.02050092592592586
6150,4008645.0,0.02022407407407401
6151,4008705.0,0.01997962962962957
6152,4008765.0,0.01981481481481475
6153,4008825.0,0.01971944444444438
6154,4008888.0,0.019613888888888827
6155,4008945.0,0.01972407407407401
6156,4009005.0,0.01984259259259253
6157,4009065.0,0.019919444444444382
6158,4009125.0,0.0201092592592592
6159,4009185.0,0.020184259259259197
6160,4009245.0,0.020282407407407343
6161,4009305.0,0.02030555555555549
6162,4009365.0,0.02037407407407401
6163,4009425.0,0.02042222222222216
6164,4009485.0,0.02049074074074068
6165,4009545.0,0.02048611111111105
6166,4009605.0,0.02044259259259253
6167,4009665.0,0.020376851851851792
6168,4009725.0,0.020350925925925863
6169,4009785.0,0.02033055555555549
6170,4009845.0,0.02033981481481475
6171,4009905.0,0.02034074074074068
6172,4009965.0,0.020392592592592528
6173,4010025.0,0.020411111111111047
6174,4010085.0,0.020467592592592527
6175,4010145.0,0.020504629629629564
6176,4010205.0,0.02045462962962956
6177,4010265.0,0.02040555555555549
6178,4010325.0,0.020279629629629564
6179,4010385.0,0.020187962962962897
6180,4010445.0,0.020087962962962898
6181,4010505.0,0.020040740740740675
6182,4010565.0,0.019962037037036973
6183,4010625.0,0.019916666666666603
6184,4010685.0,0.020000925925925863
6185,4010745.0,0.020032407407407343
6186,4010805.0,0.02002870370370364
6187,4010865.0,0.02002870370370364
6188,4010925.0,0.02008148148148142
6189,4010988.0,0.02018055555555549
6190,4011045.0,0.020292592592592532
6191,4011105.0,0.02028981481481475
6192,4011165.0,0.020423148148148083
6193,4011225.0,0.020523148148148082
6194,4011285.0,0.020594444444444374
6195,4011345.0,0.02069259259259253
6196,4011405.0,0.020758333333333268
6197,4011465.0,0.02093333333333327
6198,4011525.0,0.021042592592592533
6199,4011585.0,0.02107037037037031
6200,4011645.0,0.021139814814814757
6201,4011705.0,0.021183333333333276
6202,4011765.0,0.02119999999999994
6203,4011825.0,0.021226851851851792
6204,4011885.0,0.02126666666666661
6205,4011945.0,0.021233333333333274
6206,4012005.0,0.02114166666666661
6207,4012065.0,0.02111574074074068
6208,4012125.0,0.02102962962962957
6209,4012185.0,0.021026851851851797
6210,4012245.0,0.02106018518518513
6211,4012305.0,0.02110277777777772
6212,4012365.0,0.021224999999999945
6213,4012425.0,0.021319444444444387
6214,4012485.0,0.021392592592592536
6215,4012545.0,0.021509259259259204
6216,4012605.0,0.0215268518518518
6217,4012665.0,0.021561111111111052
6218,4012725.0,0.02160833333333328
6219,4012785.0,0.02169907407407402
6220,4012845.0,0.021788888888888837
6221,4012905.0,0.02187129629629624
6222,4012965.0,0.022013888888888836
6223,4013025.0,0.022022222222222162
6224,4013085.0,0.022131481481481426
6225,4013145.0,0.0221592592592592
6226,4013205.0,0.0222518518518518
6227,4013265.0,0.022265740740740687
6228,4013325.0,0.0223268518518518
6229,4013385.0,0.022369444444444397
6230,4013445.0,0.02237499999999995
6231,4013505.0,0.02243518518518513
6232,4013565.0,0.02242499999999995
6233,4013625.0,0.02254814814814809
6234,4013685.0,0.02262870370370365
6235,4013745.0,0.022671296296296245
6236,4013805.0,0.02271388888888884
6237,4013865.0,0.022716666666666614
6238,4013925.0,0.022773148148148098
6239,4013985.0,0.022778703703703652
6240,4014045.0,0.02280462962962958
6241,4014105.0,0.02282592592592588
6242,4014165.0,0.0227768518518518
6243,4014225.0,0.022809259259259213
6244,4014285.0,0.022747222222222176
6245,4014345.0,0.02268981481481477
6246,4014405.0,0.022625925925925883
6247,4014465.0,0.02255277777777773
6248,4014525.0,0.02255277777777773
6249,4014585.0,0.022522222222222176
6250,4014645.0,0.022467592592592543
6251,4014705.0,0.022462962962962917
6252,4014765.0,0.02243055555555551
6253,4014825.0,0.022542592592592545
6254,4014885.0,0.02264166666666662
6255,4014945.0,0.02266203703703699
6256,4015005.0,0.02265740740740736
6257,4015065.0,0.022541666666666627
6258,4015128.0,0.02247870370370366
6259,4015185.0,0.022403703703703662
6260,4015245.0,0.022291666666666626
6261,4015305.0,0.022162962962962926
6262,4015365.0,0.02204999999999996
6263,4015425.0,0.021862037037037
6264,4015485.0,0.02171851851851848
6265,4015545.0,0.021535185185185143
6266,4015605.0,0.02144351851851848
6267,4015665.0,0.0212407407407407
6268,4015725.0,0.02105833333333329
6269,4015785.0,0.02094907407407403
6270,4015845.0,0.020761111111111067
6271,4015905.0,0.020743518518518474
6272,4015965.0,0.0207231481481481
6273,4016025.0,0.020797222222222172
6274,4016085.0,0.02079074074074069
6275,4016145.0,0.020682407407407358
6276,4016205.0,0.02075648148148144
6277,4016265.0,0.020734259259259213
6278,4016325.0,0.02061388888888884
6279,4016385.0,0.020499999999999952
6280,4016445.0,0.020524074074074028
6281,4016505.0,0.020442592592592547
6282,4016565.0,0.020622222222222174
6283,4016625.0,0.02067685185185181
6284,4016685.0,0.02080925925925921
6285,4016745.0,0.020847222222222173
6286,4016805.0,0.020859259259259213
6287,4016865.0,0.02096574074074069
6288,4016925.0,0.021015740740740696
6289,4016985.0,0.021150925925925882
6290,4017045.0,0.02121481481481477
6291,4017105.0,0.021290740740740697
6292,4017165.0,0.02140740740740736
6293,4017225.0,0.021522222222222182
6294,4017285.0,0.02167407407407403
6295,4017345.0,0.021704629629629584
6296,4017405.0,0.02178981481481477
6297,4017465.0,0.02186388888888884
6298,4017525.0,0.02185648148148144
6299,4017585.0,0.021824999999999952
6300,4017645.0,0.021799074074074026
6301,4017705.0,0.021708333333333284
6302,4017765.0,0.02176203703703699
6303,4017825.0,0.02158240740740736
6304,4017885.0,0.02138425925925921
6305,4017945.0,0.02129074074074069
6306,4018005.0,0.02125092592592588
6307,4018065.0,0.02120092592592588
6308,4018125.0,0.021121296296296246
6309,4018185.0,0.021113888888888842
6310,4018245.0,0.021137962962962914
6311,4018305.0,0.02113703703703699
6312,4018365.0,0.021178703703703654
6313,4018425.0,0.02118425925925921
6314,4018485.0,0.02115555555555551
6315,4018545.0,0.021111111111111063
6316,4018608.0,0.021024074074074025
6317,4018665.0,0.020956481481481437
6318,4018725.0,0.020799074074074025
6319,4018785.0,0.020586111111111062
6320,4018845.0,0.02040740740740736
6321,4018905.0,0.02019999999999995
6322,4018965.0,0.02001759259259254
6323,4019025.0,0.019823148148148097
6324,4019085.0,0.019724999999999947
6325,4019145.0,0.019598148148148097
6326,4019205.0,0.01950648148148143
6327,4019265.0,0.019313888888888842
6328,4019325.0,0.019371296296296248
6329,4019385.0,0.01950277777777773
6330,4019445.0,0.01962777777777773
6331,4019505.0,0.0197518518518518
6332,4019568.0,0.019813888888888843
6333,4019628.0,0.01986203703703699
6334,4019685.0,0.01994629629629625
6335,4019745.0,0.01980555555555551
6336,4019805.0,0.01959537037037033
6337,4019868.0,0.01945740740740736
6338,4019925.0,0.019267592592592548
6339,4019985.0,0.019232407407407358
6340,4020045.0,0.01912037037037033
6341,4020105.0,0.01910925925925921
6342,4020165.0,0.019086111111111068
6343,4020225.0,0.018997222222222183
6344,4020285.0,0.018888888888888847
6345,4020345.0,0.01872685185185181
6346,4020405.0,0.018673148148148102
6347,4020465.0,0.018695370370370328
6348,4020525.0,0.018612037037036996
6349,4020588.0,0.01856574074074069
6350,4020648.0,0.01850925925925921
6351,4020705.0,0.01856481481481477
6352,4020765.0,0.018571296296296246
6353,4020825.0,0.01860555555555551
6354,4020885.0,0.01862129629629625
6355,4020945.0,0.01866018518518514
6356,4021005.0,0.01882870370370366
6357,4021065.0,0.01895185185185181
6358,4021125.0,0.019117592592592547
6359,4021185.0,0.01930185185185181
6360,4021245.0,0.0194694444444444
6361,4021305.0,0.019574074074074032
6362,4021365.0,0.019678703703703657
6363,4021425.0,0.019724999999999958
6364,4021485.0,0.019665740740740692
6365,4021545.0,0.0196444444444444
6366,4021605.0,0.0196231481481481
6367,4021665.0,0.01970648148148144
6368,4021725.0,0.019604629629629583
6369,4021785.0,0.019495370370370326
6370,4021845.0,0.019355555555555508
6371,4021905.0,0.019517592592592545
6372,4021965.0,0.01958240740740736
6373,4022025.0,0.01965555555555551
6374,4022085.0,0.01996018518518514
6375,4022145.0,0.020129629629629584
6376,4022205.0,0.020424074074074032
6377,4022265.0,0.020789814814814768
6378,4022325.0,0.02090555555555551
6379,4022385.0,0.021053703703703654
6380,4022445.0,0.021128703703703653
6381,4022505.0,0.02132962962962958
6382,4022565.0,0.02150925925925921
6383,4022625.0,0.02168055555555551
6384,4022685.0,0.02189629629629625
6385,4022745.0,0.02213425925925921
6386,4022805.0,0.02238425925925921
6387,4022865.0,0.022596296296296253
6388,4022925.0,0.02298055555555551
6389,4022985.0,0.023307407407407364
6390,4023045.0,0.02345648148148144
6391,4023105.0,0.02351296296296292
6392,4023165.0,0.02367777777777773
6393,4023225.0,0.02388518518518514
6394,4023285.0,0.02412870370370366
6395,4023345.0,0.024300925925925882
6396,4023405.0,0.02450185185185181
6397,4023465.0,0.02451296296296292
6398,4023525.0,0.02459999999999996
6399,4023585.0,0.02466759259259255
6400,4023645.0,0.024777777777777732
6401,4023705.0,0.02493148148148144
6402,4023765.0,0.02506851851851848
6403,4023825.0,0.02518333333333329
6404,4023885.0,0.025189814814814773
6405,4023945.0,0.025405555555555515
6406,4024005.0,0.025624074074074032
6407,4024065.0,0.026013888888888847
6408,4024125.0,0.02632685185185181
6409,4024185.0,0.02651296296296292
6410,4024245.0,0.026610185185185143
6411,4024305.0,0.0266907407407407
6412,4024365.0,0.02701759259259255
6413,4024425.0,0.027296296296296256
6414,4024485.0,0.027541666666666628
6415,4024545.0,0.027818518518518482
6416,4024605.0,0.02798333333333329
6417,4024665.0,0.028180555555555518
6418,4024725.0,0.028449074074074036
6419,4024785.0,0.02877222222222218
6420,4024845.0,0.029099074074074038
6421,4024905.0,0.029275925925925886
6422,4024965.0,0.029449074074074037
6423,4025025.0,0.029564814814814776
6424,4025085.0,0.029873148148148114
6425,4025145.0,0.030181481481481445
6426,4025205.0,0.03045370370370367
6427,4025265.0,0.030597222222222182
6428,4025328.0,0.03075555555555552
6429,4025385.0,0.031116666666666633
6430,4025445.0,0.03149907407407404
6431,4025505.0,0.03189722222222218
6432,4025565.0,0.03223240740740737
6433,4025625.0,0.03234629629629625
6434,4025685.0,0.032391666666666624
6435,4025745.0,0.03240648148148144
6436,4025805.0,0.032520370370370325
6437,4025865.0,0.032599999999999955
6438,4025925.0,0.032812037037036994
6439,4025985.0,0.032889814814814775
6440,4026045.0,0.03273425925925922
6441,4026105.0,0.0326194444444444
6442,4026165.0,0.032485185185185145
6443,4026225.0,0.032511111111111074
6444,4026285.0,0.03253888888888885
6445,4026345.0,0.032616666666666634
6446,4026405.0,0.032585185185185155
6447,4026465.0,0.03274814814814812
6448,4026525.0,0.03277314814814812
6449,4026585.0,0.032884259259259224
6450,4026645.0,0.033054629629629594
6451,4026705.0,0.03312129629629626
6452,4026765.0,0.033086111111111066
6453,4026825.0,0.032995370370370335
6454,4026885.0,0.03299722222222218
6455,4026945.0,0.033110185185185145
6456,4027005.0,0.03307222222222218
6457,4027068.0,0.033012962962962925
6458,4027125.0,0.03304999999999996
6459,4027185.0,0.0330657407407407
6460,4027245.0,0.0329657407407407
6461,4027305.0,0.03291296296296292
6462,4027365.0,0.03272129629629625
6463,4027425.0,0.03265648148148144
6464,4027485.0,0.032521296296296257
6465,4027545.0,0.032535185185185146
6466,4027605.0,0.03247499999999996
6467,4027665.0,0.032344444444444405
6468,4027725.0,0.03222777777777774
6469,4027785.0,0.031998148148148116
6470,4027848.0,0.031828703703703665
6471,4027905.0,0.03160277777777774
6472,4027965.0,0.0314944444444444
6473,4028025.0,0.031560185185185136
6474,4028085.0,0.0316194444444444
6475,4028145.0,0.03182129629629625
6476,4028208.0,0.03197592592592588
6477,4028265.0,0.03215092592592588
6478,4028325.0,0.03238796296296292
6479,4028385.0,0.03265092592592588
6480,4028445.0,0.03285555555555551
6481,4028505.0,0.03302592592592588
6482,4028565.0,0.033076851851851816
6483,4028625.0,0.0333231481481481
6484,4028685.0,0.03356018518518514
6485,4028745.0,0.03369351851851847
6486,4028805.0,0.033734259259259214
6487,4028865.0,0.0336694444444444
6488,4028925.0,0.03364166666666662
6489,4028985.0,0.03358055555555551
6490,4029045.0,0.0335731481481481
6491,4029105.0,0.03360092592592588
6492,4029165.0,0.03347499999999996
6493,4029225.0,0.03353888888888885
6494,4029285.0,0.0335657407407407
6495,4029345.0,0.033566666666666634
6496,4029405.0,0.033758333333333286
6497,4029465.0,0.03372777777777774
6498,4029528.0,0.033707407407407367
6499,4029585.0,0.0337444444444444
6500,4029645.0,0.03372222222222218
6501,4029705.0,0.033728703703703664
6502,4029765.0,0.033881481481481436
6503,4029825.0,0.03409722222222218
6504,4029885.0,0.03417685185185181
6505,4029945.0,0.03429722222222218
6506,4030005.0,0.034423148148148106
6507,4030065.0,0.034593518518518475
6508,4030125.0,0.034627777777777737
6509,4030185.0,0.034648148148148115
6510,4030245.0,0.03463425925925922
6511,4030305.0,0.03454722222222218
6512,4030365.0,0.034449074074074035
6513,4030425.0,0.034329629629629585
6514,4030485.0,0.03420740740740737
6515,4030545.0,0.03420740740740737
6516,4030605.0,0.034287962962962916
6517,4030665.0,0.03425740740740737
6518,4030725.0,0.03429351851851848
6519,4030785.0,0.03421759259259256
6520,4030845.0,0.034304629629629595
6521,4030905.0,0.034312962962962934
6522,4030965.0,0.03430370370370367
6523,4031025.0,0.03439351851851848
6524,4031085.0,0.03442222222222219
6525,4031145.0,0.034415740740740705
6526,4031205.0,0.034337962962962924
6527,4031265.0,0.034214814814814774
6528,4031325.0,0.03428148148148144
6529,4031385.0,0.034373148148148104
6530,4031445.0,0.03446481481481477
6531,4031505.0,0.03447777777777773
6532,4031565.0,0.034498148148148104
6533,4031625.0,0.03457499999999995
6534,4031685.0,0.034647222222222177
6535,4031745.0,0.034658333333333284
6536,4031805.0,0.03462685185185181
6537,4031865.0,0.03455370370370366
6538,4031925.0,0.034662962962962916
6539,4031985.0,0.034689814814814784
6540,4032045.0,0.03461018518518515
6541,4032105.0,0.034601851851851814
6542,4032165.0,0.0345657407407407
6543,4032225.0,0.034537037037037
6544,4032285.0,0.034512037037037
6545,4032345.0,0.03460092592592589
6546,4032405.0,0.03471666666666663
6547,4032465.0,0.0347796296296296
6548,4032525.0,0.03492685185185182
6549,4032585.0,0.035019444444444416
6550,4032645.0,0.0351296296296296
6551,4032705.0,0.035074999999999974
6552,4032765.0,0.035093518518518496
6553,4032825.0,0.03498703703703702
6554,4032885.0,0.03475833333333332
6555,4032945.0,0.034537962962962944
6556,4033005.0,0.03432870370370369
6557,4033065.0,0.03397037037037035
6558,4033125.0,0.033762962962962946
6559,4033185.0,0.03349537037037036
6560,4033245.0,0.0333111111111111
6561,4033305.0,0.03299907407407406
6562,4033365.0,0.03263333333333332
6563,4033425.0,0.03237592592592591
6564,4033485.0,0.0320685185185185
6565,4033545.0,0.03187592592592591
6566,4033605.0,0.031765740740740726
6567,4033665.0,0.031649074074074066
6568,4033725.0,0.0314398148148148
6569,4033785.0,0.031272222222222215
6570,4033845.0,0.03127314814814813
6571,4033905.0,0.031247222222222207
6572,4033965.0,0.031038888888888876
6573,4034025.0,0.030901851851851837
6574,4034085.0,0.030577777777777763
6575,4034145.0,0.03031666666666665
6576,4034205.0,0.03007129629629628
6577,4034265.0,0.030149999999999982
6578,4034325.0,0.03016666666666665
6579,4034385.0,0.030133333333333318
6580,4034445.0,0.030067592592592576
6581,4034505.0,0.029919444444444433
6582,4034565.0,0.029754629629629614
6583,4034625.0,0.02966296296296295
6584,4034685.0,0.029615740740740724
6585,4034745.0,0.02939166666666665
6586,4034805.0,0.029117592592592573
6587,4034865.0,0.028722222222222205
6588,4034925.0,0.028374999999999987
6589,4034985.0,0.02821666666666665
6590,4035045.0,0.028091666666666654
6591,4035105.0,0.027943518518518503
6592,4035165.0,0.02760185185185184
6593,4035225.0,0.02715833333333332
6594,4035285.0,0.02687592592592591
6595,4035345.0,0.026536111111111097
6596,4035405.0,0.026432407407407398
6597,4035465.0,0.02627962962962961
6598,4035525.0,0.025986111111111092
6599,4035585.0,0.025724999999999984
6600,4035645.0,0.025379629629629613
6601,4035705.0,0.025145370370370356
6602,4035765.0,0.02506666666666665
6603,4035825.0,0.02491666666666665
6604,4035885.0,0.024656481481481463
6605,4035945.0,0.024403703703703684
6606,4036005.0,0.024150925925925902
6607,4036065.0,0.024087962962962943
6608,4036125.0,0.024023148148148127
6609,4036185.0,0.023749999999999983
6610,4036245.0,0.023476851851851832
6611,4036305.0,0.023374999999999983
6612,4036365.0,0.02326388888888887
6613,4036425.0,0.02325925925925924
6614,4036485.0,0.02317314814814813
6615,4036545.0,0.023090740740740724
6616,4036605.0,0.02299166666666665
6617,4036665.0,0.022887037037037018
6618,4036725.0,0.022599999999999985
6619,4036785.0,0.02236018518518517
6620,4036845.0,0.022431481481481462
6621,4036905.0,0.02243055555555554
6622,4036965.0,0.022543518518518504
6623,4037025.0,0.02270185185185184
6624,4037085.0,0.022771296296296286
6625,4037145.0,0.022704629629629616
6626,4037205.0,0.022766666666666654
6627,4037265.0,0.0227898148148148
6628,4037325.0,0.023009259259259247
6629,4037385.0,0.02307870370370369
6630,4037445.0,0.02309259259259258
6631,4037505.0,0.022909259259259247
6632,4037565.0,0.022862037037037024
6633,4037625.0,0.022767592592592582
6634,4037685.0,0.02274907407407406
6635,4037745.0,0.02275185185185184
6636,4037805.0,0.02283148148148147
6637,4037865.0,0.022788888888888883
6638,4037925.0,0.022721296296296285
6639,4037985.0,0.02265185185185184
6640,4038045.0,0.02261944444444443
6641,4038105.0,0.02278148148148147
6642,4038165.0,0.02284722222222221
6643,4038225.0,0.022896296296296283
6644,4038285.0,0.023019444444444433
6645,4038345.0,0.022928703703703687
6646,4038405.0,0.022849999999999985
6647,4038465.0,0.022774999999999983
6648,4038525.0,0.022954629629629617
6649,4038588.0,0.02319259259259258
6650,4038645.0,0.023409259259259248
6651,4038705.0,0.02355648148148147
6652,4038765.0,0.023466666666666657
6653,4038825.0,0.023626851851851843
6654,4038885.0,0.023435185185185173
6655,4038948.0,0.02320277777777777
6656,4039005.0,0.02304444444444444
6657,4039065.0,0.022879629629629618
6658,4039125.0,0.022958333333333324
6659,4039185.0,0.022923148148148137
6660,4039245.0,0.022858333333333317
6661,4039305.0,0.02280277777777777
6662,4039365.0,0.02275185185185184
6663,4039425.0,0.022614814814814803
6664,4039485.0,0.02244074074074073
6665,4039545.0,0.02239629629629629
6666,4039605.0,0.022280555555555547
6667,4039665.0,0.022349074074074063
6668,4039725.0,0.022401851851851843
6669,4039785.0,0.02238518518518517
6670,4039845.0,0.022496296296296285
6671,4039905.0,0.022543518518518508
6672,4039965.0,0.02265185185185184
6673,4040025.0,0.02271759259259258
6674,4040085.0,0.022737962962962956
6675,4040145.0,0.02277962962962962
6676,4040205.0,0.022696296296296284
6677,4040265.0,0.02275185185185184
6678,4040328.0,0.022799999999999987
6679,4040385.0,0.022940740740740727
6680,4040445.0,0.023130555555555543
6681,4040505.0,0.023298148148148137
6682,4040565.0,0.02332037037037036
6683,4040625.0,0.02334074074074073
6684,4040685.0,0.02343425925925925
6685,4040745.0,0.023421296296296284
6686,4040805.0,0.0234824074074074
6687,4040865.0,0.02357870370370369
6688,4040925.0,0.0236361111111111
6689,4040985.0,0.023705555555555542
6690,4041045.0,0.023830555555555542
6691,4041105.0,0.023963888888888882
6692,4041165.0,0.02415648148148147
6693,4041225.0,0.024312962962962956
6694,4041285.0,0.024380555555555544
6695,4041345.0,0.02447870370370369
6696,4041405.0,0.024548148148148142
6697,4041465.0,0.024689814814814803
6698,4041525.0,0.0247074074074074
6699,4041585.0,0.024787037037037028
6700,4041645.0,0.024764814814814802
6701,4041705.0,0.024692592592592585
6702,4041765.0,0.02456018518518517
6703,4041825.0,0.024429629629629617
6704,4041885.0,0.024412962962962952
6705,4041945.0,0.024412962962962952
6706,4042005.0,0.02449999999999999
6707,4042065.0,0.02451388888888888
6708,4042125.0,0.02447314814814814
6709,4042185.0,0.02428796296296296
6710,4042245.0,0.024237037037037033
6711,4042305.0,0.024197222222222214
6712,4042365.0,0.024103703703703697
6713,4042425.0,0.024061111111111103
6714,4042485.0,0.02398425925925925
6715,4042545.0,0.0240111111111111
6716,4042605.0,0.024019444444444437
6717,4042665.0,0.02409351851851851
6718,4042725.0,0.023962962962962957
6719,4042785.0,0.023887037037037026
6720,4042845.0,0.023919444444444438
6721,4042905.0,0.023892592592592583
6722,4042965.0,0.023881481481481472
6723,4043025.0,0.02392777777777777
6724,4043085.0,0.023987962962962957
6725,4043145.0,0.023924074074074063
6726,4043205.0,0.023808333333333327
6727,4043265.0,0.023693518518518517
6728,4043328.0,0.02354629629629629
6729,4043385.0,0.023428703703703698
6730,4043445.0,0.02336574074074074
6731,4043505.0,0.02323148148148148
6732,4043565.0,0.023133333333333332
6733,4043625.0,0.0231287037037037
6734,4043685.0,0.023033333333333333
6735,4043748.0,0.02295185185185185
6736,4043805.0,0.022813888888888887
6737,4043865.0,0.02259351851851852
6738,4043925.0,0.022612037037037038
6739,4043985.0,0.02259629629629629
6740,4044045.0,0.022520370370370368
6741,4044105.0,0.022520370370370368
6742,4044165.0,0.022544444444444443
6743,4044225.0,0.022498148148148142
6744,4044285.0,0.02242129629629629
6745,4044345.0,0.02228703703703704
6746,4044405.0,0.02216111111111111
6747,4044465.0,0.022135185185185185
6748,4044525.0,0.022097222222222226
6749,4044585.0,0.022028703703703703
6750,4044645.0,0.02199259259259259
6751,4044705.0,0.022105555555555555
6752,4044765.0,0.02221851851851852
6753,4044825.0,0.02224166666666667
6754,4044885.0,0.02242037037037037
6755,4044945.0,0.022600925925925927
6756,4045005.0,0.022764814814814814
6757,4045065.0,0.02275277777777778
6758,4045128.0,0.022680555555555558
6759,4045185.0,0.02271388888888889
6760,4045245.0,0.022669444444444447
6761,4045305.0,0.022694444444444448
6762,4045365.0,0.022766666666666668
6763,4045425.0,0.02283240740740741
6764,4045485.0,0.022893518518518525
6765,4045545.0,0.02300833333333334
6766,4045605.0,0.023114814814814817
6767,4045665.0,0.023246296296296303
6768,4045725.0,0.02333888888888889
6769,4045785.0,0.023374074074074082
6770,4045845.0,0.023563888888888898
6771,4045905.0,0.02367592592592593
6772,4045965.0,0.023790740740740748
6773,4046025.0,0.023847222222222228
6774,4046085.0,0.023859259259259264
6775,4046145.0,0.023932407407407413
6776,4046205.0,0.023777777777777783
6777,4046265.0,0.023851851851851857
6778,4046325.0,0.024047222222222227
6779,4046385.0,0.024216666666666668
6780,4046445.0,0.024382407407407408
6781,4046505.0,0.0245712962962963
6782,4046565.0,0.02482407407407408
6783,4046625.0,0.024948148148148157
6784,4046685.0,0.025015740740740745
6785,4046745.0,0.025033333333333338
6786,4046805.0,0.02526111111111112
6787,4046865.0,0.02543055555555556
6788,4046925.0,0.0255675925925926
6789,4046985.0,0.02565462962962964
6790,4047045.0,0.025720370370370376
6791,4047105.0,0.025547222222222228
6792,4047165.0,0.025455555555555558
6793,4047225.0,0.02533240740740741
6794,4047285.0,0.02537222222222223
6795,4047345.0,0.025434259259259268
6796,4047405.0,0.025339814814814825
6797,4047465.0,0.025256481481481487
6798,4047525.0,0.025290740740740742
6799,4047585.0,0.02528055555555556
6800,4047645.0,0.025457407407407408
6801,4047705.0,0.02565092592592593
6802,4047765.0,0.02563611111111112
6803,4047825.0,0.025377777777777784
6804,4047885.0,0.02520925925925926
6805,4047945.0,0.025158333333333338
6806,4048005.0,0.02499907407407408
6807,4048065.0,0.024856481481481486
6808,4048125.0,0.0246175925925926
6809,4048185.0,0.024473148148148157
6810,4048245.0,0.02433055555555556
6811,4048305.0,0.02440092592592593
6812,4048365.0,0.024393518518518526
6813,4048425.0,0.024393518518518526
6814,4048485.0,0.024376851851851854
6815,4048545.0,0.024261111111111115
6816,4048605.0,0.024182407407407413
6817,4048665.0,0.024249074074074083
6818,4048725.0,0.024273148148148155
6819,4048785.0,0.02435648148148149
6820,4048845.0,0.02442407407407408
6821,4048905.0,0.024332407407407414
6822,4048965.0,0.02435462962962964
6823,4049025.0,0.024320370370370374
6824,4049085.0,0.024291666666666677
6825,4049145.0,0.02428981481481482
6826,4049205.0,0.02431018518518519
6827,4049265.0,0.0244
6828,4049325.0,0.024321296296296303
6829,4049385.0,0.024184259259259263
6830,4049445.0,0.02394907407407408
6831,4049505.0,0.023827777777777785
6832,4049565.0,0.023827777777777785
6833,4049625.0,0.02355555555555556
6834,4049685.0,0.023577777777777784
6835,4049745.0,0.023776851851851855
6836,4049805.0,0.0237175925925926
6837,4049865.0,0.02366851851851853
6838,4049925.0,0.02337870370370371
6839,4049985.0,0.023252777777777785
6840,4050045.0,0.023191666666666676
6841,4050105.0,0.02315740740740741
6842,4050165.0,0.023155555555555558
6843,4050225.0,0.02330740740740741
6844,4050288.0,0.023318518518518527
6845,4050345.0,0.02318055555555556
6846,4050405.0,0.02328888888888889
6847,4050465.0,0.02335462962962964
6848,4050525.0,0.023262962962962968
6849,4050585.0,0.023368518518518525
6850,4050645.0,0.02335370370370371
6851,4050705.0,0.02321111111111112
6852,4050765.0,0.02311944444444445
6853,4050825.0,0.02306296296296297
6854,4050885.0,0.023021296296296304
6855,4050945.0,0.023188888888888898
6856,4051005.0,0.023283333333333343
6857,4051065.0,0.023374074074074085
6858,4051125.0,0.023558333333333344
6859,4051185.0,0.023628703703703714
6860,4051245.0,0.02367129629629631
6861,4051305.0,0.023812962962962973
6862,4051365.0,0.023832407407407417
6863,4051425.0,0.023770370370370383
6864,4051485.0,0.023953703703703717
6865,4051545.0,0.02409166666666668
6866,4051605.0,0.024072222222222238
6867,4051665.0,0.024089814814814828
6868,4051725.0,0.024023148148148158
6869,4051785.0,0.023949074074074088
6870,4051845.0,0.023801851851851862
6871,4051905.0,0.023671296296296312
6872,4051965.0,0.023712962962962974
6873,4052025.0,0.023800000000000016
6874,4052085.0,0.023868518518518532
6875,4052145.0,0.023806481481481498
6876,4052205.0,0.023846296296296317
6877,4052325.0,0.02390555555555557
6878,4052385.0,0.024063888888888902
6879,4052445.0,0.02424722222222224
6880,4052505.0,0.02427870370370372
6881,4052565.0,0.024360185185185203
6882,4052625.0,0.024441666666666684
6883,4052685.0,0.024794444444444463
6884,4052745.0,0.02475185185185187
6885,4052805.0,0.02469259259259261
6886,4052865.0,0.02479907407407409
6887,4052925.0,0.02496944444444446
6888,4052985.0,0.024907407407407427
6889,4053045.0,0.025020370370370387
6890,4053105.0,0.02503796296296298
6891,4053165.0,0.025269444444444462
6892,4053225.0,0.0253851851851852
6893,4053285.0,0.02523055555555557
6894,4053345.0,0.025188888888888903
6895,4053405.0,0.025155555555555573
6896,4053465.0,0.0251601851851852
6897,4053525.0,0.0251601851851852
6898,4053585.0,0.025279629629629645
6899,4053645.0,0.02535555555555557
6900,4053705.0,0.025437962962962975
6901,4053765.0,0.02560000000000001
6902,4053825.0,0.02591759259259261
6903,4053885.0,0.026187962962962972
6904,4053945.0,0.0265601851851852
6905,4054005.0,0.02700648148148149
6906,4054065.0,0.027387037037037047
6907,4054125.0,0.027628703703703714
6908,4054185.0,0.027908333333333344
6909,4054245.0,0.028223148148148164
6910,4054305.0,0.028582407407407417
6911,4054365.0,0.029046296296296313
6912,4054425.0,0.0292851851851852
6913,4054485.0,0.029344444444444458
6914,4054545.0,0.029436111111111125
6915,4054605.0,0.029684259259259268
6916,4054665.0,0.029944444444444458
6917,4054725.0,0.030259259259259274
6918,4054785.0,0.03036851851851853
6919,4054845.0,0.030507407407407424
6920,4054905.0,0.030821296296296312
6921,4054965.0,0.03106203703703705
6922,4055028.0,0.031393518518518536
6923,4055085.0,0.031676851851851866
6924,4055145.0,0.031857407407407425
6925,4055205.0,0.032174074074074084
6926,4055265.0,0.03230185185185186
6927,4055325.0,0.032376851851851865
6928,4055385.0,0.03253240740740742
6929,4055445.0,0.03273703703703705
6930,4055505.0,0.03284629629629631
6931,4055565.0,0.03287777777777779
6932,4055625.0,0.03285740740740742
6933,4055685.0,0.032840740740740754
6934,4055745.0,0.032944444444444464
6935,4055805.0,0.03304629629629631
6936,4055865.0,0.033102777777777787
6937,4055925.0,0.033055555555555574
6938,4055985.0,0.03310000000000002
6939,4056045.0,0.033123148148148165
6940,4056105.0,0.03332685185185187
6941,4056165.0,0.0335064814814815
6942,4056225.0,0.03358611111111113
6943,4056285.0,0.03366574074074076
6944,4056345.0,0.03370925925925928
6945,4056405.0,0.03379629629629632
6946,4056465.0,0.033987037037037066
6947,4056525.0,0.03419537037037039
6948,4056585.0,0.034357407407407434
6949,4056645.0,0.03441296296296298
6950,4056705.0,0.03443425925925928
6951,4056765.0,0.03456296296296298
6952,4056825.0,0.03476111111111113
6953,4056885.0,0.03506296296296298
6954,4056945.0,0.035330555555555566
6955,4057005.0,0.03546296296296298
6956,4057065.0,0.035731481481481496
6957,4057125.0,0.03572592592592594
6958,4057185.0,0.03571203703703705
6959,4057245.0,0.03585277777777779
6960,4057305.0,0.035952777777777785
6961,4057365.0,0.035909259259259266
6962,4057425.0,0.035717592592592606
6963,4057485.0,0.03572870370370372
6964,4057545.0,0.03586574074074076
6965,4057605.0,0.03613611111111113
6966,4057665.0,0.03623240740740743
6967,4057725.0,0.03622314814814817
6968,4057788.0,0.03617962962962965
6969,4057845.0,0.03623333333333335
6970,4057905.0,0.036578703703703724
6971,4057965.0,0.036936111111111135
6972,4058025.0,0.03722500000000002
6973,4058085.0,0.03748703703703706
6974,4058145.0,0.03766759259259262
6975,4058205.0,0.03787222222222225
6976,4058265.0,0.03824074074074077
6977,4058325.0,0.038706481481481515
6978,4058385.0,0.03905925925925929
6979,4058445.0,0.03940925925925929
6980,4058505.0,0.039460185185185216
6981,4058565.0,0.03953888888888892
6982,4058625.0,0.039875000000000035
6983,4058685.0,0.040337037037037074
6984,4058745.0,0.040788888888888916
6985,4058805.0,0.04117870370370374
6986,4058865.0,0.041409259259259285
6987,4058925.0,0.04155000000000003
6988,4058985.0,0.041867592592592616
6989,4059045.0,0.04215462962962966
6990,4059105.0,0.04255833333333337
6991,4059165.0,0.04279351851851855
6992,4059225.0,0.042925925925925965
6993,4059285.0,0.043137962962963
6994,4059345.0,0.04336203703703707
6995,4059405.0,0.043623148148148175
6996,4059465.0,0.043881481481481514
6997,4059525.0,0.04405740740740744
6998,4059585.0,0.04421111111111114
6999,4059645.0,0.04434814814814818
7000,4059705.0,0.04444814814814818
7001,4059765.0,0.044762962962963
7002,4059825.0,0.044997222222222265
7003,4059885.0,0.04520000000000004
7004,4059945.0,0.04530277777777782
7005,4060005.0,0.04534814814814818
7006,4060065.0,0.045553703703703735
7007,4060125.0,0.04578981481481485
7008,4060185.0,0.046013888888888924
7009,4060245.0,0.04629259259259263
7010,4060305.0,0.04660000000000004
7011,4060365.0,0.04684259259259263
7012,4060425.0,0.047145370370370414
7013,4060485.0,0.047472222222222256
7014,4060545.0,0.04789444444444448
7015,4060605.0,0.048037037037037066
7016,4060665.0,0.04821944444444448
7017,4060725.0,0.048424074074074105
7018,4060785.0,0.04868518518518521
7019,4060845.0,0.04892870370370373
7020,4060905.0,0.049181481481481513
7021,4060965.0,0.049452777777777804
7022,4061025.0,0.04956759259259262
7023,4061085.0,0.049459259259259286
7024,4061145.0,0.04960092592592595
7025,4061205.0,0.04992222222222225
7026,4061265.0,0.05014074074074077
7027,4061325.0,0.05021018518518521
7028,4061385.0,0.05045185185185188
7029,4061445.0,0.0505990740740741
7030,4061505.0,0.050806481481481515
7031,4061565.0,0.0512490740740741
7032,4061625.0,0.05152222222222225
7033,4061685.0,0.051688888888888916
7034,4061745.0,0.05180092592592595
7035,4061805.0,0.051614814814814836
7036,4061865.0,0.05151851851851855
7037,4061925.0,0.05151388888888892
7038,4061985.0,0.051577777777777806
7039,4062045.0,0.05171944444444447
7040,4062105.0,0.05186388888888892
7041,4062165.0,0.05179722222222225
7042,4062225.0,0.051814814814814834
7043,4062285.0,0.05184814814814818
7044,4062345.0,0.05182685185185188
7045,4062405.0,0.05192222222222225
7046,4062465.0,0.052055555555555584
7047,4062525.0,0.05209814814814818
7048,4062585.0,0.05208981481481485
7049,4062645.0,0.05222222222222225
7050,4062705.0,0.052548148148148184
7051,4062765.0,0.05289351851851855
7052,4062825.0,0.05296481481481485
7053,4062885.0,0.0529703703703704
7054,4062945.0,0.05312500000000003
7055,4063005.0,0.0533916666666667
7056,4063065.0,0.05369259259259263
7057,4063125.0,0.05395370370370373
7058,4063185.0,0.054139814814814835
7059,4063245.0,0.05410833333333336
7060,4063305.0,0.054189814814814836
7061,4063365.0,0.05438055555555559
7062,4063425.0,0.054717592592592616
7063,4063485.0,0.05468888888888892
7064,4063545.0,0.054955555555555584
7065,4063605.0,0.0551240740740741
7066,4063665.0,0.05498981481481485
7067,4063725.0,0.05493055555555559
7068,4063785.0,0.05517129629629633
7069,4063845.0,0.05535740740740744
7070,4063905.0,0.055402777777777815
7071,4063965.0,0.05516574074074077
7072,4064025.0,0.05501388888888892
7073,4064085.0,0.0552916666666667
7074,4064145.0,0.05549259259259262
7075,4064205.0,0.0556490740740741
7076,4064265.0,0.055773148148148176
7077,4064325.0,0.0557490740740741
7078,4064385.0,0.055927777777777805
7079,4064445.0,0.05608888888888892
7080,4064505.0,0.05624629629629632
7081,4064565.0,0.056307407407407424
7082,4064625.0,0.0561777777777778
7083,4064688.0,0.05616111111111114
7084,4064745.0,0.055810185185185206
7085,4064805.0,0.05557129629629632
7086,4064865.0,0.0554564814814815
7087,4064925.0,0.05553425925925928
7088,4064985.0,0.0556453703703704
7089,4065045.0,0.05553981481481484
7090,4065105.0,0.055273148148148175
7091,4065165.0,0.054979629629629656
7092,4065225.0,0.054886111111111135
7093,4065285.0,0.05499814814814817
7094,4065345.0,0.05493425925925928
7095,4065405.0,0.054787037037037065
7096,4065465.0,0.05473796296296298
7097,4065525.0,0.05467314814814817
7098,4065585.0,0.05475185185185187
7099,4065645.0,0.05497500000000002
7100,4065705.0,0.054913888888888915
7101,4065765.0,0.054836111111111134
7102,4065825.0,0.05478333333333335
7103,4065885.0,0.05473796296296298
7104,4065945.0,0.05489074074074076
7105,4066005.0,0.054974074074074085
7106,4066065.0,0.055211111111111134
7107,4066125.0,0.055303703703703716
7108,4066185.0,0.05516944444444447
7109,4066245.0,0.05506111111111113
7110,4066305.0,0.0551064814814815
7111,4066365.0,0.055290740740740765
7112,4066425.0,0.05559537037037039
7113,4066485.0,0.05569722222222224
7114,4066545.0,0.05562500000000002
7115,4066605.0,0.05558240740740742
7116,4066665.0,0.05568425925925928
7117,4066725.0,0.05601851851851853
7118,4066785.0,0.05622685185185186
7119,4066845.0,0.056359259259259276
7120,4066908.0,0.056233333333333343
7121,4066965.0,0.056139814814814816
7122,4067025.0,0.05609444444444445
7123,4067085.0,0.0562388888888889
7124,4067145.0,0.05639074074074076
7125,4067205.0,0.05619351851851853
7126,4067265.0,0.056017592592592605
7127,4067325.0,0.05598425925925927
7128,4067385.0,0.056078703703703714
7129,4067445.0,0.056257407407407416
7130,4067505.0,0.0564212962962963
7131,4067565.0,0.056552777777777785
7132,4067625.0,0.05641666666666668
7133,4067685.0,0.05621666666666668
7134,4067745.0,0.056062962962962974
7135,4067805.0,0.056108333333333336
7136,4067865.0,0.05622777777777778
7137,4067928.0,0.05640277777777779
7138,4067985.0,0.056372222222222226
7139,4068045.0,0.056198148148148164
7140,4068105.0,0.05615833333333335
7141,4068165.0,0.056349074074074086
7142,4068225.0,0.05650277777777779
7143,4068285.0,0.05662870370370372
7144,4068345.0,0.0565851851851852
7145,4068405.0,0.05646296296296297
7146,4068465.0,0.05635000000000001
7147,4068525.0,0.05641666666666668
7148,4068585.0,0.05661574074074075
7149,4068645.0,0.056697222222222225
7150,4068705.0,0.056225925925925936
7151,4068765.0,0.055737962962962975
7152,4068825.0,0.055456481481481495
7153,4068885.0,0.0553388888888889
7154,4068945.0,0.05529907407407409
7155,4069005.0,0.05519351851851854
7156,4069065.0,0.054897222222222236
7157,4069125.0,0.054596296296296316
7158,4069185.0,0.054278703703703725
7159,4069245.0,0.054199074074074094
7160,4069305.0,0.054199074074074094
7161,4069365.0,0.054150925925925936
7162,4069425.0,0.053840740740740765
7163,4069485.0,0.0535027777777778
7164,4069545.0,0.0532564814814815
7165,4069605.0,0.05310925925925928
7166,4069665.0,0.0531814814814815
7167,4069725.0,0.0533064814814815
7168,4069785.0,0.0531777777777778
7169,4069845.0,0.05296203703703706
7170,4069905.0,0.052689814814814835
7171,4069965.0,0.05267222222222225
7172,4070025.0,0.05280277777777781
7173,4070085.0,0.05288055555555559
7174,4070145.0,0.05277685185185189
7175,4070205.0,0.052788888888888934
7176,4070265.0,0.052837962962962996
7177,4070325.0,0.05289166666666671
7178,4070385.0,0.05311759259259263
7179,4070445.0,0.053199074074074114
7180,4070505.0,0.053296296296296335
7181,4070565.0,0.05313611111111115
7182,4070625.0,0.05294444444444448
7183,4070685.0,0.05302222222222226
7184,4070745.0,0.0531092592592593
7185,4070805.0,0.053298148148148185
7186,4070865.0,0.05320370370370375
7187,4070925.0,0.05293240740740745
7188,4070985.0,0.052671296296296334
7189,4071045.0,0.052562962962963006
7190,4071105.0,0.052551851851851884
7191,4071165.0,0.052495370370370414
7192,4071225.0,0.05247592592592596
7193,4071285.0,0.05222592592592596
7194,4071345.0,0.05200277777777781
7195,4071405.0,0.05200185185185189
7196,4071465.0,0.05207777777777781
7197,4071525.0,0.05216759259259263
7198,4071585.0,0.05214074074074077
7199,4071645.0,0.0518916666666667
7200,4071705.0,0.05191018518518522
7201,4071765.0,0.05176481481481485
7202,4071825.0,0.051986111111111136
7203,4071885.0,0.05224259259259263
7204,4071945.0,0.052359259259259286
7205,4072005.0,0.05231944444444448
7206,4072065.0,0.052213888888888935
7207,4072125.0,0.052305555555555584
7208,4072185.0,0.052428703703703734
7209,4072245.0,0.05250740740740745
7210,4072305.0,0.052351851851851885
7211,4072365.0,0.052146296296296336
7212,4072425.0,0.05199629629629634
7213,4072485.0,0.05182314814814819
7214,4072545.0,0.05180462962962967
7215,4072605.0,0.05182685185185189
7216,4072665.0,0.05174259259259263
7217,4072725.0,0.05145740740740745
7218,4072785.0,0.051387962962962996
7219,4072845.0,0.051210185185185234
7220,4072905.0,0.051087037037037084
7221,4072965.0,0.051212962962962995
7222,4073025.0,0.051245370370370406
7223,4073085.0,0.05125555555555559
7224,4073145.0,0.05095555555555559
7225,4073205.0,0.050782407407407436
7226,4073265.0,0.05070925925925929
7227,4073325.0,0.05064814814814818
7228,4073385.0,0.05083148148148151
7229,4073445.0,0.05068611111111114
7230,4073505.0,0.050471296296296334
7231,4073565.0,0.050361111111111134
7232,4073625.0,0.050298148148148175
7233,4073685.0,0.05034444444444447
7234,4073745.0,0.05030092592592595
7235,4073805.0,0.05017685185185188
7236,4073865.0,0.0498564814814815
7237,4073925.0,0.049550925925925936
7238,4073985.0,0.04935740740740743
7239,4074045.0,0.049337037037037054
7240,4074105.0,0.04927314814814816
7241,4074165.0,0.04910462962962965
7242,4074225.0,0.04891574074074075
7243,4074285.0,0.04883425925925927
7244,4074345.0,0.048867592592592615
7245,4074405.0,0.04907129629629632
7246,4074465.0,0.04927129629629631
7247,4074525.0,0.0493351851851852
7248,4074585.0,0.049132407407407416
7249,4074645.0,0.04890462962962965
7250,4074705.0,0.04895462962962965
7251,4074765.0,0.04914814814814816
7252,4074825.0,0.049425925925925936
7253,4074885.0,0.04939351851851854
7254,4074945.0,0.049353703703703726
7255,4075005.0,0.04935092592592595
7256,4075065.0,0.04939074074074076
7257,4075125.0,0.0496564814814815
7258,4075185.0,0.049545370370370385
7259,4075245.0,0.04946666666666669
7260,4075305.0,0.0495351851851852
7261,4075365.0,0.04944814814814817
7262,4075425.0,0.049569444444444465
7263,4075485.0,0.0496888888888889
7264,4075545.0,0.050006481481481485
7265,4075605.0,0.05000370370370372
7266,4075665.0,0.04995833333333335
7267,4075728.0,0.04980740740740743
7268,4075785.0,0.0496277777777778
7269,4075845.0,0.04970000000000002
7270,4075905.0,0.049857407407407434
7271,4075965.0,0.0500277777777778
7272,4076025.0,0.049922222222222236
7273,4076085.0,0.049849074074074094
7274,4076145.0,0.05005462962962965
7275,4076205.0,0.05026296296296298
7276,4076265.0,0.05032222222222224
7277,4076325.0,0.05030370370370372
7278,4076385.0,0.05016481481481483
7279,4076445.0,0.0500851851851852
7280,4076505.0,0.05018240740740742
7281,4076565.0,0.05047222222222223
7282,4076625.0,0.05053148148148149
7283,4076685.0,0.05060925925925927
7284,4076745.0,0.05052500000000002
7285,4076805.0,0.050325000000000016
7286,4076865.0,0.05011574074074076
7287,4076925.0,0.05007037037037039
7288,4076985.0,0.049995370370370384
7289,4077045.0,0.04983981481481484
7290,4077105.0,0.049728703703703726
7291,4077165.0,0.04951666666666669
7292,4077225.0,0.04925833333333336
7293,4077285.0,0.04929814814814817
7294,4077345.0,0.049341666666666686
7295,4077405.0,0.04929629629629632
7296,4077465.0,0.04914351851851854
7297,4077525.0,0.04884259259259261
7298,4077588.0,0.04871296296296298
7299,4077645.0,0.04864629629629631
7300,4077705.0,0.04874537037037038
7301,4077765.0,0.048746296296296315
7302,4077825.0,0.04872685185185186
7303,4077885.0,0.0485351851851852
7304,4077945.0,0.04831481481481482
7305,4078005.0,0.04845648148148149
7306,4078065.0,0.04861111111111112
7307,4078125.0,0.048422222222222235
7308,4078185.0,0.048141666666666666
7309,4078245.0,0.04795648148148149
7310,4078305.0,0.04778333333333334
7311,4078365.0,0.047675925925925934
7312,4078425.0,0.047737037037037036
7313,4078485.0,0.04766944444444445
7314,4078545.0,0.0475712962962963
7315,4078605.0,0.04757962962962963
7316,4078665.0,0.047438888888888885
7317,4078725.0,0.04740462962962963
7318,4078785.0,0.04757685185185185
7319,4078845.0,0.04773981481481481
7320,4078905.0,0.047690740740740735
7321,4078965.0,0.04756851851851851
7322,4079025.0,0.04745277777777777
7323,4079085.0,0.0474111111111111
7324,4079148.0,0.04757037037037036
7325,4079205.0,0.047632407407407394
7326,4079265.0,0.04767037037037036
7327,4079325.0,0.047520370370370366
7328,4079385.0,0.04738148148148147
7329,4079445.0,0.04737777777777777
7330,4079505.0,0.047770370370370366
7331,4079565.0,0.048144444444444434
7332,4079625.0,0.04811203703703703
7333,4079685.0,0.04809259259259258
7334,4079745.0,0.04798796296296296
7335,4079805.0,0.04797499999999999
7336,4079865.0,0.04817499999999999
7337,4079925.0,0.0482824074074074
7338,4079985.0,0.048388888888888884
7339,4080045.0,0.048330555555555536
7340,4080105.0,0.048239814814814805
7341,4080165.0,0.0483898148148148
7342,4080225.0,0.04866296296296295
7343,4080285.0,0.04888425925925925
7344,4080345.0,0.04887870370370369
7345,4080405.0,0.04881944444444443
7346,4080465.0,0.04857407407407406
7347,4080525.0,0.0484648148148148
7348,4080585.0,0.048677777777777764
7349,4080645.0,0.04892870370370369
7350,4080705.0,0.0491148148148148
7351,4080765.0,0.049100925925925916
7352,4080825.0,0.049037962962962936
7353,4080885.0,0.04913055555555554
7354,4080945.0,0.0492898148148148
7355,4081005.0,0.04946666666666665
7356,4081065.0,0.04941388888888888
7357,4081125.0,0.04935648148148146
7358,4081185.0,0.04920370370370369
7359,4081245.0,0.0491648148148148
7360,4081305.0,0.04924999999999999
7361,4081365.0,0.04941944444444443
7362,4081425.0,0.049489814814814806
7363,4081485.0,0.049219444444444434
7364,4081545.0,0.04896574074074073
7365,4081605.0,0.04871944444444444
7366,4081665.0,0.048763888888888884
7367,4081725.0,0.04898981481481481
7368,4081785.0,0.04903703703703703
7369,4081845.0,0.04886481481481481
7370,4081905.0,0.04868333333333333
7371,4081965.0,0.04867777777777777
7372,4082025.0,0.048847222222222215
7373,4082088.0,0.049012037037037035
7374,4082145.0,0.04899629629629629
7375,4082205.0,0.04885925925925925
7376,4082265.0,0.04882037037037036
7377,4082325.0,0.04880925925925925
7378,4082385.0,0.048896296296296285
7379,4082445.0,0.04915277777777777
7380,4082505.0,0.04900648148148147
7381,4082565.0,0.049043518518518514
7382,4082625.0,0.04878518518518517
7383,4082685.0,0.04862129629629629
7384,4082745.0,0.04861203703703703
7385,4082805.0,0.04868425925925925
7386,4082865.0,0.04870648148148148
7387,4082925.0,0.04849259259259259
7388,4082985.0,0.04829722222222221
7389,4083045.0,0.04816944444444444
7390,4083105.0,0.04816851851851851
7391,4083165.0,0.04823703703703703
7392,4083225.0,0.04823611111111111
7393,4083285.0,0.04824259259259259
7394,4083345.0,0.04810925925925925
7395,4083405.0,0.04805092592592592
7396,4083465.0,0.048263888888888884
7397,4083525.0,0.04860185185185185
7398,4083585.0,0.04861388888888889
7399,4083645.0,0.04852685185185185
7400,4083705.0,0.048409259259259256
7401,4083765.0,0.048317592592592586
7402,4083825.0,0.04831851851851852
7403,4083885.0,0.04842592592592593
7404,4083945.0,0.048563888888888886
7405,4084005.0,0.04856666666666667
7406,4084065.0,0.048512037037037034
7407,4084125.0,0.04847314814814816
7408,4084185.0,0.04846851851851852
7409,4084245.0,0.04848333333333334
7410,4084305.0,0.04845648148148148
7411,4084365.0,0.04834907407407407
7412,4084425.0,0.04818425925925926
7413,4084485.0,0.048016666666666666
7414,4084545.0,0.04785833333333333
7415,4084605.0,0.0476287037037037
7416,4084665.0,0.04747222222222222
7417,4084725.0,0.047319444444444435
7418,4084785.0,0.04726574074074074
7419,4084845.0,0.04720462962962963
7420,4084905.0,0.0471787037037037
7421,4084965.0,0.04720555555555556
7422,4085025.0,0.04712962962962963
7423,4085085.0,0.046993518518518525
7424,4085145.0,0.04681203703703704
7425,4085205.0,0.046572222222222216
7426,4085265.0,0.046465740740740745
7427,4085325.0,0.046408333333333336
7428,4085385.0,0.046479629629629635
7429,4085445.0,0.04652870370370371
7430,4085505.0,0.04634444444444445
7431,4085565.0,0.046066666666666665
7432,4085625.0,0.04575740740740741
7433,4085685.0,0.04552407407407408
7434,4085745.0,0.04533981481481482
7435,4085805.0,0.04511018518518519
7436,4085865.0,0.04485740740740742
7437,4085925.0,0.04448518518518519
7438,4085985.0,0.04420277777777778
7439,4086045.0,0.04399351851851853
7440,4086105.0,0.043603703703703714
7441,4086165.0,0.0433888888888889
7442,4086225.0,0.043006481481481486
7443,4086285.0,0.04259537037037038
7444,4086345.0,0.04223425925925927
7445,4086405.0,0.04201111111111112
7446,4086465.0,0.041806481481481486
7447,4086525.0,0.04162314814814816
7448,4086585.0,0.04142870370370372
7449,4086645.0,0.041144444444444456
7450,4086705.0,0.040846296296296304
7451,4086765.0,0.040505555555555565
7452,4086825.0,0.040349074074074086
7453,4086885.0,0.040194444444444456
7454,4086945.0,0.03992685185185186
7455,4087005.0,0.0396138888888889
7456,4087065.0,0.03936666666666668
7457,4087125.0,0.03916944444444445
7458,4087185.0,0.039064814814814816
7459,4087245.0,0.038819444444444455
7460,4087305.0,0.038550000000000015
7461,4087365.0,0.03817870370370372
7462,4087425.0,0.03794074074074075
7463,4087485.0,0.037734259259259266
7464,4087545.0,0.037607407407407416
7465,4087605.0,0.03758333333333335
7466,4087665.0,0.03750185185185187
7467,4087725.0,0.03732685185185187
7468,4087785.0,0.03732037037037039
7469,4087845.0,0.0373101851851852
7470,4087905.0,0.0370851851851852
7471,4087965.0,0.0369101851851852
7472,4088025.0,0.03673888888888889
7473,4088085.0,0.03647129629629632
7474,4088145.0,0.036280555555555566
7475,4088205.0,0.03612129629629631
7476,4088265.0,0.036000925925925936
7477,4088325.0,0.03593703703703705
7478,4088385.0,0.03570185185185187
7479,4088445.0,0.03539537037037038
7480,4088505.0,0.035080555555555566
7481,4088565.0,0.03490648148148149
7482,4088625.0,0.034700925925925934
7483,4088685.0,0.03455277777777778
7484,4088745.0,0.03441944444444445
7485,4088805.0,0.034299074074074086
7486,4088865.0,0.034087962962962966
7487,4088925.0,0.03398055555555556
7488,4088985.0,0.033971296296296305
7489,4089045.0,0.033820370370370376
7490,4089105.0,0.033618518518518534
7491,4089165.0,0.033358333333333344
7492,4089225.0,0.03307222222222223
7493,4089285.0,0.0329601851851852
7494,4089345.0,0.03282962962962964
7495,4089405.0,0.032541666666666684
7496,4089465.0,0.03231203703703705
7497,4089525.0,0.03199351851851853
7498,4089585.0,0.03163333333333335
7499,4089645.0,0.031312962962962966
7500,4089705.0,0.03119907407407408
7501,4089765.0,0.031039814814814826
7502,4089825.0,0.030852777777777788
7503,4089885.0,0.03060370370370372
7504,4089945.0,0.030235185185185195
7505,4090005.0,0.029949074074074083
7506,4090065.0,0.029785185185185192
7507,4090125.0,0.02971944444444445
7508,4090185.0,0.029472222222222233
7509,4090245.0,0.029287037037037045
7510,4090305.0,0.02887592592592593
7511,4090365.0,0.02874722222222223
7512,4090425.0,0.028848148148148157
7513,4090485.0,0.02876574074074075
7514,4090545.0,0.028787037037037045
7515,4090605.0,0.0288175925925926
7516,4090665.0,0.028731481481481486
7517,4090725.0,0.02872870370370371
7518,4090785.0,0.028771296296296305
7519,4090845.0,0.02887407407407408
7520,4090905.0,0.028934259259259267
7521,4090965.0,0.028791666666666674
7522,4091025.0,0.02870462962962964
7523,4091085.0,0.02860555555555556
7524,4091145.0,0.02863796296296297
7525,4091205.0,0.028590740740740743
7526,4091265.0,0.02861296296296297
7527,4091325.0,0.028457407407407414
7528,4091385.0,0.02806111111111112
7529,4091445.0,0.02778981481481482
7530,4091505.0,0.027465740740740745
7531,4091565.0,0.027243518518518525
7532,4091625.0,0.027016666666666668
7533,4091685.0,0.02666388888888889
7534,4091745.0,0.026387962962962967
7535,4091805.0,0.02603518518518519
7536,4091865.0,0.02575
7537,4091925.0,0.025569444444444447
7538,4091985.0,0.02543888888888889
7539,4092045.0,0.025232407407407408
7540,4092105.0,0.024918518518518524
7541,4092165.0,0.024564814814814817
7542,4092225.0,0.02447037037037037
7543,4092285.0,0.024526851851851852
7544,4092345.0,0.02463981481481482
7545,4092405.0,0.024683333333333342
7546,4092465.0,0.024631481481481487
7547,4092525.0,0.024520370370370376
7548,4092585.0,0.024509259259259262
7549,4092645.0,0.02460925925925926
7550,4092705.0,0.024711111111111118
7551,4092765.0,0.024670370370370374
7552,4092825.0,0.024370370370370376
7553,4092885.0,0.024128703703703708
7554,4092945.0,0.023965740740740742
7555,4093005.0,0.02389444444444445
7556,4093065.0,0.02385092592592593
7557,4093125.0,0.023721296296296303
7558,4093185.0,0.023577777777777784
7559,4093245.0,0.023403703703703708
7560,4093305.0,0.023370370370370375
7561,4093365.0,0.023296296296296305
7562,4093425.0,0.023318518518518527
7563,4093485.0,0.02315000000000001
7564,4093545.0,0.022862037037037045
7565,4093605.0,0.022637962962962967
7566,4093665.0,0.02243240740740741
7567,4093725.0,0.02242500000000001
7568,4093785.0,0.022357407407407416
7569,4093845.0,0.022243518518518527
7570,4093905.0,0.022171296296296304
7571,4093965.0,0.022021296296296303
7572,4094025.0,0.022027777777777785
7573,4094085.0,0.02199907407407408
7574,4094145.0,0.02212500000000001
7575,4094205.0,0.022187037037037043
7576,4094265.0,0.02217500000000001
7577,4094325.0,0.02212500000000001
7578,4094385.0,0.022090740740740748
7579,4094445.0,0.022186111111111118
7580,4094505.0,0.022216666666666676
7581,4094565.0,0.02206944444444445
7582,4094625.0,0.0219925925925926
7583,4094685.0,0.021776851851851856
7584,4094745.0,0.021665740740740742
7585,4094805.0,0.021507407407407413
7586,4094865.0,0.02138703703703704
7587,4094925.0,0.021206481481481486
7588,4094985.0,0.020918518518518524
7589,4095045.0,0.020791666666666674
7590,4095105.0,0.02064722222222223
7591,4095165.0,0.020512037037037044
7592,4095225.0,0.020396296296296305
7593,4095285.0,0.02035648148148149
7594,4095348.0,0.020346296296296303
7595,4095405.0,0.020420370370370373
7596,4095465.0,0.020543518518518523
7597,4095525.0,0.02071388888888889
7598,4095585.0,0.0207425925925926
7599,4095645.0,0.02078888888888889
7600,4095705.0,0.020827777777777785
7601,4095765.0,0.020843518518518525
7602,4095825.0,0.02088055555555556
7603,4095885.0,0.020975925925925933
7604,4095945.0,0.02106944444444445
7605,4096005.0,0.021186111111111117
7606,4096065.0,0.02124444444444445
7607,4096125.0,0.02124351851851853
7608,4096185.0,0.021235185185185197
7609,4096245.0,0.021312962962962968
7610,4096305.0,0.0213712962962963
7611,4096365.0,0.02152592592592593
7612,4096425.0,0.02165092592592593
7613,4096485.0,0.021726851851851862
7614,4096545.0,0.021803703703703714
7615,4096605.0,0.021805555555555564
7616,4096665.0,0.0218851851851852
7617,4096725.0,0.02196296296296297
7618,4096785.0,0.02208055555555556
7619,4096845.0,0.02211111111111112
7620,4096908.0,0.022152777777777785
7621,4096965.0,0.02219444444444445
7622,4097025.0,0.022171296296296304
7623,4097085.0,0.022162037037037043
7624,4097145.0,0.02212407407407408
7625,4097205.0,0.02210740740740741
7626,4097265.0,0.022161111111111118
7627,4097325.0,0.02214444444444445
7628,4097385.0,0.02218518518518519
7629,4097445.0,0.02223981481481482
7630,4097505.0,0.02223981481481482
7631,4097565.0,0.02228333333333334
7632,4097625.0,0.022315740740740747
7633,4097685.0,0.022341666666666676
7634,4097745.0,0.022386111111111117
7635,4097805.0,0.022473148148148155
7636,4097865.0,0.02262500000000001
7637,4097925.0,0.022681481481481486
7638,4097985.0,0.022833333333333337
7639,4098045.0,0.02294166666666667
7640,4098105.0,0.02297407407407408
7641,4098165.0,0.0230212962962963
7642,4098225.0,0.02297777777777778
7643,4098285.0,0.02298796296296297
7644,4098345.0,0.02296944444444445
7645,4098405.0,0.02284444444444445
7646,4098465.0,0.022800925925925933
7647,4098525.0,0.022666666666666672
7648,4098585.0,0.02257592592592593
7649,4098645.0,0.022483333333333338
7650,4098705.0,0.02248518518518519
7651,4098768.0,0.022468518518518527
7652,4098825.0,0.0224425925925926
7653,4098885.0,0.02239537037037037
7654,4098945.0,0.02233240740740741
7655,4099005.0,0.022300000000000004
7656,4099065.0,0.02233611111111112
7657,4099125.0,0.02227037037037037
7658,4099185.0,0.022381481481481485
7659,4099245.0,0.022486111111111116
7660,4099305.0,0.022536111111111114
7661,4099365.0,0.0226462962962963
7662,4099425.0,0.02275462962962963
7663,4099485.0,0.02282407407407408
7664,4099545.0,0.02293796296296297
7665,4099605.0,0.022978703703703703
7666,4099665.0,0.02298333333333333
7667,4099725.0,0.023015740740740743
7668,4099785.0,0.022993518518518517
7669,4099845.0,0.023147222222222225
7670,4099905.0,0.023234259259259264
7671,4099965.0,0.0233925925925926
7672,4100025.0,0.0234925925925926
7673,4100085.0,0.023685185185185188
7674,4100145.0,0.02381574074074074
7675,4100205.0,0.023871296296296297
7676,4100265.0,0.02401203703703704
7677,4100325.0,0.024099074074074075
7678,4100385.0,0.024169444444444445
7679,4100445.0,0.024152777777777776
7680,4100505.0,0.02410185185185185
7681,4100565.0,0.024089814814814814
7682,4100625.0,0.02408611111111111
7683,4100685.0,0.02406666666666667
7684,4100745.0,0.024129629629629633
7685,4100805.0,0.02418611111111111
7686,4100865.0,0.024192592592592592
7687,4100925.0,0.02417314814814815
7688,4100985.0,0.02420925925925926
7689,4101045.0,0.024087962962962964
7690,4101105.0,0.024072222222222224
7691,4101165.0,0.023966666666666667
7692,4101225.0,0.023759259259259258
7693,4101285.0,0.02367314814814815
7694,4101345.0,0.02360462962962963
7695,4101405.0,0.023467592592592595
7696,4101465.0,0.023326851851851856
7697,4101525.0,0.023207407407407413
7698,4101585.0,0.02304444444444445
7699,4101645.0,0.022901851851851857
7700,4101705.0,0.02276203703703704
7701,4101765.0,0.022649074074074082
7702,4101825.0,0.02248796296296297
7703,4101885.0,0.022356481481481484
7704,4101945.0,0.022236111111111116
7705,4102005.0,0.02211574074074074
7706,4102065.0,0.022054629629629632
7707,4102125.0,0.022045370370370368
7708,4102185.0,0.02199537037037037
7709,4102245.0,0.02188796296296296
7710,4102305.0,0.021852777777777773
7711,4102365.0,0.02182129629629629
7712,4102425.0,0.021892592592592585
7713,4102485.0,0.02192129629629629
7714,4102545.0,0.02188703703703703
7715,4102605.0,0.02184629629629629
7716,4102665.0,0.021918518518518514
7717,4102725.0,0.02191759259259259
7718,4102785.0,0.021890740740740742
7719,4102845.0,0.02199351851851852
7720,4102905.0,0.022138888888888892
7721,4102965.0,0.022299074074074075
7722,4103025.0,0.022262037037037042
7723,4103085.0,0.02227314814814815
7724,4103145.0,0.0222
7725,4103205.0,0.022167592592592596
7726,4103265.0,0.022092592592592598
7727,4103325.0,0.021892592592592595
7728,4103385.0,0.021832407407407408
7729,4103445.0,0.021650000000000003
7730,4103505.0,0.021547222222222225
7731,4103565.0,0.021495370370370373
7732,4103625.0,0.021389814814814816
7733,4103685.0,0.021372222222222226
7734,4103745.0,0.02133888888888889
7735,4103805.0,0.021236111111111112
7736,4103865.0,0.021037962962962963
7737,4103925.0,0.020849074074074075
7738,4103985.0,0.02074166666666667
7739,4104045.0,0.02066296296296297
7740,4104105.0,0.02063703703703704
7741,4104165.0,0.020625000000000004
7742,4104225.0,0.02061203703703704
7743,4104285.0,0.0206175925925926
7744,4104345.0,0.020754629629629637
7745,4104405.0,0.02074166666666667
7746,4104465.0,0.020747222222222226
7747,4104525.0,0.02074166666666667
7748,4104585.0,0.020717592592592596
7749,4104645.0,0.020716666666666668
7750,4104705.0,0.02065833333333333
7751,4104765.0,0.020606481481481486
7752,4104825.0,0.02045462962962963
7753,4104885.0,0.02041296296296297
7754,4104945.0,0.02033240740740741
7755,4105005.0,0.02030277777777778
7756,4105065.0,0.020064814814814817
7757,4105125.0,0.019876851851851854
7758,4105185.0,0.01973055555555556
7759,4105245.0,0.01960462962962963
7760,4105305.0,0.019540740740740744
7761,4105365.0,0.019592592592592595
7762,4105425.0,0.01951388888888889
7763,4105485.0,0.01947592592592593
7764,4105545.0,0.01942407407407408
7765,4105605.0,0.019485185185185192
7766,4105665.0,0.019524074074074086
7767,4105725.0,0.019564814814814827
7768,4105785.0,0.01959814814814816
7769,4105845.0,0.019650000000000008
7770,4105905.0,0.019674074074074083
7771,4105965.0,0.019696296296296302
7772,4106025.0,0.019712037037037045
7773,4106085.0,0.01963055555555556
7774,4106145.0,0.019562037037037044
7775,4106205.0,0.019538888888888897
7776,4106265.0,0.019425000000000008
7777,4106325.0,0.01924722222222223
7778,4106388.0,0.019069444444444455
7779,4106445.0,0.018916666666666675
7780,4106505.0,0.01874814814814816
7781,4106565.0,0.01859444444444445
7782,4106628.0,0.01845555555555556
7783,4106685.0,0.01830092592592593
7784,4106745.0,0.01821851851851853
7785,4106805.0,0.018127777777777784
7786,4106865.0,0.018034259259259267
7787,4106925.0,0.01798148148148149
7788,4106985.0,0.01786111111111112
7789,4107045.0,0.017699074074074082
7790,4107105.0,0.017642592592592602
7791,4107165.0,0.017507407407407416
7792,4107225.0,0.01740925925925927
7793,4107285.0,0.01727407407407408
7794,4107345.0,0.017169444444444452
7795,4107405.0,0.017110185185185194
7796,4107465.0,0.017018518518518527
7797,4107525.0,0.016917592592592602
7798,4107585.0,0.01679814814814816
7799,4107645.0,0.016703703703703714
7800,4107705.0,0.016618518518518532
7801,4107765.0,0.016576851851851863
7802,4107825.0,0.01659814814814816
7803,4107885.0,0.016584259259259267
7804,4107945.0,0.016584259259259267
7805,4108005.0,0.016584259259259267
7806,4108065.0,0.016552777777777788
7807,4108125.0,0.0165888888888889
7808,4108185.0,0.01654074074074075
7809,4108245.0,0.016511111111111122
7810,4108305.0,0.01662129629629631
7811,4108365.0,0.01689074074074075
7812,4108425.0,0.017052777777777788
7813,4108485.0,0.017118518518518533
7814,4108545.0,0.017216666666666682
7815,4108605.0,0.017290740740740752
7816,4108665.0,0.01728425925925927
7817,4108725.0,0.01737314814814816
7818,4108785.0,0.01735925925925927
7819,4108845.0,0.017414814814814824
7820,4108905.0,0.017483333333333344
7821,4108965.0,0.017512037037037048
7822,4109025.0,0.017598148148148158
7823,4109085.0,0.017626851851851862
7824,4109148.0,0.01767592592592594
7825,4109205.0,0.0178851851851852
7826,4109265.0,0.017975925925925937
7827,4109325.0,0.01811574074074075
7828,4109385.0,0.018349074074074084
7829,4109445.0,0.01855740740740742
7830,4109505.0,0.018724074074074084
7831,4109565.0,0.01889629629629631
7832,4109625.0,0.018951851851851862
7833,4109685.0,0.019183333333333344
7834,4109745.0,0.019352777777777788
7835,4109805.0,0.019383333333333343
7836,4109865.0,0.019314814814814826
7837,4109925.0,0.019314814814814826
7838,4109985.0,0.01922314814814816
7839,4110045.0,0.019177777777777787
7840,4110105.0,0.019144444444444454
7841,4110165.0,0.019028703703703714
7842,4110225.0,0.018985185185185195
7843,4110285.0,0.018918518518518532
7844,4110345.0,0.018839814814814827
7845,4110405.0,0.018875925925925942
7846,4110465.0,0.018917592592592604
7847,4110525.0,0.0189601851851852
7848,4110585.0,0.01897129629629631
7849,4110645.0,0.01889166666666668
7850,4110705.0,0.018890740740740757
7851,4110768.0,0.018696296296296308
7852,4110825.0,0.01877592592592594
7853,4110885.0,0.0186851851851852
7854,4110945.0,0.018668518518518532
7855,4111005.0,0.01870555555555557
7856,4111065.0,0.01852500000000001
7857,4111125.0,0.018618518518518527
7858,4111185.0,0.018563888888888897
7859,4111245.0,0.018571296296296304
7860,4111305.0,0.018570370370370383
7861,4111365.0,0.018589814814814826
7862,4111425.0,0.0186138888888889
7863,4111485.0,0.01863796296296297
7864,4111545.0,0.01861666666666668
7865,4111605.0,0.0185601851851852
7866,4111665.0,0.018462962962962976
7867,4111725.0,0.01839814814814816
7868,4111785.0,0.018446296296296308
7869,4111845.0,0.018536111111111118
7870,4111905.0,0.018618518518518527
7871,4111965.0,0.018587962962962973
7872,4112025.0,0.018689814814814826
7873,4112085.0,0.018767592592592603
7874,4112145.0,0.018819444444444455
7875,4112205.0,0.018909259259259268
7876,4112268.0,0.01902962962962964
7877,4112325.0,0.01912592592592593
7878,4112385.0,0.01922685185185186
7879,4112445.0,0.01930092592592593
7880,4112505.0,0.01942592592592593
7881,4112565.0,0.01952962962962964
7882,4112625.0,0.019609259259259267
7883,4112685.0,0.01968333333333334
7884,4112745.0,0.01972407407407408
7885,4112805.0,0.019818518518518527
7886,4112865.0,0.01993796296296297
7887,4112925.0,0.019996296296296304
7888,4112985.0,0.020114814814814818
7889,4113045.0,0.0201925925925926
7890,4113105.0,0.02031203703703704
7891,4113165.0,0.020394444444444448
7892,4113225.0,0.020356481481481486
7893,4113285.0,0.020298148148148152
7894,4113345.0,0.02029166666666667
7895,4113405.0,0.02023518518518519
7896,4113465.0,0.020132407407407408
7897,4113525.0,0.02001481481481482
7898,4113585.0,0.019875925925925932
7899,4113645.0,0.01970740740740741
7900,4113705.0,0.01948333333333333
7901,4113765.0,0.019269444444444447
7902,4113825.0,0.019171296296296297
7903,4113885.0,0.019016666666666668
7904,4113945.0,0.01901203703703704
7905,4114005.0,0.018887962962962964
7906,4114065.0,0.01873240740740741
7907,4114125.0,0.018792592592592597
7908,4114185.0,0.018739814814814817
7909,4114245.0,0.01872962962962963
7910,4114305.0,0.018666666666666668
7911,4114365.0,0.018736111111111117
7912,4114425.0,0.018906481481481482
7913,4114485.0,0.019059259259259262
7914,4114545.0,0.019250925925925932
7915,4114605.0,0.019369444444444446
7916,4114665.0,0.019525
7917,4114725.0,0.019603703703703703
7918,4114785.0,0.01978333333333333
7919,4114845.0,0.019866666666666668
7920,4114905.0,0.019778703703703705
7921,4114965.0,0.01964351851851852
7922,4115025.0,0.019478703703703703
7923,4115085.0,0.019617592592592596
7924,4115145.0,0.01961111111111111
7925,4115205.0,0.01955648148148148
7926,4115265.0,0.01953703703703704
7927,4115325.0,0.019469444444444445
7928,4115385.0,0.019567592592592598
7929,4115445.0,0.019529629629629636
7930,4115505.0,0.01946203703703704
7931,4115565.0,0.01941388888888889
7932,4115625.0,0.01953425925925926
7933,4115685.0,0.0196712962962963
7934,4115745.0,0.019723148148148156
7935,4115805.0,0.019772222222222226
7936,4115865.0,0.019962037037037042
7937,4115925.0,0.02005555555555556
7938,4115985.0,0.02013796296296296
7939,4116048.0,0.02023055555555556
7940,4116108.0,0.02026388888888889
7941,4116165.0,0.020219444444444446
7942,4116225.0,0.020227777777777782
7943,4116285.0,0.020139814814814812
7944,4116345.0,0.02009259259259259
7945,4116405.0,0.01998425925925926
7946,4116465.0,0.01998333333333334
7947,4116525.0,0.0199425925925926
7948,4116585.0,0.01985277777777778
7949,4116645.0,0.019754629629629632
7950,4116705.0,0.019701851851851856
7951,4116765.0,0.019647222222222226
7952,4116825.0,0.0196425925925926
7953,4116885.0,0.019841666666666667
7954,4116945.0,0.019990740740740743
7955,4117005.0,0.020058333333333338
7956,4117065.0,0.020218518518518525
7957,4117125.0,0.020372222222222233
7958,4117185.0,0.02053518518518519
7959,4117245.0,0.020683333333333342
7960,4117305.0,0.020806481481481485
7961,4117365.0,0.02098703703703704
7962,4117425.0,0.021121296296296298
7963,4117485.0,0.021269444444444445
7964,4117545.0,0.02121851851851852
7965,4117605.0,0.02135
7966,4117665.0,0.021372222222222226
7967,4117725.0,0.02136388888888889
7968,4117785.0,0.021458333333333336
7969,4117845.0,0.02147777777777778
7970,4117905.0,0.02149166666666667
7971,4117965.0,0.021523148148148152
7972,4118025.0,0.02161481481481482
7973,4118085.0,0.021823148148148157
7974,4118145.0,0.02193888888888889
7975,4118205.0,0.02223981481481482
7976,4118265.0,0.0224212962962963
7977,4118325.0,0.022483333333333338
7978,4118385.0,0.02247870370370371
7979,4118445.0,0.022513888888888896
7980,4118505.0,0.022513888888888896
7981,4118565.0,0.02249907407407408
7982,4118625.0,0.022564814814814826
7983,4118685.0,0.02269907407407408
7984,4118745.0,0.022870370370370374
7985,4118805.0,0.023051851851851855
7986,4118865.0,0.02318888888888889
7987,4118925.0,0.02328888888888889
7988,4118985.0,0.023440740740740745
7989,4119045.0,0.02354166666666667
7990,4119105.0,0.02353888888888889
7991,4119165.0,0.023375
7992,4119225.0,0.023299074074074076
7993,4119285.0,0.02326666666666666
7994,4119345.0,0.023173148148148148
7995,4119405.0,0.02308148148148148
7996,4119465.0,0.02297037037037037
7997,4119525.0,0.022903703703703704
7998,4119585.0,0.02284259259259259
7999,4119645.0,0.02293148148148148
8000,4119705.0,0.022930555555555555
8001,4119765.0,0.022923148148148147
8002,4119825.0,0.022850925925925924
8003,4119885.0,0.0227787037037037
8004,4119945.0,0.02266759259259259
8005,4120005.0,0.02244537037037037
8006,4120065.0,0.022322222222222226
8007,4120125.0,0.022252777777777774
8008,4120185.0,0.022052777777777782
8009,4120245.0,0.021866666666666663
8010,4120305.0,0.021703703703703704
8011,4120365.0,0.021576851851851854
8012,4120425.0,0.021545370370370368
8013,4120485.0,0.021346296296296297
8014,4120545.0,0.02123703703703704
8015,4120605.0,0.021175925925925924
8016,4120665.0,0.02118888888888889
8017,4120725.0,0.021191666666666668
8018,4120785.0,0.021261111111111116
8019,4120845.0,0.021317592592592596
8020,4120905.0,0.02138240740740741
8021,4120965.0,0.021510185185185188
8022,4121025.0,0.02156018518518519
8023,4121085.0,0.02162870370370371
8024,4121145.0,0.0216425925925926
8025,4121205.0,0.021535185185185192
8026,4121265.0,0.021431481481481492
8027,4121325.0,0.021412037037037045
8028,4121385.0,0.021532407407407417
8029,4121448.0,0.021662037037037046
8030,4121505.0,0.021802777777777786
8031,4121565.0,0.022019444444444453
8032,4121625.0,0.022052777777777786
8033,4121685.0,0.022085185185185197
8034,4121745.0,0.022184259259259268
8035,4121805.0,0.022257407407407417
8036,4121865.0,0.02241574074074075
8037,4121928.0,0.02222592592592593
8038,4121988.0,0.022255555555555563
8039,4122045.0,0.02230555555555556
8040,4122105.0,0.022295370370370382
8041,4122165.0,0.022314814814814826
8042,4122225.0,0.022326851851851855
8043,4122285.0,0.022302777777777786
8044,4122345.0,0.022301851851851857
8045,4122405.0,0.02233518518518519
8046,4122465.0,0.02239537037037037
8047,4122525.0,0.022654629629629632
8048,4122585.0,0.02275370370370371
8049,4122645.0,0.02291296296296296
8050,4122705.0,0.023147222222222225
8051,4122765.0,0.02338148148148149
8052,4122825.0,0.023504629629629632
8053,4122885.0,0.02351388888888889
8054,4122945.0,0.02338333333333334
8055,4123005.0,0.023115740740740742
8056,4123065.0,0.022825
8057,4123125.0,0.022565740740740747
8058,4123185.0,0.022589814814814826
8059,4123245.0,0.022575000000000008
8060,4123305.0,0.02255000000000001
8061,4123365.0,0.022481481481481488
8062,4123425.0,0.022252777777777785
8063,4123485.0,0.02210185185185186
8064,4123545.0,0.02203703703703704
8065,4123605.0,0.02202962962962964
8066,4123665.0,0.02197870370370371
8067,4123725.0,0.021893518518518524
8068,4123785.0,0.02186296296296297
8069,4123845.0,0.02187222222222223
8070,4123905.0,0.02187685185185186
8071,4123965.0,0.022002777777777784
8072,4124025.0,0.022033333333333342
8073,4124085.0,0.022132407407407413
8074,4124145.0,0.022138888888888892
8075,4124205.0,0.022177777777777786
8076,4124265.0,0.022224074074074084
8077,4124325.0,0.02256296296296297
8078,4124385.0,0.022810185185185197
8079,4124445.0,0.022837037037037045
8080,4124505.0,0.022894444444444453
8081,4124565.0,0.02293796296296297
8082,4124625.0,0.02297500000000001
8083,4124685.0,0.02306574074074075
8084,4124745.0,0.023289814814814826
8085,4124805.0,0.02344166666666668
8086,4124865.0,0.02366111111111112
8087,4124925.0,0.02371203703703705
8088,4124985.0,0.023645370370370386
8089,4125045.0,0.023611111111111124
8090,4125105.0,0.023676851851851862
8091,4125165.0,0.023740740740740757
8092,4125228.0,0.023689814814814827
8093,4125285.0,0.023486111111111124
8094,4125345.0,0.02328148148148149
8095,4125405.0,0.023172222222222236
8096,4125465.0,0.02312037037037038
8097,4125525.0,0.023268518518518532
8098,4125585.0,0.023227777777777788
8099,4125645.0,0.02319166666666668
8100,4125705.0,0.0232175925925926
8101,4125765.0,0.023305555555555562
8102,4125825.0,0.023375925925925932
8103,4125885.0,0.023262037037037046
8104,4125945.0,0.0231351851851852
8105,4126005.0,0.0230601851851852
8106,4126065.0,0.02299351851851853
8107,4126125.0,0.02293240740740742
8108,4126185.0,0.02287314814814816
8109,4126245.0,0.022947222222222237
8110,4126305.0,0.02309351851851853
8111,4126365.0,0.02318240740740742
8112,4126425.0,0.023018518518518532
8113,4126485.0,0.022793518518518532
8114,4126545.0,0.02256574074074075
8115,4126605.0,0.022339814814814826
8116,4126665.0,0.022149074074074085
8117,4126725.0,0.022121296296296302
8118,4126785.0,0.022058333333333343
8119,4126845.0,0.02197037037037038
8120,4126905.0,0.021964814814814826
8121,4126965.0,0.02196111111111112
8122,4127025.0,0.021938888888888897
8123,4127085.0,0.022078703703703708
8124,4127145.0,0.022253703703703717
8125,4127205.0,0.022455555555555562
8126,4127265.0,0.02256574074074075
8127,4127325.0,0.022769444444444453
8128,4127385.0,0.022952777777777787
8129,4127445.0,0.02309074074074075
8130,4127505.0,0.0231925925925926
8131,4127565.0,0.02323425925925927
8132,4127625.0,0.02321574074074075
8133,4127685.0,0.023013888888888896
8134,4127745.0,0.022921296296296304
8135,4127808.0,0.023002777777777785
8136,4127865.0,0.02302962962962964
8137,4127925.0,0.02285000000000001
8138,4127985.0,0.02293888888888889
8139,4128045.0,0.0229675925925926
8140,4128105.0,0.02305462962962964
8141,4128165.0,0.023007407407407414
8142,4128225.0,0.02296481481481482
8143,4128285.0,0.022856481481481488
8144,4128345.0,0.02280462962962964
8145,4128408.0,0.02253333333333334
8146,4128465.0,0.022409259259259264
8147,4128525.0,0.02227407407407408
8148,4128585.0,0.022281481481481485
8149,4128645.0,0.022420370370370372
8150,4128705.0,0.0224462962962963
8151,4128765.0,0.0224925925925926
8152,4128825.0,0.022473148148148155
8153,4128888.0,0.022518518518518525
8154,4128945.0,0.0224425925925926
8155,4129008.0,0.022445370370370376
8156,4129065.0,0.022472222222222227
8157,4129125.0,0.02260277777777778
8158,4129185.0,0.022750925925925928
8159,4129245.0,0.022815740740740744
8160,4129305.0,0.022815740740740744
8161,4129365.0,0.02281481481481482
8162,4129425.0,0.02277870370370371
8163,4129485.0,0.0227
8164,4129545.0,0.022577777777777783
8165,4129605.0,0.02245462962962964
8166,4129665.0,0.02227962962962964
8167,4129725.0,0.022163888888888896
8168,4129785.0,0.022020370370370374
8169,4129845.0,0.0219675925925926
8170,4129905.0,0.022075000000000008
8171,4129965.0,0.02212685185185186
8172,4130025.0,0.02226574074074075
8173,4130085.0,0.022323148148148158
8174,4130145.0,0.022353703703703712
8175,4130205.0,0.02246111111111112
8176,4130265.0,0.022550925925925933
8177,4130325.0,0.02262870370370371
8178,4130385.0,0.022547222222222232
8179,4130445.0,0.022288888888888896
8180,4130505.0,0.022139814814814817
8181,4130565.0,0.022064814814814825
8182,4130625.0,0.02208611111111112
8183,4130685.0,0.022039814814814818
8184,4130745.0,0.021996296296296302
8185,4130805.0,0.022070370370370376
8186,4130865.0,0.022212037037037044
8187,4130925.0,0.022362037037037045
8188,4130985.0,0.02252962962962964
8189,4131045.0,0.02276574074074075
8190,4131105.0,0.022991666666666674
8191,4131165.0,0.023121296296296303
8192,4131225.0,0.023146296296296304
8193,4131285.0,0.023177777777777787
8194,4131345.0,0.02327685185185186
8195,4131405.0,0.023520370370370382
8196,4131465.0,0.023730555555555564
8197,4131525.0,0.023912962962962973
8198,4131585.0,0.023986111111111118
8199,4131645.0,0.02404814814814816
8200,4131705.0,0.024162037037037048
8201,4131765.0,0.02415462962962964
8202,4131825.0,0.0241351851851852
8203,4131885.0,0.0242101851851852
8204,4131945.0,0.024339814814814825
8205,4132005.0,0.024484259259259268
8206,4132065.0,0.024507407407407412
8207,4132125.0,0.0244925925925926
8208,4132185.0,0.024287037037037044
8209,4132245.0,0.02404722222222223
8210,4132305.0,0.023868518518518525
8211,4132365.0,0.023656481481481487
8212,4132425.0,0.023490740740740743
8213,4132485.0,0.02344907407407408
8214,4132545.0,0.023434259259259262
8215,4132605.0,0.023697222222222227
8216,4132665.0,0.02379907407407408
8217,4132725.0,0.024037037037037044
8218,4132785.0,0.02416018518518519
8219,4132845.0,0.02429444444444445
8220,4132905.0,0.024495370370370376
8221,4132965.0,0.024656481481481488
8222,4133025.0,0.02488055555555556
8223,4133085.0,0.024935185185185192
8224,4133148.0,0.025087037037037043
8225,4133205.0,0.025220370370370376
8226,4133265.0,0.025193518518518525
8227,4133325.0,0.02492685185185186
8228,4133385.0,0.02477222222222223
8229,4133445.0,0.024571296296296303
8230,4133505.0,0.02428796296296297
8231,4133568.0,0.024040740740740748
8232,4133625.0,0.02390555555555556
8233,4133685.0,0.023833333333333342
8234,4133745.0,0.02388981481481482
8235,4133805.0,0.02398240740740741
8236,4133865.0,0.024042592592592598
8237,4133925.0,0.024121296296296297
8238,4133985.0,0.023939814814814817
8239,4134048.0,0.02383888888888889
8240,4134105.0,0.023754629629629632
8241,4134165.0,0.023733333333333332
8242,4134225.0,0.02386388888888889
8243,4134285.0,0.023870370370370368
8244,4134345.0,0.02391203703703704
8245,4134405.0,0.02377685185185185
8246,4134465.0,0.02368611111111111
8247,4134525.0,0.02371111111111111
8248,4134585.0,0.02378148148148148
8249,4134645.0,0.02383333333333333
8250,4134705.0,0.02394722222222222
8251,4134765.0,0.0240037037037037
8252,4134825.0,0.02419351851851852
8253,4134885.0,0.02433888888888889
8254,4134945.0,0.024562962962962964
8255,4135005.0,0.02478055555555556
8256,4135065.0,0.024937037037037042
8257,4135125.0,0.02475
8258,4135185.0,0.02454074074074074
8259,4135245.0,0.02452685185185185
8260,4135305.0,0.024469444444444443
8261,4135365.0,0.02455648148148148
8262,4135425.0,0.02451296296296296
8263,4135485.0,0.02454351851851852
8264,4135545.0,0.024252777777777776
8265,4135605.0,0.024124074074074072
8266,4135665.0,0.02397777777777777
8267,4135725.0,0.02390648148148148
8268,4135785.0,0.02394166666666667
8269,4135845.0,0.024005555555555558
8270,4135905.0,0.023939814814814813
8271,4135965.0,0.02369259259259259
8272,4136025.0,0.023560185185185184
8273,4136085.0,0.0236537037037037
8274,4136145.0,0.023880555555555558
8275,4136205.0,0.02395740740740741
8276,4136265.0,0.02402129629629629
8277,4136325.0,0.024059259259259256
8278,4136385.0,0.02404722222222222
8279,4136445.0,0.02426111111111111
8280,4136505.0,0.02412685185185185
8281,4136565.0,0.024109259259259257
8282,4136625.0,0.024165740740740738
8283,4136685.0,0.024323148148148142
8284,4136745.0,0.024439814814814814
8285,4136805.0,0.02474259259259259
8286,4136865.0,0.024988888888888887
8287,4136925.0,0.025139814814814813
8288,4136985.0,0.025123148148148144
8289,4137045.0,0.025117592592592587
8290,4137105.0,0.0249074074074074
8291,4137165.0,0.024859259259259255
8292,4137225.0,0.025001851851851848
8293,4137285.0,0.02506481481481481
8294,4137345.0,0.025323148148148143
8295,4137405.0,0.025467592592592587
8296,4137465.0,0.025460185185185183
8297,4137525.0,0.02539907407407407
8298,4137585.0,0.02551574074074073
8299,4137645.0,0.025613888888888884
8300,4137705.0,0.02578055555555555
8301,4137765.0,0.025882407407407403
8302,4137825.0,0.025774074074074067
8303,4137885.0,0.025874999999999995
8304,4137945.0,0.02591388888888889
8305,4138005.0,0.026054629629629626
8306,4138065.0,0.02586018518518518
8307,4138125.0,0.02566296296296296
8308,4138185.0,0.025549074074074068
8309,4138245.0,0.025533333333333328
8310,4138305.0,0.02549907407407407
8311,4138365.0,0.025549074074074068
8312,4138425.0,0.025625925925925924
8313,4138485.0,0.02572129629629629
8314,4138545.0,0.025704629629629626
8315,4138605.0,0.02556759259259259
8316,4138665.0,0.02548055555555555
8317,4138725.0,0.025600925925925926
8318,4138785.0,0.025500925925925923
8319,4138845.0,0.02541111111111111
8320,4138905.0,0.025288888888888892
8321,4138965.0,0.025166666666666667
8322,4139025.0,0.02505925925925926
8323,4139085.0,0.025037962962962963
8324,4139145.0,0.025099074074074083
8325,4139205.0,0.025259259259259263
8326,4139265.0,0.025340740740740744
8327,4139325.0,0.02542870370370371
8328,4139385.0,0.025410185185185192
8329,4139445.0,0.025285185185185192
8330,4139505.0,0.02522037037037037
8331,4139565.0,0.025210185185185183
8332,4139625.0,0.02517962962962963
8333,4139685.0,0.02514351851851852
8334,4139745.0,0.025287037037037042
8335,4139805.0,0.025139814814814816
8336,4139865.0,0.025110185185185187
8337,4139925.0,0.02513240740740741
8338,4139985.0,0.0252
8339,4140045.0,0.025336111111111108
8340,4140105.0,0.025549074074074075
8341,4140165.0,0.02575833333333333
8342,4140225.0,0.02610277777777778
8343,4140285.0,0.026311111111111115
8344,4140345.0,0.02666851851851852
8345,4140405.0,0.02702314814814815
8346,4140465.0,0.027402777777777783
8347,4140525.0,0.02773333333333334
8348,4140585.0,0.027975000000000003
8349,4140645.0,0.02815185185185185
8350,4140705.0,0.02816296296296297
8351,4140765.0,0.028259259259259262
8352,4140825.0,0.02830277777777778
8353,4140885.0,0.028408333333333338
8354,4140945.0,0.02836296296296297
8355,4141005.0,0.0283175925925926
8356,4141065.0,0.028330555555555564
8357,4141125.0,0.028435185185185195
8358,4141185.0,0.028698148148148157
8359,4141245.0,0.02895462962962964
8360,4141305.0,0.029125000000000005
8361,4141365.0,0.02928611111111112
8362,4141425.0,0.029390740740740745
8363,4141485.0,0.02972592592592593
8364,4141545.0,0.03006481481481482
8365,4141605.0,0.03032777777777778
8366,4141665.0,0.030404629629629632
8367,4141725.0,0.030390740740740742
8368,4141785.0,0.03044907407407408
8369,4141845.0,0.03048796296296297
8370,4141905.0,0.030637962962962968
8371,4141965.0,0.03082314814814815
8372,4142025.0,0.030955555555555563
8373,4142085.0,0.03116111111111112
8374,4142145.0,0.03127037037037037
8375,4142205.0,0.0314212962962963
8376,4142265.0,0.03148333333333333
8377,4142325.0,0.03153981481481482
8378,4142385.0,0.031438888888888884
8379,4142445.0,0.03144166666666666
8380,4142505.0,0.0314287037037037
8381,4142565.0,0.031492592592592586
8382,4142625.0,0.031737037037037036
8383,4142685.0,0.03194166666666667
8384,4142748.0,0.03195555555555556
8385,4142805.0,0.03187685185185185
8386,4142865.0,0.031919444444444445
8387,4142925.0,0.032025925925925916
8388,4142985.0,0.03228888888888889
8389,4143045.0,0.03253148148148148
8390,4143105.0,0.03260925925925926
8391,4143165.0,0.03276944444444445
8392,4143228.0,0.03302592592592593
8393,4143285.0,0.03342870370370371
8394,4143345.0,0.03360277777777779
8395,4143405.0,0.033496296296296316
8396,4143465.0,0.0334175925925926
8397,4143525.0,0.033433333333333336
8398,4143585.0,0.03352407407407408
8399,4143645.0,0.03368611111111112
8400,4143705.0,0.03384537037037038
8401,4143765.0,0.034054629629629636
8402,4143825.0,0.03406574074074075
8403,4143885.0,0.0342675925925926
8404,4143945.0,0.034262037037037035
8405,4144005.0,0.034298148148148154
8406,4144065.0,0.03454444444444445
8407,4144125.0,0.034895370370370375
8408,4144185.0,0.035133333333333336
8409,4144245.0,0.03520740740740741
8410,4144305.0,0.035390740740740737
8411,4144365.0,0.035609259259259264
8412,4144425.0,0.0357425925925926
8413,4144485.0,0.03596944444444445
8414,4144545.0,0.036100000000000014
8415,4144605.0,0.03621296296296297
8416,4144665.0,0.036412962962962966
8417,4144725.0,0.0365675925925926
8418,4144785.0,0.0368462962962963
8419,4144845.0,0.03708611111111112
8420,4144905.0,0.03728240740740742
8421,4144965.0,0.03737407407407408
8422,4145025.0,0.0374601851851852
8423,4145085.0,0.03770740740740742
8424,4145145.0,0.03787685185185186
8425,4145205.0,0.03836574074074075
8426,4145265.0,0.03866666666666668
8427,4145325.0,0.038854629629629635
8428,4145385.0,0.038934259259259266
8429,4145445.0,0.038934259259259266
8430,4145505.0,0.03907314814814816
8431,4145565.0,0.03919722222222224
8432,4145625.0,0.03928703703703705
8433,4145685.0,0.03932407407407409
8434,4145745.0,0.03933240740740742
8435,4145805.0,0.039402777777777793
8436,4145865.0,0.03956574074074076
8437,4145925.0,0.039861111111111125
8438,4145985.0,0.040319444444444456
8439,4146045.0,0.040683333333333335
8440,4146105.0,0.04085370370370371
8441,4146165.0,0.04104537037037038
8442,4146225.0,0.04150370370370371
8443,4146285.0,0.041818518518518526
8444,4146345.0,0.042175
8445,4146405.0,0.04233148148148149
8446,4146465.0,0.042462962962962966
8447,4146525.0,0.04261018518518519
8448,4146585.0,0.042824074074074084
8449,4146645.0,0.04311388888888889
8450,4146705.0,0.04331018518518519
8451,4146765.0,0.04355833333333334
8452,4146825.0,0.04368796296296297
8453,4146885.0,0.0437925925925926
8454,4146945.0,0.0438462962962963
8455,4147005.0,0.04405648148148149
8456,4147065.0,0.04420740740740742
8457,4147125.0,0.044167592592592606
8458,4147185.0,0.04413148148148149
8459,4147245.0,0.044032407407407416
8460,4147305.0,0.04433703703703705
8461,4147365.0,0.04460925925925927
8462,4147425.0,0.044848148148148165
8463,4147485.0,0.044850000000000015
8464,4147545.0,0.04492777777777779
8465,4147605.0,0.044862962962962966
8466,4147665.0,0.044987962962962966
8467,4147725.0,0.04522592592592593
8468,4147785.0,0.0455388888888889
8469,4147845.0,0.045639814814814834
8470,4147905.0,0.04584351851851853
8471,4147965.0,0.04595833333333335
8472,4148025.0,0.046024074074074085
8473,4148085.0,0.04628333333333335
8474,4148145.0,0.046342592592592616
8475,4148208.0,0.04642962962962965
8476,4148265.0,0.046527777777777786
8477,4148325.0,0.046567592592592605
8478,4148388.0,0.04661203703703705
8479,4148445.0,0.046676851851851865
8480,4148505.0,0.04666666666666668
8481,4148565.0,0.046687037037037055
8482,4148625.0,0.04686759259259261
8483,4148685.0,0.04692222222222224
8484,4148745.0,0.04690833333333335
8485,4148805.0,0.046930555555555566
8486,4148865.0,0.0473277777777778
8487,4148925.0,0.047602777777777786
8488,4148985.0,0.047706481481481496
8489,4149045.0,0.04775092592592594
8490,4149105.0,0.04808240740740742
8491,4149165.0,0.04838703703703705
8492,4149225.0,0.04870462962962964
8493,4149285.0,0.048878703703703716
8494,4149345.0,0.049062962962962975
8495,4149405.0,0.04921111111111112
8496,4149465.0,0.049321296296296314
8497,4149525.0,0.049528703703703714
8498,4149585.0,0.04973333333333335
8499,4149645.0,0.04984814814814816
8500,4149705.0,0.04994351851851853
8501,4149765.0,0.05011203703703705
8502,4149825.0,0.050299074074074086
8503,4149885.0,0.05048425925925927
8504,4149945.0,0.0506638888888889
8505,4150005.0,0.050841666666666674
8506,4150065.0,0.05092222222222223
8507,4150125.0,0.05098703703703705
8508,4150185.0,0.05104629629629631
8509,4150245.0,0.05126666666666668
8510,4150305.0,0.051537962962962966
8511,4150365.0,0.05167407407407408
8512,4150428.0,0.0516675925925926
8513,4150485.0,0.05160277777777778
8514,4150545.0,0.0515962962962963
8515,4150605.0,0.051666666666666666
8516,4150665.0,0.051780555555555566
8517,4150725.0,0.05186203703703704
8518,4150785.0,0.05180740740740741
8519,4150845.0,0.051710185185185185
8520,4150905.0,0.05169814814814815
8521,4150965.0,0.05174166666666667
8522,4151025.0,0.051678703703703706
8523,4151085.0,0.0516462962962963
8524,4151145.0,0.05133240740740741
8525,4151205.0,0.051101851851851864
8526,4151265.0,0.05110833333333334
8527,4151325.0,0.05109907407407408
8528,4151388.0,0.051262037037037037
8529,4151445.0,0.05129074074074075
8530,4151505.0,0.05132314814814815
8531,4151565.0,0.05124537037037037
8532,4151625.0,0.05114814814814815
8533,4151685.0,0.051199074074074084
8534,4151745.0,0.05130277777777778
8535,4151805.0,0.05151481481481482
8536,4151865.0,0.051587037037037035
8537,4151925.0,0.05151203703703704
8538,4151985.0,0.0514175925925926
8539,4152048.0,0.05136481481481482
8540,4152105.0,0.0515925925925926
8541,4152165.0,0.05174537037037038
8542,4152225.0,0.05179537037037038
8543,4152285.0,0.051570370370370384
8544,4152345.0,0.051348148148148164
8545,4152405.0,0.05125277777777778
8546,4152465.0,0.05127962962962964
8547,4152525.0,0.05136481481481483
8548,4152585.0,0.051284259259259266
8549,4152645.0,0.051167592592592605
8550,4152705.0,0.050933333333333344
8551,4152765.0,0.05073055555555556
8552,4152825.0,0.05080185185185186
8553,4152885.0,0.05083703703703705
8554,4152945.0,0.0507388888888889
8555,4153005.0,0.050403703703703714
8556,4153065.0,0.05036111111111112
8557,4153125.0,0.05037037037037038
8558,4153185.0,0.05052407407407408
8559,4153245.0,0.05072962962962964
8560,4153305.0,0.05084537037037038
8561,4153365.0,0.05087129629629631
8562,4153425.0,0.05052870370370372
8563,4153485.0,0.05017685185185186
8564,4153545.0,0.05043425925925927
8565,4153605.0,0.05073611111111112
8566,4153665.0,0.050941666666666684
8567,4153725.0,0.05093148148148149
8568,4153785.0,0.05089166666666668
8569,4153845.0,0.0509388888888889
8570,4153905.0,0.05121203703703705
8571,4153965.0,0.05148981481481483
8572,4154025.0,0.051394444444444465
8573,4154085.0,0.051167592592592605
8574,4154145.0,0.05087870370370372
8575,4154205.0,0.05079351851851853
8576,4154265.0,0.050953703703703716
8577,4154325.0,0.05093055555555557
8578,4154385.0,0.05089907407407409
8579,4154445.0,0.0506564814814815
8580,4154505.0,0.050377777777777785
8581,4154565.0,0.05016111111111113
8582,4154625.0,0.05015462962962965
8583,4154685.0,0.05024537037037039
8584,4154745.0,0.050338888888888905
8585,4154805.0,0.05040740740740742
8586,4154865.0,0.050300925925925936
8587,4154925.0,0.050156481481481496
8588,4154985.0,0.050203703703703716
8589,4155045.0,0.05047222222222223
8590,4155105.0,0.050576851851851866
8591,4155165.0,0.05049166666666667
8592,4155225.0,0.05037777777777778
8593,4155285.0,0.05024722222222223
8594,4155345.0,0.05021574074074075
8595,4155405.0,0.05029722222222223
8596,4155465.0,0.05039074074074075
8597,4155525.0,0.050446296296296315
8598,4155585.0,0.0502425925925926
8599,4155645.0,0.04997222222222223
8600,4155705.0,0.049874074074074085
8601,4155765.0,0.05003055555555557
8602,4155825.0,0.050148148148148164
8603,4155888.0,0.0500675925925926
8604,4155945.0,0.049951851851851865
8605,4156005.0,0.04973425925925926
8606,4156065.0,0.049711111111111116
8607,4156125.0,0.04981666666666667
8608,4156185.0,0.04986944444444445
8609,4156245.0,0.04995185185185185
8610,4156305.0,0.04970185185185185
8611,4156365.0,0.049450925925925926
8612,4156425.0,0.04930925925925926
8613,4156485.0,0.049317592592592586
8614,4156545.0,0.04932129629629629
8615,4156605.0,0.049131481481481484
8616,4156665.0,0.048837962962962965
8617,4156725.0,0.04845092592592592
8618,4156788.0,0.04806388888888888
8619,4156845.0,0.04788333333333332
8620,4156905.0,0.047925925925925913
8621,4156965.0,0.047782407407407385
8622,4157025.0,0.047465740740740725
8623,4157085.0,0.04707407407407406
8624,4157145.0,0.046781481481481466
8625,4157205.0,0.0466435185185185
8626,4157265.0,0.04655833333333331
8627,4157325.0,0.046415740740740716
8628,4157385.0,0.046386111111111086
8629,4157445.0,0.04636666666666665
8630,4157505.0,0.046424074074074055
8631,4157565.0,0.04645648148148146
8632,4157625.0,0.046674074074074055
8633,4157685.0,0.04680925925925924
8634,4157745.0,0.046725925925925914
8635,4157805.0,0.04659537037037035
8636,4157865.0,0.046705555555555535
8637,4157925.0,0.04694074074074072
8638,4157985.0,0.047160185185185166
8639,4158045.0,0.0472435185185185
8640,4158105.0,0.04728888888888887
8641,4158165.0,0.047148148148148133
8642,4158225.0,0.047086111111111086
8643,4158285.0,0.04718333333333331
8644,4158345.0,0.047349074074074064
8645,4158405.0,0.04753796296296295
8646,4158465.0,0.04741574074074072
8647,4158525.0,0.047274999999999984
8648,4158585.0,0.0470722222222222
8649,4158648.0,0.04712129629629628
8650,4158705.0,0.04730648148148146
8651,4158765.0,0.04730648148148146
8652,4158825.0,0.04730925925925924
8653,4158885.0,0.047000925925925904
8654,4158945.0,0.046755555555555536
8655,4159005.0,0.04677129629629628
8656,4159065.0,0.04690925925925924
8657,4159125.0,0.047036111111111084
8658,4159185.0,0.0467685185185185
8659,4159245.0,0.0467398148148148
8660,4159305.0,0.04668333333333331
8661,4159365.0,0.046699999999999985
8662,4159425.0,0.0468685185185185
8663,4159485.0,0.04688148148148146
8664,4159545.0,0.046900925925925915
8665,4159605.0,0.046652777777777765
8666,4159665.0,0.046349074074074056
8667,4159725.0,0.04641666666666665
8668,4159785.0,0.04663703703703702
8669,4159845.0,0.046834259259259235
8670,4159905.0,0.04668055555555554
8671,4159965.0,0.04651018518518517
8672,4160025.0,0.04636018518518517
8673,4160085.0,0.046518518518518515
8674,4160145.0,0.04669166666666666
8675,4160205.0,0.046933333333333334
8676,4160265.0,0.04704722222222221
8677,4160325.0,0.04691203703703703
8678,4160385.0,0.04660648148148147
8679,4160445.0,0.0466898148148148
8680,4160505.0,0.04686944444444443
8681,4160565.0,0.04710370370370369
8682,4160625.0,0.04718055555555554
8683,4160685.0,0.04717870370370369
8684,4160745.0,0.04710833333333332
8685,4160805.0,0.04719999999999998
8686,4160865.0,0.04737499999999998
8687,4160925.0,0.04762037037037035
8688,4160985.0,0.04775277777777776
8689,4161045.0,0.04759629629629628
8690,4161105.0,0.04736574074074072
8691,4161165.0,0.04744074074074072
8692,4161225.0,0.04762499999999998
8693,4161285.0,0.047839814814814786
8694,4161345.0,0.04785925925925924
8695,4161405.0,0.047771296296296284
8696,4161465.0,0.04765648148148146
8697,4161525.0,0.047568518518518496
8698,4161585.0,0.047746296296296266
8699,4161645.0,0.0479759259259259
8700,4161705.0,0.048149999999999984
8701,4161765.0,0.048086111111111086
8702,4161825.0,0.0479046296296296
8703,4161885.0,0.04783425925925923
8704,4161948.0,0.04801296296296293
8705,4162005.0,0.04804999999999997
8706,4162065.0,0.047782407407407385
8707,4162125.0,0.04762222222222219
8708,4162185.0,0.047347222222222186
8709,4162245.0,0.04739999999999997
8710,4162305.0,0.04743148148148145
8711,4162365.0,0.04752407407407405
8712,4162425.0,0.047563888888888864
8713,4162485.0,0.04738148148148145
8714,4162545.0,0.04731111111111108
8715,4162605.0,0.04713518518518515
8716,4162668.0,0.04720462962962959
8717,4162725.0,0.04732870370370368
8718,4162785.0,0.04739259259259256
8719,4162845.0,0.047388888888888855
8720,4162905.0,0.04717499999999997
8721,4162965.0,0.04690185185185182
8722,4163025.0,0.0470546296296296
8723,4163085.0,0.04731111111111108
8724,4163145.0,0.047558333333333314
8725,4163205.0,0.04751203703703701
8726,4163265.0,0.04742407407407405
8727,4163325.0,0.04744907407407405
8728,4163385.0,0.04756574074074072
8729,4163445.0,0.047782407407407385
8730,4163505.0,0.0478759259259259
8731,4163565.0,0.04789907407407405
8732,4163625.0,0.04777129629629627
8733,4163685.0,0.047688888888888864
8734,4163745.0,0.047817592592592564
8735,4163805.0,0.04801018518518516
8736,4163865.0,0.04804074074074071
8737,4163925.0,0.04795185185185182
8738,4163985.0,0.047935185185185164
8739,4164045.0,0.04777685185185182
8740,4164105.0,0.047784259259259235
8741,4164165.0,0.047874999999999966
8742,4164225.0,0.048124999999999966
8743,4164285.0,0.04832314814814812
8744,4164345.0,0.04803981481481479
8745,4164405.0,0.04779629629629627
8746,4164465.0,0.04779814814814812
8747,4164525.0,0.04795277777777775
8748,4164585.0,0.04804074074074071
8749,4164645.0,0.04794814814814812
8750,4164705.0,0.04771759259259256
8751,4164765.0,0.04752407407407405
8752,4164825.0,0.04758425925925923
8753,4164885.0,0.04767870370370368
8754,4164945.0,0.047878703703703666
8755,4165005.0,0.04788240740740738
8756,4165065.0,0.04773148148148145
8757,4165125.0,0.0476296296296296
8758,4165185.0,0.04767314814814812
8759,4165248.0,0.04788425925925923
8760,4165305.0,0.04806296296296293
8761,4165365.0,0.048057407407407375
8762,4165425.0,0.047946296296296265
8763,4165485.0,0.04786018518518515
8764,4165545.0,0.0478296296296296
8765,4165605.0,0.04789999999999997
8766,4165665.0,0.04801944444444441
8767,4165725.0,0.04805648148148145
8768,4165785.0,0.04794537037037034
8769,4165845.0,0.04779629629629627
8770,4165905.0,0.04781574074074072
8771,4165965.0,0.04801203703703701
8772,4166025.0,0.048240740740740716
8773,4166085.0,0.048274999999999985
8774,4166145.0,0.0482759259259259
8775,4166205.0,0.04817129629629628
8776,4166265.0,0.04805555555555553
8777,4166328.0,0.04803703703703701
8778,4166385.0,0.04822685185185183
8779,4166445.0,0.04845277777777776
8780,4166505.0,0.04832407407407405
8781,4166565.0,0.0480972222222222
8782,4166625.0,0.047964814814814793
8783,4166685.0,0.04809907407407405
8784,4166745.0,0.048244444444444416
8785,4166805.0,0.04819907407407405
8786,4166865.0,0.047987037037037016
8787,4166925.0,0.047746296296296266
8788,4166985.0,0.04761296296296294
8789,4167045.0,0.04764444444444442
8790,4167105.0,0.047959259259259236
8791,4167165.0,0.04816574074074072
8792,4167225.0,0.04819074074074072
8793,4167285.0,0.048105555555555526
8794,4167345.0,0.04817499999999997
8795,4167405.0,0.04847222222222219
8796,4167465.0,0.048826851851851816
8797,4167525.0,0.04910925925925922
8798,4167585.0,0.04933425925925922
8799,4167645.0,0.04939999999999997
8800,4167705.0,0.04947499999999996
8801,4167765.0,0.04968148148148145
8802,4167825.0,0.0498157407407407
8803,4167885.0,0.050058333333333295
8804,4167945.0,0.05009166666666663
8805,4168005.0,0.05016018518518515
8806,4168065.0,0.05025370370370367
8807,4168125.0,0.050457407407407374
8808,4168185.0,0.050524999999999966
8809,4168245.0,0.05042129629629626
8810,4168305.0,0.05032129629629626
8811,4168365.0,0.050204629629629585
8812,4168425.0,0.05002037037037033
8813,4168485.0,0.04999259259259256
8814,4168545.0,0.050149999999999965
8815,4168605.0,0.050284259259259216
8816,4168665.0,0.05010925925925922
8817,4168725.0,0.04984907407407403
8818,4168785.0,0.04970740740740737
8819,4168845.0,0.0497657407407407
8820,4168905.0,0.04983888888888885
8821,4168965.0,0.049949074074074035
8822,4169025.0,0.04992870370370366
8823,4169085.0,0.049773148148148115
8824,4169145.0,0.04962037037037033
8825,4169205.0,0.04955648148148144
8826,4169265.0,0.049695370370370334
8827,4169325.0,0.04980462962962959
8828,4169385.0,0.04982129629629625
8829,4169445.0,0.04972962962962959
8830,4169505.0,0.04954907407407403
8831,4169565.0,0.049560185185185145
8832,4169625.0,0.04967499999999996
8833,4169685.0,0.049883333333333287
8834,4169745.0,0.05004999999999996
8835,4169805.0,0.04995370370370367
8836,4169865.0,0.049832407407407374
8837,4169925.0,0.04985740740740737
8838,4169985.0,0.05017870370370367
8839,4170045.0,0.05022499999999997
8840,4170105.0,0.0501583333333333
8841,4170165.0,0.05003518518518515
8842,4170225.0,0.04991759259259256
8843,4170285.0,0.04980925925925922
8844,4170345.0,0.04986759259259256
8845,4170405.0,0.04998981481481478
8846,4170465.0,0.05007314814814811
8847,4170525.0,0.049844444444444407
8848,4170585.0,0.0495657407407407
8849,4170645.0,0.049287037037037004
8850,4170705.0,0.04912314814814811
8851,4170765.0,0.048951851851851816
8852,4170825.0,0.04871574074074071
8853,4170885.0,0.048338888888888855
8854,4170945.0,0.04792870370370367
8855,4171005.0,0.04746851851851848
8856,4171065.0,0.04717870370370367
8857,4171125.0,0.04703425925925922
8858,4171185.0,0.04702037037037033
8859,4171245.0,0.046787037037037
8860,4171305.0,0.04647870370370366
8861,4171365.0,0.04621388888888885
8862,4171425.0,0.04600833333333329
8863,4171485.0,0.04584351851851848
8864,4171545.0,0.045733333333333286
8865,4171605.0,0.04540462962962959
8866,4171665.0,0.0451907407407407
8867,4171725.0,0.044975925925925885
8868,4171785.0,0.044856481481481435
8869,4171845.0,0.04487222222222218
8870,4171905.0,0.04494351851851848
8871,4171965.0,0.04472499999999996
8872,4172025.0,0.04459259259259255
8873,4172085.0,0.04440185185185181
8874,4172145.0,0.044359259259259216
8875,4172205.0,0.044351851851851816
8876,4172265.0,0.04420370370370366
8877,4172325.0,0.04403425925925922
8878,4172385.0,0.04372407407407403
8879,4172445.0,0.04343611111111107
8880,4172505.0,0.04306851851851848
8881,4172565.0,0.042837962962962925
8882,4172625.0,0.04272962962962959
8883,4172685.0,0.042594444444444414
8884,4172745.0,0.04234722222222218
8885,4172805.0,0.042155555555555516
8886,4172865.0,0.042081481481481435
8887,4172925.0,0.041935185185185145
8888,4172985.0,0.041787962962962916
8889,4173045.0,0.04146481481481477
8890,4173105.0,0.04122592592592589
8891,4173165.0,0.041037037037037004
8892,4173225.0,0.0408907407407407
8893,4173285.0,0.04087685185185181
8894,4173345.0,0.04078518518518515
8895,4173405.0,0.0405657407407407
8896,4173465.0,0.040383333333333285
8897,4173525.0,0.04010092592592589
8898,4173585.0,0.03990462962962959
8899,4173645.0,0.039769444444444406
8900,4173705.0,0.03968240740740737
8901,4173765.0,0.039677777777777735
8902,4173825.0,0.03934814814814809
8903,4173885.0,0.039086111111111065
8904,4173945.0,0.03886481481481477
8905,4174005.0,0.03879351851851847
8906,4174065.0,0.03875092592592588
8907,4174125.0,0.03856111111111106
8908,4174185.0,0.03836296296296291
8909,4174245.0,0.03805740740740735
8910,4174305.0,0.03781666666666661
8911,4174365.0,0.037658333333333266
8912,4174425.0,0.03757592592592587
8913,4174485.0,0.037404629629629566
8914,4174545.0,0.03714999999999994
8915,4174605.0,0.03698611111111105
8916,4174665.0,0.036711111111111056
8917,4174725.0,0.03659259259259254
8918,4174785.0,0.036423148148148086
8919,4174845.0,0.03621574074074069
8920,4174908.0,0.0359305555555555
8921,4174965.0,0.035816666666666615
8922,4175025.0,0.035729629629629577
8923,4175085.0,0.03565370370370365
8924,4175145.0,0.03563796296296291
8925,4175205.0,0.03561574074074069
8926,4175265.0,0.03540833333333328
8927,4175325.0,0.03518148148148143
8928,4175385.0,0.03493703703703699
8929,4175445.0,0.034755555555555505
8930,4175505.0,0.03466111111111106
8931,4175565.0,0.034463888888888836
8932,4175625.0,0.03421574074074068
8933,4175685.0,0.03389537037037031
8934,4175745.0,0.03361203703703698
8935,4175805.0,0.0334055555555555
8936,4175865.0,0.03328240740740735
8937,4175925.0,0.033217592592592535
8938,4175985.0,0.032987962962962906
8939,4176045.0,0.032722222222222166
8940,4176105.0,0.032473148148148084
8941,4176165.0,0.032251851851851795
8942,4176225.0,0.03218703703703698
8943,4176285.0,0.03201111111111105
8944,4176345.0,0.03182222222222216
8945,4176405.0,0.03155648148148142
8946,4176465.0,0.03133240740740735
8947,4176525.0,0.031206481481481425
8948,4176585.0,0.031149999999999945
8949,4176645.0,0.03103333333333328
8950,4176705.0,0.03080833333333328
8951,4176765.0,0.03044259259259254
8952,4176825.0,0.030154629629629576
8953,4176885.0,0.029925925925925877
8954,4176945.0,0.029879629629629575
8955,4177005.0,0.029973148148148093
8956,4177065.0,0.02992407407407402
8957,4177125.0,0.02971944444444439
8958,4177185.0,0.02956111111111105
8959,4177245.0,0.029509259259259207
8960,4177305.0,0.029609259259259207
8961,4177365.0,0.029742592592592536
8962,4177425.0,0.029829629629629574
8963,4177485.0,0.02980833333333328
8964,4177545.0,0.029689814814814763
8965,4177605.0,0.029804629629629573
8966,4177665.0,0.03003333333333328
8967,4177725.0,0.030171296296296238
8968,4177785.0,0.030297222222222163
8969,4177845.0,0.030340740740740682
8970,4177905.0,0.030019444444444387
8971,4177965.0,0.029725925925925867
8972,4178025.0,0.029480555555555493
8973,4178085.0,0.029314814814814755
8974,4178145.0,0.028974999999999945
8975,4178205.0,0.028540740740740683
8976,4178265.0,0.02809351851851846
8977,4178325.0,0.02786388888888883
8978,4178385.0,0.027672222222222164
8979,4178445.0,0.027512962962962902
8980,4178505.0,0.027455555555555497
8981,4178565.0,0.02727962962962957
8982,4178625.0,0.027062962962962903
8983,4178685.0,0.02683611111111105
8984,4178745.0,0.026708333333333268
8985,4178805.0,0.026683333333333267
8986,4178865.0,0.02652870370370364
8987,4178925.0,0.026243518518518458
8988,4178985.0,0.025980555555555496
8989,4179045.0,0.02579166666666661
8990,4179105.0,0.02581851851851846
8991,4179165.0,0.02578518518518513
8992,4179225.0,0.025711111111111053
8993,4179285.0,0.025505555555555497
8994,4179345.0,0.025295370370370312
8995,4179405.0,0.02514999999999994
8996,4179465.0,0.025124074074074014
8997,4179525.0,0.02524999999999994
8998,4179585.0,0.02529629629629624
8999,4179645.0,0.025174074074074012
9000,4179705.0,0.025028703703703643
9001,4179765.0,0.0249379629629629
9002,4179825.0,0.02489999999999994
9003,4179885.0,0.024889814814814757
9004,4179945.0,0.024837037037036973
9005,4180005.0,0.024589814814814755
9006,4180065.0,0.02439999999999994
9007,4180125.0,0.024277777777777718
9008,4180185.0,0.024133333333333274
9009,4180245.0,0.02400092592592587
9010,4180305.0,0.02383611111111105
9011,4180365.0,0.02368611111111105
9012,4180425.0,0.023358333333333276
9013,4180485.0,0.0232342592592592
9014,4180545.0,0.023202777777777715
9015,4180605.0,0.02318981481481475
9016,4180665.0,0.023142592592592527
9017,4180725.0,0.022976851851851787
9018,4180785.0,0.02275555555555549
9019,4180848.0,0.022576851851851786
9020,4180905.0,0.022557407407407342
9021,4180965.0,0.02250370370370364
9022,4181025.0,0.022345370370370304
9023,4181085.0,0.0221453703703703
9024,4181145.0,0.022086111111111046
9025,4181205.0,0.02181944444444438
9026,4181265.0,0.021701851851851788
9027,4181325.0,0.021641666666666604
9028,4181385.0,0.021700925925925863
9029,4181445.0,0.021810185185185123
9030,4181508.0,0.02188148148148142
9031,4181565.0,0.02215462962962957
9032,4181625.0,0.0224166666666666
9033,4181685.0,0.02262407407407401
9034,4181745.0,0.022848148148148083
9035,4181805.0,0.02301018518518512
9036,4181865.0,0.02311851851851845
9037,4181925.0,0.023247222222222155
9038,4181985.0,0.023361111111111044
9039,4182045.0,0.023265740740740674
9040,4182105.0,0.023249074074074002
9041,4182165.0,0.023105555555555487
9042,4182225.0,0.02308333333333326
9043,4182285.0,0.023157407407407342
9044,4182345.0,0.02321851851851845
9045,4182405.0,0.023284259259259192
9046,4182465.0,0.02325277777777771
9047,4182525.0,0.023222222222222155
9048,4182585.0,0.02305370370370364
9049,4182645.0,0.023040740740740667
9050,4182705.0,0.022924074074074003
9051,4182765.0,0.02278148148148141
9052,4182825.0,0.02261759259259252
9053,4182885.0,0.02251111111111104
9054,4182945.0,0.022348148148148075
9055,4183008.0,0.022199999999999928
9056,4183065.0,0.02218333333333326
9057,4183125.0,0.02211296296296289
9058,4183185.0,0.022048148148148074
9059,4183245.0,0.02204629629629622
9060,4183305.0,0.022247222222222147
9061,4183365.0,0.02238055555555548
9062,4183425.0,0.02241018518518511
9063,4183485.0,0.022503703703703627
9064,4183545.0,0.022540740740740663
9065,4183605.0,0.022614814814814737
9066,4183665.0,0.02268055555555548
9067,4183725.0,0.022734259259259183
9068,4183785.0,0.022803703703703628
9069,4183845.0,0.022887962962962888
9070,4183905.0,0.02309444444444437
9071,4183965.0,0.023074999999999925
9072,4184025.0,0.02299259259259252
9073,4184085.0,0.022940740740740668
9074,4184145.0,0.023052777777777703
9075,4184205.0,0.02323148148148141
9076,4184265.0,0.02331944444444437
9077,4184325.0,0.023432407407407336
9078,4184385.0,0.02360648148148141
9079,4184445.0,0.02375648148148141
9080,4184508.0,0.023874999999999928
9081,4184565.0,0.023929629629629558
9082,4184625.0,0.023960185185185112
9083,4184685.0,0.02396481481481474
9084,4184745.0,0.023951851851851776
9085,4184805.0,0.02384259259259252
9086,4184865.0,0.023765740740740664
9087,4184925.0,0.023909259259259186
9088,4184985.0,0.023813888888888808
9089,4185045.0,0.023722222222222145
9090,4185105.0,0.023722222222222145
9091,4185165.0,0.023711111111111037
9092,4185225.0,0.02371851851851844
9093,4185288.0,0.023794444444444368
9094,4185345.0,0.02391203703703696
9095,4185405.0,0.023933333333333258
9096,4185465.0,0.024122222222222142
9097,4185525.0,0.024174074074074
9098,4185585.0,0.02425740740740733
9099,4185645.0,0.024270370370370296
9100,4185705.0,0.02431481481481474
9101,4185765.0,0.02428611111111104
9102,4185825.0,0.02418981481481474
9103,4185885.0,0.02413333333333326
9104,4185945.0,0.02398240740740733
9105,4186008.0,0.024043518518518447
9106,4186065.0,0.024013888888888817
9107,4186125.0,0.02393703703703696
9108,4186185.0,0.023894444444444368
9109,4186245.0,0.023963888888888816
9110,4186305.0,0.02403518518518511
9111,4186365.0,0.024238888888888813
9112,4186425.0,0.02447592592592585
9113,4186485.0,0.02461851851851844
9114,4186545.0,0.024792592592592515
9115,4186605.0,0.02488703703703696
9116,4186665.0,0.02494166666666659
9117,4186725.0,0.024949074074074
9118,4186785.0,0.024873148148148068
9119,4186845.0,0.024787037037036958
9120,4186905.0,0.024744444444444368
9121,4186965.0,0.024839814814814738
9122,4187025.0,0.024748148148148068
9123,4187085.0,0.02467129629629622
9124,4187145.0,0.024656481481481404
9125,4187205.0,0.024589814814814738
9126,4187265.0,0.024524074074074
9127,4187328.0,0.024490740740740664
9128,4187385.0,0.02438518518518511
9129,4187445.0,0.024374074074074
9130,4187505.0,0.02447037037037029
9131,4187565.0,0.024600925925925846
9132,4187625.0,0.02463703703703696
9133,4187685.0,0.024807407407407327
9134,4187745.0,0.02468333333333325
9135,4187805.0,0.02456111111111103
9136,4187865.0,0.024484259259259174
9137,4187925.0,0.024369444444444364
9138,4187985.0,0.02423981481481473
9139,4188045.0,0.02403888888888881
9140,4188105.0,0.024034259259259182
9141,4188165.0,0.023803703703703626
9142,4188225.0,0.02353981481481473
9143,4188285.0,0.02324722222222214
9144,4188345.0,0.02312222222222214
9145,4188405.0,0.022905555555555474
9146,4188465.0,0.02282222222222214
9147,4188525.0,0.022815740740740657
9148,4188585.0,0.02279166666666658
9149,4188645.0,0.022712962962962883
9150,4188705.0,0.0228064814814814
9151,4188765.0,0.02297870370370362
9152,4188825.0,0.023162037037036957
9153,4188885.0,0.02312777777777769
9154,4188945.0,0.02321574074074066
9155,4189005.0,0.023299999999999918
9156,4189065.0,0.023404629629629543
9157,4189125.0,0.02350370370370362
9158,4189185.0,0.023387037037036956
9159,4189245.0,0.023295370370370286
9160,4189305.0,0.02309999999999992
9161,4189365.0,0.022998148148148063
9162,4189425.0,0.02300277777777769
9163,4189485.0,0.023142592592592503
9164,4189545.0,0.023373148148148063
9165,4189605.0,0.023482407407407323
9166,4189665.0,0.02363796296296288
9167,4189725.0,0.023776851851851768
9168,4189785.0,0.023947222222222137
9169,4189845.0,0.02399351851851844
9170,4189905.0,0.023796296296296208
9171,4189965.0,0.02371759259259251
9172,4190025.0,0.023611111111111027
9173,4190085.0,0.023562962962962883
9174,4190145.0,0.023511111111111028
9175,4190205.0,0.023369444444444363
9176,4190265.0,0.023141666666666585
9177,4190325.0,0.022870370370370287
9178,4190385.0,0.02254444444444436
9179,4190445.0,0.022303703703703617
9180,4190505.0,0.02212870370370362
9181,4190565.0,0.02193333333333325
9182,4190625.0,0.02184629629629621
9183,4190685.0,0.021786111111111027
9184,4190748.0,0.021712962962962882
9185,4190805.0,0.0217064814814814
9186,4190865.0,0.021597222222222136
9187,4190925.0,0.02141851851851843
9188,4190985.0,0.021356481481481396
9189,4191045.0,0.021343518518518432
9190,4191105.0,0.021331481481481392
9191,4191165.0,0.02142222222222213
9192,4191225.0,0.02143703703703695
9193,4191285.0,0.021361111111111025
9194,4191345.0,0.02119999999999991
9195,4191405.0,0.021099074074073985
9196,4191465.0,0.02105740740740732
9197,4191525.0,0.02108703703703695
9198,4191585.0,0.021162037037036948
9199,4191645.0,0.021236111111111018
9200,4191705.0,0.021262962962962872
9201,4191765.0,0.021349074074073986
9202,4191825.0,0.021464814814814718
9203,4191885.0,0.02163611111111102
9204,4191945.0,0.021473148148148057
9205,4192005.0,0.021681481481481392
9206,4192065.0,0.021612962962962872
9207,4192125.0,0.021598148148148057
9208,4192185.0,0.021439814814814724
9209,4192245.0,0.021344444444444357
9210,4192305.0,0.02119722222222213
9211,4192365.0,0.020891666666666576
9212,4192425.0,0.02062129629629621
9213,4192485.0,0.020385185185185097
9214,4192545.0,0.02022222222222213
9215,4192605.0,0.020104629629629545
9216,4192665.0,0.020080555555555463
9217,4192725.0,0.020080555555555463
9218,4192785.0,0.020090740740740645
9219,4192845.0,0.02021851851851843
9220,4192905.0,0.02029351851851843
9221,4192965.0,0.02040370370370361
9222,4193025.0,0.020477777777777692
9223,4193085.0,0.020399074074073983
9224,4193145.0,0.020279629629629543
9225,4193205.0,0.020181481481481398
9226,4193265.0,0.02018055555555547
9227,4193325.0,0.02011666666666658
9228,4193385.0,0.02010740740740732
9229,4193445.0,0.020031481481481397
9230,4193505.0,0.019922222222222133
9231,4193568.0,0.020012037037036943
9232,4193625.0,0.0201888888888888
9233,4193685.0,0.020337962962962874
9234,4193745.0,0.020505555555555468
9235,4193805.0,0.020654629629629544
9236,4193865.0,0.020704629629629545
9237,4193925.0,0.020704629629629545
9238,4193985.0,0.020788888888888805
9239,4194045.0,0.02072777777777769
9240,4194105.0,0.02054629629629621
9241,4194165.0,0.02042592592592584
9242,4194225.0,0.02039629629629621
9243,4194285.0,0.02030092592592584
9244,4194345.0,0.020251851851851767
9245,4194405.0,0.020149999999999915
9246,4194465.0,0.02010925925925917
9247,4194525.0,0.020082407407407327
9248,4194585.0,0.02017314814814806
9249,4194648.0,0.02026481481481473
9250,4194705.0,0.02017129629629621
9251,4194765.0,0.02021481481481473
9252,4194825.0,0.0203314814814814
9253,4194885.0,0.020413888888888808
9254,4194945.0,0.020385185185185103
9255,4195005.0,0.020316666666666584
9256,4195065.0,0.02005833333333325
9257,4195125.0,0.01993240740740733
9258,4195185.0,0.01975462962962955
9259,4195245.0,0.01954074074074066
9260,4195305.0,0.01938888888888881
9261,4195365.0,0.019247222222222145
9262,4195425.0,0.01909166666666659
9263,4195485.0,0.01898703703703696
9264,4195545.0,0.018930555555555482
9265,4195605.0,0.01900555555555548
9266,4195665.0,0.01897037037037029
9267,4195725.0,0.01881018518518511
9268,4195785.0,0.018928703703703625
9269,4195845.0,0.019182407407407332
9270,4195905.0,0.019447222222222144
9271,4195965.0,0.019656481481481403
9272,4196025.0,0.01982037037037029
9273,4196085.0,0.019904629629629557
9274,4196145.0,0.019898148148148068
9275,4196205.0,0.019879629629629556
9276,4196265.0,0.019685185185185108
9277,4196325.0,0.019589814814814737
9278,4196385.0,0.019550925925925847
9279,4196445.0,0.01975462962962955
9280,4196505.0,0.019735185185185102
9281,4196565.0,0.019510185185185103
9282,4196625.0,0.019442592592592515
9283,4196685.0,0.019398148148148067
9284,4196745.0,0.019483333333333252
9285,4196805.0,0.019563888888888808
9286,4196865.0,0.019774074074074
9287,4196925.0,0.019906481481481404
9288,4196985.0,0.020033333333333254
9289,4197045.0,0.02010925925925918
9290,4197105.0,0.01996388888888881
9291,4197165.0,0.019708333333333255
9292,4197225.0,0.019483333333333252
9293,4197285.0,0.01936388888888881
9294,4197345.0,0.019326851851851776
9295,4197405.0,0.01941018518518511
9296,4197465.0,0.01947592592592585
9297,4197525.0,0.019627777777777702
9298,4197585.0,0.01966111111111104
9299,4197645.0,0.019709259259259183
9300,4197705.0,0.019831481481481405
9301,4197765.0,0.019965740740740662
9302,4197825.0,0.020162962962962886
9303,4197885.0,0.020331481481481402
9304,4197945.0,0.020447222222222144
9305,4198005.0,0.02054999999999992
9306,4198065.0,0.0206277777777777
9307,4198125.0,0.020657407407407333
9308,4198185.0,0.02071851851851844
9309,4198245.0,0.020729629629629556
9310,4198305.0,0.020575925925925848
9311,4198365.0,0.02072314814814807
9312,4198425.0,0.020662037037036958
9313,4198485.0,0.020621296296296214
9314,4198545.0,0.02071203703703696
9315,4198605.0,0.020762962962962886
9316,4198665.0,0.020786111111111037
9317,4198725.0,0.020786111111111037
9318,4198785.0,0.02072685185185177
9319,4198845.0,0.02073425925925918
9320,4198905.0,0.02054814814814807
9321,4198965.0,0.020606481481481403
9322,4199025.0,0.020708333333333256
9323,4199085.0,0.020797222222222144
9324,4199145.0,0.02089537037037029
9325,4199208.0,0.020938888888888813
9326,4199265.0,0.020858333333333257
9327,4199325.0,0.02073518518518511
9328,4199385.0,0.02063888888888881
9329,4199445.0,0.020449999999999927
9330,4199505.0,0.02023611111111104
9331,4199565.0,0.020057407407407333
9332,4199625.0,0.01996759259259252
9333,4199685.0,0.020048148148148075
9334,4199745.0,0.019996296296296224
9335,4199805.0,0.019941666666666597
9336,4199865.0,0.019833333333333262
9337,4199925.0,0.01960648148148141
9338,4199985.0,0.019624999999999927
9339,4200045.0,0.019605555555555484
9340,4200105.0,0.01964722222222215
9341,4200165.0,0.019760185185185117
9342,4200225.0,0.01988796296296289
9343,4200285.0,0.019863888888888816
9344,4200345.0,0.019809259259259183
9345,4200405.0,0.01972314814814808
9346,4200465.0,0.019671296296296225
9347,4200525.0,0.01956759259259252
9348,4200588.0,0.019438888888888815
9349,4200645.0,0.019397222222222156
9350,4200705.0,0.01938518518518512
9351,4200768.0,0.019401851851851785
9352,4200825.0,0.01947129629629623
9353,4200885.0,0.01959629629629623
9354,4200945.0,0.01964629629629623
9355,4201005.0,0.01963055555555549
9356,4201065.0,0.019743518518518452
9357,4201125.0,0.01984259259259253
9358,4201185.0,0.020042592592592532
9359,4201245.0,0.020176851851851783
9360,4201305.0,0.020251851851851785
9361,4201365.0,0.020345370370370302
9362,4201425.0,0.020326851851851784
9363,4201485.0,0.02023611111111104
9364,4201545.0,0.020372222222222156
9365,4201605.0,0.020442592592592526
9366,4201665.0,0.020470370370370302
9367,4201725.0,0.02053796296296289
9368,4201785.0,0.02067499999999993
9369,4201845.0,0.02077777777777771
9370,4201905.0,0.020949074074074002
9371,4201965.0,0.02091203703703697
9372,4202025.0,0.021061111111111044
9373,4202085.0,0.02103333333333326
9374,4202145.0,0.020987037037036967
9375,4202205.0,0.02104999999999993
9376,4202265.0,0.021123148148148082
9377,4202325.0,0.02131018518518512
9378,4202385.0,0.02122777777777771
9379,4202445.0,0.02118888888888882
9380,4202505.0,0.02123796296296289
9381,4202565.0,0.02126388888888882
9382,4202625.0,0.02123148148148141
9383,4202685.0,0.021202777777777702
9384,4202745.0,0.02109259259259252
9385,4202805.0,0.02088148148148141
9386,4202865.0,0.02092314814814808
9387,4202925.0,0.020944444444444373
9388,4202985.0,0.02110462962962956
9389,4203045.0,0.02100555555555549
9390,4203105.0,0.02101296296296289
9391,4203165.0,0.020990740740740668
9392,4203225.0,0.0209916666666666
9393,4203285.0,0.020983333333333264
9394,4203345.0,0.02093518518518512
9395,4203405.0,0.020986111111111042
9396,4203465.0,0.02097685185185178
9397,4203525.0,0.020902777777777708
9398,4203585.0,0.020818518518518448
9399,4203645.0,0.020779629629629558
9400,4203705.0,0.020705555555555484
9401,4203765.0,0.02055185185185178
9402,4203825.0,0.02056296296296289
9403,4203885.0,0.020534259259259183
9404,4203945.0,0.020488888888888817
9405,4204005.0,0.02050370370370363
9406,4204065.0,0.020441666666666598
9407,4204125.0,0.02045185185185178
9408,4204185.0,0.020559259259259187
9409,4204245.0,0.020683333333333262
9410,4204305.0,0.02093148148148141
9411,4204365.0,0.021065740740740663
9412,4204425.0,0.021299999999999927
9413,4204485.0,0.02135462962962956
9414,4204545.0,0.02150462962962956
9415,4204605.0,0.021754629629629558
9416,4204668.0,0.02209722222222215
9417,4204725.0,0.022438888888888817
9418,4204785.0,0.022698148148148075
9419,4204845.0,0.02299259259259252
9420,4204905.0,0.02328148148148141
9421,4204965.0,0.02372037037037029
9422,4205025.0,0.024097222222222145
9423,4205085.0,0.02443055555555548
9424,4205145.0,0.024668518518518444
9425,4205205.0,0.02490092592592585
9426,4205265.0,0.025124999999999925
9427,4205325.0,0.02536388888888881
9428,4205385.0,0.02558240740740733
9429,4205445.0,0.025729629629629557
9430,4205505.0,0.025867592592592515
9431,4205565.0,0.025940740740740664
9432,4205625.0,0.026081481481481403
9433,4205685.0,0.02631388888888881
9434,4205745.0,0.02664351851851844
9435,4205805.0,0.02699537037037029
9436,4205865.0,0.02731574074074066
9437,4205925.0,0.027547222222222147
9438,4205985.0,0.027693518518518444
9439,4206045.0,0.027928703703703633
9440,4206105.0,0.028190740740740662
9441,4206165.0,0.02854259259259252
9442,4206225.0,0.028777777777777708
9443,4206285.0,0.02887592592592585
9444,4206345.0,0.028998148148148075
9445,4206405.0,0.029249999999999925
9446,4206465.0,0.02954444444444437
9447,4206525.0,0.029832407407407325
9448,4206585.0,0.02995092592592585
9449,4206645.0,0.029933333333333256
9450,4206705.0,0.029893518518518437
9451,4206765.0,0.029989814814814737
9452,4206825.0,0.030124074074073994
9453,4206885.0,0.03028333333333325
9454,4206945.0,0.030422222222222142
9455,4207005.0,0.03053333333333325
9456,4207065.0,0.030735185185185105
9457,4207125.0,0.03100833333333325
9458,4207185.0,0.03128611111111103
9459,4207245.0,0.031410185185185104
9460,4207305.0,0.031664814814814736
9461,4207365.0,0.031823148148148066
9462,4207425.0,0.031937037037036965
9463,4207485.0,0.03207592592592585
9464,4207545.0,0.03227222222222215
9465,4207608.0,0.03228240740740733
9466,4207665.0,0.03222314814814807
9467,4207725.0,0.03222314814814807
9468,4207785.0,0.03221666666666659
9469,4207845.0,0.032331481481481406
9470,4207905.0,0.032628703703703625
9471,4207965.0,0.03296759259259252
9472,4208025.0,0.03321296296296288
9473,4208085.0,0.03334351851851844
9474,4208145.0,0.03340092592592585
9475,4208208.0,0.03343703703703696
9476,4208265.0,0.03357962962962955
9477,4208325.0,0.033710185185185114
9478,4208385.0,0.033943518518518435
9479,4208445.0,0.03414722222222215
9480,4208505.0,0.03420092592592585
9481,4208565.0,0.034243518518518444
9482,4208625.0,0.034356481481481405
9483,4208685.0,0.034511111111111034
9484,4208745.0,0.03466296296296289
9485,4208805.0,0.03469074074074067
9486,4208865.0,0.034596296296296215
9487,4208925.0,0.03448240740740734
9488,4208985.0,0.034380555555555484
9489,4209045.0,0.034314814814814736
9490,4209105.0,0.03436018518518511
9491,4209165.0,0.03417592592592585
9492,4209225.0,0.03421296296296289
9493,4209285.0,0.03420555555555548
9494,4209345.0,0.03409814814814807
9495,4209405.0,0.034001851851851776
9496,4209465.0,0.033868518518518444
9497,4209525.0,0.03393518518518511
9498,4209585.0,0.03397129629629622
9499,4209645.0,0.03410185185185178
9500,4209705.0,0.03428518518518511
9501,4209765.0,0.03435925925925919
9502,4209825.0,0.034402777777777706
9503,4209885.0,0.03444722222222215
9504,4209945.0,0.034387962962962884
9505,4210005.0,0.034371296296296226
9506,4210065.0,0.034399074074074006
9507,4210125.0,0.03442962962962956
9508,4210185.0,0.03445370370370363
9509,4210245.0,0.03454351851851845
9510,4210305.0,0.034618518518518444
9511,4210365.0,0.034649999999999924
9512,4210425.0,0.034656481481481406
9513,4210485.0,0.034713888888888815
9514,4210545.0,0.03482592592592585
9515,4210605.0,0.034889814814814735
9516,4210665.0,0.035037037037036964
9517,4210725.0,0.035186111111111036
9518,4210788.0,0.03534722222222215
9519,4210848.0,0.035549074074074
9520,4210905.0,0.035699999999999926
9521,4210965.0,0.035646296296296225
9522,4211025.0,0.03563425925925918
9523,4211085.0,0.03563055555555548
9524,4211145.0,0.035660185185185114
9525,4211205.0,0.035714814814814734
9526,4211265.0,0.035700925925925844
9527,4211325.0,0.03589166666666658
9528,4211385.0,0.03590833333333325
9529,4211445.0,0.03594074074074065
9530,4211505.0,0.03595555555555547
9531,4211565.0,0.035895370370370286
9532,4211625.0,0.03589444444444436
9533,4211685.0,0.035784259259259175
9534,4211745.0,0.03568333333333325
9535,4211805.0,0.03575925925925917
9536,4211865.0,0.03575462962962954
9537,4211925.0,0.03567222222222213
9538,4211985.0,0.0356888888888888
9539,4212045.0,0.035635185185185096
9540,4212105.0,0.035694444444444355
9541,4212165.0,0.03572685185185176
9542,4212225.0,0.03585277777777768
9543,4212285.0,0.03604074074074065
9544,4212345.0,0.035860185185185085
9545,4212405.0,0.035680555555555465
9546,4212465.0,0.03575833333333325
9547,4212525.0,0.03585833333333325
9548,4212585.0,0.035700925925925844
9549,4212645.0,0.035678703703703615
9550,4212705.0,0.035475925925925834
9551,4212765.0,0.035488888888888806
9552,4212825.0,0.03549444444444436
9553,4212885.0,0.03559814814814806
9554,4212945.0,0.03573703703703696
9555,4213005.0,0.03569999999999992
9556,4213065.0,0.035528703703703625
9557,4213125.0,0.035213888888888815
9558,4213185.0,0.03514166666666658
9559,4213245.0,0.03507962962962955
9560,4213305.0,0.034905555555555474
9561,4213365.0,0.0347064814814814
9562,4213425.0,0.03458981481481473
9563,4213485.0,0.034568518518518436
9564,4213545.0,0.034625925925925845
9565,4213605.0,0.034913888888888814
9566,4213665.0,0.035000925925925845
9567,4213725.0,0.035020370370370285
9568,4213785.0,0.034973148148148066
9569,4213845.0,0.03506388888888881
9570,4213905.0,0.03518703703703696
9571,4213965.0,0.03531944444444437
9572,4214025.0,0.035351851851851766
9573,4214085.0,0.0353527777777777
9574,4214145.0,0.035322222222222144
9575,4214205.0,0.035378703703703634
9576,4214265.0,0.035322222222222144
9577,4214325.0,0.035421296296296215
9578,4214385.0,0.035540740740740664
9579,4214445.0,0.03569259259259251
9580,4214505.0,0.03592407407407399
9581,4214565.0,0.0360851851851851
9582,4214625.0,0.036012037037036954
9583,4214685.0,0.03601574074074066
9584,4214745.0,0.036035185185185115
9585,4214805.0,0.03598425925925918
9586,4214865.0,0.035924999999999915
9587,4214925.0,0.03586759259259252
9588,4214985.0,0.03581759259259251
9589,4215045.0,0.035869444444444364
9590,4215105.0,0.035810185185185105
9591,4215165.0,0.03569074074074066
9592,4215225.0,0.03531203703703696
9593,4215285.0,0.03511666666666659
9594,4215345.0,0.03499629629629622
9595,4215405.0,0.0348453703703703
9596,4215465.0,0.03454629629629622
9597,4215525.0,0.034380555555555484
9598,4215585.0,0.034132407407407334
9599,4215645.0,0.033807407407407335
9600,4215705.0,0.03349166666666658
9601,4215765.0,0.033070370370370285
9602,4215825.0,0.03265092592592585
9603,4215885.0,0.03247962962962955
9604,4215945.0,0.032349074074073995
9605,4216005.0,0.032187962962962884
9606,4216065.0,0.031894444444444364
9607,4216125.0,0.031674074074073987
9608,4216185.0,0.03151666666666659
9609,4216245.0,0.03133333333333325
9610,4216305.0,0.031195370370370294
9611,4216365.0,0.031224999999999926
9612,4216425.0,0.031174999999999918
9613,4216485.0,0.03095092592592585
9614,4216545.0,0.030739814814814737
9615,4216605.0,0.030501851851851777
9616,4216665.0,0.030310185185185107
9617,4216725.0,0.03002962962962955
9618,4216785.0,0.029916666666666588
9619,4216845.0,0.029847222222222143
9620,4216905.0,0.02963333333333325
9621,4216965.0,0.029303703703703624
9622,4217025.0,0.029385185185185105
9623,4217085.0,0.029213888888888807
9624,4217145.0,0.028988888888888807
9625,4217205.0,0.028613888888888807
9626,4217265.0,0.028324074074073988
9627,4217325.0,0.028313888888888805
9628,4217385.0,0.028287037037036958
9629,4217445.0,0.028162037037036958
9630,4217505.0,0.028140740740740657
9631,4217565.0,0.028004629629629543
9632,4217625.0,0.027804629629629547
9633,4217685.0,0.02759259259259251
9634,4217745.0,0.027502777777777696
9635,4217805.0,0.027425925925925843
9636,4217865.0,0.027427777777777697
9637,4217925.0,0.027354629629629548
9638,4217985.0,0.027242592592592516
9639,4218045.0,0.02712962962962955
9640,4218105.0,0.027021296296296217
9641,4218165.0,0.02709351851851844
9642,4218225.0,0.02725185185185177
9643,4218285.0,0.027268518518518442
9644,4218345.0,0.02698703703703696
9645,4218405.0,0.026900925925925846
9646,4218465.0,0.026812037037036964
9647,4218525.0,0.026841666666666597
9648,4218585.0,0.026755555555555484
9649,4218645.0,0.02661574074074067
9650,4218705.0,0.02643148148148141
9651,4218765.0,0.02622777777777771
9652,4218825.0,0.02601574074074067
9653,4218885.0,0.025825925925925853
9654,4218945.0,0.025638888888888812
9655,4219005.0,0.025424074074074
9656,4219065.0,0.02514444444444437
9657,4219125.0,0.024849999999999928
9658,4219185.0,0.024683333333333262
9659,4219245.0,0.024535185185185115
9660,4219305.0,0.024499999999999928
9661,4219365.0,0.024295370370370297
9662,4219425.0,0.023985185185185116
9663,4219485.0,0.023915740740740668
9664,4219545.0,0.023914814814814743
9665,4219605.0,0.023996296296296224
9666,4219665.0,0.024210185185185112
9667,4219725.0,0.024382407407407332
9668,4219785.0,0.024555555555555483
9669,4219845.0,0.024659259259259183
9670,4219905.0,0.02471944444444437
9671,4219965.0,0.02481666666666659
9672,4220025.0,0.02488703703703696
9673,4220085.0,0.024899074074074
9674,4220145.0,0.02504259259259252
9675,4220205.0,0.02511666666666659
9676,4220265.0,0.02533425925925918
9677,4220325.0,0.02549351851851844
9678,4220385.0,0.025508333333333254
9679,4220445.0,0.025546296296296216
9680,4220505.0,0.025642592592592512
9681,4220565.0,0.025654629629629548
9682,4220625.0,0.025724074074073996
9683,4220685.0,0.02567962962962955
9684,4220745.0,0.025641666666666587
9685,4220805.0,0.025597222222222143
9686,4220865.0,0.025606481481481404
9687,4220925.0,0.025587962962962885
9688,4220988.0,0.025400925925925848
9689,4221045.0,0.025332407407407328
9690,4221105.0,0.025257407407407333
9691,4221165.0,0.0251814814814814
9692,4221225.0,0.025082407407407328
9693,4221285.0,0.025165740740740662
9694,4221345.0,0.02512962962962955
9695,4221405.0,0.025135185185185108
9696,4221465.0,0.02507037037037029
9697,4221525.0,0.024965740740740663
9698,4221585.0,0.024801851851851773
9699,4221645.0,0.0246277777777777
9700,4221705.0,0.02457592592592585
9701,4221765.0,0.024532407407407333
9702,4221825.0,0.02442314814814807
9703,4221885.0,0.024382407407407332
9704,4221945.0,0.024259259259259185
9705,4222005.0,0.024159259259259186
9706,4222065.0,0.02431944444444437
9707,4222125.0,0.024227777777777702
9708,4222185.0,0.024236111111111038
9709,4222245.0,0.024224074074074
9710,4222305.0,0.024171296296296226
9711,4222365.0,0.024244444444444367
9712,4222425.0,0.02419259259259252
9713,4222485.0,0.02420185185185178
9714,4222545.0,0.02428333333333326
9715,4222605.0,0.02426111111111104
9716,4222665.0,0.024188888888888812
9717,4222725.0,0.02425833333333326
9718,4222785.0,0.02429074074074067
9719,4222845.0,0.024369444444444367
9720,4222905.0,0.024239814814814745
9721,4222965.0,0.02441296296296289
9722,4223025.0,0.02417222222222215
9723,4223088.0,0.024070370370370298
9724,4223145.0,0.024150925925925854
9725,4223205.0,0.024469444444444374
9726,4223265.0,0.024274999999999932
9727,4223325.0,0.024100925925925856
9728,4223385.0,0.024100925925925856
9729,4223445.0,0.02397962962962956
9730,4223505.0,0.024124074074074003
9731,4223565.0,0.024151851851851786
9732,4223625.0,0.0242703703703703
9733,4223685.0,0.024319444444444373
9734,4223745.0,0.02421574074074067
9735,4223805.0,0.024372222222222156
9736,4223865.0,0.02473796296296289
9737,4223925.0,0.024980555555555485
9738,4223985.0,0.02505462962962956
9739,4224045.0,0.025030555555555483
9740,4224105.0,0.025046296296296226
9741,4224168.0,0.025156481481481408
9742,4224225.0,0.02530740740740733
9743,4224285.0,0.02543981481481474
9744,4224348.0,0.0256527777777777
9745,4224405.0,0.025617592592592518
9746,4224465.0,0.02553240740740733
9747,4224528.0,0.02546018518518511
9748,4224585.0,0.025713888888888814
9749,4224645.0,0.02605833333333326
9750,4224705.0,0.026002777777777705
9751,4224765.0,0.026185185185185117
9752,4224825.0,0.026427777777777703
9753,4224885.0,0.026663888888888817
9754,4224945.0,0.026699999999999932
9755,4225005.0,0.026731481481481408
9756,4225065.0,0.026811111111111043
9757,4225125.0,0.026869444444444376
9758,4225188.0,0.02695370370370364
9759,4225245.0,0.02699351851851845
9760,4225305.0,0.02687499999999993
9761,4225365.0,0.02702592592592586
9762,4225425.0,0.027415740740740675
9763,4225485.0,0.027533333333333267
9764,4225545.0,0.02769999999999993
9765,4225605.0,0.02775370370370364
9766,4225665.0,0.027917592592592532
9767,4225728.0,0.027907407407407343
9768,4225785.0,0.028136111111111046
9769,4225845.0,0.02809629629629623
9770,4225908.0,0.02813981481481475
9771,4225965.0,0.02818333333333327
9772,4226025.0,0.02811481481481475
9773,4226085.0,0.028036111111111046
9774,4226145.0,0.02784907407407401
9775,4226205.0,0.02764722222222216
9776,4226265.0,0.0275666666666666
9777,4226325.0,0.027683333333333268
9778,4226385.0,0.02783055555555549
9779,4226445.0,0.028132407407407342
9780,4226505.0,0.0283629629629629
9781,4226565.0,0.028607407407407345
9782,4226625.0,0.02897685185185178
9783,4226685.0,0.029084259259259188
9784,4226745.0,0.0290916666666666
9785,4226805.0,0.029257407407407336
9786,4226865.0,0.029696296296296224
9787,4226925.0,0.03009351851851845
9788,4226985.0,0.030347222222222157
9789,4227045.0,0.030463888888888818
9790,4227105.0,0.030577777777777714
9791,4227165.0,0.030572222222222157
9792,4227225.0,0.030698148148148082
9793,4227288.0,0.03052314814814808
9794,4227345.0,0.030799999999999925
9795,4227405.0,0.030832407407407336
9796,4227465.0,0.031019444444444374
9797,4227525.0,0.031289814814814736
9798,4227585.0,0.031481481481481416
9799,4227645.0,0.031613888888888816
9800,4227705.0,0.031744444444444374
9801,4227765.0,0.031949074074074005
9802,4227825.0,0.031806481481481415
9803,4227885.0,0.0320092592592592
9804,4227945.0,0.03231759259259253
9805,4228005.0,0.03278148148148142
9806,4228065.0,0.03312499999999994
9807,4228125.0,0.03309722222222216
9808,4228185.0,0.033092592592592535
9809,4228245.0,0.0331342592592592
9810,4228305.0,0.033107407407407335
9811,4228368.0,0.03329351851851845
9812,4228425.0,0.033449074074074006
9813,4228485.0,0.03367592592592586
9814,4228545.0,0.033708333333333264
9815,4228605.0,0.033855555555555486
9816,4228665.0,0.03392222222222215
9817,4228725.0,0.03407499999999993
9818,4228788.0,0.03424999999999993
9819,4228845.0,0.034324074074074014
9820,4228905.0,0.034325925925925864
9821,4228965.0,0.034267592592592516
9822,4229025.0,0.034204629629629564
9823,4229085.0,0.03428518518518511
9824,4229145.0,0.03466759259259252
9825,4229205.0,0.034775925925925856
9826,4229265.0,0.034750925925925866
9827,4229325.0,0.034774074074074006
9828,4229385.0,0.034996296296296234
9829,4229445.0,0.03528611111111104
9830,4229505.0,0.03554999999999993
9831,4229565.0,0.03573611111111104
9832,4229625.0,0.035913888888888815
9833,4229685.0,0.036171296296296215
9834,4229745.0,0.03649444444444437
9835,4229805.0,0.036787037037036965
9836,4229865.0,0.037099074074074
9837,4229925.0,0.037358333333333264
9838,4229985.0,0.03748240740740733
9839,4230045.0,0.03758888888888881
9840,4230105.0,0.037662962962962884
9841,4230165.0,0.037909259259259184
9842,4230225.0,0.03825462962962955
9843,4230285.0,0.03822314814814807
9844,4230345.0,0.038124074074074
9845,4230405.0,0.03801666666666659
9846,4230465.0,0.03801574074074066
9847,4230525.0,0.03809444444444437
9848,4230585.0,0.03816203703703696
9849,4230645.0,0.03820925925925918
9850,4230705.0,0.038133333333333255
9851,4230765.0,0.03808055555555548
9852,4230825.0,0.0380314814814814
9853,4230885.0,0.038157407407407334
9854,4230945.0,0.0382814814814814
9855,4231005.0,0.03842129629629622
9856,4231065.0,0.03855925925925918
9857,4231125.0,0.03841203703703696
9858,4231185.0,0.03852129629629622
9859,4231245.0,0.03846851851851845
9860,4231305.0,0.03863796296296289
9861,4231365.0,0.038810185185185114
9862,4231425.0,0.03893796296296288
9863,4231485.0,0.03909629629629622
9864,4231545.0,0.039310185185185115
9865,4231605.0,0.03962129629629622
9866,4231665.0,0.03994537037037029
9867,4231725.0,0.0399527777777777
9868,4231785.0,0.04030462962962955
9869,4231845.0,0.04059999999999992
9870,4231905.0,0.040955555555555474
9871,4231965.0,0.041265740740740665
9872,4232025.0,0.04167222222222214
9873,4232085.0,0.04189166666666658
9874,4232145.0,0.04212499999999992
9875,4232205.0,0.042351851851851766
9876,4232265.0,0.04255092592592585
9877,4232325.0,0.042897222222222135
9878,4232385.0,0.04317870370370362
9879,4232445.0,0.04347314814814807
9880,4232505.0,0.043599074074073985
9881,4232565.0,0.0436388888888888
9882,4232625.0,0.043744444444444364
9883,4232685.0,0.043895370370370286
9884,4232745.0,0.0441851851851851
9885,4232805.0,0.04443981481481473
9886,4232865.0,0.04440555555555547
9887,4232925.0,0.04449999999999992
9888,4232985.0,0.04458333333333325
9889,4233045.0,0.04484351851851843
9890,4233105.0,0.045210185185185096
9891,4233165.0,0.04545555555555546
9892,4233225.0,0.04577870370370361
9893,4233285.0,0.04604166666666658
9894,4233345.0,0.04610092592592584
9895,4233405.0,0.04622962962962954
9896,4233465.0,0.04654537037037028
9897,4233525.0,0.04670833333333324
9898,4233585.0,0.04677222222222213
