,time,mmt
0,1827825.0,0.24856555904456518
1,1827885.0,0.2487116516765583
2,1827945.0,0.24877923948335032
3,1828005.0,0.24808708532872598
4,1828065.0,0.24773695137447
5,1828125.0,0.2469943646493984
6,1828185.0,0.24568224686405304
7,1828245.0,0.24448601991519767
8,1828305.0,0.2437329235473694
9,1828365.0,0.24320477976951366
10,1828425.0,0.24251823223231347
11,1828488.0,0.24164584976416909
12,1828545.0,0.24176805403447332
13,1828605.0,0.24285920104729075
14,1828665.0,0.24342288918599922
15,1828725.0,0.24379397605481073
16,1828785.0,0.2442088299404032
17,1828845.0,0.2452739832200673
18,1828905.0,0.24592887435924826
19,1828965.0,0.24502856698526557
20,1829025.0,0.24437776723055496
21,1829085.0,0.24190672454922538
22,1829145.0,0.23966212409565937
23,1829208.0,0.23783301208517074
24,1829265.0,0.23584964533692
25,1829325.0,0.2349552886515393
26,1829385.0,0.23422234477633747
27,1829445.0,0.23337542980784276
28,1829505.0,0.2334469010211844
29,1829565.0,0.23355520195835536
30,1829625.0,0.23328769113642123
31,1829685.0,0.23414624018404656
32,1829745.0,0.2353823101780073
33,1829805.0,0.23610989307071184
34,1829865.0,0.23672744192494766
35,1829925.0,0.23664359253421482
36,1829985.0,0.23678580418778286
37,1830045.0,0.2370281334052289
38,1830105.0,0.23716642720782663
39,1830165.0,0.23688482898673113
40,1830225.0,0.23664369922747502
41,1830285.0,0.23573147736211125
42,1830345.0,0.23510917046351232
43,1830405.0,0.23477622142563742
44,1830465.0,0.23386769476692706
45,1830525.0,0.2325987069858605
46,1830585.0,0.23145966246695374
47,1830645.0,0.2304914292565022
48,1830705.0,0.2291631761740217
49,1830765.0,0.22871812501509908
50,1830825.0,0.22853021710718965
51,1830885.0,0.2292038974077949
52,1830945.0,0.23027473453587627
53,1831005.0,0.23118240098629136
54,1831065.0,0.2322248575930482
55,1831125.0,0.2323402823551362
56,1831185.0,0.2325921268916265
57,1831245.0,0.2329078526331105
58,1831305.0,0.23186955505821355
59,1831365.0,0.23064575072392002
60,1831425.0,0.23000062443123476
61,1831485.0,0.22929829396906845
62,1831545.0,0.22848882195446615
63,1831605.0,0.22721183299385905
64,1831665.0,0.22815775732532925
65,1831725.0,0.22859625749507098
66,1831785.0,0.22860207028882132
67,1831845.0,0.22857965858235973
68,1831905.0,0.22856439840958834
69,1831965.0,0.2286179358314286
70,1832025.0,0.22840225044880694
71,1832085.0,0.22805967453305492
72,1832145.0,0.2276821641131024
73,1832205.0,0.22747144187923385
74,1832265.0,0.22752445936389784
75,1832325.0,0.22770652953504966
76,1832385.0,0.2278871453857387
77,1832445.0,0.22675445580047324
78,1832505.0,0.2257995362604739
79,1832565.0,0.2245261388747376
80,1832625.0,0.2233052612022515
81,1832685.0,0.22269507300229688
82,1832745.0,0.22350511144178292
83,1832805.0,0.2243752698496362
84,1832865.0,0.22538112967270751
85,1832925.0,0.22664215382046862
86,1832985.0,0.2277056374685702
87,1833045.0,0.2286484083311497
88,1833105.0,0.22858086362004645
89,1833165.0,0.2285047327072351
90,1833225.0,0.2283945908919464
91,1833285.0,0.228330949266926
92,1833345.0,0.22838271131930082
93,1833405.0,0.22869915457086268
94,1833465.0,0.22902581693077514
95,1833525.0,0.22847611719948802
96,1833585.0,0.22807062149987087
97,1833645.0,0.22669309663479867
98,1833705.0,0.2253202749287904
99,1833765.0,0.22408451367215274
100,1833825.0,0.22379097419910332
101,1833885.0,0.22340273527228213
102,1833945.0,0.22401459592320397
103,1834005.0,0.22423556669974967
104,1834065.0,0.22438628887719558
105,1834125.0,0.22440956844548127
106,1834185.0,0.22437151745303935
107,1834245.0,0.2243045058065718
108,1834305.0,0.22441692835412827
109,1834365.0,0.22487290071000202
110,1834425.0,0.2250696851298367
111,1834485.0,0.22514175273120893
112,1834545.0,0.22385537182240262
113,1834605.0,0.2228541022769355
114,1834665.0,0.22216661199427531
115,1834725.0,0.2215270628643417
116,1834785.0,0.22064344776970593
117,1834845.0,0.21955698691825073
118,1834905.0,0.21840582736691774
119,1834965.0,0.2172047172571892
120,1835025.0,0.21701771074727877
121,1835085.0,0.21665105982341268
122,1835145.0,0.21621263670218982
123,1835205.0,0.21572755215590278
124,1835265.0,0.21562178884722785
125,1835325.0,0.2165124657440392
126,1835385.0,0.21797386074379432
127,1835445.0,0.21978361655810436
128,1835505.0,0.21992777801650523
129,1835568.0,0.22021449079606725
130,1835625.0,0.22076926268441424
131,1835685.0,0.2210857075274299
132,1835745.0,0.22118498538848072
133,1835805.0,0.2207099055110092
134,1835865.0,0.21991319598899936
135,1835925.0,0.21896760436742077
136,1835988.0,0.21796935256846314
137,1836045.0,0.21689446266940154
138,1836105.0,0.21574187540449646
139,1836165.0,0.2155753975228783
140,1836225.0,0.21529566952685758
141,1836285.0,0.21519390531169016
142,1836345.0,0.2151833277561899
143,1836405.0,0.21514730583213545
144,1836465.0,0.2150452567754363
145,1836525.0,0.21480665979851135
146,1836585.0,0.21444729572642682
147,1836645.0,0.2143065028350089
148,1836705.0,0.21427016769990698
149,1836765.0,0.21421454694134054
150,1836825.0,0.21420020038277968
151,1836885.0,0.2142219444431322
152,1836945.0,0.21429475447907093
153,1837005.0,0.21351810120434128
154,1837065.0,0.21262770342166984
155,1837125.0,0.21216815507960887
156,1837185.0,0.21147940271687748
157,1837245.0,0.21078115565629307
158,1837305.0,0.21009732420289806
159,1837365.0,0.2093717057511691
160,1837425.0,0.20851146008996774
161,1837485.0,0.20848903044213962
162,1837545.0,0.2083438989046865
163,1837605.0,0.20816825871903402
164,1837665.0,0.2081748915269792
165,1837725.0,0.20820335054755207
166,1837785.0,0.2081618934988861
167,1837845.0,0.20804569905422046
168,1837905.0,0.20787166391050216
169,1837965.0,0.20767060639316734
170,1838025.0,0.2076596894374154
171,1838085.0,0.20787143375042483
172,1838145.0,0.20828194515019985
173,1838205.0,0.20792717628216048
174,1838265.0,0.2071489920197983
175,1838325.0,0.20612398751537384
176,1838385.0,0.2047417972755237
177,1838445.0,0.20333534050556526
178,1838505.0,0.20212746309991916
179,1838565.0,0.20115873963225336
180,1838625.0,0.20006258699824694
181,1838685.0,0.19977222383971482
182,1838745.0,0.19953430835768254
183,1838805.0,0.1992587029416062
184,1838865.0,0.19893553168738926
185,1838925.0,0.19880532477353638
186,1838985.0,0.19875906883583758
187,1839045.0,0.1986496729601892
188,1839105.0,0.19836672894832805
189,1839165.0,0.19788092685755987
190,1839228.0,0.19757931581382437
191,1839285.0,0.19743128459042292
192,1839345.0,0.19623216853046344
193,1839405.0,0.19492025308080888
194,1839465.0,0.19417156112934011
195,1839528.0,0.1935374877083277
196,1839588.0,0.1931088025857133
197,1839645.0,0.19220295580430644
198,1839705.0,0.19117531703975627
199,1839765.0,0.19106884498164448
200,1839825.0,0.19087355545958715
201,1839885.0,0.1905324763115645
202,1839945.0,0.1900494133375479
203,1840005.0,0.18966861094513723
204,1840065.0,0.1893858064619779
205,1840125.0,0.1890853266567355
206,1840185.0,0.18875025273894927
207,1840245.0,0.18833685426332736
208,1840305.0,0.1878243278546231
209,1840365.0,0.18728954810636927
210,1840425.0,0.18699141625199378
211,1840485.0,0.1854982764688866
212,1840545.0,0.18357161531867386
213,1840605.0,0.18217476651179546
214,1840665.0,0.18095159524896012
215,1840725.0,0.18065647680725427
216,1840785.0,0.180289819188418
217,1840845.0,0.17984053537755412
218,1840905.0,0.17943891213226812
219,1840965.0,0.17940916925115488
220,1841025.0,0.17944698912216364
221,1841085.0,0.17944608213059654
222,1841145.0,0.17936418458591952
223,1841205.0,0.17911265174798646
224,1841265.0,0.1789611992911786
225,1841325.0,0.1789329413553807
226,1841385.0,0.17895903336135124
227,1841445.0,0.1790750748229468
228,1841505.0,0.17940527667461453
229,1841565.0,0.17886009972833142
230,1841625.0,0.1780041740403576
231,1841685.0,0.17709133220485654
232,1841745.0,0.17574389059917486
233,1841805.0,0.17447099194676344
234,1841865.0,0.173104638508482
235,1841925.0,0.17271510192112793
236,1841985.0,0.1723617042940395
237,1842045.0,0.17194328854909138
238,1842105.0,0.17180654551843846
239,1842165.0,0.1717176211020919
240,1842225.0,0.17157500535920656
241,1842285.0,0.17116833684444585
242,1842345.0,0.1708341718681784
243,1842405.0,0.17080514358113552
244,1842465.0,0.16863915973590599
245,1842525.0,0.16700955610056017
246,1842585.0,0.16582733592487436
247,1842645.0,0.16557266573790433
248,1842705.0,0.1653257498378161
249,1842765.0,0.16498450561788347
250,1842825.0,0.16490906293008215
251,1842885.0,0.165039528228613
252,1842945.0,0.16523369997839696
253,1843005.0,0.16535530476664656
254,1843065.0,0.1654663311699057
255,1843125.0,0.1654242594852922
256,1843185.0,0.16533026225907
257,1843245.0,0.16539896031222912
258,1843305.0,0.16551666028622786
259,1843365.0,0.16570737703941696
260,1843425.0,0.16595031386004638
261,1843485.0,0.1655877414556796
262,1843545.0,0.16472039139547484
263,1843605.0,0.1637227933602814
264,1843665.0,0.16246010073801997
265,1843725.0,0.16076549917577987
266,1843785.0,0.15937742878453584
267,1843845.0,0.15811648989483018
268,1843905.0,0.1577993253875386
269,1843965.0,0.15744310770530792
270,1844025.0,0.15713234575388293
271,1844085.0,0.15694323780420408
272,1844145.0,0.15668192397840644
273,1844205.0,0.15614900492447326
274,1844265.0,0.1557303350689301
275,1844325.0,0.15549306170067503
276,1844385.0,0.15527483508714843
277,1844445.0,0.1551227475014721
278,1844505.0,0.15505314778928891
279,1844565.0,0.15506373858146344
280,1844625.0,0.15516383091487093
281,1844685.0,0.15532552688324308
282,1844745.0,0.15446683183707263
283,1844805.0,0.15273954881761803
284,1844868.0,0.1510411126610439
285,1844925.0,0.1507821990162869
286,1844985.0,0.15060334552038093
287,1845045.0,0.15038745218838145
288,1845105.0,0.15000367360570513
289,1845165.0,0.1494730782367524
290,1845225.0,0.14921373081242895
291,1845285.0,0.14904049895032817
292,1845345.0,0.14889632455732119
293,1845405.0,0.1486177914520244
294,1845465.0,0.14814358024989752
295,1845525.0,0.14765586762145205
296,1845585.0,0.14738691044960164
297,1845645.0,0.14719268354421272
298,1845705.0,0.14705406265122983
299,1845765.0,0.14695659895972338
300,1845825.0,0.14689184551728168
301,1845885.0,0.14688821136269298
302,1845945.0,0.1469572928703673
303,1846005.0,0.14712907731262595
304,1846065.0,0.1473372009839865
305,1846125.0,0.1465878832173009
306,1846185.0,0.14518163586499552
307,1846245.0,0.14333362541806122
308,1846305.0,0.14299782077578163
309,1846368.0,0.14257807717339635
310,1846425.0,0.14199961667223215
311,1846485.0,0.14168363664775988
312,1846545.0,0.14174672720088277
313,1846605.0,0.14180539453936564
314,1846665.0,0.1417986906141477
315,1846725.0,0.14167420253130203
316,1846785.0,0.14143170585879566
317,1846845.0,0.14117034960596986
318,1846905.0,0.14104351911369944
319,1846965.0,0.14095692985485558
320,1847025.0,0.14086711879565453
321,1847085.0,0.1407611189528343
322,1847145.0,0.14063577125408508
323,1847205.0,0.1405071669688671
324,1847265.0,0.14036086419679328
325,1847325.0,0.14020924590201586
326,1847385.0,0.14007199991923144
327,1847445.0,0.13994224218665866
328,1847505.0,0.13983373106935687
329,1847565.0,0.13979446335890441
330,1847625.0,0.1397397505385612
331,1847685.0,0.13967265152682246
332,1847745.0,0.13962335405973467
333,1847805.0,0.13958329400543396
334,1847865.0,0.13955155397966312
335,1847925.0,0.13952740111332418
336,1847985.0,0.13952222021913774
337,1848045.0,0.13948874219138888
338,1848105.0,0.13941189346216604
339,1848165.0,0.13933213500283154
340,1848225.0,0.1392533978332905
341,1848285.0,0.13918883698980675
342,1848345.0,0.13915758929186295
343,1848405.0,0.1391504833561287
344,1848465.0,0.13910736835885773
345,1848525.0,0.13897971602336398
346,1848585.0,0.13881588917572982
347,1848645.0,0.13863716624797312
348,1848705.0,0.13841753342737373
349,1848765.0,0.13818061934180517
350,1848825.0,0.1379219316995236
351,1848885.0,0.13763999852239206
352,1848945.0,0.13736159960748479
353,1849005.0,0.13707572403173768
354,1849065.0,0.13678164369186574
355,1849125.0,0.13648154346482078
356,1849185.0,0.13619394903129936
357,1849245.0,0.1359748609902406
358,1849305.0,0.13584355127818393
359,1849368.0,0.13574645546147382
360,1849428.0,0.1357233449437948
361,1849485.0,0.13571963148271762
362,1849545.0,0.1357464347487118
363,1849605.0,0.13579808104139193
364,1849665.0,0.13589119169631375
365,1849725.0,0.13597905372972238
366,1849785.0,0.1360565542133727
367,1849845.0,0.1361741179765507
368,1849905.0,0.13630400447290186
369,1849965.0,0.13642593319216897
370,1850025.0,0.13655521742245136
371,1850085.0,0.1366876335769504
372,1850145.0,0.13679268955779422
373,1850205.0,0.13685710371564946
374,1850265.0,0.1368486923378858
375,1850325.0,0.13683144463063446
376,1850385.0,0.1368208097900174
377,1850445.0,0.13677983623083953
378,1850505.0,0.13670554449884637
379,1850565.0,0.13662177670166165
380,1850625.0,0.13656604837058703
381,1850685.0,0.13651659385752996
382,1850745.0,0.13646167113265473
383,1850805.0,0.13641905432826812
384,1850865.0,0.13638009093969422
385,1850925.0,0.13639009567851748
386,1850985.0,0.136422522269539
387,1851045.0,0.13647859286279412
388,1851105.0,0.13653408112460633
389,1851165.0,0.13660838432439915
390,1851225.0,0.13670828125664836
391,1851285.0,0.13681703055393168
392,1851345.0,0.13688246558798564
393,1851405.0,0.1369694218696765
394,1851465.0,0.13709072328590072
395,1851525.0,0.1372364374311567
396,1851585.0,0.13740433383429643
397,1851645.0,0.13760536208984256
398,1851705.0,0.13782254229692462
399,1851765.0,0.13802548698903847
400,1851825.0,0.13818293015879088
401,1851885.0,0.13826924701875812
402,1851945.0,0.13835193846295185
403,1852005.0,0.13841503730607074
404,1852065.0,0.13844133903004216
405,1852125.0,0.13840145444077973
406,1852185.0,0.13835473389962502
407,1852245.0,0.1382675154665542
408,1852305.0,0.13817847106223824
409,1852365.0,0.1380581884333941
410,1852425.0,0.13791480356963795
411,1852485.0,0.13778461579125348
412,1852545.0,0.13768339291592321
413,1852605.0,0.1376103487857512
414,1852665.0,0.137551225350814
415,1852725.0,0.13750627055114376
416,1852785.0,0.13746167155167702
417,1852845.0,0.13743557183912283
418,1852905.0,0.13739401216159722
419,1852965.0,0.13731613376367527
420,1853025.0,0.13722101782589888
421,1853085.0,0.13717172975470174
422,1853145.0,0.13717276261704697
423,1853208.0,0.137193449667832
424,1853265.0,0.13724299454299377
425,1853325.0,0.13729787016811162
426,1853385.0,0.1373219177163978
427,1853445.0,0.1373700509813578
428,1853508.0,0.13741198031474566
429,1853565.0,0.1374522362224504
430,1853625.0,0.13744708157773977
431,1853685.0,0.13741703684074477
432,1853745.0,0.13734124147838359
433,1853805.0,0.13721234542185107
434,1853865.0,0.13702506993618555
435,1853925.0,0.13686009809961114
436,1853985.0,0.13670023940326706
437,1854048.0,0.13651855579094288
438,1854105.0,0.13631957050589283
439,1854165.0,0.1360896600675115
440,1854225.0,0.13587536245034817
441,1854285.0,0.13569734015061022
442,1854345.0,0.13553711743234872
443,1854405.0,0.1353921134067413
444,1854465.0,0.13527152894164532
445,1854525.0,0.13519130644943828
446,1854585.0,0.1351511025274044
447,1854645.0,0.13515180520945505
448,1854705.0,0.1351484529260073
449,1854765.0,0.13515183822859825
450,1854825.0,0.1351818083160515
451,1854888.0,0.13525420192189425
452,1854945.0,0.1353892792424134
453,1855005.0,0.13561420098352187
454,1855065.0,0.13581824252357275
455,1855125.0,0.1359785480064622
456,1855185.0,0.13609087514495066
457,1855245.0,0.13619520585954506
458,1855305.0,0.13629571414005054
459,1855365.0,0.13638544497680286
460,1855425.0,0.13645398248556628
461,1855485.0,0.13654076361282627
462,1855545.0,0.13662059281425148
463,1855605.0,0.1367130706270459
464,1855665.0,0.13678983358339733
465,1855725.0,0.13686335227294824
466,1855785.0,0.13688538448037596
467,1855845.0,0.13682479865181477
468,1855905.0,0.13675810408407538
469,1855965.0,0.13666487028261232
470,1856025.0,0.13658171732863789
471,1856085.0,0.13655395791473482
472,1856145.0,0.13652409444300911
473,1856205.0,0.1364719318945785
474,1856265.0,0.1363796986052313
475,1856325.0,0.1363011962318583
476,1856385.0,0.13625247075344055
477,1856445.0,0.13622582743256995
478,1856505.0,0.1361649003080475
479,1856565.0,0.13603227265522766
480,1856625.0,0.1359064818175741
481,1856685.0,0.13582467963678135
482,1856745.0,0.1357520051088884
483,1856805.0,0.13564315794531387
484,1856865.0,0.13551594234740502
485,1856925.0,0.1353678227692293
486,1856985.0,0.13524790200491923
487,1857045.0,0.13514884242792108
488,1857105.0,0.1351016005106917
489,1857165.0,0.1351322091766361
490,1857225.0,0.13523479465112392
491,1857285.0,0.135396715560627
492,1857348.0,0.13554331733443375
493,1857405.0,0.13562347529869132
494,1857465.0,0.13567909466561104
495,1857525.0,0.13574651048268266
496,1857585.0,0.13580441636706153
497,1857645.0,0.1358446624315149
498,1857705.0,0.13587396524391565
499,1857765.0,0.13591262175920307
500,1857825.0,0.13594815128186974
501,1857885.0,0.1359914148321435
502,1857945.0,0.1360172157035749
503,1858005.0,0.13601697356906334
504,1858065.0,0.13598499125780839
505,1858125.0,0.13593317980432387
506,1858185.0,0.13585965866314806
507,1858245.0,0.1357535916026648
508,1858305.0,0.13562975104938824
509,1858365.0,0.1354774157464578
510,1858425.0,0.13536792130046377
511,1858485.0,0.13527999061409082
512,1858545.0,0.13516746043407346
513,1858605.0,0.13501065500233944
514,1858665.0,0.13482934956574733
515,1858725.0,0.13461692936982225
516,1858785.0,0.13438518441736444
517,1858845.0,0.1341653211467544
518,1858905.0,0.13398272680675477
519,1858965.0,0.13383442282506186
520,1859025.0,0.1337206158674337
521,1859085.0,0.13364350523212098
522,1859145.0,0.1335841435287002
523,1859205.0,0.1334936968061409
524,1859265.0,0.1334617497020358
525,1859325.0,0.13352672758500045
526,1859385.0,0.13362863822309107
527,1859445.0,0.13375802443628848
528,1859505.0,0.13392377715509549
529,1859565.0,0.13406612124352912
530,1859625.0,0.13420014513265677
531,1859685.0,0.13433680150603497
532,1859745.0,0.1344464834850252
533,1859805.0,0.1345498872234372
534,1859865.0,0.13465801283314818
535,1859925.0,0.1347630931245085
536,1859985.0,0.13484475539808327
537,1860045.0,0.13488852397511042
538,1860108.0,0.13489648411789953
539,1860165.0,0.13489245603290603
540,1860225.0,0.134853966677104
541,1860285.0,0.13482013255360376
542,1860345.0,0.134801336481705
543,1860405.0,0.1347962532997489
544,1860465.0,0.13477941767698742
545,1860525.0,0.1347511468595753
546,1860585.0,0.13471044477936528
547,1860645.0,0.13469262927257394
548,1860705.0,0.134682594349151
549,1860765.0,0.13463874896908173
550,1860825.0,0.13460496268727076
551,1860885.0,0.13454967168334384
552,1860945.0,0.1344853652821547
553,1861005.0,0.13442694862070595
554,1861065.0,0.13439292133279918
555,1861125.0,0.13439106913008184
556,1861185.0,0.13439178354235215
557,1861245.0,0.134446780525419
558,1861305.0,0.13455127498271316
559,1861365.0,0.13470684555031903
560,1861425.0,0.13489143545362162
561,1861485.0,0.13513704371965954
562,1861545.0,0.13540025162538136
563,1861605.0,0.13563840064949
564,1861668.0,0.13581577515358328
565,1861725.0,0.13594496682338475
566,1861785.0,0.1360372180310003
567,1861845.0,0.1361071336303483
568,1861905.0,0.13618470835751575
569,1861965.0,0.13626807701293442
570,1862025.0,0.1363484171752912
571,1862085.0,0.13645500260459584
572,1862145.0,0.13661956224679805
573,1862205.0,0.1367634130305437
574,1862265.0,0.13690537543029568
575,1862325.0,0.13705411507759652
576,1862385.0,0.13715727173097791
577,1862445.0,0.1371832007513151
578,1862505.0,0.13716912968247746
579,1862565.0,0.1371239927335974
580,1862625.0,0.13708864024635167
581,1862685.0,0.13708727662731585
582,1862745.0,0.13816789155564588
583,1862805.0,0.13918280037930905
584,1862865.0,0.13982160102086988
585,1862925.0,0.14037711059672897
586,1862985.0,0.14025554186859795
587,1863045.0,0.14016538424586622
588,1863105.0,0.14012362212237556
589,1863165.0,0.14013542312067365
590,1863225.0,0.14102561709872846
591,1863285.0,0.1421318981390359
592,1863345.0,0.14233787968143352
593,1863405.0,0.1425248362346646
594,1863465.0,0.14277201422423347
595,1863525.0,0.1430792743218966
596,1863585.0,0.14344021481205338
597,1863645.0,0.14379954210544219
598,1863705.0,0.1441348486346973
599,1863765.0,0.1444421828350831
600,1863825.0,0.1447188875500102
601,1863885.0,0.14492382241644908
602,1863945.0,0.14510018768595404
603,1864005.0,0.14529584592020311
604,1864065.0,0.14547062921973777
605,1864125.0,0.14559073897550048
606,1864185.0,0.1456913224439714
607,1864245.0,0.14575621072151654
608,1864305.0,0.1458022922901392
609,1864365.0,0.14664802728595402
610,1864425.0,0.14732854381652413
611,1864485.0,0.1479585111821598
612,1864545.0,0.14858725056760158
613,1864605.0,0.14933683450882201
614,1864665.0,0.14936790394022156
615,1864725.0,0.1493851080442981
616,1864785.0,0.14947067287875482
617,1864845.0,0.14960875875274907
618,1864905.0,0.14977423062464704
619,1864965.0,0.14991992527559725
620,1865025.0,0.1500276010675288
621,1865085.0,0.15010347125900253
622,1865145.0,0.15018080982248672
623,1865205.0,0.15024862357658952
624,1865265.0,0.15035401609372628
625,1865325.0,0.1504757460295246
626,1865385.0,0.15059000757159038
627,1865445.0,0.15068235488386486
628,1865505.0,0.15076936823576598
629,1865565.0,0.15086299044278992
630,1865625.0,0.1509341331560117
631,1865685.0,0.15094406489500647
632,1865745.0,0.1509655953037937
633,1865805.0,0.1509745490379971
634,1865865.0,0.15099102796937577
635,1865925.0,0.15098554899779126
636,1865985.0,0.150977896640251
637,1866045.0,0.1509390952709723
638,1866105.0,0.15087399320178033
639,1866165.0,0.15079442980887134
640,1866228.0,0.1507355219995832
641,1866285.0,0.1506788880187752
642,1866345.0,0.15061018697534737
643,1866405.0,0.15054463059732423
644,1866465.0,0.1505029589954353
645,1866525.0,0.15047463311964643
646,1866585.0,0.150487784637977
647,1866645.0,0.1506171293213651
648,1866705.0,0.15080479093681276
649,1866765.0,0.15104602120607064
650,1866825.0,0.15129353782179503
651,1866885.0,0.15151169902272535
652,1866945.0,0.15175411909196496
653,1867005.0,0.15203947349879873
654,1867065.0,0.15231461407404395
655,1867125.0,0.15256067203430193
656,1867185.0,0.1527934142847751
657,1867245.0,0.15303828799165672
658,1867305.0,0.15327081379758184
659,1867365.0,0.15348677034950428
660,1867425.0,0.15365897855783991
661,1867485.0,0.15376311002188675
662,1867545.0,0.1552973515903054
663,1867605.0,0.15639847119419176
664,1867665.0,0.15642579686300187
665,1867728.0,0.1563203366385983
666,1867785.0,0.1561783202199762
667,1867845.0,0.15688396507023836
668,1867905.0,0.1576126063563439
669,1867965.0,0.15831569352974018
670,1868025.0,0.15808156621673775
671,1868085.0,0.15781804490116452
672,1868145.0,0.15759807041925825
673,1868205.0,0.15741083918048526
674,1868265.0,0.1572929567244421
675,1868325.0,0.15819608483599298
676,1868385.0,0.159198601111014
677,1868445.0,0.159188723944389
678,1868505.0,0.15918241332703412
679,1868565.0,0.15923268674186508
680,1868625.0,0.15936650153309728
681,1868685.0,0.1595509348334293
682,1868745.0,0.15977942367227985
683,1868805.0,0.1600403222041216
684,1868865.0,0.1603384112119723
685,1868925.0,0.1606073392642491
686,1868985.0,0.1608124787346985
687,1869045.0,0.16099387047345307
688,1869105.0,0.16114909379139564
689,1869165.0,0.16131641014756054
690,1869225.0,0.16231052465970874
691,1869285.0,0.16370216186749834
692,1869345.0,0.16387565369431983
693,1869405.0,0.16385144877218014
694,1869465.0,0.16379666331233653
695,1869525.0,0.16451790961924226
696,1869585.0,0.16546344796307086
697,1869645.0,0.16639216250878022
698,1869705.0,0.16720586903467421
699,1869765.0,0.16712008834058314
700,1869825.0,0.16696292340836943
701,1869885.0,0.16680185402441838
702,1869945.0,0.16758879237808152
703,1870005.0,0.16844549912196483
704,1870065.0,0.16833153706761803
705,1870125.0,0.16821529532382043
706,1870185.0,0.1680490301077323
707,1870245.0,0.16785877679159103
708,1870305.0,0.1685898834842191
709,1870365.0,0.16943143389756476
710,1870425.0,0.16933678845636174
711,1870485.0,0.16930082444365577
712,1870545.0,0.16926487720851877
713,1870605.0,0.1692948624976194
714,1870665.0,0.16935668479970764
715,1870725.0,0.1694185319407835
716,1870785.0,0.17058324037646286
717,1870848.0,0.17195425160759467
718,1870905.0,0.17356888109190635
719,1870965.0,0.17486597845410826
720,1871025.0,0.17509080231644317
721,1871085.0,0.17526536371754015
722,1871145.0,0.1754790658298156
723,1871205.0,0.17581331478869947
724,1871265.0,0.1757989262354862
725,1871325.0,0.17573697666511817
726,1871385.0,0.17570929403167845
727,1871445.0,0.17570304049111235
728,1871505.0,0.1758078433448055
729,1871565.0,0.17604774636912077
730,1871625.0,0.17621390914800558
731,1871685.0,0.17627537927819634
732,1871745.0,0.17631170676898741
733,1871805.0,0.17635103850411082
734,1871865.0,0.17639338151232672
735,1871925.0,0.1764032319183732
736,1871985.0,0.17728739383406825
737,1872045.0,0.17786841476742676
738,1872105.0,0.1787919333886923
739,1872165.0,0.17996497333903252
740,1872225.0,0.1808271693349843
741,1872285.0,0.1815696179545346
742,1872348.0,0.1815066636240498
743,1872405.0,0.18155667699946396
744,1872465.0,0.1817999023500124
745,1872525.0,0.18212411867594244
746,1872585.0,0.18210104420152823
747,1872645.0,0.1819730498153003
748,1872705.0,0.18192869974772635
749,1872765.0,0.18198675997531363
750,1872825.0,0.18222106350516845
751,1872885.0,0.18254765634878609
752,1872945.0,0.18266409956796723
753,1873005.0,0.18261838221809465
754,1873065.0,0.18252865274994032
755,1873125.0,0.18221099825219023
756,1873185.0,0.18246098935493546
757,1873245.0,0.18331452874179732
758,1873305.0,0.18418395879775865
759,1873365.0,0.18638291894132372
760,1873425.0,0.1893054404372135
761,1873485.0,0.1903824068376994
762,1873545.0,0.1901122669396625
763,1873605.0,0.18916086235330712
764,1873665.0,0.18865510584792466
765,1873725.0,0.1883993100020774
766,1873785.0,0.188949311933548
767,1873845.0,0.18923198168001143
768,1873905.0,0.18930512937556093
769,1873965.0,0.18941538143969266
770,1874025.0,0.1887719235475818
771,1874085.0,0.18786730538588664
772,1874145.0,0.18825498869537566
773,1874205.0,0.18996507283027536
774,1874265.0,0.1912279023809889
775,1874325.0,0.19226522859850678
776,1874385.0,0.1922505496379105
777,1874445.0,0.1922794405748265
778,1874505.0,0.19249549675772684
779,1874565.0,0.19261740628620355
780,1874625.0,0.1925889916790312
781,1874685.0,0.19248011225914374
782,1874745.0,0.19243247145243955
783,1874805.0,0.1924407351196568
784,1874865.0,0.19237252911323893
785,1874925.0,0.19232748176782782
786,1874985.0,0.19232365601612297
787,1875045.0,0.1923923924886848
788,1875105.0,0.1923739732244229
789,1875165.0,0.19229936941142153
790,1875225.0,0.1927504965395498
791,1875285.0,0.1928277607155591
792,1875345.0,0.19279180111900657
793,1875405.0,0.19263161561273084
794,1875465.0,0.1932198656581836
795,1875525.0,0.19382927819345475
796,1875585.0,0.19439194457919085
797,1875645.0,0.19492873947348022
798,1875705.0,0.1955412355379441
799,1875765.0,0.1962443529143954
800,1875825.0,0.19604788476143062
801,1875885.0,0.19586034756541773
802,1875945.0,0.19643135841964257
803,1876005.0,0.1974449355816159
804,1876065.0,0.1985811742735895
805,1876125.0,0.1985594808610909
806,1876185.0,0.19841489775326282
807,1876245.0,0.19908039185995283
808,1876305.0,0.19977123115928136
809,1876365.0,0.20051385265989607
810,1876425.0,0.2012790164636073
811,1876485.0,0.20227741590860693
812,1876545.0,0.20301747678422646
813,1876605.0,0.20396916098721268
814,1876665.0,0.20473336968411462
815,1876725.0,0.20547847570563912
816,1876785.0,0.2054839841026299
817,1876848.0,0.20552190387990085
818,1876905.0,0.20565865093170713
819,1876965.0,0.20574991050766883
820,1877025.0,0.20571373150547212
821,1877085.0,0.20567992315110056
822,1877145.0,0.20568180018943175
823,1877205.0,0.2057599659218315
824,1877265.0,0.20595780715326595
825,1877325.0,0.20611977911772764
826,1877385.0,0.20608709514255702
827,1877445.0,0.20597671453995203
828,1877505.0,0.20588815050391227
829,1877565.0,0.20582150781441957
830,1877625.0,0.20578433320343428
831,1877685.0,0.20571940471124447
832,1877745.0,0.20559649824675502
833,1877805.0,0.20538154312082268
834,1877865.0,0.20607597682523865
835,1877925.0,0.2066028224244505
836,1877985.0,0.20754098052290365
837,1878045.0,0.20843408012024037
838,1878105.0,0.20934674041038936
839,1878165.0,0.21034114817992933
840,1878225.0,0.21047208673291443
841,1878285.0,0.21076323770406746
842,1878345.0,0.20933979730064153
843,1878405.0,0.20822942033503827
844,1878465.0,0.20818333267623412
845,1878525.0,0.20829887340979877
846,1878585.0,0.2085072832812139
847,1878645.0,0.20773861530946972
848,1878705.0,0.20689217536191465
849,1878765.0,0.2059607313248854
850,1878825.0,0.2064557644176391
851,1878885.0,0.20770317621972434
852,1878945.0,0.20898881993605245
853,1879005.0,0.21042532205306028
854,1879065.0,0.21326775060536535
855,1879125.0,0.21449262917603404
856,1879185.0,0.2145279494012036
857,1879245.0,0.21533502502273863
858,1879305.0,0.2162708361998504
859,1879365.0,0.2164056860824087
860,1879425.0,0.21651349192697278
861,1879485.0,0.21669919619312752
862,1879545.0,0.21656646586461908
863,1879605.0,0.2164019755336435
864,1879665.0,0.21626531211373326
865,1879725.0,0.21628378998862408
866,1879785.0,0.2164267586285631
867,1879845.0,0.21645887475568026
868,1879905.0,0.2163213818796434
869,1879965.0,0.21600330432264758
870,1880025.0,0.21581076486630835
871,1880085.0,0.21582594495321133
872,1880145.0,0.21675702906995536
873,1880205.0,0.21834874162077764
874,1880265.0,0.21996451534823916
875,1880325.0,0.2208476657758012
876,1880385.0,0.2210842863717625
877,1880445.0,0.2212357025394527
878,1880505.0,0.2206202321951999
879,1880565.0,0.22089796664085928
880,1880625.0,0.22127956355788475
881,1880685.0,0.22146061401766962
882,1880745.0,0.22056139398016514
883,1880805.0,0.21966333858347764
884,1880865.0,0.21988432713528408
885,1880925.0,0.22028735595546278
886,1880985.0,0.2207907223106478
887,1881045.0,0.22114847140428964
888,1881105.0,0.2204770477730247
889,1881165.0,0.21959033622454235
890,1881225.0,0.21958773347578894
891,1881285.0,0.21949335889004007
892,1881345.0,0.22032070227531403
893,1881405.0,0.22201517612941465
894,1881465.0,0.22333498644534377
895,1881525.0,0.22441756030889576
896,1881585.0,0.22345805973044905
897,1881645.0,0.2223028909640965
898,1881705.0,0.22103915878374328
899,1881765.0,0.22014638102567521
900,1881825.0,0.22042336089205034
901,1881885.0,0.2205596115481835
902,1881945.0,0.22047465776792569
903,1882005.0,0.2201932621260813
904,1882065.0,0.22022545901341767
905,1882125.0,0.22035833489838663
906,1882185.0,0.22055352923816807
907,1882245.0,0.2207484152032949
908,1882305.0,0.22068354841192545
909,1882365.0,0.22104618871001594
910,1882425.0,0.2213582612650569
911,1882485.0,0.22187101854059685
912,1882545.0,0.22306921966765694
913,1882605.0,0.22408591813238324
914,1882665.0,0.2249579701454933
915,1882725.0,0.22490163492864035
916,1882785.0,0.2239706193511652
917,1882845.0,0.22337484802815194
918,1882905.0,0.2224842549563548
919,1882965.0,0.2214190716669426
920,1883025.0,0.2207796003770851
921,1883085.0,0.22009155822566784
922,1883145.0,0.22007388621774587
923,1883205.0,0.21999837568821826
924,1883265.0,0.21985431218721277
925,1883325.0,0.2197443458003058
926,1883385.0,0.22008670786853263
927,1883445.0,0.2206097306845657
928,1883505.0,0.22090621810875172
929,1883565.0,0.2209679218837024
930,1883625.0,0.22065546976430206
931,1883685.0,0.2201878580708191
932,1883745.0,0.22095992475018317
933,1883805.0,0.22201274214828295
934,1883865.0,0.22307642250833648
935,1883925.0,0.22425183725434938
936,1883985.0,0.2248445655198668
937,1884045.0,0.2248967623308954
938,1884105.0,0.22410899876465362
939,1884165.0,0.22208467622896583
940,1884225.0,0.21942219567178975
941,1884285.0,0.21825488628842218
942,1884345.0,0.21724103606660855
943,1884405.0,0.21702035881660914
944,1884465.0,0.21685155494506608
945,1884525.0,0.21670629111066278
946,1884585.0,0.21645635510365518
947,1884645.0,0.21635376543945148
948,1884705.0,0.21622091089119688
949,1884765.0,0.2165886281428178
950,1884828.0,0.21765336889846829
951,1884885.0,0.21861874500650763
952,1884945.0,0.21962706752167052
953,1885005.0,0.21942613603154298
954,1885065.0,0.21962990316929618
955,1885125.0,0.21948740093315602
956,1885185.0,0.2204027352437157
957,1885245.0,0.22040657320121887
958,1885305.0,0.22032577899056377
959,1885365.0,0.22042962348981762
960,1885425.0,0.22080499031853362
961,1885485.0,0.2209945281125063
962,1885545.0,0.22104450609470916
963,1885605.0,0.220973965003644
964,1885665.0,0.220999734297525
965,1885725.0,0.22112514635853214
966,1885785.0,0.22245038151337618
967,1885845.0,0.22377500078717355
968,1885905.0,0.22482499608020615
969,1885965.0,0.2250780039081339
970,1886025.0,0.2247889613307534
971,1886085.0,0.2249876321113508
972,1886145.0,0.22535906561501404
973,1886205.0,0.2258751216912517
974,1886265.0,0.22554186261684714
975,1886325.0,0.22529184485508924
976,1886385.0,0.22473829434223522
977,1886445.0,0.22408526312852634
978,1886505.0,0.2233358344057162
979,1886565.0,0.2225557388861936
980,1886625.0,0.22281745588366592
981,1886685.0,0.22308983064930354
982,1886745.0,0.22248469471336915
983,1886805.0,0.22142701226126324
984,1886865.0,0.22020558989014066
985,1886925.0,0.22002242377055833
986,1886985.0,0.22074887949560273
987,1887045.0,0.22139605163895493
988,1887105.0,0.2220342683357272
989,1887165.0,0.22282872836469841
990,1887225.0,0.22349381249569863
991,1887285.0,0.2236690075419928
992,1887345.0,0.22372962759409548
993,1887405.0,0.22280792374970984
994,1887465.0,0.22213676808295807
995,1887525.0,0.221587183022842
996,1887585.0,0.22176171898486252
997,1887645.0,0.22173800024083248
998,1887705.0,0.22142093208618951
999,1887765.0,0.22119660472406102
1000,1887825.0,0.22115871494383346
1001,1887885.0,0.22113463498334696
1002,1887945.0,0.22109905254899867
1003,1888005.0,0.22089263008802165
1004,1888065.0,0.2205115738650065
1005,1888125.0,0.22002251620371674
1006,1888185.0,0.2204336498620367
1007,1888245.0,0.22142564744444573
1008,1888305.0,0.22235326231688243
1009,1888365.0,0.22384884538786687
1010,1888425.0,0.22518715770195374
1011,1888485.0,0.22652592275379813
1012,1888545.0,0.2274382898956662
1013,1888605.0,0.22767484772958269
1014,1888665.0,0.22698876693631925
1015,1888725.0,0.22655655848723802
1016,1888785.0,0.22555786947664963
1017,1888845.0,0.2244976437918125
1018,1888908.0,0.2233315215927379
1019,1888968.0,0.2222416840363905
1020,1889025.0,0.22209959224148282
1021,1889085.0,0.2219739914211068
1022,1889145.0,0.22202120138437695
1023,1889205.0,0.22202971440727037
1024,1889265.0,0.222790608269703
1025,1889325.0,0.22410125579901885
1026,1889385.0,0.225460576785313
1027,1889445.0,0.22807795368668068
1028,1889505.0,0.23014829704542752
1029,1889565.0,0.23222495183318737
1030,1889625.0,0.232936214387428
1031,1889685.0,0.23281655759741435
1032,1889745.0,0.2318278295695344
1033,1889805.0,0.23079926184633293
1034,1889865.0,0.22815085384996078
1035,1889925.0,0.22616474505059056
1036,1889985.0,0.2253879721720896
1037,1890045.0,0.22482589180463858
1038,1890105.0,0.2239874654823943
1039,1890165.0,0.2238215075625357
1040,1890225.0,0.2236113058482328
1041,1890285.0,0.22405706561534794
1042,1890345.0,0.2251081759468739
1043,1890405.0,0.22613740899850696
1044,1890468.0,0.2269816196399237
1045,1890525.0,0.227705795764103
1046,1890588.0,0.2286050288857785
1047,1890645.0,0.22870499729043142
1048,1890705.0,0.22859865359516116
1049,1890765.0,0.22871053844998745
1050,1890825.0,0.22802169850101955
1051,1890885.0,0.2268505478632653
1052,1890945.0,0.22590048275700542
1053,1891005.0,0.22424778198293127
1054,1891065.0,0.2236090302258434
1055,1891125.0,0.22295097080251458
1056,1891185.0,0.2240287552995182
1057,1891245.0,0.22561047743315396
1058,1891305.0,0.22741513992204762
1059,1891365.0,0.2289090598964488
1060,1891425.0,0.22956369606604046
1061,1891485.0,0.23027803877135206
1062,1891545.0,0.23051880511473744
1063,1891605.0,0.23083870375575088
1064,1891665.0,0.23113574530207706
1065,1891725.0,0.23097187953187573
1066,1891785.0,0.2307833216345721
1067,1891845.0,0.23073796701721844
1068,1891905.0,0.23067928104544488
1069,1891968.0,0.23067337173659985
1070,1892025.0,0.2304696197815679
1071,1892085.0,0.23162452698093577
1072,1892145.0,0.23205700556647688
1073,1892205.0,0.23134351923857305
1074,1892265.0,0.23105273068934504
1075,1892325.0,0.23095890759465273
1076,1892385.0,0.23210031643810636
1077,1892445.0,0.23240577332333018
1078,1892505.0,0.23228591413747404
1079,1892565.0,0.2320346340980777
1080,1892625.0,0.23166933923384259
1081,1892685.0,0.23129955017904127
1082,1892745.0,0.23114711972140986
1083,1892805.0,0.23120876606309484
1084,1892865.0,0.2312835294378073
1085,1892925.0,0.23123382987320948
1086,1892985.0,0.23098254401165214
1087,1893045.0,0.23141545976584793
1088,1893105.0,0.23226992473217284
1089,1893165.0,0.23253064495030396
1090,1893225.0,0.23332393857643122
1091,1893285.0,0.2342517616291582
1092,1893345.0,0.2343147285110737
1093,1893405.0,0.23411437711676963
1094,1893465.0,0.23409665803873408
1095,1893525.0,0.2342865073183104
1096,1893585.0,0.23449186420287474
1097,1893645.0,0.23448603135220342
1098,1893705.0,0.23425238140706564
1099,1893765.0,0.23390126160341523
1100,1893825.0,0.23334133043852465
1101,1893885.0,0.23299977598169364
1102,1893945.0,0.23291708267649866
1103,1894005.0,0.23282292868859658
1104,1894065.0,0.2327092400117829
1105,1894125.0,0.23244987349890578
1106,1894185.0,0.23267250873956571
1107,1894245.0,0.2331493238132312
1108,1894305.0,0.2321419880438503
1109,1894365.0,0.23194504258986284
1110,1894425.0,0.23371149244236608
1111,1894485.0,0.23572758683547543
1112,1894545.0,0.23610834969275765
1113,1894605.0,0.23625057005081615
1114,1894665.0,0.2364105364643271
1115,1894725.0,0.2365764516909628
1116,1894785.0,0.2366268350997279
1117,1894845.0,0.23595014664612582
1118,1894905.0,0.23616367792514373
1119,1894965.0,0.23619417989299407
1120,1895025.0,0.23584618175315783
1121,1895085.0,0.23569998650115564
1122,1895145.0,0.23561309122821475
1123,1895205.0,0.23539517998599424
1124,1895265.0,0.23518674996600095
1125,1895325.0,0.2350161895465447
1126,1895385.0,0.2349066280790067
1127,1895445.0,0.23481394963151592
1128,1895505.0,0.23546931209704533
1129,1895565.0,0.23581682820253225
1130,1895625.0,0.23382937080932195
1131,1895685.0,0.2320801184290212
1132,1895745.0,0.23221573574083057
1133,1895805.0,0.23326538755067222
1134,1895865.0,0.23317205051400547
1135,1895925.0,0.2332989737794963
1136,1895985.0,0.2334062003062575
1137,1896045.0,0.23411727426006626
1138,1896105.0,0.23403420400288563
1139,1896165.0,0.233747785743195
1140,1896225.0,0.23333623580781054
1141,1896285.0,0.23316453677899043
1142,1896345.0,0.2329104817723051
1143,1896405.0,0.23260857289080109
1144,1896468.0,0.23215132930306248
1145,1896525.0,0.2317349520902688
1146,1896585.0,0.23032659990738946
1147,1896645.0,0.22902469330769795
1148,1896705.0,0.22807435691195357
1149,1896765.0,0.22704351375715134
1150,1896825.0,0.22587213224813515
1151,1896885.0,0.22610828532567573
1152,1896945.0,0.22435570789976594
1153,1897005.0,0.22251197167269232
1154,1897065.0,0.2235273165161485
1155,1897125.0,0.22529132626844497
1156,1897185.0,0.22695915003913095
1157,1897245.0,0.22830501404099107
1158,1897305.0,0.2296282790537495
1159,1897365.0,0.23055323457663887
1160,1897425.0,0.23141930201461341
1161,1897485.0,0.23150614157684585
1162,1897545.0,0.23173891830400195
1163,1897605.0,0.2319156928384459
1164,1897665.0,0.23197011287774758
1165,1897725.0,0.23205354335747327
1166,1897785.0,0.23127099715468463
1167,1897845.0,0.22989112190265878
1168,1897905.0,0.22870136560390605
1169,1897965.0,0.22721226476891715
1170,1898025.0,0.22559748707134672
1171,1898085.0,0.2254063019786276
1172,1898145.0,0.22540389024406568
1173,1898205.0,0.22441512383764856
1174,1898265.0,0.2240111803672532
1175,1898325.0,0.2256029492873863
1176,1898385.0,0.2268802080335499
1177,1898445.0,0.2283320847536471
1178,1898505.0,0.22987424679408955
1179,1898565.0,0.23099874905148873
1180,1898625.0,0.23190013592810055
1181,1898685.0,0.23285197979984773
1182,1898745.0,0.2329705925200423
1183,1898805.0,0.2332523478545699
1184,1898865.0,0.23346550095679747
1185,1898925.0,0.2336247029593742
1186,1898985.0,0.23307088351314129
1187,1899045.0,0.23190756397971657
1188,1899105.0,0.23091258480246865
1189,1899165.0,0.22948041153835066
1190,1899225.0,0.22809700349298334
1191,1899285.0,0.22672264483773652
1192,1899345.0,0.22593500908148392
1193,1899405.0,0.22574343987663878
1194,1899465.0,0.2260063417738997
1195,1899525.0,0.2269210504236736
1196,1899585.0,0.22820782783394383
1197,1899645.0,0.2296655325998141
1198,1899705.0,0.23102463476236898
1199,1899765.0,0.23201507559156884
1200,1899825.0,0.23286938751662348
1201,1899885.0,0.23362657118662963
1202,1899945.0,0.2337029315909049
1203,1900005.0,0.23398637750549975
1204,1900065.0,0.23335668457701403
1205,1900125.0,0.23209100361362978
1206,1900185.0,0.2305739371439351
1207,1900245.0,0.22798993728925887
1208,1900305.0,0.2260803048001403
1209,1900365.0,0.2242560068127174
1210,1900425.0,0.22315067821097934
1211,1900485.0,0.2219139940939743
1212,1900545.0,0.22241768892170607
1213,1900605.0,0.22283621165750506
1214,1900665.0,0.2250340206979323
1215,1900725.0,0.22738562125912498
1216,1900785.0,0.22928820932456273
1217,1900845.0,0.2307941202696598
1218,1900905.0,0.2325550523998759
1219,1900965.0,0.2334233065167969
1220,1901025.0,0.23426938773215694
1221,1901085.0,0.23445854544903677
1222,1901145.0,0.23351264505031558
1223,1901205.0,0.23265514577580826
1224,1901265.0,0.23198918926122458
1225,1901325.0,0.23127530041683547
1226,1901385.0,0.23024804811053112
1227,1901445.0,0.22996968487088051
1228,1901505.0,0.23011696815154548
1229,1901565.0,0.23031241780353695
1230,1901625.0,0.23038008043634217
1231,1901685.0,0.2303013397256746
1232,1901745.0,0.23030912471193932
1233,1901805.0,0.2305027557922405
1234,1901865.0,0.22951673629354746
1235,1901928.0,0.22913803840586167
1236,1901985.0,0.2278587761805513
1237,1902045.0,0.22639933512966126
1238,1902105.0,0.2256685538915574
1239,1902165.0,0.22515116502657226
1240,1902225.0,0.22529964769469063
1241,1902285.0,0.22457963532222014
1242,1902345.0,0.22467512034971082
1243,1902405.0,0.22467291976982634
1244,1902465.0,0.22438535350144462
1245,1902525.0,0.22426090233850995
1246,1902585.0,0.22408462255836734
1247,1902645.0,0.2240472002197137
1248,1902705.0,0.22423392186498917
1249,1902765.0,0.2243392704577517
1250,1902825.0,0.22454699507198794
1251,1902885.0,0.22316766836530183
1252,1902945.0,0.22261835377198116
1253,1903005.0,0.22258787956774131
1254,1903065.0,0.22396951387811428
1255,1903125.0,0.22496523418324782
1256,1903185.0,0.22561682588753865
1257,1903245.0,0.22640127650217284
1258,1903305.0,0.22728954451287028
1259,1903365.0,0.22825672675037062
1260,1903425.0,0.22936082001822702
1261,1903485.0,0.2306755500082359
1262,1903545.0,0.2319583671314481
1263,1903605.0,0.23207983215484315
1264,1903665.0,0.2322835320374965
1265,1903725.0,0.2326072791867971
1266,1903785.0,0.23308168519007214
1267,1903845.0,0.23275521565031468
1268,1903908.0,0.23210912322719185
1269,1903965.0,0.2315456584310529
1270,1904025.0,0.23029907256501073
1271,1904085.0,0.22981985506127087
1272,1904145.0,0.22970638104484717
1273,1904205.0,0.22953976708749046
1274,1904265.0,0.2290505842218767
1275,1904325.0,0.2296187317299409
1276,1904385.0,0.23021938983270848
1277,1904445.0,0.23107988530590703
1278,1904505.0,0.23219572908251032
1279,1904565.0,0.23362520296469055
1280,1904625.0,0.234086795552941
1281,1904685.0,0.23453003798487357
1282,1904745.0,0.23492453196337523
1283,1904805.0,0.23533306855392028
1284,1904865.0,0.23563818345039994
1285,1904925.0,0.23609581236459787
1286,1904985.0,0.23574842376219887
1287,1905045.0,0.2350861406034595
1288,1905105.0,0.2362862477298564
1289,1905165.0,0.23675924965141437
1290,1905225.0,0.23523396970896635
1291,1905285.0,0.23337385997324792
1292,1905345.0,0.2320322385590626
1293,1905405.0,0.2319433302598207
1294,1905465.0,0.2314503977552875
1295,1905525.0,0.23099998654474396
1296,1905585.0,0.23107262433179002
1297,1905645.0,0.23203096277326443
1298,1905705.0,0.23269131359458264
1299,1905765.0,0.23326355819909117
1300,1905825.0,0.23447053107012827
1301,1905885.0,0.2358368781884833
1302,1905945.0,0.23722507884580613
1303,1906005.0,0.23875594110212964
1304,1906065.0,0.2392428897614772
1305,1906125.0,0.2396338534581646
1306,1906185.0,0.23992692446455996
1307,1906245.0,0.24027008834653082
1308,1906305.0,0.24018712868793354
1309,1906365.0,0.2396005970109885
1310,1906425.0,0.24052353141794566
1311,1906485.0,0.24140594903932966
1312,1906545.0,0.24003723897854762
1313,1906605.0,0.23848746874977134
1314,1906665.0,0.23875909582982371
1315,1906725.0,0.23913088229730908
1316,1906785.0,0.2393455437317077
1317,1906845.0,0.23980983872072856
1318,1906905.0,0.24109232465636765
1319,1906965.0,0.24143151835367888
1320,1907025.0,0.24174874042782588
1321,1907085.0,0.24208525398386424
1322,1907145.0,0.2423578703862417
1323,1907205.0,0.24265247142065832
1324,1907265.0,0.24423415085928665
1325,1907325.0,0.2460879078485404
1326,1907385.0,0.2473674667874806
1327,1907445.0,0.24819919392830234
1328,1907505.0,0.2496224542086141
1329,1907565.0,0.25088893819759484
1330,1907625.0,0.252325384383705
1331,1907685.0,0.2522379503518358
1332,1907745.0,0.25410822205805106
1333,1907805.0,0.25500733786895596
1334,1907865.0,0.2540183673092207
1335,1907925.0,0.2521732237313549
1336,1907985.0,0.25053639804021977
1337,1908045.0,0.24929930549249887
1338,1908105.0,0.24816770087277407
1339,1908165.0,0.24750317019445744
1340,1908225.0,0.24695910396783013
1341,1908285.0,0.24725098298807227
1342,1908345.0,0.24736800355954278
1343,1908405.0,0.24745709424515003
1344,1908465.0,0.24762265088091295
1345,1908525.0,0.24783438249491946
1346,1908585.0,0.24805104100970646
1347,1908645.0,0.24805323292368112
1348,1908705.0,0.24781618823839194
1349,1908765.0,0.2489190018507457
1350,1908825.0,0.2508740378123611
1351,1908885.0,0.2513476689954365
1352,1908945.0,0.25187797274137624
1353,1909005.0,0.25394882833767374
1354,1909065.0,0.2543357840545203
1355,1909125.0,0.2527007082542655
1356,1909185.0,0.2514983929550319
1357,1909245.0,0.2502587189032449
1358,1909305.0,0.24912724583287596
1359,1909365.0,0.24843917214148675
1360,1909425.0,0.24780824428843207
1361,1909485.0,0.2469170976633078
1362,1909545.0,0.24681042237445514
1363,1909605.0,0.2466736221671724
1364,1909665.0,0.24671027844150054
1365,1909728.0,0.2470656924786672
1366,1909785.0,0.2485117329982504
1367,1909845.0,0.24987021794858633
1368,1909905.0,0.2510703138998609
1369,1909965.0,0.2523188211960883
1370,1910025.0,0.25372520646067226
1371,1910085.0,0.2541174218024986
1372,1910145.0,0.25448754200492146
1373,1910205.0,0.25498672015087065
1374,1910265.0,0.25477654730518096
1375,1910325.0,0.25367890769016144
1376,1910385.0,0.2523412092564622
1377,1910445.0,0.25096371830122843
1378,1910505.0,0.24979127072366208
1379,1910565.0,0.24882879012610445
1380,1910625.0,0.24781578461505022
1381,1910685.0,0.24650244813536398
1382,1910745.0,0.24699630875501563
1383,1910805.0,0.24760886288082917
1384,1910865.0,0.2496898215722442
1385,1910925.0,0.2516175757904272
1386,1910985.0,0.2540387176721871
1387,1911045.0,0.2551934826592404
1388,1911105.0,0.2558820562980241
1389,1911165.0,0.25665777880323815
1390,1911225.0,0.2567771101340872
1391,1911285.0,0.2572097261156659
1392,1911345.0,0.2567329089209356
1393,1911408.0,0.25637809416737567
1394,1911465.0,0.25423682287022376
1395,1911525.0,0.25181603919107565
1396,1911585.0,0.24977677230545262
1397,1911645.0,0.2498874161635433
1398,1911705.0,0.25020459450297694
1399,1911765.0,0.24927295287708393
1400,1911825.0,0.2483268124701113
1401,1911885.0,0.2471234216816863
1402,1911945.0,0.2474273094587572
1403,1912005.0,0.2479704516168258
1404,1912065.0,0.24878340718178665
1405,1912125.0,0.2496908112057007
1406,1912185.0,0.25072922715734747
1407,1912245.0,0.25099335357206254
1408,1912305.0,0.25132748642149194
1409,1912365.0,0.25169893954738914
1410,1912425.0,0.2518445642932662
1411,1912488.0,0.2519833518493472
1412,1912545.0,0.25221823134391586
1413,1912605.0,0.25270495337775756
1414,1912665.0,0.25316657383207486
1415,1912725.0,0.25283474710190723
1416,1912785.0,0.2519807963682187
1417,1912845.0,0.25162788213542825
1418,1912905.0,0.2509934240706686
1419,1912965.0,0.2504836211059849
1420,1913025.0,0.2500131359504679
1421,1913085.0,0.25118702589555575
1422,1913145.0,0.251984536907796
1423,1913205.0,0.2527247044939943
1424,1913265.0,0.25271269569476107
1425,1913325.0,0.2528565039222954
1426,1913385.0,0.25312356867151187
1427,1913445.0,0.2533963702176125
1428,1913505.0,0.25330438740527256
1429,1913565.0,0.25327338379110326
1430,1913625.0,0.25343262031911556
1431,1913685.0,0.2539524824454419
1432,1913745.0,0.25364318310199513
1433,1913805.0,0.25307040933878266
1434,1913865.0,0.2508300394387659
1435,1913925.0,0.24892110741573184
1436,1913985.0,0.2470022503359813
1437,1914045.0,0.24644587317091207
1438,1914105.0,0.24601694983583597
1439,1914165.0,0.24560520166378827
1440,1914225.0,0.24600394878670545
1441,1914285.0,0.2463038889581308
1442,1914345.0,0.246276851669258
1443,1914405.0,0.2470162056893764
1444,1914465.0,0.24758143590192128
1445,1914528.0,0.2472236443272087
1446,1914585.0,0.2468716740096279
1447,1914645.0,0.2466724102832144
1448,1914705.0,0.24661416282345017
1449,1914765.0,0.24625505465934516
1450,1914825.0,0.2461120940717069
1451,1914885.0,0.24500370656011858
1452,1914945.0,0.24491819955540786
1453,1915005.0,0.2454674545359358
1454,1915065.0,0.24616176223164224
1455,1915125.0,0.2462243979667532
1456,1915185.0,0.24655317965328766
1457,1915245.0,0.2468214814725008
1458,1915305.0,0.2459602428724049
1459,1915365.0,0.24492628117081255
1460,1915425.0,0.2450965590245922
1461,1915485.0,0.24514896518718562
1462,1915545.0,0.2450251254844125
1463,1915605.0,0.24493121497588485
1464,1915665.0,0.24491603843978313
1465,1915725.0,0.24470384954871935
1466,1915785.0,0.24464214409779722
1467,1915845.0,0.24454778337661737
1468,1915905.0,0.24424765125378395
1469,1915965.0,0.24401064996949395
1470,1916025.0,0.24393732173112237
1471,1916085.0,0.24389928553914184
1472,1916145.0,0.2438712591869109
1473,1916205.0,0.24349093988063755
1474,1916265.0,0.2439682434976957
1475,1916325.0,0.24407736999765225
1476,1916385.0,0.24415187896188928
1477,1916445.0,0.24396253458373177
1478,1916505.0,0.24396912239985533
1479,1916565.0,0.2432702031178011
1480,1916625.0,0.24228819390781534
1481,1916685.0,0.24138054414443805
1482,1916745.0,0.24046408747389064
1483,1916805.0,0.2393546170620914
1484,1916865.0,0.23917488526500888
1485,1916925.0,0.23896114387400388
1486,1916985.0,0.23886638852828096
1487,1917045.0,0.2388766100344252
1488,1917105.0,0.23871472744883465
1489,1917165.0,0.23866564696057196
1490,1917225.0,0.23853821925541108
1491,1917285.0,0.23827746057911275
1492,1917345.0,0.23777108173623412
1493,1917408.0,0.23705982557397534
1494,1917465.0,0.23613935473199105
1495,1917525.0,0.23554303024046727
1496,1917585.0,0.23546898983176215
1497,1917645.0,0.23564308655403746
1498,1917705.0,0.23542622856997172
1499,1917765.0,0.2362904277549161
1500,1917825.0,0.2362214316980592
1501,1917885.0,0.23625190793959838
1502,1917945.0,0.2365012464116305
1503,1918005.0,0.23664766495252515
1504,1918065.0,0.23543975414938373
1505,1918125.0,0.23390069469263552
1506,1918185.0,0.23294848727353046
1507,1918245.0,0.23218480499077448
1508,1918305.0,0.23070891205545307
1509,1918365.0,0.22948883529119046
1510,1918425.0,0.22842699573552486
1511,1918485.0,0.2273644488577353
1512,1918545.0,0.22626715578658096
1513,1918605.0,0.22608181849207537
1514,1918665.0,0.22575914469947111
1515,1918725.0,0.225391741850484
1516,1918785.0,0.22520543630397036
1517,1918845.0,0.22626998020734804
1518,1918905.0,0.22777303462549792
1519,1918965.0,0.22900191771858228
1520,1919025.0,0.2288710884097374
1521,1919085.0,0.22867337416363587
1522,1919145.0,0.2286998594098582
1523,1919205.0,0.22890724410585353
1524,1919268.0,0.2288662804265107
1525,1919325.0,0.22863728592596033
1526,1919385.0,0.22849369771096797
1527,1919445.0,0.22858468536365648
1528,1919505.0,0.22892788696264843
1529,1919565.0,0.22806687566740028
1530,1919625.0,0.22655711680031823
1531,1919685.0,0.22664932445214284
1532,1919745.0,0.22603783572788289
1533,1919805.0,0.22588888088419581
1534,1919865.0,0.22671062484515944
1535,1919925.0,0.22743613686622818
1536,1919985.0,0.22813702422799353
1537,1920045.0,0.22805779903762466
1538,1920105.0,0.2280857756829694
1539,1920165.0,0.2280202985123796
1540,1920225.0,0.22786867132714436
1541,1920285.0,0.22788510625986655
1542,1920345.0,0.22801291576132962
1543,1920405.0,0.22823689594677235
1544,1920465.0,0.22846228583756698
1545,1920525.0,0.22837229102436502
1546,1920585.0,0.22704366834312162
1547,1920645.0,0.22587645161536773
1548,1920705.0,0.22470247240017827
1549,1920765.0,0.22341700175396653
1550,1920825.0,0.2220628582794021
1551,1920885.0,0.22173606048963518
1552,1920945.0,0.22132346362386318
1553,1921005.0,0.22092398033089214
1554,1921065.0,0.2208143513990117
1555,1921125.0,0.2217773226086739
1556,1921185.0,0.22327197486909622
1557,1921245.0,0.22319141558378888
1558,1921305.0,0.223135852774951
1559,1921365.0,0.2230813475774789
1560,1921425.0,0.2231330404785536
1561,1921485.0,0.22345357898104765
1562,1921545.0,0.22271741731533046
1563,1921605.0,0.22275941495326657
1564,1921665.0,0.2206940058517486
1565,1921725.0,0.21875966851287132
1566,1921785.0,0.21646433815917085
1567,1921845.0,0.21543819641572104
1568,1921905.0,0.21485068761516765
1569,1921965.0,0.21423773635986887
1570,1922025.0,0.21434717049894433
1571,1922085.0,0.21430135478967854
1572,1922145.0,0.21419100233358085
1573,1922205.0,0.21392854061579877
1574,1922265.0,0.2138376708336176
1575,1922325.0,0.21379262279889868
1576,1922385.0,0.21371539262353312
1577,1922445.0,0.21192260966886897
1578,1922505.0,0.20982142874526383
1579,1922565.0,0.20993946328224694
1580,1922625.0,0.21010623384990817
1581,1922685.0,0.2113545927945772
1582,1922745.0,0.21227996559376983
1583,1922805.0,0.21165234162279328
1584,1922865.0,0.21053683828011738
1585,1922925.0,0.20939933101382624
1586,1922985.0,0.20825394838473774
1587,1923045.0,0.2081520440054147
1588,1923105.0,0.20801462989192362
1589,1923165.0,0.20782972793762064
1590,1923225.0,0.20790341943637353
1591,1923285.0,0.2080329754715897
1592,1923345.0,0.207985429897741
1593,1923405.0,0.20766765774506615
1594,1923465.0,0.2074902923953332
1595,1923525.0,0.20745179607110772
1596,1923585.0,0.20751745810874156
1597,1923645.0,0.20684557152561192
1598,1923705.0,0.2063754834293652
1599,1923765.0,0.20586357550605788
1600,1923825.0,0.20543353255705613
1601,1923885.0,0.2043479755052349
1602,1923945.0,0.20341030218680703
1603,1924005.0,0.20249916693143538
1604,1924065.0,0.2024749194543888
1605,1924125.0,0.2024025737996763
1606,1924185.0,0.20223318691852527
1607,1924245.0,0.20194116657919323
1608,1924305.0,0.20189002576305407
1609,1924365.0,0.20194584676885535
1610,1924425.0,0.2019738647274984
1611,1924485.0,0.20192259652144232
1612,1924545.0,0.20166998258259664
1613,1924605.0,0.20139007442797832
1614,1924665.0,0.20128587408089102
1615,1924725.0,0.2012917902362173
1616,1924785.0,0.20136319337792494
1617,1924845.0,0.200795198394606
1618,1924905.0,0.2003233242485691
1619,1924968.0,0.1998289553805439
1620,1925025.0,0.19838519170059837
1621,1925085.0,0.19692518733344475
1622,1925145.0,0.19572345116668924
1623,1925205.0,0.19472161257426834
1624,1925265.0,0.19379434214714034
1625,1925325.0,0.1937250811497078
1626,1925385.0,0.19363480233302485
1627,1925445.0,0.19346715503779904
1628,1925505.0,0.19320246555898113
1629,1925565.0,0.19321186578507124
1630,1925625.0,0.19328029225758014
1631,1925685.0,0.19331866713311713
1632,1925745.0,0.19221546823421717
1633,1925805.0,0.19099906941360847
1634,1925865.0,0.1899646129820037
1635,1925925.0,0.18928998494106178
1636,1925985.0,0.18825800581104166
1637,1926045.0,0.18713190100048294
1638,1926105.0,0.1870154426272274
1639,1926165.0,0.18678054982576756
1640,1926228.0,0.1863988540343851
1641,1926285.0,0.18610038007225427
1642,1926345.0,0.18593238599072978
1643,1926405.0,0.18574024637929226
1644,1926465.0,0.18549499826331128
1645,1926525.0,0.18531441909493584
1646,1926585.0,0.18518326849043254
1647,1926645.0,0.18505896400831107
1648,1926705.0,0.1849142068817281
1649,1926765.0,0.18472951430616963
1650,1926825.0,0.18458833175863007
1651,1926885.0,0.18449343121791043
1652,1926945.0,0.18443525351144388
1653,1927005.0,0.18360110598230495
1654,1927065.0,0.18229690266421547
1655,1927125.0,0.18140132158600095
1656,1927185.0,0.18014660211739808
1657,1927245.0,0.17896887905508535
1658,1927305.0,0.17784904152340775
1659,1927365.0,0.1776506829413339
1660,1927425.0,0.17740369483765453
1661,1927485.0,0.17704927192625977
1662,1927545.0,0.17675160482743854
1663,1927605.0,0.17664124953025134
1664,1927665.0,0.1765698103216871
1665,1927725.0,0.17647573360966914
1666,1927785.0,0.17631228122893214
1667,1927845.0,0.17611108024578195
1668,1927905.0,0.17596303690520318
1669,1927968.0,0.1759158210038476
1670,1928025.0,0.17596747412790809
1671,1928085.0,0.17607644009258208
1672,1928145.0,0.17635753874905535
1673,1928205.0,0.17600546418747529
1674,1928265.0,0.17517641634682268
1675,1928328.0,0.1742146794668864
1676,1928385.0,0.1728598263223267
1677,1928445.0,0.17125534575753265
1678,1928505.0,0.16993619076072694
1679,1928565.0,0.16861397406588588
1680,1928625.0,0.16830533484101512
1681,1928685.0,0.1679131880707216
1682,1928745.0,0.16750845035354264
1683,1928805.0,0.16725230160670918
1684,1928865.0,0.16723228992013
1685,1928925.0,0.16718002843796648
1686,1928985.0,0.16687095380921654
1687,1929045.0,0.16664120965524773
1688,1929105.0,0.16656994879498832
1689,1929165.0,0.16653993191084074
1690,1929225.0,0.16652821324448128
1691,1929285.0,0.16659940121171582
1692,1929345.0,0.16672534765403943
1693,1929405.0,0.16686752419238515
1694,1929468.0,0.16701673534026895
1695,1929525.0,0.16723907477740113
1696,1929585.0,0.1674825004929454
1697,1929645.0,0.1664758565133986
1698,1929705.0,0.16495732116276482
1699,1929765.0,0.16357929529480242
1700,1929825.0,0.16336369302801007
1701,1929885.0,0.16314227654591093
1702,1929945.0,0.16280510958380737
1703,1930005.0,0.16235104572930398
1704,1930065.0,0.1621484590769508
1705,1930125.0,0.16212086192588865
1706,1930185.0,0.16205056253869757
1707,1930245.0,0.16185132286080975
1708,1930305.0,0.16145792739528841
1709,1930365.0,0.16098516171463736
1710,1930425.0,0.1604715813337544
1711,1930485.0,0.158673385634252
1712,1930545.0,0.1576933238524768
1713,1930605.0,0.15652321070554173
1714,1930665.0,0.15552386190220457
1715,1930725.0,0.15464566858200648
1716,1930785.0,0.1536789366482625
1717,1930845.0,0.1535015586163356
1718,1930905.0,0.15399496033064292
1719,1930965.0,0.1548625056936415
1720,1931025.0,0.15559309435901597
1721,1931085.0,0.15623706330601328
1722,1931145.0,0.15602408463746478
1723,1931205.0,0.15556861085173346
1724,1931265.0,0.15500871075158143
1725,1931325.0,0.15468004780780023
1726,1931385.0,0.15459204488533115
1727,1931445.0,0.15464230463152567
1728,1931505.0,0.15489449233477037
1729,1931565.0,0.15519858527632235
1730,1931625.0,0.15542247859526803
1731,1931685.0,0.1554061942524689
1732,1931745.0,0.15532714351497676
1733,1931805.0,0.15531145119646664
1734,1931865.0,0.15528659928154132
1735,1931925.0,0.15433574112473394
1736,1931985.0,0.15286758279504334
1737,1932045.0,0.1529168166830408
1738,1932105.0,0.15291280860651443
1739,1932165.0,0.1529209932433036
1740,1932225.0,0.15294030355331453
1741,1932285.0,0.15397805035075543
1742,1932345.0,0.15504888810646408
1743,1932405.0,0.15485370740685706
1744,1932465.0,0.15530448410698672
1745,1932525.0,0.15577076152336453
1746,1932585.0,0.15618530206741368
1747,1932645.0,0.15653770590396354
1748,1932705.0,0.15615129236539535
1749,1932765.0,0.1556859423691036
1750,1932825.0,0.15535584314772313
1751,1932885.0,0.15521304569187108
1752,1932945.0,0.15524729439826127
1753,1933005.0,0.15547494206379753
1754,1933065.0,0.1556985003204164
1755,1933125.0,0.15577983578513538
1756,1933185.0,0.15571414174200177
1757,1933245.0,0.15557376580140952
1758,1933305.0,0.15633267971370346
1759,1933365.0,0.15713075500080836
1760,1933425.0,0.15768459421027292
1761,1933485.0,0.1572127364969685
1762,1933545.0,0.15569906486441074
1763,1933605.0,0.15537673371930785
1764,1933665.0,0.1552445590871103
1765,1933725.0,0.15596531653954723
1766,1933785.0,0.15603629010843825
1767,1933845.0,0.15599494173777062
1768,1933905.0,0.15594954689071924
1769,1933965.0,0.15583392512992614
1770,1934025.0,0.15571814875782228
1771,1934085.0,0.1555292178527979
1772,1934145.0,0.15532192088414087
1773,1934205.0,0.1551009559753898
1774,1934265.0,0.1548724356032724
1775,1934325.0,0.155500677895609
1776,1934385.0,0.15626350594790214
1777,1934445.0,0.15677434716327246
1778,1934505.0,0.15719401049909856
1779,1934565.0,0.15757935015214689
1780,1934625.0,0.15797795127754102
1781,1934685.0,0.1577019415755082
1782,1934745.0,0.1574037358705909
1783,1934805.0,0.1571775035214084
1784,1934868.0,0.15705882565967816
1785,1934925.0,0.15704069850104005
1786,1934985.0,0.15715646868649485
1787,1935045.0,0.15737164092918535
1788,1935105.0,0.1572688733016716
1789,1935165.0,0.15705103978066642
1790,1935225.0,0.15686533891754406
1791,1935285.0,0.15672978305658145
1792,1935345.0,0.15661777042084057
1793,1935405.0,0.15650080830623872
1794,1935465.0,0.1563821824183955
1795,1935525.0,0.1571916870507795
1796,1935585.0,0.15817176609787786
1797,1935645.0,0.15807419272989165
1798,1935705.0,0.15778096663287394
1799,1935765.0,0.15813394157317565
1800,1935825.0,0.15855555168924232
1801,1935885.0,0.1591164658141668
1802,1935945.0,0.15977187524781372
1803,1936005.0,0.15970190846709023
1804,1936065.0,0.15963759111555517
1805,1936125.0,0.15964477800640872
1806,1936185.0,0.1597115327789913
1807,1936245.0,0.15984114442186007
1808,1936305.0,0.15989898989607296
1809,1936365.0,0.1598379260673998
1810,1936425.0,0.15972384772468803
1811,1936485.0,0.15960688213590063
1812,1936545.0,0.1607276386975001
1813,1936605.0,0.16160225399086572
1814,1936665.0,0.1613669223454688
1815,1936725.0,0.1609952377778423
1816,1936785.0,0.16138086087885542
1817,1936845.0,0.1620212214632951
1818,1936905.0,0.1620023480648955
1819,1936965.0,0.16195825096178243
1820,1937025.0,0.16194125262153664
1821,1937085.0,0.16187097516447124
1822,1937145.0,0.16177863783954402
1823,1937205.0,0.1616446432634786
1824,1937265.0,0.1615218209728838
1825,1937325.0,0.16147030927172362
1826,1937385.0,0.16147434294810778
1827,1937445.0,0.161551728329014
1828,1937505.0,0.16162451412122983
1829,1937565.0,0.16166072835486323
1830,1937625.0,0.16166105587490673
1831,1937685.0,0.16248609287780327
1832,1937745.0,0.16361240521934073
1833,1937805.0,0.16447943428607478
1834,1937868.0,0.1651826383371908
1835,1937925.0,0.16508039660989113
1836,1937985.0,0.16492275353428637
1837,1938045.0,0.16476215661031157
1838,1938105.0,0.16547472156260262
1839,1938165.0,0.16556061043864467
1840,1938225.0,0.16559722290455503
1841,1938285.0,0.16569279296947317
1842,1938345.0,0.16569526758848632
1843,1938405.0,0.16567821690732598
1844,1938465.0,0.16566796687014826
1845,1938525.0,0.16560492140174385
1846,1938585.0,0.165494601229776
1847,1938645.0,0.16529617487174317
1848,1938705.0,0.16507836012398872
1849,1938765.0,0.16575539762367375
1850,1938825.0,0.1667352688029479
1851,1938885.0,0.1675377014615672
1852,1938945.0,0.167328676389366
1853,1939005.0,0.16710866734075785
1854,1939065.0,0.16693982768484186
1855,1939125.0,0.16689824281554486
1856,1939185.0,0.1670049245569253
1857,1939245.0,0.16730989834435467
1858,1939305.0,0.1675389816829663
1859,1939365.0,0.1675295031527714
1860,1939425.0,0.1674671425237564
1861,1939485.0,0.1674690995041815
1862,1939545.0,0.16748229766889228
1863,1939605.0,0.16745279631062532
1864,1939665.0,0.16736848858381137
1865,1939725.0,0.16816633428165287
1866,1939785.0,0.1691066251883456
1867,1939845.0,0.16983151562437981
1868,1939905.0,0.16967546445067183
1869,1939965.0,0.169385832721728
1870,1940025.0,0.16907507369780464
1871,1940085.0,0.1696095197403681
1872,1940145.0,0.1694814648193737
1873,1940205.0,0.16933058787858277
1874,1940265.0,0.16920592549360983
1875,1940325.0,0.16901431623754337
1876,1940385.0,0.16882819473607769
1877,1940445.0,0.16869503448282278
1878,1940505.0,0.1685056137861355
1879,1940565.0,0.1683668265347863
1880,1940625.0,0.1682928551674247
1881,1940685.0,0.16818310134214515
1882,1940745.0,0.16810334199645233
1883,1940805.0,0.16807565339036679
1884,1940865.0,0.16809356239709378
1885,1940925.0,0.16915731116415136
1886,1940985.0,0.17019501854861735
1887,1941045.0,0.1703367329734155
1888,1941105.0,0.17041607440624879
1889,1941168.0,0.1705017292789697
1890,1941225.0,0.17065340840135032
1891,1941285.0,0.17083621342581728
1892,1941345.0,0.17099187251444703
1893,1941405.0,0.17193184862536595
1894,1941465.0,0.1732217092453702
1895,1941525.0,0.17394619247357368
1896,1941585.0,0.1744208479748473
1897,1941645.0,0.17418081855668285
1898,1941705.0,0.17309180595417675
1899,1941765.0,0.17233316154486655
1900,1941825.0,0.17205915756059825
1901,1941885.0,0.1713140187872163
1902,1941945.0,0.17130396634711276
1903,1942005.0,0.17147506548938046
1904,1942065.0,0.17166805049845332
1905,1942125.0,0.17173277921918842
1906,1942185.0,0.1716401694837071
1907,1942245.0,0.171433347205689
1908,1942305.0,0.17110779534804918
1909,1942365.0,0.17059849370584038
1910,1942425.0,0.17014613194920142
1911,1942485.0,0.1707153262997225
1912,1942545.0,0.17166414409120373
1913,1942605.0,0.17229719435995708
1914,1942665.0,0.17280459424117453
1915,1942725.0,0.17266211169240528
1916,1942785.0,0.1723945515400756
1917,1942845.0,0.172107867280652
1918,1942905.0,0.17190521098999031
1919,1942968.0,0.17272107342498647
1920,1943025.0,0.17275207425830466
1921,1943085.0,0.17174174488974975
1922,1943145.0,0.17071681392219928
1923,1943205.0,0.17008772950930282
1924,1943265.0,0.16960384790701366
1925,1943325.0,0.16907640515042943
1926,1943385.0,0.1684985371305839
1927,1943445.0,0.16786328847743145
1928,1943505.0,0.16888329084051673
1929,1943565.0,0.16989758695090196
1930,1943625.0,0.17061155377249476
1931,1943685.0,0.17035976787315732
1932,1943745.0,0.16987011810758212
1933,1943805.0,0.16983337406161114
1934,1943865.0,0.17004054109084873
1935,1943925.0,0.17050632571701918
1936,1943985.0,0.1703739992194977
1937,1944045.0,0.1703352647066811
1938,1944105.0,0.1694933538811358
1939,1944165.0,0.16872890257328121
1940,1944225.0,0.1682007851654949
1941,1944285.0,0.16763851451059453
1942,1944345.0,0.16770029172297113
1943,1944405.0,0.1677784047720995
1944,1944465.0,0.16781642469219032
1945,1944525.0,0.1677977467862173
1946,1944585.0,0.16873827707649044
1947,1944645.0,0.16944528134309433
1948,1944705.0,0.16995237175365918
1949,1944765.0,0.16965614513702482
1950,1944825.0,0.16919677035491335
1951,1944885.0,0.1694652431782762
1952,1944945.0,0.17001281896284778
1953,1945005.0,0.17074276519035764
1954,1945068.0,0.1707671440191492
1955,1945125.0,0.16997796718558233
1956,1945185.0,0.16913979541978538
1957,1945245.0,0.1687214179576338
1958,1945305.0,0.16837441222223345
1959,1945365.0,0.16793653156478391
1960,1945425.0,0.16735753433009892
1961,1945485.0,0.1681804967946043
1962,1945545.0,0.16930868058957646
1963,1945605.0,0.17005623536422865
1964,1945665.0,0.1705584951912094
1965,1945725.0,0.17093830265160243
1966,1945785.0,0.17119893914189394
1967,1945845.0,0.17066963803712243
1968,1945908.0,0.17040551055866537
1969,1945965.0,0.17022995250202222
1970,1946025.0,0.17097575829560846
1971,1946085.0,0.17180928477328639
1972,1946145.0,0.1717411045262455
1973,1946205.0,0.17167230505137476
1974,1946265.0,0.1716529752091159
1975,1946325.0,0.17075798415854715
1976,1946385.0,0.16972641343092595
1977,1946445.0,0.16969983321588142
1978,1946505.0,0.17088677665306587
1979,1946565.0,0.17124961250419016
1980,1946625.0,0.1713451568501559
1981,1946685.0,0.17122572229277383
1982,1946745.0,0.17098671526219114
1983,1946805.0,0.17146277553775152
1984,1946865.0,0.17198118880959068
1985,1946925.0,0.171754087443672
1986,1946985.0,0.17142811467698985
1987,1947045.0,0.17185673511684857
1988,1947105.0,0.17275690510207192
1989,1947165.0,0.17279270834086036
1990,1947225.0,0.17282019244792504
1991,1947285.0,0.17279482956759037
1992,1947345.0,0.1714957011310792
1993,1947405.0,0.17130814039871972
1994,1947465.0,0.17204112306177166
1995,1947525.0,0.17278641985723153
1996,1947585.0,0.172774665241559
1997,1947645.0,0.1725297039257214
1998,1947705.0,0.17298190173486241
1999,1947765.0,0.17351316581409168
2000,1947825.0,0.17336363635029509
2001,1947885.0,0.17315676078693454
2002,1947945.0,0.17297694047237416
2003,1948005.0,0.1729084001318043
2004,1948065.0,0.17402037298806688
2005,1948125.0,0.1742153690475907
2006,1948185.0,0.1743317156789565
2007,1948245.0,0.17437165285451126
2008,1948305.0,0.174346314701134
2009,1948365.0,0.17426895848756674
2010,1948425.0,0.1751342764031061
2011,1948485.0,0.1751855767673975
2012,1948545.0,0.17469405736831398
2013,1948605.0,0.1743653368068482
2014,1948665.0,0.1741837432609272
2015,1948725.0,0.1748083493613935
2016,1948785.0,0.17554049374920908
2017,1948845.0,0.1763049046559812
2018,1948905.0,0.17548113360406625
2019,1948965.0,0.17521286065165062
2020,1949025.0,0.17500462327877356
2021,1949085.0,0.1757493790962448
2022,1949145.0,0.1768617959858783
2023,1949205.0,0.1768530942952934
2024,1949265.0,0.17671573505698285
2025,1949325.0,0.1774884547795482
2026,1949385.0,0.17848690096258432
2027,1949445.0,0.17927643824379463
2028,1949505.0,0.17989118471715415
2029,1949565.0,0.17958638081395786
2030,1949625.0,0.17898568474739412
2031,1949685.0,0.17860689525588822
2032,1949745.0,0.1793011225742142
2033,1949805.0,0.1793461574052024
2034,1949865.0,0.17934002251153108
2035,1949925.0,0.17919656976578555
2036,1949985.0,0.1789708551234889
2037,1950045.0,0.17951984174582641
2038,1950105.0,0.18064463959671861
2039,1950165.0,0.18079701654438693
2040,1950225.0,0.18088055346676224
2041,1950285.0,0.18085511322803635
2042,1950345.0,0.18189005732577715
2043,1950405.0,0.18268238253069094
2044,1950465.0,0.18330931017899285
2045,1950525.0,0.18301547330774712
2046,1950585.0,0.18260548139523866
2047,1950645.0,0.1824152347378279
2048,1950705.0,0.18309900694550987
2049,1950765.0,0.18388195693045054
2050,1950825.0,0.18468160438191722
2051,1950885.0,0.1846354922928436
2052,1950948.0,0.1852544671649227
2053,1951005.0,0.18591853861121932
2054,1951065.0,0.1857257095428101
2055,1951125.0,0.18556972651017875
2056,1951185.0,0.18623884274266153
2057,1951245.0,0.18708001326615084
2058,1951305.0,0.18716914571425286
2059,1951365.0,0.18715366892521856
2060,1951425.0,0.18709825625101956
2061,1951485.0,0.1871189199548754
2062,1951545.0,0.18715452265084853
2063,1951605.0,0.1881321152069304
2064,1951665.0,0.18928845771929462
2065,1951725.0,0.1892722920654293
2066,1951785.0,0.18819698207713642
2067,1951848.0,0.18794771760161097
2068,1951905.0,0.18848357925371975
2069,1951965.0,0.1890747186472998
2070,1952025.0,0.18971270592785722
2071,1952085.0,0.1903656100173669
2072,1952145.0,0.1910279715330979
2073,1952205.0,0.1900252235964364
2074,1952265.0,0.18853431777578036
2075,1952325.0,0.18836451483685335
2076,1952385.0,0.1886942043940412
2077,1952445.0,0.18970087005570185
2078,1952508.0,0.19060915449873972
2079,1952565.0,0.19075356801623308
2080,1952625.0,0.1899466132642713
2081,1952685.0,0.1897337244509053
2082,1952745.0,0.19050544383289414
2083,1952805.0,0.1912739763969402
2084,1952865.0,0.1911560778743622
2085,1952925.0,0.19100841295439905
2086,1952985.0,0.1909295196206511
2087,1953045.0,0.1917932351323596
2088,1953105.0,0.19287692021742758
2089,1953165.0,0.19293051692380203
2090,1953225.0,0.19276089862771226
2091,1953285.0,0.19250073791678823
2092,1953345.0,0.1920317490442189
2093,1953405.0,0.19189390407306514
2094,1953465.0,0.1919636269081247
2095,1953525.0,0.19199650251488065
2096,1953585.0,0.192099589154139
2097,1953645.0,0.19227119579806334
2098,1953705.0,0.19242352738918017
2099,1953765.0,0.1925457657276174
2100,1953825.0,0.19362017804989093
2101,1953885.0,0.1942609458268131
2102,1953945.0,0.19470466885447882
2103,1954005.0,0.19508694772286778
2104,1954065.0,0.19545495494963647
2105,1954125.0,0.19601206645422095
2106,1954185.0,0.1967005663042527
2107,1954245.0,0.19746600700594813
2108,1954305.0,0.19724188653791902
2109,1954365.0,0.19697697779601378
2110,1954425.0,0.19690764717647882
2111,1954485.0,0.19770249947991725
2112,1954545.0,0.19861694962069973
2113,1954605.0,0.19891714135921107
2114,1954665.0,0.19898768945381926
2115,1954725.0,0.19813111095471017
2116,1954788.0,0.19870182390192373
2117,1954845.0,0.19939570972706644
2118,1954905.0,0.20007701886448026
2119,1954965.0,0.20066828923401756
2120,1955025.0,0.20123024183941043
2121,1955085.0,0.20187429116655678
2122,1955145.0,0.20179779658761982
2123,1955205.0,0.20177729362981991
2124,1955265.0,0.20183422868406947
2125,1955325.0,0.20216387162655214
2126,1955385.0,0.20219163915891944
2127,1955445.0,0.20225676523708966
2128,1955505.0,0.20219105109381097
2129,1955565.0,0.20280839042246396
2130,1955625.0,0.20349868412126
2131,1955685.0,0.2035061528539771
2132,1955745.0,0.20337623005595795
2133,1955805.0,0.203224482479454
2134,1955865.0,0.20386663348435297
2135,1955925.0,0.20449364930411928
2136,1955985.0,0.20502733268818402
2137,1956045.0,0.20541114632090224
2138,1956105.0,0.20582127609567336
2139,1956165.0,0.20634592179473238
2140,1956225.0,0.2069859405478808
2141,1956285.0,0.20686303819192292
2142,1956345.0,0.20647093744317577
2143,1956405.0,0.20640046662061196
2144,1956465.0,0.20570981687132306
2145,1956525.0,0.20497469395669116
2146,1956585.0,0.20504114968619205
2147,1956645.0,0.20592441465733924
2148,1956705.0,0.20690586485601886
2149,1956765.0,0.2078927381866327
2150,1956825.0,0.2078859422867753
2151,1956885.0,0.20770435264445491
2152,1956945.0,0.20824363950663502
2153,1957005.0,0.20886063580072262
2154,1957065.0,0.20942178100667502
2155,1957125.0,0.20986688861520356
2156,1957185.0,0.21041886468686904
2157,1957245.0,0.21109263070038684
2158,1957305.0,0.2106333839929121
2159,1957365.0,0.21086868306601447
2160,1957425.0,0.21130628308680235
2161,1957485.0,0.21087554423439908
2162,1957545.0,0.2104835274658526
2163,1957605.0,0.21017065802081722
2164,1957665.0,0.20982318435705305
2165,1957725.0,0.211176393105728
2166,1957785.0,0.21264259257509474
2167,1957845.0,0.21227683383739518
2168,1957905.0,0.21154695168155926
2169,1957965.0,0.21161369880773312
2170,1958025.0,0.2115945392239958
2171,1958085.0,0.2116209427596335
2172,1958145.0,0.2117315594975736
2173,1958205.0,0.21106084943464845
2174,1958265.0,0.21065521654852967
2175,1958325.0,0.21042821896651479
2176,1958385.0,0.21016723677446159
2177,1958445.0,0.2098347640531888
2178,1958505.0,0.2093912907184788
2179,1958565.0,0.20876919560402987
2180,1958625.0,0.2095917743614494
2181,1958685.0,0.21062307075825004
2182,1958745.0,0.21172425657358557
2183,1958805.0,0.2129272917799245
2184,1958865.0,0.21219939954272324
2185,1958925.0,0.2122460540855472
2186,1958988.0,0.21218320518980938
2187,1959045.0,0.21194457257415147
2188,1959105.0,0.2116468850143966
2189,1959165.0,0.2114442095122586
2190,1959225.0,0.2104506216708678
2191,1959285.0,0.20962672080988906
2192,1959345.0,0.2091046276330901
2193,1959405.0,0.20866143269898282
2194,1959465.0,0.2080862697544989
2195,1959525.0,0.2079652453049517
2196,1959585.0,0.20847199694839202
2197,1959645.0,0.2091755653005767
2198,1959705.0,0.21089505082861598
2199,1959765.0,0.21256921894668082
2200,1959825.0,0.21420070961590873
2201,1959885.0,0.21463129527272004
2202,1959945.0,0.21448428946001458
2203,1960005.0,0.2146719245742699
2204,1960065.0,0.21498855228914918
2205,1960125.0,0.21450809196880868
2206,1960185.0,0.21386412318648532
2207,1960245.0,0.21332731152197149
2208,1960305.0,0.21265787089221969
2209,1960365.0,0.21207265520823787
2210,1960425.0,0.2115855392002521
2211,1960485.0,0.211228359707044
2212,1960545.0,0.21083919239982346
2213,1960605.0,0.21101817512581045
2214,1960665.0,0.21116448149015218
2215,1960725.0,0.2113025324973501
2216,1960785.0,0.21141206802537393
2217,1960845.0,0.21058500342834577
2218,1960905.0,0.2091826488932434
2219,1960965.0,0.2088572196143595
2220,1961025.0,0.20998680761073038
2221,1961085.0,0.21136268002300346
2222,1961145.0,0.21151617212634072
2223,1961205.0,0.2118513764953319
2224,1961265.0,0.21230941358451322
2225,1961325.0,0.2119641567012102
2226,1961385.0,0.21151242970555675
2227,1961445.0,0.21082133537332362
2228,1961505.0,0.2101109626079941
2229,1961565.0,0.2094487823309948
2230,1961625.0,0.20885795579963667
2231,1961685.0,0.2082442547239296
2232,1961745.0,0.20752985546039088
2233,1961805.0,0.20663793797705562
2234,1961865.0,0.20734562338967102
2235,1961925.0,0.20885532013267785
2236,1961985.0,0.20915280815260698
2237,1962045.0,0.21063188553819817
2238,1962105.0,0.21282591649560564
2239,1962165.0,0.21389606374091108
2240,1962225.0,0.21471241899478402
2241,1962285.0,0.21487092445017922
2242,1962345.0,0.21495337450203042
2243,1962405.0,0.21405887342959865
2244,1962465.0,0.21291226966961052
2245,1962525.0,0.21172165503289592
2246,1962585.0,0.21170829590493923
2247,1962645.0,0.21192403419184128
2248,1962705.0,0.21150793157890757
2249,1962765.0,0.21107598575673814
2250,1962825.0,0.21054788122091975
2251,1962885.0,0.20985925936060595
2252,1962945.0,0.20978880139127032
2253,1963005.0,0.2110333785482477
2254,1963065.0,0.21280584120578175
2255,1963125.0,0.2145364430741454
2256,1963185.0,0.2160414610018539
2257,1963245.0,0.2167486861843133
2258,1963305.0,0.21696109671654237
2259,1963365.0,0.21717472847202393
2260,1963425.0,0.21750554725027388
2261,1963485.0,0.21782468584641693
2262,1963545.0,0.21713489818375142
2263,1963605.0,0.21624722036799762
2264,1963665.0,0.21604472805019817
2265,1963728.0,0.21598209954773984
2266,1963785.0,0.2160714833809367
2267,1963845.0,0.21539761140011576
2268,1963905.0,0.21443411511733876
2269,1963965.0,0.21451307338888928
2270,1964025.0,0.2147490550420577
2271,1964088.0,0.21422511167135738
2272,1964145.0,0.21462601729032443
2273,1964205.0,0.21522000280324
2274,1964265.0,0.21588798478504068
2275,1964325.0,0.21704734466793418
2276,1964385.0,0.21800553302678938
2277,1964445.0,0.2188670308665036
2278,1964505.0,0.2189930715710201
2279,1964565.0,0.2182603224566165
2280,1964625.0,0.2172318615206969
2281,1964685.0,0.21652642264885846
2282,1964745.0,0.2160399511887849
2283,1964805.0,0.21555817606291713
2284,1964865.0,0.21510719237695022
2285,1964925.0,0.21454415533486998
2286,1964985.0,0.21376810654823386
2287,1965045.0,0.21362506949228924
2288,1965105.0,0.21383045458060904
2289,1965165.0,0.21488848777440356
2290,1965225.0,0.21686036756369456
2291,1965285.0,0.21837417080673818
2292,1965345.0,0.21943839528843043
2293,1965405.0,0.21979910767374172
2294,1965465.0,0.21980615648515625
2295,1965525.0,0.22079067822551557
2296,1965585.0,0.22032736597916522
2297,1965645.0,0.21959024973902586
2298,1965705.0,0.21878137568726944
2299,1965765.0,0.2180216880478563
2300,1965825.0,0.21734009787980987
2301,1965885.0,0.2166559888550519
2302,1965945.0,0.2166141945040402
2303,1966005.0,0.2170939505281804
2304,1966065.0,0.2181578300894626
2305,1966125.0,0.2185764099746499
2306,1966185.0,0.21993924635089945
2307,1966245.0,0.2212720787959451
2308,1966305.0,0.22236551700659676
2309,1966365.0,0.22267110967034445
2310,1966425.0,0.22291035699454329
2311,1966485.0,0.22260153155475018
2312,1966548.0,0.22210402619070183
2313,1966605.0,0.22139759273009849
2314,1966665.0,0.2206780545385953
2315,1966725.0,0.22003723283510285
2316,1966785.0,0.2194226806866445
2317,1966845.0,0.2187644784227595
2318,1966905.0,0.21804621311252162
2319,1966965.0,0.21781552832596368
2320,1967025.0,0.21809547213512187
2321,1967085.0,0.21923781077089674
2322,1967145.0,0.22161056913334629
2323,1967205.0,0.22295161718666023
2324,1967265.0,0.22476492085397828
2325,1967325.0,0.22659575173753738
2326,1967385.0,0.22665014805701003
2327,1967445.0,0.2261270569044471
2328,1967505.0,0.22536964782391322
2329,1967565.0,0.2244495509499293
2330,1967625.0,0.2236571371530216
2331,1967685.0,0.2229546822725352
2332,1967745.0,0.22239405702251458
2333,1967805.0,0.221743478049897
2334,1967865.0,0.22112432322206563
2335,1967925.0,0.22065884327960636
2336,1967985.0,0.21962589672784066
2337,1968048.0,0.21985170791732853
2338,1968105.0,0.2205687994854849
2339,1968165.0,0.2205041275846031
2340,1968225.0,0.22034233403344802
2341,1968285.0,0.22122192608353758
2342,1968345.0,0.22208642390840658
2343,1968405.0,0.22293943401256494
2344,1968465.0,0.22385098289784874
2345,1968525.0,0.22294153052132917
2346,1968585.0,0.22207148538820895
2347,1968645.0,0.2221047919152419
2348,1968705.0,0.22173109510853764
2349,1968765.0,0.22133362014187652
2350,1968825.0,0.22223305825175768
2351,1968885.0,0.2241227517632337
2352,1968945.0,0.22744405422094266
2353,1969005.0,0.2294660752202789
2354,1969065.0,0.23098769515877526
2355,1969125.0,0.23245426462719634
2356,1969185.0,0.2330486877305449
2357,1969245.0,0.2336482892159095
2358,1969305.0,0.23450267645225578
2359,1969365.0,0.2346920498442429
2360,1969425.0,0.2341578047351124
2361,1969485.0,0.23354237947381312
2362,1969545.0,0.23297531973028082
2363,1969605.0,0.23223882301400686
2364,1969665.0,0.23236320557834575
2365,1969725.0,0.23251999409083698
2366,1969785.0,0.23280812732670325
2367,1969845.0,0.2333371738483329
2368,1969905.0,0.2339748922448508
2369,1969965.0,0.23425776550839428
2370,1970025.0,0.23418781789562632
2371,1970085.0,0.23394302548776064
2372,1970145.0,0.23380254008055876
2373,1970205.0,0.23381715455118038
2374,1970265.0,0.23395506441004205
2375,1970325.0,0.23348097003868945
2376,1970385.0,0.2332764828449711
2377,1970445.0,0.23336146976702304
2378,1970505.0,0.23379035633112386
2379,1970565.0,0.2344382419372296
2380,1970625.0,0.23496207543317188
2381,1970685.0,0.23482853960022235
2382,1970745.0,0.23458504980711312
2383,1970805.0,0.23451730640070195
2384,1970865.0,0.23426596560441224
2385,1970925.0,0.23383465645686774
2386,1970985.0,0.2333988377885754
2387,1971048.0,0.23306223955045985
2388,1971105.0,0.23317739144554367
2389,1971165.0,0.2332946808911404
2390,1971225.0,0.2332271055744711
2391,1971285.0,0.23297860349906474
2392,1971345.0,0.23268347287740643
2393,1971405.0,0.2326025003592357
2394,1971465.0,0.23229799696140604
2395,1971525.0,0.23292996608551833
2396,1971585.0,0.23398437025102167
2397,1971645.0,0.23485233275386821
2398,1971705.0,0.23604662866272352
2399,1971765.0,0.23734990564426814
2400,1971825.0,0.2364190901280338
2401,1971885.0,0.23533084492137876
2402,1971945.0,0.23434462236765985
2403,1972005.0,0.2332680277546812
2404,1972065.0,0.2321666311138629
2405,1972125.0,0.23172331662853127
2406,1972185.0,0.23261085926105027
2407,1972245.0,0.23457315886789767
2408,1972305.0,0.23555107155438956
2409,1972365.0,0.23693522984840765
2410,1972425.0,0.23840844763789426
2411,1972485.0,0.23986893297209216
2412,1972545.0,0.24131904438449475
2413,1972605.0,0.2427292729236073
2414,1972665.0,0.24325856443201513
2415,1972725.0,0.24295845890161136
2416,1972785.0,0.242198113746921
2417,1972845.0,0.2400555564055765
2418,1972905.0,0.23808340842630563
2419,1972965.0,0.23739893707218004
2420,1973025.0,0.23692735084049443
2421,1973085.0,0.23696896617795613
2422,1973145.0,0.23700292198835335
2423,1973205.0,0.23687096977396552
2424,1973265.0,0.23682251267153256
2425,1973325.0,0.23682973375818211
2426,1973385.0,0.23681069471908664
2427,1973445.0,0.23677462973817526
2428,1973505.0,0.23669231568419496
2429,1973565.0,0.236573459221285
2430,1973625.0,0.23642726010022366
2431,1973685.0,0.23694032468600396
2432,1973745.0,0.23607381855275106
2433,1973805.0,0.23406025833363506
2434,1973865.0,0.23209390522420786
2435,1973928.0,0.23214525933243668
2436,1973985.0,0.23189875039672786
2437,1974045.0,0.23184066428980818
2438,1974105.0,0.23227939836034653
2439,1974165.0,0.23276830650067268
2440,1974225.0,0.23353455865754055
2441,1974285.0,0.2343699616480284
2442,1974345.0,0.23446928190824254
2443,1974405.0,0.23478534294424677
2444,1974465.0,0.2353411587289502
2445,1974525.0,0.23595350865721837
2446,1974585.0,0.23614141332320288
2447,1974645.0,0.23586035154031593
2448,1974705.0,0.23559262464641395
2449,1974765.0,0.23511596307622748
2450,1974825.0,0.2347659971518406
2451,1974885.0,0.23478762024213284
2452,1974945.0,0.2337974539502715
2453,1975005.0,0.23246821360518685
2454,1975065.0,0.23150388468401023
2455,1975125.0,0.23136118591219346
2456,1975185.0,0.23200875821500247
2457,1975245.0,0.23420353708239516
2458,1975305.0,0.23633038086616354
2459,1975365.0,0.23812753585560756
2460,1975425.0,0.24005762492348787
2461,1975485.0,0.24118177738373162
2462,1975545.0,0.24201175273604864
2463,1975605.0,0.2428412739356857
2464,1975665.0,0.24376809788081788
2465,1975725.0,0.24392746204319116
2466,1975785.0,0.2442749385853984
2467,1975845.0,0.24401861109144043
2468,1975905.0,0.2434379467163359
2469,1975965.0,0.2420757945242293
2470,1976025.0,0.23987098468454673
2471,1976085.0,0.23815653723585323
2472,1976148.0,0.2368725071031094
2473,1976205.0,0.23624326482595664
2474,1976265.0,0.23597534998776867
2475,1976325.0,0.23538401030961476
2476,1976385.0,0.2350181264105523
2477,1976445.0,0.23477370745363985
2478,1976505.0,0.2347357045042684
2479,1976565.0,0.23474690650772226
2480,1976625.0,0.23457493681792754
2481,1976685.0,0.235062379907551
2482,1976745.0,0.23621849088880276
2483,1976805.0,0.23755988222605864
2484,1976865.0,0.23919118931171357
2485,1976925.0,0.240087829611216
2486,1976985.0,0.23989444867982987
2487,1977045.0,0.24029178049946398
2488,1977105.0,0.23970403404835733
2489,1977165.0,0.2398502900151718
2490,1977225.0,0.2402076411904159
2491,1977285.0,0.2402736969517528
2492,1977345.0,0.24055863630671198
2493,1977405.0,0.24102377209306858
2494,1977465.0,0.24150571053356654
2495,1977525.0,0.24187843872282394
2496,1977585.0,0.2436020493189811
2497,1977645.0,0.24506219180289962
2498,1977705.0,0.24646509883251094
2499,1977765.0,0.24636885016715931
2500,1977825.0,0.2458495953611066
2501,1977885.0,0.24435321706010554
2502,1977945.0,0.2413575709091853
2503,1978005.0,0.239162679514244
2504,1978065.0,0.23725589641921616
2505,1978125.0,0.23561834710048435
2506,1978185.0,0.234730879066571
2507,1978245.0,0.23521568678488716
2508,1978305.0,0.23601204146671045
2509,1978365.0,0.23938175897427935
2510,1978425.0,0.24200074088933246
2511,1978485.0,0.24418067479453123
2512,1978545.0,0.2461332930226542
2513,1978605.0,0.24733721293597932
2514,1978665.0,0.2481775082682708
2515,1978725.0,0.2483149417571537
2516,1978785.0,0.24887444574858322
2517,1978845.0,0.24814939718863466
2518,1978905.0,0.2470560963912309
2519,1978965.0,0.24626053271633927
2520,1979025.0,0.24550788963824358
2521,1979085.0,0.24474824814629373
2522,1979145.0,0.24392634085908427
2523,1979205.0,0.24306840435488375
2524,1979265.0,0.2422172417703894
2525,1979325.0,0.24195383884800534
2526,1979385.0,0.2416239981127883
2527,1979448.0,0.24138125900352228
2528,1979505.0,0.24150793200599766
2529,1979565.0,0.24180321503242178
2530,1979625.0,0.2416100256815516
2531,1979685.0,0.2409519255473029
2532,1979745.0,0.23860289723353073
2533,1979805.0,0.2378374574885756
2534,1979865.0,0.23759057402930867
2535,1979925.0,0.23708037504459956
2536,1979985.0,0.23778177115295338
2537,1980045.0,0.237449020077417
2538,1980105.0,0.23671196628654026
2539,1980165.0,0.23667718810175042
2540,1980225.0,0.23641676382056415
2541,1980285.0,0.23603378633234132
2542,1980345.0,0.2354784998698692
2543,1980405.0,0.2349829992709316
2544,1980465.0,0.23458829258477407
2545,1980525.0,0.23431793651534474
2546,1980585.0,0.23410466888399087
2547,1980645.0,0.23372160473292106
2548,1980705.0,0.23380558730997675
2549,1980765.0,0.2349709775645559
2550,1980825.0,0.23420837569821962
2551,1980885.0,0.23377970361305983
2552,1980945.0,0.23525299229165225
2553,1981005.0,0.23764144044254992
2554,1981065.0,0.24027087136357
2555,1981125.0,0.24278625677913704
2556,1981185.0,0.24414366648709962
2557,1981245.0,0.24373197721064777
2558,1981305.0,0.24278173663949998
2559,1981365.0,0.24085511674194532
2560,1981425.0,0.23904664629016403
2561,1981485.0,0.23810254926319424
2562,1981545.0,0.23733012468247855
2563,1981605.0,0.23719630318409507
2564,1981665.0,0.2372430586851003
2565,1981725.0,0.23811145842699902
2566,1981785.0,0.23879629005474995
2567,1981845.0,0.2396019100416787
2568,1981905.0,0.24046753014835304
2569,1981965.0,0.24162370246128118
2570,1982025.0,0.24395291464667224
2571,1982085.0,0.2460754265800929
2572,1982145.0,0.24791469062548743
2573,1982205.0,0.24987873733736785
2574,1982265.0,0.25115362286744414
2575,1982325.0,0.2515740274747865
2576,1982385.0,0.25081007908366726
2577,1982445.0,0.25032295063691523
2578,1982505.0,0.249635069804126
2579,1982568.0,0.24878478181317656
2580,1982625.0,0.248635940894341
2581,1982685.0,0.24849487914565238
2582,1982745.0,0.24846924603638354
2583,1982805.0,0.24858650349430697
2584,1982865.0,0.24866223920975128
2585,1982925.0,0.24878742493979783
2586,1982985.0,0.2489716794943634
2587,1983045.0,0.24824770655744005
2588,1983105.0,0.248541437620413
2589,1983165.0,0.2486315712015966
2590,1983225.0,0.2489055799354561
2591,1983288.0,0.24863604563659056
2592,1983345.0,0.24826167321305706
2593,1983405.0,0.24728698612342512
2594,1983465.0,0.24645814459153456
2595,1983525.0,0.24579368801535031
2596,1983585.0,0.24602857928622324
2597,1983645.0,0.24619688697037317
2598,1983705.0,0.2461548282852454
2599,1983765.0,0.24588943181533648
2600,1983825.0,0.24556058075104645
2601,1983885.0,0.2454347925561888
2602,1983945.0,0.24545975340023468
2603,1984008.0,0.245728377923291
2604,1984065.0,0.24592583875954963
2605,1984125.0,0.24614115508578552
2606,1984185.0,0.2470631824629889
2607,1984245.0,0.24829440745998307
2608,1984305.0,0.2497288774977928
2609,1984365.0,0.2515404617929952
2610,1984425.0,0.25299521585305873
2611,1984485.0,0.2539415727552445
2612,1984545.0,0.25568204383711723
2613,1984605.0,0.2578989515462347
2614,1984665.0,0.25927827043885876
2615,1984725.0,0.2578978349492427
2616,1984785.0,0.25592734514911014
2617,1984845.0,0.2545347763680379
2618,1984905.0,0.2531525592448171
2619,1984965.0,0.25230320923991456
2620,1985025.0,0.25245309929564497
2621,1985085.0,0.25336301375332737
2622,1985145.0,0.2568484371407501
2623,1985205.0,0.25873830236190154
2624,1985265.0,0.2607169964021636
2625,1985325.0,0.2624132980731171
2626,1985385.0,0.2642898986549167
2627,1985445.0,0.265568636351588
2628,1985505.0,0.2667143616736178
2629,1985565.0,0.2681229339117166
2630,1985628.0,0.26971523911850126
2631,1985685.0,0.2712968948046657
2632,1985745.0,0.2717717992718681
2633,1985805.0,0.27243767043779815
2634,1985865.0,0.2726494990623649
2635,1985925.0,0.2720290974273998
2636,1985985.0,0.27072919282230673
2637,1986045.0,0.26779622067745434
2638,1986105.0,0.26565359388505727
2639,1986165.0,0.2638147370643834
2640,1986225.0,0.2619753490092668
2641,1986285.0,0.260950999911434
2642,1986345.0,0.26009891009625
2643,1986405.0,0.26022317917321985
2644,1986465.0,0.2600165287517159
2645,1986525.0,0.26081092082703616
2646,1986585.0,0.2618566976694773
2647,1986645.0,0.2630102901782626
2648,1986705.0,0.2641918057770391
2649,1986765.0,0.2653795890758677
2650,1986825.0,0.26600079228188517
2651,1986885.0,0.2668758989774727
2652,1986945.0,0.2669047889925895
2653,1987005.0,0.2667659833777742
2654,1987065.0,0.26644628020719097
2655,1987125.0,0.26611609149244664
2656,1987185.0,0.26633024165289976
2657,1987245.0,0.26655464469442636
2658,1987305.0,0.2676983777199783
2659,1987365.0,0.26830428216288416
2660,1987425.0,0.26916506233347154
2661,1987485.0,0.27450662756366606
2662,1987545.0,0.2742809361363517
2663,1987605.0,0.273769515374095
2664,1987665.0,0.27343453532647977
2665,1987728.0,0.2729884179265434
2666,1987785.0,0.2726360734635792
2667,1987845.0,0.27114882410714947
2668,1987905.0,0.2709557486710329
2669,1987965.0,0.2709960789419199
2670,1988025.0,0.2710254405885437
2671,1988085.0,0.2720084285996577
2672,1988145.0,0.2720056786424576
2673,1988205.0,0.271972824625777
2674,1988265.0,0.2719463895603428
2675,1988325.0,0.27183055761810304
2676,1988385.0,0.27032146790601586
2677,1988445.0,0.26920383736808784
2678,1988505.0,0.26814460598241147
2679,1988565.0,0.26798513568581506
2680,1988625.0,0.26765154753563164
2681,1988685.0,0.2685349340998841
2682,1988745.0,0.26927842142169844
2683,1988805.0,0.2707448780998264
2684,1988865.0,0.2722700557481282
2685,1988925.0,0.2735124755062019
2686,1988985.0,0.27510867545647544
2687,1989045.0,0.2758915832451527
2688,1989105.0,0.27616473787197954
2689,1989165.0,0.27410111299096684
2690,1989225.0,0.2718586013011678
2691,1989285.0,0.27009766801048396
2692,1989345.0,0.26857650030955604
2693,1989405.0,0.2678364501948163
2694,1989465.0,0.26724173225340137
2695,1989525.0,0.26725932671978947
2696,1989585.0,0.2673985297668107
2697,1989645.0,0.26740090573825215
2698,1989705.0,0.26721683874958535
2699,1989765.0,0.26786471746208584
2700,1989825.0,0.2685027880826849
2701,1989885.0,0.26905429705371886
2702,1989945.0,0.27134274945929826
2703,1990005.0,0.27383851334055004
2704,1990065.0,0.2759314894732866
2705,1990125.0,0.2779491932646446
2706,1990185.0,0.27906899775383576
2707,1990245.0,0.28000049430555785
2708,1990305.0,0.28104593507549913
2709,1990365.0,0.28213506560021306
2710,1990425.0,0.28263751870386283
2711,1990485.0,0.2827068597825343
2712,1990545.0,0.28291954380013673
2713,1990605.0,0.2817935787052034
2714,1990665.0,0.2805264116695727
2715,1990725.0,0.27953987185544127
2716,1990785.0,0.27815302844101786
2717,1990845.0,0.27790997812901885
2718,1990905.0,0.27801959647160235
2719,1990965.0,0.27824891536939433
2720,1991025.0,0.27847926671341866
2721,1991085.0,0.2786908601907672
2722,1991145.0,0.28017666927023765
2723,1991205.0,0.2810571996370409
2724,1991265.0,0.2818284398373043
2725,1991325.0,0.2829238543060171
2726,1991385.0,0.283962854751073
2727,1991445.0,0.28524313417771274
2728,1991505.0,0.2860321803138578
2729,1991565.0,0.28600860987156107
2730,1991628.0,0.2882621885936727
2731,1991685.0,0.28930559651811183
2732,1991745.0,0.2883225761527972
2733,1991805.0,0.2862736564338787
2734,1991865.0,0.28399007418410027
2735,1991925.0,0.2817783774791843
2736,1991985.0,0.27979983298087197
2737,1992045.0,0.27926128302511866
2738,1992105.0,0.2785189004339229
2739,1992165.0,0.2784504280133459
2740,1992225.0,0.2783493593959768
2741,1992285.0,0.2793949935199283
2742,1992345.0,0.28027886353891546
2743,1992405.0,0.280743584274753
2744,1992465.0,0.28157765728502393
2745,1992525.0,0.28195119368749
2746,1992585.0,0.28222853582810226
2747,1992645.0,0.2827721194980361
2748,1992705.0,0.28318115534388566
2749,1992765.0,0.2832946937463095
2750,1992825.0,0.2812299973546873
2751,1992885.0,0.27961285842202077
2752,1992945.0,0.2784139397069116
2753,1993005.0,0.2769431207924049
2754,1993065.0,0.27636215419582355
2755,1993125.0,0.2755697564808283
2756,1993185.0,0.2754876145669278
2757,1993245.0,0.27541618702910164
2758,1993305.0,0.2754413070992685
2759,1993365.0,0.27546840825865093
2760,1993425.0,0.2755145650708891
2761,1993485.0,0.275428913911157
2762,1993548.0,0.27606082401039733
2763,1993605.0,0.27702599756418
2764,1993665.0,0.27802516318950754
2765,1993725.0,0.2795221253298419
2766,1993785.0,0.2796145374682282
2767,1993845.0,0.27991397881312
2768,1993905.0,0.28022954618294743
2769,1993965.0,0.2801851026310833
2770,1994025.0,0.2797023896526819
2771,1994085.0,0.27984564243953525
2772,1994145.0,0.2791394626266524
2773,1994205.0,0.27931316871404405
2774,1994265.0,0.2794506401545188
2775,1994325.0,0.2793814032792945
2776,1994385.0,0.2791594880312608
2777,1994445.0,0.27907226773729726
2778,1994505.0,0.27928883771931357
2779,1994565.0,0.2795339501238472
2780,1994625.0,0.2797699986461051
2781,1994685.0,0.27990229437306613
2782,1994745.0,0.27989398827012824
2783,1994805.0,0.2797835238005562
2784,1994865.0,0.27964903581462514
2785,1994925.0,0.28055092039684826
2786,1994985.0,0.281279217469352
2787,1995045.0,0.28145134866734145
2788,1995105.0,0.28135953210981113
2789,1995165.0,0.2807693839651825
2790,1995225.0,0.28057913264599665
2791,1995285.0,0.280408712182161
2792,1995345.0,0.2802377521589078
2793,1995405.0,0.27920775408310045
2794,1995465.0,0.27851087618629744
2795,1995525.0,0.27782645013580387
2796,1995585.0,0.27807402424577576
2797,1995645.0,0.27845131738334883
2798,1995705.0,0.27901008847446584
2799,1995765.0,0.2790239067339477
2800,1995825.0,0.27842968023342174
2801,1995885.0,0.2767193065390974
2802,1995945.0,0.27314358340502504
2803,1996005.0,0.27105706962642845
2804,1996065.0,0.2700388775873427
2805,1996125.0,0.26931298437926987
2806,1996185.0,0.2684118193895946
2807,1996245.0,0.2682603431755473
2808,1996305.0,0.2682550032351465
2809,1996365.0,0.26839338951593616
2810,1996425.0,0.2672648216488571
2811,1996485.0,0.26605596550434596
2812,1996545.0,0.2659937001783702
2813,1996605.0,0.2658758268291073
2814,1996665.0,0.26575786564908144
2815,1996725.0,0.265819703554101
2816,1996785.0,0.2660318245033137
2817,1996845.0,0.26642014717941764
2818,1996905.0,0.2666024187219983
2819,1996965.0,0.2665019579180158
2820,1997025.0,0.2663866817592186
2821,1997085.0,0.26641375795498634
2822,1997148.0,0.26800588447879403
2823,1997205.0,0.2682439122717599
2824,1997265.0,0.2686362798654926
2825,1997325.0,0.2689813281085781
2826,1997385.0,0.2691524301875876
2827,1997445.0,0.26911535012605353
2828,1997505.0,0.2689847106719824
2829,1997568.0,0.2688518697913391
2830,1997625.0,0.2682164722172646
2831,1997685.0,0.2673519992086869
2832,1997745.0,0.26735801380998014
2833,1997805.0,0.2675366051578014
2834,1997865.0,0.26794604780502956
2835,1997925.0,0.26849741180324116
2836,1997985.0,0.26880434593607316
2837,1998045.0,0.2690737991936765
2838,1998105.0,0.26824760451647645
2839,1998165.0,0.2689901898301271
2840,1998225.0,0.26992784015210824
2841,1998285.0,0.26557239425847834
2842,1998345.0,0.2661475642795278
2843,1998405.0,0.26617650936502923
2844,1998465.0,0.2651583573897407
2845,1998525.0,0.2635808123335971
2846,1998585.0,0.262069350338654
2847,1998645.0,0.2614192042985858
2848,1998705.0,0.261078322815989
2849,1998765.0,0.26060451459279055
2850,1998825.0,0.2600841070980794
2851,1998885.0,0.25911291726761354
2852,1998945.0,0.25898255726825226
2853,1999005.0,0.25889977470629844
2854,1999065.0,0.25887046735725816
2855,1999125.0,0.25912000204053853
2856,1999185.0,0.2592028182387021
2857,1999245.0,0.2590513469369934
2858,1999305.0,0.2588889695191502
2859,1999365.0,0.2598622462924781
2860,1999425.0,0.2608337212589109
2861,1999485.0,0.2604081272780653
2862,1999545.0,0.2606665028353454
2863,1999605.0,0.2605308469774195
2864,1999665.0,0.25930590381742613
2865,1999725.0,0.2582707181104973
2866,1999785.0,0.25714106095514516
2867,1999845.0,0.2559852185477949
2868,1999905.0,0.2553227752819352
2869,1999965.0,0.25458544501600866
2870,2000025.0,0.25445192893648316
2871,2000085.0,0.25419767203065646
2872,2000145.0,0.25400582320962517
2873,2000205.0,0.25390548135786967
2874,2000265.0,0.25414377989078374
2875,2000325.0,0.2543665300555897
2876,2000385.0,0.2543087282768911
2877,2000445.0,0.25425794705154225
2878,2000505.0,0.2543107139988109
2879,2000565.0,0.2545867068206147
2880,2000625.0,0.2545765965185682
2881,2000685.0,0.25436841488186024
2882,2000745.0,0.25248692833175435
2883,2000805.0,0.2506507888391315
2884,2000865.0,0.24911999333452
2885,2000925.0,0.24788177555211627
2886,2000985.0,0.24756504979066152
2887,2001045.0,0.2467596058603627
2888,2001105.0,0.2458659779433936
2889,2001165.0,0.24511200346705594
2890,2001225.0,0.24405119514269807
2891,2001285.0,0.24288833870276688
2892,2001348.0,0.24179283599839727
2893,2001405.0,0.2417552380026579
2894,2001465.0,0.24189053624578188
2895,2001525.0,0.2420331399494927
2896,2001585.0,0.24211983513104948
2897,2001645.0,0.24209613377276998
2898,2001705.0,0.24190187191593046
2899,2001765.0,0.2426409456981456
2900,2001825.0,0.24356090071374428
2901,2001885.0,0.24417403704978657
2902,2001945.0,0.24342316304856368
2903,2002005.0,0.24357457936466026
2904,2002065.0,0.24380709670403894
2905,2002128.0,0.24375092622388522
2906,2002185.0,0.24280986506435678
2907,2002245.0,0.2418470472552361
2908,2002305.0,0.24098303723996953
2909,2002365.0,0.24030734458939457
2910,2002425.0,0.23918423437897754
2911,2002485.0,0.23887784881284535
2912,2002545.0,0.23856105130302035
2913,2002605.0,0.23832189888785488
2914,2002665.0,0.23956389639440076
2915,2002725.0,0.2412190661079359
2916,2002785.0,0.24102747765503804
2917,2002845.0,0.24049647421360945
2918,2002905.0,0.24079900802591395
2919,2002965.0,0.24146657820488338
2920,2003025.0,0.24230296691983577
2921,2003085.0,0.24235179313766908
2922,2003145.0,0.24274944192046347
2923,2003205.0,0.2434315541974111
2924,2003265.0,0.24271368113221295
2925,2003325.0,0.24176145682124764
2926,2003385.0,0.24119815266668504
2927,2003445.0,0.24044025970830507
2928,2003505.0,0.239442827347779
2929,2003565.0,0.2384403346945376
2930,2003628.0,0.2385936247583464
2931,2003685.0,0.23866590230146095
2932,2003745.0,0.23851999653241981
2933,2003805.0,0.2382850767643412
2934,2003865.0,0.2380831000201804
2935,2003925.0,0.23797367892165736
2936,2003985.0,0.23784300024352484
2937,2004045.0,0.23758653489115983
2938,2004105.0,0.23720899099785397
2939,2004165.0,0.23699858706404234
2940,2004225.0,0.23690863210327484
2941,2004285.0,0.23682481218720747
2942,2004345.0,0.2369769676562046
2943,2004405.0,0.23668795090534592
2944,2004465.0,0.23673301906521876
2945,2004525.0,0.23630116224109618
2946,2004585.0,0.2360766666365251
2947,2004645.0,0.23585031934775624
2948,2004705.0,0.2346969928248724
2949,2004768.0,0.23361788553517424
2950,2004825.0,0.23239484459998863
2951,2004885.0,0.2310057238463123
2952,2004945.0,0.23049170616515666
2953,2005005.0,0.23094871138416131
2954,2005065.0,0.23164854827581638
2955,2005125.0,0.23231031813567538
2956,2005185.0,0.23354737553708707
2957,2005245.0,0.23459840993274875
2958,2005305.0,0.23512431778096482
2959,2005365.0,0.2350842811667289
2960,2005425.0,0.23518903571458274
2961,2005485.0,0.23542850919525665
2962,2005545.0,0.23582940023113827
2963,2005605.0,0.23621390595706884
2964,2005665.0,0.2363548429894233
2965,2005725.0,0.23563825691168372
2966,2005785.0,0.234567637109533
2967,2005845.0,0.23347121093785872
2968,2005905.0,0.23228305578938382
2969,2005965.0,0.23125342591801412
2970,2006025.0,0.23022153221427744
2971,2006085.0,0.2290776269602674
2972,2006145.0,0.22782085185125983
2973,2006205.0,0.22746969913607384
2974,2006265.0,0.228037577675691
2975,2006325.0,0.22859861083372351
2976,2006385.0,0.22925087651195394
2977,2006445.0,0.22988624654507236
2978,2006508.0,0.23055342559478245
2979,2006565.0,0.23130607816119822
2980,2006625.0,0.23117681352103814
2981,2006685.0,0.23143549309900036
2982,2006745.0,0.23168124701758314
2983,2006805.0,0.23166534156742732
2984,2006865.0,0.23040828050472031
2985,2006925.0,0.22909167561042143
2986,2006985.0,0.2281386443763563
2987,2007045.0,0.2272449649510325
2988,2007105.0,0.22629393574046822
2989,2007165.0,0.22510526151755064
2990,2007225.0,0.22477587299944277
2991,2007285.0,0.22515377368853634
2992,2007345.0,0.22606456378495432
2993,2007405.0,0.22667082590554524
2994,2007465.0,0.22774137201428388
2995,2007528.0,0.22895934458304623
2996,2007585.0,0.2296924179438274
2997,2007645.0,0.23042225749203113
2998,2007705.0,0.23044086041918918
2999,2007765.0,0.23073525329448846
3000,2007825.0,0.23103180491905617
3001,2007885.0,0.23135297902598898
3002,2007945.0,0.23008024007986827
3003,2008005.0,0.22909291801070444
3004,2008065.0,0.22821308842374674
3005,2008125.0,0.22730126007080645
3006,2008185.0,0.22645424351609664
3007,2008245.0,0.2254563115113494
3008,2008305.0,0.22435281241679664
3009,2008365.0,0.22312383516070203
3010,2008425.0,0.2228854131187278
3011,2008485.0,0.22252357567992068
3012,2008545.0,0.22212019883177764
3013,2008605.0,0.22169523488618895
3014,2008665.0,0.22211637795211683
3015,2008728.0,0.2225117968313376
3016,2008785.0,0.223585065765191
3017,2008845.0,0.22486780969238793
3018,2008905.0,0.22589000821094085
3019,2008965.0,0.22572482876175132
3020,2009025.0,0.22426000575382915
3021,2009085.0,0.22304886499402102
3022,2009145.0,0.22207388184421364
3023,2009205.0,0.22114647912607122
3024,2009265.0,0.21993191645582397
3025,2009325.0,0.21966822279157175
3026,2009385.0,0.219397103135036
3027,2009445.0,0.21917660712221765
3028,2009505.0,0.21890277648510273
3029,2009568.0,0.21873715155668078
3030,2009625.0,0.2184164914201198
3031,2009685.0,0.2182315810491952
3032,2009745.0,0.21797804456596037
3033,2009805.0,0.218292530892364
3034,2009865.0,0.21885761630317033
3035,2009925.0,0.21951238802381387
3036,2009985.0,0.22047826877824453
3037,2010045.0,0.2218338671253778
3038,2010105.0,0.22297503787059364
3039,2010165.0,0.22299332024916585
3040,2010225.0,0.22228529827254714
3041,2010285.0,0.22199490085977827
3042,2010345.0,0.22144695364019248
3043,2010405.0,0.22083953716840934
3044,2010468.0,0.2213423835298076
3045,2010525.0,0.22145827630159645
3046,2010585.0,0.22144254549770406
3047,2010645.0,0.221455868827049
3048,2010705.0,0.22160113665573464
3049,2010765.0,0.22157056855650223
3050,2010825.0,0.22161596970203293
3051,2010885.0,0.22161250372163777
3052,2010945.0,0.2215661798727306
3053,2011005.0,0.22137351293775787
3054,2011065.0,0.2210129635615495
3055,2011125.0,0.2206490247502414
3056,2011185.0,0.220427199713517
3057,2011245.0,0.22030735321548803
3058,2011305.0,0.2202560835644079
3059,2011365.0,0.21907420459659135
3060,2011425.0,0.21822751206340105
3061,2011485.0,0.21758868746531873
3062,2011545.0,0.21845888590785364
3063,2011605.0,0.21903865126605757
3064,2011665.0,0.21992898837068275
3065,2011725.0,0.22055352137970255
3066,2011785.0,0.2199627302989674
3067,2011845.0,0.22003698705667532
3068,2011905.0,0.2200745786610057
3069,2011965.0,0.2196605297909846
3070,2012025.0,0.21939067793729622
3071,2012085.0,0.21918062189869955
3072,2012145.0,0.21902598574567825
3073,2012205.0,0.21889716600266834
3074,2012265.0,0.21866281759617803
3075,2012325.0,0.21833326389544117
3076,2012385.0,0.21812500444181152
3077,2012445.0,0.21801354331544964
3078,2012505.0,0.2179606070458982
3079,2012565.0,0.21695438495116687
3080,2012625.0,0.21582619298846764
3081,2012685.0,0.21587468341033114
3082,2012745.0,0.21640165576032652
3083,2012805.0,0.21624192927645547
3084,2012865.0,0.21576084711285717
3085,2012925.0,0.21518858600650254
3086,2012985.0,0.2155499336982543
3087,2013045.0,0.2152150650917757
3088,2013105.0,0.21467720208809832
3089,2013165.0,0.2140309501839173
3090,2013225.0,0.2145970731674088
3091,2013285.0,0.21539165763202386
3092,2013345.0,0.21534135379059982
3093,2013405.0,0.21516039377255905
3094,2013465.0,0.213546527325024
3095,2013525.0,0.21177695688841824
3096,2013585.0,0.21186524325086037
3097,2013645.0,0.2130580556007058
3098,2013705.0,0.21333579939386466
3099,2013765.0,0.21312072348933436
3100,2013825.0,0.2127145278175241
3101,2013885.0,0.21193363232421814
3102,2013945.0,0.21119047860168547
3103,2014005.0,0.21062329430930105
3104,2014065.0,0.21041293154811108
3105,2014125.0,0.21008804070729856
3106,2014185.0,0.20966695911169836
3107,2014245.0,0.2092206200346812
3108,2014305.0,0.2090891436723508
3109,2014365.0,0.20910871600758404
3110,2014425.0,0.20910585878116297
3111,2014485.0,0.20885029592580878
3112,2014545.0,0.20858178023185434
3113,2014605.0,0.20835817555065944
3114,2014665.0,0.2081255849975257
3115,2014725.0,0.20794762641921602
3116,2014785.0,0.20899086048286242
3117,2014845.0,0.20977325209329523
3118,2014905.0,0.21034894377661092
3119,2014965.0,0.21085523011931628
3120,2015025.0,0.21138811700219848
3121,2015085.0,0.21200981303545355
3122,2015145.0,0.2109167809231693
3123,2015205.0,0.20994529867536774
3124,2015265.0,0.2095180222656403
3125,2015325.0,0.20929657000853763
3126,2015385.0,0.20900110075878317
3127,2015445.0,0.207762209388656
3128,2015505.0,0.20740710631749898
3129,2015565.0,0.20810861066766842
3130,2015625.0,0.20895016214471945
3131,2015685.0,0.2096382737107826
3132,2015745.0,0.21027825695502142
3133,2015805.0,0.21001019382076158
3134,2015865.0,0.20959355415412403
3135,2015925.0,0.20933393140699852
3136,2015985.0,0.2088732422529675
3137,2016045.0,0.20909001101443442
3138,2016105.0,0.20847539116570257
3139,2016165.0,0.20847241829835958
3140,2016225.0,0.20806577645560262
3141,2016285.0,0.20738410183368752
3142,2016345.0,0.2065964793513999
3143,2016405.0,0.20594008015310944
3144,2016465.0,0.20570262199224962
3145,2016525.0,0.20558045941122305
3146,2016585.0,0.2054137860720851
3147,2016645.0,0.20521846315860226
3148,2016705.0,0.2050290512825918
3149,2016765.0,0.20476324081536693
3150,2016825.0,0.2045375261292425
3151,2016885.0,0.2044213061968822
3152,2016945.0,0.2044045740067387
3153,2017005.0,0.20448650862456383
3154,2017065.0,0.20360492004488667
3155,2017125.0,0.20270906866262914
3156,2017185.0,0.20172390727464617
3157,2017245.0,0.20077450385682646
3158,2017305.0,0.19978815029557626
3159,2017365.0,0.19877020738481713
3160,2017425.0,0.19863836505963411
3161,2017485.0,0.19837928331195173
3162,2017545.0,0.19820786973006124
3163,2017605.0,0.19829063194366361
3164,2017665.0,0.19842374993068992
3165,2017725.0,0.19854599851053323
3166,2017785.0,0.1985624506194735
3167,2017845.0,0.19865166765639838
3168,2017905.0,0.1988042983330485
3169,2017968.0,0.19903216070368157
3170,2018025.0,0.19946065556734882
3171,2018085.0,0.19895181064352482
3172,2018145.0,0.19781052306180877
3173,2018205.0,0.1968544487684784
3174,2018265.0,0.19534849483915773
3175,2018325.0,0.19369104225069236
3176,2018385.0,0.19252361007192842
3177,2018445.0,0.19133584078173685
3178,2018505.0,0.1910642771763717
3179,2018565.0,0.19077079596949814
3180,2018625.0,0.19051116334794577
3181,2018685.0,0.1901824309493184
3182,2018745.0,0.19002023047458017
3183,2018805.0,0.18997472394998755
3184,2018865.0,0.18988174177471281
3185,2018925.0,0.18964407590103285
3186,2018985.0,0.18922367467080786
3187,2019045.0,0.18898512549363203
3188,2019105.0,0.1889160840509671
3189,2019165.0,0.18893833488150716
3190,2019225.0,0.18899027842102514
3191,2019285.0,0.18907204340897368
3192,2019345.0,0.19030779242313056
3193,2019405.0,0.19131797407974815
3194,2019465.0,0.19037266897498792
3195,2019525.0,0.1896575392734505
3196,2019585.0,0.18852212785969027
3197,2019645.0,0.18728080786676832
3198,2019705.0,0.18638259570666996
3199,2019765.0,0.18559836878747688
3200,2019825.0,0.1856928445727911
3201,2019885.0,0.18552580922021789
3202,2019945.0,0.18520294337733767
3203,2020005.0,0.18497149151728867
3204,2020065.0,0.18498791292713374
3205,2020125.0,0.1850251356635025
3206,2020185.0,0.18502528410907412
3207,2020245.0,0.18493908778166543
3208,2020305.0,0.18481166470828564
3209,2020365.0,0.18464782797461116
3210,2020425.0,0.18459339594041357
3211,2020485.0,0.18474911993854445
3212,2020545.0,0.18506006854607635
3213,2020605.0,0.18470868236810115
3214,2020665.0,0.18397734593645737
3215,2020725.0,0.18296946166182704
3216,2020785.0,0.18182187292930987
3217,2020848.0,0.18042738194225474
3218,2020905.0,0.1793255588102359
3219,2020965.0,0.17832368440259308
3220,2021025.0,0.1781693884798051
3221,2021085.0,0.1779219109697087
3222,2021145.0,0.17764925773810908
3223,2021205.0,0.17734089104998693
3224,2021265.0,0.17694081061748812
3225,2021325.0,0.17678470385879014
3226,2021385.0,0.17670970320695964
3227,2021448.0,0.1765223366447506
3228,2021505.0,0.17612997231354854
3229,2021565.0,0.17594051884547593
3230,2021628.0,0.17591453939586615
3231,2021685.0,0.17594172009162926
3232,2021745.0,0.17597182979550646
3233,2021805.0,0.17605734283767446
3234,2021865.0,0.17617344545138813
3235,2021925.0,0.17631169852626966
3236,2021988.0,0.17649183690733206
3237,2022045.0,0.17666979795761042
3238,2022105.0,0.17676096775510405
3239,2022165.0,0.17687023113647532
3240,2022225.0,0.177024421148716
3241,2022285.0,0.17726043410099054
3242,2022345.0,0.1760568072051947
3243,2022405.0,0.17488377915875306
3244,2022465.0,0.1734158470331035
3245,2022525.0,0.17216643733665055
3246,2022585.0,0.17201259859376086
3247,2022645.0,0.17185973272460378
3248,2022705.0,0.1717181619196348
3249,2022765.0,0.17186173037224145
3250,2022825.0,0.17211786466859486
3251,2022885.0,0.17236085617158498
3252,2022945.0,0.17254172326931383
3253,2023005.0,0.17261123493480565
3254,2023065.0,0.17263091406161177
3255,2023125.0,0.1727116923411072
3256,2023185.0,0.17285141675250754
3257,2023245.0,0.1729827515358006
3258,2023305.0,0.17311352034053
3259,2023365.0,0.17323032369664013
3260,2023425.0,0.1734519073923365
3261,2023485.0,0.1729107034995772
3262,2023545.0,0.17202344647344275
3263,2023605.0,0.17144994878379344
3264,2023665.0,0.1710727479977143
3265,2023725.0,0.17072349385957636
3266,2023785.0,0.1703131186967724
3267,2023845.0,0.17032297043886427
3268,2023905.0,0.17042400185704315
3269,2023965.0,0.17053911052812956
3270,2024025.0,0.16980785670181353
3271,2024085.0,0.16893386663281673
3272,2024145.0,0.16888337439308082
3273,2024205.0,0.16893371955022807
3274,2024265.0,0.16898116984221645
3275,2024325.0,0.1689771970440585
3276,2024385.0,0.1688974647535423
3277,2024445.0,0.1678623622356006
3278,2024505.0,0.16700896229419956
3279,2024565.0,0.16647398937910254
3280,2024625.0,0.1660053540959614
3281,2024685.0,0.1655740864191017
3282,2024745.0,0.16516475430392463
3283,2024805.0,0.1647044848709686
3284,2024865.0,0.1649035335215515
3285,2024925.0,0.16518583716723126
3286,2024985.0,0.16543797862696064
3287,2025045.0,0.16558722062403775
3288,2025105.0,0.16558243896476388
3289,2025165.0,0.16540817255178988
3290,2025225.0,0.16520410479384676
3291,2025285.0,0.16511596049921057
3292,2025345.0,0.16511547284627873
3293,2025405.0,0.16518192046207367
3294,2025465.0,0.16526671097630294
3295,2025525.0,0.1653555025609341
3296,2025585.0,0.1642589585885114
3297,2025645.0,0.16341807493455646
3298,2025705.0,0.16276576042006333
3299,2025765.0,0.16220034753709991
3300,2025825.0,0.16164638579863172
3301,2025885.0,0.16109795165888308
3302,2025945.0,0.16127070689740172
3303,2026005.0,0.16149655801508683
3304,2026065.0,0.1609652577426753
3305,2026125.0,0.16029485575109456
3306,2026185.0,0.15963398555400515
3307,2026245.0,0.15978250619385898
3308,2026305.0,0.15993575104233915
3309,2026365.0,0.15908083747278867
3310,2026425.0,0.15829505367405095
3311,2026485.0,0.15773482582485468
3312,2026545.0,0.1573675766087555
3313,2026605.0,0.15689111252745858
3314,2026665.0,0.15634894547365014
3315,2026725.0,0.15580183540621706
3316,2026785.0,0.15496914550136237
3317,2026845.0,0.15356556343068697
3318,2026905.0,0.1533602473205667
3319,2026965.0,0.15323095795641004
3320,2027025.0,0.15350416661952296
3321,2027085.0,0.15390908998632458
3322,2027145.0,0.15429996560050452
3323,2027205.0,0.15459541590584067
3324,2027265.0,0.15478569050121563
3325,2027325.0,0.1547866550175513
3326,2027385.0,0.15460620684025947
3327,2027445.0,0.15458751610645263
3328,2027505.0,0.15467138108181802
3329,2027565.0,0.15480209002274076
3330,2027625.0,0.15493433172698234
3331,2027685.0,0.15504706807454316
3332,2027745.0,0.15510179620042994
3333,2027805.0,0.15519421555599522
3334,2027865.0,0.1553035904983987
3335,2027925.0,0.15539606183829777
3336,2027985.0,0.1554696556873333
3337,2028045.0,0.1554857478885114
3338,2028105.0,0.15546998697247663
3339,2028165.0,0.1554347063905529
3340,2028225.0,0.1554009253907299
3341,2028285.0,0.15537177152079518
3342,2028345.0,0.15536471524604487
3343,2028405.0,0.15537793294205646
3344,2028465.0,0.15539345811512015
3345,2028525.0,0.15538587720079905
3346,2028585.0,0.15538202797986797
3347,2028645.0,0.1553909727391941
3348,2028705.0,0.15538286478757743
3349,2028765.0,0.1553863960888376
3350,2028825.0,0.15537965533747175
3351,2028885.0,0.1554102617619269
3352,2028945.0,0.15547958543186594
3353,2029005.0,0.15562587515607218
3354,2029065.0,0.1557798486582951
3355,2029128.0,0.1559787851193117
3356,2029185.0,0.15620506103733436
3357,2029245.0,0.15636020046225207
3358,2029305.0,0.1564040385840791
3359,2029368.0,0.15638514006653875
3360,2029425.0,0.15633706761892444
3361,2029485.0,0.15632680814825275
3362,2029545.0,0.156298812767257
3363,2029605.0,0.1562385927952365
3364,2029665.0,0.15615335652970047
3365,2029725.0,0.1560538594460706
3366,2029785.0,0.1559783534024055
3367,2029845.0,0.15595292825535212
3368,2029905.0,0.1559434303222291
3369,2029965.0,0.1559525014039153
3370,2030025.0,0.15591467475636586
3371,2030085.0,0.15585098603442063
3372,2030145.0,0.15464251854099603
3373,2030205.0,0.15370509263302934
3374,2030265.0,0.15381445289799997
3375,2030325.0,0.1537616766647003
3376,2030385.0,0.15369024652582203
3377,2030445.0,0.15356041894666675
3378,2030505.0,0.15333448459736618
3379,2030565.0,0.1530400088591217
3380,2030625.0,0.15286481333191607
3381,2030685.0,0.1528872359352112
3382,2030745.0,0.15294419293495073
3383,2030805.0,0.15299449349113503
3384,2030865.0,0.15304974476530675
3385,2030925.0,0.15308190544261938
3386,2030985.0,0.15308279144281378
3387,2031045.0,0.15305737195435531
3388,2031108.0,0.15302015402923566
3389,2031165.0,0.15296643662161846
3390,2031225.0,0.15288332569538926
3391,2031285.0,0.1527976359236741
3392,2031345.0,0.15270685802369624
3393,2031405.0,0.15268266173200348
3394,2031465.0,0.15269172017653257
3395,2031525.0,0.1527282846279787
3396,2031585.0,0.15278753784857768
3397,2031645.0,0.15285819093387354
3398,2031705.0,0.15293327056395253
3399,2031765.0,0.15299845386996674
3400,2031825.0,0.15302118510216808
3401,2031885.0,0.15304073206672272
3402,2031945.0,0.15303290490823346
3403,2032005.0,0.15299070519417657
3404,2032065.0,0.15295390996685312
3405,2032125.0,0.152929173709396
3406,2032185.0,0.15290877011179532
3407,2032245.0,0.15289149564877189
3408,2032305.0,0.152848213653782
3409,2032365.0,0.15279860226908507
3410,2032428.0,0.1527372784599279
3411,2032485.0,0.1526630830578531
3412,2032545.0,0.15256456241966918
3413,2032605.0,0.15244925568576556
3414,2032665.0,0.152329256359455
3415,2032725.0,0.15219097665749373
3416,2032785.0,0.15201512602523706
3417,2032845.0,0.15182778479306677
3418,2032905.0,0.15173243366543526
3419,2032965.0,0.15167814175208744
3420,2033025.0,0.15164718145896652
3421,2033085.0,0.1516345218185738
3422,2033145.0,0.15162453600821044
3423,2033205.0,0.15162463140542468
3424,2033265.0,0.15158487556696815
3425,2033325.0,0.15156595577614076
3426,2033385.0,0.15155028868921308
3427,2033445.0,0.15155500481933445
3428,2033505.0,0.15155982080221464
3429,2033565.0,0.1515617814192889
3430,2033625.0,0.15286499790082766
3431,2033685.0,0.15375584367760906
3432,2033745.0,0.15355658098716163
3433,2033805.0,0.15329848999524273
3434,2033865.0,0.15304255408208728
3435,2033925.0,0.1527868021781315
3436,2033985.0,0.1532562241889077
3437,2034045.0,0.15392023215556927
3438,2034105.0,0.1538538851970314
3439,2034165.0,0.15371119930184252
3440,2034225.0,0.15358068885258128
3441,2034285.0,0.1534178976203051
3442,2034345.0,0.15325720224348147
3443,2034408.0,0.15309896221715985
3444,2034465.0,0.15291437028038785
3445,2034525.0,0.15272411813967615
3446,2034585.0,0.15258917701701277
3447,2034645.0,0.15257970148314975
3448,2034705.0,0.15259350636650965
3449,2034765.0,0.15259849965674027
3450,2034825.0,0.15261577714051108
3451,2034885.0,0.15266308661847383
3452,2034945.0,0.1527742586958215
3453,2035005.0,0.15290195283461286
3454,2035065.0,0.15303505396896422
3455,2035125.0,0.15312820880647582
3456,2035185.0,0.15325054012162354
3457,2035245.0,0.153340123848532
3458,2035305.0,0.15327048684467184
3459,2035365.0,0.15446328174325308
3460,2035425.0,0.15543893286205443
3461,2035485.0,0.1552332613412221
3462,2035545.0,0.15507028226761527
3463,2035605.0,0.1548821193842597
3464,2035665.0,0.1547070467707271
3465,2035725.0,0.15457133825477762
3466,2035785.0,0.15443424905886002
3467,2035845.0,0.1543274347978448
3468,2035905.0,0.15430057788014115
3469,2035965.0,0.1543782378489089
3470,2036025.0,0.154524763091158
3471,2036085.0,0.15471027173532304
3472,2036145.0,0.15497466668610066
3473,2036205.0,0.15525491039594919
3474,2036265.0,0.15553105265947306
3475,2036325.0,0.15560480569868068
3476,2036385.0,0.15562592317416335
3477,2036445.0,0.15568016942253182
3478,2036505.0,0.15581616406117757
3479,2036565.0,0.1559699637591696
3480,2036625.0,0.1560998904148741
3481,2036685.0,0.15619321600853509
3482,2036745.0,0.15625982537468516
3483,2036805.0,0.1563185615499295
3484,2036865.0,0.15634166612044245
3485,2036925.0,0.15723394304270516
3486,2036985.0,0.15797761543500222
3487,2037045.0,0.15870629353557048
3488,2037105.0,0.15946192311714535
3489,2037165.0,0.15946682536731685
3490,2037225.0,0.15943598842200205
3491,2037285.0,0.15947486060098384
3492,2037345.0,0.15956762548458664
3493,2037405.0,0.15967725459062584
3494,2037465.0,0.15974660520775907
3495,2037525.0,0.15974018221891753
3496,2037585.0,0.15969042963849922
3497,2037645.0,0.1596317983021998
3498,2037705.0,0.15957827191066462
3499,2037765.0,0.1595264807808934
3500,2037825.0,0.1594813458017519
3501,2037885.0,0.1594796234587585
3502,2037945.0,0.15952292638420207
3503,2038005.0,0.15960994773372567
3504,2038068.0,0.15969827195982783
3505,2038125.0,0.15981726685137057
3506,2038185.0,0.15994806796991357
3507,2038245.0,0.16006763428193072
3508,2038305.0,0.1601710609981528
3509,2038365.0,0.16023808251162652
3510,2038425.0,0.16028366476857683
3511,2038485.0,0.16029869946924527
3512,2038545.0,0.16033280376593673
3513,2038605.0,0.16031426503078705
3514,2038665.0,0.16027206669223487
3515,2038725.0,0.1602293117454455
3516,2038785.0,0.16015601938163712
3517,2038845.0,0.16010628760263865
3518,2038905.0,0.16007585660000134
3519,2038965.0,0.16005754025148244
3520,2039025.0,0.16003103054394957
3521,2039085.0,0.16002481464552404
3522,2039145.0,0.1599969316186397
3523,2039205.0,0.15994539083836015
3524,2039265.0,0.15989085136574094
3525,2039325.0,0.15982792153717806
3526,2039385.0,0.159761115506528
3527,2039445.0,0.15969104832395728
3528,2039505.0,0.15963216477114142
3529,2039565.0,0.15955471414676317
3530,2039625.0,0.15950868078081637
3531,2039685.0,0.15946621567435004
3532,2039745.0,0.15942477122644913
3533,2039805.0,0.15936838584373705
3534,2039865.0,0.1593099053886947
3535,2039925.0,0.15924603502332552
3536,2039985.0,0.15914608055709734
3537,2040045.0,0.15911849081031168
3538,2040105.0,0.15914069331039143
3539,2040165.0,0.15913579599138541
3540,2040225.0,0.15910699629241362
3541,2040285.0,0.1590533305215044
3542,2040345.0,0.15895914456844992
3543,2040405.0,0.15885633879313682
3544,2040465.0,0.1601835207099811
3545,2040525.0,0.16123732248126998
3546,2040585.0,0.16201950790937947
3547,2040645.0,0.1626361436209391
3548,2040705.0,0.16240601414876613
3549,2040765.0,0.162119999613472
3550,2040825.0,0.161921111427753
3551,2040885.0,0.16175850136633577
3552,2040945.0,0.16285706888463627
3553,2041008.0,0.16419891106515544
3554,2041065.0,0.1645298161826778
3555,2041125.0,0.1646269655401256
3556,2041185.0,0.16458511057063124
3557,2041245.0,0.1645418405076037
3558,2041305.0,0.1645553413948727
3559,2041365.0,0.16465674754663673
3560,2041428.0,0.16480519655628922
3561,2041485.0,0.1648480106536349
3562,2041545.0,0.16482857839900952
3563,2041605.0,0.1647827701351301
3564,2041665.0,0.16473677372486561
3565,2041725.0,0.164718906772975
3566,2041785.0,0.16466052540519222
3567,2041845.0,0.16453065581423873
3568,2041905.0,0.1642964025985994
3569,2041965.0,0.1649010177653477
3570,2042025.0,0.1658067794597155
3571,2042085.0,0.1665866647162131
3572,2042145.0,0.16746681747360104
3573,2042205.0,0.16838859553692442
3574,2042265.0,0.16837198187419888
3575,2042325.0,0.16845229034034948
3576,2042385.0,0.16846474830271363
3577,2042445.0,0.16836043792460012
3578,2042505.0,0.16831034572557885
3579,2042565.0,0.16836079831728323
3580,2042625.0,0.1683053425552651
3581,2042685.0,0.1681449757095808
3582,2042745.0,0.16783586852856403
3583,2042805.0,0.1680269751453929
3584,2042865.0,0.1687801700942044
3585,2042925.0,0.16985408931512294
3586,2042985.0,0.17115212033089458
3587,2043045.0,0.1724414996610594
3588,2043105.0,0.17341648326189774
3589,2043165.0,0.1742100487342011
3590,2043225.0,0.17425289778956782
3591,2043285.0,0.17428584873499944
3592,2043345.0,0.1744404411667732
3593,2043405.0,0.1746436668569264
3594,2043465.0,0.17462284410162696
3595,2043525.0,0.17454933818315005
3596,2043585.0,0.17452286524490357
3597,2043645.0,0.17460163685660202
3598,2043705.0,0.1748824721019098
3599,2043765.0,0.1751610062285932
3600,2043825.0,0.1752322121302774
3601,2043885.0,0.1752215124630115
3602,2043945.0,0.1751300745282793
3603,2044005.0,0.17496362249662492
3604,2044065.0,0.17473572157062794
3605,2044125.0,0.17538050947128256
3606,2044185.0,0.17627832518033335
3607,2044245.0,0.17706008816420327
3608,2044305.0,0.1778939657768125
3609,2044365.0,0.17878626877921125
3610,2044425.0,0.1783274597471804
3611,2044485.0,0.17749399428852355
3612,2044545.0,0.17756421987180823
3613,2044605.0,0.17757551548811873
3614,2044665.0,0.17755972708048984
3615,2044725.0,0.17760086136027686
3616,2044785.0,0.17703365749439864
3617,2044845.0,0.1762550969940481
3618,2044905.0,0.17615145303719287
3619,2044965.0,0.1760139680151154
3620,2045025.0,0.1764041619755958
3621,2045085.0,0.17735392116300053
3622,2045145.0,0.178675942859726
3623,2045205.0,0.1801252199113741
3624,2045265.0,0.1815505830225059
3625,2045325.0,0.18277056356842508
3626,2045385.0,0.1836598654419161
3627,2045445.0,0.18366521019102433
3628,2045505.0,0.18362261178440686
3629,2045565.0,0.1836868630642605
3630,2045625.0,0.18381978370069368
3631,2045685.0,0.1838241982400872
3632,2045745.0,0.18368046701108137
3633,2045805.0,0.18354762065241953
3634,2045865.0,0.18357917190472628
3635,2045925.0,0.1838592967510805
3636,2045985.0,0.183968136669907
3637,2046045.0,0.18399311212465222
3638,2046105.0,0.18412880157392877
3639,2046165.0,0.18297969031812725
3640,2046225.0,0.18198938657195748
3641,2046285.0,0.18206147506136855
3642,2046345.0,0.1819915768210799
3643,2046405.0,0.18297178978845288
3644,2046465.0,0.1841709742859146
3645,2046525.0,0.18544309229908038
3646,2046585.0,0.18671217092499517
3647,2046645.0,0.18796430277816414
3648,2046705.0,0.18812262393774568
3649,2046765.0,0.1882348381392741
3650,2046825.0,0.18791200159817426
3651,2046885.0,0.18749567355636562
3652,2046945.0,0.18704619830560748
3653,2047005.0,0.1866531737039281
3654,2047065.0,0.18630812821128392
3655,2047125.0,0.1861287179994867
3656,2047185.0,0.18597646341819443
3657,2047245.0,0.18583917166811764
3658,2047305.0,0.18540145893179835
3659,2047365.0,0.1861634006619274
3660,2047425.0,0.18715905460978016
3661,2047485.0,0.188442099585834
3662,2047545.0,0.18992748820387267
3663,2047605.0,0.19143562191861527
3664,2047665.0,0.1927820121261829
3665,2047725.0,0.1928206867375182
3666,2047785.0,0.1921718482303979
3667,2047845.0,0.19157301148063177
3668,2047905.0,0.19098387181928492
3669,2047965.0,0.19107613603156237
3670,2048025.0,0.1910021701143086
3671,2048085.0,0.1908021250479444
3672,2048148.0,0.19060459614099914
3673,2048205.0,0.19043255418603672
3674,2048265.0,0.1903157652809266
3675,2048325.0,0.19018842875883377
3676,2048385.0,0.19005919978300376
3677,2048445.0,0.1897217322478839
3678,2048505.0,0.19024339166582935
3679,2048568.0,0.1912142198323054
3680,2048625.0,0.19223352142420405
3681,2048685.0,0.19393420771682635
3682,2048745.0,0.1955063981150747
3683,2048808.0,0.19675236095933762
3684,2048865.0,0.19767996314331215
3685,2048925.0,0.19765143847053418
3686,2048985.0,0.19764047762018858
3687,2049045.0,0.19762882608712254
3688,2049105.0,0.19766870596071806
3689,2049165.0,0.19763813704355526
3690,2049225.0,0.19751487989857267
3691,2049285.0,0.1975074350827592
3692,2049345.0,0.19767399715264283
3693,2049405.0,0.19791501442738513
3694,2049465.0,0.19799942983577506
3695,2049525.0,0.19785676007985648
3696,2049585.0,0.1983511428708836
3697,2049648.0,0.19922050218283846
3698,2049705.0,0.20041842094913734
3699,2049765.0,0.202957646700146
3700,2049825.0,0.2055693601929466
3701,2049885.0,0.20684175996910778
3702,2049945.0,0.20757410676393306
3703,2050005.0,0.20762141045364538
3704,2050065.0,0.20752376394085545
3705,2050125.0,0.20755304350364331
3706,2050185.0,0.20756247386490378
3707,2050245.0,0.20746365370935352
3708,2050305.0,0.20728525510129236
3709,2050365.0,0.20720054321601686
3710,2050425.0,0.2071913466835313
3711,2050485.0,0.2072962866650755
3712,2050545.0,0.20727124088219182
3713,2050605.0,0.20716829100791825
3714,2050665.0,0.20704665451441256
3715,2050725.0,0.20666167710195063
3716,2050785.0,0.20735648788982194
3717,2050845.0,0.20845915617433167
3718,2050905.0,0.20977097925139054
3719,2050965.0,0.2113247713800915
3720,2051025.0,0.21280838025645174
3721,2051085.0,0.21423841612001368
3722,2051145.0,0.21533641554884536
3723,2051205.0,0.21630463523987456
3724,2051265.0,0.21507209834390686
3725,2051325.0,0.21419758209255832
3726,2051385.0,0.2135463515408777
3727,2051445.0,0.21275306455604456
3728,2051505.0,0.21267825281611652
3729,2051565.0,0.21269449115974123
3730,2051625.0,0.21280413761939052
3731,2051685.0,0.213065032757742
3732,2051745.0,0.2120875545297712
3733,2051805.0,0.21079157624188302
3734,2051865.0,0.2103378018602994
3735,2051925.0,0.2107313890171627
3736,2051985.0,0.21187006039239273
3737,2052045.0,0.212890666119419
3738,2052105.0,0.21523363643941074
3739,2052165.0,0.21696859088306095
3740,2052225.0,0.21873605671572702
3741,2052285.0,0.2195042852097933
3742,2052345.0,0.2203160117608938
3743,2052405.0,0.22045480334062018
3744,2052465.0,0.22049308163508036
3745,2052525.0,0.22038979284073765
3746,2052585.0,0.22022896526799765
3747,2052645.0,0.22017910433996188
3748,2052705.0,0.22035276503015333
3749,2052765.0,0.2197943511138925
3750,2052825.0,0.21884410523257558
3751,2052885.0,0.21798655640083675
3752,2052945.0,0.2168626871214848
3753,2053005.0,0.21649159400902998
3754,2053065.0,0.21766648109233072
3755,2053125.0,0.21830488764099143
3756,2053185.0,0.22064378389005052
3757,2053248.0,0.22253645179200657
3758,2053305.0,0.22353701516680363
3759,2053368.0,0.2241309779737806
3760,2053425.0,0.2242853830681262
3761,2053485.0,0.2245174977014507
3762,2053545.0,0.22481553564630932
3763,2053605.0,0.22447297389875895
3764,2053665.0,0.22360720915388252
3765,2053725.0,0.22253879240199062
3766,2053785.0,0.2212874070001164
3767,2053845.0,0.2199757014307381
3768,2053905.0,0.2188341093879644
3769,2053965.0,0.21765901299524654
3770,2054025.0,0.2183311781884858
3771,2054085.0,0.21930564174511016
3772,2054145.0,0.220280044033088
3773,2054205.0,0.22260930255314526
3774,2054265.0,0.22391645221101592
3775,2054325.0,0.2248683422072339
3776,2054388.0,0.2258785619813353
3777,2054445.0,0.22598987644259344
3778,2054505.0,0.22601063850411726
3779,2054565.0,0.22605785526589028
3780,2054625.0,0.22631366227397293
3781,2054685.0,0.22622491217917812
3782,2054745.0,0.22612125494063687
3783,2054805.0,0.2262036667969921
3784,2054865.0,0.2264436773929227
3785,2054925.0,0.2258806344921922
3786,2054985.0,0.22504791922584091
3787,2055045.0,0.22419214050755992
3788,2055105.0,0.22410607643680377
3789,2055165.0,0.22424926240764678
3790,2055225.0,0.2246966731070455
3791,2055285.0,0.22541825521561237
3792,2055345.0,0.2262185170030868
3793,2055405.0,0.22710371686282974
3794,2055465.0,0.2281064460715624
3795,2055525.0,0.2282842350041007
3796,2055585.0,0.22832164034818664
3797,2055645.0,0.22822205834595052
3798,2055705.0,0.22817374303437335
3799,2055765.0,0.22828138005762405
3800,2055825.0,0.2278480562601487
3801,2055885.0,0.22689021190962913
3802,2055945.0,0.2254850781860284
3803,2056005.0,0.22369873129449164
3804,2056065.0,0.223186579758859
3805,2056125.0,0.22261161542425328
3806,2056185.0,0.22424353757966733
3807,2056245.0,0.22695094963085485
3808,2056305.0,0.22829607996224913
3809,2056365.0,0.22916011893708765
3810,2056425.0,0.229868215681482
3811,2056485.0,0.22997047138458854
3812,2056545.0,0.23023162871549147
3813,2056605.0,0.23047584578915037
3814,2056665.0,0.2303966194145812
3815,2056725.0,0.23001596813119898
3816,2056785.0,0.22960267396977208
3817,2056845.0,0.2293461897403745
3818,2056905.0,0.2292140709866844
3819,2056965.0,0.22918361407141996
3820,2057025.0,0.22929598122903072
3821,2057085.0,0.22948661622591907
3822,2057145.0,0.22959305620292142
3823,2057205.0,0.22862226699107288
3824,2057265.0,0.22834456858015334
3825,2057325.0,0.2281325031279336
3826,2057385.0,0.22800755768492634
3827,2057445.0,0.2277733670543215
3828,2057505.0,0.2285536497115061
3829,2057565.0,0.22840476161320802
3830,2057625.0,0.2286368637353102
3831,2057685.0,0.228945298275656
3832,2057745.0,0.22907288098083
3833,2057805.0,0.22908534742709605
3834,2057865.0,0.22889530515367534
3835,2057925.0,0.22882375674479347
3836,2057985.0,0.2289529941287504
3837,2058045.0,0.22911344393658464
3838,2058105.0,0.22953510105706823
3839,2058165.0,0.22868689278740834
3840,2058225.0,0.22751005296947013
3841,2058285.0,0.2265787370470955
3842,2058348.0,0.22589577169823505
3843,2058405.0,0.22631971068247825
3844,2058465.0,0.22832497411931046
3845,2058525.0,0.22984044402762283
3846,2058585.0,0.2316408692201811
3847,2058645.0,0.23332503519836048
3848,2058705.0,0.23416458305972926
3849,2058765.0,0.23478280341386126
3850,2058825.0,0.2349443621151212
3851,2058885.0,0.23526355429086232
3852,2058945.0,0.2356148084303686
3853,2059005.0,0.23587814716073113
3854,2059065.0,0.23599431778450022
3855,2059125.0,0.23609905854371654
3856,2059185.0,0.23628524802371975
3857,2059245.0,0.2365908161598168
3858,2059305.0,0.2359486341084536
3859,2059365.0,0.23490775218516338
3860,2059425.0,0.23383515734849875
3861,2059485.0,0.2320309186342525
3862,2059545.0,0.23033256735924545
3863,2059605.0,0.2289148668352942
3864,2059665.0,0.2279337898712174
3865,2059725.0,0.22862420172888834
3866,2059785.0,0.22970394311993866
3867,2059845.0,0.23084948784093318
3868,2059905.0,0.23172251910980948
3869,2059965.0,0.23264680375039234
3870,2060025.0,0.23373984005923373
3871,2060085.0,0.2340056491350349
3872,2060145.0,0.2340934977956238
3873,2060205.0,0.23397486631811007
3874,2060265.0,0.2338122561840266
3875,2060325.0,0.23371204586184777
3876,2060385.0,0.2329858540399706
3877,2060445.0,0.23196957930349577
3878,2060505.0,0.23067967756095936
3879,2060565.0,0.22806950009912835
3880,2060625.0,0.22532939410195588
3881,2060685.0,0.2237295402633125
3882,2060745.0,0.22369602717764336
3883,2060805.0,0.22420469236952106
3884,2060865.0,0.2264630601407199
3885,2060925.0,0.22897419614606776
3886,2060985.0,0.2309663987240892
3887,2061045.0,0.23299907241415319
3888,2061105.0,0.23387704995721645
3889,2061165.0,0.23384405143661588
3890,2061225.0,0.2338241018523591
3891,2061285.0,0.23373018206966797
3892,2061345.0,0.23379230062574333
3893,2061405.0,0.2338818503030985
3894,2061465.0,0.23394815685942214
3895,2061525.0,0.23417881455566156
3896,2061585.0,0.23334508358330203
3897,2061645.0,0.23201457128883757
3898,2061705.0,0.23059487770346526
3899,2061765.0,0.22903923578241375
3900,2061825.0,0.22752129830995343
3901,2061885.0,0.22606066635726443
3902,2061945.0,0.22515755114632846
3903,2062005.0,0.2240955673289442
3904,2062065.0,0.22425707872856424
3905,2062125.0,0.22516057010532475
3906,2062185.0,0.2262472791078341
3907,2062245.0,0.22757481819466258
3908,2062305.0,0.22890728104974958
3909,2062365.0,0.23011767810828856
3910,2062425.0,0.23124008064459903
3911,2062485.0,0.23140836124532094
3912,2062545.0,0.23163898586075957
3913,2062605.0,0.23175422328914144
3914,2062665.0,0.2319138713645931
3915,2062725.0,0.231334803669897
3916,2062785.0,0.23024159539313888
3917,2062845.0,0.22939128848226228
3918,2062905.0,0.22712530637470466
3919,2062965.0,0.22518389206063924
3920,2063025.0,0.22288496097984084
3921,2063085.0,0.22315935359327085
3922,2063145.0,0.22368663206682785
3923,2063205.0,0.2257806751805586
3924,2063265.0,0.22801865613921637
3925,2063325.0,0.22994861060446994
3926,2063385.0,0.2310693579981832
3927,2063445.0,0.2319988886383272
3928,2063505.0,0.23216917964542128
3929,2063565.0,0.23224258472839565
3930,2063625.0,0.2324614678709284
3931,2063685.0,0.23283168534743376
3932,2063745.0,0.23338598202251631
3933,2063805.0,0.23297551561627564
3934,2063865.0,0.2318014012538508
3935,2063925.0,0.23103427520519346
3936,2063985.0,0.22864868245072695
3937,2064045.0,0.22664008371431624
3938,2064105.0,0.2255425155205533
3939,2064165.0,0.22483154640809191
3940,2064225.0,0.22471502250797504
3941,2064285.0,0.22454552117486645
3942,2064345.0,0.22441083983358653
3943,2064405.0,0.2242674066029418
3944,2064465.0,0.22510870165909558
3945,2064525.0,0.226434745418533
3946,2064585.0,0.2274957344403654
3947,2064645.0,0.22842362450649725
3948,2064705.0,0.2294079027591295
3949,2064765.0,0.23067379866269222
3950,2064825.0,0.2301209952139726
3951,2064885.0,0.2292518321832691
3952,2064945.0,0.2282015107897666
3953,2065005.0,0.22556705081129635
3954,2065065.0,0.2239809403845618
3955,2065125.0,0.22283348570168368
3956,2065185.0,0.22153366641335717
3957,2065245.0,0.2222608858734069
3958,2065305.0,0.2230686962061376
3959,2065365.0,0.2260017619149518
3960,2065425.0,0.22772153153560606
3961,2065485.0,0.22944084381813962
3962,2065545.0,0.23153036535608007
3963,2065605.0,0.23250989784068454
3964,2065665.0,0.2332142473908796
3965,2065725.0,0.23297834822370034
3966,2065785.0,0.23296214693006514
3967,2065848.0,0.2330201795052401
3968,2065905.0,0.23218279716141363
3969,2065965.0,0.2309542354741156
3970,2066025.0,0.22947593935925778
3971,2066085.0,0.22865043318851105
3972,2066145.0,0.2279381758758943
3973,2066205.0,0.2271922627093332
3974,2066265.0,0.22649927295346067
3975,2066325.0,0.22640439155849373
3976,2066385.0,0.22664678246219713
3977,2066448.0,0.2277943779717931
3978,2066505.0,0.22938671635732957
3979,2066565.0,0.23065702976911404
3980,2066625.0,0.23178031540215718
3981,2066685.0,0.23278933730215415
3982,2066745.0,0.23397558770902535
3983,2066805.0,0.2346014680920302
3984,2066865.0,0.23395562966377348
3985,2066925.0,0.23342626221128757
3986,2066985.0,0.2307297234528408
3987,2067045.0,0.22787502881588304
3988,2067105.0,0.22646122224949686
3989,2067165.0,0.22640442886953854
3990,2067225.0,0.22665972988724623
3991,2067288.0,0.22984972555463584
3992,2067345.0,0.23187968425900707
3993,2067405.0,0.2333570730551216
3994,2067465.0,0.23526179979935485
3995,2067525.0,0.2362035434636041
3996,2067585.0,0.23740473766559872
3997,2067645.0,0.23779876448621026
3998,2067705.0,0.2382456811507994
3999,2067765.0,0.23845442322810712
4000,2067825.0,0.238502921713905
4001,2067885.0,0.2383913269540413
4002,2067945.0,0.23852494122135418
4003,2068005.0,0.23873999825709266
4004,2068065.0,0.23806693006238025
4005,2068125.0,0.2371017076247487
4006,2068185.0,0.2359294296774109
4007,2068245.0,0.23572297770750356
4008,2068305.0,0.2357073178130732
4009,2068365.0,0.23658003538938366
4010,2068425.0,0.23761345671869658
4011,2068485.0,0.2387700206910195
4012,2068545.0,0.2398903356617314
4013,2068605.0,0.24109531084959443
4014,2068665.0,0.24165349592340687
4015,2068725.0,0.2420018961731368
4016,2068785.0,0.24205535597713984
4017,2068845.0,0.24204084226144348
4018,2068905.0,0.24194313049064622
4019,2068965.0,0.2419814775333866
4020,2069025.0,0.24223267305288892
4021,2069085.0,0.24187016285019458
4022,2069145.0,0.2409649105121126
4023,2069205.0,0.23872086022635408
4024,2069265.0,0.23634132243651984
4025,2069325.0,0.2348752055582464
4026,2069385.0,0.23538179123935682
4027,2069445.0,0.23640176972862859
4028,2069505.0,0.23734813392046739
4029,2069565.0,0.23837802340341663
4030,2069625.0,0.23934768181306296
4031,2069685.0,0.23993363679813656
4032,2069745.0,0.23959143204254252
4033,2069805.0,0.23960406521026667
4034,2069865.0,0.2399280742662459
4035,2069925.0,0.2402165767498764
4036,2069985.0,0.24017625679441088
4037,2070045.0,0.24016325346721376
4038,2070105.0,0.2403106965973691
4039,2070165.0,0.24026384207823565
4040,2070228.0,0.24024768080965841
4041,2070288.0,0.24038716775840135
4042,2070345.0,0.24051077882892397
4043,2070405.0,0.24058017499109527
4044,2070465.0,0.24046471762119487
4045,2070525.0,0.24064518005017924
4046,2070585.0,0.24057844023693806
4047,2070645.0,0.24055543577295393
4048,2070705.0,0.24077802618699765
4049,2070765.0,0.24113030693813312
4050,2070825.0,0.24127956956268132
4051,2070885.0,0.24202243468346482
4052,2070945.0,0.24287520404277757
4053,2071005.0,0.24300108383084937
4054,2071065.0,0.24338987178186738
4055,2071125.0,0.2439204292258986
4056,2071185.0,0.24424820453366308
4057,2071245.0,0.2443517701276553
4058,2071305.0,0.24438898770326833
4059,2071365.0,0.24451624055367804
4060,2071425.0,0.2447438294781792
4061,2071485.0,0.24502133925444117
4062,2071545.0,0.2440641211530696
4063,2071605.0,0.24427983741508505
4064,2071665.0,0.2416405095018021
4065,2071725.0,0.238170478945759
4066,2071785.0,0.23592633889803577
4067,2071845.0,0.2359569134374845
4068,2071905.0,0.2371845896925293
4069,2071965.0,0.23905811051120177
4070,2072025.0,0.24041378050512416
4071,2072085.0,0.24173408209056313
4072,2072145.0,0.24300515966042502
4073,2072205.0,0.24395738113539242
4074,2072265.0,0.24427569385890585
4075,2072325.0,0.2447255210671939
4076,2072385.0,0.24518630273427924
4077,2072445.0,0.24556937921101019
4078,2072505.0,0.24571583595264498
4079,2072565.0,0.24566967744486842
4080,2072625.0,0.24582129172607164
4081,2072685.0,0.2459744002704398
4082,2072745.0,0.24584219806597205
4083,2072805.0,0.246668301896497
4084,2072865.0,0.24724413588317967
4085,2072925.0,0.24698106985597398
4086,2072985.0,0.24792637409652082
4087,2073045.0,0.24901134260999042
4088,2073105.0,0.24992839411568904
4089,2073165.0,0.25068202065872336
4090,2073225.0,0.25159589326748444
4091,2073285.0,0.25231048265155176
4092,2073345.0,0.25289932585978103
4093,2073405.0,0.2527904172978921
4094,2073465.0,0.2529677462112002
4095,2073525.0,0.25337464289415
4096,2073585.0,0.25370069235216275
4097,2073645.0,0.2538713197242204
4098,2073705.0,0.2540263063997268
4099,2073765.0,0.254367306170614
4100,2073825.0,0.25511408806553704
4101,2073885.0,0.2540592829957222
4102,2073945.0,0.2527654427283389
4103,2074005.0,0.2506284732531614
4104,2074065.0,0.2484356749683188
4105,2074125.0,0.24666247037741687
4106,2074185.0,0.24566338101893212
4107,2074245.0,0.24470483567826481
4108,2074305.0,0.24558733807724098
4109,2074365.0,0.24684084591736988
4110,2074425.0,0.2478962755679763
4111,2074485.0,0.24881099847680813
4112,2074545.0,0.24954985763519974
4113,2074605.0,0.2502901008024163
4114,2074665.0,0.2512303061084531
4115,2074725.0,0.2514271109349056
4116,2074785.0,0.2517570413237018
4117,2074845.0,0.252134107701641
4118,2074905.0,0.252270833524019
4119,2074965.0,0.2521884976055365
4120,2075025.0,0.25215952665294666
4121,2075085.0,0.2523003991377024
4122,2075145.0,0.25250285447831444
4123,2075205.0,0.25264304067450605
4124,2075265.0,0.25253013996337514
4125,2075325.0,0.2520552720788277
4126,2075385.0,0.2523160819492294
4127,2075445.0,0.2536136366065574
4128,2075505.0,0.25496678113064164
4129,2075565.0,0.2560091070297884
4130,2075625.0,0.25761462407448055
4131,2075685.0,0.2586107490532433
4132,2075745.0,0.25946514810363125
4133,2075805.0,0.2606798260792482
4134,2075865.0,0.26121389755404045
4135,2075925.0,0.26181371017505606
4136,2075985.0,0.2624917726770105
4137,2076045.0,0.261970456941559
4138,2076105.0,0.26122043337168677
4139,2076165.0,0.25837809018083624
4140,2076225.0,0.2565305746647277
4141,2076285.0,0.25493312148151204
4142,2076345.0,0.2529929342522762
4143,2076405.0,0.25312742609511685
4144,2076465.0,0.25324273790761564
4145,2076525.0,0.2538829380224054
4146,2076585.0,0.2543519736363109
4147,2076645.0,0.2552978255647698
4148,2076705.0,0.25643424486948907
4149,2076765.0,0.2579217812703957
4150,2076825.0,0.2591603260095059
4151,2076885.0,0.2600412967644936
4152,2076945.0,0.2608739849729016
4153,2077005.0,0.2619056049870732
4154,2077065.0,0.26196371311256894
4155,2077125.0,0.2621805880050029
4156,2077185.0,0.2621815652297192
4157,2077245.0,0.26122331273396504
4158,2077305.0,0.25991282038868657
4159,2077365.0,0.25899552834006034
4160,2077425.0,0.2581134912875631
4161,2077485.0,0.2572148796480441
4162,2077545.0,0.25617242992729305
4163,2077605.0,0.2558936309626673
4164,2077665.0,0.25550694203809854
4165,2077725.0,0.2559781109835558
4166,2077785.0,0.2577007303900337
4167,2077845.0,0.2593378626249818
4168,2077905.0,0.2606566151994368
4169,2077965.0,0.26093965179310397
4170,2078025.0,0.260854809234814
4171,2078085.0,0.25847855039624107
4172,2078148.0,0.25724364638532116
4173,2078205.0,0.2557375087757541
4174,2078265.0,0.25393261837462844
4175,2078325.0,0.25319969189255265
4176,2078385.0,0.2523394324468302
4177,2078445.0,0.2521566394228922
4178,2078505.0,0.251927932663884
4179,2078565.0,0.25198734629549424
4180,2078625.0,0.25200104420153
4181,2078685.0,0.2520854941925
4182,2078745.0,0.2520344090857003
4183,2078805.0,0.2519091600323293
4184,2078868.0,0.25162688944563694
4185,2078925.0,0.2524608526967232
4186,2078985.0,0.2538957047053191
4187,2079045.0,0.2544448252944162
4188,2079105.0,0.25448232936693516
4189,2079165.0,0.2545952212886513
4190,2079225.0,0.25461562566925977
4191,2079285.0,0.2536125210420128
4192,2079345.0,0.25291593597200956
4193,2079405.0,0.2521787670480156
4194,2079465.0,0.2520893221671439
4195,2079525.0,0.25212791089114206
4196,2079585.0,0.2521759926423365
4197,2079645.0,0.2523428723228205
4198,2079705.0,0.2527777541609988
4199,2079765.0,0.25314561372122757
4200,2079825.0,0.2531939089518952
4201,2079885.0,0.253222569250971
4202,2079945.0,0.25330514545521465
4203,2080005.0,0.2535525581752385
4204,2080065.0,0.2534433746314387
4205,2080125.0,0.2533128764043968
4206,2080185.0,0.25223770420785424
4207,2080245.0,0.2508193098202245
4208,2080305.0,0.2500596896289692
4209,2080365.0,0.24954861955547272
4210,2080425.0,0.2496758909507315
4211,2080485.0,0.2501444838348967
4212,2080545.0,0.250563646584181
4213,2080605.0,0.25061097046257297
4214,2080665.0,0.25054178244616787
4215,2080725.0,0.2505580821766341
4216,2080785.0,0.2508124520863909
4217,2080845.0,0.2509918310361794
4218,2080905.0,0.25117490425436634
4219,2080965.0,0.25173579184610606
4220,2081025.0,0.2521305815554695
4221,2081085.0,0.2522437618439732
4222,2081145.0,0.25233958977834087
4223,2081205.0,0.2524587265788008
4224,2081265.0,0.252602279726039
4225,2081325.0,0.251718679657871
4226,2081385.0,0.2506500880085083
4227,2081445.0,0.24943077954583173
4228,2081505.0,0.2481079457426338
4229,2081565.0,0.24751569778556445
4230,2081625.0,0.24778267223426267
4231,2081685.0,0.2482324777456384
4232,2081748.0,0.24831176314071765
4233,2081805.0,0.2489717716333666
4234,2081865.0,0.24966648990431
4235,2081925.0,0.2504346673839446
4236,2081985.0,0.2505646934690078
4237,2082048.0,0.2508435294298551
4238,2082105.0,0.2511202088315219
4239,2082165.0,0.2512055865182472
4240,2082225.0,0.25103930288586257
4241,2082285.0,0.2510167406006498
4242,2082345.0,0.25119928355427334
4243,2082405.0,0.25026979623826096
4244,2082465.0,0.25180882494476964
4245,2082525.0,0.2541057932000989
4246,2082585.0,0.25564347261550596
4247,2082645.0,0.254909712190535
4248,2082705.0,0.2541193053411261
4249,2082765.0,0.25246867463359957
4250,2082825.0,0.25129729482000324
4251,2082885.0,0.25024885857571655
4252,2082945.0,0.24926710165578095
4253,2083005.0,0.2486802325154845
4254,2083065.0,0.2487645332897108
4255,2083125.0,0.248504494362866
4256,2083185.0,0.24815490919400707
4257,2083245.0,0.24805413597125342
4258,2083305.0,0.2482415697644512
4259,2083365.0,0.24830367369867118
4260,2083425.0,0.24944652501200495
4261,2083485.0,0.2506348024124163
4262,2083548.0,0.2518529330699047
4263,2083605.0,0.25226773198880026
4264,2083665.0,0.2525591839256931
4265,2083725.0,0.25296417695176737
4266,2083785.0,0.2510609739259493
4267,2083845.0,0.24910268379821876
4268,2083905.0,0.24746862324534052
4269,2083965.0,0.2458847011218302
4270,2084025.0,0.244135057056211
4271,2084085.0,0.243609180075781
4272,2084145.0,0.24307208474716174
4273,2084208.0,0.24324578833710878
4274,2084265.0,0.24317917490515392
4275,2084325.0,0.2429169669340389
4276,2084385.0,0.24258089775222016
4277,2084445.0,0.2422670465770301
4278,2084505.0,0.2419546468094738
4279,2084565.0,0.2430265494365446
4280,2084625.0,0.2434697389898227
4281,2084685.0,0.24402843103949692
4282,2084745.0,0.24475599498404163
4283,2084805.0,0.2458293224753158
4284,2084865.0,0.24592694527175063
4285,2084925.0,0.2461116055493621
4286,2084985.0,0.24649555589701871
4287,2085045.0,0.24709737080649832
4288,2085108.0,0.24631707089638766
4289,2085165.0,0.24500361525400716
4290,2085225.0,0.24377982611778568
4291,2085285.0,0.24258789969528347
4292,2085345.0,0.24731922152704788
4293,2085405.0,0.24800716219941904
4294,2085465.0,0.24734427500903663
4295,2085525.0,0.24698919869860259
4296,2085585.0,0.2464021173916728
4297,2085645.0,0.24675397009967612
4298,2085705.0,0.24724385868828685
4299,2085765.0,0.24849823828017184
4300,2085825.0,0.24970361724791354
4301,2085885.0,0.2507513912695794
4302,2085945.0,0.25078205820833704
4303,2086005.0,0.2510109530027709
4304,2086065.0,0.25054255655604357
4305,2086125.0,0.24992132460878203
4306,2086185.0,0.24890633793306735
4307,2086245.0,0.24722246039484078
4308,2086305.0,0.2454187113275371
4309,2086365.0,0.24362990358259098
4310,2086425.0,0.241958105822002
4311,2086485.0,0.24098432116269528
4312,2086545.0,0.2402210923189363
4313,2086605.0,0.24019743961108045
4314,2086665.0,0.2414836458131606
4315,2086725.0,0.24247546396597336
4316,2086785.0,0.2423389395666926
4317,2086845.0,0.2421690104365105
4318,2086905.0,0.24208767686333488
4319,2086965.0,0.2420392942130043
4320,2087025.0,0.24207431771245674
4321,2087088.0,0.2420604193631376
4322,2087145.0,0.24204893589038826
4323,2087205.0,0.24096403858894141
4324,2087265.0,0.24137747011246302
4325,2087325.0,0.2419486602950302
4326,2087385.0,0.24199764925594952
4327,2087445.0,0.24161162476646444
4328,2087505.0,0.2414726178765079
4329,2087565.0,0.2402551615807324
4330,2087625.0,0.23927074621913538
4331,2087685.0,0.23863697712513518
4332,2087745.0,0.2381986476397136
4333,2087805.0,0.23735319798451157
4334,2087865.0,0.23735191991226037
4335,2087925.0,0.23752989482071066
4336,2087985.0,0.23758034866567487
4337,2088045.0,0.2376830626189408
4338,2088108.0,0.23759366125439485
4339,2088165.0,0.23834316902388733
4340,2088225.0,0.2388023930219595
4341,2088285.0,0.23950110745265502
4342,2088345.0,0.23961623082269576
4343,2088405.0,0.23993601549373267
4344,2088465.0,0.24049466288762156
4345,2088525.0,0.24037445344798983
4346,2088585.0,0.23938249673095557
4347,2088645.0,0.2382136803058688
4348,2088705.0,0.2372687425682796
4349,2088765.0,0.23637178948870272
4350,2088825.0,0.23561414798778582
4351,2088885.0,0.2349522157296178
4352,2088945.0,0.2341325295487194
4353,2089005.0,0.23507596613331005
4354,2089065.0,0.2369196492765432
4355,2089125.0,0.2382869929196221
4356,2089185.0,0.23840872222073067
4357,2089245.0,0.2386410884412744
4358,2089305.0,0.23882016866144656
4359,2089365.0,0.23895701398511718
4360,2089425.0,0.23894827381563377
4361,2089485.0,0.23900244730602935
4362,2089545.0,0.23908631677304396
4363,2089605.0,0.23925247298402708
4364,2089665.0,0.23963896011344307
4365,2089725.0,0.23927834581840024
4366,2089785.0,0.23823547026740546
4367,2089845.0,0.23706498466014422
4368,2089905.0,0.23617868252939994
4369,2089965.0,0.23514456518229024
4370,2090025.0,0.2339273919648937
4371,2090085.0,0.2335267928567227
4372,2090145.0,0.23302715438471727
4373,2090205.0,0.2325646390574706
4374,2090265.0,0.2322876151429255
4375,2090325.0,0.23204630755867087
4376,2090385.0,0.2319577196470989
4377,2090445.0,0.23184191573254662
4378,2090505.0,0.23159024925394275
4379,2090565.0,0.23128413482995658
4380,2090625.0,0.2311618066419407
4381,2090685.0,0.23113427671151116
4382,2090745.0,0.23114856445263907
4383,2090805.0,0.2311884461463128
4384,2090865.0,0.2302428781991345
4385,2090925.0,0.2293451447896649
4386,2090985.0,0.22793019599152325
4387,2091045.0,0.2269106931995713
4388,2091108.0,0.2262332847797683
4389,2091165.0,0.22545069691644787
4390,2091225.0,0.2247249467521309
4391,2091285.0,0.22398127995525272
4392,2091345.0,0.22413774502736294
4393,2091405.0,0.22403237526304806
4394,2091465.0,0.22381113763540703
4395,2091525.0,0.22362682961571306
4396,2091585.0,0.22351129561784053
4397,2091645.0,0.22359591553891262
4398,2091705.0,0.22361586177679665
4399,2091765.0,0.22324355380805666
4400,2091825.0,0.22330471943184788
4401,2091885.0,0.22353961189625832
4402,2091945.0,0.22376504437859607
4403,2092005.0,0.22405359253590293
4404,2092065.0,0.22443198735745556
4405,2092125.0,0.22496934720757186
4406,2092185.0,0.2250393254248486
4407,2092245.0,0.22501034985317592
4408,2092305.0,0.22515953740922817
4409,2092365.0,0.22465243651734434
4410,2092425.0,0.22331281568222058
4411,2092485.0,0.22183443243421017
4412,2092545.0,0.22063958203795092
4413,2092605.0,0.21979393468548142
4414,2092665.0,0.21887356159520596
4415,2092725.0,0.21782216444523136
4416,2092785.0,0.21756725288966372
4417,2092845.0,0.21729679281047645
4418,2092905.0,0.21702825968048967
4419,2092965.0,0.2167651017567883
4420,2093025.0,0.21670804201081734
4421,2093085.0,0.2175721467871492
4422,2093145.0,0.21964274470930908
4423,2093205.0,0.22166550269824656
4424,2093265.0,0.220855469985851
4425,2093325.0,0.21973392369598585
4426,2093385.0,0.21869113601239623
4427,2093445.0,0.21780543944773112
4428,2093505.0,0.21684116306374726
4429,2093565.0,0.21662905748081746
4430,2093625.0,0.21626870957882258
4431,2093685.0,0.21588594748719467
4432,2093745.0,0.21563228875143742
4433,2093805.0,0.215606920292025
4434,2093865.0,0.2154400443974525
4435,2093925.0,0.2154024521533854
4436,2093985.0,0.21540133902193725
4437,2094045.0,0.2152760932217633
4438,2094105.0,0.2149863970958022
4439,2094165.0,0.2149354264258163
4440,2094225.0,0.21370572774504423
4441,2094285.0,0.2124211594857608
4442,2094345.0,0.21123373979401938
4443,2094405.0,0.21022499066053477
4444,2094465.0,0.20916827635638346
4445,2094525.0,0.20803337847458567
4446,2094585.0,0.20781402034051275
4447,2094645.0,0.20753030858823177
4448,2094705.0,0.2071867868847922
4449,2094765.0,0.20706223369024315
4450,2094825.0,0.20691458698301848
4451,2094888.0,0.20647291452938965
4452,2094945.0,0.20606579626186364
4453,2095005.0,0.20580614522039378
4454,2095065.0,0.2055933638465315
4455,2095125.0,0.20540520387054315
4456,2095185.0,0.20530824014058294
4457,2095245.0,0.20632391924812532
4458,2095305.0,0.2081519579394155
4459,2095365.0,0.20743032173283954
4460,2095425.0,0.2071132398472466
4461,2095485.0,0.20705237909082164
4462,2095545.0,0.2065987305379771
4463,2095605.0,0.20538364814012852
4464,2095665.0,0.20504556960885575
4465,2095725.0,0.20468795368710566
4466,2095785.0,0.20438658862559578
4467,2095845.0,0.20397846161244831
4468,2095905.0,0.20364327243198763
4469,2095965.0,0.20342039694888833
4470,2096025.0,0.20318878253322914
4471,2096085.0,0.2029010409236358
4472,2096145.0,0.19685108363322962
4473,2096205.0,0.19499884153723612
4474,2096265.0,0.19444618000388558
4475,2096325.0,0.19436223345816983
4476,2096385.0,0.19435872413118038
4477,2096445.0,0.19356469620961644
4478,2096508.0,0.1928272261801276
4479,2096565.0,0.1915057313965053
4480,2096625.0,0.19016932109751322
4481,2096685.0,0.18890056896481425
4482,2096745.0,0.1886537660950086
4483,2096805.0,0.18843511672342658
4484,2096865.0,0.1881576960858991
4485,2096925.0,0.18781080000301625
4486,2096985.0,0.1873294422325458
4487,2097045.0,0.18664015944917126
4488,2097108.0,0.18608116718145354
4489,2097165.0,0.1857129560594571
4490,2097225.0,0.1853932134822192
4491,2097285.0,0.1850083902737567
4492,2097345.0,0.1846553278307979
4493,2097405.0,0.18341185019711545
4494,2097465.0,0.18176820094875795
4495,2097525.0,0.18035043917645519
4496,2097585.0,0.18004746401801341
4497,2097645.0,0.17973562042534263
4498,2097705.0,0.17935770399682413
4499,2097765.0,0.1788428089893244
4500,2097825.0,0.17841503048210247
4501,2097885.0,0.17817061154361416
4502,2097945.0,0.17799946245327622
4503,2098005.0,0.17787645206957464
4504,2098065.0,0.17653434406493004
4505,2098125.0,0.17538429183177734
4506,2098185.0,0.17474049108546053
4507,2098245.0,0.17411219093246483
4508,2098305.0,0.17313186526359875
4509,2098365.0,0.17301610499104936
4510,2098425.0,0.172889220239703
4511,2098485.0,0.17256499454597718
4512,2098545.0,0.17207956575741135
4513,2098605.0,0.17186031459008413
4514,2098665.0,0.17163001456425883
4515,2098725.0,0.17123266987539926
4516,2098785.0,0.17088816603453105
4517,2098845.0,0.17069636721859077
4518,2098905.0,0.17059123862024983
4519,2098965.0,0.16949667254310324
4520,2099025.0,0.16876175207458152
4521,2099085.0,0.16787562970388428
4522,2099145.0,0.167586755922073
4523,2099205.0,0.16712606207241604
4524,2099265.0,0.16655565913532988
4525,2099325.0,0.1659309151836946
4526,2099385.0,0.16517689230192112
4527,2099445.0,0.16467875963803497
4528,2099505.0,0.16427527259796915
4529,2099565.0,0.16385432908106895
4530,2099625.0,0.1634107915581418
4531,2099685.0,0.1629410592852467
4532,2099745.0,0.16258573102032056
4533,2099805.0,0.16125938252822655
4534,2099865.0,0.1590196921130698
4535,2099925.0,0.15724263632218882
4536,2099985.0,0.1568253090480544
4537,2100045.0,0.1563956450341336
4538,2100105.0,0.15593204417079945
4539,2100165.0,0.15537427111641738
4540,2100225.0,0.15514117564392635
4541,2100285.0,0.15496171108660375
4542,2100345.0,0.1548134250367488
4543,2100405.0,0.1546121298710931
4544,2100465.0,0.15430705456726446
4545,2100525.0,0.15377247529661703
4546,2100585.0,0.15343033879987472
4547,2100645.0,0.15323865343407025
4548,2100705.0,0.1531004626487459
4549,2100765.0,0.15299829731146375
4550,2100825.0,0.15294754741462688
4551,2100885.0,0.15293287490364357
4552,2100945.0,0.15288946736027237
4553,2101005.0,0.1528102162090984
4554,2101065.0,0.15272184376123515
4555,2101125.0,0.15262490634866718
4556,2101185.0,0.15248238392129293
4557,2101245.0,0.15225038727867166
4558,2101305.0,0.15194089807818617
4559,2101365.0,0.15168984662204718
4560,2101425.0,0.1514848846753556
4561,2101485.0,0.1512801169649783
4562,2101545.0,0.1510463379517573
4563,2101605.0,0.15083646323203742
4564,2101665.0,0.15071949970831883
4565,2101728.0,0.15062215776751745
4566,2101788.0,0.15050856227607165
4567,2101845.0,0.149947581487704
4568,2101905.0,0.1493028381353589
4569,2101965.0,0.14873602638993252
4570,2102025.0,0.14823411962347557
4571,2102085.0,0.1477478052361491
4572,2102145.0,0.1472374455963286
4573,2102205.0,0.14705626874614766
4574,2102265.0,0.14689113039036933
4575,2102325.0,0.14674881136572462
4576,2102385.0,0.14659082667304246
4577,2102445.0,0.14635491923475516
4578,2102505.0,0.1460499199249307
4579,2102565.0,0.14587726275992732
4580,2102625.0,0.14535113418699533
4581,2102685.0,0.1448086167611207
4582,2102745.0,0.1443139758392609
4583,2102805.0,0.14381255360394676
4584,2102865.0,0.14323690195516645
4585,2102925.0,0.14248559126727203
4586,2102985.0,0.1421912854761487
4587,2103045.0,0.14202144560639837
4588,2103105.0,0.14176805031639728
4589,2103165.0,0.1413341153977604
4590,2103225.0,0.14102300352811242
4591,2103288.0,0.14082271424816145
4592,2103345.0,0.14063293378836705
4593,2103405.0,0.14042061960044433
4594,2103465.0,0.1401924668196508
4595,2103525.0,0.14001905986514523
4596,2103585.0,0.1398683318527953
4597,2103645.0,0.13971878057682022
4598,2103705.0,0.13961516858408596
4599,2103765.0,0.13959661710506696
4600,2103825.0,0.13958962230876384
4601,2103885.0,0.1386472944088626
4602,2103945.0,0.13649816219649366
4603,2104005.0,0.13448845189126016
4604,2104065.0,0.13410618804118726
4605,2104125.0,0.1337807593225508
4606,2104185.0,0.1334438236734639
4607,2104245.0,0.133045541080332
4608,2104305.0,0.13279297832037315
4609,2104365.0,0.13275231386402167
4610,2104425.0,0.13275732396181492
4611,2104485.0,0.1326325088779791
4612,2104545.0,0.13235351806072726
4613,2104605.0,0.13183925267206378
4614,2104665.0,0.13148201465819528
4615,2104725.0,0.13127183450030952
4616,2104785.0,0.1310811612147823
4617,2104845.0,0.1309084276855219
4618,2104905.0,0.13083312916093634
4619,2104965.0,0.13082238045523176
4620,2105025.0,0.13083609361410592
4621,2105085.0,0.13083297587245993
4622,2105145.0,0.13076889958170454
4623,2105205.0,0.13069396629005517
4624,2105265.0,0.13065645642452914
4625,2105325.0,0.13064635985626347
4626,2105385.0,0.13062564416282563
4627,2105445.0,0.13056843491569214
4628,2105505.0,0.13048569208660607
4629,2105565.0,0.1302972938184543
4630,2105625.0,0.13007063969808605
4631,2105685.0,0.12990094692702941
4632,2105745.0,0.1297918613346913
4633,2105805.0,0.12976135481715276
4634,2105865.0,0.12978902257395863
4635,2105925.0,0.12988828591424767
4636,2105985.0,0.1299268809065579
4637,2106045.0,0.12884974723122172
4638,2106105.0,0.1269452945760458
4639,2106165.0,0.12614727522924177
4640,2106225.0,0.12543188705083222
4641,2106285.0,0.12466748098615946
4642,2106345.0,0.12415784881397271
4643,2106405.0,0.12405133701585414
4644,2106465.0,0.12404743169135046
4645,2106525.0,0.12400606704201247
4646,2106585.0,0.12384760014960436
4647,2106645.0,0.12373227604468079
4648,2106705.0,0.1237666995375849
4649,2106765.0,0.1238568310444331
4650,2106825.0,0.12402304929629221
4651,2106885.0,0.1242283058418896
4652,2106945.0,0.1243823543898995
4653,2107005.0,0.12451582287224683
4654,2107065.0,0.12467205153993627
4655,2107125.0,0.12487636761071166
4656,2107185.0,0.12506304616238312
4657,2107245.0,0.1252319374363912
4658,2107305.0,0.12536133150238404
4659,2107365.0,0.12547483467473589
4660,2107425.0,0.12553420096230236
4661,2107485.0,0.12556620910095426
4662,2107545.0,0.12557940655318264
4663,2107605.0,0.12562889678691683
4664,2107665.0,0.12566750747084532
4665,2107725.0,0.1256660126259451
4666,2107785.0,0.12563100797351612
4667,2107845.0,0.12558266106533789
4668,2107905.0,0.1255243411428372
4669,2107965.0,0.12548371164411143
4670,2108025.0,0.12546811782034226
4671,2108085.0,0.12548463776530103
4672,2108145.0,0.12549651408428164
4673,2108205.0,0.12545398399299348
4674,2108265.0,0.12536243106843115
4675,2108325.0,0.12524717155145823
4676,2108385.0,0.12514687914975411
4677,2108445.0,0.1250477373660262
4678,2108505.0,0.12501194256800238
4679,2108565.0,0.12506100195064598
4680,2108625.0,0.12517189893006073
4681,2108685.0,0.12524986720960296
4682,2108745.0,0.12528558199304524
4683,2108805.0,0.12527501032241872
4684,2108865.0,0.12523650561996805
4685,2108925.0,0.12523873568055593
4686,2108985.0,0.12522704122827133
4687,2109045.0,0.1252235243256786
4688,2109105.0,0.12523286115855253
4689,2109165.0,0.12522262292172842
4690,2109225.0,0.1252228003226719
4691,2109285.0,0.12527216100992897
4692,2109345.0,0.12530493729100112
4693,2109405.0,0.12534864712099586
4694,2109465.0,0.12538204458347724
4695,2109528.0,0.12536967580649824
4696,2109585.0,0.125310779591076
4697,2109645.0,0.12523991152875702
4698,2109705.0,0.12516014267268014
4699,2109765.0,0.12507631783948375
4700,2109825.0,0.12501169453707853
4701,2109885.0,0.12498313583434806
4702,2109945.0,0.12496226762848175
4703,2110005.0,0.12494138205951788
4704,2110065.0,0.12491447018289595
4705,2110125.0,0.12494408971695983
4706,2110185.0,0.12504231173574173
4707,2110245.0,0.12511208325341602
4708,2110305.0,0.12509273095809853
4709,2110365.0,0.12515504632985128
4710,2110425.0,0.12537476974935627
4711,2110485.0,0.1255866810164817
4712,2110545.0,0.12585382593134653
4713,2110605.0,0.1261313799419102
4714,2110665.0,0.12633970892954458
4715,2110725.0,0.12730975588751092
4716,2110785.0,0.12824941071102558
4717,2110845.0,0.12905489590655975
4718,2110905.0,0.1297753230957133
4719,2110965.0,0.1304813657476363
4720,2111025.0,0.130445241431482
4721,2111085.0,0.1303902616120621
4722,2111145.0,0.13034236416421846
4723,2111205.0,0.1303691997926398
4724,2111265.0,0.13049506561835936
4725,2111325.0,0.13074033297958068
4726,2111385.0,0.13113316844319736
4727,2111445.0,0.13122901699260353
4728,2111505.0,0.131181522643681
4729,2111565.0,0.1311296915364384
4730,2111625.0,0.13112061991702292
4731,2111685.0,0.13118935436494844
4732,2111745.0,0.13132483640858358
4733,2111805.0,0.13150027214160806
4734,2111865.0,0.1316891849824653
4735,2111925.0,0.1318757290133936
4736,2111985.0,0.13209360931714198
4737,2112045.0,0.1323295300117163
4738,2112105.0,0.13257182075921226
4739,2112165.0,0.1327959957722138
4740,2112225.0,0.13303633985175933
4741,2112285.0,0.13330297827914975
4742,2112345.0,0.13358284374187462
4743,2112405.0,0.13384117754406502
4744,2112465.0,0.134034982096634
4745,2112528.0,0.13421847056154068
4746,2112585.0,0.13443420079337917
4747,2112645.0,0.13462912835639845
4748,2112705.0,0.13480489750368374
4749,2112765.0,0.13493509373294835
4750,2112825.0,0.13503468836258853
4751,2112885.0,0.13507955447313202
4752,2112945.0,0.13513310017870592
4753,2113005.0,0.13517112877231222
4754,2113065.0,0.13522479391922565
4755,2113125.0,0.1352636534954966
4756,2113185.0,0.13528509155616802
4757,2113245.0,0.1353193424622345
4758,2113305.0,0.1353893735894571
4759,2113365.0,0.13548857067944461
4760,2113425.0,0.13562254970099238
4761,2113485.0,0.13578599062839367
4762,2113545.0,0.13596760665497243
4763,2113605.0,0.13617957399250932
4764,2113665.0,0.13643678737476755
4765,2113725.0,0.13672790360894335
4766,2113785.0,0.13704314421341873
4767,2113845.0,0.13735984584025876
4768,2113905.0,0.13765673571761722
4769,2113965.0,0.13795250129759995
4770,2114025.0,0.13821219352401815
4771,2114085.0,0.1384531493645231
4772,2114145.0,0.13867038209695742
4773,2114205.0,0.13969709807165823
4774,2114265.0,0.14099319275880356
4775,2114325.0,0.14195165589839345
4776,2114385.0,0.14199419135026706
4777,2114445.0,0.14191736964347682
4778,2114505.0,0.14244953264385768
4779,2114565.0,0.1431170898298563
4780,2114625.0,0.14321725609486272
4781,2114685.0,0.143317556112364
4782,2114745.0,0.1433712887518879
4783,2114805.0,0.14338840523403684
4784,2114865.0,0.14344732291767973
4785,2114925.0,0.14347820480233114
4786,2114985.0,0.1434697064293385
4787,2115045.0,0.14342822775237518
4788,2115105.0,0.1434320130128762
4789,2115165.0,0.14355763481953696
4790,2115225.0,0.14370826914549367
4791,2115285.0,0.14383624411085186
4792,2115345.0,0.14391754056468434
4793,2115405.0,0.14399211309912843
4794,2115465.0,0.14499329633739727
4795,2115525.0,0.1460008204659536
4796,2115585.0,0.14629984596297815
4797,2115645.0,0.14658905777278602
4798,2115705.0,0.146689424541085
4799,2115765.0,0.1466879697681349
4800,2115825.0,0.14660126017090294
4801,2115885.0,0.14654004527269962
4802,2115945.0,0.1465465350845923
4803,2116005.0,0.14653381986916036
4804,2116065.0,0.14647913362054868
4805,2116125.0,0.14640571903483027
4806,2116185.0,0.14638363444151148
4807,2116245.0,0.14640199760948208
4808,2116305.0,0.14645557569556292
4809,2116365.0,0.146579907654583
4810,2116425.0,0.14674656728202068
4811,2116488.0,0.14692769569157774
4812,2116545.0,0.1470382061818547
4813,2116605.0,0.1480418125101354
4814,2116665.0,0.14884936371342633
4815,2116725.0,0.148819467957049
4816,2116785.0,0.14869400443048433
4817,2116845.0,0.14852175306658855
4818,2116905.0,0.14917218764696338
4819,2116965.0,0.15001696643672638
4820,2117025.0,0.1501805332980702
4821,2117085.0,0.15039198752272925
4822,2117145.0,0.15048392602634425
4823,2117205.0,0.15048792787014506
4824,2117265.0,0.15048383510130717
4825,2117325.0,0.15050497558781437
4826,2117385.0,0.15048432614217247
4827,2117445.0,0.15046461134867045
4828,2117505.0,0.15046141219133455
4829,2117565.0,0.15048353082360721
4830,2117625.0,0.15044323398289106
4831,2117685.0,0.15036977194690482
4832,2117745.0,0.1511812471571851
4833,2117805.0,0.1522295913043858
4834,2117865.0,0.15208991705187638
4835,2117925.0,0.15194426831745927
4836,2117985.0,0.15176719094094854
4837,2118045.0,0.15162277239667246
4838,2118105.0,0.15157531625403545
4839,2118165.0,0.1516391540201356
4840,2118225.0,0.15187697853565085
4841,2118285.0,0.1521755344800467
4842,2118345.0,0.1522516864476584
4843,2118405.0,0.15224514119663599
4844,2118465.0,0.1522396268494237
4845,2118525.0,0.15230294954803397
4846,2118585.0,0.15238677582874424
4847,2118645.0,0.15247621126279556
4848,2118705.0,0.1525959761722198
4849,2118765.0,0.15364899477212268
4850,2118825.0,0.15481531545704974
4851,2118885.0,0.15514675007131964
4852,2118945.0,0.15537319389829587
4853,2119005.0,0.15561874415844426
4854,2119065.0,0.15577001017767012
4855,2119125.0,0.15586893323709147
4856,2119185.0,0.15594572081841443
4857,2119245.0,0.15605600797598246
4858,2119305.0,0.1561700085659608
4859,2119365.0,0.15629834011856178
4860,2119425.0,0.1564141448526229
4861,2119485.0,0.15649657176768667
4862,2119545.0,0.1565255930130785
4863,2119605.0,0.1565156294475462
4864,2119665.0,0.15741237032812624
4865,2119725.0,0.15823213941044495
4866,2119785.0,0.15898680427546777
4867,2119845.0,0.15966437532730657
4868,2119905.0,0.15959390563628215
4869,2119965.0,0.1594308327419325
4870,2120025.0,0.15925201614712925
4871,2120085.0,0.1591292066982627
4872,2120145.0,0.15912598523760468
4873,2120205.0,0.15923315351710401
4874,2120265.0,0.15945517237144072
4875,2120325.0,0.15979006971165563
4876,2120385.0,0.16005301866714616
4877,2120445.0,0.16020083746473437
4878,2120505.0,0.16028277169162009
4879,2120565.0,0.16118367671234782
4880,2120625.0,0.16237829638301388
4881,2120685.0,0.163344271916565
4882,2120745.0,0.16331924103278017
4883,2120805.0,0.1632525680602058
4884,2120865.0,0.163887412661944
4885,2120925.0,0.16470894492594162
4886,2120985.0,0.16480338248782753
4887,2121045.0,0.16496263770975542
4888,2121105.0,0.16527717192278987
4889,2121165.0,0.16562879466052885
4890,2121225.0,0.16581611452081543
4891,2121285.0,0.16588381702728613
4892,2121345.0,0.16580552763366962
4893,2121405.0,0.1656575649416433
4894,2121465.0,0.16652893122580845
4895,2121525.0,0.16671172464872033
4896,2121585.0,0.1666301725349071
4897,2121645.0,0.16651008237778214
4898,2121705.0,0.16641113301861205
4899,2121765.0,0.16560377515887298
4900,2121825.0,0.1654554891417759
4901,2121885.0,0.16610263338314862
4902,2121945.0,0.1668844130921219
4903,2122005.0,0.1676344719230651
4904,2122065.0,0.16752283264421963
4905,2122125.0,0.16721764382275886
4906,2122185.0,0.16680516230522846
4907,2122245.0,0.1667591404936436
4908,2122305.0,0.16693153503262534
4909,2122365.0,0.16827390352722887
4910,2122425.0,0.16931627930890508
4911,2122485.0,0.16997007579299986
4912,2122545.0,0.17052991567402112
4913,2122605.0,0.17104359173681136
4914,2122665.0,0.1715321281742328
4915,2122725.0,0.17204223517336892
4916,2122785.0,0.1718179763576846
4917,2122845.0,0.1715496009399167
4918,2122905.0,0.17197751172857073
4919,2122965.0,0.1726678005932952
4920,2123025.0,0.17342318307242702
4921,2123085.0,0.17419372625687685
4922,2123145.0,0.17403728237580526
4923,2123205.0,0.173879946288937
4924,2123265.0,0.1746281867760324
4925,2123325.0,0.17548496056688476
4926,2123385.0,0.1763576533731182
4927,2123445.0,0.1769620727080953
4928,2123505.0,0.17743615591020084
4929,2123565.0,0.17787317727904092
4930,2123625.0,0.17829298918938954
4931,2123685.0,0.178732777302313
4932,2123745.0,0.1792147800129558
4933,2123805.0,0.17905097053256697
4934,2123865.0,0.17881353552719217
4935,2123925.0,0.17857128109452688
4936,2123985.0,0.1792201709660273
4937,2124045.0,0.1801455417414379
4938,2124105.0,0.18017121253916557
4939,2124165.0,0.18014628624096346
4940,2124225.0,0.18010463609312224
4941,2124285.0,0.1800534079082273
4942,2124345.0,0.17998749190137334
4943,2124405.0,0.17991453168367894
4944,2124465.0,0.17981562930200895
4945,2124525.0,0.17971139855429888
4946,2124585.0,0.17961787944768756
4947,2124645.0,0.17955092887662763
4948,2124705.0,0.1804010039340435
4949,2124765.0,0.1815054296274231
4950,2124825.0,0.18235219672865113
4951,2124885.0,0.18230216826797296
4952,2124945.0,0.1820589059979756
4953,2125005.0,0.181534872805962
4954,2125065.0,0.18081145740032054
4955,2125125.0,0.18048960142868986
4956,2125185.0,0.1812104173196066
4957,2125245.0,0.1814284301679596
4958,2125305.0,0.18097527858605084
4959,2125365.0,0.180440428965538
4960,2125425.0,0.18055956075675905
4961,2125485.0,0.1806160391007211
4962,2125545.0,0.18069528141537414
4963,2125605.0,0.1808040495155228
4964,2125665.0,0.18074602872183562
4965,2125725.0,0.18062388971759757
4966,2125785.0,0.18130454274887883
4967,2125848.0,0.1823721731794761
4968,2125905.0,0.18306551153587025
4969,2125965.0,0.18357757685253392
4970,2126025.0,0.18405931185733854
4971,2126085.0,0.18459850461098265
4972,2126145.0,0.1845722234265903
4973,2126205.0,0.18440871810137166
4974,2126265.0,0.18332748859075132
4975,2126325.0,0.18234782510084036
4976,2126385.0,0.18313771266367238
4977,2126445.0,0.1831531909495668
4978,2126505.0,0.18323329100945768
4979,2126565.0,0.183323720912041
4980,2126625.0,0.18343083758999718
4981,2126685.0,0.18343636276243144
4982,2126745.0,0.1840944743053431
4983,2126805.0,0.1851216130477541
4984,2126865.0,0.18593221978638647
4985,2126925.0,0.18653143113452297
4986,2126985.0,0.18710493291251415
4987,2127045.0,0.1876748312998032
4988,2127105.0,0.18823758658944698
4989,2127165.0,0.18877254527642093
4990,2127225.0,0.189268421611279
4991,2127285.0,0.18984757846248243
4992,2127345.0,0.1905129641225397
4993,2127405.0,0.1894665903863816
4994,2127465.0,0.18850094595718922
4995,2127525.0,0.18915402316740243
4996,2127585.0,0.19010619752544655
4997,2127648.0,0.19116363769890846
4998,2127708.0,0.19142512896387834
4999,2127765.0,0.19132255899738546
5000,2127825.0,0.19193256221546037
5001,2127885.0,0.19250537942352325
5002,2127945.0,0.19238062108566092
5003,2128005.0,0.19232107157398373
5004,2128065.0,0.19305414653459213
5005,2128125.0,0.19398778420272916
5006,2128185.0,0.19508578475081542
5007,2128245.0,0.19583455938287841
5008,2128305.0,0.19628203434611138
5009,2128365.0,0.1965812773797583
5010,2128425.0,0.19704748527563015
5011,2128485.0,0.1976021708951874
5012,2128545.0,0.19731691426364675
5013,2128605.0,0.19729820397291006
5014,2128665.0,0.19752140667487583
5015,2128725.0,0.19772100112446428
5016,2128785.0,0.19802722093220265
5017,2128845.0,0.1984259137108378
5018,2128905.0,0.1986204969346877
5019,2128965.0,0.19941677398391697
5020,2129025.0,0.2000526057597383
5021,2129085.0,0.20073783970964698
5022,2129145.0,0.20195931714957666
5023,2129205.0,0.20318261348265548
5024,2129265.0,0.20335943131461787
5025,2129325.0,0.2035165591596334
5026,2129385.0,0.20376991864388103
5027,2129445.0,0.20415787404239683
5028,2129505.0,0.20432626877851068
5029,2129565.0,0.2035507125887435
5030,2129625.0,0.2026922160132725
5031,2129685.0,0.20277337589432723
5032,2129745.0,0.202908977643629
5033,2129805.0,0.20388015196007558
5034,2129865.0,0.2051136413226897
5035,2129925.0,0.20656119545264784
5036,2129985.0,0.2078210526952829
5037,2130045.0,0.20901416014357171
5038,2130105.0,0.20914393695333938
5039,2130165.0,0.20923362322917252
5040,2130225.0,0.20938575575948756
5041,2130285.0,0.20972418435620557
5042,2130345.0,0.20992901557430288
5043,2130405.0,0.21001135732771142
5044,2130465.0,0.20915495756765132
5045,2130525.0,0.20927613307364817
5046,2130585.0,0.209667642514811
5047,2130645.0,0.20891641600919822
5048,2130705.0,0.20891563813968167
5049,2130765.0,0.20908780970299712
5050,2130825.0,0.2110089279831548
5051,2130885.0,0.21240818034413342
5052,2130945.0,0.21351403361974505
5053,2131005.0,0.2135254994454723
5054,2131065.0,0.21347833379751804
5055,2131125.0,0.21342968736403078
5056,2131185.0,0.21360640428625652
5057,2131245.0,0.21389254161906318
5058,2131305.0,0.2139761227897408
5059,2131365.0,0.2131716549041747
5060,2131425.0,0.2120966105306209
5061,2131485.0,0.21135192943755537
5062,2131545.0,0.21176907090119754
5063,2131605.0,0.21230238507187627
5064,2131665.0,0.21195046484278293
5065,2131725.0,0.2113353572090141
5066,2131785.0,0.21141778357720184
5067,2131845.0,0.21193143908320153
5068,2131905.0,0.21229203083558637
5069,2131965.0,0.2136193799009239
5070,2132025.0,0.21475819463036602
5071,2132085.0,0.21586538032955951
5072,2132145.0,0.2160526574340035
5073,2132205.0,0.21634083600101492
5074,2132265.0,0.21555788255126032
5075,2132325.0,0.21448873570555374
5076,2132385.0,0.2136581695544827
5077,2132445.0,0.21302392918575366
5078,2132505.0,0.21253378149350163
5079,2132565.0,0.2128047660705764
5080,2132625.0,0.21318409005449535
5081,2132685.0,0.21276281997889934
5082,2132745.0,0.2120972548018685
5083,2132805.0,0.21136137611585054
5084,2132865.0,0.21129999017124626
5085,2132925.0,0.21173259436190536
5086,2132985.0,0.21277556544420279
5087,2133045.0,0.21383039208970764
5088,2133105.0,0.2152741962776351
5089,2133165.0,0.21559923418375473
5090,2133225.0,0.2162053930338955
5091,2133285.0,0.21670225329152307
5092,2133345.0,0.21718603096001501
5093,2133405.0,0.21669531086174657
5094,2133465.0,0.21621255260472347
5095,2133525.0,0.21559731541684915
5096,2133585.0,0.21552403675361936
5097,2133645.0,0.21550263192288044
5098,2133705.0,0.2148845463502707
5099,2133765.0,0.21404177574785074
5100,2133825.0,0.2132126930113145
5101,2133885.0,0.21245572367087995
5102,2133945.0,0.21254509433950144
5103,2134008.0,0.2126240080969375
5104,2134065.0,0.21173193248791483
5105,2134125.0,0.21119771463106518
5106,2134185.0,0.21145973424881992
5107,2134245.0,0.2118711730586828
5108,2134305.0,0.2128602783567789
5109,2134365.0,0.21382572507843214
5110,2134425.0,0.21476064825538854
5111,2134485.0,0.215261666911774
5112,2134545.0,0.2156259317284794
5113,2134605.0,0.21570923559542277
5114,2134665.0,0.21585488862447982
5115,2134725.0,0.215857377288624
5116,2134785.0,0.21486281035296081
5117,2134845.0,0.21363192018768176
5118,2134905.0,0.21339958387790406
5119,2134965.0,0.21328969619649785
5120,2135025.0,0.21326870934551934
5121,2135085.0,0.21315022782006907
5122,2135145.0,0.21300880974821126
5123,2135205.0,0.21283390723672524
5124,2135265.0,0.21260338722961733
5125,2135325.0,0.21316465772973875
5126,2135385.0,0.21408189145534373
5127,2135445.0,0.21543326375340097
5128,2135505.0,0.21643431022594367
5129,2135565.0,0.2168840433513036
5130,2135625.0,0.21737884933559606
5131,2135685.0,0.21835286435845513
5132,2135745.0,0.21940553699906665
5133,2135805.0,0.2191435460829483
5134,2135865.0,0.2189096416089237
5135,2135925.0,0.21870544283486043
5136,2135985.0,0.21820300862118736
5137,2136045.0,0.217936845408395
5138,2136105.0,0.2176184688229973
5139,2136165.0,0.21731587616351025
5140,2136225.0,0.2170300710279038
5141,2136285.0,0.21692706221619287
5142,2136345.0,0.21684798244336118
5143,2136405.0,0.2166687734690335
5144,2136465.0,0.21663874112231618
5145,2136525.0,0.21652639196785836
5146,2136585.0,0.21663494734760425
5147,2136645.0,0.21643579099130797
5148,2136705.0,0.2186295978878674
5149,2136765.0,0.22081167021560047
5150,2136825.0,0.22246982552717143
5151,2136885.0,0.22290508090099975
5152,2136945.0,0.22369334613590064
5153,2137005.0,0.22407819414474878
5154,2137065.0,0.22424983629927023
5155,2137125.0,0.2241147473178286
5156,2137185.0,0.22287132385259234
5157,2137245.0,0.2224393565923653
5158,2137305.0,0.22216076241550867
5159,2137365.0,0.22203344231232916
5160,2137425.0,0.22189131134112072
5161,2137485.0,0.22183914111942948
5162,2137545.0,0.22098160146493945
5163,2137605.0,0.22071295437965724
5164,2137665.0,0.22081648164460801
5165,2137725.0,0.222065234853631
5166,2137785.0,0.22407329941257687
5167,2137845.0,0.2256982531664493
5168,2137905.0,0.22599722416168336
5169,2137965.0,0.22620465470069226
5170,2138025.0,0.22633588994374745
5171,2138085.0,0.22574626820760132
5172,2138145.0,0.2251232182260987
5173,2138205.0,0.22520252915851546
5174,2138265.0,0.22523925697820035
5175,2138325.0,0.22429283874827727
5176,2138385.0,0.22324693913158405
5177,2138445.0,0.222346106245874
5178,2138505.0,0.22157367963240915
5179,2138565.0,0.22095105136836282
5180,2138625.0,0.22027565561459428
5181,2138685.0,0.21964050689157405
5182,2138745.0,0.21979142406746313
5183,2138805.0,0.2196919637397768
5184,2138865.0,0.21980845567020263
5185,2138925.0,0.21994551654849426
5186,2138985.0,0.21993037200498416
5187,2139045.0,0.22002943390147917
5188,2139105.0,0.22040721868198668
5189,2139168.0,0.22021075080564156
5190,2139225.0,0.2197362011488117
5191,2139285.0,0.2191057750312789
5192,2139345.0,0.2183550023998871
5193,2139405.0,0.217147350572251
5194,2139465.0,0.21693286273767803
5195,2139525.0,0.21674009879592782
5196,2139585.0,0.2164599587116313
5197,2139645.0,0.21604562585515674
5198,2139705.0,0.2156957747422102
5199,2139765.0,0.21559298641692548
5200,2139825.0,0.21544875128018276
5201,2139885.0,0.21653939380257176
5202,2139945.0,0.21774146259011895
5203,2140005.0,0.21864202210441636
5204,2140065.0,0.22014958562045142
5205,2140125.0,0.22063360974016877
5206,2140185.0,0.22111865689681623
5207,2140245.0,0.2208267639877095
5208,2140305.0,0.22063280120987938
5209,2140365.0,0.2203072495699295
5210,2140425.0,0.2199442525373633
5211,2140485.0,0.21956242224164157
5212,2140545.0,0.21924624984822827
5213,2140605.0,0.21807856913085413
5214,2140665.0,0.21677584617197204
5215,2140725.0,0.21508901709433878
5216,2140785.0,0.21487020490208286
5217,2140845.0,0.21515277188485665
5218,2140905.0,0.21763449377143226
5219,2140965.0,0.21992784104120858
5220,2141025.0,0.2214941249055336
5221,2141085.0,0.22209556853730758
5222,2141145.0,0.2226685337041573
5223,2141205.0,0.2228035563547263
5224,2141265.0,0.22299447899865213
5225,2141325.0,0.22230591352420245
5226,2141385.0,0.22133425875848373
5227,2141445.0,0.22146589868825373
5228,2141505.0,0.22137513566247466
5229,2141565.0,0.22124498426416186
5230,2141625.0,0.21942981498625763
5231,2141685.0,0.21809584197475373
5232,2141745.0,0.2169302350313329
5233,2141805.0,0.21663250560534705
5234,2141865.0,0.21719332961172735
5235,2141925.0,0.21791241834614455
5236,2141985.0,0.21857757839006575
5237,2142045.0,0.2194996707915988
5238,2142108.0,0.22067694263479676
5239,2142165.0,0.2214547866675933
5240,2142225.0,0.22151693278517454
5241,2142285.0,0.22136485730404318
5242,2142345.0,0.22104929111180532
5243,2142405.0,0.22053928411203824
5244,2142465.0,0.22019157919288274
5245,2142525.0,0.21980194564278252
5246,2142585.0,0.21949213920592772
5247,2142645.0,0.21881363877129664
5248,2142705.0,0.218290824168576
5249,2142765.0,0.21671919994913982
5250,2142825.0,0.21517527465777536
5251,2142885.0,0.2150530434166791
5252,2142945.0,0.2141236099175568
5253,2143005.0,0.2131482123824436
5254,2143065.0,0.21300797215431672
5255,2143125.0,0.21503466145539304
5256,2143185.0,0.2165281615708408
5257,2143245.0,0.21813418611210797
5258,2143305.0,0.21971518031327902
5259,2143365.0,0.22047054185892176
5260,2143425.0,0.22122838846862272
5261,2143485.0,0.2212470249306303
5262,2143545.0,0.22141330569836934
5263,2143605.0,0.22149879100344816
5264,2143665.0,0.22148871287430338
5265,2143725.0,0.22088886975142316
5266,2143785.0,0.21959229788190734
5267,2143845.0,0.2182554440961117
5268,2143905.0,0.21659303871582478
5269,2143965.0,0.21498214942630992
5270,2144025.0,0.21335603369347342
5271,2144085.0,0.21219480320991574
5272,2144145.0,0.2110026664588772
5273,2144205.0,0.21149144945167325
5274,2144265.0,0.21106304312883958
5275,2144325.0,0.2103386789360435
5276,2144388.0,0.21055057186083892
5277,2144445.0,0.2129149710215915
5278,2144505.0,0.21514288177864935
5279,2144565.0,0.2167468125036533
5280,2144625.0,0.2177737826571596
5281,2144685.0,0.2187422665669193
5282,2144745.0,0.21970024762941498
5283,2144805.0,0.21984592403129583
5284,2144865.0,0.22001282100842653
5285,2144925.0,0.21954389024190643
5286,2144985.0,0.21834027133250888
5287,2145045.0,0.2172999517144031
5288,2145105.0,0.21572363624880894
5289,2145165.0,0.21398403353766676
5290,2145225.0,0.21340642442059507
5291,2145285.0,0.2117857518138184
5292,2145345.0,0.21006502159285942
5293,2145405.0,0.21001135226967932
5294,2145465.0,0.21244363010252665
5295,2145525.0,0.21440724216689977
5296,2145585.0,0.21569482299730536
5297,2145645.0,0.21682156874954003
5298,2145705.0,0.21827639764213652
5299,2145765.0,0.21850875674256523
5300,2145825.0,0.21830944582503667
5301,2145885.0,0.21806580776229903
5302,2145945.0,0.21787650216746757
5303,2146005.0,0.21820933532805775
5304,2146065.0,0.21939996465521006
5305,2146128.0,0.22047829315961182
5306,2146185.0,0.22294087754760458
5307,2146245.0,0.22412157116932682
5308,2146305.0,0.22339511011161248
5309,2146365.0,0.22267642246798355
5310,2146425.0,0.22226019795778212
5311,2146485.0,0.22147361816716513
5312,2146545.0,0.22073132468133905
5313,2146605.0,0.2206370600994548
5314,2146665.0,0.22028751757913115
5315,2146725.0,0.219838978667313
5316,2146785.0,0.219420430657608
5317,2146845.0,0.21942808540356884
5318,2146905.0,0.21964770896062408
5319,2146965.0,0.21981874024110093
5320,2147025.0,0.21990294695019622
5321,2147085.0,0.21997690991836186
5322,2147145.0,0.2199958671990016
5323,2147205.0,0.21998922264806528
5324,2147265.0,0.21978101529806052
5325,2147325.0,0.2209867600058716
5326,2147385.0,0.221425900570324
5327,2147445.0,0.22186575181122314
5328,2147505.0,0.22006062849982524
5329,2147565.0,0.21835116981006292
5330,2147625.0,0.21641381878715638
5331,2147685.0,0.21549257933225896
5332,2147745.0,0.21459926014205852
5333,2147805.0,0.21431098740924312
5334,2147865.0,0.21414061476698268
5335,2147925.0,0.21382851609453854
5336,2147985.0,0.21371082812758826
5337,2148045.0,0.21445680492782518
5338,2148105.0,0.21576506301615614
5339,2148165.0,0.21908039040836946
5340,2148225.0,0.22189115543638618
5341,2148285.0,0.22412815954237517
5342,2148345.0,0.22534002423410002
5343,2148405.0,0.2255155224290729
5344,2148465.0,0.22542376759673338
5345,2148525.0,0.22449087086823494
5346,2148585.0,0.22197232648115098
5347,2148645.0,0.2200038861396347
5348,2148708.0,0.2194823003369582
5349,2148765.0,0.2191266694824264
5350,2148825.0,0.21876225825641188
5351,2148885.0,0.21875542933421316
5352,2148945.0,0.21856401381233162
5353,2149008.0,0.21847368636816367
5354,2149065.0,0.2183581246597401
5355,2149125.0,0.21854772148498822
5356,2149185.0,0.21876373516362616
5357,2149245.0,0.21885183499740743
5358,2149305.0,0.21890456017889456
5359,2149365.0,0.21890702240218998
5360,2149425.0,0.21974250746539312
5361,2149485.0,0.22067936068019145
5362,2149545.0,0.2219208212866651
5363,2149605.0,0.22356241024975035
5364,2149665.0,0.22408158646754822
5365,2149725.0,0.22418790337810446
5366,2149785.0,0.22424332808100716
5367,2149845.0,0.22362232367163334
5368,2149905.0,0.22292959795605785
5369,2149965.0,0.222776558934384
5370,2150025.0,0.2227099042081724
5371,2150085.0,0.2226667052907068
5372,2150145.0,0.2227342355029646
5373,2150205.0,0.22259864032221546
5374,2150265.0,0.22253060527186816
5375,2150325.0,0.22266684184932362
5376,2150385.0,0.22260328718185168
5377,2150445.0,0.22257848324073895
5378,2150505.0,0.22323458689344178
5379,2150565.0,0.22305217223575044
5380,2150625.0,0.22385563086423035
5381,2150685.0,0.22412781061688397
5382,2150745.0,0.22385680655522525
5383,2150805.0,0.22371815612937887
5384,2150868.0,0.2243176485642708
5385,2150925.0,0.22444261798701207
5386,2150985.0,0.22383852215124206
5387,2151045.0,0.22384976984406302
5388,2151105.0,0.22409862092862634
5389,2151165.0,0.2245145602116428
5390,2151225.0,0.2248706869335444
5391,2151285.0,0.22506994619419815
5392,2151345.0,0.2251303283549221
5393,2151405.0,0.22510937548396623
5394,2151465.0,0.2250013672029174
5395,2151525.0,0.22497673116437197
5396,2151585.0,0.22378039546967649
5397,2151645.0,0.22231246648960049
5398,2151705.0,0.21963609071297113
5399,2151765.0,0.2169486836359307
5400,2151825.0,0.2158169969866985
5401,2151885.0,0.21567674994840408
5402,2151945.0,0.21720787817998308
5403,2152005.0,0.21986451546180424
5404,2152065.0,0.22164798532266156
5405,2152125.0,0.22331602853469465
5406,2152185.0,0.22489916937137172
5407,2152245.0,0.22574332102430608
5408,2152305.0,0.2265607944200932
5409,2152365.0,0.22675851255525142
5410,2152425.0,0.22695852639031416
5411,2152485.0,0.2272451296637569
5412,2152545.0,0.22755547906434195
5413,2152605.0,0.22793247559413585
5414,2152665.0,0.2272863617756895
5415,2152725.0,0.22624905229183223
5416,2152785.0,0.22510464251414883
5417,2152845.0,0.22363689021411529
5418,2152905.0,0.22223900888786746
5419,2152965.0,0.22146771505079207
5420,2153025.0,0.22144578466140086
5421,2153085.0,0.22153517656768204
5422,2153145.0,0.22169755244798459
5423,2153205.0,0.22184249131655423
5424,2153265.0,0.2218238271283629
5425,2153325.0,0.223033535685715
5426,2153385.0,0.22424622531922497
5427,2153445.0,0.2255604216213754
5428,2153505.0,0.2267782963122492
5429,2153565.0,0.22807823986985906
5430,2153625.0,0.22955366715948014
5431,2153685.0,0.2298028258627348
5432,2153745.0,0.23090161944681398
5433,2153805.0,0.23206553865424817
5434,2153868.0,0.23261405075912162
5435,2153925.0,0.2310200707814962
5436,2153985.0,0.22981244784147534
5437,2154045.0,0.22824282028982135
5438,2154105.0,0.2264409955872025
5439,2154165.0,0.22552014799971332
5440,2154225.0,0.22465584085712093
5441,2154285.0,0.22449272453365124
5442,2154345.0,0.22415163826080053
5443,2154405.0,0.22473020323826196
5444,2154465.0,0.22565293373442377
5445,2154525.0,0.22530923575530032
5446,2154585.0,0.22517552228412158
5447,2154645.0,0.22698403886589616
5448,2154705.0,0.2289623633475745
5449,2154765.0,0.230352075106296
5450,2154825.0,0.23306411689334128
5451,2154885.0,0.2344268766572424
5452,2154945.0,0.23551078651318455
5453,2155005.0,0.2352970894712921
5454,2155065.0,0.23572322837052817
5455,2155125.0,0.23650391624758837
5456,2155188.0,0.23642783019706526
5457,2155245.0,0.23402071501385338
5458,2155305.0,0.23168197598378876
5459,2155365.0,0.23080791502351428
5460,2155425.0,0.23074395230894226
5461,2155485.0,0.23106340113082652
5462,2155545.0,0.23242018102112896
5463,2155605.0,0.23389999107985035
5464,2155665.0,0.23475218089846467
5465,2155725.0,0.23567280699522583
5466,2155785.0,0.23669203088969942
5467,2155845.0,0.23684699013166086
5468,2155905.0,0.23701825813160418
5469,2155965.0,0.23734272174302626
5470,2156025.0,0.23660240533139065
5471,2156085.0,0.2371298497425277
5472,2156145.0,0.23791495511010038
5473,2156205.0,0.23797914787839705
5474,2156268.0,0.2355513914819509
5475,2156325.0,0.23373938711837744
5476,2156385.0,0.23266285850127671
5477,2156445.0,0.23146021961664917
5478,2156505.0,0.23101468818184728
5479,2156565.0,0.23216798899137478
5480,2156625.0,0.23343309376900662
5481,2156685.0,0.23473132499503768
5482,2156745.0,0.23619633942309654
5483,2156805.0,0.23705031722691455
5484,2156865.0,0.2364674382889857
5485,2156925.0,0.23500593105427545
5486,2156985.0,0.23167578150599394
5487,2157045.0,0.2290509168507787
5488,2157105.0,0.22770456910719242
5489,2157165.0,0.22680800695961392
5490,2157225.0,0.22593249474054114
5491,2157285.0,0.22576996959441334
5492,2157345.0,0.22550072057157894
5493,2157405.0,0.22596368438583778
5494,2157465.0,0.22709803225594097
5495,2157525.0,0.22630129085342113
5496,2157585.0,0.2261590197678442
5497,2157645.0,0.22810832781169857
5498,2157705.0,0.230358192175444
5499,2157765.0,0.23197684499125837
5500,2157825.0,0.23342272468404715
5501,2157885.0,0.23490577710413946
5502,2157945.0,0.23623571650497482
5503,2158005.0,0.23748055574624716
5504,2158065.0,0.23796557845001168
5505,2158125.0,0.23711838662650306
5506,2158185.0,0.23600235162166291
5507,2158245.0,0.23472683795407806
5508,2158305.0,0.2334672514176604
5509,2158365.0,0.23236864962564477
5510,2158425.0,0.2321669523338363
5511,2158485.0,0.23217320538381814
5512,2158545.0,0.23224317736146224
5513,2158605.0,0.2329007134869795
5514,2158665.0,0.23398849931770935
5515,2158725.0,0.2336663563971297
5516,2158785.0,0.23371716552301025
5517,2158845.0,0.23539206016942746
5518,2158905.0,0.23632676759548127
5519,2158965.0,0.23463146751435307
5520,2159025.0,0.23289600176650163
5521,2159085.0,0.2318435907950182
5522,2159145.0,0.232116581720072
5523,2159205.0,0.23237530605625384
5524,2159265.0,0.23279855906712488
5525,2159325.0,0.23220315635930727
5526,2159385.0,0.23222696947462898
5527,2159445.0,0.23194273693645975
5528,2159505.0,0.23132181485965683
5529,2159565.0,0.23075320059288915
5530,2159625.0,0.23035744395336796
5531,2159685.0,0.2303213038476858
5532,2159745.0,0.23113109743150234
5533,2159805.0,0.23183624433246583
5534,2159865.0,0.23265810738126042
5535,2159925.0,0.23192967639324785
5536,2159985.0,0.23180301249589225
5537,2160045.0,0.2347836505514649
5538,2160105.0,0.23632697111543222
5539,2160165.0,0.2376567016829643
5540,2160225.0,0.23800051316832788
5541,2160285.0,0.23832709567557733
5542,2160345.0,0.238556757778382
5543,2160405.0,0.2384061415991509
5544,2160465.0,0.23816455205878584
5545,2160528.0,0.23812468287837177
5546,2160585.0,0.23819590877779803
5547,2160645.0,0.23830025345334596
5548,2160705.0,0.23851177821330846
5549,2160765.0,0.23875084009765762
5550,2160825.0,0.23885425696955614
5551,2160885.0,0.23888960741248974
5552,2160945.0,0.2390014962671521
5553,2161005.0,0.23937389895792144
5554,2161065.0,0.2396456722484199
5555,2161125.0,0.2406455421380613
5556,2161185.0,0.24142798460622275
5557,2161245.0,0.24235246317996595
5558,2161305.0,0.24259845660762205
5559,2161365.0,0.24305596123076098
5560,2161425.0,0.24266725553085322
5561,2161485.0,0.24249019178801914
5562,2161545.0,0.2420940991384463
5563,2161605.0,0.24121671079267293
5564,2161665.0,0.23988898036861456
5565,2161725.0,0.23994616207653377
5566,2161785.0,0.2408078525951826
5567,2161845.0,0.2409338705761544
5568,2161905.0,0.24098557831691914
5569,2161965.0,0.24114500969864883
5570,2162025.0,0.24124149840160247
5571,2162085.0,0.2413123521286729
5572,2162145.0,0.24137406753845037
5573,2162205.0,0.24160391617282195
5574,2162265.0,0.2420431111785973
5575,2162325.0,0.24260546125149626
5576,2162385.0,0.24297940785637515
5577,2162445.0,0.2430269076959558
5578,2162505.0,0.24298891521024427
5579,2162565.0,0.24420289258645728
5580,2162625.0,0.24481093890140498
5581,2162685.0,0.2450423583717605
5582,2162748.0,0.24391101873099882
5583,2162805.0,0.24229904875190286
5584,2162865.0,0.24165067556002517
5585,2162925.0,0.24090136569365178
5586,2162985.0,0.2401490602052397
5587,2163045.0,0.24023764097880324
5588,2163105.0,0.24091998173486817
5589,2163165.0,0.24113962987511753
5590,2163225.0,0.2411422994797919
5591,2163285.0,0.24089488799142908
5592,2163345.0,0.24058104812781095
5593,2163405.0,0.24032635296379262
5594,2163465.0,0.24023715261872627
5595,2163525.0,0.2404018674440207
5596,2163585.0,0.24151957613116892
5597,2163645.0,0.24236116061274324
5598,2163705.0,0.2431493584183843
5599,2163765.0,0.24421055297052902
5600,2163825.0,0.24510023927428717
5601,2163885.0,0.24582175516042495
5602,2163945.0,0.24658090440713676
5603,2164005.0,0.24763663400908775
5604,2164065.0,0.24899779514545145
5605,2164125.0,0.24832265873514336
5606,2164185.0,0.24769206844548822
5607,2164245.0,0.24690374001627993
5608,2164305.0,0.2460257452479317
5609,2164365.0,0.24482676091020888
5610,2164425.0,0.24368924733438305
5611,2164485.0,0.2425337428705602
5612,2164545.0,0.2421762687065463
5613,2164605.0,0.2422041984453082
5614,2164665.0,0.24259748464452843
5615,2164725.0,0.24304146449876388
5616,2164785.0,0.2450050580312454
5617,2164845.0,0.2475026134065976
5618,2164905.0,0.24975743052178367
5619,2164965.0,0.2518388909205439
5620,2165025.0,0.2530426428884103
5621,2165085.0,0.25403081004226435
5622,2165145.0,0.25515723426554027
5623,2165205.0,0.25470070193399263
5624,2165265.0,0.2541351358400514
5625,2165325.0,0.25507494116337637
5626,2165385.0,0.2558270981965296
5627,2165445.0,0.2545706115413174
5628,2165505.0,0.2530095806008933
5629,2165565.0,0.2519176185344493
5630,2165625.0,0.24938402073637556
5631,2165685.0,0.24825233902965382
5632,2165745.0,0.24756308597332272
5633,2165805.0,0.24743392210792695
5634,2165865.0,0.24747978902052617
5635,2165925.0,0.2474879836606383
5636,2165985.0,0.24747232234644667
5637,2166045.0,0.24831430084093978
5638,2166105.0,0.2500646680724946
5639,2166165.0,0.2506959514450116
5640,2166225.0,0.2510185937699934
5641,2166285.0,0.2508928264689638
5642,2166345.0,0.24978704736360935
5643,2166405.0,0.24926842787634718
5644,2166465.0,0.24954203999794702
5645,2166525.0,0.2488742633966899
5646,2166585.0,0.24822026351505425
5647,2166645.0,0.24838216103223565
5648,2166705.0,0.24852947973810166
5649,2166765.0,0.2485583574184043
5650,2166825.0,0.2485358155908587
5651,2166885.0,0.24882828649977484
5652,2166945.0,0.24895210571810902
5653,2167005.0,0.25002255193025524
5654,2167065.0,0.25040991642581656
5655,2167125.0,0.25099489932094377
5656,2167185.0,0.2524964463360607
5657,2167245.0,0.2552399941053232
5658,2167305.0,0.25684599348852377
5659,2167365.0,0.25782008593817135
5660,2167425.0,0.25780511277010276
5661,2167485.0,0.2577999698081907
5662,2167545.0,0.2568436425790756
5663,2167605.0,0.25612046559340673
5664,2167665.0,0.25612970126434065
5665,2167725.0,0.2563844562368609
5666,2167785.0,0.2567785674425668
5667,2167845.0,0.2572902890475224
5668,2167905.0,0.2578608242029744
5669,2167965.0,0.2582944454319981
5670,2168025.0,0.2583442208966308
5671,2168085.0,0.25837871472254925
5672,2168145.0,0.25858967635452107
5673,2168205.0,0.259246596393127
5674,2168265.0,0.2592551270408968
5675,2168325.0,0.26128073339594504
5676,2168385.0,0.262862885525152
5677,2168445.0,0.26228807616284855
5678,2168505.0,0.2613350593777203
5679,2168565.0,0.26101319991354854
5680,2168625.0,0.25984324932965785
5681,2168685.0,0.25863275873383224
5682,2168745.0,0.2577405360888209
5683,2168805.0,0.2570623662716427
5684,2168865.0,0.25728344923701874
5685,2168925.0,0.25753431615070244
5686,2168985.0,0.25771241200885187
5687,2169045.0,0.2580346139375709
5688,2169105.0,0.258393020784679
5689,2169165.0,0.2585501919776061
5690,2169225.0,0.2585448796434
5691,2169285.0,0.25848556915381093
5692,2169345.0,0.25852816415341007
5693,2169405.0,0.2578110392754589
5694,2169465.0,0.25756858735915267
5695,2169525.0,0.259764469064501
5696,2169585.0,0.2615516247760733
5697,2169645.0,0.2603308653321691
5698,2169705.0,0.2593213498421576
5699,2169765.0,0.25880518160802113
5700,2169828.0,0.2588431618423785
5701,2169885.0,0.2575802242249616
5702,2169945.0,0.2565075467974978
5703,2170005.0,0.2556371107882092
5704,2170065.0,0.2547400854594768
5705,2170125.0,0.25475101100288244
5706,2170185.0,0.254967364647661
5707,2170245.0,0.25536997195347877
5708,2170305.0,0.2557512947788485
5709,2170365.0,0.2560783768393585
5710,2170425.0,0.2564883740163316
5711,2170485.0,0.25678231370192695
5712,2170545.0,0.2562241001715714
5713,2170605.0,0.255640130066208
5714,2170665.0,0.25615351127665353
5715,2170725.0,0.2575901766492784
5716,2170785.0,0.25810660650992445
5717,2170845.0,0.2558267718012013
5718,2170905.0,0.2551830178795722
5719,2170965.0,0.25488775483941417
5720,2171025.0,0.254797792216425
5721,2171085.0,0.25469779586737074
5722,2171145.0,0.25349639897061294
5723,2171205.0,0.2525608991103314
5724,2171265.0,0.25188738151746237
5725,2171325.0,0.25120056492531495
5726,2171385.0,0.2504656134341706
5727,2171445.0,0.25058092232570695
5728,2171505.0,0.25068817607369587
5729,2171565.0,0.250616357249331
5730,2171625.0,0.25065126108824254
5731,2171685.0,0.2508574287953782
5732,2171745.0,0.2521465013464547
5733,2171805.0,0.2533597297430672
5734,2171865.0,0.25433135396249823
5735,2171925.0,0.2542375332282734
5736,2171985.0,0.2546117701384793
5737,2172045.0,0.25479730561400954
5738,2172105.0,0.2550530756849666
5739,2172165.0,0.25500507627000696
5740,2172225.0,0.25494215333554154
5741,2172285.0,0.25303205560330666
5742,2172345.0,0.2515901335684849
5743,2172405.0,0.25087542356507664
5744,2172465.0,0.2503678793315309
5745,2172525.0,0.24969610394668634
5746,2172585.0,0.24886624691757187
5747,2172645.0,0.24892924318240808
5748,2172705.0,0.24899773864654823
5749,2172765.0,0.24883675347028145
5750,2172825.0,0.24868164518653865
5751,2172885.0,0.24855997016400574
5752,2172945.0,0.24849170566915368
5753,2173005.0,0.25149979519610116
5754,2173065.0,0.25222416931689495
5755,2173125.0,0.2531473988205861
5756,2173185.0,0.2539759236119196
5757,2173245.0,0.2549121163770345
5758,2173305.0,0.2559885686136043
5759,2173365.0,0.25518026531598914
5760,2173425.0,0.2540780618878114
5761,2173485.0,0.25330880632254676
5762,2173545.0,0.25218713104941437
5763,2173605.0,0.2509681347821459
5764,2173665.0,0.24968332091104684
5765,2173725.0,0.2486205950912104
5766,2173785.0,0.24782754304994617
5767,2173845.0,0.2471718227944841
5768,2173905.0,0.24607832340715277
5769,2173965.0,0.24588601315941916
5770,2174025.0,0.2457608256691717
5771,2174088.0,0.2456001223746928
5772,2174145.0,0.24659711988346067
5773,2174205.0,0.24750985397740716
5774,2174265.0,0.24856240314994082
5775,2174325.0,0.24950373016411878
5776,2174385.0,0.2495280051766791
5777,2174445.0,0.24983775661104196
5778,2174505.0,0.2501840888185022
5779,2174565.0,0.24928086569430066
5780,2174625.0,0.24855971463987914
5781,2174685.0,0.24807700452113657
5782,2174745.0,0.247537505531437
5783,2174805.0,0.24671354129927742
5784,2174865.0,0.24572098119156335
5785,2174925.0,0.24558722478632483
5786,2174985.0,0.24536151687827984
5787,2175045.0,0.24518945975517178
5788,2175105.0,0.24503387040919497
5789,2175165.0,0.24504232775998622
5790,2175225.0,0.24482056466486837
5791,2175285.0,0.2443419113710014
5792,2175345.0,0.2450811292342347
5793,2175405.0,0.24580185969049387
5794,2175465.0,0.24588597178554264
5795,2175525.0,0.24649479441864455
5796,2175585.0,0.24583662551766775
5797,2175645.0,0.24468453507723076
5798,2175705.0,0.24370863185232783
5799,2175765.0,0.2418623993668481
5800,2175825.0,0.24085520148844144
5801,2175885.0,0.24020224229581638
5802,2175945.0,0.23949951375561396
5803,2176005.0,0.23929035047678773
5804,2176065.0,0.23898979599992193
5805,2176125.0,0.238647207836545
5806,2176185.0,0.2384593097817623
5807,2176245.0,0.23844142091742773
5808,2176305.0,0.23844836187834972
5809,2176365.0,0.23820788983881855
5810,2176425.0,0.2393509984322458
5811,2176485.0,0.2404117808797822
5812,2176545.0,0.241502022682427
5813,2176605.0,0.241649885141374
5814,2176665.0,0.24196223010013448
5815,2176725.0,0.24221964489855455
5816,2176785.0,0.24218038021140417
5817,2176845.0,0.24137556149968983
5818,2176905.0,0.23964272626047312
5819,2176965.0,0.23822767737258937
5820,2177025.0,0.23689527264240495
5821,2177085.0,0.23556530058587313
5822,2177145.0,0.2342709201671103
5823,2177205.0,0.23298391941164995
5824,2177265.0,0.23219244812321366
5825,2177325.0,0.2329179752035196
5826,2177385.0,0.23357413415012518
5827,2177445.0,0.23459058947364342
5828,2177505.0,0.23565022122975393
5829,2177565.0,0.23649517842394172
5830,2177625.0,0.23634663349405854
5831,2177685.0,0.23620350823094227
5832,2177745.0,0.23613927406718552
5833,2177805.0,0.23508573185424897
5834,2177865.0,0.23477578912740255
5835,2177925.0,0.23409866846675656
5836,2177985.0,0.2325744359465354
5837,2178045.0,0.2301497736531595
5838,2178105.0,0.22771272512345958
5839,2178165.0,0.22556530281553758
5840,2178225.0,0.22456890213456468
5841,2178285.0,0.22357525835499448
5842,2178345.0,0.2232983866930347
5843,2178405.0,0.2228565374950729
5844,2178465.0,0.22224589695370245
5845,2178525.0,0.22221909014408353
5846,2178585.0,0.2227778969383699
5847,2178645.0,0.22329810074002035
5848,2178705.0,0.22462855123482306
5849,2178765.0,0.2257694755205234
5850,2178825.0,0.22696170182212136
5851,2178885.0,0.2278336074112031
5852,2178945.0,0.22779525275766507
5853,2179005.0,0.22688048404703628
5854,2179065.0,0.2261678891603106
5855,2179125.0,0.225471380456853
5856,2179185.0,0.2247088129593643
5857,2179245.0,0.22360427853230136
5858,2179305.0,0.22240850213718555
5859,2179365.0,0.22125480155922042
5860,2179425.0,0.2211895315599901
5861,2179485.0,0.22110711187257376
5862,2179545.0,0.2209315770036715
5863,2179605.0,0.22047967512325614
5864,2179665.0,0.2213246389166589
5865,2179725.0,0.22216143349714307
5866,2179785.0,0.22317057771782822
5867,2179845.0,0.2231580135020244
5868,2179905.0,0.2234498046917299
5869,2179965.0,0.22389856750385664
5870,2180025.0,0.22444579105108028
5871,2180085.0,0.22478759800561224
5872,2180145.0,0.22480918427022195
5873,2180205.0,0.22477276483239686
5874,2180265.0,0.22391409327719403
5875,2180325.0,0.22247507314632334
5876,2180385.0,0.22091969736630643
5877,2180445.0,0.21977343095380683
5878,2180505.0,0.21917049072656286
5879,2180565.0,0.219013360570887
5880,2180625.0,0.2189979358836687
5881,2180685.0,0.22065961413488042
5882,2180745.0,0.22209373117390488
5883,2180805.0,0.22295344569327097
5884,2180865.0,0.22381031548648525
5885,2180925.0,0.2236407264700313
5886,2180985.0,0.2234737430961475
5887,2181045.0,0.22322797302352318
5888,2181105.0,0.22321991403034105
5889,2181165.0,0.22298668441592226
5890,2181225.0,0.22256438068992804
5891,2181285.0,0.22224077491492095
5892,2181345.0,0.22208419871923812
5893,2181405.0,0.22211517963598681
5894,2181465.0,0.22113707074458577
5895,2181525.0,0.22058732458575936
5896,2181585.0,0.2202241259429863
5897,2181645.0,0.2194696112285451
5898,2181705.0,0.2182485681943154
5899,2181765.0,0.21767828517198096
5900,2181825.0,0.21747869769836517
5901,2181885.0,0.21715907495520673
5902,2181945.0,0.21854124380501366
5903,2182005.0,0.2197611901980142
5904,2182065.0,0.22045169496660935
5905,2182125.0,0.2203621586103438
5906,2182185.0,0.22013212866280216
5907,2182245.0,0.21985049569963747
5908,2182305.0,0.21954630411331608
5909,2182365.0,0.21960186259850106
5910,2182425.0,0.2196597912922472
5911,2182485.0,0.21956041590302391
5912,2182545.0,0.21837372718708442
5913,2182605.0,0.2172581285846683
5914,2182665.0,0.21634060115545586
5915,2182725.0,0.2154974435296839
5916,2182785.0,0.21449613677213128
5917,2182845.0,0.2135157805644702
5918,2182905.0,0.21248748864908498
5919,2182965.0,0.21119030745022366
5920,2183025.0,0.21068015292988954
5921,2183085.0,0.21138366022967953
5922,2183145.0,0.21233395115368206
5923,2183205.0,0.2137161208792497
5924,2183265.0,0.2146283492720557
5925,2183325.0,0.21557171097849095
5926,2183385.0,0.21563607326632253
5927,2183445.0,0.21561621467746728
5928,2183505.0,0.2155632596729729
5929,2183565.0,0.21561637929956048
5930,2183625.0,0.21577574957839665
5931,2183685.0,0.2157841910178968
5932,2183745.0,0.2157722929868682
5933,2183805.0,0.2126816116281805
5934,2183865.0,0.21179533840155446
5935,2183925.0,0.21064028061832513
5936,2183985.0,0.20963539824100733
5937,2184045.0,0.20857299247698383
5938,2184105.0,0.20746106638571749
5939,2184165.0,0.2071191538945953
5940,2184225.0,0.2067549599283326
5941,2184285.0,0.20621156614687444
5942,2184345.0,0.20665647432393142
5943,2184405.0,0.2075695890462657
5944,2184465.0,0.20879566324376728
5945,2184525.0,0.21030129395100539
5946,2184585.0,0.21137909429626495
5947,2184645.0,0.2120632833877706
5948,2184705.0,0.21192213387647066
5949,2184765.0,0.2118619546472866
5950,2184825.0,0.21187079063747427
5951,2184885.0,0.212069118815945
5952,2184945.0,0.21113849615731714
5953,2185005.0,0.21010032864452072
5954,2185065.0,0.20884825103564747
5955,2185125.0,0.20767563230621283
5956,2185185.0,0.20654822890472485
5957,2185245.0,0.20560777551499548
5958,2185305.0,0.20456619232768578
5959,2185365.0,0.20429362870772788
5960,2185425.0,0.20393448473903505
5961,2185485.0,0.20345558204284347
5962,2185545.0,0.20291367011758063
5963,2185605.0,0.20299269668199513
5964,2185665.0,0.20371530115989017
5965,2185725.0,0.20455194410169983
5966,2185788.0,0.2057438100026884
5967,2185845.0,0.20682599299972895
5968,2185905.0,0.20709904725404796
5969,2185965.0,0.20682442253942088
5970,2186025.0,0.2066143116219576
5971,2186085.0,0.206645605217818
5972,2186145.0,0.2056187455067852
5973,2186205.0,0.20415250751645536
5974,2186265.0,0.20291690961855666
5975,2186325.0,0.20134115042851405
5976,2186385.0,0.19970813339076285
5977,2186445.0,0.19826418630009682
5978,2186505.0,0.19705815403099491
5979,2186565.0,0.19681901524322692
5980,2186625.0,0.19658290727485164
5981,2186685.0,0.19635213053525416
5982,2186748.0,0.19607446681214738
5983,2186805.0,0.19690806324728483
5984,2186865.0,0.1979109310809554
5985,2186925.0,0.19862590476311695
5986,2186985.0,0.1990855066140218
5987,2187045.0,0.19937200683249803
5988,2187105.0,0.19965150647914798
5989,2187165.0,0.20023157263456923
5990,2187225.0,0.19885721193572195
5991,2187285.0,0.19749043787756018
5992,2187345.0,0.19608699176649896
5993,2187405.0,0.19579520494371044
5994,2187465.0,0.1955461838286694
5995,2187525.0,0.19551232705091565
5996,2187585.0,0.1956399906300914
5997,2187645.0,0.19571256253661562
5998,2187705.0,0.19576707939422625
5999,2187765.0,0.19577614355648298
6000,2187828.0,0.19572397011220807
6001,2187885.0,0.1957554816425713
6002,2187945.0,0.19578800176572617
6003,2188005.0,0.19593967188230937
6004,2188065.0,0.19636556142384037
6005,2188125.0,0.19626005773155583
6006,2188185.0,0.19598911287977777
6007,2188245.0,0.19528654061754314
6008,2188305.0,0.19443840600499826
6009,2188365.0,0.19395582252187074
6010,2188425.0,0.19397994118459952
6011,2188485.0,0.19387679609731787
6012,2188545.0,0.19380620630655676
6013,2188605.0,0.19383243424664262
6014,2188665.0,0.1938730973295908
6015,2188725.0,0.19407784030147188
6016,2188785.0,0.19426985278290199
6017,2188845.0,0.19480807670889191
6018,2188905.0,0.1955073960859804
6019,2188965.0,0.19562388502025682
6020,2189025.0,0.19529639294937545
6021,2189085.0,0.19496857604247245
6022,2189145.0,0.19467624111271734
6023,2189205.0,0.19445664890648168
6024,2189265.0,0.19435941431339598
6025,2189325.0,0.19366594931196596
6026,2189385.0,0.19241515255518957
6027,2189445.0,0.1912939260388863
6028,2189508.0,0.18939242685324678
6029,2189565.0,0.18762276812239675
6030,2189625.0,0.18607959080706776
6031,2189685.0,0.18492554892614232
6032,2189745.0,0.1847280516299006
6033,2189805.0,0.18411430401703774
6034,2189865.0,0.18453073764102046
6035,2189925.0,0.18505101643706576
6036,2189985.0,0.18589182630520015
6037,2190045.0,0.18723827415763214
6038,2190105.0,0.18818097217042845
6039,2190165.0,0.18832915836986355
6040,2190225.0,0.18807929051044844
6041,2190285.0,0.1877746625464503
6042,2190345.0,0.18753688596956747
6043,2190405.0,0.18737914172874742
6044,2190465.0,0.18593908139016171
6045,2190525.0,0.18453647817132446
6046,2190585.0,0.1831328787563717
6047,2190645.0,0.18273120467249895
6048,2190705.0,0.18213465786880273
6049,2190765.0,0.18149011710644175
6050,2190825.0,0.18084567314917294
6051,2190885.0,0.18050229068370355
6052,2190945.0,0.18058238291676504
6053,2191005.0,0.18077165659017172
6054,2191068.0,0.18093196152250102
6055,2191125.0,0.18223162347800032
6056,2191185.0,0.18324721173422032
6057,2191245.0,0.1842201136331658
6058,2191305.0,0.18367861822357134
6059,2191365.0,0.18258061817577242
6060,2191425.0,0.182044377749285
6061,2191485.0,0.18114657356749997
6062,2191545.0,0.18016475994217843
6063,2191605.0,0.17967894144358684
6064,2191665.0,0.178553818407215
6065,2191725.0,0.17833037301133647
6066,2191785.0,0.1781695523379329
6067,2191845.0,0.17810009409178507
6068,2191905.0,0.1780768834073503
6069,2191965.0,0.17826413210237338
6070,2192025.0,0.1785004835265614
6071,2192085.0,0.1786114641150525
6072,2192145.0,0.17868666182872664
6073,2192205.0,0.1786711423709788
6074,2192265.0,0.17855959794196094
6075,2192325.0,0.17927933323736644
6076,2192385.0,0.18032020836830695
6077,2192445.0,0.18114018420369293
6078,2192505.0,0.18201601176517038
6079,2192565.0,0.18148166935543075
6080,2192625.0,0.18046864098961163
6081,2192685.0,0.1794589162994717
6082,2192745.0,0.1784536673436718
6083,2192805.0,0.17698366669367807
6084,2192865.0,0.17605908290103303
6085,2192925.0,0.17588509506970326
6086,2192985.0,0.17578246371116302
6087,2193045.0,0.17570549583051379
6088,2193105.0,0.17557811425750047
6089,2193165.0,0.17539886037060357
6090,2193225.0,0.1753473857491476
6091,2193285.0,0.17535074697303
6092,2193345.0,0.17525015117552686
6093,2193405.0,0.17606134204990417
6094,2193465.0,0.17665136774604645
6095,2193525.0,0.17709312050069992
6096,2193585.0,0.1776295475294472
6097,2193645.0,0.17818980419323316
6098,2193705.0,0.17879509691441506
6099,2193765.0,0.17965542005245386
6100,2193828.0,0.1788220888335424
6101,2193885.0,0.17761634460724773
6102,2193945.0,0.17614899218607186
6103,2194005.0,0.17517693237050366
6104,2194065.0,0.17399136114539612
6105,2194125.0,0.17286789019471108
6106,2194188.0,0.172563908379158
6107,2194245.0,0.17224906192132713
6108,2194305.0,0.17193016263138464
6109,2194365.0,0.17161515828069265
6110,2194425.0,0.17135490228099526
6111,2194485.0,0.17125360268082365
6112,2194545.0,0.17119604392363283
6113,2194605.0,0.17105248217067748
6114,2194665.0,0.17172041305793048
6115,2194725.0,0.17266791637475537
6116,2194785.0,0.1727990867503449
6117,2194845.0,0.17295186414042735
6118,2194905.0,0.17308854777103816
6119,2194965.0,0.17324900383595274
6120,2195025.0,0.17337689260160138
6121,2195085.0,0.17354415640284532
6122,2195145.0,0.17294127334091539
6123,2195205.0,0.1726809043154364
6124,2195265.0,0.1718719199615376
6125,2195325.0,0.17074135274835756
6126,2195385.0,0.17003506856527556
6127,2195445.0,0.16893832193951744
6128,2195505.0,0.16875075498544054
6129,2195565.0,0.16862484762074287
6130,2195625.0,0.16883688425190313
6131,2195685.0,0.16917915289687557
6132,2195745.0,0.16951818993089246
6133,2195805.0,0.1696646054292967
6134,2195868.0,0.1696827644659055
6135,2195925.0,0.169649987330437
6136,2195985.0,0.16955624721265558
6137,2196045.0,0.1693373715982879
6138,2196105.0,0.16922894506478428
6139,2196165.0,0.16919466653974832
6140,2196225.0,0.1691316351553485
6141,2196285.0,0.1690967230455709
6142,2196345.0,0.1690722749518757
6143,2196405.0,0.16862334328208245
6144,2196465.0,0.16803858421527681
6145,2196525.0,0.16788531765579787
6146,2196585.0,0.1674473844377996
6147,2196645.0,0.16740766464309584
6148,2196705.0,0.16829000812342168
6149,2196765.0,0.1698544185904338
6150,2196825.0,0.17036451294682337
6151,2196885.0,0.17060074544694828
6152,2196945.0,0.1706675625673916
6153,2197005.0,0.17072853430457313
6154,2197065.0,0.1707450922228477
6155,2197125.0,0.1707507829146271
6156,2197185.0,0.1707694656679564
6157,2197245.0,0.1708167650114586
6158,2197305.0,0.17087085569482005
6159,2197365.0,0.17084430161614328
6160,2197425.0,0.17070791877826264
6161,2197485.0,0.17054215007435652
6162,2197545.0,0.17050322021704317
6163,2197605.0,0.16973546616153262
6164,2197665.0,0.16874008197248458
6165,2197725.0,0.16862276214766292
6166,2197785.0,0.16893592757557535
6167,2197845.0,0.16906253503810403
6168,2197905.0,0.16909645679450094
6169,2197965.0,0.16911097110961043
6170,2198025.0,0.16987462597634495
6171,2198085.0,0.16992772164593806
6172,2198145.0,0.16986353334460497
6173,2198205.0,0.16971727232680067
6174,2198265.0,0.16956344407880888
6175,2198325.0,0.1694434669088919
6176,2198385.0,0.16962562617766047
6177,2198445.0,0.169769924189124
6178,2198505.0,0.1698891406233008
6179,2198565.0,0.16991477458324633
6180,2198625.0,0.16988928345814344
6181,2198685.0,0.1698397339411952
6182,2198745.0,0.16988471066185598
6183,2198805.0,0.16989385710250088
6184,2198865.0,0.1690242303844589
6185,2198925.0,0.16900238661930878
6186,2198985.0,0.16929490032126304
6187,2199045.0,0.16942438070244242
6188,2199108.0,0.16889553901202592
6189,2199165.0,0.1682913063271946
6190,2199225.0,0.16814709425085336
6191,2199285.0,0.16806762108348441
6192,2199345.0,0.16808794513393358
6193,2199405.0,0.1681595192821219
6194,2199465.0,0.16835025287955238
6195,2199525.0,0.16855438160773042
6196,2199585.0,0.16845351929137142
6197,2199645.0,0.1678420906030587
6198,2199705.0,0.1670919430732324
6199,2199765.0,0.16682818845089167
6200,2199825.0,0.1670855815832316
6201,2199885.0,0.16741778922967354
6202,2199945.0,0.16771905725027478
6203,2200005.0,0.1688597172065219
6204,2200065.0,0.16999749819109086
6205,2200125.0,0.1713113688798217
6206,2200185.0,0.17145183612361753
6207,2200245.0,0.17146022761503257
6208,2200305.0,0.17148668690007618
6209,2200365.0,0.17161055254724975
6210,2200425.0,0.1718154110790653
6211,2200485.0,0.17211657017625864
6212,2200545.0,0.17244049914995974
6213,2200605.0,0.17298127877068153
6214,2200665.0,0.1730833444654797
6215,2200725.0,0.1731280690111094
6216,2200785.0,0.17252676560478555
6217,2200845.0,0.17167738123094592
6218,2200905.0,0.17123630934684747
6219,2200965.0,0.1714955937923332
6220,2201025.0,0.17138962031512264
6221,2201085.0,0.17125777130486128
6222,2201145.0,0.1718524201981253
6223,2201205.0,0.17217083464705127
6224,2201265.0,0.17233820080278095
6225,2201325.0,0.17242541066062392
6226,2201385.0,0.17253144926547995
6227,2201445.0,0.17262941335808354
6228,2201505.0,0.17272009308939962
6229,2201565.0,0.1727632713548832
6230,2201625.0,0.17282344879910436
6231,2201685.0,0.17280298901971333
6232,2201745.0,0.17267566251539318
6233,2201805.0,0.17259358499435792
6234,2201865.0,0.17356574683232653
6235,2201925.0,0.17324509097325697
6236,2201985.0,0.17301583318056363
6237,2202045.0,0.17285224309976763
6238,2202105.0,0.17284201852282466
6239,2202165.0,0.17284105317806361
6240,2202225.0,0.172142870475635
6241,2202285.0,0.17214967588295263
6242,2202345.0,0.17154135263165587
6243,2202405.0,0.17086968406744027
6244,2202465.0,0.17086485605857793
6245,2202525.0,0.1710174542656324
6246,2202585.0,0.17110634250047463
6247,2202645.0,0.17107412852443454
6248,2202705.0,0.1709644564366254
6249,2202765.0,0.17079883872823232
6250,2202825.0,0.17053407543573626
6251,2202885.0,0.17030526596173795
6252,2202945.0,0.17111092652324367
6253,2203005.0,0.17181562882620482
6254,2203065.0,0.17241127860988725
6255,2203125.0,0.17219310454115055
6256,2203185.0,0.1716777224315167
6257,2203245.0,0.170686679629831
6258,2203305.0,0.16980874465554943
6259,2203365.0,0.1697412651504761
6260,2203425.0,0.16986205055770376
6261,2203485.0,0.17009866920735428
6262,2203545.0,0.16966155956011436
6263,2203605.0,0.16994619040079936
6264,2203665.0,0.17002987797047528
6265,2203725.0,0.16997219779695946
6266,2203785.0,0.16991828950042653
6267,2203845.0,0.1698125628707954
6268,2203905.0,0.16968724453294468
6269,2203965.0,0.17032890202953463
6270,2204025.0,0.17122885114139677
6271,2204085.0,0.17207699121655487
6272,2204145.0,0.17281451491504882
6273,2204205.0,0.17174122135608097
6274,2204265.0,0.17081549548434538
6275,2204325.0,0.17010432040275456
6276,2204388.0,0.17031834686354513
6277,2204445.0,0.16983094041670524
6278,2204505.0,0.16930993773718733
6279,2204565.0,0.16878682724638788
6280,2204625.0,0.16911493895935203
6281,2204685.0,0.1694258686251847
6282,2204745.0,0.16958109923164646
6283,2204805.0,0.16876521500644545
6284,2204865.0,0.16850249115399216
6285,2204925.0,0.16837526842946776
6286,2204985.0,0.1691187455006992
6287,2205045.0,0.16993374613843365
6288,2205105.0,0.170691327917062
6289,2205165.0,0.17141174197271145
6290,2205225.0,0.17134985625923882
6291,2205285.0,0.17129508067708996
6292,2205345.0,0.1713546919488622
6293,2205405.0,0.17152676780608245
6294,2205465.0,0.17086644103304105
6295,2205525.0,0.16992532035548047
6296,2205585.0,0.16979516357792088
6297,2205645.0,0.16973832095091212
6298,2205705.0,0.1697149546771746
6299,2205765.0,0.16973811611543554
6300,2205825.0,0.16976017060211673
6301,2205885.0,0.16976226843047518
6302,2205945.0,0.17067451660482616
6303,2206005.0,0.1709223042093054
6304,2206065.0,0.1712571686302632
6305,2206125.0,0.17141528261756175
6306,2206185.0,0.1714048868505766
6307,2206245.0,0.17203570295039208
6308,2206305.0,0.17262910723373898
6309,2206365.0,0.1732230215592821
6310,2206425.0,0.1735029159854714
6311,2206485.0,0.17367178280753126
6312,2206545.0,0.17320316375232156
6313,2206605.0,0.1729986784741012
6314,2206665.0,0.17359301297796675
6315,2206725.0,0.17441846062970479
6316,2206785.0,0.1753650512312405
6317,2206845.0,0.17550741029539466
6318,2206905.0,0.17557579177453778
6319,2206965.0,0.17566685113080605
6320,2207025.0,0.1758229696000626
6321,2207085.0,0.1769165397960609
6322,2207145.0,0.17830829229913073
6323,2207205.0,0.1792904548024688
6324,2207265.0,0.17961831410744875
6325,2207325.0,0.17932649057590563
6326,2207385.0,0.17887617542955983
6327,2207445.0,0.1774382575532136
6328,2207505.0,0.17589810901690273
6329,2207565.0,0.1750181424690348
6330,2207625.0,0.17541647636520696
6331,2207685.0,0.17612795812645055
6332,2207745.0,0.17702939914774368
6333,2207805.0,0.1779169314767493
6334,2207865.0,0.17874969640274924
6335,2207925.0,0.17949907301227774
6336,2207985.0,0.17948380978608014
6337,2208045.0,0.17937032995644875
6338,2208105.0,0.18000374755608725
6339,2208165.0,0.18092618445065578
6340,2208225.0,0.18205245928555952
6341,2208285.0,0.18281754247898194
6342,2208345.0,0.183324060934912
6343,2208405.0,0.18366883526392153
6344,2208465.0,0.18407236647740013
6345,2208525.0,0.18385730798161692
6346,2208585.0,0.18337765066356304
6347,2208645.0,0.18317206767920863
6348,2208705.0,0.18311108663838774
6349,2208768.0,0.1830937983658454
6350,2208825.0,0.18224725389410565
6351,2208885.0,0.1827309566084469
6352,2208945.0,0.18346267567162516
6353,2209005.0,0.1844738547472664
6354,2209065.0,0.18562487143705073
6355,2209125.0,0.18551197462670435
6356,2209185.0,0.18527310025910884
6357,2209245.0,0.18593454429896858
6358,2209305.0,0.186521455887687
6359,2209365.0,0.1870675966092148
6360,2209425.0,0.1875875156854792
6361,2209485.0,0.18807223048693478
6362,2209545.0,0.18850224741051616
6363,2209605.0,0.18900356076799169
6364,2209665.0,0.18953677519408316
6365,2209725.0,0.1893101201142764
6366,2209785.0,0.1888416341216402
6367,2209845.0,0.18796095550478822
6368,2209905.0,0.18773699493773388
6369,2209965.0,0.18828496013026405
6370,2210025.0,0.18901430854365986
6371,2210085.0,0.19002314006744087
6372,2210145.0,0.19099923635929697
6373,2210205.0,0.19154724291277347
6374,2210265.0,0.19171255614346208
6375,2210325.0,0.19180898361515591
6376,2210385.0,0.19220633013696686
6377,2210445.0,0.19268041181112772
6378,2210508.0,0.19313467614623864
6379,2210565.0,0.1936255265270273
6380,2210625.0,0.1933562570589885
6381,2210685.0,0.19311460784542347
6382,2210745.0,0.19379664821494813
6383,2210805.0,0.19288724028223606
6384,2210865.0,0.19200586955779972
6385,2210925.0,0.19092838327189002
6386,2210985.0,0.1909941938725541
6387,2211045.0,0.1911030846059796
6388,2211105.0,0.19110342512803624
6389,2211165.0,0.19178940650470985
6390,2211225.0,0.19276668990769172
6391,2211285.0,0.1934805620831691
6392,2211345.0,0.19398095862197062
6393,2211408.0,0.19439388022333223
6394,2211465.0,0.1940762023571473
6395,2211525.0,0.1929702851710319
6396,2211585.0,0.1923515073874798
6397,2211645.0,0.1919274494235105
6398,2211705.0,0.1916528258029074
6399,2211765.0,0.1910551211545062
6400,2211825.0,0.1909361101171469
6401,2211885.0,0.19084150426895138
6402,2211945.0,0.1900286187453176
6403,2212005.0,0.1898258505862084
6404,2212065.0,0.18989071124609558
6405,2212125.0,0.1900232384602624
6406,2212185.0,0.18998697524783453
6407,2212245.0,0.18986694395648038
6408,2212305.0,0.18980824915088154
6409,2212365.0,0.1897742254160076
6410,2212425.0,0.1896861050202544
6411,2212485.0,0.18962693220105878
6412,2212545.0,0.18965025640860672
6413,2212605.0,0.18970475740708873
6414,2212665.0,0.18869886640531314
6415,2212725.0,0.18769500270632
6416,2212785.0,0.186784882998725
6417,2212845.0,0.1872714912049682
6418,2212905.0,0.18835769703087343
6419,2212965.0,0.18946812121655032
6420,2213025.0,0.1905865300864631
6421,2213085.0,0.19003227202549225
6422,2213145.0,0.19010189175027928
6423,2213205.0,0.1900291165834762
6424,2213265.0,0.18985831387128685
6425,2213325.0,0.1897583805805506
6426,2213385.0,0.18983770818883847
6427,2213445.0,0.189946467250616
6428,2213505.0,0.18992422726816394
6429,2213565.0,0.18971059684174912
6430,2213625.0,0.19027086967103532
6431,2213685.0,0.19132368918147533
6432,2213745.0,0.19149112732930693
6433,2213805.0,0.19208666692078905
6434,2213865.0,0.19281104478878372
6435,2213928.0,0.1935538934634261
6436,2213985.0,0.19394879124873704
6437,2214045.0,0.19431730401664285
6438,2214105.0,0.19476765373044252
6439,2214165.0,0.19521316470039105
6440,2214225.0,0.19558760507450879
6441,2214285.0,0.19560173612542528
6442,2214345.0,0.1953358725287207
6443,2214405.0,0.19500787155197022
6444,2214465.0,0.19489346616064987
6445,2214525.0,0.1950264786674472
6446,2214585.0,0.19535061066726733
6447,2214645.0,0.19554835165464166
6448,2214705.0,0.19692341669453048
6449,2214765.0,0.19739659459028944
6450,2214825.0,0.19767439420583774
6451,2214885.0,0.19810323641509486
6452,2214945.0,0.1976961670211656
6453,2215005.0,0.19817368579011976
6454,2215065.0,0.19865286011542033
6455,2215125.0,0.19896827216181726
6456,2215185.0,0.19838983777410196
6457,2215245.0,0.1984773289621274
6458,2215305.0,0.19853852916554648
6459,2215365.0,0.1985339895159089
6460,2215425.0,0.19837700312067608
6461,2215485.0,0.19802979900316664
6462,2215545.0,0.1986478470377334
6463,2215605.0,0.19986555780551604
6464,2215665.0,0.2010163408516442
6465,2215725.0,0.20263638597281244
6466,2215785.0,0.2033635024965333
6467,2215845.0,0.20372469313912112
6468,2215905.0,0.204003885467553
6469,2215965.0,0.2033322413600103
6470,2216025.0,0.20340842624491437
6471,2216085.0,0.2035709639450595
6472,2216145.0,0.20347532858228842
6473,2216205.0,0.20321460468755928
6474,2216265.0,0.20297807243792415
6475,2216328.0,0.20298686090611862
6476,2216385.0,0.2032133363211222
6477,2216445.0,0.2034175269285032
6478,2216505.0,0.20349854824452168
6479,2216565.0,0.20350204130962682
6480,2216625.0,0.20359228672985416
6481,2216685.0,0.20373599012096927
6482,2216745.0,0.20282099495082384
6483,2216805.0,0.2018177809653478
6484,2216865.0,0.20216000499911288
6485,2216925.0,0.20256666625869774
6486,2216985.0,0.20296419991140247
6487,2217045.0,0.20320025968564678
6488,2217105.0,0.20338943982413976
6489,2217165.0,0.2036520459534351
6490,2217225.0,0.20323904026396952
6491,2217285.0,0.20283778316644016
6492,2217345.0,0.20316469327761197
6493,2217405.0,0.20347966622594763
6494,2217465.0,0.2029877411874989
6495,2217525.0,0.2022275603478579
6496,2217585.0,0.20145790481238862
6497,2217645.0,0.2016494364745639
6498,2217705.0,0.2020234524724928
6499,2217765.0,0.20229461107329524
6500,2217825.0,0.20233493926592128
6501,2217885.0,0.2011719482461651
6502,2217945.0,0.20078249516595936
6503,2218005.0,0.20118540243710809
6504,2218065.0,0.20207261720824368
6505,2218125.0,0.20314801437844768
6506,2218185.0,0.20392801489589965
6507,2218245.0,0.20509412404615135
6508,2218305.0,0.2055681630226356
6509,2218365.0,0.20531289474825007
6510,2218425.0,0.20496281331225497
6511,2218485.0,0.2046167686143518
6512,2218545.0,0.20415538604702335
6513,2218605.0,0.20344192377325626
6514,2218668.0,0.2027766742379946
6515,2218725.0,0.2022442921894862
6516,2218785.0,0.20260941877014763
6517,2218845.0,0.20310243048206855
6518,2218905.0,0.2027199929215615
6519,2218965.0,0.20199253156913613
6520,2219025.0,0.20097407309679013
6521,2219085.0,0.20018611488242635
6522,2219145.0,0.20282474280272236
6523,2219205.0,0.2033954231393491
6524,2219265.0,0.2040592469370838
6525,2219325.0,0.20487093818956753
6526,2219385.0,0.20564003351447604
6527,2219445.0,0.2053698710584869
6528,2219508.0,0.2050583899829063
6529,2219565.0,0.20451561729411002
6530,2219625.0,0.20455981090152095
6531,2219685.0,0.20398556001779056
6532,2219745.0,0.20327939274663956
6533,2219805.0,0.20232239016316284
6534,2219865.0,0.20108624132504224
6535,2219925.0,0.2009552817017101
6536,2219985.0,0.20088957327829068
6537,2220045.0,0.19983809788835538
6538,2220105.0,0.20006276496256267
6539,2220165.0,0.20082313843224747
6540,2220225.0,0.20195979454548793
6541,2220285.0,0.2029747638049414
6542,2220345.0,0.2038659156407346
6543,2220405.0,0.2047212171058749
6544,2220465.0,0.2051210898231896
6545,2220525.0,0.20471427485630497
6546,2220585.0,0.20431354386252845
6547,2220645.0,0.20464717085308445
6548,2220705.0,0.2049779562891593
6549,2220765.0,0.20451335729551573
6550,2220825.0,0.20372589440461988
6551,2220885.0,0.2026650894140565
6552,2220945.0,0.20159880980177317
6553,2221005.0,0.200961429578104
6554,2221065.0,0.20060409074455224
6555,2221125.0,0.20021976632152158
6556,2221185.0,0.19981122100472903
6557,2221245.0,0.19918917254695603
6558,2221305.0,0.1993160416346075
6559,2221365.0,0.19993247473006198
6560,2221425.0,0.20114337710298286
6561,2221485.0,0.20393646357501347
6562,2221545.0,0.20520803151888464
6563,2221605.0,0.20623978470741694
6564,2221665.0,0.20708163059170678
6565,2221725.0,0.2071132050082748
6566,2221785.0,0.20705536235516378
6567,2221845.0,0.20696986517197127
6568,2221908.0,0.20683970844692082
6569,2221965.0,0.20607805148296257
6570,2222025.0,0.20502545868078598
6571,2222085.0,0.2043157222558424
6572,2222145.0,0.2037155750576019
6573,2222205.0,0.20317233900273948
6574,2222265.0,0.20248556130817635
6575,2222325.0,0.20316411125506686
6576,2222385.0,0.20439034623030103
6577,2222445.0,0.2051052426007728
6578,2222505.0,0.20722163699973115
6579,2222565.0,0.20917875087894752
6580,2222625.0,0.2105853265380241
6581,2222685.0,0.21164704436420625
6582,2222745.0,0.21204668704396412
6583,2222805.0,0.2122045762826655
6584,2222865.0,0.2121356332623014
6585,2222925.0,0.21186149292570433
6586,2222985.0,0.21173983006502334
6587,2223045.0,0.2117339221380917
6588,2223105.0,0.21186596432824542
6589,2223165.0,0.21199921277218825
6590,2223225.0,0.21207772111113005
6591,2223285.0,0.21203594831226744
6592,2223345.0,0.21256282824591935
6593,2223405.0,0.21367455665367044
6594,2223465.0,0.2147823583751899
6595,2223525.0,0.21618778446446035
6596,2223585.0,0.2186269748319124
6597,2223645.0,0.2194177802003656
6598,2223705.0,0.2192489527991842
6599,2223765.0,0.21911041785251217
6600,2223825.0,0.2183439099938164
6601,2223885.0,0.2183970711069512
6602,2223948.0,0.2182503947981841
6603,2224005.0,0.21811931512034766
6604,2224065.0,0.21810583958368
6605,2224125.0,0.2181108203150972
6606,2224185.0,0.21800544520715306
6607,2224245.0,0.21785067149318893
6608,2224305.0,0.2178343897807166
6609,2224365.0,0.21778409561546272
6610,2224425.0,0.21803779835945059
6611,2224485.0,0.21835017510522559
6612,2224545.0,0.21954516150963252
6613,2224605.0,0.2200067894887371
6614,2224665.0,0.22054434585292312
6615,2224725.0,0.2203456725818861
6616,2224785.0,0.22012523561182334
6617,2224845.0,0.22080874151179666
6618,2224905.0,0.22066268944755082
6619,2224965.0,0.22049956094539058
6620,2225025.0,0.22007704121916669
6621,2225085.0,0.2199506482185885
6622,2225145.0,0.2200897508698641
6623,2225205.0,0.22020787379248385
6624,2225265.0,0.22015691572738835
6625,2225325.0,0.2199501511513081
6626,2225385.0,0.21944308039035282
6627,2225445.0,0.2198351896779645
6628,2225505.0,0.2198613993606988
6629,2225565.0,0.21960521820723733
6630,2225625.0,0.2204344773406592
6631,2225685.0,0.22098281277419493
6632,2225745.0,0.2217244306348491
6633,2225805.0,0.2220898331061884
6634,2225865.0,0.22199951519803132
6635,2225925.0,0.22179952667378042
6636,2225985.0,0.2215403344693842
6637,2226045.0,0.22119238529741703
6638,2226105.0,0.22092843742259702
6639,2226165.0,0.22081600632451606
6640,2226225.0,0.2209287778342365
6641,2226285.0,0.2211737615451176
6642,2226345.0,0.22052013304973633
6643,2226405.0,0.21911222021790466
6644,2226465.0,0.21865206272119844
6645,2226525.0,0.21842667996480777
6646,2226585.0,0.218820882593582
6647,2226645.0,0.21973245606029468
6648,2226705.0,0.22087975218661648
6649,2226765.0,0.22198424557631943
6650,2226825.0,0.2229064429696659
6651,2226885.0,0.22293270281678207
6652,2226945.0,0.22304479144099854
6653,2227005.0,0.22314129855438294
6654,2227065.0,0.2231694009497325
6655,2227125.0,0.22313297317439565
6656,2227185.0,0.22301770425533032
6657,2227245.0,0.22286870890110147
6658,2227305.0,0.2228144706820709
6659,2227365.0,0.2226426297847779
6660,2227425.0,0.22312773836430558
6661,2227485.0,0.22433599106267624
6662,2227545.0,0.2265299409257037
6663,2227605.0,0.22861329845273204
6664,2227665.0,0.22938843456820163
6665,2227725.0,0.2293768331364176
6666,2227785.0,0.2291300028237426
6667,2227845.0,0.22924243510497477
6668,2227905.0,0.22863897637671005
6669,2227965.0,0.22794006220179486
6670,2228025.0,0.22776999753553354
6671,2228085.0,0.22752650041864234
6672,2228145.0,0.22735161643040444
6673,2228205.0,0.2273834353061664
6674,2228265.0,0.22750614292679777
6675,2228325.0,0.22761128225905286
6676,2228385.0,0.22755113021585122
6677,2228445.0,0.2272832923249298
6678,2228505.0,0.22773018269234593
6679,2228565.0,0.22854474191639557
6680,2228625.0,0.22947594797204732
6681,2228685.0,0.23041670339374515
6682,2228745.0,0.23025946047261744
6683,2228805.0,0.2297896794246416
6684,2228865.0,0.2284402637198172
6685,2228925.0,0.22686388095019222
6686,2228985.0,0.22549320258012653
6687,2229045.0,0.22428469676151402
6688,2229105.0,0.22393546911854303
6689,2229165.0,0.22371005077123715
6690,2229225.0,0.22353517517365773
6691,2229285.0,0.22324894882978547
6692,2229345.0,0.22296885599336586
6693,2229405.0,0.2235062112789505
6694,2229465.0,0.2246577898280422
6695,2229525.0,0.22557096745128008
6696,2229585.0,0.22780379717727173
6697,2229645.0,0.22941732002938373
6698,2229705.0,0.23104631165586348
6699,2229768.0,0.2319711641609963
6700,2229825.0,0.23275233540883214
6701,2229885.0,0.23272179052887165
6702,2229945.0,0.22971222887490853
6703,2230005.0,0.2289218383249277
6704,2230065.0,0.22800102784853715
6705,2230125.0,0.22679896157305543
6706,2230185.0,0.225576836458236
6707,2230245.0,0.22520055928600133
6708,2230305.0,0.22479775940639576
6709,2230365.0,0.2246830458110329
6710,2230425.0,0.22486845426316165
6711,2230485.0,0.22499435594287667
6712,2230545.0,0.2250703270535242
6713,2230605.0,0.2251292453019664
6714,2230665.0,0.2251643223742104
6715,2230725.0,0.22496945751311032
6716,2230785.0,0.2263553721742722
6717,2230845.0,0.22768283777553672
6718,2230905.0,0.2280096607506146
6719,2230965.0,0.22780703800867924
6720,2231025.0,0.22716472092480006
6721,2231085.0,0.2267470361106103
6722,2231145.0,0.2265203624685915
6723,2231205.0,0.2254729221916826
6724,2231265.0,0.22493162763522337
6725,2231325.0,0.2251651571022093
6726,2231385.0,0.22523286479834137
6727,2231445.0,0.22508796843999163
6728,2231508.0,0.22512562952003362
6729,2231565.0,0.22536634679872214
6730,2231625.0,0.2258160585906012
6731,2231685.0,0.2260731596164868
6732,2231745.0,0.22612590080753986
6733,2231805.0,0.22594382921901043
6734,2231865.0,0.22668882407145047
6735,2231925.0,0.22785684246523122
6736,2231985.0,0.22898558542162295
6737,2232045.0,0.23058194622433092
6738,2232105.0,0.23128271466222616
6739,2232165.0,0.23125655276612353
6740,2232225.0,0.23132244266770072
6741,2232285.0,0.22903259645729304
6742,2232345.0,0.22747296836911032
6743,2232405.0,0.22668701482959278
6744,2232465.0,0.22586945401700406
6745,2232525.0,0.22571494963755098
6746,2232585.0,0.22565722307039002
6747,2232645.0,0.22572141855442007
6748,2232705.0,0.22598738467299487
6749,2232765.0,0.22617842590038495
6750,2232825.0,0.2261921441037971
6751,2232885.0,0.2257461527962834
6752,2232945.0,0.2265333959077678
6753,2233005.0,0.22742795848305233
6754,2233065.0,0.2300223599877167
6755,2233125.0,0.23148786863012408
6756,2233185.0,0.23204475356727375
6757,2233245.0,0.23236808380688473
6758,2233305.0,0.23093071619973
6759,2233365.0,0.23012833182246797
6760,2233425.0,0.22923366851694166
6761,2233485.0,0.2287271249121306
6762,2233545.0,0.22870964423145806
6763,2233605.0,0.2286866739960719
6764,2233665.0,0.22866804093111368
6765,2233725.0,0.22896732326878985
6766,2233785.0,0.22909293450869558
6767,2233845.0,0.22919764490946737
6768,2233905.0,0.22913442188325056
6769,2233965.0,0.22901671545720134
6770,2234025.0,0.22887944395910798
6771,2234085.0,0.2288937685713372
6772,2234145.0,0.22830871539833397
6773,2234205.0,0.22706707347150484
6774,2234265.0,0.22574629699398432
6775,2234325.0,0.2256268630995792
6776,2234385.0,0.2246544850313864
6777,2234445.0,0.22366239717914171
6778,2234505.0,0.2235693670584759
6779,2234565.0,0.22359087686150814
6780,2234625.0,0.22433443053265237
6781,2234685.0,0.22527337967207736
6782,2234745.0,0.22548662909422534
6783,2234805.0,0.2258781046458017
6784,2234865.0,0.2260962185408423
6785,2234925.0,0.22609743954076625
6786,2234985.0,0.2260428971623631
6787,2235045.0,0.2259679003932764
6788,2235105.0,0.2260142490064643
6789,2235165.0,0.2263606312505987
6790,2235225.0,0.22577004870122064
6791,2235285.0,0.2245044311432523
6792,2235345.0,0.22198535892589316
6793,2235405.0,0.22094045237841625
6794,2235465.0,0.21991300477255116
6795,2235525.0,0.22128715247107117
6796,2235585.0,0.22297495284356977
6797,2235645.0,0.22409982467642708
6798,2235705.0,0.22591546225510484
6799,2235765.0,0.22684954182826267
6800,2235825.0,0.22789251234276606
6801,2235885.0,0.22813230385923314
6802,2235945.0,0.2282765834756914
6803,2236005.0,0.22835931027892464
6804,2236065.0,0.22845270961166877
6805,2236125.0,0.22844001264616337
6806,2236185.0,0.22869085029442723
6807,2236245.0,0.22813732618483032
6808,2236305.0,0.22694542881605032
6809,2236365.0,0.22620752963701785
6810,2236425.0,0.2242303886244063
6811,2236485.0,0.22252434350230355
6812,2236545.0,0.22161776728099897
6813,2236605.0,0.22074213146853308
6814,2236665.0,0.22134947285340245
6815,2236725.0,0.22302422373594144
6816,2236785.0,0.22441808754072023
6817,2236845.0,0.22596863162841174
6818,2236905.0,0.22741483419404568
6819,2236965.0,0.22857186670081392
6820,2237025.0,0.22947973264052893
6821,2237085.0,0.2305206312203582
6822,2237145.0,0.23159608981224586
6823,2237205.0,0.23199994646435967
6824,2237265.0,0.2316623127653838
6825,2237325.0,0.23069287789241585
6826,2237385.0,0.22896762647549684
6827,2237445.0,0.22685551118652456
6828,2237505.0,0.225383306373462
6829,2237565.0,0.22534925238504974
6830,2237625.0,0.22527489513519114
6831,2237685.0,0.22789035749557746
6832,2237745.0,0.23045742009916473
6833,2237805.0,0.23264667300889302
6834,2237865.0,0.2339043568547269
6835,2237925.0,0.2347003647227265
6836,2237985.0,0.2354939449537628
6837,2238045.0,0.23560616356266084
6838,2238105.0,0.23579056695323147
6839,2238165.0,0.23615054232437704
6840,2238225.0,0.235806410535699
6841,2238285.0,0.23479382995926895
6842,2238345.0,0.23415198427178915
6843,2238405.0,0.23358972373724998
6844,2238465.0,0.23283685061994933
6845,2238525.0,0.23191598679345615
6846,2238585.0,0.23138184579300022
6847,2238645.0,0.23076757938085088
6848,2238705.0,0.23099474838735878
6849,2238765.0,0.23112256607794837
6850,2238825.0,0.23101915329912387
6851,2238885.0,0.23094838524320108
6852,2238945.0,0.23085270054825943
6853,2239005.0,0.23077145563454168
6854,2239065.0,0.23081383987041798
6855,2239125.0,0.23158761101247133
6856,2239185.0,0.23231951489364544
6857,2239245.0,0.23366709814005257
6858,2239305.0,0.2346876974835092
6859,2239365.0,0.2355520219382564
6860,2239425.0,0.23660115886521726
6861,2239485.0,0.2371339401494262
6862,2239545.0,0.23750226529958826
6863,2239605.0,0.23679566428588822
6864,2239665.0,0.2365732914275264
6865,2239725.0,0.23648043723906514
6866,2239785.0,0.23644133732930867
6867,2239845.0,0.23653377690469124
6868,2239905.0,0.23674850824424287
6869,2239965.0,0.23693541641996124
6870,2240025.0,0.2370093716955941
6871,2240085.0,0.236932623271154
6872,2240145.0,0.2376678248806107
6873,2240205.0,0.23831218618682862
6874,2240265.0,0.23795956158503512
6875,2240325.0,0.23901719276156405
6876,2240385.0,0.23855203480990864
6877,2240445.0,0.238650749467355
6878,2240505.0,0.2379272790006831
6879,2240565.0,0.23790295160494743
6880,2240625.0,0.23723574433273464
6881,2240685.0,0.23763911447134817
6882,2240745.0,0.23783491327061726
6883,2240805.0,0.2379416456653061
6884,2240865.0,0.23796005522413344
6885,2240925.0,0.23812822679476656
6886,2240985.0,0.23833608074435467
6887,2241045.0,0.23857389968374948
6888,2241105.0,0.23866984469454444
6889,2241168.0,0.23956183951972548
6890,2241225.0,0.24038631950052033
6891,2241285.0,0.24128249946694993
6892,2241345.0,0.2424062320700505
6893,2241405.0,0.24347597543149915
6894,2241465.0,0.2445038345138984
6895,2241525.0,0.24575850231329538
6896,2241585.0,0.2456420087763743
6897,2241645.0,0.24501225947487099
6898,2241705.0,0.24417584691667962
6899,2241765.0,0.24328551625115655
6900,2241825.0,0.24244613640650026
6901,2241885.0,0.24140288729256285
6902,2241945.0,0.24039829533086862
6903,2242005.0,0.24030867227894367
6904,2242065.0,0.24002715042154962
6905,2242125.0,0.2395011119266497
6906,2242185.0,0.2398068850863878
6907,2242245.0,0.24064509256115477
6908,2242305.0,0.24230360681556284
6909,2242365.0,0.244549690531133
6910,2242425.0,0.2464132027724182
6911,2242485.0,0.2481391275924562
6912,2242545.0,0.24939118267352406
6913,2242605.0,0.2503273285200137
6914,2242665.0,0.24958634184207548
6915,2242725.0,0.2485181109620328
6916,2242785.0,0.2475962335637202
6917,2242845.0,0.2464532006220141
6918,2242905.0,0.24537286739797426
6919,2242965.0,0.24437313574373953
6920,2243025.0,0.24339979649845309
6921,2243085.0,0.2430932530081079
6922,2243145.0,0.24272960900632548
6923,2243205.0,0.24243266848120418
6924,2243265.0,0.24239170291304946
6925,2243325.0,0.24255454681351254
6926,2243385.0,0.24266937088718243
6927,2243445.0,0.24266770438747942
6928,2243505.0,0.24258521481387518
6929,2243565.0,0.24254526454103598
6930,2243625.0,0.24248793636277208
6931,2243685.0,0.2433234613775637
6932,2243745.0,0.24374772061369854
6933,2243805.0,0.24408082297900996
6934,2243865.0,0.24322558144922654
6935,2243925.0,0.24240377637399552
6936,2243985.0,0.2413648834681178
6937,2244045.0,0.24099607003170231
6938,2244105.0,0.2410240457850344
6939,2244165.0,0.2401243771982904
6940,2244225.0,0.2402026511371249
6941,2244285.0,0.24031707754227452
6942,2244345.0,0.24060816120929926
6943,2244405.0,0.24058103416098986
6944,2244465.0,0.24030773855138976
6945,2244525.0,0.2408876074708259
6946,2244585.0,0.24183743864933901
6947,2244645.0,0.24492101614720532
6948,2244705.0,0.24767090156863517
6949,2244765.0,0.2498048095177408
6950,2244825.0,0.2519702767520956
6951,2244885.0,0.253245590307248
6952,2244945.0,0.25433511535740105
6953,2245005.0,0.2547389006265476
6954,2245068.0,0.25532028859116473
6955,2245125.0,0.2546138183209789
6956,2245185.0,0.25386749179243384
6957,2245245.0,0.2534390864340915
6958,2245305.0,0.2531199951471018
6959,2245365.0,0.2526626012509267
6960,2245425.0,0.25217886920890686
6961,2245485.0,0.25126948441706976
6962,2245545.0,0.2511856647770447
6963,2245605.0,0.2511393494319939
6964,2245665.0,0.2511556960484684
6965,2245725.0,0.2511502410685859
6966,2245785.0,0.25219203108025673
6967,2245845.0,0.2528437035933019
6968,2245905.0,0.25374128284696573
6969,2245965.0,0.2547064015371246
6970,2246025.0,0.25589100696752987
6971,2246085.0,0.2571823384476064
6972,2246145.0,0.25861200112446114
6973,2246205.0,0.2589269857449339
6974,2246265.0,0.259236840408107
6975,2246325.0,0.25709264940253806
6976,2246385.0,0.25501547427519977
6977,2246445.0,0.2533666625460426
6978,2246505.0,0.2517720823081546
6979,2246565.0,0.25084013801349747
6980,2246625.0,0.2500663948994156
6981,2246685.0,0.25018743895713896
6982,2246745.0,0.25023182612566885
6983,2246805.0,0.25015536121114745
6984,2246865.0,0.25004134096927466
6985,2246925.0,0.24999676789321332
6986,2246985.0,0.2506770378648502
6987,2247045.0,0.25133769100006365
6988,2247105.0,0.25263858390418226
6989,2247165.0,0.2535839192620208
6990,2247225.0,0.2547658878130864
6991,2247285.0,0.2558489155645042
6992,2247345.0,0.25684656833834596
6993,2247405.0,0.2581065249403508
6994,2247465.0,0.257408997540543
6995,2247525.0,0.25620752509727707
6996,2247585.0,0.25534943469825944
6997,2247645.0,0.2543253118101588
6998,2247705.0,0.2532111415281315
6999,2247765.0,0.2523141409280656
7000,2247825.0,0.2516011829393444
7001,2247885.0,0.25088995436781136
7002,2247945.0,0.24997226676150514
7003,2248005.0,0.2496840173005802
7004,2248065.0,0.24990211190012365
7005,2248128.0,0.2504431823252005
7006,2248188.0,0.2511899654490095
7007,2248245.0,0.2537654158377581
7008,2248305.0,0.25521700684570153
7009,2248365.0,0.25607422562710713
7010,2248425.0,0.25731822109501273
7011,2248485.0,0.2555730966478521
7012,2248545.0,0.25426306289233785
7013,2248605.0,0.25358402468847674
7014,2248665.0,0.2528361879595534
7015,2248725.0,0.25246381583697075
7016,2248785.0,0.25201328460886707
7017,2248845.0,0.2523472189826462
7018,2248905.0,0.2525435491190102
7019,2248965.0,0.25280133310590663
7020,2249025.0,0.2527420995349593
7021,2249085.0,0.2525159088602477
7022,2249145.0,0.2511109589409467
7023,2249205.0,0.25072342922745927
7024,2249265.0,0.2506096940853814
7025,2249325.0,0.2511795463014326
7026,2249385.0,0.25197987635470476
7027,2249445.0,0.25315038415063484
7028,2249505.0,0.254484208138435
7029,2249565.0,0.255636016200689
7030,2249625.0,0.2571242444805042
7031,2249685.0,0.2583572660325245
7032,2249745.0,0.25942598451260634
7033,2249805.0,0.26037736827675584
7034,2249865.0,0.26132642943134315
7035,2249925.0,0.2615609665037741
7036,2249985.0,0.2610846180378567
7037,2250045.0,0.2600667591931033
7038,2250105.0,0.25854949766282465
7039,2250165.0,0.25693496176171754
7040,2250225.0,0.25509506669882576
7041,2250285.0,0.254124967912931
7042,2250345.0,0.25342913737239336
7043,2250405.0,0.2535173410327422
7044,2250465.0,0.2535157496040378
7045,2250525.0,0.2540956317436299
7046,2250585.0,0.2551879506683
7047,2250645.0,0.25603509774162836
7048,2250705.0,0.2583230279491511
7049,2250765.0,0.26052478288029823
7050,2250825.0,0.26273812731568585
7051,2250885.0,0.2638723220329934
7052,2250945.0,0.26396659299260394
7053,2251005.0,0.26371365607220043
7054,2251065.0,0.2630369867313773
7055,2251125.0,0.2611581242182256
7056,2251185.0,0.2594185015258841
7057,2251245.0,0.2588770058474663
7058,2251305.0,0.2593956722812929
7059,2251365.0,0.25885790014137294
7060,2251425.0,0.2591694624168516
7061,2251485.0,0.25889466776952996
7062,2251545.0,0.25845477994755284
7063,2251605.0,0.2580373730745149
7064,2251665.0,0.25898946180242577
7065,2251725.0,0.25937385669214996
7066,2251785.0,0.2598973093054998
7067,2251845.0,0.26065920740861004
7068,2251905.0,0.26290269759121765
7069,2251965.0,0.2645970222032583
7070,2252025.0,0.2650331461240466
7071,2252085.0,0.26511750845112236
7072,2252145.0,0.26504390012197554
7073,2252205.0,0.26419088271130214
7074,2252265.0,0.2635617441040259
7075,2252325.0,0.2630567099001149
7076,2252385.0,0.2624076743832148
7077,2252445.0,0.262503535602931
7078,2252505.0,0.2624374760887923
7079,2252565.0,0.2625206925037874
7080,2252625.0,0.26267318375303683
7081,2252685.0,0.26282817166268374
7082,2252745.0,0.26276064039640823
7083,2252805.0,0.2625295261156435
7084,2252865.0,0.2635639012349188
7085,2252925.0,0.2644370483279503
7086,2252985.0,0.2650730809525519
7087,2253045.0,0.26532685899389996
7088,2253105.0,0.2646735358016259
7089,2253165.0,0.26336376315245064
7090,2253225.0,0.262340816149569
7091,2253285.0,0.2615916052283712
7092,2253345.0,0.2614605248845142
7093,2253405.0,0.26092022609108595
7094,2253465.0,0.2610680538648208
7095,2253525.0,0.2613139575084942
7096,2253585.0,0.26127640930810425
7097,2253645.0,0.26124571851932343
7098,2253705.0,0.26141921922594535
7099,2253765.0,0.2616839798903671
7100,2253825.0,0.26184403399161416
7101,2253885.0,0.26199481203143477
7102,2253945.0,0.2620588316784246
7103,2254005.0,0.2622043935100453
7104,2254065.0,0.2622033580505243
7105,2254125.0,0.26206238659406533
7106,2254185.0,0.2628872287174255
7107,2254245.0,0.26451604487423236
7108,2254305.0,0.26598303812629775
7109,2254365.0,0.26714491739352086
7110,2254425.0,0.2685765112266343
7111,2254485.0,0.2694019962263598
7112,2254545.0,0.26846725499499374
7113,2254605.0,0.26756557743107034
7114,2254665.0,0.2663910741051634
7115,2254725.0,0.26559740561486683
7116,2254785.0,0.2651725740165981
7117,2254845.0,0.26465420400304396
7118,2254905.0,0.2637824778574314
7119,2254965.0,0.2636298907928164
7120,2255025.0,0.2633447357767564
7121,2255085.0,0.26301745611410293
7122,2255145.0,0.26396661545030675
7123,2255205.0,0.26532657115765773
7124,2255265.0,0.26603103419815927
7125,2255325.0,0.2662575686431987
7126,2255385.0,0.266523023465413
7127,2255445.0,0.2646704622062369
7128,2255505.0,0.26316605745579214
7129,2255565.0,0.26140683627286687
7130,2255625.0,0.2596383538132252
7131,2255685.0,0.2588012504725681
7132,2255745.0,0.2582000554828275
7133,2255805.0,0.25834938645591166
7134,2255865.0,0.25809198525752464
7135,2255925.0,0.25756612629226505
7136,2255985.0,0.2570883818895854
7137,2256045.0,0.25677002961524564
7138,2256105.0,0.2566738182365159
7139,2256165.0,0.256753087333924
7140,2256225.0,0.2565611969152676
7141,2256285.0,0.2564786321088144
7142,2256345.0,0.2563149975801859
7143,2256405.0,0.25688663801969003
7144,2256465.0,0.2572857828523275
7145,2256525.0,0.25823406235108437
7146,2256585.0,0.2581714778584764
7147,2256645.0,0.25852233739524233
7148,2256705.0,0.25855054578335535
7149,2256765.0,0.2586036524962253
7150,2256825.0,0.25831607696117687
7151,2256885.0,0.25721858751531135
7152,2256945.0,0.25604585913424416
7153,2257005.0,0.2549657849207204
7154,2257065.0,0.25391268040067416
7155,2257125.0,0.2538257232571536
7156,2257185.0,0.25387670176711497
7157,2257245.0,0.2537943057504578
7158,2257305.0,0.25361832321191086
7159,2257365.0,0.25354640994996025
7160,2257428.0,0.2533941210947398
7161,2257485.0,0.2530091746499111
7162,2257545.0,0.25372620985980343
7163,2257605.0,0.2541396992672019
7164,2257665.0,0.2550462193463463
7165,2257725.0,0.2558874088782127
7166,2257785.0,0.256049088253309
7167,2257845.0,0.2564520711399608
7168,2257905.0,0.2562144933155831
7169,2257965.0,0.25537082251427745
7170,2258025.0,0.2544347780074252
7171,2258085.0,0.253702792784419
7172,2258145.0,0.25285310468313094
7173,2258205.0,0.2519809633849319
7174,2258265.0,0.2521000059293259
7175,2258325.0,0.25190102553729243
7176,2258385.0,0.25178037968864947
7177,2258445.0,0.2516047402636734
7178,2258505.0,0.2513625892291325
7179,2258565.0,0.2516712231183412
7180,2258625.0,0.2520644778052858
7181,2258685.0,0.252766076040153
7182,2258745.0,0.25385383896857616
7183,2258805.0,0.25539426990667
7184,2258865.0,0.25649714329311835
7185,2258925.0,0.2573776016839563
7186,2258985.0,0.25772931257518
7187,2259045.0,0.2554312241765807
7188,2259105.0,0.2536515272836189
7189,2259165.0,0.25204981634616375
7190,2259225.0,0.2503191740073668
7191,2259285.0,0.2495887857758875
7192,2259345.0,0.24845317024906138
7193,2259405.0,0.24715441855460918
7194,2259468.0,0.2469087568596203
7195,2259525.0,0.24675719347211478
7196,2259585.0,0.2467092053899734
7197,2259648.0,0.24641012533276588
7198,2259705.0,0.2472311010943324
7199,2259765.0,0.24792826939193963
7200,2259825.0,0.248874194866637
7201,2259885.0,0.24984052499784434
7202,2259945.0,0.2509195290728041
7203,2260005.0,0.25120246916663136
7204,2260065.0,0.25063790629391125
7205,2260125.0,0.25004280225315145
7206,2260185.0,0.24906721534407522
7207,2260245.0,0.24761043514333667
7208,2260305.0,0.24593995924469295
7209,2260365.0,0.24458660284451322
7210,2260425.0,0.24333776178900113
7211,2260485.0,0.24370263440964404
7212,2260545.0,0.24373642926699837
7213,2260605.0,0.2438204252388286
7214,2260665.0,0.24367744385960988
7215,2260725.0,0.24356735193073664
7216,2260785.0,0.24438802664164438
7217,2260848.0,0.24436628613818157
7218,2260905.0,0.2444162110262201
7219,2260965.0,0.244463819609144
7220,2261025.0,0.24440939932882572
7221,2261085.0,0.24423828992931348
7222,2261145.0,0.2440104323547303
7223,2261205.0,0.2440617486272515
7224,2261265.0,0.24438665793518813
7225,2261325.0,0.24421111090203004
7226,2261385.0,0.24347449820975287
7227,2261445.0,0.24285931509172254
7228,2261505.0,0.2404455058725048
7229,2261565.0,0.2377796082980485
7230,2261625.0,0.23606639667572135
7231,2261685.0,0.2359170637340778
7232,2261745.0,0.23606298650741356
7233,2261805.0,0.23684986666049013
7234,2261865.0,0.23837143332350694
7235,2261925.0,0.23944917990195724
7236,2261985.0,0.2401595390196458
7237,2262045.0,0.23891636282379258
7238,2262105.0,0.23754626150203428
7239,2262165.0,0.2373911449966979
7240,2262225.0,0.23735205426726907
7241,2262285.0,0.2377599761223207
7242,2262345.0,0.2379638568202876
7243,2262405.0,0.2381141613312378
7244,2262465.0,0.2371018405986259
7245,2262525.0,0.2366489185524853
7246,2262585.0,0.23612221625049376
7247,2262645.0,0.23535397119027363
7248,2262705.0,0.23317722421508522
7249,2262765.0,0.23049030399847967
7250,2262825.0,0.22884018065881284
7251,2262885.0,0.22855315042263882
7252,2262945.0,0.2284289939711421
7253,2263005.0,0.22926129570864792
7254,2263068.0,0.23022708169690573
7255,2263125.0,0.2309258411705247
7256,2263185.0,0.23164367169281214
7257,2263245.0,0.2312644068166559
7258,2263305.0,0.23106736614758194
7259,2263365.0,0.2309985774538859
7260,2263425.0,0.23070815226741373
7261,2263485.0,0.2306097324760474
7262,2263545.0,0.23078979540207128
7263,2263605.0,0.2309896127849319
7264,2263665.0,0.22992076725102345
7265,2263725.0,0.22924960996647092
7266,2263785.0,0.22812471042279847
7267,2263845.0,0.22702354920641588
7268,2263905.0,0.225970086784037
7269,2263965.0,0.2248723114936279
7270,2264025.0,0.2237460697996317
7271,2264085.0,0.22256342752815259
7272,2264145.0,0.22132805565106764
7273,2264205.0,0.22302434277909897
7274,2264265.0,0.22464231678923247
7275,2264325.0,0.2246022398338104
7276,2264385.0,0.22473980028565824
7277,2264445.0,0.22485816801723899
7278,2264505.0,0.22490769328532387
7279,2264568.0,0.22506364726498515
7280,2264625.0,0.22487037865682474
7281,2264685.0,0.22465595475670885
7282,2264745.0,0.22452884128256786
7283,2264805.0,0.22455404667199919
7284,2264865.0,0.22468063581552278
7285,2264925.0,0.22498107936677128
7286,2264985.0,0.22423495768840482
7287,2265045.0,0.22267683831601395
7288,2265105.0,0.22126623339313242
7289,2265165.0,0.22000752359708955
7290,2265225.0,0.21837675090588604
7291,2265285.0,0.21778810705114218
7292,2265345.0,0.21853938566302786
7293,2265405.0,0.21906024422966136
7294,2265465.0,0.21988272060257003
7295,2265525.0,0.2209073784957658
7296,2265585.0,0.22176884797337248
7297,2265645.0,0.2217440512108281
7298,2265705.0,0.22162102539948228
7299,2265765.0,0.22164887675948955
7300,2265825.0,0.2217924554390673
7301,2265885.0,0.22177181268253188
7302,2265945.0,0.22032287977844286
7303,2266005.0,0.21896555088181938
7304,2266065.0,0.21879019706944441
7305,2266125.0,0.21835198824035673
7306,2266185.0,0.21744851971624418
7307,2266245.0,0.21637325745511865
7308,2266305.0,0.21521429169559192
7309,2266365.0,0.21496772905316505
7310,2266425.0,0.2147904619461166
7311,2266485.0,0.2145264257295441
7312,2266545.0,0.21416994359798236
7313,2266605.0,0.21375472416792413
7314,2266665.0,0.21364180406849112
7315,2266725.0,0.21458422530904428
7316,2266785.0,0.21607855572444387
7317,2266845.0,0.21757699370636432
7318,2266905.0,0.21789682687951073
7319,2266965.0,0.2180694151545595
7320,2267025.0,0.21847364086265114
7321,2267085.0,0.2187982305258339
7322,2267145.0,0.2187880254561281
7323,2267205.0,0.21795525496690069
7324,2267265.0,0.2173720648866723
7325,2267325.0,0.21643069901101203
7326,2267385.0,0.21554007658073598
7327,2267445.0,0.21479484177897326
7328,2267505.0,0.21401209408416103
7329,2267565.0,0.2130020869714107
7330,2267625.0,0.21198146255406022
7331,2267685.0,0.21176537540792673
7332,2267745.0,0.21178465628777482
7333,2267805.0,0.2118091555829014
7334,2267865.0,0.21178949007355227
7335,2267925.0,0.21168583661757162
7336,2267985.0,0.21137457045678418
7337,2268045.0,0.21108578682771562
7338,2268105.0,0.21082426536615048
7339,2268165.0,0.2115091787678491
7340,2268225.0,0.21247636730201436
7341,2268285.0,0.21381687751869055
7342,2268345.0,0.21401106339663478
7343,2268405.0,0.2135710695652577
7344,2268465.0,0.2126288091431757
7345,2268525.0,0.21178658692411825
7346,2268585.0,0.21077689336141217
7347,2268645.0,0.2096025896369711
7348,2268705.0,0.2083161268417666
7349,2268765.0,0.20801173278830154
7350,2268825.0,0.20769754036972454
7351,2268885.0,0.20723417290111737
7352,2268945.0,0.20700266868984388
7353,2269005.0,0.20682824237351122
7354,2269065.0,0.20672235457481358
7355,2269125.0,0.2065000080103405
7356,2269185.0,0.2072177616729983
7357,2269245.0,0.2080029323098402
7358,2269305.0,0.20876132841464975
7359,2269365.0,0.2088138246790001
7360,2269425.0,0.20874797015754665
7361,2269485.0,0.2083450983770931
7362,2269545.0,0.20776833971982878
7363,2269605.0,0.20699398423485155
7364,2269665.0,0.20610633845409054
7365,2269725.0,0.20426842900090963
7366,2269785.0,0.2029713696101728
7367,2269845.0,0.20352301874975118
7368,2269905.0,0.20410616143018112
7369,2269965.0,0.2038670812683526
7370,2270025.0,0.20355174499363748
7371,2270085.0,0.20338660647506127
7372,2270145.0,0.20333957878851375
7373,2270205.0,0.20327728915408322
7374,2270265.0,0.20400003791183233
7375,2270325.0,0.2049148208610344
7376,2270385.0,0.20535356941889962
7377,2270445.0,0.20512718032499214
7378,2270505.0,0.20374999321575177
7379,2270565.0,0.20239101516994656
7380,2270625.0,0.20187618051525216
7381,2270685.0,0.20094441976833596
7382,2270745.0,0.1998716484970638
7383,2270805.0,0.1986453588615019
7384,2270865.0,0.19829078323038757
7385,2270925.0,0.19837195470127503
7386,2270985.0,0.1984447091609317
7387,2271045.0,0.1984308001417385
7388,2271105.0,0.19836779074265953
7389,2271165.0,0.19911815627287255
7390,2271225.0,0.19963566484571824
7391,2271285.0,0.19877949679124737
7392,2271345.0,0.19834984639980016
7393,2271405.0,0.197841405119816
7394,2271465.0,0.19670715102231778
7395,2271525.0,0.19576279942692268
7396,2271585.0,0.19488084303243194
7397,2271645.0,0.19495156884128825
7398,2271705.0,0.19498957221347737
7399,2271765.0,0.19442114301509325
7400,2271825.0,0.19407236508297337
7401,2271885.0,0.19377498731881487
7402,2271945.0,0.19342766712924797
7403,2272005.0,0.19296459738096322
7404,2272065.0,0.19245592942834344
7405,2272125.0,0.19188700901111563
7406,2272185.0,0.19144593887596348
7407,2272245.0,0.19117540083899953
7408,2272305.0,0.19109919862440394
7409,2272365.0,0.19130659737896125
7410,2272425.0,0.19060280337701435
7411,2272485.0,0.1894109038804003
7412,2272545.0,0.18911460330589105
7413,2272605.0,0.1883252925539701
7414,2272665.0,0.18823149954219165
7415,2272725.0,0.1881321913160895
7416,2272785.0,0.18711820823396574
7417,2272845.0,0.18688390712060632
7418,2272905.0,0.1866120820603589
7419,2272965.0,0.18627976845446084
7420,2273025.0,0.18579831443220782
7421,2273085.0,0.18524380923201159
7422,2273145.0,0.18503783787739042
7423,2273205.0,0.18489398526161688
7424,2273265.0,0.1847355487105395
7425,2273325.0,0.18455676718931652
7426,2273385.0,0.1842944298864883
7427,2273445.0,0.18407365027855652
7428,2273505.0,0.18390394119205947
7429,2273565.0,0.18392312313818543
7430,2273625.0,0.18418685884538077
7431,2273685.0,0.18348928428815575
7432,2273745.0,0.18266529014803365
7433,2273805.0,0.18161153450165185
7434,2273865.0,0.1811067652731899
7435,2273925.0,0.1810971063099569
7436,2273985.0,0.18074094477847216
7437,2274045.0,0.18140892682778084
7438,2274105.0,0.18203923745158962
7439,2274165.0,0.18175236018477167
7440,2274225.0,0.1816001714886302
7441,2274285.0,0.182067413055392
7442,2274345.0,0.18259901304363052
7443,2274405.0,0.18253312218569595
7444,2274465.0,0.18255580910285385
7445,2274525.0,0.18262616482416646
7446,2274585.0,0.18274970827842305
7447,2274648.0,0.18286505676529807
7448,2274705.0,0.18296023267824757
7449,2274765.0,0.18300733874660965
7450,2274825.0,0.1830424806540045
7451,2274885.0,0.1830720239412129
7452,2274945.0,0.18403368970543418
7453,2275005.0,0.18303033607922192
7454,2275065.0,0.1818280229655098
7455,2275125.0,0.18205933144094677
7456,2275185.0,0.1823020880182842
7457,2275245.0,0.18254776377408996
7458,2275305.0,0.18200747159237018
7459,2275365.0,0.18136005906945243
7460,2275425.0,0.18128929730726295
7461,2275485.0,0.18148506513341542
7462,2275545.0,0.18177935205818294
7463,2275605.0,0.1817160395841251
7464,2275665.0,0.18153245227892845
7465,2275725.0,0.18123249000009384
7466,2275785.0,0.181050595452823
7467,2275845.0,0.18094488444641132
7468,2275905.0,0.18093615192910428
7469,2275965.0,0.18096255688121404
7470,2276025.0,0.1811844509318231
7471,2276085.0,0.1815087331316954
7472,2276145.0,0.18115794439961572
7473,2276205.0,0.18081965348764523
7474,2276265.0,0.18007409921850623
7475,2276325.0,0.1791289871393629
7476,2276385.0,0.17845837667005804
7477,2276445.0,0.1780705048547517
7478,2276505.0,0.17798417152189583
7479,2276565.0,0.17789177111891163
7480,2276625.0,0.17778314859387487
7481,2276685.0,0.17792107967484663
7482,2276745.0,0.17811985265860972
7483,2276805.0,0.17811868242651424
7484,2276865.0,0.17787785797678207
7485,2276925.0,0.1774081922458152
7486,2276985.0,0.17716363024299026
7487,2277045.0,0.17696055265507776
7488,2277105.0,0.17680801104336397
7489,2277165.0,0.17755883612281245
7490,2277225.0,0.17839456057406736
7491,2277285.0,0.17895849356780627
7492,2277345.0,0.17946521897249887
7493,2277405.0,0.1794573177979823
7494,2277465.0,0.1793411882135147
7495,2277525.0,0.1782949219807318
7496,2277585.0,0.17670538027307367
7497,2277645.0,0.1750897270396828
7498,2277705.0,0.17456479627629212
7499,2277765.0,0.1741728726096873
7500,2277825.0,0.1738008230374262
7501,2277885.0,0.17354479113050178
7502,2277945.0,0.1736130541264369
7503,2278005.0,0.17362755972241323
7504,2278065.0,0.1744238932227714
7505,2278125.0,0.17538358629908057
7506,2278185.0,0.17604120474327817
7507,2278245.0,0.1764437047971931
7508,2278305.0,0.17678734307104652
7509,2278365.0,0.17721302245016224
7510,2278425.0,0.17712607503380504
7511,2278485.0,0.1769808690977256
7512,2278545.0,0.1768203402610764
7513,2278605.0,0.17671786051544922
7514,2278665.0,0.17669849672263133
7515,2278725.0,0.17677589639667618
7516,2278785.0,0.1770491341421075
7517,2278845.0,0.17716179865412762
7518,2278905.0,0.17728161203181053
7519,2278965.0,0.1765241075157127
7520,2279025.0,0.17555438189253947
7521,2279085.0,0.1742611905013566
7522,2279145.0,0.17299664055597458
7523,2279205.0,0.17357405476282678
7524,2279265.0,0.17459338008506098
7525,2279325.0,0.17540264035396463
7526,2279385.0,0.17612690901036812
7527,2279445.0,0.17621489638354626
7528,2279505.0,0.1761414534490235
7529,2279565.0,0.17596741276129543
7530,2279625.0,0.176451940637207
7531,2279685.0,0.17722582358008127
7532,2279745.0,0.17724751843034453
7533,2279805.0,0.1772714584128
7534,2279865.0,0.17726616111027532
7535,2279925.0,0.177373703075978
7536,2279985.0,0.1764152325962166
7537,2280045.0,0.17549230071742036
7538,2280105.0,0.1747365413626844
7539,2280165.0,0.17403861484694097
7540,2280225.0,0.17426922256620989
7541,2280285.0,0.1744789103723178
7542,2280345.0,0.1744121797903545
7543,2280405.0,0.17421328530977187
7544,2280465.0,0.1740003926648055
7545,2280525.0,0.17389848887042028
7546,2280585.0,0.1737816822100954
7547,2280645.0,0.17287795994046642
7548,2280705.0,0.17193331152794789
7549,2280765.0,0.1719660946309754
7550,2280825.0,0.1719007615931495
7551,2280885.0,0.171644507009007
7552,2280945.0,0.17139168778102365
7553,2281005.0,0.17117795006591324
7554,2281065.0,0.1701266334852575
7555,2281125.0,0.16881952360445818
7556,2281185.0,0.16794081064416153
7557,2281245.0,0.16800169131976916
7558,2281305.0,0.16811289171568417
7559,2281365.0,0.16897413156667518
7560,2281425.0,0.16910522473268882
7561,2281485.0,0.1695899314653312
7562,2281545.0,0.1700645931102455
7563,2281605.0,0.17048055288862088
7564,2281665.0,0.1708466591300211
7565,2281725.0,0.1712118437618973
7566,2281785.0,0.1710244376627155
7567,2281845.0,0.17094743782695193
7568,2281905.0,0.17099403917914224
7569,2281965.0,0.17027929831613903
7570,2282025.0,0.16962981642391112
7571,2282085.0,0.1689024755563759
7572,2282145.0,0.1681997782217618
7573,2282205.0,0.16755596103109396
7574,2282265.0,0.16776771764639056
7575,2282325.0,0.16770434555984867
7576,2282385.0,0.16743926332673656
7577,2282445.0,0.16798564325033305
7578,2282505.0,0.1685433843417701
7579,2282565.0,0.1694290135269326
7580,2282625.0,0.1702697858962365
7581,2282685.0,0.17037714502388082
7582,2282745.0,0.1704485313319957
7583,2282805.0,0.17054209765130415
7584,2282865.0,0.17070648418787115
7585,2282925.0,0.17099987953621462
7586,2282985.0,0.17144935791932472
7587,2283045.0,0.17179113511241964
7588,2283105.0,0.17179908119840623
7589,2283165.0,0.17177393653246967
7590,2283225.0,0.17172325204866037
7591,2283285.0,0.17189216991379147
7592,2283345.0,0.17120153665254761
7593,2283405.0,0.1701927078062892
7594,2283465.0,0.1695226767167477
7595,2283525.0,0.16919094208143853
7596,2283585.0,0.16979994855736563
7597,2283645.0,0.1702866842929411
7598,2283705.0,0.17081095443159913
7599,2283765.0,0.17138044686748868
7600,2283825.0,0.17133933714159083
7601,2283885.0,0.17130735767044336
7602,2283945.0,0.1713189028177009
7603,2284005.0,0.17140055365654097
7604,2284065.0,0.17155879541756744
7605,2284125.0,0.17172133948483675
7606,2284185.0,0.1717454040031504
7607,2284245.0,0.1717478086050117
7608,2284305.0,0.17175270007485346
7609,2284365.0,0.17175425663675326
7610,2284425.0,0.17178825769597342
7611,2284485.0,0.17170253137977878
7612,2284545.0,0.171482453010374
7613,2284605.0,0.17216469818537225
7614,2284665.0,0.17223303722671562
7615,2284725.0,0.17174920550078318
7616,2284785.0,0.1708282461364217
7617,2284845.0,0.1699034815833882
7618,2284905.0,0.16900931861095714
7619,2284965.0,0.16893421296101246
7620,2285025.0,0.16901817575948766
7621,2285085.0,0.16852574062111514
7622,2285145.0,0.16791534833216665
7623,2285205.0,0.16809025852862455
7624,2285265.0,0.16823304297439698
7625,2285325.0,0.16812480398447588
7626,2285385.0,0.16795765211133065
7627,2285445.0,0.1676789223983601
7628,2285505.0,0.16739096546091484
7629,2285565.0,0.16716920053278325
7630,2285625.0,0.16802832504323495
7631,2285685.0,0.1688416588425383
7632,2285745.0,0.16858817758159994
7633,2285805.0,0.1681681647432376
7634,2285865.0,0.16727651640825655
7635,2285925.0,0.16643630551597968
7636,2285985.0,0.165655245130863
7637,2286045.0,0.16494196872250078
7638,2286105.0,0.1650649891387378
7639,2286165.0,0.16534252801213015
7640,2286225.0,0.16567551025481767
7641,2286285.0,0.1656085121112791
7642,2286345.0,0.16526516217367282
7643,2286405.0,0.16517228969508294
7644,2286465.0,0.1651478480157388
7645,2286525.0,0.16522400453293973
7646,2286585.0,0.165243559769263
7647,2286645.0,0.1652055156346348
7648,2286705.0,0.16586635845794984
7649,2286765.0,0.16684415139337927
7650,2286825.0,0.1675783666959192
7651,2286885.0,0.1670469220658455
7652,2286945.0,0.16678738816322447
7653,2287005.0,0.1667188922923188
7654,2287065.0,0.16670629767059522
7655,2287125.0,0.1660170576488617
7656,2287185.0,0.16526736511367296
7657,2287245.0,0.16525585788861705
7658,2287305.0,0.16533402954407725
7659,2287365.0,0.1654504379233271
7660,2287425.0,0.16560638651115892
7661,2287485.0,0.1656749192433462
7662,2287545.0,0.165633979811294
7663,2287605.0,0.16558665682145676
7664,2287665.0,0.16551326930915147
7665,2287725.0,0.16622086238256809
7666,2287785.0,0.16706477471580714
7667,2287845.0,0.16771711486193877
7668,2287905.0,0.16832069164079938
7669,2287965.0,0.16732217551423062
7670,2288025.0,0.1661343088033317
7671,2288085.0,0.1652334824125625
7672,2288145.0,0.16529208289901517
7673,2288205.0,0.16534602709114252
7674,2288265.0,0.16552231900164324
7675,2288325.0,0.165735705974956
7676,2288385.0,0.16577441920464003
7677,2288445.0,0.16563848567971698
7678,2288505.0,0.165436646470706
7679,2288565.0,0.16516935742704716
7680,2288625.0,0.16487694506429737
7681,2288685.0,0.16459935025505487
7682,2288748.0,0.16515550902100917
7683,2288805.0,0.16611332709407411
7684,2288865.0,0.16600832278897676
7685,2288925.0,0.1655131569318191
7686,2288985.0,0.16520469478200833
7687,2289045.0,0.1650875904379657
7688,2289105.0,0.16440723320086834
7689,2289165.0,0.16364410176228916
7690,2289225.0,0.16352053617467285
7691,2289285.0,0.1635975463771272
7692,2289345.0,0.16375340700300312
7693,2289405.0,0.16396248538145677
7694,2289465.0,0.16416508207310035
7695,2289525.0,0.1641506850658776
7696,2289585.0,0.16388334217919562
7697,2289645.0,0.16375598484929269
7698,2289705.0,0.16461254186559668
7699,2289765.0,0.165388427835258
7700,2289825.0,0.16592833801867374
7701,2289885.0,0.1664221666056021
7702,2289945.0,0.1669552487887337
7703,2290005.0,0.16674203796316264
7704,2290065.0,0.16550130793784257
7705,2290125.0,0.16451484405706074
7706,2290185.0,0.16373504679387926
7707,2290245.0,0.16458783425652615
7708,2290305.0,0.16489540215020315
7709,2290368.0,0.16510815688065317
7710,2290425.0,0.16458166350550263
7711,2290485.0,0.1637936448820553
7712,2290545.0,0.16372868879345642
7713,2290605.0,0.1636621593835181
7714,2290665.0,0.16354445540979332
7715,2290725.0,0.16335749432507451
7716,2290785.0,0.1631977430740787
7717,2290848.0,0.1638888491380114
7718,2290905.0,0.16490757650331409
7719,2290965.0,0.16568714161599266
7720,2291025.0,0.1654113782259616
7721,2291085.0,0.16509380487017433
7722,2291145.0,0.16433519841204092
7723,2291205.0,0.16358367012491218
7724,2291265.0,0.16285101549709075
7725,2291325.0,0.1636895519824391
7726,2291385.0,0.16397437044994004
7727,2291445.0,0.16412472964029565
7728,2291505.0,0.16420336081504566
7729,2291565.0,0.1641067891603734
7730,2291625.0,0.1640619042644591
7731,2291685.0,0.1641770853630695
7732,2291745.0,0.16430033336713815
7733,2291805.0,0.164435395895581
7734,2291865.0,0.164525000423427
7735,2291925.0,0.16455864639134757
7736,2291985.0,0.16541452851892519
7737,2292045.0,0.16624451891239264
7738,2292105.0,0.1669076627665257
7739,2292165.0,0.1667976939734116
7740,2292228.0,0.1659243121594845
7741,2292285.0,0.1650999865990657
7742,2292345.0,0.16495940602372042
7743,2292405.0,0.16509140492626198
7744,2292465.0,0.16445672308537712
7745,2292525.0,0.1638907474815892
7746,2292585.0,0.16401536697184013
7747,2292645.0,0.164208498766462
7748,2292705.0,0.16434320849940362
7749,2292765.0,0.16430412671168015
7750,2292825.0,0.16427865779016376
7751,2292885.0,0.16501257985744325
7752,2292945.0,0.16597291253791732
7753,2293005.0,0.16661456828214766
7754,2293065.0,0.16706251768616012
7755,2293125.0,0.1675361036510646
7756,2293185.0,0.16806512015405228
7757,2293245.0,0.16772689949437006
7758,2293308.0,0.1674052867319801
7759,2293365.0,0.1666250453738964
7760,2293425.0,0.16587664191379603
7761,2293485.0,0.16590641703495002
7762,2293545.0,0.16610244064216848
7763,2293605.0,0.16641019317245956
7764,2293665.0,0.1665287743791225
7765,2293725.0,0.16650509968534785
7766,2293785.0,0.16628732676117863
7767,2293845.0,0.16609224744888512
7768,2293905.0,0.1662082158609416
7769,2293965.0,0.166219770067524
7770,2294028.0,0.16696708084939132
7771,2294088.0,0.16807943020634414
7772,2294145.0,0.16883270488323007
7773,2294205.0,0.16949246664086606
7774,2294265.0,0.1691471521958475
7775,2294325.0,0.1688353042673971
7776,2294385.0,0.16879140231258052
7777,2294445.0,0.16886781044110835
7778,2294505.0,0.1689450885015425
7779,2294565.0,0.16823489325683577
7780,2294625.0,0.16815798217135366
7781,2294685.0,0.16891021458592217
7782,2294745.0,0.16980248558422087
7783,2294805.0,0.17066208755911547
7784,2294865.0,0.17063277424706244
7785,2294925.0,0.17038210799250825
7786,2294985.0,0.17023252688346158
7787,2295045.0,0.17100441066715022
7788,2295105.0,0.17209504227131853
7789,2295165.0,0.17290739798988453
7790,2295225.0,0.17348741970894357
7791,2295285.0,0.17408519080819185
7792,2295345.0,0.1747096673382379
7793,2295405.0,0.17451520730406403
7794,2295465.0,0.17416794895300006
7795,2295525.0,0.17335773102156615
7796,2295585.0,0.17317977584134575
7797,2295645.0,0.17386891851789169
7798,2295705.0,0.17481708036428836
7799,2295765.0,0.17578245214960816
7800,2295828.0,0.17577710300527832
7801,2295885.0,0.17564213792382158
7802,2295945.0,0.1753904389480189
7803,2296005.0,0.17598030404320214
7804,2296065.0,0.176694534041347
7805,2296125.0,0.17727020705198668
7806,2296185.0,0.1777086091682944
7807,2296245.0,0.17823437493162125
7808,2296305.0,0.17885384028006604
7809,2296365.0,0.17954478359131157
7810,2296425.0,0.17925531468329922
7811,2296485.0,0.17908930037830376
7812,2296545.0,0.1791457051106512
7813,2296605.0,0.17929815964071483
7814,2296665.0,0.18028836853936708
7815,2296725.0,0.18054546366015
7816,2296785.0,0.18072550158342301
7817,2296845.0,0.1807926934038514
7818,2296905.0,0.1807087772308022
7819,2296965.0,0.18134007658307522
7820,2297025.0,0.18191124797667746
7821,2297085.0,0.1821001960204404
7822,2297145.0,0.18241800797953756
7823,2297205.0,0.182789702381965
7824,2297265.0,0.1833061746242099
7825,2297325.0,0.18337228245173884
7826,2297385.0,0.18344208237967768
7827,2297445.0,0.1835987734955897
7828,2297505.0,0.1830856184765979
7829,2297565.0,0.18230676842564184
7830,2297625.0,0.1816998799337435
7831,2297685.0,0.18118861978020084
7832,2297745.0,0.18072164167073587
7833,2297805.0,0.180220928197009
7834,2297865.0,0.17964197940483143
7835,2297925.0,0.18049619367704908
7836,2297985.0,0.18153060430157805
7837,2298045.0,0.18262755891176238
7838,2298105.0,0.18367427022461333
7839,2298165.0,0.18466113153649302
7840,2298225.0,0.1846682775258002
7841,2298285.0,0.18462382592819385
7842,2298345.0,0.18464983988315667
7843,2298405.0,0.18445190431785655
7844,2298465.0,0.18430756982409655
7845,2298525.0,0.1834192044059587
7846,2298585.0,0.18243340636424069
7847,2298645.0,0.18174586584138344
7848,2298705.0,0.18111146821992297
7849,2298765.0,0.18116440114982948
7850,2298825.0,0.1812450775440491
7851,2298885.0,0.18175731556569716
7852,2298945.0,0.18206931150830347
7853,2299005.0,0.18297060066848372
7854,2299065.0,0.18455486155586645
7855,2299125.0,0.1860301433029328
7856,2299185.0,0.18705188015499272
7857,2299245.0,0.1870527479944867
7858,2299305.0,0.18720808331003674
7859,2299365.0,0.18740470127421496
7860,2299425.0,0.18760324910196646
7861,2299485.0,0.18794232395148966
7862,2299545.0,0.1876707477701005
7863,2299605.0,0.1869583777032466
7864,2299665.0,0.186400672853208
7865,2299725.0,0.1860206933402589
7866,2299785.0,0.18588730945323487
7867,2299845.0,0.18575627448309662
7868,2299905.0,0.18603669386185373
7869,2299965.0,0.18625784893694505
7870,2300025.0,0.18724575726436285
7871,2300085.0,0.1882897530195554
7872,2300145.0,0.18940567633303268
7873,2300205.0,0.1903130880562411
7874,2300265.0,0.19110814744622812
7875,2300325.0,0.19204275996925635
7876,2300385.0,0.19217903878363404
7877,2300445.0,0.19247594675531268
7878,2300505.0,0.19197926046692124
7879,2300565.0,0.19156579050528003
7880,2300625.0,0.19114389060536
7881,2300688.0,0.19076463192710993
7882,2300745.0,0.19044117971945101
7883,2300805.0,0.19019254547442144
7884,2300865.0,0.1907723448146203
7885,2300925.0,0.19129904321265642
7886,2300985.0,0.19163051698272074
7887,2301045.0,0.19091013078439525
7888,2301105.0,0.19078788148469056
7889,2301165.0,0.19058802117214008
7890,2301225.0,0.19116050254323155
7891,2301285.0,0.19222792621661483
7892,2301345.0,0.19333480516428728
7893,2301405.0,0.19472107513411382
7894,2301465.0,0.19607652272491477
7895,2301525.0,0.1974870147537307
7896,2301588.0,0.19858525908723348
7897,2301645.0,0.1988562427598358
7898,2301705.0,0.1980543970649927
7899,2301765.0,0.19761040760083826
7900,2301825.0,0.19739763576401242
7901,2301885.0,0.19709030310409204
7902,2301945.0,0.19724417974269173
7903,2302005.0,0.19747784009063493
7904,2302065.0,0.19775186917033225
7905,2302125.0,0.19720400117395512
7906,2302185.0,0.19735593118934952
7907,2302245.0,0.1975308529854196
7908,2302305.0,0.19846260869092938
7909,2302365.0,0.1998386116588306
7910,2302425.0,0.20111154092059072
7911,2302485.0,0.2022426987383253
7912,2302545.0,0.20253331395252122
7913,2302605.0,0.20277936722995712
7914,2302665.0,0.2031541892648829
7915,2302725.0,0.20354218167760427
7916,2302785.0,0.2026816110904225
7917,2302845.0,0.20168021532767222
7918,2302905.0,0.20097135031532418
7919,2302965.0,0.2004112780961675
7920,2303025.0,0.20065164873820818
7921,2303085.0,0.20115790176216078
7922,2303145.0,0.20105519910833844
7923,2303205.0,0.20055717960645392
7924,2303265.0,0.2006599973497208
7925,2303325.0,0.2004610514135223
7926,2303385.0,0.20117247957876105
7927,2303445.0,0.20209313960579847
7928,2303505.0,0.2030139411421705
7929,2303565.0,0.20562385384257487
7930,2303625.0,0.2077899356740617
7931,2303685.0,0.20814120131204353
7932,2303745.0,0.20800602050672604
7933,2303805.0,0.20757217605769188
7934,2303865.0,0.2072985636888063
7935,2303925.0,0.2070999450337939
7936,2303985.0,0.20687140820737637
7937,2304045.0,0.20637190268855998
7938,2304105.0,0.20571198249585892
7939,2304165.0,0.20577632800598283
7940,2304225.0,0.20593609631287024
7941,2304285.0,0.20617702880059982
7942,2304345.0,0.20634003981357515
7943,2304405.0,0.20629739393574806
7944,2304465.0,0.20630252780943661
7945,2304525.0,0.2061254867300704
7946,2304585.0,0.2066566989456873
7947,2304645.0,0.20767229109545438
7948,2304705.0,0.2090675622042503
7949,2304765.0,0.21074305780018873
7950,2304825.0,0.211619882889698
7951,2304885.0,0.21198400919605204
7952,2304945.0,0.21227336687261314
7953,2305005.0,0.21274805453356996
7954,2305065.0,0.21242398573165533
7955,2305125.0,0.21217266831644468
7956,2305185.0,0.21198953750089902
7957,2305245.0,0.21185405619963585
7958,2305305.0,0.21134309597474302
7959,2305368.0,0.21149821663378007
7960,2305425.0,0.21180225445549117
7961,2305485.0,0.2113907891208979
7962,2305545.0,0.2109062877228235
7963,2305605.0,0.21044891743110047
7964,2305665.0,0.21058848606403385
7965,2305725.0,0.21081491649922998
7966,2305785.0,0.211025800513557
7967,2305845.0,0.21030598206099382
7968,2305905.0,0.2100026464211973
7969,2305965.0,0.2097781271820764
7970,2306025.0,0.2105087600714464
7971,2306085.0,0.21129110045739058
7972,2306145.0,0.2119187540293175
7973,2306205.0,0.21158906702299465
7974,2306265.0,0.21122405042690404
7975,2306325.0,0.2115986938452284
7976,2306385.0,0.2121665535342735
7977,2306445.0,0.21212743800067652
7978,2306505.0,0.2114977872508798
7979,2306565.0,0.21076489840063886
7980,2306625.0,0.2109157219250256
7981,2306685.0,0.2111181528982934
7982,2306745.0,0.21141297870731174
7983,2306805.0,0.21086363447039663
7984,2306865.0,0.21022068801821153
7985,2306925.0,0.20981104733524658
7986,2306985.0,0.20945030533918474
7987,2307045.0,0.20903036310548015
7988,2307108.0,0.20852422622116798
7989,2307165.0,0.20787798199835786
7990,2307225.0,0.2080125922249152
7991,2307285.0,0.20836087469211428
7992,2307345.0,0.20882010137074786
7993,2307405.0,0.20917642961646224
7994,2307465.0,0.20939977406270324
7995,2307525.0,0.21045609925731038
7996,2307585.0,0.21072855869740606
7997,2307645.0,0.21117238552756673
7998,2307705.0,0.21145624519057857
7999,2307765.0,0.21053060351976077
8000,2307825.0,0.20952070213701232
8001,2307885.0,0.20918976950937193
8002,2307945.0,0.20895694751481797
8003,2308005.0,0.208672729128894
8004,2308065.0,0.20818590578856655
8005,2308125.0,0.2081036979027455
8006,2308185.0,0.20802681973161288
8007,2308245.0,0.20834887801115567
8008,2308305.0,0.20912929051763385
8009,2308365.0,0.2099359634157949
8010,2308425.0,0.21265048248412494
8011,2308485.0,0.21566899070669177
8012,2308545.0,0.2170302557536459
8013,2308605.0,0.2179827978124043
8014,2308665.0,0.21882367278957113
8015,2308725.0,0.2190058254187356
8016,2308785.0,0.21917868579633348
8017,2308845.0,0.2184151858079225
8018,2308905.0,0.21762582835563105
8019,2308965.0,0.21688598747339916
8020,2309025.0,0.21698462003012917
8021,2309085.0,0.2167942225951471
8022,2309145.0,0.21656645347207917
8023,2309205.0,0.21675426338443188
8024,2309265.0,0.2170130936741136
8025,2309325.0,0.2172955554779177
8026,2309385.0,0.21758530481974367
8027,2309445.0,0.21902626458410462
8028,2309505.0,0.22048576410048598
8029,2309565.0,0.22125601082946122
8030,2309625.0,0.22246633885949338
8031,2309685.0,0.2231345984873446
8032,2309745.0,0.22314507818237728
8033,2309805.0,0.2232289129196884
8034,2309865.0,0.22183233830514618
8035,2309925.0,0.22058396921337614
8036,2309985.0,0.2199812776954231
8037,2310045.0,0.22017727952914884
8038,2310105.0,0.22007758723535092
8039,2310168.0,0.21994011802929175
8040,2310225.0,0.21985189180107395
8041,2310285.0,0.21979856868269404
8042,2310345.0,0.21974513472130527
8043,2310405.0,0.21989733222590716
8044,2310465.0,0.21998338012312887
8045,2310525.0,0.21996718839364302
8046,2310585.0,0.21967027528271332
8047,2310645.0,0.21927851556943537
8048,2310705.0,0.2199056190211865
8049,2310765.0,0.22067704845334318
8050,2310825.0,0.2208356118646035
8051,2310885.0,0.22092434211098833
8052,2310945.0,0.2208611401856028
8053,2311005.0,0.22090250218601096
8054,2311065.0,0.22099155961080735
8055,2311125.0,0.2210815120625606
8056,2311185.0,0.22118854077624087
8057,2311245.0,0.2213367272239106
8058,2311305.0,0.2212608610175261
8059,2311365.0,0.22101633292127446
8060,2311425.0,0.22096947152074037
8061,2311485.0,0.2210316981407347
8062,2311545.0,0.2210338275521018
8063,2311605.0,0.2208708290126903
8064,2311665.0,0.22056413800356958
8065,2311725.0,0.22028279028869682
8066,2311785.0,0.2200845256749024
8067,2311845.0,0.2199192514005749
8068,2311905.0,0.22072225629693626
8069,2311965.0,0.22173687437281708
8070,2312025.0,0.22243342278292813
8071,2312085.0,0.22232460385407396
8072,2312145.0,0.2221407887432465
8073,2312205.0,0.22172271968703147
8074,2312265.0,0.22060409190222918
8075,2312325.0,0.21952751461419454
8076,2312385.0,0.2188661576118576
8077,2312445.0,0.21827467408181817
8078,2312505.0,0.2182196941572183
8079,2312565.0,0.2180035038143796
8080,2312625.0,0.21770815127098905
8081,2312685.0,0.21758317792923365
8082,2312745.0,0.21771074662016957
8083,2312805.0,0.21796402814061094
8084,2312865.0,0.21825059810567263
8085,2312925.0,0.21836246662288847
8086,2312985.0,0.21826208705147992
8087,2313045.0,0.21811818759996368
8088,2313105.0,0.2170467659840838
8089,2313165.0,0.21548085774182546
8090,2313225.0,0.21528635851162364
8091,2313285.0,0.21535969486460335
8092,2313345.0,0.21634515276809052
8093,2313405.0,0.2174415847684419
8094,2313465.0,0.21718019795831445
8095,2313525.0,0.2171936671704674
8096,2313585.0,0.2175647273424562
8097,2313645.0,0.2176905592556695
8098,2313705.0,0.21779901210596325
8099,2313765.0,0.21793532084018927
8100,2313825.0,0.2179354563749937
8101,2313885.0,0.2176978346280618
8102,2313945.0,0.21721373393051177
8103,2314005.0,0.21766096009544567
8104,2314065.0,0.21876821116961037
8105,2314125.0,0.2200248112921244
8106,2314185.0,0.22177152457545438
8107,2314245.0,0.2228256357404442
8108,2314305.0,0.22295105253557262
8109,2314365.0,0.2211395681994175
8110,2314425.0,0.21994046098384676
8111,2314485.0,0.2190813316132493
8112,2314545.0,0.21849861259152636
8113,2314605.0,0.2183813816287619
8114,2314665.0,0.2181361417442252
8115,2314725.0,0.21789735639553123
8116,2314785.0,0.21776262301690835
8117,2314845.0,0.21794828403604505
8118,2314905.0,0.2182701068079198
8119,2314965.0,0.21844216679691209
8120,2315025.0,0.21845767825526619
8121,2315085.0,0.21824299007494816
8122,2315145.0,0.2179360671632091
8123,2315205.0,0.21870236638534035
8124,2315265.0,0.21960299492004212
8125,2315325.0,0.22089960019967972
8126,2315385.0,0.22154740958533356
8127,2315445.0,0.22069847836719728
8128,2315505.0,0.21963036324961244
8129,2315565.0,0.2183735161537948
8130,2315628.0,0.21685113574809736
8131,2315685.0,0.21550734741341335
8132,2315745.0,0.21468836075862952
8133,2315805.0,0.21374143854890576
8134,2315865.0,0.21342825231153043
8135,2315925.0,0.2135514987535489
8136,2315985.0,0.2140568465919009
8137,2316045.0,0.21471510988752948
8138,2316105.0,0.21603812950205073
8139,2316165.0,0.21850209789493588
8140,2316225.0,0.21965129298194042
8141,2316285.0,0.22041313704637483
8142,2316345.0,0.22098659523582834
8143,2316405.0,0.2207452404286441
8144,2316465.0,0.2207720322446342
8145,2316525.0,0.22096361361032013
8146,2316585.0,0.22109757740927344
8147,2316645.0,0.2210714943472887
8148,2316705.0,0.2203549246352514
8149,2316765.0,0.21989021585502178
8150,2316825.0,0.21867088760155604
8151,2316885.0,0.2173457357658976
8152,2316945.0,0.21615997209052903
8153,2317005.0,0.2157363260222074
8154,2317065.0,0.21599335085936625
8155,2317125.0,0.21677114697727917
8156,2317185.0,0.2179089667303552
8157,2317245.0,0.2201899607601075
8158,2317305.0,0.2223681156334278
8159,2317365.0,0.22348786820873273
8160,2317425.0,0.2244616621308639
8161,2317485.0,0.22528235552468087
8162,2317545.0,0.22521415144696866
8163,2317605.0,0.22517157721093678
8164,2317665.0,0.22523892237615437
8165,2317725.0,0.2254438587665462
8166,2317785.0,0.2256749057179569
8167,2317845.0,0.22589818268798154
8168,2317905.0,0.22610400096216932
8169,2317965.0,0.22631288487208892
8170,2318025.0,0.22578104747440442
8171,2318085.0,0.22506569426524695
8172,2318145.0,0.22412176803806427
8173,2318205.0,0.22309296869703937
8174,2318265.0,0.22195658505928037
8175,2318325.0,0.22142971816782847
8176,2318385.0,0.22258462640001986
8177,2318445.0,0.2235760475787271
8178,2318505.0,0.22458429142149594
8179,2318565.0,0.22569115140648913
8180,2318625.0,0.22680778636562995
8181,2318685.0,0.22707137574788022
8182,2318745.0,0.22746686150421205
8183,2318805.0,0.2278258358034304
8184,2318865.0,0.2279639793450577
8185,2318925.0,0.22793136799056624
8186,2318985.0,0.22776865116159767
8187,2319045.0,0.22712323745733712
8188,2319105.0,0.22605173484672372
8189,2319165.0,0.22520329827372942
8190,2319225.0,0.22256627733963072
8191,2319285.0,0.2194636701085453
8192,2319345.0,0.21851592709868584
8193,2319405.0,0.21851691988792185
8194,2319465.0,0.21966618285993095
8195,2319525.0,0.22105673850757968
8196,2319585.0,0.2220351179294401
8197,2319645.0,0.2236757371135764
8198,2319705.0,0.22471519645243684
8199,2319765.0,0.22531834154721625
8200,2319825.0,0.22523453452201253
8201,2319885.0,0.22546791553912351
8202,2319945.0,0.22573355414560797
8203,2320005.0,0.22583814193125484
8204,2320065.0,0.22580146745671392
8205,2320125.0,0.22565720448295254
8206,2320185.0,0.22546480381239115
8207,2320245.0,0.2239562234029081
8208,2320305.0,0.22255167044387786
8209,2320365.0,0.2219238226482203
8210,2320425.0,0.22085956124793343
8211,2320485.0,0.2198596888253388
8212,2320545.0,0.21881505428129533
8213,2320605.0,0.21765549892296446
8214,2320665.0,0.2172585353126196
8215,2320725.0,0.2183550975573123
8216,2320785.0,0.2190560187269255
8217,2320845.0,0.21980203841756712
8218,2320905.0,0.22069121085513269
8219,2320965.0,0.22167815769915164
8220,2321025.0,0.22278580330980402
8221,2321085.0,0.222907857101297
8222,2321145.0,0.22301106255577005
8223,2321205.0,0.22307721358374671
8224,2321265.0,0.22311194729428308
8225,2321325.0,0.22307548068840216
8226,2321385.0,0.2229864764621913
8227,2321445.0,0.22307584845757156
8228,2321505.0,0.22244841091316753
8229,2321565.0,0.2217689616740292
8230,2321625.0,0.22073276274712436
8231,2321685.0,0.21995590231273157
8232,2321745.0,0.21989910876304922
8233,2321805.0,0.2210182623010223
8234,2321865.0,0.2224068445020284
8235,2321925.0,0.2233307969612191
8236,2321985.0,0.22503780630552317
8237,2322045.0,0.22562037488463152
8238,2322105.0,0.2262125841871096
8239,2322165.0,0.2262522023444312
8240,2322225.0,0.22637596058905807
8241,2322285.0,0.2266445450185912
8242,2322345.0,0.22645181764083508
8243,2322405.0,0.2262563342174475
8244,2322465.0,0.2261092143113748
8245,2322525.0,0.22605332397218514
8246,2322585.0,0.22610126855560916
8247,2322645.0,0.22625652558003298
8248,2322705.0,0.22542467218639084
8249,2322765.0,0.22451394850366935
8250,2322825.0,0.22322600233501408
8251,2322885.0,0.22234870480098257
8252,2322945.0,0.22151846487442267
8253,2323005.0,0.22045222086264912
8254,2323065.0,0.22109859831919526
8255,2323125.0,0.22204972655277871
8256,2323185.0,0.22323181170563566
8257,2323245.0,0.22424063025393778
8258,2323305.0,0.22545827566444981
8259,2323365.0,0.22654327444385997
8260,2323425.0,0.22753799337374994
8261,2323485.0,0.227743609544406
8262,2323545.0,0.2277812441138466
8263,2323605.0,0.22784219565585026
8264,2323665.0,0.22734556183130877
8265,2323725.0,0.22682082222741465
8266,2323785.0,0.22718354257002155
8267,2323848.0,0.22793349534635501
8268,2323905.0,0.23059233771728999
8269,2323965.0,0.23346924246937828
8270,2324025.0,0.23443822330830555
8271,2324085.0,0.23447796088835868
8272,2324145.0,0.2340560822427505
8273,2324205.0,0.23358852837232658
8274,2324265.0,0.23364549627898704
8275,2324325.0,0.2335001262322241
8276,2324385.0,0.23347059078783322
8277,2324445.0,0.23392774747596431
8278,2324505.0,0.234363307455384
8279,2324565.0,0.23457296763565194
8280,2324625.0,0.234944472878474
8281,2324685.0,0.23535225317432884
8282,2324745.0,0.235886941179897
8283,2324805.0,0.2366652432711092
8284,2324865.0,0.23669989153700152
8285,2324925.0,0.23661345435056783
8286,2324985.0,0.23415914348878034
8287,2325045.0,0.2322060022235672
8288,2325105.0,0.23122778493645862
8289,2325165.0,0.23069095618296634
8290,2325225.0,0.22996539227197488
8291,2325285.0,0.22997681902511274
8292,2325345.0,0.22970964381983824
8293,2325405.0,0.2294294448439048
8294,2325465.0,0.2293212431303797
8295,2325525.0,0.22935688559376677
8296,2325585.0,0.2293499801403015
8297,2325645.0,0.22903865199515136
8298,2325705.0,0.22944797710937495
8299,2325765.0,0.23038153645586668
8300,2325825.0,0.23258004029442356
8301,2325885.0,0.2345227184097136
8302,2325945.0,0.2364859959846805
8303,2326005.0,0.23682771851516182
8304,2326065.0,0.23613342619040578
8305,2326125.0,0.23477736748006506
8306,2326185.0,0.233428770153634
8307,2326245.0,0.23308919185497604
8308,2326305.0,0.23272910508827946
8309,2326365.0,0.23250027013928593
8310,2326425.0,0.23254071584582486
8311,2326485.0,0.232484355102972
8312,2326545.0,0.23275742387968854
8313,2326605.0,0.23351152073743534
8314,2326665.0,0.23440472173918223
8315,2326725.0,0.23631198919111893
8316,2326785.0,0.23785258872979767
8317,2326845.0,0.23845925438259186
8318,2326905.0,0.23802204685565015
8319,2326965.0,0.23636322291526524
8320,2327025.0,0.23606462212310886
8321,2327085.0,0.2354214124934066
8322,2327148.0,0.23478995385634566
8323,2327205.0,0.23472986626097417
8324,2327265.0,0.2346072099539009
8325,2327325.0,0.23436421193244145
8326,2327385.0,0.23418863452523397
8327,2327445.0,0.23416437850362345
8328,2327505.0,0.23495718045220707
8329,2327568.0,0.2360754284958214
8330,2327625.0,0.2368443819757118
8331,2327685.0,0.23789961506223278
8332,2327745.0,0.2393473699103559
8333,2327805.0,0.24090629257833418
8334,2327865.0,0.24160318341790418
8335,2327925.0,0.24086594246487614
8336,2327985.0,0.23968655181847254
8337,2328045.0,0.2372924870551779
8338,2328105.0,0.2354304560653189
8339,2328165.0,0.23467331340914876
8340,2328225.0,0.2341078088413253
8341,2328285.0,0.23346069462072402
8342,2328345.0,0.2335270389277254
8343,2328405.0,0.23333882099502884
8344,2328465.0,0.23298068406970746
8345,2328525.0,0.23254856073557373
8346,2328585.0,0.23228767703352188
8347,2328645.0,0.23211027093459244
8348,2328705.0,0.23200204424476234
8349,2328765.0,0.23183647687843215
8350,2328825.0,0.23231728424151468
8351,2328885.0,0.23312515315743365
8352,2328945.0,0.2342396784840936
8353,2329005.0,0.23547819878100562
8354,2329065.0,0.23703074312161176
8355,2329125.0,0.2377703327849355
8356,2329185.0,0.23734139213462638
8357,2329245.0,0.23694532372893964
8358,2329305.0,0.23675656203395382
8359,2329365.0,0.23600577183229948
8360,2329425.0,0.23536941641856512
8361,2329485.0,0.2356632627327533
8362,2329545.0,0.23581180444288344
8363,2329605.0,0.23577787272026915
8364,2329665.0,0.23571458348522523
8365,2329725.0,0.23571534857992332
8366,2329785.0,0.23576059061644894
8367,2329845.0,0.23598213545888858
8368,2329905.0,0.2361817090491807
8369,2329965.0,0.23606310710695197
8370,2330025.0,0.23657672287987347
8371,2330085.0,0.23727147131223764
8372,2330145.0,0.2374459232771744
8373,2330205.0,0.23603682891471559
8374,2330265.0,0.2343694855309692
8375,2330325.0,0.23391320585132383
8376,2330385.0,0.2333872844651898
8377,2330445.0,0.23282878185994904
8378,2330505.0,0.23275365101129944
8379,2330565.0,0.23342873954563467
8380,2330625.0,0.2342968434932577
8381,2330685.0,0.23511123582302257
8382,2330745.0,0.23507045983218927
8383,2330808.0,0.23509646865945732
8384,2330865.0,0.23520087936886686
8385,2330925.0,0.2352652930749231
8386,2330985.0,0.23523628841620048
8387,2331045.0,0.23542441578890425
8388,2331105.0,0.23555677414449547
8389,2331165.0,0.2355585366613728
8390,2331225.0,0.23539715260125435
8391,2331285.0,0.2361875628271908
8392,2331345.0,0.23804214950978764
8393,2331405.0,0.23886898283144672
8394,2331465.0,0.23992768240591364
8395,2331525.0,0.2405495598100495
8396,2331585.0,0.24173022366957272
8397,2331645.0,0.24301377925240913
8398,2331705.0,0.2432168384301935
8399,2331765.0,0.2431215845529675
8400,2331825.0,0.24283190370511065
8401,2331885.0,0.24356809901650253
8402,2331945.0,0.24426817052352504
8403,2332005.0,0.24404129594862553
8404,2332065.0,0.24409545783962724
8405,2332125.0,0.24439014128545092
8406,2332185.0,0.24487821202304866
8407,2332245.0,0.2453258999746987
8408,2332305.0,0.2456884043938924
8409,2332365.0,0.24610745038513307
8410,2332425.0,0.24660482189014918
8411,2332485.0,0.24667536657066644
8412,2332545.0,0.24583900552198767
8413,2332605.0,0.243647163340891
8414,2332665.0,0.24125660723109799
8415,2332725.0,0.23932106732827535
8416,2332785.0,0.2373751169145686
8417,2332845.0,0.2363309962694743
8418,2332905.0,0.2352888650265696
8419,2332965.0,0.23615488256052636
8420,2333025.0,0.23704394106782314
8421,2333085.0,0.23766945420110766
8422,2333145.0,0.2398718236583889
8423,2333205.0,0.24136640506108883
8424,2333265.0,0.24256065479684583
8425,2333325.0,0.24361036225345373
8426,2333385.0,0.2437984043565746
8427,2333445.0,0.2439360320580863
8428,2333505.0,0.24424300515978964
8429,2333565.0,0.24468846860817825
8430,2333625.0,0.2450858177945412
8431,2333685.0,0.24519628256769072
8432,2333745.0,0.2452431733121552
8433,2333805.0,0.24524725507607684
8434,2333865.0,0.24437472294465662
8435,2333925.0,0.24323988216939454
8436,2333985.0,0.24183012526913525
8437,2334045.0,0.24046988348793713
8438,2334105.0,0.23903044016074632
8439,2334165.0,0.23844519374267664
8440,2334225.0,0.23880549346675511
8441,2334285.0,0.23986020970305705
8442,2334345.0,0.24083012190971964
8443,2334405.0,0.24188099654388864
8444,2334465.0,0.24351972742789801
8445,2334525.0,0.24483378504586306
8446,2334585.0,0.24540245734258298
8447,2334645.0,0.24486677708026938
8448,2334705.0,0.24261458800127578
8449,2334765.0,0.24034881493281474
8450,2334825.0,0.23842976674314023
8451,2334885.0,0.23716839606647133
8452,2334945.0,0.23605473232081828
8453,2335005.0,0.23606377676461132
8454,2335065.0,0.23762827843071319
8455,2335125.0,0.2405540046941166
8456,2335185.0,0.24241696958908027
8457,2335245.0,0.2441130973971642
8458,2335305.0,0.2456508378755423
8459,2335365.0,0.24665268015486058
8460,2335425.0,0.24728819301620716
8461,2335485.0,0.2480178611942539
8462,2335548.0,0.24797009959401603
8463,2335605.0,0.2468433174324065
8464,2335665.0,0.24602085242241034
8465,2335725.0,0.24543998355232988
8466,2335785.0,0.24589796646503945
8467,2335845.0,0.24621685525612383
8468,2335908.0,0.24638815962787083
8469,2335965.0,0.246446067038609
8470,2336025.0,0.2463475528607083
8471,2336085.0,0.24617612114806697
8472,2336145.0,0.24619419280787036
8473,2336205.0,0.24730603743202764
8474,2336265.0,0.24836035440131002
8475,2336325.0,0.248853997154458
8476,2336385.0,0.24947723957385043
8477,2336445.0,0.25068807051180264
8478,2336505.0,0.25118370866237927
8479,2336565.0,0.2510798014965627
8480,2336625.0,0.24985495641513086
8481,2336685.0,0.24899620728922858
8482,2336745.0,0.24830306167081526
8483,2336805.0,0.2474212693054261
8484,2336865.0,0.24744372331776213
8485,2336925.0,0.2478851776577346
8486,2336985.0,0.2480504997832742
8487,2337045.0,0.24803958193353767
8488,2337105.0,0.2486581666873911
8489,2337165.0,0.24950088248288488
8490,2337225.0,0.2522543202175288
8491,2337285.0,0.25520073748005434
8492,2337345.0,0.25694574087305705
8493,2337405.0,0.2582188966620958
8494,2337465.0,0.25928222641834653
8495,2337525.0,0.2580104783102559
8496,2337585.0,0.25653728912752943
8497,2337645.0,0.2558580950709963
8498,2337705.0,0.25494603796396087
8499,2337765.0,0.25452494773371515
8500,2337825.0,0.25411999009998293
8501,2337885.0,0.2542922454554685
8502,2337945.0,0.2542453170936068
8503,2338005.0,0.25418667585522153
8504,2338065.0,0.25417500105385876
8505,2338125.0,0.25430241926065134
8506,2338185.0,0.2544034446696866
8507,2338248.0,0.2545092984514945
8508,2338305.0,0.2536666436748761
8509,2338365.0,0.25303235849830474
8510,2338425.0,0.25338324966249687
8511,2338485.0,0.25331002222421484
8512,2338545.0,0.2532479554873539
8513,2338605.0,0.2531799480999929
8514,2338665.0,0.2531668089131289
8515,2338725.0,0.2541543642455674
8516,2338785.0,0.2543397155187278
8517,2338845.0,0.2545656445424265
8518,2338905.0,0.25442340803699615
8519,2338965.0,0.2540962160380087
8520,2339025.0,0.25378993570444275
8521,2339085.0,0.2534706805803847
8522,2339145.0,0.2532691282645826
8523,2339205.0,0.25321945413862473
8524,2339265.0,0.2533167927037083
8525,2339325.0,0.2534778297107001
8526,2339385.0,0.25428333774940515
8527,2339445.0,0.2547250007802827
8528,2339505.0,0.2558323970894355
8529,2339565.0,0.25745036304469837
8530,2339625.0,0.2580647732333837
8531,2339685.0,0.25832911641659
8532,2339745.0,0.2582896537267298
8533,2339805.0,0.25813339467006824
8534,2339868.0,0.2576723308174962
8535,2339925.0,0.2574819867328132
8536,2339985.0,0.25770412014601435
8537,2340045.0,0.25708743214133367
8538,2340105.0,0.25643216030081695
8539,2340165.0,0.25620099848422007
8540,2340225.0,0.2557405113580419
8541,2340285.0,0.25505726645900906
8542,2340345.0,0.25514071701017876
8543,2340405.0,0.25575731264414026
8544,2340465.0,0.25879764253314913
8545,2340525.0,0.26147222311484375
8546,2340585.0,0.26387645548934324
8547,2340645.0,0.26512588934919235
8548,2340705.0,0.2661134324201776
8549,2340765.0,0.2670084100615957
8550,2340825.0,0.2675177287988425
8551,2340885.0,0.2681543550633565
8552,2340945.0,0.2678695790022728
8553,2341005.0,0.2687781615539414
8554,2341065.0,0.2689872589720022
8555,2341125.0,0.2674559986928824
8556,2341185.0,0.2661340977361639
8557,2341245.0,0.264762738109968
8558,2341305.0,0.26350127289088804
8559,2341365.0,0.26194260262123903
8560,2341425.0,0.2609776267071615
8561,2341485.0,0.25994965123590746
8562,2341545.0,0.2597788534994804
8563,2341605.0,0.2596380710208026
8564,2341665.0,0.2594949674718042
8565,2341725.0,0.25931079332616613
8566,2341785.0,0.26011662384155404
8567,2341845.0,0.2613208755549201
8568,2341905.0,0.26266162387516623
8569,2341965.0,0.26387615590542046
8570,2342025.0,0.2650892646447822
8571,2342085.0,0.26546354698512253
8572,2342148.0,0.26398955240447375
8573,2342205.0,0.26367484482651604
8574,2342265.0,0.26341753085550323
8575,2342325.0,0.26145729350113717
8576,2342385.0,0.25910621066648293
8577,2342445.0,0.25677907354539575
8578,2342505.0,0.2555490005183271
8579,2342565.0,0.2547516911834198
8580,2342625.0,0.2540041757338504
8581,2342685.0,0.25299274681135625
8582,2342745.0,0.25170352437054366
8583,2342805.0,0.2521094019902006
8584,2342865.0,0.25254294752642864
8585,2342925.0,0.25476562272184866
8586,2342985.0,0.2565366630259603
8587,2343045.0,0.2579997884888681
8588,2343105.0,0.2594761680182808
8589,2343165.0,0.26100459214001986
8590,2343225.0,0.26144154666002073
8591,2343285.0,0.2621513480123047
8592,2343345.0,0.26220582803711967
8593,2343405.0,0.26249982677369554
8594,2343465.0,0.2627447872924537
8595,2343525.0,0.2629656724307923
8596,2343585.0,0.2633565542941638
8597,2343645.0,0.263722752673327
8598,2343705.0,0.26428406707115826
8599,2343765.0,0.2634279104184135
8600,2343825.0,0.2624382576282903
8601,2343885.0,0.26149293420507236
8602,2343945.0,0.2594780264576737
8603,2344005.0,0.25825907184059504
8604,2344065.0,0.257209007934598
8605,2344125.0,0.2561650842423582
8606,2344185.0,0.25662512909952023
8607,2344245.0,0.25776425077894305
8608,2344305.0,0.258713537753394
8609,2344365.0,0.25930242691401434
8610,2344425.0,0.2598834885081115
8611,2344485.0,0.26068910813670093
8612,2344545.0,0.2608405716065916
8613,2344605.0,0.26114044187242036
8614,2344665.0,0.26117900381187487
8615,2344725.0,0.26112540059339484
8616,2344785.0,0.2611333578635967
8617,2344845.0,0.26136032276217236
8618,2344905.0,0.26160015697290323
8619,2344965.0,0.2610297663131107
8620,2345025.0,0.2601208295500647
8621,2345085.0,0.2595192716087106
8622,2345145.0,0.2592893063142424
8623,2345205.0,0.26024836510179594
8624,2345265.0,0.26061221338532536
8625,2345325.0,0.26134956556096833
8626,2345385.0,0.2614737382391288
8627,2345445.0,0.26206614893885816
8628,2345505.0,0.26284900259501365
8629,2345565.0,0.26271763494355954
8630,2345625.0,0.2627997540813022
8631,2345685.0,0.26285061812449695
8632,2345748.0,0.26313648852689236
8633,2345805.0,0.26233310321834213
8634,2345865.0,0.26082028565502174
8635,2345925.0,0.2578649989804881
8636,2345985.0,0.255673595720843
8637,2346045.0,0.2539486153734761
8638,2346105.0,0.25283108502816676
8639,2346165.0,0.25240976253001646
8640,2346225.0,0.2536391558587289
8641,2346285.0,0.25434909071586753
8642,2346345.0,0.2558804875617214
8643,2346405.0,0.25655836734877324
8644,2346465.0,0.25705693006398034
8645,2346525.0,0.2576065934603161
8646,2346585.0,0.25730187990440545
8647,2346645.0,0.2569401799997545
8648,2346705.0,0.2565600798967489
8649,2346765.0,0.2563094574785931
8650,2346825.0,0.2564425359820902
8651,2346885.0,0.2565947902551281
8652,2346945.0,0.2567618829666428
8653,2347005.0,0.2558902516813295
8654,2347065.0,0.25488103716394717
8655,2347128.0,0.254175512324037
8656,2347185.0,0.2545332295023839
8657,2347245.0,0.2546867842862308
8658,2347305.0,0.2547353501156022
8659,2347365.0,0.25472263343209045
8660,2347425.0,0.25472574533173786
8661,2347485.0,0.25365273182932274
8662,2347545.0,0.2529070304930857
8663,2347605.0,0.2528114556344933
8664,2347665.0,0.25248382918072254
8665,2347725.0,0.25220692116911403
8666,2347785.0,0.2522215137223119
8667,2347845.0,0.252475380696324
8668,2347905.0,0.25199232452748355
8669,2347965.0,0.25107060969138234
8670,2348025.0,0.24828404871371146
8671,2348085.0,0.24518086952532217
8672,2348145.0,0.24349878386549242
8673,2348205.0,0.24247153434073673
8674,2348265.0,0.24164548198175564
8675,2348325.0,0.2430686347079917
8676,2348385.0,0.24406101356930368
8677,2348445.0,0.24408545834412357
8678,2348505.0,0.24483570540047406
8679,2348565.0,0.2454580093190081
8680,2348628.0,0.24517097139453853
8681,2348685.0,0.2448921081635156
8682,2348745.0,0.24470469632541914
8683,2348805.0,0.24468989374504135
8684,2348865.0,0.2446456156913885
8685,2348925.0,0.2446195862625478
8686,2348985.0,0.24456107091163748
8687,2349045.0,0.24455109028481156
8688,2349105.0,0.24448411010532609
8689,2349165.0,0.2443109453487894
8690,2349225.0,0.2439333469832935
8691,2349285.0,0.24390836807812105
8692,2349345.0,0.24387022775239
8693,2349405.0,0.243846159795931
8694,2349465.0,0.24397770837450083
8695,2349525.0,0.24364324090943865
8696,2349585.0,0.24336370472158286
8697,2349645.0,0.24278543058206803
8698,2349705.0,0.24255758312612302
8699,2349765.0,0.24253484179556203
8700,2349825.0,0.24223316475135562
8701,2349885.0,0.24218932436231433
8702,2349945.0,0.2422248337041078
8703,2350005.0,0.24237046221121367
8704,2350065.0,0.2424529966867387
8705,2350128.0,0.24241657543878553
8706,2350185.0,0.2415943995816918
8707,2350245.0,0.24106937396935416
8708,2350305.0,0.23977057396355245
8709,2350365.0,0.23804552050668507
8710,2350425.0,0.2376616310532604
8711,2350485.0,0.23734450724510323
8712,2350545.0,0.23730864660026896
8713,2350605.0,0.23744264545856283
8714,2350665.0,0.23674788567767138
8715,2350725.0,0.23600799283471444
8716,2350785.0,0.23505725032416908
8717,2350845.0,0.23456592255539055
8718,2350908.0,0.2340583993614798
8719,2350965.0,0.2339903211474693
8720,2351025.0,0.23410195700260122
8721,2351088.0,0.23428202313719798
8722,2351145.0,0.23358086311830237
8723,2351205.0,0.23250138465558395
8724,2351265.0,0.22973772731935838
8725,2351325.0,0.22799620381632166
8726,2351385.0,0.22675659127226308
8727,2351445.0,0.22718090764138876
8728,2351505.0,0.22765183182956625
8729,2351565.0,0.22808209621655562
8730,2351625.0,0.22788480263125765
8731,2351685.0,0.22763798588106374
8732,2351745.0,0.22751387384273244
8733,2351805.0,0.22732687519462694
8734,2351865.0,0.2271061501303402
8735,2351925.0,0.22684885721429546
8736,2351985.0,0.22666019437678267
8737,2352045.0,0.2267297955139524
8738,2352105.0,0.2269185899678346
8739,2352165.0,0.2271177462689465
8740,2352225.0,0.22719062198131817
8741,2352285.0,0.22720040167032257
8742,2352345.0,0.22724937968743458
8743,2352405.0,0.22731810356376841
8744,2352465.0,0.22730906951758834
8745,2352525.0,0.22731822536983468
8746,2352585.0,0.22710010861665603
8747,2352645.0,0.2268020676732507
8748,2352705.0,0.22655567507584426
8749,2352765.0,0.22658276410396636
8750,2352825.0,0.22686497363256952
8751,2352885.0,0.22607805505578082
8752,2352945.0,0.22606919696226474
8753,2353005.0,0.22562171078830992
8754,2353065.0,0.2249041145060243
8755,2353125.0,0.22479590933838767
8756,2353185.0,0.22491157910045156
8757,2353245.0,0.22513846993843026
8758,2353305.0,0.2252466561298151
8759,2353365.0,0.22507295017040507
8760,2353425.0,0.22455764458308924
8761,2353485.0,0.22531823473756465
8762,2353545.0,0.22659985732427365
8763,2353605.0,0.22732350521449035
8764,2353665.0,0.22802966266955005
8765,2353725.0,0.22691923165020486
8766,2353785.0,0.22586207549213833
8767,2353845.0,0.22423284815747666
8768,2353905.0,0.222367791979479
8769,2353965.0,0.22049206854808032
8770,2354025.0,0.21980553618839538
8771,2354085.0,0.21868434521572921
8772,2354145.0,0.21838351159119354
8773,2354205.0,0.21806102123859225
8774,2354265.0,0.21778407047029388
8775,2354325.0,0.21755590930855545
8776,2354385.0,0.2171891789768936
8777,2354445.0,0.21688686461168
8778,2354505.0,0.2164057866993657
8779,2354565.0,0.21588503945318016
8780,2354625.0,0.21650836249304442
8781,2354685.0,0.21728433834482802
8782,2354745.0,0.21867640148404197
8783,2354805.0,0.22016868584356084
8784,2354865.0,0.22167733350153376
8785,2354925.0,0.22274233184848397
8786,2354985.0,0.2221456459005677
8787,2355045.0,0.2210956031671181
8788,2355105.0,0.22022441069280838
8789,2355165.0,0.21967222728030222
8790,2355225.0,0.21897937594308814
8791,2355285.0,0.21796075676567345
8792,2355345.0,0.2176346770159927
8793,2355405.0,0.21742915913623584
8794,2355465.0,0.21751732108998284
8795,2355525.0,0.2176587742203518
8796,2355585.0,0.2176034440275516
8797,2355645.0,0.21735447668319052
8798,2355705.0,0.21721059149550437
8799,2355765.0,0.21723341939036528
8800,2355825.0,0.21678251133980211
8801,2355885.0,0.21611222107225833
8802,2355945.0,0.21519376382967537
8803,2356005.0,0.21279243484536736
8804,2356065.0,0.21192835533192014
8805,2356125.0,0.21126495817106106
8806,2356185.0,0.2113461277923802
8807,2356245.0,0.21168567964185497
8808,2356305.0,0.2108606166003198
8809,2356365.0,0.21084777774391647
8810,2356425.0,0.21086625091275907
8811,2356485.0,0.21077666473325968
8812,2356545.0,0.21065760557949173
8813,2356605.0,0.2104810468775236
8814,2356665.0,0.2102544579001796
8815,2356725.0,0.21002842398330523
8816,2356785.0,0.20990829887113907
8817,2356845.0,0.20931219707499713
8818,2356905.0,0.2082567760893693
8819,2356965.0,0.2070229780781849
8820,2357025.0,0.20525968128536765
8821,2357085.0,0.20431337767700836
8822,2357145.0,0.20404789839465015
8823,2357205.0,0.20473170551546818
8824,2357265.0,0.20503981488741535
8825,2357325.0,0.20508408849725993
8826,2357385.0,0.20509799771576478
8827,2357445.0,0.20520288331940442
8828,2357505.0,0.20540063735321845
8829,2357565.0,0.2054112238984167
8830,2357625.0,0.20501147094529718
8831,2357685.0,0.2046672258773718
8832,2357745.0,0.2043564142935892
8833,2357805.0,0.20425398244439263
8834,2357865.0,0.20434731991496435
8835,2357925.0,0.20458874952095824
8836,2357985.0,0.20346262776209256
8837,2358048.0,0.20211701599878984
8838,2358105.0,0.20083212709096726
8839,2358165.0,0.19963162955847036
8840,2358225.0,0.19917719098349385
8841,2358285.0,0.2002756268396903
8842,2358345.0,0.20098733248172473
8843,2358405.0,0.20204729555338188
8844,2358465.0,0.20334559723738518
8845,2358525.0,0.20434436906785403
8846,2358585.0,0.2043409115778701
8847,2358645.0,0.20416686895844496
8848,2358705.0,0.20403324789848554
8849,2358765.0,0.20383249306113901
8850,2358825.0,0.20367334412430038
8851,2358885.0,0.20363558395234943
8852,2358945.0,0.2029256348454036
8853,2359005.0,0.20166320509217375
8854,2359065.0,0.20042783498064726
8855,2359125.0,0.19776341430786717
8856,2359185.0,0.19567501913840105
8857,2359245.0,0.19436691838336076
8858,2359305.0,0.19424003194461567
8859,2359365.0,0.1943422922175541
8860,2359425.0,0.19560798376234104
8861,2359485.0,0.19686264317994995
8862,2359545.0,0.19800752946875808
8863,2359605.0,0.19889048685767888
8864,2359665.0,0.1989567059069216
8865,2359725.0,0.1988634896493298
8866,2359785.0,0.19887795705551323
8867,2359845.0,0.19875305294046117
8868,2359905.0,0.19865789374743967
8869,2359965.0,0.19808283214238315
8870,2360025.0,0.19708129373721375
8871,2360085.0,0.1959623517223479
8872,2360145.0,0.1944599497761724
8873,2360205.0,0.19306312646653895
8874,2360265.0,0.1916446285429063
8875,2360325.0,0.19059127690432154
8876,2360388.0,0.19021348942735786
8877,2360445.0,0.19007077729208066
8878,2360505.0,0.18996179954908154
8879,2360565.0,0.18995715607798574
8880,2360625.0,0.1901545762804128
8881,2360685.0,0.19110405663193858
8882,2360745.0,0.19218717684910502
8883,2360805.0,0.19282868628112473
8884,2360865.0,0.19344739737096042
8885,2360925.0,0.19416106803469896
8886,2360985.0,0.1949685780782654
8887,2361045.0,0.1950748039271364
8888,2361105.0,0.1952535601227452
8889,2361165.0,0.19553849628763917
8890,2361225.0,0.19480688586369094
8891,2361285.0,0.19395074754966599
8892,2361345.0,0.19290163137766275
8893,2361405.0,0.19182891864735727
8894,2361465.0,0.1917608751946876
8895,2361525.0,0.1916835667934711
8896,2361585.0,0.1915981297840127
8897,2361645.0,0.19179989608142387
8898,2361705.0,0.19194296559095697
8899,2361765.0,0.19198499830722202
8900,2361825.0,0.19195813611603396
8901,2361885.0,0.19197017844824046
8902,2361945.0,0.19202369839063105
8903,2362005.0,0.1921353446260287
8904,2362065.0,0.19182353240230424
8905,2362125.0,0.1909188682676021
8906,2362185.0,0.18992027838654618
8907,2362245.0,0.18827305509006492
8908,2362305.0,0.18672210818489973
8909,2362365.0,0.18539579392268618
8910,2362425.0,0.1844484676219131
8911,2362485.0,0.18349129074697243
8912,2362545.0,0.1832395735373188
8913,2362605.0,0.18303763129976677
8914,2362665.0,0.18278872512901226
8915,2362725.0,0.18271151065127367
8916,2362785.0,0.18269818007051283
8917,2362845.0,0.18313203203988185
8918,2362905.0,0.18354244628553587
8919,2362965.0,0.18371294527338947
8920,2363025.0,0.18362536389034434
8921,2363085.0,0.18329835537132402
8922,2363145.0,0.18290051038818186
8923,2363205.0,0.18253701284269944
8924,2363265.0,0.18238572228687983
8925,2363325.0,0.18249013607494122
8926,2363385.0,0.1820154905478081
8927,2363445.0,0.1811297655131592
8928,2363505.0,0.17989048211042075
8929,2363565.0,0.17847607284040926
8930,2363625.0,0.17701759176715692
8931,2363685.0,0.17655078027320056
8932,2363745.0,0.1760926177463688
8933,2363805.0,0.17649899601646313
8934,2363865.0,0.1775010585724091
8935,2363925.0,0.17876707310146736
8936,2363985.0,0.1801394616203195
8937,2364045.0,0.18138595822304543
8938,2364105.0,0.1825093780879515
8939,2364165.0,0.1828981391801812
8940,2364225.0,0.18353036673998785
8941,2364285.0,0.18297804359309455
8942,2364345.0,0.1820901249432439
8943,2364405.0,0.18069409667820566
8944,2364465.0,0.17924652782043513
8945,2364525.0,0.17788472167379962
8946,2364585.0,0.17681123243881752
8947,2364645.0,0.17646497797712363
8948,2364705.0,0.176323254053155
8949,2364765.0,0.1761198687604187
8950,2364825.0,0.17588540934156785
8951,2364888.0,0.1758915336102444
8952,2364945.0,0.17589479790367818
8953,2365005.0,0.1759364495193987
8954,2365065.0,0.17755877734674166
8955,2365125.0,0.17914349952337097
8956,2365185.0,0.17942822586140575
8957,2365245.0,0.17972553786445833
8958,2365305.0,0.18019586993580874
8959,2365365.0,0.18097958074423048
8960,2365425.0,0.1806234593408699
8961,2365485.0,0.17963030182347609
8962,2365545.0,0.17798090862819874
8963,2365605.0,0.17624933434988344
8964,2365665.0,0.17466242101355942
8965,2365725.0,0.1736771906851383
8966,2365785.0,0.17370808177179858
8967,2365845.0,0.17348550271087326
8968,2365905.0,0.1732205325643594
8969,2365965.0,0.17284816651086535
8970,2366025.0,0.1725551465531111
8971,2366085.0,0.17332706473902446
8972,2366148.0,0.17434847132356895
8973,2366205.0,0.175080413319888
8974,2366265.0,0.1755950887563265
8975,2366325.0,0.17599075785175206
8976,2366385.0,0.17646816327878329
8977,2366445.0,0.17699836229290686
8978,2366505.0,0.17757549998770092
8979,2366565.0,0.17820142730460725
8980,2366625.0,0.17880324906343759
8981,2366685.0,0.17877421362023807
8982,2366745.0,0.1786750742455499
8983,2366805.0,0.17865298433449242
8984,2366865.0,0.1776418324256391
8985,2366925.0,0.17662200790182267
8986,2366985.0,0.1755418379183673
8987,2367045.0,0.17460768674904753
8988,2367105.0,0.1745373007551367
8989,2367165.0,0.17430572450377074
8990,2367225.0,0.17410089909258838
8991,2367285.0,0.17498459625588458
8992,2367345.0,0.1761144293097909
8993,2367405.0,0.17695525894260408
8994,2367465.0,0.17760802174361223
8995,2367525.0,0.1782539692323316
8996,2367585.0,0.1783064045181326
8997,2367645.0,0.17834110910592635
8998,2367705.0,0.17841572907607817
8999,2367765.0,0.1794287734308929
9000,2367825.0,0.1789737349554194
9001,2367885.0,0.17806652625012667
9002,2367945.0,0.17653498816934624
9003,2368005.0,0.17494693088377242
9004,2368065.0,0.17382526553684866
9005,2368125.0,0.173623362974837
9006,2368185.0,0.17434277876092422
9007,2368245.0,0.17481268091285213
9008,2368305.0,0.17515996604105516
9009,2368365.0,0.1755245028657457
9010,2368425.0,0.176172060466702
9011,2368485.0,0.1769194509393373
9012,2368545.0,0.1776946627256705
9013,2368605.0,0.1777229721322871
9014,2368665.0,0.17762190655958965
9015,2368725.0,0.17748760448321937
9016,2368785.0,0.17756448940615904
9017,2368845.0,0.17771597385632
9018,2368905.0,0.1778577076576556
9019,2368965.0,0.1782085718120029
9020,2369025.0,0.1788079145027453
9021,2369085.0,0.17864583113365126
9022,2369145.0,0.17820265222398834
9023,2369205.0,0.1774990393538973
9024,2369265.0,0.17596325886426847
9025,2369325.0,0.17478564892502912
9026,2369385.0,0.17510844147469595
9027,2369445.0,0.17580503515754678
9028,2369505.0,0.17652226044156
9029,2369565.0,0.1766520151863623
9030,2369625.0,0.17674408029455774
9031,2369685.0,0.17691832674524674
9032,2369748.0,0.17713002160921357
9033,2369805.0,0.17728026337773536
9034,2369865.0,0.17820046891713068
9035,2369925.0,0.17903002938780907
9036,2369985.0,0.1800344990760046
9037,2370045.0,0.18098266093250426
9038,2370105.0,0.1809800290357941
9039,2370165.0,0.18087037260861216
9040,2370225.0,0.1795579797240103
9041,2370285.0,0.17830656202124012
9042,2370345.0,0.17734033617380526
9043,2370405.0,0.176573138271714
9044,2370465.0,0.1763466164063307
9045,2370525.0,0.17609535745007732
9046,2370585.0,0.17585999994366683
9047,2370645.0,0.17587818084359025
9048,2370705.0,0.17611962582865606
9049,2370765.0,0.17634860394055274
9050,2370825.0,0.17652141757134765
9051,2370885.0,0.17664590323668017
9052,2370945.0,0.17669568384847326
9053,2371005.0,0.17669230964266644
9054,2371065.0,0.1766740738841007
9055,2371125.0,0.17663936905152827
9056,2371185.0,0.17705020088901047
9057,2371245.0,0.17803563585831114
9058,2371305.0,0.17914103071756415
9059,2371365.0,0.18038861600269368
9060,2371425.0,0.18173445394453916
9061,2371485.0,0.18187447194448422
9062,2371545.0,0.18101284976033605
9063,2371605.0,0.18021458975306826
9064,2371665.0,0.17942332135373126
9065,2371725.0,0.1786226163380684
9066,2371785.0,0.1775836127505873
9067,2371845.0,0.17731001334124374
9068,2371905.0,0.17709245928885087
9069,2371965.0,0.17687034983416078
9070,2372025.0,0.17654694801711107
9071,2372085.0,0.1762515698487225
9072,2372145.0,0.1760208407405312
9073,2372208.0,0.17583816187187565
9074,2372265.0,0.1756321684893313
9075,2372325.0,0.17529946936345747
9076,2372385.0,0.17615559235367695
9077,2372445.0,0.1768077270870952
9078,2372505.0,0.17750247119822146
9079,2372565.0,0.1782567306257347
9080,2372625.0,0.17832536780431954
9081,2372685.0,0.17843044221940163
9082,2372745.0,0.1785871897042278
9083,2372805.0,0.17872572032580036
9084,2372865.0,0.17882848093469014
9085,2372925.0,0.17890923333547654
9086,2372985.0,0.1789698452328994
9087,2373045.0,0.17900926066537826
9088,2373105.0,0.17902986410807126
9089,2373165.0,0.17903420998813704
9090,2373225.0,0.17899073049691971
9091,2373285.0,0.17888562507765682
9092,2373345.0,0.1789025826931025
9093,2373405.0,0.17887311927648564
9094,2373465.0,0.17903877153943137
9095,2373525.0,0.1792462810574383
9096,2373585.0,0.17936036092704985
9097,2373645.0,0.17899952078695308
9098,2373705.0,0.17861141223566643
9099,2373765.0,0.1783741525453806
9100,2373825.0,0.17846734400323241
9101,2373885.0,0.17908250189568342
9102,2373945.0,0.17970897045017298
9103,2374005.0,0.18021083196967833
9104,2374065.0,0.18058925738500062
9105,2374128.0,0.18081708904001795
9106,2374185.0,0.180905661696811
9107,2374245.0,0.1809663482452217
9108,2374305.0,0.1811433608449703
9109,2374365.0,0.18142308163013082
9110,2374425.0,0.18163346097857286
9111,2374485.0,0.18179663227744705
9112,2374545.0,0.18208581550128428
9113,2374605.0,0.1818858287772304
9114,2374665.0,0.18120004079463817
9115,2374725.0,0.18027770938178575
9116,2374785.0,0.17917028422839665
9117,2374845.0,0.17812830906790492
9118,2374905.0,0.177124681428452
9119,2374965.0,0.17682693462122157
9120,2375025.0,0.17660408279186188
9121,2375085.0,0.17646231219961142
9122,2375145.0,0.1763533611071742
9123,2375205.0,0.17649740511449227
9124,2375265.0,0.1765877826878649
9125,2375325.0,0.1765449511897387
9126,2375385.0,0.17656123204786875
9127,2375445.0,0.17670871368298305
9128,2375505.0,0.1767829448821141
9129,2375565.0,0.17690673588032627
9130,2375625.0,0.17705456814224826
9131,2375685.0,0.17720377909239834
9132,2375745.0,0.1774176991265281
9133,2375805.0,0.1774956086309012
9134,2375865.0,0.17585286777493522
9135,2375925.0,0.1741883303710493
9136,2375985.0,0.17389483921930163
9137,2376045.0,0.17365722378991158
9138,2376105.0,0.1733648838409048
9139,2376165.0,0.1730458483695442
9140,2376225.0,0.17275990210568906
9141,2376285.0,0.1729212968616415
9142,2376345.0,0.17311577499470449
9143,2376405.0,0.1733006551053838
9144,2376465.0,0.17341829072313686
9145,2376525.0,0.17341742478739375
9146,2376585.0,0.17330938538133947
9147,2376645.0,0.1744239181956459
9148,2376705.0,0.1757855700994721
9149,2376765.0,0.1759622321469162
9150,2376825.0,0.17623535109459784
9151,2376885.0,0.17557599088103648
9152,2376945.0,0.1743928645115033
9153,2377005.0,0.17336591828142953
9154,2377065.0,0.17246311298507463
9155,2377125.0,0.17169169700673656
9156,2377185.0,0.17102306255727517
9157,2377245.0,0.17045020244850165
9158,2377305.0,0.16990599807114662
9159,2377365.0,0.16922330098528274
9160,2377425.0,0.16850029897505522
9161,2377485.0,0.16836037436361848
9162,2377545.0,0.16838274032886172
9163,2377605.0,0.1681016803469916
9164,2377665.0,0.1689414880964027
9165,2377725.0,0.1697547726983088
9166,2377785.0,0.1707754514110431
9167,2377845.0,0.1718928558695828
9168,2377908.0,0.17315951724400308
9169,2377965.0,0.1740915930022925
9170,2378025.0,0.1741108380836812
9171,2378085.0,0.17328344962943792
9172,2378145.0,0.1722838632568673
9173,2378205.0,0.17140797016096082
9174,2378265.0,0.1706645906016262
9175,2378325.0,0.16996828913783127
9176,2378385.0,0.1699377206630766
9177,2378445.0,0.1700100476889631
9178,2378505.0,0.17001041327112787
9179,2378565.0,0.16915758354946417
9180,2378625.0,0.16898119483513774
9181,2378685.0,0.16864886956197822
9182,2378745.0,0.16940063675525688
9183,2378805.0,0.1707002176613399
9184,2378865.0,0.17220535771048576
9185,2378925.0,0.17285975306508786
9186,2378985.0,0.17337062036645334
9187,2379045.0,0.17362330701681272
9188,2379105.0,0.1733124145404817
9189,2379165.0,0.17290585322984717
9190,2379225.0,0.1724912638288479
9191,2379285.0,0.17185568104397836
9192,2379345.0,0.17109309602877865
9193,2379405.0,0.17103522583376932
9194,2379465.0,0.17114982330604733
9195,2379525.0,0.17133575717961957
9196,2379585.0,0.1715503644762687
9197,2379645.0,0.1716353089319883
9198,2379705.0,0.17164751781815268
9199,2379765.0,0.17165840683898245
9200,2379825.0,0.17052472752376432
9201,2379885.0,0.16960122635666702
9202,2379945.0,0.1697052327314265
9203,2380005.0,0.17005636264114418
9204,2380065.0,0.17103497778148571
9205,2380125.0,0.17199576830109375
9206,2380185.0,0.1724122184839099
9207,2380245.0,0.1719062734858698
9208,2380305.0,0.17119628523534736
9209,2380365.0,0.17123286406632027
9210,2380425.0,0.1713122606965766
9211,2380485.0,0.1722775950122466
9212,2380545.0,0.17338441165764767
9213,2380608.0,0.17356535524964112
9214,2380665.0,0.17296019226691053
9215,2380725.0,0.17243129665839943
9216,2380785.0,0.1716937468534785
9217,2380845.0,0.1711060655560571
9218,2380905.0,0.17053883413610788
9219,2380965.0,0.16966312130115865
9220,2381025.0,0.16957776441929773
9221,2381085.0,0.16950188277111455
9222,2381145.0,0.17034888319881242
9223,2381205.0,0.17132957718353897
9224,2381265.0,0.17138841625573148
9225,2381325.0,0.1714593945992868
9226,2381385.0,0.17156412718653322
9227,2381445.0,0.17163455196759383
9228,2381505.0,0.17166759959188013
9229,2381565.0,0.17279211565369393
9230,2381625.0,0.1729197974001304
9231,2381685.0,0.17301384163858993
9232,2381745.0,0.17320137136449673
9233,2381805.0,0.17340347792348274
9234,2381865.0,0.1736237383649585
9235,2381925.0,0.1738570747354101
9236,2381985.0,0.17367778124867495
9237,2382045.0,0.1729186607485264
9238,2382105.0,0.17195718307972413
9239,2382165.0,0.17071713887182685
9240,2382225.0,0.17036341604664063
9241,2382285.0,0.1703705873208656
9242,2382345.0,0.17015369504080458
9243,2382405.0,0.170089813769559
9244,2382465.0,0.17006648909995398
9245,2382525.0,0.17007230962890388
9246,2382588.0,0.17109783175307028
9247,2382645.0,0.1720943991227414
9248,2382705.0,0.17302655841586234
9249,2382765.0,0.17388062485112815
9250,2382825.0,0.1747810481415817
9251,2382885.0,0.1756406556065569
9252,2382945.0,0.1764058836358266
9253,2383005.0,0.17632913568541878
9254,2383065.0,0.17650936074919743
9255,2383125.0,0.1768694952451773
9256,2383185.0,0.17619162278331094
9257,2383245.0,0.17566855444963528
9258,2383305.0,0.1750679243386288
9259,2383365.0,0.17439310492242746
9260,2383425.0,0.1743875230285839
9261,2383485.0,0.1743888782532443
9262,2383545.0,0.17436912095380824
9263,2383605.0,0.1743193969215737
9264,2383665.0,0.17424113530772287
9265,2383725.0,0.17418805159778808
9266,2383785.0,0.1741385726590832
9267,2383845.0,0.17407633375152579
9268,2383908.0,0.17395337941398792
9269,2383965.0,0.1747704033659427
9270,2384025.0,0.17593355305344524
9271,2384085.0,0.17716033136048662
9272,2384145.0,0.17830193716733897
9273,2384205.0,0.17930372592157767
9274,2384265.0,0.17933548721740383
9275,2384325.0,0.17939169753809767
9276,2384385.0,0.17932528212238208
9277,2384445.0,0.1791963063854751
9278,2384505.0,0.1790675876236302
9279,2384565.0,0.17898939355777557
9280,2384625.0,0.17877383317280704
9281,2384685.0,0.1783186749371597
9282,2384745.0,0.17769388107165773
9283,2384805.0,0.1779944831591098
9284,2384865.0,0.1787616557188743
9285,2384925.0,0.17982250952442172
9286,2384985.0,0.18088541650509812
9287,2385045.0,0.1819272924449943
9288,2385105.0,0.18305107428241124
9289,2385165.0,0.18373895255178002
9290,2385225.0,0.18381072870560236
9291,2385285.0,0.18385598786619758
9292,2385345.0,0.18391787109280489
9293,2385405.0,0.18397436265687628
9294,2385465.0,0.18389401055395913
9295,2385525.0,0.18353553594320196
9296,2385585.0,0.1830241479132014
9297,2385645.0,0.1826105699446564
9298,2385705.0,0.18249846863954866
9299,2385768.0,0.18264547712256243
9300,2385825.0,0.18274729373045942
9301,2385885.0,0.18274398049833043
9302,2385945.0,0.18273084339101103
9303,2386005.0,0.18263835939701797
9304,2386065.0,0.18243239859870025
9305,2386125.0,0.18281870523204294
9306,2386185.0,0.18376427121060365
9307,2386245.0,0.1847297556234071
9308,2386305.0,0.1857213455438579
9309,2386365.0,0.18661862839990698
9310,2386425.0,0.18753379852683344
9311,2386485.0,0.18768449844765478
9312,2386545.0,0.18779917068116841
9313,2386605.0,0.18783175613604297
9314,2386665.0,0.1877896024463754
9315,2386725.0,0.18775103033746046
9316,2386785.0,0.1877485198415831
9317,2386845.0,0.18763527140038214
9318,2386905.0,0.18804880903662516
9319,2386965.0,0.18886133867226865
9320,2387025.0,0.18957723382666572
9321,2387085.0,0.19177707639077615
9322,2387145.0,0.19391289180806395
9323,2387205.0,0.19500957049252038
9324,2387265.0,0.195749168297009
9325,2387325.0,0.1966459536648353
9326,2387385.0,0.1968182189933385
9327,2387445.0,0.19587455376242863
9328,2387505.0,0.19476836261834748
9329,2387565.0,0.19496803554964426
9330,2387625.0,0.19496149025395795
9331,2387685.0,0.19493910052618896
9332,2387745.0,0.1952225598326567
9333,2387805.0,0.19570991151345488
9334,2387865.0,0.1961858380416661
9335,2387925.0,0.19652078508297102
9336,2387985.0,0.19667067819154804
9337,2388045.0,0.19665258772058145
9338,2388105.0,0.19649772769360824
9339,2388165.0,0.19728155798871683
9340,2388225.0,0.19837654077804903
9341,2388285.0,0.19947371579595707
9342,2388345.0,0.20063702343268244
9343,2388405.0,0.20206786038378657
9344,2388465.0,0.20235651254624212
9345,2388525.0,0.2016909770207481
9346,2388585.0,0.20075473639214889
9347,2388645.0,0.1993400632839685
9348,2388705.0,0.197778352615092
9349,2388765.0,0.1967605235886666
9350,2388825.0,0.19680299562818399
9351,2388885.0,0.19683815545486855
9352,2388945.0,0.19675696238652193
9353,2389005.0,0.19657171469881013
9354,2389065.0,0.19757315782616033
9355,2389125.0,0.19894326705295012
9356,2389185.0,0.2004659386275441
9357,2389245.0,0.20179649165209426
9358,2389305.0,0.20311248144468794
9359,2389365.0,0.20453109078696358
9360,2389425.0,0.20571186552455736
9361,2389485.0,0.2068390211918103
9362,2389545.0,0.20695233234127577
9363,2389605.0,0.20570984196275827
9364,2389665.0,0.20436634074579585
9365,2389725.0,0.20319896821133393
9366,2389785.0,0.20202514532342075
9367,2389845.0,0.2014263132004364
9368,2389905.0,0.20131153432961038
9369,2389965.0,0.2011845802005276
9370,2390025.0,0.2010442166318039
9371,2390085.0,0.2011233154515423
9372,2390145.0,0.20241339038745257
9373,2390208.0,0.20382413217219472
9374,2390268.0,0.2045561820071955
9375,2390325.0,0.20491110846640406
9376,2390385.0,0.20556290715569345
9377,2390445.0,0.2063989062034552
9378,2390505.0,0.20745717742396028
9379,2390565.0,0.20852809682391232
9380,2390625.0,0.20885171251350473
9381,2390685.0,0.20912164969952535
9382,2390745.0,0.20848928895830446
9383,2390805.0,0.20747262863267132
9384,2390865.0,0.2066810480591073
9385,2390925.0,0.20588946510042222
9386,2390985.0,0.2052259847996399
9387,2391045.0,0.20539066745275955
9388,2391108.0,0.20564263423262436
9389,2391165.0,0.20578624605096743
9390,2391225.0,0.20587079187716084
9391,2391285.0,0.2049395134346747
9392,2391345.0,0.203723656529026
9393,2391405.0,0.20424398237186042
9394,2391465.0,0.2053562380071668
9395,2391525.0,0.20658164247028912
9396,2391585.0,0.20760725545685413
9397,2391645.0,0.2084681102267317
9398,2391705.0,0.20925905703999995
9399,2391768.0,0.21010602506186388
9400,2391825.0,0.21009882927167026
9401,2391885.0,0.20993583262105522
9402,2391945.0,0.20883584569760053
9403,2392005.0,0.2077079108297579
9404,2392065.0,0.2078541676873982
9405,2392125.0,0.20808961748800822
9406,2392185.0,0.20809629000728888
9407,2392245.0,0.20783460840555917
9408,2392305.0,0.2085750106055414
9409,2392365.0,0.20863149732033517
9410,2392425.0,0.21079846640155955
9411,2392485.0,0.2129096632984636
9412,2392545.0,0.21471932326361917
9413,2392605.0,0.21566968122152894
9414,2392665.0,0.21641979564185845
9415,2392725.0,0.2165511716018102
9416,2392785.0,0.2166052023779583
9417,2392845.0,0.21655397049317288
9418,2392905.0,0.21636517658097326
9419,2392965.0,0.21623653926690214
9420,2393025.0,0.21522240647133234
9421,2393085.0,0.2143515176224904
9422,2393145.0,0.2143595623216162
9423,2393205.0,0.21428061930485698
9424,2393265.0,0.21467282826530226
9425,2393325.0,0.21565759163041712
9426,2393385.0,0.2159159311712781
9427,2393445.0,0.21765009102775731
9428,2393505.0,0.21873143381817095
9429,2393565.0,0.2197354908741901
9430,2393625.0,0.2200101576914692
9431,2393685.0,0.22000004901702497
9432,2393745.0,0.22014160693087093
9433,2393805.0,0.22034075809025214
9434,2393865.0,0.2203275681131092
9435,2393928.0,0.2202418629114884
9436,2393985.0,0.22011696936165778
9437,2394045.0,0.22013332458346002
9438,2394105.0,0.22009448278667443
9439,2394165.0,0.2201241191267474
9440,2394225.0,0.22021735296204442
9441,2394285.0,0.22030747614807183
9442,2394345.0,0.2203040073949352
9443,2394405.0,0.22019482571014268
9444,2394465.0,0.21999730927477776
9445,2394525.0,0.22094329396089515
9446,2394585.0,0.22233038403861843
9447,2394645.0,0.2235236388538642
9448,2394705.0,0.2247880341392584
9449,2394765.0,0.22503392052156354
9450,2394825.0,0.22496515517489335
9451,2394885.0,0.22482185685001743
9452,2394945.0,0.22476482256506358
9453,2395005.0,0.22489703464548372
9454,2395065.0,0.22617872999228314
9455,2395125.0,0.22637380889190284
9456,2395185.0,0.22672337619258653
9457,2395245.0,0.22701894679394893
9458,2395305.0,0.22705045057059486
9459,2395365.0,0.22697209860384063
9460,2395425.0,0.22704137634099406
9461,2395485.0,0.22727485748854834
9462,2395545.0,0.22878979965799295
9463,2395605.0,0.2290554529662014
9464,2395665.0,0.22882437242501308
9465,2395725.0,0.22873891842966965
9466,2395785.0,0.22895023116552543
9467,2395848.0,0.2290302002335368
9468,2395905.0,0.22878215666934468
9469,2395965.0,0.22893829924725018
9470,2396025.0,0.2299204187418335
9471,2396085.0,0.23107752553432973
9472,2396145.0,0.2312183768857518
9473,2396205.0,0.23134322619293582
9474,2396265.0,0.23139151296096425
9475,2396325.0,0.2315485473522543
9476,2396388.0,0.23178966225326633
9477,2396445.0,0.23189079413061536
9478,2396505.0,0.23279012246662234
9479,2396565.0,0.23362622177285042
9480,2396625.0,0.23537695260754543
9481,2396685.0,0.23808023274195503
9482,2396745.0,0.24050469481454215
9483,2396805.0,0.2423968796499552
9484,2396865.0,0.24429486601827932
9485,2396925.0,0.2448993411850354
9486,2396985.0,0.24476678662984971
9487,2397045.0,0.24477770562883308
9488,2397105.0,0.24397209858330038
9489,2397165.0,0.24306518505102123
9490,2397225.0,0.24194525724002813
9491,2397285.0,0.24163068691752462
9492,2397345.0,0.24130187100554895
9493,2397405.0,0.2421896665396055
9494,2397465.0,0.2427042072488066
9495,2397525.0,0.24357391953103122
9496,2397588.0,0.24425691568575372
9497,2397645.0,0.24659094033583764
9498,2397705.0,0.24835625727227956
9499,2397765.0,0.2491600627073806
9500,2397825.0,0.24933312841733693
9501,2397885.0,0.24784352928218584
9502,2397945.0,0.2457976596689214
9503,2398005.0,0.2448721862866525
9504,2398065.0,0.24440712122889283
9505,2398125.0,0.24361821559935995
9506,2398185.0,0.24364694488650512
9507,2398245.0,0.24358219262970665
9508,2398305.0,0.24325849770819608
9509,2398365.0,0.24267975289563345
9510,2398425.0,0.2431010188288176
9511,2398485.0,0.24387769269599677
9512,2398545.0,0.2459699084480304
9513,2398605.0,0.24820130660977613
9514,2398665.0,0.24984183726074063
9515,2398725.0,0.25150820258307094
9516,2398785.0,0.2524402946103482
9517,2398845.0,0.25326222034359197
9518,2398905.0,0.2533824141423261
9519,2398965.0,0.2529176011673314
9520,2399025.0,0.2521993117620762
9521,2399085.0,0.2513474252325144
9522,2399145.0,0.25048521063868023
9523,2399205.0,0.24958183250731084
9524,2399265.0,0.2484106167407733
9525,2399325.0,0.2486858116617526
9526,2399385.0,0.24926828056289352
9527,2399445.0,0.25006124067969254
9528,2399508.0,0.252620408234157
9529,2399565.0,0.2549287700116456
9530,2399625.0,0.25677223354882006
9531,2399685.0,0.25781240406351624
9532,2399745.0,0.2587762286520907
9533,2399805.0,0.2593343276262031
9534,2399865.0,0.2588407999516694
9535,2399925.0,0.25804392972540113
9536,2399985.0,0.256790901279927
9537,2400045.0,0.25562749622100367
9538,2400105.0,0.25453500374714216
9539,2400165.0,0.25331366297254365
9540,2400225.0,0.25217990135076673
9541,2400285.0,0.2513396320744301
9542,2400345.0,0.2502900600129513
9543,2400405.0,0.2506258917795615
9544,2400465.0,0.2516152312463411
9545,2400525.0,0.2526710277983986
9546,2400585.0,0.2534810394228806
9547,2400645.0,0.2542566303503484
9548,2400705.0,0.25547308012939074
9549,2400765.0,0.2565568683914878
9550,2400825.0,0.2575108763533128
9551,2400885.0,0.2577164112083453
9552,2400945.0,0.25677865647324477
9553,2401008.0,0.2555626373734983
9554,2401065.0,0.25494018408333174
9555,2401125.0,0.2544569786531794
9556,2401185.0,0.2536414069769848
9557,2401245.0,0.2527186242496755
9558,2401305.0,0.25144649635698674
9559,2401365.0,0.2508562621845436
9560,2401425.0,0.2514914572332821
9561,2401485.0,0.25358512896361796
9562,2401545.0,0.25584649303890367
9563,2401605.0,0.25793311627063675
9564,2401665.0,0.2598765973707146
9565,2401725.0,0.2619186569724322
9566,2401785.0,0.26264481492369257
9567,2401845.0,0.2625422249156123
9568,2401905.0,0.26248999354878677
9569,2401965.0,0.26259882123495637
9570,2402025.0,0.2627797710717227
9571,2402085.0,0.2631319204395061
9572,2402145.0,0.263515701612988
9573,2402205.0,0.26300405125534787
9574,2402265.0,0.2618697595052578
9575,2402325.0,0.2606850963234767
9576,2402385.0,0.2595661910185638
9577,2402445.0,0.25867654588957156
9578,2402505.0,0.25787350307383355
9579,2402565.0,0.2569021618358631
9580,2402625.0,0.25667092608960845
9581,2402685.0,0.2571566054606732
9582,2402745.0,0.2585649206484875
9583,2402805.0,0.25990465512270433
9584,2402865.0,0.26097050705020164
9585,2402925.0,0.2620345866834432
9586,2402985.0,0.26344054941071493
9587,2403045.0,0.2648240416137002
9588,2403105.0,0.26513760538515774
9589,2403165.0,0.2640698328551034
9590,2403225.0,0.2618343604457209
9591,2403285.0,0.2597062696759879
9592,2403345.0,0.25770769659327797
9593,2403405.0,0.2566451441797723
9594,2403465.0,0.25581301623849356
9595,2403525.0,0.25559683298087743
9596,2403585.0,0.2554356364036109
9597,2403645.0,0.2550592160760492
9598,2403708.0,0.2560605241251177
9599,2403765.0,0.2580476501128025
9600,2403825.0,0.26056967519612345
9601,2403885.0,0.2624628048544403
9602,2403945.0,0.26484842003816345
9603,2404005.0,0.2670011194929204
9604,2404065.0,0.26761362860960103
9605,2404125.0,0.26741457092588605
9606,2404185.0,0.2671479954538365
9607,2404245.0,0.2654670930335956
9608,2404305.0,0.2645279191801178
9609,2404365.0,0.2637179923096049
9610,2404425.0,0.26382361551177247
9611,2404485.0,0.26331002788269964
9612,2404545.0,0.26275035222234244
9613,2404605.0,0.26293343784100665
9614,2404665.0,0.2630606560714902
9615,2404725.0,0.26322045431467844
9616,2404785.0,0.2633850633991366
9617,2404845.0,0.26320567572577397
9618,2404905.0,0.26303309046625944
9619,2404965.0,0.26268124520714653
9620,2405025.0,0.26237293428104613
9621,2405085.0,0.26222649223357125
9622,2405145.0,0.2621513749233509
9623,2405205.0,0.2621646487827544
9624,2405265.0,0.26336506780042496
9625,2405325.0,0.2633446038164221
9626,2405385.0,0.26143303337001556
9627,2405445.0,0.25956448022922235
9628,2405505.0,0.25960915713663923
9629,2405565.0,0.2606995780824697
9630,2405625.0,0.2608138249220032
9631,2405685.0,0.26076470362523324
9632,2405745.0,0.2607491946512273
9633,2405805.0,0.2605963170594646
9634,2405865.0,0.2599488622357856
9635,2405925.0,0.25973232963617976
9636,2405985.0,0.25958266101705874
9637,2406045.0,0.2596320683254272
9638,2406105.0,0.2599222420559255
9639,2406165.0,0.2602763242870545
9640,2406225.0,0.2603447517500014
9641,2406285.0,0.26009849243912586
9642,2406345.0,0.2587023479077944
9643,2406405.0,0.2576644810612398
9644,2406465.0,0.25677094992596355
9645,2406525.0,0.2555024620574575
9646,2406585.0,0.25396359243254163
9647,2406645.0,0.25258696977908257
9648,2406705.0,0.2513449424425266
9649,2406765.0,0.2509134805416027
9650,2406825.0,0.25077978509385324
9651,2406885.0,0.2506210686578427
9652,2406945.0,0.2513184725966449
9653,2407005.0,0.25277178554859825
9654,2407065.0,0.2544282628972419
9655,2407125.0,0.25538921112926105
9656,2407185.0,0.2561173410374131
9657,2407245.0,0.2562947738221093
9658,2407305.0,0.255535487003415
9659,2407365.0,0.25462224084146384
9660,2407425.0,0.25265126209113237
9661,2407485.0,0.24983486232987864
9662,2407545.0,0.24720451960388018
9663,2407605.0,0.2452340578543667
9664,2407665.0,0.2435440099214149
9665,2407725.0,0.2425006473304819
9666,2407785.0,0.2414850392895482
9667,2407845.0,0.2409156655452147
9668,2407905.0,0.2419692396562914
9669,2407965.0,0.24317089309823872
9670,2408025.0,0.24434725990392314
9671,2408085.0,0.24547090217047318
9672,2408145.0,0.24696291424581757
9673,2408205.0,0.24709690918619948
9674,2408265.0,0.2465985070238627
9675,2408325.0,0.2456617796338262
9676,2408385.0,0.24480007352127858
9677,2408445.0,0.24229343275449616
9678,2408505.0,0.23983279649967085
9679,2408565.0,0.23793861121898327
9680,2408625.0,0.23690694158721165
9681,2408685.0,0.23612826661188993
9682,2408745.0,0.23593741810603142
9683,2408805.0,0.2356299140968969
9684,2408865.0,0.2351919830412782
9685,2408925.0,0.23476717405045142
9686,2408985.0,0.23555745297604297
9687,2409045.0,0.2366730358428648
9688,2409105.0,0.2381258280810275
9689,2409165.0,0.23952344199997735
9690,2409225.0,0.24001459639725917
9691,2409285.0,0.2400796623610671
9692,2409345.0,0.2389518114267323
9693,2409405.0,0.236737391573807
9694,2409465.0,0.23505831698856286
9695,2409525.0,0.23318908759047313
9696,2409585.0,0.23202427915639134
9697,2409645.0,0.23182142298592787
9698,2409705.0,0.2327269466965364
9699,2409765.0,0.23569470418233024
9700,2409825.0,0.2382674791976731
9701,2409885.0,0.24044716534817315
9702,2409945.0,0.24200338497237245
9703,2410008.0,0.24358527106003652
9704,2410065.0,0.24462115293094763
9705,2410125.0,0.2449714266823342
9706,2410185.0,0.24425474265540387
9707,2410245.0,0.24371697131363398
9708,2410305.0,0.24158064879724547
9709,2410365.0,0.2393825799083692
9710,2410425.0,0.2374695927198859
9711,2410485.0,0.2364402219209177
9712,2410545.0,0.2355168914581483
9713,2410605.0,0.23532503044690858
9714,2410665.0,0.23511277578360443
9715,2410725.0,0.23475965992290423
9716,2410785.0,0.2345594561801628
9717,2410845.0,0.23491004942719948
9718,2410905.0,0.23607608089469256
9719,2410965.0,0.23683387677337855
9720,2411025.0,0.2378129321896017
9721,2411085.0,0.2393647236852319
9722,2411145.0,0.24106888548916564
9723,2411205.0,0.24169056466565547
9724,2411265.0,0.24131644811933903
9725,2411325.0,0.24091757759747925
9726,2411385.0,0.2400335514020441
9727,2411445.0,0.23922745225475497
9728,2411505.0,0.2379617638693641
9729,2411565.0,0.2368447409433969
9730,2411625.0,0.2357896246815921
9731,2411685.0,0.23533928603363552
9732,2411745.0,0.2350100186151836
9733,2411805.0,0.23494828004927965
9734,2411865.0,0.2348049155733177
9735,2411925.0,0.23532293836073276
9736,2411985.0,0.23600897452076677
9737,2412045.0,0.23660851565389593
9738,2412105.0,0.23627169058904218
9739,2412165.0,0.23598417883320924
9740,2412225.0,0.23675637550167908
9741,2412285.0,0.23622266463703015
9742,2412345.0,0.2351477859551479
9743,2412405.0,0.23446079920489027
9744,2412465.0,0.2339933829863254
9745,2412525.0,0.23289485566196816
9746,2412585.0,0.23228603919323065
9747,2412645.0,0.23236493502221658
9748,2412705.0,0.23252002292663587
9749,2412765.0,0.23269051582989633
9750,2412825.0,0.23290749810598335
9751,2412888.0,0.2330323188373858
9752,2412945.0,0.23326050394747114
9753,2413005.0,0.23337564541870218
9754,2413065.0,0.23373335380767166
9755,2413125.0,0.23389352814812447
9756,2413185.0,0.2338626804117683
9757,2413245.0,0.23464329160665426
9758,2413305.0,0.23532172237905508
9759,2413365.0,0.23616543206247265
9760,2413425.0,0.2372275468797324
9761,2413485.0,0.2393932278316834
9762,2413545.0,0.24013362116427392
9763,2413605.0,0.24094515890300794
9764,2413665.0,0.2418223344160729
9765,2413725.0,0.24270083262854708
9766,2413785.0,0.24264156540027773
9767,2413845.0,0.24287038999083121
9768,2413905.0,0.24311792054428555
9769,2413965.0,0.24472163681023465
9770,2414025.0,0.2460399578052801
9771,2414085.0,0.24717854456555022
9772,2414145.0,0.2475771405898254
9773,2414205.0,0.24727521176735673
9774,2414265.0,0.24710499097495509
9775,2414325.0,0.24737758785335123
9776,2414385.0,0.24781758773773938
9777,2414445.0,0.2503562550834625
9778,2414505.0,0.2520881471716021
9779,2414565.0,0.25204395906305854
9780,2414625.0,0.25094565456960605
9781,2414685.0,0.24883395968096564
9782,2414745.0,0.24656207922067974
9783,2414805.0,0.2446863648230596
9784,2414865.0,0.24510725835004452
9785,2414925.0,0.24331030102273146
9786,2414985.0,0.2409896725619032
9787,2415045.0,0.23953557918322174
9788,2415105.0,0.23789984513951426
9789,2415165.0,0.23860078913232502
9790,2415225.0,0.23970565154487758
9791,2415285.0,0.2448165271839449
9792,2415345.0,0.24579865562485817
9793,2415405.0,0.24626344249453172
9794,2415465.0,0.2467036872890483
9795,2415525.0,0.24609782139166175
9796,2415585.0,0.24547053066453864
9797,2415645.0,0.24540690333943502
9798,2415705.0,0.24550983213302116
9799,2415765.0,0.24572604281509808
9800,2415825.0,0.24590165249331428
9801,2415885.0,0.2459015549946499
9802,2415945.0,0.2459150428459518
9803,2416005.0,0.24603360859109255
9804,2416065.0,0.24512365296048225
9805,2416125.0,0.2442872046462638
9806,2416185.0,0.24490401519543537
9807,2416245.0,0.2456905266601248
9808,2416305.0,0.2445593035958973
9809,2416365.0,0.2424480031388314
9810,2416425.0,0.24258988920933475
9811,2416485.0,0.24261670312637904
9812,2416545.0,0.24248373366094625
9813,2416605.0,0.24236519812541482
9814,2416665.0,0.24238907682410624
9815,2416725.0,0.24301538748962778
9816,2416785.0,0.2427048978061823
9817,2416845.0,0.24240017618514267
9818,2416905.0,0.24206716713348403
9819,2416965.0,0.241732234395498
9820,2417025.0,0.24161030321098748
9821,2417085.0,0.2417572349613841
9822,2417145.0,0.24298202049641027
9823,2417205.0,0.24409228072195663
9824,2417265.0,0.24497373937655456
9825,2417325.0,0.24576470830102562
9826,2417385.0,0.24652988905531814
9827,2417445.0,0.24652004911437098
9828,2417505.0,0.24674462340664544
9829,2417565.0,0.2462116673758306
9830,2417625.0,0.2452252110466016
9831,2417685.0,0.24418075203812833
9832,2417745.0,0.24317665621983073
9833,2417805.0,0.2424449514418274
9834,2417865.0,0.24169309984385914
9835,2417925.0,0.2406578314276242
9836,2417985.0,0.2399159701849651
9837,2418045.0,0.23986052620477188
9838,2418105.0,0.2398113667176063
9839,2418165.0,0.23979626847825516
9840,2418225.0,0.23990013103790025
9841,2418285.0,0.239996558487607
9842,2418345.0,0.24020892822009351
9843,2418405.0,0.24034926086909775
9844,2418465.0,0.24035544255312885
9845,2418525.0,0.24027001659997096
9846,2418585.0,0.24037343833652572
9847,2418645.0,0.2408481710275184
9848,2418705.0,0.24042251809373413
9849,2418765.0,0.2399430225693653
9850,2418831.0,0.23878761165288825
9851,2418885.0,0.2376991177292461
9852,2418945.0,0.2362553205893433
9853,2419005.0,0.23509466594035758
9854,2419065.0,0.23504540755361916
9855,2419125.0,0.23627614852702383
9856,2419185.0,0.23736926850561152
