,time,mmt
0,10845.0,0.20855535353005966
1,10905.0,0.20900892026841056
2,10965.0,0.2094709535040271
3,11025.0,0.20993279523988356
4,11085.0,0.21087094148809904
5,11145.0,0.2116944801287578
6,11205.0,0.2118604241191815
7,11265.0,0.2119847142822361
8,11325.0,0.21204029378709338
9,11385.0,0.21206685522298363
10,11445.0,0.21223978037787106
11,11505.0,0.21283293662893105
12,11565.0,0.2127072082303973
13,11625.0,0.2116490329664908
14,11685.0,0.20991256132270264
15,11745.0,0.2086150308698439
16,11805.0,0.20737869027138373
17,11865.0,0.20612682386815656
18,11928.0,0.20476681043945
19,11985.0,0.20299654801258532
20,12045.0,0.20172260916518742
21,12105.0,0.2012599970857875
22,12165.0,0.20259097422521583
23,12225.0,0.20460895812255053
24,12285.0,0.20641945280610302
25,12345.0,0.2077195458862987
26,12405.0,0.20901085786614665
27,12465.0,0.21026209626836756
28,12525.0,0.21170343559581017
29,12585.0,0.2113897110716863
30,12645.0,0.21008565311014027
31,12705.0,0.20819468932635654
32,12765.0,0.20562312490339585
33,12825.0,0.2029717057439508
34,12885.0,0.20061766220004457
35,12945.0,0.19931172863304353
36,13005.0,0.1993363998673185
37,13065.0,0.1997902476287286
38,13125.0,0.20108127437821954
39,13185.0,0.202146203914852
40,13245.0,0.20339189451592765
41,13305.0,0.20449614308770664
42,13365.0,0.20462536826471905
43,13425.0,0.20484693461004927
44,13485.0,0.20518717421567217
45,13545.0,0.2056687763094453
46,13605.0,0.2061605955799371
47,13665.0,0.2059543402304138
48,13725.0,0.20450898615412488
49,13785.0,0.202170374943212
50,13845.0,0.20021899514955305
51,13905.0,0.1987640169037483
52,13965.0,0.19843642784712484
53,14025.0,0.19856753209596423
54,14085.0,0.19868797327462923
55,14145.0,0.19895928706652882
56,14205.0,0.1997834567358508
57,14265.0,0.19978975497256823
58,14325.0,0.19993815750543992
59,14385.0,0.20004146429891295
60,14445.0,0.20014044325849933
61,14505.0,0.20023317099933252
62,14565.0,0.20028347575453076
63,14625.0,0.20051632116571
64,14685.0,0.200693278448845
65,14745.0,0.19974000865263025
66,14805.0,0.1974192525556962
67,14865.0,0.19526619960127767
68,14925.0,0.1937495140599228
69,14985.0,0.19385848958546215
70,15045.0,0.19415131903275668
71,15105.0,0.19438329542985416
72,15165.0,0.19462721680461031
73,15225.0,0.1956626592335664
74,15285.0,0.19565904568183567
75,15345.0,0.19548584701700955
76,15405.0,0.19517899891103008
77,15465.0,0.19485738595509078
78,15525.0,0.19464952125893548
79,15585.0,0.1946743483839391
80,15645.0,0.19468166959444316
81,15705.0,0.1946161441972334
82,15765.0,0.19463984804205936
83,15825.0,0.19388877185042513
84,15885.0,0.1918121413665158
85,15945.0,0.19151859248300634
86,16005.0,0.19125998233844943
87,16065.0,0.19122302866425017
88,16125.0,0.1908701923027078
89,16185.0,0.1909593326326302
90,16245.0,0.18999019750160667
91,16305.0,0.18983073724824256
92,16365.0,0.18959261744004846
93,16425.0,0.18921801126298926
94,16485.0,0.18881276861369534
95,16545.0,0.1884500718734543
96,16605.0,0.18795453476965462
97,16665.0,0.18765558369458762
98,16725.0,0.1873406918454279
99,16785.0,0.18708231687958493
100,16845.0,0.1871672119701161
101,16905.0,0.1873977216654571
102,16965.0,0.18795340097714486
103,17025.0,0.1883303909946551
104,17085.0,0.1877464835902246
105,17145.0,0.18753589926740089
106,17205.0,0.18631789831058232
107,17265.0,0.18497637036523473
108,17325.0,0.18359441008426514
109,17385.0,0.1822179663593274
110,17445.0,0.1809549852189808
111,17505.0,0.1803879033236841
112,17565.0,0.18006137311333958
113,17625.0,0.1799216466946385
114,17685.0,0.18081944452799625
115,17745.0,0.18231153062771005
116,17805.0,0.18378244380442654
117,17865.0,0.18502501019401518
118,17925.0,0.18554684159495755
119,17985.0,0.1859680264339233
120,18045.0,0.18623343599761794
121,18105.0,0.18505207943175467
122,18165.0,0.18275850484263845
123,18225.0,0.1806633581168866
124,18285.0,0.17893552390014766
125,18345.0,0.1774558449212299
126,18405.0,0.17638953721428963
127,18465.0,0.17567842166074332
128,18525.0,0.1768708346726971
129,18585.0,0.17861928817887712
130,18645.0,0.17973702173137096
131,18705.0,0.17987680579952947
132,18768.0,0.17991641935504926
133,18825.0,0.17993956165058644
134,18885.0,0.18010779530496418
135,18948.0,0.18041841432009087
136,19005.0,0.18064882454332837
137,19065.0,0.18087067829933462
138,19125.0,0.17958708352300368
139,19185.0,0.17739297617510869
140,19245.0,0.17519463466896207
141,19305.0,0.17375134975871276
142,19365.0,0.17338056269148666
143,19425.0,0.17384318774938706
144,19485.0,0.17427659725880157
145,19545.0,0.17437079166902536
146,19605.0,0.17443791208790904
147,19665.0,0.17465061663648185
148,19725.0,0.17491701569181584
149,19785.0,0.17522650062326683
150,19845.0,0.17548236705688963
151,19905.0,0.17562103325168188
152,19965.0,0.17569946360344907
153,20025.0,0.17555719018438276
154,20085.0,0.17564749204385743
155,20145.0,0.17593927803994602
156,20205.0,0.176257070783152
157,20265.0,0.17562670152603493
158,20325.0,0.17526403581417155
159,20385.0,0.17453560225130377
160,20445.0,0.17423545065320195
161,20505.0,0.17312512868176588
162,20565.0,0.17229562298548817
163,20625.0,0.1716617860409449
164,20685.0,0.17079583490427852
165,20745.0,0.17069015249876185
166,20805.0,0.17045869068820935
167,20865.0,0.17000229524436616
168,20925.0,0.16958112680398513
169,20985.0,0.16939782736324427
170,21045.0,0.16947173622698097
171,21105.0,0.17063423004406764
172,21165.0,0.1725506855566129
173,21225.0,0.17409630911577506
174,21285.0,0.17453218359818773
175,21345.0,0.17506279559878613
176,21405.0,0.17555329882708437
177,21465.0,0.1758952859335548
178,21525.0,0.17526001830252558
179,21585.0,0.17345710737213926
180,21645.0,0.1709600222773756
181,21705.0,0.16888372380432287
182,21765.0,0.16699474783260848
183,21825.0,0.16550161618538273
184,21885.0,0.16456989870425687
185,21945.0,0.1646767006329845
186,22005.0,0.16618806420893356
187,22065.0,0.16736861949180326
188,22125.0,0.16740552875766757
189,22185.0,0.16749158831782712
190,22245.0,0.16747892473126724
191,22305.0,0.16738286397317276
192,22365.0,0.16720191787419725
193,22425.0,0.16698230433128375
194,22485.0,0.16652389570102089
195,22545.0,0.16605485281619176
196,22605.0,0.16569253960896013
197,22665.0,0.16556802632661116
198,22725.0,0.16549353924174592
199,22785.0,0.1674979054914741
200,22845.0,0.16929517585795312
201,22905.0,0.16897769341695995
202,22965.0,0.16775420452361184
203,23025.0,0.16574535975459292
204,23085.0,0.16385068919439977
205,23145.0,0.16245890277009273
206,23205.0,0.1609358345945056
207,23265.0,0.15961696530468505
208,23325.0,0.15836248742987546
209,23385.0,0.15820477224512997
210,23445.0,0.15808519267719418
211,23505.0,0.15966072486750865
212,23565.0,0.16134658885327158
213,23625.0,0.16200696958295308
214,23685.0,0.1625472695748666
215,23745.0,0.16290737456011123
216,23805.0,0.1620004121719512
217,23868.0,0.16027910914093296
218,23925.0,0.15875301184275553
219,23985.0,0.15728783309792388
220,24045.0,0.15568191886032878
221,24105.0,0.15424206328307888
222,24165.0,0.15406053844838458
223,24225.0,0.15382884204129643
224,24285.0,0.1552871470930403
225,24345.0,0.1565859950260029
226,24405.0,0.15669529619570016
227,24465.0,0.15682186235772605
228,24525.0,0.15728576498628843
229,24585.0,0.15761599663581588
230,24645.0,0.1578896210000844
231,24705.0,0.15805493548886745
232,24765.0,0.15666646549035956
233,24825.0,0.1549839455075533
234,24885.0,0.1535969615467041
235,24945.0,0.15238930399494816
236,25005.0,0.15265401733558265
237,25065.0,0.154152751731086
238,25125.0,0.15418044886017845
239,25185.0,0.15424206816796687
240,25248.0,0.15435730800039005
241,25305.0,0.1545369491121975
242,25365.0,0.1547372926274705
243,25425.0,0.15490754697568243
244,25485.0,0.15520216326219133
245,25545.0,0.15507800838770053
246,25605.0,0.1549885192171993
247,25665.0,0.1548820249602979
248,25725.0,0.15500892458427878
249,25785.0,0.15336561244440178
250,25845.0,0.15373169031074152
251,25905.0,0.15399847568705383
252,25965.0,0.15298603265132354
253,26025.0,0.151950545961624
254,26085.0,0.15188861910116563
255,26145.0,0.1518719411856106
256,26205.0,0.15190066414785203
257,26265.0,0.1520003215434379
258,26325.0,0.15192134593280865
259,26385.0,0.15172384052195936
260,26445.0,0.15167374248897725
261,26505.0,0.15189174937997135
262,26565.0,0.15222073018179494
263,26625.0,0.15247269322744145
264,26685.0,0.1545094253970838
265,26745.0,0.15346002406521236
266,26805.0,0.15269961796322307
267,26865.0,0.151458827835883
268,26925.0,0.15054305294123738
269,26985.0,0.14956909570391058
270,27045.0,0.14968977495793118
271,27105.0,0.149540584398144
272,27165.0,0.14922132553270928
273,27225.0,0.1490193662428192
274,27285.0,0.14913754226984416
275,27345.0,0.14955001843411758
276,27405.0,0.14984173620770425
277,27465.0,0.15221044728877592
278,27525.0,0.15438289398446103
279,27585.0,0.15529815626332077
280,27645.0,0.15577681559264128
281,27705.0,0.15576263555783404
282,27765.0,0.15454560082258456
283,27825.0,0.15302113612158663
284,27885.0,0.15159522983647505
285,27945.0,0.14994434137613954
286,28005.0,0.14939908495449944
287,28065.0,0.14920859994338975
288,28128.0,0.14939941556830494
289,28185.0,0.1506622326929451
290,28245.0,0.15279444344717935
291,28305.0,0.15457241829979074
292,28365.0,0.1550712570553463
293,28425.0,0.15537425316075382
294,28485.0,0.15462049884879725
295,28545.0,0.15324532250056222
296,28605.0,0.15189760366680333
297,28665.0,0.15074755192689682
298,28725.0,0.15019141911746664
299,28785.0,0.1496700100678925
300,28845.0,0.14946361630760552
301,28905.0,0.14970739555882162
302,28965.0,0.15002192178354568
303,29025.0,0.15074234414210586
304,29085.0,0.15155042669436686
305,29145.0,0.15223346056924314
306,29205.0,0.15264469409180953
307,29265.0,0.15283935956887434
308,29325.0,0.1515009297024203
309,29385.0,0.14949810496051225
310,29448.0,0.14804965784348262
311,29505.0,0.14745578954721084
312,29565.0,0.14710409172625816
313,29625.0,0.1470393666779919
314,29685.0,0.1469271767427009
315,29745.0,0.14721176036522393
316,29805.0,0.14765767432419813
317,29865.0,0.1481862428869703
318,29925.0,0.14892854078443524
319,29985.0,0.14977306399606716
320,30045.0,0.15053995982684593
321,30105.0,0.1509919648488749
322,30165.0,0.14971300072907018
323,30225.0,0.14771522987377061
324,30285.0,0.14596525902546525
325,30345.0,0.14451637506195836
326,30405.0,0.14410435572945884
327,30465.0,0.14362755826163687
328,30525.0,0.14337379925538513
329,30585.0,0.14322448610219124
330,30645.0,0.14308950400603887
331,30705.0,0.1429823517747933
332,30765.0,0.14294441875061475
333,30828.0,0.14320276266434112
334,30885.0,0.14356558596110752
335,30945.0,0.14348022721374276
336,31005.0,0.14311837071505645
337,31065.0,0.1426150994408204
338,31125.0,0.1406873814745897
339,31185.0,0.13918004898232667
340,31245.0,0.13796681301544755
341,31305.0,0.13953140900137395
342,31365.0,0.14085066559642984
343,31425.0,0.14083750918165017
344,31485.0,0.14087884570605114
345,31545.0,0.14100130782347609
346,31605.0,0.14118606040424192
347,31665.0,0.1416099504121051
348,31725.0,0.1421059373748314
349,31785.0,0.14199816481822597
350,31845.0,0.1416795181880109
351,31905.0,0.14052614391380386
352,31965.0,0.13875943894745763
353,32025.0,0.13886992925356967
354,32085.0,0.1403402655363712
355,32145.0,0.14044514658488094
356,32205.0,0.14053940711263346
357,32265.0,0.14075980908639557
358,32325.0,0.1409858350597633
359,32388.0,0.14120151045802687
360,32445.0,0.14139699420530133
361,32505.0,0.14183784519694725
362,32565.0,0.14190158427199834
363,32625.0,0.14186675245244357
364,32685.0,0.14184794692977515
365,32745.0,0.14082035137281307
366,32805.0,0.14621128311153592
367,32865.0,0.1467672304141029
368,32925.0,0.14689443269283659
369,32985.0,0.1469723712259064
370,33045.0,0.1469897014680655
371,33105.0,0.14700218742340637
372,33165.0,0.14705744010421617
373,33225.0,0.14699116662152878
374,33285.0,0.1470036540310662
375,33345.0,0.14708521109952416
376,33405.0,0.14720861738033375
377,33465.0,0.14847837588043172
378,33525.0,0.1494894539967257
379,33585.0,0.14923397730675148
380,33645.0,0.14792736517175248
381,33705.0,0.14790519590978396
382,33765.0,0.14799499714010322
383,33825.0,0.1480736837224912
384,33885.0,0.14811743737213418
385,33945.0,0.14783649288682227
386,34005.0,0.14778730845082788
387,34065.0,0.1478561575474877
388,34125.0,0.14810840027791838
389,34185.0,0.14939351413411883
390,34245.0,0.1503752992905828
391,34305.0,0.1502867667627084
392,34365.0,0.1490533431810872
393,34425.0,0.14895827206468293
394,34485.0,0.14877066825860813
395,34545.0,0.14860706060659756
396,34605.0,0.14843408025427368
397,34665.0,0.14823666477727093
398,34725.0,0.1480291419892612
399,34785.0,0.14802807423866143
400,34845.0,0.14806682878197636
401,34905.0,0.1483459665296586
402,34965.0,0.14834225624581593
403,35025.0,0.1483524851504059
404,35085.0,0.14665519011096806
405,35145.0,0.1450451849581526
406,35205.0,0.144654635928901
407,35265.0,0.14432463386449312
408,35325.0,0.14395744636584185
409,35385.0,0.14367898628914483
410,35445.0,0.14342723995742834
411,35505.0,0.1434605505113003
412,35565.0,0.14389182926243937
413,35625.0,0.1441779966081041
414,35685.0,0.14429512103142383
415,35745.0,0.14439368591153795
416,35805.0,0.1429098557523889
417,35865.0,0.14101833711067174
418,35925.0,0.14064461009365203
419,35985.0,0.1404026946321238
420,36045.0,0.1401053026968126
421,36105.0,0.13983654199648687
422,36165.0,0.1395242025634965
423,36225.0,0.1391486135253952
424,36285.0,0.13875194584655715
425,36345.0,0.13879291315998765
426,36405.0,0.13908899480058545
427,36465.0,0.13937041531510036
428,36525.0,0.13943848628334593
429,36585.0,0.13962855879426217
430,36645.0,0.13784192297491726
431,36705.0,0.1363391553200755
432,36765.0,0.13597805860679574
433,36825.0,0.13537418394742828
434,36885.0,0.13480902470518719
435,36945.0,0.13436440414700074
436,37005.0,0.1341362127958105
437,37065.0,0.13421309647754975
438,37125.0,0.13480843489480515
439,37185.0,0.13530418014032253
440,37245.0,0.13766716120718198
441,37305.0,0.13914027673318768
442,37365.0,0.13924221438885875
443,37425.0,0.13928640996663139
444,37485.0,0.13741906848984697
445,37545.0,0.13708142406371754
446,37605.0,0.1365518128438799
447,37665.0,0.13610089978400425
448,37725.0,0.1358776907042618
449,37785.0,0.135984440033397
450,37845.0,0.13608119341264568
451,37905.0,0.1363788377458972
452,37968.0,0.13721354261113888
453,38025.0,0.1380018299863715
454,38085.0,0.13858161883040476
455,38145.0,0.13890513559601186
456,38205.0,0.13895286528265183
457,38265.0,0.13681242262235177
458,38325.0,0.13488653991410587
459,38385.0,0.13436718861215746
460,38445.0,0.1339000701887533
461,38505.0,0.13359057344390313
462,38565.0,0.1336635675669198
463,38625.0,0.13354932578599718
464,38685.0,0.13365076814403695
465,38745.0,0.13383416376013682
466,38805.0,0.13402846552223127
467,38865.0,0.13406311906005813
468,38928.0,0.13385556223534403
469,38985.0,0.13248275487955927
470,39045.0,0.1304040767500326
471,39105.0,0.1289679319737367
472,39165.0,0.1289908583695904
473,39225.0,0.12904663833316446
474,39285.0,0.12889091204521821
475,39345.0,0.13093919493368253
476,39408.0,0.13138368505344666
477,39465.0,0.13172792495889352
478,39525.0,0.13213143359998894
479,39585.0,0.13248727230753013
480,39645.0,0.13251741556144664
481,39705.0,0.13211371545416145
482,39765.0,0.13183985426235476
483,39825.0,0.13131570676877447
484,39885.0,0.13215788921910543
485,39945.0,0.1329852571614197
486,40005.0,0.13386869202358007
487,40065.0,0.13493207331387708
488,40125.0,0.13508248003200646
489,40185.0,0.1353154350030259
490,40245.0,0.13557935288471035
491,40305.0,0.13570527045566072
492,40365.0,0.1356593031770199
493,40425.0,0.13548785647735756
494,40485.0,0.13671470468817815
495,40545.0,0.13802018100631308
496,40605.0,0.13889144268481213
497,40665.0,0.13945319868728917
498,40725.0,0.13913448949394547
499,40785.0,0.13906427530897553
500,40845.0,0.13886478430399257
501,40905.0,0.13858775332733214
502,40965.0,0.13859101208884228
503,41025.0,0.1386743311279729
504,41085.0,0.13888685867783818
505,41145.0,0.13919001003443165
506,41205.0,0.1410329399156774
507,41265.0,0.1426993662642781
508,41325.0,0.14416090813348587
509,41385.0,0.14418987956446877
510,41445.0,0.14453131125871405
511,41505.0,0.14482500084816802
512,41565.0,0.14503124868496142
513,41625.0,0.14481203747382487
514,41685.0,0.14456562717497246
515,41748.0,0.14471976779370105
516,41805.0,0.14517187423560646
517,41865.0,0.1471846852667923
518,41925.0,0.14872577365562717
519,41985.0,0.14990283688118822
520,42048.0,0.15048122719526774
521,42105.0,0.14917420115323565
522,42165.0,0.14795807840664627
523,42225.0,0.14777020681447134
524,42285.0,0.14750305655377566
525,42345.0,0.14723637169290305
526,42405.0,0.1471420212444256
527,42465.0,0.14702025115323525
528,42525.0,0.14674027002856105
529,42585.0,0.14709375835214455
530,42645.0,0.14727432334830742
531,42705.0,0.14724688099364153
532,42765.0,0.1471300390915064
533,42825.0,0.14547176868869177
534,42885.0,0.14352528796631825
535,42945.0,0.1430265600452547
536,43005.0,0.14273179183995555
537,43065.0,0.14263907214048877
538,43125.0,0.14263386713334547
539,43185.0,0.14422620935590041
540,43245.0,0.14611890864330174
541,43305.0,0.14632290915727109
542,43365.0,0.14686891058194212
543,43425.0,0.1472391251756595
544,43485.0,0.14733666977139404
545,43545.0,0.1470885246620111
546,43605.0,0.13977070534140412
547,43665.0,0.13775674142442396
548,43725.0,0.13761383094621782
549,43785.0,0.13755498572651115
550,43845.0,0.1375873537733323
551,43905.0,0.13764947738193328
552,43965.0,0.138135819197642
553,44025.0,0.13871207167275307
554,44085.0,0.13929621926576347
555,44145.0,0.13973866208566765
556,44205.0,0.13977710188772385
557,44265.0,0.13828071024154076
558,44325.0,0.13709455608966964
559,44385.0,0.13565907215149348
560,44445.0,0.13561798150169457
561,44505.0,0.13682203716921904
562,44565.0,0.1384238015697758
563,44625.0,0.13856972416131563
564,44685.0,0.13870759621057382
565,44745.0,0.1389548325612443
566,44805.0,0.13899147930747568
567,44865.0,0.13905038198936626
568,44925.0,0.13897612314007107
569,44985.0,0.13784626464775468
570,45045.0,0.1370070274921844
571,45105.0,0.13561755546082532
572,45165.0,0.13536920308790412
573,45225.0,0.13573675255184714
574,45285.0,0.1361656838169638
575,45345.0,0.13660246179027197
576,45405.0,0.13713515677951488
577,45465.0,0.13785082901176526
578,45525.0,0.13871528300946373
579,45585.0,0.1389119656295939
580,45645.0,0.1390671840188697
581,45705.0,0.1389936333331509
582,45765.0,0.13904136979238307
583,45825.0,0.13902859378975807
584,45885.0,0.1408467563464184
585,45945.0,0.1411292563246619
586,46005.0,0.14163904724240134
587,46065.0,0.14201419192998188
588,46125.0,0.142109496556992
589,46185.0,0.1422102548701955
590,46245.0,0.1422896407046617
591,46305.0,0.14224890601148876
592,46365.0,0.14226179701653124
593,46425.0,0.1422803545426244
594,46485.0,0.14272266841425202
595,46545.0,0.1431111220097832
596,46605.0,0.14363558635367396
597,46665.0,0.14426195948863285
598,46725.0,0.1448771209515316
599,46785.0,0.1450270561971032
600,46845.0,0.1450191489328696
601,46905.0,0.1450377783328765
602,46965.0,0.14648489187237768
603,47025.0,0.1479011028784935
604,47085.0,0.149729184280188
605,47145.0,0.15035857129857594
606,47208.0,0.15063160331265946
607,47265.0,0.15035760333229603
608,47325.0,0.14994051291351945
609,47385.0,0.1496851607571109
610,47445.0,0.1496322753658248
611,47505.0,0.14980539059310743
612,47565.0,0.15011327369710137
613,47625.0,0.15060870618738942
614,47685.0,0.15140160746733433
615,47745.0,0.1522173702670096
616,47805.0,0.15280320298966604
617,47865.0,0.15309374915482543
618,47925.0,0.15308458919493556
619,47985.0,0.15335099239509564
620,48045.0,0.15172290035513536
621,48105.0,0.1502125017333108
622,48165.0,0.1498172797444544
623,48225.0,0.1496365646594583
624,48285.0,0.14967911675251266
625,48345.0,0.15124269085724568
626,48405.0,0.15344953877061618
627,48465.0,0.15410875903487747
628,48525.0,0.15453475440863762
629,48585.0,0.1544405032584268
630,48645.0,0.15414406469669634
631,48705.0,0.15378085258885882
632,48765.0,0.15334341440021548
633,48825.0,0.15306678521963724
634,48885.0,0.15274929680132776
635,48945.0,0.15256022519273382
636,49005.0,0.15294896511356992
637,49065.0,0.15354214321030263
638,49125.0,0.15418230051937798
639,49185.0,0.15479777764657981
640,49245.0,0.15563241428496727
641,49305.0,0.15590076273044168
642,49365.0,0.15570134987755202
643,49425.0,0.15703974723793018
644,49485.0,0.15833386378632242
645,49545.0,0.15935169640621982
646,49605.0,0.1607132596935571
647,49665.0,0.1610436999828766
648,49725.0,0.16139931333630947
649,49785.0,0.16193410376410694
650,49845.0,0.16209949376480276
651,49905.0,0.16205212934660834
652,49965.0,0.16185020066520006
653,50025.0,0.1615910904691737
654,50085.0,0.1615992232652042
655,50145.0,0.1607273109083655
656,50205.0,0.161800931199249
657,50265.0,0.16287215089857093
658,50325.0,0.16302415710431156
659,50385.0,0.16324863478548995
660,50445.0,0.16371439117538666
661,50505.0,0.16420418710223422
662,50565.0,0.16449906861292507
663,50625.0,0.16472131275023422
664,50685.0,0.1632507337256488
665,50745.0,0.1617044765203463
666,50805.0,0.16025319687102452
667,50865.0,0.15886388590954825
668,50925.0,0.15861079527463934
669,50985.0,0.16044759921876667
670,51045.0,0.16215894313040885
671,51105.0,0.16276019254048962
672,51165.0,0.1633468774374519
673,51225.0,0.16378013107945594
674,51285.0,0.1628036517028199
675,51345.0,0.1611757236552629
676,51405.0,0.15982683866006603
677,51465.0,0.1588220813119623
678,51525.0,0.1587943604415868
679,51585.0,0.15848564815195532
680,51645.0,0.1582475662128076
681,51705.0,0.1581803328373117
682,51765.0,0.15856795922999362
683,51825.0,0.15901760123275016
684,51885.0,0.15933051109438529
685,51948.0,0.15972362511242655
686,52005.0,0.15850434929979756
687,52065.0,0.1575065896052541
688,52125.0,0.15640272180394293
689,52185.0,0.15644939120677254
690,52245.0,0.15621942870791827
691,52305.0,0.15601339992503122
692,52365.0,0.15586430588980565
693,52425.0,0.15601981125794517
694,52485.0,0.1561346282583549
695,52545.0,0.15617559041628648
696,52605.0,0.15598880743163063
697,52665.0,0.154171150890961
698,52725.0,0.15268196239466442
699,52785.0,0.15138728806873125
700,52845.0,0.15076355646667855
701,52905.0,0.15022871583867786
702,52965.0,0.14992011118865622
703,53025.0,0.14993758351079045
704,53085.0,0.15005760531232726
705,53145.0,0.15015278211767913
706,53205.0,0.15016013326929029
707,53265.0,0.15022427009669753
708,53325.0,0.1503547105974622
709,53385.0,0.15023536065059656
710,53445.0,0.15028088179321447
711,53505.0,0.15041698514588342
712,53565.0,0.1505689432117983
713,53625.0,0.15077057895059426
714,53685.0,0.15105008407997972
715,53745.0,0.1512596879888039
716,53805.0,0.15125136839752007
717,53865.0,0.1509872733942514
718,53925.0,0.1507314726809007
719,53985.0,0.1490519404489895
720,54045.0,0.14706567378687274
721,54105.0,0.14672697036553473
722,54165.0,0.14640242441782908
723,54225.0,0.14616879087771445
724,54285.0,0.145955794994009
725,54345.0,0.14601371270492491
726,54405.0,0.14609985467897446
727,54465.0,0.14604280810024756
728,54525.0,0.14576284048475407
729,54585.0,0.14544208929339758
730,54645.0,0.14518707758003946
731,54705.0,0.14500357607058145
732,54765.0,0.1445203120204851
733,54825.0,0.14402972014898435
734,54885.0,0.1437068344762304
735,54945.0,0.14354377180371158
736,55005.0,0.14356286991282668
737,55065.0,0.14377523713943757
738,55125.0,0.14400408523988462
739,55185.0,0.14399157928121498
740,55245.0,0.14392115241759407
741,55305.0,0.1425365786412705
742,55365.0,0.14070683734328343
743,55425.0,0.14039830636218636
744,55485.0,0.14022542436744923
745,55545.0,0.14026556638415927
746,55605.0,0.14055339732999506
747,55665.0,0.14074433727409535
748,55725.0,0.1407834790054735
749,55785.0,0.1406002082391683
750,55845.0,0.14044235246370923
751,55905.0,0.1404120265903528
752,55968.0,0.1406552418638583
753,56025.0,0.1403741656591621
754,56085.0,0.13987158291864232
755,56145.0,0.13915881847016714
756,56205.0,0.1383724419878321
757,56265.0,0.13754345872783935
758,56325.0,0.1366416919835996
759,56385.0,0.13660201574041403
760,56445.0,0.13671634564704804
761,56508.0,0.13660083421778463
762,56565.0,0.13642360134628612
763,56625.0,0.13634664712305256
764,56685.0,0.13440024256002336
765,56745.0,0.13438698608019845
766,56805.0,0.13422587994606816
767,56865.0,0.1342745069528392
768,56925.0,0.13464546299037705
769,56985.0,0.134988484896928
770,57045.0,0.13526760058296688
771,57105.0,0.135047592495811
772,57165.0,0.13469668039021782
773,57225.0,0.1341556822102685
774,57285.0,0.13333091010766315
775,57345.0,0.1326968215396346
776,57405.0,0.13229379308258862
777,57465.0,0.1329501613559795
778,57525.0,0.13435254654898848
779,57585.0,0.13559615594061436
780,57645.0,0.13698006977876515
781,57705.0,0.13830808008560108
782,57765.0,0.13725044464663616
783,57825.0,0.13615977430163573
784,57885.0,0.13457913039966612
785,57945.0,0.13405612520277443
786,58008.0,0.1335734409285682
787,58065.0,0.1334862758333767
788,58125.0,0.13339372550140505
789,58185.0,0.133200356495714
790,58245.0,0.13299121266046998
791,58305.0,0.13286252540197419
792,58365.0,0.13408055686416437
793,58425.0,0.13554702675225416
794,58485.0,0.1369644006393969
795,58545.0,0.13757576442799296
796,58605.0,0.13822611473531016
797,58665.0,0.13807953403848539
798,58725.0,0.13793206139640912
799,58785.0,0.13767320086906493
800,58845.0,0.13739957486266363
801,58905.0,0.13749210574386728
802,58965.0,0.13764990154966722
803,59025.0,0.1376152348599225
804,59085.0,0.13727130883484784
805,59145.0,0.13548726406996353
806,59205.0,0.13351710864868213
807,59265.0,0.13446769364757188
808,59325.0,0.13548358638074998
809,59385.0,0.13676052580805348
810,59445.0,0.13847731309154565
811,59505.0,0.13975320859495105
812,59565.0,0.14082709950447436
813,59625.0,0.14174697836918232
814,59685.0,0.14189232602227375
815,59745.0,0.14190078292943614
816,59805.0,0.14168666116795509
817,59865.0,0.14146487529241603
818,59925.0,0.14115481777869915
819,59985.0,0.14086380622799372
820,60045.0,0.1402753118959204
821,60105.0,0.14027231027703702
822,60165.0,0.1402608324193707
823,60225.0,0.1388313386529264
824,60285.0,0.1375057064190423
825,60345.0,0.13626381201631277
826,60405.0,0.13474532951083518
827,60465.0,0.13441736175177366
828,60525.0,0.13532832219747137
829,60585.0,0.13622972198341815
830,60645.0,0.13817836979341597
831,60705.0,0.14011362684479461
832,60765.0,0.14135297975912076
833,60825.0,0.1425339829165732
834,60885.0,0.14335739241792333
835,60945.0,0.14315671909293237
836,61005.0,0.1418057392585893
837,61065.0,0.14047959118396025
838,61125.0,0.14025437557218945
839,61185.0,0.1400185811031215
840,61245.0,0.13970970157625662
841,61305.0,0.13952006888976987
842,61365.0,0.1392865771708951
843,61425.0,0.13888985852034658
844,61485.0,0.13888371986599835
845,61545.0,0.1401689230319726
846,61605.0,0.14163445692286325
847,61665.0,0.14359511679375558
848,61725.0,0.14481220086238966
849,61785.0,0.14388780725118777
850,61845.0,0.14333281678949217
851,61905.0,0.1432872171913835
852,61965.0,0.1432700158914953
853,62025.0,0.1431003485529745
854,62085.0,0.1427731070832911
855,62145.0,0.1426602982353672
856,62205.0,0.14258595743599906
857,62265.0,0.14232943918998592
858,62325.0,0.14214928868684729
859,62385.0,0.14210591443916548
860,62445.0,0.1425467991228636
861,62505.0,0.14382549778054926
862,62568.0,0.14484419080304994
863,62628.0,0.1457647846010448
864,62688.0,0.14640722974267983
865,62745.0,0.1469993413106977
866,62805.0,0.14695041578937207
867,62865.0,0.14661021695988857
868,62925.0,0.14603774793473762
869,62985.0,0.14562128533453578
870,63045.0,0.14524300753592362
871,63105.0,0.14505849257558068
872,63165.0,0.1460334834430554
873,63225.0,0.14750688798532252
874,63285.0,0.1486184493216139
875,63345.0,0.14967807749120376
876,63405.0,0.15072429506935875
877,63465.0,0.1510497944241001
878,63525.0,0.15120883459323808
879,63585.0,0.15120745562044258
880,63645.0,0.15110469839221913
881,63705.0,0.15096014267078478
882,63765.0,0.15074267129655072
883,63825.0,0.15046685449931518
884,63885.0,0.15001654686791832
885,63945.0,0.149653333732773
886,64005.0,0.14943045629485607
887,64065.0,0.1493077840497723
888,64125.0,0.14929480336615097
889,64185.0,0.15034549772192607
890,64245.0,0.15184272184766867
891,64305.0,0.15344008988282826
892,64365.0,0.1546633392738993
893,64425.0,0.15622619412197403
894,64485.0,0.15785100849317485
895,64545.0,0.1588828652689378
896,64605.0,0.15988286763735166
897,64665.0,0.15999783616760294
898,64725.0,0.16007550200600584
899,64785.0,0.15995598118686177
900,64845.0,0.15989773797304624
901,64905.0,0.1599506466289879
902,64965.0,0.15992814304306613
903,65025.0,0.15990360583442392
904,65085.0,0.15979805578072898
905,65145.0,0.15936998305808858
906,65205.0,0.15910158958157933
907,65265.0,0.1589605779121817
908,65325.0,0.16049934924474724
909,65385.0,0.16223351327061725
910,65445.0,0.16376228420175887
911,65505.0,0.1648491832049339
912,65565.0,0.16564036926422399
913,65625.0,0.1665873881321897
914,65685.0,0.16750246833877502
915,65745.0,0.16755645429563482
916,65805.0,0.1678119368596116
917,65865.0,0.16791909574036407
918,65925.0,0.16795862409040602
919,65985.0,0.167828844896167
920,66045.0,0.16753144706069556
921,66105.0,0.16700560166704476
922,66165.0,0.1665638130604663
923,66225.0,0.1673071005020051
924,66285.0,0.16941911071121907
925,66345.0,0.17099167532022813
926,66405.0,0.17200642190208526
927,66465.0,0.1729079072778425
928,66525.0,0.1737848427875413
929,66585.0,0.17479214563996576
930,66648.0,0.17491415880759326
931,66705.0,0.17489363056931984
932,66765.0,0.17456774854398316
933,66825.0,0.17423931138856535
934,66885.0,0.17419847039739117
935,66945.0,0.1744397932680019
936,67005.0,0.1745737131839158
937,67065.0,0.17463088117237435
938,67125.0,0.17472085961211775
939,67185.0,0.1744526044088186
940,67245.0,0.17409416939608885
941,67305.0,0.1739894956681145
942,67365.0,0.17403929584665112
943,67425.0,0.17388349276655302
944,67485.0,0.17492373088699126
945,67545.0,0.1741543704725969
946,67605.0,0.1737552086464927
947,67665.0,0.17385787782662038
948,67725.0,0.1747176097222784
949,67785.0,0.1756000297793764
950,67845.0,0.17631729303089333
951,67905.0,0.1773081573043776
952,67965.0,0.17849646146906933
953,68025.0,0.17921687148573484
954,68085.0,0.1798803323848202
955,68145.0,0.1803089364794248
956,68205.0,0.1803165906637032
957,68265.0,0.17904955847957527
958,68325.0,0.1770322183363346
959,68385.0,0.17539424001843262
960,68445.0,0.17374460844950806
961,68505.0,0.17207752964968576
962,68565.0,0.1714873518176388
963,68625.0,0.17115391754227038
964,68685.0,0.17107662630452652
965,68745.0,0.17105263455511605
966,68805.0,0.17205451587656045
967,68865.0,0.17387117348556003
968,68925.0,0.17633374374822752
969,68985.0,0.17803492333103488
970,69045.0,0.17965600936615583
971,69105.0,0.18075661574712587
972,69165.0,0.18014997644476105
973,69225.0,0.17936567686662241
974,69285.0,0.17769047409178573
975,69345.0,0.17669327230282866
976,69405.0,0.1756469388949381
977,69465.0,0.17543006155052232
978,69525.0,0.17519379183366024
979,69585.0,0.1749880484074502
980,69645.0,0.1747344435158127
981,69705.0,0.17449127066321252
982,69765.0,0.1740967412864532
983,69825.0,0.17368641780651412
984,69885.0,0.17363330596942006
985,69945.0,0.17464734185439418
986,70005.0,0.17675365883022148
987,70065.0,0.17715350751012776
988,70125.0,0.17688206471915008
989,70185.0,0.17651333273662523
990,70245.0,0.17583228164256193
991,70305.0,0.1748088791951028
992,70365.0,0.17361263279599431
993,70425.0,0.1724903466429858
994,70485.0,0.17215891719161125
995,70545.0,0.1717931773921868
996,70605.0,0.17149645757930182
997,70665.0,0.17090862622075126
998,70725.0,0.1703730088355881
999,70785.0,0.171233670613806
1000,70845.0,0.17336158604554702
1001,70905.0,0.1752830717004935
1002,70965.0,0.17666637547732855
1003,71025.0,0.1776942720174321
1004,71085.0,0.17863875331931173
1005,71145.0,0.1800753495630963
1006,71205.0,0.1805504727685998
1007,71265.0,0.18088065663300718
1008,71325.0,0.17986456170869825
1009,71385.0,0.17888794750009296
1010,71445.0,0.17700698266090553
1011,71505.0,0.17502283860267803
1012,71565.0,0.17349780677409354
1013,71625.0,0.17194802450308755
1014,71685.0,0.1706184639993225
1015,71745.0,0.16932501628504437
1016,71805.0,0.16900465456558955
1017,71865.0,0.17025935299520156
1018,71925.0,0.17197783783203918
1019,71985.0,0.17409107798547246
1020,72045.0,0.17534065493418421
1021,72105.0,0.17638740944106224
1022,72165.0,0.17740796524844576
1023,72225.0,0.1786096464751939
1024,72285.0,0.1790013697457145
1025,72345.0,0.17801223506793434
1026,72405.0,0.17659879220837033
1027,72465.0,0.17437982277795377
1028,72525.0,0.17293146435220624
1029,72585.0,0.17180949329140527
1030,72645.0,0.17046212373602426
1031,72705.0,0.16965527901146893
1032,72765.0,0.16906434954813543
1033,72825.0,0.16961637347055347
1034,72885.0,0.17122533163081383
1035,72945.0,0.17261822465410132
1036,73005.0,0.17389044585603403
1037,73065.0,0.17519991720241512
1038,73125.0,0.1762737062918392
1039,73185.0,0.17649529297099714
1040,73245.0,0.17624180925194433
1041,73305.0,0.17504450283211692
1042,73365.0,0.17381667639851295
1043,73425.0,0.17263128742469647
1044,73485.0,0.17168298079718552
1045,73545.0,0.17051375489755966
1046,73605.0,0.17000519559411964
1047,73665.0,0.16978144446694315
1048,73725.0,0.16990704062333994
1049,73785.0,0.16998928942209568
1050,73845.0,0.1696986188897277
1051,73905.0,0.16941862171232785
1052,73965.0,0.16819667768770824
1053,74025.0,0.16799657573514176
1054,74085.0,0.168831812156856
1055,74145.0,0.16916355426196406
1056,74205.0,0.16916689685135866
1057,74265.0,0.16998666727028522
1058,74325.0,0.17012938555515822
1059,74385.0,0.1702186426357803
1060,74445.0,0.170250570154926
1061,74505.0,0.17030275887923335
1062,74565.0,0.17035091823644843
1063,74625.0,0.17041197731187674
1064,74685.0,0.17064768839824812
1065,74745.0,0.17073796567511912
1066,74805.0,0.1705348007390179
1067,74865.0,0.17023052492720936
1068,74925.0,0.1699294801490644
1069,74985.0,0.16974453925567212
1070,75045.0,0.17021045680386737
1071,75105.0,0.17050779043987874
1072,75165.0,0.17053695031827565
1073,75225.0,0.1697403205750156
1074,75285.0,0.1690930189603972
1075,75345.0,0.16906754244103744
1076,75405.0,0.16818138155877965
1077,75465.0,0.16807133182295564
1078,75525.0,0.1679395575139409
1079,75585.0,0.1678930745050377
1080,75645.0,0.16777512568823355
1081,75705.0,0.16742316244179484
1082,75765.0,0.16698682373368895
1083,75825.0,0.16677679905120324
1084,75885.0,0.16693886233899408
1085,75945.0,0.1685586953093361
1086,76005.0,0.1706211173150387
1087,76065.0,0.1721595280600854
1088,76125.0,0.1721498047143301
1089,76185.0,0.17076738831496702
1090,76245.0,0.16922669232168613
1091,76305.0,0.1680167139811254
1092,76365.0,0.16702718486354734
1093,76425.0,0.16590128199389642
1094,76485.0,0.16482311335946498
1095,76545.0,0.16438512166381192
1096,76605.0,0.1638859673824783
1097,76665.0,0.16352085302016828
1098,76728.0,0.16338789750888744
1099,76788.0,0.16336517102511017
1100,76845.0,0.16504243966906645
1101,76905.0,0.16783567501837382
1102,76965.0,0.16978411977437796
1103,77025.0,0.1701965624057451
1104,77085.0,0.16898037677347066
1105,77145.0,0.16823788328214906
1106,77205.0,0.16802514613600839
1107,77265.0,0.1672758113851734
1108,77325.0,0.16660408228039109
1109,77385.0,0.16579866430209156
1110,77445.0,0.1657932352898191
1111,77505.0,0.16578953396785173
1112,77565.0,0.16580196233525707
1113,77625.0,0.16580839705804967
1114,77685.0,0.16584125341211742
1115,77745.0,0.16585773085588024
1116,77805.0,0.16601568027496766
1117,77865.0,0.16625863826436338
1118,77925.0,0.16646053452432552
1119,77985.0,0.16685338512685205
1120,78045.0,0.1672566341424132
1121,78105.0,0.1674846190792192
1122,78165.0,0.16725164461215336
1123,78225.0,0.16714748419387304
1124,78285.0,0.16588598370338736
1125,78345.0,0.16747252444449512
1126,78405.0,0.16942429073733956
1127,78465.0,0.17061196855040323
1128,78525.0,0.17067245970247907
1129,78585.0,0.17047026257540648
1130,78645.0,0.17047913015015842
1131,78705.0,0.17053916708464345
1132,78768.0,0.16966081497416524
1133,78825.0,0.16951140638018514
1134,78885.0,0.16931334462682868
1135,78945.0,0.16916131910515741
1136,79005.0,0.16916930741993857
1137,79065.0,0.16930765375815304
1138,79125.0,0.16931308698426872
1139,79188.0,0.16930971290542873
1140,79245.0,0.16946227595912117
1141,79305.0,0.17031354809074212
1142,79365.0,0.17232729468399138
1143,79425.0,0.17453713788743402
1144,79485.0,0.17600326466120386
1145,79545.0,0.17714197250010644
1146,79605.0,0.17734253581721132
1147,79665.0,0.17674135259328466
1148,79725.0,0.17474899493721868
1149,79785.0,0.17343842842889629
1150,79845.0,0.17199761560852916
1151,79905.0,0.17082313041975977
1152,79965.0,0.17007605092175976
1153,80025.0,0.16891963529375031
1154,80085.0,0.16855669528563333
1155,80145.0,0.16930346228882415
1156,80205.0,0.17099612965318822
1157,80265.0,0.17293880387668892
1158,80325.0,0.17456617058134116
1159,80385.0,0.17570350422201103
1160,80445.0,0.1768552689804581
1161,80505.0,0.17793723827408375
1162,80565.0,0.17931114888630417
1163,80625.0,0.17980601307207295
1164,80685.0,0.1801389256592008
1165,80745.0,0.1793369858597461
1166,80805.0,0.17725820939839204
1167,80865.0,0.17544598802597883
1168,80925.0,0.1743370685136325
1169,80985.0,0.17312089432266103
1170,81045.0,0.1720790353461097
1171,81105.0,0.1716414900010046
1172,81165.0,0.17128266425228184
1173,81225.0,0.1709192996514456
1174,81285.0,0.17071711478681856
1175,81345.0,0.17049523215194629
1176,81405.0,0.17225940561621017
1177,81465.0,0.17458713258996728
1178,81525.0,0.1767109718135399
1179,81585.0,0.1772093430729207
1180,81645.0,0.17630073774897875
1181,81705.0,0.1752123812620034
1182,81765.0,0.17482497438298866
1183,81825.0,0.17390614279083838
1184,81885.0,0.1729448493416335
1185,81945.0,0.17173614572712964
1186,82005.0,0.17139073839305663
1187,82065.0,0.17087187013450528
1188,82125.0,0.1702024952178955
1189,82185.0,0.1694954289938509
1190,82245.0,0.1691696444035976
1191,82305.0,0.17029486311214553
1192,82365.0,0.17217272154108587
1193,82425.0,0.17410552648023941
1194,82485.0,0.1756779703306926
1195,82545.0,0.17699509479231107
1196,82605.0,0.17808697530862622
1197,82665.0,0.17770499094060122
1198,82725.0,0.1761885455250563
1199,82785.0,0.1742284037700072
1200,82845.0,0.17292786318460052
1201,82905.0,0.17166579981269264
1202,82965.0,0.1706083981438774
1203,83025.0,0.16908101497629502
1204,83088.0,0.16846668245424584
1205,83145.0,0.16906314858793176
1206,83205.0,0.17108938097292492
1207,83265.0,0.17352703374187312
1208,83325.0,0.17496541999974063
1209,83385.0,0.17599566495154767
1210,83445.0,0.17707968399605195
1211,83505.0,0.17852029029260003
1212,83565.0,0.17986907186055462
1213,83625.0,0.17942719159266607
1214,83685.0,0.1781169533031181
1215,83745.0,0.17702980979751182
1216,83805.0,0.17615452493512201
1217,83865.0,0.17539889840480227
1218,83925.0,0.17470278539108763
1219,83985.0,0.17468678924332554
1220,84045.0,0.17441458040619168
1221,84105.0,0.1739036924697212
1222,84165.0,0.17351561871225396
1223,84225.0,0.1731866243304488
1224,84285.0,0.17425999859511937
1225,84345.0,0.1766489469646037
1226,84405.0,0.17902609419847432
1227,84465.0,0.18067782598225207
1228,84525.0,0.18188292668009964
1229,84585.0,0.18310108233159755
1230,84645.0,0.18388268765162397
1231,84705.0,0.18439970462977662
1232,84765.0,0.1846924696841386
1233,84825.0,0.18351734012716792
1234,84885.0,0.18156631759422076
1235,84945.0,0.18024258707786012
1236,85005.0,0.17918458869959453
1237,85065.0,0.17798230420125516
1238,85125.0,0.17766507239982998
1239,85185.0,0.17753571684517194
1240,85245.0,0.17752453283326908
1241,85305.0,0.17760385310947524
1242,85365.0,0.17759911243829252
1243,85425.0,0.1786831255070892
1244,85485.0,0.18048928951434168
1245,85545.0,0.18283651867646472
1246,85605.0,0.184847620136172
1247,85665.0,0.18661132821201448
1248,85725.0,0.18813717998009633
1249,85785.0,0.1882157940523435
1250,85845.0,0.18722345404596935
1251,85905.0,0.18546854240915628
1252,85965.0,0.18441845513198524
1253,86028.0,0.18390499321548404
1254,86085.0,0.18320294448026753
1255,86145.0,0.1825007149441482
1256,86208.0,0.18267896577624942
1257,86265.0,0.18294417179171746
1258,86325.0,0.18318977153644056
1259,86385.0,0.18337035314313027
1260,86445.0,0.18359885209959137
1261,86505.0,0.18391903744070554
1262,86565.0,0.18412472695503307
1263,86625.0,0.18408599250353835
1264,86685.0,0.18500911580151674
1265,86745.0,0.1859995720756767
1266,86805.0,0.1864585492821923
1267,86865.0,0.1868004084890731
1268,86925.0,0.18649284184542025
1269,86985.0,0.1872081490437057
1270,87045.0,0.18831907701052825
1271,87105.0,0.18958901994273963
1272,87165.0,0.18994679057281022
1273,87225.0,0.19038536827277103
1274,87285.0,0.1908698366307527
1275,87345.0,0.19152134357826855
1276,87405.0,0.19206072770210952
1277,87465.0,0.19258439964815327
1278,87525.0,0.192653403020682
1279,87585.0,0.19260322109862016
1280,87645.0,0.1908412915621316
1281,87705.0,0.18819605036232878
1282,87765.0,0.18639588496525428
1283,87825.0,0.18622599956824404
1284,87885.0,0.1874113167478793
1285,87945.0,0.18884980425280168
1286,88005.0,0.18939637003130705
1287,88065.0,0.19042949883954607
1288,88125.0,0.19132608818863234
1289,88185.0,0.19209032715441876
1290,88245.0,0.1929777822992058
1291,88305.0,0.19306565512841356
1292,88365.0,0.19330262682553456
1293,88425.0,0.19356277977318692
1294,88485.0,0.1937468014287977
1295,88545.0,0.19381937020184486
1296,88605.0,0.19388656737976007
1297,88665.0,0.19382846971753342
1298,88725.0,0.19350054689519858
1299,88785.0,0.19330699462706386
1300,88845.0,0.19326013099191047
1301,88905.0,0.19341725463109738
1302,88965.0,0.193957623011572
1303,89025.0,0.19463497941029578
1304,89085.0,0.1952574093548612
1305,89145.0,0.19444955006132786
1306,89205.0,0.19320874900996005
1307,89265.0,0.19206991343468272
1308,89325.0,0.1911864105332367
1309,89385.0,0.19058689158808917
1310,89445.0,0.18991793369170884
1311,89505.0,0.18928361213372152
1312,89565.0,0.1891768295303604
1313,89625.0,0.18879189935298396
1314,89685.0,0.1893236245820178
1315,89745.0,0.18929612903478638
1316,89805.0,0.1898248564957346
1317,89865.0,0.19113766242455443
1318,89925.0,0.19245018693986704
1319,89985.0,0.1936782230478768
1320,90045.0,0.19472016557424532
1321,90105.0,0.19352630560230744
1322,91171.0,0.1919673519386489
1323,91174.0,0.19011091404041802
1324,91177.0,0.1887829981377011
1325,91180.0,0.18784225324144127
1326,91183.0,0.1868591868970222
1327,91186.0,0.18584666092797641
1328,91189.0,0.1857345363100001
1329,91192.0,0.185669640544727
1330,91196.0,0.18571485153501943
1331,91199.0,0.18584142605501197
1332,91202.0,0.1858436550735718
1333,91205.0,0.18622082123855044
1334,91208.0,0.18646430230671296
1335,91211.0,0.18566490188101542
1336,91214.0,0.18403562432766696
1337,91217.0,0.18214541206160378
1338,91245.0,0.18060266076117765
1339,91308.0,0.17960716811966443
1340,91365.0,0.17871376873514616
1341,91425.0,0.1781982789262666
1342,91485.0,0.17779938553112468
1343,91545.0,0.17829686494071173
1344,91605.0,0.17839527038314662
1345,91665.0,0.1784787401508353
1346,91725.0,0.17859681972368718
1347,91785.0,0.17872550154881112
1348,91845.0,0.1787360810492981
1349,91905.0,0.17903917657502894
1350,91968.0,0.1794678991807137
1351,92085.0,0.17970670866821248
1352,92145.0,0.18005069261766365
1353,92205.0,0.1816536470866461
1354,92265.0,0.18295128088578172
1355,92325.0,0.18462446670837973
1356,92385.0,0.18409674674468773
1357,92445.0,0.18228185287311743
1358,92505.0,0.18051396143017995
1359,92565.0,0.17898726180994035
1360,92625.0,0.17770221687187332
1361,92685.0,0.17686069500496693
1362,92745.0,0.17608803309223736
1363,92805.0,0.17527787786609988
1364,92985.0,0.17570806334819283
1365,93045.0,0.17621095598203496
1366,93105.0,0.1767586069209401
1367,93165.0,0.17736401342017122
1368,93225.0,0.17815865244634427
1369,93285.0,0.1794547015572624
1370,93345.0,0.1803112209863897
1371,93405.0,0.17970289699083342
1372,93465.0,0.17833319828543726
1373,93525.0,0.1769591383577589
1374,93585.0,0.1759020876015473
1375,93645.0,0.17529388735217338
1376,93705.0,0.17466995254684986
1377,93765.0,0.17391492501796202
1378,93825.0,0.17389014621186638
1379,93885.0,0.17401420936111844
1380,93945.0,0.17416743907289306
1381,94005.0,0.1743938910521553
1382,94065.0,0.17457218756334536
1383,94125.0,0.1752973205122011
1384,94185.0,0.17589900962933608
1385,94245.0,0.17560104429615164
1386,94305.0,0.17399538021827943
1387,94365.0,0.17188255850860262
1388,94425.0,0.17071835346720704
1389,94485.0,0.1694831649843126
1390,94545.0,0.16961395655254002
1391,94605.0,0.1704820477517482
1392,94665.0,0.17129193160829143
1393,94725.0,0.17252095361954195
1394,94785.0,0.17336770253102635
1395,94845.0,0.1741580837434782
1396,94905.0,0.17410815054781054
1397,94965.0,0.1741175236140602
1398,95025.0,0.17418964975711915
1399,95085.0,0.17431278634056707
1400,95145.0,0.17470728104368138
1401,95205.0,0.17533330368681693
1402,95265.0,0.17600493392537847
1403,95325.0,0.17660037771129522
1404,95385.0,0.17579758129254042
1405,95445.0,0.17374361222873175
1406,95505.0,0.17165112715235487
1407,95565.0,0.17037864442023842
1408,95625.0,0.16910851665130572
1409,95685.0,0.16775021869188866
1410,95745.0,0.1682920297314605
1411,95805.0,0.16942607206828136
1412,95865.0,0.1711629509719943
1413,95925.0,0.17256744925116302
1414,95985.0,0.1739058470715722
1415,96045.0,0.1751908007784817
1416,96105.0,0.17551836231258516
1417,96165.0,0.17591065581816556
1418,96225.0,0.17631841200614162
1419,96285.0,0.17678486313310243
1420,96345.0,0.17734252830678238
1421,96405.0,0.1778178651273597
1422,96465.0,0.1783863883596008
1423,96525.0,0.17787788797861698
1424,96585.0,0.17660041168953844
1425,96645.0,0.17486512407026655
1426,96705.0,0.17361655512633212
1427,96765.0,0.17261147816391526
1428,96825.0,0.17174401763863462
1429,96885.0,0.1711603041211976
1430,96945.0,0.17053384239413966
1431,97005.0,0.17070384111421788
1432,97065.0,0.1707759744208181
1433,97125.0,0.1707724971318509
1434,97185.0,0.17075989902174143
1435,97245.0,0.17079899992573921
1436,97305.0,0.17089714154402064
1437,97365.0,0.17104096780271072
1438,97425.0,0.17123155588892414
1439,97485.0,0.17153341347505785
1440,97545.0,0.17181001969069187
1441,97605.0,0.17220490403302635
1442,97665.0,0.17289085579444247
1443,97725.0,0.17358940034075915
1444,97785.0,0.17305396811228324
1445,97845.0,0.17130057199957893
1446,97905.0,0.16948711691569696
1447,97965.0,0.16814230351368342
1448,98025.0,0.1672900871691994
1449,98085.0,0.16658022805847822
1450,98145.0,0.16581773977531566
1451,98205.0,0.1650352069018885
1452,98265.0,0.16509612377353794
1453,98325.0,0.1647363302569269
1454,98385.0,0.16430081262489177
1455,98445.0,0.1636845931402246
1456,98505.0,0.1645948327259909
1457,98565.0,0.1659670561547235
1458,98628.0,0.16775868803820226
1459,98685.0,0.1693009192663778
1460,98745.0,0.1708178964960596
1461,98805.0,0.17239287019367133
1462,98865.0,0.17284254495446338
1463,98925.0,0.17202162610896304
1464,98985.0,0.17019565534977787
1465,99045.0,0.16827968650801672
1466,99105.0,0.1673723084928233
1467,99165.0,0.1665638424882362
1468,99225.0,0.16556385318061395
1469,99285.0,0.16451909893826272
1470,99345.0,0.16325837290379303
1471,99405.0,0.16404485965585158
1472,99465.0,0.1647839747714458
1473,99525.0,0.1659026169459294
1474,99585.0,0.16717324513950121
1475,99645.0,0.16846224643610164
1476,99705.0,0.16867515310169728
1477,99765.0,0.16901918333079186
1478,99825.0,0.16966984434478338
1479,99885.0,0.17021882502905755
1480,99945.0,0.17065600930714808
1481,100005.0,0.1708396972669285
1482,100065.0,0.17050033178498575
1483,100125.0,0.17061200018237205
1484,100185.0,0.17118730283249395
1485,100245.0,0.17185704565295923
1486,100305.0,0.1728870172169018
1487,100365.0,0.17392039345504906
1488,100425.0,0.1749012434944821
1489,100485.0,0.17473997136224967
1490,100545.0,0.17475965425416767
1491,100605.0,0.1747751704154466
1492,100665.0,0.17514810971594352
1493,100725.0,0.17588752075806946
1494,100785.0,0.17548897751451598
1495,100845.0,0.17538860384159283
1496,100905.0,0.17468217874052883
1497,100965.0,0.17470021371016664
1498,101025.0,0.17454277962104803
1499,101085.0,0.1751603371033969
1500,101145.0,0.17580553435720847
1501,101205.0,0.1768998177350377
1502,101265.0,0.17720915924969843
1503,101325.0,0.17761867398176745
1504,101385.0,0.17808237276998667
1505,101445.0,0.1786526760621734
1506,101505.0,0.1786868906073219
1507,101565.0,0.17846437219489153
1508,101625.0,0.1794944586161274
1509,101685.0,0.18054307710247375
1510,101745.0,0.18189627068863773
1511,101805.0,0.1834417182410159
1512,101865.0,0.18374834223623093
1513,101925.0,0.18407984078313028
1514,101985.0,0.1844840548861223
1515,102045.0,0.1849370453168449
1516,102105.0,0.18522119486394212
1517,102165.0,0.18515957213658513
1518,102225.0,0.1849035915400115
1519,102285.0,0.18589641516179028
1520,102345.0,0.18687220340309196
1521,102405.0,0.18792274423066552
1522,102465.0,0.18887513009767043
1523,102528.0,0.18838070544272928
1524,102585.0,0.18852597700196772
1525,102645.0,0.18874855024131737
1526,102705.0,0.18906078883357486
1527,102765.0,0.18944576512119116
1528,102825.0,0.1897104951284831
1529,102885.0,0.18960147523871274
1530,102945.0,0.18918421975887628
1531,103005.0,0.18924379648783168
1532,103065.0,0.1906396226987142
1533,103125.0,0.19124357636175826
1534,103185.0,0.19223807500683443
1535,103245.0,0.19123187497736138
1536,103305.0,0.1904527848764867
1537,103365.0,0.1908351506438546
1538,103425.0,0.1915783348421643
1539,103485.0,0.191763230584732
1540,103545.0,0.19170273711326746
1541,103605.0,0.19163841852163788
1542,103665.0,0.1927700610214111
1543,103725.0,0.19448189549450995
1544,103785.0,0.19572896983492544
1545,103845.0,0.1957318360063781
1546,103905.0,0.1956950942513479
1547,103965.0,0.19579664207269498
1548,104025.0,0.19598666649167212
1549,104085.0,0.19524612789064982
1550,104148.0,0.19455609176239247
1551,104205.0,0.19507663476060955
1552,104265.0,0.1960486571167782
1553,104325.0,0.196953087732478
1554,104385.0,0.19837592568453377
1555,104448.0,0.1982066287637771
1556,104505.0,0.19820706629343876
1557,104565.0,0.1984209032596766
1558,104625.0,0.19854121113880785
1559,104685.0,0.19861462631390248
1560,104745.0,0.1986087370061746
1561,104805.0,0.1985379539679561
1562,104865.0,0.19848762436729428
1563,104925.0,0.19856241510730938
1564,104985.0,0.19864630545863665
1565,105045.0,0.20029761197512974
1566,105105.0,0.20266477853663645
1567,105165.0,0.2031131810279766
1568,105225.0,0.20364311479984776
1569,105285.0,0.20470572421617017
1570,105345.0,0.20408555229300218
1571,105405.0,0.2025486440171907
1572,105465.0,0.2009070297445052
1573,105525.0,0.19958234655000923
1574,105585.0,0.19897699421984882
1575,105645.0,0.19836996167748455
1576,105705.0,0.19853298841196365
1577,105765.0,0.19862582538128637
1578,105825.0,0.19841531326865453
1579,105885.0,0.19809198411739704
1580,105945.0,0.19773602724205025
1581,106005.0,0.197411939637895
1582,106068.0,0.1970813152738633
1583,106125.0,0.19691612786124324
1584,106185.0,0.19735799178924718
1585,106245.0,0.19764457471210556
1586,106305.0,0.19790288972915676
1587,106365.0,0.19800665114803984
1588,106425.0,0.19846361603222074
1589,106485.0,0.19907542413158297
1590,106545.0,0.19820823405607202
1591,106605.0,0.19687915565469277
1592,106665.0,0.19504097484278754
1593,106725.0,0.19356453953510155
1594,106785.0,0.19229720609597234
1595,106845.0,0.19108285849468482
1596,106905.0,0.19146825091759961
1597,106965.0,0.19167546293369747
1598,107025.0,0.19170163467093432
1599,107085.0,0.1916489580690004
1600,107145.0,0.1915433226828313
1601,107205.0,0.19146709010242557
1602,107265.0,0.19136043311117046
1603,107325.0,0.19100408287240778
1604,107385.0,0.19066379043270376
1605,107445.0,0.19028060094904142
1606,107505.0,0.18993388875501488
1607,107565.0,0.19095057051445968
1608,107625.0,0.1917413537020985
1609,107685.0,0.19265696819140588
1610,107745.0,0.19348868811014241
1611,107805.0,0.1933519389058756
1612,107865.0,0.19330756560387202
1613,107925.0,0.19333195133145675
1614,107985.0,0.19305123499967475
1615,108045.0,0.19264359449902574
1616,108105.0,0.1921656960662681
1617,108168.0,0.19174523365813306
1618,108225.0,0.1915174348120363
1619,108285.0,0.19142316702091355
1620,108345.0,0.19129544400308507
1621,108405.0,0.19116332799850572
1622,108465.0,0.1909256213305915
1623,108525.0,0.1905590832591611
1624,108585.0,0.19033361609644361
1625,108645.0,0.19169016364734454
1626,108708.0,0.19254307489715577
1627,108765.0,0.19237029418623075
1628,108825.0,0.1922238476578037
1629,108885.0,0.19212923362508783
1630,108945.0,0.1920353176660849
1631,109008.0,0.19187304888374296
1632,109065.0,0.19176084151775608
1633,109125.0,0.19217338008812923
1634,109185.0,0.19244992999902438
1635,109245.0,0.1927553624086878
1636,109305.0,0.19153439543629297
1637,109365.0,0.1898357749230466
1638,109425.0,0.18800389833407954
1639,109485.0,0.1865936314224984
1640,109545.0,0.18538405252721818
1641,109608.0,0.18409609702605212
1642,109665.0,0.18376530458347
1643,109725.0,0.18344430492645875
1644,109785.0,0.18306915966859733
1645,109848.0,0.18264472582802693
1646,109905.0,0.18213759502990767
1647,109965.0,0.18170667787091715
1648,110025.0,0.1815318708516087
1649,110085.0,0.18150536227258562
1650,110145.0,0.18162498840935398
1651,110205.0,0.18055224408099863
1652,110265.0,0.17942941218796632
1653,110325.0,0.1780312217840081
1654,110385.0,0.17659924773799335
1655,110445.0,0.17513129625257823
1656,110505.0,0.17472432830337592
1657,110565.0,0.17423081928759082
1658,110625.0,0.17366086037716205
1659,110685.0,0.17305735082814744
1660,110745.0,0.1724048612594889
1661,110805.0,0.17189758998726262
1662,110865.0,0.17177264334652276
1663,110925.0,0.17104020317941365
1664,110985.0,0.16992292802798864
1665,111045.0,0.16883891137494828
1666,111105.0,0.1671128143147062
1667,111165.0,0.16547792828780028
1668,111225.0,0.1639966996947942
1669,111285.0,0.16359380218594727
1670,111345.0,0.16316400499882067
1671,111405.0,0.1627465353646232
1672,111465.0,0.16232514960769717
1673,111525.0,0.161861879290431
1674,111585.0,0.16170731074909034
1675,111645.0,0.16189275762897215
1676,111705.0,0.1619786099549827
1677,111768.0,0.1604993315437983
1678,111825.0,0.1592497661211516
1679,111885.0,0.15743437468320198
1680,111945.0,0.15568557856268728
1681,112005.0,0.15511417018483925
1682,112065.0,0.15451080391810074
1683,112125.0,0.15380427514406037
1684,112185.0,0.15336920931197512
1685,112245.0,0.15282237674662325
1686,112305.0,0.15279055013546822
1687,112365.0,0.15301664036212498
1688,112425.0,0.15203871920025336
1689,112485.0,0.15085166113207743
1690,112545.0,0.14922724048735564
1691,112605.0,0.1473964918227662
1692,112665.0,0.14680435375693257
1693,112725.0,0.1461648357768669
1694,112785.0,0.1455548167539626
1695,112845.0,0.1449279711601632
1696,112905.0,0.1443589985431853
1697,112965.0,0.14416214252678122
1698,113025.0,0.14413195894847003
1699,113085.0,0.14285552270095048
1700,113145.0,0.14159896148674744
1701,113205.0,0.1400350542391336
1702,113265.0,0.13836579177142327
1703,113325.0,0.13816100917757018
1704,113385.0,0.13778912640441965
1705,113445.0,0.1373647459086812
1706,113505.0,0.13684390457877676
1707,113565.0,0.13626607113821476
1708,113625.0,0.1359705369023979
1709,113685.0,0.13591063808454645
1710,113745.0,0.13599793806575822
1711,113805.0,0.13588922001436154
1712,113865.0,0.1345035634534079
1713,113925.0,0.13260892602033655
1714,113985.0,0.13048148878556068
1715,114045.0,0.12996012593656708
1716,114105.0,0.1293994177829226
1717,114165.0,0.12874320765192687
1718,114225.0,0.12788201447017142
1719,114285.0,0.1275358045367539
1720,114345.0,0.12743385629799103
1721,114405.0,0.12727194891630428
1722,114465.0,0.12587196542723564
1723,114525.0,0.12488001623776476
1724,114585.0,0.12326880571052631
1725,114645.0,0.12290342672372098
1726,114705.0,0.12248464716967361
1727,114765.0,0.12200353661626512
1728,114825.0,0.12152281380223479
1729,114885.0,0.1214297388214515
1730,114945.0,0.12157507049872016
1731,115008.0,0.12061439730831033
1732,115065.0,0.11931309192931369
1733,115125.0,0.1181255322222308
1734,115185.0,0.11644772177982113
1735,115245.0,0.11598388621914851
1736,115305.0,0.115486206898374
1737,115365.0,0.11494124411570578
1738,115425.0,0.11443358701434486
1739,115485.0,0.11390419965196413
1740,115545.0,0.11363753112898264
1741,115605.0,0.11348148103234637
1742,115665.0,0.11336029480840748
1743,115725.0,0.1130720916918106
1744,115785.0,0.11259839610062938
1745,115845.0,0.11046483288299797
1746,115905.0,0.10756534630908782
1747,115965.0,0.10675672363476779
1748,116025.0,0.10593168821381707
1749,116085.0,0.10492465713742513
1750,116145.0,0.10438541357810605
1751,116205.0,0.10400760381343135
1752,116265.0,0.10364072834103039
1753,116325.0,0.1033604240057305
1754,116385.0,0.10281467561408958
1755,116445.0,0.10236396766449282
1756,116505.0,0.1019599441446716
1757,116565.0,0.1015801629004563
1758,116625.0,0.10146789067090917
1759,116685.0,0.10135905419666957
1760,116745.0,0.10121510674312448
1761,116805.0,0.10114565894927849
1762,116865.0,0.10100120122855347
1763,116925.0,0.10091367108630711
1764,116985.0,0.10025007124166163
1765,117045.0,0.09982195935612492
1766,117105.0,0.09940870875634758
1767,117165.0,0.0989597897157245
1768,117225.0,0.09852033619728515
1769,117285.0,0.09803426248490535
1770,117345.0,0.09794751105966829
1771,117405.0,0.09784698038531833
1772,117465.0,0.09764067010059274
1773,117525.0,0.0973903020425711
1774,117585.0,0.09711685703660436
1775,117645.0,0.09684977687878685
1776,117705.0,0.09609918314515539
1777,117765.0,0.0955567652304645
1778,117825.0,0.09525560179607892
1779,117885.0,0.09493935719444596
1780,117945.0,0.0945842513433417
1781,118005.0,0.09417939981971996
1782,118065.0,0.09381062410644433
1783,118125.0,0.09371973038222658
1784,118185.0,0.0936695970521666
1785,118245.0,0.09365548668127016
1786,118305.0,0.09364651527144682
1787,118365.0,0.09234928543978957
1788,118425.0,0.09127591617274758
1789,118485.0,0.0900468470312393
1790,118545.0,0.08880550013109315
1791,118605.0,0.08847295483969067
1792,118665.0,0.08808090685245595
1793,118725.0,0.08763042838783056
1794,118785.0,0.08749511717738406
1795,118845.0,0.08750475716223116
1796,118905.0,0.08759302442732997
1797,118965.0,0.08758316962439708
1798,119025.0,0.08738090945722982
1799,119085.0,0.08702966186839883
1800,119145.0,0.08675772816838165
1801,119205.0,0.08647783784028579
1802,119265.0,0.08631973725923528
1803,119325.0,0.08627912616512934
1804,119385.0,0.08606071288171491
1805,119445.0,0.08424844285376165
1806,119505.0,0.0828996882478136
1807,119565.0,0.08262554432748923
1808,119625.0,0.08230454181321595
1809,119685.0,0.0819574293954217
1810,119745.0,0.08161194600234367
1811,119805.0,0.08131616344680759
1812,119865.0,0.08104129487947262
1813,119925.0,0.08067105327352139
1814,119985.0,0.08043271311848063
1815,120045.0,0.08030254998629568
1816,120105.0,0.0802375701545556
1817,120165.0,0.0802256278792656
1818,120225.0,0.0802284765236767
1819,120285.0,0.08015362826803801
1820,120345.0,0.08006772233251486
1821,120405.0,0.08001861287212991
1822,120465.0,0.08000573337580319
1823,120525.0,0.07997312265870926
1824,120585.0,0.07984762539909573
1825,120645.0,0.07964853452966411
1826,120705.0,0.07942905974356013
1827,120765.0,0.07923245389709394
1828,120825.0,0.07913182599651625
1829,120885.0,0.07904377661462664
1830,120945.0,0.07891818618730878
1831,121005.0,0.07883591309761917
1832,121065.0,0.07880817155033326
1833,121125.0,0.07870385877037434
1834,121185.0,0.07851996310354761
1835,121245.0,0.07842165395789924
1836,121305.0,0.07840832342441637
1837,121365.0,0.07849269847953261
1838,121425.0,0.0786224404926879
1839,121485.0,0.0787626229058273
1840,121545.0,0.07892518427556428
1841,121605.0,0.0791201093706227
1842,121665.0,0.07922413871182155
1843,121725.0,0.07944414453884571
1844,121785.0,0.07956421798057042
1845,121845.0,0.07961227097105017
1846,121905.0,0.07965122651293524
1847,121965.0,0.07968776351823453
1848,122025.0,0.07965954569758418
1849,122085.0,0.07976634607471664
1850,122145.0,0.07984583894278999
1851,122205.0,0.07993067595474088
1852,122265.0,0.07990779870492476
1853,122325.0,0.07981504995902874
1854,122385.0,0.0796166304968258
1855,122445.0,0.07935771526675081
1856,122505.0,0.07935615824292108
1857,122565.0,0.07949488591054982
1858,122625.0,0.07967373697768168
1859,122685.0,0.07986457771545008
1860,122745.0,0.08003729602460674
1861,122805.0,0.08023325423187333
1862,122865.0,0.08041082671246991
1863,122925.0,0.08058493067393149
1864,122985.0,0.08042275298840046
1865,123045.0,0.08023836177726806
1866,123105.0,0.08006979005629353
1867,123165.0,0.07985884930382756
1868,123225.0,0.07958879206328556
1869,123285.0,0.07950915179413742
1870,123345.0,0.07955193639463976
1871,123405.0,0.07962157201337405
1872,123465.0,0.07972278845192632
1873,123525.0,0.0799130798533382
1874,123585.0,0.08002761962293994
1875,123645.0,0.08005701463534651
1876,123705.0,0.08014141557015253
1877,123765.0,0.08015081992558842
1878,123825.0,0.08016093209816244
1879,123885.0,0.08011397383243848
1880,123945.0,0.08006248990057371
1881,124008.0,0.08003013740373013
1882,124065.0,0.0800302100058265
1883,124125.0,0.07997721729510948
1884,124185.0,0.07987729058743931
1885,124245.0,0.07978845720738575
1886,124305.0,0.07975740630894418
1887,124368.0,0.0797686508318827
1888,124425.0,0.07974762590143483
1889,124485.0,0.07973342791045573
1890,124545.0,0.07968616878693838
1891,124605.0,0.07961369155557879
1892,124665.0,0.07949418906097885
1893,124725.0,0.07936943827935813
1894,124785.0,0.0792559935386429
1895,124845.0,0.07916698843188605
1896,124905.0,0.07907129314949365
1897,124965.0,0.07900169245390498
1898,125025.0,0.07898460738325702
1899,125085.0,0.07899779089190528
1900,125145.0,0.0789904207628031
1901,125205.0,0.07902008554365358
1902,125265.0,0.07900215532905353
1903,125325.0,0.07897134105307468
1904,125385.0,0.07893392526345572
1905,125445.0,0.07883167887749051
1906,125505.0,0.07882820863100454
1907,125565.0,0.07885029777834937
1908,125625.0,0.078841459034632
1909,125685.0,0.07906340403886072
1910,125745.0,0.07908392219107527
1911,125805.0,0.07903336303883574
1912,125865.0,0.07894373636684371
1913,125925.0,0.07884529311794106
1914,125985.0,0.07876098881979626
1915,126045.0,0.07864093371862321
1916,126105.0,0.07854931712263272
1917,126165.0,0.078459469217455
1918,126225.0,0.07840270200460894
1919,126285.0,0.07836540517644344
1920,126345.0,0.07836910674295242
1921,126405.0,0.0785129127045881
1922,126465.0,0.07867787130276216
1923,126525.0,0.07880454832943296
1924,126585.0,0.07895973751523583
1925,126645.0,0.07902311658378927
1926,126705.0,0.07906609519463725
1927,126765.0,0.07904238858018148
1928,126825.0,0.07900014408721787
1929,126885.0,0.07911355267344558
1930,126945.0,0.07926484248116508
1931,127005.0,0.07948463417850266
1932,127065.0,0.07966521761744833
1933,127125.0,0.079824889792001
1934,127185.0,0.07991484915625355
1935,127245.0,0.07995925457095265
1936,127305.0,0.0800549042188321
1937,127365.0,0.08011757300902805
1938,127425.0,0.08016308194020344
1939,127485.0,0.08025185957897918
1940,127545.0,0.0803041068772802
1941,127605.0,0.08025729153265818
1942,127665.0,0.08019612956015876
1943,127725.0,0.08000865651829933
1944,127785.0,0.07988186997062319
1945,127845.0,0.07970825466485368
1946,127905.0,0.07970381310492239
1947,127965.0,0.07982519772025659
1948,128025.0,0.07997159900499784
1949,128085.0,0.08014421274269748
1950,128145.0,0.08029749719716117
1951,128208.0,0.08044445102940354
1952,128265.0,0.08063847872253505
1953,128325.0,0.08087288190064945
1954,128385.0,0.08110055764655663
1955,128445.0,0.08122691564696488
1956,128505.0,0.08130709672992606
1957,128565.0,0.08132342704316894
1958,128625.0,0.08125922746681194
1959,128685.0,0.0812750025183025
1960,128745.0,0.08132326490514805
1961,128805.0,0.08141655141332083
1962,128865.0,0.08143028102412503
1963,128925.0,0.0814003212399243
1964,128985.0,0.0813313768368435
1965,129045.0,0.08120870713254866
1966,129105.0,0.08106444482312788
1967,129165.0,0.080864817368997
1968,129225.0,0.08068307015771933
1969,129285.0,0.08053053063016394
1970,129345.0,0.08047155027505454
1971,129405.0,0.08046124918906858
1972,129465.0,0.08043933592328667
1973,129525.0,0.08045968866336461
1974,129585.0,0.08051134688603853
1975,129645.0,0.08049969534406703
1976,129705.0,0.08045028049139039
1977,129765.0,0.08039803576233975
1978,129825.0,0.08033684475080052
1979,129885.0,0.0802509320771857
1980,129945.0,0.08013948668885423
1981,130005.0,0.08008612872219611
1982,130065.0,0.08003849097819749
1983,130125.0,0.08001533812000461
1984,130185.0,0.08003125900323355
1985,130245.0,0.08008879162756533
1986,130305.0,0.08020476018394343
1987,130365.0,0.08028582823964758
1988,130425.0,0.08036797396206782
1989,130485.0,0.08041899069557581
1990,130545.0,0.08049083282255776
1991,130605.0,0.08055051701512073
1992,130665.0,0.08056599810570614
1993,130725.0,0.08053478087339924
1994,130785.0,0.080492568692201
1995,130845.0,0.08047952553870474
1996,130905.0,0.0804402094908678
1997,130965.0,0.08033609953985013
1998,131025.0,0.08017543630832136
1999,131085.0,0.08008944768972032
2000,131145.0,0.08001410114662214
2001,131205.0,0.0799240295918508
2002,131265.0,0.079834583184547
2003,131325.0,0.07979664595059682
2004,131385.0,0.07986322399113188
2005,131445.0,0.07999774134031992
2006,131505.0,0.08016707603606751
2007,131565.0,0.0803487256777484
2008,131625.0,0.08047132468045237
2009,131685.0,0.08057595340869653
2010,131745.0,0.0807485730387566
2011,131805.0,0.0809706371708731
2012,131865.0,0.08118931783625169
2013,131925.0,0.08144587307663476
2014,131985.0,0.08163014241551064
2015,132045.0,0.08192449765733376
2016,132105.0,0.08224726996030648
2017,132165.0,0.0825245956111525
2018,132225.0,0.08272852841608619
2019,132285.0,0.08290892111920323
2020,132345.0,0.08306444160253404
2021,132405.0,0.08318175352093943
2022,132465.0,0.0833979581290159
2023,132525.0,0.08356756977467805
2024,132585.0,0.08388605291063533
2025,132648.0,0.084281837636421
2026,132705.0,0.08451165354658902
2027,132765.0,0.08465755374798156
2028,132825.0,0.08484459806721173
2029,132885.0,0.08493759805526976
2030,132945.0,0.08503583888226021
2031,133005.0,0.08503636430230152
2032,133065.0,0.08511998105197893
2033,133125.0,0.08526305084512645
2034,133185.0,0.08539151321564353
2035,133245.0,0.08553656644566918
2036,133305.0,0.08567038956244613
2037,133365.0,0.08582557158019175
2038,133425.0,0.08597106090680087
2039,133485.0,0.08612866027208338
2040,133545.0,0.08634708884459577
2041,133605.0,0.08656729811182784
2042,133665.0,0.08678249163368718
2043,133725.0,0.0870439757436402
2044,133785.0,0.08732334732366179
2045,133845.0,0.08762465792004259
2046,133905.0,0.08791729130975665
2047,133965.0,0.08815098601766291
2048,134025.0,0.08850781853484296
2049,134085.0,0.08886371200224283
2050,134145.0,0.08924776725876823
2051,134205.0,0.08962424658109813
2052,134268.0,0.08998065890919973
2053,134328.0,0.09027633041283498
2054,134385.0,0.09051954574740581
2055,134445.0,0.09076927270824989
2056,134505.0,0.09103092472396271
2057,134565.0,0.09129366356129712
2058,134625.0,0.09156240585598249
2059,134685.0,0.09183277121811731
2060,134745.0,0.09206374473460396
2061,134805.0,0.09232348178912594
2062,134865.0,0.09260222615772937
2063,134925.0,0.09295198403585933
2064,134985.0,0.09334919439876849
2065,135045.0,0.09374452436210043
2066,135105.0,0.09410779553706614
2067,135165.0,0.09445881666844638
2068,135225.0,0.09465884698387997
2069,135285.0,0.09491486158494708
2070,135345.0,0.09521134781278748
2071,135405.0,0.09554125637834371
2072,135465.0,0.09589502750088938
2073,135525.0,0.09631663236974491
2074,135585.0,0.09693730349385482
2075,135645.0,0.09741370659028625
2076,135705.0,0.0978124836912114
2077,135765.0,0.09819432554646196
2078,135825.0,0.09857435011276688
2079,135885.0,0.09892844522071773
2080,135945.0,0.09921688451526567
2081,136005.0,0.09951288425223206
2082,136065.0,0.09980912662687874
2083,136125.0,0.10010165457858478
2084,136185.0,0.10037994662359351
2085,136245.0,0.10063922644063425
2086,136305.0,0.10088394712355386
2087,136365.0,0.1010665529769798
2088,136425.0,0.10125107158017385
2089,136485.0,0.10130561885713771
2090,136545.0,0.10155393096477147
2091,136605.0,0.10188190901971633
2092,136665.0,0.10221199482131996
2093,136725.0,0.10258143627093422
2094,136785.0,0.1029788895795277
2095,136845.0,0.10333982108793344
2096,136905.0,0.10373419159066224
2097,136965.0,0.1041030623599555
2098,137025.0,0.10448850973093368
2099,137085.0,0.10486869914386035
2100,137148.0,0.10517569079188255
2101,137205.0,0.10536891252251981
2102,137265.0,0.1054269438762597
2103,137325.0,0.10547717756585315
2104,137385.0,0.10554969721183666
2105,137445.0,0.10561157367181953
2106,137505.0,0.1057982849035482
2107,137565.0,0.10608177315852715
2108,137625.0,0.10658745160409097
2109,137688.0,0.10727704126458476
2110,137745.0,0.10755024137585728
2111,137805.0,0.10761505201243654
2112,137865.0,0.10761993886580024
2113,137925.0,0.10761204112851541
2114,137985.0,0.10758967889496693
2115,138045.0,0.10757397551481679
2116,138105.0,0.10748698251214589
2117,138168.0,0.10721252757403377
2118,138225.0,0.10689975130726209
2119,138285.0,0.10663334524183607
2120,138345.0,0.10647457692772297
2121,138405.0,0.10644452573598129
2122,138465.0,0.1065179613176852
2123,138525.0,0.10654955470111141
2124,138585.0,0.10678879537961641
2125,138645.0,0.10712313218215133
2126,138705.0,0.10744452579443001
2127,138765.0,0.10762803168550036
2128,138825.0,0.1077103548302972
2129,138885.0,0.10775873135596323
2130,138945.0,0.1077525486667576
2131,139005.0,0.10774164564527455
2132,139065.0,0.1077107342592544
2133,139125.0,0.10740846949642663
2134,139185.0,0.10709771956686384
2135,139245.0,0.10695398990437002
2136,139305.0,0.10693290544124645
2137,139365.0,0.10812746680043736
2138,139425.0,0.10985342739273785
2139,139485.0,0.1112189602598542
2140,139545.0,0.11239354103246973
2141,139605.0,0.11349461808729816
2142,139665.0,0.11368231126174866
2143,139725.0,0.11392651859765834
2144,139785.0,0.11424859916944205
2145,139848.0,0.11457224324250614
2146,139905.0,0.11484202255677456
2147,139965.0,0.1149454660127541
2148,140025.0,0.11487748751217786
2149,140085.0,0.11487273400678993
2150,140145.0,0.11485274807809612
2151,140205.0,0.11630179364326276
2152,140265.0,0.11747396986467476
2153,140325.0,0.11905608886688743
2154,140385.0,0.12039026841638437
2155,140445.0,0.12071387269993913
2156,140505.0,0.12101585143299967
2157,140565.0,0.1213519937006318
2158,140625.0,0.12171978158067967
2159,140685.0,0.1219760276935555
2160,140745.0,0.12187027242566931
2161,140805.0,0.12178549900467281
2162,140865.0,0.12170851900641541
2163,140925.0,0.12185018366670936
2164,140985.0,0.12312998372182016
2165,141045.0,0.12498365583395929
2166,141105.0,0.12635781998878853
2167,141165.0,0.1266464460034211
2168,141225.0,0.12696498458173552
2169,141285.0,0.12737828966835146
2170,141345.0,0.1277470650832181
2171,141405.0,0.1277467459743148
2172,141465.0,0.12769172796230127
2173,141525.0,0.1276819726011548
2174,141585.0,0.12776778908173808
2175,141645.0,0.12939215818332192
2176,141708.0,0.1304727694528461
2177,141765.0,0.13208761046117287
2178,141825.0,0.13356973209813192
2179,141885.0,0.13400086478661039
2180,141945.0,0.13450218274510078
2181,142005.0,0.13508807699760772
2182,142065.0,0.13518588338726922
2183,142125.0,0.1351864006845368
2184,142185.0,0.13517399962695575
2185,142245.0,0.13514877827799648
2186,142305.0,0.13506287272874284
2187,142365.0,0.1353334198960227
2188,142425.0,0.1357012657487801
2189,142485.0,0.13594510586839098
2190,142545.0,0.1361609776341125
2191,142605.0,0.13616468628399975
2192,142665.0,0.1360808924216862
2193,142725.0,0.13571803114288566
2194,142785.0,0.1354633310903658
2195,142845.0,0.13516807268639391
2196,142905.0,0.13489125735337731
2197,142965.0,0.13467765158619532
2198,143025.0,0.1344812035921581
2199,143085.0,0.13478695978514893
2200,143145.0,0.13491678703996524
2201,143208.0,0.1349441057592084
2202,143265.0,0.134958002065298
2203,143325.0,0.13499227191581648
2204,143385.0,0.13492156537138744
2205,143445.0,0.13484943351143236
2206,143505.0,0.1348729983720106
2207,143565.0,0.1347168218737333
2208,143625.0,0.13445782609218432
2209,143685.0,0.1343549448822659
2210,143745.0,0.1342910816688162
2211,143805.0,0.13451859049248593
2212,143865.0,0.1359925618093999
2213,143925.0,0.13748746044285554
2214,143985.0,0.13892353199148372
2215,144045.0,0.14027282001095837
2216,144105.0,0.1404758001140909
2217,144165.0,0.1406861014242563
2218,144225.0,0.140783286162465
2219,144285.0,0.14072152689517564
2220,144345.0,0.14044348382903415
2221,144405.0,0.13993955597616048
2222,144465.0,0.13942505411357703
2223,144525.0,0.13887287976333612
2224,144585.0,0.13841230092485152
2225,144645.0,0.13810860672996006
2226,144708.0,0.13805403136413713
2227,144765.0,0.13822295311531768
2228,144825.0,0.1381329884814857
2229,144885.0,0.1382005526325723
2230,144945.0,0.13854040144528906
2231,145005.0,0.13866082923895984
2232,145065.0,0.138685140238282
2233,145125.0,0.13861682107063572
2234,145185.0,0.13858690388724676
2235,145245.0,0.13857026882667312
2236,145305.0,0.13855810304450344
2237,145365.0,0.13858096519786461
2238,145425.0,0.13824746156160395
2239,145485.0,0.13790261697153983
2240,145545.0,0.13766560357324564
2241,145605.0,0.13763811420757988
2242,145665.0,0.13776626900560618
2243,145725.0,0.13918826769623227
2244,145785.0,0.14065512060934177
2245,145845.0,0.14188761164708807
2246,145905.0,0.14191763012602993
2247,145965.0,0.14199761627253865
2248,146025.0,0.1420472358010194
2249,146085.0,0.14177087319197085
2250,146145.0,0.14127787179350487
2251,146208.0,0.1407038732687752
2252,146265.0,0.14012283975493883
2253,146325.0,0.13952977147758494
2254,146385.0,0.13886322133169215
2255,146445.0,0.13849404068605747
2256,146505.0,0.1384617588666074
2257,146565.0,0.13843521087627497
2258,146625.0,0.1382756449825603
2259,146685.0,0.13803148156188805
2260,146745.0,0.13777886376309395
2261,146805.0,0.13753572258545477
2262,146865.0,0.13761964817325428
2263,146925.0,0.1377173866528837
2264,146985.0,0.13792001895788514
2265,147045.0,0.13795178226099997
2266,147105.0,0.13787054374438162
2267,147165.0,0.13775266692035742
2268,147225.0,0.13759963807638326
2269,147285.0,0.13734353487033346
2270,147345.0,0.13690973516192795
2271,147405.0,0.1363906737150934
2272,147465.0,0.13588859922156415
2273,147525.0,0.13542084732550924
2274,147585.0,0.1350179489671826
2275,147645.0,0.1347432150686092
2276,147705.0,0.1345869351807642
2277,147765.0,0.134592547151614
2278,147825.0,0.13468712857447268
2279,147885.0,0.13459185875814939
2280,147945.0,0.1343691750766644
2281,148005.0,0.13453021513593288
2282,148065.0,0.1348010935388168
2283,148125.0,0.13519946653468334
2284,148185.0,0.1354031631493447
2285,148245.0,0.13562413872754475
2286,148305.0,0.13566766239705264
2287,148365.0,0.1356209949263562
2288,148425.0,0.1353638898945042
2289,148485.0,0.13476370906597096
2290,148545.0,0.13418923179116027
2291,148605.0,0.1337496408744437
2292,148665.0,0.1334611935057758
2293,148725.0,0.13384320886033657
2294,148785.0,0.13488030054032524
2295,148845.0,0.13634853326587953
2296,148905.0,0.13775836420331367
2297,148965.0,0.13920124914656062
2298,149025.0,0.13964353115765427
2299,149085.0,0.1400946284929509
2300,149145.0,0.1405723710021648
2301,149205.0,0.14103988686531554
2302,149265.0,0.14137509663696318
2303,149325.0,0.1416167648821729
2304,149385.0,0.14142104112371262
2305,149445.0,0.14106582275235197
2306,149505.0,0.14081083159083657
2307,149565.0,0.14062568624362287
2308,149625.0,0.1420822737576914
2309,149685.0,0.14294771561726916
2310,149745.0,0.14419230665602462
2311,149805.0,0.1453300228777123
2312,149865.0,0.14641186014615837
2313,149925.0,0.1468764330218258
2314,149985.0,0.14747196037872357
2315,150045.0,0.1479842548037813
2316,150105.0,0.14823420827756117
2317,150165.0,0.14719597589641792
2318,150225.0,0.14550465449974265
2319,150285.0,0.14415654907898712
2320,150345.0,0.14273563393015404
2321,150405.0,0.14140550221393583
2322,150465.0,0.14108767621772544
2323,150525.0,0.14206525543964804
2324,150585.0,0.14314873549338636
2325,150645.0,0.1445289489536531
2326,150705.0,0.14579302196473765
2327,150765.0,0.14704546233299853
2328,150825.0,0.14738634735463785
2329,150885.0,0.1477062480786797
2330,150945.0,0.14811873112364088
2331,151005.0,0.1471152390776268
2332,151065.0,0.14638168054341688
2333,151125.0,0.14504680118976793
2334,151185.0,0.1440294764447273
2335,151245.0,0.1434623474518107
2336,151305.0,0.14298840091208537
2337,151365.0,0.14258074510725915
2338,151425.0,0.14351487762087678
2339,151488.0,0.144586248872362
2340,151545.0,0.14626697408140732
2341,151605.0,0.14786409690886693
2342,151665.0,0.14804464075064233
2343,151725.0,0.14816059105607743
2344,151785.0,0.14722590489157644
2345,151845.0,0.14582651520944823
2346,151905.0,0.1447659229340369
2347,151965.0,0.1446196016904116
2348,152025.0,0.14437646908086765
2349,152085.0,0.14403077481814153
2350,152145.0,0.1436503500846406
2351,152205.0,0.1436482563933853
2352,152265.0,0.1437181149102162
2353,152325.0,0.1437232417432766
2354,152385.0,0.14364353533822244
2355,152445.0,0.14183739818463859
2356,152505.0,0.14051538693502386
2357,152565.0,0.13874102450624715
2358,152625.0,0.13722239039410394
2359,152688.0,0.13685664978978979
2360,152745.0,0.136879307343438
2361,152805.0,0.1369918429032826
2362,152865.0,0.13738492472078256
2363,152925.0,0.13770631997939486
2364,152985.0,0.13801306893086507
2365,153045.0,0.13827941954321915
2366,153105.0,0.13849417548865584
2367,153165.0,0.13830080619080104
2368,153225.0,0.13789326430275706
2369,153285.0,0.13753254189570496
2370,153345.0,0.13710833684699103
2371,153405.0,0.13663710928740153
2372,153465.0,0.13618800711121537
2373,153525.0,0.13624911114936744
2374,153585.0,0.136402867516435
2375,153645.0,0.13810962604779942
2376,153705.0,0.13930315691641365
2377,153765.0,0.1406902462783134
2378,153825.0,0.14207237457789906
2379,153885.0,0.14285257289044107
2380,153945.0,0.14285887258701851
2381,154005.0,0.142897313780057
2382,154065.0,0.1430105556996395
2383,154125.0,0.14300840307478402
2384,154185.0,0.1428741147139384
2385,154245.0,0.1426189508561253
2386,154305.0,0.1423229597505835
2387,154365.0,0.14223518291090287
2388,154425.0,0.14221395715718194
2389,154485.0,0.1418603427821512
2390,154545.0,0.14158585479559505
2391,154605.0,0.1412858573776996
2392,154665.0,0.1398422964957945
2393,154725.0,0.1396917558730229
2394,154785.0,0.13951585715625514
2395,154845.0,0.1394540165694959
2396,154905.0,0.1403726262001611
2397,154965.0,0.14116675446077076
2398,155025.0,0.14111043843168986
2399,155085.0,0.1411877389934243
2400,155145.0,0.14136309424715515
2401,155205.0,0.14172860432060919
2402,155265.0,0.14208646427349136
2403,155325.0,0.14238041586973116
2404,155385.0,0.14253937422391327
2405,155445.0,0.14249236482446287
2406,155505.0,0.14217539991042066
2407,155565.0,0.1416845901417449
2408,155625.0,0.1413158756786574
2409,155685.0,0.14081145255934419
2410,155745.0,0.14002827829250997
2411,155805.0,0.13947645695808508
2412,155865.0,0.13896366357717477
2413,155925.0,0.1385387590045778
2414,155985.0,0.1380825692161528
2415,156045.0,0.1376950838196176
2416,156105.0,0.13735137348342796
2417,156168.0,0.13708219855556103
2418,156225.0,0.13717316393914736
2419,156285.0,0.13732604213593147
2420,156345.0,0.13743309362312012
2421,156405.0,0.13742952318992857
2422,156465.0,0.1371453089173582
2423,156525.0,0.13578886170752885
2424,156585.0,0.13425538320569838
2425,156645.0,0.13301771293741868
2426,156705.0,0.13287479531825888
2427,156765.0,0.13258052679808546
2428,156825.0,0.13242332362422346
2429,156885.0,0.13254301266158683
2430,156945.0,0.13281486969533696
2431,157005.0,0.1331701830205609
2432,157065.0,0.133451641344903
2433,157125.0,0.13327404235735169
2434,157185.0,0.13327021850043
2435,157245.0,0.13419995377139698
2436,157305.0,0.13646035347665714
2437,157365.0,0.13836135628206264
2438,157425.0,0.13960388412543412
2439,157485.0,0.1407465282530052
2440,157545.0,0.14178936662733543
2441,157605.0,0.14290926966431822
2442,157665.0,0.14272979481280168
2443,157725.0,0.14242061153229718
2444,157785.0,0.14197121309647803
2445,157845.0,0.14170156086412167
2446,157905.0,0.1415544382027849
2447,157965.0,0.1414874580531591
2448,158025.0,0.1414614269475975
2449,158085.0,0.1414912312626606
2450,158145.0,0.14162324389031256
2451,158205.0,0.14172170318465904
2452,158265.0,0.14166850756465676
2453,158325.0,0.1416672118481488
2454,158385.0,0.14270490695278631
2455,158445.0,0.14481751500550488
2456,158505.0,0.14671677418002216
2457,158565.0,0.1478212774396075
2458,158625.0,0.14875163183305523
2459,158685.0,0.1496330116869991
2460,158745.0,0.15069240621868235
2461,158805.0,0.15055271509111123
2462,158865.0,0.1502281063253782
2463,158925.0,0.14974971165998796
2464,158985.0,0.14946307128664899
2465,159045.0,0.14927646209968942
2466,159105.0,0.14917756243701485
2467,159165.0,0.1490790407740385
2468,159225.0,0.1490314811500461
2469,159285.0,0.1490344512472156
2470,159345.0,0.14929388496850687
2471,159405.0,0.14958856102620133
2472,159465.0,0.14977655288410113
2473,159525.0,0.14923017158665258
2474,159585.0,0.14777590738104235
2475,159645.0,0.14602218542589435
2476,159705.0,0.14439671882042393
2477,159765.0,0.1440909838752164
2478,159825.0,0.1454944338867734
2479,159885.0,0.14684858016048258
2480,159945.0,0.1476435120892549
2481,160005.0,0.14814798812039992
2482,160065.0,0.14886694900064662
2483,160128.0,0.14971683154340526
2484,160185.0,0.14998770975960718
2485,160245.0,0.15018418776101317
2486,160305.0,0.15017061397897719
2487,160365.0,0.15015809847918038
2488,160425.0,0.1485847973528011
2489,160485.0,0.14756737715043494
2490,160545.0,0.1462022335385995
2491,160605.0,0.1449567977897575
2492,160665.0,0.14385391976926554
2493,160725.0,0.14330202378690304
2494,160785.0,0.14241437860928202
2495,160848.0,0.1418481050329347
2496,160905.0,0.14265840581031713
2497,160965.0,0.14448416178493895
2498,161025.0,0.14620500220158322
2499,161088.0,0.14731902784929524
2500,161145.0,0.14859132859489843
2501,161205.0,0.14993052127701761
2502,161265.0,0.1510891547289478
2503,161325.0,0.1501082355553977
2504,161385.0,0.14889546399808412
2505,161445.0,0.14736538638065727
2506,161505.0,0.1459163459096044
2507,161565.0,0.14463116371906143
2508,161625.0,0.14433115162936216
2509,161685.0,0.14395095361747717
2510,161745.0,0.14346207664509575
2511,161805.0,0.14263299574832555
2512,161868.0,0.14192633169581392
2513,161925.0,0.14268508222917747
2514,161985.0,0.14391798252762972
2515,162045.0,0.14603824249448438
2516,162105.0,0.14778679987677462
2517,162165.0,0.1489299603314051
2518,162225.0,0.14867816296339115
2519,162285.0,0.14847821113550486
2520,162345.0,0.14726776973517086
2521,162405.0,0.14590642417406147
2522,162465.0,0.14590430813807015
2523,162525.0,0.14575481792847578
2524,162585.0,0.1455045783859329
2525,162645.0,0.14511555712482116
2526,162705.0,0.14480390812902832
2527,162765.0,0.1446338235347761
2528,162828.0,0.14451375909152037
2529,162885.0,0.14416382173517556
2530,162945.0,0.1436838082072311
2531,163005.0,0.14335220535611182
2532,163065.0,0.14328536327061359
2533,163125.0,0.14457494763935586
2534,163185.0,0.14655952373186465
2535,163245.0,0.14871089164612245
2536,163305.0,0.15005654110607392
2537,163365.0,0.15144399494956418
2538,163425.0,0.15260623746162938
2539,163485.0,0.153729045246718
2540,163545.0,0.1535607925577292
2541,163605.0,0.15313001228645373
2542,163665.0,0.15293337065709522
2543,163725.0,0.1528149941606496
2544,163785.0,0.15274060918789628
2545,163845.0,0.152663230894255
2546,163908.0,0.15272035927228034
2547,163965.0,0.15277503837534018
2548,164025.0,0.1529433215286934
2549,164085.0,0.1530233998082155
2550,164145.0,0.15299904262416592
2551,164205.0,0.15297887599207094
2552,164265.0,0.1531635677296435
2553,164325.0,0.1541356717860951
2554,164385.0,0.15590379091027856
2555,164445.0,0.15626858734362298
2556,164505.0,0.1563667005571357
2557,164565.0,0.15591537645449133
2558,164625.0,0.15563663193654537
2559,164685.0,0.15552528694011974
2560,164745.0,0.15542152562820205
2561,164805.0,0.155461022300531
2562,164865.0,0.15532564832396034
2563,164925.0,0.15522847715904864
2564,164985.0,0.155243471014063
2565,165045.0,0.15537062151394143
2566,165105.0,0.1556525079746892
2567,165165.0,0.15590256276730452
2568,165225.0,0.1561650006374628
2569,165285.0,0.1565212399262686
2570,165345.0,0.1567297493506773
2571,165405.0,0.15663371014156868
2572,165465.0,0.15620080082477222
2573,165525.0,0.15437186400927588
2574,165585.0,0.15284288790716205
2575,165645.0,0.15243615785204012
2576,165705.0,0.15325618137642233
2577,165765.0,0.15379465250744717
2578,165825.0,0.15474555636929543
2579,165885.0,0.15550845105099437
2580,165945.0,0.1563352336845179
2581,166005.0,0.1573304245409265
2582,166065.0,0.15749610700137262
2583,166125.0,0.15765251453369322
2584,166185.0,0.15777081894559325
2585,166245.0,0.15790242798629878
2586,166305.0,0.15806102791331283
2587,166365.0,0.15827046398574546
2588,166428.0,0.1585275514868031
2589,166485.0,0.15877916018011545
2590,166545.0,0.1588204818489063
2591,166605.0,0.158489749557789
2592,166665.0,0.1584684338656741
2593,166725.0,0.1585718355721073
2594,166785.0,0.1610499287252144
2595,166845.0,0.1633997132418809
2596,166905.0,0.16482865369600525
2597,166965.0,0.16602880330382458
2598,167025.0,0.16713126973125947
2599,167085.0,0.16820041978864475
2600,167145.0,0.16845647402378827
2601,167205.0,0.16854899014620534
2602,167265.0,0.16868452679497103
2603,167325.0,0.1684712795061329
2604,167385.0,0.16829467814391297
2605,167445.0,0.16792947076119186
2606,167505.0,0.1676869411571758
2607,167565.0,0.1674837694769934
2608,167625.0,0.16700989060636812
2609,167685.0,0.16643659087168328
2610,167745.0,0.16621590230833494
2611,167805.0,0.16742914975107293
2612,167865.0,0.1695139861230326
2613,167925.0,0.1716483730100728
2614,167985.0,0.17298696383624562
2615,168045.0,0.17317748688547208
2616,168105.0,0.17177486289879668
2617,168165.0,0.17072051563494123
2618,168225.0,0.169680955688373
2619,168288.0,0.1687159686010869
2620,168345.0,0.16784923682595526
2621,168405.0,0.16671334021677187
2622,168465.0,0.16649018104821833
2623,168525.0,0.1664042568222341
2624,168585.0,0.1663101932924097
2625,168645.0,0.16576028157235007
2626,168705.0,0.16541676317302068
2627,168765.0,0.16606907900261225
2628,168825.0,0.16814188823859505
2629,168888.0,0.17027565176248327
2630,168945.0,0.17165861765658647
2631,169005.0,0.1730539569670646
2632,169065.0,0.17441005232050422
2633,169125.0,0.17566561658431368
2634,169185.0,0.17503168385534135
2635,169245.0,0.17304048786260662
2636,169305.0,0.1710834209817541
2637,169365.0,0.1697714422332468
2638,169425.0,0.16842981360499648
2639,169485.0,0.16734933987803713
2640,169545.0,0.16623688653044943
2641,169605.0,0.16596531433232226
2642,169665.0,0.16584552322276053
2643,169725.0,0.1658239364701996
2644,169785.0,0.16579569857639376
2645,169845.0,0.1654329603269804
2646,169905.0,0.16518280776501487
2647,169965.0,0.16632820860801012
2648,170025.0,0.16870699510705817
2649,170085.0,0.17102723428110184
2650,170145.0,0.17293385461495464
2651,170205.0,0.17445607683052378
2652,170265.0,0.17579817642662765
2653,170325.0,0.17691155798013813
2654,170385.0,0.17846212993094018
2655,170445.0,0.1790467998041283
2656,170505.0,0.17954895297754941
2657,170565.0,0.1788855195745988
2658,170625.0,0.17748098406153362
2659,170685.0,0.17612107556695067
2660,170745.0,0.17504868786150507
2661,170805.0,0.1741764580198915
2662,170865.0,0.17287897415370174
2663,170925.0,0.17170303286840544
2664,170985.0,0.1723267691814322
2665,171045.0,0.17392685552980214
2666,171105.0,0.17634034523753067
2667,171165.0,0.1779554865369367
2668,171225.0,0.17919484774168176
2669,171285.0,0.1804406436558147
2670,171345.0,0.18157963302287494
2671,171405.0,0.18287298969631116
2672,171465.0,0.18328929164693913
2673,171525.0,0.18385711600471205
2674,171585.0,0.18458184145549655
2675,171645.0,0.1849257324644079
2676,171705.0,0.18399737749492057
2677,171765.0,0.18211693361069098
2678,171825.0,0.1803903182995355
2679,171885.0,0.17899857438116207
2680,171945.0,0.17775786152882384
2681,172005.0,0.17723301101312666
2682,172065.0,0.17738374877415103
2683,172125.0,0.17916610812248945
2684,172185.0,0.18101325198918677
2685,172245.0,0.18231893459104898
2686,172305.0,0.1834918907640497
2687,172365.0,0.18457058802528425
2688,172425.0,0.18572841874600016
2689,172485.0,0.1870418719034131
2690,172545.0,0.18750996916944523
2691,172605.0,0.18833101883535058
2692,172665.0,0.18892605659567407
2693,172725.0,0.1881391792568699
2694,172785.0,0.18681880907547066
2695,172845.0,0.18500461007003288
2696,172905.0,0.18346741074319167
2697,172965.0,0.18220759035923412
2698,173025.0,0.18088460946323492
2699,173085.0,0.18078753042743928
2700,173145.0,0.18253762700566056
2701,173205.0,0.1843408760810259
2702,173265.0,0.1859851597222173
2703,173325.0,0.18718601909672244
2704,173385.0,0.1882361684237892
2705,173448.0,0.1892001744167432
2706,173505.0,0.19019613821480097
2707,173565.0,0.19129243779168098
2708,173625.0,0.191606350850818
2709,173685.0,0.19225658641238358
2710,173745.0,0.1931479557332635
2711,173805.0,0.19394906060039757
2712,173865.0,0.19447596186281985
2713,173928.0,0.1934699200559214
2714,173985.0,0.1920260784308112
2715,174045.0,0.19032545761614078
2716,174105.0,0.18931362265876578
2717,174165.0,0.18786994729657636
2718,174225.0,0.18654683668822503
2719,174285.0,0.18631729433856653
2720,174345.0,0.18807877912367016
2721,174405.0,0.19003049911332542
2722,174465.0,0.19155074801685718
2723,174525.0,0.19268748072004338
2724,174585.0,0.19381181964616928
2725,174645.0,0.19476806102444655
2726,174705.0,0.19573211625443637
2727,174765.0,0.19591724236568264
2728,174825.0,0.19610586432388366
2729,174885.0,0.19640517354198578
2730,174945.0,0.19682444836328566
2731,175005.0,0.19736845363519023
2732,175065.0,0.19770028299917858
2733,175125.0,0.19692330444211253
2734,175185.0,0.19508799836740603
2735,175245.0,0.19303981981487273
2736,175305.0,0.19156987801922792
2737,175365.0,0.19049490358046545
2738,175425.0,0.18938043371343055
2739,175485.0,0.18817165830005894
2740,175545.0,0.18924939977127736
2741,175605.0,0.19095633314202048
2742,175665.0,0.19307225270603273
2743,175725.0,0.19467017801127462
2744,175785.0,0.1960106626121288
2745,175845.0,0.1972147044123821
2746,175905.0,0.19809057707612604
2747,175965.0,0.1990302892325379
2748,176025.0,0.19918542016338375
2749,176085.0,0.19947463291263606
2750,176145.0,0.19988075049130338
2751,176205.0,0.20033501599234288
2752,176265.0,0.20094857623823642
2753,176325.0,0.20154871663688112
2754,176385.0,0.20193722199540437
2755,176445.0,0.20104329610992172
2756,176505.0,0.1989690293324956
2757,176565.0,0.19715375631968518
2758,176625.0,0.1959125544382102
2759,176685.0,0.194828765613961
2760,176745.0,0.1937363565651415
2761,176805.0,0.19255478151286792
2762,176865.0,0.1932486301534978
2763,176925.0,0.19449178291809244
2764,176985.0,0.1966805205756456
2765,177045.0,0.1983101443679749
2766,177105.0,0.1997530711317877
2767,177165.0,0.20084237006530248
2768,177225.0,0.20186130635162902
2769,177285.0,0.2028769512161649
2770,177345.0,0.20324358692333794
2771,177405.0,0.20408963478031722
2772,177465.0,0.20473098833184594
2773,177525.0,0.20525355716054716
2774,177585.0,0.20344016426147865
2775,177645.0,0.20173915739637194
2776,177705.0,0.2009677262792563
2777,177765.0,0.200282450160173
2778,177825.0,0.19955628300620532
2779,177885.0,0.19871245568436496
2780,177945.0,0.19847875662815173
2781,178005.0,0.19811607693290295
2782,178065.0,0.19771490409542264
2783,178125.0,0.19869150580582007
2784,178185.0,0.2003156253561888
2785,178245.0,0.2021842200836566
2786,178305.0,0.20374848765715758
2787,178365.0,0.2050571117862327
2788,178425.0,0.20667831646039125
2789,178485.0,0.20748118534891852
2790,178545.0,0.20798546374546023
2791,178605.0,0.2070961367873725
2792,178665.0,0.2054677788268452
2793,178725.0,0.20426532025818672
2794,178785.0,0.2034905819938127
2795,178845.0,0.20278213560815028
2796,178905.0,0.2020382642880859
2797,178965.0,0.20130101218665836
2798,179025.0,0.20130974174975724
2799,179085.0,0.2014197278171423
2800,179145.0,0.20152329581872197
2801,179205.0,0.20179937943138115
2802,179265.0,0.20184778809776815
2803,179325.0,0.20182743994148877
2804,179385.0,0.2018309959112578
2805,179445.0,0.20359872578862687
2806,179505.0,0.2051287873836949
2807,179565.0,0.20610251607345514
2808,179625.0,0.20572622279393826
2809,179685.0,0.20491138017793464
2810,179745.0,0.20463052919493224
2811,179805.0,0.20451977481017614
2812,179865.0,0.2046470201972831
2813,179925.0,0.20388366651837753
2814,179985.0,0.2039755054915552
2815,180045.0,0.20431569072867262
2816,180105.0,0.20473909334124296
2817,180165.0,0.20517268530972727
2818,180225.0,0.20564291664645995
2819,180285.0,0.20600125983409884
2820,180345.0,0.20632599572588212
2821,180405.0,0.20659645354481476
2822,180465.0,0.2068007429324883
2823,180525.0,0.20694561439720616
2824,180585.0,0.2070701909748896
2825,180645.0,0.20732973063873888
2826,180705.0,0.2074393925454293
2827,180765.0,0.20616176297390748
2828,180825.0,0.20491851947697387
2829,180885.0,0.20454199734372724
2830,180945.0,0.2045013292408756
2831,181005.0,0.2043203321656134
2832,181065.0,0.20427847313546427
2833,181125.0,0.20459333661694806
2834,181188.0,0.20371135963002235
2835,181245.0,0.20367136807356956
2836,181305.0,0.20372655918091515
2837,181365.0,0.20385914678620703
2838,181425.0,0.20408293196625737
2839,181485.0,0.20423660113868497
2840,181545.0,0.20451018045851482
2841,181605.0,0.20477134756909093
2842,181665.0,0.20526849019678683
2843,181725.0,0.20563566111988346
2844,181785.0,0.20500690877983202
2845,181845.0,0.20349630892561804
2846,181905.0,0.20093995987069724
2847,181965.0,0.199264710343437
2848,182025.0,0.19794059635687522
2849,182085.0,0.19800728040815418
2850,182145.0,0.1989250413636029
2851,182205.0,0.1993199271508772
2852,182265.0,0.20033537440771249
2853,182325.0,0.20141856690569782
2854,182385.0,0.20160328798214133
2855,182445.0,0.20184786205037297
2856,182505.0,0.20207036905656484
2857,182565.0,0.20233060029807337
2858,182625.0,0.2026191395650664
2859,182685.0,0.20317927865721863
2860,182745.0,0.2037335134402346
2861,182805.0,0.2035211523861069
2862,182865.0,0.202419033105304
2863,182925.0,0.20030710758042564
2864,182985.0,0.19910360669227284
2865,183045.0,0.1987629877761512
2866,183105.0,0.19890407291585616
2867,183165.0,0.1993214803234073
2868,183228.0,0.1996180402338275
2869,183285.0,0.19974143816164808
2870,183345.0,0.1997155027049134
2871,183405.0,0.19964286691782168
2872,183465.0,0.1997677390877432
2873,183525.0,0.20009231983594583
2874,183585.0,0.20027693951538944
2875,183645.0,0.2002147988281744
2876,183705.0,0.20006981729131007
2877,183765.0,0.2015657850641
2878,183825.0,0.20295448947030242
2879,183885.0,0.20349475448782162
2880,183945.0,0.20299950927567967
2881,184005.0,0.20145813659723294
2882,184065.0,0.20005988157275073
2883,184125.0,0.199150594636972
2884,184185.0,0.19848809132727718
2885,184245.0,0.19797547417174166
2886,184305.0,0.1976024813939528
2887,184365.0,0.19689546448180228
2888,184425.0,0.19683166735703794
2889,184485.0,0.1966289064865122
2890,184545.0,0.19640352319776966
2891,184605.0,0.1962550773213888
2892,184665.0,0.1962974222610036
2893,184725.0,0.1964871785262845
2894,184785.0,0.19636294306496965
2895,184845.0,0.19649142424328186
2896,184905.0,0.196768204730424
2897,184965.0,0.1973826142339346
2898,185025.0,0.19802054981138434
2899,185085.0,0.19762912846328695
2900,185145.0,0.19607098694786707
2901,185205.0,0.19439421275895952
2902,185265.0,0.19313078314903992
2903,185325.0,0.1922855077791929
2904,185385.0,0.19136468662833894
2905,185445.0,0.19064716695650108
2906,185505.0,0.18980084108219536
2907,185565.0,0.1896698955685232
2908,185625.0,0.18929944357931144
2909,185685.0,0.18885930872208861
2910,185745.0,0.18979022847145766
2911,185805.0,0.190714209249003
2912,185865.0,0.19213885588492546
2913,185925.0,0.1935510994890386
2914,185985.0,0.19505672168673804
2915,186045.0,0.19549600919064108
2916,186105.0,0.19611673177276007
2917,186165.0,0.19667657199338234
2918,186225.0,0.19714904474044825
2919,186285.0,0.19775087280980608
2920,186345.0,0.19672776270273862
2921,186405.0,0.19466372057380138
2922,186465.0,0.1933378913272475
2923,186525.0,0.19271699104938694
2924,186585.0,0.19220107974055428
2925,186645.0,0.19231911477314473
2926,186705.0,0.19281633281599447
2927,186765.0,0.1931542916219947
2928,186825.0,0.19320807016904407
2929,186885.0,0.19333572928325332
2930,186945.0,0.1934337368642683
2931,187005.0,0.1936499719922921
2932,187065.0,0.1935212174143089
2933,187125.0,0.1934357508979247
2934,187185.0,0.19335278032662323
2935,187245.0,0.19337039502027126
2936,187305.0,0.19351938889376213
2937,187365.0,0.19426188877774558
2938,187428.0,0.1948886609040167
2939,187485.0,0.19548037682985148
2940,187545.0,0.19602491908978648
2941,187605.0,0.1965049872105868
2942,187665.0,0.19595510493378587
2943,187725.0,0.1948887450949761
2944,187785.0,0.19274098637481835
2945,187845.0,0.19107162222198787
2946,187905.0,0.18962407763237088
2947,187965.0,0.18853528999640973
2948,188025.0,0.18749945078420316
2949,188085.0,0.18677436144996135
2950,188145.0,0.18700168798051253
2951,188205.0,0.18699484604288819
2952,188265.0,0.18688841172720144
2953,188325.0,0.186730388078805
2954,188385.0,0.1865187206994663
2955,188445.0,0.1862829712797074
2956,188505.0,0.1860478936164507
2957,188565.0,0.18565318509128975
2958,188625.0,0.18544435352951472
2959,188685.0,0.18536326321154534
2960,188745.0,0.18542299976578996
2961,188805.0,0.1856912429355449
2962,188865.0,0.18604930713147333
2963,188925.0,0.18543419224922336
2964,188985.0,0.1842054303757495
2965,189045.0,0.18273783501658075
2966,189105.0,0.18150141764360872
2967,189165.0,0.18053925920215458
2968,189225.0,0.17950376174840865
2969,189285.0,0.17936976642018604
2970,189345.0,0.17926194586458183
2971,189405.0,0.1791536465203888
2972,189465.0,0.17863126642859317
2973,189525.0,0.17809884581943214
2974,189585.0,0.17780855306260596
2975,189645.0,0.1775756591662047
2976,189705.0,0.17888403329342262
2977,189765.0,0.1800034734499506
2978,189825.0,0.18146291109793505
2979,189888.0,0.18257832027196497
2980,189945.0,0.1826634546661844
2981,190005.0,0.1827318687060434
2982,190065.0,0.18308433342612124
2983,190125.0,0.18341257493360014
2984,190185.0,0.18378535661842643
2985,190245.0,0.18259545753070439
2986,190305.0,0.18133042656374798
2987,190365.0,0.17968681370759654
2988,190425.0,0.1781509153439313
2989,190485.0,0.17870310385273253
2990,190545.0,0.17917825284454608
2991,190605.0,0.18006916628718828
2992,190665.0,0.1803968788410824
2993,190725.0,0.18043194124649375
2994,190785.0,0.1804627936671418
2995,190845.0,0.18035293510896694
2996,190905.0,0.18016533159172538
2997,190965.0,0.179851813815945
2998,191025.0,0.1793911220124727
2999,191085.0,0.17908634822054997
3000,191145.0,0.17898524002728533
3001,191205.0,0.17905789666204613
3002,191265.0,0.18045292296004445
3003,191325.0,0.18248048489100221
3004,191385.0,0.18401430066718938
3005,191445.0,0.18447132020902662
3006,191505.0,0.18500182970375406
3007,191565.0,0.18551547538729318
3008,191625.0,0.1847739662361294
3009,191685.0,0.18298090777926895
3010,191745.0,0.18110234564216487
3011,191805.0,0.17963067322759624
3012,191865.0,0.17975474107211176
3013,191925.0,0.17984932242741902
3014,191985.0,0.1808804097750455
3015,192045.0,0.182247362102114
3016,192105.0,0.18225540653386058
3017,192165.0,0.18225052562095595
3018,192225.0,0.1822625684764625
3019,192285.0,0.18245223097641405
3020,192345.0,0.1826718453497188
3021,192405.0,0.1825456730171396
3022,192465.0,0.18234585284213872
3023,192525.0,0.18222812712769682
3024,192585.0,0.18209937635627216
3025,192645.0,0.18192119935355183
3026,192705.0,0.18249203323971636
3027,192765.0,0.18296658358100742
3028,192825.0,0.18339524775301186
3029,192885.0,0.18244720425428151
3030,192945.0,0.18083766296798076
3031,193005.0,0.17950973769176143
3032,193065.0,0.17828288764739175
3033,193125.0,0.1770624057719461
3034,193185.0,0.17681048515021042
3035,193245.0,0.17640677094387813
3036,193305.0,0.17609416337793243
3037,193365.0,0.17574854109834204
3038,193425.0,0.17535097310221776
3039,193485.0,0.1750625124248411
3040,193545.0,0.17556514005195678
3041,193605.0,0.17651426317307728
3042,193665.0,0.1777231997624537
3043,193725.0,0.17802718472893297
3044,193785.0,0.17752167148276427
3045,193845.0,0.17668896016897728
3046,193908.0,0.17549655871539888
3047,193965.0,0.17417967255147387
3048,194025.0,0.17269437594982906
3049,194085.0,0.17122599261557858
3050,194145.0,0.17089372411667614
3051,194205.0,0.17079699184529662
3052,194265.0,0.1706499314489524
3053,194325.0,0.17176383397278594
3054,194385.0,0.17327090998392108
3055,194445.0,0.17368413708658037
3056,194505.0,0.17423297679852812
3057,194565.0,0.17342270074523825
3058,194625.0,0.17271541363550696
3059,194685.0,0.17138976039292153
3060,194745.0,0.16983744271824347
3061,194805.0,0.16950770199901594
3062,194865.0,0.169230092879131
3063,194925.0,0.1690736665127744
3064,194985.0,0.1687546763215561
3065,195045.0,0.16840069740651786
3066,195105.0,0.16811692443441267
3067,195165.0,0.16797342694467665
3068,195225.0,0.16804345067601956
3069,195285.0,0.16819957026192933
3070,195345.0,0.16839151947359166
3071,195405.0,0.1684278774156131
3072,195465.0,0.16835121072458842
3073,195525.0,0.16832892925665316
3074,195585.0,0.16834434943297044
3075,195645.0,0.168362177038888
3076,195705.0,0.16824562679844024
3077,195765.0,0.16806458440183064
3078,195825.0,0.16773090662127688
3079,195888.0,0.167226910649376
3080,195945.0,0.16666331308222143
3081,196005.0,0.16606771038300272
3082,196065.0,0.1654944015196036
3083,196125.0,0.16493120406834783
3084,196185.0,0.1644889083388903
3085,196245.0,0.16403614383340676
3086,196305.0,0.16372564737038126
3087,196365.0,0.16361930106656836
3088,196425.0,0.1636779792221661
3089,196485.0,0.16391282105621968
3090,196545.0,0.16271173320179944
3091,196605.0,0.16156277878204872
3092,196665.0,0.1599188927344991
3093,196725.0,0.15828606598652367
3094,196785.0,0.15671622157144105
3095,196845.0,0.15620687916115533
3096,196905.0,0.15570935632422617
3097,196965.0,0.15525256170994806
3098,197025.0,0.154795460632774
3099,197085.0,0.15417434994709284
3100,197145.0,0.1537342871513787
3101,197205.0,0.15360182800860256
3102,197265.0,0.15243516215113573
3103,197325.0,0.1511387263050309
3104,197388.0,0.15001553407793072
3105,197445.0,0.148391681689223
3106,197505.0,0.1467031114486621
3107,197565.0,0.14521133744668074
3108,197625.0,0.1448501053663458
3109,197685.0,0.14437359039240927
3110,197745.0,0.14384323851846742
3111,197805.0,0.1435110567525345
3112,197865.0,0.14352599121613763
3113,197925.0,0.14329130339075286
3114,197985.0,0.14288460668010872
3115,198045.0,0.14249112889519738
3116,198105.0,0.14212207959267825
3117,198165.0,0.14133666921117044
3118,198225.0,0.14061423113906352
3119,198285.0,0.13997511472059943
3120,198345.0,0.13939372737504035
3121,198405.0,0.13875582823146443
3122,198465.0,0.13816187472806102
3123,198525.0,0.13787588240390075
3124,198585.0,0.13806788409338427
3125,198645.0,0.1395348240918859
3126,198705.0,0.14101192669216872
3127,198765.0,0.14218718520064078
3128,198828.0,0.1424310152149021
3129,198885.0,0.1423203599818596
3130,198945.0,0.14201752874088835
3131,199005.0,0.14174337126288122
3132,199065.0,0.14130948500495327
3133,199125.0,0.14087518033903668
3134,199185.0,0.14048522465117042
3135,199245.0,0.14018213332232465
3136,199305.0,0.13996126554708122
3137,199365.0,0.13996631746354865
3138,199425.0,0.13984056103359965
3139,199485.0,0.1396550684977595
3140,199545.0,0.13939583382026216
3141,199605.0,0.1390614776132637
3142,199665.0,0.13899360865053106
3143,199725.0,0.1388130951102925
3144,199785.0,0.13877951100775948
3145,199848.0,0.138871586409673
3146,199905.0,0.1388526271361274
3147,199965.0,0.13885461575998415
3148,200025.0,0.1389169343687498
3149,200085.0,0.13898130966958788
3150,200145.0,0.13897896385836972
3151,200205.0,0.13889142331933402
3152,200265.0,0.13907866116920636
3153,200325.0,0.139197682427172
3154,200385.0,0.13911187415043613
3155,200445.0,0.13887564350446885
3156,200505.0,0.1370953603349322
3157,200565.0,0.13551064438929367
3158,200625.0,0.1335755882569063
3159,200685.0,0.1320144783002244
3160,200745.0,0.13154210543963202
3161,200805.0,0.13109777203393913
3162,200865.0,0.13066988885698116
3163,200925.0,0.13033628758668628
3164,200985.0,0.13001013414810922
3165,201045.0,0.12991806804177572
3166,201105.0,0.12996975494554527
3167,201165.0,0.129964215086814
3168,201225.0,0.1299392848858037
3169,201285.0,0.1281009219684068
3170,201345.0,0.12651982858214886
3171,201405.0,0.12449188819154283
3172,201465.0,0.12294008433184989
3173,201525.0,0.12255942412829013
3174,201585.0,0.12205034868975026
3175,201645.0,0.12163836325227576
3176,201705.0,0.12125553275768491
3177,201765.0,0.12096548380889593
3178,201825.0,0.12086185616651152
3179,201885.0,0.1206869008492116
3180,201945.0,0.12037573152935044
3181,202005.0,0.11998277538888835
3182,202065.0,0.11835047558298123
3183,202125.0,0.1160933496813222
3184,202185.0,0.11434617619442439
3185,202245.0,0.11379374501946762
3186,202305.0,0.11319907502490165
3187,202365.0,0.11261575735338994
3188,202425.0,0.11197564102088448
3189,202485.0,0.11153409175136877
3190,202545.0,0.11125855608316301
3191,202605.0,0.11107488771495677
3192,202665.0,0.10943900775448609
3193,202725.0,0.10776567170841395
3194,202785.0,0.10624743721149568
3195,202845.0,0.10449784743304669
3196,202905.0,0.10409104130486438
3197,202965.0,0.10371121842298012
3198,203025.0,0.10326987903722618
3199,203085.0,0.10269126721196822
3200,203145.0,0.10214190853844984
3201,203205.0,0.10197147578001242
3202,203265.0,0.1018550064713531
3203,203325.0,0.10166098008830415
3204,203385.0,0.10148763723225598
3205,203445.0,0.10137132066037244
3206,203505.0,0.10080299176813537
3207,203565.0,0.10027156910692733
3208,203625.0,0.09978220806490379
3209,203685.0,0.09929371530748404
3210,203745.0,0.09875217681005233
3211,203805.0,0.0983294992857986
3212,203868.0,0.09807605766590749
3213,203925.0,0.09793309356209007
3214,203985.0,0.09775221533248166
3215,204045.0,0.09766178403126743
3216,204105.0,0.09749140994533231
3217,204165.0,0.09735778813389512
3218,204225.0,0.09732292970480003
3219,204285.0,0.09725539728248386
3220,204345.0,0.09640140655579976
3221,204405.0,0.0951107621904767
3222,204465.0,0.09391695815800588
3223,204525.0,0.09375082220818565
3224,204585.0,0.0934693766880646
3225,204645.0,0.09321088337648331
3226,204705.0,0.09307665478175153
3227,204765.0,0.0928848633229935
3228,204825.0,0.09297443768325553
3229,204885.0,0.09303347767534495
3230,204945.0,0.09296830525670563
3231,205005.0,0.09264078945850276
3232,205065.0,0.09229818337246373
3233,205125.0,0.0905691544732298
3234,205185.0,0.08855584092396421
3235,205245.0,0.08805072326747623
3236,205305.0,0.08754274916638657
3237,205365.0,0.08701366888361667
3238,205425.0,0.08659951447035039
3239,205485.0,0.08637841779735941
3240,205545.0,0.08634795835317882
3241,205605.0,0.08624929534879267
3242,205665.0,0.08616557643914433
3243,205725.0,0.0859251577244973
3244,205785.0,0.08576465546526893
3245,205845.0,0.08561767136419349
3246,205905.0,0.0852990815894143
3247,205965.0,0.08511140806082063
3248,206025.0,0.08485243519394592
3249,206085.0,0.08452245109700096
3250,206145.0,0.08407631540132074
3251,206205.0,0.0836027373329655
3252,206265.0,0.08305968808981576
3253,206325.0,0.0825339596262975
3254,206385.0,0.08201938859337879
3255,206445.0,0.08153370917306127
3256,206505.0,0.08127853864723461
3257,206565.0,0.08113112119520433
3258,206628.0,0.08113378806040897
3259,206685.0,0.0811521269737403
3260,206745.0,0.08122018198524109
3261,206805.0,0.08133156625337543
3262,206865.0,0.08139218499250017
3263,206925.0,0.0814662280272084
3264,206985.0,0.08148872176992294
3265,207045.0,0.0815780775266785
3266,207105.0,0.08164004258692364
3267,207165.0,0.08159315035891926
3268,207225.0,0.08155521302051769
3269,207285.0,0.08141458474894828
3270,207345.0,0.08134190918059056
3271,207405.0,0.08126723349506113
3272,207465.0,0.08123479590557184
3273,207525.0,0.0812876842541159
3274,207585.0,0.08141167056654847
3275,207645.0,0.08158012502870973
3276,207705.0,0.08169790040744374
3277,207765.0,0.08175381270478571
3278,207825.0,0.08179876919209228
3279,207885.0,0.08191574011935518
3280,207945.0,0.08211209035777212
3281,208005.0,0.08235346621226056
3282,208065.0,0.08262705744189733
3283,208125.0,0.08284816480114801
3284,208185.0,0.08301247365487441
3285,208245.0,0.08308382302888015
3286,208305.0,0.0831027433385566
3287,208365.0,0.08308241205586964
3288,208425.0,0.08299905822983883
3289,208485.0,0.08287806202937864
3290,208545.0,0.08281468568593658
3291,208605.0,0.0824964973107804
3292,208665.0,0.08225634840167573
3293,208725.0,0.08235705236621171
3294,208785.0,0.08274524189592777
3295,208845.0,0.08316845568284542
3296,208905.0,0.08350537734340224
3297,208965.0,0.0836512308396794
3298,209025.0,0.0837895010497012
3299,209085.0,0.08391833333953194
3300,209145.0,0.08407499154722287
3301,209205.0,0.08431131702657532
3302,209265.0,0.08453333997890572
3303,209325.0,0.08446068820799019
3304,209385.0,0.08410021507134632
3305,209445.0,0.08257826586780712
3306,209505.0,0.08104644769813973
3307,209565.0,0.07981099659756322
3308,209625.0,0.079492890667238
3309,209685.0,0.07920725142679827
3310,209745.0,0.0790692758038384
3311,209805.0,0.07902527198576009
3312,209865.0,0.07918437384069807
3313,209925.0,0.07942288621821275
3314,209985.0,0.07956484898109495
3315,210045.0,0.07953943089274038
3316,210105.0,0.07941525512368872
3317,210165.0,0.07928411285820453
3318,210225.0,0.07918955609625761
3319,210285.0,0.07916427397443357
3320,210345.0,0.07921415170087243
3321,210405.0,0.07930558253414319
3322,210465.0,0.07914881787410433
3323,210525.0,0.07876715173054233
3324,210585.0,0.07829665923735701
3325,210645.0,0.07781235346504947
3326,210705.0,0.077528878455114
3327,210765.0,0.07729157901579412
3328,210825.0,0.07705397364023298
3329,210885.0,0.07680392339834002
3330,210945.0,0.07653878700007286
3331,211005.0,0.07633978961481677
3332,211065.0,0.076224415415766
3333,211125.0,0.07613760001123268
3334,211185.0,0.07609962396788578
3335,211245.0,0.07618348055813043
3336,211305.0,0.07636127930974065
3337,211365.0,0.07689222693412856
3338,211425.0,0.07720572888455543
3339,211485.0,0.07743483192889197
3340,211545.0,0.07733403178019152
3341,211605.0,0.07723627429888477
3342,211665.0,0.07716443119304403
3343,211725.0,0.07706011086964679
3344,211785.0,0.07696170726427604
3345,211845.0,0.07689039306997483
3346,211905.0,0.07678187715702603
3347,211965.0,0.0767679840422951
3348,212025.0,0.07654612032560529
3349,212085.0,0.07648841339050641
3350,212145.0,0.07655011598170283
3351,212205.0,0.0767531638134624
3352,212265.0,0.07718161031495926
3353,212325.0,0.07759693041972784
3354,212385.0,0.07815642126154212
3355,212445.0,0.07871670286760102
3356,212505.0,0.07925035711285236
3357,212565.0,0.07998367625014863
3358,212625.0,0.08046706076574942
3359,212685.0,0.08078462226452021
3360,212745.0,0.08096879843038848
3361,212805.0,0.0810322136174477
3362,212865.0,0.08100226433863511
3363,212928.0,0.08092963360515265
3364,212985.0,0.08089379777377323
3365,213045.0,0.08089560848000543
3366,213105.0,0.08092399475311957
3367,213165.0,0.08106431380234033
3368,213225.0,0.08127752770705901
3369,213285.0,0.0815872703764105
3370,213345.0,0.08192258701411112
3371,213405.0,0.08223796714362577
3372,213465.0,0.08256182593750991
3373,213525.0,0.08301575342658493
3374,213585.0,0.08354901247121754
3375,213645.0,0.08393488148599004
3376,213705.0,0.08416236785579856
3377,213765.0,0.08438413867143912
3378,213825.0,0.08465760864395291
3379,213885.0,0.08503032317333722
3380,213945.0,0.0855203289671723
3381,214005.0,0.08583726995183141
3382,214065.0,0.0863570751258424
3383,214125.0,0.08675588153797018
3384,214185.0,0.08694433543959326
3385,214245.0,0.08703763254871952
3386,214305.0,0.08708172880431056
3387,214365.0,0.08710526965967516
3388,214425.0,0.08715388445918126
3389,214485.0,0.08724843923925926
3390,214545.0,0.08737044819749054
3391,214605.0,0.0875250684754873
3392,214665.0,0.08761533884144565
3393,214725.0,0.08765579564324483
3394,214785.0,0.08776434594236168
3395,214845.0,0.08792058079370318
3396,214905.0,0.08810714061530714
3397,214965.0,0.08827549938494852
3398,215025.0,0.08841688010612658
3399,215085.0,0.0885202134571258
3400,215145.0,0.08862752015667547
3401,215205.0,0.08870874176542551
3402,215265.0,0.0889227084125438
3403,215325.0,0.08904209741543273
3404,215385.0,0.08905063897522739
3405,215445.0,0.08904330189082965
3406,215505.0,0.08898941961733733
3407,215565.0,0.08892708167200239
3408,215625.0,0.0888621364860416
3409,215685.0,0.08882425620304799
3410,215745.0,0.08883247081633772
3411,215805.0,0.08889738253754625
3412,215865.0,0.08899817359478368
3413,215925.0,0.08915004845246208
3414,215985.0,0.08935262995150772
3415,216045.0,0.08956803473357519
3416,216105.0,0.08974773051011786
3417,216165.0,0.08979500355304576
3418,216225.0,0.08977053834053955
3419,216285.0,0.0897272228776774
3420,216345.0,0.08969615466938688
3421,216405.0,0.08972586121385032
3422,216465.0,0.08977925510403209
3423,216525.0,0.08985812290444084
3424,216585.0,0.08992664266306866
3425,216645.0,0.08998219216238235
3426,216708.0,0.0900756155634671
3427,216765.0,0.09021412214101732
3428,216825.0,0.09037669481581681
3429,216885.0,0.09057364356770148
3430,216945.0,0.09073574572432783
3431,217005.0,0.09095578665463747
3432,217065.0,0.09111928787023779
3433,217125.0,0.09122728116058573
3434,217185.0,0.0913323799358158
3435,217245.0,0.09140555906908318
3436,217305.0,0.09139733275897005
3437,217365.0,0.09132608210494211
3438,217425.0,0.09125034286032357
3439,217485.0,0.0912007294592527
3440,217545.0,0.09115481734942321
3441,217605.0,0.09111494348709578
3442,217665.0,0.09112983636686664
3443,217725.0,0.09112810376329733
3444,217785.0,0.09111078238102321
3445,217845.0,0.09106086817566555
3446,217905.0,0.09099046397030403
3447,217965.0,0.0909475423632626
3448,218025.0,0.09099927257057516
3449,218085.0,0.09114205031123818
3450,218145.0,0.09130702240739616
3451,218205.0,0.09146125533965968
3452,218265.0,0.0915806842980128
3453,218325.0,0.09165091287864388
3454,218385.0,0.09170471564503815
3455,218445.0,0.09175058387763088
3456,218505.0,0.0918616251693791
3457,218565.0,0.09196818918451435
3458,218625.0,0.09206840456394896
3459,218685.0,0.09233183958646987
3460,218745.0,0.0924720861150414
3461,218805.0,0.09247413361179316
3462,218865.0,0.09240569166866269
3463,218925.0,0.09236027005613881
3464,218985.0,0.09235163072182961
3465,219045.0,0.09237743466587522
3466,219105.0,0.09240463584031156
3467,219165.0,0.0924250734424382
3468,219225.0,0.09241243511616853
3469,219285.0,0.09247001232369695
3470,219345.0,0.0925079734181733
3471,219405.0,0.09258654442078743
3472,219465.0,0.09273050610168201
3473,219525.0,0.09288739471502155
3474,219585.0,0.09294422045681955
3475,219645.0,0.09284240206843342
3476,219705.0,0.09270125921355796
3477,219765.0,0.09264623527675228
3478,219825.0,0.09271066079343174
3479,219885.0,0.09283614137702303
3480,219945.0,0.09296703304336645
3481,220005.0,0.0931426919735068
3482,220065.0,0.09326604219491963
3483,220125.0,0.09335103028107933
3484,220185.0,0.09334931812841432
3485,220245.0,0.09340435331806257
3486,220305.0,0.09343248973295373
3487,220365.0,0.09342786158408287
3488,220425.0,0.09345729815740386
3489,220485.0,0.0935235279297432
3490,220545.0,0.09354204705387134
3491,220605.0,0.09358272253996303
3492,220665.0,0.09361857002187526
3493,220725.0,0.09360542097054572
3494,220785.0,0.09366656598315698
3495,220845.0,0.09377254255468337
3496,220905.0,0.09390893646298962
3497,220965.0,0.09403386933513821
3498,221025.0,0.09421235486681759
3499,221085.0,0.09437797902835976
3500,221145.0,0.0945403431519157
3501,221205.0,0.09476412050019398
3502,221265.0,0.09495331996578502
3503,221325.0,0.09518428985023147
3504,221385.0,0.09535386915911628
3505,221445.0,0.09553396166285658
3506,221505.0,0.09570773994650725
3507,221565.0,0.09584809591200003
3508,221625.0,0.09598932819436143
3509,221685.0,0.09613630319694477
3510,221745.0,0.09634575348121815
3511,221805.0,0.09652909701701223
3512,221865.0,0.09671894579111748
3513,221925.0,0.09686674473856288
3514,221985.0,0.09697813289792737
3515,222045.0,0.09706756881143669
3516,222105.0,0.0971258426275487
3517,222165.0,0.09684689144653685
3518,222225.0,0.09682511130337138
3519,222285.0,0.09707432482723691
3520,222345.0,0.09754937951333564
3521,222405.0,0.09791124081962341
3522,222465.0,0.09826000114365196
3523,222525.0,0.09859650344110468
3524,222585.0,0.0988570285696185
3525,222645.0,0.0990423422546198
3526,222705.0,0.09918861989934166
3527,222765.0,0.09924707312579178
3528,222825.0,0.09935392762324124
3529,222885.0,0.09942070021335564
3530,222945.0,0.09948184424481063
3531,223005.0,0.09937835171249168
3532,223065.0,0.09912688324540594
3533,223125.0,0.09896147019999446
3534,223185.0,0.09878336539062943
3535,223245.0,0.09864372630562887
3536,223305.0,0.0985645305823174
3537,223365.0,0.09820627010197844
3538,223425.0,0.09836709830836177
3539,223485.0,0.09862231834699259
3540,223545.0,0.09895809132050151
3541,223605.0,0.0994162607240337
3542,223665.0,0.09991422266536232
3543,223725.0,0.10041667878838695
3544,223785.0,0.1008168450018655
3545,223845.0,0.10090197027617498
3546,223905.0,0.10102155017657913
3547,223965.0,0.10109346935337535
3548,224025.0,0.10127003108097224
3549,224085.0,0.10263731946548277
3550,224145.0,0.10382202113295211
3551,224205.0,0.104906732869015
3552,224265.0,0.10582604890509092
3553,224325.0,0.105774097679833
3554,224385.0,0.10563108671645777
3555,224445.0,0.10560710104837798
3556,224505.0,0.10583365313765769
3557,224565.0,0.1059344205612891
3558,224625.0,0.10564302270668954
3559,224685.0,0.10516732857090524
3560,224745.0,0.10471759729505636
3561,224805.0,0.10559475528793835
3562,224865.0,0.10641194970539833
3563,224925.0,0.10822653143712799
3564,224985.0,0.10830555867411107
3565,225045.0,0.10828555009295954
3566,225105.0,0.10833332068469398
3567,225165.0,0.10841756606289804
3568,225225.0,0.10865436062475264
3569,225285.0,0.10901978613127819
3570,225345.0,0.10929432333994582
3571,225405.0,0.10949634505148681
3572,225465.0,0.10977004943290261
3573,225525.0,0.11012865344498743
3574,225585.0,0.11041676606655365
3575,225645.0,0.11066803038001127
3576,225705.0,0.11114888509808493
3577,225765.0,0.1115714790112492
3578,225825.0,0.11193744921998361
3579,225885.0,0.11233283736120586
3580,225945.0,0.1127522115311978
3581,226005.0,0.11296843007307977
3582,226065.0,0.11293152883326035
3583,226125.0,0.1129691141109371
3584,226185.0,0.11312993099144367
3585,226245.0,0.11334197691361719
3586,226305.0,0.1136408812033615
3587,226365.0,0.11400709862343655
3588,226425.0,0.11447107186210959
3589,226485.0,0.11501383207479848
3590,226545.0,0.1156030718940613
3591,226605.0,0.11613798785373156
3592,226665.0,0.1166157245319788
3593,226725.0,0.11698301405616693
3594,226785.0,0.11726565184993745
3595,226845.0,0.11745218800369728
3596,226905.0,0.1176644510073599
3597,226965.0,0.11793941962473153
3598,227025.0,0.11828390865284213
3599,227085.0,0.11856067294702669
3600,227145.0,0.11874551719574211
3601,227208.0,0.11878942480283433
3602,227265.0,0.11879209596673096
3603,227325.0,0.11869897415006733
3604,227385.0,0.11892197953141756
3605,227445.0,0.119160190313394
3606,227505.0,0.11926531298096074
3607,227565.0,0.11927304668311825
3608,227625.0,0.11915466178499914
3609,227685.0,0.11880333181254085
3610,227745.0,0.11852741891474497
3611,227805.0,0.11831207226545709
3612,227865.0,0.11840017248500173
3613,227925.0,0.11867378261495898
3614,227985.0,0.11875041346024176
3615,228045.0,0.11874586707169577
3616,228105.0,0.1187609710634091
3617,228165.0,0.11878077855589947
3618,228225.0,0.11921245131536634
3619,228285.0,0.11967952582476543
3620,228345.0,0.12019797143409097
3621,228405.0,0.12067549781503487
3622,228465.0,0.12100244824606812
3623,228525.0,0.12124209988775489
3624,228585.0,0.12139930945867125
3625,228645.0,0.12147857648278718
3626,228705.0,0.12139496211996334
3627,228765.0,0.12105891098538574
3628,228825.0,0.1207429517254433
3629,228885.0,0.12057026451124275
3630,228945.0,0.12060463776267119
3631,229005.0,0.12203052360785774
3632,229065.0,0.12379325757641588
3633,229125.0,0.12534214268549906
3634,229185.0,0.1266003564278378
3635,229245.0,0.12674174325323265
3636,229305.0,0.12684518968372085
3637,229365.0,0.1270146312855283
3638,229425.0,0.12724286999884313
3639,229485.0,0.12726479152000872
3640,229545.0,0.1272306966930269
3641,229605.0,0.12710822672615754
3642,229665.0,0.1270547505525886
3643,229725.0,0.12710907737508415
3644,229785.0,0.12871867008521395
3645,229845.0,0.12986074586935156
3646,229905.0,0.13129263308710026
3647,229965.0,0.13256572581520623
3648,230025.0,0.13294888753200623
3649,230085.0,0.13327945364080662
3650,230145.0,0.13368557093139466
3651,230205.0,0.13409499405046238
3652,230265.0,0.1345924075888814
3653,230325.0,0.13455742879004462
3654,230385.0,0.13430627919030852
3655,230445.0,0.1341659736309847
3656,230505.0,0.1342225698190343
3657,230565.0,0.1357123545683231
3658,230625.0,0.13716592973647318
3659,230685.0,0.13860677338530675
3660,230745.0,0.13973473929027336
3661,230805.0,0.13979874073645326
3662,230865.0,0.14000854647411654
3663,230925.0,0.14021988646782058
3664,230985.0,0.14044014451148112
3665,231045.0,0.14051616612414775
3666,231105.0,0.1403083073903325
3667,231165.0,0.1401241946962568
3668,231225.0,0.14004332732671587
3669,231285.0,0.14018362293497671
3670,231345.0,0.1417153662763539
3671,231405.0,0.14380276347408394
3672,231465.0,0.14525761311233626
3673,231525.0,0.1464533625042288
3674,231585.0,0.1466367396960842
3675,231645.0,0.14691352601100582
3676,231705.0,0.14729860462744088
3677,231765.0,0.1478933199058446
3678,231825.0,0.14790754796021705
3679,231885.0,0.14774784594175966
3680,231945.0,0.1486663328624599
3681,232005.0,0.14979921896923443
3682,232065.0,0.15128091955042494
3683,232125.0,0.1526699809505167
3684,232185.0,0.1538643955089392
3685,232245.0,0.15404170804708445
3686,232305.0,0.15426371371265696
3687,232365.0,0.15444018296985818
3688,232425.0,0.1545132585714215
3689,232485.0,0.15437556188737672
3690,232545.0,0.15402208351190705
3691,232605.0,0.15374536455844567
3692,232665.0,0.15362476959396737
3693,232725.0,0.1537220904097723
3694,232785.0,0.1550230678444025
3695,232845.0,0.1566673742897809
3696,232905.0,0.15800567116181224
3697,232965.0,0.15816644182922168
3698,233025.0,0.1583247169664922
3699,233085.0,0.15830348663717847
3700,233145.0,0.15829167577384362
3701,233205.0,0.1582938628114774
3702,233265.0,0.1582489756815933
3703,233325.0,0.15792722068057458
3704,233388.0,0.15763700842830752
3705,233445.0,0.15752629510905153
3706,233505.0,0.1576099177250871
3707,233565.0,0.15921013734713313
3708,233625.0,0.16087621796577478
3709,233685.0,0.16245703921637045
3710,233745.0,0.16367520726292728
3711,233805.0,0.1637909533445614
3712,233865.0,0.16392036342094657
3713,233925.0,0.16403157177425864
3714,233985.0,0.1640990980557232
3715,234045.0,0.16406694121934468
3716,234105.0,0.1639554263072508
3717,234165.0,0.16360749505535999
3718,234225.0,0.1629956520739364
3719,234285.0,0.1625720106860154
3720,234345.0,0.16237062694350818
3721,234405.0,0.16349492939643512
3722,234465.0,0.16483705471514348
3723,234525.0,0.1660892637496028
3724,234585.0,0.1670741254315532
3725,234645.0,0.16738457170724225
3726,234708.0,0.16772340441767386
3727,234765.0,0.16801337385891768
3728,234825.0,0.16809134095776285
3729,234885.0,0.1668403528204413
3730,234945.0,0.16576968780606727
3731,235008.0,0.16459103977142542
3732,235065.0,0.16343399866415043
3733,235125.0,0.16322623708909284
3734,235185.0,0.16313473403299023
3735,235245.0,0.1644872981580361
3736,235305.0,0.16571964453000226
3737,235365.0,0.16694556487714762
3738,235425.0,0.1684207404081396
3739,235485.0,0.16874311322100505
3740,235545.0,0.1689643768310065
3741,235605.0,0.1680885787252902
3742,235665.0,0.1672246051969093
3743,235725.0,0.16547540197401972
3744,235785.0,0.16539287824014248
3745,235845.0,0.16535759941439326
3746,235905.0,0.16510460159270224
3747,235965.0,0.16471521390901966
3748,236025.0,0.16437536893284532
3749,236085.0,0.16415240987279833
3750,236145.0,0.16547409843191924
3751,236205.0,0.16720362535761768
3752,236265.0,0.16842601178933575
3753,236325.0,0.1696325517633656
3754,236385.0,0.16966343886792645
3755,236445.0,0.16965963470391454
3756,236505.0,0.1695039212255418
3757,236565.0,0.16948187686418625
3758,236625.0,0.16931732479103867
3759,236685.0,0.16890649361219418
3760,236745.0,0.16830393389418696
3761,236805.0,0.16782687820530334
3762,236865.0,0.16744756761531282
3763,236925.0,0.16715513890418454
3764,236985.0,0.16663136009901236
3765,237045.0,0.16620797054140302
3766,237105.0,0.16597934509729273
3767,237165.0,0.16587516615574077
3768,237225.0,0.16730786708434714
3769,237285.0,0.16842223204333595
3770,237345.0,0.16915668489022173
3771,237405.0,0.16982421144669657
3772,237465.0,0.17041923274088416
3773,237525.0,0.1702369123927992
3774,237585.0,0.17020124122567148
3775,237645.0,0.17024637419608046
3776,237705.0,0.16987690683023743
3777,237765.0,0.16929410610873147
3778,237825.0,0.16884591193324966
3779,237885.0,0.1685572595875443
3780,237945.0,0.16958289097908313
3781,238005.0,0.17108430683156173
3782,238065.0,0.17263626035380653
3783,238125.0,0.17375865744558106
3784,238185.0,0.17455020672164084
3785,238245.0,0.17451687905848823
3786,238305.0,0.1745888451765697
3787,238365.0,0.17458833801728807
3788,238425.0,0.17459080966040752
3789,238485.0,0.17476057818987023
3790,238545.0,0.17483029921854432
3791,238605.0,0.17475655901828097
3792,238665.0,0.17445647662179048
3793,238725.0,0.1738588866582269
3794,238785.0,0.17345903006065988
3795,238845.0,0.17343069768238778
3796,238905.0,0.1735068877624052
3797,238965.0,0.17510547737489096
3798,239025.0,0.17618962459361864
3799,239085.0,0.17736391283533692
3800,239145.0,0.1780438462073321
3801,239205.0,0.1786282303834903
3802,239265.0,0.17988433961323036
3803,239325.0,0.18002433176942662
3804,239385.0,0.17999126588175962
3805,239445.0,0.17993169693986322
3806,239505.0,0.17997208844490398
3807,239565.0,0.18023629381684347
3808,239625.0,0.18044562863602354
3809,239685.0,0.18045697135922273
3810,239745.0,0.1802486156662878
3811,239805.0,0.17866509999277114
3812,239868.0,0.17678917601226352
3813,239925.0,0.1750879238144829
3814,239985.0,0.17364477187904565
3815,240045.0,0.17330349093784114
3816,240105.0,0.17293639257686605
3817,240165.0,0.17241721810721927
3818,240225.0,0.1716089020856313
3819,240285.0,0.17111761398606845
3820,240345.0,0.17102339955943796
3821,240405.0,0.17246332388679353
3822,240465.0,0.17447701940693683
3823,240525.0,0.17684803827013257
3824,240585.0,0.17667144758714315
3825,240645.0,0.17683799448481008
3826,240705.0,0.17656679338665748
3827,240765.0,0.17634135352496327
3828,240825.0,0.17713832190163814
3829,240885.0,0.17715763531356304
3830,240945.0,0.17704108126526746
3831,241005.0,0.17675672834711226
3832,241065.0,0.17619190279064106
3833,241125.0,0.1760406813512932
3834,241185.0,0.17606597192901008
3835,241245.0,0.1760213271538969
3836,241305.0,0.1759099940229747
3837,241365.0,0.1744006342483802
3838,241425.0,0.17243099990556332
3839,241485.0,0.170671337163267
3840,241545.0,0.16936176944387793
3841,241605.0,0.17046754903218042
3842,241665.0,0.1718838718214606
3843,241725.0,0.173283209510469
3844,241785.0,0.17421443498077072
3845,241845.0,0.1752275155269521
3846,241905.0,0.17650828764336018
3847,241965.0,0.17695906453396643
3848,242025.0,0.17731917448785228
3849,242085.0,0.1773624449686136
3850,242145.0,0.17591888384710136
3851,242205.0,0.17382220955879663
3852,242265.0,0.17230052183814243
3853,242325.0,0.17100235793692065
3854,242385.0,0.17068777585731099
3855,242445.0,0.1703190156159486
3856,242505.0,0.1697076599273093
3857,242565.0,0.16857851456409073
3858,242625.0,0.16834353653865347
3859,242685.0,0.16932509786923522
3860,242745.0,0.17089201424028921
3861,242805.0,0.1723104139311551
3862,242865.0,0.17221426597790085
3863,242925.0,0.17177130693351605
3864,242985.0,0.17143518493643572
3865,243045.0,0.1721419148326579
3866,243105.0,0.17205038103737513
3867,243165.0,0.17195636755618376
3868,243225.0,0.1720134849364191
3869,243285.0,0.17234514380712906
3870,243345.0,0.17285064405297879
3871,243405.0,0.17316645146515974
3872,243465.0,0.17308404278696504
3873,243525.0,0.17282895936843895
3874,243585.0,0.17147758194951063
3875,243645.0,0.1698437641398674
3876,243705.0,0.16848986986029552
3877,243765.0,0.16846841266289797
3878,243825.0,0.1684070010028541
3879,243885.0,0.1682927458226498
3880,243945.0,0.16837155146628796
3881,244005.0,0.1684400819325435
3882,244065.0,0.16863411145905616
3883,244125.0,0.16927333310750037
3884,244185.0,0.1697023262928251
3885,244245.0,0.16972802666949954
3886,244305.0,0.16929796302648897
3887,244365.0,0.1683848244059329
3888,244425.0,0.16864694795522311
3889,244485.0,0.169176014658172
3890,244545.0,0.16951860637634825
3891,244605.0,0.17095698182748847
3892,244665.0,0.17236838994760656
3893,244725.0,0.17315530190876383
3894,244785.0,0.17393256579655902
3895,244845.0,0.17395120892147908
3896,244905.0,0.17408137994750095
3897,244965.0,0.17457720354430817
3898,245028.0,0.1749909443305367
3899,245085.0,0.17523038495407706
3900,245145.0,0.1751532543635042
3901,245205.0,0.17374121138550908
3902,245265.0,0.1720940853303537
3903,245325.0,0.17011953994243212
3904,245385.0,0.16861677842372041
3905,245445.0,0.169045701245489
3906,245505.0,0.17062424798488846
3907,245565.0,0.1725758636926934
3908,245625.0,0.17403166763995737
3909,245685.0,0.17522637522539186
3910,245745.0,0.17624718019756846
3911,245805.0,0.17725307429106002
3912,245865.0,0.1784630686880912
3913,245925.0,0.17876606073833595
3914,245985.0,0.17893564182808464
3915,246045.0,0.17749648658727563
3916,246105.0,0.1760143516015385
3917,246165.0,0.17460580194075453
3918,246225.0,0.17323355993655393
3919,246285.0,0.17309320856844995
3920,246345.0,0.17288549155655375
3921,246405.0,0.17221559616124948
3922,246465.0,0.17163448553326405
3923,246525.0,0.17216248077245977
3924,246588.0,0.17423228906645472
3925,246645.0,0.1763874213112201
3926,246705.0,0.17805316826610057
3927,246765.0,0.17943804380373485
3928,246825.0,0.1805610933983144
3929,246885.0,0.18073827076978555
3930,246945.0,0.1792757964321119
3931,247005.0,0.17740641068969404
3932,247065.0,0.17596143739071113
3933,247125.0,0.17431214745885398
3934,247185.0,0.1737378184424509
3935,247245.0,0.17327180379579754
3936,247305.0,0.17377395215956093
3937,247365.0,0.17549390088058237
3938,247425.0,0.17766005863589512
3939,247485.0,0.17930163508087998
3940,247545.0,0.18086108085850638
3941,247605.0,0.18252061932538116
3942,247665.0,0.18382624348759208
3943,247725.0,0.18493931397357144
3944,247785.0,0.18647497128135332
3945,247845.0,0.18707956734930797
3946,247905.0,0.1872877245537824
3947,247965.0,0.1873071774047516
3948,248025.0,0.18562429350258774
3949,248085.0,0.1841250319072379
3950,248145.0,0.18286408112934227
3951,248205.0,0.18171582454720314
3952,248265.0,0.1803454622904599
3953,248325.0,0.1799336726399749
3954,248385.0,0.1803858635683458
3955,248445.0,0.18193945244952459
3956,248505.0,0.18444825992502123
3957,248565.0,0.18650010797896693
3958,248625.0,0.18834044117390852
3959,248685.0,0.1898231823043406
3960,248745.0,0.18978453566543557
3961,248805.0,0.1893127840711386
3962,248865.0,0.18809725766732005
3963,248925.0,0.1872548478854727
3964,248985.0,0.18641505301036887
3965,249045.0,0.18630067598512373
3966,249105.0,0.18609497813027792
3967,249165.0,0.18602308227866898
3968,249225.0,0.18602414122440702
3969,249285.0,0.18556499755097777
3970,249345.0,0.18534506218269187
3971,249405.0,0.18608555893622142
3972,249465.0,0.18809856300361955
3973,249525.0,0.19066668664611247
3974,249585.0,0.19249700286283378
3975,249645.0,0.19383433019159074
3976,249705.0,0.19484150896931068
3977,249765.0,0.19421804045417146
3978,249825.0,0.19373650189729869
3979,249885.0,0.19237701969059784
3980,249945.0,0.19142749552134375
3981,250005.0,0.1905303473690575
3982,250065.0,0.18908516388374058
3983,250125.0,0.18882504199569328
3984,250185.0,0.18879035878106726
3985,250245.0,0.1885476156460415
3986,250305.0,0.18826112836847814
3987,250365.0,0.18904689930123675
3988,250425.0,0.19100360106911318
3989,250485.0,0.19314625500642824
3990,250545.0,0.1948754495330935
3991,250605.0,0.1962018241841963
3992,250665.0,0.1973537887108162
3993,250725.0,0.19856971570218224
3994,250785.0,0.19896178781744284
3995,250845.0,0.1991296512943022
3996,250905.0,0.19929108004050677
3997,250965.0,0.1995093456244283
3998,251025.0,0.19994591634424663
3999,251085.0,0.20007410972209005
4000,251145.0,0.19982968097098702
4001,251205.0,0.19814987485340246
4002,251265.0,0.1958906529532619
4003,251325.0,0.19436104914559466
4004,251385.0,0.19504542595515817
4005,251445.0,0.19588072949218144
4006,251505.0,0.19614454360285166
4007,251565.0,0.196407556045762
4008,251625.0,0.19639542104437818
4009,251685.0,0.1971652958565846
4010,251745.0,0.19716044045813974
4011,251805.0,0.19709806869212526
4012,251865.0,0.19708878689145082
4013,251925.0,0.1971290322336231
4014,251985.0,0.19720622737837046
4015,252045.0,0.19736592091054073
4016,252105.0,0.1974994888121716
4017,252165.0,0.1974310416886883
4018,252225.0,0.19765999991774663
4019,252285.0,0.19767355559900834
4020,252345.0,0.19874550264978885
4021,252408.0,0.19959308503863082
4022,252465.0,0.19938004875717957
4023,252525.0,0.19897076547986098
4024,252585.0,0.19897121942452534
4025,252645.0,0.19897902733732403
4026,252705.0,0.19818636807727613
4027,252765.0,0.1983333707795153
4028,252825.0,0.1983754116769939
4029,252885.0,0.19846375631815516
4030,252945.0,0.19856006521002206
4031,253005.0,0.19867207375205004
4032,253065.0,0.198863994411057
4033,253125.0,0.19905972472483402
4034,253188.0,0.1991733120275337
4035,253245.0,0.19925901263372098
4036,253305.0,0.19924093514230873
4037,253365.0,0.19958712186094163
4038,253425.0,0.1996663289345184
4039,253485.0,0.19997954417455366
4040,253545.0,0.19951761791531608
4041,253605.0,0.1987333268639554
4042,253665.0,0.1985833385219239
4043,253725.0,0.19855174656285662
4044,253785.0,0.19855803848197667
4045,253845.0,0.1978952135599068
4046,253905.0,0.19786532454796796
4047,253965.0,0.19773230480436682
4048,254025.0,0.1974604595040773
4049,254085.0,0.1971586740193903
4050,254145.0,0.1968386960053185
4051,254205.0,0.19658135852674113
4052,254265.0,0.19649421714516685
4053,254325.0,0.19617906280310082
4054,254385.0,0.19591391051743456
4055,254445.0,0.19676132472454616
4056,254505.0,0.19839322278678334
4057,254565.0,0.199997483089416
4058,254628.0,0.20113255866902602
4059,254685.0,0.20215030626990882
4060,254745.0,0.20298879357771887
4061,254805.0,0.20389061926099866
4062,254865.0,0.20382863534069962
4063,254925.0,0.20370077064462133
4064,254985.0,0.20378727912025385
4065,255045.0,0.20405729653527355
4066,255108.0,0.20452076916039402
4067,255165.0,0.20392694748496815
4068,255225.0,0.20201554896830792
4069,255285.0,0.1998564217517418
4070,255345.0,0.19791975982804855
4071,255405.0,0.19593580503146124
4072,255465.0,0.19515281511769106
4073,255525.0,0.19617468220043105
4074,255585.0,0.19694922945479287
4075,255645.0,0.19808989179640607
4076,255705.0,0.1988895738012485
4077,255765.0,0.1996582531825124
4078,255825.0,0.19965032597627447
4079,255885.0,0.19970969270134276
4080,255945.0,0.19984502417162886
4081,256005.0,0.19992136728810617
4082,256065.0,0.20001617796460164
4083,256125.0,0.2005724084339156
4084,256185.0,0.20101793179196703
4085,256245.0,0.20050092684114906
4086,256305.0,0.19885233059013124
4087,256365.0,0.19673325152171378
4088,256425.0,0.19521722435114452
4089,256485.0,0.194075416996203
4090,256545.0,0.19301259621335298
4091,256605.0,0.19221138388728043
4092,256665.0,0.19154796634620308
4093,256725.0,0.1917209304621319
4094,256785.0,0.19170111745044138
4095,256845.0,0.19194874163702663
4096,256905.0,0.1922174460700054
4097,256965.0,0.19248993341163478
4098,257025.0,0.19281901120144374
4099,257085.0,0.19317214860924375
4100,257145.0,0.19357823514836509
4101,257205.0,0.19448994829835486
4102,257265.0,0.1951404475208966
4103,257325.0,0.1944771618941767
4104,257385.0,0.19234894255529644
4105,257445.0,0.19007128973194654
4106,257505.0,0.18842681915661608
4107,257565.0,0.18722883132761753
4108,257625.0,0.18749137777971053
4109,257685.0,0.18944396887521242
4110,257745.0,0.19120381126889785
4111,257805.0,0.1927350188159871
4112,257865.0,0.1938359444362337
4113,257925.0,0.19503854474032079
4114,257985.0,0.19642831465436222
4115,258045.0,0.19687695954273532
4116,258105.0,0.19640655105394117
4117,258165.0,0.1946887445321417
4118,258225.0,0.19270632363435558
4119,258285.0,0.1914529757040085
4120,258345.0,0.19043452036486286
4121,258405.0,0.1893569153762244
4122,258465.0,0.18855701742127384
4123,258525.0,0.1873997348506392
4124,258585.0,0.18668347132447832
4125,258645.0,0.18731989178748287
4126,258705.0,0.1887152766354847
4127,258765.0,0.19030443139764341
4128,258825.0,0.19162984346046014
4129,258885.0,0.19280966412085976
4130,258945.0,0.19422830877346842
4131,259005.0,0.1955941402136014
4132,259065.0,0.19719099359717268
4133,259125.0,0.19762547105342332
4134,259185.0,0.1972374365874005
4135,259245.0,0.1957738596849543
4136,259305.0,0.19376471147260538
4137,259365.0,0.19248534220681845
4138,259425.0,0.191341366513476
4139,259485.0,0.19046052516072737
4140,259545.0,0.1893550687286717
4141,259605.0,0.18803624613370912
4142,259665.0,0.1885311775036263
4143,259725.0,0.18926320838447308
4144,259785.0,0.19056313344969422
4145,259845.0,0.19186228407232658
4146,259905.0,0.19316134841059468
4147,259965.0,0.19443167958070368
4148,260025.0,0.19572148693380848
4149,260085.0,0.19650237306849083
4150,260145.0,0.1972132375178412
4151,260205.0,0.19708164781073767
4152,260265.0,0.1958568025888605
4153,260325.0,0.1941554886850354
4154,260385.0,0.1927502750000596
4155,260445.0,0.1913844937619152
4156,260505.0,0.19030123372710478
4157,260565.0,0.18941343322283966
4158,260625.0,0.18858991632353916
4159,260685.0,0.18858588567328433
4160,260745.0,0.18848709322295493
4161,260805.0,0.1886246003203132
4162,260865.0,0.18901175265275627
4163,260925.0,0.18935490894052887
4164,260985.0,0.1897798950299711
4165,261045.0,0.19049432676908346
4166,261105.0,0.19122196207674058
4167,261165.0,0.19085826521701554
4168,261225.0,0.18934882917307733
4169,261285.0,0.1877607020431149
4170,261345.0,0.18664330292570297
4171,261405.0,0.18591652595571917
4172,261465.0,0.18537610690043038
4173,261525.0,0.18471617994202522
4174,261585.0,0.18473427115123137
4175,261645.0,0.18458545772648172
4176,261705.0,0.18516702291258486
4177,261765.0,0.18621815128002456
4178,261825.0,0.1883461143025008
4179,261885.0,0.1903422977665563
4180,261945.0,0.19204942907543932
4181,262005.0,0.19358278598114254
4182,262065.0,0.195077144428895
4183,262125.0,0.19536964197778572
4184,262185.0,0.19355095177913345
4185,262245.0,0.1918035718255744
4186,262305.0,0.19083749942307943
4187,262365.0,0.19004425038197204
4188,262425.0,0.18946503117589564
4189,262485.0,0.18897400684079713
4190,262545.0,0.18932679320173662
4191,262605.0,0.18980013858390543
4192,262665.0,0.18991023078525282
4193,262725.0,0.1897698486436955
4194,262785.0,0.19060109659479024
4195,262845.0,0.1917193821060767
4196,262905.0,0.19304545695237135
4197,262965.0,0.19465091459180145
4198,263025.0,0.1962650798909799
4199,263085.0,0.197802716073589
4200,263145.0,0.1971315269726553
4201,263205.0,0.19528849568533307
4202,263265.0,0.19416662581750865
4203,263325.0,0.19336539962424798
4204,263385.0,0.1927585322957865
4205,263445.0,0.19215391209586968
4206,263505.0,0.1924895188323017
4207,263565.0,0.19224654097230348
4208,263625.0,0.1919356279944469
4209,263685.0,0.19209798528880545
4210,263745.0,0.19323989711389056
4211,263805.0,0.19412740304055442
4212,263865.0,0.1953942432064938
4213,263925.0,0.19662345358712807
4214,263985.0,0.1978474422227155
4215,264045.0,0.1981054220355028
4216,264105.0,0.1986018851883491
4217,264165.0,0.19912984998168348
4218,264225.0,0.19964207693973124
4219,264285.0,0.19888547165690024
4220,264345.0,0.1972813702569685
4221,264405.0,0.1958405740379942
4222,264465.0,0.19495353274010047
4223,264525.0,0.19436002050615847
4224,264585.0,0.19380977514594444
4225,264645.0,0.19386705922242253
4226,264705.0,0.19402361075055002
4227,264765.0,0.19441300751501184
4228,264825.0,0.1949109880232398
4229,264885.0,0.19539601491100705
4230,264945.0,0.19592080656483962
4231,265005.0,0.19651399739285463
4232,265065.0,0.19709807064804308
4233,265125.0,0.1978899718454019
4234,265185.0,0.19857901643467263
4235,265245.0,0.19797189021902822
4236,265305.0,0.19663092214067834
4237,265365.0,0.19505639456259494
4238,265425.0,0.1939770078081985
4239,265485.0,0.19302848599461903
4240,265545.0,0.1921175709069688
4241,265605.0,0.19110578498176495
4242,265665.0,0.19097679682863689
4243,265725.0,0.19053483186044678
4244,265785.0,0.19009763574716992
4245,265845.0,0.18988474616346185
4246,265905.0,0.18976053357057593
4247,265965.0,0.19137830325277339
4248,266025.0,0.19222224819864853
4249,266085.0,0.1936173640207169
4250,266145.0,0.1951164226687252
4251,266205.0,0.19662373264608923
4252,266265.0,0.1969116358750309
4253,266325.0,0.19509290704165078
4254,266385.0,0.19358391354373833
4255,266445.0,0.19261757305345795
4256,266505.0,0.19197813502230776
4257,266565.0,0.19129552407295014
4258,266625.0,0.19116882074233194
4259,266685.0,0.1911043316396024
4260,266745.0,0.19099398352195218
4261,266808.0,0.19090361151928753
4262,266865.0,0.1919419774577879
4263,266925.0,0.1931131176415506
4264,266985.0,0.19427028501459137
4265,267045.0,0.19536182349681042
4266,267105.0,0.19539556522542323
4267,267165.0,0.19550475077168494
4268,267225.0,0.1956426337573392
4269,267285.0,0.19581582778766915
4270,267345.0,0.19613398608760524
4271,267405.0,0.19644247542402
4272,267465.0,0.19637525813301399
4273,267525.0,0.1962058607740056
4274,267585.0,0.19617995248654457
4275,267645.0,0.19569541428411263
4276,267705.0,0.19520168725789566
4277,267765.0,0.19467691623003175
4278,267825.0,0.19570187684500823
4279,267885.0,0.19655896192329442
4280,267945.0,0.19775562236594696
4281,268005.0,0.19867483320876617
4282,268065.0,0.19958397005239942
4283,268125.0,0.19964246701405042
4284,268185.0,0.19999342264862308
4285,268245.0,0.20061569153640268
4286,268305.0,0.20127162773649154
4287,268365.0,0.2018965144814125
4288,268425.0,0.20108051481585004
4289,268488.0,0.19918729121456613
4290,268545.0,0.19757239381752778
4291,268605.0,0.19610760111822578
4292,268665.0,0.19507406841199304
4293,268725.0,0.1940819597100123
4294,268785.0,0.19300295958432895
4295,268848.0,0.19259610345758432
4296,268905.0,0.19204347206802552
4297,268965.0,0.1914866774577359
4298,269025.0,0.1922827019951988
4299,269085.0,0.19401063029576576
4300,269145.0,0.19545226021393075
4301,269205.0,0.1965807220502111
4302,269265.0,0.1974811528907638
4303,269325.0,0.198884760564367
4304,269385.0,0.1987189060647696
4305,269445.0,0.1980833972936049
4306,269505.0,0.19685961426242443
4307,269565.0,0.19524718140292835
4308,269625.0,0.19367958156824355
4309,269685.0,0.1931863310590774
4310,269745.0,0.19293001006749438
4311,269805.0,0.19250668428370904
4312,269865.0,0.19283902768421252
4313,269925.0,0.19413883099709422
4314,269985.0,0.19522188518196693
4315,270045.0,0.19488219894096714
4316,270105.0,0.19478359836768683
4317,270165.0,0.1947670940455387
4318,270225.0,0.1947399041713746
4319,270288.0,0.19483606967998734
4320,270345.0,0.19490489401210498
4321,270405.0,0.19515029622045227
4322,270465.0,0.1951117018663326
4323,270525.0,0.19557483014419846
4324,270585.0,0.194971474618912
4325,270645.0,0.19494506984441157
4326,270705.0,0.19494662642000066
4327,270765.0,0.19388433000594385
4328,270825.0,0.19286117904160494
4329,270885.0,0.1929289448245864
4330,270945.0,0.19299680607945435
4331,271005.0,0.1930695204000022
4332,271065.0,0.1926443883230784
4333,271125.0,0.19214423555482762
4334,271185.0,0.19200156142403446
4335,271245.0,0.19315844001655014
4336,271305.0,0.19469471802937222
4337,271365.0,0.19584903535133946
4338,271425.0,0.19719707327546765
4339,271485.0,0.19833672986032946
4340,271545.0,0.19950041587080491
4341,271605.0,0.19954754032781657
4342,271668.0,0.1994226366078738
4343,271725.0,0.1994374699061009
4344,271785.0,0.19942954129435164
4345,271845.0,0.1995884497761214
4346,271905.0,0.19933185849840185
4347,271965.0,0.19903442182640319
4348,272025.0,0.19860358714644805
4349,272085.0,0.19821700352969296
4350,272145.0,0.19921311423226018
4351,272205.0,0.20013169787977925
4352,272265.0,0.2011461425990027
4353,272325.0,0.20215542861144498
4354,272385.0,0.20222217614648125
4355,272445.0,0.20272984648926867
4356,272505.0,0.2024915876248921
4357,272565.0,0.2018707506635563
4358,272625.0,0.19987149855352715
4359,272688.0,0.19799710285139482
4360,272745.0,0.19649185569519673
4361,272805.0,0.19649310608338078
4362,272865.0,0.19692143654265937
4363,272925.0,0.19665445850963487
4364,272985.0,0.19782778506587728
4365,273045.0,0.198838810270276
4366,273105.0,0.19972324983743472
4367,273165.0,0.19955498899166496
4368,273228.0,0.19941619317242837
4369,273285.0,0.19928506684735525
4370,273345.0,0.19915564523679502
4371,273405.0,0.19909842248817528
4372,273465.0,0.19914693950839052
4373,273525.0,0.19923504571583395
4374,273585.0,0.19832415300917916
4375,273645.0,0.1984256054195399
4376,273705.0,0.1981685850230892
4377,273765.0,0.1981633315188297
4378,273825.0,0.19832519011605315
4379,273885.0,0.1983903030533638
4380,273945.0,0.1994360220799724
4381,274005.0,0.19944729674432976
4382,274065.0,0.1994773879249201
4383,274125.0,0.1994859486716295
4384,274185.0,0.1993935841077517
4385,274245.0,0.19925098635628175
4386,274305.0,0.1986353965955046
4387,274365.0,0.1984804003998778
4388,274425.0,0.1984817764479026
4389,274485.0,0.1998138967771605
4390,274545.0,0.19977812289761737
4391,274605.0,0.20039214725284765
4392,274665.0,0.20057256578523208
4393,274725.0,0.1996405169353171
4394,274785.0,0.1987646118970232
4395,274845.0,0.19894176323987872
4396,274905.0,0.1991538129302055
4397,274965.0,0.19929680180138643
4398,275025.0,0.1989430299127516
4399,275085.0,0.19852188742583948
4400,275145.0,0.198021357611255
4401,275205.0,0.1977870633612926
4402,275265.0,0.1989389511328452
4403,275325.0,0.20034808601225218
4404,275385.0,0.20153718502834306
4405,275445.0,0.20151364134576405
4406,275505.0,0.20148913545375352
4407,275565.0,0.2014187193532087
4408,275628.0,0.2012489843450288
4409,275685.0,0.20091554000442724
4410,275745.0,0.200322743736771
4411,275805.0,0.19977306963682057
4412,275865.0,0.19943350287515227
4413,275925.0,0.19926129628974326
4414,275985.0,0.20002897400045677
4415,276045.0,0.20172024552057727
4416,276105.0,0.20300617317477598
4417,276165.0,0.20308161053184215
4418,276225.0,0.2031730514640689
4419,276285.0,0.2033613443895439
4420,276345.0,0.20365394340622217
4421,276405.0,0.20407061316367986
4422,276465.0,0.2040347771416075
4423,276525.0,0.20413833709797913
4424,276585.0,0.20411296439431592
4425,276645.0,0.20421779363830506
4426,276705.0,0.20541138810864945
4427,276765.0,0.20542204073146486
4428,276825.0,0.2061000409876143
4429,276885.0,0.20508359861316028
4430,276945.0,0.2042902178931657
4431,277005.0,0.20348696797177696
4432,277065.0,0.20269048598835315
4433,277125.0,0.20241137537292125
4434,277185.0,0.20199277654122472
4435,277245.0,0.20162099291216046
4436,277305.0,0.20133700579168573
4437,277365.0,0.20229356516879488
4438,277425.0,0.20412220108528284
4439,277485.0,0.204165156563702
4440,277545.0,0.20448334224641357
4441,277605.0,0.20478603539749435
4442,277665.0,0.2039232790343316
4443,277725.0,0.20290381090703602
4444,277785.0,0.20153904043748583
4445,277845.0,0.20024202570031813
4446,277905.0,0.20001505091540295
4447,277965.0,0.20007051841070722
4448,278025.0,0.20147792013167282
4449,278085.0,0.2031203212553071
4450,278145.0,0.20427461478651276
4451,278205.0,0.20416517327745348
4452,278265.0,0.2041832250210151
4453,278325.0,0.2043754615932073
4454,278385.0,0.20470370316191083
4455,278445.0,0.20485458577480503
4456,278505.0,0.2050520815001683
4457,278565.0,0.20529145260046455
4458,278625.0,0.20419849213940044
4459,278685.0,0.20309076093323603
4460,278745.0,0.2015745350741714
4461,278805.0,0.20032906431256697
4462,278865.0,0.19923939378711464
4463,278925.0,0.19924611753282923
4464,278985.0,0.19913952429696113
4465,279045.0,0.19895590894182763
4466,279105.0,0.19881710520161722
4467,279165.0,0.20034434062315937
4468,279225.0,0.20137683246542237
4469,279285.0,0.20128338384633926
4470,279345.0,0.20126053296897795
4471,279405.0,0.20140332912425818
4472,279465.0,0.20155937380126354
4473,279525.0,0.201681838294419
4474,279585.0,0.2018013624525965
4475,279645.0,0.2022424283597581
4476,279705.0,0.2026027670940293
4477,279765.0,0.20292050513531468
4478,279825.0,0.20177460685778076
4479,279885.0,0.1996461315422739
4480,279945.0,0.1977660907038683
4481,280005.0,0.19618511333839328
4482,280065.0,0.19489450594874874
4483,280125.0,0.19360937567799913
4484,280185.0,0.1932289265876339
4485,280245.0,0.19287659691587594
4486,280305.0,0.19256657776290875
4487,280365.0,0.19249169747270067
4488,280425.0,0.19272408752581632
4489,280485.0,0.192072798607821
4490,280545.0,0.19105057050137475
4491,280605.0,0.19067698017986295
4492,280665.0,0.18950524909051408
4493,280725.0,0.1881655148871813
4494,280785.0,0.18680453302026606
4495,280845.0,0.1868372338994746
4496,280905.0,0.18653589780351543
4497,280965.0,0.18620781003355286
4498,281025.0,0.1857410265105821
4499,281085.0,0.18509021609420356
4500,281145.0,0.1849793523297053
4501,281205.0,0.18496617970862883
4502,281265.0,0.18420546532122145
4503,281325.0,0.18388243846448532
4504,281385.0,0.18432625767409982
4505,281445.0,0.18423937756032144
4506,281505.0,0.18405700755436583
4507,281565.0,0.18400659846260659
4508,281625.0,0.18410557816847295
4509,281685.0,0.1838358593634476
4510,281745.0,0.1834218828610502
4511,281805.0,0.18300385946526448
4512,281865.0,0.1829993764996179
4513,281925.0,0.18307589967488186
4514,281985.0,0.1832401900300185
4515,282045.0,0.18232512638857745
4516,282105.0,0.18108086563459458
4517,282165.0,0.1802790785354063
4518,282225.0,0.17913701600428367
4519,282285.0,0.17828606023106813
4520,282345.0,0.17736481271057253
4521,282405.0,0.17736570431619936
4522,282465.0,0.17730064881103413
4523,282525.0,0.1771500737567257
4524,282585.0,0.1769452830200579
4525,282645.0,0.1766140677115845
4526,282705.0,0.17673687389473575
4527,282765.0,0.1768995679887318
4528,282825.0,0.17712587777566807
4529,282885.0,0.17732468702976867
4530,282945.0,0.1760748251635555
4531,283005.0,0.1746803691632025
4532,283068.0,0.17307651270992364
4533,283125.0,0.171536848139972
4534,283185.0,0.1710558853594702
4535,283245.0,0.1705088591936677
4536,283305.0,0.16996522243064227
4537,283365.0,0.1693296512472287
4538,283425.0,0.1689883489047368
4539,283485.0,0.16873806028647015
4540,283545.0,0.16861832338775662
4541,283605.0,0.16726875900399446
4542,283665.0,0.165506369202934
4543,283725.0,0.16454552427327823
4544,283785.0,0.1630760226640044
4545,283845.0,0.16173614049449958
4546,283905.0,0.1605681018779438
4547,283965.0,0.1604237742398088
4548,284025.0,0.16016733099852187
4549,284085.0,0.1597552251752722
4550,284145.0,0.15927681293279278
4551,284205.0,0.15868845246520163
4552,284265.0,0.1583855049105456
4553,284325.0,0.15825462872317114
4554,284385.0,0.15817339694000548
4555,284445.0,0.15681521575701235
4556,284505.0,0.1555819167741342
4557,284565.0,0.1539962933197418
4558,284625.0,0.15234181394275587
4559,284685.0,0.15088266962651908
4560,284745.0,0.14942852968920206
4561,284805.0,0.14905273043237566
4562,284865.0,0.1486145945184537
4563,284925.0,0.14810764346977778
4564,284985.0,0.14761723644709623
4565,285045.0,0.14713476927996827
4566,285105.0,0.1470349057145921
4567,285165.0,0.14695305210854703
4568,285225.0,0.146872678924161
4569,285285.0,0.1450299001613683
4570,285345.0,0.14365964156495975
4571,285405.0,0.1419748527566309
4572,285465.0,0.1403303845399449
4573,285525.0,0.1398572575573
4574,285585.0,0.13940355944419675
4575,285645.0,0.1388910710443304
4576,285705.0,0.13830343548219837
4577,285765.0,0.13771314242751276
4578,285825.0,0.13756661914308932
4579,285885.0,0.1374724160848136
4580,285945.0,0.13742673512589276
4581,286005.0,0.1371510855821617
4582,286065.0,0.13553913619257357
4583,286125.0,0.13371537598694008
4584,286185.0,0.13216526671509504
4585,286245.0,0.13184317648184088
4586,286305.0,0.1315214843204203
4587,286365.0,0.13113205709617543
4588,286425.0,0.13076098469676922
4589,286485.0,0.1305234346171674
4590,286545.0,0.13051000784775132
4591,286605.0,0.13042405749488037
4592,286665.0,0.13019568891030853
4593,286725.0,0.12980317833589006
4594,286785.0,0.12843235991468258
4595,286845.0,0.12624532681325412
4596,286905.0,0.12443490142245545
4597,286965.0,0.12395185687232685
4598,287025.0,0.1234504189103924
4599,287085.0,0.1228753560682298
4600,287145.0,0.12227211584988915
4601,287205.0,0.12170782112580966
4602,287265.0,0.12160791577845959
4603,287325.0,0.12160822126027623
4604,287385.0,0.12177487349478763
4605,287445.0,0.12168161131921354
4606,287505.0,0.1204905957441059
4607,287565.0,0.11873960276330275
4608,287625.0,0.11713518991694569
4609,287685.0,0.11673318478602243
4610,287745.0,0.11637136930700126
4611,287805.0,0.11606223724564804
4612,287865.0,0.11575813643501964
4613,287925.0,0.11578340897001621
4614,287985.0,0.1158388211249719
4615,288045.0,0.11570912749901124
4616,288105.0,0.11541678003016592
4617,288165.0,0.11391502944000728
4618,288225.0,0.11183538070142732
4619,288285.0,0.11151157846179799
4620,288345.0,0.11101444010634964
4621,288405.0,0.11052487260514285
4622,288465.0,0.11009103721163391
4623,288525.0,0.10967806634978877
4624,288585.0,0.10963028300752714
4625,288645.0,0.10959676557522391
4626,288705.0,0.10947186839564313
4627,288765.0,0.10910524835777002
4628,288828.0,0.10729897498695304
4629,288885.0,0.10518205756727331
4630,288945.0,0.10350489764524459
4631,289005.0,0.10309184376696648
4632,289065.0,0.10270165143044876
4633,289125.0,0.10219239780301534
4634,289185.0,0.10154209053813845
4635,289245.0,0.10137272545894094
4636,289305.0,0.10117706854434855
4637,289365.0,0.10110663620258684
4638,289425.0,0.10078566079719001
4639,289485.0,0.10056118007325082
4640,289545.0,0.1003436830679178
4641,289605.0,0.10001990957562687
4642,289665.0,0.09965192182846241
4643,289725.0,0.09927294457257707
4644,289785.0,0.09887651154851171
4645,289845.0,0.09845012175720588
4646,289905.0,0.0979863872383401
4647,289968.0,0.09588004360088198
4648,290025.0,0.0943629170454896
4649,290085.0,0.09410355403058673
4650,290145.0,0.09391102852386271
4651,290205.0,0.09372856782254871
4652,290265.0,0.09351402995866967
4653,290325.0,0.09334190875969892
4654,290385.0,0.0931667414590377
4655,290445.0,0.09285288958772331
4656,290505.0,0.09258955760194737
4657,290565.0,0.09229224708055817
4658,290625.0,0.09206723777140047
4659,290685.0,0.09194880815859946
4660,290745.0,0.09190934238781964
4661,290805.0,0.0919988423241532
4662,290865.0,0.09217527621821797
4663,290925.0,0.09239220584483143
4664,290985.0,0.09266027729212975
4665,291045.0,0.09273572413885042
4666,291105.0,0.09282058815838448
4667,291165.0,0.0928720225865898
4668,291225.0,0.09287852514742131
4669,291285.0,0.09291491568900812
4670,291345.0,0.09289308060735005
4671,291405.0,0.0923556671569547
4672,291465.0,0.09187640128206553
4673,291525.0,0.09160408104334222
4674,291585.0,0.09138415783865553
4675,291645.0,0.09117642227484202
4676,291705.0,0.09108086950358735
4677,291765.0,0.09096393227197411
4678,291828.0,0.09094977794718107
4679,291885.0,0.09104794104296035
4680,291945.0,0.09116287947816551
4681,292005.0,0.09120958103456084
4682,292065.0,0.0911420226371521
4683,292125.0,0.08999412753467567
4684,292185.0,0.08864098647976301
4685,292245.0,0.08732136512604746
4686,292305.0,0.0861586838847159
4687,292365.0,0.08593399119175696
4688,292425.0,0.08552318197213418
4689,292485.0,0.08540803984766823
4690,292545.0,0.08535918055640862
4691,292605.0,0.08527616116550457
4692,292665.0,0.08511664203181157
4693,292728.0,0.08505737796103313
4694,292785.0,0.08500215483133783
4695,292845.0,0.08491775291286396
4696,292905.0,0.08472385477438452
4697,292965.0,0.08433306496451803
4698,293025.0,0.0839181348064679
4699,293085.0,0.08329986990508878
4700,293145.0,0.0828585528453698
4701,293205.0,0.08247882285934444
4702,293265.0,0.08210423707443734
4703,293325.0,0.08175675197745419
4704,293385.0,0.08143403077203368
4705,293445.0,0.08109042440026876
4706,293505.0,0.0807377618525186
4707,293565.0,0.08040791701866626
4708,293625.0,0.08011344180588237
4709,293685.0,0.0797527361692491
4710,293745.0,0.07941889231187976
4711,293805.0,0.07934854167195776
4712,293865.0,0.07935119120647921
4713,293925.0,0.07936270983685859
4714,293985.0,0.07940194165103007
4715,294045.0,0.07945283082997981
4716,294105.0,0.07950129064535619
4717,294165.0,0.07954076233626428
4718,294225.0,0.07966944846662033
4719,294285.0,0.07983990654350143
4720,294345.0,0.08000668869619001
4721,294405.0,0.08022816775186087
4722,294465.0,0.08042933544377007
4723,294525.0,0.08048427859090501
4724,294585.0,0.08047128476848867
4725,294645.0,0.08055392240336917
4726,294705.0,0.08049605758963418
4727,294765.0,0.08032488327238052
4728,294825.0,0.08018031111566792
4729,294885.0,0.0801384107906793
4730,294945.0,0.0801065510399146
4731,295005.0,0.08010732084040015
4732,295065.0,0.08014042100148225
4733,295125.0,0.08015774077611634
4734,295185.0,0.080201407777618
4735,295245.0,0.08022655773981344
4736,295305.0,0.08028772286462696
4737,295365.0,0.08046174346424478
4738,295425.0,0.0807813632628992
4739,295485.0,0.08101554300749086
4740,295545.0,0.08115198104114751
4741,295605.0,0.08120406702284702
4742,295665.0,0.08119333491700303
4743,295725.0,0.08122925785099822
4744,295785.0,0.08130564022664144
4745,295845.0,0.08140027994411528
4746,295905.0,0.08142759212996037
4747,295965.0,0.08142817190210033
4748,296025.0,0.08137556919556771
4749,296085.0,0.08129468859383693
4750,296145.0,0.08128371308719118
4751,296205.0,0.08132369935611578
4752,296265.0,0.08142334628230657
4753,296325.0,0.0815223917997073
4754,296385.0,0.08168652976003554
4755,296445.0,0.08185062996345527
4756,296505.0,0.08199236568004184
4757,296565.0,0.08200803442802412
4758,296625.0,0.08208845959464642
4759,296685.0,0.08216125187472134
4760,296745.0,0.08226546305493065
4761,296805.0,0.08233859673808275
4762,296865.0,0.08235467538356281
4763,296925.0,0.08228855139419503
4764,296985.0,0.0821710369321676
4765,297045.0,0.08203440491151343
4766,297105.0,0.08186962205411563
4767,297165.0,0.0817408231239026
4768,297225.0,0.08169133325523611
4769,297285.0,0.08168322405220566
4770,297345.0,0.08168836934228527
4771,297405.0,0.08170142362670452
4772,297465.0,0.08173873423659356
4773,297525.0,0.08179314029501453
4774,297585.0,0.08188227780626528
4775,297645.0,0.08198353500788244
4776,297705.0,0.08207604933909457
4777,297765.0,0.08218058795782812
4778,297825.0,0.0822825642828939
4779,297885.0,0.08237103920096184
4780,297945.0,0.08241568451236381
4781,298005.0,0.08242463689972712
4782,298065.0,0.08241390206985216
4783,298125.0,0.08241901327388612
4784,298185.0,0.08240941129250975
4785,298245.0,0.08235705476029387
4786,298305.0,0.08231094318564394
4787,298365.0,0.08228693863471892
4788,298425.0,0.08231380880481937
4789,298485.0,0.08242449374589089
4790,298545.0,0.08250354069235419
4791,298605.0,0.08257966048652726
4792,298665.0,0.08278795801366809
4793,298725.0,0.08284983781857752
4794,298785.0,0.08281368240300083
4795,298845.0,0.0827576380718108
4796,298905.0,0.08271100753491437
4797,298965.0,0.08265793650966724
4798,299025.0,0.0825697173976796
4799,299085.0,0.08243965441154533
4800,299145.0,0.08231527837634
4801,299205.0,0.08223404184506516
4802,299265.0,0.0822203806244543
4803,299325.0,0.08231025435129233
4804,299385.0,0.08244272537208244
4805,299445.0,0.0826052339645027
4806,299505.0,0.08274568422955031
4807,299565.0,0.08277838346949332
4808,299625.0,0.08294663668253921
4809,299685.0,0.08322966075288607
4810,299745.0,0.08359578035734827
4811,299805.0,0.08395033448601266
4812,299865.0,0.08419583267608555
4813,299925.0,0.08475467425746824
4814,299985.0,0.08510220550944228
4815,300045.0,0.08550962597722167
4816,300105.0,0.08592743388901472
4817,300165.0,0.08619267048749338
4818,300225.0,0.0864800030388917
4819,300285.0,0.08676751735401264
4820,300345.0,0.08688301152067474
4821,300405.0,0.08689600185154053
4822,300465.0,0.08686071456124295
4823,300525.0,0.08684298981522315
4824,300585.0,0.08683637164375424
4825,300645.0,0.08689102946569585
4826,300705.0,0.08695873223880135
4827,300765.0,0.08713195709218785
4828,300825.0,0.08741160225535274
4829,300885.0,0.0875267716362115
4830,300945.0,0.08746745810504788
4831,301005.0,0.0874092654831996
4832,301065.0,0.08751476662422378
4833,301125.0,0.08768772141130785
4834,301185.0,0.08799510580482148
4835,301245.0,0.08832018663264907
4836,301305.0,0.08886553314394932
4837,301365.0,0.08965612415318369
4838,301425.0,0.09031310959435582
4839,301485.0,0.09086037214330256
4840,301545.0,0.09128696516746701
4841,301605.0,0.09148501971499495
4842,301665.0,0.09150125042130872
4843,301725.0,0.09142111463759756
4844,301785.0,0.09125652096257611
4845,301845.0,0.09112538355506639
4846,301905.0,0.09089070604966831
4847,301965.0,0.09067458887940916
4848,302025.0,0.09051793325944851
4849,302085.0,0.09040921018447173
4850,302145.0,0.0903913345624997
4851,302205.0,0.09038584161356286
4852,302265.0,0.09040264873127754
4853,302325.0,0.09041412604334642
4854,302385.0,0.09050558401332146
4855,302445.0,0.09062066794047938
4856,302505.0,0.09086332575323725
4857,302565.0,0.09123194605157328
4858,302625.0,0.09154225029461419
4859,302685.0,0.0919333597512168
4860,302745.0,0.0921380829417345
4861,302805.0,0.09247255856981854
4862,302865.0,0.0928707467942132
4863,302925.0,0.0933521899505819
4864,302985.0,0.09395406692834407
4865,303045.0,0.09421124175168288
4866,303105.0,0.09431076580322675
4867,303165.0,0.09435023844675597
4868,303225.0,0.09435239973772785
4869,303285.0,0.09429002609624187
4870,303345.0,0.09419237546963974
4871,303405.0,0.09406141076400298
4872,303465.0,0.09392071924957729
4873,303525.0,0.09376956992637672
4874,303585.0,0.09367200463091435
4875,303645.0,0.09364259095572544
4876,303705.0,0.09369298789413186
4877,303765.0,0.09380108008052532
4878,303825.0,0.09392926843697741
4879,303885.0,0.09402510380392054
4880,303945.0,0.09406033904417155
4881,304005.0,0.09404325135887506
4882,304065.0,0.0940085127579279
4883,304125.0,0.09399600067399469
4884,304185.0,0.09405886581467604
4885,304245.0,0.09414557003064139
4886,304305.0,0.09428980814619572
4887,304365.0,0.09446233760038511
4888,304425.0,0.09463610097743683
4889,304485.0,0.09479198362751728
4890,304545.0,0.09494956624814221
4891,304605.0,0.09505374533411862
4892,304665.0,0.09518053952929037
4893,304725.0,0.09534259073698784
4894,304785.0,0.09541493174864338
4895,304845.0,0.09552644457288184
4896,304905.0,0.0956619376930837
4897,304965.0,0.09582564205717584
4898,305025.0,0.09591055041316826
4899,305085.0,0.09589984118805475
4900,305145.0,0.09583383447158972
4901,305205.0,0.09571415312995635
4902,305265.0,0.09561088110514318
4903,305325.0,0.09557681904016288
4904,305388.0,0.09563315365040648
4905,305445.0,0.0955824992894341
4906,305505.0,0.09561102182004452
4907,305565.0,0.09574380609353977
4908,305625.0,0.09589643004519183
4909,305685.0,0.09599931968236372
4910,305745.0,0.09605055880429578
4911,305805.0,0.09609181945419715
4912,305865.0,0.0961232645022971
4913,305925.0,0.09621625522326391
4914,305985.0,0.09630271099163226
4915,306045.0,0.0964621020121669
4916,306105.0,0.09661327231109287
4917,306165.0,0.0966754537285657
4918,306225.0,0.096613754650799
4919,306285.0,0.09658674188957439
4920,306345.0,0.09662528295245879
4921,306405.0,0.09668220170573025
4922,306465.0,0.0966972871149856
4923,306525.0,0.09666662630018638
4924,306585.0,0.09662264549678856
4925,306645.0,0.09658197402273946
4926,306705.0,0.09657758192387611
4927,306765.0,0.09660748618705708
4928,306825.0,0.09673364868890488
4929,306888.0,0.09693999218656041
4930,306945.0,0.09710017213298586
4931,307005.0,0.0972234924370225
4932,307065.0,0.09730911922136831
4933,307125.0,0.09743763424347124
4934,307185.0,0.09756036543465885
4935,307245.0,0.09765285877556248
4936,307305.0,0.09779411240226438
4937,307365.0,0.09822131014826799
4938,307425.0,0.0984952638973356
4939,307485.0,0.09866844870268326
4940,307545.0,0.09874399011865245
4941,307605.0,0.09880695014631669
4942,307665.0,0.09884640951882931
4943,307725.0,0.09888388592882072
4944,307785.0,0.09895952474166472
4945,307845.0,0.09903323637982339
4946,307905.0,0.09912969166453331
4947,307965.0,0.09925045832842375
4948,308025.0,0.09937355423546654
4949,308085.0,0.09949644487016795
4950,308145.0,0.09965851798632788
4951,308208.0,0.09990390832221333
4952,308265.0,0.10021780874947628
4953,308328.0,0.10044937467118442
4954,308385.0,0.10063783862489034
4955,308448.0,0.10081224816015116
4956,308505.0,0.10100080589922064
4957,308565.0,0.10114835035998188
4958,308625.0,0.10133664340345588
4959,308685.0,0.10150281020380755
4960,308745.0,0.10172506452225841
4961,308805.0,0.10201240485639668
4962,308865.0,0.1023122701349733
4963,308925.0,0.10260283724595265
4964,308985.0,0.10294837952711691
4965,309045.0,0.10316213527470813
4966,309105.0,0.10329184355125134
4967,309165.0,0.10335597734250501
4968,309225.0,0.10339303251581183
4969,309285.0,0.103412610175668
4970,309345.0,0.10341379578280446
4971,309405.0,0.10345935004751211
4972,309465.0,0.1033890095997014
4973,309525.0,0.10347884048822908
4974,309585.0,0.10368792960718712
4975,309645.0,0.10393142655618967
4976,309705.0,0.10419952250706901
4977,309765.0,0.10447539199581427
4978,309825.0,0.1048552806287788
4979,309885.0,0.10519966028084274
4980,309945.0,0.10546920637315166
4981,310005.0,0.10565227559704149
4982,310065.0,0.10570745641255594
4983,310125.0,0.10568746896295861
4984,310185.0,0.10571596901852753
4985,310245.0,0.10574564561901528
4986,310308.0,0.10583820270095287
4987,310365.0,0.10604155541395396
4988,310425.0,0.10614875823045783
4989,310485.0,0.10619919270426781
4990,310545.0,0.10600840755532684
4991,310605.0,0.10569110583053012
4992,310665.0,0.10547640245802284
4993,310725.0,0.1049718112435786
4994,310785.0,0.1051234481711791
4995,310845.0,0.10520492918204183
4996,310905.0,0.10518391680224567
4997,310965.0,0.10501770378066214
4998,311025.0,0.1048152942875967
4999,311085.0,0.10465456111076757
5000,311145.0,0.1046655602650097
5001,311205.0,0.10475424978879352
5002,311265.0,0.10485161510691335
5003,311325.0,0.1049116153150475
5004,311385.0,0.10469493866829335
5005,311445.0,0.10447926435388089
5006,311505.0,0.10448323625673489
5007,311565.0,0.10457366703685989
5008,311625.0,0.10452817190867772
5009,311685.0,0.10629892598285595
5010,311745.0,0.10782840596419557
5011,311805.0,0.1077523326860815
5012,311865.0,0.10778676548043756
5013,311925.0,0.10775028927379057
5014,311985.0,0.1075808188093251
5015,312045.0,0.10735184103050444
5016,312105.0,0.10688833545626278
5017,312165.0,0.10605823044985374
5018,312225.0,0.10535976737591246
5019,312285.0,0.10479267947786744
5020,312345.0,0.10444899133959498
5021,312405.0,0.10574655430641797
5022,312468.0,0.10686890872873289
5023,312525.0,0.10822976573747753
5024,312585.0,0.10937189787784662
5025,312645.0,0.10964690572055252
5026,312705.0,0.10995720512748938
5027,312765.0,0.11036258596424592
5028,312825.0,0.11071596079351936
5029,312885.0,0.11061237656029985
5030,312945.0,0.11036916878472708
5031,313005.0,0.1103126380053378
5032,313065.0,0.11036505059191498
5033,313125.0,0.11056575682057912
5034,313185.0,0.11158728838900275
5035,313245.0,0.11308068632092064
5036,313305.0,0.11405095575135107
5037,313365.0,0.11394030017825515
5038,313425.0,0.11381431253989702
5039,313485.0,0.1135312823272869
5040,313545.0,0.11336626944413103
5041,313605.0,0.11314705987061385
5042,313665.0,0.11258213901198771
5043,313725.0,0.11195479849891615
5044,313785.0,0.11129316075913889
5045,313845.0,0.11122984997832364
5046,313905.0,0.1127620416980786
5047,313965.0,0.11461701508323405
5048,314025.0,0.11628925694615297
5049,314085.0,0.11665871209297388
5050,314145.0,0.11708781254059844
5051,314205.0,0.11760003303486785
5052,314265.0,0.11806909967762455
5053,314325.0,0.11812726024804437
5054,314385.0,0.11815673568336219
5055,314445.0,0.1181217682691049
5056,314505.0,0.11817132918123358
5057,314565.0,0.11976002962712518
5058,314625.0,0.12064694405558093
5059,314685.0,0.12201231066434884
5060,314745.0,0.12345482490404089
5061,314805.0,0.12385500800891222
5062,314865.0,0.12430664334165639
5063,314925.0,0.12446427220478143
5064,314985.0,0.12436024093680528
5065,315045.0,0.12429826597605653
5066,315105.0,0.12430220323959598
5067,315165.0,0.12445452760887296
5068,315225.0,0.1259676445256098
5069,315285.0,0.1275719261644247
5070,315345.0,0.12893149186132025
5071,315405.0,0.129155288265112
5072,315465.0,0.12939771003815886
5073,315525.0,0.12951994481536946
5074,315585.0,0.12963777515663022
5075,315648.0,0.1295483497431934
5076,315705.0,0.12928161154339096
5077,315765.0,0.12908378996143569
5078,315825.0,0.12910152077263098
5079,315885.0,0.12919777333614196
5080,315945.0,0.13151047171455676
5081,316005.0,0.1329781602950803
5082,316065.0,0.13438951997425358
5083,316125.0,0.13567407581360302
5084,316185.0,0.13682352431094685
5085,316245.0,0.1370029664203713
5086,316305.0,0.13721718012680928
5087,316365.0,0.13741944964071723
5088,316425.0,0.13753143739226437
5089,316485.0,0.13736095994983244
5090,316545.0,0.13728875331459434
5091,316605.0,0.13737244953446975
5092,316665.0,0.13765210503508923
5093,316725.0,0.13968825176317395
5094,316785.0,0.14084872695140327
5095,316845.0,0.14206930600641787
5096,316905.0,0.14344574549165673
5097,316965.0,0.1436975219906962
5098,317025.0,0.14387260716520633
5099,317085.0,0.14376787299459826
5100,317145.0,0.1435596257656852
5101,317205.0,0.1431947253075473
5102,317265.0,0.14275655291634182
5103,317325.0,0.14264048459250717
5104,317385.0,0.14292439231011445
5105,317445.0,0.1433751208306358
5106,317505.0,0.14516287122890276
5107,317565.0,0.14745464680315873
5108,317625.0,0.14913639008357105
5109,317685.0,0.1494002734662545
5110,317745.0,0.1495953840416187
5111,317805.0,0.1496559052723081
5112,317865.0,0.14956101081586365
5113,317925.0,0.14933767060598663
5114,317985.0,0.1489147537822882
5115,318045.0,0.14837048977831802
5116,318105.0,0.14795718234014948
5117,318165.0,0.14763996885533776
5118,318225.0,0.14765992713197146
5119,318285.0,0.14915713026217192
5120,318345.0,0.1511007197748806
5121,318408.0,0.15301874746155614
5122,318465.0,0.15424898229402828
5123,318525.0,0.1545339896028875
5124,318585.0,0.15486544325645923
5125,318645.0,0.1551447986015062
5126,318705.0,0.15521062629556975
5127,318765.0,0.15505826999342476
5128,318825.0,0.15492672381318578
5129,318885.0,0.1544827106967825
5130,318945.0,0.1539157535279852
5131,319005.0,0.15359697103545028
5132,319065.0,0.15360724384755592
5133,319128.0,0.15373153930913502
5134,319185.0,0.15536531225758693
5135,319245.0,0.1572018213582697
5136,319305.0,0.1585346053094242
5137,319365.0,0.1587215047631952
5138,319425.0,0.15873979824706613
5139,319485.0,0.15883786572972575
5140,319545.0,0.15894997513109044
5141,319605.0,0.15892230459404394
5142,319665.0,0.15876291350299926
5143,319725.0,0.15846574896634535
5144,319785.0,0.15798325205509223
5145,319845.0,0.15751215566677046
5146,319905.0,0.15722407244171727
5147,319965.0,0.15727050237827928
5148,320025.0,0.15737801186045114
5149,320085.0,0.15918268391070195
5150,320145.0,0.16066394877994022
5151,320205.0,0.1616064828609689
5152,320265.0,0.16247912486742228
5153,320325.0,0.16341747802450823
5154,320385.0,0.163616819936309
5155,320445.0,0.16367843220829625
5156,320505.0,0.16337224887434648
5157,320565.0,0.16306325336993588
5158,320628.0,0.1628065151531266
5159,320685.0,0.16273761029771305
5160,320745.0,0.1640206098129196
5161,320805.0,0.1660210596231772
5162,320865.0,0.16741425781552488
5163,320925.0,0.16860656518741768
5164,320985.0,0.16871063821565646
5165,321045.0,0.16886901863914316
5166,321105.0,0.1689615366527819
5167,321165.0,0.1689921965318239
5168,321225.0,0.16893430567687684
5169,321285.0,0.16875147438210297
5170,321345.0,0.16866245846604705
5171,321405.0,0.16838043199957353
5172,321465.0,0.16811213653088797
5173,321525.0,0.1680070515558701
5174,321585.0,0.16772403147857484
5175,321645.0,0.1688082299279951
5176,321705.0,0.16990219592007227
5177,321765.0,0.17120999202647097
5178,321825.0,0.1722026382143132
5179,321885.0,0.17313372118976245
5180,321945.0,0.1734017912567945
5181,322005.0,0.17373745503249854
5182,322065.0,0.1737736490727771
5183,322125.0,0.17365964412722545
5184,322185.0,0.17386291554034755
5185,322245.0,0.17375137754851588
5186,322305.0,0.17348390137392872
5187,322365.0,0.17326903287806106
5188,322425.0,0.17332050613480676
5189,322485.0,0.17305518691460142
5190,322545.0,0.1733230753630846
5191,322605.0,0.17478139478557708
5192,322665.0,0.17565600211212462
5193,322725.0,0.17569445840779713
5194,322785.0,0.17587194198961537
5195,322845.0,0.17616304376802494
5196,322905.0,0.1762378657277751
5197,322965.0,0.17632207741862926
5198,323025.0,0.176356066737355
5199,323085.0,0.1760790873876238
5200,323145.0,0.1756238950589633
5201,323205.0,0.17391395231058016
5202,323265.0,0.1726955783678602
5203,323325.0,0.17281093812821513
5204,323385.0,0.17308308763407437
5205,323445.0,0.1741251917423463
5206,323505.0,0.17499768512266856
5207,323565.0,0.17571942476095942
5208,323628.0,0.17565007931180948
5209,323685.0,0.17605285399641213
5210,323745.0,0.17646310233654922
5211,323805.0,0.17658702765117917
5212,323865.0,0.17646781007212559
5213,323925.0,0.17613937712710032
5214,323985.0,0.17507879494108247
5215,324045.0,0.173451393183568
5216,324105.0,0.17365024837585702
5217,324165.0,0.17480404211810657
5218,324225.0,0.17598138900203059
5219,324285.0,0.17688610380511066
5220,324345.0,0.17786894583810753
5221,324405.0,0.17799772453792717
5222,324465.0,0.17843838825862085
5223,324525.0,0.17877314131829808
5224,324585.0,0.17879677273551509
5225,324645.0,0.1784725647545657
5226,324705.0,0.17664789678268206
5227,324765.0,0.17448474875799203
5228,324825.0,0.1725456451766607
5229,324885.0,0.17218808719800105
5230,324945.0,0.17210701967586872
5231,325005.0,0.17198943231294617
5232,325065.0,0.17150642871029492
5233,325125.0,0.17300571642022017
5234,325185.0,0.1749417888801572
5235,325245.0,0.17643860828030772
5236,325305.0,0.1775725006054577
5237,325365.0,0.1769300621600473
5238,325425.0,0.1770118299375361
5239,325485.0,0.1759264966209505
5240,325545.0,0.17475939481241365
5241,325605.0,0.17469795956653655
5242,325665.0,0.17459499040212728
5243,325725.0,0.17473299595359215
5244,325785.0,0.17504510347304647
5245,325845.0,0.17526075220824383
5246,325905.0,0.17536050575536866
5247,325965.0,0.1753161511061006
5248,326025.0,0.17388675876871978
5249,326085.0,0.17233030494596469
5250,326148.0,0.17105293372107272
5251,326205.0,0.17095140556774407
5252,326265.0,0.1708111699729069
5253,326325.0,0.17077369266539422
5254,326385.0,0.1708111760649068
5255,326445.0,0.17101263876406358
5256,326505.0,0.17137644302616656
5257,326565.0,0.1716234347673452
5258,326628.0,0.17173956390601425
5259,326685.0,0.17176275818031245
5260,326745.0,0.16959555630852563
5261,326805.0,0.16822520808784663
5262,326865.0,0.16662523404417906
5263,326925.0,0.16518682992448802
5264,326985.0,0.16394308868883423
5265,327045.0,0.1649545917739929
5266,327105.0,0.1666565221780406
5267,327165.0,0.16779173289616683
5268,327225.0,0.16876507393300139
5269,327285.0,0.1701090810126532
5270,327345.0,0.1704671660552693
5271,327405.0,0.1708391716960188
5272,327465.0,0.1710845864801121
5273,327525.0,0.1693781399842315
5274,327585.0,0.16835251674497226
5275,327645.0,0.1669515699363373
5276,327705.0,0.1654517964761552
5277,327765.0,0.16504136232516275
5278,327825.0,0.16605618353033275
5279,327885.0,0.16691671042673234
5280,327945.0,0.16814580109816873
5281,328005.0,0.16950651675646383
5282,328065.0,0.17120495678477438
5283,328125.0,0.17165075072546204
5284,328185.0,0.17168263791262234
5285,328245.0,0.17142123225520844
5286,328305.0,0.1696766376541743
5287,328365.0,0.16733644471475628
5288,328425.0,0.16551499316246016
5289,328485.0,0.1648435436627465
5290,328545.0,0.1642409374684345
5291,328605.0,0.1639497147169765
5292,328665.0,0.16392955477391724
5293,328725.0,0.16538220753960087
5294,328785.0,0.16714949494177678
5295,328845.0,0.16906854061620175
5296,328905.0,0.170563595229916
5297,328965.0,0.17165598947684652
5298,329025.0,0.17161756699141095
5299,329085.0,0.17019734150644344
5300,329145.0,0.16836496033433235
5301,329205.0,0.16647742304153296
5302,329265.0,0.16518283123451877
5303,329325.0,0.1647841335970915
5304,329385.0,0.16425666037335607
5305,329445.0,0.163789528296173
5306,329505.0,0.1635616920179238
5307,329565.0,0.16330012421237744
5308,329628.0,0.16302178788199934
5309,329685.0,0.16331395516874248
5310,329745.0,0.16384127381837404
5311,329805.0,0.16539606977239946
5312,329865.0,0.16712978104335252
5313,329925.0,0.1686246179089142
5314,329985.0,0.16803945379024138
5315,330045.0,0.16707079522905638
5316,330105.0,0.1665223936879629
5317,330165.0,0.16719806649945773
5318,330225.0,0.16800727782238822
5319,330285.0,0.16800646402075858
5320,330345.0,0.16797435166790298
5321,330405.0,0.16803598982833234
5322,330465.0,0.16818337389477678
5323,330525.0,0.16850097611991466
5324,330585.0,0.1688944084349856
5325,330645.0,0.16946109963031847
5326,330705.0,0.16991217232955302
5327,330765.0,0.17007450546732727
5328,330825.0,0.17022145730930704
5329,330885.0,0.16866772472091895
5330,330945.0,0.1674551563067183
5331,331005.0,0.1668416632697023
5332,331065.0,0.16612661159166442
5333,331125.0,0.16474296333318827
5334,331185.0,0.16480157268154905
5335,331245.0,0.16546719445773694
5336,331305.0,0.1672158260886269
5337,331365.0,0.1688624977299389
5338,331425.0,0.170102540234852
5339,331485.0,0.17116944516756138
5340,331545.0,0.16990028753083958
5341,331605.0,0.16815688669477613
5342,331665.0,0.16715874310035184
5343,331725.0,0.16623111328769224
5344,331785.0,0.16621688944232477
5345,331845.0,0.1660781481095921
5346,331905.0,0.16593335871230858
5347,331965.0,0.16584028515102717
5348,332025.0,0.16571209439425644
5349,332085.0,0.165706207668269
5350,332145.0,0.1656227071258876
5351,332205.0,0.16576548153056347
5352,332265.0,0.16600005786536542
5353,332325.0,0.16609681412581917
5354,332385.0,0.1658771430787459
5355,332445.0,0.16432942935071443
5356,332505.0,0.16286150919864906
5357,332565.0,0.1625125786343531
5358,332625.0,0.16283041230292494
5359,332685.0,0.16309480491813738
5360,332745.0,0.1639080612753444
5361,332805.0,0.1637340931917297
5362,332865.0,0.16398348484952596
5363,332925.0,0.1643296220291216
5364,332985.0,0.164568975860428
5365,333045.0,0.16503003625324775
5366,333105.0,0.16536323593585261
5367,333165.0,0.1652726730173505
5368,333225.0,0.16485539711098862
5369,333285.0,0.16320413966489566
5370,333345.0,0.16145093931163673
5371,333405.0,0.16156391045585378
5372,333465.0,0.16169957100337023
5373,333525.0,0.16315885194587398
5374,333585.0,0.16423682302512377
5375,333645.0,0.16413293477554602
5376,333705.0,0.1642790787540318
5377,333765.0,0.16460322021317003
5378,333825.0,0.16503329989087556
5379,333885.0,0.1657384551026322
5380,333945.0,0.16643822731110958
5381,334005.0,0.1668860302986463
5382,334065.0,0.16696959110587484
5383,334125.0,0.16535325625920566
5384,334185.0,0.1638439434937793
5385,334245.0,0.16237031448303219
5386,334305.0,0.16248090415054012
5387,334365.0,0.16301909386024138
5388,334425.0,0.1641758227839889
5389,334485.0,0.16507709757328481
5390,334545.0,0.1660301721830154
5391,334605.0,0.1671352084732486
5392,334665.0,0.16741236451250652
5393,334725.0,0.16780631948334374
5394,334785.0,0.16809334526118686
5395,334845.0,0.1684592320842297
5396,334905.0,0.16738029854053826
5397,334965.0,0.16623823503457202
5398,335025.0,0.1650303410550219
5399,335085.0,0.16411466499947497
5400,335145.0,0.16316677892486203
5401,335205.0,0.16299314751487343
5402,335265.0,0.1628237121528101
5403,335325.0,0.16275083304782606
5404,335385.0,0.16287867287994462
5405,335445.0,0.16303819760137844
5406,335505.0,0.1630912936197363
5407,335565.0,0.16321585205664735
5408,335625.0,0.16335307411536643
5409,335685.0,0.1635150251652142
5410,335745.0,0.16450262262411158
5411,335805.0,0.16584895541268324
5412,335865.0,0.16744975554020597
5413,335925.0,0.16731599367096878
5414,335985.0,0.16666391332304664
5415,336045.0,0.16547672891996174
5416,336105.0,0.16455706368876916
5417,336165.0,0.1639885296963713
5418,336225.0,0.1635274742864249
5419,336285.0,0.16366426143911267
5420,336345.0,0.1636260192452026
5421,336405.0,0.1634111961723178
5422,336465.0,0.1631045356442487
5423,336525.0,0.16411847941996938
5424,336585.0,0.16502747322680722
5425,336645.0,0.16624835128852394
5426,336705.0,0.16730717630530595
5427,336765.0,0.16710739824322896
5428,336825.0,0.16718796870649183
5429,336885.0,0.1673577896896194
5430,336945.0,0.1674290427553291
5431,337005.0,0.1673867005866031
5432,337065.0,0.1672034387512863
5433,337125.0,0.16693791825816978
5434,337185.0,0.16657341098302503
5435,337245.0,0.16630200867885642
5436,337305.0,0.166173975341041
5437,337365.0,0.16628649700424397
5438,337425.0,0.16760990026490385
5439,337485.0,0.16930918713853987
5440,337545.0,0.17071388645725316
5441,337605.0,0.1719651188965427
5442,337665.0,0.17248053593569762
5443,337725.0,0.17288785648481014
5444,337785.0,0.1732486807625448
5445,337845.0,0.17232156395293347
5446,337905.0,0.17066425523982615
5447,337965.0,0.16966839520452215
5448,338025.0,0.16883502910136378
5449,338085.0,0.16751805769428302
5450,338145.0,0.16715996790905358
5451,338205.0,0.1666998025136428
5452,338265.0,0.16771143652951215
5453,338325.0,0.1687004427080629
5454,338385.0,0.1700594539707942
5455,338445.0,0.1714040691566815
5456,338505.0,0.1725805759294003
5457,338565.0,0.17290060195744839
5458,338625.0,0.17186622805515617
5459,338685.0,0.17137948577062273
5460,338745.0,0.170666840116257
5461,338805.0,0.17001022889207756
5462,338865.0,0.1691083935448925
5463,338925.0,0.1691310443090427
5464,338985.0,0.1691048970499408
5465,339045.0,0.1692011241191852
5466,339105.0,0.169390532278284
5467,339165.0,0.1695727002898761
5468,339225.0,0.16976752171244186
5469,339285.0,0.17009541959670166
5470,339345.0,0.17038204928293832
5471,339405.0,0.17035643149576712
5472,339465.0,0.17006490525788864
5473,339525.0,0.16855906773361234
5474,339585.0,0.1670746132556114
5475,339645.0,0.16694728242712337
5476,339705.0,0.16708248872057835
5477,339765.0,0.1676444313550275
5478,339825.0,0.16871726953924931
5479,339885.0,0.16882653466242153
5480,339945.0,0.16892499316616133
5481,340005.0,0.16916304707517188
5482,340065.0,0.16944028580425707
5483,340125.0,0.1697868726505723
5484,340185.0,0.16993226587701266
5485,340245.0,0.17000212367274176
5486,340305.0,0.17014889021730162
5487,340365.0,0.17065197188833298
5488,340425.0,0.1712042948549829
5489,340485.0,0.17299005380847104
5490,340545.0,0.17455491349032248
5491,340605.0,0.17451491027946164
5492,340665.0,0.17285425417959654
5493,340725.0,0.17147061868086155
5494,340785.0,0.17054900569962028
5495,340845.0,0.16970449994700298
5496,340905.0,0.1689373864417858
5497,340965.0,0.1678063824931405
5498,341025.0,0.16666091873969896
5499,341085.0,0.16634501726122852
5500,341145.0,0.16620442415766373
5501,341205.0,0.16723167980802173
5502,341265.0,0.16870830409573478
5503,341325.0,0.1698974533328479
5504,341385.0,0.17090420840489862
5505,341445.0,0.17084913350334918
5506,341505.0,0.17087712545354067
5507,341565.0,0.17096854665721778
5508,341625.0,0.17104121668010397
5509,341685.0,0.1711523577677328
5510,341745.0,0.17109585141509215
5511,341805.0,0.17061298980307205
5512,341865.0,0.1701502119952304
5513,341925.0,0.17041564283545618
5514,341985.0,0.170065863824517
5515,342045.0,0.16936415040750885
5516,342105.0,0.16914273084000897
5517,342165.0,0.16932993040887356
5518,342225.0,0.1693840016066795
5519,342285.0,0.16930741168497127
5520,342345.0,0.16939416847919508
5521,342405.0,0.16936164766504025
5522,342465.0,0.16928062874680755
5523,342525.0,0.16920875799789997
5524,342585.0,0.16921410609056947
5525,342645.0,0.16922665101482703
5526,342705.0,0.16900076463593616
5527,342765.0,0.16878736158715468
5528,342825.0,0.16998780201789038
5529,342885.0,0.17167389459110477
5530,342945.0,0.17415100389874566
5531,343005.0,0.17622434378555757
5532,343065.0,0.17757291820414317
5533,343125.0,0.17880424187289562
5534,343185.0,0.18018931880743577
5535,343245.0,0.18057667778887837
5536,343305.0,0.18098516417065885
5537,343365.0,0.18028018708866056
5538,343425.0,0.17929795777455249
5539,343485.0,0.17842986714082526
5540,343545.0,0.1776901486225002
5541,343605.0,0.17777547091483215
5542,343665.0,0.17757950724441346
5543,343725.0,0.1773140813456835
5544,343785.0,0.17717441415516472
5545,343845.0,0.17714348676776642
5546,343905.0,0.17840777296536264
5547,343965.0,0.18014851713349384
5548,344025.0,0.18322253131838862
5549,344085.0,0.1849582480066359
5550,344145.0,0.18617609643551702
5551,344205.0,0.18578705369210796
5552,344265.0,0.18582833624626116
5553,344325.0,0.18446620346080944
5554,344385.0,0.18341342958308426
5555,344445.0,0.18357240142591524
5556,344505.0,0.18375796534999816
5557,344565.0,0.1839405822776044
5558,344625.0,0.18402650109099072
5559,344685.0,0.18387667610453667
5560,344745.0,0.1836908966957453
5561,344805.0,0.18349810875998673
5562,344865.0,0.18325703999908782
5563,344925.0,0.18330698399418816
5564,344985.0,0.18341129475524853
5565,345045.0,0.18505583311841106
5566,345105.0,0.1857966670670569
5567,345165.0,0.18526259050959687
5568,345225.0,0.1852908004491936
5569,345285.0,0.18535969314920114
5570,345345.0,0.1854268102843878
5571,345405.0,0.18451803623511293
5572,345465.0,0.18464590829879024
5573,345525.0,0.18483335748583024
5574,345585.0,0.18500202297366908
5575,345645.0,0.18532143538800327
5576,345705.0,0.18542275885165155
5577,345765.0,0.18536289327781003
5578,345825.0,0.1853421731819837
5579,345885.0,0.18616529126025888
5580,345945.0,0.1872589030372242
5581,346005.0,0.18811661688730796
5582,346065.0,0.18934584833311885
5583,346125.0,0.19039686782158183
5584,346185.0,0.19143085399075155
5585,346245.0,0.19263088938405215
5586,346305.0,0.19300955085287103
5587,346365.0,0.19348740375407458
5588,346425.0,0.1940115443042571
5589,346485.0,0.1943894777559365
5590,346545.0,0.19357849904804997
5591,346605.0,0.192286230882673
5592,346665.0,0.19069977451847864
5593,346725.0,0.18917408756637066
5594,346785.0,0.18880750037989302
5595,346845.0,0.18978352771403978
5596,346905.0,0.1907849816191306
5597,346965.0,0.19189017008734782
5598,347025.0,0.1927336688403859
5599,347085.0,0.19364357130127524
5600,347145.0,0.193801045411786
5601,347205.0,0.194085056226507
5602,347265.0,0.1945521127823342
5603,347325.0,0.1937743385350515
5604,347385.0,0.19319577208440192
5605,347445.0,0.19241151123897587
5606,347505.0,0.19144640827238973
5607,347565.0,0.19147861198075378
5608,347625.0,0.19121536306855164
5609,347685.0,0.19098735075916612
5610,347745.0,0.1923654959671548
5611,347805.0,0.19364854487622496
5612,347865.0,0.1952113634540072
5613,347925.0,0.19662631863662605
5614,347985.0,0.19698868889430743
5615,348045.0,0.19743918044258707
5616,348105.0,0.19782680909749556
5617,348165.0,0.1981243244276647
5618,348225.0,0.19713073922965652
5619,348285.0,0.19586967994488608
5620,348345.0,0.1948216821249586
5621,348405.0,0.19357372326247402
5622,348465.0,0.19326259746105745
5623,348525.0,0.1939922323979913
5624,348585.0,0.1952282420312741
5625,348645.0,0.19585439415056766
5626,348705.0,0.19704037712199685
5627,348765.0,0.1979863892227085
5628,348825.0,0.19895891951766354
5629,348885.0,0.19933867272039668
5630,348945.0,0.1997566706692135
5631,349005.0,0.20017661058678454
5632,349065.0,0.19913734678887146
5633,349125.0,0.19830359743327386
5634,349185.0,0.19746070527860599
5635,349245.0,0.19624307126447138
5636,349305.0,0.19503876099704032
5637,349365.0,0.19596123819290684
5638,349425.0,0.197114958237668
5639,349485.0,0.19758078307122467
5640,349545.0,0.19860849691272175
5641,349605.0,0.19956570320939176
5642,349665.0,0.199548463852801
5643,349725.0,0.19958857270090646
5644,349785.0,0.1997556717745938
5645,349845.0,0.20001880254768578
5646,349905.0,0.20033010562594195
5647,349965.0,0.2008577511188735
5648,350025.0,0.20092816763648386
5649,350085.0,0.20095255954812624
5650,350145.0,0.20089791567789528
5651,350205.0,0.2023758147039254
5652,350265.0,0.20395925022318712
5653,350325.0,0.205268435178786
5654,350385.0,0.2066788964602787
5655,350445.0,0.206576992329861
5656,350505.0,0.20551658668417294
5657,350565.0,0.20414842702324187
5658,350625.0,0.2032380470345485
5659,350685.0,0.20335908051270107
5660,350745.0,0.20361453950213432
5661,350805.0,0.20395913927314951
5662,350865.0,0.20375263807736205
5663,350925.0,0.20348359806791771
5664,350985.0,0.20348895965396058
5665,351045.0,0.203766818420616
5666,351105.0,0.20557706164978995
5667,351165.0,0.2069844383209452
5668,351225.0,0.20824391674897724
5669,351285.0,0.20785254874853987
5670,351345.0,0.206558118073002
5671,351405.0,0.20556046873032296
5672,351465.0,0.2056805062440038
5673,351525.0,0.2057046783695245
5674,351585.0,0.20592685879067063
5675,351645.0,0.2058230282462582
5676,351705.0,0.20564506946602817
5677,351765.0,0.20570663025168567
5678,351825.0,0.20727846168072944
5679,351888.0,0.20833700338059463
5680,351945.0,0.20974826869331215
5681,352005.0,0.2098694598693796
5682,352065.0,0.20946720567537802
5683,352125.0,0.20825671692174458
5684,352185.0,0.20729946022494788
5685,352245.0,0.20747386178737304
5686,352305.0,0.20764753433836886
5687,352365.0,0.20793564198810782
5688,352425.0,0.20787892511514228
5689,352485.0,0.20772258877805516
5690,352545.0,0.20768379977445034
5691,352605.0,0.2078981282832288
5692,352665.0,0.2083186840574951
5693,352725.0,0.20879844515058604
5694,352785.0,0.20917434474111052
5695,352845.0,0.20938168039198668
5696,352905.0,0.2083878739912935
5697,352968.0,0.20716316557859943
5698,353025.0,0.2063856769629417
5699,353085.0,0.2057251614024047
5700,353145.0,0.20584423976438754
5701,353205.0,0.2058486900411452
5702,353265.0,0.2054687081599873
5703,353325.0,0.20523735571894625
5704,353385.0,0.2051100318141394
5705,353445.0,0.2051804540508167
5706,353505.0,0.2070588190409881
5707,353565.0,0.2088476057500705
5708,353625.0,0.20934985996129057
5709,353685.0,0.20892055702029938
5710,353745.0,0.20679085222476734
5711,353805.0,0.20515034089528045
5712,353865.0,0.20418030009168703
5713,353925.0,0.20328155009891313
5714,353985.0,0.20232496690711443
5715,354045.0,0.2023901850869454
5716,354105.0,0.2019941571525961
5717,354165.0,0.20146467517948874
5718,354225.0,0.2009785098182792
5719,354285.0,0.20194030654352824
5720,354345.0,0.20277236293132322
5721,354405.0,0.20414461512002902
5722,354465.0,0.20560079545148607
5723,354525.0,0.20603379979833747
5724,354585.0,0.2064410986079207
5725,354645.0,0.20684929462922808
5726,354705.0,0.20609721867222164
5727,354765.0,0.20511874495289356
5728,354825.0,0.20283201574137616
5729,354885.0,0.20117253219854048
5730,354945.0,0.19985547335902293
5731,355005.0,0.1987098462178321
5732,355065.0,0.19869153363185088
5733,355125.0,0.1999936681483308
5734,355185.0,0.20129415274306678
5735,355245.0,0.20233927421689402
5736,355305.0,0.202232974064119
5737,355365.0,0.2021093493291649
5738,355425.0,0.20209955071914326
5739,355485.0,0.20234927386867668
5740,355545.0,0.20270141964979593
5741,355605.0,0.20328469870810106
5742,355665.0,0.20346604072456642
5743,355725.0,0.20340296220306447
5744,355785.0,0.20327790542052843
5745,355845.0,0.20208297105195905
5746,355905.0,0.20033268099596213
5747,355965.0,0.1994613181424822
5748,356025.0,0.19823016758091655
5749,356085.0,0.19715601411812744
5750,356145.0,0.1961178909618892
5751,356205.0,0.1961633847935581
5752,356268.0,0.19616142725566138
5753,356325.0,0.19616433079537465
5754,356388.0,0.1960669673513954
5755,356445.0,0.1953644481012043
5756,356505.0,0.19484708199495826
5757,356565.0,0.19447541305568888
5758,356625.0,0.1943426558937661
5759,356685.0,0.19458098985587713
5760,356745.0,0.19504077813085108
5761,356805.0,0.195484683629836
5762,356865.0,0.19442221087386152
5763,356925.0,0.19357855639151733
5764,356985.0,0.19282888964615486
5765,357045.0,0.1920590389070182
5766,357105.0,0.19235325176620677
5767,357165.0,0.19213989393997621
5768,357225.0,0.19170235283842757
5769,357285.0,0.19116235093809475
5770,357345.0,0.19206743485695582
5771,357405.0,0.19270730635855426
5772,357465.0,0.19441063854122342
5773,357525.0,0.19611665205279266
5774,357585.0,0.1966212800310183
5775,357645.0,0.1956590315748002
5776,357705.0,0.19466736021339537
5777,357765.0,0.19363478882935525
5778,357825.0,0.19226185251673938
5779,357885.0,0.19084586771577533
5780,357945.0,0.19160299017801885
5781,358005.0,0.19240357626085614
5782,358065.0,0.1931515855653379
5783,358125.0,0.1943179503507652
5784,358185.0,0.19531322841946064
5785,358245.0,0.19504903944832785
5786,358305.0,0.19519113825257817
5787,358365.0,0.19567701081338484
5788,358425.0,0.19594534450250706
5789,358485.0,0.19586017311424903
5790,358545.0,0.1940978588436943
5791,358605.0,0.19388392831516665
5792,358665.0,0.19334981073460222
5793,358725.0,0.19374205356917024
5794,358785.0,0.1952672609782704
5795,358845.0,0.19539885432761012
5796,358905.0,0.19551380787195166
5797,358965.0,0.19541264723856067
5798,359025.0,0.19541128116973994
5799,359085.0,0.1955051675264987
5800,359145.0,0.19546840731073523
5801,359205.0,0.19572065660697963
5802,359268.0,0.1959672520052052
5803,359325.0,0.195117935540974
5804,359385.0,0.19374950775298433
5805,359445.0,0.19435056200441536
5806,359505.0,0.19427998334985125
5807,359565.0,0.194312424592046
5808,359625.0,0.19326684643274888
5809,359685.0,0.19317422860774652
5810,359745.0,0.1930939224047019
5811,359805.0,0.1930182098919282
5812,359865.0,0.19293418836176385
5813,359925.0,0.19289607604000575
5814,359985.0,0.1927017531297417
5815,360045.0,0.1932173413896197
5816,360105.0,0.1937753140918541
5817,360165.0,0.19313118503461074
5818,360225.0,0.19211859461677655
5819,360285.0,0.19182200956864087
5820,360345.0,0.19087215965459764
5821,360405.0,0.18997970359784938
5822,360465.0,0.18993700390678553
5823,360525.0,0.18976599523326143
5824,360585.0,0.18946884285337207
5825,360645.0,0.18908813632246851
5826,360705.0,0.18864341541500673
5827,360765.0,0.18812883844907347
5828,360828.0,0.1881293372888524
5829,360885.0,0.18828763798995518
5830,360945.0,0.188528697494597
5831,361005.0,0.18745313454807055
5832,361065.0,0.1864977823231218
5833,361125.0,0.18562536089831322
5834,361185.0,0.18422843403154043
5835,361245.0,0.18294498382401542
5836,361305.0,0.1825514519173912
5837,361365.0,0.18233691304634364
5838,361425.0,0.18200730692961542
5839,361485.0,0.1820647326305202
5840,361545.0,0.1819983580799211
5841,361605.0,0.18182647034737826
5842,361665.0,0.18214365329794835
5843,361725.0,0.18251361443395253
5844,361785.0,0.18287384117591732
5845,361845.0,0.18301667921245146
5846,361905.0,0.18127176874868345
5847,361965.0,0.17972659391494444
5848,362025.0,0.17839356378889004
5849,362085.0,0.17727535640739883
5850,362145.0,0.17852517922551953
5851,362205.0,0.1794770451384835
5852,362265.0,0.18054098623657477
5853,362325.0,0.18152155644041834
5854,362385.0,0.18132769551140676
5855,362445.0,0.18163528072762702
5856,362505.0,0.18196726104483796
5857,362565.0,0.18236495400102248
5858,362625.0,0.18124723241169494
5859,362685.0,0.1802144987953973
5860,362745.0,0.17872567814833573
5861,362805.0,0.17753191743781815
5862,362865.0,0.176653000151959
5863,362925.0,0.17712729366161323
5864,362985.0,0.17749479211423497
5865,363045.0,0.17749913909260978
5866,363105.0,0.1772609135157452
5867,363165.0,0.1768690980842017
5868,363225.0,0.17788153808062485
5869,363285.0,0.17911342425420573
5870,363345.0,0.179923626462413
5871,363405.0,0.17989322977045474
5872,363465.0,0.17985311864278802
5873,363525.0,0.1797046669896155
5874,363585.0,0.17964770266513735
5875,363645.0,0.17962947885866237
5876,363705.0,0.17967102733376528
5877,363765.0,0.1796489432714108
5878,363825.0,0.1795045374655403
5879,363885.0,0.17924159081565427
5880,363945.0,0.17906015430713795
5881,364005.0,0.17889589971193398
5882,364065.0,0.17915002394811935
5883,364125.0,0.17932273611189875
5884,364185.0,0.17944804588223529
5885,364245.0,0.179404910936664
5886,364305.0,0.17789570677291927
5887,364365.0,0.17650112194440148
5888,364425.0,0.175166305535507
5889,364485.0,0.17416060934170574
5890,364545.0,0.17421364360212538
5891,364605.0,0.17421686406338138
5892,364665.0,0.17407445599196003
5893,364725.0,0.1739411693815065
5894,364785.0,0.1737990755623232
5895,364845.0,0.17362713107411604
5896,364905.0,0.1738996877989762
5897,364965.0,0.174306347234218
5898,365025.0,0.1746777639369146
5899,365085.0,0.17370337855766532
5900,365145.0,0.1728362235057983
5901,365205.0,0.17159565814209932
5902,365265.0,0.17036775438363694
5903,365325.0,0.1703185856936008
5904,365385.0,0.1702031939617321
5905,365445.0,0.17007142817068793
5906,365505.0,0.16988059648821113
5907,365565.0,0.169581770600009
5908,365625.0,0.16929974751955473
5909,365685.0,0.16958063824747277
5910,365745.0,0.16993927767284156
5911,365805.0,0.17021036174496645
5912,365865.0,0.16924682129033808
5913,365925.0,0.1678662852233333
5914,365985.0,0.1664431735599119
5915,366045.0,0.16514301417233246
5916,366105.0,0.1650277665805121
5917,366165.0,0.16492409394158192
5918,366225.0,0.16480145288560816
5919,366285.0,0.1645112537412775
5920,366345.0,0.16419568455280087
5921,366405.0,0.16368687452729463
5922,366465.0,0.16374985350305066
5923,366525.0,0.1639480697135393
5924,366585.0,0.16418353351130216
5925,366645.0,0.16407442673634437
5926,366705.0,0.16399598739707588
5927,366765.0,0.16392892518395513
5928,366825.0,0.16385736555327068
5929,366885.0,0.1637799719254298
5930,366945.0,0.16367757590101573
5931,367005.0,0.16350091993584343
5932,367065.0,0.16333926928956438
5933,367125.0,0.16313415026254274
5934,367185.0,0.16303920802402622
5935,367245.0,0.16335347337334544
5936,367305.0,0.16371848318856808
5937,367365.0,0.16405425920434097
5938,367425.0,0.16421923814454648
5939,367485.0,0.16317366787006077
5940,367545.0,0.16165433010550356
5941,367605.0,0.16043207473106946
5942,367665.0,0.1603296029435362
5943,367725.0,0.16018274190142912
5944,367785.0,0.15993439610247095
5945,367845.0,0.15958393862399578
5946,367905.0,0.15912509023590654
5947,367965.0,0.15911733001168749
5948,368025.0,0.15931446781001868
5949,368085.0,0.15953646411306815
5950,368145.0,0.15837231206254532
5951,368205.0,0.15756358663981657
5952,368265.0,0.15610742830259267
5953,368328.0,0.1546879454380921
5954,368385.0,0.15340396438775122
5955,368445.0,0.15321633859292133
5956,368505.0,0.15297532489754567
5957,368565.0,0.15258972525182757
5958,368625.0,0.15274253118209258
5959,368685.0,0.1530425817588416
5960,368745.0,0.1521577012260556
5961,368805.0,0.15123628491657254
5962,368865.0,0.15028737549115212
5963,368925.0,0.14885812491027312
5964,368985.0,0.14755394362686064
5965,369045.0,0.14741968344677409
5966,369105.0,0.14726065254392073
5967,369165.0,0.1469834273707485
5968,369225.0,0.1469324251125424
5969,369285.0,0.14706061948235244
5970,369345.0,0.14734422577152045
5971,369405.0,0.14622809566259753
5972,369465.0,0.14526055326987009
5973,369525.0,0.14356756204601567
5974,369588.0,0.14190277989274697
5975,369645.0,0.14145889436985626
5976,369705.0,0.14098379594080845
5977,369765.0,0.14063863093587076
5978,369825.0,0.14018439321261594
5979,369885.0,0.13954987099330035
5980,369945.0,0.13908741130636626
5981,370005.0,0.138744755063409
5982,370065.0,0.13847380404790804
5983,370125.0,0.13831612245227898
5984,370185.0,0.13814665970033296
5985,370248.0,0.1365840598887465
5986,370305.0,0.13517408083085214
5987,370365.0,0.13379667682987056
5988,370425.0,0.13360948722952404
5989,370488.0,0.13345621224295076
5990,370545.0,0.13324263884929655
5991,370605.0,0.13296033466000182
5992,370665.0,0.13256736339352798
5993,370725.0,0.1321020205652493
5994,370785.0,0.13160275566128277
5995,370845.0,0.13101803154404518
5996,370905.0,0.13045994543905653
5997,370965.0,0.12986324423340187
5998,371025.0,0.1294019165470141
5999,371085.0,0.1287841139201558
6000,371145.0,0.1282635645147485
6001,371205.0,0.12772980155421168
6002,371265.0,0.12736409454955944
6003,371328.0,0.12710543877750383
6004,371385.0,0.12691754004702238
6005,371445.0,0.12674369553157114
6006,371505.0,0.1266396844257664
6007,371565.0,0.1265107791876804
6008,371625.0,0.12640364816354335
6009,371685.0,0.12625614069297092
6010,371745.0,0.12601099357984055
6011,371805.0,0.12559670679161097
6012,371865.0,0.12506578867105758
6013,371925.0,0.12459875075400462
6014,371985.0,0.12440634273632095
6015,372045.0,0.12427553295018837
6016,372105.0,0.1242684657988255
6017,372168.0,0.12415173195907148
6018,372225.0,0.124062602900326
6019,372285.0,0.12354547043083247
6020,372345.0,0.12306302630778376
6021,372405.0,0.12259425331732796
6022,372465.0,0.12224785076359793
6023,372525.0,0.12191006511483674
6024,372585.0,0.12154677644260922
6025,372645.0,0.1211783804063529
6026,372705.0,0.12101361015059575
6027,372765.0,0.12088918410251612
6028,372828.0,0.1206068439492802
6029,372885.0,0.1202456403990351
6030,372945.0,0.11851467698926968
6031,373005.0,0.11703659730035909
6032,373065.0,0.11539331800491645
6033,373125.0,0.11386518107253873
6034,373185.0,0.11345394496439018
6035,373245.0,0.11297007962635017
6036,373305.0,0.11257713228014757
6037,373365.0,0.11219010992492001
6038,373425.0,0.11181096622763612
6039,373485.0,0.1118250919623936
6040,373545.0,0.11170366285629238
6041,373605.0,0.1113877521918459
6042,373665.0,0.11086495874601074
6043,373725.0,0.1100713992679759
6044,373785.0,0.10938490668681927
6045,373845.0,0.10900252247432116
6046,373905.0,0.10881222009284608
6047,373965.0,0.1087708704411017
6048,374025.0,0.10749542241752547
6049,374085.0,0.10592414783305484
6050,374145.0,0.10476312813185079
6051,374205.0,0.1045077152105463
6052,374265.0,0.1041642099288973
6053,374325.0,0.10373660582360811
6054,374385.0,0.10324022705480748
6055,374445.0,0.1027309904295963
6056,374505.0,0.10218693223506575
6057,374565.0,0.10167055587561319
6058,374625.0,0.10125809918292641
6059,374685.0,0.10103533224422928
6060,374745.0,0.10087238051770395
6061,374805.0,0.10074038245266326
6062,374865.0,0.10062320747297379
6063,374925.0,0.1005373604676516
6064,374985.0,0.10034723415022781
6065,375045.0,0.1001196366912632
6066,375105.0,0.0997862329111043
6067,375165.0,0.09937658469322191
6068,375225.0,0.09883352468551279
6069,375285.0,0.09832329605095541
6070,375345.0,0.09776989410956455
6071,375405.0,0.09725099392663827
6072,375465.0,0.09680170453279227
6073,375525.0,0.0963494400871174
6074,375585.0,0.09588633674859723
6075,375645.0,0.09538664819567536
6076,375705.0,0.09494676994314219
6077,375765.0,0.09464068307466814
6078,375825.0,0.09441663005706358
6079,375885.0,0.0941451630572751
6080,375945.0,0.09388107879915797
6081,376005.0,0.09357575712615596
6082,376065.0,0.09343156040167253
6083,376125.0,0.0933269314147104
6084,376185.0,0.09315638376961796
6085,376245.0,0.09300810804348983
6086,376305.0,0.09282240703188147
6087,376365.0,0.09261387205207464
6088,376425.0,0.09239948831673422
6089,376485.0,0.09215830409023668
6090,376545.0,0.09193094456439282
6091,376605.0,0.09167718922383855
6092,376665.0,0.0914141083629176
6093,376725.0,0.09113725918851812
6094,376785.0,0.09088793497813757
6095,376845.0,0.09068536669386765
6096,376905.0,0.09047365058454007
6097,376965.0,0.09030048237620325
6098,377025.0,0.09016162043246473
6099,377085.0,0.09014817829556876
6100,377145.0,0.0900711753530265
6101,377205.0,0.08995628033822856
6102,377265.0,0.08988307042997176
6103,377325.0,0.08986189804753533
6104,377385.0,0.09001319493151427
6105,377445.0,0.09000870114700041
6106,377505.0,0.08996533147118391
6107,377565.0,0.08992109929697312
6108,377625.0,0.08984011461780833
6109,377685.0,0.08972007222872741
6110,377745.0,0.08955973987271568
6111,377805.0,0.08937075185203577
6112,377865.0,0.0891557996865597
6113,377925.0,0.08889195713354867
6114,377985.0,0.08863423890147504
6115,378045.0,0.08844004712866971
6116,378105.0,0.08830033201533016
6117,378165.0,0.08833807031607915
6118,378225.0,0.08842431882889387
6119,378285.0,0.0884553434674665
6120,378345.0,0.08834420482123703
6121,378405.0,0.08815348523203287
6122,378465.0,0.08795020127412118
6123,378525.0,0.08775062143876866
6124,378585.0,0.08759112459039298
6125,378645.0,0.08744315196471975
6126,378705.0,0.08731096658949922
6127,378765.0,0.08719424218228827
6128,378825.0,0.08705640940791123
6129,378885.0,0.08694350297108203
6130,378945.0,0.0868656921174514
6131,379005.0,0.08683531043078851
6132,379065.0,0.08688166847533452
6133,379125.0,0.08703061257246
6134,379185.0,0.08715232285812005
6135,379245.0,0.0873659710739571
6136,379305.0,0.0874834128591791
6137,379365.0,0.08738315771638869
6138,379425.0,0.08717304584068261
6139,379485.0,0.08694462595169225
6140,379545.0,0.08673567874742186
6141,379605.0,0.0865261347869738
6142,379665.0,0.08627679447051256
6143,379728.0,0.08604351715506525
6144,379785.0,0.08574548861721701
6145,379845.0,0.08544306015518352
6146,379905.0,0.08518556009713082
6147,379965.0,0.08501279329385583
6148,380025.0,0.08494472207927148
6149,380085.0,0.08498651370183616
6150,380145.0,0.08493400241306812
6151,380205.0,0.0848602765263047
6152,380265.0,0.08478946271608126
6153,380325.0,0.08473400834929451
6154,380385.0,0.08467065946436642
6155,380445.0,0.0845878497866977
6156,380505.0,0.08444639868526249
6157,380565.0,0.08427291557851119
6158,380625.0,0.08408739032469287
6159,380685.0,0.08389984954918453
6160,380745.0,0.08385583566758179
6161,380805.0,0.08396614800882646
6162,380865.0,0.08421683092755117
6163,380925.0,0.08450193497359493
6164,380985.0,0.08465823059119426
6165,381045.0,0.08477253114656658
6166,381105.0,0.08483981887527484
6167,381165.0,0.0848218224667604
6168,381225.0,0.08485061733035248
6169,381285.0,0.08494248642774152
6170,381345.0,0.08504085845447598
6171,381405.0,0.08516313439661222
6172,381465.0,0.0853192441621344
6173,381525.0,0.08547642365822133
6174,381585.0,0.08562148970649916
6175,381645.0,0.08574680616883659
6176,381705.0,0.08585015010535205
6177,381765.0,0.08594656944286563
6178,381825.0,0.08603738119484836
6179,381885.0,0.0861444977829095
6180,381945.0,0.08626693250305853
6181,382005.0,0.08641816666704522
6182,382065.0,0.08660237356746339
6183,382125.0,0.08678574628745467
6184,382185.0,0.08693888377721104
6185,382245.0,0.08703808613171418
6186,382305.0,0.08711265487384223
6187,382365.0,0.0871502749746284
6188,382425.0,0.08709811161473119
6189,382485.0,0.08703819433186377
6190,382545.0,0.08706580200964611
6191,382605.0,0.08719126728906235
6192,382665.0,0.08738057484463685
6193,382725.0,0.08755659274433394
6194,382785.0,0.08773411294634592
6195,382845.0,0.08787158403300666
6196,382905.0,0.08797280341338926
6197,382965.0,0.08801850190993254
6198,383025.0,0.08808029443032175
6199,383085.0,0.08814211223567639
6200,383145.0,0.08817888347196459
6201,383205.0,0.08814845761671813
6202,383265.0,0.08811575061749755
6203,383325.0,0.08805206310026839
6204,383385.0,0.08799955668639708
6205,383445.0,0.0879730923979499
6206,383505.0,0.08800041100713465
6207,383565.0,0.0880675469726
6208,383625.0,0.08816510333633112
6209,383685.0,0.08829264613651644
6210,383745.0,0.08843359377982848
6211,383805.0,0.0885535130522932
6212,383865.0,0.08864057899662106
6213,383925.0,0.08871656732072183
6214,383985.0,0.0887867642242405
6215,384045.0,0.08886074502323887
6216,384105.0,0.08891394533022337
6217,384165.0,0.08897994289979588
6218,384225.0,0.08906124110746003
6219,384285.0,0.08913589765921423
6220,384345.0,0.08922905773484544
6221,384405.0,0.08930486035903296
6222,384465.0,0.08937509700431459
6223,384525.0,0.08937473137563931
6224,384585.0,0.08933848155242671
6225,384645.0,0.08930442173950826
6226,384705.0,0.0892999836764462
6227,384765.0,0.08915323016101964
6228,384825.0,0.08920276853931428
6229,384885.0,0.08935486312445082
6230,384945.0,0.08953381895892598
6231,385005.0,0.08985257605678756
6232,385065.0,0.0901618766678558
6233,385125.0,0.09037927319499989
6234,385185.0,0.0905285564637194
6235,385245.0,0.09068936088741092
6236,385305.0,0.09079187163161034
6237,385365.0,0.09082690262266252
6238,385425.0,0.0908146168562376
6239,385485.0,0.09071716562243523
6240,385545.0,0.09057353857979031
6241,385605.0,0.09046834362068451
6242,385665.0,0.09031780077960394
6243,385725.0,0.09023658680804725
6244,385785.0,0.0903042969068531
6245,385845.0,0.09049191435525666
6246,385905.0,0.090660446551723
6247,385965.0,0.09080062944888612
6248,386025.0,0.09088478869189226
6249,386085.0,0.09098116117179841
6250,386145.0,0.09118639184138153
6251,386205.0,0.09151814634294853
6252,386265.0,0.09189092373233984
6253,386325.0,0.0922566738087883
6254,386385.0,0.09259756341821501
6255,386445.0,0.09295314772141292
6256,386505.0,0.09325911367778425
6257,386565.0,0.09328792786026124
6258,386625.0,0.0932939229429384
6259,386688.0,0.09328904215813316
6260,386745.0,0.09331765157470456
6261,386805.0,0.09334061019800352
6262,386865.0,0.09328314273806057
6263,386925.0,0.09315056882633985
6264,386985.0,0.09307485514435104
6265,387045.0,0.09294616280765994
6266,387105.0,0.09285794191218757
6267,387165.0,0.09287022472154302
6268,387225.0,0.09290830240924414
6269,387285.0,0.09299597758507272
6270,387345.0,0.09308518501525564
6271,387408.0,0.0931767681082264
6272,387465.0,0.09320710789237646
6273,387525.0,0.09324116699244495
6274,387585.0,0.09330672710821791
6275,387645.0,0.09339301273717107
6276,387708.0,0.09348533219760746
6277,387765.0,0.09355398135124846
6278,387825.0,0.09363223318072736
6279,387885.0,0.09371842935154281
6280,387945.0,0.09383022474675479
6281,388005.0,0.09414121232526107
6282,388065.0,0.094296292070698
6283,388125.0,0.09426273119234085
6284,388185.0,0.0939946131455627
6285,388245.0,0.0938537877082804
6286,388305.0,0.09372467051705285
6287,388365.0,0.09359237591929209
6288,388425.0,0.09345137120607669
6289,388485.0,0.0933454468823548
6290,388545.0,0.0933092832629803
6291,388605.0,0.09329516300360474
6292,388665.0,0.09333444230238494
6293,388725.0,0.09346706948861211
6294,388785.0,0.09369770096712729
6295,388845.0,0.09381920260095672
6296,388905.0,0.09378267210483218
6297,388965.0,0.09358631844569987
6298,389025.0,0.09328541797365852
6299,389085.0,0.0930209983268323
6300,389145.0,0.0929172992534644
6301,389205.0,0.09295169881710263
6302,389265.0,0.09307817409348415
6303,389325.0,0.09322547704324591
6304,389385.0,0.09333734920462011
6305,389445.0,0.09346249551944205
6306,389505.0,0.09357102168022194
6307,389565.0,0.09353674619023777
6308,389625.0,0.09359892175761017
6309,389685.0,0.09368772067678738
6310,389745.0,0.09375866722912768
6311,389805.0,0.09375149405142427
6312,389865.0,0.09365712232961815
6313,389925.0,0.09345901194172662
6314,389985.0,0.09320622102905615
6315,390045.0,0.09282332897611131
6316,390105.0,0.09250013453787437
6317,390165.0,0.09236960680092654
6318,390225.0,0.09232822888398967
6319,390285.0,0.09235639539498566
6320,390345.0,0.09238400051544812
6321,390405.0,0.0924553891319807
6322,390465.0,0.09258047770060421
6323,390525.0,0.09267194115756891
6324,390585.0,0.09276809353814816
6325,390645.0,0.09281304845957092
6326,390705.0,0.09279116882602872
6327,390765.0,0.09270840078357467
6328,390828.0,0.09258416341556361
6329,390885.0,0.09245484877613114
6330,390945.0,0.09245423645371098
6331,391005.0,0.09259307444175793
6332,391065.0,0.09281264883303333
6333,391125.0,0.09308437305860934
6334,391185.0,0.09332445909830162
6335,391245.0,0.09371870622388226
6336,391305.0,0.09403843260571793
6337,391365.0,0.09429090494685163
6338,391425.0,0.0945198759570886
6339,391485.0,0.09474107079298688
6340,391545.0,0.09481355368224681
6341,391605.0,0.09470841599071742
6342,391665.0,0.09448100911384341
6343,391725.0,0.09422923426578375
6344,391785.0,0.0940892331728018
6345,391845.0,0.09398740049129842
6346,391905.0,0.09389614162094531
6347,391965.0,0.09391721654533688
6348,392025.0,0.0938880041479776
6349,392085.0,0.09381531173309662
6350,392145.0,0.09376982443716325
6351,392205.0,0.0937260343823334
6352,392265.0,0.09370128365290945
6353,392325.0,0.09369440951636396
6354,392385.0,0.09367854517361163
6355,392445.0,0.0936230726846653
6356,392505.0,0.09355537072684775
6357,392565.0,0.09345613350704374
6358,392625.0,0.09334474133346277
6359,392685.0,0.09324433664342713
6360,392745.0,0.09314409646434399
6361,392805.0,0.09303482892383072
6362,392865.0,0.09291439863745007
6363,392925.0,0.09284198585037187
6364,392985.0,0.09276742558574452
6365,393045.0,0.09273709518287626
6366,393105.0,0.09274252320767973
6367,393165.0,0.09275160953007408
6368,393225.0,0.09281553008268886
6369,393285.0,0.09292474471917364
6370,393345.0,0.09302031080715747
6371,393405.0,0.09302720445495466
6372,393468.0,0.09297163504853795
6373,393525.0,0.09296703281089747
6374,393585.0,0.09297267475885726
6375,393645.0,0.09302262607878006
6376,393705.0,0.09305179410229006
6377,393765.0,0.09313417563321358
6378,393825.0,0.09331031185083524
6379,393885.0,0.09336858631116485
6380,393948.0,0.0934719459529251
6381,394005.0,0.09364942617386449
6382,394065.0,0.09392524392122789
6383,394125.0,0.09421503283333674
6384,394185.0,0.09455254448012557
6385,394245.0,0.09487760017407401
6386,394305.0,0.09515653046069183
6387,394365.0,0.09546165923070948
6388,394425.0,0.09592395374684276
6389,394485.0,0.09628865936907172
6390,394545.0,0.09648037225993425
6391,394605.0,0.09673238200914941
6392,394665.0,0.09695688040939285
6393,394725.0,0.09715043072465734
6394,394785.0,0.09731473220556905
6395,394845.0,0.0974987534916604
6396,394905.0,0.09767870475267926
6397,394965.0,0.09787877383894963
6398,395025.0,0.09809408466327235
6399,395085.0,0.09832231985256676
6400,395145.0,0.09858635090911586
6401,395205.0,0.0988423456244617
6402,395265.0,0.09914358639679383
6403,395325.0,0.09946259265095739
6404,395385.0,0.09979518220796568
6405,395445.0,0.10002046643122514
6406,395505.0,0.10019541468549839
6407,395565.0,0.10031765507709
6408,395625.0,0.10039964372740384
6409,395685.0,0.10047450843404032
6410,395745.0,0.1005699400467838
6411,395805.0,0.10055240494954101
6412,395865.0,0.10058677963736021
6413,395925.0,0.10072542592847789
6414,395985.0,0.10090995803805466
6415,396045.0,0.10111368057741418
6416,396105.0,0.10136018802681332
6417,396165.0,0.10165508833376768
6418,396225.0,0.10194541199374474
6419,396285.0,0.10226924541796298
6420,396345.0,0.10254603506021287
6421,396405.0,0.10272952062673163
6422,396465.0,0.10286506187737873
6423,396525.0,0.10285121029746369
6424,396585.0,0.10278611667075604
6425,396645.0,0.10265193455808908
6426,396705.0,0.10265378777100764
6427,396765.0,0.10275522353900926
6428,396825.0,0.10302610114931696
6429,396885.0,0.10335268631520256
6430,396948.0,0.10360051420789415
6431,397005.0,0.10364460061012618
6432,397065.0,0.10357927596516439
6433,397125.0,0.10352655825258433
6434,397185.0,0.10351406163694432
6435,397245.0,0.1035296526106865
6436,397305.0,0.1035305888643811
6437,397365.0,0.10366108019385889
6438,397425.0,0.10368243667278737
6439,397485.0,0.10373787837576609
6440,397545.0,0.1037775309474119
6441,397605.0,0.10378343277831059
6442,397665.0,0.10378991968210616
6443,397725.0,0.10379847210632215
6444,397785.0,0.10384271511138349
6445,397845.0,0.10385339628379628
6446,397908.0,0.10389389507679783
6447,397965.0,0.10386020403582549
6448,398025.0,0.10379522837338362
6449,398085.0,0.10372847124004309
6450,398145.0,0.10368571374096994
6451,398205.0,0.10367036431458235
6452,398265.0,0.1037774762266126
6453,398325.0,0.10394365039564793
6454,398385.0,0.10402064541407097
6455,398445.0,0.10412287773722254
6456,398505.0,0.10417960661151379
6457,398565.0,0.10430188559393569
6458,398625.0,0.10440602323104184
6459,398685.0,0.1044046012009272
6460,398745.0,0.10434569437698099
6461,398805.0,0.10416834953910664
6462,398865.0,0.10420932784620607
6463,398925.0,0.10448717826899839
6464,398985.0,0.1049035564407182
6465,399045.0,0.10537096681253741
6466,399105.0,0.10603555602598314
6467,399165.0,0.10645268677386291
6468,399225.0,0.10681660705973903
6469,399285.0,0.10712579190922686
6470,399345.0,0.10736693328067953
6471,399405.0,0.10754621603060105
6472,399465.0,0.10775446166747621
6473,399525.0,0.10789460885235463
6474,399585.0,0.10788204515098862
6475,399645.0,0.10798664961998317
6476,399705.0,0.10809958516024701
6477,399765.0,0.10837699928245473
6478,399825.0,0.10861223642059184
6479,399885.0,0.10899117385836218
6480,399945.0,0.10927251401504473
6481,400005.0,0.10956275589883746
6482,400065.0,0.109762407723069
6483,400125.0,0.10996940774225783
6484,400185.0,0.11013893853770301
6485,400245.0,0.1102558248789427
6486,400305.0,0.1103769470147205
6487,400365.0,0.11056791387511966
6488,400425.0,0.11068246874876495
6489,400485.0,0.11071231756068861
6490,400545.0,0.11072533189952408
6491,400605.0,0.1107948187535043
6492,400665.0,0.11092419848548576
6493,400725.0,0.11113535649569833
6494,400785.0,0.11148613016800046
6495,400845.0,0.11174837815902722
6496,400905.0,0.11205285963937422
6497,400965.0,0.11242176098240284
6498,401025.0,0.11276298007750157
6499,401085.0,0.11308309493101051
6500,401145.0,0.11340158817344093
6501,401205.0,0.11387649263751617
6502,401265.0,0.11409098328891457
6503,401325.0,0.11425669955954393
6504,401385.0,0.1143729780899354
6505,401445.0,0.11454291988978554
6506,401505.0,0.11470977358185688
6507,401565.0,0.11484711750302229
6508,401625.0,0.11496327265513656
6509,401685.0,0.11502788643253631
6510,401745.0,0.11505292962776442
6511,401805.0,0.11497039643800555
6512,401865.0,0.11487995570741
6513,401925.0,0.11480494883398115
6514,401985.0,0.1148207501754944
6515,402045.0,0.11473322993986623
6516,402105.0,0.11480346444370965
6517,402165.0,0.11502144669744951
6518,402225.0,0.115393950214146
6519,402285.0,0.11587128588472412
6520,402345.0,0.11629116858896799
6521,402405.0,0.11696905508464345
6522,402465.0,0.11735333770090678
6523,402525.0,0.11762627226549263
6524,402585.0,0.11784709076505481
6525,402645.0,0.11800311915712361
6526,402705.0,0.11810200128110596
6527,402765.0,0.11826472929289053
6528,402825.0,0.11847884716392773
6529,402885.0,0.1187391452836781
6530,402945.0,0.11902456181291968
6531,403005.0,0.11924389153994086
6532,403065.0,0.11956153690475615
6533,403125.0,0.12000853756988861
6534,403185.0,0.12065635578511794
6535,403245.0,0.12101556900341148
6536,403305.0,0.12136958077719087
6537,403365.0,0.12174363250177145
6538,403425.0,0.12203673561889941
6539,403485.0,0.12198636264296989
6540,403545.0,0.12189668374039109
6541,403608.0,0.1218413647646073
6542,403665.0,0.12180170381244301
6543,403725.0,0.12184853727854442
6544,403785.0,0.12194092257591208
6545,403845.0,0.12216456822206395
6546,403905.0,0.12234636600373261
6547,403965.0,0.12263391387858735
6548,404028.0,0.12315401714283497
6549,404085.0,0.12345240524949477
6550,404145.0,0.12372019703644871
6551,404205.0,0.12401145884769266
6552,404265.0,0.12428908920802945
6553,404325.0,0.12449006948227892
6554,404385.0,0.12477720735559397
6555,404445.0,0.1250853581524345
6556,404505.0,0.1254670689996728
6557,404568.0,0.1254375831466015
6558,404625.0,0.12522937739775208
6559,404688.0,0.12508394184932065
6560,404745.0,0.12504681338524906
6561,404805.0,0.12637978874057362
6562,404865.0,0.12709019925641812
6563,404925.0,0.12822613641922312
6564,404985.0,0.12899538908882738
6565,405045.0,0.1298921714544082
6566,405105.0,0.12991263234231418
6567,405165.0,0.13000199792065142
6568,405225.0,0.12989372650570752
6569,405285.0,0.1297722724807984
6570,405345.0,0.12962313384692017
6571,405405.0,0.12933729929205146
6572,405465.0,0.12916531767880596
6573,405525.0,0.1291427523879969
6574,405585.0,0.1291525158554641
6575,405645.0,0.12907422325419607
6576,405705.0,0.12901284806388383
6577,405765.0,0.12893997633381743
6578,405825.0,0.12893017250942004
6579,405885.0,0.12903775137957998
6580,405945.0,0.1290571452361927
6581,406005.0,0.1290052351372171
6582,406065.0,0.12885983522076316
6583,406125.0,0.1302169977670467
6584,406185.0,0.1316665779518236
6585,406245.0,0.13162036249433615
6586,406305.0,0.13149178908876724
6587,406365.0,0.13148542275704925
6588,406425.0,0.13148775656235873
6589,406485.0,0.13151385821297315
6590,406545.0,0.1315340990188296
6591,406605.0,0.13155587243026168
6592,406665.0,0.13151297095794945
6593,406725.0,0.13142387359501606
6594,406785.0,0.13131022567985537
6595,406845.0,0.13114091155083227
6596,406905.0,0.1309615717118011
6597,406965.0,0.1307760194316686
6598,407025.0,0.130695922847256
6599,407085.0,0.13071032722564632
6600,407145.0,0.13081407879994622
6601,407205.0,0.1310906890053721
6602,407268.0,0.13126956256950836
6603,407328.0,0.13137239015976312
6604,407385.0,0.13140722533662239
6605,407445.0,0.13142386881802884
6606,407505.0,0.13145208144975343
6607,407565.0,0.13152307427562748
6608,407625.0,0.13154394214043838
6609,407685.0,0.13143796319891568
6610,407745.0,0.13133287013073863
6611,407805.0,0.1315765462551428
6612,407865.0,0.13193117386674605
6613,407925.0,0.13235937312133528
6614,407985.0,0.1324350333483595
6615,408045.0,0.13236089344147536
6616,408105.0,0.13230165504219807
6617,408165.0,0.1321811907775326
6618,408225.0,0.13201191415216343
6619,408285.0,0.13181894234833888
6620,408345.0,0.13167038308510456
6621,408405.0,0.13184365925596778
6622,408465.0,0.13211894961274478
6623,408525.0,0.1324200799329296
6624,408585.0,0.13266855729378071
6625,408645.0,0.13297798325393248
6626,408705.0,0.1332631810423346
6627,408765.0,0.13358288438501342
6628,408828.0,0.13385775268835015
6629,408885.0,0.1336384486104597
6630,408945.0,0.13339036775516505
6631,409005.0,0.1331582168511397
6632,409065.0,0.13404579359715524
6633,409125.0,0.1349338528743237
6634,409185.0,0.13621505650106547
6635,409245.0,0.13742850202398577
6636,409305.0,0.1385730038873686
6637,409365.0,0.13855805556359185
6638,409428.0,0.1385675558351248
6639,409485.0,0.1387044393066802
6640,409545.0,0.13904616776550643
6641,409605.0,0.13924590937648268
6642,409665.0,0.13912959171130218
6643,409725.0,0.1388878306170917
6644,409785.0,0.1384316869013441
6645,409845.0,0.13794481571903328
6646,409905.0,0.13732344413012865
6647,409965.0,0.13720286205417553
6648,410025.0,0.13730040176478786
6649,410085.0,0.1374562152029708
6650,410145.0,0.13759220063364608
6651,410205.0,0.13779134627822537
6652,410265.0,0.1379416985877115
6653,410325.0,0.13815233735824284
6654,410385.0,0.1383271715414056
6655,410445.0,0.13795952703345732
6656,410505.0,0.13762037048498788
6657,410565.0,0.1371456939626925
6658,410625.0,0.13696114514297275
6659,410685.0,0.13780351285774
6660,410745.0,0.13864986276867086
6661,410805.0,0.1393904825877898
6662,410865.0,0.13915205291526078
6663,410925.0,0.13932147006068052
6664,410985.0,0.13930847849611006
6665,411045.0,0.13948861331323037
6666,411105.0,0.14005722297923878
6667,411165.0,0.14062027222670104
6668,411225.0,0.14082845168654817
6669,411285.0,0.14095220151491183
6670,411345.0,0.14103257556148402
6671,411405.0,0.14106226619947798
6672,411465.0,0.1424615520930253
6673,411525.0,0.144169537540615
6674,411585.0,0.14405333888057287
6675,411645.0,0.14409524970524373
6676,411705.0,0.14414701468880314
6677,411765.0,0.14418736387872771
6678,411825.0,0.1442225455635779
6679,411885.0,0.14424130894695592
6680,411945.0,0.14427622637810622
6681,412005.0,0.14411213443834092
6682,412065.0,0.14414426271313485
6683,412125.0,0.144285288511122
6684,412185.0,0.1445361555059222
6685,412245.0,0.14481609641478027
6686,412305.0,0.1451189533379189
6687,412365.0,0.1454351246872364
6688,412425.0,0.14568553837568593
6689,412485.0,0.1459546655661883
6690,412545.0,0.1461910487300166
6691,412605.0,0.14643364646626994
6692,412665.0,0.14661208855654195
6693,412725.0,0.1467410031595615
6694,412785.0,0.14683285415451036
6695,412845.0,0.14686361604410786
6696,412905.0,0.1468531733587336
6697,412965.0,0.14674381632730177
6698,413025.0,0.14656402738724034
6699,413085.0,0.14633930558779779
6700,413145.0,0.14625595466850178
6701,413205.0,0.14598232333029526
6702,413265.0,0.14602816430305582
6703,413325.0,0.1461754836028346
6704,413385.0,0.14638347455519507
6705,413445.0,0.14660730465673216
6706,413505.0,0.14679910452330236
6707,413565.0,0.14699620930139995
6708,413625.0,0.14708811513778047
6709,413685.0,0.14726476665111615
6710,413745.0,0.14748913433321775
6711,413805.0,0.1475662554252164
6712,413865.0,0.14738342220523437
6713,413925.0,0.1470414544822804
6714,413985.0,0.14650584006192846
6715,414045.0,0.14630491339547053
6716,414105.0,0.14614869477803955
6717,414165.0,0.14600522777026304
6718,414225.0,0.14598219331208678
6719,414285.0,0.14629416609152124
6720,414345.0,0.14662293112150365
6721,414405.0,0.14688204426397078
6722,414465.0,0.14709898587484843
6723,414525.0,0.14719676720620484
6724,414585.0,0.14728284797564745
6725,414645.0,0.1471786017259646
6726,414705.0,0.14713496872954224
6727,414765.0,0.1469906247601136
6728,414828.0,0.14661657875781514
6729,414885.0,0.14646080038451426
6730,414945.0,0.1463313480424267
6731,415005.0,0.14622384435155233
6732,415065.0,0.1460469384420276
6733,415125.0,0.14610722268430032
6734,415185.0,0.14605386385484098
6735,415245.0,0.14593878742961242
6736,415305.0,0.14576502652551132
6737,415365.0,0.14598087092932832
6738,415425.0,0.14624540624129667
6739,415485.0,0.14646924572459363
6740,415545.0,0.14647797986281386
6741,415608.0,0.14484896720547935
6742,415665.0,0.1437725089290765
6743,415725.0,0.1424444520664045
6744,415785.0,0.1416700820500651
6745,415845.0,0.14071786633403882
6746,415905.0,0.14056236643688502
6747,415965.0,0.14023848697617397
6748,416025.0,0.13993707754198453
6749,416085.0,0.13980846528237156
6750,416145.0,0.1399747516155861
6751,416205.0,0.14048692476809588
6752,416265.0,0.14102879723439354
6753,416325.0,0.14141354082103347
6754,416385.0,0.14167473875412417
6755,416445.0,0.14195941298642417
6756,416505.0,0.14211657621534585
6757,416565.0,0.14217694360984645
6758,416625.0,0.14209534195620466
6759,416685.0,0.14181794822280275
6760,416745.0,0.14137564297794053
6761,416805.0,0.14088346815293568
6762,416865.0,0.14055354250044977
6763,416925.0,0.13891161413900865
6764,416985.0,0.1385134552333886
6765,417045.0,0.13971559783101273
6766,417105.0,0.14128627165816382
6767,417165.0,0.1424158534929535
6768,417225.0,0.14332275280828088
6769,417285.0,0.14324722431443765
6770,417345.0,0.14322123404459353
6771,417405.0,0.1433001147118771
6772,417465.0,0.14345488064801387
6773,417525.0,0.1437186416614264
6774,417585.0,0.14380107681303833
6775,417645.0,0.14363208323873478
6776,417705.0,0.14353442146640877
6777,417765.0,0.14356535395035963
6778,417825.0,0.14372073057254514
6779,417885.0,0.1451921852075121
6780,417945.0,0.14635000577985402
6781,418005.0,0.14767100425721358
6782,418065.0,0.148723493366393
6783,418125.0,0.14893062251843858
6784,418185.0,0.14922993600017664
6785,418245.0,0.14948023620813305
6786,418305.0,0.14952529296256628
6787,418365.0,0.14949160374898546
6788,418425.0,0.14907807415949653
6789,418485.0,0.14871446824460627
6790,418545.0,0.1483823506950156
6791,418605.0,0.1480194181864376
6792,418665.0,0.14876278835080248
6793,418725.0,0.15006037245052556
6794,418785.0,0.1513770942050005
6795,418845.0,0.15253719787129522
6796,418905.0,0.15266554833267226
6797,418965.0,0.1528787481817665
6798,419025.0,0.15320306352148494
6799,419085.0,0.15340314542897054
6800,419145.0,0.1535277559066543
6801,419205.0,0.1533024034413134
6802,419265.0,0.15274181259135583
6803,419325.0,0.15227495839411864
6804,419385.0,0.15198054025139818
6805,419445.0,0.15183284638621758
6806,419505.0,0.15288734520789293
6807,419565.0,0.1543030645357833
6808,419625.0,0.15538770779278166
6809,419685.0,0.1557872802384691
6810,419745.0,0.1562146243622573
6811,419805.0,0.15655121574697228
6812,419865.0,0.15568858875892622
6813,419925.0,0.15474296320993836
6814,419985.0,0.1534287574790248
6815,420045.0,0.15187610386784584
6816,420105.0,0.15047547760240093
6817,420165.0,0.15022436479543544
6818,420225.0,0.15127628808130816
6819,420285.0,0.15243667856690296
6820,420345.0,0.15348799894816756
6821,420405.0,0.1542914097884293
6822,420465.0,0.15526505475693475
6823,420525.0,0.15532129971201164
6824,420585.0,0.1555746680321719
6825,420645.0,0.1558679322826826
6826,420705.0,0.15619944721465745
6827,420765.0,0.15642121120682873
6828,420825.0,0.15653371459136028
6829,420885.0,0.15612380670037007
6830,420945.0,0.15573444066286707
6831,421005.0,0.1553146552768983
6832,421065.0,0.15495185137000766
6833,421125.0,0.1549871081366248
6834,421185.0,0.15501023982304157
6835,421245.0,0.15555481037459096
6836,421305.0,0.15602372135168419
6837,421365.0,0.15644888645504013
6838,421425.0,0.1566912627891941
6839,421485.0,0.15580909184709152
6840,421545.0,0.1549990779121873
6841,421605.0,0.15422080348619333
6842,421665.0,0.15417915272800742
6843,421725.0,0.15384461951350703
6844,421785.0,0.1536785437256239
6845,421845.0,0.15315767099691824
6846,421905.0,0.15359932481356914
6847,421965.0,0.15400116081035092
6848,422025.0,0.1547579570426984
6849,422085.0,0.15558157186515514
6850,422145.0,0.15561319689459896
6851,422205.0,0.1556150483572208
6852,422265.0,0.15419954196128527
6853,422325.0,0.15241398714434673
6854,422385.0,0.1523300740927533
6855,422448.0,0.15214028396213936
6856,422508.0,0.15161174450526077
6857,422565.0,0.15112276645848305
6858,422625.0,0.1507799131552312
6859,422685.0,0.15186675199684785
6860,422745.0,0.15274344884519536
6861,422805.0,0.15438644651970207
6862,422865.0,0.15556178665005932
6863,422925.0,0.15654778928235819
6864,422985.0,0.15642168467657963
6865,423045.0,0.1563021694346471
6866,423105.0,0.15622692241871922
6867,423165.0,0.15622103211576555
6868,423225.0,0.1562145617377319
6869,423285.0,0.15620688645054087
6870,423345.0,0.15575507348903317
6871,423405.0,0.1553960626628716
6872,423465.0,0.1550269991606204
6873,423525.0,0.15490845231197814
6874,423585.0,0.15587528845143778
6875,423645.0,0.15732918395021445
6876,423705.0,0.15848339741730522
6877,423765.0,0.15951135330766142
6878,423825.0,0.15950712147993257
6879,423885.0,0.15949834560318482
6880,423945.0,0.15946899262227815
6881,424005.0,0.1594345224353893
6882,424065.0,0.15948312598218461
6883,424125.0,0.15937461648290474
6884,424185.0,0.15889567561507573
6885,424245.0,0.1584785651255765
6886,424305.0,0.15820075609345052
6887,424365.0,0.15791667549756183
6888,424425.0,0.1576122525368882
6889,424485.0,0.15722637512051685
6890,424545.0,0.15706796339198426
6891,424605.0,0.15723206528663747
6892,424668.0,0.1574941553541469
6893,424725.0,0.15768848537230645
6894,424785.0,0.15783347685045596
6895,424845.0,0.15793777525598607
6896,424905.0,0.1579194194289681
6897,424965.0,0.1578206835387332
6898,425028.0,0.15766892061032034
6899,425088.0,0.15738672600914555
6900,425145.0,0.1569799531810233
6901,425205.0,0.15655649823387613
6902,425265.0,0.15620399590390938
6903,425325.0,0.15592710593464926
6904,425385.0,0.15573802029255812
6905,425445.0,0.15574893694899256
6906,425505.0,0.15592806625889094
6907,425565.0,0.15604792614019303
6908,425625.0,0.1559032692061746
6909,425685.0,0.15569608514214678
6910,425745.0,0.15552465114565905
6911,425805.0,0.1555047163097592
6912,425865.0,0.15572221501512384
6913,425925.0,0.1557285419094684
6914,425985.0,0.15576202410681933
6915,426045.0,0.15591271083374392
6916,426105.0,0.15593529620031554
6917,426165.0,0.1557262424777588
6918,426225.0,0.15540842888996714
6919,426285.0,0.15520014406809618
6920,426345.0,0.155163688933266
6921,426405.0,0.1568802165163648
6922,426465.0,0.1581605881382257
6923,426525.0,0.15958121017716204
6924,426585.0,0.16058384174365165
6925,426645.0,0.16070391554911756
6926,426705.0,0.16092547850428368
6927,426765.0,0.16130740901324492
6928,426825.0,0.16152582005751498
6929,426885.0,0.16158643149476026
6930,426945.0,0.16147211978226356
6931,427005.0,0.16105058256870836
6932,427065.0,0.16028211338856307
6933,427125.0,0.15963204628877414
6934,427185.0,0.15924774406793657
6935,427245.0,0.15910788582702612
6936,427305.0,0.16022742229837472
6937,427368.0,0.16190218992646938
6938,427425.0,0.1633066210795885
6939,427485.0,0.1645663822931009
6940,427545.0,0.16499617582321674
6941,427605.0,0.16562485830925544
6942,427665.0,0.16609205182094355
6943,427725.0,0.1663578981167791
6944,427785.0,0.16523612907796953
6945,427845.0,0.16405152330812028
6946,427905.0,0.16255895105161777
6947,427965.0,0.1613182071456149
6948,428025.0,0.16039914487759727
6949,428085.0,0.16026873924380314
6950,428145.0,0.15977062755136212
6951,428205.0,0.15915071967878058
6952,428265.0,0.15879772267831732
6953,428325.0,0.1585284083553548
6954,428385.0,0.15856905726805187
6955,428445.0,0.15896773321082047
6956,428505.0,0.15934474849072044
6957,428565.0,0.15965824104765347
6958,428625.0,0.15979095931272197
6959,428685.0,0.15843812558249704
6960,428745.0,0.1573106506487914
6961,428805.0,0.15585344622154906
6962,428865.0,0.1547391405616601
6963,428925.0,0.15458736430601988
6964,428985.0,0.15436607604291064
6965,429045.0,0.15418412609816973
6966,429105.0,0.15412578399806687
6967,429165.0,0.15412027031769693
6968,429225.0,0.15451994585718598
6969,429285.0,0.1548949377343713
6970,429345.0,0.15552012315964658
6971,429405.0,0.15574210068594735
6972,429465.0,0.1544920396015852
6973,429525.0,0.1540467305122049
6974,429585.0,0.15363245841317746
6975,429645.0,0.15397346250964583
6976,429705.0,0.15512219332190758
6977,429765.0,0.15603729202770888
6978,429825.0,0.1569740585148101
6979,429885.0,0.15706296484186993
6980,429945.0,0.15725993638533825
6981,430005.0,0.15757963603005581
6982,430065.0,0.15820682033681344
6983,430125.0,0.15878044392682933
6984,430185.0,0.15921901398439792
6985,430245.0,0.15943286140283852
6986,430305.0,0.15804057960458828
6987,430365.0,0.15619222296500096
6988,430425.0,0.15466683754923077
6989,430485.0,0.15572640358633139
6990,430545.0,0.15697302751564463
6991,430605.0,0.15832253209551106
6992,430665.0,0.15961144107193437
6993,430725.0,0.160779898694196
6994,430785.0,0.16192031088429903
6995,430845.0,0.16240692347796232
6996,430908.0,0.16287118669557005
6997,430965.0,0.16332018909553964
6998,431025.0,0.16241594507055623
6999,431085.0,0.161425623073931
7000,431145.0,0.16035152715218925
7001,431205.0,0.1593461475978165
7002,431265.0,0.15844131870149464
7003,431325.0,0.15827902389862109
7004,431385.0,0.15915837854079717
7005,431445.0,0.1598098386040217
7006,431505.0,0.16075778322768225
7007,431565.0,0.16151749373213437
7008,431625.0,0.16219327960511426
7009,431685.0,0.16341116173007098
7010,431745.0,0.16381562799350313
7011,431805.0,0.1642303322223857
7012,431865.0,0.16462719763043165
7013,431925.0,0.1645293882297435
7014,431985.0,0.16452616922527702
7015,432045.0,0.16451027602622498
7016,432105.0,0.16457971805046417
7017,432165.0,0.16463034021847223
7018,432225.0,0.16441696302880093
7019,432285.0,0.1640468314419356
7020,432345.0,0.163593461914589
7021,432405.0,0.16450638541030438
7022,432468.0,0.16574980923745847
7023,432525.0,0.1670370836533529
7024,432585.0,0.16848718567146276
7025,432645.0,0.16996585244476686
7026,432705.0,0.17003866169388238
7027,432765.0,0.16914537850589473
7028,432825.0,0.1682664879054992
7029,432885.0,0.16747598955050896
7030,432945.0,0.1675836814442035
7031,433005.0,0.16776374876673822
7032,433065.0,0.16799513636928237
7033,433125.0,0.16830904179534983
7034,433185.0,0.16862076256818087
7035,433245.0,0.16900739769613365
7036,433305.0,0.16963820362768756
7037,433365.0,0.17017592320443525
7038,433425.0,0.17058783722827092
7039,433485.0,0.16956501142531155
7040,433545.0,0.16874951564969026
7041,433605.0,0.1671864542266545
7042,433665.0,0.16614826914001474
7043,433725.0,0.16524703539607832
7044,433785.0,0.16541911730110231
7045,433845.0,0.16556182696798422
7046,433905.0,0.16567819584882526
7047,433965.0,0.1656083477370835
7048,434025.0,0.16569994242884972
7049,434085.0,0.16579948535433658
7050,434145.0,0.16634551895521232
7051,434205.0,0.16637573729723898
7052,434265.0,0.16649393688668196
7053,434325.0,0.16636900416176847
7054,434385.0,0.16696732104850176
7055,434445.0,0.16658025017070394
7056,434505.0,0.16662407927532302
7057,434565.0,0.1668043834028647
7058,434625.0,0.16783058181790056
7059,434685.0,0.1678069497875786
7060,434745.0,0.16780068593197017
7061,434805.0,0.1678382272605068
7062,434865.0,0.16778692145472157
7063,434925.0,0.167937440026521
7064,434985.0,0.1685709479168448
7065,435045.0,0.16871644395100793
7066,435105.0,0.16864982987654215
7067,435165.0,0.16846385637463418
7068,435225.0,0.16979035777778267
7069,435285.0,0.17087414239851045
7070,435345.0,0.17172570535724602
7071,435405.0,0.17253879635287434
7072,435465.0,0.17330308016189894
7073,435525.0,0.17317137181576048
7074,435585.0,0.17311215015397097
7075,435645.0,0.17318056298670076
7076,435705.0,0.1734416027895524
7077,435765.0,0.17390949366966102
7078,435825.0,0.1742768100124752
7079,435885.0,0.1743579306020958
7080,435945.0,0.17454332752351714
7081,436005.0,0.17587289699976366
7082,436065.0,0.17755372969332534
7083,436125.0,0.1785276729759689
7084,436185.0,0.17996485100117393
7085,436245.0,0.1812296771934087
7086,436305.0,0.1812594836408284
7087,436365.0,0.18134050242209648
7088,436425.0,0.18171310027899545
7089,436485.0,0.18220030110542518
7090,436545.0,0.1827431842681409
7091,436608.0,0.18294450788876104
7092,436665.0,0.1826525867565118
7093,436725.0,0.1822715068638125
7094,436785.0,0.18342347476359633
7095,436845.0,0.1841895214487418
7096,436905.0,0.1847084700645662
7097,436965.0,0.18606423912956405
7098,437025.0,0.1874607286044685
7099,437085.0,0.18877329289215894
7100,437145.0,0.18899780335775057
7101,437205.0,0.18772338980893066
7102,437265.0,0.18695841938942387
7103,437325.0,0.18594190544395628
7104,437385.0,0.18528097509235786
7105,437445.0,0.1851421366521882
7106,437505.0,0.18486324755735528
7107,437565.0,0.18441813495952297
7108,437625.0,0.18575481074200284
7109,437685.0,0.18695071550226994
7110,437745.0,0.18824110412340134
7111,437805.0,0.18965833168733814
7112,437865.0,0.19117270607537784
7113,437925.0,0.19163537791411622
7114,437988.0,0.19195484388717832
7115,438045.0,0.19216721975051426
7116,438105.0,0.1912597341789627
7117,438165.0,0.18994012007035255
7118,438225.0,0.18882829520498812
7119,438285.0,0.18755815440960766
7120,438345.0,0.18729559957305686
7121,438405.0,0.18806172117217113
7122,438465.0,0.1894390570504343
7123,438528.0,0.19014571034655153
7124,438585.0,0.1912542045998289
7125,438645.0,0.19242305912806024
7126,438705.0,0.19358611519629826
7127,438765.0,0.19382543117709444
7128,438825.0,0.1939553233866005
7129,438885.0,0.1943475631071192
7130,438945.0,0.19510412911923664
7131,439005.0,0.19584204981933212
7132,439065.0,0.19598279284575582
7133,439125.0,0.1958393233048571
7134,439185.0,0.1965646976047516
7135,439245.0,0.19751294313046802
7136,439305.0,0.1980399064275296
7137,439365.0,0.19903318642837514
7138,439425.0,0.19992114331405436
7139,439485.0,0.20087917243154207
7140,439545.0,0.20095424922644
7141,439605.0,0.20113098217715492
7142,439665.0,0.20128875098844567
7143,439725.0,0.201472940852099
7144,439785.0,0.2013191710253628
7145,439845.0,0.20119561496266375
7146,439905.0,0.20111173379870506
7147,439965.0,0.20233483314993767
7148,440025.0,0.2033432811091032
7149,440085.0,0.2050318347153398
7150,440145.0,0.2062576773511075
7151,440205.0,0.2063442812896205
7152,440265.0,0.2067960751834006
7153,440325.0,0.20594154095963135
7154,440385.0,0.20504775914420242
7155,440445.0,0.20343416545866988
7156,440505.0,0.20192380626143885
7157,440565.0,0.20199805128226828
7158,440625.0,0.2017191060243631
7159,440685.0,0.20294146232301602
7160,440745.0,0.20410593488866696
7161,440805.0,0.20404924228036925
7162,440865.0,0.20405103345286157
7163,440925.0,0.20413543991492789
7164,440985.0,0.20396024556635955
7165,441045.0,0.20358810106474384
7166,441105.0,0.2034329347172535
7167,441165.0,0.2047998376102565
7168,441225.0,0.20597211836909318
7169,441285.0,0.20632809655752793
7170,441345.0,0.20658110319867296
7171,441405.0,0.20541978274176437
7172,441465.0,0.20440628244169917
7173,441525.0,0.20344283487778264
7174,441585.0,0.20224619464435123
7175,441645.0,0.2018692335318672
7176,441705.0,0.2014134453198334
7177,441765.0,0.2022897851014862
7178,441825.0,0.20324964768392884
7179,441885.0,0.20410064715928145
7180,441945.0,0.20544698541893763
7181,442005.0,0.2066988928611876
7182,442065.0,0.20676409512965
7183,442125.0,0.2071372546866751
7184,442185.0,0.20657621311121654
7185,442245.0,0.20593252855057925
7186,442305.0,0.204812146047393
7187,442365.0,0.20371711616346988
7188,442425.0,0.20267233654632827
7189,442485.0,0.20171471175506328
7190,442545.0,0.20199907856658017
7191,442605.0,0.20217660382169877
7192,442665.0,0.20223646227769526
7193,442725.0,0.20242498256658253
7194,442785.0,0.20245561954387575
7195,442848.0,0.2021755012381195
7196,442905.0,0.2019342779644805
7197,442965.0,0.20182454102832847
7198,443025.0,0.20193890871477743
7199,443085.0,0.20265435060635761
7200,443145.0,0.2034355661792
7201,443205.0,0.20261939782896787
7202,443265.0,0.20177263927506545
7203,443325.0,0.20067962532619232
7204,443385.0,0.1995099276354793
7205,443445.0,0.19820977822181512
7206,443505.0,0.19697341147409664
7207,443565.0,0.1967817315115677
7208,443625.0,0.19662911305021452
7209,443685.0,0.19645802443641674
7210,443745.0,0.19677635501133806
7211,443805.0,0.19686827976270982
7212,443865.0,0.19679711761428614
7213,443925.0,0.19670397971947345
7214,443985.0,0.19665379669406663
7215,444045.0,0.19663931574086335
7216,444105.0,0.19634853027372956
7217,444165.0,0.19606557220899834
7218,444225.0,0.19583410103094495
7219,444285.0,0.19563180851728668
7220,444345.0,0.19573903197401082
7221,444405.0,0.19598150877307563
7222,444465.0,0.1959932358534393
7223,444525.0,0.19602264640428302
7224,444585.0,0.19601197134032705
7225,444645.0,0.196106099451555
7226,444705.0,0.19612829747791344
7227,444765.0,0.1961236373178415
7228,444825.0,0.19604016372781286
7229,444885.0,0.19582561679766491
7230,444945.0,0.19557372162407383
7231,445005.0,0.1958087169185898
7232,445065.0,0.19605748949729146
7233,445128.0,0.19625834235413037
7234,445185.0,0.19462066052489851
7235,445245.0,0.1936396420275387
7236,445305.0,0.19257962306993792
7237,445365.0,0.19152287889409586
7238,445425.0,0.19070735359815522
7239,445485.0,0.19085359716418931
7240,445545.0,0.19100471617592585
7241,445605.0,0.19102000301921968
7242,445668.0,0.1909928676896573
7243,445725.0,0.19095151176835712
7244,445785.0,0.1907176583183337
7245,445845.0,0.1910223337016967
7246,445905.0,0.19142630842862718
7247,445965.0,0.1919196362682548
7248,446025.0,0.19089857382269249
7249,446085.0,0.19014191488230126
7250,446145.0,0.1892329535656091
7251,446205.0,0.18828013657318993
7252,446265.0,0.18740449356889555
7253,446325.0,0.18752685346187276
7254,446385.0,0.1876234878748298
7255,446445.0,0.1876631417917708
7256,446505.0,0.18762051194168972
7257,446565.0,0.18743444475412924
7258,446625.0,0.1874363401260739
7259,446685.0,0.18783757742253554
7260,446745.0,0.18820060483252693
7261,446805.0,0.18748599832312335
7262,446865.0,0.18641920913288873
7263,446925.0,0.185993162104916
7264,446985.0,0.18494934375301775
7265,447045.0,0.18381457577668753
7266,447105.0,0.1836858934501664
7267,447165.0,0.18351711510393814
7268,447225.0,0.18326661266759064
7269,447285.0,0.18291594889032636
7270,447345.0,0.1825278223386706
7271,447405.0,0.18232446518306067
7272,447465.0,0.18245644455778454
7273,447525.0,0.182639460978468
7274,447585.0,0.18125723875098337
7275,447645.0,0.18055172057091778
7276,447705.0,0.1801570561844581
7277,447765.0,0.17903739340676172
7278,447825.0,0.17795316090622015
7279,447885.0,0.17671443454737723
7280,447945.0,0.17645553630169603
7281,448005.0,0.1762446115508911
7282,448065.0,0.1761367231304693
7283,448125.0,0.17613885818901304
7284,448185.0,0.17582500175622784
7285,448245.0,0.17580244040142734
7286,448305.0,0.1758145054648696
7287,448365.0,0.17592998014124223
7288,448425.0,0.17458249861471448
7289,448485.0,0.1737291665866592
7290,448545.0,0.17284637605043046
7291,448605.0,0.1718311187494731
7292,448665.0,0.17094612055235903
7293,448725.0,0.1710356160493639
7294,448785.0,0.17090790964759167
7295,448845.0,0.1704971698625216
7296,448905.0,0.1700206306758658
7297,448965.0,0.16950554799081713
7298,449025.0,0.16921568792071268
7299,449085.0,0.16947162995441617
7300,449145.0,0.16974283798332424
7301,449205.0,0.16877154621950174
7302,449265.0,0.16758905960016762
7303,449325.0,0.1670353147446721
7304,449385.0,0.16624560500812746
7305,449445.0,0.16490428755694475
7306,449505.0,0.1635982687169365
7307,449565.0,0.1634027653519794
7308,449625.0,0.1633395561742454
7309,449685.0,0.16333895279690447
7310,449745.0,0.16341354411048165
7311,449805.0,0.1635577880737023
7312,449865.0,0.16384902621949532
7313,449925.0,0.16412434288483435
7314,449985.0,0.16453552903653096
7315,450045.0,0.16489325668388682
7316,450105.0,0.16503667212835227
7317,450165.0,0.16380364123165658
7318,450225.0,0.16268406951099684
7319,450288.0,0.16165800582124973
7320,450345.0,0.16158094713303273
7321,450405.0,0.1614985206431605
7322,450465.0,0.1615228763223852
7323,450525.0,0.16154753432172292
7324,450585.0,0.1619218990457354
7325,450645.0,0.16227640906301
7326,450705.0,0.1625821373157213
7327,450765.0,0.1615261237959708
7328,450825.0,0.16050429961831947
7329,450885.0,0.1588748653737201
7330,450945.0,0.15740779336357708
7331,451005.0,0.1572493858850284
7332,451065.0,0.15706404954794595
7333,451125.0,0.15676367561133175
7334,451185.0,0.1568619555093772
7335,451245.0,0.1571782535568827
7336,451308.0,0.15767626767672877
7337,451365.0,0.156796154307705
7338,451425.0,0.15619804936718984
7339,451485.0,0.1550825114117615
7340,451545.0,0.15394894985508362
7341,451605.0,0.15398779281649916
7342,451668.0,0.15387838918771196
7343,451725.0,0.15357377850507065
7344,451785.0,0.15355937322308666
7345,451845.0,0.15371041110615302
7346,451905.0,0.15406841471456123
7347,451965.0,0.15296962188732743
7348,452025.0,0.1521581998825352
7349,452085.0,0.1507441353553844
7350,452145.0,0.1491906402540224
7351,452205.0,0.1490376838398882
7352,452265.0,0.14876663881120383
7353,452325.0,0.14864092073092633
7354,452385.0,0.14879656745325426
7355,452445.0,0.14904675302717896
7356,452505.0,0.1493387698825887
7357,452565.0,0.14824365136870743
7358,452625.0,0.14706369055222518
7359,452685.0,0.1459363237743721
7360,452745.0,0.14432421815877366
7361,452805.0,0.14302834357776367
7362,452865.0,0.14289051777637163
7363,452925.0,0.14265696312540588
7364,452985.0,0.1422417744855316
7365,453045.0,0.14210956219555632
7366,453105.0,0.1420811960740755
7367,453165.0,0.14210224710674269
7368,453228.0,0.14214666259163766
7369,453285.0,0.14209890833480354
7370,453345.0,0.14166761188353993
7371,453405.0,0.1413123310835101
7372,453465.0,0.14099663206301583
7373,453525.0,0.14059438211449482
7374,453585.0,0.14036083091752294
7375,453645.0,0.14041997141068258
7376,453705.0,0.1405223119695675
7377,453765.0,0.1405588588508036
7378,453825.0,0.14061892204294735
7379,453885.0,0.14014899933901004
7380,453945.0,0.13968406962297214
7381,454005.0,0.13942009380750015
7382,454065.0,0.13916944364289074
7383,454125.0,0.1389727447215799
7384,454185.0,0.1387556625361402
7385,454245.0,0.13886612135950055
7386,454305.0,0.13895052447500827
7387,454365.0,0.1390327805154305
7388,454425.0,0.1390322319579701
7389,454485.0,0.13900753971889973
7390,454545.0,0.1384446119206505
7391,454605.0,0.1380674554828819
7392,454665.0,0.13782263899451824
7393,454725.0,0.1375474930083596
7394,454785.0,0.13730926972047458
7395,454845.0,0.13705520419728046
7396,454905.0,0.137138132625173
7397,454965.0,0.13702328426117072
7398,455025.0,0.13694856761805108
7399,455085.0,0.13683534704824152
7400,455145.0,0.13637140399770004
7401,455205.0,0.1357763098582755
7402,455265.0,0.13540421591294288
7403,455325.0,0.13505493149155168
7404,455385.0,0.1347428810107671
7405,455445.0,0.1343385055653823
7406,455505.0,0.13395151251064602
7407,455565.0,0.1337215843225512
7408,455625.0,0.13343052285403492
7409,455685.0,0.1332625187265298
7410,455745.0,0.13314109053632525
7411,455805.0,0.13299714873518798
7412,455865.0,0.13279287389472705
7413,455925.0,0.13261247574917945
7414,455985.0,0.13241682406257216
7415,456045.0,0.1320671329422743
7416,456105.0,0.13164282131093002
7417,456165.0,0.13127235659701944
7418,456225.0,0.13080770292158453
7419,456285.0,0.13037907194883322
7420,456345.0,0.12989716773390098
7421,456405.0,0.12948794177354953
7422,456465.0,0.12911803986661474
7423,456525.0,0.12869336304486445
7424,456585.0,0.128331538813488
7425,456645.0,0.1279173773439435
7426,456705.0,0.12755641643636756
7427,456765.0,0.1271683519244811
7428,456825.0,0.1268377144039613
7429,456885.0,0.126442376734133
7430,456945.0,0.12623785709087149
7431,457005.0,0.12585889066345274
7432,457065.0,0.12544247745326592
7433,457125.0,0.12499674659090379
7434,457185.0,0.12457680559381518
7435,457245.0,0.12413250043990628
7436,457305.0,0.12367636811564078
7437,457365.0,0.12323659109165316
7438,457425.0,0.12270683922850584
7439,457485.0,0.12218174730790068
7440,457545.0,0.12172898051314279
7441,457605.0,0.12128138545111833
7442,457665.0,0.12080076004908352
7443,457725.0,0.12035485189673056
7444,457785.0,0.12003569734540756
7445,457845.0,0.11987729161166213
7446,457905.0,0.1197369283629515
7447,457965.0,0.11956787141058958
7448,458025.0,0.11932431351914488
7449,458085.0,0.1190828635584644
7450,458145.0,0.11883276986930602
7451,458205.0,0.11862814876984443
7452,458265.0,0.11847623230825102
7453,458325.0,0.11842080494934332
7454,458385.0,0.11843755464859723
7455,458445.0,0.11806698020959189
7456,458505.0,0.11771249941225237
7457,458565.0,0.1176396904642037
7458,458625.0,0.11751663184567215
7459,458685.0,0.11748736366837156
7460,458745.0,0.11741428269342849
7461,458805.0,0.11725150117935201
7462,458865.0,0.11688924619848301
7463,458925.0,0.11637771543872014
7464,458985.0,0.11598925447944453
7465,459045.0,0.11575142397101965
7466,459105.0,0.11563759864229528
7467,459165.0,0.11549535164142782
7468,459225.0,0.1152500280209117
7469,459285.0,0.11478587987280284
7470,459345.0,0.11434107326057133
7471,459405.0,0.11394592338096474
7472,459465.0,0.11348993304356844
7473,459525.0,0.11299180906871972
7474,459585.0,0.11267604906448636
7475,459645.0,0.11254959422061708
7476,459705.0,0.11241367565243354
7477,459765.0,0.11221682064379948
7478,459825.0,0.11195436853494231
7479,459885.0,0.11157079265137945
7480,459945.0,0.11129877550142206
7481,460005.0,0.11124926158976461
7482,460065.0,0.1108482523726001
7483,460125.0,0.11051437686386292
7484,460185.0,0.11001869018931068
7485,460245.0,0.1100872271945669
7486,460305.0,0.11008915889066434
7487,460365.0,0.11003444592723707
7488,460425.0,0.10986365122009853
7489,460488.0,0.10954288679760224
7490,460545.0,0.10909525009482346
7491,460605.0,0.10858211833996911
7492,460665.0,0.10822715210182757
7493,460725.0,0.10799693186220316
7494,460785.0,0.10665574314942058
7495,460845.0,0.10509158299376564
7496,460905.0,0.10411605239255314
7497,460965.0,0.10396345026225473
7498,461025.0,0.1037589032874244
7499,461085.0,0.10345684026132423
7500,461145.0,0.10312373110947445
7501,461205.0,0.10273631765019459
7502,461265.0,0.10230981108582413
7503,461325.0,0.10189934492231248
7504,461385.0,0.10151590853364886
7505,461445.0,0.10116198226634446
7506,461508.0,0.10079883238459011
7507,461565.0,0.10043708772929039
7508,461625.0,0.10013285907206235
7509,461685.0,0.0997869506147484
7510,461745.0,0.09943054525003206
7511,461805.0,0.0990553102342494
7512,461865.0,0.09864520142085709
7513,461925.0,0.09820177443870537
7514,461985.0,0.09768066896182326
7515,462045.0,0.09717661172457687
7516,462105.0,0.0965923780917669
7517,462165.0,0.09601250829994676
7518,462225.0,0.09547560492432122
7519,462285.0,0.0950369707797746
7520,462345.0,0.09469255952828426
7521,462405.0,0.09440999857314389
7522,462465.0,0.09419843567534364
7523,462525.0,0.09402432861687937
7524,462585.0,0.09387996931551576
7525,462645.0,0.09380554648021061
7526,462705.0,0.09374448470836522
7527,462768.0,0.09367293505858693
7528,462825.0,0.09356579449627456
7529,462885.0,0.09341785848658923
7530,462945.0,0.09324923990517742
7531,463005.0,0.09300204561874698
7532,463065.0,0.09277789401254699
7533,463125.0,0.0924895011083168
7534,463185.0,0.09215313073699552
7535,463245.0,0.09181881149885499
7536,463308.0,0.09149602165030549
7537,463365.0,0.09124951473832094
7538,463425.0,0.09108625742542065
7539,463485.0,0.09093874352426673
