,time,m4
0,4244445.0,0.04996164738906606
1,4244505.0,0.0499203517401025
2,4244565.0,0.04987601842269108
3,4244625.0,0.04983018611127997
4,4244685.0,0.04978487727167974
5,4244745.0,0.04976247939327822
6,4244805.0,0.049746058329493935
7,4244865.0,0.049733260276538745
8,4244925.0,0.0496992014124198
9,4244985.0,0.04965887226409155
10,4245045.0,0.04961035267007669
11,4245105.0,0.04957823008258386
12,4245165.0,0.049556266053944246
13,4245225.0,0.049539716982952654
14,4245285.0,0.049528530185294704
15,4245345.0,0.04941142227496669
16,4245405.0,0.049294504881235324
17,4245465.0,0.04926953366951516
18,4245525.0,0.049240612151036006
19,4245585.0,0.04922397798538367
20,4245645.0,0.04920354647831678
21,4245705.0,0.049185967978054905
22,4245765.0,0.04916583751252163
23,4245825.0,0.04909181525020811
24,4245888.0,0.04906898260060311
25,4245945.0,0.049044766609384095
26,4246005.0,0.049002266298608176
27,4246065.0,0.04897266226102554
28,4246125.0,0.0489444494497912
29,4246185.0,0.04892142788400721
30,4246245.0,0.048897257501413195
31,4246308.0,0.04887339639859859
32,4246365.0,0.048852002960665615
33,4246425.0,0.048830070345716355
34,4246485.0,0.04881558999409017
35,4246545.0,0.04880790372875992
36,4246605.0,0.04880665705341276
37,4246665.0,0.04873560420381145
38,4246725.0,0.04866553006596513
39,4246785.0,0.04859678853517196
40,4246845.0,0.048525957531727344
41,4246905.0,0.04852893483294545
42,4246965.0,0.04853018442934697
43,4247025.0,0.04853219462197526
44,4247085.0,0.048530323724115296
45,4247145.0,0.048529806719085355
46,4247205.0,0.048527645803833196
47,4247265.0,0.04852806609314524
48,4247325.0,0.048526587628563045
49,4247385.0,0.04845234701850101
50,4247445.0,0.04845002195979506
51,4247505.0,0.04844606026803184
52,4247565.0,0.048699422184543574
53,4247625.0,0.04877276073884904
54,4247685.0,0.04884704196554463
55,4247745.0,0.04892065635869781
56,4247805.0,0.04899317408317002
57,4247865.0,0.04906588883193596
58,4247925.0,0.049140787162912335
59,4247985.0,0.04921828479692648
60,4248045.0,0.049296730454231545
61,4248105.0,0.049375515167928714
62,4248165.0,0.049378475612423
63,4248225.0,0.04938248251364428
64,4248285.0,0.04938374271396976
65,4248345.0,0.04946219348722276
66,4248405.0,0.049540703810406865
67,4248465.0,0.049540330531305944
68,4248525.0,0.04953909432909493
69,4248585.0,0.04954028728506905
70,4248645.0,0.04953806563659987
71,4248705.0,0.049535257281732935
72,4248765.0,0.049532304618082855
73,4248825.0,0.04952988898881034
74,4248885.0,0.04952630976614148
75,4248945.0,0.0495243874885943
76,4249005.0,0.0495249833816877
77,4249065.0,0.049523998545785076
78,4249125.0,0.04952194749455758
79,4249185.0,0.04960006926728721
80,4249245.0,0.049677797605829986
81,4249305.0,0.04975650013684147
82,4249365.0,0.04983851146778819
83,4249425.0,0.04992054682222118
84,4249485.0,0.04992687194248225
85,4249545.0,0.049930569186208244
86,4249605.0,0.04993562093470313
87,4249665.0,0.049940794455513644
88,4249725.0,0.049945585892226176
89,4249785.0,0.049949754114745205
90,4249845.0,0.049952824289461246
91,4249905.0,0.04987912383668138
92,4249965.0,0.049802859617408844
93,4250025.0,0.04972418612484072
94,4250085.0,0.04971647856051343
95,4250148.0,0.04971621917156146
96,4250205.0,0.04971780189806808
97,4250265.0,0.049719324302671876
98,4250325.0,0.04972016603584766
99,4250385.0,0.0497172988215245
100,4250445.0,0.04972049433402454
101,4250505.0,0.0497240840698125
102,4250565.0,0.04972764649753431
103,4250625.0,0.049732582153688094
104,4250685.0,0.04974263017498148
105,4250745.0,0.04975747511574052
106,4250805.0,0.04977344414798771
107,4250865.0,0.049785608757126905
108,4250925.0,0.0497192688419655
109,4250985.0,0.049650256954610124
110,4251045.0,0.04957919825686349
111,4251105.0,0.049579676989507986
112,4251165.0,0.04958153446697818
113,4251225.0,0.049584448888346976
114,4251285.0,0.04958731994360414
115,4251345.0,0.04958466482570597
116,4251405.0,0.04958151426291665
117,4251465.0,0.04957507308132764
118,4251525.0,0.04950132710012923
119,4251585.0,0.04942464500462231
120,4251645.0,0.04933775539540502
121,4251705.0,0.049323327044042554
122,4251765.0,0.04929892516924087
123,4251825.0,0.04927160421392952
124,4251885.0,0.04924112915276282
125,4251945.0,0.04921690121838592
126,4252005.0,0.04919305369320701
127,4252065.0,0.04917201342125143
128,4252125.0,0.04915532298062222
129,4252185.0,0.04914110032423937
130,4252245.0,0.04912882495923481
131,4252308.0,0.04911887767983509
132,4252371.0,0.04911832717428851
133,4252425.0,0.04912013826822335
134,4252485.0,0.049123720976270165
135,4252545.0,0.04913019295019066
136,4252605.0,0.04918267519488586
137,4252665.0,0.04927159695761781
138,4252725.0,0.049283408257516766
139,4252785.0,0.04928944189411954
140,4252845.0,0.04929149701917893
141,4252905.0,0.04936824246197236
142,4252965.0,0.049446617657800666
143,4253025.0,0.04951824044752106
144,4253085.0,0.04958915026969433
145,4253145.0,0.049582265425381515
146,4253205.0,0.0495761884129254
147,4253265.0,0.04957234067845801
148,4253325.0,0.049567519931544714
149,4253385.0,0.049636759941040116
150,4253445.0,0.04962843815762585
151,4253505.0,0.049620652205494546
152,4253565.0,0.04961000137939937
153,4253625.0,0.049676518133927906
154,4253685.0,0.04974665257583893
155,4253745.0,0.04981573858058922
156,4253805.0,0.04988663120051751
157,4253865.0,0.049957865308321074
158,4253925.0,0.05003171746933157
159,4253985.0,0.0501039546659043
160,4254045.0,0.050177143506689385
161,4254105.0,0.05025354879515744
162,4254165.0,0.05033428561566843
163,4254225.0,0.05042059857983453
164,4254285.0,0.05050201648958203
165,4254345.0,0.050582069348930704
166,4254405.0,0.050597677713648266
167,4254465.0,0.05061381967507112
168,4254525.0,0.05062529732639485
169,4254585.0,0.05062909587296476
170,4254645.0,0.05063587749231164
171,4254705.0,0.050637364766755254
172,4254765.0,0.050638729785593216
173,4254825.0,0.050639803671757126
174,4254885.0,0.05064069244845167
175,4254945.0,0.050642892966915036
176,4255005.0,0.050648701067837136
177,4255065.0,0.05057810042332867
178,4255125.0,0.05050749289286472
179,4255185.0,0.050434781566560706
180,4255245.0,0.05036024738447902
181,4255305.0,0.050287088402735124
182,4255365.0,0.05021063789427151
183,4255425.0,0.05013514392231918
184,4255485.0,0.05005866508777263
185,4255545.0,0.049983049054248115
186,4255605.0,0.049908802389089284
187,4255665.0,0.0498349285022193
188,4255725.0,0.04976063182721615
189,4255785.0,0.04968414414268316
190,4255845.0,0.04960835408670664
191,4255905.0,0.04953114304625108
192,4255965.0,0.04945608394101767
193,4256025.0,0.049379963385691096
194,4256085.0,0.04930146706278416
195,4256145.0,0.04930777247374111
196,4256205.0,0.049307599288681815
197,4256265.0,0.04931003567684009
198,4256325.0,0.04931412738715541
199,4256385.0,0.04931781457021476
200,4256445.0,0.0493228597546781
201,4256505.0,0.04932653068885821
202,4256565.0,0.04933212877471369
203,4256625.0,0.049315087870722564
204,4256685.0,0.04924479803818608
205,4256745.0,0.049174282022145945
206,4256805.0,0.0491003789427772
207,4256865.0,0.04910016833532426
208,4256925.0,0.04910057000692763
209,4256985.0,0.049099979688366484
210,4257045.0,0.04910769472182488
211,4257105.0,0.04903211883384846
212,4257165.0,0.048863762129003396
213,4257225.0,0.04869035474366363
214,4257285.0,0.048526306658236755
215,4257345.0,0.04836812569114194
216,4257405.0,0.048212148905922285
217,4257465.0,0.048057224800286846
218,4257525.0,0.04790229307472692
219,4257585.0,0.04774232560566649
220,4257645.0,0.04757718196571801
221,4257705.0,0.04740913806504917
222,4257765.0,0.04723779526041665
223,4257825.0,0.04706384284674294
224,4257885.0,0.046895504221231815
225,4257945.0,0.04673257576006322
226,4258005.0,0.04657713875325219
227,4258065.0,0.046420771481478135
228,4258125.0,0.04626569474832005
229,4258185.0,0.04611018913846505
230,4258245.0,0.04588055215559946
231,4258305.0,0.04571460637999919
232,4258365.0,0.045558291335264345
233,4258425.0,0.045331139214862516
234,4258485.0,0.04510370494052979
235,4258545.0,0.04487425888893885
236,4258605.0,0.04464244567235328
237,4258665.0,0.04441099685918554
238,4258725.0,0.0441783351143899
239,4258785.0,0.04394431417589542
240,4258845.0,0.04371559158503157
241,4258905.0,0.0434845826465814
242,4258965.0,0.04325105961522129
243,4259025.0,0.04301754261713423
244,4259085.0,0.04278588882606812
245,4259145.0,0.04255282430724186
246,4259205.0,0.04238908739612005
247,4259265.0,0.04230604967578729
248,4259325.0,0.04215129683575398
249,4259385.0,0.04199534905663497
250,4259445.0,0.04184138524056999
251,4259505.0,0.04168892947001209
252,4259565.0,0.04153851656721037
253,4259625.0,0.041388336778854784
254,4259685.0,0.04123737480874373
255,4259745.0,0.04108410769993267
256,4259805.0,0.040928325682677714
257,4259865.0,0.040769895133772306
258,4259925.0,0.04060794165243373
259,4259985.0,0.04036457843680488
260,4260045.0,0.040114668580062664
261,4260105.0,0.03986058466532328
262,4260165.0,0.039603544248445866
263,4260225.0,0.03934362004756939
264,4260285.0,0.039160194373982674
265,4260345.0,0.03897945694258972
266,4260405.0,0.03879984262143147
267,4260465.0,0.038622389092168447
268,4260525.0,0.03844592171451967
269,4260585.0,0.03827307084914034
270,4260645.0,0.03810151657974526
271,4260705.0,0.037926701954096996
272,4260765.0,0.037739288000404124
273,4260825.0,0.03754687656838102
274,4260885.0,0.03734462198160112
275,4260945.0,0.03713149705195848
276,4261005.0,0.03690462112174301
277,4261065.0,0.03666400319441148
278,4261125.0,0.03642479759583246
279,4261185.0,0.036186896342237554
280,4261245.0,0.03587608988427131
281,4261305.0,0.03556567528074355
282,4261365.0,0.035363196190896895
283,4261425.0,0.03513176818853616
284,4261485.0,0.0348909802857258
285,4261548.0,0.034578074805564775
286,4261605.0,0.034268882859074624
287,4261665.0,0.034082763097926086
288,4261725.0,0.03388490727531034
289,4261785.0,0.03367883278744814
290,4261845.0,0.03346974714846833
291,4261905.0,0.033259730268271115
292,4261965.0,0.03305091210407427
293,4262025.0,0.03284100231070321
294,4262085.0,0.032624158323890345
295,4262145.0,0.03239970117254836
296,4262205.0,0.0321657558301145
297,4262265.0,0.03193714430037773
298,4262325.0,0.03170741957030219
299,4262385.0,0.03147996904464338
300,4262445.0,0.0312532796426483
301,4262505.0,0.03102451003963646
302,4262565.0,0.03079834083742166
303,4262625.0,0.03057147680847453
304,4262685.0,0.03034827214597683
305,4262745.0,0.030151779136425902
306,4262805.0,0.02997370746553609
307,4262865.0,0.029800222138884384
308,4262925.0,0.02962698961400822
309,4262985.0,0.029460381182331637
310,4263045.0,0.02930866171688898
311,4263105.0,0.029169870447885264
312,4263165.0,0.029017877905664242
313,4263225.0,0.02893329209284015
314,4263285.0,0.028845770983242834
315,4263345.0,0.028756899811397535
316,4263405.0,0.028459708261675563
317,4263465.0,0.028232016902393693
318,4263525.0,0.028005318324860418
319,4263585.0,0.02785446812264262
320,4263645.0,0.02770968599147893
321,4263705.0,0.027575015764130795
322,4263765.0,0.027441965343457664
323,4263825.0,0.02731197919066153
324,4263885.0,0.027183578212710224
325,4263945.0,0.02713321785087615
326,4264005.0,0.027083869379263922
327,4264065.0,0.02703342981080644
328,4264125.0,0.02698284757604797
329,4264185.0,0.026854400633729895
330,4264245.0,0.026722018772607083
331,4264305.0,0.026569016544868894
332,4264365.0,0.02641563890477941
333,4264425.0,0.026263209227308792
334,4264485.0,0.02610912270628714
335,4264545.0,0.025955282345126007
336,4264605.0,0.025726558534499913
337,4264665.0,0.02549736913009771
338,4264725.0,0.02534111602654289
339,4264785.0,0.025183098176750664
340,4264845.0,0.025025823324121343
341,4264905.0,0.02486674294462455
342,4264965.0,0.024634781865695426
343,4265025.0,0.02440447290126429
344,4265085.0,0.02417361740740072
345,4265145.0,0.023974690358965843
346,4265205.0,0.023889925107825866
347,4265265.0,0.023804398158392366
348,4265325.0,0.023722849838309863
349,4265385.0,0.023641749629917504
350,4265445.0,0.023488838813023334
351,4265505.0,0.023336072601147458
352,4265565.0,0.02318338578937007
353,4265625.0,0.023104597682419473
354,4265685.0,0.023023593474302842
355,4265745.0,0.022947911533978495
356,4265805.0,0.02288153689673421
357,4265865.0,0.02282331101184195
358,4265925.0,0.022770636644288314
359,4265985.0,0.022719356515769826
360,4266045.0,0.02266764796551203
361,4266105.0,0.022616770035714447
362,4266165.0,0.02256971029442336
363,4266225.0,0.022523287406682253
364,4266285.0,0.022479006277144838
365,4266345.0,0.0224383759410021
366,4266405.0,0.02239786546464631
367,4266465.0,0.02235936382120271
368,4266525.0,0.022322643326550262
369,4266585.0,0.022282330159358772
370,4266645.0,0.02223941301161543
371,4266705.0,0.022186364465716132
372,4266765.0,0.022114188580575893
373,4266825.0,0.02203243554957509
374,4266885.0,0.021950579298484256
375,4266945.0,0.021867481083510984
376,4267005.0,0.02178714572820089
377,4267065.0,0.021633173267072016
378,4267125.0,0.02147848940454323
379,4267185.0,0.021324896998079268
380,4267245.0,0.02124082610196828
381,4267305.0,0.021159090520334822
382,4267365.0,0.021077836171108817
383,4267425.0,0.020994117028136895
384,4267485.0,0.020911084354963944
385,4267545.0,0.020829107512816032
386,4267605.0,0.020748086937587347
387,4267665.0,0.0206685518919568
388,4267725.0,0.0205893366649507
389,4267785.0,0.020436249753475286
390,4267845.0,0.02027679471438552
391,4267905.0,0.020201010143129843
392,4267965.0,0.020288683318904682
393,4268025.0,0.02038175032995347
394,4268085.0,0.020438676003359038
395,4268145.0,0.020444842639817967
396,4268205.0,0.020447676978792184
397,4268265.0,0.020450279705731024
398,4268325.0,0.020451579330079038
399,4268385.0,0.020457339247408383
400,4268445.0,0.020468191860509813
401,4268505.0,0.020551804012400095
402,4268565.0,0.02063999112042158
403,4268625.0,0.020658901142881818
404,4268685.0,0.020673199445455488
405,4268745.0,0.02068213696525869
406,4268805.0,0.02068500569701722
407,4268865.0,0.020687731005807092
408,4268925.0,0.02069200287680921
409,4268985.0,0.0207717474244219
410,4269045.0,0.020849906440917984
411,4269105.0,0.02086196629697311
412,4269165.0,0.020871358489452672
413,4269225.0,0.020947234208728606
414,4269285.0,0.02102455984577349
415,4269345.0,0.021109212195213292
416,4269405.0,0.021197331157709255
417,4269465.0,0.02128519455106366
418,4269525.0,0.02137589330895115
419,4269585.0,0.02145844678359339
420,4269645.0,0.021532924955481855
421,4269705.0,0.021611032112040705
422,4269765.0,0.02169154054356432
423,4269825.0,0.0216968774246001
424,4269885.0,0.021702011202660187
425,4269945.0,0.02170741857747946
426,4270005.0,0.02164279977143896
427,4270065.0,0.02157425950799495
428,4270125.0,0.02157710835194413
429,4270185.0,0.021651469048276764
430,4270245.0,0.021724586874897027
431,4270305.0,0.021795553083315454
432,4270365.0,0.02179268287229437
433,4270425.0,0.021790308799138403
434,4270485.0,0.021789587116246574
435,4270545.0,0.021791296871860745
436,4270605.0,0.021864699001661936
437,4270665.0,0.02194278213768449
438,4270725.0,0.022026851647720516
439,4270785.0,0.022041914040473322
440,4270845.0,0.02206241376402185
441,4270905.0,0.02208721924205627
442,4270965.0,0.02211304445445649
443,4271025.0,0.022140940455641862
444,4271085.0,0.022240360041048214
445,4271145.0,0.022338924355298335
446,4271205.0,0.022436657016532857
447,4271265.0,0.02246089626633055
448,4271325.0,0.022483206455943587
449,4271385.0,0.022501852269970077
450,4271445.0,0.022519549384316724
451,4271505.0,0.022541395440145967
452,4271565.0,0.022575156875415288
453,4271625.0,0.022614145154346912
454,4271685.0,0.02266135503356595
455,4271745.0,0.022718964815630613
456,4271805.0,0.022790235474089655
457,4271865.0,0.022876275288585442
458,4271925.0,0.022961074328351046
459,4271985.0,0.023046466481102236
460,4272045.0,0.02320411725126189
461,4272105.0,0.02336190280118388
462,4272165.0,0.023410969928355757
463,4272225.0,0.023488969531804592
464,4272285.0,0.023575290190458918
465,4272345.0,0.02373333199420901
466,4272405.0,0.0238790556857758
467,4272465.0,0.02390508541874207
468,4272525.0,0.023938966241327596
469,4272585.0,0.023978421049776093
470,4272645.0,0.024020870952790173
471,4272705.0,0.024063743368351827
472,4272765.0,0.024106199469408576
473,4272825.0,0.024148337097052316
474,4272885.0,0.024197192792955957
475,4272945.0,0.02426051326118385
476,4273005.0,0.024329659575056423
477,4273065.0,0.02440321108670148
478,4273125.0,0.024476119635310906
479,4273185.0,0.02454949581348812
480,4273245.0,0.02462072204506175
481,4273305.0,0.024691524234946638
482,4273365.0,0.02476333809050306
483,4273425.0,0.024832868012749428
484,4273485.0,0.02489770563835947
485,4273545.0,0.024931978120266013
486,4273605.0,0.024951245464537093
487,4273665.0,0.024966556392647776
488,4273725.0,0.02497953429725141
489,4273785.0,0.024988245237631886
490,4273845.0,0.02498375426046278
491,4273905.0,0.024971171134927972
492,4273965.0,0.02497376414768738
493,4274025.0,0.02490630118494347
494,4274085.0,0.024914391268060616
495,4274145.0,0.024923822704508845
496,4274205.0,0.025096209212594846
497,4274265.0,0.025168778842712437
498,4274325.0,0.02523870274464709
499,4274385.0,0.025230422166698296
500,4274445.0,0.02521600856902681
501,4274505.0,0.025189836917486164
502,4274565.0,0.025163875788500822
503,4274625.0,0.025135578139330074
504,4274685.0,0.02510685625025049
505,4274745.0,0.025076372263523404
506,4274805.0,0.025045883377147492
507,4274865.0,0.024942208727382925
508,4274925.0,0.024840167890672928
509,4274985.0,0.024742020315341284
510,4275045.0,0.024648718053591007
511,4275105.0,0.024646174704275062
512,4275165.0,0.02464520006212706
513,4275225.0,0.024643329075683944
514,4275285.0,0.02456750227278367
515,4275345.0,0.0244922496077878
516,4275405.0,0.024490161441520164
517,4275465.0,0.024562763619188917
518,4275525.0,0.024561249585435402
519,4275585.0,0.024562715548333454
520,4275645.0,0.02456325125755434
521,4275705.0,0.024491740218687726
522,4275765.0,0.024491102402227467
523,4275828.0,0.02448999153096628
524,4275885.0,0.02456318640593405
525,4275945.0,0.024603625152901612
526,4276005.0,0.024606096845131986
527,4276065.0,0.024610184357413335
528,4276125.0,0.02453852865113526
529,4276185.0,0.024464755151579524
530,4276245.0,0.02446278585662852
531,4276305.0,0.02446175977103455
532,4276365.0,0.024460441400628266
533,4276425.0,0.02438499802231068
534,4276485.0,0.024312622260888414
535,4276545.0,0.024235008608250175
536,4276605.0,0.024145456122748078
537,4276665.0,0.02404956939905708
538,4276725.0,0.023949139218630226
539,4276785.0,0.02384643611848434
540,4276845.0,0.02374479054285656
541,4276905.0,0.023642050085060214
542,4276965.0,0.02353591323361222
543,4277025.0,0.023427137859977958
544,4277085.0,0.023314768268631367
545,4277145.0,0.02319853759631156
546,4277205.0,0.023081007860982092
547,4277265.0,0.022962532472309935
548,4277325.0,0.0228439305869561
549,4277385.0,0.022729162808706682
550,4277445.0,0.0226183821450609
551,4277505.0,0.022516513770989233
552,4277565.0,0.02250011495668887
553,4277625.0,0.02250223993168416
554,4277685.0,0.022504805287709893
555,4277745.0,0.022433715176822987
556,4277805.0,0.022360677626459345
557,4277865.0,0.02236063312812664
558,4277925.0,0.0223608379352598
559,4277985.0,0.02236052420619141
560,4278045.0,0.02228938046502338
561,4278105.0,0.022287687559163313
562,4278165.0,0.02228490806785218
563,4278225.0,0.022212099458018157
564,4278285.0,0.022139128465081162
565,4278345.0,0.022064756896391043
566,4278405.0,0.021989472407649924
567,4278465.0,0.02191533067852138
568,4278525.0,0.021841098365917952
569,4278585.0,0.021840736150414368
570,4278645.0,0.021840971983824543
571,4278705.0,0.021841498275146885
572,4278765.0,0.0217691770096078
573,4278825.0,0.02169667151377879
574,4278885.0,0.021651984760651423
575,4278948.0,0.02165072650790329
576,4279005.0,0.021649501532033773
577,4279065.0,0.021648269813838862
578,4279125.0,0.02164662416343764
579,4279185.0,0.02164518018936932
580,4279245.0,0.02164405889565934
581,4279305.0,0.021573144193166312
582,4279365.0,0.021500940721951863
583,4279425.0,0.021500140175496764
584,4279485.0,0.02149910001303903
585,4279545.0,0.021498491788619498
586,4279605.0,0.02149823695301909
587,4279665.0,0.02149692084733719
588,4279725.0,0.02149539041986613
589,4279785.0,0.021420142568048653
590,4279845.0,0.02134739286133413
591,4279905.0,0.02127555825821826
592,4279965.0,0.021199416571783238
593,4280025.0,0.021126074214934343
594,4280085.0,0.021125834620705115
595,4280145.0,0.021121934474441183
596,4280205.0,0.021115398817726637
597,4280265.0,0.021108626557665634
598,4280325.0,0.020932243989709665
599,4280385.0,0.020854282221922947
600,4280445.0,0.020778074867996613
601,4280505.0,0.020699102032943034
602,4280565.0,0.02061856068054977
603,4280625.0,0.02061355261070084
604,4280685.0,0.02060853560927904
605,4280745.0,0.02060405616514744
606,4280805.0,0.02067231356132739
607,4281876.0,0.020665426507305303
608,4281879.0,0.020659462510093443
609,4281885.0,0.020582166940602744
610,4281890.0,0.020506634766396543
611,4281893.0,0.020432697546173825
612,4281899.0,0.020432503974706737
613,4281903.0,0.020432705783485966
614,4281906.0,0.02043329560813835
615,4281909.0,0.020432762455065534
616,4281912.0,0.020361782447710277
617,4281915.0,0.020289000592960182
618,4281918.0,0.020215982287477986
619,4281921.0,0.020213491510518197
620,4281925.0,0.020211572117284464
621,4281928.0,0.020209356842245698
622,4281931.0,0.020206592752480747
623,4281945.0,0.020203800604668448
624,4282005.0,0.02020524288546328
625,4282065.0,0.020208420837742037
626,4282125.0,0.020210579344310288
627,4282185.0,0.020283072526421333
628,4282245.0,0.020282709512502092
629,4282305.0,0.02028224445599738
630,4282365.0,0.02028312699655317
631,4282428.0,0.0203573897411892
632,4282485.0,0.02043264686544976
633,4282545.0,0.020506668055980226
634,4282605.0,0.020581270587207243
635,4282668.0,0.020654385600286138
636,4282725.0,0.02072904662100917
637,4282785.0,0.02072996240004291
638,4282845.0,0.02073088926501391
639,4282905.0,0.020731547052437356
640,4282965.0,0.02073152501540089
641,4283025.0,0.020801617673220717
642,4283085.0,0.02087199679238744
643,4283145.0,0.020941310581891658
644,4283205.0,0.021008927658202267
645,4283265.0,0.02107546094953712
646,4283325.0,0.021154320543656416
647,4283385.0,0.021236454345343707
648,4283445.0,0.021246773899617342
649,4283505.0,0.021260014282784997
650,4283565.0,0.021273144866247623
651,4283625.0,0.02128742923096453
652,4283685.0,0.021301061068346068
653,4283745.0,0.021315514866238436
654,4283805.0,0.02132930640790001
655,4283865.0,0.021341792735148475
656,4283925.0,0.021359067190870683
657,4283985.0,0.02137225658772169
658,4284045.0,0.02138527187816646
659,4284105.0,0.021473207128945515
660,4284165.0,0.021564669501212996
661,4284225.0,0.02161702823256459
662,4284288.0,0.02163191333711395
663,4284345.0,0.021649010651876917
664,4284405.0,0.021670000382761914
665,4284465.0,0.021693194596782116
666,4284525.0,0.021717153714339986
667,4284585.0,0.02174190081788014
668,4284645.0,0.02176884846089417
669,4284705.0,0.021794326078342273
670,4284765.0,0.02181740347110852
671,4284825.0,0.021831922440777814
672,4284885.0,0.02183317785395588
673,4284945.0,0.0218351947374329
674,4285005.0,0.021840701918589417
675,4285065.0,0.02184484321700301
676,4285125.0,0.02185012769282961
677,4285185.0,0.021780926207504513
678,4285245.0,0.021711470463513724
679,4285305.0,0.02164229396407598
680,4285365.0,0.021572207063210072
681,4285425.0,0.021502644819331625
682,4285485.0,0.021430194270143553
683,4285545.0,0.0213571294933428
684,4285605.0,0.0212826693549305
685,4285665.0,0.02120954280192524
686,4285725.0,0.021134440895725033
687,4285785.0,0.02120181927217407
688,4285845.0,0.02127820776349689
689,4285905.0,0.02128071435867617
690,4285965.0,0.021282421562674958
691,4286025.0,0.02118316519169184
692,4286085.0,0.021064944605405356
693,4286145.0,0.020939909776136554
694,4286205.0,0.02088850499289832
695,4286265.0,0.02083785509894051
696,4286325.0,0.020788932384273602
697,4286385.0,0.020679673905565066
698,4286445.0,0.020586392386753048
699,4286505.0,0.02050879999272181
700,4286565.0,0.020420264981480515
701,4286625.0,0.020418487393844383
702,4286685.0,0.02041801976584557
703,4286745.0,0.02041900667525837
704,4286805.0,0.020344913779265728
705,4286865.0,0.02034651726552875
706,4286925.0,0.020348672519895604
707,4286985.0,0.020277232851071657
708,4287045.0,0.020278360278299806
709,4287105.0,0.020279725711222565
710,4287165.0,0.020280533408821407
711,4287225.0,0.020280765371628314
712,4287285.0,0.020352803136835573
713,4287345.0,0.02042551648723013
714,4287405.0,0.02050011915667994
715,4287465.0,0.02057732658231392
716,4287525.0,0.02065572419678552
717,4287585.0,0.020733391764572447
718,4287645.0,0.02080827622087566
719,4287705.0,0.02088270847147956
720,4287765.0,0.020955570426715107
721,4287825.0,0.021028387273987918
722,4287885.0,0.021102898392989067
723,4287945.0,0.021176894777784554
724,4288005.0,0.021251858164426596
725,4288065.0,0.021327827073930265
726,4288125.0,0.021403557388326257
727,4288185.0,0.02147677517591237
728,4288245.0,0.021549637780502187
729,4288305.0,0.021624048098197873
730,4288365.0,0.021696603429397388
731,4288425.0,0.021771675188043495
732,4288485.0,0.021779705950063975
733,4288545.0,0.021597607849301474
734,4288605.0,0.02152249712019863
735,4288665.0,0.021522620892919182
736,4288725.0,0.021522508706776924
737,4288785.0,0.021522770924991573
738,4288845.0,0.021523022349610656
739,4288905.0,0.021597977914088788
740,4288965.0,0.02167472918419288
741,4289028.0,0.02161301768202452
742,4289085.0,0.021542619816480056
743,4289145.0,0.02154347848378782
744,4289205.0,0.021544621044335098
745,4289265.0,0.021545277556128603
746,4289325.0,0.021621628724163025
747,4289388.0,0.02169971576301888
748,4289445.0,0.02170195058883323
749,4289505.0,0.021703152421998884
750,4289565.0,0.02170458665343669
751,4289625.0,0.02178007834270524
752,4289685.0,0.02185692874338519
753,4289745.0,0.02193350497580697
754,4289805.0,0.02201253962183413
755,4289865.0,0.022094411735542663
756,4289925.0,0.022097116679783965
757,4289985.0,0.02210047135538854
758,4290045.0,0.0221042297363582
759,4290105.0,0.022106658683308814
760,4290165.0,0.02210862316297136
761,4290225.0,0.022110438446664105
762,4290285.0,0.022112789120715327
763,4290345.0,0.022115306334189143
764,4290405.0,0.022119471948842312
765,4290465.0,0.022123562451584707
766,4290525.0,0.022127003133745098
767,4290585.0,0.022202284518149783
768,4290645.0,0.022278523516836596
769,4290705.0,0.022358494275506416
770,4290765.0,0.022442809619873223
771,4290825.0,0.022530507967336265
772,4290885.0,0.022617331819998254
773,4290945.0,0.02270259688912555
774,4291005.0,0.022713348136915883
775,4291065.0,0.02272279646368794
776,4291125.0,0.022733353312337376
777,4291185.0,0.022743442432341936
778,4291245.0,0.022913043307772232
779,4291305.0,0.022991035170982735
780,4291365.0,0.022994317978051293
781,4291425.0,0.02298368213174682
782,4291485.0,0.022984192435450898
783,4291548.0,0.022984343076054174
784,4291605.0,0.022983531895792005
785,4291665.0,0.023058591573353153
786,4291725.0,0.023060087138941178
787,4291785.0,0.023138292801910716
788,4291845.0,0.023219164708757352
789,4291905.0,0.023300081994107463
790,4291965.0,0.023302524546179718
791,4292028.0,0.023304113367750817
792,4292085.0,0.023305974155473398
793,4292145.0,0.02330774983566789
794,4292205.0,0.02330930805905787
795,4292265.0,0.023385252945221043
796,4292325.0,0.02346243659922887
797,4292385.0,0.023538601364601376
798,4292445.0,0.023540909096561605
799,4292505.0,0.02354370259342596
800,4292565.0,0.02354721267597773
801,4292625.0,0.023621282871044057
802,4292685.0,0.023697114748749783
803,4292745.0,0.0237750452384084
804,4292805.0,0.023701659816476504
805,4292865.0,0.023615205279553693
806,4292925.0,0.02352333383954306
807,4292985.0,0.02344755797803095
808,4293045.0,0.02344607110311192
809,4293105.0,0.023443122704430032
810,4293165.0,0.02344171359196761
811,4293225.0,0.023366021158045418
812,4293285.0,0.02329067328539528
813,4293345.0,0.02321592978044594
814,4293405.0,0.02314097552317579
815,4293465.0,0.02306661891293249
816,4293525.0,0.022990793149982085
817,4293585.0,0.022980789568809112
818,4293645.0,0.022967875638393455
819,4293705.0,0.022952693538903064
820,4293765.0,0.022937028827764383
821,4293825.0,0.022850468500269075
822,4293885.0,0.022762258453168337
823,4293945.0,0.022676259344347735
824,4294005.0,0.02259204849113343
825,4294065.0,0.02250909462557276
826,4294125.0,0.022426954295930585
827,4294188.0,0.022341828239901967
828,4294245.0,0.022329251246823292
829,4294305.0,0.022315249207880083
830,4294365.0,0.022301696909693837
831,4294425.0,0.022288336389380617
832,4294485.0,0.0222741023961273
833,4294545.0,0.02226001498346067
834,4294605.0,0.02224476049493619
835,4294665.0,0.022227549814617463
836,4294725.0,0.022211576710672455
837,4294785.0,0.022195756908686436
838,4294845.0,0.022180268613557264
839,4294905.0,0.022088718330866827
840,4294965.0,0.0219954623000368
841,4295025.0,0.021941424421738236
842,4295085.0,0.021923158847265242
843,4295145.0,0.021904532513706755
844,4295205.0,0.02188795345823956
845,4295265.0,0.021871763531014228
846,4295325.0,0.02185671603793484
847,4295385.0,0.021841951754284
848,4295445.0,0.021825720165545716
849,4295505.0,0.021810447716036907
850,4295565.0,0.021807143340448185
851,4295625.0,0.021803803922287805
852,4295685.0,0.02180055973413409
853,4295745.0,0.021874205249417786
854,4295805.0,0.021873982578744983
855,4295865.0,0.021876071580924514
856,4295925.0,0.021802886116600653
857,4295985.0,0.021805030084506995
858,4296045.0,0.021804488534755362
859,4296108.0,0.02186159698825947
860,4296165.0,0.021936062347765524
861,4296225.0,0.02201101645419542
862,4296285.0,0.02208869697794022
863,4296345.0,0.022088143203842163
864,4296405.0,0.02207685985289036
865,4296465.0,0.02207578797540225
866,4296525.0,0.022075693720122934
867,4296585.0,0.02200652904435696
868,4296645.0,0.02208447505196292
869,4296705.0,0.022156828258358484
870,4296765.0,0.02223091636244162
871,4296825.0,0.02233315704359367
872,4296885.0,0.0224544443623394
873,4296945.0,0.02258240880245719
874,4297005.0,0.02263482935384034
875,4297065.0,0.02268614180669079
876,4297125.0,0.022736302888063026
877,4297185.0,0.02284368299877941
878,4297245.0,0.022938695854337436
879,4297305.0,0.02302353782330975
880,4297365.0,0.023122795227877226
881,4297425.0,0.023117116328536774
882,4297485.0,0.02308952398539566
883,4297545.0,0.02306687577217382
884,4297608.0,0.0230602841661598
885,4297665.0,0.022980235704827913
886,4297725.0,0.0228996228466568
887,4297785.0,0.022892494189688493
888,4297845.0,0.022960279054282155
889,4297905.0,0.023028793299986604
890,4297965.0,0.02309336810187322
891,4298025.0,0.023154719436469434
892,4298085.0,0.023153418977011786
893,4298145.0,0.02307620592635816
894,4298205.0,0.02299907773673609
895,4298265.0,0.02292119493931196
896,4298325.0,0.022843082070208846
897,4298385.0,0.022768994290808475
898,4298445.0,0.022775795663277226
899,4298505.0,0.022693109833625047
900,4298565.0,0.022599650186576288
901,4298625.0,0.02249800689219327
902,4298685.0,0.02239816504570117
903,4298745.0,0.02231513430207223
904,4298805.0,0.022237717349512215
905,4298865.0,0.022159187341317818
906,4298925.0,0.02215360607647302
907,4298985.0,0.02214801615968455
908,4299045.0,0.02213961596551777
909,4299105.0,0.022110279609463337
910,4299165.0,0.022037957784553107
911,4299225.0,0.021967772009895116
912,4299285.0,0.021892664276859937
913,4299345.0,0.021993825718080985
914,4299405.0,0.021987748347298948
915,4299465.0,0.021971529674431507
916,4299525.0,0.02196096646356524
917,4299588.0,0.021956862800831055
918,4299645.0,0.021951785546241838
919,4299705.0,0.021941031806821394
920,4299765.0,0.02193058815199917
921,4299825.0,0.021992451542360403
922,4299885.0,0.022066591499969875
923,4299945.0,0.0221437256101273
924,4300005.0,0.022143440114776272
925,4300065.0,0.022144843643336368
926,4300125.0,0.022072987846147633
927,4300185.0,0.02199448974660522
928,4300245.0,0.021988621540368784
929,4300305.0,0.022054677673739462
930,4300365.0,0.022121711508879947
931,4300425.0,0.02211902926265407
932,4300488.0,0.022119457000889478
933,4300545.0,0.022030482160026038
934,4300608.0,0.021938640828731308
935,4300665.0,0.021837567290683896
936,4300725.0,0.021818253102672464
937,4300785.0,0.021804427180499922
938,4300845.0,0.0218008597332189
939,4300905.0,0.021801235914963954
940,4300965.0,0.021800927681389165
941,4301025.0,0.021833764887699475
942,4301085.0,0.02190567515213479
943,4301145.0,0.02197816725153505
944,4301205.0,0.022051642006894724
945,4301265.0,0.022128121582034956
946,4301325.0,0.022196300811039453
947,4301385.0,0.02219403609154494
948,4301445.0,0.022194021526487195
949,4301505.0,0.02211490659778132
950,4301565.0,0.022030568301684636
951,4301625.0,0.021943084782297943
952,4301685.0,0.021857568617969884
953,4301745.0,0.021770218784659644
954,4301805.0,0.021682852481968364
955,4301865.0,0.021596307275937407
956,4301925.0,0.021585637202822375
957,4301985.0,0.021577871795082276
958,4302045.0,0.021578134304742702
959,4302105.0,0.02157884458248375
960,4302165.0,0.02165421910385893
961,4302225.0,0.02174451468702033
962,4302285.0,0.021821356584699747
963,4302345.0,0.02189914203775161
964,4302405.0,0.021978363526133603
965,4302465.0,0.02198155918176596
966,4302525.0,0.02198434563264655
967,4302585.0,0.021985719047047693
968,4302645.0,0.02198505560309833
969,4302705.0,0.021984125125705994
970,4302765.0,0.021985938486897817
971,4302825.0,0.021988676081656715
972,4302885.0,0.021991037313302993
973,4302945.0,0.022068231522809595
974,4303005.0,0.022145179993260856
975,4303065.0,0.022147698784746782
976,4303125.0,0.022148485326366492
977,4303185.0,0.022150922182043495
978,4303245.0,0.022227695572555196
979,4303305.0,0.02222701640152118
980,4303365.0,0.02222450068612128
981,4303425.0,0.022151799570258777
982,4303485.0,0.022151925892380187
983,4303548.0,0.022149951359139816
984,4303605.0,0.022225582995390646
985,4303665.0,0.022270438682821123
986,4303725.0,0.022287036470614245
987,4303785.0,0.02228949912008272
988,4303845.0,0.022291056865235893
989,4303905.0,0.02229499382258296
990,4303968.0,0.022371394124879547
991,4304025.0,0.02245180103365265
992,4304085.0,0.022455395314133042
993,4304145.0,0.0224582365718983
994,4304205.0,0.02246064952312856
995,4304265.0,0.022463887168574122
996,4304325.0,0.022538973179930137
997,4304385.0,0.022622951795717126
998,4304445.0,0.022709138373443634
999,4304505.0,0.022796278693753932
1000,4304565.0,0.02288341035999636
1001,4304625.0,0.022972909202430482
1002,4304685.0,0.02298959679250081
1003,4304745.0,0.0230062968922799
1004,4304805.0,0.023024175941039532
1005,4304865.0,0.023040948898701945
1006,4304925.0,0.023056828516864455
1007,4304985.0,0.023144509989249516
1008,4305045.0,0.023230748523617548
1009,4305105.0,0.023317404969360717
1010,4305165.0,0.023405397011670104
1011,4305225.0,0.023419261098641564
1012,4305285.0,0.02343260995274713
1013,4305345.0,0.02344757824507606
1014,4305405.0,0.02346377823054309
1015,4305465.0,0.02348220029632711
1016,4305525.0,0.023571651884218385
1017,4305585.0,0.023663053014246267
1018,4305645.0,0.023755341927270544
1019,4305705.0,0.023773268240246427
1020,4305765.0,0.02379199393457703
1021,4305825.0,0.02381019489454681
1022,4305885.0,0.023829307963328036
1023,4305945.0,0.023923812537772822
1024,4306005.0,0.024018166051551194
1025,4306065.0,0.02411175492167931
1026,4306125.0,0.024204801946194822
1027,4306185.0,0.024298872403891662
1028,4306248.0,0.024315243378173423
1029,4306305.0,0.024329431982572133
1030,4306365.0,0.02433121178332532
1031,4306425.0,0.0243334529606967
1032,4306485.0,0.02436765243143562
1033,4306545.0,0.024371447698140467
1034,4306605.0,0.02437911913995737
1035,4306665.0,0.024383340519726432
1036,4306725.0,0.024385305923884805
1037,4306785.0,0.02438419818018707
1038,4306845.0,0.024386570798707617
1039,4306905.0,0.024365453566003614
1040,4306965.0,0.02436849568978433
1041,4307025.0,0.024373217352221414
1042,4307085.0,0.02429833780670454
1043,4307145.0,0.024302260485912018
1044,4307205.0,0.024314068783521506
1045,4307265.0,0.02431471465813019
1046,4307325.0,0.024314483445464836
1047,4307385.0,0.024314739252412933
1048,4307445.0,0.02423602674732684
1049,4307505.0,0.024237877258049677
1050,4307565.0,0.024164160706443852
1051,4307625.0,0.024089509189033104
1052,4307685.0,0.024013377934310444
1053,4307745.0,0.02393669346582472
1054,4307805.0,0.023935111765101942
1055,4307865.0,0.023931906014465702
1056,4307925.0,0.02391980577675705
1057,4307985.0,0.02384277089087416
1058,4308045.0,0.023765926971864568
1059,4308105.0,0.023682160041123952
1060,4308165.0,0.023595396909315274
1061,4308225.0,0.023601721451626825
1062,4308285.0,0.02362953475722506
1063,4308345.0,0.023652770290833673
1064,4308405.0,0.023660212189210925
1065,4308465.0,0.023665102891825558
1066,4308525.0,0.023672150835524472
1067,4308585.0,0.02367801597762386
1068,4308645.0,0.023615557880839966
1069,4308705.0,0.02354727876036016
1070,4308765.0,0.023481535155757766
1071,4308825.0,0.023417413924149047
1072,4308885.0,0.023420203773871516
1073,4308945.0,0.023501493403409
1074,4309005.0,0.023507107445117317
1075,4309065.0,0.023511159226740262
1076,4309125.0,0.02351221588498245
1077,4309185.0,0.023487018012156025
1078,4309245.0,0.02337249826485746
1079,4309305.0,0.02334232216687701
1080,4309365.0,0.023337157888163783
1081,4309425.0,0.02334249600000237
1082,4309485.0,0.023357922374320383
1083,4309545.0,0.023355212964719888
1084,4309605.0,0.023337196719022013
1085,4309665.0,0.023313200347488842
1086,4309725.0,0.02322794014847194
1087,4309785.0,0.023156978961666838
1088,4309845.0,0.02309133255598355
1089,4309905.0,0.02309975340480206
1090,4309965.0,0.023172929964395475
1091,4310025.0,0.023242182038603183
1092,4310085.0,0.023318229113248976
1093,4310145.0,0.023396918268821155
1094,4310205.0,0.023474433178974914
1095,4310265.0,0.023562597938607266
1096,4310325.0,0.023648063186999357
1097,4310385.0,0.0237273048701738
1098,4310445.0,0.0238073192271257
1099,4310505.0,0.02382014762257828
1100,4310565.0,0.023832464216993948
1101,4310625.0,0.02383422554687519
1102,4310685.0,0.02383340502986886
1103,4310745.0,0.023829395570282325
1104,4310805.0,0.0239026266911868
1105,4310865.0,0.023978861723837182
1106,4310925.0,0.024054561773897497
1107,4310985.0,0.02413401707681323
1108,4311045.0,0.024216046234247078
1109,4311105.0,0.024222772804036452
1110,4311165.0,0.024226326773791183
1111,4311225.0,0.02422609890982344
1112,4311285.0,0.024220631827600106
1113,4311345.0,0.024306599874286502
1114,4311405.0,0.024394401889104758
1115,4311465.0,0.024488675015074818
1116,4311525.0,0.024580053418952343
1117,4311585.0,0.02466413561390806
1118,4311645.0,0.02473885428156876
1119,4311705.0,0.024810235179390586
1120,4311765.0,0.024884076087453945
1121,4311825.0,0.024850954393664644
1122,4311885.0,0.024778664814856605
1123,4311945.0,0.02470407536700081
1124,4312005.0,0.024703613717861832
1125,4312065.0,0.024721677563016117
1126,4312125.0,0.024751953289959612
1127,4312185.0,0.024763393913736102
1128,4312245.0,0.024765406432115347
1129,4312305.0,0.024844129840608742
1130,4312365.0,0.024929748765502427
1131,4312425.0,0.02502561273453631
1132,4312485.0,0.025130315738273054
1133,4312545.0,0.025251374423382322
1134,4312605.0,0.025376758103648346
1135,4312665.0,0.025501493749219742
1136,4312725.0,0.025549672963807418
1137,4312785.0,0.025580955305919258
1138,4312845.0,0.025595803183589505
1139,4312905.0,0.02560272634578878
1140,4312965.0,0.025624778996034887
1141,4313025.0,0.025693989283212842
1142,4313085.0,0.025771772820618925
1143,4313145.0,0.025937855802271204
1144,4313205.0,0.026125851761562346
1145,4313265.0,0.02630999143415931
1146,4313325.0,0.026491506194124714
1147,4313385.0,0.026685149718905128
1148,4313448.0,0.026879401152676653
1149,4313505.0,0.027074141462011342
1150,4313565.0,0.02734689751695426
1151,4313625.0,0.027622050836063596
1152,4313685.0,0.02789508196201882
1153,4313745.0,0.028091595862145297
1154,4313805.0,0.028275074091745372
1155,4313865.0,0.02844834441504622
1156,4313925.0,0.02861409214004724
1157,4313985.0,0.02877364427844531
1158,4314045.0,0.028928282232066005
1159,4314105.0,0.029163926627632848
1160,4314165.0,0.02940323741170349
1161,4314225.0,0.029641280140210273
1162,4314285.0,0.029804886213478272
1163,4314345.0,0.02996814299596836
1164,4314405.0,0.030125211724014687
1165,4314465.0,0.030319384837076822
1166,4314525.0,0.030548762797263547
1167,4314585.0,0.03077899400548032
1168,4314645.0,0.031013004200772937
1169,4314705.0,0.031247543356161818
1170,4314765.0,0.031324923052807575
1171,4314825.0,0.03140156100208331
1172,4314885.0,0.03155539953009385
1173,4314945.0,0.03170863871930745
1174,4315005.0,0.03186133001872924
1175,4315065.0,0.03201082143385192
1176,4315125.0,0.032090920866744616
1177,4315185.0,0.03224000184447034
1178,4315245.0,0.032392567362801314
1179,4315305.0,0.032472533275463865
1180,4315365.0,0.03255022734928321
1181,4315425.0,0.03263140173204134
1182,4315485.0,0.032787312488193665
1183,4315545.0,0.03294247227623812
1184,4315605.0,0.03309738907822899
1185,4315665.0,0.03325112522373049
1186,4315725.0,0.03340548876705922
1187,4315785.0,0.03348607192095296
1188,4315845.0,0.03356663410114277
1189,4315905.0,0.03364921594383377
1190,4315965.0,0.033729538260581594
1191,4316025.0,0.03388465659459664
1192,4316085.0,0.03404100567167146
1193,4316145.0,0.03419601263309732
1194,4316205.0,0.03435010311115348
1195,4316265.0,0.03450255729233539
1196,4316325.0,0.03458052725406425
1197,4316385.0,0.034655867132919266
1198,4316445.0,0.03473109909736825
1199,4316505.0,0.03488181607273677
1200,4316565.0,0.035106172356841846
1201,4316625.0,0.0353356584807085
1202,4316685.0,0.03556718468970316
1203,4316745.0,0.035643888456132346
1204,4316805.0,0.03571867193835555
1205,4316865.0,0.035792691937160295
1206,4316925.0,0.035866788009278026
1207,4316985.0,0.03593793406552143
1208,4317045.0,0.03608741483926665
1209,4317105.0,0.03623670043154555
1210,4317165.0,0.036384899505044706
1211,4317225.0,0.03660773214239454
1212,4317285.0,0.03680215300229982
1213,4317345.0,0.03695740114183253
1214,4317405.0,0.03710822757258871
1215,4317465.0,0.037261528277055124
1216,4317525.0,0.03749173787693394
1217,4317585.0,0.0377231350038221
1218,4317648.0,0.03795350351523522
1219,4317705.0,0.038149286626345785
1220,4317765.0,0.038300673723710696
1221,4317825.0,0.03845108515963499
1222,4317885.0,0.03867660430282508
1223,4317945.0,0.038903242855728
1224,4318008.0,0.039132838306558664
1225,4318065.0,0.039364722992524435
1226,4318125.0,0.03960373540202367
1227,4318185.0,0.039834216848084546
1228,4318248.0,0.03998908708951225
1229,4318305.0,0.040143482724679914
1230,4318365.0,0.04036975578524237
1231,4318425.0,0.04060430786381729
1232,4318485.0,0.04084065580879453
1233,4318545.0,0.041075621450805844
1234,4318605.0,0.04130856355497251
1235,4318665.0,0.04154128465698597
1236,4318725.0,0.041782384353513106
1237,4318785.0,0.04201722967218644
1238,4318845.0,0.042248454655348155
1239,4318905.0,0.04247976521649945
1240,4318965.0,0.042709010690365416
1241,4319025.0,0.04293714842299675
1242,4319085.0,0.04316326163588027
1243,4319145.0,0.043386526124364624
1244,4319205.0,0.043610792194195336
1245,4319265.0,0.04383735603996714
1246,4319325.0,0.044064289474460575
1247,4319385.0,0.044298836883715095
1248,4319445.0,0.044523695429243455
1249,4319505.0,0.044753940246949925
1250,4319565.0,0.04498626805689354
1251,4319625.0,0.04522156913208131
1252,4319688.0,0.04537508498151878
1253,4319745.0,0.04552852968473028
1254,4319805.0,0.045757369758902044
1255,4319865.0,0.04598438689517926
1256,4319925.0,0.04621370151728845
1257,4319985.0,0.04646389374477363
1258,4320045.0,0.04672442742910488
1259,4320105.0,0.04698895941192395
1260,4320165.0,0.04724378370501016
1261,4320225.0,0.047498700245761166
1262,4320285.0,0.04773921536578271
1263,4320345.0,0.04798542858445496
1264,4320405.0,0.04823953228609589
1265,4320465.0,0.048500715094584375
1266,4320525.0,0.048750925898750956
1267,4320585.0,0.04898733615307379
1268,4320645.0,0.049220161545254694
1269,4320705.0,0.04939706218721784
1270,4320765.0,0.04955279056084189
1271,4320825.0,0.049708895567361334
1272,4320885.0,0.04986459578221878
1273,4320945.0,0.050022555925628424
1274,4321005.0,0.0501821568300943
1275,4321065.0,0.05034103133717107
1276,4321125.0,0.050500116979165795
1277,4321185.0,0.05065829515472824
1278,4321245.0,0.05081624298014888
1279,4321305.0,0.050970795124673195
1280,4321365.0,0.051033526749179485
1281,4321425.0,0.05110070373413734
1282,4321485.0,0.051168034348357365
1283,4321545.0,0.051236934798145305
1284,4321605.0,0.05130865558300118
1285,4321665.0,0.051457839618978644
1286,4321725.0,0.05160815376061987
1287,4321788.0,0.051760801313402736
1288,4321845.0,0.051914463411782207
1289,4321905.0,0.05207457600435641
1290,4321965.0,0.05215029697923148
1291,4322025.0,0.052225059511971685
1292,4322085.0,0.05230277384885088
1293,4322145.0,0.05237752688053638
1294,4322205.0,0.05245697103704416
1295,4322265.0,0.05253686358497601
1296,4322325.0,0.05261755647530953
1297,4322385.0,0.052701447835597236
1298,4322445.0,0.05278280140722059
1299,4322508.0,0.052860427478170775
1300,4322565.0,0.05300689853231554
1301,4322625.0,0.05322562920183236
1302,4322685.0,0.05344555068518075
1303,4322745.0,0.053671141427221285
1304,4322805.0,0.05382300099840128
1305,4322865.0,0.05388211187519274
1306,4322925.0,0.05393287582103896
1307,4322985.0,0.05399885006491876
1308,4323045.0,0.0540719612777358
1309,4323105.0,0.05414591100784611
1310,4323165.0,0.05428767885864736
1311,4323228.0,0.05442221523205563
1312,4323285.0,0.054544713697879714
1313,4323345.0,0.05465609324239643
1314,4323405.0,0.0547600639922736
1315,4323465.0,0.05486217096263029
1316,4323525.0,0.05496692200047098
1317,4323585.0,0.05500362718022082
1318,4323645.0,0.05505539917112997
1319,4323705.0,0.055124585524710966
1320,4323765.0,0.055179915275420134
1321,4323825.0,0.05518583302352376
1322,4323885.0,0.05518598044814262
1323,4323945.0,0.055095765685345945
1324,4324005.0,0.05505879520761652
1325,4324065.0,0.05502990835248913
1326,4324125.0,0.05500756934416288
1327,4324185.0,0.05489451606850305
1328,4324245.0,0.05477952895118831
1329,4324305.0,0.05466212643442873
1330,4324365.0,0.054541645568184104
1331,4324425.0,0.05441669145919285
1332,4324485.0,0.054293555620675206
1333,4324545.0,0.054172746844759874
1334,4324605.0,0.05406436972742897
1335,4324665.0,0.053964878055125266
1336,4324725.0,0.05387458465804342
1337,4324785.0,0.05378990324558008
1338,4324845.0,0.05370883179079302
1339,4324905.0,0.05362481092296068
1340,4324965.0,0.053537792649890274
1341,4325025.0,0.053525556200341294
1342,4325085.0,0.05351943822499453
1343,4325145.0,0.05351353918940031
1344,4325205.0,0.053509668001184695
1345,4325265.0,0.05351651758317943
1346,4325325.0,0.05344473993132754
1347,4325385.0,0.05336998649255934
1348,4325445.0,0.05329138677701519
1349,4325505.0,0.05321178015850054
1350,4325565.0,0.05321506957681577
1351,4325625.0,0.053214876661793024
1352,4325685.0,0.0532134729999604
1353,4325745.0,0.05328612583246655
1354,4325805.0,0.05336140428074825
1355,4325865.0,0.05343924401520204
1356,4325925.0,0.05351706717676819
1357,4325985.0,0.05352523429842702
1358,4326045.0,0.05345235812873512
1359,4326105.0,0.05345332431025284
1360,4326165.0,0.053454540825083226
1361,4326225.0,0.05345153820558949
1362,4326285.0,0.0534469638979418
1363,4326345.0,0.05344192915225721
1364,4326405.0,0.053433705515664585
1365,4326465.0,0.053426560255699064
1366,4326525.0,0.05341987533396369
1367,4326585.0,0.05341711207690756
1368,4326645.0,0.053416680561264786
1369,4326705.0,0.05341777990551131
1370,4326765.0,0.053414634024536646
1371,4326825.0,0.053412481816959116
1372,4326885.0,0.0534106372654067
1373,4326945.0,0.053408633623853514
1374,4327005.0,0.05340809162439623
1375,4327065.0,0.05340864053785737
1376,4327125.0,0.053408284299133225
1377,4327185.0,0.053405849785649086
1378,4327245.0,0.05340615490650177
1379,4327305.0,0.05341038043334239
1380,4327365.0,0.05341575879543265
1381,4327425.0,0.05341728801743611
1382,4327485.0,0.05341917983110595
1383,4327545.0,0.0535029536766343
1384,4327605.0,0.05358574699194437
1385,4327665.0,0.05358922724515867
1386,4327725.0,0.053589092324846634
1387,4327785.0,0.05358963335143182
1388,4327845.0,0.05358890965864448
1389,4327908.0,0.0535889473974295
1390,4327965.0,0.053588689391659346
1391,4328025.0,0.05351460925534355
1392,4328085.0,0.05344157300452148
1393,4328145.0,0.05336407777841654
1394,4328205.0,0.053282520910240376
1395,4328265.0,0.053204213639901875
1396,4328325.0,0.05313047198385711
1397,4328385.0,0.053057239536265836
1398,4328445.0,0.052983081849077386
1399,4328505.0,0.052908089118679884
1400,4328565.0,0.052832757883780924
1401,4328625.0,0.05275578320913391
1402,4328685.0,0.05267702029245267
1403,4328745.0,0.052596926934475895
1404,4328805.0,0.052514662384028764
1405,4328865.0,0.05242983101768269
1406,4328925.0,0.05234010369239791
1407,4328985.0,0.05226030247034175
1408,4329045.0,0.052183220483543465
1409,4329105.0,0.05210835516814003
1410,4329165.0,0.05203635839336721
1411,4329225.0,0.05195760588782936
1412,4329285.0,0.051880458405390094
1413,4329345.0,0.051805135283924796
1414,4329405.0,0.05172993654244162
1415,4329465.0,0.051653525780416064
1416,4329525.0,0.05157631810984501
1417,4329585.0,0.051498761561711785
1418,4329645.0,0.051421282005991754
1419,4329705.0,0.051344706196220065
1420,4329765.0,0.0512701371091693
1421,4329825.0,0.05119430829498176
1422,4329885.0,0.05112250770642746
1423,4329945.0,0.05105061700506897
1424,4330005.0,0.050977469086401404
1425,4330065.0,0.05090156077818526
1426,4330125.0,0.0508259048193355
1427,4330185.0,0.05074387723359595
1428,4330245.0,0.05066263416073145
1429,4330305.0,0.05058239756202123
1430,4330365.0,0.050503191520407976
1431,4330425.0,0.05041995960268827
1432,4330485.0,0.05034545756902179
1433,4330545.0,0.050271376670314276
1434,4330605.0,0.05027135176314313
1435,4330665.0,0.0502736236773254
1436,4330725.0,0.050276163547250056
1437,4330785.0,0.0502790263273176
1438,4330845.0,0.05027931415262397
1439,4330905.0,0.050281442580421186
1440,4330965.0,0.050279580510923384
1441,4331025.0,0.05027387456157501
1442,4331085.0,0.05026804839197498
1443,4331145.0,0.05025979512243344
1444,4331205.0,0.05025175638761092
1445,4331265.0,0.05024379914227486
1446,4331328.0,0.050235499082262984
1447,4331385.0,0.05023069289263978
1448,4331445.0,0.05023074614379958
1449,4331505.0,0.05023918696207704
1450,4331565.0,0.0501661117509818
1451,4331625.0,0.05009194322346242
1452,4331685.0,0.05001606317523558
1453,4331745.0,0.049937206430999644
1454,4331805.0,0.04985841621423807
1455,4331865.0,0.04977800907034314
1456,4331925.0,0.04969372693231935
1457,4331985.0,0.04968071572086733
1458,4332045.0,0.04967134759564259
1459,4332105.0,0.04966503675751153
1460,4332165.0,0.049750067748279204
1461,4332225.0,0.04983615716795508
1462,4332285.0,0.049924264435035094
1463,4332345.0,0.050010164478992904
1464,4332405.0,0.05009202516279148
1465,4332465.0,0.05009409055117451
1466,4332525.0,0.05009372507826949
1467,4332585.0,0.05009098423581108
1468,4332645.0,0.050086823425427564
1469,4332705.0,0.05008165366390346
1470,4332765.0,0.05016359340925774
1471,4332825.0,0.05024646850202475
1472,4332885.0,0.050238703899272465
1473,4332945.0,0.05023500691757372
1474,4333005.0,0.05022717385180755
1475,4333065.0,0.05022160223326098
1476,4333125.0,0.05022174954557752
1477,4333185.0,0.05022098689725819
1478,4333245.0,0.05022230551847554
1479,4333305.0,0.05022758239781663
1480,4333365.0,0.050161714290399
1481,4333425.0,0.05009731354762318
1482,4333485.0,0.050031661954642696
1483,4333545.0,0.04996180484077933
1484,4333605.0,0.049890208442623506
1485,4333665.0,0.04989031425830371
1486,4333725.0,0.04989344382467605
1487,4333785.0,0.04989786030829569
1488,4333845.0,0.04990069737932123
1489,4333905.0,0.04990085820461459
1490,4333965.0,0.049898401140790936
1491,4334025.0,0.049897530095825295
1492,4334085.0,0.04989643684572232
1493,4334145.0,0.049896410188180425
1494,4334205.0,0.04989658084287205
1495,4334265.0,0.049900961784252025
1496,4334325.0,0.049903434017219285
1497,4334385.0,0.049987009915347706
1498,4334445.0,0.0500719630108153
1499,4334505.0,0.05014763473979673
1500,4334565.0,0.05022178007186202
1501,4334625.0,0.050299041751787364
1502,4334685.0,0.050375487925641844
1503,4334745.0,0.05045430582627964
1504,4334805.0,0.0504572049191604
1505,4334865.0,0.05045841003198063
1506,4334925.0,0.05045331012865436
1507,4334985.0,0.050527693164537514
1508,4335045.0,0.050602131842461574
1509,4335105.0,0.05067782646408384
1510,4335165.0,0.05075324620697216
1511,4335225.0,0.050828915258964665
1512,4335285.0,0.05090486970727346
1513,4335345.0,0.05097977673687296
1514,4335405.0,0.05105671838980957
1515,4335465.0,0.05113574827121568
1516,4335525.0,0.05121391100608016
1517,4335585.0,0.0512961579427574
1518,4335645.0,0.05137635568931113
1519,4335705.0,0.05145601707695167
1520,4335765.0,0.05153735826267942
1521,4335825.0,0.05154426773994324
1522,4335885.0,0.0514581904087874
1523,4335945.0,0.05137170809501986
1524,4336005.0,0.051289410950356586
1525,4336065.0,0.05120060932700645
1526,4336128.0,0.051195622095290653
1527,4336185.0,0.05119241145783696
1528,4336245.0,0.051228599188681036
1529,4336305.0,0.05130167696651174
1530,4336365.0,0.05137819750990772
1531,4336425.0,0.05137825180253187
1532,4336488.0,0.05137648080090405
1533,4336545.0,0.05130354254009269
1534,4336605.0,0.05122907779162301
1535,4336665.0,0.05115349064248694
1536,4336725.0,0.051075007445548694
1537,4336785.0,0.0509968952900671
1538,4336845.0,0.050996767107164005
1539,4336905.0,0.05099619071398764
1540,4336965.0,0.05099816920163199
1541,4337025.0,0.0509999136821297
1542,4337085.0,0.05100301727079381
1543,4337145.0,0.0510080131189924
1544,4337205.0,0.05101381671388277
1545,4337265.0,0.05102098549487714
1546,4337325.0,0.05102729067604623
1547,4337385.0,0.05103041792834694
1548,4337445.0,0.051030906726315044
1549,4337505.0,0.051028726961733474
1550,4337565.0,0.05102945519777793
1551,4337628.0,0.051030135715951504
1552,4337685.0,0.051030275533356116
1553,4337745.0,0.051028387774819196
1554,4337805.0,0.051028322494879465
1555,4337865.0,0.05102947868099602
1556,4337925.0,0.051031963806568346
1557,4337985.0,0.051036913615759995
1558,4338045.0,0.051037750496764726
1559,4338105.0,0.05103426422772645
1560,4338165.0,0.05095569992426197
1561,4338225.0,0.050876387139603345
1562,4338285.0,0.050796883795627155
1563,4338345.0,0.050713757984899265
1564,4338405.0,0.05063187186164137
1565,4338465.0,0.05063108392028997
1566,4338525.0,0.0506318843055738
1567,4338585.0,0.05063398939948494
1568,4338645.0,0.05063715840926763
1569,4338705.0,0.0506399836305623
1570,4338765.0,0.0506439120579163
1571,4338825.0,0.0506461732883678
1572,4338885.0,0.05064408322978874
1573,4338945.0,0.0507102848420807
1574,4339005.0,0.05078390913870579
1575,4339065.0,0.05085656933678002
1576,4339125.0,0.05092743770681198
1577,4339185.0,0.05099890755394953
1578,4339245.0,0.05107103835157759
1579,4339305.0,0.05114437055075336
1580,4339365.0,0.05122316416064714
1581,4339425.0,0.05130197161158936
1582,4339485.0,0.05138413965859761
1583,4339545.0,0.05146643192493049
1584,4339605.0,0.051548770089068253
1585,4339665.0,0.0516310027318501
1586,4339725.0,0.05171168184318243
1587,4339785.0,0.05179128428059341
1588,4339845.0,0.051867244287230295
1589,4339905.0,0.051865656713582474
1590,4339968.0,0.051863947758348274
1591,4340025.0,0.05186078435723703
1592,4340085.0,0.051855525346998436
1593,4340145.0,0.05192341170138343
1594,4340205.0,0.05199436488939654
1595,4340265.0,0.05206903028003141
1596,4340325.0,0.05214853848608277
1597,4340385.0,0.052228646232690294
1598,4340445.0,0.05230868648074707
1599,4340505.0,0.052390557071235376
1600,4340565.0,0.05247156070102527
1601,4340625.0,0.05247514895453629
1602,4340685.0,0.05247653713005127
1603,4340745.0,0.052478640039760806
1604,4340805.0,0.05248145145143677
1605,4340865.0,0.05248534703230621
1606,4340925.0,0.05254293272492728
1607,4340985.0,0.052618801465998434
1608,4341045.0,0.05269659990551807
1609,4341105.0,0.05277438601246801
1610,4341165.0,0.05285255520265323
1611,4341225.0,0.052934137353999454
1612,4341285.0,0.053011844113743496
1613,4341345.0,0.0530858301032325
1614,4341405.0,0.053087430063626144
1615,4341465.0,0.05304408302567814
1616,4341525.0,0.05296597664908178
1617,4341585.0,0.052887736316756286
1618,4341645.0,0.05281332323902583
1619,4341705.0,0.05273951853833105
1620,4341765.0,0.05266599883501983
1621,4341825.0,0.05267026288600619
1622,4341885.0,0.05267765741478888
1623,4341945.0,0.052684412476110366
1624,4342005.0,0.05261667680397757
1625,4342065.0,0.052547624875035885
1626,4342128.0,0.052475346607947886
1627,4342185.0,0.05240194422181795
1628,4342245.0,0.052324951130115795
1629,4342305.0,0.05224021206106114
1630,4342365.0,0.052238007575748195
1631,4342425.0,0.052237527703170104
1632,4342485.0,0.052237089983433065
1633,4342548.0,0.052239393279075515
1634,4342605.0,0.05231533683688928
1635,4342668.0,0.05239736702018526
1636,4342728.0,0.05248085200150881
1637,4342785.0,0.05241833057072493
1638,4342845.0,0.052349954664290106
1639,4342905.0,0.05228065194434448
1640,4342965.0,0.05220974800126044
1641,4343025.0,0.052138653380655965
1642,4343085.0,0.05206493308743013
1643,4343145.0,0.051992846961095386
1644,4343205.0,0.05192085762818575
1645,4343265.0,0.05184525043392026
1646,4343325.0,0.05176974697562168
1647,4343385.0,0.05169479495247214
1648,4343445.0,0.05162593641041135
1649,4343505.0,0.051479914046995666
1650,4343565.0,0.0512805785186723
1651,4343625.0,0.05104081059377879
1652,4343685.0,0.0508925335167281
1653,4343745.0,0.05074662095535074
1654,4343805.0,0.05059889041758326
1655,4343865.0,0.05044950564048135
1656,4343925.0,0.05029310123199505
1657,4343985.0,0.050135860287301985
1658,4344045.0,0.04997851667196706
1659,4344105.0,0.04982247192436435
1660,4344165.0,0.0496671873100411
1661,4344225.0,0.049512313000149695
1662,4344285.0,0.04935699346423026
1663,4344345.0,0.049200945451663945
1664,4344405.0,0.04904372686841193
1665,4344465.0,0.04888523111321754
1666,4344525.0,0.04872821658381339
1667,4344585.0,0.04857336275679166
1668,4344645.0,0.04841858337341428
1669,4344705.0,0.04826293933514082
1670,4344765.0,0.04803603721819783
1671,4344825.0,0.04780462558899188
1672,4344885.0,0.047574705457078
1673,4344945.0,0.0473420268436603
1674,4345005.0,0.04711124762129518
1675,4345065.0,0.04687852664266668
1676,4345125.0,0.046647191635769684
1677,4345185.0,0.046417129121003
1678,4345245.0,0.04618728597862214
1679,4345305.0,0.04595649367671236
1680,4345365.0,0.04572681777233146
1681,4345425.0,0.045495722733344804
1682,4345485.0,0.04526418118610446
1683,4345545.0,0.04503070297905505
1684,4345605.0,0.04486910382063578
1685,4345665.0,0.04470747775382909
1686,4345725.0,0.044475671795968404
1687,4345785.0,0.04424333239344091
1688,4345845.0,0.044012734357208934
1689,4345905.0,0.04378272474372623
1690,4345965.0,0.043553262946017655
1691,4346025.0,0.043326094533155286
1692,4346085.0,0.04309837644854471
1693,4346145.0,0.04287101982269485
1694,4346205.0,0.04264375189188252
1695,4346265.0,0.04241578544952512
1696,4346325.0,0.0421868992562398
1697,4346385.0,0.04195388801109139
1698,4346445.0,0.041723162601807924
1699,4346505.0,0.04149185659462847
1700,4346565.0,0.041259085804799894
1701,4346625.0,0.0410271360309568
1702,4346685.0,0.040882230704381024
1703,4346745.0,0.04073105170076268
1704,4346805.0,0.04057257539588733
1705,4346865.0,0.04041274119438629
1706,4346925.0,0.04024589994668871
1707,4346985.0,0.040078721813889585
1708,4347045.0,0.039870445598531916
1709,4347105.0,0.039617875456446724
1710,4347165.0,0.03935192413504518
1711,4347225.0,0.03915735709319909
1712,4347285.0,0.03896125783475227
1713,4347345.0,0.03875068992901593
1714,4347405.0,0.03852322523955804
1715,4347465.0,0.03828336089078422
1716,4347525.0,0.038043040254286314
1717,4347585.0,0.037802387153250766
1718,4347645.0,0.03756309217382295
1719,4347705.0,0.037323743469141926
1720,4347765.0,0.03708421164109226
1721,4347825.0,0.03684402897221333
1722,4347885.0,0.03660339897007842
1723,4347945.0,0.03636161869339858
1724,4348005.0,0.036120854137830234
1725,4348065.0,0.03587855580957394
1726,4348125.0,0.035635962756643685
1727,4348185.0,0.035405950658626055
1728,4348245.0,0.03518140236063997
1729,4348305.0,0.03495241672267783
1730,4348365.0,0.03471680745325802
1731,4348425.0,0.034475349719138494
1732,4348485.0,0.03423554404720099
1733,4348545.0,0.03399698092538627
1734,4348605.0,0.033757098792094695
1735,4348665.0,0.0335155241261375
1736,4348725.0,0.033278304630208096
1737,4348785.0,0.03304496413070423
1738,4348845.0,0.032813568299065496
1739,4348905.0,0.032591639554080294
1740,4348965.0,0.032383487898501706
1741,4349025.0,0.032191032056402315
1742,4349085.0,0.0320117797321047
1743,4349145.0,0.0318496272783731
1744,4349205.0,0.03169593859412858
1745,4349265.0,0.031541521927028124
1746,4349325.0,0.03138857049204079
1747,4349385.0,0.03123608922575767
1748,4349445.0,0.031083285116107348
1749,4349505.0,0.03100192970330528
1750,4349565.0,0.030922446683098785
1751,4349625.0,0.030771332877054247
1752,4349685.0,0.030620739081424403
1753,4349745.0,0.030399368604487186
1754,4349805.0,0.03024535767304981
1755,4349865.0,0.0300878284667618
1756,4349925.0,0.029930178567981303
1757,4349985.0,0.02977261083126824
1758,4350045.0,0.029613556473584483
1759,4350105.0,0.029453718211259146
1760,4350165.0,0.029292010523508577
1761,4350225.0,0.029131057890145765
1762,4350285.0,0.028971382016995936
1763,4350345.0,0.028819376165967525
1764,4350405.0,0.028671579901796557
1765,4350465.0,0.028521972562101462
1766,4350528.0,0.02836938219062051
1767,4350585.0,0.028213624287655517
1768,4350645.0,0.028058226998385054
1769,4350705.0,0.027979073752352854
1770,4350765.0,0.027900173380737928
1771,4350825.0,0.027823733394239804
1772,4350885.0,0.027671659168056507
1773,4350945.0,0.02744516139047548
1774,4351005.0,0.02725815407894932
1775,4351065.0,0.02710086883682957
1776,4351125.0,0.02694234535037781
1777,4351185.0,0.026785151413795442
1778,4351245.0,0.026556041626027004
1779,4351305.0,0.026324112370349116
1780,4351365.0,0.02609100487702546
1781,4351425.0,0.026005229798469566
1782,4351485.0,0.025921139037865033
1783,4351545.0,0.025838496705408297
1784,4351605.0,0.02575600154438698
1785,4351665.0,0.02567324294870573
1786,4351725.0,0.02553662850516327
1787,4351785.0,0.02538023480971567
1788,4351845.0,0.025155095000892136
1789,4351905.0,0.024928348183687547
1790,4351965.0,0.02469976446108555
1791,4352025.0,0.02454126100711511
1792,4352085.0,0.024402844911330532
1793,4352145.0,0.024269944646942043
1794,4352205.0,0.02414183719002077
1795,4352265.0,0.024060348507683772
1796,4352325.0,0.02401427125169761
1797,4352385.0,0.02396938832951328
1798,4352445.0,0.023925035707501055
1799,4352505.0,0.023884534122393462
1800,4352565.0,0.023849873337816373
1801,4352625.0,0.023741012852844454
1802,4352685.0,0.023632247251916864
1803,4352745.0,0.02352440793319141
1804,4352805.0,0.02348873439886353
1805,4352865.0,0.023447993686903063
1806,4352925.0,0.02340220893074433
1807,4352985.0,0.02334483540481784
1808,4353045.0,0.023268189433222494
1809,4353105.0,0.02319246214830649
1810,4353165.0,0.02311569884565609
1811,4353225.0,0.023036833075376788
1812,4353285.0,0.022956568694672545
1813,4353345.0,0.022875127003114178
1814,4353405.0,0.022717507677191467
1815,4353465.0,0.022554477057030786
1816,4353525.0,0.022390223210072634
1817,4353585.0,0.022300498545902908
1818,4353645.0,0.022213728959628816
1819,4353705.0,0.022127927345908315
1820,4353765.0,0.021972251998082823
1821,4353825.0,0.02181733041497274
1822,4353885.0,0.02166255792610563
1823,4353945.0,0.02150768281247703
1824,4354005.0,0.0214244912209922
1825,4354065.0,0.02134463788674256
1826,4354125.0,0.021266985872780454
1827,4354185.0,0.021116729771751948
1828,4354245.0,0.020960282561228116
1829,4354305.0,0.020879634930672082
1830,4354365.0,0.020851704560638486
1831,4354428.0,0.020862399969800355
1832,4354485.0,0.02093949605066378
1833,4354545.0,0.02101328667337586
1834,4354605.0,0.02101633018090828
1835,4354665.0,0.021019363452791547
1836,4354725.0,0.021022714537912872
1837,4354785.0,0.021025350012004125
1838,4354845.0,0.021028137668520193
1839,4354905.0,0.021028853872233362
1840,4354965.0,0.021028715398761395
1841,4355025.0,0.02102838096922837
1842,4355085.0,0.02109920258530542
1843,4355145.0,0.02110355610124357
1844,4355205.0,0.02110703170305056
1845,4355265.0,0.021110846722148156
1846,4355325.0,0.021116735506993993
1847,4355385.0,0.02112071083570316
1848,4355445.0,0.021124902386327353
1849,4355505.0,0.02119948831636838
1850,4355565.0,0.02127188173636206
1851,4355625.0,0.021346625267248828
1852,4355685.0,0.021421822723237345
1853,4355745.0,0.021499710944925275
1854,4355805.0,0.021580801561495694
1855,4355865.0,0.02166050161358961
1856,4355925.0,0.021740420002760302
1857,4355985.0,0.021819861754089565
1858,4356045.0,0.02189500028985942
1859,4356105.0,0.02196969071346002
1860,4356165.0,0.022046184056056635
1861,4356225.0,0.022047652457326997
1862,4356285.0,0.02204962301360114
1863,4356345.0,0.02205225955885491
1864,4356405.0,0.021982158726449187
1865,4356465.0,0.021909458044214722
1866,4356525.0,0.021911100304485898
1867,4356585.0,0.02198549753829021
1868,4356645.0,0.022061102357320124
1869,4356705.0,0.022063485141562367
1870,4356765.0,0.02206465879909661
1871,4356825.0,0.02206443602397646
1872,4356885.0,0.022063608239096824
1873,4356945.0,0.022062641791181094
1874,4357008.0,0.02213117038241335
1875,4357065.0,0.02220089859946931
1876,4357125.0,0.022272619590098325
1877,4357185.0,0.02227358655104958
1878,4357245.0,0.02227397422388027
1879,4357305.0,0.022273323693292074
1880,4357365.0,0.022273897532671567
1881,4357425.0,0.022273924558354898
1882,4357485.0,0.022306678975189558
1883,4357545.0,0.02238531014806394
1884,4357605.0,0.02246946180117769
1885,4357665.0,0.022484607821385116
1886,4357725.0,0.02249974666248067
1887,4357785.0,0.02251493473846708
1888,4357845.0,0.022532877585651902
1889,4357905.0,0.02255780584634441
1890,4357965.0,0.02259184426981211
1891,4358025.0,0.022632044319303594
1892,4358085.0,0.022675751612560226
1893,4358145.0,0.022731701653249288
1894,4358205.0,0.022804726444448996
1895,4358265.0,0.02289083348882344
1896,4358325.0,0.022977917937690683
1897,4358385.0,0.023064820315152793
1898,4358445.0,0.02315073238519865
1899,4358505.0,0.023237291898702432
1900,4358565.0,0.023323859045023432
1901,4358625.0,0.02341028612294465
1902,4358685.0,0.02349758850639662
1903,4358745.0,0.023584502689969727
1904,4358805.0,0.023671463441217976
1905,4358865.0,0.023759447263626388
1906,4358925.0,0.023846781711407534
1907,4358985.0,0.023915855908801402
1908,4359045.0,0.023982204806489958
1909,4359105.0,0.02404636599529942
1910,4359165.0,0.024120327959022046
1911,4359225.0,0.02419411175231056
1912,4359285.0,0.02426549551441458
1913,4359345.0,0.024339729430852157
1914,4359405.0,0.024403793704098883
1915,4359465.0,0.024472749497293167
1916,4359525.0,0.024533709162382324
1917,4359585.0,0.02459150343402295
1918,4359645.0,0.02464933100325828
1919,4359705.0,0.02470175500440866
1920,4359768.0,0.024741245596072672
1921,4359825.0,0.024765567138757376
1922,4359885.0,0.024774481978011284
1923,4359945.0,0.024766398263698246
1924,4360005.0,0.024746105776881744
1925,4360065.0,0.024728127075979656
1926,4360128.0,0.024706324201690034
1927,4360185.0,0.02468462217704529
1928,4360245.0,0.024661346783957705
1929,4360305.0,0.02457288490110681
1930,4360365.0,0.02449829644069123
1931,4360425.0,0.024496864746619204
1932,4360485.0,0.0244949104930057
1933,4360548.0,0.024565467254277086
1934,4360605.0,0.024563000332603162
1935,4360665.0,0.024561116816597478
1936,4360725.0,0.02455877498944091
1937,4360785.0,0.02455578092635239
1938,4360845.0,0.024483582551633652
1939,4360905.0,0.02441196397100147
1940,4360965.0,0.02441235012596843
1941,4361025.0,0.024417120887405983
1942,4361085.0,0.024418911156846503
1943,4361145.0,0.024414910961836282
1944,4361205.0,0.024408721202003714
1945,4361265.0,0.02440520487807636
1946,4361325.0,0.024329517193671497
1947,4361385.0,0.024255922974402246
1948,4361445.0,0.02418199916859138
1949,4361505.0,0.024178757907316176
1950,4361565.0,0.024174337272870307
1951,4361625.0,0.0241701866887285
1952,4361685.0,0.024167185345731708
1953,4361745.0,0.02416495408630407
1954,4361805.0,0.024121922752366923
1955,4361865.0,0.024121489435898362
1956,4361925.0,0.024120073513123418
1957,4361985.0,0.02411691841491761
1958,4362045.0,0.02418765682575076
1959,4362105.0,0.024258497051727716
1960,4362165.0,0.024330792122890042
1961,4362225.0,0.024332380600481325
1962,4362285.0,0.024333164272283415
1963,4362345.0,0.02433448671447215
1964,4362405.0,0.024336423735325186
1965,4362465.0,0.02433921439529027
1966,4362525.0,0.02426870052713715
1967,4362585.0,0.024198165187496033
1968,4362645.0,0.024197440536412748
1969,4362705.0,0.02426672952359188
1970,4362765.0,0.024338197602478746
1971,4362825.0,0.024267596234129107
1972,4362885.0,0.02417164447188016
1973,4362945.0,0.024065533833078023
1974,4363005.0,0.023948658308306454
1975,4363065.0,0.02382883276516526
1976,4363125.0,0.023712095873192902
1977,4363185.0,0.02359809357157884
1978,4363245.0,0.023486120346203926
1979,4363305.0,0.02337102218452855
1980,4363365.0,0.023250797450752675
1981,4363425.0,0.023128112165552675
1982,4363485.0,0.02300274174560623
1983,4363545.0,0.022875598813434428
1984,4363605.0,0.022753873153424677
1985,4363665.0,0.02263748351741004
1986,4363725.0,0.022602444811368708
1987,4363785.0,0.0225797762226324
1988,4363845.0,0.022503629208679675
1989,4363905.0,0.02242589734613143
1990,4363965.0,0.02234884261673132
1991,4364025.0,0.022272614676943962
1992,4364085.0,0.02219932165019832
1993,4364145.0,0.022128355095081396
1994,4364205.0,0.022058545552297366
1995,4364265.0,0.021989567072167218
1996,4364325.0,0.021921760982359942
1997,4364385.0,0.021854439191097787
1998,4364445.0,0.02178621440463415
1999,4364505.0,0.021716967178350685
2000,4364565.0,0.021717419930758847
2001,4364625.0,0.02171721584380499
2002,4364685.0,0.021716449776389757
2003,4364745.0,0.021715013331925423
2004,4364805.0,0.021642812470018105
2005,4364865.0,0.0215693528031451
2006,4364925.0,0.021494085405126803
2007,4364985.0,0.02149165983687852
2008,4365045.0,0.021489727701537044
2009,4365105.0,0.021487054442874548
2010,4365165.0,0.021484208717043776
2011,4365225.0,0.021482331612032557
2012,4365285.0,0.021483742136262363
2013,4365345.0,0.021481399808466535
2014,4365405.0,0.021478185212811494
2015,4365465.0,0.0214746522278373
2016,4365528.0,0.02147172439860478
2017,4365585.0,0.0214693729052656
2018,4365645.0,0.021466803449043857
2019,4365705.0,0.021464938573728963
2020,4365765.0,0.021464237476746792
2021,4365825.0,0.021463937693935266
2022,4365888.0,0.021393449764777063
2023,4365945.0,0.02138976535219228
2024,4366005.0,0.021386967437565844
2025,4366065.0,0.021384902992573097
2026,4366125.0,0.02138108496662839
2027,4366185.0,0.02137832217199382
2028,4366245.0,0.02137508908381841
2029,4366305.0,0.021300936410410885
2030,4366365.0,0.021228777988533183
2031,4366425.0,0.021153895152802644
2032,4366485.0,0.021078518363103642
2033,4366545.0,0.02100023653635275
2034,4366605.0,0.020918783437530356
2035,4366665.0,0.02083901575792408
2036,4366725.0,0.02075839019516168
2037,4366785.0,0.02067933008914689
2038,4366845.0,0.02060368721038404
2039,4366905.0,0.020529402820916937
2040,4366965.0,0.020453357045448112
2041,4367025.0,0.020451260791386087
2042,4367085.0,0.02044919302139353
2043,4367145.0,0.020447689373554834
2044,4367205.0,0.020446613003501018
2045,4367265.0,0.020444761108696037
2046,4367325.0,0.020442822207146313
2047,4367385.0,0.0203680057279556
2048,4367445.0,0.020292136046889384
2049,4367505.0,0.02028927192034479
2050,4367565.0,0.02028801016406908
2051,4367625.0,0.020287037865247007
2052,4367685.0,0.020287358503028617
2053,4367745.0,0.020288091329302496
2054,4367805.0,0.020218179559201535
2055,4367865.0,0.02014647182873007
2056,4367925.0,0.020072694729411873
2057,4367985.0,0.020070574896651847
2058,4368045.0,0.02014067506303095
2059,4368105.0,0.020215126257287958
2060,4368165.0,0.020290007875866146
2061,4368225.0,0.020366575363739852
2062,4368285.0,0.020334226407450886
2063,4368345.0,0.02026240940844513
2064,4368405.0,0.020189925966059005
2065,4368465.0,0.020188579660532443
2066,4368525.0,0.020187313547415434
2067,4368585.0,0.020186742873362157
2068,4368645.0,0.02018562144564531
2069,4368705.0,0.02018503222044685
2070,4368765.0,0.02017490969748561
2071,4368825.0,0.02015559725353585
2072,4368885.0,0.020132082849190356
2073,4368945.0,0.02012041995802877
2074,4369005.0,0.020120596948313987
2075,4369065.0,0.02012145150069361
2076,4369125.0,0.020121135821660575
2077,4369185.0,0.020119989728766084
2078,4369248.0,0.020191760789492315
2079,4369305.0,0.020264775537126786
2080,4369365.0,0.020258280373114165
2081,4369425.0,0.020255682400124955
2082,4369485.0,0.020251814478397166
2083,4369545.0,0.020307730697109106
2084,4369605.0,0.020376425228458613
2085,4369665.0,0.02044558294486466
2086,4369725.0,0.020517113999269584
2087,4369785.0,0.020523876901841556
2088,4369845.0,0.020529158209853095
2089,4369905.0,0.0205416165557018
2090,4369965.0,0.020552212670371404
2091,4370025.0,0.020565660204486746
2092,4370085.0,0.020580039318737354
2093,4370145.0,0.020591044378630758
2094,4370205.0,0.020686266306566815
2095,4370265.0,0.020778490730260755
2096,4370325.0,0.02080109835798504
2097,4370385.0,0.020823589669324193
2098,4370445.0,0.02084380000786621
2099,4370505.0,0.020861450324926863
2100,4370565.0,0.020877388427708917
2101,4370625.0,0.020893058819689808
2102,4370685.0,0.020909369102267455
2103,4370745.0,0.020926376174570747
2104,4370805.0,0.020947072416112517
2105,4370865.0,0.02096586114562067
2106,4370925.0,0.02098749306243112
2107,4370985.0,0.021008674794620444
2108,4371045.0,0.02103228660720123
2109,4371105.0,0.021050055501060608
2110,4371165.0,0.021053508852259994
2111,4371225.0,0.021056357889148156
2112,4371285.0,0.0210589868835054
2113,4371345.0,0.020988787492398013
2114,4371405.0,0.020919491118020266
2115,4371465.0,0.020905332171982937
2116,4371525.0,0.020909064802664495
2117,4371585.0,0.02091483514031386
2118,4371645.0,0.02099040690962961
2119,4371705.0,0.02098995936429095
2120,4371765.0,0.020917819628357794
2121,4371825.0,0.02084117368115323
2122,4371885.0,0.020765880037200184
2123,4371945.0,0.020689751695787073
2124,4372005.0,0.02061425777537925
2125,4372065.0,0.02053845164407158
2126,4372125.0,0.020538070905758002
2127,4372185.0,0.02053770397138347
2128,4372245.0,0.020537064695708738
2129,4372305.0,0.02046422133658444
2130,4372365.0,0.020392379561130082
2131,4372425.0,0.020318572343723397
2132,4372485.0,0.02031831621999325
2133,4372545.0,0.02031894536006878
2134,4372605.0,0.02032035996191894
2135,4372665.0,0.020247715613343414
2136,4372725.0,0.020175139361936094
2137,4372785.0,0.020103136223228416
2138,4372845.0,0.020030953643929008
2139,4372905.0,0.019959233285621877
2140,4372965.0,0.019887362872038836
2141,4373025.0,0.019815216927081707
2142,4373085.0,0.019742142388529428
2143,4373145.0,0.01966802759160875
2144,4373205.0,0.019594613121244938
2145,4373265.0,0.019521917857344168
2146,4373325.0,0.019520519298025223
2147,4373385.0,0.019519839815335865
2148,4373445.0,0.019498366440980373
2149,4373505.0,0.01939515959684681
2150,4373565.0,0.01929739321240431
2151,4373625.0,0.019293947185330437
2152,4373685.0,0.019295671222067996
2153,4373745.0,0.019378471560564735
2154,4373805.0,0.019463563791438362
2155,4373865.0,0.019550664505203066
2156,4373925.0,0.019636360277151113
2157,4373985.0,0.019719683394419877
2158,4374045.0,0.019797826591672545
2159,4374105.0,0.01987568096628644
2160,4374165.0,0.019954974752635385
2161,4374225.0,0.02003466354681159
2162,4374285.0,0.020112995566415465
2163,4374345.0,0.020191629732979013
2164,4374405.0,0.02026761480717739
2165,4374465.0,0.02034396861041113
2166,4374525.0,0.020345615706527615
2167,4374585.0,0.02034737774559805
2168,4374645.0,0.020345585047489064
2169,4374705.0,0.020345174673568417
2170,4374765.0,0.02034469692924043
2171,4374825.0,0.02034444587663991
2172,4374885.0,0.0203431915475503
2173,4374945.0,0.020341735430141353
2174,4375005.0,0.020340438541616514
2175,4375065.0,0.020338858672127605
2176,4375125.0,0.020337233546588365
2177,4375185.0,0.020335362504713104
2178,4375245.0,0.02033419067058572
2179,4375305.0,0.02033195073468577
2180,4375365.0,0.020331505936970147
2181,4375425.0,0.020331226067339912
2182,4375485.0,0.020330670591890067
2183,4375545.0,0.0203307950619115
2184,4375605.0,0.02033117111285141
2185,4375665.0,0.02033098655349868
2186,4375725.0,0.020407421178568225
2187,4375785.0,0.020485082069543067
2188,4375845.0,0.0205636154006959
2189,4375905.0,0.02056521683032328
2190,4375965.0,0.02056671854573667
2191,4376025.0,0.02056684501966882
2192,4376085.0,0.020494693540412553
2193,4376145.0,0.020424178661537142
2194,4376208.0,0.020425112163914627
2195,4376265.0,0.020427292725369667
2196,4376325.0,0.020429443582127185
2197,4376385.0,0.0204316508841871
2198,4376445.0,0.02043410868614628
2199,4376505.0,0.020436067571450892
2200,4376565.0,0.020437435964015878
2201,4376625.0,0.020438292104916454
2202,4376685.0,0.02043773452398648
2203,4376745.0,0.020437416493853604
2204,4376805.0,0.020438599477601325
2205,4376865.0,0.020439429714330916
2206,4376928.0,0.020513389589162215
2207,4376985.0,0.020589289113344865
2208,4377045.0,0.020666079790487055
2209,4377105.0,0.02074351992736736
2210,4377165.0,0.020818976869340998
2211,4377225.0,0.02089591234862752
2212,4377285.0,0.02097175695224543
2213,4377348.0,0.021047111854590694
2214,4377405.0,0.021122455982088353
2215,4377465.0,0.021198389317832883
2216,4377525.0,0.02127511979511395
2217,4377585.0,0.021351350157288715
2218,4377645.0,0.021430528000771006
2219,4377705.0,0.021432492631622828
2220,4377765.0,0.02143496374396247
2221,4377825.0,0.021437656761358184
2222,4377885.0,0.021511799174817783
2223,4377945.0,0.02158715875427216
2224,4378005.0,0.02166289411157947
2225,4378065.0,0.02174139117157426
2226,4378125.0,0.02174391440166519
2227,4378185.0,0.021745692918486124
2228,4378245.0,0.02174651086567666
2229,4378305.0,0.021746473716678337
2230,4378365.0,0.02174487311098508
2231,4378425.0,0.02181708271719266
2232,4378485.0,0.021889702485113766
2233,4378545.0,0.021890076319951483
2234,4378605.0,0.021890705734023304
2235,4378665.0,0.02189083860154662
2236,4378725.0,0.021890225640396742
2237,4378785.0,0.02188986850093922
2238,4378845.0,0.0218893314978979
2239,4378905.0,0.021890769012958902
2240,4378965.0,0.0218164753474189
2241,4379025.0,0.021741340746375862
2242,4379085.0,0.021742226531650755
2243,4379145.0,0.021743114689513565
2244,4379205.0,0.021742845756339148
2245,4379265.0,0.021743861955574956
2246,4379325.0,0.02181876719114051
2247,4379385.0,0.02189466768132542
2248,4379445.0,0.021972076717912424
2249,4379505.0,0.02197238881724338
2250,4379565.0,0.021982687762017714
2251,4379625.0,0.022001558530462484
2252,4379685.0,0.022024578345045356
2253,4379745.0,0.022036053434294593
2254,4379805.0,0.022034816908328224
2255,4379865.0,0.022032935281313705
2256,4379925.0,0.02203187028706506
2257,4379985.0,0.02203211366417393
2258,4380045.0,0.02196013646389272
2259,4380105.0,0.021886101193141563
2260,4380165.0,0.021892986119773958
2261,4380225.0,0.021896014667116097
2262,4380285.0,0.02189756533778133
2263,4380345.0,0.02183656680422788
2264,4380405.0,0.02175769547982733
2265,4380465.0,0.02167483010524985
2266,4380525.0,0.021589458292475792
2267,4380585.0,0.021575851417800766
2268,4380645.0,0.02156277744132768
2269,4380705.0,0.021548764964630866
2270,4380765.0,0.021537140643084658
2271,4380825.0,0.021527048638792463
2272,4380885.0,0.021517079718414926
2273,4380945.0,0.021509083944112738
2274,4381005.0,0.021424552684966396
2275,4381065.0,0.02133890729873924
2276,4381125.0,0.021327504687862937
2277,4381185.0,0.02131410196771246
2278,4381245.0,0.02130201670009583
2279,4381305.0,0.021287377753085555
2280,4381365.0,0.021273599690488934
2281,4381425.0,0.02125781329112332
2282,4381485.0,0.02124281826081252
2283,4381545.0,0.021228221360212178
2284,4381605.0,0.021210337635341893
2285,4381665.0,0.021194276838662852
2286,4381725.0,0.02117955600969991
2287,4381785.0,0.021164947157129202
2288,4381845.0,0.021149923451053786
2289,4381905.0,0.021135778571797992
2290,4381965.0,0.021126918330265317
2291,4382025.0,0.021123207332108845
2292,4382085.0,0.021120384752501907
2293,4382145.0,0.021190391538830032
2294,4382205.0,0.021262657480051246
2295,4382265.0,0.021279320630916428
2296,4382325.0,0.021281199058145357
2297,4382385.0,0.02120737435954486
2298,4382448.0,0.0211340690398382
2299,4382505.0,0.02113631045414433
2300,4382565.0,0.021137738463558868
2301,4382625.0,0.021211413284626883
2302,4382685.0,0.02128574483555768
2303,4382745.0,0.021360415022414328
2304,4382805.0,0.021435143140274553
2305,4382865.0,0.021435144545025556
2306,4382925.0,0.02142871096778349
2307,4382985.0,0.021427604999820833
2308,4383045.0,0.021426442796313415
2309,4383105.0,0.02155931471641618
2310,4383165.0,0.02163439184194716
2311,4383225.0,0.021710033264147617
2312,4383285.0,0.02178570686315446
2313,4383345.0,0.02186247363457701
2314,4383405.0,0.02194040293696583
2315,4383465.0,0.022017536635595615
2316,4383525.0,0.022019832069207705
2317,4383585.0,0.02202015874396452
2318,4383645.0,0.022094045162379283
2319,4383705.0,0.022170021267972413
2320,4383765.0,0.022245908173680537
2321,4383825.0,0.022323158742605466
2322,4383885.0,0.022400558605936906
2323,4383945.0,0.022478761159580855
2324,4384005.0,0.02248016684618523
2325,4384065.0,0.022479615633301454
2326,4384125.0,0.022479970045798194
2327,4384185.0,0.022553468178180817
2328,4384245.0,0.022647737339640234
2329,4384305.0,0.022754638807821283
2330,4384368.0,0.022665846571272616
2331,4384425.0,0.022666411155581066
2332,4384485.0,0.02266860518876984
2333,4384545.0,0.022593313728306433
2334,4384605.0,0.022518800482653062
2335,4384665.0,0.02248914058922017
2336,4384725.0,0.02248712357924578
2337,4384788.0,0.022489010120081553
2338,4384845.0,0.02249506029063468
2339,4384905.0,0.02242231174625231
2340,4384965.0,0.02234897692208447
2341,4385025.0,0.022273828527895896
2342,4385085.0,0.022194808152866473
2343,4385145.0,0.02218623345108449
2344,4385205.0,0.02217843161512037
2345,4385265.0,0.022172743089608336
2346,4385325.0,0.022168224162049006
2347,4385385.0,0.022157722816282054
2348,4385445.0,0.022219454762237176
2349,4385505.0,0.022283024465591154
2350,4385565.0,0.022349793061190802
2351,4385625.0,0.02234498989364988
2352,4385685.0,0.022343876261603994
2353,4385745.0,0.022343328655546148
2354,4385805.0,0.022417757600750488
2355,4385868.0,0.02249474194742622
2356,4385925.0,0.022575609355340205
2357,4385985.0,0.022658836678194093
2358,4386045.0,0.02274374451314478
2359,4386105.0,0.022832858708120317
2360,4386165.0,0.022916488999108413
2361,4386225.0,0.022917212458783878
2362,4386285.0,0.02294624937283283
2363,4386345.0,0.023017788027431346
2364,4386405.0,0.023098260873817472
2365,4386465.0,0.023168101448080333
2366,4386525.0,0.02315503704229794
2367,4386585.0,0.023137832112838194
2368,4386645.0,0.023127696431511337
2369,4386705.0,0.02319386091748267
2370,4386765.0,0.023265891174974053
2371,4386825.0,0.023264879764514003
2372,4386885.0,0.02326416561802873
2373,4386945.0,0.023336359687877915
2374,4387005.0,0.023418814722093742
2375,4387065.0,0.023507323086490513
2376,4387125.0,0.023517020642365064
2377,4387185.0,0.023523900633747145
2378,4387245.0,0.023524130975763842
2379,4387305.0,0.023519176641382415
2380,4387365.0,0.023586113112149643
2381,4387425.0,0.023656066178086105
2382,4387485.0,0.023728979959637957
2383,4387545.0,0.023801240359233138
2384,4387605.0,0.023879842576894524
2385,4387665.0,0.023955042040901132
2386,4387725.0,0.023953990807593868
2387,4387785.0,0.02395320538324601
2388,4387845.0,0.023878921182346503
2389,4387905.0,0.02380437532376406
2390,4387965.0,0.0237329906297825
2391,4388025.0,0.023659804892192687
2392,4388085.0,0.023587529965207202
2393,4388145.0,0.023591860852738025
2394,4388205.0,0.02360014010494619
2395,4388265.0,0.0236046413026404
2396,4388325.0,0.02360189012637398
2397,4388385.0,0.023596141734594102
2398,4388445.0,0.023586817991658834
2399,4388505.0,0.0236566535897969
2400,4388565.0,0.02372947662837078
2401,4388625.0,0.023803572855051608
2402,4388685.0,0.023732980273241097
2403,4388745.0,0.023662040934898904
2404,4388805.0,0.023591691514072158
2405,4388865.0,0.023519186414145243
2406,4388925.0,0.023594579244397063
2407,4388985.0,0.02366907839876156
2408,4389045.0,0.023746052057719784
2409,4389105.0,0.02382600882481898
2410,4389165.0,0.02390565628242402
2411,4389225.0,0.023913764982120576
2412,4389285.0,0.023915896534585306
2413,4389345.0,0.023991355846817393
2414,4389405.0,0.02406604045935304
2415,4389465.0,0.02414269529689815
2416,4389525.0,0.02414441591983023
2417,4389585.0,0.02414704491690573
2418,4389645.0,0.024079037275641
2419,4389705.0,0.024004127955849996
2420,4389765.0,0.02400254232930111
2421,4389825.0,0.024002830358294307
2422,4389885.0,0.024004128318282823
2423,4389945.0,0.024082283141139596
2424,4390005.0,0.024161479442586502
2425,4390065.0,0.024240599554475523
2426,4390125.0,0.02424474515014672
2427,4390185.0,0.024247941203805974
2428,4390245.0,0.02424878408583462
2429,4390305.0,0.02432618463551886
2430,4390365.0,0.02432716916112969
2431,4390425.0,0.024327704997382044
2432,4390485.0,0.02440840458903503
2433,4390545.0,0.02450187906189756
2434,4390605.0,0.024605294716282776
2435,4390665.0,0.024713095575526346
2436,4390725.0,0.024820848060328568
2437,4390785.0,0.02492332116254637
2438,4390845.0,0.02501480740393682
2439,4390905.0,0.02509513287496125
2440,4390965.0,0.025174568538054422
2441,4391025.0,0.02517594578274148
2442,4391085.0,0.02517934367124148
2443,4391145.0,0.025185316586532107
2444,4391205.0,0.025197189554742115
2445,4391265.0,0.025207369834181467
2446,4391325.0,0.02528449225526773
2447,4391385.0,0.025363350426926355
2448,4391445.0,0.025438438923247368
2449,4391505.0,0.025512955164591358
2450,4391565.0,0.025594176446563345
2451,4391625.0,0.025574796660242247
2452,4391685.0,0.025521799191433554
2453,4391745.0,0.025515901868710292
2454,4391805.0,0.02553140020118992
2455,4391865.0,0.02554261281550308
2456,4391925.0,0.025630423020410346
2457,4391985.0,0.025726002426417593
2458,4392045.0,0.025744270586033118
2459,4392105.0,0.025765457730075374
2460,4392165.0,0.025786974027250123
2461,4392225.0,0.02581052226489603
2462,4392285.0,0.025829624917345147
2463,4392345.0,0.02591615823209468
2464,4392405.0,0.026005596970655347
2465,4392465.0,0.026094152000735567
2466,4392525.0,0.026181626640424394
2467,4392585.0,0.026274179623463796
2468,4392645.0,0.026372744230815592
2469,4392705.0,0.026456985635722297
2470,4392765.0,0.026534061533416316
2471,4392825.0,0.026534004781098935
2472,4392885.0,0.026535199666069098
2473,4392945.0,0.026465596324206454
2474,4393005.0,0.026394522642461594
2475,4393065.0,0.02632716223059864
2476,4393125.0,0.026332088184438066
2477,4393185.0,0.026411539159466348
2478,4393245.0,0.02649444632951887
2479,4393305.0,0.02657955319758793
2480,4393365.0,0.026664147618696392
2481,4393425.0,0.026595363805307005
2482,4393485.0,0.026525458518897656
2483,4393545.0,0.026540616187877335
2484,4393605.0,0.026569087242677238
2485,4393665.0,0.02667887383171652
2486,4393725.0,0.026802628871316674
2487,4393785.0,0.026916117809726692
2488,4393845.0,0.027024649461542614
2489,4393905.0,0.026973535149998423
2490,4393965.0,0.026978183009509257
2491,4394025.0,0.026905086708843916
2492,4394085.0,0.026831092691481297
2493,4394145.0,0.026755881851186936
2494,4394205.0,0.02668104806828537
2495,4394265.0,0.02677595787463992
2496,4394325.0,0.026852541658616086
2497,4394385.0,0.026850719294186164
2498,4394445.0,0.02676595530515325
2499,4394505.0,0.026674338298861323
2500,4394565.0,0.026576823546928266
2501,4394625.0,0.02647980259859136
2502,4394685.0,0.026384514797454052
2503,4394745.0,0.026288139131619592
2504,4394805.0,0.02626761926858049
2505,4394865.0,0.026246847015736728
2506,4394925.0,0.02622246503206318
2507,4394985.0,0.026118106987628557
2508,4395045.0,0.025996379509762607
2509,4395105.0,0.025858466349932198
2510,4395165.0,0.025894974725924842
2511,4395225.0,0.025826514742062705
2512,4395285.0,0.025760274043940774
2513,4395345.0,0.025685354273525994
2514,4395405.0,0.025604033276720117
2515,4395465.0,0.02547676108787305
2516,4395525.0,0.025344911857427183
2517,4395585.0,0.02523745861119723
2518,4395645.0,0.02514549118598919
2519,4395705.0,0.025140810141740424
2520,4395765.0,0.025136355447581533
2521,4395825.0,0.025173818301435384
2522,4395888.0,0.025253659382314858
2523,4395945.0,0.025265014071627005
2524,4396005.0,0.025199938313961993
2525,4396065.0,0.02513220448029556
2526,4396125.0,0.02514047279109642
2527,4396185.0,0.025153954431829648
2528,4396245.0,0.025174043004167354
2529,4396305.0,0.025111984986582243
2530,4396365.0,0.025044840189411798
2531,4396425.0,0.025048305684740486
2532,4396485.0,0.025048550980877916
2533,4396545.0,0.025122067778030714
2534,4396605.0,0.02512319381502829
2535,4396665.0,0.02512268487884893
2536,4396725.0,0.025125502806027024
2537,4396785.0,0.025152221811571097
2538,4396845.0,0.025189529353487596
2539,4396905.0,0.02521711290655651
2540,4396965.0,0.02524920740195749
2541,4397025.0,0.025371793797782878
2542,4397085.0,0.025469148452135958
2543,4397145.0,0.02552055909424185
2544,4397205.0,0.025567575150236797
2545,4397265.0,0.025629384294770838
2546,4397325.0,0.02570114318903291
2547,4397385.0,0.025776897464761903
2548,4397445.0,0.025846051734368172
2549,4397505.0,0.025907532993195058
2550,4397565.0,0.025955797990602006
2551,4397625.0,0.02607332261830638
2552,4397685.0,0.026186603219331875
2553,4397745.0,0.026220284365687074
2554,4397805.0,0.026244088594937286
2555,4397865.0,0.026258236581723146
2556,4397925.0,0.02634466726404762
2557,4397985.0,0.026430756039159828
2558,4398045.0,0.026518464354064984
2559,4398105.0,0.02660279952427897
2560,4398165.0,0.026611537961795308
2561,4398225.0,0.026616284078285132
2562,4398285.0,0.026618449698181182
2563,4398345.0,0.026622872954850503
2564,4398405.0,0.026544562688763103
2565,4398465.0,0.02646993954960116
2566,4398525.0,0.026398283902771033
2567,4398585.0,0.02639912213209348
2568,4398645.0,0.026474621913386655
2569,4398705.0,0.026550752567039752
2570,4398765.0,0.026647484412456464
2571,4398825.0,0.026732824452523597
2572,4398888.0,0.026828661832311362
2573,4398948.0,0.026856154173028453
2574,4399005.0,0.02687563384172214
2575,4399065.0,0.026888832541320087
2576,4399125.0,0.026906710385686712
2577,4399185.0,0.026921544325117473
2578,4399245.0,0.026937643823240626
2579,4399305.0,0.026973740319412902
2580,4399365.0,0.02702063250131611
2581,4399425.0,0.027101397053876666
2582,4399485.0,0.027341796917968154
2583,4399545.0,0.02762229049670859
2584,4399605.0,0.027918234990746367
2585,4399665.0,0.028218724744866697
2586,4399725.0,0.028447460115604256
2587,4399785.0,0.028678302122907673
2588,4399845.0,0.028909477330305258
2589,4399905.0,0.029137609577811557
2590,4399965.0,0.02936824597138065
2591,4400025.0,0.029591599885468133
2592,4400085.0,0.029818379253743685
2593,4400145.0,0.030036625579140358
2594,4400205.0,0.030252755322218175
2595,4400265.0,0.030456336877733532
2596,4400325.0,0.03073095140119004
2597,4400385.0,0.03100329146353229
2598,4400445.0,0.031271998363189134
2599,4400505.0,0.031538817170732675
2600,4400565.0,0.031800217396885044
2601,4400625.0,0.03205416540641459
2602,4400685.0,0.032287992662302006
2603,4400745.0,0.03244211627697736
2604,4400805.0,0.03259995212664889
2605,4400865.0,0.03275919873772309
2606,4400925.0,0.03291811371144563
2607,4400985.0,0.03308081262828256
2608,4401045.0,0.03324791933754776
2609,4401105.0,0.03340990242114871
2610,4401165.0,0.03364185306571572
2611,4401225.0,0.03387578529923315
2612,4401285.0,0.034031021862878645
2613,4401345.0,0.0341734826797881
2614,4401405.0,0.034305670291136355
2615,4401465.0,0.034431607171216294
2616,4401525.0,0.03447777074732382
2617,4401585.0,0.03452953293480559
2618,4401645.0,0.03459224941141715
2619,4401705.0,0.034666372540264466
2620,4401765.0,0.03473930830052766
2621,4401825.0,0.034891342915447814
2622,4401885.0,0.035044529979872625
2623,4401945.0,0.0351985859778877
2624,4402005.0,0.03535147071260338
2625,4402065.0,0.035509547809396795
2626,4402125.0,0.03560202587461163
2627,4402185.0,0.03569112088150201
2628,4402245.0,0.03578332692679011
2629,4402305.0,0.035875121966857035
2630,4402365.0,0.035958032150749435
2631,4402425.0,0.03614161485818206
2632,4402485.0,0.036358860637498436
2633,4402545.0,0.036527401696537225
2634,4402605.0,0.03667620804118105
2635,4402665.0,0.03682854469380374
2636,4402725.0,0.0369045381944084
2637,4402785.0,0.03697408408032728
2638,4402845.0,0.03712037125549399
2639,4402908.0,0.037264626312454585
2640,4402965.0,0.037410417687175054
2641,4403025.0,0.0375562718284825
2642,4403085.0,0.03770594316843539
2643,4403145.0,0.037787216144934015
2644,4403205.0,0.03787041845384499
2645,4403265.0,0.0379499383933053
2646,4403325.0,0.0380305624636113
2647,4403385.0,0.038106002116320856
2648,4403445.0,0.038176154261898625
2649,4403505.0,0.038259270203550626
2650,4403565.0,0.0384152375406423
2651,4403625.0,0.03864348598863558
2652,4403685.0,0.038872173651532255
2653,4403745.0,0.03909912502504266
2654,4403805.0,0.03932564415459661
2655,4403865.0,0.039549883682619816
2656,4403925.0,0.039699160106764865
2657,4403985.0,0.039849467663571524
2658,4404045.0,0.03999672935761327
2659,4404105.0,0.04014278578753172
2660,4404165.0,0.04029171940619214
2661,4404225.0,0.040518598100634344
2662,4404285.0,0.040736858451908574
2663,4404345.0,0.04086659108951865
2664,4404405.0,0.04098215633707562
2665,4404465.0,0.0410928649623714
2666,4404525.0,0.04119643319311305
2667,4404585.0,0.04131617273969932
2668,4404645.0,0.041443790504775
2669,4404705.0,0.041601653299227465
2670,4404765.0,0.04176123503957409
2671,4404825.0,0.04199353493509026
2672,4404885.0,0.04222339928250448
2673,4404945.0,0.04245170174088972
2674,4405005.0,0.042678061921623274
2675,4405065.0,0.04273606621306802
2676,4405125.0,0.04288662924823482
2677,4405185.0,0.043117210380605044
2678,4405245.0,0.04335636693172019
2679,4405305.0,0.0436010883183772
2680,4405365.0,0.043851589010890514
2681,4405425.0,0.04410077044658126
2682,4405485.0,0.044348365019551715
2683,4405545.0,0.04459664321920149
2684,4405605.0,0.044845039558656805
2685,4405665.0,0.04509428702666172
2686,4405725.0,0.045347407144570064
2687,4405785.0,0.045606793405728374
2688,4405845.0,0.04588183512540746
2689,4405905.0,0.04617307509344274
2690,4405965.0,0.0464771659570571
2691,4406025.0,0.04677351803794742
2692,4406085.0,0.04706789331193972
2693,4406145.0,0.04737110202839084
2694,4406205.0,0.047682428961687374
2695,4406265.0,0.047994520473855586
2696,4406325.0,0.0482804878611047
2697,4406385.0,0.04853764579718116
2698,4406445.0,0.04877833060003232
2699,4406505.0,0.049012386142096805
2700,4406565.0,0.04924500510786126
2701,4406625.0,0.049439734764853686
2702,4406685.0,0.049595301411988084
2703,4406745.0,0.04975101881288486
2704,4406805.0,0.04998149915303148
2705,4406865.0,0.050213752622269826
2706,4406925.0,0.05036647586345703
2707,4406985.0,0.05051811750738743
2708,4407045.0,0.050666803342849
2709,4407105.0,0.05089406865603114
2710,4407165.0,0.05112258570712317
2711,4407225.0,0.05135232264011567
2712,4407285.0,0.051583028146162536
2713,4407345.0,0.05173877079895985
2714,4407405.0,0.0518939299449352
2715,4407465.0,0.05204778049746835
2716,4407525.0,0.05219428022912483
2717,4407585.0,0.05231600268288355
2718,4407645.0,0.05242605850047468
2719,4407705.0,0.05254141314511971
2720,4407765.0,0.05265636986607473
2721,4407825.0,0.05276377686239637
2722,4407885.0,0.05286929457573613
2723,4407945.0,0.052977041931850245
2724,4408005.0,0.05307971033276735
2725,4408065.0,0.053179678287363176
2726,4408125.0,0.0532767710252906
2727,4408185.0,0.05337342020577091
2728,4408245.0,0.05346785525416916
2729,4408305.0,0.05348158304886597
2730,4408365.0,0.053505131130455776
2731,4408425.0,0.05353302620625374
2732,4408485.0,0.053648184008682064
2733,4408545.0,0.05377181976863895
2734,4408605.0,0.05389951039572493
2735,4408665.0,0.05402903128623159
2736,4408725.0,0.05416540762671413
2737,4408785.0,0.05430549229569936
2738,4408845.0,0.0544496136850311
2739,4408905.0,0.0545173690880263
2740,4408965.0,0.054589255250770775
2741,4409028.0,0.054662134165413316
2742,4409085.0,0.05474164870841703
2743,4409145.0,0.054819945963122986
2744,4409205.0,0.0550465987447916
2745,4409265.0,0.05527512420134082
2746,4409325.0,0.05550611721577332
2747,4409385.0,0.05566351367121936
2748,4409445.0,0.055818942339483514
2749,4409505.0,0.05597444887325093
2750,4409565.0,0.056107804366402135
2751,4409625.0,0.056175600138850625
2752,4409685.0,0.05623286121666291
2753,4409745.0,0.05628158908325032
2754,4409805.0,0.05633534208344982
2755,4409865.0,0.05647159977200245
2756,4409925.0,0.05661100796744011
2757,4409985.0,0.05675758848214133
2758,4410045.0,0.05690403635290232
2759,4410105.0,0.05702902455395054
2760,4410165.0,0.05714038811227568
2761,4410225.0,0.057217297789467374
2762,4410285.0,0.05720724329211976
2763,4410345.0,0.05715437560542214
2764,4410405.0,0.057085890945970254
2765,4410468.0,0.057014424249600605
2766,4410525.0,0.05694315428167552
2767,4410585.0,0.05687114993387144
2768,4410645.0,0.056794120242937916
2769,4410705.0,0.05671667550421607
2770,4410765.0,0.05664036590665925
2771,4410825.0,0.056569401156629014
2772,4410885.0,0.056501556625039244
2773,4410945.0,0.056440057803906006
2774,4411005.0,0.056380685914694466
2775,4411065.0,0.05629299309847891
2776,4411125.0,0.05616611394152566
2777,4411185.0,0.056046497275555655
2778,4411245.0,0.05592810208624429
2779,4411305.0,0.05581482048328635
2780,4411365.0,0.055782697460646395
2781,4411425.0,0.055756357557844284
2782,4411485.0,0.05575116155905275
2783,4411545.0,0.05575199747653122
2784,4411605.0,0.055746916457824335
2785,4411665.0,0.055740219154499816
2786,4411725.0,0.05573320564510376
2787,4411785.0,0.05564557863936415
2788,4411845.0,0.05555454218705742
2789,4411905.0,0.05546949867743315
2790,4411965.0,0.05539071704969407
2791,4412025.0,0.05538564088010035
2792,4412085.0,0.055380463595383574
2793,4412145.0,0.05537506410383968
2794,4412205.0,0.055371377978865925
2795,4412265.0,0.055371734558889836
2796,4412325.0,0.055452544270336
2797,4412385.0,0.055531148804487875
2798,4412445.0,0.05560939259675234
2799,4412505.0,0.05568823540807368
2800,4412565.0,0.05577056426024989
2801,4412625.0,0.055848400812590536
2802,4412685.0,0.055926265176005886
2803,4412748.0,0.05600439929125723
2804,4412805.0,0.056081781659252046
2805,4412865.0,0.0560804220947741
2806,4412925.0,0.05607746237027398
2807,4412985.0,0.05607485004630162
2808,4413045.0,0.05607227271358354
2809,4413105.0,0.056142920120911814
2810,4413165.0,0.05621561410516759
2811,4413225.0,0.05628898180035217
2812,4413285.0,0.056363551241631636
2813,4413345.0,0.056442778744063275
2814,4413405.0,0.056446321691915914
2815,4413465.0,0.056449684720531586
2816,4413525.0,0.05645196988707305
2817,4413585.0,0.056455685185993885
2818,4413645.0,0.05645774571986103
2819,4413705.0,0.05653170857201758
2820,4413765.0,0.056604165883307626
2821,4413825.0,0.056682159857480464
2822,4413885.0,0.05676826177736439
2823,4413945.0,0.056858184880083214
2824,4414005.0,0.05694628346298209
2825,4414065.0,0.057037941457797205
2826,4414125.0,0.05712869386426448
2827,4414185.0,0.05720777222546145
2828,4414245.0,0.05728660433084994
2829,4414305.0,0.05736188374427941
2830,4414365.0,0.05736651645155281
2831,4414425.0,0.057371340888594934
2832,4414485.0,0.057372660365314763
2833,4414545.0,0.05737631830968346
2834,4414605.0,0.05737949987879413
2835,4414665.0,0.057382677353423665
2836,4414725.0,0.057384953462667705
2837,4414785.0,0.05738563850086987
2838,4414845.0,0.05732199046365837
2839,4414905.0,0.057243861093196464
2840,4414965.0,0.057163821017678966
2841,4415025.0,0.05708599689233205
2842,4415085.0,0.05709184506743873
2843,4415145.0,0.05709870111357417
2844,4415205.0,0.057104667393403356
2845,4415265.0,0.05711055083917289
2846,4415325.0,0.05711294532478801
2847,4415385.0,0.05710847353699181
2848,4415445.0,0.057101532290708655
2849,4415505.0,0.05709323544530554
2850,4415565.0,0.05700939487742147
2851,4415625.0,0.05692529313431607
2852,4415685.0,0.05685100188920846
2853,4415745.0,0.056776781896425675
2854,4415805.0,0.0567029051525521
2855,4415865.0,0.05662859554698036
2856,4415925.0,0.05655372092864284
2857,4415985.0,0.05647740201672918
2858,4416045.0,0.05640176027704965
2859,4416105.0,0.05632410323137715
2860,4416165.0,0.0563112511715989
2861,4416225.0,0.05630501224049963
2862,4416285.0,0.056302885715887686
2863,4416345.0,0.056227800348651984
2864,4416405.0,0.05615224910511967
2865,4416465.0,0.056076520124531716
2866,4416525.0,0.05600008231305816
2867,4416585.0,0.05592340868635403
2868,4416645.0,0.05584625629108581
2869,4416705.0,0.055768904839853424
2870,4416765.0,0.055692158517938885
2871,4416825.0,0.05561570209023504
2872,4416885.0,0.05560920480392372
2873,4416945.0,0.05560407774257466
2874,4417005.0,0.05559925941636399
2875,4417065.0,0.055594878181683884
2876,4417125.0,0.05559019823012366
2877,4417185.0,0.05558499212530251
2878,4417245.0,0.055582858811748785
2879,4417305.0,0.05558300129031434
2880,4417365.0,0.05558585915629665
2881,4417428.0,0.05558686301640451
2882,4417485.0,0.05559658964359967
2883,4417545.0,0.05560555410200504
2884,4417605.0,0.05561665699461702
2885,4417665.0,0.0556237920398489
2886,4417725.0,0.0556349898747849
2887,4417785.0,0.05564052929504174
2888,4417845.0,0.05563964371284449
2889,4417905.0,0.055641135702320994
2890,4417965.0,0.05564255721972045
2891,4418025.0,0.055645009872640296
2892,4418085.0,0.05564582847681863
2893,4418145.0,0.055648020252564066
2894,4418205.0,0.05564923304543345
2895,4418265.0,0.05564871763785848
2896,4418325.0,0.05564939111611964
2897,4418385.0,0.05564777851474407
2898,4418445.0,0.05564766585240081
2899,4418505.0,0.05564918692019543
2900,4418565.0,0.05564961383361847
2901,4418625.0,0.05557436660723434
2902,4418685.0,0.05549625058773416
2903,4418745.0,0.055417490360465775
2904,4418805.0,0.05533975462523478
2905,4418865.0,0.055260284333710046
2906,4418925.0,0.055254479372466046
2907,4418985.0,0.055247762953852024
2908,4419045.0,0.05524252793502749
2909,4419105.0,0.05532854089192867
2910,4419165.0,0.05533468650016069
2911,4419225.0,0.05534312826033871
2912,4419285.0,0.055268412924652725
2913,4419345.0,0.05519121012127428
2914,4419405.0,0.055111170454811474
2915,4419465.0,0.055031521560300244
2916,4419525.0,0.05495045919696128
2917,4419585.0,0.05486781117577386
2918,4419645.0,0.05485922660888102
2919,4419705.0,0.054939319889425416
2920,4419765.0,0.05502093966050601
2921,4419825.0,0.0550753001807034
2922,4419885.0,0.05507196520447193
2923,4419945.0,0.05506954801771433
2924,4420008.0,0.054994889145295996
2925,4420065.0,0.05491821223992135
2926,4420125.0,0.05483914802883832
2927,4420185.0,0.05475965960122053
2928,4420245.0,0.054679749601103785
2929,4420305.0,0.05467261912387413
2930,4420365.0,0.054664625896727916
2931,4420425.0,0.054733709492149764
2932,4420485.0,0.0548027768036226
2933,4420545.0,0.05487329784775923
2934,4420605.0,0.054949366105651105
2935,4420665.0,0.05495660149446719
2936,4420725.0,0.054963272532443895
2937,4420785.0,0.054972307470583105
2938,4420845.0,0.05498566126453958
2939,4420905.0,0.055005067694387295
2940,4420965.0,0.05502783939678533
2941,4421025.0,0.05504713035512546
2942,4421085.0,0.05506953877040021
2943,4421145.0,0.05509613150732893
2944,4421205.0,0.05511937389709682
2945,4421265.0,0.0551409442438233
2946,4421325.0,0.05516366894464136
2947,4421385.0,0.05518129020855362
2948,4421445.0,0.05519623863795458
2949,4421505.0,0.055201259319207545
2950,4421565.0,0.05520569589361341
2951,4421625.0,0.05521224502946683
2952,4421685.0,0.0552168422499883
2953,4421745.0,0.05514244762292265
2954,4421805.0,0.055066187303829846
2955,4421865.0,0.0550309462809093
2956,4421925.0,0.05503919589072403
2957,4421985.0,0.05504095477116836
2958,4422045.0,0.05504302631145055
2959,4422105.0,0.055043206393270296
2960,4422165.0,0.054968248919412245
2961,4422225.0,0.05496294976123791
2962,4422285.0,0.05495914724264451
2963,4422345.0,0.05495512988892325
2964,4422405.0,0.054955327559173615
2965,4422465.0,0.054955379583139306
2966,4422525.0,0.05495859108301653
2967,4422585.0,0.05499776371717729
2968,4422645.0,0.05499896121507918
2969,4422705.0,0.05499840489427437
2970,4422765.0,0.054998950100804016
2971,4422825.0,0.05492413102427587
2972,4422885.0,0.05484663927884605
2973,4422945.0,0.05484263813707941
2974,4423005.0,0.054839885558542585
2975,4423065.0,0.05480556655239011
2976,4423125.0,0.054718419279909024
2977,4423185.0,0.054639268591773045
2978,4423245.0,0.05456064483397816
2979,4423305.0,0.05448147620465648
2980,4423365.0,0.05440150946024939
2981,4423425.0,0.05432557550726926
2982,4423485.0,0.05424817058416349
2983,4423545.0,0.05417178429133961
2984,4423605.0,0.05409570280494618
2985,4423665.0,0.054098628823889834
2986,4423725.0,0.05410273616126957
2987,4423785.0,0.054106748988849325
2988,4423845.0,0.054111231896335994
2989,4423905.0,0.05404306266742923
2990,4423965.0,0.053972218759404965
2991,4424025.0,0.05389860783699305
2992,4424085.0,0.05382363888120973
2993,4424145.0,0.05374451307377936
2994,4424205.0,0.053740379616654864
2995,4424265.0,0.05373773534046556
2996,4424325.0,0.05373695317101413
2997,4424385.0,0.053735870819170646
2998,4424445.0,0.05373648923118702
2999,4424505.0,0.053666009319148895
3000,4424565.0,0.05359490702473808
3001,4424625.0,0.053516939844669494
3002,4424685.0,0.05343023700579828
3003,4424745.0,0.053341646066718144
3004,4424805.0,0.05325380515156306
3005,4424865.0,0.05316366546863522
3006,4424925.0,0.053075213171525144
3007,4424985.0,0.05299834689902894
3008,4425045.0,0.052921179542174214
3009,4425105.0,0.05291895829057628
3010,4425165.0,0.05291605224607814
3011,4425225.0,0.05291314633420444
3012,4425285.0,0.05291109692095395
3013,4425345.0,0.05290823538853485
3014,4425405.0,0.05290633400894874
3015,4425465.0,0.05290635364097778
3016,4425525.0,0.05290757655927101
3017,4425585.0,0.05290890952619302
3018,4425645.0,0.05297384154377122
3019,4425705.0,0.05305320834756306
3020,4425765.0,0.05313194461326735
3021,4425825.0,0.05321237016554912
3022,4425885.0,0.05321700236008262
3023,4425945.0,0.0532240178346863
3024,4426005.0,0.05323151030910577
3025,4426065.0,0.05323719677593546
3026,4426125.0,0.0532465591802185
3027,4426185.0,0.053251741416763844
3028,4426245.0,0.05325562570145791
3029,4426305.0,0.05325916218467066
3030,4426365.0,0.0533384985464038
3031,4426425.0,0.053421586605901274
3032,4426485.0,0.053496032543367454
3033,4426545.0,0.05357155276552817
3034,4426605.0,0.053648732788179034
3035,4426665.0,0.05372724331629775
3036,4426725.0,0.053807064504517076
3037,4426785.0,0.05388745497642571
3038,4426845.0,0.05396857259700993
3039,4426905.0,0.054049524545230564
3040,4426965.0,0.05406484092349246
3041,4427025.0,0.05407318458171039
3042,4427085.0,0.05407983415230202
3043,4427145.0,0.05415943840312009
3044,4427205.0,0.05423898399010375
3045,4427265.0,0.054243645298730596
3046,4427325.0,0.0542466404757583
3047,4427385.0,0.05424883806015344
3048,4427445.0,0.05425177186193365
3049,4427505.0,0.05425477153316533
3050,4427565.0,0.05433042418208967
3051,4427625.0,0.0544086776866036
3052,4427685.0,0.05441839340499897
3053,4427745.0,0.05442855080479755
3054,4427805.0,0.05443765228517349
3055,4427865.0,0.05444473461910206
3056,4427925.0,0.05437520661245098
3057,4427985.0,0.05430417678074626
3058,4428045.0,0.05422800178103227
3059,4428105.0,0.05414800765174476
3060,4428165.0,0.05406721862567399
3061,4428225.0,0.05398515248985002
3062,4428285.0,0.05389683628719432
3063,4428345.0,0.05388257769970175
3064,4428405.0,0.05387009661124587
3065,4428465.0,0.053862653494499486
3066,4428525.0,0.053853664094530775
3067,4428585.0,0.05377603516271829
3068,4428645.0,0.05370355359932893
3069,4428705.0,0.05362787036114052
3070,4428765.0,0.05355074525775149
3071,4428825.0,0.05347283129990662
3072,4428885.0,0.05339511145609321
3073,4428945.0,0.05331723948327393
3074,4429005.0,0.05323957711956568
3075,4429065.0,0.05323796965868178
3076,4429125.0,0.05323736963779351
3077,4429185.0,0.05324116552729096
3078,4429245.0,0.05324449558008535
3079,4429305.0,0.05324580213151688
3080,4429365.0,0.05324658531455754
3081,4429425.0,0.053323737779649834
3082,4429485.0,0.05332662040038815
3083,4429545.0,0.05332977650528146
3084,4429605.0,0.05333255038231107
3085,4429665.0,0.05333540945201879
3086,4429725.0,0.053263413095109784
3087,4429785.0,0.05319215019453106
3088,4429845.0,0.05308761076247768
3089,4429905.0,0.052934266749543026
3090,4429965.0,0.052770743033658814
3091,4430025.0,0.05260663532681708
3092,4430085.0,0.05244962519456436
3093,4430145.0,0.05229620379881913
3094,4430205.0,0.05214200135557847
3095,4430265.0,0.051988264225213916
3096,4430325.0,0.05183529585445324
3097,4430385.0,0.05168381123103027
3098,4430445.0,0.05146025391743276
3099,4430505.0,0.05123214317309146
3100,4430568.0,0.05100225640100773
3101,4430625.0,0.050800040026079026
3102,4430685.0,0.05064942634357925
3103,4430745.0,0.05049735419111257
3104,4430805.0,0.050343647205156584
3105,4430865.0,0.0501897716717123
3106,4430925.0,0.05003540500907492
3107,4430985.0,0.049880414504855565
3108,4431045.0,0.049725476655500166
3109,4431105.0,0.049568827722394966
3110,4431165.0,0.04941312710347797
3111,4431225.0,0.0491880532070758
3112,4431285.0,0.04896234814434469
3113,4431345.0,0.04873620822564526
3114,4431408.0,0.048503853901946864
3115,4431465.0,0.048266942753635016
3116,4431525.0,0.04802963101758447
3117,4431585.0,0.047789158368708354
3118,4431645.0,0.04754454207667757
3119,4431705.0,0.04729342317088465
3120,4431765.0,0.04710839691335989
3121,4431825.0,0.046927541096758105
3122,4431885.0,0.046744970716557685
3123,4431945.0,0.04648722127557415
3124,4432005.0,0.046232464200817565
3125,4432065.0,0.045977373508874965
3126,4432125.0,0.04572077358032743
3127,4432185.0,0.04546920305815081
3128,4432245.0,0.045223272955727305
3129,4432305.0,0.044989014384502056
3130,4432365.0,0.044752586161112745
3131,4432425.0,0.044513667151214374
3132,4432485.0,0.0442761178671513
3133,4432545.0,0.044119580863094955
3134,4432605.0,0.043955478502227176
3135,4432665.0,0.04377011707527582
3136,4432725.0,0.04358368978621666
3137,4432785.0,0.04340215237968391
3138,4432845.0,0.043225921403888805
3139,4432905.0,0.043055888314168136
3140,4432965.0,0.04288941029965045
3141,4433025.0,0.04265298121330204
3142,4433085.0,0.04241453189498264
3143,4433145.0,0.042173661078939675
3144,4433205.0,0.041931607014643955
3145,4433265.0,0.04168898541747632
3146,4433325.0,0.041442804675193116
3147,4433385.0,0.04123695714259822
3148,4433445.0,0.041068989514905195
3149,4433505.0,0.040889045853422935
3150,4433565.0,0.040695638549055974
3151,4433625.0,0.0404954155954372
3152,4433685.0,0.040288732531510295
3153,4433745.0,0.03999650428932398
3154,4433808.0,0.03968285781721366
3155,4433865.0,0.03939756532463799
3156,4433925.0,0.03916561269098008
3157,4433988.0,0.03892692591017464
3158,4434045.0,0.03868824113446192
3159,4434105.0,0.03844986249470369
3160,4434165.0,0.038209417490430504
3161,4434225.0,0.03796853076187432
3162,4434285.0,0.037728090600924226
3163,4434345.0,0.037486397477260944
3164,4434405.0,0.03724325559383394
3165,4434465.0,0.037000042504313664
3166,4434525.0,0.036756424638553394
3167,4434585.0,0.036513473345705635
3168,4434645.0,0.036269945774751476
3169,4434705.0,0.03602583343092693
3170,4434765.0,0.035783451579444125
3171,4434825.0,0.03554777181517061
3172,4434885.0,0.0353193846984795
3173,4434945.0,0.035097206972734066
3174,4435005.0,0.03488247065754068
3175,4435065.0,0.03467067029766433
3176,4435125.0,0.03445193684329455
3177,4435185.0,0.03422951209153019
3178,4435245.0,0.03400297800451759
3179,4435305.0,0.03377366491871849
3180,4435365.0,0.03355363754853617
3181,4435425.0,0.03334510379780014
3182,4435485.0,0.03315714679938008
3183,4435545.0,0.03298629329977548
3184,4435605.0,0.03282932216010358
3185,4435665.0,0.03267462370226288
3186,4435725.0,0.032519967168647614
3187,4435785.0,0.03236473927099894
3188,4435845.0,0.03220920814551086
3189,4435905.0,0.03198290992470374
3190,4435965.0,0.03182798431049721
3191,4436025.0,0.03160195476969335
3192,4436085.0,0.031374816012382754
3193,4436145.0,0.031147165683422427
3194,4436205.0,0.030987775392373566
3195,4436265.0,0.03082625063021594
3196,4436325.0,0.030663339880508768
3197,4436385.0,0.03050216915768359
3198,4436445.0,0.030340698948593856
3199,4436505.0,0.030179095743484714
3200,4436565.0,0.030018538258513076
3201,4436625.0,0.02986761939787002
3202,4436685.0,0.029728929116547634
3203,4436745.0,0.029595410984408772
3204,4436805.0,0.029464141644925626
3205,4436865.0,0.02933373937678338
3206,4436925.0,0.0291973523300813
3207,4436985.0,0.029058634476800974
3208,4437048.0,0.028916860932820906
3209,4437105.0,0.0287564152723667
3210,4437165.0,0.028596358560747943
3211,4437225.0,0.02843797579210685
3212,4437285.0,0.02828032689867426
3213,4437345.0,0.028125148771519483
3214,4437405.0,0.027894050320640615
3215,4437465.0,0.027662868448560612
3216,4437525.0,0.027459920490065882
3217,4437585.0,0.02729921608906888
3218,4437645.0,0.027136929038172365
3219,4437705.0,0.026975965085000712
3220,4437765.0,0.026816031627506558
3221,4437825.0,0.026656103413875476
3222,4437885.0,0.026494611053419832
3223,4437945.0,0.02633296811080816
3224,4438005.0,0.02617114632525954
3225,4438065.0,0.026016392410702048
3226,4438125.0,0.025860845576145326
3227,4438185.0,0.02570651219167539
3228,4438245.0,0.02562684014507486
3229,4438305.0,0.025544911386436185
3230,4438365.0,0.02539213593658958
3231,4438425.0,0.025236987439309827
3232,4438485.0,0.025078190507342203
3233,4438548.0,0.02491914085290528
3234,4438605.0,0.024764053632932374
3235,4438665.0,0.024626023169772783
3236,4438725.0,0.024576863995079155
3237,4438785.0,0.02453710032059315
3238,4438845.0,0.024502357386696115
3239,4438905.0,0.024469777303820564
3240,4438965.0,0.024437505963804493
3241,4439025.0,0.024406972900351022
3242,4439085.0,0.024376111822305348
3243,4439145.0,0.024269551320829363
3244,4439205.0,0.024159062224334005
3245,4439265.0,0.024042593982007594
3246,4439325.0,0.02392476287208737
3247,4439385.0,0.02387395415170989
3248,4439445.0,0.02381569319100068
3249,4439505.0,0.023748733934699347
3250,4439565.0,0.023673423001893443
3251,4439625.0,0.023594156395022978
3252,4439685.0,0.0235158258706811
3253,4439745.0,0.023436763111733636
3254,4439805.0,0.023356018551667114
3255,4439865.0,0.0232009598529787
3256,4439925.0,0.02304110359513651
3257,4439985.0,0.022879546494953655
3258,4440045.0,0.022715912703821596
3259,4440105.0,0.022481788508866056
3260,4440165.0,0.022250418121893704
3261,4440225.0,0.02201742910699462
3262,4440285.0,0.02193194922620139
3263,4440345.0,0.021850002958569655
3264,4440405.0,0.021767891083147535
3265,4440465.0,0.021687110565423225
3266,4440525.0,0.021534199856675887
3267,4440585.0,0.02137934220669626
3268,4440645.0,0.021257902059791334
3269,4440705.0,0.021442562350826137
3270,4440765.0,0.02152916835051652
3271,4440825.0,0.0216154860732357
3272,4440885.0,0.02162210599093802
3273,4440945.0,0.021625005281857693
3274,4441005.0,0.02162770641857375
3275,4441065.0,0.021630168541993226
3276,4441125.0,0.021632538916613812
3277,4441185.0,0.021634007849770688
3278,4441245.0,0.0216357331412595
3279,4441305.0,0.02163845744007646
3280,4441365.0,0.02164064525732752
3281,4441425.0,0.021640550122491387
3282,4441485.0,0.021639508101472367
3283,4441545.0,0.021708132315268983
3284,4441608.0,0.02177889336023551
3285,4441665.0,0.021780153195873925
3286,4441725.0,0.02178168963113833
3287,4441785.0,0.021783016078135035
3288,4441845.0,0.021785059919228737
3289,4441905.0,0.021787949509780212
3290,4441965.0,0.021788960090340675
3291,4442025.0,0.021861154425246547
3292,4442085.0,0.02193522480925872
3293,4442145.0,0.022018366842104987
3294,4442205.0,0.022106007160973648
3295,4442265.0,0.022196558817221317
3296,4442325.0,0.022289319108674495
3297,4442385.0,0.022379734696047655
3298,4442445.0,0.022471272847956136
3299,4442505.0,0.02256005080601435
3300,4442565.0,0.022575256000019167
3301,4442625.0,0.022578330424884954
3302,4442685.0,0.022578915478430987
3303,4442745.0,0.022652726775324324
3304,4442805.0,0.02265281830289413
3305,4442865.0,0.022653673389568904
3306,4442925.0,0.022653930630343412
3307,4442985.0,0.022655284213222236
3308,4443045.0,0.022689689699471022
3309,4443105.0,0.022764108111051652
3310,4443165.0,0.02283630637176042
3311,4443225.0,0.022836699807686725
3312,4443285.0,0.02283550167320434
3313,4443345.0,0.022832641901912094
3314,4443405.0,0.022840737676030717
3315,4443465.0,0.02286855921890279
3316,4443525.0,0.022970913831930527
3317,4443585.0,0.023070049890517072
3318,4443645.0,0.02316501997864786
3319,4443705.0,0.023181724037655574
3320,4443765.0,0.023194901308867227
3321,4443825.0,0.023207699599552545
3322,4443885.0,0.02321868372404618
3323,4443945.0,0.02328717858103152
3324,4444005.0,0.023368987744721292
3325,4444065.0,0.023452245470863928
3326,4444125.0,0.023472089923127923
3327,4444185.0,0.0234861744167092
3328,4444245.0,0.02349957513271491
3329,4444305.0,0.023527312792150798
3330,4444365.0,0.02356691141244288
3331,4444425.0,0.023613501072838702
3332,4444485.0,0.02366754702725688
3333,4444545.0,0.023733960301817007
3334,4444605.0,0.023819144780086295
3335,4444665.0,0.023905477849090327
3336,4444725.0,0.023991385255579263
3337,4444785.0,0.02407803679391044
3338,4444845.0,0.02416523204902031
3339,4444905.0,0.024251426102147554
3340,4444965.0,0.024338166948056537
3341,4445025.0,0.02442353069075355
3342,4445085.0,0.024508974732723114
3343,4445145.0,0.024593339338707054
3344,4445205.0,0.024678831537405042
3345,4445265.0,0.024764467440573937
3346,4445325.0,0.024850219216704522
3347,4445385.0,0.024937409358795785
3348,4445445.0,0.02502347959589455
3349,4445505.0,0.025110818217011666
3350,4445565.0,0.025197004767779772
3351,4445625.0,0.025278708635125276
3352,4445685.0,0.025352854360678675
3353,4445745.0,0.02542127485602063
3354,4445805.0,0.025481300051229547
3355,4445865.0,0.02553268019547078
3356,4445925.0,0.025586613817693463
3357,4445985.0,0.025640861287231607
3358,4446045.0,0.025699125258274988
3359,4446105.0,0.02576003157379731
3360,4446165.0,0.025811866712035884
3361,4446228.0,0.025853205749739094
3362,4446285.0,0.025874304807368
3363,4446345.0,0.025876263160428313
3364,4446405.0,0.025864601029597915
3365,4446465.0,0.02585199126292189
3366,4446525.0,0.025837783780816324
3367,4446585.0,0.025823165251653783
3368,4446645.0,0.02580828124017901
3369,4446705.0,0.025793835205489557
3370,4446765.0,0.025717988083665114
3371,4446825.0,0.025714817047963315
3372,4446885.0,0.02571321221852061
3373,4446945.0,0.0257685189404407
3374,4447005.0,0.02576992038790807
3375,4447065.0,0.025770548851738476
3376,4447125.0,0.025769931866201426
3377,4447185.0,0.025769571164732934
3378,4447245.0,0.025770028087269047
3379,4447305.0,0.02577244087714961
3380,4447365.0,0.02577549141701648
3381,4447425.0,0.025768418275327568
3382,4447485.0,0.02575089668712586
3383,4447545.0,0.02572825725387165
3384,4447605.0,0.025704084579314584
3385,4447665.0,0.02561073392614332
3386,4447725.0,0.025514999859199562
3387,4447785.0,0.025421917779045386
3388,4447845.0,0.025404933579606298
3389,4447905.0,0.025405575195225107
3390,4447965.0,0.025404525403048606
3391,4448025.0,0.025403044813610283
3392,4448088.0,0.025403254689313627
3393,4448145.0,0.02532885901230783
3394,4448205.0,0.025328921218844863
3395,4448265.0,0.02532793559437488
3396,4448325.0,0.025371550992669988
3397,4448385.0,0.025375204025504763
3398,4448445.0,0.025377925132168848
3399,4448505.0,0.02538176653199197
3400,4448565.0,0.025339711473511786
3401,4448625.0,0.025268881879813347
3402,4448685.0,0.02519736969282472
3403,4448745.0,0.02520164437056842
3404,4448805.0,0.025205785417589097
3405,4448865.0,0.0252762559898003
3406,4448925.0,0.025348787868467067
3407,4448985.0,0.025420630931991456
3408,4449045.0,0.025418573468453366
3409,4449105.0,0.02534677412509421
3410,4449165.0,0.025273266423936853
3411,4449225.0,0.02520016930667078
3412,4449285.0,0.025127866451954757
3413,4449345.0,0.025054450892696957
3414,4449405.0,0.024975734919609048
3415,4449465.0,0.024881533944501093
3416,4449525.0,0.024775743637248535
3417,4449585.0,0.02466198905726271
3418,4449645.0,0.024544408770035338
3419,4449705.0,0.024423896164187116
3420,4449765.0,0.024301116294524867
3421,4449825.0,0.02417801272458546
3422,4449885.0,0.024054863672523095
3423,4449945.0,0.023932067168039514
3424,4450005.0,0.023810437318711783
3425,4450068.0,0.023692553863956155
3426,4450125.0,0.023576623256424005
3427,4450185.0,0.0234679293691046
3428,4450245.0,0.02336855130680012
3429,4450305.0,0.02328018896292413
3430,4450368.0,0.023201787842418282
3431,4450425.0,0.023127642707747885
3432,4450485.0,0.023051980964131843
3433,4450545.0,0.022976102701844865
3434,4450605.0,0.022901927364437157
3435,4450665.0,0.022829107181109455
3436,4450725.0,0.02275825299365402
3437,4450785.0,0.022685783051179326
3438,4450845.0,0.022613549801975073
3439,4450905.0,0.022612806274858427
3440,4450965.0,0.02261070923601642
3441,4451028.0,0.022609746261571605
3442,4451085.0,0.022537676878951536
3443,4451145.0,0.022462956135350147
3444,4451205.0,0.022387401820211733
3445,4451265.0,0.02231166074860018
3446,4451325.0,0.02230894590234854
3447,4451385.0,0.02230714914151049
3448,4451445.0,0.022305248338830005
3449,4451505.0,0.022045637259405455
3450,4451565.0,0.021972238897366096
3451,4451625.0,0.021897161990470218
3452,4451685.0,0.021894043310203268
3453,4451745.0,0.02189121452135661
3454,4451805.0,0.021888658003605614
3455,4451868.0,0.021885946178759746
3456,4451925.0,0.02188360555211407
3457,4451985.0,0.02195796366840977
3458,4452045.0,0.02203215314910155
3459,4452105.0,0.022030781824716496
3460,4452165.0,0.022028856834686958
3461,4452225.0,0.022029841937619678
3462,4452288.0,0.02203146480762444
3463,4452345.0,0.021963172470601033
3464,4452405.0,0.021893468842190227
3465,4452465.0,0.021894267376099875
3466,4452525.0,0.021894198018269723
3467,4452585.0,0.02196821270972875
3468,4452645.0,0.022042677553621055
3469,4452705.0,0.021971497737876593
3470,4452765.0,0.021900918825114503
3471,4452825.0,0.02183018401754909
3472,4452885.0,0.021757528591205534
3473,4452945.0,0.0216752489756869
3474,4453005.0,0.02158843630803984
3475,4453065.0,0.02149734865095316
3476,4453125.0,0.02140374843330728
3477,4453185.0,0.021312523569215903
3478,4453245.0,0.021219394462983307
3479,4453305.0,0.021129168684156048
3480,4453368.0,0.021042748087312838
3481,4453425.0,0.02096761973534388
3482,4453485.0,0.020893575554205977
3483,4453545.0,0.020818885963106902
3484,4453605.0,0.020818781124383994
3485,4453665.0,0.02081836367259628
3486,4453725.0,0.020818648149990696
3487,4453785.0,0.020814832325286865
3488,4453845.0,0.020779918436507665
3489,4453905.0,0.020703425433392177
3490,4453965.0,0.02063014276051264
3491,4454025.0,0.020692709264611545
3492,4454085.0,0.02076697186156263
3493,4454145.0,0.020841562634301588
3494,4454205.0,0.02091538025006775
3495,4454265.0,0.020914884333117906
3496,4454325.0,0.020841698164972385
3497,4454385.0,0.02076661151709108
3498,4454445.0,0.020691224303425865
3499,4454505.0,0.02069004677574835
3500,4454565.0,0.02068858956270174
3501,4454625.0,0.020687946272846536
3502,4454685.0,0.02068845368273086
3503,4454745.0,0.020630738784734415
3504,4454805.0,0.020559228422162457
3505,4454865.0,0.020485657012929946
3506,4454925.0,0.020476825717110566
3507,4454985.0,0.020474630236499296
3508,4455045.0,0.020473134781729775
3509,4455105.0,0.02046985268252378
3510,4455165.0,0.020468282575305828
3511,4455225.0,0.02046745825258423
3512,4455285.0,0.020466076301835195
3513,4455345.0,0.020465111383732557
3514,4455405.0,0.020465090035860323
3515,4455465.0,0.02046462628909158
3516,4455525.0,0.020462819427042665
3517,4455585.0,0.020460348039490848
3518,4455645.0,0.020456343362764917
3519,4455705.0,0.020453171560015873
3520,4455768.0,0.02052589493190414
3521,4455825.0,0.02060159870622245
3522,4455885.0,0.020677905764822042
3523,4455945.0,0.020678772510984017
3524,4456005.0,0.02067999479306242
3525,4456065.0,0.020680893369398344
3526,4456125.0,0.020682021503913912
3527,4456185.0,0.020681712814612258
3528,4456245.0,0.020683558992505516
3529,4456305.0,0.02068466268365355
3530,4456365.0,0.020926103049030094
3531,4456425.0,0.021002073780585686
3532,4456485.0,0.02107738933269011
3533,4456545.0,0.021153011171299023
3534,4456605.0,0.021229615271212192
3535,4456665.0,0.021236426425937725
3536,4456725.0,0.02124690288556342
3537,4456785.0,0.02126047072178113
3538,4456845.0,0.021273504758136372
3539,4456908.0,0.02128676311614048
3540,4456965.0,0.021374891713261318
3541,4457025.0,0.021466078616433494
3542,4457085.0,0.021557598565405144
3543,4457145.0,0.021572514883957568
3544,4457205.0,0.021586578342875008
3545,4457265.0,0.02159986148129483
3546,4457325.0,0.021614400123153292
3547,4457385.0,0.021629113845398118
3548,4457445.0,0.021644935133083472
3549,4457505.0,0.021660709880519304
3550,4457565.0,0.021666868063636747
3551,4457625.0,0.021671370254541855
3552,4457685.0,0.021676771327706755
3553,4457745.0,0.02162308928548331
3554,4457805.0,0.021552861110418743
3555,4457865.0,0.02148234019888235
3556,4457925.0,0.0214121318235053
3557,4457985.0,0.021439886502429346
3558,4458045.0,0.021441206645724298
3559,4458105.0,0.021440897325669277
3560,4458165.0,0.021440738238884607
3561,4458225.0,0.021365378109904534
3562,4458285.0,0.021290127919954945
3563,4458345.0,0.021215422311730063
3564,4458405.0,0.021139736203117064
3565,4458465.0,0.021132066194284586
3566,4458525.0,0.021131225986750907
3567,4458585.0,0.021130426864711935
3568,4458645.0,0.02105755065542798
3569,4458705.0,0.020983453195528627
3570,4458765.0,0.020911688585013345
3571,4458825.0,0.020840159934316146
3572,4458885.0,0.020767332813616125
3573,4458945.0,0.02076792772314036
3574,4459005.0,0.020767964845848374
3575,4459065.0,0.020767963037649276
3576,4459125.0,0.020693700961960777
3577,4459185.0,0.02061874327371677
3578,4459245.0,0.020544934573382686
3579,4459305.0,0.02046975769743946
3580,4459365.0,0.02044015682698305
3581,4459425.0,0.020439390114667905
3582,4459485.0,0.02043932196663783
3583,4459545.0,0.020364706142173238
3584,4459605.0,0.020288710874868388
3585,4459665.0,0.020188789214457672
3586,4459725.0,0.020082496151315053
3587,4459785.0,0.01997541171786542
3588,4459845.0,0.019872099157408056
3589,4459905.0,0.019845785424229802
3590,4459965.0,0.019832781309469028
3591,4460028.0,0.01983096398324629
3592,4460085.0,0.019830304983899177
3593,4460148.0,0.019883002084797225
3594,4460205.0,0.019959411489025882
3595,4460265.0,0.02003658952174071
3596,4460325.0,0.020115121300630187
3597,4460385.0,0.020193077144845042
3598,4460445.0,0.020268624986156142
3599,4460505.0,0.020343555525850508
3600,4460565.0,0.02041880103866656
3601,4460625.0,0.02049317598205755
3602,4460688.0,0.020567953680871096
3603,4460745.0,0.020644197909558258
3604,4460805.0,0.02072108948017273
3605,4460865.0,0.020798514061496957
3606,4460925.0,0.02087589470597958
3607,4460985.0,0.020953666751428027
3608,4461045.0,0.021032331902263373
3609,4461105.0,0.02103311820725804
3610,4461165.0,0.021034664177828902
3611,4461225.0,0.02103549046623856
3612,4461285.0,0.02103757063274469
3613,4461345.0,0.02103999103393495
3614,4461405.0,0.021041552619037816
3615,4461465.0,0.021042521605107035
3616,4461525.0,0.02104371857735096
3617,4461585.0,0.021044829480845358
3618,4461645.0,0.02104628054168841
3619,4461705.0,0.021047769412424408
3620,4461765.0,0.02104994916754909
3621,4461825.0,0.021052296896588406
3622,4461885.0,0.02105425364353821
3623,4461945.0,0.02105578150464989
3624,4462005.0,0.02105801183269968
3625,4462065.0,0.02106025380197932
3626,4462125.0,0.0210623038265232
3627,4462185.0,0.021065460872283916
3628,4462245.0,0.021068390942369522
3629,4462305.0,0.021070043046221093
3630,4462365.0,0.021071940382199516
3631,4462425.0,0.021073027691060155
3632,4462485.0,0.021074541624387967
3633,4462545.0,0.021075769537361035
3634,4462605.0,0.021077227664419787
3635,4462665.0,0.021079169866453914
3636,4462725.0,0.02108003487095528
3637,4462785.0,0.021005634422652637
3638,4462845.0,0.02092992586183093
3639,4462905.0,0.020929425945886312
3640,4462965.0,0.020930232968394524
3641,4463025.0,0.020930157573343204
3642,4463085.0,0.020930359332811673
3643,4463145.0,0.020931886066213445
3644,4463205.0,0.02093470469490363
3645,4463265.0,0.020914711412025385
3646,4463325.0,0.020867134659434457
3647,4463385.0,0.020745705792671335
3648,4463445.0,0.02063952459092088
3649,4463505.0,0.020615475176895055
3650,4463565.0,0.020608802619050542
3651,4463625.0,0.020608889158807257
3652,4463685.0,0.020609410711261607
3653,4463745.0,0.020609763100354617
3654,4463805.0,0.020683431510182086
3655,4463865.0,0.02075939188657252
3656,4463925.0,0.020835885640689132
3657,4463985.0,0.020669301941612372
3658,4464045.0,0.020670033277877305
3659,4464105.0,0.020669961364133113
3660,4464165.0,0.020670519818717432
3661,4464225.0,0.020670941699626348
3662,4464285.0,0.020747740830115522
3663,4464345.0,0.020826883084914743
3664,4464405.0,0.020826935692042275
3665,4464465.0,0.02082702592584179
3666,4464525.0,0.020826502580827418
3667,4464585.0,0.020859072228651854
3668,4464645.0,0.02093543319452085
3669,4464705.0,0.021012707686101396
3670,4464765.0,0.02108898665172954
3671,4464825.0,0.02110191456316005
3672,4464885.0,0.02110376443620591
3673,4464945.0,0.021105297270170045
3674,4465005.0,0.021108932589738588
3675,4465065.0,0.02111061658146625
3676,4465125.0,0.021111580173556167
3677,4465185.0,0.02111326633290464
3678,4465245.0,0.02118927132331759
3679,4465305.0,0.021264077637557798
3680,4465365.0,0.021340253088719327
3681,4465425.0,0.021415750028366702
3682,4465485.0,0.02149056585683779
3683,4465545.0,0.021567081297959097
3684,4465605.0,0.02164486512091983
3685,4465665.0,0.02164594936887069
3686,4465725.0,0.02164800319412024
3687,4465785.0,0.02164916633914113
3688,4465845.0,0.021649796863422173
3689,4465905.0,0.02165056707901558
3690,4465965.0,0.0216503929442943
3691,4466025.0,0.021649824862296656
3692,4466085.0,0.021649800168723934
3693,4466145.0,0.021650072054761757
3694,4466205.0,0.02165066956528438
3695,4466265.0,0.021651776228522518
3696,4466325.0,0.021651958859913896
3697,4466385.0,0.021648891147544702
3698,4466445.0,0.021644516190782274
3699,4466505.0,0.021638686324902005
3700,4466565.0,0.021557144742628
3701,4466625.0,0.021473086007383055
3702,4466685.0,0.021388168264499914
3703,4466745.0,0.02137889469935962
3704,4466805.0,0.02137081333844
3705,4466865.0,0.02136009680905685
3706,4466925.0,0.021345979968544544
3707,4466985.0,0.021331375062364023
3708,4467045.0,0.021313990779421553
3709,4467108.0,0.021296793559211998
3710,4467165.0,0.021038991232530106
3711,4467225.0,0.020947151173746632
3712,4467285.0,0.020857395176583873
3713,4467345.0,0.02076887762425055
3714,4467405.0,0.020681521860539624
3715,4467465.0,0.02066887524037842
3716,4467525.0,0.020655148102217996
3717,4467585.0,0.0206422908828005
3718,4467645.0,0.02062806689839615
3719,4467705.0,0.02061509481355351
3720,4467765.0,0.020529051059854593
3721,4467825.0,0.020440846448175808
3722,4467885.0,0.02035116348040907
3723,4467945.0,0.02033796085884875
3724,4468005.0,0.020326083703987835
3725,4468065.0,0.020315239366157967
3726,4468125.0,0.02030323900740176
3727,4468185.0,0.020292895871197005
3728,4468245.0,0.020281942707833362
3729,4468305.0,0.020271538359428347
3730,4468365.0,0.020261693710753426
3731,4468425.0,0.020257111332211697
3732,4468485.0,0.02025190754806095
3733,4468545.0,0.020249262256000412
3734,4468605.0,0.020248033311040515
3735,4468665.0,0.020302940929908874
3736,4468725.0,0.020379593841122878
3737,4468785.0,0.020357448014353432
3738,4468845.0,0.02032296511460079
3739,4468905.0,0.02025140023189135
3740,4468965.0,0.02017680814742347
3741,4469025.0,0.020235664661055967
3742,4469085.0,0.020310623341316312
3743,4469145.0,0.02038480519095988
3744,4469205.0,0.020459926062274363
3745,4469265.0,0.02053583016105179
3746,4469325.0,0.02053644014910527
3747,4469385.0,0.020537085281145638
3748,4469445.0,0.020571968629233793
3749,4469505.0,0.020647181905984656
3750,4469565.0,0.020721490388891633
3751,4469625.0,0.020797039597431472
3752,4469685.0,0.0207977800779878
3753,4469745.0,0.02079693409071242
3754,4469805.0,0.020827813079824172
3755,4469865.0,0.020903622393611904
3756,4469925.0,0.02098006840008044
3757,4469985.0,0.021060553793642516
3758,4470045.0,0.021065075800058997
3759,4470105.0,0.021072552406459784
3760,4470165.0,0.021082175255899824
3761,4470225.0,0.021087604391975063
3762,4470285.0,0.021088559790689847
3763,4470345.0,0.021153692828596297
3764,4470405.0,0.02122053673927818
3765,4470465.0,0.021320667827984405
3766,4470525.0,0.02135436639344533
3767,4470585.0,0.02138847287309531
3768,4470648.0,0.02141767541356364
3769,4470705.0,0.021445121024729195
3770,4470765.0,0.021528554246695454
3771,4470825.0,0.02160257922188897
3772,4470885.0,0.021601751262749415
3773,4470945.0,0.021531630748424013
3774,4471005.0,0.021434062879384472
3775,4471065.0,0.021321306441796868
3776,4471125.0,0.021192883301273127
3777,4471185.0,0.02105552473428736
3778,4471245.0,0.020935089640769268
3779,4471305.0,0.02084003875473121
3780,4471365.0,0.02076172699004169
3781,4471425.0,0.020750146513916524
3782,4471485.0,0.020755453555552934
3783,4471545.0,0.020745067908032565
3784,4471605.0,0.020733360788611037
3785,4471665.0,0.02065438037142961
3786,4471725.0,0.020540349490775895
3787,4471785.0,0.020454478497245004
3788,4471845.0,0.020373926781176818
3789,4471905.0,0.020371500191347966
3790,4471965.0,0.020443223368660664
3791,4472025.0,0.02052127937622071
3792,4472085.0,0.02060319344706882
3793,4472145.0,0.020611197320766567
3794,4472205.0,0.020621318169165265
3795,4472265.0,0.020628517148353363
3796,4472325.0,0.020631420340491223
3797,4472385.0,0.02070625538260042
3798,4472445.0,0.020791229807945996
3799,4472505.0,0.020875356341635107
3800,4472565.0,0.020960108813630363
3801,4472625.0,0.0210389361855651
3802,4472685.0,0.021114031900448013
3803,4472745.0,0.021195102127468814
3804,4472805.0,0.021196265899199755
3805,4472865.0,0.021193207479747928
3806,4472925.0,0.02119007976704046
3807,4472985.0,0.021252275109503588
3808,4473045.0,0.02132362955305992
3809,4473105.0,0.021209690518460736
3810,4473165.0,0.02120966777376397
3811,4473225.0,0.021211468552645406
3812,4473285.0,0.02121216166419343
3813,4473345.0,0.021242155727423495
3814,4473405.0,0.021316696380966067
3815,4473465.0,0.021392040803784963
3816,4473525.0,0.021468627194429685
3817,4473585.0,0.02154457546546746
3818,4473645.0,0.021543799059290804
3819,4473705.0,0.021542897887355195
3820,4473765.0,0.02154174455758271
3821,4473825.0,0.021619345143202726
3822,4473885.0,0.021699866655707334
3823,4473945.0,0.021778667542412533
3824,4474005.0,0.021854728622613562
3825,4474065.0,0.021951744387998143
3826,4474125.0,0.022092901003584284
3827,4474185.0,0.02223852768549512
3828,4474245.0,0.022364036835442067
3829,4474305.0,0.022464516220273796
3830,4474365.0,0.02254836834713106
3831,4474425.0,0.02262447520846423
3832,4474485.0,0.02262414406945682
3833,4474545.0,0.02262442419504137
3834,4474605.0,0.022551586125662902
3835,4474665.0,0.022544419435313885
3836,4474725.0,0.022543945787442697
3837,4474785.0,0.022785657322401433
3838,4474845.0,0.022860088988680867
3839,4474905.0,0.022936323492650443
3840,4474965.0,0.023012431849969414
3841,4475025.0,0.023086512526756767
3842,4475085.0,0.0230116540297435
3843,4475145.0,0.022934620749541758
3844,4475205.0,0.022998495124215944
3845,4475265.0,0.023073608970390028
3846,4475325.0,0.02315066333646907
3847,4475385.0,0.023198116176997144
3848,4475445.0,0.023200698619881832
3849,4475505.0,0.023126144467166
3850,4475565.0,0.023052328973801654
3851,4475625.0,0.02297828980978297
3852,4475688.0,0.022903951963068554
3853,4475745.0,0.022830357687350457
3854,4475805.0,0.02282793704656249
3855,4475865.0,0.02290407303479995
3856,4475925.0,0.022981639196662684
3857,4475985.0,0.02298423938582228
3858,4476045.0,0.022911367470456162
3859,4476105.0,0.022838074733519273
3860,4476165.0,0.022764002263110858
3861,4476225.0,0.022763122594905545
3862,4476285.0,0.022765006859009444
3863,4476345.0,0.022688929276503754
3864,4476405.0,0.022612873916309492
3865,4476465.0,0.02261307461984382
3866,4476525.0,0.022612688608010523
3867,4476585.0,0.022685065633376973
3868,4476645.0,0.02275898166762346
3869,4476705.0,0.02283423124246866
3870,4476765.0,0.022909594911372323
3871,4476825.0,0.022985947790771677
3872,4476885.0,0.023062078274555246
3873,4476945.0,0.023062897155777355
3874,4477005.0,0.023062658418310414
3875,4477065.0,0.02306199695668703
3876,4477125.0,0.023137726721177303
3877,4477185.0,0.023219924955225686
3878,4477245.0,0.023303771381428563
3879,4477305.0,0.02331236623807377
3880,4477365.0,0.023321831988818834
3881,4477425.0,0.023331456724950593
3882,4477485.0,0.023404743442877095
3883,4477545.0,0.023489232034684365
3884,4477605.0,0.023573739586516283
3885,4477665.0,0.02363061543396424
3886,4477725.0,0.023640161525049788
3887,4477785.0,0.0236453573399489
3888,4477845.0,0.023649332066685833
3889,4477905.0,0.023665298989497957
3890,4477965.0,0.023681201340046983
3891,4478025.0,0.02369611900513815
3892,4478088.0,0.023709903221153274
3893,4478145.0,0.023798607563557873
3894,4478205.0,0.023888410611011296
3895,4478265.0,0.023978725143400458
3896,4478325.0,0.023993526758884567
3897,4478385.0,0.024007514933667727
3898,4478445.0,0.024023453772618414
3899,4478505.0,0.024037678856034757
3900,4478565.0,0.024050356063957536
3901,4478625.0,0.024063054171222092
3902,4478685.0,0.024077325483659408
3903,4478745.0,0.024092016537867876
3904,4478805.0,0.024106570350164315
3905,4478865.0,0.02411943108940485
3906,4478925.0,0.024133218765132775
3907,4478985.0,0.024145614074641823
3908,4479045.0,0.02422910190256345
3909,4479105.0,0.024309715542157995
3910,4479165.0,0.02439020430706633
3911,4479225.0,0.024436902995579143
3912,4479285.0,0.024438037600301096
3913,4479345.0,0.024438068289540156
3914,4479405.0,0.024440549753301698
3915,4479465.0,0.02438639182390733
3916,4479525.0,0.024312486791996588
3917,4479585.0,0.02423768205048716
3918,4479645.0,0.024200775863358018
3919,4479705.0,0.02417032674932769
3920,4479765.0,0.024134364498776574
3921,4479825.0,0.024037567575493496
3922,4479885.0,0.023926254882349444
3923,4479945.0,0.023813932201956045
3924,4480005.0,0.023713317191077672
3925,4480065.0,0.02363200376042958
3926,4480125.0,0.023631297135434645
3927,4480185.0,0.02363028084838619
3928,4480245.0,0.023595696256671843
3929,4480305.0,0.023593847443029177
3930,4480365.0,0.0235932814631089
3931,4480425.0,0.023592478936998375
3932,4480485.0,0.02359198668284048
3933,4480545.0,0.02359256903410492
3934,4480605.0,0.02356197445084151
3935,4480665.0,0.023488050735821726
3936,4480725.0,0.023408443765310545
3937,4480785.0,0.023276676961719416
3938,4480848.0,0.023210927394552924
3939,4480905.0,0.02314789943695303
3940,4480965.0,0.02308630907602012
3941,4481028.0,0.02303615696787844
3942,4481085.0,0.02301442875125189
3943,4481145.0,0.02294347064326055
3944,4481205.0,0.02287593891137149
3945,4481265.0,0.022801852165018212
3946,4481325.0,0.02280408269610882
3947,4481385.0,0.022806805458809726
3948,4481445.0,0.022809801862479114
3949,4481505.0,0.022809916478442147
3950,4481565.0,0.022740891891511135
3951,4481625.0,0.02265705401880959
3952,4481685.0,0.022636077356675242
3953,4481745.0,0.022651093832586587
3954,4481805.0,0.02267292359640668
3955,4481868.0,0.022709252300102206
3956,4481925.0,0.022782341825219675
3957,4481985.0,0.022914829690863378
3958,4482045.0,0.023033012437974357
3959,4482105.0,0.023125596206262554
3960,4482165.0,0.02312766753930981
3961,4482225.0,0.02306289496259481
3962,4482285.0,0.022981884058853326
3963,4482345.0,0.022915237411632948
3964,4482405.0,0.022923636887849673
3965,4482465.0,0.022998697084765776
3966,4482525.0,0.023110121037570527
3967,4482585.0,0.023194164803416815
3968,4482645.0,0.023200712139234164
3969,4482705.0,0.023203344658426044
3970,4482765.0,0.023130418509688624
3971,4482825.0,0.02305236196009979
3972,4482885.0,0.023045036154641575
3973,4482948.0,0.02311227058518335
3974,4483005.0,0.023178019189947656
3975,4483065.0,0.023170819392433158
3976,4483125.0,0.02316715197466325
3977,4483185.0,0.02309194571026093
3978,4483245.0,0.02300738274589397
3979,4483305.0,0.022923685358994972
3980,4483365.0,0.022839263656786117
3981,4483428.0,0.02281330010832954
3982,4483485.0,0.022810858627805568
3983,4483545.0,0.022802483461747666
3984,4483605.0,0.022873308970515427
3985,4483665.0,0.022950445016551996
3986,4483725.0,0.02302921735806593
3987,4483788.0,0.02304083313693732
3988,4483845.0,0.023042790780003423
3989,4483905.0,0.023230127865543022
3990,4483965.0,0.023302663952838518
3991,4484025.0,0.023375471203935676
3992,4484085.0,0.023449508642878966
3993,4484145.0,0.02349577492211489
3994,4484205.0,0.023499084873583452
3995,4484265.0,0.02349831606329151
3996,4484325.0,0.023496426463441918
3997,4484385.0,0.02349512199555974
3998,4484445.0,0.023495580066228386
3999,4484505.0,0.02349563051352973
4000,4484565.0,0.0234956991431967
4001,4484625.0,0.023416616135904213
4002,4484685.0,0.023335054042630823
4003,4484745.0,0.023254087023307328
4004,4484805.0,0.02317497022609786
4005,4484865.0,0.023098319153783013
4006,4484925.0,0.02300463680119904
4007,4484985.0,0.022981031417158848
4008,4485045.0,0.022961908084445183
4009,4485105.0,0.022959104963836116
4010,4485165.0,0.022956830695745487
4011,4485225.0,0.022952904924886913
4012,4485285.0,0.023027274185557098
4013,4485345.0,0.02311030008358029
4014,4485405.0,0.0231959741499426
4015,4485465.0,0.023219678861549416
4016,4485525.0,0.02323693977130531
4017,4485588.0,0.02325657613042071
4018,4485645.0,0.023276178605148246
4019,4485705.0,0.02329351311453593
4020,4485765.0,0.023317308571792608
4021,4485825.0,0.02339950660898929
4022,4485885.0,0.023583513241605264
4023,4485945.0,0.02384386757370706
4024,4486005.0,0.024064263657173374
4025,4486065.0,0.024274015099858194
4026,4486125.0,0.02448363733030834
4027,4486185.0,0.024695344809900766
4028,4486245.0,0.02490256848565745
4029,4486305.0,0.025185213446421682
4030,4486365.0,0.025464572855635116
4031,4486425.0,0.025740060160827076
4032,4486485.0,0.026014868293231845
4033,4486545.0,0.02628984237062637
4034,4486605.0,0.026486739688182055
4035,4486665.0,0.026680596917604167
4036,4486725.0,0.026869822408537296
4037,4486785.0,0.02713180506272409
4038,4486845.0,0.027394299731762023
4039,4486905.0,0.027657231874054194
4040,4486965.0,0.027912573881748816
4041,4487025.0,0.028095295255178815
4042,4487085.0,0.028269619483085963
4043,4487145.0,0.02851845315304418
4044,4487205.0,0.028754846466465096
4045,4487265.0,0.028994243860049305
4046,4487325.0,0.029230898664559225
4047,4487385.0,0.029392553298604317
4048,4487445.0,0.02955441371964667
4049,4487505.0,0.029712258139273327
4050,4487565.0,0.02987082622974023
4051,4487625.0,0.03002799878455724
4052,4487685.0,0.030108437699976114
4053,4487745.0,0.030262885304957056
4054,4487805.0,0.030416904306204806
4055,4487865.0,0.030571961061268096
4056,4487925.0,0.030651546931675072
4057,4487985.0,0.030727083542741777
4058,4488045.0,0.030805163258510106
4059,4488105.0,0.030959678262798183
4060,4488165.0,0.031112522393698827
4061,4488225.0,0.03126522844533195
4062,4488285.0,0.03135444944212586
4063,4488345.0,0.031432821798262685
4064,4488405.0,0.03151090088525015
4065,4488465.0,0.03161842535379672
4066,4488525.0,0.03177691366638367
4067,4488585.0,0.03194117111281962
4068,4488645.0,0.03210824836722062
4069,4488705.0,0.03226261203000432
4070,4488765.0,0.03241777171546966
4071,4488825.0,0.032572823871866816
4072,4488885.0,0.03272757734101956
4073,4488945.0,0.032806046167285226
4074,4489005.0,0.03288293248481007
4075,4489068.0,0.03295926487010798
4076,4489125.0,0.03311104131157289
4077,4489185.0,0.03326345034293469
4078,4489245.0,0.03341578338524736
4079,4489305.0,0.03356875922398777
4080,4489365.0,0.033722055834675774
4081,4489425.0,0.03387406898595607
4082,4489485.0,0.03402474483905125
4083,4489545.0,0.034176340149224015
4084,4489605.0,0.03432726457462131
4085,4489665.0,0.03447844646461691
4086,4489725.0,0.03462867857061594
4087,4489785.0,0.034779974851496795
4088,4489845.0,0.03485947883185737
4089,4489905.0,0.034940184184043786
4090,4489965.0,0.03501766977638971
4091,4490025.0,0.03519773869940853
4092,4490085.0,0.03542383316322385
4093,4490145.0,0.03565273610338699
4094,4490205.0,0.03588179862868566
4095,4490265.0,0.03611286988777395
4096,4490325.0,0.03626784018014472
4097,4490385.0,0.036420463683587395
4098,4490445.0,0.036573426831338914
4099,4490505.0,0.03675659263931232
4100,4490565.0,0.03702256523936246
4101,4490625.0,0.03729066700429806
4102,4490685.0,0.03755849734538654
4103,4490745.0,0.03782705936137001
4104,4490805.0,0.03808439430559663
4105,4490865.0,0.03832327786206625
4106,4490925.0,0.03855870787241318
4107,4490985.0,0.03871450488344504
4108,4491045.0,0.0388695581324063
4109,4491105.0,0.038952024425893746
4110,4491168.0,0.03903246440387365
4111,4491225.0,0.039184841212155645
4112,4491285.0,0.03941057570512509
4113,4491345.0,0.03963594431140411
4114,4491405.0,0.039856300628884594
4115,4491465.0,0.04007507434706887
4116,4491525.0,0.04030262742326838
4117,4491585.0,0.040577781561994354
4118,4491645.0,0.040865260735054615
4119,4491705.0,0.04115589562960816
4120,4491765.0,0.04143562516047103
4121,4491825.0,0.04170993637002476
4122,4491885.0,0.04188181585640769
4123,4491945.0,0.042038720977344776
4124,4492005.0,0.04219090809969546
4125,4492065.0,0.0423477607184443
4126,4492125.0,0.042542836180271916
4127,4492185.0,0.04277052990303174
4128,4492245.0,0.043000531774128714
4129,4492305.0,0.04323059095450776
4130,4492365.0,0.04345892430007799
4131,4492425.0,0.043696595230642406
4132,4492485.0,0.04394564149941225
4133,4492545.0,0.04417340023492941
4134,4492605.0,0.04439877468660878
4135,4492665.0,0.04462555598234811
4136,4492725.0,0.044745455102002105
4137,4492785.0,0.04481913730168329
4138,4492845.0,0.044892409770961775
4139,4492905.0,0.044972626313386145
4140,4492965.0,0.04512793094454213
4141,4493025.0,0.045284132975428416
4142,4493085.0,0.04543926817991056
4143,4493145.0,0.04559376757672922
4144,4493205.0,0.045674054040030776
4145,4493265.0,0.045753326357956085
4146,4493325.0,0.04589945540777413
4147,4493385.0,0.04605183187600454
4148,4493445.0,0.04627762288618456
4149,4493505.0,0.046507858160348484
4150,4493565.0,0.04674146993235317
4151,4493625.0,0.046972713931074696
4152,4493685.0,0.04705107244177499
4153,4493745.0,0.04712891005568165
4154,4493805.0,0.047205327588354405
4155,4493865.0,0.04735733824459324
4156,4493925.0,0.04750950709790596
4157,4493985.0,0.04773693123592007
4158,4494045.0,0.04796372841946294
4159,4494105.0,0.04819016418068508
4160,4494165.0,0.04841738860446285
4161,4494225.0,0.04859320356099186
4162,4494285.0,0.0487493066682731
4163,4494345.0,0.048906710998782556
4164,4494405.0,0.04906530324230924
4165,4494465.0,0.04922170477218369
4166,4494525.0,0.04937529244823024
4167,4494585.0,0.04953067214054314
4168,4494645.0,0.04968648738973432
4169,4494705.0,0.04984317709426391
4170,4494765.0,0.050002281664806573
4171,4494825.0,0.050161335733561956
4172,4494885.0,0.05031995497206563
4173,4494945.0,0.05047834331695198
4174,4495005.0,0.05063426938780969
4175,4495065.0,0.05079275974673971
4176,4495128.0,0.05095211244093776
4177,4495185.0,0.05110889405336722
4178,4495245.0,0.051252370437264515
4179,4495305.0,0.051397263030260563
4180,4495365.0,0.05154245102608323
4181,4495425.0,0.05168681897436602
4182,4495485.0,0.051912901451078124
4183,4495545.0,0.052141761783303035
4184,4495605.0,0.0523731293025597
4185,4495665.0,0.05260426356755502
4186,4495725.0,0.05283563058118552
4187,4495785.0,0.05299259919515346
4188,4495845.0,0.053151467991769334
4189,4495905.0,0.05330779699184204
4190,4495965.0,0.05346374921278394
4191,4496025.0,0.05362229189729619
4192,4496085.0,0.05377842865103894
4193,4496145.0,0.053927536187072835
4194,4496205.0,0.054074227528523415
4195,4496265.0,0.05421770160551217
4196,4496325.0,0.05435950087151543
4197,4496385.0,0.05449748028091341
4198,4496445.0,0.05463758164525422
4199,4496505.0,0.05477798678335307
4200,4496565.0,0.05491188958694893
4201,4496625.0,0.05498863623621391
4202,4496685.0,0.05503647904909522
4203,4496745.0,0.055007825783930715
4204,4496805.0,0.05495394801263632
4205,4496865.0,0.05490085896517786
4206,4496925.0,0.05475447060670783
4207,4496985.0,0.05460652986564748
4208,4497045.0,0.05446216227406169
4209,4497105.0,0.05432068012521831
4210,4497165.0,0.054261660836226404
4211,4497225.0,0.05421098110630713
4212,4497285.0,0.054161015664002755
4213,4497345.0,0.05411124998511655
4214,4497405.0,0.05406400756796061
4215,4497465.0,0.054019841299120235
4216,4497525.0,0.05397994509019643
4217,4497585.0,0.053942276207317515
4218,4497645.0,0.05381871417013712
4219,4497705.0,0.05369343129603887
4220,4497765.0,0.05357859019877329
4221,4497825.0,0.0534669233874056
4222,4497885.0,0.053366660274450146
4223,4497945.0,0.053270832575285816
4224,4498005.0,0.05326040627295791
4225,4498065.0,0.05324828553624065
4226,4498125.0,0.05323923578343991
4227,4498185.0,0.05323272911400676
4228,4498245.0,0.05322614218499757
4229,4498305.0,0.05322446914764951
4230,4498365.0,0.05322023821038346
4231,4498425.0,0.05321542758929262
4232,4498485.0,0.05328884672394205
4233,4498545.0,0.053363233951405555
4234,4498605.0,0.05335147011908747
4235,4498665.0,0.05333915477277288
4236,4498725.0,0.05332830837109847
4237,4498785.0,0.053319644427484846
4238,4498845.0,0.05339032909340514
4239,4498905.0,0.053462167688545274
4240,4498965.0,0.05353658393268359
4241,4499025.0,0.05361452795311695
4242,4499085.0,0.05360550088244922
4243,4499145.0,0.05359402330066814
4244,4499205.0,0.05358269401151352
4245,4499265.0,0.05357681630277119
4246,4499325.0,0.053570509792198455
4247,4499385.0,0.05360863684252775
4248,4499445.0,0.053678696392746104
4249,4499505.0,0.053756220882799584
4250,4499565.0,0.05383554884071153
4251,4499625.0,0.05386633605296596
4252,4499685.0,0.053861300302366376
4253,4499745.0,0.05386063639815177
4254,4499805.0,0.053859919862752535
4255,4499865.0,0.0538573660509595
4256,4499925.0,0.05385802255077695
4257,4499985.0,0.05385822318691972
4258,4500045.0,0.053848500025820624
4259,4500105.0,0.0539007185049507
4260,4500165.0,0.053960196970622466
4261,4500225.0,0.05402524561730993
4262,4500285.0,0.05401461438134423
4263,4500345.0,0.05399735545567364
4264,4500405.0,0.053996219593583826
4265,4500465.0,0.054008711466742264
4266,4500525.0,0.05401568447161296
4267,4500585.0,0.05401419360755794
4268,4500645.0,0.054010547771546895
4269,4500705.0,0.054012147179886026
4270,4500765.0,0.05401478394172931
4271,4500825.0,0.05395095784474629
4272,4500885.0,0.05388500801839747
4273,4500945.0,0.053818707746503845
4274,4501005.0,0.053748332367315944
4275,4501065.0,0.05366367348396255
4276,4501125.0,0.05372258549181449
4277,4501185.0,0.05379201935135291
4278,4501245.0,0.0538618625529604
4279,4501305.0,0.05393036823186118
4280,4501365.0,0.05392708304752731
4281,4501425.0,0.05384311487761826
4282,4501485.0,0.05375977130332251
4283,4501545.0,0.053673830905078455
4284,4501605.0,0.05358602905648229
4285,4501665.0,0.053493948379695656
4286,4501725.0,0.05340034418265464
4287,4501785.0,0.053459617471968916
4288,4501845.0,0.05354589464226198
4289,4501905.0,0.05363516210280967
4290,4501965.0,0.053719647559732735
4291,4502025.0,0.0537280713731604
4292,4502085.0,0.05373810259130749
4293,4502145.0,0.05375020858864824
4294,4502205.0,0.05376633602913251
4295,4502265.0,0.053782617308571264
4296,4502325.0,0.05379236065899443
4297,4502385.0,0.053801994462986134
4298,4502445.0,0.05380916444785156
4299,4502505.0,0.0538037324066671
4300,4502565.0,0.05381275787490452
4301,4502625.0,0.05381974265351012
4302,4502685.0,0.05389765298218415
4303,4502745.0,0.05397442831299958
4304,4502805.0,0.054051581715267076
4305,4502865.0,0.054126108142811845
4306,4502928.0,0.054156608937256885
4307,4502985.0,0.054163594928232826
4308,4503045.0,0.05416734892403225
4309,4503105.0,0.05416986904409727
4310,4503165.0,0.054086142866932675
4311,4503225.0,0.05400346437140526
4312,4503285.0,0.05391908652422774
4313,4503345.0,0.05383743635594313
4314,4503405.0,0.053797678975683154
4315,4503465.0,0.05379524549706902
4316,4503525.0,0.05387738511351651
4317,4503585.0,0.053963247140760166
4318,4503645.0,0.05406085450730328
4319,4503705.0,0.05415191759257174
4320,4503765.0,0.054251094784626606
4321,4503825.0,0.05435205912256306
4322,4503885.0,0.05445167809299962
4323,4503945.0,0.054555708537214205
4324,4504005.0,0.05466225375490653
4325,4504065.0,0.054768115129934715
4326,4504125.0,0.0548074347811719
4327,4504185.0,0.05484714580553444
4328,4504245.0,0.054883060619141895
4329,4504305.0,0.05491936147133381
4330,4504365.0,0.05495198300829061
4331,4504425.0,0.05497961004220129
4332,4504485.0,0.05508486595438355
4333,4504545.0,0.05518393997822852
4334,4504605.0,0.055283691889323146
4335,4504665.0,0.05538255110842386
4336,4504725.0,0.055474307577053635
4337,4504785.0,0.05548208394242727
4338,4504845.0,0.0554856173630325
4339,4504905.0,0.05549081837983171
4340,4504965.0,0.055496940932836934
4341,4505025.0,0.05550048859133649
4342,4505088.0,0.05550404888000709
4343,4505145.0,0.055505730716753056
4344,4505205.0,0.05550781495710578
4345,4505265.0,0.055508388703075486
4346,4505325.0,0.05550665605823706
4347,4505385.0,0.055504431934119046
4348,4505445.0,0.05550270585909519
4349,4505505.0,0.05550192683824779
4350,4505565.0,0.05541250549667994
4351,4505625.0,0.05532153126688354
4352,4505685.0,0.0552326050482713
4353,4505745.0,0.05514392112968234
4354,4505808.0,0.055060726453911225
4355,4505865.0,0.055040737829199916
4356,4505925.0,0.055033702689945445
4357,4505985.0,0.05503134939311136
4358,4506045.0,0.05511878686483369
4359,4506105.0,0.05520613877732539
4360,4506165.0,0.05520826715061703
4361,4506225.0,0.05521686316990108
4362,4506285.0,0.05514376641830244
4363,4506345.0,0.055067091830623464
4364,4506405.0,0.05498665489755487
4365,4506465.0,0.054905454147568485
4366,4506525.0,0.054901258270366245
4367,4506585.0,0.05489981706798442
4368,4506645.0,0.054894221525019445
4369,4506705.0,0.05488942606870199
4370,4506765.0,0.05488422259974387
4371,4506825.0,0.054882562110397916
4372,4506885.0,0.054889953003295085
4373,4506945.0,0.05489502606278627
4374,4507005.0,0.054908339283277006
4375,4507068.0,0.05491553327103512
4376,4507125.0,0.05492612119269114
4377,4507185.0,0.054942966722333515
4378,4507245.0,0.05496255363848073
4379,4507305.0,0.054983707667421396
4380,4507365.0,0.055002419500019196
4381,4507425.0,0.055025804167391924
4382,4507485.0,0.055051244149961494
4383,4507545.0,0.05507386005274014
4384,4507605.0,0.05509205220646785
4385,4507665.0,0.055111851341689534
4386,4507725.0,0.05522183829207889
4387,4507785.0,0.05532317779039251
4388,4507845.0,0.055427382159603085
4389,4507905.0,0.05552736346960698
4390,4507965.0,0.055549869868971376
4391,4508025.0,0.05556231223518212
4392,4508085.0,0.05556872179004017
4393,4508145.0,0.05557924495751578
4394,4508205.0,0.055587470284281494
4395,4508265.0,0.05559250726264079
4396,4508325.0,0.055595246170476974
4397,4508385.0,0.05560063929415624
4398,4508445.0,0.05569128154366162
4399,4508505.0,0.055782042732715274
4400,4508565.0,0.0558716014300123
4401,4508625.0,0.05595951812006968
4402,4508685.0,0.056041334446385406
4403,4508745.0,0.056117365312433005
4404,4508808.0,0.05612114179829348
4405,4508865.0,0.05612923166984505
4406,4508925.0,0.056134954961399926
4407,4508985.0,0.05613950651997731
4408,4509045.0,0.05614645081144307
4409,4509105.0,0.05614990342558215
4410,4509165.0,0.05615567390787208
4411,4509225.0,0.056164189725177636
4412,4509285.0,0.0560803600435296
4413,4509345.0,0.05598452272249605
4414,4509405.0,0.055986826036381034
4415,4509465.0,0.05598936595525767
4416,4509525.0,0.055997030154926984
4417,4509585.0,0.056004405560847466
4418,4509645.0,0.055931316173628974
4419,4509705.0,0.05585654322865489
4420,4509765.0,0.0557807913322504
4421,4509825.0,0.05570315591284817
4422,4509885.0,0.05571338665320064
4423,4509945.0,0.055726538363344465
4424,4510005.0,0.05573983376201815
4425,4510065.0,0.05574878022797267
4426,4510125.0,0.0557568564204639
4427,4510185.0,0.05571936542435862
4428,4510245.0,0.05564808641391906
4429,4510305.0,0.05557325368894261
4430,4510365.0,0.05549678943081452
4431,4510425.0,0.055468516989357945
4432,4510485.0,0.05547634942878755
4433,4510545.0,0.055481290842751683
4434,4510605.0,0.05548491538617264
4435,4510665.0,0.05548775785308153
4436,4510725.0,0.05548204285676791
4437,4510785.0,0.05547841433180214
4438,4510845.0,0.055487151719766266
4439,4510905.0,0.05543336394622805
4440,4510965.0,0.055371856485448324
4441,4511025.0,0.05530531968179959
4442,4511085.0,0.05531490558261922
4443,4511145.0,0.05533160653124849
4444,4511205.0,0.055332994221137057
4445,4511265.0,0.05532167849686421
4446,4511325.0,0.0553162864549591
4447,4511385.0,0.055320287347237714
4448,4511445.0,0.055325880280487176
4449,4511505.0,0.055325633827502184
4450,4511565.0,0.055325805133318896
4451,4511625.0,0.05531624770449827
4452,4511685.0,0.05530729432914181
4453,4511745.0,0.05529651155469923
4454,4511805.0,0.05534047738782206
4455,4511865.0,0.055420523290290395
4456,4511925.0,0.055434874065079444
4457,4511985.0,0.05544263388197932
4458,4512045.0,0.05544944131239194
4459,4512105.0,0.055459059773279896
4460,4512165.0,0.05546410337750537
4461,4512225.0,0.05554957623210106
4462,4512285.0,0.055632036726218435
4463,4512345.0,0.055718970240491376
4464,4512405.0,0.05580438633868005
4465,4512465.0,0.05589352916421476
4466,4512525.0,0.05598297199032543
4467,4512585.0,0.05599826883843211
4468,4512645.0,0.05598741870269574
4469,4512705.0,0.05597398974585061
4470,4512765.0,0.05596692757512343
4471,4512825.0,0.055961790721314485
4472,4512885.0,0.055958714051251336
4473,4512945.0,0.05595277678394634
4474,4513005.0,0.05594588879872137
4475,4513065.0,0.05594091510426966
4476,4513125.0,0.05593904098976286
4477,4513185.0,0.05593809992058118
4478,4513245.0,0.05593700925762873
4479,4513305.0,0.055940445087754635
4480,4513365.0,0.05593669225350174
4481,4513425.0,0.0559329880728054
4482,4513485.0,0.055936684045778014
4483,4513545.0,0.05586368836174068
4484,4513605.0,0.05579082068096231
4485,4513665.0,0.05571533194839078
4486,4513725.0,0.05564211304429607
4487,4513785.0,0.055560008505045784
4488,4513845.0,0.0555545542118789
4489,4513905.0,0.05555002666425494
4490,4513968.0,0.055635175213641426
4491,4514025.0,0.05572202130203451
4492,4514085.0,0.05581031968684607
4493,4514145.0,0.055821326204876974
4494,4514205.0,0.055789436407186165
4495,4514265.0,0.05571829171173196
4496,4514325.0,0.05564679718165031
4497,4514385.0,0.05556920251533413
4498,4514445.0,0.05548022168542461
4499,4514505.0,0.055466031411882395
4500,4514565.0,0.055445544897249656
4501,4514625.0,0.0554241315714983
4502,4514685.0,0.05540573169905073
4503,4514745.0,0.05538198921131635
4504,4514808.0,0.05535721211264994
4505,4514865.0,0.05525616765801596
4506,4514925.0,0.05515275515866885
4507,4514985.0,0.055042037450540836
4508,4515045.0,0.05493180153374585
4509,4515105.0,0.05482039400109467
4510,4515165.0,0.05470902519143029
4511,4515225.0,0.054677647264716946
4512,4515285.0,0.05464789872026531
4513,4515345.0,0.05462609876632945
4514,4515405.0,0.05460556295179574
4515,4515465.0,0.054588306796989165
4516,4515525.0,0.05450060365379817
4517,4515585.0,0.054419294041517845
4518,4515645.0,0.05434208329591809
4519,4515705.0,0.05433750008719227
4520,4515765.0,0.05433450236894893
4521,4515825.0,0.05433332159673376
4522,4515885.0,0.0543332776920696
4523,4515945.0,0.05433541982538637
4524,4516005.0,0.05433637788563588
4525,4516065.0,0.05433840939623943
4526,4516128.0,0.05434272096749692
4527,4516185.0,0.054345760869458616
4528,4516245.0,0.05424192441423232
4529,4516305.0,0.05408498753355052
4530,4516365.0,0.0540160439916254
4531,4516425.0,0.05387224777453898
4532,4516485.0,0.05372542478060404
4533,4516545.0,0.05357835851219762
4534,4516605.0,0.05342605409686171
4535,4516665.0,0.05328499675232951
4536,4516725.0,0.053132072804255394
4537,4516785.0,0.05297653020109836
4538,4516845.0,0.05274645845199761
4539,4516905.0,0.052516101996040405
4540,4516965.0,0.05237068145577466
4541,4517025.0,0.05221995836138022
4542,4517085.0,0.05206839240348119
4543,4517145.0,0.051918913910931265
4544,4517205.0,0.05176916049707942
4545,4517265.0,0.05161914556599403
4546,4517325.0,0.051392225823570926
4547,4517385.0,0.051162299053753336
4548,4517445.0,0.050933545429755235
4549,4517505.0,0.05073294490832352
4550,4517565.0,0.050578020293044305
4551,4517625.0,0.05042123981286011
4552,4517685.0,0.05018199217303975
4553,4517745.0,0.049943206026699404
4554,4517805.0,0.049695370913204744
4555,4517865.0,0.049451709576295015
4556,4517925.0,0.0492052511862393
4557,4517985.0,0.04902325348862128
4558,4518045.0,0.04883866935499349
4559,4518105.0,0.048655973590195786
4560,4518165.0,0.048403465203052096
4561,4518225.0,0.04814640052480146
4562,4518285.0,0.04788775000202451
4563,4518345.0,0.04763108821469176
4564,4518405.0,0.04738128555898394
4565,4518465.0,0.04719951153517541
4566,4518525.0,0.04702008410312692
4567,4518585.0,0.046851106284336856
4568,4518645.0,0.046605943236805586
4569,4518705.0,0.04636419785612164
4570,4518765.0,0.046120972492049564
4571,4518825.0,0.045878735497387864
4572,4518885.0,0.04563930611166802
4573,4518945.0,0.0453958328479621
4574,4519005.0,0.045154574254577765
4575,4519065.0,0.04491463309057996
4576,4519125.0,0.044675952891401756
4577,4519185.0,0.044435829673513755
4578,4519245.0,0.04420056081281748
4579,4519305.0,0.04396834579024837
4580,4519365.0,0.04373618180786289
4581,4519425.0,0.043501014964443314
4582,4519485.0,0.04326633066725936
4583,4519545.0,0.04303403574976865
4584,4519605.0,0.04279792312246735
4585,4519665.0,0.042556173072747346
4586,4519725.0,0.042315349590519816
4587,4519785.0,0.042075569644227706
4588,4519845.0,0.04183343853569944
4589,4519905.0,0.04158474101942851
4590,4519965.0,0.04132680642845913
4591,4520025.0,0.041064996427939725
4592,4520085.0,0.0408897173812063
4593,4520145.0,0.04071487192679643
4594,4520205.0,0.04050935839203556
4595,4520265.0,0.040278477971654014
4596,4520325.0,0.04004196497493381
4597,4520385.0,0.03973244879812436
4598,4520445.0,0.039421775632954466
4599,4520505.0,0.03923513557854401
4600,4520565.0,0.039031419563627066
4601,4520625.0,0.03881182093362873
4602,4520685.0,0.03858675965302181
4603,4520745.0,0.03835628373030385
4604,4520805.0,0.03812835819042434
4605,4520865.0,0.03790324585521885
4606,4520928.0,0.0376821806872544
4607,4520985.0,0.03747289667101897
4608,4521045.0,0.03726897502832808
4609,4521105.0,0.037066571028686775
4610,4521165.0,0.036867094568659664
4611,4521225.0,0.036669046296040515
4612,4521285.0,0.036469246128960665
4613,4521345.0,0.03626652509417063
4614,4521405.0,0.03607034975710004
4615,4521465.0,0.0358852208559575
4616,4521525.0,0.03572171020191772
4617,4521585.0,0.03556685455567687
4618,4521645.0,0.035410457154418463
4619,4521705.0,0.035254852780605694
4620,4521765.0,0.03514120934312358
4621,4521825.0,0.035057146361296296
4622,4521885.0,0.034976573694390514
4623,4521945.0,0.03482225021432562
4624,4522005.0,0.03466733409622809
4625,4522065.0,0.03451184226528445
4626,4522125.0,0.034428310711462566
4627,4522185.0,0.03434499446906792
4628,4522245.0,0.03419066322698932
4629,4522305.0,0.03403797596732811
4630,4522365.0,0.03388548968745761
4631,4522425.0,0.033734075495560185
4632,4522485.0,0.03358393299286587
4633,4522545.0,0.03343252175601781
4634,4522605.0,0.033227213198123336
4635,4522665.0,0.033070093918876615
4636,4522725.0,0.032909705368261905
4637,4522785.0,0.03274794972405678
4638,4522845.0,0.03258670642921562
4639,4522905.0,0.03242482298399097
4640,4522965.0,0.03227203707638559
4641,4523025.0,0.03212538111092301
4642,4523085.0,0.03198490434229531
4643,4523145.0,0.03184710612619763
4644,4523205.0,0.03171204731465963
4645,4523265.0,0.03157237530804939
4646,4523325.0,0.03142958741289515
4647,4523385.0,0.03127926511245332
4648,4523445.0,0.03112367158922366
4649,4523505.0,0.030966207137684117
4650,4523568.0,0.03080782867061036
4651,4523625.0,0.03064982470561841
4652,4523685.0,0.03049105340783196
4653,4523745.0,0.030332546235192638
4654,4523805.0,0.030174150828799373
4655,4523865.0,0.029941948131122012
4656,4523925.0,0.029709154388931118
4657,4523985.0,0.029547260694493434
4658,4524045.0,0.029385151612532377
4659,4524105.0,0.02922298079209852
4660,4524165.0,0.02906079444527814
4661,4524225.0,0.02889963728694
4662,4524285.0,0.0287382264392897
4663,4524345.0,0.02865277761692507
4664,4524405.0,0.02856882963164422
4665,4524465.0,0.028484164127108823
4666,4524525.0,0.028400589505289474
4667,4524585.0,0.028318438769689105
4668,4524645.0,0.02808921072560986
4669,4524705.0,0.027860134935761796
4670,4524765.0,0.02762917753489695
4671,4524825.0,0.0274686501103659
4672,4524885.0,0.02731762779091866
4673,4524945.0,0.027261198828057352
4674,4525005.0,0.027212368638381
4675,4525065.0,0.0271712034178841
4676,4525125.0,0.02713499012968343
4677,4525185.0,0.02710086272022022
4678,4525245.0,0.027067785131615875
4679,4525305.0,0.026959320775381407
4680,4525365.0,0.026847461061246407
4681,4525425.0,0.02673293935719795
4682,4525485.0,0.026616512725407507
4683,4525545.0,0.026499326266025296
4684,4525605.0,0.02638002751683354
4685,4525665.0,0.026340109455624615
4686,4525725.0,0.026298267482219646
4687,4525785.0,0.026253899174441257
4688,4525845.0,0.026199814923161494
4689,4525905.0,0.02613677207775645
4690,4525965.0,0.02606468162527875
4691,4526025.0,0.025910705392189932
4692,4526085.0,0.025754275291587088
4693,4526145.0,0.025596699807199974
4694,4526205.0,0.02543574329248157
4695,4526265.0,0.02527117372504587
4696,4526325.0,0.025183693866445055
4697,4526385.0,0.025098594830403047
4698,4526445.0,0.02501400433851702
4699,4526505.0,0.024855416695639974
4700,4526565.0,0.024623293898078623
4701,4526625.0,0.02438962096405503
4702,4526685.0,0.02415590074568487
4703,4526745.0,0.02399244104934834
4704,4526805.0,0.02383159345572476
4705,4526865.0,0.023670589559340115
4706,4526925.0,0.02351047806725058
4707,4526985.0,0.023351928594507403
4708,4527045.0,0.023227236111177933
4709,4527105.0,0.02315313773456116
4710,4527165.0,0.023077256160765752
4711,4527225.0,0.023078160577692013
4712,4527285.0,0.023080307624040487
4713,4527345.0,0.023082341167973405
4714,4527405.0,0.02311704026773028
4715,4527465.0,0.023118611068795744
4716,4527525.0,0.02308339957217974
4717,4527585.0,0.02301109782613022
4718,4527645.0,0.02301211060427983
4719,4527705.0,0.02301284035394819
4720,4527765.0,0.023012831931853876
4721,4527825.0,0.023012091812487513
4722,4527885.0,0.02301087211692806
4723,4527945.0,0.023008935725623757
4724,4528008.0,0.023007928381414022
4725,4528065.0,0.02300702776882306
4726,4528125.0,0.023006402715265536
4727,4528185.0,0.023079380153758072
4728,4528245.0,0.023149928683489633
4729,4528305.0,0.02319455767335287
4730,4528365.0,0.02320705374819597
4731,4528425.0,0.023222564715609365
4732,4528485.0,0.023320147049036274
4733,4528545.0,0.023417903284755043
4734,4528605.0,0.02351909274844015
4735,4528665.0,0.02362325029351743
4736,4528725.0,0.02372264825194998
4737,4528785.0,0.0237558991968514
4738,4528845.0,0.023782013044713987
4739,4528905.0,0.023804920702460472
4740,4528965.0,0.02388889130169799
4741,4529025.0,0.023964103133887034
4742,4529085.0,0.024040442273955666
4743,4529145.0,0.024043518731824733
4744,4529205.0,0.02404548332159901
4745,4529265.0,0.023976384715999208
4746,4529325.0,0.023906880514136114
4747,4529385.0,0.023835564207734965
4748,4529445.0,0.023837997502976563
4749,4529505.0,0.02383905032754146
4750,4529565.0,0.023912247500696676
4751,4529625.0,0.02381251849370105
4752,4529685.0,0.023820923084085614
4753,4529745.0,0.02382827458210328
4754,4529805.0,0.023836630066494863
4755,4529865.0,0.023845111098166193
4756,4529925.0,0.023853810592976282
4757,4529985.0,0.02393143138088659
4758,4530045.0,0.024006052745115254
4759,4530105.0,0.024078087290158055
4760,4530165.0,0.024077620481642588
4761,4530225.0,0.02407748166093846
4762,4530285.0,0.02407714176381811
4763,4530345.0,0.024078521641148327
4764,4530408.0,0.024152303741452302
4765,4530465.0,0.02422563025292728
4766,4530525.0,0.02430248952868242
4767,4530585.0,0.02437988506739188
4768,4530645.0,0.024385619133485283
4769,4530705.0,0.024400486819073024
4770,4530765.0,0.024423849210343858
4771,4530825.0,0.024450258735192458
4772,4530885.0,0.02448083179624924
4773,4530945.0,0.024523303599364485
4774,4531005.0,0.024585674616965467
4775,4531065.0,0.024671815019785708
4776,4531125.0,0.02475741326985468
4777,4531185.0,0.024907341769219715
4778,4531245.0,0.02505216498971142
4779,4531305.0,0.02506948545829498
4780,4531365.0,0.025097759207995597
4781,4531425.0,0.025138767120028792
4782,4531485.0,0.025183992431113127
4783,4531545.0,0.02523280611618936
4784,4531605.0,0.0252775965688009
4785,4531665.0,0.02532055808793736
4786,4531725.0,0.025363693956325692
4787,4531785.0,0.025398094625308232
4788,4531845.0,0.02543318412989168
4789,4531905.0,0.025465032594664476
4790,4531965.0,0.02549530466683938
4791,4532025.0,0.025524563750929742
4792,4532088.0,0.025555831634443756
4793,4532145.0,0.02558641746770656
4794,4532205.0,0.025611661190197074
4795,4532265.0,0.02562854752308634
4796,4532325.0,0.025626808852288192
4797,4532385.0,0.02561286137149043
4798,4532445.0,0.0255959478608858
4799,4532505.0,0.025575804495134066
4800,4532565.0,0.02551240223975549
4801,4532625.0,0.025417521399223146
4802,4532685.0,0.02531964842668758
4803,4532745.0,0.02529602629307317
4804,4532805.0,0.0252697830648956
4805,4532868.0,0.02524647672514746
4806,4532925.0,0.02515068464649433
4807,4532985.0,0.025051151566686053
4808,4533045.0,0.02502520460914994
4809,4533105.0,0.025010111496301148
4810,4533165.0,0.025007370813879243
4811,4533225.0,0.025004709869224123
4812,4533285.0,0.02502316255191915
4813,4533345.0,0.025091570558126115
4814,4533405.0,0.025159360163136905
4815,4533465.0,0.02515651563787713
4816,4533525.0,0.025155928523018435
4817,4533585.0,0.025156106666861848
4818,4533645.0,0.025085626629948267
4819,4533705.0,0.025013938535154476
4820,4533765.0,0.025006285455476715
4821,4533825.0,0.0249932762520972
4822,4533885.0,0.024973260310128094
4823,4533945.0,0.024949446991206263
4824,4534005.0,0.024924536525343946
4825,4534065.0,0.024904599730316952
4826,4534125.0,0.024888870809611774
4827,4534185.0,0.024881303070401387
4828,4534248.0,0.024879984158381892
4829,4534305.0,0.02480542635441902
4830,4534365.0,0.02473134976894832
4831,4534425.0,0.02473204654662122
4832,4534485.0,0.024729903629799897
4833,4534545.0,0.02472964561147429
4834,4534605.0,0.02473205530814508
4835,4534665.0,0.024733824624210095
4836,4534725.0,0.02473579488848155
4837,4534785.0,0.02466588536842087
4838,4534845.0,0.024597416093060133
4839,4534905.0,0.024600802437691326
4840,4534965.0,0.024604615011475692
4841,4535025.0,0.024607693545157912
4842,4535088.0,0.024537999930529547
4843,4535145.0,0.024468718684616718
4844,4535205.0,0.024397904366778987
4845,4535265.0,0.024327341611624996
4846,4535325.0,0.024327703124412743
4847,4535385.0,0.024326806469663058
4848,4535445.0,0.02439906277763248
4849,4535505.0,0.02446975008510635
4850,4535565.0,0.024468728119382006
4851,4535625.0,0.02439764976282327
4852,4535685.0,0.02431543749535575
4853,4535745.0,0.024286756920272788
4854,4535805.0,0.024251989578175023
4855,4535868.0,0.02421071226685452
4856,4535925.0,0.024092710871318826
4857,4535985.0,0.02397126459142663
4858,4536045.0,0.023848289203685147
4859,4536105.0,0.02372589630120847
4860,4536165.0,0.023603802163375764
4861,4536225.0,0.023483620591073562
4862,4536285.0,0.02336347052627768
4863,4536345.0,0.023245623066565517
4864,4536405.0,0.023128907605643373
4865,4536465.0,0.023010937249622436
4866,4536525.0,0.022896184863018754
4867,4536585.0,0.022784424289693996
4868,4536645.0,0.022681069264011193
4869,4536705.0,0.02258583348563046
4870,4536765.0,0.022573202963222273
4871,4536825.0,0.022568634315095995
4872,4536885.0,0.022494096194171392
4873,4536945.0,0.02241858615439609
4874,4537005.0,0.02234473830721715
4875,4537065.0,0.0222724759271586
4876,4537125.0,0.022200877510792284
4877,4537185.0,0.02212974874056675
4878,4537245.0,0.022058153959343692
4879,4537305.0,0.021986803310940814
4880,4537365.0,0.02198657338527027
4881,4537428.0,0.02198722407971141
4882,4537485.0,0.02198665962760034
4883,4537545.0,0.021916915018868
4884,4537605.0,0.02184523581824603
4885,4537665.0,0.021773603138236446
4886,4537725.0,0.021702374373183834
4887,4537788.0,0.021629927258253266
4888,4537845.0,0.02162932869723913
4889,4537905.0,0.021629482149046024
4890,4537965.0,0.021704921392837195
4891,4538025.0,0.021778011643173646
4892,4538085.0,0.021850145497632763
4893,4538145.0,0.02184884146351221
4894,4538205.0,0.021813950312115304
4895,4538265.0,0.021738783354854276
4896,4538325.0,0.021698712048201958
4897,4538385.0,0.021694184053561646
4898,4538445.0,0.021689652738215888
4899,4538505.0,0.021685703604406713
4900,4538565.0,0.02168354994048955
4901,4538625.0,0.021682378068049804
4902,4538685.0,0.02168132741233416
4903,4538745.0,0.02168116283363513
4904,4538805.0,0.021681012854970948
4905,4538868.0,0.02168012942411507
4906,4538925.0,0.021680074957647517
4907,4538985.0,0.02160649718467969
4908,4539045.0,0.02153600456107172
4909,4539105.0,0.021539084995722865
4910,4539165.0,0.02152985941394945
4911,4539225.0,0.02144138737666928
4912,4539285.0,0.02134438243002739
4913,4539345.0,0.02124784145603518
4914,4539405.0,0.021147598013108955
4915,4539465.0,0.021045462902223304
4916,4539525.0,0.020947815555372465
4917,4539585.0,0.02084789074394901
4918,4539645.0,0.020752867377897218
4919,4539705.0,0.020658015444378605
4920,4539765.0,0.02057413654378749
4921,4539825.0,0.020498842711996743
4922,4539885.0,0.020421928355180842
4923,4539945.0,0.020419685890154644
4924,4540005.0,0.020419186890391558
4925,4540065.0,0.020418973614806973
4926,4540125.0,0.02041921329590971
4927,4540185.0,0.02042030636456228
4928,4540245.0,0.020420331003634832
4929,4540305.0,0.02042103862757914
4930,4540368.0,0.020347625526286463
4931,4540425.0,0.020506139198992985
4932,4540485.0,0.020576432116004628
4933,4540545.0,0.02064669464030321
4934,4540605.0,0.020714757456593135
4935,4540665.0,0.02078227315999662
4936,4540725.0,0.020847920333840805
4937,4540785.0,0.02077314666943197
4938,4540845.0,0.020697170440744705
4939,4540905.0,0.020621241182140315
4940,4540965.0,0.020617315780357418
4941,4541025.0,0.02061505717903145
4942,4541085.0,0.020612970022000517
4943,4541145.0,0.02061132425620943
4944,4541205.0,0.020539304873609873
4945,4541265.0,0.020470055723274372
4946,4541325.0,0.020398745999390466
4947,4541385.0,0.02040285706216039
4948,4541445.0,0.020479447613469905
4949,4541505.0,0.02055542029165484
4950,4541565.0,0.02055462751606322
4951,4541625.0,0.020552650889493925
4952,4541685.0,0.02055021146454194
4953,4541745.0,0.020546724183686853
4954,4541805.0,0.020541754411271478
4955,4541865.0,0.020538350903401725
4956,4541925.0,0.020608115395142942
4957,4541985.0,0.02068619419368237
4958,4542045.0,0.020697919219031146
4959,4542105.0,0.020713296413760914
4960,4542165.0,0.020733882176992513
4961,4542225.0,0.020756436160640854
4962,4542285.0,0.020779161280328865
4963,4542345.0,0.020804024259545268
4964,4542405.0,0.020828317111167973
4965,4542465.0,0.02085076022912411
4966,4542525.0,0.020870451758047314
4967,4542585.0,0.020887419068927004
4968,4542645.0,0.020899140314865935
4969,4542705.0,0.02090867955344697
4970,4542765.0,0.020916045763217983
4971,4542825.0,0.020929022940289338
4972,4542885.0,0.020943904105999944
4973,4542945.0,0.020964182664913636
4974,4543005.0,0.020985230051837438
4975,4543065.0,0.0209989395804578
4976,4543125.0,0.02101434029954702
4977,4543185.0,0.021029381441166506
4978,4543245.0,0.021046456593244833
4979,4543305.0,0.02106592031453268
4980,4543365.0,0.021087381817779936
4981,4543425.0,0.021112250915363638
4982,4543488.0,0.021138932441913894
4983,4543545.0,0.021166301862381796
4984,4543605.0,0.021197934422351176
4985,4543665.0,0.021226272596890215
4986,4543725.0,0.021328659641726117
4987,4543785.0,0.021432586977734154
4988,4543845.0,0.021533929338903184
4989,4543905.0,0.0216226910667082
4990,4543965.0,0.021697697357857294
4991,4544025.0,0.021774353332267196
4992,4544085.0,0.021755934483048953
4993,4544145.0,0.021688093745007006
4994,4544205.0,0.021621739776260647
4995,4544265.0,0.021554680929846512
4996,4544325.0,0.021486353902151527
4997,4544385.0,0.021417286310295727
4998,4544445.0,0.021418484623157076
4999,4544505.0,0.0214193739332108
5000,4544565.0,0.02134777075181029
5001,4544625.0,0.021318226517850716
5002,4544685.0,0.02132235096183944
5003,4544745.0,0.021326283659697444
5004,4544805.0,0.0212539748469018
5005,4544865.0,0.021180576201573653
5006,4544925.0,0.021106452333407657
5007,4544985.0,0.021032600285160345
5008,4545045.0,0.020958056968926286
5009,4545105.0,0.020957226216776113
5010,4545165.0,0.02095689827417977
5011,4545225.0,0.020882616092981806
5012,4545285.0,0.02081021247985856
5013,4545345.0,0.020737369515993066
5014,4545405.0,0.020663976784302512
5015,4545465.0,0.020662055001076755
5016,4545525.0,0.020656484297214936
5017,4545585.0,0.020647962389188722
5018,4545645.0,0.020638190576978226
5019,4545705.0,0.020556012144705156
5020,4545765.0,0.020472998372410754
5021,4545825.0,0.020389685034183723
5022,4545885.0,0.02037910330159946
5023,4545945.0,0.020367763345620616
5024,4546005.0,0.020356399592174675
5025,4546065.0,0.02034511841510182
5026,4546125.0,0.020260265166658284
5027,4546185.0,0.020175552859129142
5028,4546245.0,0.020087705548241665
5029,4546305.0,0.019997210507020403
5030,4546365.0,0.01997628575180631
5031,4546425.0,0.019966251198802323
5032,4546485.0,0.01996627528372242
5033,4546545.0,0.019892051913543995
5034,4546605.0,0.01988791571577096
5035,4546665.0,0.019881897233154693
5036,4546725.0,0.01995096134383039
5037,4546785.0,0.0200253263676885
5038,4546845.0,0.02010095889444081
5039,4546905.0,0.020181536704407716
5040,4546965.0,0.020265655671664128
5041,4547025.0,0.020349165764542383
5042,4547085.0,0.02043498039920659
5043,4547145.0,0.020519854067194934
5044,4547205.0,0.020602728530378808
5045,4547265.0,0.020684384288467708
5046,4547325.0,0.020767083502455912
5047,4547385.0,0.02077057174066806
5048,4547445.0,0.020775949330038283
5049,4547505.0,0.0207821653530049
5050,4547565.0,0.020715707607500647
5051,4547625.0,0.020649056903379176
5052,4547685.0,0.020652492571315476
5053,4547745.0,0.020655349665164024
5054,4547805.0,0.020657327003235488
5055,4547865.0,0.020659521024070204
5056,4547925.0,0.020660798702268418
5057,4547985.0,0.020662196301247736
5058,4548045.0,0.02066409345932519
5059,4548105.0,0.020665848152093703
5060,4548165.0,0.020665637186602262
5061,4548225.0,0.020665149095070244
5062,4548285.0,0.02066412491048348
5063,4548345.0,0.020662119330444786
5064,4548405.0,0.02066058028058749
5065,4548465.0,0.020660497627475186
5066,4548525.0,0.02066057272267153
5067,4548585.0,0.020661255421818365
5068,4548645.0,0.0207377747342416
5069,4548705.0,0.02081668262931139
5070,4548765.0,0.020819683154509362
5071,4548825.0,0.020825395688170916
5072,4548885.0,0.020753865189054713
5073,4548945.0,0.02075500428019567
5074,4549005.0,0.020757078491244717
5075,4549065.0,0.020758009825405724
5076,4549125.0,0.02075981898646978
5077,4549185.0,0.0207640188481052
5078,4549245.0,0.020767293232341975
5079,4549305.0,0.020770917991319714
5080,4549365.0,0.020773329078031016
5081,4549425.0,0.02077490661482303
5082,4549485.0,0.020777935152304687
5083,4549545.0,0.02077107767383811
5084,4549605.0,0.020761552651432758
5085,4549665.0,0.020753529563925843
5086,4549725.0,0.02074772546612632
5087,4549785.0,0.020748965731213848
5088,4549845.0,0.020750970423141595
5089,4549905.0,0.020753167215455864
5090,4549965.0,0.020755222307113515
5091,4550025.0,0.020831315092274788
5092,4550085.0,0.020908319739069956
5093,4550145.0,0.02098590013668504
5094,4550205.0,0.021064738112549653
5095,4550265.0,0.02114267639344121
5096,4550325.0,0.02121930105052488
5097,4550385.0,0.021294436162068484
5098,4550445.0,0.021369806818988653
5099,4550505.0,0.02144593900605931
5100,4550565.0,0.02152160160565883
5101,4550625.0,0.021598816171010393
5102,4550685.0,0.021676997380723304
5103,4550745.0,0.021754635829508595
5104,4550805.0,0.02183228213092888
5105,4550865.0,0.021909200229146754
5106,4550925.0,0.02198453372340156
5107,4550985.0,0.022058598981542964
5108,4551045.0,0.022057422437010817
5109,4551105.0,0.0220565224552871
5110,4551165.0,0.022053874833931016
5111,4551225.0,0.021993509894251834
5112,4551285.0,0.02191653193935865
5113,4551345.0,0.0218386858121258
5114,4551405.0,0.021763971560252497
5115,4551465.0,0.02169033744651626
5116,4551525.0,0.02161920472791111
5117,4551585.0,0.021617279441405443
5118,4551645.0,0.021610407136468175
5119,4551705.0,0.021600453270025112
5120,4551765.0,0.02158450020120179
5121,4551825.0,0.021565357574390126
5122,4551885.0,0.021546980120004437
5123,4551945.0,0.021529513576150246
5124,4552005.0,0.02152107936733027
5125,4552065.0,0.021521633764324984
5126,4552125.0,0.0215227323706877
5127,4552185.0,0.0214474090825345
5128,4552245.0,0.02144456654373368
5129,4552305.0,0.0214446947356301
5130,4552365.0,0.02144748801773643
5131,4552428.0,0.02144160107968862
5132,4552485.0,0.021427159090771766
5133,4552545.0,0.021409115707120813
5134,4552608.0,0.021392346597739267
5135,4552665.0,0.021374537749885646
5136,4552725.0,0.021281618058543277
5137,4552785.0,0.021186892827559173
5138,4552845.0,0.02116389822651738
5139,4552905.0,0.021141967057329986
5140,4552965.0,0.021120579189951076
5141,4553025.0,0.021102822159542126
5142,4553085.0,0.02108682144969099
5143,4553145.0,0.021071924030819977
5144,4553205.0,0.021059988564489034
5145,4553265.0,0.02104770759049963
5146,4553325.0,0.021030700731859253
5147,4553385.0,0.021013175412026325
5148,4553445.0,0.020995817555667692
5149,4553505.0,0.020978954610892844
5150,4553565.0,0.020962722397883975
5151,4553625.0,0.020941531042762355
5152,4553685.0,0.02091724780498032
5153,4553745.0,0.020886911854229445
5154,4553805.0,0.020854722669181314
5155,4553865.0,0.020830888471316995
5156,4553925.0,0.020810301447013364
5157,4553985.0,0.020791324317131214
5158,4554045.0,0.020773369163554538
5159,4554105.0,0.020755772226523587
5160,4554165.0,0.020735900362232256
5161,4554225.0,0.020715550625401882
5162,4554285.0,0.020692952346142553
5163,4554345.0,0.02066355937652631
5164,4554405.0,0.020626263874682454
5165,4554465.0,0.02057689692869025
5166,4554525.0,0.020443509833547674
5167,4554585.0,0.02031491100819735
5168,4554645.0,0.020197373941579166
5169,4554705.0,0.020094786944808783
5170,4554765.0,0.020014886724359804
5171,4554825.0,0.019936038360111936
5172,4554888.0,0.020002514452887667
5173,4554945.0,0.02007763036329925
5174,4555005.0,0.020140547647051026
5175,4555065.0,0.020201342158404575
5176,4555125.0,0.020280184799904333
5177,4555185.0,0.020260100519320222
5178,4555245.0,0.020243579035968316
5179,4555305.0,0.02023520704515425
5180,4555365.0,0.02024068443947533
5181,4555425.0,0.020205370421087575
5182,4555485.0,0.020139151865912197
5183,4555545.0,0.020071985919169304
5184,4555605.0,0.020079964806901933
5185,4555665.0,0.020084621064320553
5186,4555725.0,0.020084223044760006
5187,4555785.0,0.020081182580567847
5188,4555845.0,0.020078445674155135
5189,4555905.0,0.020149358467184304
5190,4555965.0,0.020220185735487787
5191,4556025.0,0.020289526456615248
5192,4556085.0,0.020358934566069676
5193,4556145.0,0.020432335974185905
5194,4556205.0,0.020504593042026207
5195,4556265.0,0.02050327679824441
5196,4556325.0,0.0205096209761146
5197,4556385.0,0.020520807655488936
5198,4556445.0,0.02053300582411203
5199,4556505.0,0.02054615561363804
5200,4556565.0,0.02056045872394426
5201,4556625.0,0.02057329704491068
5202,4556685.0,0.02058188794214865
5203,4556745.0,0.02058875075108625
5204,4556805.0,0.020595914170593296
5205,4556865.0,0.020674150235408577
5206,4556925.0,0.020759452097677766
5207,4556985.0,0.02084483695779825
5208,4557045.0,0.02086247015884456
5209,4557105.0,0.020882239557366594
5210,4557165.0,0.020903235241714946
5211,4557225.0,0.020913033695756606
5212,4557285.0,0.020913461798618325
5213,4557345.0,0.02099467496197989
5214,4557405.0,0.020931142486544447
5215,4557465.0,0.02082980340631031
5216,4557525.0,0.020733162377215578
5217,4557585.0,0.02064664038511188
5218,4557645.0,0.020567311407336378
5219,4557705.0,0.020483226655655246
5220,4557765.0,0.02046295975630598
5221,4557825.0,0.020439103642679757
5222,4557885.0,0.020433758473809144
5223,4557945.0,0.020357918575701277
5224,4558005.0,0.020278222282675753
5225,4558065.0,0.020241215172850695
5226,4558125.0,0.020233347953223346
5227,4558185.0,0.02031013871528302
5228,4558245.0,0.020391197012542203
5229,4558305.0,0.02042308145181028
5230,4558365.0,0.020426527557015912
5231,4558425.0,0.020426356641582384
5232,4558485.0,0.02042412168276962
5233,4558545.0,0.020493955004978307
5234,4558605.0,0.020567871535452597
5235,4558665.0,0.02064222504161186
5236,4558725.0,0.0207199290339438
5237,4558785.0,0.020754222144196432
5238,4558845.0,0.020755202249861233
5239,4558905.0,0.020755210220055206
5240,4558965.0,0.020799936982022586
5241,4559025.0,0.02088291716120594
5242,4559085.0,0.020969756031064907
5243,4559145.0,0.020976703307384426
5244,4559205.0,0.020978848733820474
5245,4559265.0,0.020977099174701804
5246,4559325.0,0.021045499725496096
5247,4559385.0,0.021118496181864232
5248,4559445.0,0.02111202439177374
5249,4559508.0,0.021109391736058407
5250,4559565.0,0.021110756367108845
5251,4559625.0,0.021034735112818878
5252,4559685.0,0.021037365910025245
5253,4559745.0,0.021039923175553116
5254,4559805.0,0.021042057715439013
5255,4559865.0,0.021043725817362496
5256,4559925.0,0.021044279126340597
5257,4559985.0,0.021043538059503097
5258,4560045.0,0.02104342212282019
5259,4560105.0,0.021043173763430477
5260,4560165.0,0.021116140989539595
5261,4560225.0,0.021190220415355836
5262,4560285.0,0.02119016893309738
5263,4560345.0,0.021198290202081332
5264,4560405.0,0.02120897765600316
5265,4560465.0,0.02126100691641372
5266,4560525.0,0.02134374454393142
5267,4560585.0,0.02141977586366945
5268,4560645.0,0.021428609841313048
5269,4560705.0,0.02135374256487619
5270,4560765.0,0.021277441969195787
5271,4560825.0,0.02127239250807992
5272,4560885.0,0.0212716869804241
5273,4560945.0,0.021277313957065808
5274,4561005.0,0.021203840584492824
5275,4561065.0,0.02113009622446519
5276,4561125.0,0.021056087632739362
5277,4561185.0,0.02105697915188033
5278,4561245.0,0.021055593233646103
5279,4561305.0,0.02105340323761277
5280,4561365.0,0.021053205546228262
5281,4561425.0,0.021052346303546576
5282,4561485.0,0.02105085715655665
5283,4561545.0,0.020973920782138042
5284,4561605.0,0.020896178630538005
5285,4561665.0,0.020819338425739388
5286,4561725.0,0.02081483494683242
5287,4561785.0,0.020812039152813776
5288,4561845.0,0.020886190626536304
5289,4561905.0,0.020962446387202394
5290,4561965.0,0.02096592842180443
5291,4562025.0,0.02097166326698081
5292,4562085.0,0.02097746546419896
5293,4562145.0,0.020983870044326298
5294,4562205.0,0.021064890315010645
5295,4562265.0,0.021146895411889403
5296,4562325.0,0.021230501182172727
5297,4562385.0,0.021237901800563737
5298,4562445.0,0.021251195987893885
5299,4562505.0,0.021267066613465363
5300,4562565.0,0.02128846074685844
5301,4562625.0,0.021386481455705895
5302,4562685.0,0.02148606666761564
5303,4562745.0,0.021585425932190656
5304,4562805.0,0.02159954389223038
5305,4562865.0,0.021603130205205955
5306,4562925.0,0.02160442155574798
5307,4562985.0,0.021670172895531394
5308,4563045.0,0.02167256711572671
5309,4563105.0,0.02167340650210277
5310,4563165.0,0.02174948093773682
5311,4563225.0,0.021758222228639698
5312,4563285.0,0.021776729398054508
5313,4563345.0,0.021798527781477735
5314,4563405.0,0.021819593391322355
5315,4563465.0,0.021914686182545898
5316,4563525.0,0.022013387069386735
5317,4563585.0,0.02211350932848885
5318,4563645.0,0.02221443717410948
5319,4563705.0,0.02223767017964958
5320,4563765.0,0.022260781939618536
5321,4563825.0,0.022279583111308093
5322,4563888.0,0.022372651575402844
5323,4563945.0,0.02246337095778924
5324,4564005.0,0.022553827586746844
5325,4564065.0,0.022645579521882134
5326,4564125.0,0.022665746412665208
5327,4564185.0,0.02268722604614707
5328,4564245.0,0.022709114740751116
5329,4564305.0,0.022804289956999402
5330,4564365.0,0.022899426795827113
5331,4564425.0,0.022995498768767955
5332,4564485.0,0.023091496182621324
5333,4564545.0,0.02319071105041142
5334,4564605.0,0.023216671702915255
5335,4564665.0,0.023241868310888814
5336,4564725.0,0.023264837916450544
5337,4564785.0,0.023361594288642346
5338,4564848.0,0.023458599461945707
5339,4564905.0,0.023557698687412663
5340,4564965.0,0.023658554575552333
5341,4565025.0,0.02368147559381923
5342,4565085.0,0.023705079768844728
5343,4565145.0,0.02373367426524943
5344,4565205.0,0.02392153701779675
5345,4565265.0,0.024044313158412434
5346,4565325.0,0.024177448598512535
5347,4565385.0,0.024307095782572036
5348,4565445.0,0.024426574493967464
5349,4565505.0,0.02445578528921575
5350,4565565.0,0.024465051710705198
5351,4565625.0,0.024471441883391586
5352,4565685.0,0.024407053064385537
5353,4565745.0,0.024408532289984776
5354,4565805.0,0.02442353170925588
5355,4565865.0,0.024440840028875595
5356,4565925.0,0.024440487214196914
5357,4565985.0,0.02446076788406646
5358,4566045.0,0.024477809923806743
5359,4566105.0,0.024486571427630083
5360,4566165.0,0.024555418045154022
5361,4566225.0,0.024622829029972412
5362,4566285.0,0.024691867064813508
5363,4566345.0,0.02476045570314027
5364,4566405.0,0.024755353515924623
5365,4566465.0,0.024752921285501585
5366,4566525.0,0.024755955681587984
5367,4566585.0,0.024762692656092537
5368,4566645.0,0.02476599410522897
5369,4566705.0,0.024697033018174476
5370,4566765.0,0.024627086837220202
5371,4566825.0,0.02455827683747494
5372,4566885.0,0.02448940515084825
5373,4566945.0,0.024417340464425126
5374,4567005.0,0.02434462560564047
5375,4567065.0,0.024347119346517863
5376,4567125.0,0.024345838773366858
5377,4567185.0,0.024416499808684315
5378,4567245.0,0.024487574843909905
5379,4567305.0,0.024481187016812525
5380,4567365.0,0.02447595441473712
5381,4567425.0,0.024472342461811215
5382,4567488.0,0.024473671980906143
5383,4567545.0,0.02447758106770556
5384,4567605.0,0.02448266390374887
5385,4567665.0,0.02441660324199274
5386,4567725.0,0.024345557054067678
5387,4567785.0,0.024261273835711215
5388,4567845.0,0.02423648139469732
5389,4567905.0,0.02420456748849388
5390,4567965.0,0.024165811570729695
5391,4568025.0,0.024142799115878057
5392,4568085.0,0.024142879649074418
5393,4568145.0,0.02406431128214811
5394,4568205.0,0.024133986759475062
5395,4568265.0,0.024244520371937174
5396,4568325.0,0.02434678456611502
5397,4568385.0,0.0244367303708855
5398,4568445.0,0.02451735879570241
5399,4568508.0,0.024597237233439144
5400,4568565.0,0.02460908834808969
5401,4568625.0,0.02462577833694639
5402,4568685.0,0.02462155386617426
5403,4568745.0,0.024691014074606395
5404,4568805.0,0.02476555702473353
5405,4568865.0,0.024798316468550866
5406,4568925.0,0.02480028126195298
5407,4568985.0,0.02479542662646627
5408,4569045.0,0.024786100337483782
5409,4569105.0,0.024826969089954812
5410,4569165.0,0.024897940406254232
5411,4569225.0,0.024972629090396742
5412,4569285.0,0.02504935821659543
5413,4569345.0,0.0250540258570938
5414,4569405.0,0.02505562723533316
5415,4569465.0,0.02505582373438294
5416,4569525.0,0.025053634610233647
5417,4569585.0,0.02509472636522623
5418,4569645.0,0.02518032176253529
5419,4569705.0,0.025336989852576083
5420,4569765.0,0.025449952414506587
5421,4569825.0,0.02560028586868035
5422,4569885.0,0.025759236766506134
5423,4569945.0,0.025998761033889997
5424,4570005.0,0.026246242974627278
5425,4570065.0,0.026499012355417684
5426,4570125.0,0.026683966400868613
5427,4570185.0,0.026868296551761456
5428,4570245.0,0.027061306436322104
5429,4570305.0,0.02724902688804074
5430,4570365.0,0.02743271626367671
5431,4570425.0,0.027693443173361768
5432,4570485.0,0.02794485455350223
5433,4570545.0,0.028176380501582436
5434,4570605.0,0.028410693713517544
5435,4570665.0,0.02864720926276549
5436,4570725.0,0.028886026380290496
5437,4570785.0,0.029045606891944832
5438,4570845.0,0.0292045000437424
5439,4570905.0,0.029359743016974603
5440,4570965.0,0.029441349958312435
5441,4571025.0,0.029521794799944122
5442,4571085.0,0.029675913230208684
5443,4571145.0,0.029832066077667183
5444,4571205.0,0.029988705149150433
5445,4571265.0,0.030102251999270857
5446,4571325.0,0.03025486239236813
5447,4571385.0,0.03040575520753342
5448,4571445.0,0.030622126391855242
5449,4571505.0,0.030848976172153895
5450,4571565.0,0.031101006967935996
5451,4571625.0,0.031285776179883
5452,4571685.0,0.03147050864459829
5453,4571745.0,0.03165231493679287
5454,4571805.0,0.03192085873913963
5455,4571865.0,0.03219354296388464
5456,4571925.0,0.03247225459711974
5457,4571985.0,0.03267866391170353
5458,4572045.0,0.032884216799890786
5459,4572105.0,0.03308867713522176
5460,4572168.0,0.03329071332992631
5461,4572225.0,0.03349429166607389
5462,4572285.0,0.033701948256316235
5463,4572345.0,0.033990337881273175
5464,4572405.0,0.0342789829217306
5465,4572465.0,0.034569800116408186
5466,4572525.0,0.034789361934626103
5467,4572585.0,0.035004005597380594
5468,4572645.0,0.03521150928306504
5469,4573660.0,0.035396741957413824
5470,4573663.0,0.035658658610664376
5471,4573666.0,0.03592186312559605
5472,4573669.0,0.036185804292461446
5473,4573672.0,0.03645027841758446
5474,4573675.0,0.036640214358409896
5475,4573678.0,0.03682875828196872
5476,4573681.0,0.037016050951331196
5477,4573684.0,0.037281049251487716
5478,4573687.0,0.037546457732487576
5479,4573690.0,0.03781235236262288
5480,4573693.0,0.03807760461560047
5481,4573696.0,0.038267361886173
5482,4573699.0,0.03845449837514436
5483,4573702.0,0.03864041860083137
5484,4573725.0,0.038900074646555836
5485,4573785.0,0.039160368838044746
5486,4573845.0,0.039418933813807365
5487,4573905.0,0.039597894910701176
5488,4573965.0,0.039758359691316504
5489,4574025.0,0.03991320592530359
5490,4574085.0,0.04006607160956373
5491,4574145.0,0.04029598130824598
5492,4574205.0,0.04052433710447872
5493,4574265.0,0.04075207052613459
5494,4574325.0,0.04098088320974331
5495,4574385.0,0.041137477292503194
5496,4574445.0,0.04121551822122033
5497,4574505.0,0.041294280569251156
5498,4574565.0,0.04137017891681011
5499,4574625.0,0.04152583999463036
5500,4574685.0,0.0416805099087938
5501,4574745.0,0.041836806136459646
5502,4574805.0,0.041918593801252464
5503,4574865.0,0.04200171839964343
5504,4574925.0,0.04208316763134189
5505,4574985.0,0.0421633585378477
5506,4575045.0,0.04231829096068574
5507,4575105.0,0.04247324177396763
5508,4575165.0,0.04262667698948295
5509,4575225.0,0.04270681050081845
5510,4575285.0,0.04278707132459283
5511,4575345.0,0.04286527547916016
5512,4575405.0,0.04294493611221676
5513,4575465.0,0.04302365258113406
5514,4575525.0,0.04317742872724721
5515,4575585.0,0.0433302850352447
5516,4575645.0,0.04348429436565614
5517,4575705.0,0.04356416699337839
5518,4575765.0,0.043643380488115995
5519,4575825.0,0.04372019991619649
5520,4575885.0,0.043795816260253785
5521,4575945.0,0.04394904221293493
5522,4576005.0,0.04410060592245146
5523,4576065.0,0.04425208672739435
5524,4576125.0,0.04425007536235508
5525,4576185.0,0.044325715682049675
5526,4576248.0,0.044472294051937464
5527,4576305.0,0.04462168565776125
5528,4576365.0,0.04477422570303575
5529,4576425.0,0.045005940104945644
5530,4576485.0,0.045235592828421774
5531,4576545.0,0.04546765024861154
5532,4576605.0,0.04569549235530918
5533,4576665.0,0.04584739829744667
5534,4576725.0,0.04599352711913036
5535,4576785.0,0.046140866117814365
5536,4576845.0,0.04629010501353129
5537,4576905.0,0.04651590927450774
5538,4576965.0,0.04674279748997851
5539,4577025.0,0.04696844573726944
5540,4577085.0,0.047121011341546656
5541,4577145.0,0.047274928463478014
5542,4577205.0,0.04742595598987957
5543,4577265.0,0.04757868574026287
5544,4577325.0,0.04780579360647609
5545,4577388.0,0.048032669127788814
5546,4577445.0,0.0482607089056379
5547,4577505.0,0.04849237424037439
5548,4577565.0,0.04872635176986261
5549,4577625.0,0.04895860418268514
5550,4577685.0,0.04919146301940761
5551,4577745.0,0.04942812897167415
5552,4577805.0,0.04966605767485369
5553,4577865.0,0.04989237729833553
5554,4577925.0,0.05011898849073725
5555,4577985.0,0.05034527680672577
5556,4578045.0,0.050573136805461265
5557,4578105.0,0.050724373658665355
5558,4578165.0,0.05087268681510646
5559,4578225.0,0.051098266844122324
5560,4578285.0,0.05132131784836764
5561,4578345.0,0.051562344159941605
5562,4578408.0,0.051817833321635386
5563,4578465.0,0.05207335119089989
5564,4578525.0,0.05231514074344761
5565,4578585.0,0.052556185734548004
5566,4578645.0,0.05279404479737896
5567,4578705.0,0.05303806750505614
5568,4578765.0,0.05329281707346161
5569,4578825.0,0.05355773666679709
5570,4578885.0,0.053828806787982734
5571,4578945.0,0.05399637931105245
5572,4579005.0,0.054140565789741434
5573,4579065.0,0.05428381322874593
5574,4579125.0,0.05438785289747242
5575,4579185.0,0.054538030196120475
5576,4579245.0,0.05468643781413441
5577,4579305.0,0.05484098870754372
5578,4579365.0,0.0549958177503369
5579,4579425.0,0.055148794696752025
5580,4579485.0,0.05530277427135521
5581,4579545.0,0.0554584122388218
5582,4579605.0,0.05561471162831203
5583,4579665.0,0.055771293800417794
5584,4579725.0,0.055930289143601646
5585,4579785.0,0.0560873428948152
5586,4579845.0,0.056163125430127504
5587,4579905.0,0.056238534099077135
5588,4579965.0,0.05631385312957663
5589,4580025.0,0.056457752362883536
5590,4580085.0,0.056615602711283165
5591,4580145.0,0.05677241095695341
5592,4580205.0,0.056928560016344894
5593,4580265.0,0.05708637053181909
5594,4580325.0,0.057237061309027344
5595,4580385.0,0.05738618963521485
5596,4580445.0,0.057533661666557996
5597,4580505.0,0.057684844606668416
5598,4580565.0,0.05782945874602904
5599,4580625.0,0.05781446415822183
5600,4580685.0,0.057799443732629456
5601,4580745.0,0.057710508297622067
5602,4580805.0,0.057610988513852095
5603,4580865.0,0.057589907823878635
5604,4580925.0,0.05756432307346957
5605,4580985.0,0.05753382071590469
5606,4581045.0,0.05750182237693673
5607,4581105.0,0.057466687207219015
5608,4581165.0,0.057431419790347014
5609,4581225.0,0.05739990133730218
5610,4581285.0,0.05737574914838326
5611,4581345.0,0.057351261359428425
5612,4581405.0,0.05733479627358599
5613,4581465.0,0.05733789908430444
5614,4581525.0,0.05733643906376192
5615,4581585.0,0.05733304790507105
5616,4581645.0,0.05732378476046008
5617,4581705.0,0.05739405747532272
5618,4581765.0,0.05746309193839675
5619,4581825.0,0.05753483536346438
5620,4581885.0,0.05761205751155144
5621,4581945.0,0.05768744483029959
5622,4582005.0,0.0577560308852269
5623,4582065.0,0.05782382891686174
5624,4582125.0,0.057890683287911894
5625,4582185.0,0.057957108776117976
5626,4582245.0,0.057866708467086005
5627,4582305.0,0.05777854090582494
5628,4582365.0,0.057693279264605844
5629,4582425.0,0.057605005059369156
5630,4582485.0,0.057495431293815895
5631,4582545.0,0.0574618436134809
5632,4582605.0,0.05743269259018869
5633,4582665.0,0.0573990126427839
5634,4582725.0,0.05736103470092024
5635,4582785.0,0.05731308955609251
5636,4582845.0,0.05726099143250044
5637,4582905.0,0.05721002750102002
5638,4582965.0,0.05716360239579676
5639,4583025.0,0.057039013688050096
5640,4583085.0,0.056915212925347396
5641,4583145.0,0.05678969999609008
5642,4583205.0,0.05673897835253893
5643,4583265.0,0.05668148085216763
5644,4583325.0,0.05662391930473438
5645,4583388.0,0.05656388301838527
5646,4583445.0,0.056504441912518764
5647,4583508.0,0.05644407350841852
5648,4583568.0,0.056383931963548996
5649,4583625.0,0.05634307076878845
5650,4583685.0,0.05630314754981513
5651,4583745.0,0.05617880377819575
5652,4583805.0,0.056052900531308465
5653,4583865.0,0.05593028574773564
5654,4583925.0,0.055810638443923345
5655,4583985.0,0.05569086592581297
5656,4584045.0,0.05557811440728045
5657,4584105.0,0.05553484640191276
5658,4584165.0,0.055494830076995495
5659,4584225.0,0.05545465981415037
5660,4584285.0,0.05542043198411089
5661,4584345.0,0.05538881442703563
5662,4584405.0,0.05517279093687797
5663,4584465.0,0.05505478123383268
5664,4584525.0,0.05493921064399674
5665,4584585.0,0.054829866857401634
5666,4584645.0,0.05479764901572851
5667,4584708.0,0.05478225541792801
5668,4584765.0,0.054776343532112755
5669,4584825.0,0.05477465584983204
5670,4584885.0,0.05477469808282014
5671,4584945.0,0.054774137594678966
5672,4585005.0,0.05477516831892453
5673,4585065.0,0.05477518093247124
5674,4585125.0,0.05477535617590424
5675,4585185.0,0.0547750379766652
5676,4585245.0,0.05485324425049038
5677,4585305.0,0.05492874288786715
5678,4585365.0,0.05500666154571172
5679,4585425.0,0.05507740273130387
5680,4585485.0,0.05515156253283774
5681,4585545.0,0.05513740422430278
5682,4585605.0,0.05512123874813434
5683,4585665.0,0.05510646234385449
5684,4585728.0,0.05509221664977266
5685,4585785.0,0.05507998400223841
5686,4585845.0,0.05514901313344583
5687,4585905.0,0.055221627440866845
5688,4585965.0,0.055299479904965455
5689,4586025.0,0.05538065102066187
5690,4586085.0,0.05545861661847543
5691,4586145.0,0.055537544703632764
5692,4586205.0,0.05552876703971971
5693,4586265.0,0.0555206031424846
5694,4586325.0,0.055512883214218926
5695,4586385.0,0.05551175781786138
5696,4586445.0,0.05550996388583456
5697,4586505.0,0.055585309297755466
5698,4586565.0,0.055661635530108146
5699,4586625.0,0.05574051557844829
5700,4586685.0,0.05581874249377728
5701,4586745.0,0.05589922288079766
5702,4586805.0,0.05598110518013844
5703,4586865.0,0.056005467354179835
5704,4586925.0,0.056002787149210205
5705,4586985.0,0.05600414198244843
5706,4587045.0,0.055934173293014554
5707,4587105.0,0.05586481742333813
5708,4587165.0,0.0557879982400156
5709,4587225.0,0.05570717660437644
5710,4587285.0,0.055625555406156
5711,4587345.0,0.05561933035320193
5712,4587405.0,0.05562064377956651
5713,4587465.0,0.055624420050701416
5714,4587525.0,0.05563127658372564
5715,4587585.0,0.055635759732550326
5716,4587645.0,0.05554875607185824
5717,4587705.0,0.055466744847129566
5718,4587765.0,0.05539068913373058
5719,4587825.0,0.05531569785924471
5720,4587885.0,0.05524010899272145
5721,4587945.0,0.05516276170376692
5722,4588005.0,0.05516160682122188
5723,4588065.0,0.05515919805341913
5724,4588125.0,0.055159920481632506
5725,4588185.0,0.0550320277702207
5726,4588245.0,0.05494992896043239
5727,4588305.0,0.054866136559261945
5728,4588365.0,0.054787726345764114
5729,4588425.0,0.05471074527288757
5730,4588488.0,0.05463261315334892
5731,4588545.0,0.05455053338737787
5732,4588605.0,0.05446632626125638
5733,4588665.0,0.05439244478459087
5734,4588725.0,0.05431836348508357
5735,4588785.0,0.05424339158653583
5736,4588845.0,0.05416779959206137
5737,4588905.0,0.05409321111114133
5738,4588965.0,0.05401894091277099
5739,4589025.0,0.053944753132744334
5740,4589085.0,0.05387196408921952
5741,4589145.0,0.05378188137771484
5742,4589205.0,0.05367930831606935
5743,4589265.0,0.05358005517587867
5744,4589325.0,0.05349089799300479
5745,4589385.0,0.053403494003593836
5746,4589445.0,0.05332238200182538
5747,4589505.0,0.05324653914721237
5748,4589565.0,0.05317069869946379
5749,4589625.0,0.05309189084797177
5750,4589685.0,0.05301449726990649
5751,4589745.0,0.05302631123048219
5752,4589805.0,0.053110524739696165
5753,4589865.0,0.05319381632823935
5754,4589925.0,0.053241398378564724
5755,4589985.0,0.05323934788473753
5756,4590045.0,0.05323851396092726
5757,4590105.0,0.05323529270456933
5758,4590165.0,0.05323873971711463
5759,4590225.0,0.05324166883940131
5760,4590285.0,0.05324845190880693
5761,4590345.0,0.053251449751826975
5762,4590405.0,0.053255738380776886
5763,4590465.0,0.05325463385943644
5764,4590525.0,0.05325110733291729
5765,4590585.0,0.05324867451794036
5766,4590645.0,0.05332566514210293
5767,4590708.0,0.05339969389873916
5768,4590765.0,0.05347908384674067
5769,4590825.0,0.05349254674607049
5770,4590885.0,0.053500922275045014
5771,4590945.0,0.05350814640842006
5772,4591005.0,0.05351912872016496
5773,4591065.0,0.05352476683395261
5774,4591125.0,0.05352975751099847
5775,4591185.0,0.05354616265294997
5776,4591245.0,0.05356528788655018
5777,4591305.0,0.05358197038305162
5778,4591365.0,0.05359296923113687
5779,4591425.0,0.05369443429393176
5780,4591485.0,0.05379162994261346
5781,4591545.0,0.053882736195233726
5782,4591605.0,0.05397090058077527
5783,4591665.0,0.05398201101333341
5784,4591725.0,0.05399219320451742
5785,4591785.0,0.05400368764981612
5786,4591845.0,0.05401117524837618
5787,4591908.0,0.053926576491999924
5788,4591965.0,0.05383791032487092
5789,4592025.0,0.05374560556085229
5790,4592085.0,0.05364947016909161
5791,4592145.0,0.05355496336678033
5792,4592205.0,0.0534665669553274
5793,4592265.0,0.05338214165900452
5794,4592325.0,0.05330227899551846
5795,4592385.0,0.053224624668583416
5796,4592445.0,0.053151905050018565
5797,4592505.0,0.05308227514062299
5798,4592565.0,0.05301262923104951
5799,4592625.0,0.052926706618199655
5800,4592685.0,0.05290427941239224
5801,4592748.0,0.05288392018444411
5802,4592805.0,0.05282401989056625
5803,4592865.0,0.05271310362286039
5804,4592925.0,0.0526041959283863
5805,4592985.0,0.052507900603847905
5806,4593045.0,0.05252293519894679
5807,4593105.0,0.05254136171046445
5808,4593165.0,0.05264399991610225
5809,4593225.0,0.052732692709090194
5810,4593285.0,0.052829694371543744
5811,4593345.0,0.052853318981057544
5812,4593405.0,0.052867514029240927
5813,4593465.0,0.05288023738772691
5814,4593525.0,0.05289475316719525
5815,4593585.0,0.05291784595921465
5816,4593645.0,0.052940152278383175
5817,4593705.0,0.052959286247385766
5818,4593765.0,0.05297681127078708
5819,4593825.0,0.0530754105593964
5820,4593885.0,0.05316519580690108
5821,4593945.0,0.05325969188815815
5822,4594005.0,0.053262538315430104
5823,4594065.0,0.053267245666587575
5824,4594125.0,0.05327051535669667
5825,4594185.0,0.05327163268080686
5826,4594245.0,0.05327756343841165
5827,4594305.0,0.05328435862294693
5828,4594365.0,0.053294274068058596
5829,4594425.0,0.053304572503205534
5830,4594485.0,0.05331224192083086
5831,4594545.0,0.0534032413917531
5832,4594605.0,0.053494271869583714
5833,4594665.0,0.05358502716489492
5834,4594725.0,0.05367281502300434
5835,4594785.0,0.05375986763376884
5836,4594845.0,0.05383940631269216
5837,4594905.0,0.05384839507030852
5838,4594965.0,0.05376749655613467
5839,4595025.0,0.053685654478991075
5840,4595085.0,0.05360089752173581
5841,4595145.0,0.05352080864345959
5842,4595205.0,0.0536246290975834
5843,4595265.0,0.05363295174264384
5844,4595325.0,0.05363718983111237
5845,4595385.0,0.0537085923387263
5846,4595445.0,0.05370865006472878
5847,4595505.0,0.05363093372984743
5848,4595565.0,0.05353842850488975
5849,4595625.0,0.053445974312441004
5850,4595685.0,0.053353486067219104
5851,4595745.0,0.05327008116181176
5852,4595805.0,0.05319089416083326
5853,4595865.0,0.05311734432986525
5854,4595925.0,0.053043174668017466
5855,4595985.0,0.05296749240391745
5856,4596045.0,0.0528964222764221
5857,4596105.0,0.05282564828761436
5858,4596165.0,0.052753313699140957
5859,4596225.0,0.05268335013462474
5860,4596285.0,0.052610112793215626
5861,4596345.0,0.05262488471164064
5862,4596405.0,0.05264173969829703
5863,4596465.0,0.052657009376078194
5864,4596525.0,0.05267067351382445
5865,4596585.0,0.05268136432147872
5866,4596645.0,0.05261137123654792
5867,4596705.0,0.05253679696932636
5868,4596765.0,0.0524583303769287
5869,4596825.0,0.052376639078226615
5870,4596885.0,0.05229850421085313
5871,4596945.0,0.05221965212899942
5872,4597005.0,0.05222669957169442
5873,4597065.0,0.05223407919361072
5874,4597125.0,0.0522398093300294
5875,4597185.0,0.05224042909476372
5876,4597245.0,0.05224106447655042
5877,4597305.0,0.052165502557711636
5878,4597365.0,0.05208801229334976
5879,4597425.0,0.05200946713821051
5880,4597485.0,0.05193181771709842
5881,4597545.0,0.05185029562268511
5882,4597605.0,0.05176895431421714
5883,4597665.0,0.051744600692654984
5884,4597725.0,0.05174853885722045
5885,4597785.0,0.05174775789276339
5886,4597845.0,0.05174657930747548
5887,4597905.0,0.0517401107988525
5888,4597965.0,0.05173569389009856
5889,4598025.0,0.05173221061302715
5890,4598085.0,0.051729777046017465
5891,4598145.0,0.051717686493540145
5892,4598205.0,0.05171144977132917
5893,4598265.0,0.05170917776204124
5894,4598325.0,0.051708043904293045
5895,4598385.0,0.05170810181633747
5896,4598445.0,0.051795594767461074
5897,4598505.0,0.05187785950044887
5898,4598565.0,0.05195334510317021
5899,4598625.0,0.05203040551827081
5900,4598685.0,0.05210899724168654
5901,4598745.0,0.05218810383159909
5902,4598805.0,0.05219235547043969
5903,4598865.0,0.05219741744179968
5904,4598925.0,0.052201307895916156
5905,4598985.0,0.052334645760822966
5906,4599045.0,0.052418754394153326
5907,4599105.0,0.05249905006375764
5908,4599165.0,0.05257264300994597
5909,4599225.0,0.052645300046813774
5910,4599285.0,0.05272035195770309
5911,4599345.0,0.05279531111027617
5912,4599408.0,0.05287256941111707
5913,4599465.0,0.052947949206724236
5914,4599525.0,0.05302425579729015
5915,4599585.0,0.053101957350669186
5916,4599645.0,0.0531791012074485
5917,4599705.0,0.05325677262656462
5918,4599765.0,0.05333607305429789
5919,4599825.0,0.05341351280256424
5920,4599885.0,0.053491598863213814
5921,4599945.0,0.05356831677074598
5922,4600005.0,0.05364076842870775
5923,4600065.0,0.053711520614098084
5924,4600125.0,0.05378630040275232
5925,4600185.0,0.053862863244940946
5926,4600245.0,0.053851717653029325
5927,4600305.0,0.053842674257488156
5928,4600365.0,0.05383492409598132
5929,4600425.0,0.053827676773892004
5930,4600485.0,0.05382608392159808
5931,4600545.0,0.053897178111567585
5932,4600605.0,0.05389960576521783
5933,4600665.0,0.05390486664537473
5934,4600725.0,0.053910677844684736
5935,4600785.0,0.05391901153176088
5936,4600845.0,0.053929345652733225
5937,4600905.0,0.053934131655359645
5938,4600965.0,0.05393053611278827
5939,4601025.0,0.05393070509696616
5940,4601085.0,0.053844041990865614
5941,4601145.0,0.05375831352331049
5942,4601205.0,0.053676589552668054
5943,4601265.0,0.053597984893741756
5944,4601328.0,0.053519321371439325
5945,4601385.0,0.05344241294974509
5946,4601445.0,0.05343563763426667
5947,4601505.0,0.0534408166578663
5948,4601565.0,0.053442675209514685
5949,4601625.0,0.05344233739496992
5950,4601685.0,0.053356238192456044
5951,4601745.0,0.05327168908404533
5952,4601805.0,0.05318455756936397
5953,4601865.0,0.05310322201152622
5954,4601925.0,0.053029954238265876
5955,4601985.0,0.05294664974051264
5956,4602045.0,0.05286285086001736
5957,4602105.0,0.05277598228865694
5958,4602165.0,0.05268764315613731
5959,4602225.0,0.05267158247720936
5960,4602285.0,0.052661207276626924
5961,4602345.0,0.05265700836892379
5962,4602405.0,0.05257932098267993
5963,4602465.0,0.05249864162246568
5964,4602528.0,0.05242017591433109
5965,4602585.0,0.05234230899889616
5966,4602645.0,0.052242597703597425
5967,4602705.0,0.052180147256204616
5968,4602768.0,0.05204144673802424
5969,4602825.0,0.0519003242633894
5970,4602885.0,0.051755838441816006
5971,4602945.0,0.051609248219210764
5972,4603005.0,0.051456899149972375
5973,4603068.0,0.05130095932585877
5974,4603125.0,0.05114206961515442
5975,4603185.0,0.05098240921644067
5976,4603245.0,0.05089337241971393
5977,4603305.0,0.05080352339444307
5978,4603365.0,0.050643059258950705
5979,4603425.0,0.05049894119034944
5980,4603485.0,0.050287091848403416
5981,4603545.0,0.0500753790597216
5982,4603605.0,0.04990995229255304
5983,4603665.0,0.049795325696673574
5984,4603725.0,0.04968099706388044
5985,4603785.0,0.049554900946057696
5986,4603845.0,0.049394017705269445
5987,4603905.0,0.04922456342260955
5988,4603965.0,0.04897543305787417
5989,4604025.0,0.04874204258642096
5990,4604085.0,0.048500471743416186
5991,4604145.0,0.04825432814389097
5992,4604205.0,0.048007917620464594
5993,4604265.0,0.04776341677452698
5994,4604325.0,0.047512355116298595
5995,4604385.0,0.04725939989362332
5996,4604445.0,0.04707646031004348
5997,4604505.0,0.046896122725945004
5998,4604565.0,0.046717947049728856
5999,4604625.0,0.046466452487039116
6000,4604685.0,0.04622396022439919
6001,4604745.0,0.04597697114050033
6002,4604805.0,0.045741102596933765
6003,4604865.0,0.04550478922457764
6004,4604925.0,0.04526997204605473
6005,4604988.0,0.04510989716824549
6006,4605048.0,0.044944924416443814
6007,4605105.0,0.04470989039660419
6008,4605165.0,0.04446545099564549
6009,4605225.0,0.04420972005262185
6010,4605285.0,0.04395064153661286
6011,4605345.0,0.04369680983620909
6012,4605405.0,0.043450325619068614
6013,4605465.0,0.04320674759123317
6014,4605525.0,0.0429616954773254
6015,4605585.0,0.042710716163136105
6016,4605645.0,0.04245394088149123
6017,4605705.0,0.04220151924338487
6018,4605765.0,0.04203375616050511
6019,4605825.0,0.041868872834724936
6020,4605885.0,0.041698163178890475
6021,4605945.0,0.041521572964261885
6022,4606005.0,0.04134651999569828
6023,4606065.0,0.041168466437259556
6024,4606125.0,0.040997931498196714
6025,4606185.0,0.04075758186964749
6026,4606245.0,0.04051877956607954
6027,4606305.0,0.040348940746485484
6028,4606365.0,0.04018186517847895
6029,4606425.0,0.04000677548192759
6030,4606485.0,0.039824819472697164
6031,4606545.0,0.03962090981366205
6032,4606605.0,0.039404345744950234
6033,4606665.0,0.039182243822018945
6034,4606725.0,0.038961335885481244
6035,4606785.0,0.03874075821996108
6036,4606845.0,0.03851463530821404
6037,4606905.0,0.0382915871167249
6038,4606965.0,0.03807101304771421
6039,4607025.0,0.03785270523955443
6040,4607085.0,0.0376368510683626
6041,4607145.0,0.037417928456502984
6042,4607205.0,0.03719900675289149
6043,4607265.0,0.036980521346474865
6044,4607325.0,0.03676179744933004
6045,4607385.0,0.03654123925112369
6046,4607445.0,0.036306267988665646
6047,4607505.0,0.03606643055707469
6048,4607565.0,0.03582752036163083
6049,4607625.0,0.03558885961497212
6050,4607685.0,0.035349915367320364
6051,4607745.0,0.03511062968784808
6052,4607805.0,0.03487374669310666
6053,4607865.0,0.034662062149824605
6054,4607925.0,0.034472966652603965
6055,4607985.0,0.03430053362604518
6056,4608045.0,0.03413546379241887
6057,4608105.0,0.03398254604970056
6058,4608165.0,0.033829471071735326
6059,4608225.0,0.033674840745614866
6060,4608285.0,0.0335210701784287
6061,4608345.0,0.0334398613253253
6062,4608405.0,0.03335896426227048
6063,4608465.0,0.03320659570462053
6064,4608525.0,0.033052491944754916
6065,4608585.0,0.03289848165639394
6066,4608645.0,0.03281364786575372
6067,4608705.0,0.03273126410999314
6068,4608765.0,0.03265320010822803
6069,4608828.0,0.03250452006936178
6070,4608885.0,0.032356625804018616
6071,4608945.0,0.03214179845062205
6072,4609005.0,0.0319174823269071
6073,4609065.0,0.0317586707165567
6074,4609125.0,0.03160105152860475
6075,4609185.0,0.031443353701973493
6076,4609245.0,0.03128686456738602
6077,4609305.0,0.03113121356202264
6078,4609365.0,0.030981078623947778
6079,4609425.0,0.030841620959197416
6080,4609485.0,0.030704979631094247
6081,4609545.0,0.030573625626752712
6082,4609605.0,0.030444598647140865
6083,4609665.0,0.03031176822304251
6084,4609725.0,0.03017604675530012
6085,4609785.0,0.03003524671330169
6086,4609845.0,0.029890396439298902
6087,4609908.0,0.029734013032867705
6088,4609965.0,0.0295802824562503
6089,4610028.0,0.029428211701509006
6090,4610085.0,0.029200123698185254
6091,4610145.0,0.028970720453791426
6092,4610205.0,0.028813387473119595
6093,4610265.0,0.028656334534249525
6094,4610325.0,0.028498391603836014
6095,4610385.0,0.02834100438540217
6096,4610445.0,0.02818392553382594
6097,4610505.0,0.028025218573296214
6098,4610565.0,0.02786550975700315
6099,4610625.0,0.027707239005924394
6100,4610685.0,0.027549773716489992
6101,4610745.0,0.027393420626023617
6102,4610805.0,0.02724006656097412
6103,4610865.0,0.02708686249554445
6104,4610925.0,0.02685989587313259
6105,4610985.0,0.02663086248076057
6106,4611045.0,0.026486153079164375
6107,4611105.0,0.02634077389487697
6108,4611165.0,0.026265818535216146
6109,4611225.0,0.026192534328148838
6110,4611285.0,0.02611428939148458
6111,4611345.0,0.02596040662741867
6112,4611405.0,0.02580228902317571
6113,4611465.0,0.02564539129052297
6114,4611525.0,0.025488227290028524
6115,4611585.0,0.025329887388515708
6116,4611645.0,0.025177951874587774
6117,4611705.0,0.02504758044991571
6118,4611765.0,0.02492573069622473
6119,4611825.0,0.0248073415520855
6120,4611885.0,0.02477230681678662
6121,4611945.0,0.024740836895388724
6122,4612005.0,0.02470633852337411
6123,4612065.0,0.024672821121944702
6124,4612125.0,0.024643938565686037
6125,4612185.0,0.024614558240101773
6126,4612245.0,0.024516360687002935
6127,4612305.0,0.02440704892714187
6128,4612365.0,0.02428894570707312
6129,4612425.0,0.024159081375413574
6130,4612485.0,0.02409393634676455
6131,4612545.0,0.02401574983382903
6132,4612605.0,0.02393286685636311
6133,4612665.0,0.023848795812392687
6134,4612725.0,0.023764676309187625
6135,4612785.0,0.023477589579767838
6136,4612845.0,0.023322433506079578
6137,4612905.0,0.023168142816716718
6138,4612965.0,0.023015278380222236
6139,4613025.0,0.022859898062323143
6140,4613085.0,0.02270515725891971
6141,4613145.0,0.022549744603863622
6142,4613205.0,0.022470927487835773
6143,4613265.0,0.022391969256829333
6144,4613325.0,0.022238384780234093
6145,4613388.0,0.022085049102832786
6146,4613445.0,0.021989260017725908
6147,4613505.0,0.02198683316481427
6148,4613565.0,0.022060144986595434
6149,4613628.0,0.022134919886050312
6150,4613685.0,0.02221039430823963
6151,4613745.0,0.02228595388248377
6152,4613805.0,0.02228922057369675
6153,4613865.0,0.022292422311148745
6154,4613925.0,0.022296305330887528
6155,4613985.0,0.02230000110815028
6156,4614045.0,0.022232485991082518
6157,4614105.0,0.022162090658638355
6158,4614165.0,0.022233602201189175
6159,4614228.0,0.022305397965039497
6160,4614285.0,0.02237806726140039
6161,4614345.0,0.02237976982244262
6162,4614405.0,0.022381121076524506
6163,4614465.0,0.022383003876165687
6164,4614525.0,0.02238377239461648
6165,4614585.0,0.022384944206400192
6166,4614645.0,0.02239357720895644
6167,4614705.0,0.02247873864095714
6168,4614765.0,0.02256156698332852
6169,4614825.0,0.022665331346757155
6170,4614885.0,0.022770196246146172
6171,4614945.0,0.02287007799804766
6172,4615005.0,0.022968263388812186
6173,4615065.0,0.023062492670795513
6174,4615125.0,0.0231608469347383
6175,4615185.0,0.023261493851081123
6176,4615245.0,0.023293899258375522
6177,4615305.0,0.02332426703856432
6178,4615365.0,0.0233507450459133
6179,4615425.0,0.02343222430163433
6180,4615485.0,0.023508820585274627
6181,4615545.0,0.023585210998854585
6182,4615605.0,0.023662373204561236
6183,4615665.0,0.023739531753265868
6184,4615725.0,0.023753988312213516
6185,4615785.0,0.023683286954710704
6186,4615845.0,0.023610459719376614
6187,4615905.0,0.023680131638131548
6188,4615965.0,0.023762753867386466
6189,4616025.0,0.02385643426305068
6190,4616085.0,0.023955694048618158
6191,4616145.0,0.023979886467309502
6192,4616205.0,0.023997597314933276
6193,4616265.0,0.02401145093070787
6194,4616325.0,0.0240261309523822
6195,4616385.0,0.024046785095692143
6196,4616445.0,0.024073480514008642
6197,4616505.0,0.024162398062598775
6198,4616565.0,0.024256495008116913
6199,4616625.0,0.024351004401968995
6200,4616685.0,0.024448095755898826
6201,4616745.0,0.0244718156919927
6202,4616805.0,0.024495427659584568
6203,4616865.0,0.024518426356188033
6204,4616925.0,0.02460723696381127
6205,4616985.0,0.02469422794920654
6206,4617045.0,0.02477811282461411
6207,4617105.0,0.024796894987574203
6208,4617165.0,0.024825972133111024
6209,4617225.0,0.02486317517658493
6210,4617285.0,0.02490673937091962
6211,4617345.0,0.02496371972354724
6212,4617405.0,0.025027806355321737
6213,4617465.0,0.02509498750186063
6214,4617525.0,0.025159076343632986
6215,4617588.0,0.025224454953632423
6216,4617645.0,0.025288797467583758
6217,4617705.0,0.025350703109848945
6218,4617765.0,0.025411618968620098
6219,4617825.0,0.025472976554858945
6220,4617885.0,0.025532603515442412
6221,4617945.0,0.025595268670560833
6222,4618005.0,0.025657182672292646
6223,4618065.0,0.025717054184302424
6224,4618125.0,0.025769900159145057
6225,4618185.0,0.025820479043669575
6226,4618245.0,0.025880101134866523
6227,4618305.0,0.025940762133950107
6228,4618365.0,0.025999895137145387
6229,4618425.0,0.026053242797220016
6230,4618485.0,0.026111271978961285
6231,4618545.0,0.02617329931056977
6232,4618605.0,0.026238611816620516
6233,4618665.0,0.02628515031379107
6234,4618725.0,0.026310717597839386
6235,4618785.0,0.02632074802664596
6236,4618845.0,0.026322713797437912
6237,4618905.0,0.026311629860155
6238,4618965.0,0.02630175277031068
6239,4619025.0,0.026291867887030848
6240,4619085.0,0.02628261388766257
6241,4619145.0,0.026202871207761422
6242,4619205.0,0.026120878070019095
6243,4619265.0,0.02611311903923312
6244,4619325.0,0.026105262941088926
6245,4619385.0,0.02609619374908561
6246,4619445.0,0.026021414397327372
6247,4619505.0,0.025947371388175995
6248,4619565.0,0.02587423962969803
6249,4619625.0,0.025871933694516742
6250,4619685.0,0.025941284192809562
6251,4619745.0,0.026010982251280797
6252,4619805.0,0.026082542559803426
6253,4619865.0,0.02608540239791385
6254,4619925.0,0.026013608710445307
6255,4619985.0,0.025941844935951808
6256,4620045.0,0.025871124198122694
6257,4620105.0,0.025872124751795254
6258,4620165.0,0.025868479706319336
6259,4620225.0,0.025852537996814653
6260,4620285.0,0.02583168436573765
6261,4620345.0,0.025805130304804823
6262,4620405.0,0.025774556820282048
6263,4620465.0,0.025675481169222136
6264,4620525.0,0.02557777512574959
6265,4620585.0,0.025485576960368128
6266,4620645.0,0.02539845871483272
6267,4620705.0,0.02539720452592193
6268,4620765.0,0.025395407318216857
6269,4620825.0,0.025320132044678263
6270,4620885.0,0.025318256371061935
6271,4620945.0,0.025317844834810657
6272,4621005.0,0.025287470513162456
6273,4621065.0,0.025286950858017188
6274,4621125.0,0.025288965223258894
6275,4621185.0,0.025291817023216596
6276,4621245.0,0.025218851470607942
6277,4621305.0,0.025148491686140723
6278,4621365.0,0.0251298065456722
6279,4621425.0,0.025131826501994768
6280,4621485.0,0.0251312206503922
6281,4621545.0,0.02513193945400373
6282,4621605.0,0.02505976091532447
6283,4621665.0,0.02498663011012278
6284,4621725.0,0.02498606186096574
6285,4621785.0,0.024986372972629595
6286,4621845.0,0.02498730312511923
6287,4621905.0,0.024988798647763287
6288,4621965.0,0.02491801021428571
6289,4622025.0,0.024916393722521045
6290,4622085.0,0.024913823063567417
6291,4622145.0,0.02491386956509696
6292,4622205.0,0.02491557320443572
6293,4622265.0,0.024843704180283685
6294,4622325.0,0.024771903716939526
6295,4622385.0,0.02469940495184092
6296,4622445.0,0.02462030229975338
6297,4622505.0,0.024551435555311106
6298,4622565.0,0.02451624999377868
6299,4622625.0,0.02447701139290867
6300,4622685.0,0.024365207772553514
6301,4622745.0,0.024249004044325104
6302,4622805.0,0.024129733816319755
6303,4622865.0,0.024078904661936143
6304,4622925.0,0.02402574601189319
6305,4622985.0,0.023901957519210378
6306,4623045.0,0.023779828847726316
6307,4623105.0,0.02365998152351284
6308,4623165.0,0.023547168867108656
6309,4623225.0,0.023444459257135453
6310,4623285.0,0.02335322864246859
6311,4623345.0,0.02327572076222348
6312,4623405.0,0.02320308044070315
6313,4623465.0,0.023131773085052508
6314,4623525.0,0.0231309295770796
6315,4623585.0,0.023336527069575085
6316,4623645.0,0.023411316108161606
6317,4623705.0,0.023411495024866787
6318,4623765.0,0.0234112157804669
6319,4623825.0,0.023339514848653736
6320,4623885.0,0.023266086198292985
6321,4623945.0,0.023262680041302976
6322,4624005.0,0.02325875500947322
6323,4624065.0,0.023255480513083696
6324,4624125.0,0.023253732071009912
6325,4624185.0,0.02325208931793582
6326,4624245.0,0.02321692752365083
6327,4624305.0,0.023143161005506584
6328,4624368.0,0.023069742128609204
6329,4624425.0,0.022997062894317112
6330,4624485.0,0.022924835995365593
6331,4624545.0,0.02292315162057381
6332,4624605.0,0.022995975638502482
6333,4624665.0,0.02306970805655883
6334,4624725.0,0.023070172344345732
6335,4624785.0,0.023069595527247015
6336,4624845.0,0.023068859400270564
6337,4624905.0,0.023067832655169325
6338,4624965.0,0.022997614051074318
6339,4625025.0,0.022926833232693816
6340,4625085.0,0.022926840940374796
6341,4625145.0,0.02299888392955183
6342,4625205.0,0.022999421807264366
6343,4625265.0,0.0229973161036318
6344,4625325.0,0.022994839822581582
6345,4625385.0,0.02299233172480193
6346,4625445.0,0.022990103441686387
6347,4625505.0,0.022916303884763116
6348,4625565.0,0.02284016379635264
6349,4625625.0,0.02274358879962999
6350,4625685.0,0.02263764960581622
6351,4625745.0,0.022529526101271402
6352,4625805.0,0.022429820509619156
6353,4625865.0,0.022336689107942398
6354,4625925.0,0.022239806329856497
6355,4625985.0,0.022138952271024158
6356,4626045.0,0.02203800351782246
6357,4626105.0,0.02193704896051208
6358,4626165.0,0.02182751071858126
6359,4626225.0,0.021740464947528904
6360,4626285.0,0.021662105942139104
6361,4626345.0,0.021583517130279825
6362,4626405.0,0.02150517694193968
6363,4626465.0,0.021498752122766203
6364,4626525.0,0.021556512939674567
6365,4626585.0,0.021626717064853293
6366,4626645.0,0.02169859475309331
6367,4626708.0,0.021628425898995267
6368,4626765.0,0.021556840671364055
6369,4626825.0,0.021554104542545714
6370,4626885.0,0.021552292211170818
6371,4626945.0,0.021625745662456314
6372,4627005.0,0.021619002984860636
6373,4627065.0,0.021617321234369102
6374,4627125.0,0.021615775194560892
6375,4627185.0,0.02161549590284262
6376,4627245.0,0.021614846129609996
6377,4627305.0,0.021622137348790378
6378,4627365.0,0.021623013810345572
6379,4627425.0,0.021623896673792185
6380,4627485.0,0.02162596158430353
6381,4627545.0,0.021628579225913533
6382,4627605.0,0.02162997609613728
6383,4627665.0,0.02163149299677755
6384,4627725.0,0.02163343648935223
6385,4627785.0,0.021633391824854395
6386,4627845.0,0.021562403994345662
6387,4627905.0,0.021556622770561883
6388,4627965.0,0.021544910023244872
6389,4628025.0,0.021530914205493898
6390,4628085.0,0.021522694140896435
6391,4628145.0,0.021521969088506093
6392,4628205.0,0.021521886366786515
6393,4628265.0,0.021521246258988
6394,4628325.0,0.021593771755814645
6395,4628385.0,0.021665009783963268
6396,4628445.0,0.021737265310705987
6397,4628505.0,0.021810026119595163
6398,4628565.0,0.021882124571663095
6399,4628625.0,0.021954824065978658
6400,4628688.0,0.02202734147807
6401,4628745.0,0.022029738686413634
6402,4628805.0,0.022030856323009856
6403,4628865.0,0.022032924834622054
6404,4628925.0,0.022043506275711847
6405,4628985.0,0.022130121620660838
6406,4629045.0,0.022223684230914323
6407,4629105.0,0.022321023943752245
6408,4629165.0,0.022419328150492385
6409,4629225.0,0.022524527304893745
6410,4629285.0,0.02255230133911356
6411,4629345.0,0.022576419734241064
6412,4629405.0,0.022596182413058538
6413,4629465.0,0.02260934792466176
6414,4629525.0,0.022690257713999636
6415,4629585.0,0.022771052892832447
6416,4629645.0,0.02285451443710293
6417,4629705.0,0.022865988504614736
6418,4629765.0,0.022876899334163453
6419,4629825.0,0.022887517324965495
6420,4629885.0,0.02289666211694876
6421,4629945.0,0.022975405740975306
6422,4630005.0,0.023056988449657347
6423,4630065.0,0.023137472616936126
6424,4630125.0,0.023218942802296937
6425,4630185.0,0.023229657535499854
6426,4630245.0,0.02323782515954069
6427,4630305.0,0.0232429477041596
6428,4630365.0,0.02324467717903731
6429,4630425.0,0.023318050670177823
6430,4630485.0,0.023319091301498972
6431,4630545.0,0.023321173953429634
6432,4630605.0,0.023321356775234198
6433,4630665.0,0.023250144711979573
6434,4630725.0,0.023251028162433518
6435,4630785.0,0.02325330325172137
6436,4630845.0,0.023254144624812317
6437,4630905.0,0.023183819264722814
6438,4630965.0,0.02311232028428256
6439,4631025.0,0.023041602755197302
6440,4631085.0,0.023042754327381558
6441,4631145.0,0.02304565874886009
6442,4631205.0,0.023050299486648627
6443,4631265.0,0.023052153988590264
6444,4631325.0,0.023053866792789292
6445,4631385.0,0.0230549229892814
6446,4631445.0,0.0230558202423874
6447,4631505.0,0.022983458737984838
6448,4631565.0,0.022909814845939076
6449,4631625.0,0.022982313180670642
6450,4631685.0,0.023056812671099255
6451,4631745.0,0.023059216299153328
6452,4631805.0,0.023018359397622846
6453,4631865.0,0.022949057713053937
6454,4631928.0,0.022877408181088833
6455,4631988.0,0.022803983411477345
6456,4632045.0,0.02280521029337059
6457,4632105.0,0.0228057355867406
6458,4632165.0,0.022753912722284587
6459,4632225.0,0.022681033529291968
6460,4632285.0,0.022609365444733028
6461,4632345.0,0.022538617284710356
6462,4632405.0,0.02253912311954223
6463,4632465.0,0.022519299108968854
6464,4632525.0,0.02249123586419277
6465,4632585.0,0.022456087617953494
6466,4632645.0,0.022424185139447668
6467,4632705.0,0.02239736066794143
6468,4632765.0,0.02237613659305087
6469,4632825.0,0.02230437871828094
6470,4632885.0,0.022233857408438154
6471,4632948.0,0.022162226972576277
6472,4633005.0,0.022162699323758403
6473,4633065.0,0.022236086954954784
6474,4633125.0,0.022307600917999472
6475,4633185.0,0.0223800419772687
6476,4633245.0,0.022451932334355877
6477,4633305.0,0.022490721401614906
6478,4633365.0,0.022490451632118387
6479,4633425.0,0.022491332445009622
6480,4633485.0,0.022491477790267562
6481,4633545.0,0.022491862586031475
6482,4633605.0,0.022565839849222967
6483,4633665.0,0.022570258365127514
6484,4633725.0,0.022572696548748675
6485,4633785.0,0.022646195129663725
6486,4633845.0,0.022719548081211134
6487,4633905.0,0.02279179394598075
6488,4633965.0,0.02286405130566986
6489,4634025.0,0.0229363715243859
6490,4634085.0,0.02300864124987214
6491,4634148.0,0.023081653033837794
6492,4634205.0,0.02315500159640345
6493,4634265.0,0.023227180755107997
6494,4634325.0,0.023229022171956264
6495,4634385.0,0.023156534077371387
6496,4634445.0,0.023083073008902506
6497,4634505.0,0.023084338687927995
6498,4634565.0,0.02308611019071724
6499,4634625.0,0.02308773958065396
6500,4634685.0,0.02308934118817982
6501,4634745.0,0.023091128239941285
6502,4634805.0,0.02309406474314453
6503,4634865.0,0.02309811667990317
6504,4634925.0,0.023100150543147076
6505,4634985.0,0.023102195273051948
6506,4635045.0,0.023108282455937823
6507,4635105.0,0.023113474429933903
6508,4635165.0,0.023122128449441483
6509,4635225.0,0.02313010671410503
6510,4635285.0,0.023133551558761546
6511,4635345.0,0.023062056615356437
6512,4635405.0,0.022984030627737274
6513,4635465.0,0.022972151166835403
6514,4635525.0,0.023038168209417655
6515,4635585.0,0.023107068795670364
6516,4635645.0,0.02310616167133247
6517,4635705.0,0.02310524953408606
6518,4635765.0,0.023103275839726385
6519,4635825.0,0.023104460291970053
6520,4635885.0,0.023033839726036225
6521,4635945.0,0.022963358767947473
6522,4636005.0,0.022965182147845535
6523,4636065.0,0.022968707108968145
6524,4636125.0,0.02297144388194057
6525,4636185.0,0.022972392579526026
6526,4636245.0,0.02297716397688928
6527,4636305.0,0.023057412741810612
6528,4636365.0,0.02313872735179469
6529,4636425.0,0.023148453593508665
6530,4636485.0,0.023152720577803036
6531,4636545.0,0.02323693254813993
6532,4636605.0,0.023335608187312666
6533,4636665.0,0.023430661296940762
6534,4636725.0,0.023520155523489017
6535,4636788.0,0.023593342239728733
6536,4636845.0,0.023595617509588968
6537,4636905.0,0.02359803798398611
6538,4636965.0,0.023611603607526246
6539,4637025.0,0.02361956858478305
6540,4637085.0,0.02369479538127161
6541,4637145.0,0.02378410102757332
6542,4637205.0,0.023883669527871916
6543,4637265.0,0.023908927703470584
6544,4637325.0,0.023917817211614602
6545,4637385.0,0.02392815092543816
6546,4637445.0,0.023938146708954847
6547,4637505.0,0.02402098892721386
6548,4637565.0,0.024091353096514133
6549,4637625.0,0.024086239273610373
6550,4637685.0,0.024081115398375923
6551,4637745.0,0.024073850458281032
6552,4637805.0,0.024150357863162428
6553,4637865.0,0.024152086183040725
6554,4637925.0,0.02411965333189557
6555,4637985.0,0.024076944587754882
6556,4638045.0,0.024036946674124843
6557,4638105.0,0.023934467403352686
6558,4638165.0,0.023843939498985438
6559,4638228.0,0.023759183798306154
6560,4638285.0,0.023685354405772817
6561,4638345.0,0.023688352838599887
6562,4638405.0,0.023688011510781468
6563,4638465.0,0.02373085229722062
6564,4638525.0,0.02373229590994433
6565,4638585.0,0.023732733267960528
6566,4638645.0,0.02381814987366178
6567,4638705.0,0.02389603985231193
6568,4638765.0,0.023979535313302
6569,4638825.0,0.0240684944576338
6570,4638885.0,0.024151366814068653
6571,4638945.0,0.024153328757813362
6572,4639005.0,0.02415435422930673
6573,4639065.0,0.02415402662608737
6574,4639125.0,0.024080879740128465
6575,4639185.0,0.02408089086988882
6576,4639245.0,0.0240819435058814
6577,4639305.0,0.024013238809368308
6578,4639365.0,0.023927524067362115
6579,4639425.0,0.023831856359005213
6580,4639485.0,0.02374084696775023
6581,4639545.0,0.02372329786452229
6582,4639605.0,0.023702946190076353
6583,4639665.0,0.023690757828276288
6584,4639725.0,0.023687233520311872
6585,4639785.0,0.023616492079457298
6586,4639845.0,0.023545359473479924
6587,4639905.0,0.023472834120803525
6588,4639965.0,0.023398928341436753
6589,4640025.0,0.023324158707396375
6590,4640085.0,0.02339510145868612
6591,4640145.0,0.023469359584026857
6592,4640205.0,0.023463920352100376
6593,4640265.0,0.023454548730800037
6594,4640325.0,0.023381336201317916
6595,4640385.0,0.023309802840193017
6596,4640445.0,0.023237016254543122
6597,4640505.0,0.02323688262565779
6598,4640565.0,0.023237000020252224
6599,4640625.0,0.02323684005798237
6600,4640685.0,0.02323676143287888
6601,4640745.0,0.023165689410820346
6602,4640805.0,0.023093002906263288
6603,4640865.0,0.023019523165947263
6604,4640925.0,0.022946524346903627
6605,4640985.0,0.023018906613936616
6606,4641045.0,0.023020211321479446
6607,4641105.0,0.02302112436020886
6608,4641165.0,0.023021837975610124
6609,4641225.0,0.022951514923781204
6610,4641285.0,0.022929029457673028
6611,4641345.0,0.022928588275982202
6612,4641405.0,0.022929424694134774
6613,4641465.0,0.02300112698369374
6614,4641525.0,0.023000565188289433
6615,4641585.0,0.02299835317873844
6616,4641645.0,0.022996843183871664
6617,4641705.0,0.022994749452293774
6618,4641765.0,0.0229938548391099
6619,4641825.0,0.022992272394444173
6620,4641885.0,0.02291940635121082
6621,4641945.0,0.02284526490906904
6622,4642005.0,0.022770076980229995
6623,4642065.0,0.022843114432480348
6624,4642125.0,0.022918210302611708
6625,4642185.0,0.022991101969240903
6626,4642245.0,0.0230646788374783
6627,4642305.0,0.02313859948849018
6628,4642365.0,0.023212455447063213
6629,4642425.0,0.023212196209815114
6630,4642485.0,0.0232126240345149
6631,4642545.0,0.02321256576957246
6632,4642605.0,0.023255450904255424
6633,4642665.0,0.023324632997336406
6634,4642725.0,0.023395200151793867
6635,4642785.0,0.02346645368206774
6636,4642845.0,0.023538855743516773
6637,4642905.0,0.02361130124576423
6638,4642965.0,0.02368489913948557
6639,4643025.0,0.023759033915376537
6640,4643085.0,0.02383202375377353
6641,4643145.0,0.023902931157051832
6642,4643205.0,0.023975207933752664
6643,4643265.0,0.0240685882178339
6644,4643325.0,0.024170510554269053
6645,4643385.0,0.02420469273581729
6646,4643445.0,0.024235025429206386
6647,4643505.0,0.02425964516661292
6648,4643565.0,0.02434893497907497
6649,4643628.0,0.02442113050079421
6650,4643685.0,0.024492614316728917
6651,4643745.0,0.024564412390685124
6652,4643805.0,0.024564321629416012
6653,4643865.0,0.02456228792192066
6654,4643925.0,0.024561926404558537
6655,4643985.0,0.024560186891771613
6656,4644045.0,0.02455730452440197
6657,4644105.0,0.024556867722870683
6658,4644165.0,0.02448333880732472
6659,4644225.0,0.024408926574825754
6660,4644285.0,0.024407051299773927
6661,4644345.0,0.024478729156036334
6662,4644405.0,0.024476852761787793
6663,4644465.0,0.024476131403489094
6664,4644525.0,0.024475600384974233
6665,4644585.0,0.024475007543224556
6666,4644645.0,0.024473949891606388
6667,4644705.0,0.024475406584100093
6668,4644765.0,0.02440325077404766
6669,4644825.0,0.024331590173123793
6670,4644885.0,0.02426058734574326
6671,4644945.0,0.024188981267135895
6672,4645005.0,0.024188075267527386
6673,4645065.0,0.024187001751515134
6674,4645125.0,0.0241867433905324
6675,4645185.0,0.024256728671662592
6676,4645245.0,0.02432644702159798
6677,4645305.0,0.02439619611482511
6678,4645365.0,0.024466486546900798
6679,4645425.0,0.024543760662850023
6680,4645485.0,0.024623789850376866
6681,4645545.0,0.02463533862430111
6682,4645605.0,0.024645306222722645
6683,4645665.0,0.02465588975127886
6684,4645725.0,0.02474670101630655
6685,4645785.0,0.024836463780243824
6686,4645845.0,0.024917662269694704
6687,4645905.0,0.024999277714025048
6688,4645965.0,0.025080176165660363
6689,4646025.0,0.02516067442563575
6690,4646085.0,0.025246652544849695
6691,4646145.0,0.02533687672458247
6692,4646205.0,0.025427051017348767
6693,4646265.0,0.02544114251914205
6694,4646325.0,0.025449530281899627
6695,4646385.0,0.025454744526952927
6696,4646445.0,0.025529603106841187
6697,4646505.0,0.025606501855228475
6698,4646565.0,0.025685100698918197
6699,4646625.0,0.025686939531180238
6700,4646685.0,0.025688170909929565
6701,4646745.0,0.025759038822805343
6702,4646805.0,0.0258297660201927
6703,4646865.0,0.025900997080562843
6704,4646925.0,0.025977343221655416
6705,4646985.0,0.026057914462123924
6706,4647045.0,0.026133192419457052
6707,4647105.0,0.026132649738287404
6708,4647165.0,0.02613676871338204
6709,4647225.0,0.02620625721482924
6710,4647285.0,0.026284285575381615
6711,4647345.0,0.02628493031915447
6712,4647405.0,0.026262117818162928
6713,4647465.0,0.02623993594822306
6714,4647525.0,0.026225275245481086
6715,4647585.0,0.02622875111658237
6716,4647645.0,0.026302826909462236
6717,4647705.0,0.026376712017507097
6718,4647765.0,0.02644990468827655
6719,4647825.0,0.026523453826797348
6720,4647888.0,0.02652657991236721
6721,4647945.0,0.026441449826938426
6722,4648005.0,0.02634501890728757
6723,4648065.0,0.026321146007663603
6724,4648125.0,0.02631211978154232
6725,4648185.0,0.026305691117158386
6726,4648245.0,0.026298152766816914
6727,4648305.0,0.026289417028761183
6728,4648365.0,0.02629045198433986
6729,4648425.0,0.026298500339722912
6730,4648485.0,0.02630718393001579
6731,4648545.0,0.026314244839681533
6732,4648605.0,0.02631758339119429
6733,4648665.0,0.026174439772601206
6734,4648725.0,0.026208353796155097
6735,4648785.0,0.02625142620649077
6736,4648845.0,0.0263625814314633
6737,4648905.0,0.026463157435043815
6738,4648965.0,0.026554232594468673
6739,4649025.0,0.02663884313775177
6740,4649085.0,0.02671302961395551
6741,4649145.0,0.0267106227759923
6742,4649205.0,0.02671162796421761
6743,4649265.0,0.026669078323450647
6744,4649325.0,0.02659782409200892
6745,4649385.0,0.026527295861122263
6746,4649445.0,0.026441626053635932
6747,4649505.0,0.02637239288310996
6748,4649565.0,0.026302750883392463
6749,4649625.0,0.02622960802545648
6750,4649685.0,0.026155934692505288
6751,4649748.0,0.02615458723794091
6752,4649805.0,0.026153667526604384
6753,4649865.0,0.026223391481387776
6754,4649928.0,0.026294086349274284
6755,4649985.0,0.026293330702169194
6756,4650045.0,0.026291650044879378
6757,4650105.0,0.026289114060746813
6758,4650165.0,0.02636586965160683
6759,4650225.0,0.026459893474640922
6760,4650285.0,0.026549688518666653
6761,4650345.0,0.026638120534450506
6762,4650405.0,0.02673492256481836
6763,4650465.0,0.026818002969607124
6764,4650525.0,0.02689208193325133
6765,4650585.0,0.026963524678555867
6766,4650645.0,0.027036193782454622
6767,4650705.0,0.027037055086064903
6768,4650765.0,0.02703902998874457
6769,4650825.0,0.027040055531261376
6770,4650885.0,0.027039108346037358
6771,4650945.0,0.027036265992987668
6772,4651005.0,0.027113904990788452
6773,4651065.0,0.027194188191069925
6774,4651125.0,0.02726965904513059
6775,4651185.0,0.027341159804240796
6776,4651245.0,0.027412118324323324
6777,4651305.0,0.0274834211700705
6778,4651365.0,0.027555477731103846
6779,4651425.0,0.02762707374152744
6780,4651485.0,0.027698449181410636
6781,4651548.0,0.027770942938482764
6782,4651605.0,0.02784319159634604
6783,4651665.0,0.02791541445881128
6784,4651725.0,0.027987159211377205
6785,4651785.0,0.027986786777526966
6786,4651845.0,0.028058396816528844
6787,4651905.0,0.028129767463886207
6788,4651965.0,0.02820129000538952
6789,4652025.0,0.028274555897581453
6790,4652085.0,0.028299830066150986
6791,4652145.0,0.02830168808957355
6792,4652205.0,0.028302184831959745
6793,4652265.0,0.0282289913889252
6794,4652325.0,0.02822898288634032
6795,4652385.0,0.028301201214791745
6796,4652445.0,0.02837532632496788
6797,4652505.0,0.02845086664658604
6798,4652565.0,0.028525959864067522
6799,4652625.0,0.028604308719434902
6800,4652685.0,0.02868100269622654
6801,4652745.0,0.028683663827205184
6802,4652805.0,0.02868600750823745
6803,4652865.0,0.028613893151262212
6804,4652925.0,0.02853894956363568
6805,4652985.0,0.028540189907156746
6806,4653045.0,0.02853888222833944
6807,4653105.0,0.028538662475818967
6808,4653165.0,0.02854132430100227
6809,4653225.0,0.028469611735261316
6810,4653285.0,0.02839637609792353
6811,4653345.0,0.02839788825298272
6812,4653405.0,0.028356676613952983
6813,4653465.0,0.02831840125022117
6814,4653525.0,0.028387189568082137
6815,4653585.0,0.02846798679592457
6816,4653645.0,0.02861864803376553
6817,4653705.0,0.02876898427152834
6818,4653765.0,0.028918462484228635
6819,4653825.0,0.029070286668656006
6820,4653885.0,0.029229272583066283
6821,4653945.0,0.02938843816704525
6822,4654005.0,0.029545492490453296
6823,4654065.0,0.02970089344785045
6824,4654125.0,0.029857887725352007
6825,4654185.0,0.030086408229116166
6826,4654245.0,0.030316448308739828
6827,4654305.0,0.030478259167376197
6828,4654365.0,0.030566328294182626
6829,4654425.0,0.03065171326170816
6830,4654485.0,0.030808909938859624
6831,4654545.0,0.030967030672411307
6832,4654605.0,0.03113601774944961
6833,4654665.0,0.031315648582259444
6834,4654725.0,0.031502520304073814
6835,4654785.0,0.03169222171789785
6836,4654845.0,0.031883780520423746
6837,4654905.0,0.03207431837067402
6838,4654965.0,0.03233850274690981
6839,4655025.0,0.03260226718918841
6840,4655085.0,0.0328689760468796
6841,4655145.0,0.033061038300665695
6842,4655205.0,0.033249830492616365
6843,4655265.0,0.033435420031636374
6844,4655325.0,0.03361872534402216
6845,4655385.0,0.03379897228972605
6846,4655445.0,0.03397818812731732
6847,4655505.0,0.034157132554879885
6848,4655568.0,0.034407528447678436
6849,4655625.0,0.034658321591606596
6850,4655688.0,0.034905382197035525
6851,4655745.0,0.035138585256475875
6852,4655805.0,0.03517053469214669
6853,4655865.0,0.03517291615357427
6854,4655925.0,0.03517504684339627
6855,4655985.0,0.035101424527637835
6856,4656045.0,0.035029264009163896
6857,4656105.0,0.03503066443923172
6858,4656165.0,0.0350316882702211
6859,4656225.0,0.035027965902919095
6860,4656285.0,0.035022169314453795
6861,4656345.0,0.03501209969278315
6862,4656405.0,0.035002353178457526
6863,4656465.0,0.03499156112899323
6864,4656525.0,0.03497463727519115
6865,4656585.0,0.034961502253840614
6866,4656645.0,0.03495240379351422
6867,4656708.0,0.03494352785307052
6868,4656765.0,0.0349322115798672
6869,4656825.0,0.03492183649898393
6870,4656885.0,0.0349097406631303
6871,4656945.0,0.034897134995193195
6872,4657005.0,0.034887388857330566
6873,4657065.0,0.03488645426771673
6874,4657125.0,0.03488768791075149
6875,4657185.0,0.03489154124861623
6876,4657245.0,0.03481815471209365
6877,4657305.0,0.03474199705947449
6878,4657365.0,0.034734928827399675
6879,4657425.0,0.034803740201777955
6880,4657485.0,0.03487480410737293
6881,4657545.0,0.03480197828798316
6882,4657605.0,0.034800042244260455
6883,4657665.0,0.03483405679233921
6884,4657725.0,0.03490196679580853
6885,4657785.0,0.03497085618242594
6886,4657845.0,0.035039732678614835
6887,4657905.0,0.03511029393765415
6888,4657965.0,0.03517337648268717
6889,4658028.0,0.035238488153413496
6890,4658085.0,0.03530735501979892
6891,4658145.0,0.03544960265221373
6892,4658205.0,0.035603317228631026
6893,4658265.0,0.03575824026697678
6894,4658325.0,0.035916235725823135
6895,4658385.0,0.036070867426187425
6896,4658445.0,0.03622635260657398
6897,4658505.0,0.036383496029302013
6898,4658565.0,0.03654296511377786
6899,4658625.0,0.03670050342500908
6900,4658685.0,0.03685677231513231
6901,4658745.0,0.037085360852010904
6902,4658805.0,0.037315198457743684
6903,4658865.0,0.03747620660239467
6904,4658925.0,0.03764001473897393
6905,4658985.0,0.03780243066808751
6906,4659045.0,0.03787843368595361
6907,4659105.0,0.03795535215586849
6908,4659165.0,0.038035189719660675
6909,4659225.0,0.03819933383589996
6910,4659285.0,0.0383604154023299
6911,4659345.0,0.03852162239930499
6912,4659405.0,0.0386815552297204
6913,4659465.0,0.039060611962011445
6914,4659525.0,0.039208596780109524
6915,4659585.0,0.03936037263159981
6916,4659648.0,0.039441147485100365
6917,4659705.0,0.03951908751098851
6918,4659765.0,0.039677367405332224
6919,4659825.0,0.03983512447857935
6920,4659885.0,0.03999437815941922
6921,4659945.0,0.040225958121782326
6922,4660005.0,0.040457811945894005
6923,4660065.0,0.040691733529618836
6924,4660125.0,0.040924239305244116
6925,4660185.0,0.04115644338602275
6926,4660245.0,0.04138792646413462
6927,4660305.0,0.04161641963694281
6928,4660365.0,0.04184613385779665
6929,4660425.0,0.042072759135836066
6930,4660485.0,0.042303157843136235
6931,4660545.0,0.042443643754785855
6932,4660605.0,0.04258306899078889
6933,4660665.0,0.04266044877759603
6934,4660725.0,0.042735120126159314
6935,4660785.0,0.0428170997243287
6936,4660845.0,0.042901613165264224
6937,4660905.0,0.04312916030805657
6938,4660965.0,0.04329603619433922
6939,4661025.0,0.04345696042271819
6940,4661085.0,0.043618109973094815
6941,4661145.0,0.043773487019300866
6942,4661205.0,0.043925838387942194
6943,4661265.0,0.044083503097771606
6944,4661325.0,0.04423560322202104
6945,4661385.0,0.04439007952479069
6946,4661445.0,0.04454163514450288
6947,4661505.0,0.04476635182862055
6948,4661565.0,0.04490762798037635
6949,4661625.0,0.045048776985994125
6950,4661685.0,0.04519709746259693
6951,4661745.0,0.04535786892373761
6952,4661805.0,0.045520087431833514
6953,4661865.0,0.04568476864306262
6954,4661925.0,0.04585205158724122
6955,4661985.0,0.046022118395637295
6956,4662045.0,0.046195654977056085
6957,4662105.0,0.04637161726715391
6958,4662165.0,0.04654172483576121
6959,4662225.0,0.04671150864559581
6960,4662285.0,0.04687780116079186
6961,4662345.0,0.04704227749868042
6962,4662405.0,0.047208179329837105
6963,4662465.0,0.04738091025494096
6964,4662525.0,0.0475470575857414
6965,4662585.0,0.0477136232024816
6966,4662645.0,0.047870410004733646
6967,4662705.0,0.0480221217113261
6968,4662765.0,0.0481725245255814
6969,4662825.0,0.048323899103176075
6970,4662885.0,0.048476638555990846
6971,4662945.0,0.04863114341068376
6972,4663005.0,0.04878621205434281
6973,4663065.0,0.049011963900877246
6974,4663125.0,0.04923187839818415
6975,4663185.0,0.049374642972775405
6976,4663245.0,0.04951434290650481
6977,4663305.0,0.04965185741701069
6978,4663365.0,0.0497848845646758
6979,4663425.0,0.04991534916627035
6980,4663485.0,0.050058880347492125
6981,4663545.0,0.050275820206367595
6982,4663605.0,0.05049103053957705
6983,4663665.0,0.05071223727968081
6984,4663728.0,0.05093936315124618
6985,4663785.0,0.051097778349252616
6986,4663845.0,0.05125841996199341
6987,4663905.0,0.051429111212367325
6988,4663965.0,0.05159142242279039
6989,4664025.0,0.05183654799102002
6990,4664085.0,0.05207907172658304
6991,4664145.0,0.052324558100478986
6992,4664205.0,0.05257166199541819
6993,4664265.0,0.05279328698769437
6994,4664325.0,0.05290534243332747
6995,4664385.0,0.053004923582597
6996,4664445.0,0.05303251586619356
6997,4664505.0,0.053053105090742854
6998,4664568.0,0.05307800029171319
6999,4664625.0,0.05309717386853142
7000,4664685.0,0.05311545743909304
7001,4664745.0,0.053121260347549874
7002,4664805.0,0.05313083733662937
7003,4664865.0,0.05313583834858634
7004,4664928.0,0.05314114504070314
7005,4664985.0,0.05314752255746017
7006,4665045.0,0.053152079246237195
7007,4665105.0,0.053225279629682785
7008,4665165.0,0.05330185969245372
7009,4665225.0,0.053380185260621306
7010,4665285.0,0.053389197734576614
7011,4665345.0,0.05339934963177379
7012,4665405.0,0.053399284534836965
7013,4665465.0,0.05338868740335579
7014,4665525.0,0.05337070766974399
7015,4665585.0,0.053354909798016735
7016,4665645.0,0.05334129571472462
7017,4665705.0,0.053331121606114786
7018,4665765.0,0.05332240363283456
7019,4665825.0,0.05331004960008769
7020,4665885.0,0.053293179473911746
7021,4665945.0,0.053278083187710136
7022,4666005.0,0.053263867021186316
7023,4666065.0,0.05324831760644489
7024,4666125.0,0.053230855546545004
7025,4666185.0,0.053212767593181075
7026,4666245.0,0.05319511338884641
7027,4666305.0,0.05316413805188628
7028,4666365.0,0.05313697258613726
7029,4666425.0,0.05310464238211366
7030,4666485.0,0.05307290548585864
7031,4666545.0,0.05305268851714378
7032,4666605.0,0.053163778755172315
7033,4666665.0,0.05330882921723445
7034,4666725.0,0.053454336138100335
7035,4666785.0,0.053681476815018024
7036,4666845.0,0.053908854389706
7037,4666908.0,0.054057010974682455
7038,4666965.0,0.05420609987527173
7039,4667025.0,0.05435365536851241
7040,4667085.0,0.054497966225163515
7041,4667145.0,0.0546464731039542
7042,4667205.0,0.054797151355054786
7043,4667265.0,0.05494700382543866
7044,4667325.0,0.05509613059311073
7045,4667385.0,0.05524249208879601
7046,4667445.0,0.055389464411459
7047,4667505.0,0.05553668967618603
7048,4667565.0,0.055688419193688006
7049,4667625.0,0.055839775277197364
7050,4667685.0,0.055993223182226166
7051,4667745.0,0.05614653016804708
7052,4667805.0,0.05630103644134605
7053,4667865.0,0.05645451943992685
7054,4667925.0,0.05660887199579267
7055,4667985.0,0.05676489652160444
7056,4668045.0,0.05699992601045125
7057,4668105.0,0.057234478911056354
7058,4668165.0,0.05739746894913695
7059,4668225.0,0.05756836187785621
7060,4668285.0,0.05773925922522361
7061,4668345.0,0.05798247710654184
7062,4668405.0,0.05815195162523438
7063,4668465.0,0.05828050333816553
7064,4668525.0,0.05837095585412532
7065,4668585.0,0.05845736884161059
7066,4668645.0,0.05853620576567029
7067,4668705.0,0.05860838359856057
7068,4668765.0,0.05867357835556298
7069,4668825.0,0.05874667962960809
7070,4668885.0,0.0588205931656672
7071,4668945.0,0.05873197299807193
7072,4669005.0,0.05863731939813318
7073,4669065.0,0.05854199819554703
7074,4669125.0,0.058447422039956363
7075,4669185.0,0.05843650115422507
7076,4669245.0,0.05842336184029386
7077,4669305.0,0.05840968008821374
7078,4669365.0,0.05839519500073898
7079,4669425.0,0.058379826238893935
7080,4669485.0,0.058368274004483044
7081,4669545.0,0.05835950250316648
7082,4669605.0,0.05834854880601718
7083,4669665.0,0.05833773002558323
7084,4669725.0,0.05832519581500461
7085,4669788.0,0.05831051251264955
7086,4669845.0,0.05838467316222148
7087,4669905.0,0.058457733235707694
7088,4669965.0,0.05853245538965326
7089,4670025.0,0.0585266757731367
7090,4670085.0,0.05852310782318763
7091,4670145.0,0.058520213372674525
7092,4670205.0,0.05851900732833026
7093,4670265.0,0.05851189938251084
7094,4670325.0,0.05859620279762342
7095,4670385.0,0.0586840738187546
7096,4670445.0,0.05877603631326198
7097,4670505.0,0.05887770691794491
7098,4670565.0,0.058880540734138696
7099,4670625.0,0.058879928018008475
7100,4670685.0,0.05887555445520453
7101,4670745.0,0.05887244866481844
7102,4670805.0,0.0588733536462324
7103,4670865.0,0.05887793824433769
7104,4670925.0,0.05888115425271339
7105,4670985.0,0.05888475032759453
7106,4671045.0,0.058889344808059484
7107,4671108.0,0.05889751692427587
7108,4671165.0,0.05890545386819263
7109,4671225.0,0.05891446890267419
7110,4671285.0,0.058919160391018556
7111,4671345.0,0.059007583399833814
7112,4671405.0,0.05909253234323233
7113,4671465.0,0.05916725662369162
7114,4671525.0,0.05915517918953402
7115,4671585.0,0.0591381080876242
7116,4671645.0,0.05911814403389195
7117,4671705.0,0.05902918196285722
7118,4671765.0,0.05894114395837131
7119,4671825.0,0.05885282868451797
7120,4671885.0,0.058845155533240136
7121,4671945.0,0.058844326702826695
7122,4672005.0,0.058841663462333806
7123,4672065.0,0.058840366351193794
7124,4672125.0,0.058844087408756456
7125,4672185.0,0.0588433221451421
7126,4672245.0,0.05884375032104464
7127,4672305.0,0.058844754344277515
7128,4672365.0,0.05892772269501464
7129,4672425.0,0.059011454332756126
7130,4672485.0,0.05901826599987627
7131,4672545.0,0.058928062054919524
7132,4672605.0,0.05883646384684841
7133,4672665.0,0.05874366519984755
7134,4672725.0,0.05865055434157689
7135,4672785.0,0.05862534000554915
7136,4672845.0,0.05860956836623154
7137,4672905.0,0.05859421442324248
7138,4672965.0,0.058586757354636206
7139,4673025.0,0.05858488978689833
7140,4673085.0,0.0585892237643565
7141,4673145.0,0.05850433301716738
7142,4673205.0,0.058416873592406944
7143,4673265.0,0.05832352374066834
7144,4673325.0,0.05823625399468468
7145,4673385.0,0.058151732870029386
7146,4673445.0,0.05814635000343527
7147,4673505.0,0.05814604396123831
7148,4673565.0,0.0581465525777495
7149,4673625.0,0.05814721555222561
7150,4673685.0,0.05814813843919973
7151,4673745.0,0.05814781276917288
7152,4673805.0,0.05814767906789533
7153,4673865.0,0.0581500982587941
7154,4673925.0,0.05807261118966083
7155,4673985.0,0.05800107573361687
7156,4674045.0,0.05793271697183213
7157,4674105.0,0.05787564693936222
7158,4674165.0,0.05782431170757386
7159,4674225.0,0.0578498004235193
7160,4674285.0,0.057864397414976544
7161,4674345.0,0.05787674941071674
7162,4674405.0,0.05789030862221186
7163,4674465.0,0.05789949429267318
7164,4674525.0,0.05790233444757984
7165,4674585.0,0.05781331934020335
7166,4674645.0,0.057725269426145275
7167,4674705.0,0.05762733056745612
7168,4674765.0,0.05753456794710008
7169,4674825.0,0.05743964872580735
7170,4674885.0,0.05734736604781477
7171,4674945.0,0.0572491729922742
7172,4675005.0,0.057223800620690095
7173,4675065.0,0.05719661146760357
7174,4675125.0,0.05717216194093818
7175,4675185.0,0.057119136354835794
7176,4675245.0,0.0570153494363401
7177,4675305.0,0.05691710951374419
7178,4675365.0,0.056815020840920015
7179,4675425.0,0.056722511747139194
7180,4675485.0,0.05662573302860243
7181,4675545.0,0.05654154446988321
7182,4675605.0,0.056454224581116326
7183,4675665.0,0.056373113751960295
7184,4675725.0,0.05628866429822257
7185,4675785.0,0.05627964134201458
7186,4675845.0,0.05627273271908383
7187,4675908.0,0.056270005485125556
7188,4675968.0,0.056181176732568526
7189,4676025.0,0.05609692692139393
7190,4676085.0,0.05600925290291491
7191,4676145.0,0.055918167684141616
7192,4676205.0,0.05589810678662877
7193,4676265.0,0.055880800434630874
7194,4676325.0,0.05586379052381316
7195,4676385.0,0.05584770139477215
7196,4676445.0,0.055829429474397084
7197,4676508.0,0.055813977715190345
7198,4676565.0,0.055795783222578145
7199,4676625.0,0.05578406726238958
7200,4676685.0,0.05577451151718566
7201,4676745.0,0.0557658872172891
7202,4676805.0,0.055760494798178
7203,4676865.0,0.05575745903047911
7204,4676925.0,0.055757728517420134
7205,4676985.0,0.05576199505180226
7206,4677045.0,0.055769242718851066
7207,4677105.0,0.05578747281975351
7208,4677165.0,0.055802949298721004
7209,4677225.0,0.0558172820183838
7210,4677285.0,0.05583084932846733
7211,4677348.0,0.05584668918807225
7212,4677405.0,0.05586192032677525
7213,4677465.0,0.0558717842675654
7214,4677528.0,0.055791185851402865
7215,4677585.0,0.05570615738584151
7216,4677645.0,0.055619081235135405
7217,4677705.0,0.055540006310700225
7218,4677765.0,0.05546134951755544
7219,4677825.0,0.05539034898295659
7220,4677888.0,0.05539732249450933
7221,4677945.0,0.05540325667848626
7222,4678005.0,0.05540696639783579
7223,4678065.0,0.05541178079494286
7224,4678125.0,0.05541824320232037
7225,4678185.0,0.05533717544053105
7226,4678245.0,0.05525554816962034
7227,4678305.0,0.055173921210221764
7228,4678365.0,0.05508778970437133
7229,4678425.0,0.0550089832744736
7230,4678485.0,0.054929236207183714
7231,4678548.0,0.05485054016341948
7232,4678605.0,0.05477187966870029
7233,4678665.0,0.054694991898290836
7234,4678725.0,0.05468490536393673
7235,4678785.0,0.05467997448136085
7236,4678845.0,0.054676137908425786
7237,4678905.0,0.05459666156563147
7238,4678965.0,0.0545171854699033
7239,4679025.0,0.054419158953737605
7240,4679085.0,0.05432951543177295
7241,4679145.0,0.054236255552087755
7242,4679205.0,0.05415157485570426
7243,4679265.0,0.054069906657888085
7244,4679325.0,0.053987969255704364
7245,4679385.0,0.05390581131868486
7246,4679445.0,0.053834350387075035
7247,4679505.0,0.053766966668471895
7248,4679565.0,0.053703503932989956
7249,4679625.0,0.053694626691033
7250,4679685.0,0.053694916904493635
7251,4679745.0,0.05378651909263409
7252,4679805.0,0.05387699837915607
7253,4679865.0,0.05396862793356671
7254,4679925.0,0.05405587320786832
7255,4679985.0,0.05406284123627433
7256,4680045.0,0.054072711765552804
7257,4680105.0,0.05408306057335569
7258,4680165.0,0.054093227838361894
7259,4680225.0,0.054106630133360624
7260,4680285.0,0.05411703216030025
7261,4680345.0,0.05413156702911013
7262,4680405.0,0.054139399079661844
7263,4680465.0,0.05414449348344185
7264,4680525.0,0.05415012867285587
7265,4680585.0,0.05415415527730332
7266,4680645.0,0.054061654124913476
7267,4680705.0,0.05396877704589017
7268,4680765.0,0.053873770211696016
7269,4680825.0,0.05377909486302641
7270,4680885.0,0.05369207332688313
7271,4680945.0,0.05361373214213746
7272,4681005.0,0.053536614033398745
7273,4681068.0,0.053537828064673394
7274,4681125.0,0.05353272516768929
7275,4681185.0,0.053514085468987595
7276,4681245.0,0.05350147382428432
7277,4681305.0,0.053483022701365214
7278,4681365.0,0.05348442112009575
7279,4681425.0,0.05348992819570574
7280,4681485.0,0.053496708938895084
7281,4681545.0,0.053413850208905246
7282,4681605.0,0.05332547576473657
7283,4681665.0,0.053233210394988816
7284,4681725.0,0.053143581354527784
7285,4681785.0,0.05305314401802567
7286,4681845.0,0.052968982556044174
7287,4681905.0,0.0528830052837523
7288,4681965.0,0.0527946676183304
7289,4682028.0,0.052708011889131455
7290,4682085.0,0.05262536708464175
7291,4682145.0,0.05254776030396146
7292,4682205.0,0.05247399891136554
7293,4682268.0,0.052399794801012804
7294,4682325.0,0.05241292743295053
7295,4682385.0,0.05242205858384447
7296,4682445.0,0.0524291860982407
7297,4682505.0,0.052433169231326494
7298,4682565.0,0.05244670743199164
7299,4682625.0,0.052458355322517324
7300,4682685.0,0.05239021477733969
7301,4682745.0,0.05232137181358124
7302,4682805.0,0.05225409573281251
7303,4682865.0,0.05218533089635175
7304,4682925.0,0.052116370856879334
7305,4682985.0,0.05204595587746418
7306,4683045.0,0.051975691262060246
7307,4683105.0,0.051907581492013584
7308,4683165.0,0.051841621695302674
7309,4683225.0,0.0517743131455126
7310,4683285.0,0.051708006209409525
7311,4683345.0,0.051723648853378386
7312,4683405.0,0.05173731481429553
7313,4683465.0,0.05172999085091507
7314,4683525.0,0.05172496388974796
7315,4683585.0,0.051660484485097975
7316,4683645.0,0.051577729644124874
7317,4683708.0,0.05148967932631122
7318,4683765.0,0.051402344720490385
7319,4683825.0,0.05131295681141524
7320,4683885.0,0.05122301177358179
7321,4683945.0,0.05122454869476257
7322,4684005.0,0.051228013423000755
7323,4684065.0,0.05123150346893598
7324,4684125.0,0.05123563384089922
7325,4684185.0,0.05123487498730895
7326,4684245.0,0.05116290685411729
7327,4684305.0,0.05109082435176993
7328,4684365.0,0.05101619522653828
7329,4684425.0,0.05094102261289155
7330,4684485.0,0.050861306092821364
7331,4684545.0,0.050824007616765955
7332,4684605.0,0.050814996430363836
7333,4684665.0,0.050735936228012625
7334,4684725.0,0.05073930763697896
7335,4684785.0,0.05073911824769254
7336,4684845.0,0.05073419698175117
7337,4684905.0,0.050721104130384366
7338,4684965.0,0.05070568493187221
7339,4685025.0,0.05067075670342865
7340,4685085.0,0.05064536095647532
7341,4685145.0,0.05066273395302242
7342,4685205.0,0.050664519950515845
7343,4685265.0,0.05066212480417629
7344,4685325.0,0.05065880670466135
7345,4685385.0,0.050742759647334955
7346,4685445.0,0.05083171877935446
7347,4685505.0,0.05092272961133091
7348,4685565.0,0.05101701771277544
7349,4685625.0,0.051104604414882175
7350,4685685.0,0.051193574620310135
7351,4685745.0,0.051283079793900906
7352,4685805.0,0.051293877072070164
7353,4685865.0,0.05121723075189021
7354,4685925.0,0.051142749858038856
7355,4685985.0,0.05109392011059229
7356,4686045.0,0.05136193662662352
7357,4686105.0,0.05144124488178691
7358,4686165.0,0.05152590321145379
7359,4686225.0,0.05160217763140742
7360,4686285.0,0.051677699288564145
7361,4686345.0,0.05175554222521667
7362,4686405.0,0.05175941534425752
7363,4686465.0,0.05176025094258412
7364,4686525.0,0.05176136836190543
7365,4686585.0,0.051688045436630754
7366,4686645.0,0.05167730544443331
7367,4686705.0,0.05167530149422458
7368,4686765.0,0.05175906860753327
7369,4686825.0,0.051842414387490744
7370,4686885.0,0.05178099005156971
7371,4686945.0,0.051705881769163235
7372,4687005.0,0.05148306970049953
7373,4687065.0,0.05125794798176
7374,4687125.0,0.05103211434566047
7375,4687188.0,0.05080032273101121
7376,4687245.0,0.050641463057795065
7377,4687308.0,0.05047684643737096
7378,4687365.0,0.05031304622734208
7379,4687425.0,0.05007170639721859
7380,4687485.0,0.04983025148563159
7381,4687545.0,0.04958754469969715
7382,4687605.0,0.049343974836536915
7383,4687665.0,0.0491719516396586
7384,4687725.0,0.049003241109704464
7385,4687785.0,0.048832375256696835
7386,4687845.0,0.04869731306763848
7387,4687905.0,0.048608156141844806
7388,4687965.0,0.048518889485182105
7389,4688025.0,0.04843483663460047
7390,4688085.0,0.04835479910321701
7391,4688145.0,0.04835056717627063
7392,4688205.0,0.0483518788231433
7393,4688265.0,0.04835383395867753
7394,4688325.0,0.048371130080883167
7395,4688385.0,0.048386123254223194
7396,4688445.0,0.04839986443614597
7397,4688505.0,0.04840966167604207
7398,4688565.0,0.04849149537051561
7399,4688625.0,0.04856713679565431
7400,4688685.0,0.048568250685118323
7401,4688745.0,0.04857123678611034
7402,4688805.0,0.04857349232510449
7403,4688865.0,0.048497083432482956
7404,4688925.0,0.04841571342590843
7405,4688985.0,0.04842261620759868
7406,4689045.0,0.04843448290026789
7407,4689105.0,0.048379867630975563
7408,4689168.0,0.048312744094367845
7409,4689225.0,0.04815352476860781
7410,4689285.0,0.04799097805042329
7411,4689345.0,0.047828742044846294
7412,4689405.0,0.047671433377398244
7413,4689465.0,0.04751765905522805
7414,4689528.0,0.04729378386565725
7415,4689585.0,0.04706085348004249
7416,4689645.0,0.04682444202853297
7417,4689708.0,0.04673769270082314
7418,4689765.0,0.04665590338147989
7419,4689825.0,0.0465846093351369
7420,4689885.0,0.04642913550333592
7421,4689945.0,0.04627803779464502
7422,4690005.0,0.04611985362159907
7423,4690065.0,0.04596318793290307
7424,4690125.0,0.04580820816028163
7425,4690185.0,0.04565273499093231
7426,4690245.0,0.04549654193627523
7427,4690305.0,0.04538612354669664
7428,4690365.0,0.04530680455955136
7429,4690425.0,0.04517016010537987
7430,4690485.0,0.044948671181875906
7431,4690545.0,0.04472690670883836
7432,4690605.0,0.044504730688816996
7433,4690665.0,0.04428023613923144
7434,4690725.0,0.044054935675962116
7435,4690785.0,0.043827945509062334
7436,4690845.0,0.043599833735861626
7437,4690905.0,0.04336870943683672
7438,4690965.0,0.04313713870298484
7439,4691025.0,0.04290363074782531
7440,4691085.0,0.04274366937402326
7441,4691145.0,0.04258023232255567
7442,4691205.0,0.04235194250670563
7443,4691265.0,0.04212447503771375
7444,4691325.0,0.041895634298924754
7445,4691385.0,0.04166847978760354
7446,4691445.0,0.04153586406868007
7447,4691505.0,0.041404973404949044
7448,4691565.0,0.04127426753841996
7449,4691625.0,0.04113979550991472
7450,4691685.0,0.04099630052659362
7451,4691745.0,0.04084295579927549
7452,4691805.0,0.040686874515891557
7453,4691865.0,0.040454719836305504
7454,4691925.0,0.04022553060631168
7455,4691985.0,0.04000298748033939
7456,4692045.0,0.03977114424065198
7457,4692105.0,0.03953691766167167
7458,4692165.0,0.03930075751968436
7459,4692225.0,0.039064454276278235
7460,4692285.0,0.0388279346508708
7461,4692345.0,0.03867979600682728
7462,4692405.0,0.03853363755667781
7463,4692465.0,0.038386034307578816
7464,4692528.0,0.03823856180307425
7465,4692585.0,0.03809206513940671
7466,4692645.0,0.03793951742102947
7467,4692705.0,0.03778747172803315
7468,4692765.0,0.03763809320303918
7469,4692825.0,0.037483367272718164
7470,4692885.0,0.03728231645677922
7471,4692945.0,0.037062635439109794
7472,4693005.0,0.03682863942212626
7473,4693065.0,0.03659677367243233
7474,4693125.0,0.03636965233213991
7475,4693185.0,0.03614307458916187
7476,4693245.0,0.03591693161786908
7477,4693308.0,0.03569392210992531
7478,4693365.0,0.0354619376786828
7479,4693425.0,0.035232973296150535
7480,4693485.0,0.03500608641902292
7481,4693545.0,0.03478261377521888
7482,4693605.0,0.0345598967769389
7483,4693665.0,0.03433850900511285
7484,4693725.0,0.034114202366146686
7485,4693785.0,0.0338841360576465
7486,4693845.0,0.03364220409088786
7487,4693905.0,0.03339933262707108
7488,4693965.0,0.033156576103327305
7489,4694025.0,0.03291416366060855
7490,4694085.0,0.03266969265413317
7491,4694145.0,0.032486040583553775
7492,4694205.0,0.03232729073497324
7493,4694265.0,0.032189676012363784
7494,4694325.0,0.032047464159749094
7495,4694385.0,0.03189507734522721
7496,4694445.0,0.031748240754628544
7497,4694505.0,0.031892798780470334
7498,4694565.0,0.031817759951471396
7499,4694625.0,0.03169206652174605
7500,4694685.0,0.031539592849285154
7501,4694745.0,0.03138572294553601
7502,4694805.0,0.031230382538108344
7503,4694865.0,0.03114421186265933
7504,4694925.0,0.030989358892847443
7505,4694985.0,0.030835390771056813
7506,4695045.0,0.03068338748387244
7507,4695105.0,0.030533188252856697
7508,4695165.0,0.030386124586197515
7509,4695225.0,0.03023589163729439
7510,4695285.0,0.03008811157464409
7511,4695345.0,0.029964310238199753
7512,4695405.0,0.029811687255757086
7513,4695465.0,0.029729241184130846
7514,4695525.0,0.029651444186006834
7515,4695585.0,0.02957799763579424
7516,4695645.0,0.02950714675394043
7517,4695705.0,0.029435854466775525
7518,4695765.0,0.029366297655207506
7519,4695825.0,0.029240418266337005
7520,4695885.0,0.029105308731830842
7521,4695945.0,0.028930870568689128
7522,4696005.0,0.028772755606182233
7523,4696065.0,0.028616111897699414
7524,4696125.0,0.028459609756507888
7525,4696185.0,0.028300922084503542
7526,4696245.0,0.028137314476290053
7527,4696305.0,0.027970599900655625
7528,4696365.0,0.027800334672784068
7529,4696425.0,0.027631895750819056
7530,4696485.0,0.027463250870687336
7531,4696545.0,0.02729330889691526
7532,4696605.0,0.027128355929131175
7533,4696665.0,0.027047636785696758
7534,4696725.0,0.02696289448412391
7535,4696785.0,0.02688134804041841
7536,4696845.0,0.026536550718297157
7537,4696905.0,0.026381965352327265
7538,4696965.0,0.026222933029662818
7539,4697025.0,0.026066218172286208
7540,4697085.0,0.025909299307631736
7541,4697145.0,0.025749899710705917
7542,4697205.0,0.025665545020462976
7543,4697265.0,0.02558371258197635
7544,4697325.0,0.025502452052142008
7545,4697385.0,0.02542256157704733
7546,4697445.0,0.02527774929442804
7547,4697505.0,0.02504789197626686
7548,4697565.0,0.024817594977391215
7549,4697625.0,0.024645032719298646
7550,4697685.0,0.02462736099698578
7551,4697745.0,0.024639728175546362
7552,4697805.0,0.02473617192680342
7553,4697865.0,0.024841764281450823
7554,4697925.0,0.024958404044831788
7555,4697985.0,0.02507671378772619
7556,4698045.0,0.02512218204251588
7557,4698105.0,0.0251648185143993
7558,4698165.0,0.025207861474733424
7559,4698225.0,0.02532533517167842
7560,4698285.0,0.02544330303806072
7561,4698345.0,0.025564123679563046
7562,4698405.0,0.025685157196015267
7563,4698465.0,0.025735502575550274
7564,4698525.0,0.0257820469750511
7565,4698585.0,0.02582528213869567
7566,4698648.0,0.025819543815526334
7567,4698705.0,0.0257538121559948
7568,4698765.0,0.025678805650503858
7569,4698825.0,0.02560228391686583
7570,4698885.0,0.02552449810347921
7571,4698945.0,0.0253708440490271
7572,4699005.0,0.02521040341528836
7573,4699065.0,0.0250497511875893
7574,4699125.0,0.024961801458925327
7575,4699185.0,0.02487654518324823
7576,4699245.0,0.024793506461947105
7577,4699305.0,0.024641214933886546
7578,4699365.0,0.024414881583594582
7579,4699425.0,0.02418661917333053
7580,4699485.0,0.024027683806923453
7581,4699545.0,0.023868177560740986
7582,4699605.0,0.023710088563459256
7583,4699665.0,0.023631045180593932
7584,4699725.0,0.023482610426582264
7585,4699785.0,0.023332866674708873
7586,4699845.0,0.02317930108624268
7587,4699905.0,0.023162599312954786
7588,4699965.0,0.02315670739586316
7589,4700028.0,0.023237255071528407
7590,4700085.0,0.0232479911440863
7591,4700145.0,0.023257355627026285
7592,4700205.0,0.023262090774180406
7593,4700265.0,0.02326264685810895
7594,4700325.0,0.023265435979134517
7595,4700385.0,0.023269089294955088
7596,4700445.0,0.023273677703688468
7597,4700505.0,0.023205557849274354
7598,4700565.0,0.023134498989749806
7599,4700625.0,0.023061439150999286
7600,4700685.0,0.023109066957605652
7601,4700745.0,0.023178613502582025
7602,4700805.0,0.023249960724157442
7603,4700865.0,0.023250164392295977
7604,4700925.0,0.02324957679771192
7605,4700985.0,0.023250985241420087
7606,4701045.0,0.023253990193273594
7607,4701105.0,0.02320947484128858
7608,4701165.0,0.023208798957448366
7609,4701225.0,0.02320896006751145
7610,4701285.0,0.023282592705663116
7611,4701345.0,0.02335908393140919
7612,4701405.0,0.023433581838029842
7613,4701465.0,0.023506665151095896
7614,4701525.0,0.023585007950223197
7615,4701585.0,0.023666048105078427
7616,4701645.0,0.023752322348689688
7617,4701705.0,0.023839810742085937
7618,4701765.0,0.023927318527688306
7619,4701825.0,0.024006729579334606
7620,4701885.0,0.024007191245141342
7621,4701945.0,0.024007098177414726
7622,4702005.0,0.024081937411409647
7623,4702065.0,0.02408362702251326
7624,4702125.0,0.024084817283031405
7625,4702185.0,0.024084723307655355
7626,4702245.0,0.02414548967376167
7627,4702305.0,0.02421777667114091
7628,4702365.0,0.02429036029630332
7629,4702425.0,0.02436400222938665
7630,4702485.0,0.024364372780623235
7631,4702545.0,0.024365042776730142
7632,4702605.0,0.024366726665807893
7633,4702665.0,0.024366399772264312
7634,4702725.0,0.024438255284545192
7635,4702785.0,0.02451271779324396
7636,4702845.0,0.024514090006101247
7637,4702905.0,0.024515917878448285
7638,4702965.0,0.02451833362660468
7639,4703025.0,0.02451954401857538
7640,4703085.0,0.024555274607846393
7641,4703145.0,0.024628053014953327
7642,4703205.0,0.024700458807185924
7643,4703265.0,0.02477373988354828
7644,4703325.0,0.024773231247315043
7645,4703385.0,0.02477232458229635
7646,4703445.0,0.024770969560925386
7647,4703505.0,0.02476855020734909
7648,4703565.0,0.024766410195874507
7649,4703625.0,0.02477003994931886
7650,4703685.0,0.024817351192570336
7651,4703745.0,0.024885770682827484
7652,4703805.0,0.024969650863737376
7653,4703865.0,0.025054536841260557
7654,4703925.0,0.025136226097195277
7655,4703985.0,0.025218697223428385
7656,4704045.0,0.025302222881722687
7657,4704105.0,0.025383214462589954
7658,4704165.0,0.02546046842499962
7659,4704225.0,0.02553447773471866
7660,4704285.0,0.02560535269759058
7661,4704345.0,0.0256704934831505
7662,4704405.0,0.02573409531272744
7663,4704465.0,0.025797254531660506
7664,4704525.0,0.025864457727934352
7665,4704585.0,0.025940590411985376
7666,4704645.0,0.026028119321128196
7667,4704705.0,0.026114854353730788
7668,4704765.0,0.026199896071636523
7669,4704825.0,0.02628508272460143
7670,4704885.0,0.026370657899912997
7671,4704945.0,0.0263964461486645
7672,4705005.0,0.026398636407893458
7673,4705065.0,0.026400809052897316
7674,4705125.0,0.02640272965329949
7675,4705185.0,0.026402565418494374
7676,4705245.0,0.02639875231548744
7677,4705305.0,0.02610429522337425
7678,4705365.0,0.02602143007578942
7679,4705425.0,0.025985697140746236
7680,4705485.0,0.025976013919952287
7681,4705545.0,0.02596748757206402
7682,4705605.0,0.02595959844958636
7683,4705665.0,0.0258805656164955
7684,4705725.0,0.02586980532560227
7685,4705785.0,0.025859518734794085
7686,4705845.0,0.025846669568815338
7687,4705905.0,0.02583823874149531
7688,4705965.0,0.025835598174671792
7689,4706025.0,0.025832707428683876
7690,4706085.0,0.02590290433782251
7691,4706145.0,0.0259043688045379
7692,4706205.0,0.02590616209847784
7693,4706265.0,0.025909612616425083
7694,4706325.0,0.025842014998263683
7695,4706385.0,0.025773783470169544
7696,4706445.0,0.02570582348907572
7697,4706505.0,0.02563639090423253
7698,4706565.0,0.025635500787902492
7699,4706625.0,0.02563563463563559
7700,4706685.0,0.02563454595697736
7701,4706745.0,0.0256331587792921
7702,4706805.0,0.025558249655049964
7703,4706865.0,0.02562307880398667
7704,4706925.0,0.025623675848057186
7705,4706985.0,0.025625041055608554
7706,4707048.0,0.025626406931446605
7707,4707105.0,0.02562933875224878
7708,4707165.0,0.025561541468893806
7709,4707225.0,0.02549239066710423
7710,4707285.0,0.025422565824925275
7711,4707345.0,0.025423611104904265
7712,4707405.0,0.025422124249899085
7713,4707465.0,0.025420544547901956
7714,4707525.0,0.02541968984557362
7715,4707585.0,0.025418165733888123
7716,4707645.0,0.025417182410755308
7717,4707705.0,0.02541707449146194
7718,4707765.0,0.02541899983497415
7719,4707825.0,0.025349648516140223
7720,4707885.0,0.02528037061965411
7721,4707945.0,0.02521087089596282
7722,4708005.0,0.025209812343471548
7723,4708065.0,0.025210180549335832
7724,4708125.0,0.025212918293841452
7725,4708185.0,0.025142018853343294
7726,4708245.0,0.025071658211879448
7727,4708305.0,0.025073583824581296
7728,4708365.0,0.0251467043501456
7729,4708425.0,0.025156409210881525
7730,4708485.0,0.025156356206712666
7731,4708545.0,0.025141959632118883
7732,4708605.0,0.025118445288100068
7733,4708665.0,0.02501446061965152
7734,4708725.0,0.02490039018098608
7735,4708785.0,0.02478478510756712
7736,4708845.0,0.02466950111356723
7737,4708905.0,0.02455579680924637
7738,4708965.0,0.024440647638313932
7739,4709025.0,0.024360411867981463
7740,4709085.0,0.024318900133857208
7741,4709145.0,0.02420222019771729
7742,4709205.0,0.02408472403560776
7743,4709265.0,0.023967535377873044
7744,4709325.0,0.023851136414308645
7745,4709385.0,0.023739286633931662
7746,4709445.0,0.023638392850692358
7747,4709505.0,0.02355319902431291
7748,4709565.0,0.023478898102244725
7749,4709625.0,0.023406703077961347
7750,4709688.0,0.023403872039789865
7751,4709745.0,0.023403396114949897
7752,4709805.0,0.02333366085122094
7753,4709865.0,0.02326464345451052
7754,4709925.0,0.023196487653117916
7755,4709985.0,0.02312806504921297
7756,4710045.0,0.023058166063421523
7757,4710105.0,0.023058384419376028
7758,4710165.0,0.023058950400859347
7759,4710228.0,0.023129564567020082
7760,4710285.0,0.02313155296739109
7761,4710345.0,0.023059233724525875
7762,4710405.0,0.022985866704789838
7763,4710465.0,0.022910758141524608
7764,4710525.0,0.02290905614243604
7765,4710588.0,0.02290709865361057
7766,4710645.0,0.022905610098677982
7767,4710705.0,0.022833138024553168
7768,4710765.0,0.022833733044483336
7769,4710825.0,0.02283414261100989
7770,4710885.0,0.022836124516634193
7771,4710945.0,0.022838328637911832
7772,4711005.0,0.02284073567853246
7773,4711065.0,0.022843409652501777
7774,4711125.0,0.022845109510109124
7775,4711185.0,0.022846077061340384
7776,4711245.0,0.02284586825472483
7777,4711305.0,0.022846143448891333
7778,4711365.0,0.02291677569924183
7779,4711425.0,0.0229892459043829
7780,4711485.0,0.022942912319756148
7781,4711545.0,0.022874671787588313
7782,4711605.0,0.022805634481447477
7783,4711665.0,0.02280809124976016
7784,4711725.0,0.022809496855779716
7785,4711785.0,0.022809109589606566
7786,4711845.0,0.022807122970487252
7787,4711905.0,0.02280821833937484
7788,4711965.0,0.022809986566700094
7789,4712025.0,0.022811338342987167
7790,4712085.0,0.022740017165184194
7791,4712145.0,0.022666422066855478
7792,4712205.0,0.022592534397151906
7793,4712265.0,0.022521045739482777
7794,4712325.0,0.022444106792170328
7795,4712385.0,0.02236447286181205
7796,4712445.0,0.022278585762814954
7797,4712505.0,0.02219248027582473
7798,4712565.0,0.022105892364716426
7799,4712625.0,0.0220286457657788
7800,4712685.0,0.021955316613275752
7801,4712745.0,0.021881893469311887
7802,4712805.0,0.021807287711626197
7803,4712865.0,0.02180569390203759
7804,4712925.0,0.02185273508000786
7805,4712985.0,0.021923263423895174
7806,4713045.0,0.021862841453374846
7807,4713105.0,0.02178991990074871
7808,4713165.0,0.021699596525865193
7809,4713225.0,0.021601775805407994
7810,4713285.0,0.021575234218934786
7811,4713345.0,0.02154629581689855
7812,4713405.0,0.021518079252694923
7813,4713465.0,0.021492160204031614
7814,4713525.0,0.021391898634251262
7815,4713585.0,0.021287616242711478
7816,4713645.0,0.021274025199652546
7817,4713705.0,0.021272339792843237
7818,4713765.0,0.021270942349597095
7819,4713825.0,0.021268826777838652
7820,4713885.0,0.021303454402265443
7821,4713945.0,0.02130074672942705
7822,4714005.0,0.021299457278507877
7823,4714065.0,0.02129814370735391
7824,4714125.0,0.021370247620441006
7825,4714185.0,0.021371249939624443
7826,4714245.0,0.02137092616729002
7827,4714305.0,0.021371895059278556
7828,4714365.0,0.021442382426237673
7829,4714425.0,0.02151362475423499
7830,4714485.0,0.02158554792502164
7831,4714545.0,0.021600223984172877
7832,4714605.0,0.021600757284020007
7833,4714665.0,0.021601055082148678
7834,4714725.0,0.021601542437329153
7835,4714785.0,0.021600810953711698
7836,4714845.0,0.02160031017028463
7837,4714905.0,0.02167194490300306
7838,4714965.0,0.021742652988097827
7839,4715025.0,0.02181462029148719
7840,4715088.0,0.021886945072008383
7841,4715145.0,0.021887091382588326
7842,4715205.0,0.02188510180818632
7843,4715265.0,0.021883571123892546
7844,4715325.0,0.02188284707679449
7845,4715385.0,0.02188242347021161
7846,4715445.0,0.021881751613948237
7847,4715508.0,0.021881304783723736
7848,4715565.0,0.02188183861813474
7849,4715625.0,0.021883204246503515
7850,4715685.0,0.0219560872312912
7851,4715745.0,0.02202817899245703
7852,4715805.0,0.022101591853210645
7853,4715865.0,0.02217440663814891
7854,4715925.0,0.02217507648701833
7855,4715985.0,0.022175954360763195
7856,4716045.0,0.022179975458168306
7857,4716105.0,0.022184309924705617
7858,4716165.0,0.022194388263691606
7859,4716225.0,0.02227761111865202
7860,4716285.0,0.022360143987920134
7861,4716345.0,0.02244266213182445
7862,4716405.0,0.022453017515846503
7863,4716465.0,0.022464131544450844
7864,4716525.0,0.022474871029586493
7865,4716585.0,0.022485086721110506
7866,4716645.0,0.022497226702061716
7867,4716705.0,0.022503903088274713
7868,4716765.0,0.022505441926927987
7869,4716825.0,0.022580700499531245
7870,4716885.0,0.02258412492196979
7871,4716948.0,0.022517595903950832
7872,4717005.0,0.02245060668244816
7873,4717065.0,0.02238036022356591
7874,4717125.0,0.0223802892400932
7875,4717185.0,0.022378048695159893
7876,4717245.0,0.02237495272510396
7877,4717305.0,0.022371901562785387
7878,4717365.0,0.022299296917936
7879,4717425.0,0.02222535944221188
7880,4717485.0,0.022152545778661638
7881,4717545.0,0.02207899545149572
7882,4717605.0,0.022079311622453524
7883,4717665.0,0.02194151194626863
7884,4717725.0,0.021870159146920705
7885,4717785.0,0.021798927946119206
7886,4717845.0,0.02172714560982563
7887,4717905.0,0.021654442456617642
7888,4717965.0,0.021652836827818142
7889,4718025.0,0.021651168436144265
7890,4718085.0,0.021648151802890536
7891,4718145.0,0.021576250446130547
7892,4718205.0,0.021505953127568457
7893,4718265.0,0.02143638708440685
7894,4718325.0,0.021367414155598695
7895,4718385.0,0.02129941376410096
7896,4718445.0,0.021228995195622664
7897,4718505.0,0.02115843453673475
7898,4718565.0,0.021084952311255727
7899,4718625.0,0.02108174230611297
7900,4718685.0,0.02107972594480781
7901,4718745.0,0.021077498820653785
7902,4718805.0,0.02100615898063793
7903,4718865.0,0.020933253408507584
7904,4718925.0,0.02085873090994371
7905,4718985.0,0.02085743068603584
7906,4719045.0,0.020856623009803003
7907,4719105.0,0.020854698763835985
7908,4719165.0,0.020783476454278294
7909,4719225.0,0.020711519081301227
7910,4719285.0,0.02063998692216975
7911,4719345.0,0.02056716012932758
7912,4719405.0,0.020570670491219387
7913,4719465.0,0.02064443754033188
7914,4719525.0,0.020717485396906522
7915,4719585.0,0.020792323916792234
7916,4719645.0,0.020793410874526762
7917,4719705.0,0.020794096139429973
7918,4719765.0,0.020794964204008903
7919,4719825.0,0.020836102841762506
7920,4719885.0,0.0208356302154662
7921,4719945.0,0.020906634916152717
7922,4720005.0,0.020978423541812518
7923,4720065.0,0.021051124868813505
7924,4720125.0,0.021123670623404485
7925,4720185.0,0.02119529349398791
7926,4720245.0,0.021267731418721507
7927,4720305.0,0.02133978904576493
7928,4720368.0,0.02141198750043973
7929,4720425.0,0.02148581005371384
7930,4720485.0,0.021427829124917565
7931,4720545.0,0.021357327899857982
7932,4720605.0,0.02135657789116501
7933,4720665.0,0.02135503505208699
7934,4720725.0,0.021353866466753503
7935,4720785.0,0.02135299760917536
7936,4720845.0,0.021425471495248538
7937,4720905.0,0.021426750477693414
7938,4720965.0,0.021414702905245123
7939,4721025.0,0.02133367397682348
7940,4721085.0,0.02125235969133952
7941,4721145.0,0.021243402655321715
7942,4721205.0,0.021240539747295957
7943,4721265.0,0.021240720606805506
7944,4721325.0,0.02124123317625181
7945,4721385.0,0.021241959584731275
7946,4721445.0,0.021241422989946065
7947,4721505.0,0.02124106227789494
7948,4721565.0,0.021169374353032892
7949,4721625.0,0.021095981139698128
7950,4721685.0,0.021093431113066254
7951,4721745.0,0.0210916092884437
7952,4721805.0,0.021089683730629936
7953,4721865.0,0.021161613197550506
7954,4721925.0,0.021232914197017137
7955,4721985.0,0.02113690371212692
7956,4722045.0,0.021137195747745148
7957,4722105.0,0.021137561591921226
7958,4722165.0,0.021066861310137183
7959,4722225.0,0.02099421860446645
7960,4722285.0,0.02099412761789248
7961,4722345.0,0.020993905915230596
7962,4722405.0,0.02099489918900174
7963,4722465.0,0.020995874697586677
7964,4722525.0,0.020996637554698827
7965,4722585.0,0.020998045131805525
7966,4722645.0,0.02099879706053355
7967,4722705.0,0.02099798083649225
7968,4722765.0,0.020998348803325313
7969,4722828.0,0.020998916137840586
7970,4722885.0,0.02107199786100652
7971,4722945.0,0.02114555159671052
7972,4723005.0,0.02122019680309501
7973,4723065.0,0.02129420071218343
7974,4723125.0,0.021365456132522033
7975,4723185.0,0.02143871307127855
7976,4723245.0,0.021511501374859937
7977,4723305.0,0.021586680421782502
7978,4723365.0,0.02166007391281132
7979,4723425.0,0.021733538752968823
7980,4723485.0,0.021807750826237586
7981,4723545.0,0.021881784861939806
7982,4723605.0,0.021954964297887326
7983,4723665.0,0.0220305758120804
7984,4723725.0,0.022058065994759242
7985,4723785.0,0.022063382983095826
7986,4723845.0,0.022138027521891673
7987,4723905.0,0.02221309306461023
7988,4723965.0,0.022254699589054627
7989,4724025.0,0.022280239994344114
7990,4724085.0,0.022307703504055004
7991,4724145.0,0.022336686630369106
7992,4724205.0,0.022438562010355746
7993,4724265.0,0.022538711717477858
7994,4724325.0,0.02264226640251077
7995,4724385.0,0.022678288338605683
7996,4724445.0,0.022684377413697505
7997,4724508.0,0.022655210535298308
7998,4724565.0,0.022629480555726826
7999,4724625.0,0.022600307144374214
8000,4724685.0,0.02250553832111727
8001,4724745.0,0.0224241130746995
8002,4724805.0,0.022346714312531157
8003,4724865.0,0.02227086248398831
8004,4724925.0,0.022265635556873192
8005,4724985.0,0.022338984380808308
8006,4725045.0,0.0224050545546498
8007,4725105.0,0.022444726951289247
8008,4725165.0,0.022304555021598886
8009,4725225.0,0.02217601292796794
8010,4725285.0,0.022065944268353115
8011,4725345.0,0.02203396705185163
8012,4725405.0,0.022031929919734523
8013,4725465.0,0.022030363212982677
8014,4725525.0,0.022030308166964392
8015,4725585.0,0.022036394236838036
8016,4725645.0,0.022043775757801073
8017,4725705.0,0.02197776160838745
8018,4725768.0,0.021912452746032006
8019,4725825.0,0.021843317631153283
8020,4725885.0,0.021767637340271734
8021,4725948.0,0.0217940858141895
8022,4726005.0,0.021860768207898416
8023,4726065.0,0.02192873620660072
8024,4726125.0,0.021998730720685963
8025,4726185.0,0.02199818869242485
8026,4726245.0,0.021998859492509834
8027,4726305.0,0.021999157943815732
8028,4726365.0,0.022000012242535345
8029,4726425.0,0.021997327162665635
8030,4726485.0,0.02191666038326752
8031,4726545.0,0.021830140414244102
8032,4726605.0,0.02174544864029311
8033,4726665.0,0.021672603694803567
8034,4726725.0,0.0216703545521829
8035,4726785.0,0.02166931386168204
8036,4726845.0,0.021667302302413878
8037,4726905.0,0.021738871062166147
8038,4726965.0,0.02180881237997065
8039,4727025.0,0.021736437658244442
8040,4727085.0,0.02166440997920078
8041,4727145.0,0.021588461495458296
8042,4727205.0,0.02157882123634873
8043,4727265.0,0.021568043919580934
8044,4727325.0,0.02155817905616835
8045,4727385.0,0.02155211554739206
8046,4727445.0,0.021551970886396717
8047,4727505.0,0.021551397305559064
8048,4727565.0,0.021550269329294665
8049,4727625.0,0.021548961224044393
8050,4727685.0,0.021547809047026627
8051,4727745.0,0.02161935891005426
8052,4727805.0,0.02169300361812706
8053,4727865.0,0.02176878828507372
8054,4727925.0,0.021769635756009598
8055,4727985.0,0.021765820200917656
8056,4728045.0,0.021756897188283823
8057,4728105.0,0.02174701927269968
8058,4728165.0,0.02172807551496067
8059,4728225.0,0.021721391467438234
8060,4728285.0,0.021723437200892246
8061,4728345.0,0.021725130704311826
8062,4728405.0,0.021725593762449306
8063,4728465.0,0.021799999701642245
8064,4728525.0,0.02187460272972546
8065,4728585.0,0.021950794414277573
8066,4728645.0,0.022027684411310505
8067,4728705.0,0.022105049383823003
8068,4728768.0,0.022106453712948775
8069,4728825.0,0.022108184499051976
8070,4728885.0,0.02211070067736534
8071,4728948.0,0.022112088618316893
8072,4729005.0,0.02211327704323083
8073,4729065.0,0.02211307583239515
8074,4729125.0,0.022181337993286622
8075,4729188.0,0.02225177587629909
8076,4729245.0,0.022323535702547352
8077,4729305.0,0.022396259536443537
8078,4729365.0,0.02239786974559032
8079,4729425.0,0.022400322994505582
8080,4729485.0,0.022402196563351878
8081,4729545.0,0.022403931706520157
8082,4729605.0,0.022404554288966337
8083,4729665.0,0.022479518938940776
8084,4729725.0,0.022553952714935842
8085,4729785.0,0.02262860763389664
8086,4729845.0,0.022702135981439574
8087,4729905.0,0.02277456364171048
8088,4729965.0,0.022846070451788866
8089,4730025.0,0.022920137894436393
8090,4730088.0,0.022993859519690706
8091,4730145.0,0.02299485571963379
8092,4730205.0,0.02292025980566907
8093,4730265.0,0.022846929544560267
8094,4730325.0,0.022773073869145878
8095,4730385.0,0.022772953470590024
8096,4730445.0,0.02284228836056025
8097,4730505.0,0.022914234811905833
8098,4730565.0,0.02291376340812116
8099,4730625.0,0.02283825739754068
8100,4730685.0,0.022765534840844363
8101,4730745.0,0.02269425198224631
8102,4730805.0,0.02262247832647358
8103,4730865.0,0.022548920147747738
8104,4730925.0,0.022553031055079095
8105,4730985.0,0.022578662942365317
8106,4731045.0,0.022594790512253785
8107,4731105.0,0.022598877224088793
8108,4731165.0,0.022613246485125096
8109,4731225.0,0.022668367409426342
8110,4731285.0,0.022812430903290278
8111,4731345.0,0.02299705559391678
8112,4731405.0,0.023226434531639348
8113,4731465.0,0.023459449717922312
8114,4731525.0,0.023696940910442416
8115,4731585.0,0.02393802692952267
8116,4731645.0,0.024110871666986666
8117,4731705.0,0.0243571582764563
8118,4731765.0,0.024617231108332603
8119,4731825.0,0.02488366614855486
8120,4731885.0,0.025140928689579817
8121,4731945.0,0.025384884571493828
8122,4732005.0,0.02562279707802221
8123,4732065.0,0.025856659584152335
8124,4732125.0,0.026101929291682507
8125,4732185.0,0.026357954941179748
8126,4732245.0,0.026612419751051754
8127,4732305.0,0.026863725692600232
8128,4732365.0,0.02709981760806445
8129,4732425.0,0.027336726599562294
8130,4732485.0,0.02756979646177235
8131,4732545.0,0.027800238373083472
8132,4732605.0,0.028030653448890996
8133,4732665.0,0.028185785246029493
8134,4732725.0,0.02834153339661792
8135,4732785.0,0.028672185312754256
8136,4732845.0,0.028908618853582695
8137,4732905.0,0.029145024032820155
8138,4732965.0,0.029384513501433514
8139,4733025.0,0.029625840214662427
8140,4733085.0,0.02986508483966377
8141,4733145.0,0.030108081867287806
8142,4733205.0,0.030350422085968262
8143,4733265.0,0.030592682368278584
8144,4733325.0,0.030835998071828935
8145,4733385.0,0.031079645514681682
8146,4733445.0,0.03132561072137539
8147,4733505.0,0.03157314446110492
8148,4733565.0,0.03174621808677983
8149,4733625.0,0.03191445825020906
8150,4733685.0,0.03208206068171707
8151,4733745.0,0.03224814325450299
8152,4733805.0,0.032412227468323326
8153,4733865.0,0.03257430724714862
8154,4733925.0,0.032737426562075476
8155,4733985.0,0.03289495657001069
8156,4734045.0,0.03305123706726106
8157,4734105.0,0.03320646706785076
8158,4734165.0,0.033363301670402905
8159,4734225.0,0.03351923489252345
8160,4734285.0,0.03367732770537111
8161,4734345.0,0.03383330635483548
8162,4734405.0,0.033991156604568994
8163,4734465.0,0.03414883751455928
8164,4734525.0,0.034306609975543786
8165,4734585.0,0.03446243262974249
8166,4734645.0,0.03461917154864536
8167,4734705.0,0.034776491167917124
8168,4734765.0,0.034982538514332605
8169,4734825.0,0.035210317784940735
8170,4734885.0,0.035438165609835405
8171,4734945.0,0.0356673351602977
8172,4735005.0,0.03582292795598482
8173,4735065.0,0.03597835290106043
8174,4735125.0,0.0361324992880357
8175,4735185.0,0.03635632279928671
8176,4735245.0,0.03651658271602306
8177,4735305.0,0.03669901181121482
8178,4735365.0,0.03687623117443671
8179,4735425.0,0.03711684529174988
8180,4735485.0,0.03736592902079996
8181,4735545.0,0.037601899161601386
8182,4735605.0,0.03783270789496811
8183,4735668.0,0.038063764694974446
8184,4735725.0,0.03822658432885116
8185,4735785.0,0.03838455874639441
8186,4735845.0,0.038550264905966206
8187,4735905.0,0.03874326193109818
8188,4735965.0,0.03897665475705415
8189,4736025.0,0.03919617804622412
8190,4736085.0,0.039397575063592684
8191,4736145.0,0.03965289139290993
8192,4736205.0,0.03989243436908154
8193,4736268.0,0.040131011833920295
8194,4736325.0,0.04036850681280534
8195,4736385.0,0.040599244317318324
8196,4736445.0,0.0408304411534638
8197,4736505.0,0.04106084323780738
8198,4736565.0,0.04122440063523407
8199,4736625.0,0.041384535254253174
8200,4736685.0,0.04154943152639453
8201,4736745.0,0.04168337710002526
8202,4736805.0,0.04185038794550618
8203,4736865.0,0.04201515771931971
8204,4736925.0,0.04217706180733551
8205,4736985.0,0.04241270991133273
8206,4737045.0,0.042564022862581104
8207,4737105.0,0.0426567528064079
8208,4737165.0,0.042732106230497904
8209,4737225.0,0.042809617577653204
8210,4737285.0,0.042892944187050745
8211,4737345.0,0.042983559136507164
8212,4737405.0,0.04307020369357277
8213,4737465.0,0.043141720805358656
8214,4737525.0,0.04321452765797499
8215,4737585.0,0.0432870498157654
8216,4737645.0,0.04336221012572318
8217,4737705.0,0.04336506978838866
8218,4737765.0,0.04336832832857058
8219,4737825.0,0.04344140602040614
8220,4737885.0,0.04351569798809397
8221,4737945.0,0.04359168874258395
8222,4738005.0,0.04367354513520153
8223,4738065.0,0.04368190468715326
8224,4738125.0,0.04368995160331154
8225,4738188.0,0.04369419391740496
8226,4738245.0,0.04369191895502181
8227,4738305.0,0.04368999167645727
8228,4738365.0,0.0437603546597943
8229,4738425.0,0.043762567057324626
8230,4738485.0,0.04369163733825087
8231,4738545.0,0.043619459211822774
8232,4738605.0,0.0435444108120329
8233,4738665.0,0.043468075919657394
8234,4738725.0,0.04346577995427386
8235,4738785.0,0.04346868042759928
8236,4738845.0,0.04347765916413058
8237,4738905.0,0.04348802762435189
8238,4738965.0,0.043506064521412355
8239,4739025.0,0.04351145773016907
8240,4739085.0,0.04357788600336775
8241,4739145.0,0.04364649549600746
8242,4739205.0,0.04371727995560871
8243,4739265.0,0.04371658629349962
8244,4739325.0,0.043641752083033634
8245,4739385.0,0.04356571024082217
8246,4739445.0,0.04348818588667449
8247,4739505.0,0.04340830540393913
8248,4739568.0,0.0434048022971966
8249,4739625.0,0.04340077389008949
8250,4739688.0,0.0433969943941094
8251,4739745.0,0.043394557022944695
8252,4739805.0,0.04339181594117814
8253,4739865.0,0.043391560993849956
8254,4739925.0,0.04332244406559716
8255,4739985.0,0.04325132423007864
8256,4740045.0,0.0431778714196692
8257,4740105.0,0.04310263490878122
8258,4740165.0,0.043098808301475444
8259,4740225.0,0.04309562786390821
8260,4740285.0,0.043092073345195714
8261,4740345.0,0.04309005715972349
8262,4740405.0,0.043089617124865906
8263,4740465.0,0.04301523045138619
8264,4740525.0,0.042941001474650124
8265,4740585.0,0.04286445159004132
8266,4740648.0,0.0427885093573352
8267,4740705.0,0.042713866464683115
8268,4740765.0,0.042639708760625145
8269,4740825.0,0.04263403431431879
8270,4740885.0,0.042629462137312744
8271,4740945.0,0.04269853824688203
8272,4741005.0,0.04276957612122895
8273,4741065.0,0.04284025371394388
8274,4741125.0,0.04291289875487704
8275,4741185.0,0.04283751100569721
8276,4741245.0,0.042765416747804395
8277,4741305.0,0.042764106594193066
8278,4741365.0,0.042837414989571894
8279,4741425.0,0.042836459076625914
8280,4741485.0,0.04282918071633008
8281,4741545.0,0.04282402008427882
8282,4741605.0,0.04282215281532656
8283,4741665.0,0.042879311172466045
8284,4741725.0,0.0428770545418674
8285,4741785.0,0.0428613024473697
8286,4741845.0,0.04284320078987596
8287,4741905.0,0.04283868758830991
8288,4741965.0,0.04275021278748808
8289,4742025.0,0.042619612929261086
8290,4742085.0,0.0424625214355467
8291,4742145.0,0.04227558716986387
8292,4742205.0,0.04204277261183161
8293,4742265.0,0.041807624036746864
8294,4742325.0,0.041567456037482374
8295,4742385.0,0.04139442513077551
8296,4742445.0,0.041219033681521175
8297,4742505.0,0.04104450334464619
8298,4742565.0,0.04086885870534438
8299,4742625.0,0.04068788928049299
8300,4742685.0,0.04051570758625008
8301,4742745.0,0.04035763790400232
8302,4742805.0,0.040197195043574316
8303,4742865.0,0.04003645391637594
8304,4742925.0,0.039865210777136915
8305,4742985.0,0.039683418394295206
8306,4743045.0,0.0395036154010668
8307,4743105.0,0.03932691935797332
8308,4743165.0,0.0391659150502502
8309,4743225.0,0.03900371840855187
8310,4743285.0,0.03884545870753731
8311,4743345.0,0.03869100387770862
8312,4743405.0,0.03853583495078126
8313,4743465.0,0.038381280858990924
8314,4743525.0,0.038226091819939745
8315,4743585.0,0.03806452714007551
8316,4743645.0,0.037902304349672844
8317,4743705.0,0.03773968931655534
8318,4743765.0,0.037527948713365206
8319,4743825.0,0.037286833173336774
8320,4743885.0,0.03704669643466553
8321,4743945.0,0.03687242333668121
8322,4744005.0,0.03669953125023449
8323,4744065.0,0.036527782285416845
8324,4744125.0,0.03628324185528887
8325,4744185.0,0.03603907096909102
8326,4744245.0,0.03586291528434254
8327,4744305.0,0.035704392970890925
8328,4744365.0,0.03554888021495722
8329,4744425.0,0.03539790980115403
8330,4744485.0,0.03524940080179955
8331,4744545.0,0.0350988240983374
8332,4744605.0,0.034953706304328244
8333,4744665.0,0.03481394745202881
8334,4744725.0,0.034675077861937624
8335,4744785.0,0.034544190455780756
8336,4744845.0,0.034415186871656504
8337,4744905.0,0.03428766052730015
8338,4744965.0,0.034162277022375356
8339,4745025.0,0.03407864179151509
8340,4745085.0,0.034002033790778395
8341,4745145.0,0.03399863510048838
8342,4745205.0,0.03400035534391317
8343,4745265.0,0.033999929197554936
8344,4745325.0,0.033999632714406765
8345,4745385.0,0.034004741610457
8346,4745445.0,0.03391651656270991
8347,4745505.0,0.03376684338535126
8348,4745565.0,0.03361222547559723
8349,4745625.0,0.03346078263758249
8350,4745685.0,0.033318041904089296
8351,4745745.0,0.03316010836149483
8352,4745805.0,0.032996176260099756
8353,4745865.0,0.03284494588694224
8354,4745925.0,0.032704970166363
8355,4745985.0,0.03256768135471741
8356,4746045.0,0.032489319407117544
8357,4746105.0,0.03241029162173658
8358,4746165.0,0.032331819654845904
8359,4746225.0,0.03219559693148274
8360,4746285.0,0.03204497428208578
8361,4746348.0,0.031890600156548224
8362,4746405.0,0.03173408493578451
8363,4746465.0,0.03157637675195968
8364,4746525.0,0.0314181881518952
8365,4746585.0,0.03125852978492063
8366,4746645.0,0.031097829400547637
8367,4746705.0,0.030940436377575493
8368,4746765.0,0.03085299239036956
8369,4746825.0,0.03069128431427858
8370,4746885.0,0.030527972631479362
8371,4746945.0,0.030288059672088204
8372,4747005.0,0.030118010453845483
8373,4747065.0,0.029950690510204957
8374,4747125.0,0.029786079603766537
8375,4747188.0,0.029550405408600593
8376,4747245.0,0.02931149487480362
8377,4747305.0,0.02919079260409694
8378,4747368.0,0.02917534719739378
8379,4747425.0,0.029165171933401048
8380,4747485.0,0.029225048879343796
8381,4747545.0,0.02929001966939529
8382,4747605.0,0.029280626506491533
8383,4747668.0,0.029193480821016797
8384,4747725.0,0.029106567858574017
8385,4747785.0,0.02901861300057903
8386,4747845.0,0.02902181270469225
8387,4747905.0,0.029080019605555417
8388,4747965.0,0.029236201971424076
8389,4748025.0,0.02939636099952813
8390,4748085.0,0.029556572319454
8391,4748145.0,0.029710130599644058
8392,4748205.0,0.029866336139425437
8393,4748265.0,0.029938806181369244
8394,4748325.0,0.030013313650088164
8395,4748385.0,0.030090843192890834
8396,4748445.0,0.03016353476987542
8397,4748505.0,0.030245716799042137
8398,4748565.0,0.030330547691001915
8399,4748625.0,0.030497097484239226
8400,4748685.0,0.030661847353924535
8401,4748745.0,0.03082430947309179
8402,4748805.0,0.03098306194855336
8403,4748865.0,0.03121795183547369
8404,4748925.0,0.03135799318383575
8405,4748985.0,0.031497601621966416
8406,4749045.0,0.031635972924291496
8407,4749105.0,0.031786642067049425
8408,4749165.0,0.031866003626446204
8409,4749225.0,0.0319414040004918
8410,4749285.0,0.03216231583917326
8411,4749345.0,0.03238442405100925
8412,4749405.0,0.0326067925812998
8413,4749465.0,0.03282591890868564
8414,4749525.0,0.033048973557853585
8415,4749585.0,0.033273046765091886
8416,4749645.0,0.033492343734650834
8417,4749705.0,0.03370536252509269
8418,4749765.0,0.03392101813689887
8419,4749825.0,0.03414844636128276
8420,4749885.0,0.03430318639581966
8421,4749945.0,0.03446075996261686
8422,4750005.0,0.034612223725258726
8423,4750068.0,0.034769009144537365
8424,4750125.0,0.03500065752526583
8425,4750185.0,0.03523326244728661
8426,4750245.0,0.03546907351690004
8427,4750305.0,0.03570402772795618
8428,4750365.0,0.035941421050097885
8429,4750425.0,0.03617921622452474
8430,4750485.0,0.03641622448785998
8431,4750545.0,0.036654478725698825
8432,4750605.0,0.03689037128838212
8433,4750665.0,0.03712181609848061
8434,4750725.0,0.03734744685478345
8435,4750785.0,0.03757311518756037
8436,4750845.0,0.03780068788204654
8437,4750905.0,0.038027890976834136
8438,4750965.0,0.03825687760830728
8439,4751025.0,0.03848454263482976
8440,4751085.0,0.038716436247121594
8441,4751145.0,0.038944965906788705
8442,4751205.0,0.03908471029937863
8443,4751265.0,0.039230403652056066
8444,4751325.0,0.039378082710511096
8445,4751385.0,0.03961404675953404
8446,4751445.0,0.03984981306856523
8447,4751505.0,0.04008344150706171
8448,4751565.0,0.04031708961471447
8449,4751625.0,0.040483084075168214
8450,4751685.0,0.04065088812752014
8451,4751745.0,0.04081745949071271
8452,4751805.0,0.04098779934596789
8453,4751865.0,0.041165338841404005
8454,4751925.0,0.04133946109221478
8455,4751985.0,0.04158170680259059
8456,4752045.0,0.04182323445237618
8457,4752105.0,0.04198740045266109
8458,4752165.0,0.042143121315153624
8459,4752225.0,0.04237732979321058
8460,4752285.0,0.042608441438028624
8461,4752345.0,0.04283555874408552
8462,4752405.0,0.04306099453057122
8463,4752465.0,0.04323443544878194
8464,4752525.0,0.04338544658647642
8465,4752585.0,0.043528651088562305
8466,4752645.0,0.04368285583233846
8467,4752705.0,0.04383422623147224
8468,4752765.0,0.04405808775520266
8469,4752825.0,0.044281557970593625
8470,4752885.0,0.04450865712680615
8471,4752945.0,0.04474434165443788
8472,4753005.0,0.04497621982858398
8473,4753065.0,0.04520928840480241
8474,4753125.0,0.04544138564181538
8475,4753185.0,0.045601245561203915
8476,4753245.0,0.04575400679188291
8477,4753305.0,0.04590822296958127
8478,4753365.0,0.0460682051574564
8479,4753425.0,0.04622644059024665
8480,4753485.0,0.046384362148795766
8481,4753545.0,0.04654150313748039
8482,4753605.0,0.046699612468802276
8483,4753665.0,0.04685997615144442
8484,4753725.0,0.047017689161146785
8485,4753785.0,0.047172702808864146
8486,4753845.0,0.04732811370411412
8487,4753905.0,0.047483198213675984
8488,4753965.0,0.04763746615251951
8489,4754025.0,0.04779375712332192
8490,4754085.0,0.04795099703064775
8491,4754145.0,0.04810653453219004
8492,4754205.0,0.04826086024481021
8493,4754265.0,0.048417897829959845
8494,4754325.0,0.048577809112684965
8495,4754385.0,0.04873549480972463
8496,4754445.0,0.04889398616821517
8497,4754505.0,0.04896559479201012
8498,4754565.0,0.04907816304989624
8499,4754625.0,0.04921992180383957
8500,4754685.0,0.049507376068079124
8501,4754745.0,0.049664159625545885
8502,4754805.0,0.04982093413023984
8503,4754865.0,0.0499742538864175
8504,4754928.0,0.050208384894775075
8505,4754985.0,0.05043867393385545
8506,4755045.0,0.05060186898385894
8507,4755105.0,0.05074680090967076
8508,4755165.0,0.05088944448423236
8509,4755225.0,0.05102946518153539
8510,4755285.0,0.05116547560073418
8511,4755345.0,0.051303512617394596
8512,4755405.0,0.051435960552988165
8513,4755465.0,0.05156481003290334
8514,4755525.0,0.05169733304918426
8515,4755585.0,0.05182623383584795
8516,4755645.0,0.05195319593008773
8517,4755705.0,0.05207804469889244
8518,4755765.0,0.052203253255621536
8519,4755825.0,0.05219730704838422
8520,4755885.0,0.05218358307171473
8521,4755945.0,0.05209801240114744
8522,4756005.0,0.052009787727019176
8523,4756065.0,0.05192375492993085
8524,4756125.0,0.051836339279273065
8525,4756185.0,0.05174675367110932
8526,4756245.0,0.05175722967034218
8527,4756305.0,0.051902325461369435
8528,4756365.0,0.05205733345930979
8529,4756425.0,0.05221024606389462
8530,4756485.0,0.05235567528727798
8531,4756545.0,0.05251417095111089
8532,4756605.0,0.052677573450382036
8533,4756665.0,0.05274581762439553
8534,4756725.0,0.05280281289837622
8535,4756785.0,0.052855759190536915
8536,4756845.0,0.052931755304678925
8537,4756905.0,0.05300910002985818
8538,4756965.0,0.053163564124280326
8539,4757025.0,0.05331742512331288
8540,4757085.0,0.053473193503268936
8541,4757145.0,0.05363059513438644
8542,4757205.0,0.05379144293700185
8543,4757265.0,0.05386661479622382
8544,4757325.0,0.05394062870112753
8545,4757385.0,0.05401604896293608
8546,4757445.0,0.054099283162820554
8547,4757505.0,0.054176660518653184
8548,4757565.0,0.054327569556153484
8549,4757625.0,0.05455637604945126
8550,4757685.0,0.05478788518563333
8551,4757745.0,0.05501880571865115
8552,4757805.0,0.05517992557785855
8553,4757865.0,0.05533963470223715
8554,4757925.0,0.05541278765830555
8555,4757985.0,0.05550248494228983
8556,4758045.0,0.055579108546471044
8557,4759070.0,0.05553506633291513
8558,4759073.0,0.05545370859589415
8559,4759076.0,0.055372830105307226
8560,4759079.0,0.055223404330360056
8561,4759082.0,0.055069576450993744
8562,4759085.0,0.05491778795728083
8563,4759088.0,0.054844287775944335
8564,4759091.0,0.054771529625466296
8565,4759094.0,0.05469541506296486
8566,4759097.0,0.05461188371106717
8567,4759100.0,0.05453209495768007
8568,4759103.0,0.05433416176337617
8569,4759106.0,0.05409785973854165
8570,4759109.0,0.053851061954829894
8571,4759113.0,0.05361981000099295
8572,4759125.0,0.05338621690692085
8573,4759185.0,0.053239424672304324
8574,4759245.0,0.053091545552888454
8575,4759305.0,0.05294078873191158
8576,4759365.0,0.05279415136123471
8577,4759425.0,0.05270664508670599
8578,4759485.0,0.05261938267478367
8579,4759545.0,0.05245205634496183
8580,4759605.0,0.05228638631345905
8581,4759665.0,0.05205086660906528
8582,4759725.0,0.05181870661527802
8583,4759785.0,0.051691678262423234
8584,4759845.0,0.05170484323733158
8585,4759905.0,0.051716479405554565
8586,4759965.0,0.05180146202952716
8587,4760025.0,0.05187464615771414
8588,4760085.0,0.0519482815239204
8589,4760145.0,0.05202298963602666
8590,4760208.0,0.05202640803758519
8591,4760265.0,0.05203070388358232
8592,4760325.0,0.05203591053932898
8593,4760385.0,0.05204826422885895
8594,4760445.0,0.05197495312699472
8595,4760505.0,0.05189556766615077
8596,4760565.0,0.05182253315592459
8597,4760625.0,0.051758530784024225
8598,4760685.0,0.05169872977044108
8599,4760745.0,0.05162666916301719
8600,4760805.0,0.05155763040310867
8601,4760865.0,0.05148048827732967
8602,4760925.0,0.051482547399722654
8603,4760985.0,0.05148008099305033
8604,4761045.0,0.051266663002915165
8605,4761105.0,0.051176952568195176
8606,4761165.0,0.051095898502166566
8607,4761225.0,0.05101893313056941
8608,4761285.0,0.05093871113818559
8609,4761345.0,0.0508593888322311
8610,4761405.0,0.050781213564356324
8611,4761465.0,0.05069992018028922
8612,4761525.0,0.05062121250316532
8613,4761585.0,0.05054592894027208
8614,4761645.0,0.05047547413222566
8615,4761705.0,0.050401983547645794
8616,4761765.0,0.05032636312598555
8617,4761825.0,0.050252029454036125
8618,4761885.0,0.05017618473810274
8619,4761945.0,0.050102534825760735
8620,4762005.0,0.05002381603502163
8621,4762065.0,0.049945005314057676
8622,4762125.0,0.049954948592303615
8623,4762185.0,0.049958130752776296
8624,4762245.0,0.04995867019566785
8625,4762305.0,0.04986995959993063
8626,4762365.0,0.04978748741321883
8627,4762425.0,0.049710273215059296
8628,4762485.0,0.0496334396123907
8629,4762545.0,0.049552734449149656
8630,4762605.0,0.049470475605756396
8631,4762665.0,0.04946324393417587
8632,4762725.0,0.04944957309579271
8633,4762785.0,0.0494283078301665
8634,4762845.0,0.04940953822745576
8635,4762905.0,0.049396391354066795
8636,4762965.0,0.04938321410005752
8637,4763028.0,0.04937538814906605
8638,4763085.0,0.04937468480694159
8639,4763145.0,0.04937066996995081
8640,4763205.0,0.049376512866355436
8641,4763265.0,0.04938261370867191
8642,4763325.0,0.04938221984108388
8643,4763385.0,0.049373619993074776
8644,4763445.0,0.04937157926812467
8645,4763505.0,0.04937010497697281
8646,4763565.0,0.04936778686033657
8647,4763625.0,0.04937400212976827
8648,4763685.0,0.04938537346343642
8649,4763745.0,0.04940053306936095
8650,4763805.0,0.049409627725003284
8651,4763865.0,0.049408175087213894
8652,4763925.0,0.04941135991617301
8653,4763985.0,0.049412894144344945
8654,4764045.0,0.049415853800141955
8655,4764105.0,0.04933038197895858
8656,4764165.0,0.049251574898573035
8657,4764225.0,0.04916565970800962
8658,4764285.0,0.049073553297791415
8659,4764345.0,0.04898731086409156
8660,4764405.0,0.04897441069030654
8661,4764465.0,0.048963819032228455
8662,4764525.0,0.048872230423667375
8663,4764585.0,0.048788086917329894
8664,4764645.0,0.04870600348376138
8665,4764705.0,0.04863618936929618
8666,4764768.0,0.04856616047700211
8667,4764828.0,0.0484937899848128
8668,4764885.0,0.048419618126559115
8669,4764945.0,0.04834321501113343
8670,4765005.0,0.04826382194526887
8671,4765065.0,0.048181682311804634
8672,4765125.0,0.048102890240688555
8673,4765185.0,0.04802033533388549
8674,4765245.0,0.0479384710387302
8675,4765305.0,0.047856737898569326
8676,4765365.0,0.04777451395069451
8677,4765425.0,0.04778012069866169
8678,4765485.0,0.047792592099377675
8679,4765545.0,0.0478037719842316
8680,4765605.0,0.04766828871883549
8681,4765665.0,0.04759447437640288
8682,4765725.0,0.047517570317451116
8683,4765785.0,0.04751682916386776
8684,4765845.0,0.047503353824850526
8685,4765905.0,0.04749371027771752
8686,4765965.0,0.04748277992185882
8687,4766025.0,0.047475539008371016
8688,4766085.0,0.0474706003155224
8689,4766145.0,0.04746320789552634
8690,4766205.0,0.047456567621032335
8691,4766265.0,0.047453255607275764
8692,4766325.0,0.04745330396639926
8693,4766385.0,0.04745437795159987
8694,4766445.0,0.04745498030131043
8695,4766505.0,0.04745826228347138
8696,4766565.0,0.047467084858434164
8697,4766625.0,0.047472220207169305
8698,4766685.0,0.047472831418239415
8699,4766745.0,0.047562513460129276
8700,4766805.0,0.047649998722355834
8701,4766865.0,0.047737630476470914
8702,4766925.0,0.047820258171766626
8703,4766985.0,0.04790352101291622
8704,4767045.0,0.0479890014953278
8705,4767105.0,0.048072338979697725
8706,4767165.0,0.04814816104418836
8707,4767225.0,0.04815153103101385
8708,4767285.0,0.04814745055602113
8709,4767345.0,0.048143785472566765
8710,4767405.0,0.04813817934911297
8711,4767465.0,0.0481350343854812
8712,4767525.0,0.048134360329261806
8713,4767585.0,0.048127187847715795
8714,4767645.0,0.048121917852046205
8715,4767705.0,0.04811864793170106
8716,4767765.0,0.04811249003660268
8717,4767825.0,0.04810998536393358
8718,4767885.0,0.048111325113471874
8719,4767945.0,0.048113473401842834
8720,4768005.0,0.048118938869423235
8721,4768065.0,0.048126831301056695
8722,4768125.0,0.04813026266412292
8723,4768185.0,0.048131397550952394
8724,4768245.0,0.04813188897071589
8725,4768305.0,0.048136529968186674
8726,4768365.0,0.04813432065442073
8727,4768425.0,0.04813386603826827
8728,4768485.0,0.048059111337365186
8729,4768545.0,0.04798286866826452
8730,4768605.0,0.047904948652321484
8731,4768665.0,0.04782876811682194
8732,4768725.0,0.0477528242230043
8733,4768785.0,0.04767714537342325
8734,4768845.0,0.04768601114728747
8735,4768905.0,0.04774918250017814
8736,4768965.0,0.047826689053321436
8737,4769025.0,0.04790766476153713
8738,4769085.0,0.0479907978292732
8739,4769145.0,0.04807414957992346
8740,4769205.0,0.048157651322847335
8741,4769265.0,0.04824039351800625
8742,4769325.0,0.04832296713122624
8743,4769385.0,0.048404653633077326
8744,4769445.0,0.04848349340038093
8745,4769505.0,0.048562364687373745
8746,4769565.0,0.04864214587585058
8747,4769625.0,0.04872147245873885
8748,4769685.0,0.048837835912448925
8749,4769745.0,0.04899053795262081
8750,4769805.0,0.04915368470212745
8751,4769865.0,0.049311662475271474
8752,4769925.0,0.04947080150612312
8753,4769985.0,0.04962884273621874
8754,4770045.0,0.049788249189624066
8755,4770105.0,0.0499455769229628
8756,4770165.0,0.05010120569837311
8757,4770225.0,0.05018837170653443
8758,4770285.0,0.05027166592436277
8759,4770345.0,0.0503534243436139
8760,4770405.0,0.05043288639831315
8761,4770465.0,0.050584608408907696
8762,4770525.0,0.05073675070472524
8763,4770585.0,0.05078280469400034
8764,4770645.0,0.05078508241568288
8765,4770705.0,0.050786860043122196
8766,4770765.0,0.05078895844778094
8767,4770825.0,0.05079009358746359
8768,4770885.0,0.05078893100880793
8769,4770945.0,0.050790785227626443
8770,4771005.0,0.05079370583104415
8771,4771065.0,0.05079787485204238
8772,4771125.0,0.050724319423490045
8773,4771185.0,0.05064919899286017
8774,4771245.0,0.05065341121410875
8775,4771305.0,0.050701763358214906
8776,4771365.0,0.05078207915582816
8777,4771425.0,0.050861177495073844
8778,4771485.0,0.050937527847620755
8779,4771548.0,0.05101326267033004
8780,4771605.0,0.051091021298066204
8781,4771665.0,0.05117432195689516
8782,4771725.0,0.051105894853326
8783,4771785.0,0.051030646848954066
8784,4771845.0,0.05116849349052376
8785,4771905.0,0.051181029827001435
8786,4771965.0,0.051254577591120405
8787,4772025.0,0.05132593116638099
8788,4772085.0,0.05139721608860771
8789,4772145.0,0.05146599428588997
8790,4772205.0,0.0515348867082528
8791,4772265.0,0.051606051638228935
8792,4772325.0,0.05167701519126517
8793,4772385.0,0.05174986735630622
8794,4772445.0,0.05182677921463528
8795,4772505.0,0.051904972478070445
8796,4772565.0,0.05198722511128779
8797,4772625.0,0.05206816936697837
8798,4772685.0,0.052151080253093486
8799,4772745.0,0.05223097831067037
8800,4772805.0,0.05231179922144417
8801,4772865.0,0.05239526611728886
8802,4772925.0,0.0524788457675208
8803,4772985.0,0.05256249647223573
8804,4773045.0,0.05264584490076268
8805,4773105.0,0.052729836261909864
8806,4773165.0,0.05280761262758749
8807,4773225.0,0.052879214816007374
8808,4773285.0,0.052952871116672316
8809,4773345.0,0.053028015617155345
8810,4773405.0,0.05310318046227203
8811,4773465.0,0.05310539548476093
8812,4773525.0,0.053107097174524366
8813,4773585.0,0.05311173378030689
8814,4773645.0,0.053033435796446295
8815,4773705.0,0.05295943080358532
8816,4773765.0,0.05288765987551556
8817,4773825.0,0.05281405379852933
8818,4773885.0,0.05280873026865208
8819,4773945.0,0.052807287922920394
8820,4774005.0,0.05280821930318643
8821,4774065.0,0.052810153526796445
8822,4774125.0,0.05281727554752783
8823,4774185.0,0.052827315474097934
8824,4774245.0,0.05283427641727197
8825,4774305.0,0.05284140011890504
8826,4774365.0,0.05284804027324521
8827,4774425.0,0.052770865442886276
8828,4774485.0,0.05268875608251459
8829,4774545.0,0.05260371035790782
8830,4774605.0,0.05252213112078926
8831,4774665.0,0.05244284110401156
8832,4774725.0,0.052364899315119846
8833,4774785.0,0.05236281111147518
8834,4774845.0,0.052362696555584794
8835,4774905.0,0.05245541048070739
8836,4774965.0,0.052546502700562596
8837,4775025.0,0.05256273515589149
8838,4775085.0,0.05257734436912571
8839,4775145.0,0.05258532531785428
8840,4775205.0,0.052518098601244574
8841,4775265.0,0.05244733586236291
8842,4775325.0,0.05245781724772804
8843,4775385.0,0.0524588348644029
8844,4775445.0,0.05246423436174447
8845,4775505.0,0.052407242597180374
8846,4775565.0,0.05232193543522485
8847,4775625.0,0.05216363114303931
8848,4775685.0,0.05200721476186517
8849,4775745.0,0.05185137949612285
8850,4775805.0,0.05169618185456803
8851,4775865.0,0.05154499430845618
8852,4775925.0,0.05139340698416573
8853,4775985.0,0.05124368748212841
8854,4776045.0,0.051091560854017025
8855,4776105.0,0.050941525382429347
8856,4776165.0,0.05079095700209942
8857,4776225.0,0.0506391784075926
8858,4776285.0,0.05048564648892639
8859,4776345.0,0.05033170244339929
8860,4776405.0,0.050177622679294036
8861,4776465.0,0.05009573339776507
8862,4776525.0,0.05001432167980085
8863,4776585.0,0.04985933490855007
8864,4776645.0,0.04963719811798243
8865,4776705.0,0.04941407282660195
8866,4776765.0,0.04918971044124034
8867,4776825.0,0.04896173982225035
8868,4776885.0,0.04873201976974336
8869,4776945.0,0.048505930489527865
8870,4777005.0,0.048280526328374464
8871,4777065.0,0.04805316330929236
8872,4777125.0,0.0478240491129872
8873,4777185.0,0.04759463971611909
8874,4777245.0,0.04736362159419252
8875,4777305.0,0.047130002327971744
8876,4777365.0,0.046892764455402254
8877,4777425.0,0.046659328075089344
8878,4777485.0,0.04642747533902424
8879,4777545.0,0.04619690447259999
8880,4777605.0,0.046038667361406056
8881,4777665.0,0.04588214285210907
8882,4777725.0,0.04565563174702693
8883,4777785.0,0.04542600713987792
8884,4777845.0,0.04519483543878232
8885,4777905.0,0.044963328193698186
8886,4777965.0,0.044732250877648316
8887,4778025.0,0.04450067531502886
8888,4778088.0,0.04427493357116437
8889,4778145.0,0.04404463292027895
8890,4778205.0,0.04381475901441005
8891,4778265.0,0.043584884779067766
8892,4778325.0,0.043353832155635985
8893,4778385.0,0.04320976419422921
8894,4778445.0,0.04306382177953539
8895,4778505.0,0.04291594152345219
8896,4778565.0,0.04276104776818553
8897,4778625.0,0.0426013307286579
8898,4778685.0,0.04235934104701262
8899,4778745.0,0.042117480610090775
8900,4778805.0,0.04187086472967807
8901,4778865.0,0.041626562580840014
8902,4778925.0,0.04138658353506828
8903,4778985.0,0.041236486858264164
8904,4779045.0,0.04108705028619213
8905,4779105.0,0.0409252643907783
8906,4779165.0,0.040752067341469404
8907,4779225.0,0.040566742307240285
8908,4779285.0,0.04036462190630547
8909,4779345.0,0.04014705532684112
8910,4779405.0,0.03991264082209632
8911,4779465.0,0.03967693924443575
8912,4779525.0,0.0394439730009908
8913,4779585.0,0.03921340552993295
8914,4779645.0,0.03898537471584168
8915,4779705.0,0.03876050926343818
8916,4779765.0,0.03853724574665455
8917,4779825.0,0.03831311159601386
8918,4779885.0,0.03808734455774481
8919,4779945.0,0.03786283784978787
8920,4780008.0,0.03763754379555649
8921,4780065.0,0.03741810259222635
8922,4780125.0,0.037200310788211094
8923,4780185.0,0.03698363107211507
8924,4780245.0,0.03677801082685517
8925,4780305.0,0.03657977851005056
8926,4780365.0,0.03639111096340099
8927,4780425.0,0.03621401625676462
8928,4780485.0,0.036050241906390904
8929,4780545.0,0.03589162651693085
8930,4780605.0,0.0357332433756306
8931,4780665.0,0.03557468169525306
8932,4780725.0,0.03541546756900253
8933,4780785.0,0.035258672594635054
8934,4780845.0,0.035100235418222804
8935,4780905.0,0.03494478289442879
8936,4780965.0,0.034791608505193354
8937,4781025.0,0.03463653976803778
8938,4781085.0,0.03448169925880565
8939,4781145.0,0.034369870026857575
8940,4781205.0,0.0342882133945648
8941,4781265.0,0.03413669438386486
8942,4781325.0,0.03398564503373699
8943,4781385.0,0.03383390108617493
8944,4781448.0,0.03368000539346256
8945,4781505.0,0.03352835330474823
8946,4781565.0,0.0333044079172598
8947,4781625.0,0.03308085181157387
8948,4781685.0,0.032858526972042286
8949,4781745.0,0.032631698478987156
8950,4781805.0,0.032470670395926916
8951,4781865.0,0.03230774049093979
8952,4781925.0,0.03222162282891954
8953,4781985.0,0.032134023570079766
8954,4782045.0,0.032050917939604885
8955,4782105.0,0.03192891721093665
8956,4782165.0,0.03177425589717332
8957,4782225.0,0.03161842525807335
8958,4782285.0,0.03145921141136063
8959,4782345.0,0.03130129273784999
8960,4782405.0,0.031140339830458975
8961,4782465.0,0.030980876501812166
8962,4782525.0,0.03090042878166805
8963,4782585.0,0.03082398056742857
8964,4782645.0,0.03074146610818579
8965,4782705.0,0.030659659567071645
8966,4782765.0,0.03050571942897392
8967,4782825.0,0.03035192969244653
8968,4782885.0,0.03019846981258094
8969,4782945.0,0.03004590539248997
8970,4783005.0,0.02989197401884492
8971,4783065.0,0.029736327909412746
8972,4783125.0,0.02958116389476647
8973,4783185.0,0.029425399441593336
8974,4783245.0,0.0292669334830055
8975,4783305.0,0.029108057674720057
8976,4783365.0,0.028946229762233898
8977,4783425.0,0.028785037537801143
8978,4783485.0,0.028621662063402532
8979,4783545.0,0.028460592655718625
8980,4783605.0,0.028298696462330804
8981,4783665.0,0.02806685091764133
8982,4783725.0,0.027834471697386023
8983,4783785.0,0.02760248944196035
8984,4783845.0,0.027371528320383066
8985,4783905.0,0.027211103796195388
8986,4783965.0,0.02705360893689908
8987,4784025.0,0.02690012141150383
8988,4784085.0,0.026743015042886766
8989,4784145.0,0.026585304441241187
8990,4784205.0,0.026425865965911996
8991,4784265.0,0.02626682032718867
8992,4784325.0,0.026127230812911267
8993,4784385.0,0.025999479328876238
8994,4784445.0,0.025962040113608836
8995,4784505.0,0.025923025354290974
8996,4784568.0,0.025885288616334164
8997,4784625.0,0.02584966634571475
8998,4784685.0,0.025746355603056582
8999,4784745.0,0.025641143475858177
9000,4784805.0,0.025531600358307434
9001,4784865.0,0.02542196946537107
9002,4784925.0,0.0253119581675795
9003,4784985.0,0.025196320889413218
9004,4785045.0,0.025079283087264218
9005,4785105.0,0.024951204993264663
9006,4785165.0,0.02480844246006253
9007,4785225.0,0.0247285477967659
9008,4785285.0,0.02464853943269551
9009,4785345.0,0.02456834983489503
9010,4785405.0,0.0244866126778465
9011,4785465.0,0.02440436982673652
9012,4785525.0,0.024269664213130294
9013,4785585.0,0.02403875249445407
9014,4785645.0,0.02380650913572046
9015,4785705.0,0.0236388213067868
9016,4785765.0,0.023472618460924403
9017,4785825.0,0.023386154157496827
9018,4785885.0,0.02330571090196512
9019,4785945.0,0.023153629715011212
9020,4786008.0,0.02300264661009018
9021,4786065.0,0.02285205746654615
9022,4786125.0,0.02276635655995026
9023,4786185.0,0.022687929221299613
9024,4786245.0,0.022603958812506826
9025,4786305.0,0.02257364758225848
9026,4786365.0,0.022501161427716625
9027,4786428.0,0.022504276086033802
9028,4786488.0,0.022506230437273678
9029,4786548.0,0.02250884522614187
9030,4786605.0,0.022512365840614806
9031,4786665.0,0.02251502520698774
9032,4786725.0,0.022587163948160113
9033,4786785.0,0.022660096979392974
9034,4786845.0,0.02266086220198854
9035,4786905.0,0.02266018176022929
9036,4786965.0,0.022659360527971885
9037,4787025.0,0.02265793729660444
9038,4787085.0,0.022657446213480703
9039,4787145.0,0.02265718111582509
9040,4787205.0,0.022727785041914195
9041,4787265.0,0.022728723951222447
9042,4787325.0,0.02265911994907758
9043,4787385.0,0.02258815154723428
9044,4787445.0,0.022658714728249797
9045,4787505.0,0.02273117971086875
9046,4787568.0,0.022804824653176785
9047,4787625.0,0.02288627162322695
9048,4787685.0,0.022973560048936262
9049,4787745.0,0.02306206314649041
9050,4787805.0,0.02315315986233532
9051,4787865.0,0.023248309428651033
9052,4787925.0,0.023341585355252346
9053,4787985.0,0.023436174151993124
9054,4788045.0,0.02352601014790434
9055,4788105.0,0.023601096303541493
9056,4788165.0,0.023676434457348454
9057,4788225.0,0.023751768775388385
9058,4788285.0,0.023754922053008463
9059,4788345.0,0.023757131507694797
9060,4788405.0,0.023688069008188123
9061,4788465.0,0.023616770422523643
9062,4788525.0,0.023688101165601584
9063,4788585.0,0.023758903274383784
9064,4788645.0,0.023832145269226883
9065,4788705.0,0.02383356085974516
9066,4788765.0,0.02383545924661963
9067,4788825.0,0.023835890002123862
9068,4788885.0,0.023835007228092106
9069,4788948.0,0.023837552084475105
9070,4789005.0,0.023869780585792685
9071,4789065.0,0.02394095966725398
9072,4789125.0,0.024014008687030658
9073,4789185.0,0.024089501608505558
9074,4789245.0,0.024095593503142367
9075,4789305.0,0.02410203294542472
9076,4789365.0,0.024111304672049035
9077,4789425.0,0.02412219917711718
9078,4789485.0,0.02413471341754273
9079,4789545.0,0.024215286210361883
9080,4789605.0,0.02429696838308143
9081,4789665.0,0.02437715154423173
9082,4789725.0,0.024383443125051252
9083,4789785.0,0.02438690612672325
9084,4789845.0,0.024389999098083447
9085,4789905.0,0.02439924881945838
9086,4789965.0,0.024421063778841998
9087,4790025.0,0.02445472580980653
9088,4790085.0,0.02450516975974848
9089,4790145.0,0.02457002179344355
9090,4790205.0,0.024650479691516715
9091,4790265.0,0.024732323291291526
9092,4790325.0,0.02481115942691714
9093,4790385.0,0.024886544126184094
9094,4790445.0,0.024958678175249813
9095,4790505.0,0.02502972943399443
9096,4790565.0,0.02509924143654005
9097,4790625.0,0.025170023165829364
9098,4790685.0,0.025240057049801312
9099,4790745.0,0.025309394375723264
9100,4790805.0,0.025378826818307082
9101,4790865.0,0.02544366886853519
9102,4790925.0,0.025507992018238
9103,4790985.0,0.025571920380461903
9104,4791045.0,0.025625773850086943
9105,4791105.0,0.025673426383464877
9106,4791165.0,0.02570997984355894
9107,4791225.0,0.02573515186337024
9108,4791285.0,0.025746691345879473
9109,4791345.0,0.025749984739276005
9110,4791405.0,0.025746752637947144
9111,4791465.0,0.025736538537588505
9112,4791525.0,0.025721985445780103
9113,4791585.0,0.0257050743847793
9114,4791645.0,0.025685781628505093
9115,4791705.0,0.02566441944652282
9116,4791765.0,0.025639574617498787
9117,4791825.0,0.025615934058627977
9118,4791885.0,0.025593121085022097
9119,4791945.0,0.025528758355812947
9120,4792005.0,0.0254333828876233
9121,4792065.0,0.025409325897530227
9122,4792125.0,0.025385156152701212
9123,4792185.0,0.02536237954923199
9124,4792245.0,0.02534035462721164
9125,4792305.0,0.025323503780839633
9126,4792365.0,0.025321778312974552
9127,4792425.0,0.025321169327774444
9128,4792485.0,0.02532055589955528
9129,4792545.0,0.025392037986122128
9130,4792605.0,0.025394981663543474
9131,4792665.0,0.025396177826647374
9132,4792725.0,0.025397928792590174
9133,4792785.0,0.02539919319867509
9134,4792845.0,0.025399627711876323
9135,4792905.0,0.02532898031131233
9136,4792965.0,0.02525676087087613
9137,4793025.0,0.025254816984963742
9138,4793085.0,0.025253431387612754
9139,4793148.0,0.025253053792518992
9140,4793205.0,0.02525465212434687
9141,4793265.0,0.025251887776853443
9142,4793325.0,0.0252482099638785
9143,4793385.0,0.025177066111750107
9144,4793445.0,0.025104420673283834
9145,4793505.0,0.025031851591192304
9146,4793565.0,0.025031185804908936
9147,4793625.0,0.025029565295262304
9148,4793685.0,0.02503117771926356
9149,4793745.0,0.02503395348403651
9150,4793805.0,0.02503675966900063
9151,4793865.0,0.024967161061839396
9152,4793925.0,0.024896159952415536
9153,4793985.0,0.02482382250229126
9154,4794045.0,0.024824948769082644
9155,4794105.0,0.024826075361878995
9156,4794165.0,0.02482927880315363
9157,4794225.0,0.024833248284146313
9158,4794285.0,0.02476569206309958
9159,4794345.0,0.02469719505832961
9160,4794405.0,0.024628750831096828
9161,4794465.0,0.024701300973195825
9162,4794525.0,0.024774009798693528
9163,4794585.0,0.024846778609994916
9164,4794645.0,0.024921112450859276
9165,4794705.0,0.024926783588339517
9166,4794765.0,0.024929013930006558
9167,4794825.0,0.024859908711221047
9168,4794888.0,0.024788702159447472
9169,4794945.0,0.024718438755619604
9170,4795008.0,0.024694482962294297
9171,4795065.0,0.024694277211716173
9172,4795125.0,0.02467738011630098
9173,4795185.0,0.02457399868119873
9174,4795245.0,0.02446396121910742
9175,4795305.0,0.024350183150883956
9176,4795365.0,0.024232875414980183
9177,4795425.0,0.024113996747070897
9178,4795485.0,0.023994155745934886
9179,4795545.0,0.023872351346729784
9180,4795605.0,0.023750589078723433
9181,4795665.0,0.023629823140810892
9182,4795725.0,0.023509861368095998
9183,4795785.0,0.02339472008744657
9184,4795845.0,0.023282573339149217
9185,4795905.0,0.02318093906550288
9186,4795965.0,0.023094758739916954
9187,4796025.0,0.0230234673824836
9188,4796085.0,0.022952956964046575
9189,4796145.0,0.022881189460197064
9190,4796205.0,0.022810294362201257
9191,4796265.0,0.022739790337749886
9192,4796325.0,0.02272114152760718
9193,4796385.0,0.022722963435995815
9194,4796445.0,0.0227241009476244
9195,4796505.0,0.022657231895426753
9196,4796565.0,0.02258865182757195
9197,4796625.0,0.022519049185506144
9198,4796685.0,0.022445072188628158
9199,4796745.0,0.02244304235522418
9200,4796805.0,0.022441005592471183
9201,4796865.0,0.02243903326804237
9202,4796925.0,0.0223728849569068
9203,4796985.0,0.02230050015912701
9204,4797045.0,0.02222935479749434
9205,4797111.0,0.022157076406135054
9206,4797165.0,0.022227580826455193
9207,4797225.0,0.022299543469070357
9208,4797285.0,0.022298507699473377
9209,4797345.0,0.02229646273615852
9210,4797405.0,0.022295312428212886
9211,4797465.0,0.022293564651194864
9212,4797525.0,0.02222140974089795
9213,4797585.0,0.022148789149631185
9214,4797645.0,0.02214816575055876
9215,4797705.0,0.022148464123533988
9216,4797765.0,0.022148051216933654
9217,4797825.0,0.02222217326270616
9218,4797885.0,0.022296277522176673
9219,4797945.0,0.02229962155410259
9220,4798005.0,0.022232325772199156
9221,4798065.0,0.02216255187308716
9222,4798125.0,0.022163633395329202
9223,4798185.0,0.02216459397928071
9224,4798245.0,0.022095659680521886
9225,4798305.0,0.02202518939497218
9226,4798365.0,0.021952966284205802
9227,4798425.0,0.022162561393482265
9228,4798485.0,0.022145910532414874
9229,4798545.0,0.022130749988290413
9230,4798605.0,0.022041479769348657
9231,4798665.0,0.021946972214285203
9232,4798725.0,0.021854114773447363
9233,4798785.0,0.02176115794645915
9234,4798845.0,0.021672345138337587
9235,4798905.0,0.021599063263562944
9236,4798965.0,0.02152505372866753
9237,4799025.0,0.02145106434619247
9238,4799085.0,0.021449607408332134
9239,4799148.0,0.021448568140383144
9240,4799205.0,0.021447753198116294
9241,4799265.0,0.02144704736044012
9242,4799325.0,0.02137492218748592
9243,4799385.0,0.021305025644094762
9244,4799445.0,0.02123254720603506
9245,4799505.0,0.02123204978771462
9246,4799565.0,0.021231147786913526
9247,4799625.0,0.02123138406801796
9248,4799685.0,0.021231247311779437
9249,4799745.0,0.021231907737554137
9250,4799805.0,0.02120203690307263
9251,4799865.0,0.02120493123832546
9252,4799925.0,0.021207562691895665
9253,4799985.0,0.021212626577866905
9254,4800045.0,0.021212491804883403
9255,4800105.0,0.02121207994897687
9256,4800165.0,0.021211538688010782
9257,4800225.0,0.021210604810031265
9258,4800285.0,0.02120991469384073
9259,4800345.0,0.021140571940761584
9260,4800405.0,0.021141086767108068
9261,4800465.0,0.021141593728866932
9262,4800525.0,0.02114264770931093
9263,4800585.0,0.021142949304118454
9264,4800645.0,0.021142555638223932
9265,4800705.0,0.02114220655770431
9266,4800765.0,0.021141516006902922
9267,4800825.0,0.021140454561507684
9268,4800885.0,0.021140057136334142
9269,4800945.0,0.021140204990138127
9270,4801005.0,0.02114182052199666
9271,4801068.0,0.021143490497596826
9272,4801125.0,0.02114486331989812
9273,4801185.0,0.021220946360296637
9274,4801245.0,0.02129604838359927
9275,4801305.0,0.021369719809061653
9276,4801365.0,0.021371471217068734
9277,4801428.0,0.021372934764509917
9278,4801485.0,0.021373963356459046
9279,4801545.0,0.0213742253201918
9280,4801605.0,0.02137450400427996
9281,4801665.0,0.021373051891516025
9282,4801725.0,0.021445424208876636
9283,4801785.0,0.021518448278656073
9284,4801845.0,0.02159387865834786
9285,4801905.0,0.021594423665677723
9286,4801965.0,0.02159543647460479
9287,4802025.0,0.02159538560111434
9288,4802085.0,0.021595655807197398
9289,4802145.0,0.021598128046727394
9290,4802205.0,0.021606872274844764
9291,4802265.0,0.021619040710745434
9292,4802325.0,0.021635677679571884
9293,4802385.0,0.02165451394017736
9294,4802445.0,0.021674830982014393
9295,4802505.0,0.02169639997347903
9296,4802565.0,0.021795520506572484
9297,4802625.0,0.021895312877207043
9298,4802685.0,0.021993423619694773
9299,4802745.0,0.02201672406571973
9300,4802805.0,0.022041344798780796
9301,4802865.0,0.022064869813898942
9302,4802925.0,0.022088285640366002
9303,4802985.0,0.02210997939789025
9304,4803045.0,0.022132026411801294
9305,4803105.0,0.022225632160110892
9306,4803165.0,0.02230431010424657
9307,4803225.0,0.02230563417870278
9308,4803285.0,0.022307515137920793
9309,4803345.0,0.02223701841650086
9310,4803405.0,0.022166618265316296
9311,4803465.0,0.02209674882593627
9312,4803525.0,0.02202622268488357
9313,4803585.0,0.021955936129192638
9314,4803645.0,0.02188587964869603
9315,4803705.0,0.021886915408849877
9316,4803765.0,0.02188968656009193
9317,4803825.0,0.02182129805100426
9318,4803885.0,0.021752017137081983
9319,4803945.0,0.02168158743772291
9320,4804005.0,0.02168433813456564
9321,4804065.0,0.021686483134052324
9322,4804125.0,0.02161545589686776
9323,4804185.0,0.021604734912413125
9324,4804245.0,0.0216037016011566
9325,4804305.0,0.021603148711437183
9326,4804365.0,0.02153102388494555
9327,4804425.0,0.02145924573810963
9328,4804485.0,0.02138486617960291
9329,4804545.0,0.02131016934414589
9330,4804605.0,0.02123587860404238
9331,4804665.0,0.021235554512953017
9332,4804725.0,0.02123573794992776
9333,4804785.0,0.021236800564935564
9334,4804845.0,0.021164522288002065
9335,4804905.0,0.02109338771205589
9336,4804965.0,0.02102000103562079
9337,4805025.0,0.020946356731493247
9338,4805085.0,0.020944026672166653
9339,4805145.0,0.020941327546553062
9340,4805205.0,0.021056809866655573
9341,4805265.0,0.021138239605949245
9342,4805325.0,0.021219182399106626
9343,4805385.0,0.021299418137433933
9344,4805445.0,0.021377744696693894
9345,4805505.0,0.021530400037886824
9346,4805565.0,0.02168667494228816
9347,4805625.0,0.021916680939202675
9348,4805685.0,0.02207435471841044
9349,4805745.0,0.022230803539982427
9350,4805805.0,0.02233581058672105
9351,4805865.0,0.02241909014156656
9352,4805925.0,0.02250111319925282
9353,4805985.0,0.022655213630050165
9354,4806045.0,0.02288161646012278
9355,4806105.0,0.023109418860365445
9356,4806165.0,0.023336670161570205
9357,4806225.0,0.02356685141249583
9358,4806285.0,0.023796041539464435
9359,4806345.0,0.02402606823845168
9360,4806405.0,0.024256524914424656
9361,4806465.0,0.024488039304026467
9362,4806525.0,0.02471883890839064
9363,4806585.0,0.02494877561371637
9364,4806645.0,0.02518019653815582
9365,4806705.0,0.025410837974371638
9366,4806765.0,0.025643213294117936
9367,4806825.0,0.02587279862234003
9368,4806885.0,0.026101749820913296
9369,4806945.0,0.02633106869206891
9370,4807005.0,0.026559663271410773
9371,4807065.0,0.026786555393593328
9372,4807125.0,0.027013494149852837
9373,4807185.0,0.02724064809921021
9374,4807245.0,0.0274711024341732
9375,4807305.0,0.027704268147335523
9376,4807365.0,0.02793889918863989
9377,4807425.0,0.028095917377629766
9378,4807485.0,0.02825394437646895
9379,4807545.0,0.028411174806257225
9380,4807605.0,0.028568534740480413
9381,4807665.0,0.02872581733170121
9382,4807725.0,0.028882019144415058
9383,4807785.0,0.029111578753773903
9384,4807845.0,0.02934133635259551
9385,4807905.0,0.029574622731105518
9386,4807965.0,0.029662235984093614
9387,4808025.0,0.029665726630683557
9388,4808085.0,0.02962162243609128
9389,4808145.0,0.02955330912782935
9390,4808205.0,0.029491538057242035
9391,4808265.0,0.029459224006959363
9392,4808325.0,0.029450844745279828
9393,4808385.0,0.029449717827866866
9394,4808445.0,0.029450107112792813
9395,4808505.0,0.029494574798333645
9396,4808565.0,0.029565951181673246
9397,4808625.0,0.029492953167799
9398,4808685.0,0.02941834188740733
9399,4808748.0,0.02941547650659531
9400,4808805.0,0.029414445893199706
9401,4808865.0,0.029402711351766454
9402,4808925.0,0.02939717608452668
9403,4808985.0,0.029398543574641472
9404,4809048.0,0.029399946695276007
9405,4809105.0,0.029471496075065384
9406,4809165.0,0.029542580095801886
9407,4809225.0,0.02932434008435726
9408,4809285.0,0.02932712257032028
9409,4809345.0,0.02932792155098237
9410,4809405.0,0.02940021009079545
9411,4809465.0,0.029474977131430977
9412,4809525.0,0.029548077002167016
9413,4809585.0,0.029620201461794463
9414,4809645.0,0.0296918585152492
9415,4809705.0,0.029762726149077434
9416,4809765.0,0.02983477220699099
9417,4809825.0,0.029906856573906355
9418,4809885.0,0.02997960589489882
9419,4809945.0,0.030052054120097052
9420,4810005.0,0.03012380448236239
9421,4810065.0,0.030196921583006152
9422,4810125.0,0.030197927658301434
9423,4810185.0,0.030198511180358052
9424,4810245.0,0.030199256988455492
9425,4810305.0,0.030199064273522154
9426,4810365.0,0.030198747732872955
9427,4810425.0,0.03019785966139183
9428,4810485.0,0.030196118347077146
9429,4810545.0,0.030194664963738037
9430,4810605.0,0.03019421162226217
9431,4810665.0,0.030121745959331613
9432,4810725.0,0.03004696254097365
9433,4810785.0,0.029962149247676838
9434,4810845.0,0.029902913724315132
9435,4810905.0,0.029857436838607303
9436,4810965.0,0.029829986147625553
9437,4811025.0,0.02982724361759871
9438,4811085.0,0.02982725109990543
9439,4811145.0,0.029849384497531224
9440,4811205.0,0.029849197034025096
9441,4811265.0,0.029847526753128156
9442,4811325.0,0.029919340514276548
9443,4811385.0,0.029992518995698804
9444,4811445.0,0.029994552682110702
9445,4811505.0,0.029996545263547218
9446,4811565.0,0.029998536571003674
9447,4811625.0,0.03000048095607541
9448,4811685.0,0.030001496084495184
9449,4811745.0,0.030001708849418968
9450,4811808.0,0.030001352330067295
9451,4811865.0,0.030000972860284768
9452,4811925.0,0.03000077148241117
9453,4811985.0,0.02992643139090715
9454,4812045.0,0.029852976386220885
9455,4812108.0,0.029779498215001483
9456,4812165.0,0.029777937617467623
9457,4812225.0,0.029777186058196098
9458,4812285.0,0.029778725742503898
9459,4812345.0,0.029780950821125203
9460,4812405.0,0.02978319408954458
9461,4812465.0,0.02978614627002575
9462,4812525.0,0.02971462736699175
9463,4812585.0,0.029642409511588648
9464,4812645.0,0.029568754914148447
9465,4812705.0,0.02956844070357214
9466,4812765.0,0.02956844285332841
9467,4812828.0,0.029568864070010352
9468,4812885.0,0.02956965503948525
9469,4812945.0,0.02957077211202195
9470,4813005.0,0.029569951277145762
9471,4813065.0,0.02956927396327596
9472,4813125.0,0.029568482277395926
9473,4813185.0,0.029567008783757877
9474,4813245.0,0.029567181652755556
9475,4813305.0,0.029567517675894397
9476,4813365.0,0.02949305920900378
9477,4813425.0,0.029417377019211467
9478,4813485.0,0.02934293436503932
9479,4813545.0,0.02934269768228733
9480,4813605.0,0.029343545530608868
9481,4813665.0,0.029343479793190998
9482,4813725.0,0.02934345369334968
9483,4813785.0,0.02934730621116098
9484,4813845.0,0.02935199145549993
9485,4813905.0,0.029281074070367105
9486,4813965.0,0.029209957982108327
9487,4814025.0,0.02928544694117087
9488,4814085.0,0.029354737379769687
9489,4814145.0,0.029430694305745957
9490,4814205.0,0.02950391700720828
9491,4814265.0,0.02957314326352243
9492,4814325.0,0.02964226545299977
9493,4814385.0,0.029713909274181827
9494,4814445.0,0.029712341301932302
9495,4814505.0,0.029710736596190418
9496,4814565.0,0.029709356803087575
9497,4814625.0,0.029707463896932657
9498,4814685.0,0.02970546897426863
9499,4814745.0,0.029778483498847708
9500,4814805.0,0.02978248112331538
9501,4814865.0,0.029789799203895954
9502,4814925.0,0.02977233263834162
9503,4814985.0,0.029754347719059417
9504,4815048.0,0.02975272184339567
9505,4815105.0,0.029746966295937975
9506,4815165.0,0.029741030099295428
9507,4815225.0,0.029736948501250214
9508,4815285.0,0.02980737764058103
9509,4815345.0,0.029876435915229704
9510,4815405.0,0.029950363878254775
9511,4815465.0,0.029949323186837087
9512,4815525.0,0.02994929998262988
9513,4815585.0,0.02994874168415266
9514,4815645.0,0.029944877000763356
9515,4815705.0,0.030018051443771288
9516,4815765.0,0.0300950183031038
9517,4815825.0,0.030173230344308327
9518,4815885.0,0.030178170032186175
9519,4815945.0,0.030183826855819364
9520,4816005.0,0.03013853751124175
9521,4816065.0,0.030053502493443268
9522,4816128.0,0.029969685306395495
9523,4816185.0,0.02988579575096042
9524,4816245.0,0.029805844881357034
9525,4816305.0,0.02965261155370847
9526,4816365.0,0.029422216908260197
9527,4816425.0,0.029189236223507324
9528,4816485.0,0.029031120175709052
9529,4816545.0,0.028873309139962625
9530,4816605.0,0.028721455953619114
9531,4816665.0,0.02856520716425611
9532,4816725.0,0.02840883723806381
9533,4816785.0,0.028252695926831058
9534,4816845.0,0.02811031285357362
9535,4816905.0,0.02795354678537658
9536,4816965.0,0.027799895327301274
9537,4817025.0,0.02764552650797513
9538,4817085.0,0.02749379010923484
9539,4817145.0,0.027266913604041446
9540,4817205.0,0.027035079342639483
9541,4817265.0,0.02699333657177256
9542,4817325.0,0.02683298187614481
9543,4817385.0,0.026674453268660858
9544,4817445.0,0.02651171705664168
9545,4817505.0,0.02635184335924287
9546,4817565.0,0.02619021016651072
9547,4817625.0,0.02596198586044566
9548,4817685.0,0.02573307278695619
9549,4817745.0,0.02550341526297948
9550,4817805.0,0.0253494207001565
9551,4817865.0,0.025201322501055112
9552,4817925.0,0.02505532786070617
9553,4817985.0,0.02490543088687091
9554,4818045.0,0.02467353575157607
9555,4818105.0,0.02448011286621858
9556,4818165.0,0.02431827930237588
9557,4818225.0,0.024235192638430554
9558,4818285.0,0.024150121908535847
9559,4818345.0,0.024066332385076175
9560,4818405.0,0.02390775381370274
9561,4818465.0,0.023752163888919618
9562,4818525.0,0.023594287173646727
9563,4818585.0,0.02336402729249938
9564,4818645.0,0.023207709600382848
9565,4818705.0,0.023052500917058766
9566,4818765.0,0.022894249661951353
9567,4818825.0,0.02281831657209475
9568,4818885.0,0.022863429971182653
9569,4818945.0,0.023006450280414113
9570,4819005.0,0.023144151577526598
9571,4819065.0,0.023250543644466493
9572,4819125.0,0.023334452787127036
9573,4819185.0,0.023338093354948353
9574,4819245.0,0.023338585162743793
9575,4819305.0,0.02336159403697196
9576,4819365.0,0.023361317867669526
9577,4819425.0,0.023434639864572872
9578,4819485.0,0.023513386038580532
9579,4819545.0,0.023514632986941418
9580,4819605.0,0.023514985987422396
9581,4819665.0,0.02359993521172151
9582,4819725.0,0.023679786994717768
9583,4819785.0,0.02375417243750199
9584,4819845.0,0.023826479419789007
9585,4819905.0,0.023828157687501822
9586,4819965.0,0.023830589163127823
9587,4820025.0,0.023833606125731377
9588,4820085.0,0.023834711277580148
9589,4820145.0,0.02383756875396905
9590,4820205.0,0.023767127017335195
9591,4820265.0,0.0236955312851366
9592,4820325.0,0.023625546635052765
9593,4820385.0,0.02355498369700855
9594,4820445.0,0.02355779773272257
9595,4820505.0,0.023560987306684343
9596,4820565.0,0.023564627832642106
9597,4820625.0,0.023494138118519865
9598,4820685.0,0.023422346109934003
9599,4820745.0,0.023349718285761385
9600,4820805.0,0.02335260897056997
9601,4820865.0,0.023354457793119787
9602,4820925.0,0.02342956154536604
9603,4820985.0,0.02342853921833797
9604,4821045.0,0.023426538429566005
9605,4821105.0,0.02342630897637378
9606,4821165.0,0.023425640521686074
9607,4821228.0,0.023500649017814047
9608,4821285.0,0.023578279557511204
9609,4821345.0,0.023657476504498898
9610,4821405.0,0.023661390477997014
9611,4821465.0,0.023663102380066144
9612,4821525.0,0.023665398731937064
9613,4821585.0,0.023748897062808152
9614,4821645.0,0.023882494613101664
9615,4821705.0,0.024003535006291876
9616,4821765.0,0.02410693761783727
9617,4821825.0,0.02411120299824525
9618,4821885.0,0.024113072995639542
9619,4821945.0,0.02409227222553332
9620,4822005.0,0.0240217532823195
9621,4822065.0,0.024025867361181508
9622,4822125.0,0.02402925842398359
9623,4822185.0,0.023958674012523135
9624,4822245.0,0.02395977743257028
9625,4822305.0,0.023958854016774403
9626,4822365.0,0.023953046271345597
9627,4822425.0,0.02395313254013509
9628,4822485.0,0.023953001693979653
9629,4822545.0,0.023953429233203302
9630,4822605.0,0.023953266723723395
9631,4822665.0,0.023952195672244644
9632,4822725.0,0.024026720110358106
9633,4822785.0,0.02410179752260761
9634,4822845.0,0.02417743861281904
9635,4822905.0,0.02417837592046993
9636,4822965.0,0.024179651840853834
9637,4823025.0,0.02418048533832553
9638,4823085.0,0.02417916233829947
9639,4823145.0,0.024177981158525465
9640,4823205.0,0.024175788231715296
9641,4823265.0,0.02417392701722005
9642,4823325.0,0.0242430603286959
9643,4823385.0,0.024313815118765535
9644,4823445.0,0.024385492287555585
9645,4823505.0,0.024459289663002676
9646,4823565.0,0.02453305866088904
9647,4823625.0,0.02460737703496648
9648,4823685.0,0.024680572265303825
9649,4823745.0,0.024754831821394534
9650,4823805.0,0.024830885634719017
9651,4823865.0,0.024907468439753867
9652,4823925.0,0.024984258640838634
9653,4823985.0,0.02506044645379534
9654,4824045.0,0.025134280106528607
9655,4824105.0,0.025209279179536297
9656,4824165.0,0.025283224508399545
9657,4824225.0,0.0253582996291893
9658,4824285.0,0.025433565322262035
9659,4824345.0,0.02550940773436188
9660,4824405.0,0.02550932121855702
9661,4824465.0,0.025509687809195297
9662,4824525.0,0.025545546353075023
9663,4824585.0,0.025616161225058318
9664,4824645.0,0.025686834752537302
9665,4824705.0,0.025756315195929996
9666,4824765.0,0.02575047987954606
9667,4824825.0,0.02567549619716103
9668,4824885.0,0.025606853576899437
9669,4824945.0,0.025531744150447268
9670,4825005.0,0.025534106449564768
9671,4825065.0,0.025540174365021387
9672,4825125.0,0.025545803582757744
9673,4825185.0,0.02554884652836096
9674,4825245.0,0.025626461402521415
9675,4825305.0,0.025704055280891272
9676,4825368.0,0.02578070673853268
9677,4825425.0,0.025858260233127726
9678,4825485.0,0.025935357632787044
9679,4825545.0,0.025936267878263676
9680,4825605.0,0.025930933683091316
9681,4825665.0,0.02592529363952318
9682,4825725.0,0.026017096458387387
9683,4825785.0,0.026041378185389437
9684,4825845.0,0.026044106676577236
9685,4825905.0,0.026051345876640278
9686,4825965.0,0.026058795234651363
9687,4826025.0,0.02613803694405043
9688,4826085.0,0.02614519695957441
9689,4826145.0,0.026077709764338285
9690,4826205.0,0.026005946141649847
9691,4826265.0,0.026008466862252055
9692,4826325.0,0.0260079973920627
9693,4826385.0,0.02600847386646042
9694,4826445.0,0.026011732057401364
9695,4826505.0,0.026011990841649714
9696,4826565.0,0.026010458721402216
9697,4826625.0,0.02593360068487155
9698,4826688.0,0.025931226101678417
9699,4826745.0,0.02592828266836983
9700,4826805.0,0.025859109513906846
9701,4826865.0,0.02579205676772616
9702,4826925.0,0.025724089594222878
9703,4826985.0,0.025728819555382747
9704,4827045.0,0.0257310947587999
9705,4827105.0,0.025732505957722467
9706,4827165.0,0.025807519603486394
9707,4827225.0,0.02588218426384295
9708,4827285.0,0.025883527228074965
9709,4827345.0,0.025885462216082317
9710,4827405.0,0.02588729054934221
9711,4827465.0,0.02589012110054719
9712,4827525.0,0.025964943869953176
9713,4827585.0,0.026040772916574674
9714,4827645.0,0.02602905299858224
9715,4827705.0,0.02603064357879925
9716,4827765.0,0.02603191183587903
9717,4827825.0,0.026032804557758853
9718,4827885.0,0.0260335029658293
9719,4827945.0,0.026108690150980482
9720,4828005.0,0.02618594683263578
9721,4828065.0,0.026071241051191997
9722,4828125.0,0.026075139586008614
9723,4828185.0,0.02608650377867531
9724,4828245.0,0.02609149183315175
9725,4828305.0,0.026101440547300167
9726,4828365.0,0.026124944770870295
9727,4828425.0,0.026219392532614107
9728,4828485.0,0.026321486807715753
9729,4828545.0,0.02643038091389717
9730,4828605.0,0.026464521637868298
9731,4828665.0,0.02649569655881235
9732,4828725.0,0.02653100460705879
9733,4828785.0,0.026572833532674145
9734,4828845.0,0.026688201438559767
9735,4828905.0,0.02675580653333344
9736,4828965.0,0.026788280913224265
9737,4829025.0,0.02681684409499873
9738,4829085.0,0.026840880665497925
9739,4829145.0,0.026860268331019545
9740,4829205.0,0.026946331769985503
9741,4829265.0,0.027026114791019955
9742,4829325.0,0.027106147109620685
9743,4829385.0,0.027182291492149055
9744,4829445.0,0.027185267063564215
9745,4829505.0,0.027183017431454272
9746,4829565.0,0.027259374254473924
9747,4829625.0,0.027337009471486137
9748,4829685.0,0.027415547604074407
9749,4829745.0,0.027421837523186478
9750,4829805.0,0.027426406620143853
9751,4829865.0,0.0274325383543294
9752,4829925.0,0.02736168962560457
9753,4829985.0,0.027362970122180474
9754,4830045.0,0.027439348280617233
9755,4830105.0,0.027447032693258232
9756,4830165.0,0.027451035603944657
9757,4830225.0,0.027452459131058878
9758,4830285.0,0.02744991369160841
9759,4830345.0,0.02752523545255308
9760,4830405.0,0.027526138728293938
9761,4830465.0,0.027453258229214003
9762,4830525.0,0.027615683786216073
9763,4830585.0,0.027614625233277484
9764,4830645.0,0.027616081237884997
9765,4830705.0,0.027617694738436845
9766,4830765.0,0.02761899477846616
9767,4830825.0,0.02762034539837637
9768,4830885.0,0.02762235442910875
9769,4830945.0,0.02763022326384492
9770,4831005.0,0.027717058055889296
9771,4831065.0,0.027808616297988302
9772,4831125.0,0.02790539075000289
9773,4831185.0,0.02800648931082452
9774,4831245.0,0.028036662924823826
9775,4831305.0,0.028066355739025654
9776,4831365.0,0.028097126809791824
9777,4831425.0,0.028234652110369372
9778,4831485.0,0.028392488254619312
9779,4831545.0,0.028551511120343445
9780,4831605.0,0.028713412667588138
9781,4831665.0,0.028872042836143932
9782,4831725.0,0.02903177940011526
9783,4831785.0,0.02926495085725697
9784,4831845.0,0.02949741361253811
9785,4831905.0,0.02972882994978336
9786,4831965.0,0.02995995083888677
9787,4832025.0,0.030115622417595737
9788,4832085.0,0.030272800108707025
9789,4832145.0,0.03042713699452832
9790,4832205.0,0.03065676906681205
9791,4832265.0,0.030887870545759123
9792,4832325.0,0.031122529213846832
9793,4832385.0,0.03128998222011864
9794,4832445.0,0.03145622196207196
9795,4832505.0,0.03161904562639815
9796,4832565.0,0.031772804809294446
9797,4832625.0,0.03200790585893075
9798,4832685.0,0.032239555732353785
9799,4832745.0,0.03246722141936381
9800,4832805.0,0.03269534998653148
9801,4832865.0,0.03285090686245989
9802,4832925.0,0.03300633201596934
9803,4832985.0,0.03323494864941794
9804,4833045.0,0.03346304596728378
9805,4833105.0,0.033691139816481974
9806,4833165.0,0.03392487840893453
9807,4833225.0,0.034078341250614395
9808,4833285.0,0.034231524246435
9809,4833345.0,0.03438466280091972
9810,4833405.0,0.03453640294440471
9811,4833465.0,0.03468966808594647
9812,4833525.0,0.03483853368349935
9813,4833585.0,0.03498767886626364
9814,4833645.0,0.03513858948835984
9815,4833705.0,0.035366215585539616
9816,4833765.0,0.03552191933151948
9817,4833825.0,0.0356763673932168
9818,4833885.0,0.03583146252577812
9819,4833945.0,0.035984391647745785
9820,4834005.0,0.036137307479030725
9821,4834065.0,0.0363629774803103
9822,4834125.0,0.03652183053483664
9823,4834185.0,0.036680656842404666
9824,4834245.0,0.036761480383443894
9825,4834305.0,0.03683918571306586
9826,4834365.0,0.03691512816688854
9827,4834425.0,0.03698534979558443
9828,4834485.0,0.037060945066273596
9829,4834545.0,0.037138164859247084
9830,4834605.0,0.0372224805595471
9831,4834665.0,0.037304550658689116
9832,4834725.0,0.03738494627345317
9833,4834785.0,0.03746503578863059
9834,4834845.0,0.03754677405322917
9835,4834905.0,0.03762698931713632
9836,4834965.0,0.03770843310951749
9837,4835025.0,0.03778913723329358
9838,4835085.0,0.0378693970648157
9839,4835145.0,0.03794880849262335
9840,4835205.0,0.03810314228980085
9841,4835265.0,0.03825935737756952
9842,4835325.0,0.038381469434584474
9843,4835385.0,0.03846571848431052
9844,4835445.0,0.03854928324579345
9845,4835505.0,0.038633023177036284
9846,4835565.0,0.038865868502270064
9847,4835625.0,0.039098629342740186
9848,4835685.0,0.03933187328357714
9849,4835745.0,0.039565950037061134
9850,4835805.0,0.039725320225508454
9851,4835865.0,0.039885334881330406
9852,4835925.0,0.04004441717186998
9853,4835985.0,0.04020271225954824
9854,4836045.0,0.04035883846975253
9855,4836105.0,0.040513933558153616
9856,4836165.0,0.04067102275559221
9857,4836225.0,0.040827548623145145
9858,4836285.0,0.040984588641966774
9859,4836345.0,0.04114331400621952
9860,4836405.0,0.041301627380317084
9861,4836465.0,0.04145867275393546
9862,4836525.0,0.04161706872058516
9863,4836585.0,0.04184751602630248
9864,4836645.0,0.04207752705195104
9865,4836705.0,0.04230626442238205
9866,4836765.0,0.042534619472082404
9867,4836825.0,0.04269093600161456
9868,4836885.0,0.042846192982089436
9869,4836945.0,0.042988878312608524
9870,4837005.0,0.04313264073621196
9871,4837065.0,0.04327690053554631
9872,4837125.0,0.04350525743250555
9873,4837185.0,0.0437353140811297
9874,4837248.0,0.04396573415385029
9875,4837305.0,0.044120085401689615
9876,4837365.0,0.044272333569291056
9877,4837425.0,0.044500467131193024
9878,4837485.0,0.044728000841410154
9879,4837545.0,0.04495388694888757
9880,4837608.0,0.04518075263021089
9881,4837665.0,0.04540733072354332
9882,4837725.0,0.04563618822358754
9883,4837785.0,0.04579222608817462
9884,4837845.0,0.04594793850448347
9885,4837905.0,0.046103151848130235
9886,4837965.0,0.046258358437665216
9887,4838025.0,0.04641478625967932
9888,4838085.0,0.04664422226510111
9889,4838145.0,0.04687422731757005
9890,4838205.0,0.04710386389920424
9891,4838265.0,0.047332243719194374
9892,4838325.0,0.04739993190169228
9893,4838385.0,0.04746679324262997
