,time,mmt
0,756825.0,0.18077161651080986
1,756885.0,0.18067304310995297
2,756945.0,0.1795185739302697
3,757005.0,0.17854300276422225
4,757065.0,0.17862509038767382
5,757125.0,0.1789080408443462
6,757185.0,0.17920348674654746
7,757245.0,0.18044216287666276
8,757305.0,0.1814716055761214
9,757365.0,0.18218889287920248
10,757425.0,0.18296071804167768
11,757485.0,0.18289299406950804
12,757545.0,0.18280467665850625
13,757605.0,0.18260215482617215
14,757665.0,0.1823928919417901
15,757725.0,0.1811673522941344
16,757785.0,0.18127869199461638
17,757845.0,0.18123561862455217
18,757905.0,0.18172887943955418
19,757965.0,0.18294590182010279
20,758025.0,0.18394669032157118
21,758085.0,0.18464516085733562
22,758145.0,0.18538119226011368
23,758205.0,0.1853497800161205
24,758265.0,0.18536198440740964
25,758325.0,0.18541271486597838
26,758385.0,0.1853810412592905
27,758445.0,0.18539105536506972
28,758505.0,0.1862473989935972
29,758565.0,0.1874099084426452
30,758625.0,0.1886378179662243
31,758685.0,0.18994472068010654
32,758745.0,0.191335317108984
33,758805.0,0.19235968138267356
34,758865.0,0.19320378900752183
35,758925.0,0.19319176427416196
36,758985.0,0.19303276726849333
37,759045.0,0.19289018162774457
38,759105.0,0.19271173030208055
39,759165.0,0.19335357960797545
40,759225.0,0.1942427864378074
41,759285.0,0.19531504850892661
42,759345.0,0.19644588414645725
43,759405.0,0.19745266382245175
44,759465.0,0.19824683856033093
45,759525.0,0.1990633247436105
46,759585.0,0.19902581299612876
47,759645.0,0.19899717116302013
48,759705.0,0.19890380981043654
49,759765.0,0.19861802885764546
50,759825.0,0.198401143476291
51,759885.0,0.1981715344945803
52,759945.0,0.1987978607730791
53,760005.0,0.19970789409342532
54,760065.0,0.2010849497463718
55,760125.0,0.20222205082900463
56,760185.0,0.20295191116543287
57,760245.0,0.20356050687084715
58,760305.0,0.20434665686283338
59,760365.0,0.2050338713872395
60,760425.0,0.20487740061098314
61,760485.0,0.20487866673951782
62,760545.0,0.20501677064782736
63,760605.0,0.20519805920221834
64,760665.0,0.2054476281935088
65,760725.0,0.20405596878934773
66,760785.0,0.20328873614881093
67,760845.0,0.20203122580095667
68,760905.0,0.20211667276060108
69,760965.0,0.20250511719422393
70,761025.0,0.20356639061913517
71,761085.0,0.20497142335076496
72,761145.0,0.2062230305910931
73,761205.0,0.20694879844019143
74,761265.0,0.2078689071982644
75,761325.0,0.20796670257293293
76,761385.0,0.20807278177836092
77,761445.0,0.20681871976953115
78,761505.0,0.20558656189823982
79,761565.0,0.20455855738582812
80,761625.0,0.20363130071957963
81,761685.0,0.20362900758579638
82,761745.0,0.20354196899765303
83,761805.0,0.203373989384601
84,761865.0,0.20312975222208107
85,761925.0,0.20307483989988767
86,761985.0,0.2029445508066881
87,762045.0,0.2040297939031142
88,762105.0,0.20534087842214227
89,762165.0,0.2057562904491924
90,762225.0,0.20576112666786645
91,762288.0,0.2060309807611112
92,762345.0,0.2072952692634002
93,762405.0,0.20820442439653591
94,762465.0,0.2087821638505158
95,762525.0,0.20962512921310844
96,762585.0,0.21062804041027755
97,762645.0,0.21086603162972278
98,762705.0,0.2109881551272012
99,762765.0,0.20991607079793378
100,762825.0,0.20864642981696652
101,762885.0,0.20730376512630833
102,762945.0,0.20684303427101125
103,763005.0,0.2074858127213221
104,763065.0,0.2085573928008722
105,763125.0,0.20989815947021434
106,763185.0,0.21118412109267365
107,763245.0,0.2127253558379525
108,763305.0,0.21431725771964855
109,763365.0,0.21520770822854868
110,763425.0,0.21602878529864067
111,763485.0,0.21464461954462072
112,763545.0,0.2134023840466765
113,763605.0,0.21239809142597343
114,763665.0,0.2123823581300734
115,763725.0,0.21225745360672466
116,763785.0,0.21216673265906127
117,763845.0,0.21215961939450884
118,763905.0,0.21206348261116476
119,763965.0,0.2125857939616989
120,764025.0,0.21366620427131372
121,764085.0,0.2154103721295864
122,764145.0,0.21508169377832537
123,764205.0,0.2152814788349232
124,764265.0,0.2154584120069351
125,764325.0,0.21528706742163817
126,764385.0,0.21514399555579283
127,764445.0,0.21517247334880174
128,764505.0,0.21514628192489388
129,764565.0,0.21512046906953525
130,764625.0,0.21505117992599482
131,764685.0,0.2151431193462886
132,764745.0,0.2153631175898934
133,764805.0,0.2156107924868199
134,764865.0,0.21423448907975845
135,764925.0,0.21293072904947113
136,764988.0,0.2124647809017397
137,765045.0,0.21237686872784317
138,765105.0,0.21303068842250938
139,765165.0,0.2136524826963767
140,765225.0,0.21497329891236527
141,765285.0,0.21583269410699968
142,765345.0,0.2164796435433909
143,765405.0,0.21711995308692034
144,765465.0,0.2171680359254723
145,765525.0,0.21729557980064973
146,765585.0,0.21748240533173563
147,765645.0,0.21775160859879528
148,765705.0,0.21669478818012206
149,765765.0,0.2157132796689198
150,765825.0,0.21437892358558858
151,765885.0,0.21313365689655372
152,765945.0,0.21285306509588026
153,766005.0,0.21307786156327568
154,766065.0,0.21468333743278512
155,766125.0,0.2161051164632325
156,766185.0,0.21733468735906025
157,766245.0,0.21832019535836383
158,766305.0,0.21902291514682481
159,766365.0,0.21989860397667188
160,766425.0,0.22079251945107758
161,766485.0,0.2209014803988396
162,766545.0,0.21995776702893854
163,766605.0,0.2190027205247001
164,766665.0,0.2173606092150978
165,766725.0,0.21639050209064037
166,766785.0,0.21629200040356322
167,766845.0,0.21707469546657027
168,766905.0,0.21861152327065952
169,766965.0,0.2199348987292813
170,767025.0,0.221348944555737
171,767085.0,0.22290897436888435
172,767145.0,0.22384341838635402
173,767205.0,0.22361105935483566
174,767265.0,0.22255972832737897
175,767325.0,0.221329481580391
176,767385.0,0.22037259656705294
177,767445.0,0.21954723379440105
178,767505.0,0.2187403242428988
179,767565.0,0.21772694165296186
180,767625.0,0.21728311619467028
181,767685.0,0.2177834674854912
182,767745.0,0.2192506563568798
183,767805.0,0.22096005518302514
184,767865.0,0.22139644451199647
185,767925.0,0.22175104316430905
186,767988.0,0.22183870915391357
187,768045.0,0.22146410782251458
188,768105.0,0.22115086192142397
189,768165.0,0.2200820294966655
190,768225.0,0.219211450997519
191,768285.0,0.21923850594876654
192,768345.0,0.21929143311935145
193,768405.0,0.21947894712470506
194,768465.0,0.21964919127827803
195,768525.0,0.2196259821445276
196,768585.0,0.2190910225958307
197,768645.0,0.218937175343626
198,768705.0,0.21862539153956106
199,768765.0,0.21879531968377575
200,768825.0,0.2201503466154084
201,768885.0,0.22048215717173986
202,768945.0,0.22048746121832496
203,769005.0,0.221310691617928
204,769065.0,0.22105168766253486
205,769125.0,0.22112477785259893
206,769185.0,0.22131636419268508
207,769245.0,0.2214943741971555
208,769305.0,0.22080000953525447
209,769365.0,0.21976028181643859
210,769425.0,0.21862398036958458
211,769485.0,0.21735490958998577
212,769545.0,0.21588748601682933
213,769605.0,0.21458170882804573
214,769665.0,0.21414808355755421
215,769725.0,0.21504326443171917
216,769785.0,0.21648852772075916
217,769845.0,0.21872232685229293
218,769905.0,0.22119098821240513
219,769965.0,0.22157006702234117
220,770025.0,0.22142595353202
221,770085.0,0.22102261607126827
222,770145.0,0.22061716371920398
223,770205.0,0.22031826761591555
224,770265.0,0.2193930036003759
225,770325.0,0.21855811619623794
226,770388.0,0.21860867061981276
227,770445.0,0.21867675102503847
228,770505.0,0.21872916623963545
229,770565.0,0.21886029115905437
230,770625.0,0.2186305544708057
231,770685.0,0.21918769122221887
232,770745.0,0.21952148531672017
233,770805.0,0.22011046061190837
234,770865.0,0.2201097295162011
235,770925.0,0.22021191382223954
236,770985.0,0.22045782976979073
237,771045.0,0.22056290646228172
238,771105.0,0.21952743753500925
239,771165.0,0.2188140779569574
240,771225.0,0.21898196180287205
241,771285.0,0.21911639671631583
242,771345.0,0.21920238432867373
243,771405.0,0.2193126817076062
244,771465.0,0.2193641129303276
245,771525.0,0.2196027924112453
246,771585.0,0.21973843065284154
247,771645.0,0.21983379316932739
248,771705.0,0.21925126620504815
249,771765.0,0.21874451335496653
250,771825.0,0.21876022601017975
251,771885.0,0.21869593277825766
252,771945.0,0.2186384694234217
253,772005.0,0.21906998163751512
254,772065.0,0.21970598683422543
255,772125.0,0.22074421324665688
256,772185.0,0.22154299015750567
257,772248.0,0.2215437213683108
258,772305.0,0.2215693017901657
259,772365.0,0.22157786779394595
260,772425.0,0.22162508382953072
261,772485.0,0.22167039228393454
262,772545.0,0.2216728522612732
263,772605.0,0.22167704480402506
264,772665.0,0.22147575855195273
265,772725.0,0.22137430216125098
266,772785.0,0.2224826832488953
267,772845.0,0.22298462465483065
268,772905.0,0.22330106673732852
269,772965.0,0.22303228640921385
270,773025.0,0.2229776491778912
271,773085.0,0.22281847109625158
272,773145.0,0.22239115297140694
273,773205.0,0.22221153548775024
274,773265.0,0.22156080959238766
275,773325.0,0.22086561338915917
276,773385.0,0.2201628274421626
277,773445.0,0.22026510666006782
278,773505.0,0.22021791342571456
279,773565.0,0.21979913221108716
280,773625.0,0.2199062479580079
281,773685.0,0.22095434331790892
282,773745.0,0.22312412877276028
283,773805.0,0.22404827081858147
284,773865.0,0.22417967131859723
285,773925.0,0.22373383429874916
286,773985.0,0.22343261897617395
287,774045.0,0.22297181712611364
288,774105.0,0.22248594756656098
289,774165.0,0.22174066132968084
290,774225.0,0.22105920543309665
291,774285.0,0.2211652369942207
292,774345.0,0.22127004286115715
293,774405.0,0.22131229001744246
294,774465.0,0.22094501386846432
295,774525.0,0.2211171607633089
296,774585.0,0.22194304316411162
297,774645.0,0.22373933661847856
298,774705.0,0.2256575563910762
299,774765.0,0.22678741766408933
300,774825.0,0.22726125779662687
301,774885.0,0.2270554425941792
302,774945.0,0.22703623564002073
303,775005.0,0.22645761368997552
304,775065.0,0.22612006914696908
305,775125.0,0.22544881723477228
306,775185.0,0.2247709379852898
307,775245.0,0.22490559085485762
308,775305.0,0.2250681102731651
309,775365.0,0.22515843340322084
310,775425.0,0.22485332894141719
311,775485.0,0.22512942780679973
312,775545.0,0.22628351224258558
313,775605.0,0.22826563450247989
314,775665.0,0.23020134383757807
315,775725.0,0.23205221243295926
316,775785.0,0.23272811949239297
317,775845.0,0.23316218642135278
318,775905.0,0.23289044793853314
319,775965.0,0.23222504501210917
320,776025.0,0.23185968908557003
321,776085.0,0.23100572757197751
322,776145.0,0.2304032863240495
323,776205.0,0.22981039623186805
324,776265.0,0.22992230905967304
325,776325.0,0.229689310420162
326,776385.0,0.22997792091664188
327,776445.0,0.23103398166413214
328,776505.0,0.23265666404412583
329,776565.0,0.2342580634364318
330,776625.0,0.23592207762147976
331,776685.0,0.2376977721995001
332,776745.0,0.2384161797860166
333,776805.0,0.2383252186036267
334,776865.0,0.23765663121231845
335,776925.0,0.23716130818610248
336,776985.0,0.23592607358696704
337,777045.0,0.23498290762232837
338,777105.0,0.23436968160572808
339,777165.0,0.23381995768495945
340,777225.0,0.23320793127785233
341,777285.0,0.2333256641008823
342,777345.0,0.2330266390793762
343,777405.0,0.2334124305116656
344,777465.0,0.2347288744250972
345,777525.0,0.2361642636333549
346,777585.0,0.23682191826095983
347,777645.0,0.23650003324732433
348,777705.0,0.23627428671347972
349,777765.0,0.23612859973083827
350,777825.0,0.23589140369535283
351,777885.0,0.2354165116773878
352,777945.0,0.23562196344258773
353,778005.0,0.23574351478316935
354,778065.0,0.23580663022348897
355,778125.0,0.23584940198440268
356,778185.0,0.23595270926713696
357,778245.0,0.23596851301897526
358,778305.0,0.23553408477118376
359,778365.0,0.23624859476357146
360,778425.0,0.23774490248437397
361,778485.0,0.23903112208329041
362,778545.0,0.23937333865295995
363,778605.0,0.23928979583590265
364,778665.0,0.23929384988167945
365,778725.0,0.23875814923325833
366,778785.0,0.23845189100776087
367,778845.0,0.23859080694824275
368,778905.0,0.23785377088497456
369,778965.0,0.2381651721759655
370,779025.0,0.23828312842952853
371,779085.0,0.23840081709574595
372,779145.0,0.23853922150805618
373,779205.0,0.23868653410833202
374,779265.0,0.23886650042323176
375,779325.0,0.2392517950599471
376,779385.0,0.23898882835571983
377,779445.0,0.23842298575312226
378,779505.0,0.2375176581617679
379,779565.0,0.23763090960852212
380,779628.0,0.2364236168412806
381,779685.0,0.23629648685981325
382,779745.0,0.23551172587110586
383,779805.0,0.23481725540300147
384,779865.0,0.2353127110081551
385,779925.0,0.235484388601795
386,779985.0,0.23549340315338263
387,780045.0,0.23509413537730778
388,780105.0,0.23571215688145958
389,780165.0,0.23688139255840207
390,780225.0,0.2387199520253238
391,780285.0,0.24030460811280957
392,780345.0,0.24190745388394436
393,780405.0,0.2434685115010517
394,780465.0,0.2440253783835447
395,780525.0,0.2440154590437162
396,780585.0,0.24373122069032832
397,780645.0,0.24168116497126546
398,780705.0,0.23945560877623934
399,780765.0,0.23852130726551996
400,780825.0,0.23791005904126195
401,780885.0,0.23735740963611607
402,780945.0,0.2367144831921631
403,781005.0,0.23569424486547302
404,781065.0,0.23602308105982284
405,781125.0,0.23689048801102014
406,781185.0,0.23847198315928153
407,781245.0,0.23997990806757014
408,781305.0,0.24123722600365666
409,781365.0,0.24232236435874155
410,781425.0,0.24361952577615492
411,781485.0,0.24312300787787383
412,781545.0,0.24220828910842634
413,781605.0,0.24081009862355118
414,781665.0,0.2395833654486217
415,781725.0,0.23855345638125275
416,781785.0,0.23755833301806434
417,781845.0,0.2368960330120014
418,781905.0,0.23723751774012808
419,781965.0,0.23730843672757107
420,782025.0,0.2373203225999922
421,782085.0,0.23732814954789572
422,782145.0,0.2372029611075933
423,782205.0,0.23692592716236277
424,782265.0,0.23748893399550214
425,782325.0,0.23846281089180277
426,782385.0,0.23967170321754194
427,782445.0,0.24124607327224235
428,782505.0,0.24221671609511342
429,782565.0,0.24252721672783784
430,782625.0,0.24242719363345805
431,782685.0,0.24120540484131248
432,782745.0,0.24004871325419308
433,782805.0,0.23892077769472003
434,782865.0,0.23772286601458814
435,782925.0,0.23707579764530512
436,782985.0,0.23655521693433484
437,783045.0,0.23667330190303643
438,783105.0,0.23682071502329038
439,783165.0,0.23699389839057677
440,783225.0,0.23674175485017085
441,783285.0,0.2363475195841772
442,783345.0,0.2372668946184338
443,783405.0,0.238560857299415
444,783465.0,0.24026519017644637
445,783525.0,0.24190019634176985
446,783588.0,0.24215749315537688
447,783645.0,0.24186431204949138
448,783705.0,0.24026884681215438
449,783765.0,0.23906691377084094
450,783825.0,0.23799457832643645
451,783885.0,0.23699295594472947
452,783945.0,0.23634943716603196
453,784005.0,0.23568484998500677
454,784065.0,0.23558630553209725
455,784125.0,0.23527198197548332
456,784185.0,0.23584811406799272
457,784245.0,0.2369484464410812
458,784305.0,0.23795960240026243
459,784365.0,0.23970540625669512
460,784425.0,0.2406265596617308
461,784485.0,0.24075734776980556
462,784545.0,0.24002425055473853
463,784605.0,0.23846609831759863
464,784665.0,0.23722284543488542
465,784725.0,0.236307891075144
466,784785.0,0.23566748472703386
467,784845.0,0.2346569815726145
468,784905.0,0.2334860412939903
469,784965.0,0.23444511873954754
470,785025.0,0.23540987095993277
471,785085.0,0.23667605944244846
472,785145.0,0.23769964369618496
473,785205.0,0.23874371893800794
474,785265.0,0.2392391877916063
475,785325.0,0.23921897928159386
476,785388.0,0.2386462244372325
477,785445.0,0.23714823065105423
478,785505.0,0.23547560450005517
479,785565.0,0.23382362087930592
480,785625.0,0.23256843475134065
481,785685.0,0.23218395474378678
482,785745.0,0.23191327261291067
483,785805.0,0.2322783984904656
484,785868.0,0.2325325516933648
485,785925.0,0.23358822443481725
486,785985.0,0.2335858751869333
487,786045.0,0.23359204079991264
488,786105.0,0.23360684904601298
489,786165.0,0.2336863271134066
490,786225.0,0.23416752222021847
491,786285.0,0.23412472993760608
492,786345.0,0.23321882834596286
493,786405.0,0.23151242839661507
494,786465.0,0.23007893341873464
495,786525.0,0.22890646525498864
496,786585.0,0.2278165015066403
497,786645.0,0.22666172337037244
498,786705.0,0.22553460208229997
499,786765.0,0.22478931047314438
500,786825.0,0.22400402736590724
501,786885.0,0.22412428798181677
502,786945.0,0.22419735632172832
503,787005.0,0.22432758310665252
504,787065.0,0.22456350657828655
505,787125.0,0.22505322923106158
506,787185.0,0.22490221159165413
507,787245.0,0.22367074566976375
508,787305.0,0.22171085981308586
509,787365.0,0.2207954430299438
510,787425.0,0.22038709431050224
511,787485.0,0.22022796149080665
512,787545.0,0.22021080922088787
513,787605.0,0.22031967057468943
514,787665.0,0.2204789851925008
515,787725.0,0.22054859868776172
516,787785.0,0.22054309904885988
517,787845.0,0.22057165629364162
518,787905.0,0.2206425997235052
519,787965.0,0.2205809700137199
520,788025.0,0.22030542547502435
521,788085.0,0.2199664328097793
522,788145.0,0.22128382784503842
523,788205.0,0.22194963560837982
524,788265.0,0.221822987560774
525,788325.0,0.2217382093179865
526,788385.0,0.22150137108564322
527,788445.0,0.22020818286981592
528,788505.0,0.21897852726094041
529,788565.0,0.21804917304575927
530,788625.0,0.2172929064779126
531,788685.0,0.2165430920712892
532,788745.0,0.21542384709673273
533,788805.0,0.21412023579244505
534,788865.0,0.2150399320201637
535,788925.0,0.21592240245540206
536,788985.0,0.21719507963428114
537,789045.0,0.21854081605987907
538,789105.0,0.21911604571764343
539,789165.0,0.21878788162223722
540,789225.0,0.21801251286520984
541,789285.0,0.2166042134254798
542,789348.0,0.21523042878342746
543,789405.0,0.2136805156815369
544,789465.0,0.21207783204599795
545,789525.0,0.2121150380181927
546,789585.0,0.21218573284568648
547,789645.0,0.2124406633985021
548,789705.0,0.21388515146293507
549,789765.0,0.21401222497565564
550,789828.0,0.21408395240253164
551,789885.0,0.21420350930537257
552,789945.0,0.21426666788851523
553,790005.0,0.21394516675789205
554,790065.0,0.2134627360042054
555,790128.0,0.21426975399784448
556,790185.0,0.21497375536930036
557,790245.0,0.2159582303452754
558,790305.0,0.21721903593259395
559,790365.0,0.21708913475939345
560,790425.0,0.21610348883984787
561,790485.0,0.2153318706579193
562,790545.0,0.21565362522243137
563,790605.0,0.21553977491789172
564,790665.0,0.21509980532227602
565,790725.0,0.21454872533252628
566,790785.0,0.21552554236484667
567,790845.0,0.21686006691108783
568,790905.0,0.2169725826976167
569,790965.0,0.21720871422334576
570,791025.0,0.21666542044126397
571,791085.0,0.2151779744269432
572,791145.0,0.2138286503271123
573,791205.0,0.21279320452060668
574,791265.0,0.21191772278140153
575,791325.0,0.21106131676811635
576,791385.0,0.21010156908202526
577,791445.0,0.2100454549445564
578,791505.0,0.2103785124273495
579,791565.0,0.2106128356102276
580,791625.0,0.2107479191501151
581,791685.0,0.21089357399848968
582,791745.0,0.21085559489069516
583,791808.0,0.21122814659195294
584,791865.0,0.21111987881101818
585,791925.0,0.21051805022325704
586,791985.0,0.2090679798270359
587,792045.0,0.20752061904187985
588,792105.0,0.2063854709199956
589,792165.0,0.205644103191579
590,792225.0,0.20496337441387236
591,792285.0,0.20527605654354136
592,792345.0,0.2054439124724533
593,792405.0,0.20542143422866233
594,792465.0,0.20524260445033493
595,792528.0,0.20513529874806657
596,792585.0,0.20506236660461274
597,792645.0,0.2049602503591949
598,792705.0,0.20474062301136686
599,792765.0,0.2046253038558138
600,792825.0,0.20432730120991455
601,792885.0,0.20396180450314755
602,792945.0,0.20505567185432
603,793005.0,0.20671806306269513
604,793065.0,0.20748206067307706
605,793125.0,0.20761782782593358
606,793185.0,0.2081170514053995
607,793245.0,0.20801175842175396
608,793305.0,0.20776006936979902
609,793365.0,0.20672632990364498
610,793425.0,0.20590590985697177
611,793485.0,0.20598845860779197
612,793545.0,0.20599703239572242
613,793605.0,0.20581188932530015
614,793665.0,0.20566586745510074
615,793725.0,0.20568483467036863
616,793785.0,0.20572002362013503
617,793845.0,0.20566434561926722
618,793905.0,0.2058338929910391
619,793968.0,0.20584293190434477
620,794025.0,0.20624880550392982
621,794085.0,0.20683256811329315
622,794145.0,0.20619986708386479
623,794205.0,0.20487950904518987
624,794265.0,0.2031957720235259
625,794325.0,0.20158772463789137
626,794385.0,0.20142984846963574
627,794445.0,0.20152218314584353
628,794505.0,0.2025482523571741
629,794565.0,0.2033109085890974
630,794625.0,0.2045357865760134
631,794685.0,0.20577902281737442
632,794745.0,0.20573870825561996
633,794805.0,0.20584189153305799
634,794865.0,0.2059412495997714
635,794925.0,0.20614087786913665
636,794985.0,0.20544552313009012
637,795045.0,0.2042285496576604
638,795105.0,0.20322096103534404
639,795165.0,0.20227831813085745
640,795225.0,0.2015535907142399
641,795285.0,0.20080211772291495
642,795345.0,0.1997342342187357
643,795405.0,0.19954409937361034
644,795465.0,0.19934155139984072
645,795525.0,0.19910299633634987
646,795585.0,0.1991701572474196
647,795645.0,0.19961149906730652
648,795705.0,0.20014340981988044
649,795765.0,0.1990907951591881
650,795825.0,0.19794104842117083
651,795885.0,0.19655889565371926
652,795945.0,0.19543589359699765
653,796005.0,0.19448220422832102
654,796065.0,0.19437132122544237
655,796125.0,0.19414940325879704
656,796188.0,0.19393216464832413
657,796245.0,0.1937366825624205
658,796305.0,0.19394506040202403
659,796365.0,0.19435746606570908
660,796425.0,0.1943736758479775
661,796485.0,0.19345678254517906
662,796545.0,0.1941435197379771
663,796608.0,0.1940557118430955
664,796665.0,0.1937692935205912
665,796725.0,0.19364899332103536
666,796785.0,0.19358563216837382
667,796848.0,0.19348117643604212
668,796905.0,0.19342828103837012
669,796965.0,0.19345588785619205
670,797025.0,0.19350561076344241
671,797085.0,0.19353055499018784
672,797145.0,0.19349159724215487
673,797205.0,0.19341818475903683
674,797265.0,0.193324970231592
675,797325.0,0.19318173105747843
676,797385.0,0.19303429184055299
677,797445.0,0.19294083428286068
678,797505.0,0.19287669012821168
679,797565.0,0.19282168711357428
680,797625.0,0.1928181957516482
681,797685.0,0.1927365115958004
682,797745.0,0.1925638467011283
683,797805.0,0.1923867716125695
684,797865.0,0.1921020534349524
685,797925.0,0.1919168127240693
686,797985.0,0.19179429143414933
687,798045.0,0.1919181334186117
688,798105.0,0.19225897392433183
689,798165.0,0.19168840225757633
690,798225.0,0.19075495085547423
691,798285.0,0.18969205418882595
692,798345.0,0.18849392853918284
693,798405.0,0.1874071699956198
694,798465.0,0.18635363709772157
695,798525.0,0.18538849345795977
696,798585.0,0.18569379331853852
697,798645.0,0.18592605245303756
698,798705.0,0.18596499571125574
699,798765.0,0.18599251893223995
700,798825.0,0.18607966515422653
701,798885.0,0.18632474137224342
702,798945.0,0.1852836078073251
703,799005.0,0.1842441815106306
704,799065.0,0.18344158144960537
705,799125.0,0.1820619401569632
706,799185.0,0.1807597670412071
707,799245.0,0.1806463733100525
708,799305.0,0.18049366368315684
709,799365.0,0.1802277286541169
710,799425.0,0.1799646409943213
711,799485.0,0.1798063226352531
712,799545.0,0.17996894844028627
713,799605.0,0.18157088525689008
714,799665.0,0.18178309228277673
715,799725.0,0.18157791656839156
716,799785.0,0.1807819964731866
717,799845.0,0.17995400549209767
718,799908.0,0.1804593237023719
719,799965.0,0.18098731878044205
720,800025.0,0.1806260122928704
721,800085.0,0.18027870175706162
722,800145.0,0.1801824599050464
723,800205.0,0.18050842177170695
724,800265.0,0.18099452494396462
725,800325.0,0.18017906194221678
726,800385.0,0.1793338536636236
727,800445.0,0.17828717389216137
728,800505.0,0.17696166866451285
729,800565.0,0.1768643137578214
730,800625.0,0.17671037814852059
731,800685.0,0.17772794619149412
732,800745.0,0.17839138749942718
733,800805.0,0.1792360974636225
734,800865.0,0.18026530403352997
735,800925.0,0.17915622482974797
736,800985.0,0.17827740255466062
737,801045.0,0.17718616882999705
738,801105.0,0.1759573146767352
739,801165.0,0.1747980352712557
740,801225.0,0.17471463207926935
741,801285.0,0.17453330928455002
742,801345.0,0.174241244656256
743,801405.0,0.17433660097393444
744,801465.0,0.17466839727333305
745,801525.0,0.1750515615509982
746,801585.0,0.1740046030262435
747,801645.0,0.1730308526180222
748,801705.0,0.17227700356592585
749,801765.0,0.17089220302964098
750,801825.0,0.16959458120536036
751,801885.0,0.16957579952921448
752,801945.0,0.16948325328839453
753,802005.0,0.16933738824252992
754,802065.0,0.1693444794033946
755,802125.0,0.1694371634662592
756,802185.0,0.16949668491502412
757,802245.0,0.16960399146531957
758,802305.0,0.16928911571950084
759,802365.0,0.169036132552367
760,802425.0,0.1688530455151671
761,802485.0,0.1686542875052463
762,802545.0,0.16871198440380936
763,802605.0,0.16869683819289016
764,802665.0,0.1686103137776222
765,802725.0,0.1684446114979628
766,802785.0,0.16836837879916933
767,802845.0,0.16843628895081508
768,802905.0,0.16829142752373966
769,802965.0,0.16805442025453604
770,803025.0,0.16783891912234766
771,803085.0,0.16770071538391823
772,803145.0,0.16754988006267374
773,803205.0,0.16757518957762124
774,803265.0,0.1677218375122746
775,803328.0,0.1677810602218518
776,803385.0,0.16776046732544714
777,803445.0,0.1677790087574063
778,803505.0,0.16792139284090263
779,803565.0,0.16799734308518854
780,803625.0,0.1682667254597997
781,803685.0,0.16861066354070148
782,803745.0,0.16766741835802806
783,803805.0,0.1674989004364144
784,803865.0,0.16699916449646268
785,803925.0,0.16653417956817024
786,803985.0,0.16547391838235664
787,804045.0,0.1649053612552085
788,804105.0,0.1637666904273526
789,804165.0,0.16375718359993863
790,804225.0,0.16376937733554053
791,804285.0,0.16367899621914972
792,804345.0,0.1635856619510735
793,804405.0,0.16360128826822085
794,804465.0,0.16353767543955466
795,804525.0,0.1632993475581468
796,804585.0,0.16305618440706038
797,804645.0,0.16299143198950572
798,804705.0,0.1626766136486716
799,804765.0,0.16250456128485252
800,804825.0,0.16234656258920116
801,804885.0,0.16219477153249545
802,804945.0,0.16198483750046544
803,805005.0,0.16210177556660632
804,805068.0,0.16240733399076213
805,805125.0,0.16279227848210814
806,805185.0,0.16207479015776344
807,805245.0,0.161114671388923
808,805305.0,0.16024133650949862
809,805365.0,0.15949296413034275
810,805425.0,0.1581995392145451
811,805488.0,0.15687752910798353
812,805548.0,0.1567857687008795
813,805605.0,0.15662699749328202
814,805665.0,0.15670958992148332
815,805725.0,0.15685716971029262
816,805788.0,0.15701837979635663
817,805845.0,0.15718384659638535
818,805905.0,0.15731710690070955
819,805965.0,0.15702225181345403
820,806025.0,0.15678990920911978
821,806085.0,0.15665769854794181
822,806145.0,0.15684833824539968
823,806205.0,0.1571088747211561
824,806265.0,0.15733574565038055
825,806325.0,0.157535087792894
826,806385.0,0.15733317439133865
827,806445.0,0.15713157411288153
828,806505.0,0.15701190963742584
829,806565.0,0.1571749830738195
830,806625.0,0.1573724798443486
831,806685.0,0.15750412616872672
832,806745.0,0.15761814900230964
833,806805.0,0.1576242108735108
834,806865.0,0.15778121922445149
835,806925.0,0.158040309227874
836,806985.0,0.1582126503212719
837,807045.0,0.15829664065173044
838,807105.0,0.15833307734809432
839,807165.0,0.15836067014835303
840,807228.0,0.15832196262310033
841,807285.0,0.158089918272675
842,807345.0,0.15630477739986232
843,807405.0,0.15499999300462514
844,807465.0,0.15399818516238772
845,807525.0,0.15281597514958356
846,807585.0,0.15260876165890602
847,807645.0,0.15237622203740037
848,807705.0,0.15209989824914816
849,807765.0,0.15177175211068133
850,807825.0,0.15148919814726813
851,807885.0,0.15130872540880058
852,807945.0,0.15118161764264348
853,808005.0,0.15109803348443124
854,808065.0,0.15103443287782053
855,808125.0,0.150985958359306
856,808185.0,0.1509270278733808
857,808245.0,0.15083216752783596
858,808305.0,0.15072001548339448
859,808365.0,0.1506260513230407
860,808425.0,0.15043509311442083
861,808485.0,0.1503011761065734
862,808545.0,0.15027016432701945
863,808605.0,0.15018415543768754
864,808665.0,0.1501195257727721
865,808725.0,0.15004999020262028
866,808785.0,0.1499946059668073
867,808845.0,0.15001280722359034
868,808905.0,0.14999126571648885
869,808965.0,0.1499579181450561
870,809025.0,0.14993048611217286
871,809085.0,0.1498620586270082
872,809145.0,0.14985477082575416
873,809205.0,0.14989245952930702
874,809265.0,0.14993556719488577
875,809325.0,0.14996122907072784
876,809385.0,0.14969335493436697
877,809445.0,0.14938205233152135
878,809505.0,0.14916547325988744
879,809565.0,0.149069438761672
880,809625.0,0.14917199654489904
881,809685.0,0.14927429764758632
882,809745.0,0.15032926284893705
883,809805.0,0.15106952725883344
884,809865.0,0.15166213353451752
885,809925.0,0.15226121057453101
886,809985.0,0.15213874571269764
887,810045.0,0.15211525191355801
888,810105.0,0.15222808178103286
889,810165.0,0.15247302711602406
890,810225.0,0.15246963719924467
891,810285.0,0.15239106094004162
892,810345.0,0.15229653481080163
893,810405.0,0.15102456832265432
894,810465.0,0.14987065241713926
895,810525.0,0.14915112588322565
896,810585.0,0.14857845293863536
897,810645.0,0.14801345255881088
898,810705.0,0.14732714669314922
899,810765.0,0.14663504315812076
900,810825.0,0.1467569703664336
901,810885.0,0.14681407357263593
902,810945.0,0.14670387224760895
903,811005.0,0.14653224711584484
904,811065.0,0.14640586642014336
905,811125.0,0.14629622466940784
906,811185.0,0.14622929586501227
907,811245.0,0.14616911571868046
908,811305.0,0.146158249172685
909,811365.0,0.14618657811157226
910,811425.0,0.1462017024688378
911,811485.0,0.14595767787955938
912,811545.0,0.14589310443590991
913,811605.0,0.145927666884146
914,811665.0,0.14595503456535547
915,811725.0,0.1460110517395874
916,811785.0,0.14609993761190043
917,811845.0,0.1461809260118046
918,811905.0,0.14602922983981426
919,811965.0,0.145807882337246
920,812025.0,0.14559462807287565
921,812085.0,0.14546318373648814
922,812145.0,0.14534190826385474
923,812205.0,0.14523692034066243
924,812265.0,0.14516238718479407
925,812325.0,0.14513846799604008
926,812385.0,0.1452009723980388
927,812445.0,0.14525745991343209
928,812505.0,0.1452995550524357
929,812565.0,0.1453190953372085
930,812625.0,0.14536466628888645
931,812685.0,0.14539543011773104
932,812745.0,0.14544596816117655
933,812805.0,0.14546677617059056
934,812865.0,0.14546651317689147
935,812925.0,0.14540931379748556
936,812985.0,0.14532516256053857
937,813045.0,0.14518937288328004
938,813105.0,0.14508393734873104
939,813165.0,0.14498140217187921
940,813225.0,0.1448734874285471
941,813285.0,0.14481699098954637
942,813345.0,0.14476539578255415
943,813405.0,0.1447533105725186
944,813465.0,0.1448190617961176
945,813525.0,0.14489522141104083
946,813585.0,0.14500638110365127
947,813645.0,0.14512679684995883
948,813705.0,0.14530142224174397
949,813765.0,0.14542026802729274
950,813825.0,0.14553677275463744
951,813885.0,0.1456324273788429
952,813945.0,0.14571003539264288
953,814005.0,0.14572822165534588
954,814065.0,0.1457323905268046
955,814125.0,0.14573070282779682
956,814185.0,0.14574551107306555
957,814245.0,0.14575366252645838
958,814305.0,0.14574476251446616
959,814368.0,0.14568794459098278
960,814425.0,0.14561352026120344
961,814485.0,0.1455525672999009
962,814545.0,0.1455104989838068
963,814605.0,0.14426566441513078
964,814665.0,0.1434666370686754
965,814725.0,0.14281962053406788
966,814785.0,0.1422096673078001
967,814845.0,0.14149036972794848
968,814905.0,0.1416156386327853
969,814965.0,0.14162868054276723
970,815025.0,0.14151454154369003
971,815085.0,0.14146546788800174
972,815145.0,0.14151561483143732
973,815205.0,0.14161128345015828
974,815265.0,0.14171195737643094
975,815325.0,0.14180438037445459
976,815385.0,0.1418559556074926
977,815445.0,0.14188237045792113
978,815505.0,0.14187115659391863
979,815565.0,0.14184708478955677
980,815625.0,0.14183377204665215
981,815685.0,0.14183011989623057
982,815745.0,0.14185597105645853
983,815805.0,0.14186333325932232
984,815865.0,0.14187273781429144
985,815925.0,0.14187982008398203
986,815985.0,0.14185621886458305
987,816045.0,0.1418280121208279
988,816105.0,0.1417783868759092
989,816165.0,0.14173940888332037
990,816225.0,0.1416990167500407
991,816285.0,0.14164657495654875
992,816345.0,0.14159497698852752
993,816405.0,0.14152652204276844
994,816465.0,0.14139377954568588
995,816525.0,0.14126201682341266
996,816585.0,0.14113936021749052
997,816645.0,0.14101511660363014
998,816705.0,0.1409254871329576
999,816765.0,0.14089180925462708
1000,816825.0,0.1408996626117871
1001,816885.0,0.1409337868911812
1002,816945.0,0.14095105677497144
1003,817005.0,0.14096645022950072
1004,817065.0,0.14100249235995027
1005,817125.0,0.1410285710459222
1006,817185.0,0.1410524363349202
1007,817245.0,0.14107099261815603
1008,817305.0,0.1410507238168927
1009,817365.0,0.14101485283748144
1010,817425.0,0.140970287529053
1011,817485.0,0.14089626639455805
1012,817545.0,0.14082046233920648
1013,817605.0,0.14068547866342807
1014,817665.0,0.140483299139809
1015,817725.0,0.14025575813686808
1016,817785.0,0.14004670200669966
1017,817845.0,0.13986741261687885
1018,817905.0,0.1397386646631225
1019,817968.0,0.13966412559146452
1020,818025.0,0.13969745567237069
1021,818085.0,0.13990883885735483
1022,818145.0,0.14017679729393556
1023,818205.0,0.14047806875018942
1024,818265.0,0.1407736579521997
1025,818325.0,0.14104391131059685
1026,818385.0,0.14127702723728325
1027,818445.0,0.14144929317169402
1028,818505.0,0.14255920837031644
1029,818565.0,0.14343972496037583
1030,818625.0,0.14410103342542768
1031,818688.0,0.14458165246939253
1032,818745.0,0.14503739066438331
1033,818808.0,0.14476725930767015
1034,818865.0,0.1445833197019396
1035,818925.0,0.1445571189669269
1036,818985.0,0.14445005215913692
1037,819048.0,0.14429395281212054
1038,819105.0,0.14413699236286642
1039,819165.0,0.14399800174085448
1040,819225.0,0.1439427898191138
1041,819285.0,0.14396165580977816
1042,819345.0,0.1440465781955162
1043,819405.0,0.14410675560183372
1044,819465.0,0.14417013799626305
1045,819525.0,0.14422608419293642
1046,819585.0,0.14427678690156026
1047,819645.0,0.14432108126786225
1048,819705.0,0.14435379407206073
1049,819765.0,0.1453602582412603
1050,819825.0,0.14604829117546253
1051,819885.0,0.1465848429889975
1052,819945.0,0.1470506623067685
1053,820005.0,0.14678901394852556
1054,820065.0,0.14660212232815184
1055,820128.0,0.146535853434068
1056,820185.0,0.14654746292146392
1057,820245.0,0.14662403686398867
1058,820305.0,0.14660528454753308
1059,820365.0,0.1465493926200533
1060,820428.0,0.14650678132294337
1061,820485.0,0.14651118604515279
1062,820545.0,0.14547244802925613
1063,820605.0,0.14470760275208
1064,820665.0,0.14409891437576794
1065,820725.0,0.14354639473820308
1066,820785.0,0.14377910556109047
1067,820845.0,0.14392381828373635
1068,820905.0,0.1439199291002105
1069,820965.0,0.14378205796716853
1070,821025.0,0.1437768022550796
1071,821085.0,0.14387164681203518
1072,821145.0,0.14399640839338718
1073,821205.0,0.14406692153189604
1074,821265.0,0.14410014316280945
1075,821325.0,0.1441063813767205
1076,821385.0,0.14413988534489985
1077,821445.0,0.1441981555485608
1078,821505.0,0.14552132546106084
1079,821565.0,0.14653367174004367
1080,821625.0,0.14733634134974422
1081,821685.0,0.14805452869821628
1082,821745.0,0.1479397537529865
1083,821805.0,0.14788345872481545
1084,821865.0,0.1479680300337589
1085,821925.0,0.14814269480514158
1086,821985.0,0.14825956981496308
1087,822045.0,0.14822763188514332
1088,822105.0,0.1481035049593618
1089,822165.0,0.14796610678477362
1090,822225.0,0.14791347460978554
1091,822285.0,0.1468780381428912
1092,822345.0,0.14608846611363446
1093,822405.0,0.1453972932218326
1094,822465.0,0.14468594072191948
1095,822525.0,0.14480236793295664
1096,822585.0,0.1448079154939368
1097,822645.0,0.14473120027649744
1098,822705.0,0.14476881192505453
1099,822765.0,0.14490531825142033
1100,822825.0,0.1450839848426993
1101,822885.0,0.14523341275545942
1102,822945.0,0.1453609469411859
1103,823005.0,0.1454655456908049
1104,823065.0,0.14551596265858552
1105,823125.0,0.14553438434523974
1106,823185.0,0.14548763183997604
1107,823245.0,0.1453740501142185
1108,823305.0,0.1452739276057664
1109,823365.0,0.14516341916392644
1110,823425.0,0.14622436757236706
1111,823485.0,0.14702664170002555
1112,823545.0,0.1476452914923208
1113,823605.0,0.14819232400555987
1114,823665.0,0.1487738401219263
1115,823725.0,0.14942654124230337
1116,823785.0,0.14931269104772277
1117,823845.0,0.14934317262499858
1118,823905.0,0.14943939969655023
1119,823965.0,0.14954134402815383
1120,824025.0,0.14958702562993076
1121,824085.0,0.1495588908512795
1122,824145.0,0.1494779187371711
1123,824205.0,0.1493660535450766
1124,824265.0,0.14922050686087812
1125,824325.0,0.14993724878835868
1126,824385.0,0.15039594762602437
1127,824445.0,0.15078952445975807
1128,824505.0,0.15122200547771064
1129,824565.0,0.15174287530802988
1130,824625.0,0.15149815435692648
1131,824685.0,0.1513093433333339
1132,824745.0,0.1512371570684678
1133,824805.0,0.15123498943984687
1134,824865.0,0.15123532471680368
1135,824925.0,0.15117035746011304
1136,824985.0,0.15109548509215098
1137,825045.0,0.15098804033300461
1138,825105.0,0.15086800944932482
1139,825165.0,0.15082856010945805
1140,825225.0,0.15187211809763557
1141,825285.0,0.1527735105091178
1142,825345.0,0.15342181199546406
1143,825405.0,0.15396437796696355
1144,825465.0,0.15451723796807726
1145,825525.0,0.15517346397561121
1146,825585.0,0.15591527507559427
1147,825645.0,0.1558260241357633
1148,825705.0,0.15586436208459342
1149,825765.0,0.15599528629467735
1150,825825.0,0.15614534105425354
1151,825885.0,0.15625846941118982
1152,825945.0,0.15635363891316156
1153,826005.0,0.15641951712320445
1154,826065.0,0.15647722398059705
1155,826125.0,0.15771381326058032
1156,826185.0,0.15860564359114643
1157,826245.0,0.15928739991258994
1158,826305.0,0.15992976521529284
1159,826365.0,0.16063455538888716
1160,826425.0,0.1614334027846716
1161,826485.0,0.16129818358867676
1162,826545.0,0.16123440596804323
1163,826605.0,0.16124761352556405
1164,826665.0,0.161269346853964
1165,826725.0,0.16127245572366838
1166,826785.0,0.16124345206167523
1167,826845.0,0.16256002114895873
1168,826905.0,0.16353533259275355
1169,826965.0,0.16434141314734446
1170,827025.0,0.16506155247501958
1171,827085.0,0.16581348383593097
1172,827145.0,0.1666238203392128
1173,827205.0,0.16745673352058976
1174,827265.0,0.1674000625682378
1175,827325.0,0.16744783920002804
1176,827385.0,0.16754831122016045
1177,827445.0,0.1676582741191836
1178,827505.0,0.16767835338195142
1179,827565.0,0.167592791577182
1180,827625.0,0.16856994867366099
1181,827685.0,0.16934173988945433
1182,827745.0,0.17000346210113793
1183,827805.0,0.1705993380669566
1184,827865.0,0.17122306928186548
1185,827925.0,0.17187886355091087
1186,827985.0,0.17257748381113863
1187,828045.0,0.17329056952688
1188,828108.0,0.17310297498528693
1189,828165.0,0.17300478740961783
1190,828225.0,0.17299888522305618
1191,828285.0,0.17305854995677156
1192,828345.0,0.17310836452959233
1193,828405.0,0.17315881490644042
1194,828465.0,0.17322015269375396
1195,828525.0,0.17330153471119425
1196,828585.0,0.17335383175519736
1197,828645.0,0.17336835569946424
1198,828705.0,0.1733462379622036
1199,828765.0,0.17328560348965777
1200,828825.0,0.1732138856492293
1201,828885.0,0.17314034042829674
1202,828945.0,0.17308639844433937
1203,829005.0,0.17298912211109008
1204,829065.0,0.17286496542084212
1205,829125.0,0.1727847079334
1206,829188.0,0.17276437369784792
1207,829245.0,0.17279926956071334
1208,829305.0,0.1718444131039451
1209,829365.0,0.17104302703270674
1210,829425.0,0.17037844496053078
1211,829485.0,0.1698101493571859
1212,829545.0,0.16926536765950007
1213,829605.0,0.16944404093802762
1214,829665.0,0.169527092054871
1215,829725.0,0.16949213391205387
1216,829785.0,0.1695677190497502
1217,829845.0,0.1697439342405187
1218,829905.0,0.1699594734039674
1219,829965.0,0.1701589030450274
1220,830025.0,0.17029277740478338
1221,830085.0,0.17035976496876293
1222,830145.0,0.1703431908117783
1223,830205.0,0.1703542551338209
1224,830265.0,0.17038182748058334
1225,830325.0,0.1704111504197534
1226,830385.0,0.17045851737717604
1227,830445.0,0.17050012528216868
1228,830505.0,0.1705063582383654
1229,830565.0,0.16946570892935997
1230,830625.0,0.16873464383351722
1231,830685.0,0.16935645552967876
1232,830745.0,0.16973513272651475
1233,830805.0,0.17063925753866643
1234,830865.0,0.1713938153060547
1235,830925.0,0.17204012396544072
1236,830985.0,0.17264401369482968
1237,831045.0,0.17327041212132205
1238,831105.0,0.1731217196838329
1239,831165.0,0.17309352815770873
1240,831225.0,0.17312828738418384
1241,831285.0,0.17315016171937175
1242,831345.0,0.1731622616773728
1243,831405.0,0.1731364306671931
1244,831465.0,0.17315445875687557
1245,831525.0,0.17315550435009397
1246,831585.0,0.17432846556197829
1247,831645.0,0.1751806777070588
1248,831705.0,0.17584618344832592
1249,831765.0,0.17652949116944688
1250,831825.0,0.17728665527624504
1251,831885.0,0.1772297028798332
1252,831945.0,0.17718604016682027
1253,832005.0,0.17724739365305703
1254,832065.0,0.17735415563109364
1255,832125.0,0.1774448747460134
1256,832185.0,0.17742916557734068
1257,832245.0,0.17737606933788885
1258,832305.0,0.17608034044127957
1259,832365.0,0.17505476408320703
1260,832425.0,0.17426482240748686
1261,832485.0,0.17360342685930402
1262,832545.0,0.1749637387649834
1263,832605.0,0.17589873040568688
1264,832665.0,0.17658913513844005
1265,832725.0,0.17713337258310757
1266,832785.0,0.1777906954576034
1267,832845.0,0.17858654707441246
1268,832905.0,0.17854546346545225
1269,832965.0,0.1785408220727741
1270,833025.0,0.1786041137769887
1271,833085.0,0.17871364608728446
1272,833145.0,0.1787964509964906
1273,833205.0,0.1788286755750847
1274,833265.0,0.17883458751894482
1275,833325.0,0.17989429380381777
1276,833385.0,0.1807381211324497
1277,833445.0,0.18141035764095031
1278,833505.0,0.1822896644330676
1279,833565.0,0.1821490112219507
1280,833628.0,0.18203041709097262
1281,833685.0,0.18198051228065515
1282,833745.0,0.18200438411038655
1283,833805.0,0.18201632573079896
1284,833865.0,0.18202994509768528
1285,833925.0,0.18205389723577747
1286,833985.0,0.18205133642797178
1287,834045.0,0.18204531468339086
1288,834105.0,0.1820221680628225
1289,834165.0,0.18201397102535938
1290,834225.0,0.18088360218252186
1291,834285.0,0.1799743895696997
1292,834345.0,0.17926015598166017
1293,834405.0,0.17861163887009224
1294,834465.0,0.1779429635921303
1295,834525.0,0.17726250030914403
1296,834585.0,0.17737468704184256
1297,834645.0,0.17744073140701017
1298,834705.0,0.1773491155300338
1299,834765.0,0.17724178236362775
1300,834825.0,0.1771724547533728
1301,834885.0,0.17712833072586248
1302,834945.0,0.17701789585220434
1303,835005.0,0.17714974811138884
1304,835065.0,0.17718082981051364
1305,835125.0,0.17629735324954382
1306,835185.0,0.17566427649030264
1307,835245.0,0.17514204380197518
1308,835308.0,0.17457690446483592
1309,835365.0,0.17374520408678346
1310,835425.0,0.17366644970835082
1311,835485.0,0.17346602841788367
1312,835545.0,0.17332549231461802
1313,835605.0,0.1742552741688052
1314,835665.0,0.1754803539034096
1315,835725.0,0.17637724520513942
1316,835785.0,0.17638469009921842
1317,835845.0,0.17645836664201392
1318,835905.0,0.1765782595921121
1319,835965.0,0.17668536815853475
1320,836025.0,0.17559551186154115
1321,836085.0,0.1744798171633371
1322,836145.0,0.17352862716550338
1323,836205.0,0.1727799807595491
1324,836265.0,0.1733270193767994
1325,836325.0,0.1738481811261569
1326,836385.0,0.17409886123275203
1327,836445.0,0.1751324824246035
1328,836505.0,0.17598359854958234
1329,836565.0,0.1758558809619874
1330,836625.0,0.17576352558353653
1331,836685.0,0.17572606250378664
1332,836745.0,0.17566647871733088
1333,836805.0,0.17527180325706854
1334,836865.0,0.17490355881336228
1335,836925.0,0.17338183059226125
1336,836985.0,0.17245802947883815
1337,837045.0,0.1729552586837078
1338,837105.0,0.1735977275762111
1339,837165.0,0.17391933294796708
1340,837225.0,0.17310555875245215
1341,837285.0,0.1732183544183487
1342,837345.0,0.1733009416014133
1343,837405.0,0.1733516335784116
1344,837465.0,0.1731227975335191
1345,837525.0,0.17283869835897248
1346,837585.0,0.1725470328667137
1347,837645.0,0.17112467310723467
1348,837705.0,0.17106834448496439
1349,837765.0,0.17140797874795866
1350,837825.0,0.17161734376645488
1351,837885.0,0.17181020337727793
1352,837945.0,0.17096729014280415
1353,838005.0,0.17017078044238892
1354,838065.0,0.17038036682052538
1355,838125.0,0.17037809941641935
1356,838185.0,0.17011641555329504
1357,838245.0,0.16986085741860785
1358,838305.0,0.16961340079835613
1359,838365.0,0.17086147517349304
1360,838425.0,0.17067933902690952
1361,838485.0,0.17090311358026872
1362,838545.0,0.17106060427924757
1363,838605.0,0.1712059408530115
1364,838665.0,0.17045773120009844
1365,838725.0,0.16971446158247966
1366,838785.0,0.16896544588626689
1367,838848.0,0.16825485543284524
1368,838905.0,0.1683299093714536
1369,838965.0,0.1682005010940369
1370,839025.0,0.16798391525136913
1371,839085.0,0.1676567452545285
1372,839145.0,0.16877889982373562
1373,839205.0,0.16951904770372184
1374,839265.0,0.1705605686073593
1375,839325.0,0.17135455494945906
1376,839385.0,0.17222388415619067
1377,839445.0,0.17223574901409305
1378,839505.0,0.17227044962450055
1379,839565.0,0.17230132529126835
1380,839625.0,0.1723216699998562
1381,839685.0,0.17217435822704075
1382,839745.0,0.17192386049245373
1383,839805.0,0.17172950808532034
1384,839865.0,0.17290537057575978
1385,839925.0,0.17389282186017685
1386,839985.0,0.17466885021594425
1387,840045.0,0.17586134418789512
1388,840108.0,0.1767897305540891
1389,840165.0,0.17765644124966973
1390,840225.0,0.178575424795075
1391,840288.0,0.17857906210650115
1392,840345.0,0.1785938430339455
1393,840405.0,0.17866152291986553
1394,840465.0,0.1787377890493162
1395,840525.0,0.1788057690008633
1396,840585.0,0.1786376199266519
1397,840645.0,0.1784550771201593
1398,840705.0,0.17820338366823074
1399,840765.0,0.17925207563710682
1400,840825.0,0.18003435265239054
1401,840885.0,0.1812907869705358
1402,840945.0,0.18219297917322913
1403,841005.0,0.18292254139323416
1404,841065.0,0.1837226653385748
1405,841125.0,0.18350262418158314
1406,841185.0,0.18340668935402338
1407,841245.0,0.18336287996821427
1408,841305.0,0.18335346276571873
1409,841365.0,0.1833214119941608
1410,841428.0,0.1832295954839706
1411,841485.0,0.1818334155645378
1412,841545.0,0.18079221120530886
1413,841605.0,0.17988233152780753
1414,841665.0,0.1802164823831603
1415,841725.0,0.1804935644555271
1416,841785.0,0.1810418792971113
1417,841845.0,0.18132519689764964
1418,841905.0,0.18238389209883776
1419,841965.0,0.18333201168912971
1420,842025.0,0.18332771954184096
1421,842085.0,0.1832844629877674
1422,842145.0,0.18308958622646432
1423,842205.0,0.18287743297333187
1424,842265.0,0.1835424652630009
1425,842325.0,0.1843853961517441
1426,842385.0,0.18438750279669897
1427,842445.0,0.18449615717938117
1428,842505.0,0.18468426748813893
1429,842565.0,0.18479358534281964
1430,842625.0,0.18484038496312377
1431,842685.0,0.18488439274430785
1432,842745.0,0.18487693130067312
1433,842805.0,0.1846201072816508
1434,842865.0,0.1843414162489344
1435,842925.0,0.18405009279322065
1436,842985.0,0.18493983723612017
1437,843045.0,0.18576353110084987
1438,843105.0,0.1869644897204265
1439,843165.0,0.18810615306075829
1440,843225.0,0.18905960447767928
1441,843285.0,0.18981053934881803
1442,843345.0,0.18933421123253175
1443,843405.0,0.1884005193961878
1444,843465.0,0.1875647750846069
1445,843525.0,0.18669590810842163
1446,843585.0,0.18579296573316806
1447,843645.0,0.1848352142483582
1448,843705.0,0.18564540931637313
1449,843765.0,0.18650201333119243
1450,843825.0,0.18766847195699465
1451,843885.0,0.18853533474950923
1452,843945.0,0.18937126588987613
1453,844005.0,0.19026612825890127
1454,844065.0,0.19022951605524324
1455,844125.0,0.18901455462818828
1456,844185.0,0.1880345637208059
1457,844245.0,0.18722335890689706
1458,844305.0,0.18603487879136116
1459,844365.0,0.1868722509379176
1460,844425.0,0.18767214061894477
1461,844485.0,0.18906791502484205
1462,844545.0,0.1901340956360938
1463,844605.0,0.19106386634332434
1464,844665.0,0.1918250611523203
1465,844728.0,0.19261573575413876
1466,844785.0,0.19260403597152181
1467,844845.0,0.19259864781893643
1468,844905.0,0.1925230483033482
1469,844965.0,0.19242110066601176
1470,845025.0,0.1922577377749578
1471,845085.0,0.19197465531088564
1472,845145.0,0.19288605344017562
1473,845205.0,0.19424977268861815
1474,845265.0,0.19528180527323197
1475,845325.0,0.196422761244818
1476,845385.0,0.19722844355025687
1477,845445.0,0.1979872153215937
1478,845505.0,0.19794976805816628
1479,845565.0,0.19788729366744606
1480,845628.0,0.19788419881390695
1481,845685.0,0.19789721229998725
1482,845745.0,0.19802895812109622
1483,845805.0,0.19791226168960213
1484,845865.0,0.197738401183928
1485,845925.0,0.19765971068217258
1486,845985.0,0.19753696899369072
1487,846045.0,0.1980798543882047
1488,846105.0,0.19899470762664662
1489,846165.0,0.20040662245468693
1490,846225.0,0.201681054251169
1491,846285.0,0.20334248621377626
1492,846345.0,0.2043696729937619
1493,846405.0,0.2040302683212028
1494,846465.0,0.20345434039438137
1495,846525.0,0.20246272637826862
1496,846585.0,0.20237766697207815
1497,846645.0,0.202270941076636
1498,846705.0,0.2021483708114573
1499,846765.0,0.20201604443089521
1500,846825.0,0.20200264194405754
1501,846885.0,0.20214611589728726
1502,846945.0,0.2023317798153434
1503,847005.0,0.20244228762556804
1504,847065.0,0.20206201217769904
1505,847125.0,0.201516405673346
1506,847185.0,0.20121412907521774
1507,847245.0,0.20018246992146682
1508,847305.0,0.19929504502459
1509,847365.0,0.19934591116707956
1510,847425.0,0.1993043611785542
1511,847485.0,0.198805899799055
1512,847545.0,0.1991323999853214
1513,847605.0,0.20041042861052027
1514,847665.0,0.20226939347274447
1515,847725.0,0.2039341623994811
1516,847785.0,0.2052404745352625
1517,847845.0,0.2053324336576719
1518,847905.0,0.20509657559783057
1519,847965.0,0.20484807670853467
1520,848025.0,0.2056737208429325
1521,848085.0,0.20565893885020176
1522,848145.0,0.2055876410964798
1523,848205.0,0.205483841697434
1524,848265.0,0.2053235518565692
1525,848325.0,0.2051205455733484
1526,848385.0,0.20606313737010817
1527,848445.0,0.20705250737792474
1528,848505.0,0.2072841015526367
1529,848565.0,0.2069735870796704
1530,848625.0,0.20680282855147686
1531,848685.0,0.20666576528085334
1532,848745.0,0.20668105661939246
1533,848805.0,0.20657598362560903
1534,848865.0,0.2064583737755098
1535,848925.0,0.20636545790068733
1536,848985.0,0.20651238470912003
1537,849045.0,0.20653033758315625
1538,849105.0,0.2064190846664411
1539,849165.0,0.20592330937601167
1540,849225.0,0.2063814303489992
1541,849285.0,0.20647999817393042
1542,849345.0,0.20663096564178612
1543,849405.0,0.2066376304336393
1544,849465.0,0.2074219523326668
1545,849528.0,0.2081879767104362
1546,849585.0,0.2080997289802914
1547,849645.0,0.2079714477571613
1548,849705.0,0.2079687696858114
1549,849765.0,0.20810677801454935
1550,849825.0,0.20814537545495626
1551,849885.0,0.20830035936469948
1552,849945.0,0.20688794747199468
1553,850005.0,0.20683652674455122
1554,850065.0,0.2066156532579989
1555,850125.0,0.20724768997472515
1556,850185.0,0.2075089109283444
1557,850245.0,0.20848212993032628
1558,850305.0,0.2091694612597143
1559,850365.0,0.20993677769880353
1560,850425.0,0.20986915627528352
1561,850485.0,0.20993668215294908
1562,850545.0,0.21010463762726805
1563,850605.0,0.2102134007377664
1564,850665.0,0.20903253751313589
1565,850725.0,0.20801012450944295
1566,850785.0,0.20718863425927248
1567,850845.0,0.20593411424166014
1568,850905.0,0.2050012483429121
1569,850965.0,0.20412836694111175
1570,851025.0,0.2032015599712667
1571,851085.0,0.2031578007230182
1572,851145.0,0.20286928962824718
1573,851205.0,0.20242294916750386
1574,851265.0,0.20295475010771008
1575,851325.0,0.20378637172638603
1576,851385.0,0.20553973518091218
1577,851445.0,0.20709361373501045
1578,851505.0,0.20858960598056853
1579,851565.0,0.20852176729503247
1580,851625.0,0.20856783168108106
1581,851685.0,0.20802786640100557
1582,851745.0,0.20704772241332892
1583,851805.0,0.20618054971238492
1584,851865.0,0.20519834066919612
1585,851925.0,0.20524535571761793
1586,851985.0,0.2051273996050771
1587,852045.0,0.20468334118926262
1588,852105.0,0.20419909998534808
1589,852165.0,0.20462921673241252
1590,852225.0,0.206024789630064
1591,852285.0,0.2078726317101589
1592,852345.0,0.20942065658652265
1593,852405.0,0.2107214333814031
1594,852465.0,0.21071872118441964
1595,852525.0,0.2106205027930415
1596,852585.0,0.21016992309891025
1597,852645.0,0.20983788886821775
1598,852705.0,0.20964296897275986
1599,852765.0,0.2086506356612886
1600,852825.0,0.2085986072714714
1601,852885.0,0.20858311752517888
1602,852945.0,0.20875035637013611
1603,853005.0,0.2089480585370409
1604,853065.0,0.2079785333115517
1605,853125.0,0.20717223910562382
1606,853185.0,0.20658615055281293
1607,853245.0,0.2067202753901719
1608,853305.0,0.20736046800393282
1609,853365.0,0.20797408719985921
1610,853425.0,0.20852015592840728
1611,853485.0,0.2096031847690702
1612,853545.0,0.21038829878781407
1613,853605.0,0.2113141528974667
1614,853665.0,0.21130868145600878
1615,853725.0,0.21149080896372308
1616,853785.0,0.21056275860668
1617,853845.0,0.2097797300549049
1618,853905.0,0.2085665710540508
1619,853965.0,0.20724383914159794
1620,854025.0,0.20588310696923134
1621,854085.0,0.20546927856409813
1622,854145.0,0.20571050551714537
1623,854205.0,0.20713203024399757
1624,854265.0,0.20830972134635595
1625,854325.0,0.20986908709013702
1626,854385.0,0.21124728463987968
1627,854445.0,0.212241576472256
1628,854505.0,0.21216812747210978
1629,854565.0,0.21208221941196942
1630,854625.0,0.21163238774038312
1631,854685.0,0.21063603206613746
1632,854745.0,0.20971421534436013
1633,854805.0,0.20877702251827873
1634,854865.0,0.20877651650323936
1635,854928.0,0.20859248379773904
1636,854985.0,0.2090029594417761
1637,855045.0,0.2098897677585025
1638,855105.0,0.21161776207480482
1639,855165.0,0.21223384384263394
1640,855225.0,0.21269611532152516
1641,855285.0,0.21235116138211763
1642,855345.0,0.21201974808940205
1643,855405.0,0.2109693440325
1644,855465.0,0.2101376753468822
1645,855525.0,0.20932992668359918
1646,855585.0,0.2093154829423604
1647,855645.0,0.20945609814621075
1648,855705.0,0.2096187876935689
1649,855765.0,0.2098064542200065
1650,855828.0,0.2100026579431744
1651,855885.0,0.21030120803806662
1652,855945.0,0.2093886922350774
1653,856005.0,0.20802912791473255
1654,856065.0,0.20669252008759725
1655,856125.0,0.20590446900613063
1656,856185.0,0.20601806115507
1657,856245.0,0.2066467537848733
1658,856305.0,0.20803168520907395
1659,856365.0,0.20936387765569614
1660,856425.0,0.21069441865983496
1661,856485.0,0.2114774671980546
1662,856545.0,0.21226117753587986
1663,856605.0,0.21220012846976893
1664,856665.0,0.21233015437144742
1665,856725.0,0.2124573419687959
1666,856785.0,0.21257098149481124
1667,856845.0,0.21198310174941165
1668,856905.0,0.2110258987287651
1669,856965.0,0.20976930458985737
1670,857025.0,0.20867794543261653
1671,857085.0,0.20699557339942048
1672,857145.0,0.20562790574869355
1673,857205.0,0.20528462236352885
1674,857265.0,0.2055435567252034
1675,857325.0,0.20721397843143835
1676,857385.0,0.20852320907781446
1677,857445.0,0.20951329170081529
1678,857505.0,0.21038188325334162
1679,857565.0,0.21134662429931034
1680,857625.0,0.2114062722065867
1681,857685.0,0.21154471042137346
1682,857745.0,0.21169788503499665
1683,857808.0,0.2118224556989441
1684,857865.0,0.21111330581482207
1685,857925.0,0.21050325598795006
1686,857985.0,0.20985033886474952
1687,858045.0,0.2099766093538986
1688,858105.0,0.20973515818803307
1689,858165.0,0.20923771790086337
1690,858225.0,0.2099061619179275
1691,858285.0,0.21151391384970325
1692,858345.0,0.21255406906695617
1693,858405.0,0.2127711569841188
1694,858465.0,0.21219156323685007
1695,858525.0,0.21164386371561933
1696,858585.0,0.21119120170308925
1697,858645.0,0.2106775436482926
1698,858705.0,0.21042907772765146
1699,858765.0,0.20962080494947977
1700,858825.0,0.20882429102584893
1701,858885.0,0.20883544322116698
1702,858945.0,0.20884426716406113
1703,859005.0,0.20881553948311526
1704,859065.0,0.20870104426101882
1705,859125.0,0.2086070250482146
1706,859185.0,0.20870146185122318
1707,859245.0,0.20965550692900475
1708,859305.0,0.20986894492270014
1709,859365.0,0.21003916852248267
1710,859425.0,0.21013064978577767
1711,859485.0,0.21001947841288182
1712,859545.0,0.2108675554738511
1713,859608.0,0.21092602478024836
1714,859665.0,0.21096420254341985
1715,859725.0,0.21112049075788375
1716,859785.0,0.21122749986043132
1717,859845.0,0.21132209513393302
1718,859905.0,0.21136376272913915
1719,859965.0,0.21026820821916192
1720,860025.0,0.20851065844624528
1721,860085.0,0.2081978661318426
1722,860145.0,0.2089687358218888
1723,860205.0,0.20955884381433315
1724,860265.0,0.20988125778096672
1725,860325.0,0.21006065093392912
1726,860385.0,0.21091474406602512
1727,860445.0,0.2117768643696289
1728,860505.0,0.2118484748492213
1729,860565.0,0.21187504183755013
1730,860625.0,0.21205032215578246
1731,860685.0,0.2121615433783277
1732,860745.0,0.21243856301288372
1733,860805.0,0.21160407227868466
1734,860865.0,0.21037381192377885
1735,860925.0,0.20846236285346592
1736,860985.0,0.20812457762408954
1737,861045.0,0.2090844158359686
1738,861105.0,0.2098186317935034
1739,861165.0,0.21017796682167567
1740,861225.0,0.21120062982420257
1741,861285.0,0.2121027269439929
1742,861345.0,0.21284127472171677
1743,861405.0,0.2138663211503724
1744,861465.0,0.21476541560524642
1745,861525.0,0.21483080662557413
1746,861585.0,0.21497073534695282
1747,861648.0,0.2151744735030724
1748,861705.0,0.2153283081642574
1749,861765.0,0.21551179200089204
1750,861825.0,0.21522987387453607
1751,861885.0,0.21569004076333703
1752,861945.0,0.21716072471125925
1753,862005.0,0.21927545158161377
1754,862065.0,0.22027603440779675
1755,862125.0,0.2207840968346379
1756,862185.0,0.22054728309712124
1757,862245.0,0.22048178706926552
1758,862305.0,0.22006231413696936
1759,862365.0,0.21991356534514644
1760,862425.0,0.21993338959351566
1761,862485.0,0.21921224517011756
1762,862545.0,0.21930018527821804
1763,862605.0,0.21952951564511874
1764,862665.0,0.21974299118594898
1765,862725.0,0.21957971512093605
1766,862785.0,0.21998037130428982
1767,862845.0,0.22137290140858085
1768,862908.0,0.2236933687195748
1769,862965.0,0.22485467564619444
1770,863025.0,0.22487055717898768
1771,863088.0,0.22449954448551362
1772,863145.0,0.22430486532423016
1773,863205.0,0.22416129069755536
1774,863265.0,0.22410497644034738
1775,863325.0,0.22420446983218312
1776,863385.0,0.22346659417146153
1777,863445.0,0.22287989103154993
1778,863505.0,0.22231660718508234
1779,863565.0,0.2225439741679449
1780,863625.0,0.22236182860311354
1781,863685.0,0.2225249303725857
1782,863745.0,0.22328914865335286
1783,863805.0,0.2249596692289796
1784,863865.0,0.22685219275386537
1785,863925.0,0.22812588728401706
1786,863985.0,0.22857921215536103
1787,864045.0,0.22834998356115305
1788,864105.0,0.2276028502150076
1789,864165.0,0.22699150030641696
1790,864225.0,0.22571868784871085
1791,864285.0,0.22472555482709433
1792,864345.0,0.22410388907415785
1793,864405.0,0.22349783070917106
1794,864465.0,0.22377319832664622
1795,864525.0,0.22382359248159694
1796,864585.0,0.22355918428942873
1797,864645.0,0.2236967900651759
1798,864705.0,0.2246292598098426
1799,864765.0,0.22657324102603105
1800,864825.0,0.22844081315370585
1801,864885.0,0.22941138605960015
1802,864945.0,0.2297320346712416
1803,865005.0,0.22957064686030682
1804,865065.0,0.22928338396262155
1805,865125.0,0.22876939751404574
1806,865185.0,0.22756348798483544
1807,865245.0,0.2268123852716507
1808,865305.0,0.2263028623551358
1809,865365.0,0.22573094057687715
1810,865425.0,0.22507119029805772
1811,865485.0,0.22520883582985612
1812,865545.0,0.22500837153278458
1813,865605.0,0.22451024913749407
1814,865665.0,0.22533365799816857
1815,865725.0,0.22722568666742743
1816,865785.0,0.22854730848906707
1817,865845.0,0.229210674781559
1818,865905.0,0.22901834858541392
1819,865965.0,0.2285885256189477
1820,866025.0,0.2282187356899134
1821,866085.0,0.22806630890384222
1822,866145.0,0.22730799587946826
1823,866205.0,0.22744786687013474
1824,866265.0,0.22760114268745868
1825,866325.0,0.2277240837869921
1826,866385.0,0.22786509358860257
1827,866445.0,0.2276056450459995
1828,866505.0,0.22789221689345557
1829,866565.0,0.22879400263065763
1830,866625.0,0.23009962853578164
1831,866685.0,0.23186035008428063
1832,866745.0,0.23323734422657705
1833,866805.0,0.23440304006913
1834,866865.0,0.23568652557894382
1835,866925.0,0.23619162839023394
1836,866985.0,0.23615131395606082
1837,867048.0,0.23469240103258776
1838,867105.0,0.23337944830092738
1839,867165.0,0.23219022222319846
1840,867225.0,0.2310063399676383
1841,867285.0,0.23037938279861725
1842,867345.0,0.22975784529589688
1843,867405.0,0.229996999766802
1844,867465.0,0.23021304383148777
1845,867525.0,0.2303466653419025
1846,867585.0,0.23051272399804307
1847,867645.0,0.2306808909892369
1848,867705.0,0.23085792429599117
1849,867765.0,0.231021821084601
1850,867825.0,0.23119704616347048
1851,867885.0,0.23163010932300043
1852,867945.0,0.23199765755351964
1853,868005.0,0.23127053462218156
1854,868065.0,0.23070211475000257
1855,868125.0,0.2298912979566382
1856,868185.0,0.23001464507569502
1857,868245.0,0.2303321658822286
1858,868305.0,0.2305534541338558
1859,868365.0,0.2306107818915336
1860,868425.0,0.2315508874010137
1861,868485.0,0.2324603072337193
1862,868545.0,0.2324060040897844
1863,868605.0,0.23238266758690485
1864,868665.0,0.23242566480262983
1865,868725.0,0.2325021286300662
1866,868785.0,0.23261838409928326
1867,868845.0,0.2327571051368797
1868,868905.0,0.23318656137808702
1869,868965.0,0.23376561007042307
1870,869025.0,0.23318077002242976
1871,869085.0,0.2320540018176685
1872,869145.0,0.23043459240542513
1873,869205.0,0.2289573602349328
1874,869265.0,0.2288182125988772
1875,869325.0,0.2289078413047248
1876,869385.0,0.2295665595993837
1877,869445.0,0.23012575076984643
1878,869505.0,0.23038563986774963
1879,869565.0,0.23131079919190362
1880,869625.0,0.2322451073324212
1881,869685.0,0.2322726136602427
1882,869745.0,0.23236235785437637
1883,869805.0,0.2325094478352449
1884,869865.0,0.23308203269765665
1885,869925.0,0.23374955841664252
1886,869985.0,0.23312118907234652
1887,870045.0,0.23129358301255493
1888,870105.0,0.22995798711393461
1889,870165.0,0.228767724034191
1890,870225.0,0.2276664083492621
1891,870285.0,0.227568499265555
1892,870345.0,0.22792030020074538
1893,870405.0,0.2295023924023366
1894,870465.0,0.23096437254225366
1895,870525.0,0.23214617657355785
1896,870585.0,0.23304738132732494
1897,870645.0,0.2339997151548487
1898,870705.0,0.23433699691241028
1899,870765.0,0.2347750781306207
1900,870825.0,0.23530264683590046
1901,870885.0,0.23450251921531223
1902,870945.0,0.23279585681236414
1903,871005.0,0.23143929461034785
1904,871068.0,0.23042636510404363
1905,871125.0,0.229558399048143
1906,871185.0,0.22868085176433378
1907,871245.0,0.2276586458999308
1908,871305.0,0.22839680830282688
1909,871365.0,0.22954271529407066
1910,871425.0,0.23041299547390892
1911,871485.0,0.23151822733113558
1912,871545.0,0.23243267647435034
1913,871605.0,0.23342826942107442
1914,871665.0,0.23478624292594696
1915,871725.0,0.23534311427043264
1916,871785.0,0.2346768817029159
1917,871845.0,0.23287987333344262
1918,871905.0,0.23145353732412233
1919,871965.0,0.23014188789810675
1920,872025.0,0.22893858015729968
1921,872085.0,0.22926200637627153
1922,872145.0,0.22959765634086698
1923,872205.0,0.22967661157138897
1924,872265.0,0.22984326331723942
1925,872325.0,0.23081230066788488
1926,872385.0,0.2317246226349265
1927,872445.0,0.23163542074797533
1928,872505.0,0.23160572163748977
1929,872565.0,0.2316087601923036
1930,872625.0,0.23219133817365067
1931,872685.0,0.23173525824521218
1932,872745.0,0.230299856332985
1933,872805.0,0.22823456062745917
1934,872865.0,0.22777586367855102
1935,872925.0,0.22721141695096952
1936,872985.0,0.2271411525320735
1937,873045.0,0.22693442074695397
1938,873105.0,0.22711429976004133
1939,873165.0,0.22628261146634443
1940,873225.0,0.22550995508268534
1941,873285.0,0.2256521517190373
1942,873345.0,0.2258277533383472
1943,873405.0,0.22551236300364147
1944,873465.0,0.22515166900065464
1945,873525.0,0.23177505943016802
1946,873585.0,0.23265210646517182
1947,873645.0,0.23287088318407362
1948,873705.0,0.23221677753374453
1949,873765.0,0.231722592879899
1950,873825.0,0.23045723627996528
1951,873885.0,0.2292426235683015
1952,873945.0,0.22812413221252875
1953,874005.0,0.22734974984171952
1954,874065.0,0.2266790822352761
1955,874125.0,0.22575871395933922
1956,874185.0,0.22575905641549154
1957,874245.0,0.2257207962495522
1958,874305.0,0.22553542594423065
1959,874365.0,0.22537923778930674
1960,874425.0,0.2257526510572715
1961,874485.0,0.2257515322835973
1962,874545.0,0.22511866197449953
1963,874605.0,0.22357718798562787
1964,874665.0,0.22205004108753001
1965,874725.0,0.22083649297958674
1966,874785.0,0.21987540235686237
1967,874845.0,0.2190878885802926
1968,874905.0,0.21843628564470202
1969,874965.0,0.21776655774644288
1970,875025.0,0.21785417270302743
1971,875085.0,0.21796622050126685
1972,875145.0,0.2180355686946136
1973,875205.0,0.21807159734907605
1974,875268.0,0.21810911190995408
1975,875328.0,0.21820917583724292
1976,875385.0,0.21862598603839134
1977,875445.0,0.21859623555198737
1978,875505.0,0.21782977645492524
1979,875565.0,0.21629795531225587
1980,875625.0,0.21507162359638354
1981,875685.0,0.21398094982208854
1982,875745.0,0.21259180799348826
1983,875805.0,0.21122107446611393
1984,875865.0,0.21099002856531324
1985,875925.0,0.21120126540658757
1986,875985.0,0.211975965257178
1987,876045.0,0.21293897915686083
1988,876105.0,0.21394914462024128
1989,876165.0,0.21486040422393987
1990,876225.0,0.21481418694019794
1991,876285.0,0.2147947599066553
1992,876345.0,0.21517334444364938
1993,876405.0,0.21592187240900473
1994,876465.0,0.21507889554009268
1995,876525.0,0.21325925070229335
1996,876585.0,0.21220347423088376
1997,876645.0,0.21171359553404517
1998,876705.0,0.2111293720609112
1999,876765.0,0.21149653039269245
2000,876828.0,0.21188614851477472
2001,876885.0,0.2110641863876328
2002,876945.0,0.2111366339317956
2003,877005.0,0.21128997711789138
2004,877065.0,0.2115216227747579
2005,877125.0,0.2112807984061097
2006,877185.0,0.21089672429625445
2007,877245.0,0.2106982638003247
2008,877305.0,0.2114416088590662
2009,877365.0,0.21143846328373084
2010,877425.0,0.21111857388821975
2011,877485.0,0.2107244632118716
2012,877545.0,0.2106125213009717
2013,877605.0,0.20954230366410115
2014,877665.0,0.20871934730472047
2015,877725.0,0.20809005929568442
2016,877785.0,0.20728987238590052
2017,877845.0,0.2073234596411987
2018,877905.0,0.2073224674996479
2019,877965.0,0.2072310347103245
2020,878025.0,0.2075045504592281
2021,878085.0,0.20769017667709244
2022,878145.0,0.20781778448243526
2023,878205.0,0.2079435319051527
2024,878265.0,0.20784369578995116
2025,878325.0,0.20769905222490148
2026,878385.0,0.20769177050407567
2027,878445.0,0.20769553189139162
2028,878508.0,0.2075952206747636
2029,878565.0,0.20741049250917776
2030,878625.0,0.2075067630968389
2031,878685.0,0.20759787561659093
2032,878745.0,0.2078256658052196
2033,878805.0,0.2083878279136992
2034,878865.0,0.2081403947214901
2035,878925.0,0.20731279196627345
2036,878985.0,0.20590533880894013
2037,879045.0,0.2046945693598054
2038,879105.0,0.20381843507595826
2039,879165.0,0.2028158771232934
2040,879225.0,0.20188472958073667
2041,879285.0,0.20082643604552775
2042,879345.0,0.20079372932845563
2043,879405.0,0.20073126148271087
2044,879465.0,0.20058394043078542
2045,879525.0,0.20040337805652597
2046,879585.0,0.20019600764850637
2047,879645.0,0.2000461268887398
2048,879705.0,0.19991292887379652
2049,879765.0,0.19979428141760686
2050,879825.0,0.199734119046367
2051,879885.0,0.19970719606584497
2052,879945.0,0.19989244065689638
2053,880005.0,0.20010836839793905
2054,880065.0,0.19919569478941201
2055,880125.0,0.19820504773718778
2056,880185.0,0.196790790920165
2057,880245.0,0.19547969417301164
2058,880305.0,0.19440706705007865
2059,880365.0,0.19348983412525267
2060,880425.0,0.19247942549054653
2061,880485.0,0.19233302695450866
2062,880545.0,0.19213451282629646
2063,880605.0,0.19213505635760258
2064,880665.0,0.1922605763104409
2065,880725.0,0.1922474257812335
2066,880785.0,0.1921547475034847
2067,880845.0,0.19211983929704973
2068,880905.0,0.19205271833728543
2069,880965.0,0.1921290820471
2070,881025.0,0.19210369408658168
2071,881085.0,0.19123122260298547
2072,881145.0,0.18971699629637195
2073,881205.0,0.1893860658942773
2074,881268.0,0.18891421702772093
2075,881325.0,0.18857267992694132
2076,881385.0,0.18889879086281586
2077,881445.0,0.18918294622951232
2078,881505.0,0.1892184932048987
2079,881565.0,0.18930272109520652
2080,881625.0,0.1893991537778747
2081,881685.0,0.18937598796123123
2082,881745.0,0.18924620869268366
2083,881805.0,0.18892148193632524
2084,881865.0,0.18847299262383976
2085,881925.0,0.18814444636325867
2086,881985.0,0.18791652539321596
2087,882045.0,0.18943427965006016
2088,882105.0,0.1898023194138529
2089,882165.0,0.18953898953296566
2090,882225.0,0.18938329313388397
2091,882285.0,0.18954955515121225
2092,882345.0,0.1886428168481959
2093,882405.0,0.18792948676344295
2094,882465.0,0.18706104568420207
2095,882525.0,0.18687536110443076
2096,882585.0,0.18649117912331714
2097,882648.0,0.18607943219627643
2098,882705.0,0.18584397987413293
2099,882765.0,0.18583257172960416
2100,882825.0,0.18612865870891904
2101,882885.0,0.18528755645979977
2102,882945.0,0.18451813312360987
2103,883005.0,0.18370877932792629
2104,883065.0,0.18270676340778352
2105,883125.0,0.18167103307907778
2106,883185.0,0.1806384310547708
2107,883245.0,0.18063072076844228
2108,883305.0,0.18057028765499145
2109,883365.0,0.1809151855130972
2110,883425.0,0.18097394610252643
2111,883485.0,0.18128368242916382
2112,883545.0,0.18176965372579046
2113,883605.0,0.18217997998301882
2114,883665.0,0.18104261601610655
2115,883725.0,0.180199818631878
2116,883785.0,0.17909113948128924
2117,883845.0,0.1779953652149991
2118,883905.0,0.17689464711005737
2119,883965.0,0.17674449380997093
2120,884025.0,0.1768549355738292
2121,884085.0,0.17693408308882863
2122,884145.0,0.1769009056227403
2123,884205.0,0.17723408926264345
2124,884265.0,0.17766698213617343
2125,884325.0,0.1715269064586432
2126,884385.0,0.17018226106240386
2127,884445.0,0.16873876316247727
2128,884505.0,0.16720886166600624
2129,884565.0,0.1671627692967006
2130,884625.0,0.16866584439625693
2131,884685.0,0.16988799151411643
2132,884745.0,0.17076676375414102
2133,884805.0,0.1704766274447826
2134,884865.0,0.17021216385336152
2135,884925.0,0.17026673095020745
2136,884985.0,0.17024321315894875
2137,885045.0,0.1701222787085035
2138,885105.0,0.17002039478544972
2139,885165.0,0.16989187844970266
2140,885225.0,0.16953651429340622
2141,885285.0,0.16919729025326946
2142,885345.0,0.16886859930248127
2143,885405.0,0.16856576298556625
2144,885465.0,0.16834167650310777
2145,885525.0,0.1680399180904707
2146,885585.0,0.1677593999673418
2147,885645.0,0.16742404952138074
2148,885708.0,0.16711552918377803
2149,885765.0,0.16679003750258864
2150,885825.0,0.16648010421726395
2151,885885.0,0.1661689897069359
2152,885945.0,0.16580979870906987
2153,886005.0,0.16550142730602668
2154,886065.0,0.16516403321168693
2155,886125.0,0.16486497465711952
2156,886185.0,0.16454028346415822
2157,886245.0,0.16428135326306476
2158,886305.0,0.1639747280390345
2159,886365.0,0.16368384456508367
2160,886425.0,0.16333918800168945
2161,886485.0,0.16298802133385532
2162,886545.0,0.16296741348383992
2163,886605.0,0.16312708204728182
2164,886665.0,0.16252973883524474
2165,886725.0,0.16141755539227925
2166,886785.0,0.16057903185082045
2167,886845.0,0.1595236297729251
2168,886905.0,0.1583539445153142
2169,886965.0,0.15727853452672946
2170,887025.0,0.1572315976858356
2171,887085.0,0.1570619493446747
2172,887145.0,0.15677354618965184
2173,887208.0,0.15646377241446402
2174,887265.0,0.1565415574420725
2175,887325.0,0.15681137989110255
2176,887385.0,0.1563104417473259
2177,887445.0,0.15541724526696954
2178,887505.0,0.15483482994144332
2179,887565.0,0.15360436399379718
2180,887625.0,0.15241903550852293
2181,887685.0,0.1523925856768461
2182,887745.0,0.15371567546460063
2183,887805.0,0.15470319745075184
2184,887865.0,0.15517018230916163
2185,887925.0,0.1560243069330534
2186,887985.0,0.1561762776290846
2187,888045.0,0.15646251443310216
2188,888105.0,0.15546588088946128
2189,888165.0,0.1546658567750458
2190,888225.0,0.15372192902562298
2191,888285.0,0.15229269897925168
2192,888345.0,0.15093694732015972
2193,888405.0,0.1507196405069704
2194,888465.0,0.1505012393346044
2195,888525.0,0.15023266763004822
2196,888585.0,0.15017372652361227
2197,888645.0,0.1502597286755591
2198,888705.0,0.15028022809600183
2199,888765.0,0.15041250065568956
2200,888825.0,0.15010948755196457
2201,888885.0,0.1499252012658489
2202,888945.0,0.1497349824517928
2203,889005.0,0.14959630463599016
2204,889065.0,0.14963903002973705
2205,889125.0,0.14977371494006586
2206,889185.0,0.14975713664551782
2207,889245.0,0.1497123364095076
2208,889305.0,0.14981301174905554
2209,889365.0,0.15003491765957622
2210,889425.0,0.14993108642638225
2211,889485.0,0.1497958920900102
2212,889545.0,0.14975716472691242
2213,889605.0,0.14964928783548614
2214,889665.0,0.14955383250327337
2215,889725.0,0.14969356481536344
2216,889785.0,0.14984357447585822
2217,889845.0,0.149942469416046
2218,889905.0,0.14992993934907067
2219,889965.0,0.15009490701338257
2220,890025.0,0.15016181674133988
2221,890085.0,0.1503272787101062
2222,890145.0,0.15041796439782412
2223,890205.0,0.15044672469512893
2224,890265.0,0.15055577605756115
2225,890325.0,0.1507022396222954
2226,890385.0,0.15088263349870862
2227,890445.0,0.15105114640567063
2228,890505.0,0.1512123353298384
2229,890565.0,0.15139174670643818
2230,890625.0,0.1515057430936218
2231,890685.0,0.1515804729807595
2232,890745.0,0.15171403707763492
2233,890805.0,0.15191185822957548
2234,890865.0,0.15213240417521418
2235,890925.0,0.15234905973409735
2236,890985.0,0.15243548422742526
2237,891045.0,0.15254970402664347
2238,891105.0,0.15267660519858944
2239,891165.0,0.15277322973051138
2240,891225.0,0.1528819025496972
2241,891285.0,0.15304324570972472
2242,891345.0,0.1531952566072065
2243,891405.0,0.15312029695021334
2244,891465.0,0.1528989659683866
2245,891525.0,0.1528091901974547
2246,891585.0,0.1528161511333031
2247,891645.0,0.15285454422406564
2248,891705.0,0.15291498154861038
2249,891765.0,0.15306249471745026
2250,891825.0,0.1533932383176117
2251,891885.0,0.15373343756735985
2252,891945.0,0.15412387400123928
2253,892005.0,0.15295880231480996
2254,892065.0,0.1520359418008393
2255,892125.0,0.15125580919227322
2256,892185.0,0.15009947082889735
2257,892245.0,0.14905913897805495
2258,892305.0,0.14908526380796522
2259,892365.0,0.1490117072796715
2260,892425.0,0.14886148320914266
2261,892485.0,0.14884342030923958
2262,892545.0,0.1489068819709276
2263,892605.0,0.149220030279256
2264,892665.0,0.14966944849052988
2265,892725.0,0.14995504572720025
2266,892785.0,0.15029752488099335
2267,892845.0,0.14908336872594946
2268,892905.0,0.14807990429675433
2269,892965.0,0.14735707859903696
2270,893025.0,0.14676740101983737
2271,893085.0,0.14565299288463562
2272,893145.0,0.14576110483472549
2273,893205.0,0.14560297644757814
2274,893265.0,0.14548426948420912
2275,893325.0,0.14552444174337476
2276,893385.0,0.14569811992387494
2277,893445.0,0.1458548484774878
2278,893505.0,0.1459384767747401
2279,893565.0,0.14599936205919656
2280,893625.0,0.1458429212694239
2281,893685.0,0.14546199542127053
2282,893745.0,0.14519818203233864
2283,893805.0,0.14499244512755177
2284,893865.0,0.14496012728715607
2285,893925.0,0.14502729586539437
2286,893985.0,0.14505894082196813
2287,894045.0,0.14505534620233135
2288,894105.0,0.14507383846376942
2289,894165.0,0.14463378487079565
2290,894225.0,0.14433530232292702
2291,894285.0,0.14404992293551683
2292,894345.0,0.1437844079661924
2293,894405.0,0.14364836402758657
2294,894465.0,0.1435712266986529
2295,894525.0,0.1434914389665703
2296,894585.0,0.14324036657732314
2297,894645.0,0.14313271853395165
2298,894705.0,0.14312325392823855
2299,894765.0,0.14314284285282586
2300,894825.0,0.14286817258995216
2301,894885.0,0.14259007915338212
2302,894948.0,0.14239887573707488
2303,895005.0,0.14223911059333977
2304,895065.0,0.14208560833480643
2305,895125.0,0.14188745507914408
2306,895185.0,0.14208504128991262
2307,895248.0,0.14232263807806766
2308,895305.0,0.14263766082451274
2309,895365.0,0.14158810330197896
2310,895425.0,0.13999273193675815
2311,895485.0,0.1387033541691266
2312,895545.0,0.13775324985627896
2313,895605.0,0.13791248292904656
2314,895665.0,0.13801534686473194
2315,895725.0,0.13803374761570258
2316,895785.0,0.13807809574281937
2317,895845.0,0.13820684804954425
2318,895908.0,0.13840449931755539
2319,895968.0,0.13862086032346949
2320,896025.0,0.1388674294937463
2321,896085.0,0.1391047461537545
2322,896145.0,0.1393608185469088
2323,896205.0,0.13961992081231767
2324,896265.0,0.13980089883494856
2325,896325.0,0.14000402001534218
2326,896385.0,0.14017556415396631
2327,896445.0,0.1403514116016063
2328,896505.0,0.14052163763869224
2329,896565.0,0.1407346439284506
2330,896625.0,0.1409612193157866
2331,896685.0,0.14119605062030494
2332,896745.0,0.14150581154320735
2333,896805.0,0.14176559896154955
2334,896865.0,0.14206228663555626
2335,896925.0,0.1423089714475122
2336,896985.0,0.142551262731672
2337,897045.0,0.14264481014842512
2338,897105.0,0.14272359116719696
2339,897165.0,0.14274918611160153
2340,897225.0,0.14278914159094458
2341,897285.0,0.14283081737750442
2342,897345.0,0.1429077291314111
2343,897405.0,0.14296547069306753
2344,897465.0,0.14299379254659356
2345,897525.0,0.1429892663754989
2346,897585.0,0.14294866563165254
2347,897645.0,0.14290107362780036
2348,897705.0,0.14288121537538756
2349,897765.0,0.1428495981904846
2350,897825.0,0.14279142563076824
2351,897885.0,0.14286113841568132
2352,897945.0,0.142994359249199
2353,898005.0,0.1430957157025337
2354,898065.0,0.14313623535230752
2355,898125.0,0.14321117638038205
2356,898185.0,0.14325092545943563
2357,898245.0,0.14330356223848817
2358,898305.0,0.14332618768682714
2359,898365.0,0.14338050793623747
2360,898425.0,0.14346329512863198
2361,898485.0,0.1435084066132784
2362,898545.0,0.1421404211478795
2363,898605.0,0.14097216531228374
2364,898665.0,0.14018502886855694
2365,898725.0,0.1394822211516154
2366,898785.0,0.1397060641284366
2367,898845.0,0.13988046023445977
2368,898905.0,0.13994076903700808
2369,898965.0,0.13990676853221734
2370,899025.0,0.1399467424679221
2371,899085.0,0.14007799760682127
2372,899145.0,0.1402497726817611
2373,899208.0,0.14042243508846247
2374,899265.0,0.14051703278463834
2375,899325.0,0.14051668922923638
2376,899385.0,0.14042655929435982
2377,899445.0,0.1402325358480045
2378,899505.0,0.14012874110015727
2379,899565.0,0.13999807499412814
2380,899625.0,0.13988928036704712
2381,899685.0,0.1397442042199319
2382,899745.0,0.1396485351941104
2383,899805.0,0.1395322468880134
2384,899865.0,0.1394963102333751
2385,899925.0,0.13945780907125427
2386,899985.0,0.13943847179076596
2387,900045.0,0.13944350240062403
2388,900105.0,0.13939812162443704
2389,900165.0,0.13922963745421546
2390,900225.0,0.13900157731748658
2391,900285.0,0.13875905528977067
2392,900345.0,0.1384901371431918
2393,900405.0,0.1382346012535196
2394,900465.0,0.13795180951834302
2395,900525.0,0.1376687720321531
2396,900585.0,0.13740697702435473
2397,900648.0,0.13714816889677744
2398,900705.0,0.13692834297483925
2399,900765.0,0.13673778289085226
2400,900825.0,0.13658417813402146
2401,900885.0,0.13644650725142998
2402,900945.0,0.1363724344054275
2403,901005.0,0.13635366428195111
2404,901065.0,0.13628157150011055
2405,901125.0,0.13618807853967774
2406,901185.0,0.13605582897249957
2407,901245.0,0.135892542289335
2408,901305.0,0.13570202765989292
2409,901365.0,0.13550546397381474
2410,901425.0,0.13532470638977423
2411,901485.0,0.13518048216376055
2412,901545.0,0.13504801509105024
2413,901605.0,0.13491471191803378
2414,901668.0,0.1347774116438995
2415,901725.0,0.1346429737040541
2416,901785.0,0.13453594784087408
2417,901845.0,0.13446320083653474
2418,901905.0,0.13440558408535136
2419,901965.0,0.13436055124300017
2420,902025.0,0.13433237333927966
2421,902085.0,0.1343125149980982
2422,902145.0,0.134282790875365
2423,902205.0,0.13426644170828794
2424,902265.0,0.13425270640246467
2425,902325.0,0.13425299539827756
2426,902385.0,0.13426197960628677
2427,902445.0,0.13424653431683337
2428,902505.0,0.1341249237457655
2429,902565.0,0.13395805775029523
2430,902625.0,0.13376886666201254
2431,902685.0,0.1335651731495698
2432,902745.0,0.13336174162974335
2433,902805.0,0.13314075767713487
2434,902865.0,0.13294264381500712
2435,902925.0,0.13273181406235557
2436,902985.0,0.13250050949566927
2437,903045.0,0.13228547361851695
2438,903105.0,0.13213580305795875
2439,903165.0,0.13206351927048113
2440,903225.0,0.13203627048107977
2441,903285.0,0.13202091825250398
2442,903345.0,0.13201190282469075
2443,903405.0,0.13200723206014808
2444,903465.0,0.13200063465459244
2445,903525.0,0.13198616670081598
2446,903585.0,0.13195276280092016
2447,903645.0,0.13184715641517816
2448,903705.0,0.13169149034891728
2449,903765.0,0.13149411510957926
2450,903825.0,0.13130744295331437
2451,903885.0,0.13111143332132932
2452,903945.0,0.13089986104155638
2453,904005.0,0.13082351775081685
2454,904065.0,0.13076468484278927
2455,904125.0,0.13073533380133454
2456,904185.0,0.13074399901612654
2457,904245.0,0.13078552941915939
2458,904305.0,0.1308591037719245
2459,904365.0,0.13092911567969415
2460,904425.0,0.1310343609133888
2461,904485.0,0.13113197417350603
2462,904545.0,0.1311856913656317
2463,904605.0,0.13118910238268816
2464,904665.0,0.13119965522819083
2465,904725.0,0.13119999020230314
2466,904785.0,0.13113177707407664
2467,904845.0,0.13099737611813345
2468,904905.0,0.13085200844249345
2469,904965.0,0.13076128276036741
2470,905025.0,0.1307301491881345
2471,905085.0,0.13077038976409444
2472,905145.0,0.13078236760774553
2473,905205.0,0.13082532819096054
2474,905265.0,0.13088507764561483
2475,905325.0,0.1310038882237252
2476,905385.0,0.13117072938871238
2477,905445.0,0.1313666729113769
2478,905505.0,0.13155748954133767
2479,905565.0,0.13175311800221112
2480,905625.0,0.13195057833467927
2481,905685.0,0.1321113632063754
2482,905745.0,0.13223054051868072
2483,905805.0,0.13233158504693943
2484,905865.0,0.13239512899403105
2485,905925.0,0.1324489409214455
2486,905985.0,0.13249778183182623
2487,906045.0,0.13252251416669167
2488,906105.0,0.13253666999596644
2489,906165.0,0.13255474747287463
2490,906225.0,0.13256923623914574
2491,906285.0,0.13254121743230912
2492,906345.0,0.13245731312402928
2493,906405.0,0.13236473100221247
2494,906465.0,0.13227083238314774
2495,906525.0,0.13219547304896845
2496,906585.0,0.13216679419380922
2497,906645.0,0.1321353856216159
2498,906705.0,0.13210656988347588
2499,906765.0,0.13212665562009043
2500,906825.0,0.13217067548585013
2501,906885.0,0.1322242025163739
2502,906945.0,0.13227532404314576
2503,907005.0,0.13231623214371765
2504,907065.0,0.13234408890633612
2505,907125.0,0.13239779690565506
2506,907185.0,0.13243993626307435
2507,907245.0,0.1324937115194692
2508,907305.0,0.13252365650609763
2509,907365.0,0.13248021113557046
2510,907425.0,0.132367519847296
2511,907485.0,0.13220688962461874
2512,907545.0,0.13203624701013159
2513,907605.0,0.13190717692955015
2514,907665.0,0.13180941946747973
2515,907725.0,0.13173810618893114
2516,907785.0,0.13171477231679243
2517,907845.0,0.13179244634647794
2518,907905.0,0.1318826337163963
2519,907965.0,0.13195201150102248
2520,908025.0,0.13200957475540806
2521,908085.0,0.13205123437053742
2522,908145.0,0.13206077658285126
2523,908205.0,0.13201705265359523
2524,908265.0,0.1319875113029311
2525,908325.0,0.1319985956418551
2526,908385.0,0.13303605591811524
2527,908445.0,0.13376965041823485
2528,908505.0,0.13431142073308155
2529,908565.0,0.1348409256363291
2530,908625.0,0.13468376490419337
2531,908685.0,0.13460901800104108
2532,908745.0,0.13463307967536225
2533,908805.0,0.13458230366583052
2534,908865.0,0.1343939732077719
2535,908925.0,0.13414916597320797
2536,908985.0,0.1338671273199985
2537,909045.0,0.13362176158250766
2538,909105.0,0.13344104958413763
2539,909165.0,0.13332736939188972
2540,909225.0,0.1332322392253523
2541,909285.0,0.1331334950670995
2542,909345.0,0.13304772592364855
2543,909405.0,0.13300014618942496
2544,909465.0,0.1329615422364903
2545,909525.0,0.13292142980489982
2546,909585.0,0.1328464083049513
2547,909645.0,0.13275518827584137
2548,909705.0,0.13262209613811948
2549,909765.0,0.13249410029327893
2550,909825.0,0.13236508441211578
2551,909885.0,0.13226785946147893
2552,909945.0,0.13219591065254696
2553,910005.0,0.13216638306836406
2554,910065.0,0.13217689143365224
2555,910125.0,0.13225404644593872
2556,910185.0,0.13238995888646427
2557,910245.0,0.13255897628196028
2558,910305.0,0.13381729935162118
2559,910365.0,0.1346352152535078
2560,910425.0,0.1352452229826821
2561,910485.0,0.1357731444396642
2562,910545.0,0.13555453729750233
2563,910605.0,0.13539952284007106
2564,910665.0,0.1353090811822889
2565,910725.0,0.1352749881428129
2566,910785.0,0.1352325332685077
2567,910845.0,0.13510302115219947
2568,910905.0,0.13494196746746218
2569,910965.0,0.1348617062223082
2570,911025.0,0.13489463405480073
2571,911085.0,0.13498206311536276
2572,911145.0,0.1350960291178233
2573,911205.0,0.13526791974571817
2574,911265.0,0.13547345304664693
2575,911325.0,0.1356844997045356
2576,911385.0,0.13588934306446443
2577,911445.0,0.13607563569300368
2578,911505.0,0.1362483901210722
2579,911565.0,0.13637354557812237
2580,911625.0,0.13645858256226
2581,911685.0,0.13650543525915504
2582,911745.0,0.13649139087427642
2583,911805.0,0.13646768439914025
2584,911865.0,0.13746765209995343
2585,911928.0,0.13812023915821597
2586,911985.0,0.13862706352275067
2587,912045.0,0.13914669430657384
2588,912105.0,0.13974597848394749
2589,912165.0,0.1396658502080238
2590,912225.0,0.13958181408817938
2591,912285.0,0.13957835411634267
2592,912345.0,0.1396546075379385
2593,912405.0,0.13974409811156585
2594,912465.0,0.1397695820720513
2595,912525.0,0.13975602903491285
2596,912585.0,0.13972102740127385
2597,912645.0,0.13968434609958247
2598,912705.0,0.13965174645755668
2599,912765.0,0.14072566262664982
2600,912825.0,0.14140102067179705
2601,912885.0,0.14190106424431403
2602,912945.0,0.14242569700764401
2603,913005.0,0.1430139202084414
2604,913065.0,0.14368179203082043
2605,913125.0,0.14348760609475697
2606,913185.0,0.14337951920291514
2607,913248.0,0.14337529778341168
2608,913305.0,0.14349503495438348
2609,913365.0,0.14361983726852873
2610,913425.0,0.14372890844518948
2611,913485.0,0.14383507201170315
2612,913548.0,0.14391819335877282
2613,913605.0,0.14396067581625116
2614,913665.0,0.1439811697487663
2615,913725.0,0.14503371181415314
2616,913785.0,0.1458899001285338
2617,913845.0,0.14668517682073673
2618,913905.0,0.1474437565749666
2619,913965.0,0.14823071495623047
2620,914025.0,0.1481100066634508
2621,914085.0,0.14804708442327608
2622,914145.0,0.14805557555075732
2623,914205.0,0.14808078228226718
2624,914265.0,0.148069072847344
2625,914325.0,0.14804865050314642
2626,914385.0,0.1479882271420606
2627,914445.0,0.1479315684894419
2628,914505.0,0.1479013968599736
2629,914565.0,0.14902226239266775
2630,914625.0,0.1499902727955198
2631,914685.0,0.1507970949797625
2632,914745.0,0.1515906749170099
2633,914805.0,0.15160126933998586
2634,914865.0,0.15164618563017163
2635,914925.0,0.1518114841132181
2636,914985.0,0.15201248116182908
2637,915045.0,0.1520852447440888
2638,915105.0,0.1520809275500682
2639,915165.0,0.1520611791816443
2640,915225.0,0.15202491037405447
2641,915285.0,0.15197133216212133
2642,915345.0,0.1518792603050994
2643,915405.0,0.15178977497153867
2644,915465.0,0.15171323059170988
2645,915525.0,0.1516827039248736
2646,915585.0,0.15176550297430613
2647,915645.0,0.1519354985544107
2648,915705.0,0.1531499263150603
2649,915765.0,0.15408553274834708
2650,915825.0,0.15486953221515154
2651,915885.0,0.1547399831907872
2652,915945.0,0.15473072371185548
2653,916005.0,0.15484642337496235
2654,916065.0,0.15499324190796454
2655,916128.0,0.15497695604972533
2656,916185.0,0.15485972819313237
2657,916245.0,0.15473528058369063
2658,916305.0,0.15461711241274395
2659,916365.0,0.15448929525626526
2660,916425.0,0.15432882558427746
2661,916485.0,0.15417808186142284
2662,916545.0,0.15409222202407735
2663,916605.0,0.15404657845921316
2664,916665.0,0.1540537672070133
2665,916725.0,0.15409494986015781
2666,916785.0,0.1541724417737534
2667,916845.0,0.154274339727891
2668,916905.0,0.1543676069944574
2669,916965.0,0.15446116781547892
2670,917025.0,0.15454522793218678
2671,917085.0,0.15462671912825499
2672,917145.0,0.1547478256178087
2673,917205.0,0.15612859217026842
2674,917265.0,0.15719059389265022
2675,917325.0,0.15801332627636688
2676,917385.0,0.15870267052825265
2677,917445.0,0.15937194548791173
2678,917505.0,0.16004720445149945
2679,917565.0,0.1607123238676464
2680,917625.0,0.16051941799078046
2681,917685.0,0.16039564606758672
2682,917745.0,0.16036792509132763
2683,917805.0,0.16038866540238322
2684,917865.0,0.1604231443580042
2685,917925.0,0.1604494171391912
2686,917985.0,0.16047284832998465
2687,918045.0,0.16048330417922968
2688,918105.0,0.16049087123136763
2689,918165.0,0.16057813627085432
2690,918225.0,0.161964407536818
2691,918285.0,0.1630949531612373
2692,918345.0,0.16403339994059474
2693,918405.0,0.16483393589849177
2694,918465.0,0.16468719333794668
2695,918525.0,0.1645628863352478
2696,918585.0,0.1644942211747214
2697,918645.0,0.1644693238074657
2698,918705.0,0.16450309401496283
2699,918765.0,0.16448867886353508
2700,918825.0,0.1644443666234347
2701,918885.0,0.16436159844392917
2702,918945.0,0.1643252922780734
2703,919005.0,0.16579578836209824
2704,919065.0,0.1667865485846643
2705,919125.0,0.16757215595158242
2706,919185.0,0.16644352029598963
2707,919245.0,0.16561824052783025
2708,919305.0,0.16497581949652168
2709,919365.0,0.16432830971209228
2710,919425.0,0.16460525929011144
2711,919485.0,0.16476082752868276
2712,919545.0,0.16474641250911048
2713,919605.0,0.1647854254858147
2714,919665.0,0.16477667185468559
2715,919725.0,0.16474024926593545
2716,919785.0,0.1646719675547076
2717,919845.0,0.16452328497047797
2718,919905.0,0.16574514582576683
2719,919965.0,0.16641372662533727
2720,920025.0,0.16739723406872953
2721,920085.0,0.1682889806076724
2722,920145.0,0.1682687825708537
2723,920205.0,0.16825980587764838
2724,920265.0,0.16833456279083403
2725,920325.0,0.1684966411117112
2726,920385.0,0.16835971111888354
2727,920445.0,0.1680555458751799
2728,920505.0,0.16775111776067236
2729,920565.0,0.1675795789954002
2730,920625.0,0.16867066180452667
2731,920685.0,0.17015881725649645
2732,920745.0,0.171337439204305
2733,920805.0,0.17231588810126403
2734,920865.0,0.17226691411611977
2735,920925.0,0.17225948822027454
2736,920985.0,0.1723520119721289
2737,921045.0,0.17247876102830578
2738,921105.0,0.17111223735679132
2739,921165.0,0.16999954348369994
2740,921225.0,0.16912988424696934
2741,921285.0,0.16968023308674163
2742,921345.0,0.1708173804275252
2743,921405.0,0.17217649896579518
2744,921465.0,0.17335096925690086
2745,921525.0,0.1732865669427352
2746,921585.0,0.17328817781157563
2747,921645.0,0.1734896307595073
2748,921705.0,0.1734650770495793
2749,921765.0,0.1732580841285412
2750,921825.0,0.17292495944716552
2751,921885.0,0.1728155664675582
2752,921945.0,0.17403672616874866
2753,922005.0,0.17595149139392818
2754,922065.0,0.1774010643876791
2755,922125.0,0.17749546309863995
2756,922185.0,0.17760922175365706
2757,922245.0,0.17769883926676316
2758,922308.0,0.17747160193020906
2759,922365.0,0.1771481727367199
2760,922425.0,0.1768360350631179
2761,922485.0,0.17670296458132317
2762,922545.0,0.17793476135501607
2763,922605.0,0.1790764672550011
2764,922665.0,0.17932066354579884
2765,922725.0,0.17968688822876072
2766,922785.0,0.17916640883132184
2767,922845.0,0.17866686885615402
2768,922905.0,0.17820290668754224
2769,922965.0,0.17832274863028325
2770,923025.0,0.17822613480766814
2771,923088.0,0.1778438517587581
2772,923145.0,0.1786756410905635
2773,923205.0,0.1794557179625345
2774,923265.0,0.18058722967958496
2775,923325.0,0.18177985547338665
2776,923385.0,0.18284288213478428
2777,923445.0,0.18292241879565596
2778,923505.0,0.18307549722275906
2779,923565.0,0.18226358386514174
2780,923625.0,0.1818070285295128
2781,923685.0,0.18112080705492112
2782,923745.0,0.18027028470939516
2783,923805.0,0.1806416376292333
2784,923865.0,0.18109467983148847
2785,923925.0,0.18249782381301322
2786,923985.0,0.18374286490976188
2787,924045.0,0.18475161246158767
2788,924105.0,0.1847536790961944
2789,924165.0,0.18479497888592944
2790,924225.0,0.18495749269904094
2791,924285.0,0.18521242708265184
2792,924345.0,0.1851040015913082
2793,924405.0,0.18492048310646697
2794,924465.0,0.1859646125829339
2795,924525.0,0.1861260549104326
2796,924585.0,0.18633762501855217
2797,924645.0,0.1868469558603454
2798,924705.0,0.18716843049729415
2799,924765.0,0.18622235135487308
2800,924825.0,0.18640948997713036
2801,924885.0,0.18658180731930574
2802,924945.0,0.18670181126421231
2803,925005.0,0.18654639618896562
2804,925065.0,0.18633034886528665
2805,925125.0,0.1861192955576796
2806,925185.0,0.18742829298133257
2807,925245.0,0.1885338269814707
2808,925305.0,0.18954988432907005
2809,925365.0,0.18946256936571848
2810,925425.0,0.18956150686696366
2811,925485.0,0.18882170534703324
2812,925545.0,0.18817906178466592
2813,925605.0,0.1884271432959138
2814,925665.0,0.18866815512414392
2815,925725.0,0.18853624694827392
2816,925785.0,0.1882381221138752
2817,925845.0,0.1880646852741688
2818,925905.0,0.18800846176064223
2819,925965.0,0.18952815336350504
2820,926025.0,0.19071475998798815
2821,926085.0,0.19193818065684393
2822,926145.0,0.19284776864452868
2823,926205.0,0.1938000732490059
2824,926265.0,0.19483091272775255
2825,926325.0,0.19488630990792039
2826,926385.0,0.19497035854817313
2827,926445.0,0.19505030850751176
2828,926505.0,0.19396710612317408
2829,926565.0,0.1929227459468867
2830,926625.0,0.19195270470724124
2831,926685.0,0.19296810146667964
2832,926745.0,0.1940221614117354
2833,926805.0,0.19507095878619835
2834,926865.0,0.19619166397728127
2835,926925.0,0.1971364865248823
2836,926985.0,0.1980379336217199
2837,927045.0,0.19899183789163938
2838,927105.0,0.19905448473602672
2839,927165.0,0.199168442507479
2840,927225.0,0.1993414981535621
2841,927285.0,0.19936443182668356
2842,927345.0,0.19915935764478382
2843,927405.0,0.19890695893457955
2844,927465.0,0.19988715114979438
2845,927525.0,0.20072696288795655
2846,927585.0,0.20183141532196758
2847,927645.0,0.20285046790749994
2848,927705.0,0.203615224460927
2849,927765.0,0.20439748029253735
2850,927825.0,0.20529914747523953
2851,927885.0,0.20529317129613106
2852,927945.0,0.20527056536334726
2853,928005.0,0.20400887584121496
2854,928065.0,0.20303268538520058
2855,928125.0,0.20228614283121588
2856,928185.0,0.2013646544678206
2857,928245.0,0.20042580209727245
2858,928308.0,0.20034873612803283
2859,928365.0,0.2007406634337821
2860,928425.0,0.20178018163828976
2861,928485.0,0.2027548427487305
2862,928545.0,0.2035246498103765
2863,928605.0,0.2042539615098471
2864,928665.0,0.20416259750056182
2865,928725.0,0.20408401034299395
2866,928785.0,0.20410544218291093
2867,928845.0,0.20412288155627184
2868,928905.0,0.20413831210288763
2869,928965.0,0.2039050822955547
2870,929025.0,0.2023481081453095
2871,929085.0,0.2010238018487141
2872,929145.0,0.2012134483015946
2873,929205.0,0.20120995092141747
2874,929265.0,0.20245420447969448
2875,929325.0,0.20336825501716194
2876,929385.0,0.20424548252144553
2877,929445.0,0.20507046858013095
2878,929505.0,0.2049863428998281
2879,929565.0,0.20494580252010414
2880,929625.0,0.20482693483877706
2881,929685.0,0.20465066105670993
2882,929745.0,0.20442518551210792
2883,929808.0,0.2038920552121965
2884,929865.0,0.20376777590792
2885,929925.0,0.20419183151725623
2886,929985.0,0.20531407561558535
2887,930045.0,0.20622349101954357
2888,930105.0,0.20720910392572262
2889,930168.0,0.2083805664119604
2890,930225.0,0.20833952684760854
2891,930285.0,0.20832349254076438
2892,930345.0,0.20827256490501744
2893,930405.0,0.20808789882936085
2894,930465.0,0.20806976592238702
2895,930525.0,0.20800849855509818
2896,930585.0,0.20909920882489197
2897,930645.0,0.21014779198292666
2898,930705.0,0.2101899103783646
2899,930765.0,0.21056855375335054
2900,930825.0,0.21042338491637685
2901,930885.0,0.21035921548670494
2902,930945.0,0.2101941058280722
2903,931005.0,0.21014754905423116
2904,931065.0,0.2100537321790062
2905,931125.0,0.2097058510687902
2906,931185.0,0.20970238834980437
2907,931245.0,0.20975855884922207
2908,931305.0,0.2109442653761917
2909,931365.0,0.212228713796888
2910,931425.0,0.21244001411407976
2911,931485.0,0.21207523821569724
2912,931545.0,0.21173037420587226
2913,931605.0,0.21157060335691952
2914,931665.0,0.21158286520874814
2915,931725.0,0.21150492407005245
2916,931785.0,0.2112359613682444
2917,931845.0,0.21085199452785525
2918,931905.0,0.2108973009234233
2919,931965.0,0.21098350832773866
2920,932025.0,0.212113916847874
2921,932085.0,0.211956770967964
2922,932145.0,0.21228739479078373
2923,932205.0,0.21211267722132965
2924,932265.0,0.21180620542344752
2925,932325.0,0.2126186906908904
2926,932385.0,0.21251060762897062
2927,932445.0,0.21218566225740892
2928,932505.0,0.21201752226565768
2929,932565.0,0.21195409868445825
2930,932625.0,0.2130226428611039
2931,932685.0,0.21409230369984922
2932,932748.0,0.2141235953877651
2933,932808.0,0.213107616901335
2934,932865.0,0.21247106560522988
2935,932925.0,0.21311350771487564
2936,932985.0,0.21293096606309236
2937,933045.0,0.21275094027578656
2938,933105.0,0.21287245608101812
2939,933165.0,0.21308286889499867
2940,933225.0,0.2133595356382716
2941,933285.0,0.21331327885888868
2942,933345.0,0.21191550326701253
2943,933405.0,0.21044091708566498
2944,933465.0,0.21007513317833681
2945,933525.0,0.21041593733734482
2946,933585.0,0.21158762500207412
2947,933645.0,0.2129289210363975
2948,933705.0,0.21410506265244733
2949,933765.0,0.2152810203433309
2950,933825.0,0.21616785269289862
2951,933885.0,0.217268782311398
2952,933945.0,0.21711473109197515
2953,934005.0,0.2161949699664223
2954,934065.0,0.21500332323487858
2955,934125.0,0.2137855401025499
2956,934185.0,0.21271964341308508
2957,934245.0,0.21263875382755726
2958,934305.0,0.21227363409497113
2959,934365.0,0.21157980514860897
2960,934425.0,0.21175312204648544
2961,934485.0,0.21316926983952128
2962,934545.0,0.2150304318444386
2963,934605.0,0.215345979579662
2964,934665.0,0.2154815831191344
2965,934725.0,0.21523875717502694
2966,934785.0,0.21478647332907785
2967,934845.0,0.21450381349340647
2968,934905.0,0.2151865679344186
2969,934965.0,0.21504397649482926
2970,935025.0,0.2148496683737306
2971,935085.0,0.2146019775421773
2972,935145.0,0.2147226350390114
2973,935205.0,0.21495043443636958
2974,935265.0,0.2137049613587479
2975,935325.0,0.21218964902012832
2976,935385.0,0.21194392779380145
2977,935445.0,0.21206158683190485
2978,935505.0,0.2124866320286139
2979,935565.0,0.21389120960622626
2980,935625.0,0.2148894622096062
2981,935685.0,0.21558130796151453
2982,935745.0,0.21607938978056612
2983,935805.0,0.21689488930270967
2984,935868.0,0.21694391018173848
2985,935925.0,0.21709147913401378
2986,935985.0,0.21577004795685323
2987,936045.0,0.21469817922911477
2988,936105.0,0.2137163979888907
2989,936165.0,0.21274522296090614
2990,936225.0,0.21139629222442446
2991,936285.0,0.21080746878777862
2992,936345.0,0.21113522343540048
2993,936405.0,0.21263943948608616
2994,936465.0,0.2142122843347764
2995,936525.0,0.21578457508070648
2996,936585.0,0.21719396577085476
2997,936645.0,0.21836406930711516
2998,936705.0,0.21922141100069037
2999,936765.0,0.21761467868618972
3000,936825.0,0.21644333738851618
3001,936885.0,0.21522503329132664
3002,936945.0,0.21431528244707937
3003,937005.0,0.2131359937575673
3004,937065.0,0.21170114032823967
3005,937125.0,0.2121390970721958
3006,937185.0,0.21320318870931682
3007,937245.0,0.2144709370201731
3008,937305.0,0.21573546802892074
3009,937365.0,0.21695006505244868
3010,937425.0,0.2179160347030764
3011,937485.0,0.2177406876064451
3012,937545.0,0.216379185029154
3013,937605.0,0.21520852841743388
3014,937668.0,0.21391374168190902
3015,937725.0,0.2129931257251732
3016,937785.0,0.21212362355079462
3017,937845.0,0.21091316508250885
3018,937905.0,0.21036134538403295
3019,937965.0,0.21075765053446283
3020,938025.0,0.2120383023168798
3021,938085.0,0.21339839374813202
3022,938145.0,0.21496638090698206
3023,938205.0,0.2161340194669974
3024,938265.0,0.21578620164804557
3025,938325.0,0.2148659296994495
3026,938385.0,0.21367720440223198
3027,938445.0,0.21263441114199855
3028,938505.0,0.2117460479725169
3029,938565.0,0.21078089409661005
3030,938625.0,0.20976032998469374
3031,938685.0,0.20968054795760294
3032,938745.0,0.20956294900394362
3033,938805.0,0.2093335723776769
3034,938865.0,0.20913675902315543
3035,938925.0,0.20886413258940972
3036,938985.0,0.20865230307010407
3037,939045.0,0.20973309475222202
3038,939105.0,0.2100610504251249
3039,939165.0,0.21024876262844794
3040,939225.0,0.21061600036237066
3041,939285.0,0.21095723555965346
3042,939345.0,0.21116216456925158
3043,939405.0,0.21102084549615002
3044,939465.0,0.21167292642127383
3045,939525.0,0.21161825876922524
3046,939585.0,0.21137221977467768
3047,939645.0,0.2112709604819365
3048,939705.0,0.21117988055796133
3049,939765.0,0.21129395867683404
3050,939825.0,0.21118348227024225
3051,939885.0,0.2115611194288739
3052,939945.0,0.21120931797533987
3053,940005.0,0.21185756434072484
3054,940065.0,0.2119596221619247
3055,940125.0,0.21245749807063208
3056,940185.0,0.2126060656095345
3057,940245.0,0.21247042023025925
3058,940305.0,0.21244585958155882
3059,940365.0,0.2124274375322459
3060,940425.0,0.21251902110855125
3061,940485.0,0.2126396367165212
3062,940545.0,0.21281298386135256
3063,940605.0,0.21180018482802543
3064,940665.0,0.2109035886197908
3065,940725.0,0.20945864715246199
3066,940785.0,0.2081841684920815
3067,940845.0,0.20815543969798644
3068,940905.0,0.20839581204704538
3069,940965.0,0.20837097984373332
3070,941025.0,0.20961839142437422
3071,941085.0,0.21080762716744278
3072,941145.0,0.21208844562994167
3073,941205.0,0.2131921500310862
3074,941265.0,0.21392582556526057
3075,941325.0,0.21487620101012522
3076,941385.0,0.2146681741848498
3077,941445.0,0.21377786180017283
3078,941505.0,0.2125652934166285
3079,941565.0,0.21150816548935958
3080,941625.0,0.21023929232542532
3081,941685.0,0.20955582649766524
3082,941745.0,0.21063105889958234
3083,941805.0,0.21232188939764407
3084,941865.0,0.21379574744046626
3085,941925.0,0.21527836496854602
3086,941985.0,0.2167222369165453
3087,942045.0,0.2178772894096187
3088,942105.0,0.21775729105767688
3089,942165.0,0.2166633136289336
3090,942225.0,0.2154007898311573
3091,942285.0,0.21427424188797572
3092,942345.0,0.2134037218296071
3093,942405.0,0.21251924291462487
3094,942465.0,0.21243585877724863
3095,942525.0,0.21236592015435973
3096,942585.0,0.21209641443845423
3097,942645.0,0.21254630308259242
3098,942705.0,0.21356612870100283
3099,942765.0,0.21530401810384092
3100,942825.0,0.21578518562933874
3101,942885.0,0.2160338236932015
3102,942948.0,0.21601915927523396
3103,943005.0,0.21594496104581723
3104,943065.0,0.2157316159313893
3105,943125.0,0.21561912401982436
3106,943185.0,0.21539685521565288
3107,943245.0,0.21547521988534074
3108,943305.0,0.21569871075432973
3109,943365.0,0.21602093593589733
3110,943425.0,0.2153086876977015
3111,943485.0,0.21417250957642225
3112,943545.0,0.21253065123609782
3113,943605.0,0.2119358945070957
3114,943665.0,0.21169740049873415
3115,943725.0,0.21248338774522102
3116,943785.0,0.2138567234900684
3117,943845.0,0.21496926028483804
3118,943905.0,0.21598030181690975
3119,943965.0,0.21678420759988626
3120,944025.0,0.2176559226863895
3121,944085.0,0.21862762410666053
3122,944145.0,0.2188201353926562
3123,944205.0,0.21920392140699152
3124,944265.0,0.2183649386715933
3125,944325.0,0.2169996201682508
3126,944385.0,0.21584014728864548
3127,944445.0,0.2144586292907913
3128,944505.0,0.2128375123500827
3129,944565.0,0.21117936972699702
3130,944625.0,0.2109901434193457
3131,944685.0,0.21198172564678125
3132,944745.0,0.21257305745502186
3133,944805.0,0.21376991293398695
3134,944865.0,0.214742058124906
3135,944925.0,0.21561325196303882
3136,944985.0,0.21623143998405636
3137,945045.0,0.2169925383507556
3138,945105.0,0.21708149117746994
3139,945165.0,0.21745333155786334
3140,945225.0,0.21704536398624652
3141,945285.0,0.21575245168591972
3142,945345.0,0.21416209160900956
3143,945405.0,0.2128116996273936
3144,945465.0,0.21124073846616753
3145,945525.0,0.20982505225549858
3146,945585.0,0.20941205365861854
3147,945645.0,0.20978491266484695
3148,945705.0,0.21050306655270157
3149,945765.0,0.2117630116492411
3150,945825.0,0.21293785523294606
3151,945885.0,0.2137732082424535
3152,945945.0,0.2146001212812928
3153,946005.0,0.21461040099869577
3154,946065.0,0.2149073328640898
3155,946125.0,0.2153103277069079
3156,946185.0,0.2145736285614056
3157,946245.0,0.21322751235045806
3158,946305.0,0.21169616158516236
3159,946365.0,0.2103433471599676
3160,946425.0,0.20887931197839454
3161,946485.0,0.20748459219382887
3162,946545.0,0.20755819881787096
3163,946605.0,0.20869281837844295
3164,946665.0,0.21024679830544396
3165,946725.0,0.21138692950169286
3166,946785.0,0.21236394223097282
3167,946845.0,0.21316078692997903
3168,946905.0,0.21320022845986947
3169,946965.0,0.21317765445038322
3170,947025.0,0.21348047077400661
3171,947085.0,0.2140509937001151
3172,947145.0,0.2135887902312399
3173,947205.0,0.21182109379958391
3174,947265.0,0.20996635986155393
3175,947325.0,0.20833005810282185
3176,947385.0,0.2069122825589218
3177,947445.0,0.20553431436128655
3178,947505.0,0.20434029257420672
3179,947565.0,0.2051976509974534
3180,947625.0,0.2072491824245546
3181,947685.0,0.2091460293036277
3182,947745.0,0.21061888761853603
3183,947805.0,0.21213572428365668
3184,947865.0,0.2139255339599645
3185,947925.0,0.21424633487455502
3186,947985.0,0.21393020907193555
3187,948045.0,0.21225674710009118
3188,948105.0,0.21101048371707448
3189,948165.0,0.21006008106732726
3190,948225.0,0.2094238207387203
3191,948285.0,0.20885761925498142
3192,948345.0,0.20930164418235997
3193,948405.0,0.20906696808678765
3194,948465.0,0.20925334939909446
3195,948525.0,0.21007656837344174
3196,948585.0,0.21169980373803587
3197,948645.0,0.2135067465933071
3198,948705.0,0.21527324943427528
3199,948765.0,0.21604007794470803
3200,948825.0,0.21583161181322286
3201,948885.0,0.21573290823580188
3202,948945.0,0.21520560119273485
3203,949005.0,0.21501178878515603
3204,949065.0,0.21432711835279206
3205,949125.0,0.21439885283328763
3206,949185.0,0.2145528832283643
3207,949245.0,0.2146089965341888
3208,949305.0,0.2147541716203467
3209,949365.0,0.21456680952126184
3210,949425.0,0.21494697940936125
3211,949485.0,0.21582639894409983
3212,949545.0,0.2176561053377356
3213,949605.0,0.21928944304500397
3214,949665.0,0.22064669028632572
3215,949725.0,0.22205201497776117
3216,949785.0,0.22367572665906504
3217,949845.0,0.22380848847521667
3218,949905.0,0.22368410258768168
3219,949965.0,0.22243018821868943
3220,950025.0,0.22120245178690662
3221,950088.0,0.22004346635657573
3222,950145.0,0.21908298033744067
3223,950208.0,0.21796565409474267
3224,950265.0,0.2175585411512848
3225,950325.0,0.21858267108160495
3226,950385.0,0.2204694369065872
3227,950445.0,0.2219530423258625
3228,950505.0,0.22328253628167505
3229,950565.0,0.2243565637906273
3230,950625.0,0.22543451331310355
3231,950685.0,0.22610439771083907
3232,950745.0,0.22541695746546286
3233,950805.0,0.2240376843567073
3234,950865.0,0.22289247294422881
3235,950925.0,0.2216352822171072
3236,950985.0,0.22068392390918767
3237,951045.0,0.2199932912150201
3238,951105.0,0.22001792323870084
3239,951165.0,0.21974400835029584
3240,951225.0,0.22015027213232902
3241,951285.0,0.2213019719606975
3242,951345.0,0.2228622169816452
3243,951405.0,0.22432819847877472
3244,951465.0,0.22565477456407834
3245,951528.0,0.22722706066848652
3246,951585.0,0.22848601081536363
3247,951645.0,0.22846981938697986
3248,951705.0,0.22831011803418572
3249,951765.0,0.22739915210015116
3250,951825.0,0.22624702193362567
3251,951885.0,0.22513338542022943
3252,951945.0,0.22397450063367313
3253,952005.0,0.2230928717888057
3254,952065.0,0.22235166339352552
3255,952125.0,0.22132244954279545
3256,952185.0,0.22119215259195002
3257,952245.0,0.2223474962983072
3258,952305.0,0.2239172544274448
3259,952365.0,0.22527142117882548
3260,952425.0,0.2269488095566246
3261,952485.0,0.22782122195422932
3262,952545.0,0.22772252971194096
3263,952605.0,0.22690339431993634
3264,952665.0,0.22545291466650663
3265,952725.0,0.22420966229248268
3266,952785.0,0.2229954601148828
3267,952845.0,0.22222108448595118
3268,952905.0,0.2216198562753754
3269,952965.0,0.22174685472180455
3270,953025.0,0.22185457459377533
3271,953085.0,0.22192997243131013
3272,953145.0,0.22174511738601077
3273,953205.0,0.2220373674215934
3274,953265.0,0.22302700816510657
3275,953325.0,0.22424591587568593
3276,953385.0,0.22610372063279766
3277,953445.0,0.2272621579504845
3278,953505.0,0.227510340692482
3279,953565.0,0.2268802192844701
3280,953625.0,0.22635440878673363
3281,953685.0,0.22519352909066592
3282,953745.0,0.22399899562691872
3283,953805.0,0.2231060650756
3284,953865.0,0.2225853883399197
3285,953925.0,0.22204786079886768
3286,953985.0,0.2224158976985227
3287,954045.0,0.22257386383515587
3288,954105.0,0.22237500898513285
3289,954165.0,0.22194953102499693
3290,954225.0,0.22264491101269568
3291,954285.0,0.22359312269095666
3292,954345.0,0.22536024149663614
3293,954408.0,0.2261123158165132
3294,954465.0,0.22636001371823056
3295,954525.0,0.22569438777471795
3296,954585.0,0.22436571936723798
3297,954645.0,0.22337480851527142
3298,954705.0,0.22247793361748963
3299,954768.0,0.22183041701621103
3300,954825.0,0.22111273905542023
3301,954885.0,0.220135952685663
3302,954945.0,0.21980250350850233
3303,955005.0,0.2205200675948646
3304,955065.0,0.22128310347208902
3305,955125.0,0.2226585406368231
3306,955185.0,0.22372898400663443
3307,955245.0,0.22456104672591004
3308,955305.0,0.2257380410781608
3309,955365.0,0.22614151698814955
3310,955428.0,0.22563041248949384
3311,955485.0,0.22398141094283675
3312,955545.0,0.2227523824786108
3313,955605.0,0.22175466274248473
3314,955665.0,0.22103456989258485
3315,955725.0,0.21998905279852737
3316,955785.0,0.2190402111266182
3317,955848.0,0.21917754671670825
3318,955905.0,0.2202351809582055
3319,955965.0,0.22143161848242554
3320,956025.0,0.22242845065503802
3321,956085.0,0.22342455016855295
3322,956145.0,0.22345973560139132
3323,956205.0,0.22352238731113816
3324,956265.0,0.22387268002800648
3325,956325.0,0.22447970094094577
3326,956385.0,0.22428876603941872
3327,956445.0,0.22299393265042444
3328,956505.0,0.2213156842194487
3329,956565.0,0.22102158735024113
3330,956625.0,0.2209684020419731
3331,956685.0,0.22111362618907826
3332,956745.0,0.221345833242431
3333,956805.0,0.22227293043131863
3334,956865.0,0.2231970854671717
3335,956925.0,0.22322527786954666
3336,956985.0,0.22333243039410172
3337,957045.0,0.2235248694998772
3338,957105.0,0.22366418462590654
3339,957165.0,0.22352375757611748
3340,957225.0,0.22452181390241616
3341,957285.0,0.22609699947400314
3342,957345.0,0.22612890320249524
3343,957405.0,0.2254979089531453
3344,957465.0,0.2251361729172635
3345,957528.0,0.22505778327221354
3346,957585.0,0.22511202193308394
3347,957645.0,0.22435696741804734
3348,957705.0,0.2244257255041487
3349,957765.0,0.2245934441414082
3350,957825.0,0.2249339856583546
3351,957885.0,0.22477526927350694
3352,957945.0,0.22450749914400087
3353,958005.0,0.22552311455254892
3354,958065.0,0.2266480742454301
3355,958125.0,0.22783391562677757
3356,958185.0,0.22923456833308103
3357,958245.0,0.2307525529517368
3358,958305.0,0.23128382436254713
3359,958365.0,0.23070892609340765
3360,958425.0,0.22886193867320842
3361,958485.0,0.22726249412977578
3362,958545.0,0.22573304462550364
3363,958605.0,0.2241756006203937
3364,958665.0,0.22260816521074805
3365,958725.0,0.22286827937896825
3366,958788.0,0.2230453808026419
3367,958845.0,0.2245997465682043
3368,958905.0,0.22569301162302557
3369,958965.0,0.22568996728003043
3370,959025.0,0.22573329283214943
3371,959085.0,0.2258336638752319
3372,959145.0,0.22596286108798508
3373,959205.0,0.22605306306130268
3374,959265.0,0.22551587415142754
3375,959325.0,0.2254101744021208
3376,959385.0,0.22478319372095967
3377,959445.0,0.22453729063931144
3378,959505.0,0.22465061127259806
3379,959565.0,0.223545819982221
3380,959625.0,0.22248601396180417
3381,959685.0,0.2214036649776127
3382,959745.0,0.22069282206463708
3383,959805.0,0.22016102267457344
3384,959865.0,0.2199377080339145
3385,959925.0,0.21956363089049724
3386,959985.0,0.21921726208634823
3387,960045.0,0.22025030079714858
3388,960105.0,0.22134593498044308
3389,960165.0,0.22304528559761277
3390,960225.0,0.22392118772739006
3391,960288.0,0.22312593274485287
3392,960345.0,0.2214563399930254
3393,960405.0,0.22012201498780903
3394,960465.0,0.21914677132940774
3395,960525.0,0.21794107013762737
3396,960585.0,0.21643137072321544
3397,960645.0,0.21598887389739307
3398,960705.0,0.21609393694265233
3399,960765.0,0.21670538450046334
3400,960825.0,0.21796587542041446
3401,960885.0,0.21909328678549328
3402,960945.0,0.21908826946573007
3403,961005.0,0.21959170206629686
3404,961065.0,0.21948616252176606
3405,961125.0,0.21876904475693848
3406,961185.0,0.21693292581303963
3407,961245.0,0.21517122729991478
3408,961305.0,0.21449193765545416
3409,961365.0,0.21429982407045345
3410,961425.0,0.2142716452038544
3411,961485.0,0.21492086674355304
3412,961545.0,0.2150812324111389
3413,961605.0,0.2151830071150861
3414,961665.0,0.21529891019264097
3415,961725.0,0.21549710006943396
3416,961785.0,0.21535002913179302
3417,961845.0,0.21500172365754133
3418,961905.0,0.21459120071430632
3419,961965.0,0.21587729496100883
3420,962025.0,0.21652569575124064
3421,962085.0,0.21626975768486223
3422,962145.0,0.21625546285665026
3423,962205.0,0.2162271805888576
3424,962265.0,0.21508549109544256
3425,962325.0,0.21395992844985529
3426,962385.0,0.21326911931056813
3427,962445.0,0.21272046622477753
3428,962505.0,0.21187492463021312
3429,962565.0,0.2119133526243332
3430,962625.0,0.21184788805101068
3431,962685.0,0.21205814864721761
3432,962745.0,0.2123052014686148
3433,962805.0,0.21248763482071847
3434,962865.0,0.21284521727048228
3435,962925.0,0.2134132346737409
3436,962985.0,0.2131352803495707
3437,963045.0,0.21212134542881533
3438,963105.0,0.2106364267502947
3439,963165.0,0.20945050060922032
3440,963225.0,0.2083722670323832
3441,963285.0,0.20739782908115473
3442,963345.0,0.20655257153558693
3443,963405.0,0.20599881452802882
3444,963465.0,0.20627113948299325
3445,963525.0,0.2064150588514344
3446,963585.0,0.2065173791567252
3447,963645.0,0.20660282056506224
3448,963705.0,0.20671554728816277
3449,963765.0,0.20654088438982166
3450,963825.0,0.20628414838703624
3451,963885.0,0.20598855038737623
3452,963945.0,0.20736986222193132
3453,964005.0,0.20812061372874424
3454,964065.0,0.20835310484380565
3455,964125.0,0.20847395471109775
3456,964185.0,0.2081448936497921
3457,964245.0,0.20674746313919218
3458,964305.0,0.20568889437300164
3459,964365.0,0.2049708042882447
3460,964425.0,0.2044267291437275
3461,964485.0,0.20445427304672625
3462,964545.0,0.20415403557435874
3463,964605.0,0.20366937108664768
3464,964665.0,0.20447724152618668
3465,964728.0,0.20517977565643997
3466,964785.0,0.20582732082757088
3467,964845.0,0.20709748538018302
3468,964905.0,0.20851471274853928
3469,964965.0,0.20903669826818289
3470,965025.0,0.2085284298133086
3471,965085.0,0.2080766050719861
3472,965145.0,0.20668790949178545
3473,965205.0,0.20537742949237942
3474,965265.0,0.20420152683741927
3475,965325.0,0.20437157977406795
3476,965385.0,0.20535999881371458
3477,965445.0,0.20668941045376676
3478,965505.0,0.20797377281148272
3479,965565.0,0.208027956372909
3480,965625.0,0.2081174527565992
3481,965685.0,0.20857761752705561
3482,965745.0,0.2092665344809851
3483,965805.0,0.20863896016160766
3484,965865.0,0.20799864862462875
3485,965925.0,0.20676873510105848
3486,965985.0,0.20563821178356834
3487,966045.0,0.20509878594920833
3488,966105.0,0.20451351164385018
3489,966165.0,0.20480395927219186
3490,966225.0,0.205044840008744
3491,966285.0,0.20517465998647355
3492,966345.0,0.20522345636857492
3493,966405.0,0.20499951209337375
3494,966465.0,0.20470618671601432
3495,966525.0,0.2048750484489959
3496,966585.0,0.20520114446561538
3497,966645.0,0.2042358924947995
3498,966705.0,0.2032080375657181
3499,966765.0,0.20196574282437674
3500,966825.0,0.20078127800058287
3501,966885.0,0.2005287963416526
3502,966945.0,0.2014648899413562
3503,967005.0,0.20207084597080682
3504,967065.0,0.20302638200469592
3505,967125.0,0.20389098207694362
3506,967185.0,0.20384118272247537
3507,967245.0,0.20411628191691827
3508,967305.0,0.20437742893508398
3509,967365.0,0.20354896723508403
3510,967425.0,0.20223969260304914
3511,967485.0,0.2009130494152085
3512,967545.0,0.19957554477069345
3513,967605.0,0.1985802550135628
3514,967665.0,0.1990374879769689
3515,967725.0,0.20067950534765872
3516,967785.0,0.20213581882184856
3517,967845.0,0.20217346816238307
3518,967905.0,0.20234498136162782
3519,967965.0,0.2027161276979581
3520,968025.0,0.20217627082363276
3521,968085.0,0.20088647532301507
3522,968145.0,0.19982343510994505
3523,968205.0,0.19849542020572064
3524,968265.0,0.19751185400995597
3525,968325.0,0.1965838775757121
3526,968385.0,0.1955767278985221
3527,968445.0,0.1955305508791249
3528,968505.0,0.19540551743666212
3529,968565.0,0.19518828137271843
3530,968625.0,0.19481451807420186
3531,968685.0,0.19491523620802298
3532,968745.0,0.19521113949014157
3533,968805.0,0.19439620362403282
3534,968865.0,0.1935982643895794
3535,968925.0,0.19266702288339654
3536,968985.0,0.19160124198052675
3537,969045.0,0.19050012746067707
3538,969105.0,0.19042088778486427
3539,969165.0,0.19172798568784882
3540,969225.0,0.19255263942460826
3541,969285.0,0.19299020776660153
3542,969345.0,0.19378312999463182
3543,969405.0,0.19477099182494478
3544,969465.0,0.19567765454865527
3545,969525.0,0.19446249428084778
3546,969585.0,0.19339548956649072
3547,969645.0,0.19219058829607938
3548,969705.0,0.19130920974733823
3549,969765.0,0.19137607386630212
3550,969825.0,0.19128609723921997
3551,969885.0,0.19105942064509546
3552,969945.0,0.19084060725728008
3553,970005.0,0.19104483675816886
3554,970065.0,0.19142920646581346
3555,970125.0,0.1907395309011896
3556,970185.0,0.19087402767085143
3557,970245.0,0.19045597478370224
3558,970305.0,0.18980250860752046
3559,970365.0,0.1903344902074829
3560,970425.0,0.19083582294952323
3561,970485.0,0.19050532322835678
3562,970545.0,0.19032712267260427
3563,970608.0,0.19007442832744337
3564,970665.0,0.1903888191687102
3565,970725.0,0.19076422975993645
3566,970785.0,0.19094946625569698
3567,970845.0,0.19113155855484693
3568,970905.0,0.19099475362852603
3569,970965.0,0.190436478842973
3570,971025.0,0.18916854001227945
3571,971085.0,0.18913617284202094
3572,971145.0,0.18910226258753327
3573,971205.0,0.18903519305595973
3574,971265.0,0.1888617851535936
3575,971325.0,0.18906186309977713
3576,971385.0,0.18980000178140938
3577,971445.0,0.18942544404089234
3578,971505.0,0.18854565622352037
3579,971565.0,0.18765946726813865
3580,971625.0,0.18613212779470384
3581,971685.0,0.18468811815700992
3582,971745.0,0.18450145683632196
3583,971805.0,0.184310180059432
3584,971865.0,0.18399908928934244
3585,971925.0,0.18353819320854498
3586,971985.0,0.1834842940607989
3587,972045.0,0.18365057940959223
3588,972105.0,0.1837776733304053
3589,972165.0,0.18397387209416904
3590,972225.0,0.1838979955642428
3591,972285.0,0.1834049404411499
3592,972345.0,0.18421795737518726
3593,972405.0,0.1841565128500655
3594,972465.0,0.1838301927651098
3595,972525.0,0.18336742301273107
3596,972585.0,0.1832787179543937
3597,972645.0,0.18352366935497466
3598,972705.0,0.18399291590275874
3599,972765.0,0.18302474909529998
3600,972825.0,0.18201426535797216
3601,972885.0,0.18128116087197166
3602,972945.0,0.17981260175316016
3603,973005.0,0.17843449907409625
3604,973065.0,0.1782531127103411
3605,973125.0,0.17803508285193204
3606,973185.0,0.17903057087976965
3607,973245.0,0.17975249363859536
3608,973305.0,0.18043504205113892
3609,973365.0,0.18101072420712233
3610,973425.0,0.1816850489213963
3611,973485.0,0.18129364841338874
3612,973545.0,0.18099294039148062
3613,973605.0,0.1809157073197334
3614,973665.0,0.1809348928341567
3615,973725.0,0.18084944103055461
3616,973785.0,0.18070620919096708
3617,973845.0,0.1807835673399545
3618,973905.0,0.18081146512497392
3619,973965.0,0.18076440129982885
3620,974025.0,0.1807007547836057
3621,974085.0,0.18078105437049913
3622,974145.0,0.1809652297250559
3623,974205.0,0.1808044136915435
3624,974265.0,0.18058453552683035
3625,974325.0,0.18039848813895892
3626,974385.0,0.18016305791605636
3627,974445.0,0.17995942611111926
3628,974505.0,0.17973873185488215
3629,974565.0,0.17993633654297575
3630,974625.0,0.18023497397084332
3631,974685.0,0.18059701987958338
3632,974745.0,0.17952757995156954
3633,974805.0,0.17860085286262395
3634,974865.0,0.17753994327072442
3635,974925.0,0.17637767283129063
3636,974985.0,0.1753044482331631
3637,975045.0,0.17536031938158808
3638,975105.0,0.17536970959902715
3639,975165.0,0.17531171360559972
3640,975225.0,0.17514514915093476
3641,975285.0,0.17522274281356826
3642,975345.0,0.17557536951667213
3643,975405.0,0.17601458454716123
3644,975465.0,0.17511090630562431
3645,975525.0,0.17427146254616066
3646,975585.0,0.17359508465869283
3647,975645.0,0.17233077638652006
3648,975705.0,0.17122284871580595
3649,975765.0,0.17122708917754764
3650,975825.0,0.17114797995725872
3651,975885.0,0.17094339802998365
3652,975945.0,0.17105944258593136
3653,976005.0,0.17139461058111705
3654,976065.0,0.171836817174509
3655,976125.0,0.17088685277018867
3656,976185.0,0.16996586869676134
3657,976245.0,0.16862606311827338
3658,976305.0,0.1673257783394848
3659,976365.0,0.16724954970756262
3660,976425.0,0.16709688791382088
3661,976485.0,0.16684805018282528
3662,976545.0,0.16647464400063716
3663,976605.0,0.1663590808400658
3664,976665.0,0.16621395962680802
3665,976725.0,0.1661110193763659
3666,976785.0,0.1662429760899511
3667,976845.0,0.16605374014590008
3668,976905.0,0.1658845641885056
3669,976965.0,0.16576355073680266
3670,977025.0,0.16563949040999215
3671,977085.0,0.16553708616201301
3672,977145.0,0.16544728039109363
3673,977205.0,0.16559086287879332
3674,977265.0,0.1657209862547186
3675,977325.0,0.1658175428360018
3676,977385.0,0.16590887078977445
3677,977445.0,0.16607133832765753
3678,977505.0,0.16622894241414887
3679,977565.0,0.16638302132051103
3680,977625.0,0.166613098987633
3681,977685.0,0.16596767787288325
3682,977745.0,0.16510859643357528
3683,977805.0,0.16457347565568797
3684,977865.0,0.16363711697380462
3685,977925.0,0.16265794063160088
3686,977985.0,0.16263491289276727
3687,978045.0,0.16258222723935184
3688,978105.0,0.16260787664690107
3689,978165.0,0.16260363046116955
3690,978225.0,0.16289961138989062
3691,978285.0,0.16330439078609255
3692,978345.0,0.16367523094624886
3693,978405.0,0.16382775465645794
3694,978465.0,0.16250308312346118
3695,978525.0,0.1609194574419398
3696,978588.0,0.15948055205114064
3697,978645.0,0.15937440948634507
3698,978705.0,0.15921954189415521
3699,978765.0,0.15916590293545224
3700,978825.0,0.1591499658741335
3701,978885.0,0.1594705310389789
3702,978945.0,0.15979600628670687
3703,979005.0,0.15992895443240496
3704,979065.0,0.15988637344286377
3705,979125.0,0.1598555961345357
3706,979185.0,0.1599311765763553
3707,979245.0,0.16001025347461073
3708,979305.0,0.16011324452076758
3709,979365.0,0.16021265333299645
3710,979425.0,0.16031315852929184
3711,979485.0,0.16039172860564482
3712,979545.0,0.16043662365938377
3713,979605.0,0.1603558415345394
3714,979665.0,0.1601786611672471
3715,979725.0,0.16013437784530438
3716,979785.0,0.16006911761333958
3717,979845.0,0.16011949071297815
3718,979905.0,0.1601819338314988
3719,979965.0,0.15879183261300572
3720,980025.0,0.15780174808754305
3721,980085.0,0.1570979209713509
3722,980145.0,0.15642137951188123
3723,980205.0,0.15574563463252272
3724,980265.0,0.15503852764574116
3725,980325.0,0.15513095892924528
3726,980385.0,0.1550926805468315
3727,980445.0,0.15492940977625103
3728,980505.0,0.15460425757240037
3729,980565.0,0.15440729922994018
3730,980625.0,0.15433455480934932
3731,980685.0,0.15435034914059875
3732,980745.0,0.15439554207161515
3733,980805.0,0.1544515165408349
3734,980865.0,0.15455226799890215
3735,980925.0,0.15459929985620058
3736,980985.0,0.15356715074229094
3737,981045.0,0.15277986563761342
3738,981105.0,0.15209065900163077
3739,981165.0,0.15136979317952787
3740,981225.0,0.15063492826985608
3741,981285.0,0.15068768811375005
3742,981345.0,0.15058169599184185
3743,981405.0,0.1504520114534698
3744,981465.0,0.15016243115207412
3745,981525.0,0.1499211239503977
3746,981585.0,0.14975906432851255
3747,981645.0,0.14828264382212825
3748,981705.0,0.1471110335882358
3749,981765.0,0.1462074323008833
3750,981825.0,0.14628382184772426
3751,981885.0,0.14630131472968355
3752,981945.0,0.14626673644700894
3753,982005.0,0.14618592863610552
3754,982065.0,0.14612752778163668
3755,982125.0,0.14595987132284138
3756,982185.0,0.14553988744482976
3757,982245.0,0.1454076937367575
3758,982305.0,0.14533855565510873
3759,982365.0,0.14550430886413118
3760,982425.0,0.14562538860609087
3761,982485.0,0.14573009616759447
3762,982545.0,0.14575819404454454
3763,982605.0,0.14579962998952567
3764,982665.0,0.1459289165328455
3765,982725.0,0.14616844985356137
3766,982785.0,0.14639847867914896
3767,982845.0,0.14666319974366365
3768,982905.0,0.14602465994789565
3769,982965.0,0.14510509338501815
3770,983025.0,0.14458091343398577
3771,983085.0,0.14377702701273531
3772,983145.0,0.14273485503473593
3773,983205.0,0.14250861217336463
3774,983265.0,0.14248708828797835
3775,983325.0,0.14254641150812308
3776,983385.0,0.14258720772229033
3777,983445.0,0.14250098116183674
3778,983505.0,0.14227004580825414
3779,983565.0,0.14209769931676347
3780,983625.0,0.14199238513327767
3781,983685.0,0.14187473559009411
3782,983745.0,0.14188009550300162
3783,983805.0,0.14192146469057065
3784,983865.0,0.14199655336932465
3785,983925.0,0.1420564066643054
3786,983985.0,0.1408249580230208
3787,984045.0,0.13996906522696723
3788,984108.0,0.13924691010935558
3789,984165.0,0.13858588360861268
3790,984225.0,0.13781768371277764
3791,984285.0,0.13780873732152965
3792,984345.0,0.13770151857470891
3793,984405.0,0.13750291476234294
3794,984465.0,0.13726080823184228
3795,984525.0,0.13707296485202375
3796,984585.0,0.1369153005332524
3797,984645.0,0.13678816929032572
3798,984705.0,0.13668487227667553
3799,984765.0,0.13662164778233615
3800,984825.0,0.136607396853546
3801,984885.0,0.1366062118176219
3802,984945.0,0.13663063736857367
3803,985005.0,0.13665783102975132
3804,985065.0,0.13674846286665893
3805,985128.0,0.13686171683538134
3806,985185.0,0.13703358288993034
3807,985245.0,0.13716288179413516
3808,985305.0,0.13721430304189558
3809,985365.0,0.13711792066688733
3810,985425.0,0.13698046400966896
3811,985485.0,0.1368604925225475
3812,985545.0,0.13677293404065527
3813,985605.0,0.13669651014930861
3814,985665.0,0.13656659411933658
3815,985725.0,0.13639078357455758
3816,985785.0,0.13618813918190448
3817,985845.0,0.13598874497744945
3818,985905.0,0.1358303621104538
3819,985965.0,0.13572116823824015
3820,986025.0,0.13568073638625294
3821,986088.0,0.13566259298633
3822,986145.0,0.1356630947681856
3823,986205.0,0.13571179765428854
3824,986265.0,0.13581100560116982
3825,986325.0,0.13590354448934638
3826,986385.0,0.13594368071928897
3827,986445.0,0.13592420532531269
3828,986505.0,0.13589236205549837
3829,986565.0,0.13586051423812262
3830,986625.0,0.13582081855804223
3831,986685.0,0.13574400879452436
3832,986745.0,0.1356436154686148
3833,986805.0,0.1355486232985273
3834,986865.0,0.13544690488194627
3835,986925.0,0.1353702072146265
3836,986985.0,0.13517662458732277
3837,987045.0,0.1349360106079741
3838,987105.0,0.1346911277638772
3839,987165.0,0.13444935242077344
3840,987225.0,0.13425030406513738
3841,987285.0,0.13413570675220682
3842,987345.0,0.13407796460379257
3843,987405.0,0.13407871514175884
3844,987465.0,0.1340881824867251
3845,987525.0,0.13401874653071372
3846,987585.0,0.13386531903037646
3847,987645.0,0.13361786059545983
3848,987705.0,0.13333994347959932
3849,987765.0,0.13309414544649845
3850,987825.0,0.13387259214544528
3851,987885.0,0.13447790331288983
3852,987945.0,0.1350379187765619
3853,988005.0,0.13478886620412545
3854,988065.0,0.13462006419905415
3855,988128.0,0.13457391022643772
3856,988185.0,0.13444045117277553
3857,988245.0,0.1341746143745467
3858,988305.0,0.13385753140527445
3859,988365.0,0.13352219016144082
3860,988425.0,0.1332029544767365
3861,988485.0,0.13289373558090758
3862,988545.0,0.13260264639670163
3863,988605.0,0.1323624637350401
3864,988665.0,0.1321831218851464
3865,988725.0,0.13208149409829198
3866,988785.0,0.13203698085788199
3867,988845.0,0.1319428022069743
3868,988905.0,0.1317965638680727
3869,988965.0,0.1316774889932947
3870,989025.0,0.1315925641283052
3871,989085.0,0.13157641895524266
3872,989145.0,0.1315874976506112
3873,989205.0,0.13161976738351813
3874,989265.0,0.1316549867434362
3875,989325.0,0.13167544403551162
3876,989385.0,0.13165585603369992
3877,989445.0,0.13162209022669635
3878,989505.0,0.13156323332896003
3879,989565.0,0.13149395631474592
3880,989625.0,0.1314165471063928
3881,989685.0,0.13134597467339182
3882,989745.0,0.13128949283502275
3883,989805.0,0.1312442207141875
3884,989865.0,0.13119886826518873
3885,989925.0,0.13112086208521376
3886,989985.0,0.13103727856403194
3887,990045.0,0.1309630114602025
3888,990105.0,0.1308785481910714
3889,990165.0,0.13080287430189103
3890,990225.0,0.13072313610617603
3891,990285.0,0.13062096968813847
3892,990345.0,0.13049135484627788
3893,990405.0,0.13034343201735724
3894,990465.0,0.13015098425382637
3895,990525.0,0.1299252290477321
3896,990585.0,0.12968400579548442
3897,990645.0,0.1294252319515755
3898,990705.0,0.1292317356614131
3899,990765.0,0.12910063450849013
3900,990825.0,0.12903924098657704
3901,990885.0,0.12902679272433717
3902,990945.0,0.12895909905345374
3903,991005.0,0.12888924325965598
3904,991065.0,0.12882612480787817
3905,991125.0,0.1287878192137573
3906,991185.0,0.128763726613351
3907,991245.0,0.12873072903955396
3908,991305.0,0.1286998135602426
3909,991365.0,0.12869934860243898
3910,991425.0,0.12871134301358605
3911,991485.0,0.12873486923183936
3912,991545.0,0.12879184148033213
3913,991605.0,0.12883579110997523
3914,991665.0,0.12890082227879057
3915,991725.0,0.128938192596946
3916,991785.0,0.1289721581946604
3917,991845.0,0.12898835750916288
3918,991905.0,0.12901249482518728
3919,991965.0,0.1290942430921847
3920,992025.0,0.12917214380876296
3921,992085.0,0.12924875676002323
3922,992145.0,0.12936411167767337
3923,992205.0,0.12949998395045775
3924,992265.0,0.12968835851859384
3925,992325.0,0.12988166445228871
3926,992385.0,0.13008954779383103
3927,992445.0,0.13028313659761542
3928,992508.0,0.13044779777087653
3929,992565.0,0.1305584426471454
3930,992625.0,0.13061214739356009
3931,992685.0,0.13062248083741804
3932,992745.0,0.13063038622509407
3933,992805.0,0.13064088483184355
3934,992865.0,0.1306254880904567
3935,992925.0,0.13057868234344927
3936,992985.0,0.13052437254207275
3937,993045.0,0.1304448155772647
3938,993105.0,0.13039009030048038
3939,993165.0,0.13038403202487614
3940,993225.0,0.13042875453625638
3941,993285.0,0.13051985497158003
3942,993345.0,0.1306444294119122
3943,993405.0,0.13076654164833604
3944,993465.0,0.13086587230982807
3945,993525.0,0.13090106133080096
3946,993585.0,0.13091136571836473
3947,993645.0,0.13086388598375828
3948,993708.0,0.13080750569381033
3949,993765.0,0.13074006240070196
3950,993825.0,0.13064370658174965
3951,993885.0,0.130515053951508
3952,993945.0,0.1305452078320609
3953,994005.0,0.13068479460214746
3954,994065.0,0.1308521913572511
3955,994125.0,0.1309752973607731
3956,994185.0,0.13106465402849152
3957,994245.0,0.13116422936698385
3958,994305.0,0.13131928704933873
3959,994365.0,0.13150511185951155
3960,994425.0,0.1316736138476786
3961,994485.0,0.13179955488148473
3962,994545.0,0.13185941407730714
3963,994605.0,0.13188664387706275
3964,994665.0,0.1319151411214959
3965,994725.0,0.13192730449336115
3966,994785.0,0.13192590442750882
3967,994845.0,0.13191240485622494
3968,994905.0,0.13187741305256223
3969,994965.0,0.13187072195877336
3970,995025.0,0.1319242614261606
3971,995085.0,0.13199053407632963
3972,995145.0,0.13204202283503147
3973,995205.0,0.1320187849228177
3974,995265.0,0.13197152886065627
3975,995325.0,0.13195731788087497
3976,995385.0,0.13200195543546367
3977,995445.0,0.13206938204483837
3978,995505.0,0.13213898469476576
3979,995565.0,0.1321915114952601
3980,995625.0,0.13219266683826925
3981,995685.0,0.1321619102561232
3982,995745.0,0.13210303671154033
3983,995805.0,0.13203591260305422
3984,995865.0,0.13195575079191743
3985,995925.0,0.13186778988940998
3986,995985.0,0.13174930196171675
3987,996045.0,0.13160412001038754
3988,996105.0,0.13151125360479796
3989,996165.0,0.13146108471955945
3990,996225.0,0.13140579279420023
3991,996285.0,0.13133958151227598
3992,996345.0,0.1312544131375306
3993,996405.0,0.13118527306910985
3994,996465.0,0.13117426478188837
3995,996525.0,0.1312229389570674
3996,996585.0,0.13134065278873816
3997,996645.0,0.131440014166014
3998,996705.0,0.1315108199045171
3999,996765.0,0.13151987797410594
4000,996825.0,0.13146429894839182
4001,996885.0,0.13137388584544848
4002,996945.0,0.13127078903060116
4003,997005.0,0.13117185572613435
4004,997065.0,0.13103747034404462
4005,997125.0,0.13091085869663752
4006,997185.0,0.13080212171063593
4007,997245.0,0.1306920631849537
4008,997305.0,0.13056996008630412
4009,997365.0,0.13042576259072902
4010,997425.0,0.13033947361761583
4011,997485.0,0.13031870459212075
4012,997545.0,0.13034255819740892
4013,997605.0,0.13037023056351893
4014,997665.0,0.13038149309985636
4015,997725.0,0.13035873134365045
4016,997785.0,0.1304537964054891
4017,997845.0,0.13059665137973236
4018,997905.0,0.13077490683423093
4019,997965.0,0.13094141201010517
4020,998025.0,0.13205257723380504
4021,998085.0,0.13285885860417918
4022,998145.0,0.13343264061949617
4023,998205.0,0.13387083753354728
4024,998268.0,0.1342817321995483
4025,998325.0,0.13482446168596512
4026,998385.0,0.1346912256223689
4027,998445.0,0.13472661713376832
4028,998505.0,0.1348889788837464
4029,998565.0,0.13508175297671265
4030,998625.0,0.13423587232644651
4031,998685.0,0.13354037638102634
4032,998745.0,0.13286551822640852
4033,998805.0,0.13300225448563574
4034,998865.0,0.13417552306833075
4035,998925.0,0.13497265751373522
4036,998985.0,0.1355273739222696
4037,999045.0,0.1360936318840159
4038,999105.0,0.13678738501217336
4039,999165.0,0.13760452147923208
4040,999225.0,0.13849703628318938
4041,999285.0,0.13845609897445182
4042,999345.0,0.13852188531514692
4043,999405.0,0.1386248538033651
4044,999465.0,0.13874955468864386
4045,999525.0,0.13882113998811507
4046,999585.0,0.1388177620636767
4047,999645.0,0.13880829413596107
4048,999705.0,0.13880777103610137
4049,999765.0,0.13875957832251246
4050,999825.0,0.1386777899568501
4051,999885.0,0.1396701324333547
4052,999945.0,0.1403412375619647
4053,1000005.0,0.14085591907744538
4054,1000065.0,0.14131524305122528
4055,1000125.0,0.1418447092986771
4056,1000185.0,0.14248917600980404
4057,1000245.0,0.14325788002956852
4058,1000305.0,0.14315511607426978
4059,1000365.0,0.1431513985050481
4060,1000425.0,0.14323856587512446
4061,1000485.0,0.1433484285269312
4062,1000545.0,0.14341648721770195
4063,1000605.0,0.1434210028799699
4064,1000665.0,0.1433994494448198
4065,1000725.0,0.1434174144744873
4066,1000785.0,0.14344110423319828
4067,1000845.0,0.1443597561379354
4068,1000905.0,0.14511949178265698
4069,1000965.0,0.14587239530291835
4070,1001025.0,0.14669441673019096
4071,1001085.0,0.14762342706938142
4072,1001145.0,0.14774827580630068
4073,1001205.0,0.1478870047577791
4074,1001265.0,0.14816059488991484
4075,1001325.0,0.1485114524618686
4076,1001385.0,0.14884987871625405
4077,1001445.0,0.14912501789191474
4078,1001505.0,0.14928826696784092
4079,1001565.0,0.14938998418582244
4080,1001625.0,0.14943848897793566
4081,1001685.0,0.15054782582953125
4082,1001745.0,0.15139756639492163
4083,1001805.0,0.15224531231800242
4084,1001865.0,0.15307576685119173
4085,1001925.0,0.15391714260345568
4086,1001985.0,0.15396020217935108
4087,1002045.0,0.15398514444893752
4088,1002105.0,0.1540981429577004
4089,1002165.0,0.15422293284689598
4090,1002225.0,0.15428923205055217
4091,1002285.0,0.15425647497769374
4092,1002345.0,0.1541549858596155
4093,1002405.0,0.15401451579917413
4094,1002465.0,0.15385491157040998
4095,1002525.0,0.15482479620914363
4096,1002585.0,0.15550319453506073
4097,1002645.0,0.15612368371027813
4098,1002705.0,0.15673536689804757
4099,1002765.0,0.15744634239174604
4100,1002825.0,0.15737965568630696
4101,1002885.0,0.1573311180569027
4102,1002945.0,0.15739598216762823
4103,1003005.0,0.1575095038284663
4104,1003065.0,0.15760682319320785
4105,1003125.0,0.15763998880055652
4106,1003185.0,0.15762227192468659
4107,1003245.0,0.15758058939579572
4108,1003305.0,0.15749647997053495
4109,1003365.0,0.15739506677873571
4110,1003425.0,0.15833535785245578
4111,1003485.0,0.1590668402698588
4112,1003545.0,0.15973626294531051
4113,1003605.0,0.16042375678288123
4114,1003665.0,0.1611739673047506
4115,1003725.0,0.16195653739726384
4116,1003785.0,0.16276626438295866
4117,1003845.0,0.16359881500092704
4118,1003905.0,0.16445716016734713
4119,1003965.0,0.16437858953605783
4120,1004025.0,0.1643181677691269
4121,1004085.0,0.16429785806385422
4122,1004145.0,0.16428782759110216
4123,1004205.0,0.16434325054835763
4124,1004265.0,0.1643629585363658
4125,1004325.0,0.16548228539635468
4126,1004385.0,0.1662485755271199
4127,1004445.0,0.16688353468476713
4128,1004505.0,0.16775121606875615
4129,1004565.0,0.16769032409438345
4130,1004625.0,0.16761811816419553
4131,1004685.0,0.16759352517532577
4132,1004745.0,0.16761096038507556
4133,1004805.0,0.1676309708475378
4134,1004865.0,0.16764016505853863
4135,1004925.0,0.16765844821147025
4136,1004985.0,0.16771781413863368
4137,1005048.0,0.16776902798767485
4138,1005105.0,0.16780763626234757
4139,1005165.0,0.16782944053876825
4140,1005225.0,0.1678460799108567
4141,1005285.0,0.16784436131504205
4142,1005345.0,0.16781100040534508
4143,1005405.0,0.16780825682326822
4144,1005465.0,0.16778983494066702
4145,1005525.0,0.16784367480509227
4146,1005585.0,0.16793454584461376
4147,1005645.0,0.1680126498533625
4148,1005705.0,0.16912495245725018
4149,1005765.0,0.17001623471493804
4150,1005825.0,0.1706931774522099
4151,1005885.0,0.17161317619838146
4152,1005945.0,0.1715729673043903
4153,1006005.0,0.17165324462199966
4154,1006065.0,0.17163522886698096
4155,1006125.0,0.17147375813658533
4156,1006185.0,0.171228221756431
4157,1006245.0,0.17245908875858512
4158,1006308.0,0.1735343118873397
4159,1006365.0,0.1745650715003884
4160,1006425.0,0.1754246794551515
4161,1006485.0,0.17622241151962414
4162,1006545.0,0.1770207239067464
4163,1006605.0,0.1769739399803722
4164,1006665.0,0.1769968702698428
4165,1006725.0,0.17712208796008116
4166,1006785.0,0.17705203414963305
4167,1006845.0,0.1768418872673711
4168,1006905.0,0.17653752098214187
4169,1006965.0,0.17770316676004205
4170,1007025.0,0.17873298096487927
4171,1007085.0,0.17990957203636115
4172,1007145.0,0.18104787929930077
4173,1007205.0,0.18200865858808002
4174,1007265.0,0.18205330216091986
4175,1007325.0,0.1821432930791126
4176,1007385.0,0.18230884771528638
4177,1007445.0,0.18242305227851863
4178,1007505.0,0.18225084198742625
4179,1007565.0,0.1819150322952639
4180,1007625.0,0.1827687603745849
4181,1007685.0,0.18358207535734644
4182,1007745.0,0.18462469989267527
4183,1007805.0,0.18588795183454337
4184,1007865.0,0.18699170012164418
4185,1007925.0,0.18703466076858782
4186,1007985.0,0.1871490081449001
4187,1008045.0,0.18740588422475452
4188,1008105.0,0.18734788920730316
4189,1008165.0,0.18714291122068483
4190,1008225.0,0.18694934638049227
4191,1008285.0,0.18812902451154
4192,1008345.0,0.18907448474070215
4193,1008405.0,0.19058267507681848
4194,1008465.0,0.19179704885383553
4195,1008525.0,0.1918748059983259
4196,1008585.0,0.19200785821667482
4197,1008645.0,0.1922464798458774
4198,1008705.0,0.19211875527643874
4199,1008765.0,0.19185098116076232
4200,1008825.0,0.19059377007530387
4201,1008885.0,0.19122963843143242
4202,1008945.0,0.1928255329725681
4203,1009005.0,0.19376922853323264
4204,1009065.0,0.19423358530604823
4205,1009125.0,0.19365797678102775
4206,1009185.0,0.19385827999119365
4207,1009245.0,0.19401187460003244
4208,1009305.0,0.19409676837976358
4209,1009365.0,0.19414625589858353
4210,1009425.0,0.19421305618357326
4211,1009485.0,0.1943152846615253
4212,1009545.0,0.1944404112546777
4213,1009605.0,0.19456183453781523
4214,1009665.0,0.1935238715915239
4215,1009725.0,0.19272969654667615
4216,1009785.0,0.192237841493955
4217,1009845.0,0.19186401207521486
4218,1009905.0,0.191442675775026
4219,1009965.0,0.19093736408519046
4220,1010025.0,0.19031800559284845
4221,1010085.0,0.1906089145938874
4222,1010145.0,0.19070450825323026
4223,1010205.0,0.19071840928085643
4224,1010265.0,0.1906797399518979
4225,1010325.0,0.19064564798706435
4226,1010385.0,0.1906249303444057
4227,1010445.0,0.19065173268824642
4228,1010505.0,0.19070248261520922
4229,1010565.0,0.19180533340075923
4230,1010625.0,0.19274565287564516
4231,1010685.0,0.19245473392012696
4232,1010745.0,0.1915718554299659
4233,1010805.0,0.1910870215868119
4234,1010865.0,0.19065498402940978
4235,1010925.0,0.19001423063062223
4236,1010985.0,0.18923660011891957
4237,1011045.0,0.18845217821709576
4238,1011105.0,0.1887357277843752
4239,1011165.0,0.18878074106683596
4240,1011225.0,0.1895849782267927
4241,1011285.0,0.1906361469917927
4242,1011345.0,0.191596994993686
4243,1011405.0,0.19277219713866434
4244,1011465.0,0.19368248166923624
4245,1011525.0,0.19448177037424508
4246,1011585.0,0.1952810347640515
4247,1011645.0,0.1943805836198212
4248,1011705.0,0.19369490168839776
4249,1011765.0,0.19297871380062148
4250,1011825.0,0.191964162475532
4251,1011885.0,0.19070344154407992
4252,1011945.0,0.19034624550794832
4253,1012005.0,0.1901550154524606
4254,1012065.0,0.1899273828605728
4255,1012125.0,0.19150318161317198
4256,1012185.0,0.19248500200773838
4257,1012245.0,0.1933650500228689
4258,1012305.0,0.19331137255573583
4259,1012365.0,0.1932965042126788
4260,1012425.0,0.1933751261907391
4261,1012485.0,0.19238266635120888
4262,1012545.0,0.19144909960530077
4263,1012605.0,0.19045570988603172
4264,1012665.0,0.18941498521457034
4265,1012725.0,0.18978475511765835
4266,1012785.0,0.19056788239877054
4267,1012845.0,0.191625598152877
4268,1012905.0,0.19249742238535128
4269,1012968.0,0.19331350562293603
4270,1013025.0,0.193243325904581
4271,1013085.0,0.1932708441982382
4272,1013145.0,0.1933032126669586
4273,1013205.0,0.19340066518997828
4274,1013265.0,0.19346913144475597
4275,1013325.0,0.19236429941540917
4276,1013385.0,0.1912998643117378
4277,1013445.0,0.19039041972034026
4278,1013505.0,0.1895433326676323
4279,1013565.0,0.18871776588660233
4280,1013625.0,0.18983168825250757
4281,1013685.0,0.1909697846133005
4282,1013745.0,0.1917859560475748
4283,1013805.0,0.1924286461912919
4284,1013865.0,0.19318714304810147
4285,1013925.0,0.1931168597584788
4286,1013985.0,0.19312814887116275
4287,1014045.0,0.19322962239383545
4288,1014105.0,0.19334391046130572
4289,1014165.0,0.19321441543891665
4290,1014225.0,0.19198395889806846
4291,1014285.0,0.1909214270131101
4292,1014345.0,0.1900781681678081
4293,1014405.0,0.190408130216644
4294,1014465.0,0.19082852318576338
4295,1014528.0,0.1909819779768147
4296,1014585.0,0.19097116201051617
4297,1014645.0,0.19105985705933465
4298,1014705.0,0.1902530776206136
4299,1014765.0,0.19041541705064025
4300,1014825.0,0.19056005053487562
4301,1014885.0,0.19061582756140882
4302,1014945.0,0.1904012844397927
4303,1015005.0,0.19003568255071518
4304,1015065.0,0.1896390935321845
4305,1015125.0,0.18957755643192187
4306,1015185.0,0.18947097816638225
4307,1015245.0,0.1897296939111942
4308,1015305.0,0.18958411363019395
4309,1015365.0,0.19043295954840517
4310,1015425.0,0.1904826281843609
4311,1015485.0,0.19055827857816898
4312,1015545.0,0.19060596477265362
4313,1015605.0,0.19066292447202143
4314,1015665.0,0.19046436175458714
4315,1015725.0,0.190278878385036
4316,1015785.0,0.1899932502003881
4317,1015845.0,0.18979426896600554
4318,1015905.0,0.19064468832093528
4319,1015965.0,0.19169219218589145
4320,1016025.0,0.19242885926229736
4321,1016085.0,0.19315701028818544
4322,1016145.0,0.19290630776924184
4323,1016205.0,0.1928476144729374
4324,1016265.0,0.1928513703263965
4325,1016325.0,0.19282234248395846
4326,1016385.0,0.1925280478883023
4327,1016445.0,0.1921919368754204
4328,1016505.0,0.19080140376412164
4329,1016565.0,0.19116232864754867
4330,1016625.0,0.19137923345072078
4331,1016685.0,0.1914027614088029
4332,1016745.0,0.1923147045748621
4333,1016805.0,0.19312530959750834
4334,1016865.0,0.19320647132537844
4335,1016925.0,0.19345353939558657
4336,1016985.0,0.1937697254579704
4337,1017045.0,0.19255472688765124
4338,1017105.0,0.19120362414624265
4339,1017165.0,0.18982745713059473
4340,1017225.0,0.18860119217585003
4341,1017285.0,0.18891845524136247
4342,1017345.0,0.18894292905111565
4343,1017405.0,0.18993493831030678
4344,1017465.0,0.1907425244123353
4345,1017525.0,0.19147789397357667
4346,1017585.0,0.19155914286372472
4347,1017645.0,0.1918607596270251
4348,1017705.0,0.1923120076470507
4349,1017765.0,0.19128183368417923
4350,1017825.0,0.19018913766134715
4351,1017885.0,0.18886477984072159
4352,1017945.0,0.18757180416028763
4353,1018005.0,0.18649186493365116
4354,1018065.0,0.18780906668039032
4355,1018125.0,0.18888246415601384
4356,1018185.0,0.1897622085886832
4357,1018245.0,0.1905114538829844
4358,1018305.0,0.1915334639906383
4359,1018365.0,0.19188613764915302
4360,1018425.0,0.1910819319171818
4361,1018485.0,0.1903275997854182
4362,1018545.0,0.18935756478996207
4363,1018605.0,0.1879376850703668
4364,1018665.0,0.18667961243799647
4365,1018725.0,0.18648251782925496
4366,1018785.0,0.18610024733953956
4367,1018845.0,0.18690893634097183
4368,1018905.0,0.1881047013693663
4369,1018965.0,0.18931273162457746
4370,1019025.0,0.19035411131493118
4371,1019085.0,0.19007948894922927
4372,1019145.0,0.18910654537862215
4373,1019205.0,0.1876239254883723
4374,1019265.0,0.18645329212134604
4375,1019325.0,0.18616006946978408
4376,1019385.0,0.18578037759475707
4377,1019445.0,0.18527008848721138
4378,1019505.0,0.1864030856050728
4379,1019565.0,0.1875387842152988
4380,1019625.0,0.18914707229310085
4381,1019685.0,0.18873165963508298
4382,1019745.0,0.1875390265507828
4383,1019805.0,0.18714393313273553
4384,1019865.0,0.1863089383496413
4385,1019925.0,0.18644832194209982
4386,1019985.0,0.18653612541446185
4387,1020045.0,0.18657627833519264
4388,1020105.0,0.18636669298764819
4389,1020165.0,0.18615993705488926
4390,1020225.0,0.1858224629274724
4391,1020285.0,0.18665232219649003
4392,1020345.0,0.18746908296638276
4393,1020405.0,0.1886057518483401
4394,1020465.0,0.18947534044044378
4395,1020525.0,0.19027382919216546
4396,1020585.0,0.1911236887644347
4397,1020645.0,0.19110786640282207
4398,1020705.0,0.19112180392290534
4399,1020765.0,0.19117601894556802
4400,1020825.0,0.19126791014338912
4401,1020885.0,0.19132924080455388
4402,1020945.0,0.19116567907845
4403,1021005.0,0.19097657518777306
4404,1021065.0,0.1907785888263634
4405,1021125.0,0.1906764373599773
4406,1021185.0,0.19170287050498003
4407,1021245.0,0.19291128194521717
4408,1021305.0,0.1938909227763707
4409,1021365.0,0.1937966119835478
4410,1021425.0,0.19379553401092797
4411,1021485.0,0.19378806337226634
4412,1021545.0,0.19385228126221815
4413,1021605.0,0.19372429524162255
4414,1021665.0,0.19361334454286472
4415,1021725.0,0.19367264209731883
4416,1021785.0,0.19363364189157944
4417,1021845.0,0.19347282115611902
4418,1021905.0,0.19322585073555631
4419,1021965.0,0.19299512069206054
4420,1022025.0,0.19303816152540493
4421,1022085.0,0.1929887388824612
4422,1022145.0,0.19329886432682875
4423,1022205.0,0.1933572506640151
4424,1022265.0,0.19347721597427497
4425,1022325.0,0.1934774224237154
4426,1022385.0,0.19345530595126298
4427,1022445.0,0.19341636367969134
4428,1022505.0,0.19337083385614545
4429,1022565.0,0.19338307278537487
4430,1022625.0,0.1936347692005545
4431,1022685.0,0.19405900044956065
4432,1022745.0,0.1943849917905351
4433,1022805.0,0.19441288702893827
4434,1022865.0,0.1943769883295819
4435,1022925.0,0.19247913856623944
4436,1022985.0,0.19105981115989534
4437,1023045.0,0.1909250180504128
4438,1023105.0,0.1918403485983628
4439,1023165.0,0.19304818323240913
4440,1023225.0,0.1939968281718728
4441,1023285.0,0.19478017167360712
4442,1023345.0,0.194952103649914
4443,1023405.0,0.19520340482041493
4444,1023465.0,0.19521819862775414
4445,1023525.0,0.1938279442600248
4446,1023585.0,0.19286442164373924
4447,1023645.0,0.19167038483624865
4448,1023705.0,0.19155668113831842
4449,1023765.0,0.19172406220497135
4450,1023825.0,0.19256692303976308
4451,1023885.0,0.193290774546512
4452,1023945.0,0.19406097816572088
4453,1024005.0,0.19396231217178433
4454,1024065.0,0.19391711942513273
4455,1024125.0,0.19391553257424815
4456,1024185.0,0.19417632526693024
4457,1024245.0,0.194340194463076
4458,1024305.0,0.19437272064067673
4459,1024365.0,0.19421489858169516
4460,1024425.0,0.19297091607971711
4461,1024485.0,0.1916473635690908
4462,1024545.0,0.1905095881048296
4463,1024605.0,0.19073937440675454
4464,1024665.0,0.1908978363891456
4465,1024725.0,0.1921214462926737
4466,1024785.0,0.19291212101632532
4467,1024845.0,0.19283246367379342
4468,1024905.0,0.19275853882361538
4469,1024965.0,0.1929035142053901
4470,1025025.0,0.19299441829165975
4471,1025085.0,0.19302465238466987
4472,1025145.0,0.1928189601950892
4473,1025205.0,0.19251409317990215
4474,1025265.0,0.19262455645672244
4475,1025325.0,0.1930257429737151
4476,1025385.0,0.19360339999000625
4477,1025445.0,0.19401102743771315
4478,1025505.0,0.19505180769524744
4479,1025565.0,0.19572371480210243
4480,1025625.0,0.19641630357999268
4481,1025685.0,0.19634946739390297
4482,1025745.0,0.19645247616318645
4483,1025805.0,0.19668061748503557
4484,1025865.0,0.1969346618169051
4485,1025925.0,0.1958084968664041
4486,1025985.0,0.19506697738399464
4487,1026045.0,0.1937395512949615
4488,1026105.0,0.19304853251630044
4489,1026165.0,0.19300990718146638
4490,1026225.0,0.19465319361930988
4491,1026285.0,0.19607708637437116
4492,1026345.0,0.1973244119075741
4493,1026405.0,0.19828184774840002
4494,1026465.0,0.19913760207819853
4495,1026525.0,0.20008324342331907
4496,1026585.0,0.20030397433805774
4497,1026645.0,0.20048554031040505
4498,1026705.0,0.19962433783224337
4499,1026765.0,0.19857864009629617
4500,1026825.0,0.19781288102760652
4501,1026885.0,0.19701356869907088
4502,1026945.0,0.19692225401008967
4503,1027005.0,0.19642244270439924
4504,1027065.0,0.19696635969950932
4505,1027125.0,0.19843365586920375
4506,1027185.0,0.20008277353327136
4507,1027245.0,0.20146836105329752
4508,1027305.0,0.20263817675793055
4509,1027365.0,0.20217407014706407
4510,1027425.0,0.20205725638251504
4511,1027488.0,0.20108110620359831
4512,1027545.0,0.20020148176477875
4513,1027605.0,0.1994433779712375
4514,1027665.0,0.1994753333057659
4515,1027725.0,0.19946276928789552
4516,1027785.0,0.1993767921469164
4517,1027845.0,0.19930212140833642
4518,1027905.0,0.19950935167814854
4519,1027965.0,0.1997562555212612
4520,1028025.0,0.1997091453160243
4521,1028085.0,0.1989362380258637
4522,1028145.0,0.19888630938569768
4523,1028205.0,0.19878723937302967
4524,1028265.0,0.19911327029133236
4525,1028325.0,0.1991449587071869
4526,1028385.0,0.19992722810241392
4527,1028445.0,0.20076559519146292
4528,1028505.0,0.2006594536289275
4529,1028565.0,0.20058613701995243
4530,1028625.0,0.20069882163458358
4531,1028685.0,0.20091458586906707
4532,1028745.0,0.20096144878639338
4533,1028805.0,0.20103987815204272
4534,1028865.0,0.19959031837807284
4535,1028925.0,0.1991190252196049
4536,1028985.0,0.19895473147456322
4537,1029045.0,0.199276593844134
4538,1029105.0,0.19950322194702869
4539,1029165.0,0.20054477795391512
4540,1029225.0,0.20139033023560649
4541,1029285.0,0.201326456415997
4542,1029345.0,0.20123781759919812
4543,1029405.0,0.20137631953215418
4544,1029465.0,0.20154569631110453
4545,1029525.0,0.20149356126209922
4546,1029585.0,0.20158433244567786
4547,1029645.0,0.2003277478808263
4548,1029705.0,0.1988686384746931
4549,1029768.0,0.19874553883662932
4550,1029825.0,0.19926575078508718
4551,1029885.0,0.19959067212048442
4552,1029945.0,0.20062574425558055
4553,1030005.0,0.201339559481707
4554,1030065.0,0.20204557801827516
4555,1030125.0,0.20220407352720965
4556,1030185.0,0.20240305266330777
4557,1030245.0,0.202612978315919
4558,1030305.0,0.20151144788666714
4559,1030365.0,0.20057284514534884
4560,1030428.0,0.19920179557252188
4561,1030485.0,0.1982578426005182
4562,1030545.0,0.19736133092438923
4563,1030605.0,0.1963656161506946
4564,1030665.0,0.19626945641275417
4565,1030725.0,0.19611755583870144
4566,1030785.0,0.19604735898440007
4567,1030845.0,0.1959584581522339
4568,1030905.0,0.1960736428756631
4569,1030965.0,0.19617235847308262
4570,1031025.0,0.1964368798596567
4571,1031085.0,0.19540598342311327
4572,1031145.0,0.1940719738648965
4573,1031205.0,0.1933007342842411
4574,1031265.0,0.19329921109735382
4575,1031325.0,0.1941828615645238
4576,1031385.0,0.19447876512122392
4577,1031445.0,0.1954684676094689
4578,1031505.0,0.19625081944909845
4579,1031565.0,0.1969823174456249
4580,1031625.0,0.19658351426743437
4581,1031685.0,0.19655418247908113
4582,1031745.0,0.1968405098697666
4583,1031805.0,0.19714931622680493
4584,1031865.0,0.19741849781093312
4585,1031925.0,0.19754527281906265
4586,1031985.0,0.19647178750670258
4587,1032045.0,0.19512801284871623
4588,1032105.0,0.19383410289267056
4589,1032165.0,0.19254486427231537
4590,1032225.0,0.19133416875456416
4591,1032285.0,0.1915435566932021
4592,1032345.0,0.19283890422410643
4593,1032405.0,0.19386036882054464
4594,1032465.0,0.19473387405728548
4595,1032525.0,0.19553189299585655
4596,1032585.0,0.19568174863931515
4597,1032645.0,0.19588167275167584
4598,1032705.0,0.19602485305805334
4599,1032765.0,0.196261668968077
4600,1032825.0,0.19525129201173397
4601,1032885.0,0.19400706479349805
4602,1032945.0,0.19257912365543856
4603,1033005.0,0.19109957797803895
4604,1033065.0,0.1897389483567281
4605,1033125.0,0.18968982013925761
4606,1033185.0,0.19010469493136228
4607,1033245.0,0.19124066727962913
4608,1033305.0,0.19216465128242355
4609,1033365.0,0.19302313996140807
4610,1033425.0,0.19302728230196609
4611,1033485.0,0.19293584556745913
4612,1033545.0,0.192814856027354
4613,1033605.0,0.1927761272409173
4614,1033665.0,0.19270719806060893
4615,1033725.0,0.19249015585480483
4616,1033785.0,0.19243531738868647
4617,1033845.0,0.19129984864625255
4618,1033905.0,0.19157221773279937
4619,1033965.0,0.19241137903324507
4620,1034025.0,0.1928619149467662
4621,1034085.0,0.19326964874910663
4622,1034145.0,0.19454831336095024
4623,1034205.0,0.19571087550833677
4624,1034265.0,0.19698271271343049
4625,1034325.0,0.19817550120429017
4626,1034385.0,0.19848098981893147
4627,1034445.0,0.1987835121230373
4628,1034505.0,0.1981485300493246
4629,1034565.0,0.1972127447416061
4630,1034625.0,0.19645052818373565
4631,1034685.0,0.19533674060243655
4632,1034745.0,0.19493461099827614
4633,1034805.0,0.19595261467146463
4634,1034865.0,0.197771262198485
4635,1034925.0,0.19938032786952214
4636,1034985.0,0.2008268902888251
4637,1035045.0,0.2022151997241639
4638,1035105.0,0.20343051620597086
4639,1035165.0,0.20444579062294577
4640,1035225.0,0.20544136263794827
4641,1035285.0,0.20575611399744848
4642,1035345.0,0.20614737834544533
4643,1035405.0,0.20529659931292737
4644,1035465.0,0.2043653373353454
4645,1035525.0,0.2032286188932953
4646,1035588.0,0.20243532291562355
4647,1035648.0,0.20220471301294196
4648,1035705.0,0.2028917276422204
4649,1035765.0,0.20390484582629453
4650,1035825.0,0.20514893080285856
4651,1035885.0,0.20683177092311567
4652,1035945.0,0.20827385736418758
4653,1036005.0,0.2085380766008078
4654,1036065.0,0.2081147971484228
4655,1036125.0,0.20771295184662597
4656,1036185.0,0.20725921661927382
4657,1036245.0,0.20600082899971334
4658,1036305.0,0.20498206199044705
4659,1036365.0,0.20416999228628574
4660,1036425.0,0.20331410071141004
4661,1036485.0,0.2032648060669595
4662,1036545.0,0.2041602297358282
4663,1036605.0,0.20535126114833074
4664,1036665.0,0.20688483708176492
4665,1036725.0,0.20814746197314893
4666,1036785.0,0.20947019179850374
4667,1036845.0,0.21101927932228615
4668,1036905.0,0.21175039906304416
4669,1036965.0,0.21179430378040154
4670,1037025.0,0.21015133318214246
4671,1037085.0,0.20868758065360338
4672,1037145.0,0.2074319621897862
4673,1037205.0,0.20643664795470368
4674,1037265.0,0.20577476904448344
4675,1037325.0,0.20500691380195957
4676,1037385.0,0.20505951926971183
4677,1037445.0,0.2050430870179044
4678,1037505.0,0.20502735799602106
4679,1037565.0,0.20499891294502642
4680,1037625.0,0.20477499660060766
4681,1037685.0,0.20467919273279145
4682,1037745.0,0.2056372037536332
4683,1037805.0,0.2068917000201806
4684,1037865.0,0.2071319637383986
4685,1037925.0,0.20797356275333673
4686,1037985.0,0.20877727385933592
4687,1038045.0,0.20970272442562393
4688,1038105.0,0.20994052336952335
4689,1038165.0,0.21013856515736395
4690,1038225.0,0.2101109029259195
4691,1038285.0,0.21097119819820326
4692,1038345.0,0.21100735716374663
4693,1038405.0,0.21098282259133688
4694,1038465.0,0.21105665932447465
4695,1038525.0,0.21099527276800023
4696,1038585.0,0.2106025479692904
4697,1038645.0,0.21120764419237614
4698,1038705.0,0.21230664840782537
4699,1038765.0,0.21408464402842242
4700,1038825.0,0.2156771323686229
4701,1038885.0,0.21638383811085993
4702,1038945.0,0.21646661274786022
4703,1039005.0,0.21644018022689376
4704,1039065.0,0.2150823750680999
4705,1039125.0,0.21421616150806466
4706,1039185.0,0.21339095741211134
4707,1039245.0,0.21230256532637576
4708,1039305.0,0.212110495226832
4709,1039365.0,0.2130770815173918
4710,1039425.0,0.2138494008705804
4711,1039485.0,0.21488540915047155
4712,1039545.0,0.21604896116223438
4713,1039608.0,0.21700657397724554
4714,1039665.0,0.2180028815718702
4715,1039725.0,0.21823928503857076
4716,1039788.0,0.21821105307839533
4717,1039845.0,0.2178564226719305
4718,1039905.0,0.21675560746682548
4719,1039965.0,0.2157153441283895
4720,1040025.0,0.21487972754260593
4721,1040085.0,0.21495077253613176
4722,1040148.0,0.21504086005267525
4723,1040205.0,0.21509345280359443
4724,1040265.0,0.21512185209881973
4725,1040325.0,0.21525581940387306
4726,1040385.0,0.21531839578893153
4727,1040445.0,0.21540277444713268
4728,1040505.0,0.21648337078207847
4729,1040565.0,0.21670943817561777
4730,1040625.0,0.2165800574859459
4731,1040685.0,0.2165908586343634
4732,1040745.0,0.21687826937278837
4733,1040805.0,0.2174179179997513
4734,1040865.0,0.21797306119841936
4735,1040925.0,0.21907669719565842
4736,1040985.0,0.21995864260415476
4737,1041048.0,0.22008534005988994
4738,1041105.0,0.2202430388292559
4739,1041165.0,0.22043570553862513
4740,1041225.0,0.22062294259221654
4741,1041285.0,0.220584191753752
4742,1041345.0,0.22016097460605033
4743,1041405.0,0.2207338032319751
4744,1041465.0,0.22158699611412047
4745,1041525.0,0.22313341251848573
4746,1041585.0,0.22432157326113566
4747,1041645.0,0.22525113564251747
4748,1041705.0,0.22617893677590095
4749,1041765.0,0.22712133759964176
4750,1041825.0,0.2271462317596678
4751,1041885.0,0.22729858318307067
4752,1041945.0,0.22781744577485202
4753,1042005.0,0.22748558671770375
4754,1042065.0,0.22669064912898212
4755,1042125.0,0.2250580637993902
4756,1042185.0,0.22395571744493203
4757,1042245.0,0.2230102331332316
4758,1042305.0,0.22223363864681267
4759,1042365.0,0.221286647864136
4760,1042425.0,0.2212942850163243
4761,1042488.0,0.22175876251943294
4762,1042545.0,0.2226209229973481
4763,1042605.0,0.22401659989818878
4764,1042665.0,0.22529363613215508
4765,1042725.0,0.22633883418547773
4766,1042785.0,0.22721463990332919
4767,1042845.0,0.22831033922930882
4768,1042905.0,0.2287231925364629
4769,1042965.0,0.22904703458268472
4770,1043025.0,0.22913783532797416
4771,1043085.0,0.22780207023941174
4772,1043145.0,0.22756128943069714
4773,1043205.0,0.22740928893048223
4774,1043265.0,0.2278580139131317
4775,1043325.0,0.22807680045493905
4776,1043385.0,0.22905509427902726
4777,1043445.0,0.22997792284258034
4778,1043505.0,0.2299573489414551
4779,1043565.0,0.23004666888566744
4780,1043625.0,0.2301485307328871
4781,1043685.0,0.23011529917248508
4782,1043745.0,0.2299448591079588
4783,1043805.0,0.23124930881464378
4784,1043865.0,0.232470775483347
4785,1043925.0,0.2326537291830199
4786,1043985.0,0.23241766660119278
4787,1044045.0,0.2321341893047546
4788,1044105.0,0.23210378795937847
4789,1044165.0,0.23128769806122873
4790,1044225.0,0.23133481462858957
4791,1044285.0,0.2315532868801135
4792,1044345.0,0.23188719917348272
4793,1044405.0,0.23227609526624288
4794,1044465.0,0.2326559821962309
4795,1044525.0,0.2330779367366544
4796,1044585.0,0.23341335141046676
4797,1044645.0,0.2334741686701851
4798,1044705.0,0.2320557756508867
4799,1044765.0,0.22966570447050333
4800,1044825.0,0.22924116844326675
4801,1044885.0,0.2291538102345021
4802,1044945.0,0.22918192722864622
4803,1045005.0,0.2291406765951885
4804,1045065.0,0.22905626279123947
4805,1045125.0,0.22909173129496302
4806,1045185.0,0.22908714627024002
4807,1045245.0,0.22909673370787803
4808,1045305.0,0.22911070603749661
4809,1045365.0,0.22913107627417378
4810,1045428.0,0.2291689575659413
4811,1045485.0,0.22962558154992313
4812,1045545.0,0.22918450788274009
4813,1045605.0,0.22815494455693225
4814,1045665.0,0.22630556877675712
4815,1045725.0,0.22446519164039458
4816,1045785.0,0.22273624514823825
4817,1045845.0,0.2210876324432841
4818,1045905.0,0.21985114275296774
4819,1045965.0,0.22026797873726056
4820,1046025.0,0.2207166327616379
4821,1046085.0,0.2218506939361956
4822,1046145.0,0.22278851209902306
4823,1046205.0,0.22270386262902087
4824,1046265.0,0.2227095167388481
4825,1046325.0,0.2227245750466103
4826,1046385.0,0.2227228293195999
4827,1046445.0,0.22280531501927686
4828,1046505.0,0.22179814413569088
4829,1046565.0,0.22041070492008624
4830,1046625.0,0.22027352436049713
4831,1046685.0,0.21970245468222166
4832,1046745.0,0.2199877536505317
4833,1046805.0,0.2201169980077765
4834,1046865.0,0.22026084094613785
4835,1046925.0,0.21936935493139126
4836,1046985.0,0.21851328561006456
4837,1047045.0,0.21861614518359934
4838,1047105.0,0.21867936101915136
4839,1047165.0,0.21867350341828523
4840,1047225.0,0.21856006529688016
4841,1047285.0,0.21940446859788398
4842,1047345.0,0.21973636205612096
4843,1047405.0,0.21934009654926423
4844,1047465.0,0.2189873623742455
4845,1047525.0,0.21878258658474986
4846,1047585.0,0.2184570181304309
4847,1047645.0,0.217316173144954
4848,1047705.0,0.21659545058816848
4849,1047765.0,0.2159091922511016
4850,1047825.0,0.2161111767830758
4851,1047885.0,0.2163811855160424
4852,1047945.0,0.21629430389599102
4853,1048005.0,0.21599121762724144
4854,1048065.0,0.21559396686812576
4855,1048125.0,0.21664508137646565
4856,1048185.0,0.21735027900845005
4857,1048245.0,0.21856900757207098
4858,1048305.0,0.21966589545495907
4859,1048365.0,0.21972688925599793
4860,1048425.0,0.22001767817101298
4861,1048485.0,0.22030032548453304
4862,1048545.0,0.21988041153517252
4863,1048605.0,0.21915932681093336
4864,1048665.0,0.2180717251980287
4865,1048725.0,0.21526683907858568
4866,1048785.0,0.2139662464668715
4867,1048845.0,0.2127205084049837
4868,1048905.0,0.2127730821405615
4869,1048965.0,0.2129680366573926
4870,1049025.0,0.21221280209462234
4871,1049085.0,0.21147286164594353
4872,1049145.0,0.21160776975822831
4873,1049205.0,0.21175327001475674
4874,1049265.0,0.2118816752216014
4875,1049325.0,0.21218124594267435
4876,1049385.0,0.21287051361452758
4877,1049445.0,0.21256997826292495
4878,1049505.0,0.21178318346038005
4879,1049565.0,0.2103019959244657
4880,1049625.0,0.2093442262168338
4881,1049685.0,0.20822296421273773
4882,1049745.0,0.20714827625937837
4883,1049805.0,0.2060101319411094
4884,1049865.0,0.20713919767763184
4885,1049925.0,0.2080443433267397
4886,1049985.0,0.2090167150701997
4887,1050045.0,0.21034359904527455
4888,1050105.0,0.21156520202442064
4889,1050165.0,0.21042375367459187
4890,1050225.0,0.20968296382758284
4891,1050285.0,0.20875776397546875
4892,1050345.0,0.20797411205742494
4893,1050405.0,0.20740469253217647
4894,1050465.0,0.20645920678185636
4895,1050525.0,0.205323939248999
4896,1050585.0,0.2050973065243593
4897,1050645.0,0.2051815296006851
4898,1050705.0,0.20598334256873063
4899,1050765.0,0.20728508372463367
4900,1050825.0,0.20846602251097857
4901,1050885.0,0.20953061138339718
4902,1050945.0,0.2095762260167428
4903,1051005.0,0.2097575116594379
4904,1051065.0,0.20995038327749338
4905,1051125.0,0.21005092337219683
4906,1051185.0,0.21011649636282514
4907,1051245.0,0.2102967997771235
4908,1051305.0,0.2095732178144038
4909,1051365.0,0.20844175793418956
4910,1051425.0,0.2074308379485167
4911,1051485.0,0.2063993481851154
4912,1051545.0,0.20523865682351633
4913,1051605.0,0.20406606089780494
4914,1051665.0,0.20289347659006307
4915,1051725.0,0.20199671051765988
4916,1051785.0,0.2010615652635041
4917,1051845.0,0.20079217053287257
4918,1051905.0,0.2004997480729433
4919,1051965.0,0.2003045922218064
4920,1052025.0,0.20164979873295236
4921,1052085.0,0.20288384561256728
4922,1052145.0,0.20465163252309332
4923,1052205.0,0.20519207522467625
4924,1052268.0,0.20441170041556017
4925,1052325.0,0.2030720090119979
4926,1052385.0,0.2020984420250252
4927,1052445.0,0.20113849933648192
4928,1052505.0,0.2000291495838029
4929,1052568.0,0.1987524418545249
4930,1052625.0,0.19975816782617256
4931,1052685.0,0.200907553536319
4932,1052745.0,0.20166837383272818
4933,1052805.0,0.2029207787576423
4934,1052865.0,0.20295218105435486
4935,1052925.0,0.20306262412392279
4936,1052985.0,0.2033155063638069
4937,1053045.0,0.20341742594078227
4938,1053105.0,0.20319218650076765
4939,1053165.0,0.2030003963836705
4940,1053225.0,0.20321066439690638
4941,1053285.0,0.2038697739553213
4942,1053345.0,0.2042403496238312
4943,1053405.0,0.20407413664318286
4944,1053465.0,0.2029037195189044
4945,1053525.0,0.2020570585337887
4946,1053585.0,0.20141853830423528
4947,1053645.0,0.20031125632744634
4948,1053705.0,0.19997643413772137
4949,1053765.0,0.1998699333799872
4950,1053825.0,0.20005245580355513
4951,1053885.0,0.20040258750357054
4952,1053945.0,0.19933850973680411
4953,1054005.0,0.1983463903963279
4954,1054065.0,0.1969499634450994
4955,1054125.0,0.19595572375155573
4956,1054185.0,0.19499766492253062
4957,1054245.0,0.19404314624764957
4958,1054305.0,0.19400165953695175
4959,1054365.0,0.19392332700411447
4960,1054425.0,0.19400330673295368
4961,1054485.0,0.19430888279884356
4962,1054545.0,0.19606834729876566
4963,1054605.0,0.19597918671824616
4964,1054665.0,0.1959609353692297
4965,1054725.0,0.1950494891615654
4966,1054785.0,0.19408106522210677
4967,1054845.0,0.19317342345573524
4968,1054905.0,0.19213418081544803
4969,1054965.0,0.19189877628836777
4970,1055025.0,0.1916541396265155
4971,1055085.0,0.19138930745342014
4972,1055145.0,0.19095134614213966
4973,1055205.0,0.19050784724912512
4974,1055265.0,0.19009243543894144
4975,1055325.0,0.18972275722582943
4976,1055385.0,0.18939596943289955
4977,1055445.0,0.18932869882413333
4978,1055505.0,0.18932267263479718
4979,1055565.0,0.18949081153957903
4980,1055625.0,0.18836307381124262
4981,1055685.0,0.18699033019786715
4982,1055745.0,0.185579100772568
4983,1055805.0,0.1843399536163327
4984,1055865.0,0.18336901686360685
4985,1055928.0,0.1823773657239196
4986,1055985.0,0.18227097245653967
4987,1056045.0,0.18204635928082996
4988,1056105.0,0.1817860727107818
4989,1056165.0,0.18162614444358305
4990,1056225.0,0.1815421441345601
4991,1056285.0,0.18152993286129399
4992,1056345.0,0.18163235344938355
4993,1056405.0,0.18165806102222382
4994,1056465.0,0.18182148159137884
4995,1056525.0,0.18235816776176367
4996,1056585.0,0.182855479648115
4997,1056645.0,0.18335089753669087
4998,1056705.0,0.18353454979677064
4999,1056765.0,0.18236708794509193
5000,1056825.0,0.1811906147365645
5001,1056885.0,0.1800069533412813
5002,1056945.0,0.1789426871520502
5003,1057005.0,0.17884343132306735
5004,1057065.0,0.17862790328639244
5005,1057125.0,0.17836594215846863
5006,1057185.0,0.17812016370299122
5007,1057245.0,0.17782824105858253
5008,1057305.0,0.17906683859105887
5009,1057365.0,0.18026133960118274
5010,1057425.0,0.1803708649351688
5011,1057485.0,0.18056679826179872
5012,1057545.0,0.1802253605723173
5013,1057605.0,0.17917601751220136
5014,1057665.0,0.17829329706872288
5015,1057725.0,0.17833482007356521
5016,1057785.0,0.17809265504918897
5017,1057845.0,0.17770108896255343
5018,1057905.0,0.17734137485896329
5019,1057965.0,0.17723103254330003
5020,1058025.0,0.1773203222523244
5021,1058085.0,0.17652300120846576
5022,1058145.0,0.17545925617859603
5023,1058205.0,0.17486835792415611
5024,1058265.0,0.17390196379289302
5025,1058325.0,0.17295026086969112
5026,1058385.0,0.17201810694760472
5027,1058445.0,0.17200540165693357
5028,1058505.0,0.1719231068338284
5029,1058565.0,0.1717919859952709
5030,1058625.0,0.1717365786981408
5031,1058685.0,0.17162216524298318
5032,1058745.0,0.17182373115421656
5033,1058805.0,0.17219842302248267
5034,1058865.0,0.1726950088391231
5035,1058925.0,0.1717473111750138
5036,1058985.0,0.17107033408126476
5037,1059045.0,0.1699431425143157
5038,1059105.0,0.16902824415224188
5039,1059165.0,0.1690840107392052
5040,1059225.0,0.16912505831639119
5041,1059288.0,0.16904281009320865
5042,1059345.0,0.16891187338232583
5043,1059405.0,0.16891988457690038
5044,1059465.0,0.16927896550926047
5045,1059528.0,0.16979516245294218
5046,1059585.0,0.17007488361585416
5047,1059645.0,0.17039317501534157
5048,1059705.0,0.1700471695473586
5049,1059765.0,0.16956442740649547
5050,1059825.0,0.16941079810631965
5051,1059885.0,0.16919385472799892
5052,1059945.0,0.16902466796914434
5053,1060005.0,0.16895919699470352
5054,1060065.0,0.16893223071628982
5055,1060125.0,0.1688458176290808
5056,1060185.0,0.16865919738270507
5057,1060245.0,0.1683712921608499
5058,1060305.0,0.1680462904072733
5059,1060365.0,0.16787472340154008
5060,1060425.0,0.1676166345736131
5061,1060485.0,0.16771098886409602
5062,1060545.0,0.16791466080186213
5063,1060605.0,0.1682398992701712
5064,1060665.0,0.16725843905128202
5065,1060725.0,0.1663408526296708
5066,1060785.0,0.16541374113924845
5067,1060845.0,0.16433150669130636
5068,1060905.0,0.16333350552394188
5069,1060965.0,0.1635852497078028
5070,1061025.0,0.16365423528650747
5071,1061085.0,0.16366619901257318
5072,1061145.0,0.16355029142068928
5073,1061205.0,0.16332111014461614
5074,1061265.0,0.16341191884744022
5075,1061325.0,0.16364768929037365
5076,1061385.0,0.16301302434175863
5077,1061445.0,0.16210677190855743
5078,1061505.0,0.16133717044845125
5079,1061565.0,0.1600116791739024
5080,1061625.0,0.15877990489939825
5081,1061685.0,0.15767123848479198
5082,1061745.0,0.1576440344798477
5083,1061805.0,0.15752198041015936
5084,1061865.0,0.15739243014051313
5085,1061925.0,0.15742528487052648
5086,1061985.0,0.15751163875076024
5087,1062045.0,0.1574956221199117
5088,1062105.0,0.15752526733435124
5089,1062165.0,0.15761173300109665
5090,1062225.0,0.15736952130684917
5091,1062285.0,0.15705567844347978
5092,1062345.0,0.1567977090360113
5093,1062405.0,0.15655722134012678
5094,1062465.0,0.15635035126375563
5095,1062525.0,0.15610223119063205
5096,1062585.0,0.1561495522947861
5097,1062645.0,0.15631999173498556
5098,1062705.0,0.15649198535613618
5099,1062765.0,0.15655588658284353
5100,1062825.0,0.1550923686564824
5101,1062888.0,0.15397671887412107
5102,1062945.0,0.1526461478204958
5103,1063005.0,0.15158388529256256
5104,1063065.0,0.1515381315571308
5105,1063125.0,0.15144967604462278
5106,1063185.0,0.15126150350365591
5107,1063245.0,0.1513749389884559
5108,1063305.0,0.15160697148909774
5109,1063365.0,0.15192516207599815
5110,1063425.0,0.15084726116354402
5111,1063485.0,0.1496122421779662
5112,1063545.0,0.14871370015583485
5113,1063605.0,0.1472825244517602
5114,1063665.0,0.14709354685165055
5115,1063725.0,0.1468362273462548
5116,1063785.0,0.1464972181887334
5117,1063845.0,0.14635510176352545
5118,1063905.0,0.14655262910682515
5119,1063965.0,0.14691883100887754
5120,1064025.0,0.14705369120308842
5121,1064085.0,0.1459310976767622
5122,1064145.0,0.1446543772590595
5123,1064205.0,0.14336408579078014
5124,1064265.0,0.14323043206713026
5125,1064325.0,0.14302727127419873
5126,1064385.0,0.14285189444748564
5127,1064448.0,0.14299981460184552
5128,1064508.0,0.14321944843041534
5129,1064565.0,0.1433585112222825
5130,1064625.0,0.1434270957455221
5131,1064685.0,0.14342513884596464
5132,1064745.0,0.1434628031282711
5133,1064805.0,0.1435573281767789
5134,1064865.0,0.1436075143964214
5135,1064925.0,0.14357377563372276
5136,1064985.0,0.1435654576839407
5137,1065045.0,0.1435608817464834
5138,1065105.0,0.143568391677257
5139,1065165.0,0.14352694131505644
5140,1065225.0,0.14344164621631333
5141,1065285.0,0.14334479545117929
5142,1065345.0,0.14186355217661523
5143,1065405.0,0.14090279444231396
5144,1065465.0,0.14007747516160746
5145,1065525.0,0.140101530473003
5146,1065585.0,0.14018034419508857
5147,1065645.0,0.1403567530514797
5148,1065705.0,0.1405568694582729
5149,1065765.0,0.1407452428853042
5150,1065825.0,0.14089989393090518
5151,1065885.0,0.14095825690881947
5152,1065945.0,0.1410958874624954
5153,1066005.0,0.1412299854790275
5154,1066065.0,0.14135292927043946
5155,1066125.0,0.1415151680235756
5156,1066185.0,0.14169820406903738
5157,1066245.0,0.14185934653421212
5158,1066305.0,0.14199130839460972
5159,1066365.0,0.14209169102981295
5160,1066425.0,0.1421043491073774
5161,1066485.0,0.14219841882546658
5162,1066545.0,0.14222935737346482
5163,1066605.0,0.14227212562225594
5164,1066665.0,0.1422659145850793
5165,1066725.0,0.14224066825823084
5166,1066785.0,0.1422105326440597
5167,1066845.0,0.14227047055779518
5168,1066905.0,0.1422710972748843
5169,1066965.0,0.1421544853441265
5170,1067025.0,0.14196637035154475
5171,1067085.0,0.14167740734184514
5172,1067145.0,0.14141138306985007
5173,1067205.0,0.14121579870922024
5174,1067265.0,0.14087149817126077
5175,1067325.0,0.1403800647488468
5176,1067385.0,0.14000126065080687
5177,1067445.0,0.13965483553938546
5178,1067505.0,0.13950590642237565
5179,1067565.0,0.13936475270172743
5180,1067625.0,0.1391834582824366
5181,1067685.0,0.1390783833293962
5182,1067745.0,0.13900349331632927
5183,1067805.0,0.13896486106496891
5184,1067865.0,0.13897733744378854
5185,1067925.0,0.1390219277708315
5186,1067985.0,0.1390840775473819
5187,1068045.0,0.13932874209721885
5188,1068105.0,0.1382255409599245
5189,1068165.0,0.13729124273227794
5190,1068225.0,0.13611594063479693
5191,1068285.0,0.13502634645093842
5192,1068345.0,0.13401068145784173
5193,1068405.0,0.1339371293330171
5194,1068465.0,0.13382547773060544
5195,1068525.0,0.1337712541355035
5196,1068585.0,0.13398598314341753
5197,1068645.0,0.13427582481531325
5198,1068705.0,0.13463524793811193
5199,1068765.0,0.13496453645852274
5200,1068825.0,0.13521892307049793
5201,1068888.0,0.13536994906612598
5202,1068945.0,0.135406048715075
5203,1069005.0,0.13531415002495228
5204,1069065.0,0.13522981515181498
5205,1069125.0,0.13520987514909727
5206,1069188.0,0.13523257670368294
5207,1069248.0,0.1353031831685152
5208,1069305.0,0.13537064307825403
5209,1069365.0,0.13527952242833186
5210,1069425.0,0.1350050900352297
5211,1069485.0,0.1346642196000138
5212,1069545.0,0.134343381352044
5213,1069605.0,0.1340783985673511
5214,1069665.0,0.13380752068958235
5215,1069725.0,0.13347802845324272
5216,1069785.0,0.13320543605927324
5217,1069845.0,0.13291266343857291
5218,1069905.0,0.13253406504169776
5219,1069965.0,0.13228688570570143
5220,1070025.0,0.1320680678317027
5221,1070085.0,0.13192387051718574
5222,1070145.0,0.1317724365289859
5223,1070205.0,0.13170904567566524
5224,1070265.0,0.13166364625496926
5225,1070325.0,0.13169734106614175
5226,1070385.0,0.13057482910381826
5227,1070445.0,0.12951667706093142
5228,1070505.0,0.128720036698743
5229,1070565.0,0.12801162546809253
5230,1070625.0,0.12812226780335628
5231,1070685.0,0.12823079255666336
5232,1070745.0,0.12821231520659396
5233,1070805.0,0.128021797228302
5234,1070865.0,0.12776036129183527
5235,1070925.0,0.12755135471606543
5236,1070985.0,0.1274465052203096
5237,1071045.0,0.12745046318875286
5238,1071105.0,0.1274866821986574
5239,1071165.0,0.1274052967767016
5240,1071225.0,0.12741054301755023
5241,1071285.0,0.12735953761372149
5242,1071345.0,0.12734097421686394
5243,1071405.0,0.12732356030943331
5244,1071465.0,0.12736625834200802
5245,1071525.0,0.1273386548231969
5246,1071585.0,0.12734191361387975
5247,1071645.0,0.1272778270352329
5248,1071705.0,0.1272332322777063
5249,1071765.0,0.12711934817423456
5250,1071825.0,0.12705747567455886
5251,1071885.0,0.12700631326099573
5252,1071945.0,0.1270185095870258
5253,1072005.0,0.1270621955408544
5254,1072065.0,0.12716684478804516
5255,1072125.0,0.1272601913653611
5256,1072185.0,0.12729125466195462
5257,1072245.0,0.1272887756246221
5258,1072305.0,0.1272765527630461
5259,1072365.0,0.12732752855478846
5260,1072425.0,0.12741128916405992
5261,1072485.0,0.12751868372322056
5262,1072545.0,0.12759331628296774
5263,1072605.0,0.12765889007597656
5264,1072665.0,0.12760884399352976
5265,1072725.0,0.12750799352045658
5266,1072785.0,0.12740309715451362
5267,1072845.0,0.1272730580214192
5268,1072905.0,0.12715602371450835
5269,1072965.0,0.12704430323969473
5270,1073025.0,0.12692636564964624
5271,1073085.0,0.12681909868223992
5272,1073145.0,0.12669316560467134
5273,1073208.0,0.12658554789910506
5274,1073265.0,0.1264401622584394
5275,1073325.0,0.12630301714318778
5276,1073385.0,0.12612396736489973
5277,1073445.0,0.12596389146553028
5278,1073505.0,0.1258200306471512
5279,1073565.0,0.12566858656457774
5280,1073625.0,0.1254798709405545
5281,1073685.0,0.12527096676202606
5282,1073745.0,0.1251129792431508
5283,1073805.0,0.12497708948056269
5284,1073865.0,0.12491466437391874
5285,1073925.0,0.12480833613226866
5286,1073985.0,0.12476009946433333
5287,1074045.0,0.1246772495028641
5288,1074105.0,0.12464950784289713
5289,1074165.0,0.12471738743203983
5290,1074225.0,0.12483887705543059
5291,1074285.0,0.12502862414401314
5292,1074345.0,0.1251919423292652
5293,1074405.0,0.1253138215640718
5294,1074465.0,0.1253959339551303
5295,1074525.0,0.12547270047671374
5296,1074585.0,0.12549157512986017
5297,1074645.0,0.12548332196197073
5298,1074705.0,0.12546679335283203
5299,1074768.0,0.1254331632111659
5300,1074825.0,0.12539309868164172
5301,1074885.0,0.1253547512703392
5302,1074945.0,0.12531110809014842
5303,1075005.0,0.12525822951440801
5304,1075065.0,0.12522204250326116
5305,1075125.0,0.12520470978647258
5306,1075185.0,0.12520984107055272
5307,1075245.0,0.12522807213351567
5308,1075305.0,0.12521971542853896
5309,1075365.0,0.12514786812226555
5310,1075425.0,0.1250652586363555
5311,1075485.0,0.12498741179229247
5312,1075545.0,0.12489106103169687
5313,1075605.0,0.12478243592488716
5314,1075665.0,0.12465358562677026
5315,1075725.0,0.12447380836278468
5316,1075785.0,0.12427211723115719
5317,1075845.0,0.12412670340908774
5318,1075905.0,0.12398678750477732
5319,1075965.0,0.123890352617222
5320,1076025.0,0.12381129970304866
5321,1076085.0,0.12375455226428822
5322,1076145.0,0.12374751299609904
5323,1076205.0,0.12373312743156711
5324,1076265.0,0.12371012921624763
5325,1076325.0,0.12369973476363655
5326,1076385.0,0.12369610443344908
5327,1076445.0,0.123669769965053
5328,1076505.0,0.12362262132978613
5329,1076565.0,0.12358400567531222
5330,1076625.0,0.12359650355575247
5331,1076685.0,0.12361027056042795
5332,1076745.0,0.12360645722122743
5333,1076805.0,0.12356675370748371
5334,1076865.0,0.12352695039737377
5335,1076925.0,0.12350801986301041
5336,1076985.0,0.12345462994226541
5337,1077045.0,0.12341814688741065
5338,1077105.0,0.1233640454227116
5339,1077165.0,0.12332148324395567
5340,1077225.0,0.12328692066390223
5341,1077285.0,0.12330571999030848
5342,1077345.0,0.12337722590652245
5343,1077405.0,0.12340742491897189
5344,1077465.0,0.12342306708884662
5345,1077525.0,0.12337288846713906
5346,1077585.0,0.12327352487107018
5347,1077645.0,0.12322302936464347
5348,1077705.0,0.1232455358605753
5349,1077765.0,0.12332006017178698
5350,1077825.0,0.12345633059728806
5351,1077885.0,0.12362903076721776
5352,1077945.0,0.1238406064069344
5353,1078005.0,0.12405431350601695
5354,1078065.0,0.12428518513511419
5355,1078125.0,0.12449160228611689
5356,1078185.0,0.12468943631063428
5357,1078245.0,0.12486367336119109
5358,1078305.0,0.12499859876886488
5359,1078365.0,0.12511683726898637
5360,1078425.0,0.1252346700049181
5361,1078485.0,0.1253158294290064
5362,1078545.0,0.12539697305244496
5363,1078605.0,0.12551752514422237
5364,1078665.0,0.12569322528786658
5365,1078725.0,0.1259396859392129
5366,1078785.0,0.12622086072778949
5367,1078845.0,0.1265248070909699
5368,1078905.0,0.12684703031369993
5369,1078965.0,0.12712143363410172
5370,1079025.0,0.12736605745348206
5371,1079085.0,0.12753819016059265
5372,1079145.0,0.12764850753250448
5373,1079205.0,0.12776853744367986
5374,1079265.0,0.12787284068275637
5375,1079325.0,0.12794455497128962
5376,1079385.0,0.12794111031365316
5377,1079445.0,0.12784710471983982
5378,1079505.0,0.12766495053217242
5379,1079565.0,0.1274578126565028
5380,1079625.0,0.12720171924007465
5381,1079685.0,0.12696611323886997
5382,1079745.0,0.1267951292044463
5383,1079805.0,0.12668515284073412
5384,1079865.0,0.1266039707609678
5385,1079925.0,0.1264920082514532
5386,1079985.0,0.12631617945220186
5387,1080045.0,0.12610261132660086
5388,1080105.0,0.125899975512597
5389,1080165.0,0.12587420283561607
5390,1080225.0,0.12594733362157606
5391,1080285.0,0.12608024795772463
5392,1080345.0,0.12621300884679107
5393,1080405.0,0.12630681237589386
5394,1080465.0,0.12639104754377237
5395,1080525.0,0.1265022400909122
5396,1080585.0,0.12659102133926842
5397,1080645.0,0.12666540141503088
5398,1080705.0,0.12670791878909302
5399,1080765.0,0.12668778028341957
5400,1080825.0,0.1266477363580455
5401,1080885.0,0.12664970844868753
5402,1080945.0,0.12671047171519242
5403,1081005.0,0.12676174820587668
5404,1081065.0,0.12676062392834062
5405,1081125.0,0.1266900715743184
5406,1081185.0,0.1266179921730077
5407,1081245.0,0.1265830634032681
5408,1081305.0,0.12658900729925648
5409,1081365.0,0.12665238165895773
5410,1081425.0,0.12674388854246296
5411,1081485.0,0.12683406552836476
5412,1081545.0,0.12692892105396733
5413,1081605.0,0.12700186703891506
5414,1081665.0,0.1270483107589824
5415,1081725.0,0.12706382210034603
5416,1081785.0,0.12704409720507318
5417,1081845.0,0.12701779743858388
5418,1081905.0,0.12695981925896502
5419,1081965.0,0.12691871275065753
5420,1082025.0,0.1268426939034974
5421,1082085.0,0.12675318291168206
5422,1082145.0,0.12662342826279335
5423,1082205.0,0.12645666006210166
5424,1082265.0,0.1262978371590066
5425,1082325.0,0.1261739339521384
5426,1082385.0,0.12605735541244537
5427,1082445.0,0.1259594962495043
5428,1082505.0,0.12588228464535411
5429,1082565.0,0.1258352995378953
5430,1082625.0,0.12573824687801313
5431,1082685.0,0.12558957062724413
5432,1082745.0,0.12538542075165127
5433,1082805.0,0.12517937306972224
5434,1082865.0,0.12496007248911692
5435,1082925.0,0.12476590069690394
5436,1082985.0,0.12464602937271016
5437,1083045.0,0.12457476706752135
5438,1083105.0,0.12456890063255674
5439,1083165.0,0.12456440380340897
5440,1083225.0,0.12454520895690918
5441,1083285.0,0.12445841792121007
5442,1083345.0,0.12434869332056478
5443,1083405.0,0.12424941514291588
5444,1083465.0,0.12425661194835769
5445,1083525.0,0.12435005580170089
5446,1083585.0,0.12445941295941537
5447,1083645.0,0.12457941381015317
5448,1083705.0,0.12470273643661331
5449,1083765.0,0.12484624333579869
5450,1083825.0,0.12501216820849384
5451,1083885.0,0.12519195172855915
5452,1083945.0,0.12538899592450573
5453,1084005.0,0.12556591554747928
5454,1084065.0,0.12572751127852347
5455,1084125.0,0.12588633561861487
5456,1084185.0,0.12601263258402348
5457,1084248.0,0.12610238492359535
5458,1084308.0,0.12619490860309854
5459,1084365.0,0.12630136444666507
5460,1084425.0,0.12639137129793107
5461,1084485.0,0.12642391152729798
5462,1084545.0,0.1264395747894422
5463,1084605.0,0.12641834315406206
5464,1084665.0,0.12638723591793785
5465,1084725.0,0.12638363895724367
5466,1084785.0,0.1263427567630185
5467,1084845.0,0.12632681800151424
5468,1084905.0,0.12630505748334547
5469,1084968.0,0.1262391747155291
5470,1085025.0,0.12613392061662082
5471,1085088.0,0.1260024611200858
5472,1085145.0,0.1259252412079328
5473,1085205.0,0.12588038068009139
5474,1085265.0,0.12585853930822988
5475,1085325.0,0.12585645374656762
5476,1085385.0,0.12587164309704735
5477,1085445.0,0.12589030323989486
5478,1085505.0,0.12589990763014358
5479,1085565.0,0.12591217898483098
5480,1085625.0,0.12599723326225953
5481,1085688.0,0.12739014366893403
5482,1085745.0,0.12837350137853132
5483,1085805.0,0.12904501931819023
5484,1085865.0,0.12957144536866277
5485,1085925.0,0.1301170736589251
5486,1085985.0,0.1299277143916646
5487,1086045.0,0.12973899753671572
5488,1086105.0,0.12969010674605158
5489,1086165.0,0.1297888006891948
5490,1086225.0,0.12993391817223438
5491,1086285.0,0.13008753607492937
5492,1086345.0,0.13022135425572576
5493,1086405.0,0.13035045489798422
5494,1086465.0,0.1304792690696662
5495,1086525.0,0.13165223550003727
5496,1086588.0,0.13256884765887186
5497,1086645.0,0.13317824721444127
5498,1086705.0,0.1337204056544093
5499,1086765.0,0.13427685463577665
5500,1086825.0,0.1349251863746927
5501,1086885.0,0.1347433959035756
5502,1086945.0,0.1345933819386465
5503,1087005.0,0.13453506125536313
5504,1087065.0,0.13452357515175406
5505,1087125.0,0.13452341847376265
5506,1087185.0,0.1344796104145105
5507,1087245.0,0.13442674844560926
5508,1087305.0,0.13437987923572986
5509,1087365.0,0.13436839887607788
5510,1087425.0,0.13434296546817898
5511,1087485.0,0.1354313429893687
5512,1087545.0,0.13631785655216722
5513,1087605.0,0.13705668113884534
5514,1087665.0,0.13778495050850592
5515,1087725.0,0.13775432960913236
5516,1087785.0,0.1378465363554669
5517,1087845.0,0.13805421101798848
5518,1087905.0,0.13835884756211003
5519,1087965.0,0.138492014949254
5520,1088025.0,0.13851793025161035
5521,1088085.0,0.13849809886657943
5522,1088145.0,0.13846125477062787
5523,1088208.0,0.1384604828083263
5524,1088265.0,0.13845320538325856
5525,1088325.0,0.13849449585529666
5526,1088385.0,0.1385787194481617
5527,1088445.0,0.1386361988791841
5528,1088505.0,0.13866296112635373
5529,1088565.0,0.13866112305380268
5530,1088625.0,0.13865343767949445
5531,1088685.0,0.13869004324576129
5532,1088745.0,0.13871060955173142
5533,1088805.0,0.13873771810569463
5534,1088865.0,0.13875901685615893
5535,1088925.0,0.13880569552034716
5536,1088985.0,0.1388574796345508
5537,1089045.0,0.1388936153807463
5538,1089105.0,0.13896510518144795
5539,1089165.0,0.13900895439900463
5540,1089225.0,0.1390361178140464
5541,1089285.0,0.13910501516550305
5542,1089345.0,0.13916689992566234
5543,1089405.0,0.13919493291988877
5544,1089465.0,0.13918323156637785
5545,1089528.0,0.13910169469563322
5546,1089585.0,0.13901743369497221
5547,1089648.0,0.13891791589789532
5548,1089705.0,0.1387970930105461
5549,1089765.0,0.13864944965970227
5550,1089825.0,0.13853091754605146
5551,1089885.0,0.13958547691021833
5552,1089945.0,0.14025149732561565
5553,1090005.0,0.140844421250013
5554,1090065.0,0.14135606160169206
5555,1090125.0,0.1419380733560121
5556,1090185.0,0.14267893795006753
5557,1090245.0,0.14264350503754974
5558,1090305.0,0.14271500845036128
5559,1090365.0,0.1428778089224828
5560,1090425.0,0.14310813986623305
5561,1090485.0,0.14330666832291977
5562,1090545.0,0.14340563376631832
5563,1090605.0,0.14345246564365338
5564,1090665.0,0.14345452757121496
5565,1090725.0,0.14350385551785322
5566,1090785.0,0.14479360941885844
5567,1090845.0,0.14574592864985608
5568,1090905.0,0.14653655967778884
5569,1090965.0,0.14731327214418882
5570,1091025.0,0.14806102556452522
5571,1091085.0,0.14800170832260712
5572,1091145.0,0.14804776953156862
5573,1091205.0,0.14822890829219165
5574,1091265.0,0.14835961237944495
5575,1091325.0,0.14842448909213318
5576,1091385.0,0.14850698305038262
5577,1091445.0,0.14861314174256968
5578,1091505.0,0.14879362064930624
5579,1091565.0,0.14893058893815198
5580,1091625.0,0.14904257398101634
5581,1091685.0,0.14911351562025232
5582,1091745.0,0.1491656435037349
5583,1091805.0,0.14921783762902135
5584,1091865.0,0.14928334736740306
5585,1091925.0,0.1506741340017798
5586,1091985.0,0.1516753248111064
5587,1092045.0,0.1524326158307039
5588,1092105.0,0.15320463258552097
5589,1092165.0,0.15388261406233233
5590,1092225.0,0.15454797107477747
5591,1092285.0,0.154354780514334
5592,1092345.0,0.15429346968154994
5593,1092405.0,0.1543573462552436
5594,1092465.0,0.15450641908671875
5595,1092525.0,0.15466915772626144
5596,1092585.0,0.15477755274248195
5597,1092645.0,0.1548192908144556
5598,1092705.0,0.15484885319933295
5599,1092765.0,0.15483184320005533
5600,1092825.0,0.1559594461903004
5601,1092885.0,0.15681740385932663
5602,1092945.0,0.15763765413530573
5603,1093005.0,0.15862681136156548
5604,1093065.0,0.15866473867443792
5605,1093125.0,0.1586939523591951
5606,1093185.0,0.15876121297102724
5607,1093245.0,0.15882171991256427
5608,1093305.0,0.15885761902024914
5609,1093365.0,0.15889733140583245
5610,1093425.0,0.15891868920224905
5611,1093485.0,0.15894878687705427
5612,1093545.0,0.1589630744129768
5613,1093605.0,0.1589180850130264
5614,1093665.0,0.15908513835134297
5615,1093725.0,0.15920877964796737
5616,1093785.0,0.1593007283329394
5617,1093845.0,0.15939664896256012
5618,1093905.0,0.15932091525744924
5619,1093968.0,0.15912268854952022
5620,1094025.0,0.1588518705408148
5621,1094085.0,0.15856161130000734
5622,1094145.0,0.1598634138667388
5623,1094205.0,0.16061801949272653
5624,1094265.0,0.16156004068769897
5625,1094325.0,0.16236350104484443
5626,1094385.0,0.16311356271428856
5627,1094445.0,0.16304772852225108
5628,1094505.0,0.16306701834702536
5629,1094565.0,0.16300302447721116
5630,1094625.0,0.1628539111068364
5631,1094685.0,0.16249283096505646
5632,1094745.0,0.1620504604966278
5633,1094805.0,0.16171767251368802
5634,1094865.0,0.1616315038470802
5635,1094925.0,0.16155945354161677
5636,1094985.0,0.16334912365472104
5637,1095045.0,0.16475022186643
5638,1095108.0,0.1648953291302544
5639,1095165.0,0.16501801161506507
5640,1095225.0,0.16523650324733913
5641,1095285.0,0.16553394474344318
5642,1095345.0,0.1656300140206265
5643,1095405.0,0.16551917402079552
5644,1095465.0,0.16529636548462506
5645,1095525.0,0.16524254312362024
5646,1095585.0,0.1664549483643462
5647,1095645.0,0.16773760932982035
5648,1095705.0,0.1688407987810397
5649,1095765.0,0.16982130400450768
5650,1095825.0,0.169874210539826
5651,1095885.0,0.16997877327625327
5652,1095945.0,0.1701910831405748
5653,1096005.0,0.17009727683024406
5654,1096065.0,0.16989650675705353
5655,1096125.0,0.1696441410901363
5656,1096185.0,0.17092451369510098
5657,1096245.0,0.1719705464240432
5658,1096305.0,0.17299685729805014
5659,1096365.0,0.17400183475234848
5660,1096425.0,0.17486762647795234
5661,1096485.0,0.17359548493811444
5662,1096545.0,0.1727346779439789
5663,1096605.0,0.17226416228998492
5664,1096665.0,0.1716451210036195
5665,1096725.0,0.17091999721864848
5666,1096785.0,0.17087597343444638
5667,1096845.0,0.1723634173302464
5668,1096905.0,0.17333387642784243
5669,1096965.0,0.17433269702329485
5670,1097025.0,0.17525943026008178
5671,1097085.0,0.17617979210169032
5672,1097145.0,0.17622458471735097
5673,1097205.0,0.17632590530652759
5674,1097265.0,0.1764824264070805
5675,1097325.0,0.1753588671157183
5676,1097385.0,0.17442969460178048
5677,1097445.0,0.17377512336551137
5678,1097505.0,0.17454465886395942
5679,1097565.0,0.1749252978409619
5680,1097625.0,0.17536484411723263
5681,1097685.0,0.17652062785457617
5682,1097745.0,0.17756878146205307
5683,1097805.0,0.17852671970928158
5684,1097865.0,0.17854922754748553
5685,1097925.0,0.17863514634825528
5686,1097985.0,0.17876912510334603
5687,1098045.0,0.17868168256814654
5688,1098105.0,0.17864892503415047
5689,1098165.0,0.1785477270397599
5690,1098225.0,0.17961085450638742
5691,1098285.0,0.17937648314401794
5692,1098345.0,0.17964000073248515
5693,1098405.0,0.1798376068618851
5694,1098465.0,0.1801491311107462
5695,1098525.0,0.1812547389260043
5696,1098585.0,0.18142205921000465
5697,1098645.0,0.18148695343251853
5698,1098705.0,0.18147540860773792
5699,1098765.0,0.18139626584024254
5700,1098825.0,0.18129469422945005
5701,1098885.0,0.1812009182351938
5702,1098945.0,0.180980081362012
5703,1099005.0,0.18197409708529055
5704,1099065.0,0.18284556980075267
5705,1099125.0,0.184068614615086
5706,1099185.0,0.18506272583761652
5707,1099245.0,0.1860111742662066
5708,1099305.0,0.1869273967102989
5709,1099365.0,0.187021916189745
5710,1099425.0,0.1871231537720276
5711,1099485.0,0.1871536904610102
5712,1099545.0,0.1870432554373886
5713,1099605.0,0.18691038061451926
5714,1099665.0,0.18674501820921663
5715,1099725.0,0.18741103957023225
5716,1099785.0,0.1882095710116547
5717,1099845.0,0.18938586649569783
5718,1099905.0,0.19046237910521902
5719,1099965.0,0.19134060047008
5720,1100025.0,0.19206669739691634
5721,1100085.0,0.19280605904518694
5722,1100145.0,0.19270978073501538
5723,1100205.0,0.19267154586620772
5724,1100265.0,0.19262708732376577
5725,1100325.0,0.19243528030078644
5726,1100385.0,0.19221406062858815
5727,1100445.0,0.19188721437866024
5728,1100505.0,0.1927368877125174
5729,1100565.0,0.19348001689952282
5730,1100625.0,0.19461112349892123
5731,1100685.0,0.19440657783855025
5732,1100745.0,0.19454789473810685
5733,1100805.0,0.19468241047042
5734,1100865.0,0.19406963147923306
5735,1100925.0,0.19339275644499965
5736,1100985.0,0.1924967851403921
5737,1101045.0,0.19236265672846042
5738,1101105.0,0.1922949285086345
5739,1101165.0,0.19197959472735843
5740,1101225.0,0.19282513337294954
5741,1101285.0,0.19359122160222253
5742,1101345.0,0.1947330876481792
5743,1101405.0,0.19569453351117821
5744,1101465.0,0.19650757511256373
5745,1101525.0,0.19733812115693283
5746,1101585.0,0.19612834548169011
5747,1101645.0,0.19525805275311786
5748,1101705.0,0.19443984032964567
5749,1101765.0,0.19363525234788426
5750,1101825.0,0.19267875942249119
5751,1101885.0,0.19361062141380436
5752,1101945.0,0.19437962104260248
5753,1102005.0,0.1954428631685779
5754,1102065.0,0.19630270813306777
5755,1102125.0,0.19720351979024042
5756,1102185.0,0.198055394982323
5757,1102245.0,0.19811500686770106
5758,1102305.0,0.19789681399773223
5759,1102365.0,0.19771075438421531
5760,1102425.0,0.19738677110744401
5761,1102485.0,0.19810044825792572
5762,1102545.0,0.19877770444245796
5763,1102605.0,0.19979721823639207
5764,1102665.0,0.20056491305478974
5765,1102725.0,0.19989809378562806
5766,1102785.0,0.19954349201212557
5767,1102845.0,0.19949291320879486
5768,1102905.0,0.19858266894884313
5769,1102965.0,0.19775276974016165
5770,1103025.0,0.19699264283207507
5771,1103085.0,0.1969358813131692
5772,1103145.0,0.19679606846712167
5773,1103205.0,0.19740871329297743
5774,1103265.0,0.19809654834984414
5775,1103325.0,0.1991223967314033
5776,1103385.0,0.20010668809300863
5777,1103445.0,0.2011652823582259
5778,1103505.0,0.2019363735395483
5779,1103565.0,0.20272738876403423
5780,1103625.0,0.201590547845921
5781,1103685.0,0.20076084681019224
5782,1103745.0,0.19989029744877013
5783,1103805.0,0.19885206708273634
5784,1103865.0,0.1987090715348796
5785,1103925.0,0.1985496200227197
5786,1103985.0,0.1982152525871777
5787,1104045.0,0.19908605524082762
5788,1104105.0,0.20040634511715666
5789,1104165.0,0.20142863732741262
5790,1104225.0,0.20237417715969241
5791,1104285.0,0.20324981151537086
5792,1104345.0,0.20338192770006258
5793,1104405.0,0.20352128463985925
5794,1104465.0,0.2034608692356965
5795,1104525.0,0.20332765595223046
5796,1104585.0,0.20319080994398941
5797,1104645.0,0.20304750865754329
5798,1104705.0,0.20291224098638594
5799,1104765.0,0.2027031524486413
5800,1104825.0,0.20377457356326656
5801,1104885.0,0.20528443406440677
5802,1104945.0,0.2051609718718817
5803,1105005.0,0.20528352040931813
5804,1105065.0,0.2050656575176299
5805,1105125.0,0.20465463648440552
5806,1105185.0,0.2037986664247492
5807,1105245.0,0.20373642527056085
5808,1105305.0,0.2036197365266128
5809,1105365.0,0.20349571268412603
5810,1105425.0,0.20356727815502568
5811,1105485.0,0.2038780333969779
5812,1105545.0,0.20420342703680422
5813,1105605.0,0.2042773847327819
5814,1105665.0,0.20514177878246925
5815,1105725.0,0.20607262054324899
5816,1105785.0,0.20593569142711404
5817,1105845.0,0.2058572131858451
5818,1105905.0,0.20677358509004667
5819,1105968.0,0.2074564051351903
5820,1106025.0,0.2080738968035163
5821,1106085.0,0.2086597233538926
5822,1106145.0,0.20861678450601245
5823,1106205.0,0.20878600312590584
5824,1106265.0,0.20903996652506152
5825,1106325.0,0.20910547080651276
5826,1106385.0,0.20784573199814782
5827,1106445.0,0.20651469516215576
5828,1106505.0,0.20518491399820243
5829,1106565.0,0.20413168212739768
5830,1106625.0,0.20409032738326366
5831,1106685.0,0.20385447618372982
5832,1106745.0,0.20332544474860087
5833,1106805.0,0.20391428297874337
5834,1106865.0,0.20482867399429272
5835,1106925.0,0.20631456836492384
5836,1106985.0,0.20627275027564967
5837,1107045.0,0.20638529878944106
5838,1107105.0,0.20666865568140608
5839,1107165.0,0.2066663812222057
5840,1107225.0,0.20640367252302733
5841,1107285.0,0.20700255437780157
5842,1107345.0,0.20683962974384784
5843,1107405.0,0.20662206231094982
5844,1107465.0,0.20668520367162818
5845,1107525.0,0.20681925943265317
5846,1107585.0,0.20683558639669797
5847,1107645.0,0.2051474992326887
5848,1107705.0,0.20375785534446644
5849,1107765.0,0.20351700445795656
5850,1107825.0,0.2041850455854251
5851,1107885.0,0.2044231534949706
5852,1107945.0,0.20542761973230023
5853,1108005.0,0.2061976850722993
5854,1108065.0,0.20678040794781488
5855,1108125.0,0.20753751037944435
5856,1108185.0,0.20843332638353124
5857,1108245.0,0.20851227660641963
5858,1108305.0,0.20727341375167357
5859,1108365.0,0.20636639526633793
5860,1108425.0,0.20532497724578497
5861,1108485.0,0.20434650071100824
5862,1108545.0,0.20337526947187162
5863,1108605.0,0.2021468713587669
5864,1108665.0,0.20172742534126886
5865,1108725.0,0.20224303703335106
5866,1108785.0,0.20357886525268765
5867,1108845.0,0.2049837394781145
5868,1108905.0,0.20631753593753893
5869,1108965.0,0.2075973809764584
5870,1109025.0,0.2074012881283248
5871,1109085.0,0.2073054318146501
5872,1109145.0,0.2070155867485034
5873,1109205.0,0.20618994830579368
5874,1109265.0,0.20532150595619308
5875,1109325.0,0.2044556835353964
5876,1109385.0,0.2043252929542856
5877,1109445.0,0.20407457006346125
5878,1109505.0,0.20355902077066013
5879,1109565.0,0.20314417995925027
5880,1109625.0,0.20386953132382984
5881,1109685.0,0.2051083753716602
5882,1109745.0,0.20646639903764086
5883,1109805.0,0.20637948068408257
5884,1109865.0,0.20636232293408363
5885,1109925.0,0.20606261039657703
5886,1109985.0,0.20491459288466018
5887,1110048.0,0.20398768192474198
5888,1110105.0,0.20311758060618035
5889,1110165.0,0.2030468535099505
5890,1110225.0,0.20293627664637826
5891,1110285.0,0.20283662382206885
5892,1110345.0,0.20286419215995516
5893,1110405.0,0.20295964710986086
5894,1110465.0,0.2027202856151421
5895,1110525.0,0.2014240338558163
5896,1110585.0,0.20112909371712218
5897,1110645.0,0.20154118681249544
5898,1110705.0,0.2018679266043324
5899,1110765.0,0.20232925231642074
5900,1110825.0,0.20249798573572436
5901,1110885.0,0.20246005177382947
5902,1110945.0,0.20253188601643368
5903,1111005.0,0.202528506215502
5904,1111065.0,0.20249532768407574
5905,1111125.0,0.20261585862714548
5906,1111185.0,0.20271464195750333
5907,1111245.0,0.20285920900259613
5908,1111305.0,0.20187374496371968
5909,1111365.0,0.2010064905323679
5910,1111425.0,0.19970228042039007
5911,1111488.0,0.19853151418383613
5912,1111545.0,0.19730657785164907
5913,1111605.0,0.19693300868064367
5914,1111665.0,0.1979134844255756
5915,1111725.0,0.19925464076533733
5916,1111785.0,0.20079447704192177
5917,1111845.0,0.20226180189914544
5918,1111905.0,0.20364784086254645
5919,1111965.0,0.2051057178724895
5920,1112025.0,0.20499881878969273
5921,1112085.0,0.2047979944930522
5922,1112145.0,0.20351624489677256
5923,1112205.0,0.20249369979573467
5924,1112265.0,0.20154287137882998
5925,1112325.0,0.20024135393160142
5926,1112385.0,0.20060833736564737
5927,1112445.0,0.2014051158405053
5928,1112505.0,0.20296955603238032
5929,1112565.0,0.20413081844094721
5930,1112625.0,0.2051809460893751
5931,1112685.0,0.20508383258234597
5932,1112745.0,0.20508722530139956
5933,1112805.0,0.20382809621995268
5934,1112865.0,0.20284214090805358
5935,1112928.0,0.20195146896443117
5936,1112985.0,0.2011018001980493
5937,1113045.0,0.20096771784079465
5938,1113105.0,0.20112896105149902
5939,1113165.0,0.20125945161748188
5940,1113225.0,0.20129942632583608
5941,1113285.0,0.20010022950599077
5942,1113345.0,0.19999876491436325
5943,1113405.0,0.20032152145667864
5944,1113465.0,0.2006863880364731
5945,1113525.0,0.20126360074925936
5946,1113585.0,0.20181776779083943
5947,1113645.0,0.20199994207180738
5948,1113705.0,0.20280345643795977
5949,1113765.0,0.20362052813322684
5950,1113825.0,0.20363688968082921
5951,1113885.0,0.20382729618580858
5952,1113945.0,0.2039195595833148
5953,1114005.0,0.2032310243807634
5954,1114065.0,0.20207216822689505
5955,1114125.0,0.2004187330084451
5956,1114185.0,0.19998093634678665
5957,1114245.0,0.19968528458851859
5958,1114308.0,0.2000651089561855
5959,1114365.0,0.20007032290821997
5960,1114425.0,0.2008831073605119
5961,1114485.0,0.20166246354587403
5962,1114545.0,0.20172161960005075
5963,1114605.0,0.20181857291477606
5964,1114665.0,0.20195326900920285
5965,1114725.0,0.20213624024436178
5966,1114785.0,0.20241001601055914
5967,1114845.0,0.2014910238978928
5968,1114905.0,0.20013467170404786
5969,1114965.0,0.19906244529013806
5970,1115025.0,0.19808375405997952
5971,1115085.0,0.19705237411859777
5972,1115145.0,0.19682899896469508
5973,1115205.0,0.19656648164060786
5974,1115265.0,0.1974175470201477
5975,1115325.0,0.19711933184816427
5976,1115385.0,0.19694816081589595
5977,1115445.0,0.19721635414280336
5978,1115505.0,0.19864929939714754
5979,1115565.0,0.19984315712959683
5980,1115625.0,0.19968255369895516
5981,1115685.0,0.19919442400571413
5982,1115745.0,0.19876167884578
5983,1115805.0,0.19865376498746484
5984,1115865.0,0.1978492627770455
5985,1115925.0,0.19739051668444663
5986,1115985.0,0.19714009830773582
5987,1116045.0,0.1968103861852747
5988,1116105.0,0.1974430455920771
5989,1116165.0,0.19853628608740115
5990,1116225.0,0.19984904726888608
5991,1116285.0,0.2008747453110128
5992,1116345.0,0.2017475308606977
5993,1116405.0,0.2027813914465515
5994,1116465.0,0.20192991846913422
5995,1116525.0,0.20108824060340152
5996,1116585.0,0.19946751529120438
5997,1116645.0,0.19823943181369352
5998,1116705.0,0.19721231571221365
5999,1116765.0,0.19644808157804738
6000,1116825.0,0.19563346690674688
6001,1116885.0,0.19483123168863137
6002,1116945.0,0.19482440322635447
6003,1117005.0,0.19484330551945056
6004,1117065.0,0.1948336001853443
6005,1117125.0,0.1948530352160841
6006,1117185.0,0.19466737413052665
6007,1117245.0,0.19468497974740456
6008,1117305.0,0.1948237036688526
6009,1117365.0,0.19482124267011502
6010,1117425.0,0.19473371357662328
6011,1117485.0,0.19476902633356774
6012,1117545.0,0.19494601554630853
6013,1117605.0,0.19434039206186482
6014,1117665.0,0.19354533890349962
6015,1117725.0,0.19222455074812433
6016,1117785.0,0.1909068633507735
6017,1117845.0,0.18966323281508296
6018,1117905.0,0.18819358582677087
6019,1117965.0,0.18701035807570043
6020,1118025.0,0.18685783973356268
6021,1118085.0,0.18695249268252767
6022,1118145.0,0.1881816534094567
6023,1118205.0,0.18938201279015893
6024,1118265.0,0.19045834352409352
6025,1118325.0,0.19159939902436413
6026,1118385.0,0.19254956553078406
6027,1118445.0,0.19367006411476395
6028,1118505.0,0.19410710071071263
6029,1118565.0,0.19330335655266984
6030,1118625.0,0.19164249442928843
6031,1118685.0,0.19042622466603104
6032,1118745.0,0.18935708288873193
6033,1118805.0,0.18820019070222826
6034,1118865.0,0.1869758526277434
6035,1118925.0,0.18677665289206546
6036,1118985.0,0.1868860059400626
6037,1119045.0,0.18813980455923673
6038,1119105.0,0.18910135594264632
6039,1119165.0,0.19001899481340517
6040,1119225.0,0.19078416155253625
6041,1119285.0,0.19156860314953156
6042,1119345.0,0.1915491798988591
6043,1119405.0,0.19182132959852205
6044,1119465.0,0.19216359259082771
6045,1119525.0,0.19149675090028367
6046,1119585.0,0.18997770428561334
6047,1119645.0,0.1886703912659879
6048,1119705.0,0.1871646400990089
6049,1119765.0,0.18559723086912727
6050,1119825.0,0.1842400080364044
6051,1119885.0,0.18424089753886774
6052,1119945.0,0.18498624472480057
6053,1120005.0,0.18630484836660888
6054,1120065.0,0.18725613416839365
6055,1120125.0,0.1880249075738321
6056,1120188.0,0.18880836751794972
6057,1120245.0,0.18964929278161363
6058,1120305.0,0.1900816182691219
6059,1120365.0,0.1905963781488953
6060,1120428.0,0.19010684266019834
6061,1120485.0,0.1890627640162555
6062,1120545.0,0.1879702276033668
6063,1120605.0,0.1868489381198013
6064,1120665.0,0.1864658487389778
6065,1120725.0,0.18654665834452921
6066,1120785.0,0.1880368469180148
6067,1120845.0,0.18940755175784202
6068,1120905.0,0.19059442538795962
6069,1120965.0,0.19192116555755312
6070,1121025.0,0.19313303013974198
6071,1121085.0,0.19395210477106684
6072,1121145.0,0.1947925430317855
6073,1121205.0,0.1947933748843062
6074,1121265.0,0.1951829321577303
6075,1121325.0,0.19579923148025036
6076,1121385.0,0.1952722826190903
6077,1121445.0,0.1936560848093426
6078,1121505.0,0.19221605810078723
6079,1121565.0,0.19082788203122403
6080,1121625.0,0.1896877707593277
6081,1121685.0,0.18861457198654025
6082,1121745.0,0.18939699555748918
6083,1121805.0,0.19050608110654454
6084,1121865.0,0.19191294536604747
6085,1121925.0,0.19414670162370307
6086,1121985.0,0.1950658603167743
6087,1122045.0,0.1961520925969965
6088,1122105.0,0.19701962279525376
6089,1122165.0,0.19793923333971564
6090,1122225.0,0.19892709290929783
6091,1122285.0,0.1999253389799715
6092,1122345.0,0.20017913389399317
6093,1122405.0,0.19974844531505836
6094,1122465.0,0.19884837741100103
6095,1122525.0,0.19759508485950356
6096,1122585.0,0.1962535804450249
6097,1122645.0,0.19464419099577934
6098,1122705.0,0.1939440622733058
6099,1122765.0,0.19379833682441927
6100,1122825.0,0.1943955247040755
6101,1122885.0,0.1950468167085036
6102,1122945.0,0.19625695903852947
6103,1123005.0,0.19757720936031598
6104,1123065.0,0.19892455415131516
6105,1123125.0,0.20020699779017725
6106,1123185.0,0.20063400099246387
6107,1123245.0,0.20071604904945262
6108,1123305.0,0.19911696862475609
6109,1123365.0,0.19805795546128258
6110,1123425.0,0.19732479059632158
6111,1123485.0,0.1966822353487499
6112,1123545.0,0.195762800773981
6113,1123605.0,0.19536841502069668
6114,1123665.0,0.1961213939887177
6115,1123725.0,0.1972189078218446
6116,1123785.0,0.19871915943173268
6117,1123845.0,0.20120032610217964
6118,1123908.0,0.20309531547400367
6119,1123965.0,0.20424301726409816
6120,1124025.0,0.20548582895382467
6121,1124085.0,0.20671986888513794
6122,1124145.0,0.20682195160754074
6123,1124205.0,0.20519953800550328
6124,1124265.0,0.20393210155228308
6125,1124325.0,0.2026102489861929
6126,1124385.0,0.20137741974763546
6127,1124445.0,0.20042429353851826
6128,1124505.0,0.19951790858941498
6129,1124565.0,0.19843481014736636
6130,1124625.0,0.19931776219559877
6131,1124685.0,0.20026168123401772
6132,1124745.0,0.20280318929750107
6133,1124805.0,0.20490060702643625
6134,1124865.0,0.20723732120737143
6135,1124925.0,0.20881862815988295
6136,1124985.0,0.20905707354477754
6137,1125045.0,0.20908483818522994
6138,1125105.0,0.20873414193728412
6139,1125165.0,0.2079388868747874
6140,1125225.0,0.20717236669266986
6141,1125285.0,0.20643086110769415
6142,1125348.0,0.2065718631349177
6143,1125405.0,0.2067151012366139
6144,1125465.0,0.20667239043555935
6145,1125525.0,0.20635084637176765
6146,1125585.0,0.20720257625618937
6147,1125645.0,0.20854595877488374
6148,1125705.0,0.21027480354037836
6149,1125765.0,0.21174432797998488
6150,1125825.0,0.2130675926775391
6151,1125885.0,0.21450637716161786
6152,1125945.0,0.21589203321419392
6153,1126005.0,0.21709046600654142
6154,1126065.0,0.21709409210021713
6155,1126125.0,0.21757890811349018
6156,1126185.0,0.21793616952050832
6157,1126245.0,0.2178534783798361
6158,1126305.0,0.21671773966325475
6159,1126365.0,0.21597131790030188
6160,1126425.0,0.2153132987889344
6161,1126485.0,0.21409114239337784
6162,1126545.0,0.21382338581305876
6163,1126605.0,0.21398453692905606
6164,1126665.0,0.21565781182855093
6165,1126725.0,0.2171320316860329
6166,1126785.0,0.21874502770589216
6167,1126845.0,0.2204346543591456
6168,1126905.0,0.22110163243823405
6169,1126965.0,0.22107756016573915
6170,1127025.0,0.2206782930021382
6171,1127085.0,0.22057012425138395
6172,1127145.0,0.21984773304888106
6173,1127205.0,0.21915755252849023
6174,1127265.0,0.21934923878229828
6175,1127325.0,0.2194388323145619
6176,1127385.0,0.21954307956255825
6177,1127445.0,0.21932806633235413
6178,1127505.0,0.21891791593091553
6179,1127565.0,0.2196829417069885
6180,1127625.0,0.22121001166372278
6181,1127685.0,0.22271435216743857
6182,1127745.0,0.22410592081388958
6183,1127805.0,0.22544191768125288
6184,1127865.0,0.22671395561652058
6185,1127925.0,0.22772234709938488
6186,1127985.0,0.2288248358298135
6187,1128045.0,0.2289139457564281
6188,1128105.0,0.22905411582880342
6189,1128165.0,0.22921593383152783
6190,1128225.0,0.2294029840179797
6191,1128285.0,0.22957950017554546
6192,1128345.0,0.22944480034026205
6193,1128405.0,0.2290340309522148
6194,1128465.0,0.2296827683661914
6195,1128525.0,0.23093754062104388
6196,1128585.0,0.23250611260738885
6197,1128645.0,0.23379977259729368
6198,1128705.0,0.23496132209276227
6199,1128765.0,0.23592351670395778
6200,1128825.0,0.236204833450398
6201,1128885.0,0.23622513407486384
6202,1128945.0,0.2350780390524383
6203,1129005.0,0.23398379942525022
6204,1129065.0,0.23302538624545144
6205,1129125.0,0.2320262969786846
6206,1129185.0,0.2313950699985145
6207,1129245.0,0.23077095688805205
6208,1129305.0,0.23080934048319224
6209,1129365.0,0.23045868386455315
6210,1129425.0,0.23082470288531604
6211,1129485.0,0.2319046258337335
6212,1129545.0,0.2335922880889772
6213,1129605.0,0.2354886019857842
6214,1129665.0,0.23730033780285675
6215,1129725.0,0.23789205035618177
6216,1129785.0,0.2378556480429686
6217,1129845.0,0.23752224874488864
6218,1129905.0,0.2375540218542126
6219,1129965.0,0.23672853140383876
6220,1130025.0,0.23608848231425328
6221,1130085.0,0.23547361760934504
6222,1130145.0,0.23568422527130956
6223,1130205.0,0.2357201262127146
6224,1130265.0,0.23539725250911392
6225,1130325.0,0.23597373675478245
6226,1130385.0,0.2370446674350873
6227,1130445.0,0.2388355026745873
6228,1130505.0,0.2405456899764521
6229,1130565.0,0.24208162610862421
6230,1130625.0,0.24348551970065685
6231,1130685.0,0.24365577801472726
6232,1130745.0,0.24217561005323657
6233,1130805.0,0.24094980539719507
6234,1130865.0,0.24006270192909518
6235,1130925.0,0.23929795005347027
6236,1130985.0,0.23859401612659703
6237,1131045.0,0.2379319024269142
6238,1131105.0,0.23794421265762122
6239,1131165.0,0.23796561409910527
6240,1131225.0,0.23799855782528861
6241,1131285.0,0.23812592220571815
6242,1131345.0,0.23781617912054792
6243,1131405.0,0.23763117600361566
6244,1131465.0,0.23785990172560034
6245,1131525.0,0.23770522983062053
6246,1131585.0,0.2377456877118611
6247,1131645.0,0.23755241807490102
6248,1131705.0,0.23742192337417772
6249,1131765.0,0.23620708837477394
6250,1131828.0,0.2351117465029145
6251,1131885.0,0.2344913444757945
6252,1131945.0,0.23387427878958084
6253,1132005.0,0.2339944517790753
6254,1132065.0,0.2338320744106825
6255,1132125.0,0.23354458330970623
6256,1132185.0,0.23318558100323916
6257,1132245.0,0.23296506324225918
6258,1132305.0,0.23381781617362402
6259,1132365.0,0.23504182457885636
6260,1132425.0,0.23620218488950878
6261,1132485.0,0.2374052637483618
6262,1132545.0,0.23628549186271514
6263,1132605.0,0.23518476050898024
6264,1132665.0,0.23389358675624056
6265,1132725.0,0.23182540903480925
6266,1132785.0,0.23103171953480994
6267,1132845.0,0.2300944997884422
6268,1132905.0,0.229350758945988
6269,1132965.0,0.22863610903067533
6270,1133025.0,0.22799971818246895
6271,1133085.0,0.22732978657192177
6272,1133145.0,0.22746295200564454
6273,1133205.0,0.22749506969686822
6274,1133265.0,0.2274799284856257
6275,1133325.0,0.22747800178976701
6276,1133385.0,0.22749776313552833
6277,1133445.0,0.22796799598162726
6278,1133505.0,0.22747255459379484
6279,1133565.0,0.22651968132796152
6280,1133625.0,0.22520745232306588
6281,1133685.0,0.22401687997557562
6282,1133745.0,0.22300838982716875
6283,1133805.0,0.22185693852767585
6284,1133865.0,0.22073743952406022
6285,1133925.0,0.21998821433199045
6286,1133985.0,0.21929197165245384
6287,1134045.0,0.21831694393413076
6288,1134105.0,0.21818339180471907
6289,1134165.0,0.2186141265662983
6290,1134225.0,0.21950583933091816
6291,1134285.0,0.22009615910295638
6292,1134345.0,0.22124574182936468
6293,1134405.0,0.22265843339792468
6294,1134465.0,0.22204131388674642
6295,1134525.0,0.22106434233908184
6296,1134585.0,0.2197497369351747
6297,1134645.0,0.21748197841276046
6298,1134705.0,0.21573061266477583
6299,1134765.0,0.21467027419314677
6300,1134825.0,0.21346616963661408
6301,1134885.0,0.2123170370959066
6302,1134945.0,0.212426695795982
6303,1135005.0,0.21351380996928382
6304,1135065.0,0.2146985468538768
6305,1135125.0,0.21571418955402727
6306,1135185.0,0.21665335753819975
6307,1135245.0,0.2167165830753469
6308,1135305.0,0.21696165149778052
6309,1135365.0,0.21743303765513022
6310,1135425.0,0.21677061546892068
6311,1135485.0,0.216014451980651
6312,1135545.0,0.21377039666902797
6313,1135605.0,0.21162623773071437
6314,1135665.0,0.20938997110514634
6315,1135725.0,0.2079767559266636
6316,1135785.0,0.2082004168838033
6317,1135845.0,0.20808363421418657
6318,1135905.0,0.20840326851004504
6319,1135965.0,0.20943780794885075
6320,1136025.0,0.21038037778834767
6321,1136085.0,0.2104097827141575
6322,1136145.0,0.21044956917551694
6323,1136205.0,0.21056015729236727
6324,1136265.0,0.2109082774263255
6325,1136325.0,0.21154817353483685
6326,1136385.0,0.21072369865660695
6327,1136445.0,0.2092826078606695
6328,1136505.0,0.2073868319995601
6329,1136565.0,0.2072473373680116
6330,1136625.0,0.20686095378607128
6331,1136685.0,0.20673024741106205
6332,1136745.0,0.2064594544364699
6333,1136805.0,0.20646746847219166
6334,1136865.0,0.20654368395767791
6335,1136925.0,0.20651116933026986
6336,1136985.0,0.2065477046286625
6337,1137045.0,0.20661843796758522
6338,1137105.0,0.20676140492048406
6339,1137165.0,0.20660049963354898
6340,1137225.0,0.20628407632580004
6341,1137285.0,0.20723777334339688
6342,1137345.0,0.207783480741139
6343,1137405.0,0.20747878740762304
6344,1137465.0,0.2069783020309549
6345,1137525.0,0.20660147384981054
6346,1137585.0,0.2062590437968882
6347,1137645.0,0.2050165865990739
6348,1137705.0,0.20388054924698984
6349,1137765.0,0.20313639180719634
6350,1137825.0,0.2025387386605183
6351,1137885.0,0.2019738586030912
6352,1137945.0,0.20181543071613334
6353,1138005.0,0.20154630276010616
6354,1138065.0,0.20127286893184748
6355,1138125.0,0.2026109108973676
6356,1138185.0,0.20383555646903734
6357,1138245.0,0.20516869202001592
6358,1138305.0,0.20663458205006702
6359,1138365.0,0.2068168248671921
6360,1138425.0,0.20538365049602886
6361,1138485.0,0.20400003762034485
6362,1138545.0,0.20284699641580228
6363,1138605.0,0.20181512168345117
6364,1138665.0,0.20046634688884474
6365,1138725.0,0.19925501068336926
6366,1138785.0,0.19941920336800756
6367,1138845.0,0.2003498360113415
6368,1138905.0,0.20110601212985318
6369,1138965.0,0.20204896889247936
6370,1139025.0,0.20292080388089018
6371,1139085.0,0.20378294582627898
6372,1139145.0,0.20404325381754335
6373,1139205.0,0.2046515006989994
6374,1139265.0,0.20429243221225918
6375,1139325.0,0.20319545028036629
6376,1139385.0,0.2015669040314274
6377,1139445.0,0.20020176013873814
6378,1139505.0,0.19901211577874955
6379,1139565.0,0.19952692947828188
6380,1139625.0,0.1995197310149009
6381,1139685.0,0.19969490999022038
6382,1139745.0,0.20058668036219507
6383,1139805.0,0.20143326196744982
6384,1139865.0,0.20135382989559786
6385,1139925.0,0.20132852501203524
6386,1139985.0,0.20136677612312143
6387,1140045.0,0.20151002631153364
6388,1140105.0,0.201418100623725
6389,1140165.0,0.20160117273774725
6390,1140225.0,0.20101210123117735
6391,1140285.0,0.2013442481041411
6392,1140345.0,0.2004478199787076
6393,1140405.0,0.1999535038413301
6394,1140465.0,0.1996626768013049
6395,1140525.0,0.1986671056468624
6396,1140585.0,0.19791879988499683
6397,1140645.0,0.1971898050857549
6398,1140705.0,0.19648245694864647
6399,1140765.0,0.19644553450640811
6400,1140825.0,0.1961953100286195
6401,1140888.0,0.19583588674334174
6402,1140945.0,0.19694008920587164
6403,1141005.0,0.1978198252715217
6404,1141065.0,0.19933900855751358
6405,1141125.0,0.19988476218126972
6406,1141185.0,0.19990999228764117
6407,1141245.0,0.19816842308271637
6408,1141305.0,0.19683565866860897
6409,1141365.0,0.19579301818543904
6410,1141425.0,0.19503709926337504
6411,1141485.0,0.19386683866856103
6412,1141545.0,0.1935944449122481
6413,1141605.0,0.19332148333862592
6414,1141665.0,0.1932481665976149
6415,1141725.0,0.19451693412182158
6416,1141785.0,0.19592640551770762
6417,1141845.0,0.19705203836280333
6418,1141905.0,0.19707527446066642
6419,1141965.0,0.1970808989756055
6420,1142025.0,0.1971094203897466
6421,1142085.0,0.19717501356136147
6422,1142145.0,0.1973730194778563
6423,1142205.0,0.19755192637178248
6424,1142265.0,0.1966516648350975
6425,1142325.0,0.1971446391835059
6426,1142385.0,0.19664869989234318
6427,1142445.0,0.1966416269925627
6428,1142505.0,0.1966739767882723
6429,1142565.0,0.19667071631844218
6430,1142625.0,0.196708746573103
6431,1142685.0,0.1967501306485046
6432,1142745.0,0.19680313272919225
6433,1142805.0,0.19670679637105437
6434,1142865.0,0.1966414965512963
6435,1142925.0,0.19669900491372855
6436,1142985.0,0.19677846679991512
6437,1143045.0,0.19840075710547805
6438,1143105.0,0.1984816024965942
6439,1143165.0,0.19837512669227164
6440,1143225.0,0.19846404830911168
6441,1143285.0,0.19747046418828373
6442,1143345.0,0.1978756845445615
6443,1143405.0,0.19804927246074172
6444,1143465.0,0.198248006051279
6445,1143525.0,0.19798208581086496
6446,1143585.0,0.19774251023028994
6447,1143645.0,0.19747583625470272
6448,1143705.0,0.19748077284366988
6449,1143765.0,0.19873362431610075
6450,1143825.0,0.1999280983121523
6451,1143885.0,0.20097169004321852
6452,1143945.0,0.20097862910849018
6453,1144005.0,0.20096641575645968
6454,1144065.0,0.20103537419696116
6455,1144125.0,0.20120971927229242
6456,1144185.0,0.20127014113280556
6457,1144245.0,0.20104156402373885
6458,1144305.0,0.20077034014674455
6459,1144365.0,0.20043802197516053
6460,1144425.0,0.20173058047522802
6461,1144485.0,0.20247831594716398
6462,1144545.0,0.20341019797739024
6463,1144605.0,0.20428866597736534
6464,1144665.0,0.20430217921268007
6465,1144725.0,0.20431309148541466
6466,1144785.0,0.20428221462639606
6467,1144845.0,0.20451779333431258
6468,1144905.0,0.20460582847010417
6469,1144965.0,0.20393865562200625
6470,1145025.0,0.20280016348243046
6471,1145085.0,0.2021490772753089
6472,1145145.0,0.20268816871336603
6473,1145205.0,0.20299560018400525
6474,1145265.0,0.20405880821756012
6475,1145325.0,0.20501351865500778
6476,1145388.0,0.2049565173224418
6477,1145445.0,0.20497331478036412
6478,1145505.0,0.20505782498569963
6479,1145565.0,0.2049658452119824
6480,1145628.0,0.205045568676179
6481,1145685.0,0.2052106475099641
6482,1145745.0,0.20424006372791914
6483,1145805.0,0.20469174562320075
6484,1145865.0,0.20460276911277292
6485,1145925.0,0.20476562879403803
6486,1145985.0,0.20492294194482064
6487,1146045.0,0.20501122234876729
6488,1146105.0,0.20490570268347247
6489,1146165.0,0.20477845978875459
6490,1146225.0,0.20464431028927677
6491,1146285.0,0.20454421799531297
6492,1146345.0,0.20435369775051515
6493,1146405.0,0.20448783824115424
6494,1146465.0,0.2047842006422017
6495,1146525.0,0.2051373394382386
6496,1146585.0,0.20403669457356366
6497,1146645.0,0.20329772249604938
6498,1146705.0,0.20321690658058017
6499,1146765.0,0.2029175870741165
6500,1146825.0,0.20279222328381258
6501,1146885.0,0.20269543800394985
6502,1146945.0,0.20262336205527748
6503,1147005.0,0.20254043765241536
6504,1147065.0,0.20236720776376405
6505,1147125.0,0.20208584077818964
6506,1147185.0,0.20201924225688722
6507,1147245.0,0.2019589468384294
6508,1147305.0,0.20196107613446868
6509,1147365.0,0.20038978279577913
6510,1147425.0,0.19922785720756875
6511,1147485.0,0.1978410674121993
6512,1147545.0,0.19658640054496856
6513,1147605.0,0.19538854346364098
6514,1147665.0,0.19417982599524675
6515,1147725.0,0.19389239283416343
6516,1147785.0,0.1935363198808021
6517,1147845.0,0.19313461108486024
6518,1147905.0,0.1926775371455287
6519,1147965.0,0.19253200675446436
6520,1148025.0,0.1925572579281643
6521,1148085.0,0.1918016412620443
6522,1148145.0,0.19049143537681035
6523,1148205.0,0.1895877800583109
6524,1148265.0,0.1883188896317785
6525,1148325.0,0.18706804557342588
6526,1148385.0,0.18595388804062823
6527,1148445.0,0.18567462289989328
6528,1148505.0,0.18532294025321422
6529,1148565.0,0.1849699481339982
6530,1148625.0,0.18455424709551188
6531,1148685.0,0.18402248412230193
6532,1148745.0,0.1838965948081533
6533,1148808.0,0.18395020971844328
6534,1148865.0,0.18414233770402133
6535,1148925.0,0.1826427234743535
6536,1148985.0,0.1810861766968747
6537,1149045.0,0.17966548236117036
6538,1149105.0,0.17836306274688368
6539,1149165.0,0.1772034646769598
6540,1149225.0,0.1770563980146843
6541,1149285.0,0.1768697205688769
6542,1149345.0,0.17657437943450077
6543,1149405.0,0.1761390968999933
6544,1149465.0,0.17611771566151047
6545,1149525.0,0.1761319223920837
6546,1149585.0,0.1762679862134624
6547,1149645.0,0.1761215493391533
6548,1149705.0,0.17630369221037767
6549,1149765.0,0.17618207717567802
6550,1149825.0,0.1761439011241795
6551,1149885.0,0.1752067102149717
6552,1149945.0,0.1750476647219349
6553,1150005.0,0.17478607348450648
6554,1150065.0,0.1742135463431011
6555,1150125.0,0.1736680363006216
6556,1150185.0,0.17343284237555062
6557,1150245.0,0.17377921054067041
6558,1150305.0,0.174270670940518
6559,1150365.0,0.17294072298674235
6560,1150425.0,0.17200930177194035
6561,1150485.0,0.17081831874850079
6562,1150545.0,0.16972416895314385
6563,1150605.0,0.16862265036460083
6564,1150665.0,0.16841139483786016
6565,1150725.0,0.16810131228973751
6566,1150785.0,0.16774446050778374
6567,1150845.0,0.1672529364759377
6568,1150905.0,0.16716626723740008
6569,1150965.0,0.16716324019677886
6570,1151025.0,0.16718351517170688
6571,1151085.0,0.16557760678247618
6572,1151145.0,0.164592990852093
6573,1151205.0,0.16326740471822188
6574,1151265.0,0.16201398587605798
6575,1151325.0,0.16175782364946129
6576,1151385.0,0.16149880774482095
6577,1151445.0,0.16117526006835253
6578,1151505.0,0.16070860818199723
6579,1151565.0,0.16049702052550952
6580,1151625.0,0.1604611387286604
6581,1151685.0,0.16051584519722933
6582,1151745.0,0.15912212430441186
6583,1151805.0,0.15808205097602102
6584,1151865.0,0.15679965419266
6585,1151925.0,0.15556319059268275
6586,1151985.0,0.15434942666810098
6587,1152045.0,0.154174892860806
6588,1152105.0,0.15389406018996593
6589,1152165.0,0.15365113108587647
6590,1152225.0,0.15333398728370018
6591,1152285.0,0.15341081612374874
6592,1152345.0,0.1534258881924493
6593,1152405.0,0.15338196032411378
6594,1152465.0,0.15312445922012768
6595,1152525.0,0.1515499986629859
6596,1152585.0,0.14985118710996914
6597,1152645.0,0.14843878473867123
6598,1152705.0,0.14812476579241002
6599,1152765.0,0.14782156895412463
6600,1152825.0,0.14748200032700692
6601,1152885.0,0.14705705805275143
6602,1152945.0,0.14693184207578908
6603,1153005.0,0.14696215313183825
6604,1153065.0,0.14703456450103652
6605,1153125.0,0.14557574764423414
6606,1153185.0,0.14456641517061652
6607,1153245.0,0.14319958116280124
6608,1153305.0,0.14186862685173013
6609,1153365.0,0.14153133042897398
6610,1153425.0,0.14114822346672234
6611,1153485.0,0.14069314265244398
6612,1153545.0,0.14020588603372974
6613,1153605.0,0.1399124563220629
6614,1153665.0,0.13983654630510728
6615,1153725.0,0.13974100834850084
6616,1153785.0,0.1396805871914339
6617,1153845.0,0.137956835128556
6618,1153905.0,0.13667217613305915
6619,1153965.0,0.135237136210059
6620,1154025.0,0.13386386363994726
6621,1154085.0,0.13365435678358775
6622,1154145.0,0.13333067377290608
6623,1154205.0,0.13296726011947
6624,1154265.0,0.13255017668902938
6625,1154325.0,0.13260459728570875
6626,1154385.0,0.13275549533109576
6627,1154445.0,0.13302730078966712
6628,1154505.0,0.13294749183665033
6629,1154565.0,0.1315385977359207
6630,1154625.0,0.1301030569757286
6631,1154685.0,0.1300484020833253
6632,1154745.0,0.13081771128965702
6633,1154805.0,0.13162325924487378
6634,1154868.0,0.1314163455158297
6635,1154925.0,0.13106382634987912
6636,1154985.0,0.13089393262719243
6637,1155045.0,0.13107736699798028
6638,1155105.0,0.13133515473867255
6639,1155165.0,0.13159836827026838
6640,1155225.0,0.13011629043861092
6641,1155285.0,0.1290979040787075
6642,1155345.0,0.12788815142641705
6643,1155405.0,0.12665436059231985
6644,1155465.0,0.1263845555059501
6645,1155525.0,0.1260731893180243
6646,1155585.0,0.12576724561969305
6647,1155645.0,0.12545541477316052
6648,1155705.0,0.12545276173881192
6649,1155765.0,0.125512358382404
6650,1155825.0,0.12553487712317515
6651,1155885.0,0.12530429618809916
6652,1155945.0,0.1234949060050653
6653,1156005.0,0.12198459922485516
6654,1156065.0,0.12061307750009581
6655,1156125.0,0.11933543870301108
6656,1156185.0,0.11901761416150233
6657,1156245.0,0.11865031984179453
6658,1156305.0,0.11819125312751255
6659,1156365.0,0.11800913030106247
6660,1156425.0,0.117937993747391
6661,1156485.0,0.11792413481332956
6662,1156545.0,0.11782771292160607
6663,1156605.0,0.11628754617996687
6664,1156665.0,0.11504231314338031
6665,1156725.0,0.11368567320441475
6666,1156788.0,0.1124139313536574
6667,1156845.0,0.11213123039168976
6668,1156905.0,0.11208070472110068
6669,1156965.0,0.11203414754276828
6670,1157025.0,0.11192984209109058
6671,1157085.0,0.1117966287091868
6672,1157145.0,0.11171749678881313
6673,1157205.0,0.11160296996863614
6674,1157268.0,0.11152965207820509
6675,1157325.0,0.11148213613853372
6676,1157385.0,0.11148367039995952
6677,1157445.0,0.11150402515434016
6678,1157505.0,0.11041114871904656
6679,1157565.0,0.109615430869869
6680,1157625.0,0.10871099330854442
6681,1157685.0,0.10867332901014351
6682,1157745.0,0.10854694500201853
6683,1157805.0,0.10835353134163117
6684,1157865.0,0.10822353940841686
6685,1157925.0,0.10814009284243795
6686,1157985.0,0.10813216645894347
6687,1158045.0,0.10824070797108387
6688,1158105.0,0.10836152240317176
6689,1158165.0,0.10855132032196063
6690,1158225.0,0.1087814168242148
6691,1158285.0,0.10900798998365357
6692,1158345.0,0.10928421069690905
6693,1158405.0,0.10950932146115977
6694,1158465.0,0.10974771102349709
6695,1158525.0,0.10993952320214148
6696,1158585.0,0.11015212333364702
6697,1158645.0,0.11030826775750244
6698,1158705.0,0.11045643578106656
6699,1158765.0,0.11060357486153002
6700,1158825.0,0.11078411881313052
6701,1158885.0,0.11098942011784632
6702,1158945.0,0.11119966332060754
6703,1159005.0,0.11136525969520486
6704,1159065.0,0.1114193970627751
6705,1159125.0,0.11151051407379997
6706,1159185.0,0.11157857457455983
6707,1159245.0,0.11172842390729332
6708,1159305.0,0.11185103301893651
6709,1159365.0,0.11186394514696502
6710,1159425.0,0.1118253336431341
6711,1159485.0,0.11182833852584881
6712,1159545.0,0.11183727438343696
6713,1159605.0,0.11171971354550958
6714,1159665.0,0.11143121139933462
6715,1159725.0,0.11124940037373732
6716,1159785.0,0.1112343685185864
6717,1159845.0,0.111236041465618
6718,1159905.0,0.11123728912673289
6719,1159965.0,0.11119001428005398
6720,1160025.0,0.11105774459176113
6721,1160085.0,0.11087748371020345
6722,1160145.0,0.11074951539038416
6723,1160205.0,0.11072178565968543
6724,1160265.0,0.1107373807191831
6725,1160325.0,0.1108534397766617
6726,1160385.0,0.10967718114027325
6727,1160445.0,0.10892338690807732
6728,1160505.0,0.10794705293492451
6729,1160565.0,0.10702807760887847
6730,1160625.0,0.10707934194711807
6731,1160685.0,0.10793576966893309
6732,1160745.0,0.10874461227544274
6733,1160805.0,0.109538645119028
6734,1160865.0,0.10979339540545671
6735,1160925.0,0.11024332627378874
6736,1160985.0,0.11062058435977379
6737,1161045.0,0.11033495078791822
6738,1161105.0,0.10986695937990701
6739,1161165.0,0.10965189438358489
6740,1161225.0,0.1094960015486677
6741,1161285.0,0.10936053930167661
6742,1161345.0,0.10923507381291325
6743,1161405.0,0.10905517196131156
6744,1161465.0,0.1088982662004386
6745,1161525.0,0.10879741755746267
6746,1161585.0,0.10867780555343903
6747,1161645.0,0.10860486645757161
6748,1161705.0,0.10853454292123876
6749,1161765.0,0.10860255539341124
6750,1161825.0,0.10876906747731849
6751,1161885.0,0.11018315976325696
6752,1161945.0,0.111284151435115
6753,1162005.0,0.11237232017587975
6754,1162065.0,0.11335223300665884
6755,1162125.0,0.11351948880646445
6756,1162185.0,0.113737188382004
6757,1162245.0,0.11383026801515142
6758,1162305.0,0.11372634796009878
6759,1162365.0,0.11359951917184777
6760,1162425.0,0.11354412684982665
6761,1162485.0,0.11364217983148767
6762,1162545.0,0.11379890061042025
6763,1162608.0,0.11487465224738555
6764,1162665.0,0.11641477038452969
6765,1162725.0,0.11652466568009318
6766,1162785.0,0.1165657899154384
6767,1162845.0,0.11644815324131075
6768,1162905.0,0.11628620947668247
6769,1162965.0,0.11612075460193033
6770,1163025.0,0.11603165896126538
6771,1163085.0,0.1159870858864307
6772,1163145.0,0.11592808231987067
6773,1163205.0,0.11586258460955545
6774,1163265.0,0.11581478444599683
6775,1163325.0,0.1158089496380878
6776,1163385.0,0.11588807770263895
6777,1163445.0,0.11607251796411855
6778,1163505.0,0.1163598147239022
6779,1163565.0,0.11657154670761241
6780,1163625.0,0.11676063647195964
6781,1163685.0,0.1169222671471987
6782,1163745.0,0.11825968617027263
6783,1163805.0,0.11928847279301366
6784,1163865.0,0.12031919909635538
6785,1163925.0,0.12050514823599409
6786,1163985.0,0.12067992939691213
6787,1164045.0,0.12094173143295778
6788,1164105.0,0.12128344768129656
6789,1164165.0,0.12160762953332677
6790,1164225.0,0.12180694173122975
6791,1164285.0,0.12192462032988063
6792,1164345.0,0.12198928532668765
6793,1164405.0,0.1220271085481329
6794,1164465.0,0.12207056256775031
6795,1164525.0,0.1221244917080977
6796,1164585.0,0.12217810813943963
6797,1164648.0,0.12223847679264677
6798,1164705.0,0.12231283426795023
6799,1164765.0,0.12235184352674319
6800,1164825.0,0.12241971376495267
6801,1164885.0,0.12250688445865815
6802,1164945.0,0.12253535626109247
6803,1165005.0,0.12251427018807418
6804,1165065.0,0.12246373360537119
6805,1165125.0,0.12236645703734916
6806,1165185.0,0.12221608851809859
6807,1165245.0,0.12198592323574473
6808,1165305.0,0.12187328247294416
6809,1165365.0,0.12188357962782767
6810,1165425.0,0.12191995481967577
6811,1165485.0,0.12082724446370324
6812,1165545.0,0.1200752108311666
6813,1165605.0,0.11925096786134604
6814,1165665.0,0.11932784043831593
6815,1165725.0,0.12056491198129551
6816,1165785.0,0.12156039659185822
6817,1165845.0,0.1223761667077343
6818,1165905.0,0.12305801468887456
6819,1165965.0,0.12292127392993465
6820,1166025.0,0.12289776690685508
6821,1166085.0,0.12302895982405399
6822,1166145.0,0.12322424632352813
6823,1166205.0,0.12349173816703118
6824,1166265.0,0.12369404956957752
6825,1166325.0,0.1239518746844806
6826,1166385.0,0.12419774819321788
6827,1166445.0,0.12435844802349386
6828,1166505.0,0.12452221249257814
6829,1166565.0,0.12462674725513931
6830,1166625.0,0.12469606907570788
6831,1166685.0,0.12475613991844728
6832,1166745.0,0.12484966479708973
6833,1166805.0,0.12493167633543725
6834,1166865.0,0.12498679294914786
6835,1166925.0,0.12503760692797763
6836,1166985.0,0.1251024275844281
6837,1167045.0,0.12518265092480044
6838,1167105.0,0.1252812193260062
6839,1167165.0,0.1253933445416682
6840,1167225.0,0.12552153607535305
6841,1167285.0,0.12562725641505967
6842,1167345.0,0.1257364473977612
6843,1167405.0,0.12582279297504972
6844,1167465.0,0.12590047287444495
6845,1167525.0,0.12599700446423534
6846,1167585.0,0.12608393941042806
6847,1167645.0,0.1261290786875971
6848,1167705.0,0.12612706593779807
6849,1167765.0,0.12608301260016308
6850,1167825.0,0.12603474502949347
6851,1167885.0,0.12596659254577317
6852,1167945.0,0.1258803240378546
6853,1168005.0,0.1258263668455296
6854,1168065.0,0.12576130719756592
6855,1168125.0,0.12568809792271576
6856,1168185.0,0.1256072620655854
6857,1168245.0,0.125537400971007
6858,1168305.0,0.1255149518303084
6859,1168365.0,0.12551064884886748
6860,1168425.0,0.12551099044169742
6861,1168485.0,0.1255117007994084
6862,1168545.0,0.12556607737642095
6863,1168605.0,0.12561816885688415
6864,1168665.0,0.12564972206622108
6865,1168725.0,0.12568559296702408
6866,1168785.0,0.1257451553260669
6867,1168845.0,0.12582406866433754
6868,1168905.0,0.12588563158202876
6869,1168965.0,0.1259331599919662
6870,1169025.0,0.12598312788889038
6871,1169085.0,0.1260127713155195
6872,1169145.0,0.12602777445254346
6873,1169205.0,0.126011850499223
6874,1169265.0,0.1259901670826896
6875,1169325.0,0.1260411688613471
6876,1169388.0,0.12615146184320844
6877,1169445.0,0.126339014177137
6878,1169505.0,0.12651228261250408
6879,1169565.0,0.1266596940590422
6880,1169625.0,0.12676894277694534
6881,1169685.0,0.12686163837105718
6882,1169745.0,0.1269358929764401
6883,1169805.0,0.12704930186526017
6884,1169865.0,0.12717914987146542
6885,1169925.0,0.12728260147507742
6886,1169985.0,0.1273839920773101
6887,1170045.0,0.127501899827901
6888,1170105.0,0.12768646907755338
6889,1170165.0,0.1279366665883382
6890,1170225.0,0.12823512951667448
6891,1170285.0,0.12857473152913904
6892,1170345.0,0.12891315434326966
6893,1170405.0,0.12925218402913455
6894,1170465.0,0.12957234040133842
6895,1170525.0,0.1299060270751963
6896,1170585.0,0.13023418740066878
6897,1170645.0,0.1305591939372464
6898,1170705.0,0.13088225420146624
6899,1170765.0,0.1311575886117764
6900,1170825.0,0.1314283731613481
6901,1170888.0,0.13172996221785951
6902,1170945.0,0.1319970175686331
6903,1171005.0,0.13223454750539468
6904,1171065.0,0.13242892329352027
6905,1171125.0,0.13365735072042073
6906,1171185.0,0.1345869931093575
6907,1171245.0,0.13527907690707708
6908,1171305.0,0.13516933603347803
6909,1171365.0,0.13513653520732355
6910,1171425.0,0.13414114386373244
6911,1171485.0,0.13332924497081325
6912,1171545.0,0.13274406359449112
6913,1171605.0,0.13219392313299888
6914,1171665.0,0.13236951887933887
6915,1171725.0,0.13245153620127095
6916,1171785.0,0.1324884383840462
6917,1171845.0,0.13262648274693659
6918,1171905.0,0.13283164986047305
6919,1171965.0,0.13308847806780946
6920,1172025.0,0.13337626858397156
6921,1172085.0,0.13369371813328113
6922,1172145.0,0.133993675288562
6923,1172205.0,0.1343453565328494
6924,1172265.0,0.13467812255412798
6925,1172325.0,0.1349749016807102
6926,1172385.0,0.13523846947961293
6927,1172445.0,0.13553911707008676
6928,1172505.0,0.13688724963323556
6929,1172565.0,0.13786242111105967
6930,1172625.0,0.13864492743361634
6931,1172685.0,0.1372901684122831
6932,1172745.0,0.13628466862931077
6933,1172805.0,0.135390470242842
6934,1172865.0,0.1346941113473924
6935,1172925.0,0.13480804367609783
6936,1172985.0,0.13484861963492728
6937,1173045.0,0.13501281239623442
6938,1173105.0,0.13535453661416752
6939,1173165.0,0.13571531860498687
6940,1173225.0,0.13603044108702994
6941,1173285.0,0.1361798414007212
6942,1173345.0,0.13625348373892054
6943,1173405.0,0.1354164360464271
6944,1173465.0,0.1340764008516337
6945,1173525.0,0.1341618797799643
6946,1173588.0,0.13531964484644055
6947,1173645.0,0.13633979578991384
6948,1173705.0,0.1372202974061859
6949,1173765.0,0.13837647889844557
6950,1173825.0,0.1393691849231542
6951,1173885.0,0.13929547503116235
6952,1173948.0,0.13959154903276916
6953,1174005.0,0.13992768551575135
6954,1174065.0,0.14018625956285174
6955,1174125.0,0.14025894193877125
6956,1174185.0,0.14016448840251144
6957,1174245.0,0.14007913468272037
6958,1174305.0,0.14140660786081477
6959,1174365.0,0.14227189139180912
6960,1174425.0,0.14330173837869753
6961,1174485.0,0.14416168672534757
6962,1174545.0,0.14382698853320924
6963,1174605.0,0.14298878613829052
6964,1174668.0,0.1421795657190919
6965,1174725.0,0.14229255630869264
6966,1174785.0,0.142517186465562
6967,1174845.0,0.14236789424006369
6968,1174905.0,0.14204922028004452
6969,1174965.0,0.14169595912393546
6970,1175025.0,0.142969600361171
6971,1175085.0,0.1438097985018315
6972,1175145.0,0.1449853412221458
6973,1175205.0,0.14615575013395377
6974,1175265.0,0.14639721428367652
6975,1175325.0,0.14664895143062756
6976,1175385.0,0.14698261350818104
6977,1175445.0,0.14733058958931156
6978,1175505.0,0.1476280936776181
6979,1175565.0,0.1476149312190565
6980,1175625.0,0.14762314246092445
6981,1175685.0,0.1476492993195324
6982,1175745.0,0.14902628743228297
6983,1175805.0,0.15033719489028974
6984,1175865.0,0.15182546355025717
6985,1175925.0,0.15313413029652945
6986,1175985.0,0.1533870339529919
6987,1176045.0,0.1536968030338869
6988,1176105.0,0.1539153048699552
6989,1176165.0,0.15387275561259384
6990,1176225.0,0.15360649611437344
6991,1176285.0,0.15322160308208527
6992,1176345.0,0.15293505311870054
6993,1176405.0,0.15402938797412102
6994,1176465.0,0.1551518295800804
6995,1176525.0,0.15508028505276844
6996,1176585.0,0.15501034306065958
6997,1176645.0,0.15413646370222034
6998,1176705.0,0.15336513951530956
6999,1176765.0,0.15353414164913415
7000,1176825.0,0.15362885128126413
7001,1176885.0,0.15346979086223267
7002,1176945.0,0.15320354177527734
7003,1177005.0,0.15293764421681044
7004,1177065.0,0.15405983129201578
7005,1177125.0,0.15474971579642904
7006,1177185.0,0.1558605115845753
7007,1177245.0,0.15689875152832145
7008,1177305.0,0.15696907235602675
7009,1177365.0,0.1571609836311601
7010,1177425.0,0.15744934765827612
7011,1177485.0,0.15759939263463718
7012,1177545.0,0.15744495248215834
7013,1177605.0,0.15728188623543543
7014,1177665.0,0.15723223190779645
7015,1177725.0,0.1574027931099885
7016,1177785.0,0.15901646460907204
7017,1177845.0,0.16054840323403757
7018,1177905.0,0.1618377700952287
7019,1177965.0,0.16291710874637994
7020,1178025.0,0.16302435900903312
7021,1178085.0,0.16321332406616085
7022,1178145.0,0.163467158497895
7023,1178205.0,0.1633919274642039
7024,1178265.0,0.16322913113712356
7025,1178325.0,0.16298546739436554
7026,1178385.0,0.16291965501535338
7027,1178445.0,0.16426763010529027
7028,1178505.0,0.16539009901492807
7029,1178565.0,0.16652831084348685
7030,1178625.0,0.1676142690381343
7031,1178805.0,0.16789186199491857
7032,1178865.0,0.16794076768993604
7033,1178925.0,0.1678550357122039
7034,1178985.0,0.16771271805439592
7035,1179045.0,0.16885785886998111
7036,1179105.0,0.16999738612719179
7037,1179165.0,0.17093195663483984
7038,1179225.0,0.17201668065153414
7039,1179285.0,0.173055560525318
7040,1179345.0,0.1731431754152089
7041,1179405.0,0.17328169399738585
7042,1179465.0,0.17342940118087458
7043,1179525.0,0.17336935081956145
7044,1179585.0,0.17310398780538372
7045,1179645.0,0.17289401018367473
7046,1179705.0,0.1727236737577751
7047,1179765.0,0.17279206353664767
7048,1179825.0,0.17402455937516392
7049,1179885.0,0.1751263795891278
7050,1179945.0,0.1760980496178976
7051,1180005.0,0.17703668821740404
7052,1180065.0,0.17711337732240412
7053,1180125.0,0.17724054647386572
7054,1180185.0,0.17742982521238615
7055,1180245.0,0.17735112166755862
7056,1180305.0,0.17711840394095624
7057,1180365.0,0.1768187380673929
7058,1180425.0,0.1766060319003233
7059,1180488.0,0.17785363490271106
7060,1180545.0,0.17873896890995772
7061,1180605.0,0.17976730584933232
7062,1180665.0,0.1806999143024577
7063,1180725.0,0.18067993520643066
7064,1180785.0,0.1806773270085597
7065,1180845.0,0.1807824108039796
7066,1180905.0,0.18061651357887049
7067,1180965.0,0.18032827012517016
7068,1181025.0,0.18008376742722954
7069,1181085.0,0.17989307000539878
7070,1181145.0,0.17981834155326504
7071,1181205.0,0.18088096544500898
7072,1181265.0,0.1819741471164652
7073,1181325.0,0.1828497648566722
7074,1181385.0,0.18287906261529208
7075,1181445.0,0.18291975676264494
7076,1181505.0,0.18286416169596192
7077,1181565.0,0.18264694807785714
7078,1181625.0,0.1822557948053481
7079,1181685.0,0.18194571600908532
7080,1181745.0,0.18173340191028708
7081,1181808.0,0.18174468298957663
7082,1181865.0,0.18310204523491652
7083,1181925.0,0.18440584242377484
7084,1181985.0,0.18536185728353505
7085,1182045.0,0.18516219848721754
7086,1182105.0,0.18428702997196794
7087,1182165.0,0.18359465507924133
7088,1182225.0,0.1837816763969265
7089,1182285.0,0.1836471845160798
7090,1182345.0,0.18344766218757586
7091,1182405.0,0.1831239780515726
7092,1182465.0,0.18435795093581298
7093,1182525.0,0.18508709465233802
7094,1182585.0,0.18596000449579259
7095,1182645.0,0.18676777355126545
7096,1182705.0,0.18759401333458076
7097,1182765.0,0.18836480621386203
7098,1182825.0,0.18830496053385243
7099,1182885.0,0.18828712703634404
7100,1182945.0,0.18833092562360026
7101,1183005.0,0.1882442835116095
7102,1183065.0,0.188088591035373
7103,1183125.0,0.18794789255054473
7104,1183185.0,0.1877275046297291
7105,1183245.0,0.18887810722028225
7106,1183305.0,0.1895973734394289
7107,1183365.0,0.1905428836216846
7108,1183425.0,0.19029913176861107
7109,1183485.0,0.1903364887178225
7110,1183545.0,0.18965437976068106
7111,1183605.0,0.1898058261394917
7112,1183665.0,0.18996107412810875
7113,1183725.0,0.19001156055718238
7114,1183785.0,0.18982343945237695
7115,1183845.0,0.18961001694905522
7116,1183905.0,0.18935411248591083
7117,1183965.0,0.18936602258760082
7118,1184025.0,0.19021260030421883
7119,1184085.0,0.19113554526701615
7120,1184145.0,0.1919821540818759
7121,1184205.0,0.19274642538430942
7122,1184265.0,0.19353308772218436
7123,1184325.0,0.1934581925476455
7124,1184385.0,0.19341748883182308
7125,1184445.0,0.19342015332936835
7126,1184505.0,0.19242849086909775
7127,1184565.0,0.19151282653170193
7128,1184625.0,0.19072371603799015
7129,1184685.0,0.18978805160077206
7130,1184745.0,0.1888627757958038
7131,1184805.0,0.19022467938689247
7132,1184865.0,0.19113545629891798
7133,1184925.0,0.1922198676948551
7134,1184985.0,0.19302718398857716
7135,1185045.0,0.19402808188817033
7136,1185105.0,0.19411158466320438
7137,1185165.0,0.19434864821586306
7138,1185225.0,0.19295426963918638
7139,1185285.0,0.19199720463157915
7140,1185345.0,0.19103365981323162
7141,1185405.0,0.1902594003137273
7142,1185465.0,0.18945443163867892
7143,1185525.0,0.1894217573169305
7144,1185585.0,0.18930556955957933
7145,1185645.0,0.1891052323822291
7146,1185708.0,0.18970837526793988
7147,1185765.0,0.19068681800089893
7148,1185825.0,0.19172065172992803
7149,1185885.0,0.1927379262427869
7150,1185945.0,0.1922050799867887
7151,1186005.0,0.19142261235206398
7152,1186065.0,0.19041407320741
7153,1186125.0,0.1894732078344495
7154,1186185.0,0.1894573522926934
7155,1186245.0,0.18940508563432773
7156,1186308.0,0.18925854649708873
7157,1186365.0,0.18908378678000043
7158,1186425.0,0.18895794355789736
7159,1186485.0,0.18918472116859752
7160,1186545.0,0.18939083695825487
7161,1186605.0,0.18952656336793694
7162,1186665.0,0.1882731049796727
7163,1186725.0,0.18707140894371782
7164,1186785.0,0.18568479050059716
7165,1186845.0,0.18446541119467663
7166,1186905.0,0.18432008959490287
7167,1186965.0,0.1841858157264214
7168,1187025.0,0.18406223574557196
7169,1187085.0,0.1841038671131877
7170,1187145.0,0.18511435633888162
7171,1187205.0,0.18629998132324915
7172,1187265.0,0.18719566352518835
7173,1187325.0,0.1868068237963349
7174,1187385.0,0.18560683669367734
7175,1187445.0,0.18449754849607491
7176,1187505.0,0.18358869307514697
7177,1187565.0,0.18346611311064442
7178,1187625.0,0.18340485314069405
7179,1187685.0,0.18321401017446198
7180,1187745.0,0.1828761328837698
7181,1187805.0,0.18400236077275228
7182,1187865.0,0.18577689024782534
7183,1187925.0,0.18737004089299653
7184,1187985.0,0.18755516585465293
7185,1188045.0,0.1878956068842642
7186,1188105.0,0.1875584241815999
7187,1188165.0,0.18731435679961816
7188,1188225.0,0.18723754831294143
7189,1188285.0,0.18705404221434963
7190,1188345.0,0.1867988666112847
7191,1188405.0,0.18676514487108692
7192,1188465.0,0.1870081621651481
7193,1188525.0,0.18729805508187047
7194,1188585.0,0.18745758256058465
7195,1188645.0,0.1874237456648326
7196,1188705.0,0.18591764122376925
7197,1188765.0,0.18447375702369723
7198,1188825.0,0.18326665322073243
7199,1188885.0,0.1831872265375024
7200,1188945.0,0.18398611693902162
7201,1189005.0,0.18462354428811284
7202,1189065.0,0.1843949281052884
7203,1189125.0,0.18454743012595165
7204,1189185.0,0.18478658355096955
7205,1189245.0,0.18508866509374883
7206,1189305.0,0.18482749537280296
7207,1189365.0,0.18369986508326425
7208,1189425.0,0.18352676166314558
7209,1189485.0,0.1843265350724081
7210,1189545.0,0.18471070839987686
7211,1189605.0,0.18563669386279946
7212,1189665.0,0.18666166254655714
7213,1189725.0,0.18763970452923373
7214,1189785.0,0.188655572690122
7215,1189845.0,0.18759356012563705
7216,1189905.0,0.18654050137641343
7217,1189968.0,0.18561007529381918
7218,1190025.0,0.18446089140459426
7219,1190085.0,0.18338089068957547
7220,1190145.0,0.18312058877250498
7221,1190205.0,0.18394583388076752
7222,1190265.0,0.1847001953367579
7223,1190325.0,0.18589280331654023
7224,1190385.0,0.18717086473812744
7225,1190445.0,0.18825453072883708
7226,1190505.0,0.18922524099113375
7227,1190565.0,0.18919651502583035
7228,1190628.0,0.18784761314723702
7229,1190688.0,0.18663557680023768
7230,1190748.0,0.1853609652665264
7231,1190805.0,0.18510443777751245
7232,1190865.0,0.18586189346715015
7233,1190925.0,0.18699221565806928
7234,1190985.0,0.1879883979095846
7235,1191045.0,0.18902882075334576
7236,1191105.0,0.19002430275036114
7237,1191165.0,0.19100346514702288
7238,1191225.0,0.19110004558443505
7239,1191285.0,0.1897553126911269
7240,1191345.0,0.1888167669647367
7241,1191405.0,0.18756993060152932
7242,1191465.0,0.18643115792670034
7243,1191525.0,0.18609004896145526
7244,1191585.0,0.1869481730820211
7245,1191645.0,0.1881033873405965
7246,1191705.0,0.18948845860214275
7247,1191765.0,0.1910258331403002
7248,1191825.0,0.19228265900478658
7249,1191885.0,0.19307311518604292
7250,1191945.0,0.19378011874721351
7251,1192005.0,0.1925538850724377
7252,1192065.0,0.1912788193055568
7253,1192125.0,0.1902739408449869
7254,1192185.0,0.1901225775963432
7255,1192245.0,0.1899586380840656
7256,1192305.0,0.18994449285022602
7257,1192365.0,0.1901378420008119
7258,1192425.0,0.19048439618503588
7259,1192485.0,0.19074719103019772
7260,1192545.0,0.19090401748503305
7261,1192605.0,0.19082363930136131
7262,1192665.0,0.1894365059423651
7263,1192725.0,0.18805682130944906
7264,1192785.0,0.18693365886970764
7265,1192845.0,0.1857266427089896
7266,1192905.0,0.18621130985700107
7267,1192965.0,0.1870323384825086
7268,1193025.0,0.18824316965043092
7269,1193085.0,0.18969445842662452
7270,1193145.0,0.191108843020883
7271,1193205.0,0.1926409631837681
7272,1193265.0,0.19222102461724688
7273,1193325.0,0.19211352383862346
7274,1193385.0,0.1919503334558646
7275,1193445.0,0.19101002001476464
7276,1193505.0,0.19010141551929088
7277,1193565.0,0.18928984269754423
7278,1193625.0,0.18932731833857108
7279,1193685.0,0.18929238048411257
7280,1193745.0,0.1889768887080167
7281,1193805.0,0.18864446222530373
7282,1193865.0,0.18950388937055773
7283,1193925.0,0.19059388628852114
7284,1193985.0,0.19211270738312713
7285,1194045.0,0.19199515616506013
7286,1194105.0,0.1921850635658648
7287,1194165.0,0.19202718653652578
7288,1194225.0,0.1919809263052496
7289,1194285.0,0.19105496872421962
7290,1194345.0,0.19099893077991725
7291,1194405.0,0.19097244461087504
7292,1194465.0,0.1907356070848587
7293,1194525.0,0.1905994590755371
7294,1194585.0,0.19051355195504593
7295,1194645.0,0.19151631769003918
7296,1194705.0,0.19268354733792503
7297,1194765.0,0.1937950496488281
7298,1194825.0,0.19425798414248324
7299,1194885.0,0.19434306926865852
7300,1194945.0,0.19419635092693277
7301,1195005.0,0.19334929030457232
7302,1195065.0,0.19244697413517098
7303,1195125.0,0.19227154728765333
7304,1195185.0,0.192060943781517
7305,1195245.0,0.19167724204270825
7306,1195305.0,0.19255797891722654
7307,1195365.0,0.19400886604790435
7308,1195425.0,0.19548675041270985
7309,1195485.0,0.1968901859554827
7310,1195545.0,0.19832994188532582
7311,1195605.0,0.1980567603465737
7312,1195665.0,0.19782588455610473
7313,1195725.0,0.19647939939537662
7314,1195785.0,0.19573567970808553
7315,1195845.0,0.1949599175979153
7316,1195905.0,0.19517958235781357
7317,1195965.0,0.19514363551129105
7318,1196025.0,0.19522074345214124
7319,1196085.0,0.1953536114408047
7320,1196145.0,0.1950115892924985
7321,1196205.0,0.19445002786825888
7322,1196265.0,0.19521875979670433
7323,1196328.0,0.19679790116319368
7324,1196385.0,0.19830401358255684
7325,1196445.0,0.19952784493740194
7326,1196505.0,0.1999754672877354
7327,1196565.0,0.20009958423864777
7328,1196625.0,0.19995299612925127
7329,1196685.0,0.20005409588062512
7330,1196745.0,0.19934878075935536
7331,1196805.0,0.19947481752685775
7332,1196865.0,0.19956206426134898
7333,1196925.0,0.19957699599600603
7334,1196985.0,0.1995697409374101
7335,1197045.0,0.19935014488716718
7336,1197105.0,0.1989434687145255
7337,1197165.0,0.19848706038328867
7338,1197225.0,0.1992886722383005
7339,1197285.0,0.20093817081051513
7340,1197345.0,0.20222459378009533
7341,1197405.0,0.20321488630069773
7342,1197465.0,0.2039992238673956
7343,1197525.0,0.2048393070737144
7344,1197585.0,0.2048876117100687
7345,1197645.0,0.20495331843439263
7346,1197705.0,0.20499351810226885
7347,1197765.0,0.20495627376859338
7348,1197825.0,0.20504404703128554
7349,1197885.0,0.20511620755663174
7350,1197945.0,0.20440680316466137
7351,1198005.0,0.2035560699200451
7352,1198065.0,0.20248831513382903
7353,1198125.0,0.2011978549482985
7354,1198185.0,0.2020315629264008
7355,1198245.0,0.20388747417652314
7356,1198305.0,0.20540667817733038
7357,1198365.0,0.2068096740375372
7358,1198425.0,0.2081228658941207
7359,1198485.0,0.20938360474123785
7360,1198545.0,0.21056360393094842
7361,1198605.0,0.2103930392551308
7362,1198665.0,0.2088209180474468
7363,1198725.0,0.20748102802875346
7364,1198785.0,0.20617862079882865
7365,1198845.0,0.20517716650311485
7366,1198905.0,0.20435489757199543
7367,1198965.0,0.2031726480313502
7368,1199025.0,0.2027063920626777
7369,1199085.0,0.20348685961997903
7370,1199145.0,0.2053110000407133
7371,1199205.0,0.20649658041376912
7372,1199265.0,0.20739776346027944
7373,1199325.0,0.20822261097181305
7374,1199385.0,0.20828341762156127
7375,1199445.0,0.20831899472568455
7376,1199505.0,0.20841025617364012
7377,1199565.0,0.20855118382960014
7378,1199625.0,0.208728208951099
7379,1199685.0,0.20792760960380363
7380,1199745.0,0.20708674762451607
7381,1199805.0,0.2061839470589965
7382,1199865.0,0.20597334823003094
7383,1199925.0,0.2058299963150484
7384,1199985.0,0.20566060714570006
7385,1200045.0,0.20667709994348726
7386,1200105.0,0.2079463716413436
7387,1200165.0,0.2088641595455163
7388,1200225.0,0.20900397678774119
7389,1200285.0,0.20800915741638532
7390,1200345.0,0.20744723872192233
7391,1200405.0,0.20629179397938213
7392,1200465.0,0.20528107157664982
7393,1200525.0,0.2044780052876074
7394,1200585.0,0.20371614651585296
7395,1200645.0,0.2037933887729667
7396,1200705.0,0.20387158606664563
7397,1200765.0,0.20403624714455137
7398,1200828.0,0.2042142157392529
7399,1200885.0,0.2043897696142533
7400,1200945.0,0.20448143620246179
7401,1201005.0,0.20340607085755524
7402,1201065.0,0.202266353073356
7403,1201125.0,0.20216995536758225
7404,1201185.0,0.20242768475065787
7405,1201245.0,0.20303083623447127
7406,1201305.0,0.20342295948414402
7407,1201365.0,0.20435850575422781
7408,1201425.0,0.20529680817704526
7409,1201485.0,0.20628983845471255
7410,1201545.0,0.20657018889561424
7411,1201605.0,0.20591588728689147
7412,1201665.0,0.20515810341860646
7413,1201725.0,0.20402270086247498
7414,1201785.0,0.20297134030469027
7415,1201845.0,0.20209722437231453
7416,1201905.0,0.20136722718893807
7417,1201965.0,0.20064606943268748
7418,1202025.0,0.20070198987048798
7419,1202085.0,0.20054601573326442
7420,1202145.0,0.20022824497449954
7421,1202205.0,0.20083939204424828
7422,1202265.0,0.2019135583389488
7423,1202328.0,0.20382039644300864
7424,1202385.0,0.20425940551192828
7425,1202445.0,0.20402612138511816
7426,1202505.0,0.20361720136800882
7427,1202565.0,0.20325896069947835
7428,1202625.0,0.20222712445253815
7429,1202685.0,0.20161752524040766
7430,1202745.0,0.20091103159439194
7431,1202805.0,0.20096388862754555
7432,1202865.0,0.20104086166726914
7433,1202925.0,0.200872791176673
7434,1202985.0,0.20054560474524163
7435,1203045.0,0.2002563835704183
7436,1203105.0,0.20010431777858995
7437,1203165.0,0.20132898619736384
7438,1203225.0,0.2028573689786609
7439,1203285.0,0.2040874652390018
7440,1203345.0,0.20515098873413057
7441,1203405.0,0.20522873476488773
7442,1203465.0,0.20530846837583522
7443,1203525.0,0.2054622823406584
7444,1203585.0,0.20571255204301586
7445,1203645.0,0.2061365449392904
7446,1203705.0,0.20540286515824124
7447,1203765.0,0.20412548935664
7448,1203825.0,0.20252572919982315
7449,1203885.0,0.20216006725004992
7450,1203945.0,0.20216654176833337
7451,1204005.0,0.20199388014816655
7452,1204065.0,0.2020610193718066
7453,1204125.0,0.20137123894235776
7454,1204185.0,0.20057098168394233
7455,1204245.0,0.2006959923476559
7456,1204305.0,0.20083407860142632
7457,1204365.0,0.20098278080280468
7458,1204425.0,0.20114682723264926
7459,1204485.0,0.20125725498340202
7460,1204545.0,0.20133089463250448
7461,1204605.0,0.20148833524795823
7462,1204665.0,0.20047501036928145
7463,1204725.0,0.20067538993406558
7464,1204788.0,0.20015558561778574
7465,1204845.0,0.20017778876972442
7466,1204905.0,0.20023052293620092
7467,1204965.0,0.19914436003691022
7468,1205025.0,0.19836500097719428
7469,1205085.0,0.19848082721362054
7470,1205145.0,0.19862792030686643
7471,1205205.0,0.1987821951919942
7472,1205265.0,0.1991343741448418
7473,1205325.0,0.19909098399752673
7474,1205388.0,0.1998524661706012
7475,1205445.0,0.19963765055077315
7476,1205505.0,0.19936387187292193
7477,1205565.0,0.19901715566441303
7478,1205625.0,0.1985589458556002
7479,1205685.0,0.19836103459025345
7480,1205745.0,0.19858224853361728
7481,1205805.0,0.19964020771885027
7482,1205865.0,0.20094969947103136
7483,1205928.0,0.20148331914289042
7484,1205985.0,0.20203906369733177
7485,1206045.0,0.20264798790696298
7486,1206105.0,0.20196522162518715
7487,1206165.0,0.2009015634588615
7488,1206225.0,0.20075038059163602
7489,1206285.0,0.20048615423447408
7490,1206345.0,0.1993878221853021
7491,1206405.0,0.1987739803400747
7492,1206465.0,0.19819921465045065
7493,1206525.0,0.19853832986074188
7494,1206585.0,0.19870927990724524
7495,1206645.0,0.19892129790622748
7496,1206705.0,0.19908816249729144
7497,1206765.0,0.19920306132799304
7498,1206828.0,0.20017560323369116
7499,1206885.0,0.20108494422170564
7500,1206945.0,0.2022292523497286
7501,1207005.0,0.2035412413771822
7502,1207065.0,0.2035409201240176
7503,1207125.0,0.20268023779829808
7504,1207185.0,0.20180861921917426
7505,1207245.0,0.20144529116869803
7506,1207305.0,0.20111977803017228
7507,1207365.0,0.20105478266172955
7508,1207425.0,0.2013787262667565
7509,1207485.0,0.20161673910682237
7510,1207545.0,0.20288321745117777
7511,1207605.0,0.20322952287803986
7512,1207665.0,0.20344984363973467
7513,1207725.0,0.20375166504292108
7514,1207785.0,0.20399998270585995
7515,1207845.0,0.2045323070558968
7516,1207905.0,0.205116073900733
7517,1207965.0,0.20562391769959965
7518,1208025.0,0.20481488003347387
7519,1208088.0,0.20388457631656892
7520,1208145.0,0.20321384688144561
7521,1208205.0,0.20323924043769198
7522,1208265.0,0.20343579751177
7523,1208325.0,0.20378541053568922
7524,1208385.0,0.20639495499164057
7525,1208448.0,0.20792830535129608
7526,1208505.0,0.20910857456513693
7527,1208565.0,0.21038007258518976
7528,1208625.0,0.21069644178865948
7529,1208685.0,0.2110870329363671
7530,1208745.0,0.21142577956621278
7531,1208805.0,0.21160678045058479
7532,1208865.0,0.21326013961613166
7533,1208925.0,0.21498942843085983
7534,1208985.0,0.2152020035773995
7535,1209045.0,0.21423531757946987
7536,1209105.0,0.21349136288312728
7537,1209165.0,0.21291372858509053
7538,1209225.0,0.21234248089505925
7539,1209285.0,0.21213853326728688
7540,1209345.0,0.21244264642475463
7541,1209405.0,0.2129699199788918
7542,1209465.0,0.2142806966102534
7543,1209525.0,0.21552945541166657
7544,1209585.0,0.2157511622593244
