,time,mit
0,10845.0,0.48065619432411066
1,10905.0,0.48013291623143406
2,10965.0,0.4801817580696962
3,11025.0,0.4801866188966196
4,11085.0,0.4797105639097212
5,11145.0,0.47953136105151706
6,11205.0,0.4792128910161616
7,11265.0,0.4786980891438304
8,11325.0,0.47806693097832675
9,11385.0,0.4774096467240464
10,11445.0,0.48098878083316776
11,11505.0,0.48476547884771537
12,11565.0,0.4882484110459425
13,11625.0,0.4902910855321555
14,11685.0,0.49081498274827584
15,11745.0,0.491715375978928
16,11805.0,0.4921849565035178
17,11865.0,0.49268172019214396
18,11928.0,0.49180148283347347
19,11985.0,0.4875263358895604
20,12045.0,0.48345756770227644
21,12105.0,0.4796992317225749
22,12165.0,0.47793022596063095
23,12225.0,0.4778512459832348
24,12285.0,0.4774064554498084
25,12345.0,0.4763942851511016
26,12405.0,0.47620699717058834
27,12465.0,0.4796917500892849
28,12525.0,0.4831169391437332
29,12585.0,0.48583759531401427
30,12645.0,0.4870920743932713
31,12705.0,0.4868467557451309
32,12765.0,0.4885076553258688
33,12825.0,0.48464325072422454
34,12885.0,0.4811103377776226
35,12945.0,0.4776606563949336
36,13005.0,0.4743213748591776
37,13065.0,0.4725372358976595
38,13125.0,0.4715436610650797
39,13185.0,0.47029112441440113
40,13245.0,0.4697224514185905
41,13305.0,0.4685912886372515
42,13365.0,0.4669232524985675
43,13425.0,0.46546669703367083
44,13485.0,0.4648921350486267
45,13545.0,0.46709460407395464
46,13605.0,0.4691234787620797
47,13665.0,0.47081342563954676
48,13725.0,0.4691344560279468
49,13785.0,0.4656196340215184
50,13845.0,0.4620726662046851
51,13905.0,0.45882804542077504
52,13965.0,0.45592433042294755
53,14025.0,0.45547724967897174
54,14085.0,0.4543087847383712
55,14145.0,0.4534926988422078
56,14205.0,0.45217085597332696
57,14265.0,0.4505530367259799
58,14325.0,0.44929251766152967
59,14385.0,0.44804084629219576
60,14445.0,0.44673929692394376
61,14505.0,0.445864075327132
62,14565.0,0.44520012533752407
63,14625.0,0.44694620909743754
64,14685.0,0.4470297399754669
65,14745.0,0.44658952447607814
66,14805.0,0.44386869735557466
67,14865.0,0.43993663607484457
68,14925.0,0.4368569831480469
69,14985.0,0.4340696861660679
70,15045.0,0.43300371410970273
71,15105.0,0.4327454051940869
72,15165.0,0.4320280432090322
73,15225.0,0.43114755600547816
74,15285.0,0.42980595443503467
75,15345.0,0.42856080685127995
76,15405.0,0.4264094471892731
77,15465.0,0.42392328635388177
78,15525.0,0.4224833788466037
79,15585.0,0.4219394569918026
80,15645.0,0.42193804898204323
81,15705.0,0.42196783725704556
82,15765.0,0.4220368596513372
83,15825.0,0.4216036839405789
84,15885.0,0.4190135047138539
85,15945.0,0.4164830497417765
86,16005.0,0.4143597449855987
87,16065.0,0.41373741921998297
88,16125.0,0.41250835301388455
89,16185.0,0.41213263046751647
90,16245.0,0.41161371428501237
91,16305.0,0.41004440205350123
92,16365.0,0.40867827345893926
93,16425.0,0.4072851595781779
94,16485.0,0.4051103302506768
95,16545.0,0.4034519901445687
96,16605.0,0.3991330320407166
97,16665.0,0.3962633668981157
98,16725.0,0.39408096373988
99,16785.0,0.39402395216092423
100,16845.0,0.39397879222174625
101,16905.0,0.3947250969459214
102,16965.0,0.39530133470735196
103,17025.0,0.3983176841115813
104,17085.0,0.3984214090347199
105,17145.0,0.39869205415918485
106,17205.0,0.3975999646191619
107,17265.0,0.39626275502190167
108,17325.0,0.3943324046967983
109,17385.0,0.3922425902629113
110,17445.0,0.3885808824478959
111,17505.0,0.3850283259654709
112,17565.0,0.38158163274284485
113,17625.0,0.3780883766981282
114,17685.0,0.3742054868626318
115,17745.0,0.37397438306493347
116,17805.0,0.37396442083898707
117,17865.0,0.3749291236232076
118,17925.0,0.37768674273839686
119,17985.0,0.38031758946108574
120,18045.0,0.3828193801070846
121,18105.0,0.3843150606955491
122,18165.0,0.38328697573782755
123,18225.0,0.37982182646882534
124,18285.0,0.37630168110671824
125,18345.0,0.37309070430780766
126,18405.0,0.3701490145705656
127,18465.0,0.3675814980471461
128,18525.0,0.3649863978765885
129,18585.0,0.3655321706720721
130,18645.0,0.36458776690785355
131,18705.0,0.3629953661065818
132,18768.0,0.36082059199939154
133,18825.0,0.35897585077712246
134,18885.0,0.3582886404127622
135,18948.0,0.3605534184802609
136,19005.0,0.36259662744600807
137,19065.0,0.36464928083027204
138,19125.0,0.36418873657670014
139,19185.0,0.3616215171575342
140,19245.0,0.3576772899096933
141,19305.0,0.35446419134496
142,19365.0,0.3514023177447184
143,19425.0,0.3514210832990553
144,19485.0,0.3505363908005723
145,19545.0,0.3490501219952986
146,19605.0,0.34745262442940883
147,19665.0,0.34571029812414633
148,19725.0,0.3439212087492043
149,19785.0,0.3421254428049948
150,19845.0,0.34109194886907346
151,19905.0,0.34021295777215155
152,19965.0,0.34006022387254553
153,20025.0,0.33845924925000126
154,20085.0,0.33843531949224104
155,20145.0,0.33841497706152546
156,20205.0,0.33874957679783535
157,20265.0,0.33891720242489265
158,20325.0,0.3387830752603389
159,20385.0,0.33733001147053043
160,20445.0,0.33607638681280105
161,20505.0,0.334323454321648
162,20565.0,0.33282809688912407
163,20625.0,0.3316494081055764
164,20685.0,0.3299114671948632
165,20745.0,0.32837258891672205
166,20805.0,0.32672368815071073
167,20865.0,0.3227902563707973
168,20925.0,0.31876445662771424
169,20985.0,0.3148583915115677
170,21045.0,0.31148957638943586
171,21105.0,0.3088942516256781
172,21165.0,0.3096356153582258
173,21225.0,0.3101735862472227
174,21285.0,0.31229213258467714
175,21345.0,0.314274307907083
176,21405.0,0.31638499250737173
177,21465.0,0.31872446518759345
178,21525.0,0.32066436930299214
179,21585.0,0.32070328964744466
180,21645.0,0.3184820047070863
181,21705.0,0.31496110238396613
182,21765.0,0.3110749886232602
183,21825.0,0.3076434088204715
184,21885.0,0.30495676272191974
185,21945.0,0.30458632349413806
186,22005.0,0.3049068384152459
187,22065.0,0.3043256042651501
188,22125.0,0.30307564921743657
189,22185.0,0.3017409927257112
190,22245.0,0.30028127071843114
191,22305.0,0.2987626670859673
192,22365.0,0.2970403795096225
193,22425.0,0.2955677733498401
194,22485.0,0.2916282962467427
195,22545.0,0.28765821750768084
196,22605.0,0.28352181471418014
197,22665.0,0.2797862548597464
198,22725.0,0.27720252884152596
199,22785.0,0.2805843988921176
200,22845.0,0.28349597804544535
201,22905.0,0.2852834825434709
202,22965.0,0.2854379275996133
203,23025.0,0.28360407228000684
204,23085.0,0.2819341734492462
205,23145.0,0.28130233105843494
206,23205.0,0.27775326936506506
207,23265.0,0.2742507389867018
208,23325.0,0.2708523875824437
209,23385.0,0.2680214189805916
210,23445.0,0.26527845514794557
211,23505.0,0.2648639815686057
212,23565.0,0.26462287475002233
213,23625.0,0.26678008967767686
214,23685.0,0.2687580385124231
215,23745.0,0.2703880430156034
216,23805.0,0.27179139485614334
217,23868.0,0.2710053848832551
218,23925.0,0.27053003627525773
219,23985.0,0.268184935983632
220,24045.0,0.265159337494279
221,24105.0,0.2622504929221826
222,24165.0,0.2600756331226317
223,24225.0,0.25814983682028336
224,24285.0,0.25887822369424673
225,24345.0,0.2595634945324543
226,24405.0,0.25970726443287706
227,24465.0,0.25970895975039243
228,24525.0,0.26168929484794967
229,24585.0,0.2637087363849434
230,24645.0,0.26609923595167306
231,24705.0,0.2685198342906425
232,24765.0,0.26782566059679047
233,24825.0,0.2648678830302621
234,24885.0,0.26229611188181445
235,24945.0,0.2598283835917853
236,25005.0,0.25973852029293676
237,25065.0,0.2604755445767232
238,25125.0,0.26028845399601064
239,25185.0,0.2597859299362626
240,25248.0,0.2591911103107324
241,25305.0,0.2593483206436785
242,25365.0,0.2596352520177092
243,25425.0,0.26018693433827
244,25485.0,0.2631762634431877
245,25545.0,0.26314454689936906
246,25605.0,0.2631198458340821
247,25665.0,0.26310770041345244
248,25725.0,0.2637890230847185
249,25785.0,0.263603365000172
250,25845.0,0.2646080287518844
251,25905.0,0.26423550377398064
252,25965.0,0.2630153157125834
253,26025.0,0.2620355972164531
254,26085.0,0.2617128355159427
255,26145.0,0.26114933971650545
256,26205.0,0.26133664816547064
257,26265.0,0.2620828609458111
258,26325.0,0.26053121959453207
259,26385.0,0.25877741395672893
260,26445.0,0.2587068489473844
261,26505.0,0.2589288340600463
262,26565.0,0.259586302225184
263,26625.0,0.26192088799753355
264,26685.0,0.2652893807407972
265,26745.0,0.2668906552216844
266,26805.0,0.26827512642809537
267,26865.0,0.2672976314434823
268,26925.0,0.266895694647601
269,26985.0,0.26609922455874735
270,27045.0,0.2656689522626432
271,27105.0,0.26591550383286566
272,27165.0,0.26346694710229845
273,27225.0,0.2608620358809446
274,27285.0,0.25892806098572585
275,27345.0,0.2576156153893059
276,27405.0,0.25818708797542655
277,27465.0,0.26169952062116886
278,27525.0,0.26456702479371774
279,27585.0,0.26665132555926574
280,27645.0,0.2686602054644134
281,27705.0,0.26987744885439624
282,27765.0,0.271194923247843
283,27825.0,0.2702982961174277
284,27885.0,0.2668840830620064
285,27945.0,0.26336742675574487
286,28005.0,0.2606185926800899
287,28065.0,0.2585919720023031
288,28128.0,0.2573563264856451
289,28185.0,0.25631510631685805
290,28245.0,0.25949909767225143
291,28305.0,0.26196054453665163
292,28365.0,0.26390385269711236
293,28425.0,0.2655507043943959
294,28485.0,0.26679092899955603
295,28545.0,0.2655756904517358
296,28605.0,0.2647690814016721
297,28665.0,0.2637662882145595
298,28725.0,0.2609997926546692
299,28785.0,0.2583715354732937
300,28845.0,0.2556532954546977
301,28905.0,0.2541808128109342
302,28965.0,0.2529389078300941
303,29025.0,0.25566828348610593
304,29085.0,0.25825727012439836
305,29145.0,0.26062821819812
306,29205.0,0.2625885122567695
307,29265.0,0.26402029044172226
308,29325.0,0.26532498192818976
309,29385.0,0.2635397633921819
310,29448.0,0.2610870329760484
311,29505.0,0.25904289004365244
312,29565.0,0.257110632255677
313,29625.0,0.25565981033109475
314,29685.0,0.2540285811849079
315,29745.0,0.2545743828632361
316,29805.0,0.25513937830406663
317,29865.0,0.25548442710670227
318,29925.0,0.2577927421776435
319,29985.0,0.26013933568265546
320,30045.0,0.26256196931350273
321,30105.0,0.2649568774129485
322,30165.0,0.2649058299422419
323,30225.0,0.2618328177195116
324,30285.0,0.2592197961686734
325,30345.0,0.2573542515000117
326,30405.0,0.25602232408673065
327,30465.0,0.25455894550199454
328,30525.0,0.2546739622625528
329,30585.0,0.2549958682590815
330,30645.0,0.25495210428559323
331,30705.0,0.25465593611258497
332,30765.0,0.2544967790142244
333,30828.0,0.25693696466075144
334,30885.0,0.2598843414137476
335,30945.0,0.25992741390855123
336,31005.0,0.25963847620835834
337,31065.0,0.25893398552313307
338,31125.0,0.2560554769469322
339,31185.0,0.2535567846220099
340,31245.0,0.2517258830133122
341,31305.0,0.25285976769806273
342,31365.0,0.25360610410159834
343,31425.0,0.2535012322487601
344,31485.0,0.25306173688446276
345,31545.0,0.2527417731370941
346,31605.0,0.2524387174396623
347,31665.0,0.2544787848900776
348,31725.0,0.2545518048354417
349,31785.0,0.25428480323680713
350,31845.0,0.253589934962798
351,31905.0,0.2531980768212898
352,31965.0,0.25028807158226907
353,32025.0,0.25017418313646267
354,32085.0,0.25079275147827296
355,32145.0,0.25068751878525797
356,32205.0,0.25041281252289693
357,32265.0,0.25007738839870153
358,32325.0,0.24975962728093906
359,32388.0,0.2494760514801825
360,32445.0,0.2493777452344679
361,32505.0,0.25195418021938065
362,32565.0,0.25196394441478387
363,32625.0,0.2517021016940878
364,32685.0,0.2512573010657394
365,32745.0,0.2488402728622421
366,32805.0,0.24751659926788575
367,32865.0,0.24782996954639466
368,32925.0,0.2476942554917815
369,32985.0,0.24749218473457532
370,33045.0,0.2472858197346869
371,33105.0,0.24710619837630268
372,33165.0,0.2472146932768853
373,33225.0,0.24485010413918554
374,33285.0,0.24481221072700857
375,33345.0,0.244777200636997
376,33405.0,0.24502925619184876
377,33465.0,0.245373367756849
378,33525.0,0.2454378215806182
379,33585.0,0.24480401557599032
380,33645.0,0.2440049189149737
381,33705.0,0.243729562385867
382,33765.0,0.24378581512610062
383,33825.0,0.24391193575215228
384,33885.0,0.2441496818710203
385,33945.0,0.24180077334408426
386,34005.0,0.24173869912567744
387,34065.0,0.24170228102590666
388,34125.0,0.24213132747620034
389,34185.0,0.24262382371115995
390,34245.0,0.24266455613231905
391,34305.0,0.24241772976574896
392,34365.0,0.24155261853148272
393,34425.0,0.2414128096565847
394,34485.0,0.24152135720144727
395,34545.0,0.2418983075219963
396,34605.0,0.24045435039802612
397,34665.0,0.23890775953739432
398,34725.0,0.23724805953625247
399,34785.0,0.23780562826004706
400,34845.0,0.23832950836604397
401,34905.0,0.24102687599108932
402,34965.0,0.24328837371056058
403,35025.0,0.2452497011075316
404,35085.0,0.24477434500946763
405,35145.0,0.2426564429600975
406,35205.0,0.24109926399028844
407,35265.0,0.2398170701550392
408,35325.0,0.23858952494466004
409,35385.0,0.23726665000748434
410,35445.0,0.23548469478820747
411,35505.0,0.23549440397372953
412,35565.0,0.2381639808801804
413,35625.0,0.2405344625169661
414,35685.0,0.2426702383688442
415,35745.0,0.24462595801287404
416,35805.0,0.242616499825238
417,35865.0,0.24003221630212293
418,35925.0,0.23821630810184483
419,35985.0,0.23681690705413513
420,36045.0,0.2353324325665276
421,36105.0,0.23372536390372503
422,36165.0,0.23200944778595048
423,36225.0,0.22999438167446998
424,36285.0,0.2274043027161576
425,36345.0,0.2279101414309189
426,36405.0,0.23001829005383004
427,36465.0,0.23278476129868755
428,36525.0,0.23480501120918454
429,36585.0,0.2367428074459956
430,36645.0,0.23571931718117936
431,36705.0,0.23521457641568852
432,36765.0,0.23532097973631536
433,36825.0,0.23334294240579492
434,36885.0,0.23131677065090908
435,36945.0,0.22931343381773914
436,37005.0,0.2272532401984584
437,37065.0,0.22482210568640873
438,37125.0,0.22553968522058462
439,37185.0,0.22617180369505066
440,37245.0,0.2295121233837973
441,37305.0,0.23178333921932867
442,37365.0,0.2329427056817305
443,37425.0,0.23236380858913555
444,37485.0,0.23090979465018882
445,37545.0,0.230934068932206
446,37605.0,0.22892229400575478
447,37665.0,0.22687060110273152
448,37725.0,0.22508736960321893
449,37785.0,0.2235231648502122
450,37845.0,0.2218488627827571
451,37905.0,0.22155055128713433
452,37968.0,0.2240883264515702
453,38025.0,0.22645332350268002
454,38085.0,0.22876624769854573
455,38145.0,0.23096601878116144
456,38205.0,0.23099723954141585
457,38265.0,0.22797440614487977
458,38325.0,0.22574971831704446
459,38385.0,0.22441409371770357
460,38445.0,0.22313851973817864
461,38505.0,0.22176929642396911
462,38565.0,0.2223235033941052
463,38625.0,0.22188975301152777
464,38685.0,0.22381238570126213
465,38745.0,0.2256242695885137
466,38805.0,0.22753272653349524
467,38865.0,0.22942327753762806
468,38928.0,0.22881621386716164
469,38985.0,0.22811281237042483
470,39045.0,0.22487330931874625
471,39105.0,0.22238863670146522
472,39165.0,0.22078536243892585
473,39225.0,0.21964041189337116
474,39285.0,0.21830703805366233
475,39345.0,0.2199576076903206
476,39408.0,0.2200991198974163
477,39465.0,0.21965943560279114
478,39525.0,0.2215537518675952
479,39585.0,0.2236470896253863
480,39645.0,0.2237002200964451
481,39705.0,0.22313743501416425
482,39765.0,0.2224714590854511
483,39825.0,0.2196774442399835
484,39885.0,0.21778990196809975
485,39945.0,0.21615022444790674
486,40005.0,0.21621479578092287
487,40065.0,0.21648547650256802
488,40125.0,0.2163318137225448
489,40185.0,0.21617472421434322
490,40245.0,0.2167744707429408
491,40305.0,0.21679327055860334
492,40365.0,0.21680310205665346
493,40425.0,0.2162195223924799
494,40485.0,0.2159385287549286
495,40545.0,0.21380319414324908
496,40605.0,0.21193090815185903
497,40665.0,0.21015794121043743
498,40725.0,0.2100282611012206
499,40785.0,0.20971180337568404
500,40845.0,0.20940725822071257
501,40905.0,0.20884523148004056
502,40965.0,0.20817052334095973
503,41025.0,0.2077621996774072
504,41085.0,0.20725480834588997
505,41145.0,0.20691353332848314
506,41205.0,0.20694511047580808
507,41265.0,0.20714672210303883
508,41325.0,0.20742900809271722
509,41385.0,0.20714315261942093
510,41445.0,0.20687668555601382
511,41505.0,0.2068440790523655
512,41565.0,0.204835529586632
513,41625.0,0.20235113905427596
514,41685.0,0.19936727689886205
515,41748.0,0.19931049179811147
516,41805.0,0.19955286890631238
517,41865.0,0.20037972201705842
518,41925.0,0.20111455219704835
519,41985.0,0.20126145202725695
520,42048.0,0.20300755756564084
521,42105.0,0.20220977506218327
522,42165.0,0.20194881857524452
523,42225.0,0.2003032934359055
524,42285.0,0.19890058385121015
525,42345.0,0.19767969668389743
526,42405.0,0.19660461363304596
527,42465.0,0.1952252971729986
528,42525.0,0.1956746806066129
529,42585.0,0.1981064685269587
530,42645.0,0.20000880997870898
531,42705.0,0.2015207704910306
532,42765.0,0.20293903438228914
533,42825.0,0.2002324855697936
534,42885.0,0.19744104072579774
535,42945.0,0.19550493177042969
536,43005.0,0.19363060706391497
537,43065.0,0.19206859158840142
538,43125.0,0.1907371931467576
539,43185.0,0.19145792759873873
540,43245.0,0.19225995193552384
541,43305.0,0.19157845009446126
542,43365.0,0.19334525701464264
543,43425.0,0.19528010935881737
544,43485.0,0.19734678881099524
545,43545.0,0.19680617671949338
546,43605.0,0.19470159777123167
547,43665.0,0.1916560473474668
548,43725.0,0.18997933572074646
549,43785.0,0.18861965607789036
550,43845.0,0.18734823268544895
551,43905.0,0.18592498308164776
552,43965.0,0.18656264355919625
553,44025.0,0.18906103103339508
554,44085.0,0.1914331053655063
555,44145.0,0.1939163374448847
556,44205.0,0.19370844404347945
557,44265.0,0.19294952730213613
558,44325.0,0.1922497589843091
559,44385.0,0.1900348633946439
560,44445.0,0.1885796733964704
561,44505.0,0.18916262823828003
562,44565.0,0.19009430054027285
563,44625.0,0.1900424288337819
564,44685.0,0.18983033333800806
565,44745.0,0.18987104276970349
566,44805.0,0.18988859375116493
567,44865.0,0.18990489589842527
568,44925.0,0.18947616779924806
569,44985.0,0.18899744365093243
570,45045.0,0.18903355788156276
571,45105.0,0.18705774796127275
572,45165.0,0.18563834144535643
573,45225.0,0.18659417020750604
574,45285.0,0.18714755399494967
575,45345.0,0.18714103282585073
576,45405.0,0.18886377102382004
577,45465.0,0.19086471411500336
578,45525.0,0.19337037126549586
579,45585.0,0.1927858302862173
580,45645.0,0.19223786124690176
581,45705.0,0.18978312577289722
582,45765.0,0.18776167241414046
583,45825.0,0.18573213719750384
584,45885.0,0.18609401701056075
585,45945.0,0.1880708218966504
586,46005.0,0.1897431899964083
587,46065.0,0.18910023272497392
588,46125.0,0.18832165211386606
589,46185.0,0.1876046757806857
590,46245.0,0.18699615600349714
591,46305.0,0.18461143355321455
592,46365.0,0.18259664751676982
593,46425.0,0.1808627659523069
594,46485.0,0.18136163510239725
595,46545.0,0.18141933133065133
596,46605.0,0.18313169556913686
597,46665.0,0.18513357187620075
598,46725.0,0.18738111796550003
599,46785.0,0.1867896245102513
600,46845.0,0.18619214009053933
601,46905.0,0.18595175960260427
602,46965.0,0.18625171543361804
603,47025.0,0.1865929983081083
604,47085.0,0.18869425224966704
605,47145.0,0.1902503714225435
606,47208.0,0.19030789847713245
607,47265.0,0.18759010719585104
608,47325.0,0.18490175153124253
609,47385.0,0.18236767093733183
610,47445.0,0.18028259640789282
611,47505.0,0.1786451843971271
612,47565.0,0.17730083252716453
613,47625.0,0.17797425672100634
614,47685.0,0.18100035585027027
615,47745.0,0.18388389847582018
616,47805.0,0.18644362446064414
617,47865.0,0.18890637370471122
618,47925.0,0.19053003653997405
619,47985.0,0.19244589743820836
620,48045.0,0.18917344318246335
621,48105.0,0.186624277581575
622,48165.0,0.18475311278930426
623,48225.0,0.1833469623798857
624,48285.0,0.18202323092039788
625,48345.0,0.18234021709603085
626,48405.0,0.18541148044454583
627,48465.0,0.18761279380601445
628,48525.0,0.18952146301557019
629,48585.0,0.18901867946120507
630,48645.0,0.1884230004238878
631,48705.0,0.18607422980300167
632,48765.0,0.18378864966552258
633,48825.0,0.1820637045287419
634,48885.0,0.1804085702330356
635,48945.0,0.18020666174017816
636,49005.0,0.18225627251428259
637,49065.0,0.18417811922869867
638,49125.0,0.18587220163801163
639,49185.0,0.18757826103061417
640,49245.0,0.19045283467971055
641,49305.0,0.189875858953283
642,49365.0,0.18716091846362962
643,49425.0,0.1852846677787944
644,49485.0,0.18400165720957526
645,49545.0,0.18404515926051287
646,49605.0,0.1842831596789404
647,49665.0,0.1839942543136495
648,49725.0,0.18584804329300394
649,49785.0,0.1881771808120181
650,49845.0,0.18822022873655733
651,49905.0,0.18824354636234944
652,49965.0,0.18790844049858538
653,50025.0,0.18711968329666237
654,50085.0,0.1870654150225636
655,50145.0,0.18415954427418532
656,50205.0,0.18468883244278908
657,50265.0,0.1851683468578497
658,50325.0,0.18517492333715005
659,50385.0,0.18488675918623323
660,50445.0,0.18675957981819966
661,50505.0,0.1886646165583852
662,50565.0,0.19069087335771898
663,50625.0,0.19311535361150825
664,50685.0,0.1924272607675477
665,50745.0,0.1916908602719212
666,50805.0,0.1893136232861601
667,50865.0,0.18740276328940472
668,50925.0,0.18595373800617368
669,50985.0,0.1870847453975323
670,51045.0,0.18909944128049652
671,51105.0,0.19100718307750733
672,51165.0,0.19294238386215182
673,51225.0,0.1949936317278901
674,51285.0,0.19685279475177866
675,51345.0,0.19618340813487337
676,51405.0,0.19547932270667975
677,51465.0,0.19491543741567205
678,51525.0,0.192725109989728
679,51585.0,0.19070496488386104
680,51645.0,0.18860599457476404
681,51705.0,0.1862727061181734
682,51765.0,0.1862552897420057
683,51825.0,0.18627694830956906
684,51885.0,0.186312570531549
685,51948.0,0.1865630241410082
686,52005.0,0.1862759640807339
687,52065.0,0.18617927316007768
688,52125.0,0.18439945594189514
689,52185.0,0.1828106095205914
690,52245.0,0.18145771049790002
691,52305.0,0.1800384045167671
692,52365.0,0.18066054966330616
693,52425.0,0.181330003645392
694,52485.0,0.18201053084471527
695,52545.0,0.18266246021547675
696,52605.0,0.18299977334980846
697,52665.0,0.18271771650556104
698,52725.0,0.18249972905275333
699,52785.0,0.18237506530639572
700,52845.0,0.18059509628500023
701,52905.0,0.17879223613630116
702,52965.0,0.17688758431674637
703,53025.0,0.17702688115907486
704,53085.0,0.17715621085466185
705,53145.0,0.17718852421136047
706,53205.0,0.17715758035654575
707,53265.0,0.17728902881983558
708,53325.0,0.17753994719196844
709,53385.0,0.1758807272187183
710,53445.0,0.17479542177431065
711,53505.0,0.1737756786744646
712,53565.0,0.1725850879610448
713,53625.0,0.17335673051990122
714,53685.0,0.17417229494320494
715,53745.0,0.17500769275089859
716,53805.0,0.17585131102349003
717,53865.0,0.1762730046653838
718,53925.0,0.17643866555632517
719,53985.0,0.17468469434504905
720,54045.0,0.17261439633808975
721,54105.0,0.17157000772610045
722,54165.0,0.1706479907834201
723,54225.0,0.16955521570401513
724,54285.0,0.16807670757826434
725,54345.0,0.1688102573852426
726,54405.0,0.16954221011093132
727,54465.0,0.17024181105883882
728,54525.0,0.17059810594282945
729,54585.0,0.17068676476694447
730,54645.0,0.17061370601231
731,54705.0,0.17059780174804504
732,54765.0,0.16834965594933846
733,54825.0,0.16633651234951194
734,54885.0,0.16457392198278567
735,54945.0,0.16274165910152769
736,55005.0,0.16343235180690288
737,55065.0,0.16421782938912696
738,55125.0,0.16502410717722074
739,55185.0,0.1652990463747359
740,55245.0,0.16551590389364815
741,55305.0,0.163863513166946
742,55365.0,0.16172760522966836
743,55425.0,0.1604779343784771
744,55485.0,0.15923841622227838
745,55545.0,0.16004456567742661
746,55605.0,0.16085677732231154
747,55665.0,0.1617095559564843
748,55725.0,0.16253919664401215
749,55785.0,0.16302170123070095
750,55845.0,0.16308902408233453
751,55905.0,0.16318182501116393
752,55968.0,0.16550434206180123
753,56025.0,0.16622212521377525
754,56085.0,0.16620287021203664
755,56145.0,0.16455311970601752
756,56205.0,0.16289631289068948
757,56265.0,0.16089466000504418
758,56325.0,0.15817641699038934
759,56385.0,0.15877936561034214
760,56445.0,0.1595198805792106
761,56508.0,0.1597896871236463
762,56565.0,0.15972002525749543
763,56625.0,0.1597778405141763
764,56685.0,0.15714293291589096
765,56745.0,0.1574147082504808
766,56805.0,0.15795789868420054
767,56865.0,0.16137554461054396
768,56925.0,0.1649914147570132
769,56985.0,0.16827448570649403
770,57045.0,0.17055159046856508
771,57105.0,0.17205580655113953
772,57165.0,0.1733811163600669
773,57225.0,0.1727669707330984
774,57285.0,0.16989233697772324
775,57345.0,0.16728803274924006
776,57405.0,0.16523805678252676
777,57465.0,0.16356017205126785
778,57525.0,0.16507552023132885
779,57585.0,0.16815691966145488
780,57645.0,0.1717868197000975
781,57705.0,0.17470751052574565
782,57765.0,0.17630115536008176
783,57825.0,0.17788386036930612
784,57885.0,0.17782312584270873
785,57945.0,0.17827917166772458
786,58008.0,0.17813050320655358
787,58065.0,0.18002072470487504
788,58125.0,0.18007108188879797
789,58185.0,0.1801060001058982
790,58245.0,0.17984268885036178
791,58305.0,0.17935636066758878
792,58365.0,0.1794442977491271
793,58425.0,0.181427743942653
794,58485.0,0.18209308285084433
795,58545.0,0.18155345845630136
796,58605.0,0.18179613449688634
797,58665.0,0.18189967496210355
798,58725.0,0.18204777792455393
799,58785.0,0.18207564472207274
800,58845.0,0.1847183320978947
801,58905.0,0.18683975318954268
802,58965.0,0.1887077205496682
803,59025.0,0.1902132889498557
804,59085.0,0.18967067673928142
805,59145.0,0.18702122927414946
806,59205.0,0.1839428340039271
807,59265.0,0.1820768352361676
808,59325.0,0.1805907218783315
809,59385.0,0.18278753575236453
810,59445.0,0.1860320836643645
811,59505.0,0.18907784561267918
812,59565.0,0.19174506984312925
813,59625.0,0.19387759619086073
814,59685.0,0.1958734424811617
815,59745.0,0.19596553191496577
816,59805.0,0.1960220968603947
817,59865.0,0.19641751920154019
818,59925.0,0.1968854263251997
819,59985.0,0.19750196021847585
820,60045.0,0.19703533289520556
821,60105.0,0.20033815456331286
822,60165.0,0.203107483245657
823,60225.0,0.20468129538704785
824,60285.0,0.20573871277327851
825,60345.0,0.20389313376287524
826,60405.0,0.20177566879667755
827,60465.0,0.19992411455449158
828,60525.0,0.19834151446566686
829,60585.0,0.1966275101780944
830,60645.0,0.1993415590461042
831,60705.0,0.20295844579985636
832,60765.0,0.20634978070793283
833,60825.0,0.20983368889737133
834,60885.0,0.2125899464875616
835,60945.0,0.2153481905899514
836,61005.0,0.2156781857689585
837,61065.0,0.21634187145697933
838,61125.0,0.2177105770736927
839,61185.0,0.21916261011425528
840,61245.0,0.22059014188887463
841,61305.0,0.2223999698223715
842,61365.0,0.2204571520281561
843,61425.0,0.218041707394626
844,61485.0,0.21821061184719606
845,61545.0,0.21877942391978847
846,61605.0,0.2198281276821066
847,61665.0,0.22263843705611183
848,61725.0,0.22444104715436472
849,61785.0,0.22327851339450724
850,61845.0,0.22326158388558823
851,61905.0,0.22371700219096127
852,61965.0,0.22440137548121555
853,62025.0,0.22453229098968117
854,62085.0,0.22423758185205125
855,62145.0,0.22601911403864924
856,62205.0,0.22775231035814034
857,62265.0,0.2277607765788137
858,62325.0,0.22777516861937594
859,62385.0,0.22778363484004935
860,62445.0,0.22778780972879828
861,62505.0,0.22856694378405032
862,62568.0,0.23072190480580537
863,62628.0,0.2336157541127156
864,62688.0,0.23641733174322596
865,62745.0,0.23882690932033648
866,62805.0,0.24170995615271115
867,62865.0,0.24296338438775364
868,62925.0,0.24227250755664073
869,62985.0,0.24154718606813372
870,63045.0,0.2408147840511943
871,63105.0,0.24037545712787903
872,63165.0,0.24039301291483875
873,63225.0,0.24253004993550129
874,63285.0,0.24496724170484366
875,63345.0,0.2473125817812913
876,63405.0,0.2496101015115786
877,63465.0,0.25188404772346795
878,63525.0,0.254195227076635
879,63585.0,0.25650335455831885
880,63645.0,0.25859687473385917
881,63705.0,0.26056893045728613
882,63765.0,0.2619870485173792
883,63825.0,0.26318594144046226
884,63885.0,0.26265913867194135
885,63945.0,0.2620225953662447
886,64005.0,0.2612819440184151
887,64065.0,0.26049821078543056
888,64125.0,0.25972742943510396
889,64185.0,0.2593250670936039
890,64245.0,0.25930549921493273
891,64305.0,0.2621245439398464
892,64365.0,0.26435942095003706
893,64425.0,0.26759506317035364
894,64485.0,0.2709950158610622
895,64545.0,0.27375620261249534
896,64605.0,0.2765419446770069
897,64665.0,0.2794429465238434
898,64725.0,0.2824771993974664
899,64785.0,0.285145165844111
900,64845.0,0.2880576876173082
901,64905.0,0.29155157566340806
902,64965.0,0.29488029901752255
903,65025.0,0.29756648622257276
904,65085.0,0.2993241825820324
905,65145.0,0.2985751692379671
906,65205.0,0.2978258001361107
907,65265.0,0.2975590631098506
908,65325.0,0.29912907062802485
909,65385.0,0.30209403848017913
910,65445.0,0.30534850716916273
911,65505.0,0.30793054087556737
912,65565.0,0.31069753962680735
913,65625.0,0.31385088342909495
914,65685.0,0.3167994468530334
915,65745.0,0.3192823996159102
916,65805.0,0.32270226751815734
917,65865.0,0.3260404869229091
918,65925.0,0.3296563495261883
919,65985.0,0.3323923902234277
920,66045.0,0.33159856941512544
921,66105.0,0.3307266671717609
922,66165.0,0.3301847780715276
923,66225.0,0.32981276500417855
924,66285.0,0.3319784841801251
925,66345.0,0.3344910058853793
926,66405.0,0.33651339543053516
927,66465.0,0.3384790753728363
928,66525.0,0.3404052340308904
929,66585.0,0.3431709310212744
930,66648.0,0.3457752677077547
931,66705.0,0.3484440075665375
932,66765.0,0.3489177110435795
933,66825.0,0.3485871140382878
934,66885.0,0.3494662315222883
935,66945.0,0.3520423005311365
936,67005.0,0.35325197892311144
937,67065.0,0.35427997340545725
938,67125.0,0.3555804422879226
939,67185.0,0.35503656812103557
940,67245.0,0.3543828957385078
941,67305.0,0.3539382060328574
942,67365.0,0.353447293633135
943,67425.0,0.35278428944333085
944,67485.0,0.35272242888298044
945,67545.0,0.35174984108014373
946,67605.0,0.35196608228605397
947,67665.0,0.35232998408938854
948,67725.0,0.35245655164125045
949,67785.0,0.35337038259189524
950,67845.0,0.3548260500282472
951,67905.0,0.3564133035639667
952,67965.0,0.35861562476022557
953,68025.0,0.3627668271548653
954,68085.0,0.36697584243481096
955,68145.0,0.37094770194791304
956,68205.0,0.37392296495856936
957,68265.0,0.3756466969935859
958,68325.0,0.37388524466729955
959,68385.0,0.37214535004827576
960,68445.0,0.36860267824973714
961,68505.0,0.3655341189015068
962,68565.0,0.36334232554464685
963,68625.0,0.36117507371916824
964,68685.0,0.3587089194638219
965,68745.0,0.3561571726574756
966,68805.0,0.3547338200048703
967,68865.0,0.35504499347153307
968,68925.0,0.359033902413075
969,68985.0,0.3620834230305543
970,69045.0,0.36583294694282553
971,69105.0,0.3691058753877988
972,69165.0,0.3714415187510115
973,69225.0,0.37201015580729935
974,69285.0,0.37179711030780027
975,69345.0,0.37273957734153307
976,69405.0,0.373060317923421
977,69465.0,0.3744014288852061
978,69525.0,0.3759499771907834
979,69585.0,0.3777197659869721
980,69645.0,0.37863801599053815
981,69705.0,0.3792123370887558
982,69765.0,0.37740721525456344
983,69825.0,0.37554143847581634
984,69885.0,0.37571219073281015
985,69945.0,0.3763310489548354
986,70005.0,0.3798084910629116
987,70065.0,0.3836623737974826
988,70125.0,0.38615352597796404
989,70185.0,0.3877131748369559
990,70245.0,0.38784934585421604
991,70305.0,0.3879806651693761
992,70365.0,0.3880544934276947
993,70425.0,0.3889197168730072
994,70485.0,0.3900088806210805
995,70545.0,0.39129649174077163
996,70605.0,0.39339481310579527
997,70665.0,0.3905172206161245
998,70725.0,0.3878794063008162
999,70785.0,0.3853438703759703
1000,70845.0,0.3852840946140921
1001,70905.0,0.38569287188686885
1002,70965.0,0.38606367597634195
1003,71025.0,0.38688681143836734
1004,71085.0,0.3878588899243812
1005,71145.0,0.39105125529571916
1006,71205.0,0.3939135850559562
1007,71265.0,0.39698940351229195
1008,71325.0,0.39980029812247075
1009,71385.0,0.4026169850842404
1010,71445.0,0.4026578420760435
1011,71505.0,0.4015223925502789
1012,71565.0,0.39974359062222675
1013,71625.0,0.39631823662679666
1014,71685.0,0.3929975729005223
1015,71745.0,0.38945721734094507
1016,71805.0,0.38623261196538383
1017,71865.0,0.38394780819266916
1018,71925.0,0.3833497039319588
1019,71985.0,0.384416237613323
1020,72045.0,0.38464612860695235
1021,72105.0,0.38437553873661423
1022,72165.0,0.38769057910612215
1023,72225.0,0.39104822461275934
1024,72285.0,0.39422490896331075
1025,72345.0,0.39719684076393424
1026,72405.0,0.39975419807974033
1027,72465.0,0.39999962869186045
1028,72525.0,0.40090939569027606
1029,72585.0,0.4020228976372672
1030,72645.0,0.3994414358334154
1031,72705.0,0.39705976969622103
1032,72765.0,0.3946359207315213
1033,72825.0,0.39300565143481403
1034,72885.0,0.393853939445974
1035,72945.0,0.39475349287411976
1036,73005.0,0.3963333843731963
1037,73065.0,0.3993917913406163
1038,73125.0,0.402247181599234
1039,73185.0,0.4058211334431401
1040,73245.0,0.40931331580854924
1041,73305.0,0.41192571074264583
1042,73365.0,0.4131220294476078
1043,73425.0,0.4135772770567021
1044,73485.0,0.4142631785748323
1045,73545.0,0.41483150230075305
1046,73605.0,0.4149599046555449
1047,73665.0,0.4163529683278536
1048,73725.0,0.41982742730132483
1049,73785.0,0.4224274956503188
1050,73845.0,0.42244856665617825
1051,73905.0,0.42216164724744865
1052,73965.0,0.421914904245945
1053,74025.0,0.4212738868203665
1054,74085.0,0.42232633350628024
1055,74145.0,0.4229011781911193
1056,74205.0,0.42345303446135085
1057,74265.0,0.4243444030618154
1058,74325.0,0.42490596879769005
1059,74385.0,0.4254662327573673
1060,74445.0,0.42625036988769105
1061,74505.0,0.4273473303985952
1062,74565.0,0.42915986160884867
1063,74625.0,0.43119087007675994
1064,74685.0,0.43485830382959356
1065,74745.0,0.4376561571381873
1066,74805.0,0.43764448924423216
1067,74865.0,0.43760934454892675
1068,74925.0,0.43781895244940794
1069,74985.0,0.4380654517058147
1070,75045.0,0.4405844476450752
1071,75105.0,0.4413700824777568
1072,75165.0,0.44171281060997825
1073,75225.0,0.44374055069641305
1074,75285.0,0.4431805715753042
1075,75345.0,0.4432499463758125
1076,75405.0,0.4428971590667711
1077,75465.0,0.4425462623545581
1078,75525.0,0.44218836813224116
1079,75585.0,0.44184206533943515
1080,75645.0,0.4407840470108281
1081,75705.0,0.4364545758730153
1082,75765.0,0.4322982706014804
1083,75825.0,0.4287818332011738
1084,75885.0,0.4265072477128272
1085,75945.0,0.42719303895650296
1086,76005.0,0.43052476441891263
1087,76065.0,0.4328642063180206
1088,76125.0,0.43435412586905664
1089,76185.0,0.43351249834961514
1090,76245.0,0.43174062509667177
1091,76305.0,0.43078618574850613
1092,76365.0,0.42991710271742967
1093,76425.0,0.4282483421013533
1094,76485.0,0.4267154692549108
1095,76545.0,0.4236676858753746
1096,76605.0,0.419587023577784
1097,76665.0,0.4155046908868544
1098,76728.0,0.411105978156303
1099,76788.0,0.4078665478109075
1100,76845.0,0.40869406545177267
1101,76905.0,0.4126544478607509
1102,76965.0,0.4159507789955065
1103,77025.0,0.4185945360148372
1104,77085.0,0.41855850650331916
1105,77145.0,0.41804059490340906
1106,77205.0,0.4184238705148373
1107,77265.0,0.41899702698356756
1108,77325.0,0.41973707177556674
1109,77385.0,0.41972737951436223
1110,77445.0,0.4198595231532408
1111,77505.0,0.4199777608105023
1112,77565.0,0.42011019231015523
1113,77625.0,0.4202737312252105
1114,77685.0,0.42040660439149746
1115,77745.0,0.42089828780305016
1116,77805.0,0.4226928758685612
1117,77865.0,0.4249013450858228
1118,77925.0,0.4269981602805022
1119,77985.0,0.43094236760146587
1120,78045.0,0.4352965203810327
1121,78105.0,0.4391697816585757
1122,78165.0,0.4391884468689443
1123,78225.0,0.43920048225454456
1124,78285.0,0.4388045088976137
1125,78345.0,0.4373423039357628
1126,78405.0,0.43731336768908335
1127,78465.0,0.4372535509026034
1128,78525.0,0.4368613530756734
1129,78585.0,0.4356303801305389
1130,78645.0,0.43542895419076333
1131,78705.0,0.4355795345072968
1132,78768.0,0.43466411854230647
1133,78825.0,0.4338132034354939
1134,78885.0,0.4331560595801408
1135,78945.0,0.43286611121256746
1136,79005.0,0.43305032387771725
1137,79065.0,0.4338829601758868
1138,79125.0,0.43402307962149334
1139,79188.0,0.4326797565766043
1140,79245.0,0.43257978894602056
1141,79305.0,0.4329368804565724
1142,79365.0,0.43522962460171344
1143,79425.0,0.43873347550101194
1144,79485.0,0.44194895372545906
1145,79545.0,0.4446117746161281
1146,79605.0,0.4474823170118142
1147,79665.0,0.4488002627270372
1148,79725.0,0.4479925342752692
1149,79785.0,0.4485191469886566
1150,79845.0,0.4482832355728986
1151,79905.0,0.44835192119080924
1152,79965.0,0.44881777112331
1153,80025.0,0.4455858357628266
1154,80085.0,0.44206965984772284
1155,80145.0,0.43925526576534735
1156,80205.0,0.4382405566246653
1157,80265.0,0.4374820179310305
1158,80325.0,0.4367284899739444
1159,80385.0,0.4350738013570007
1160,80445.0,0.43469373873983186
1161,80505.0,0.435409203913075
1162,80565.0,0.4388290180935114
1163,80625.0,0.4419039469770677
1164,80685.0,0.4450210244993785
1165,80745.0,0.4479639483961554
1166,80805.0,0.448099250165518
1167,80865.0,0.4475497989836411
1168,80925.0,0.44810471940890606
1169,80985.0,0.44726851831197856
1170,81045.0,0.4466513997790045
1171,81105.0,0.44354402034443663
1172,81165.0,0.4405746107135603
1173,81225.0,0.4369649382229609
1174,81285.0,0.4332142350551932
1175,81345.0,0.4297219349538074
1176,81405.0,0.427082510901155
1177,81465.0,0.43072744598098645
1178,81525.0,0.4341586525973111
1179,81585.0,0.4373722556032972
1180,81645.0,0.43796474689843146
1181,81705.0,0.4375708461692923
1182,81765.0,0.438368237865975
1183,81825.0,0.4391245025141449
1184,81885.0,0.4400289755877008
1185,81945.0,0.44078241906598137
1186,82005.0,0.44185768068054476
1187,82065.0,0.44166168256195104
1188,82125.0,0.4385469701964573
1189,82185.0,0.4350798642945004
1190,82245.0,0.43266027413912955
1191,82305.0,0.4320854590615052
1192,82365.0,0.43322124259179906
1193,82425.0,0.4369726957284702
1194,82485.0,0.44008278257864375
1195,82545.0,0.44388787781415695
1196,82605.0,0.44764633331801884
1197,82665.0,0.4503429319034643
1198,82725.0,0.45196820576459784
1199,82785.0,0.4518527394533627
1200,82845.0,0.4522984145422151
1201,82905.0,0.45269647760855725
1202,82965.0,0.45259436000515374
1203,83025.0,0.4492329679959134
1204,83088.0,0.4460755970153959
1205,83145.0,0.4430265144921719
1206,83205.0,0.44228279525650216
1207,83265.0,0.4432638771292018
1208,83325.0,0.443061175802547
1209,83385.0,0.44310194737405595
1210,83445.0,0.4463061318419058
1211,83505.0,0.4496199740431649
1212,83565.0,0.45292884305685877
1213,83625.0,0.45570220391793315
1214,83685.0,0.4562816844925356
1215,83745.0,0.45700435487510094
1216,83805.0,0.45726362668135
1217,83865.0,0.45789103986897306
1218,83925.0,0.45885256626279847
1219,83985.0,0.45921668815548167
1220,84045.0,0.4585272184237198
1221,84105.0,0.45516790807512864
1222,84165.0,0.4518067295477145
1223,84225.0,0.44841208703876856
1224,84285.0,0.4454230689358314
1225,84345.0,0.444560659455709
1226,84405.0,0.4446136169270657
1227,84465.0,0.4443047867195592
1228,84525.0,0.44344760896548785
1229,84585.0,0.4434522058845599
1230,84645.0,0.44584673129278807
1231,84705.0,0.4481949854001538
1232,84765.0,0.45014890138763963
1233,84825.0,0.45059014168239864
1234,84885.0,0.4483656044965213
1235,84945.0,0.4465635554184456
1236,85005.0,0.44473801347135955
1237,85065.0,0.44257156809807663
1238,85125.0,0.44088797619868847
1239,85185.0,0.43760739558589645
1240,85245.0,0.4342652302306381
1241,85305.0,0.43069914128346887
1242,85365.0,0.42688686312530233
1243,85425.0,0.4236234515016343
1244,85485.0,0.42215518391181883
1245,85545.0,0.42345620292460684
1246,85605.0,0.4268023650440719
1247,85665.0,0.43028589300220543
1248,85725.0,0.4336756916512171
1249,85785.0,0.43644476766365736
1250,85845.0,0.4364807842219799
1251,85905.0,0.4351525166420208
1252,85965.0,0.43505277266789066
1253,86028.0,0.43244906432402697
1254,86085.0,0.4323552948829744
1255,86145.0,0.43237226601616097
1256,86208.0,0.43288865995957626
1257,86265.0,0.4333228265065011
1258,86325.0,0.4335831000654172
1259,86385.0,0.43370609987721076
1260,86445.0,0.4339294202602558
1261,86505.0,0.43661551910422036
1262,86565.0,0.43658886519985274
1263,86625.0,0.436761470855637
1264,86685.0,0.4369903545622753
1265,86745.0,0.4391907328115069
1266,86805.0,0.43991838026651
1267,86865.0,0.44077704312437793
1268,86925.0,0.4399619690774986
1269,86985.0,0.4399931290272544
1270,87045.0,0.4414133428852228
1271,87105.0,0.442739991649714
1272,87165.0,0.44351610880322323
1273,87225.0,0.4448080487097297
1274,87285.0,0.44626259222458653
1275,87345.0,0.4496939778023775
1276,87405.0,0.45319804370999306
1277,87465.0,0.45712563523503613
1278,87525.0,0.45989592258369627
1279,87585.0,0.4612632169346672
1280,87645.0,0.46041020235072405
1281,87705.0,0.45646269393751926
1282,87765.0,0.45303574819145476
1283,87825.0,0.4504275977410058
1284,87885.0,0.450250871630954
1285,87945.0,0.4515662182111563
1286,88005.0,0.45145369911379607
1287,88065.0,0.45148333135109053
1288,88125.0,0.45142341481042403
1289,88185.0,0.45125489393565077
1290,88245.0,0.4511920658731535
1291,88305.0,0.4508401490340551
1292,88365.0,0.4505918404572532
1293,88425.0,0.45045729768627973
1294,88485.0,0.45021941052110426
1295,88545.0,0.44982230555448877
1296,88605.0,0.44973358446236567
1297,88665.0,0.44888548816730844
1298,88725.0,0.4455352292650865
1299,88785.0,0.4429809222155573
1300,88845.0,0.44031464066724946
1301,88905.0,0.43824509795379774
1302,88965.0,0.4403469696477952
1303,89025.0,0.4427522282185976
1304,89085.0,0.4447934155038912
1305,89145.0,0.4462300263682515
1306,89205.0,0.4477078532892599
1307,89265.0,0.44815276318049924
1308,89325.0,0.4486594578296468
1309,89385.0,0.44946701404607203
1310,89445.0,0.4481604039917285
1311,89505.0,0.4468695461942912
1312,89565.0,0.4440830646080868
1313,89625.0,0.44112801421932735
1314,89685.0,0.43796349109212174
1315,89745.0,0.43479076759084456
1316,89805.0,0.43173965210553955
1317,89865.0,0.4289618704468129
1318,89925.0,0.4270631133965642
1319,89985.0,0.42769441765029714
1320,90045.0,0.4283410471987168
1321,90105.0,0.42814997637172025
1322,91171.0,0.42630636233656294
1323,91174.0,0.42327292884514034
1324,91177.0,0.4205459726134114
1325,91180.0,0.41841573224429995
1326,91183.0,0.41547390532443174
1327,91186.0,0.4124389483812245
1328,91189.0,0.4097259645590957
1329,91192.0,0.40664269966921796
1330,91196.0,0.4036528730300891
1331,91199.0,0.40084990755057726
1332,91202.0,0.39774903663184047
1333,91205.0,0.39825933574068284
1334,91208.0,0.39881359966556806
1335,91211.0,0.3988677315780974
1336,91214.0,0.3973098505031559
1337,91217.0,0.3947240346802269
1338,91245.0,0.391967672980301
1339,91308.0,0.3899204507616386
1340,91365.0,0.3874030993228418
1341,91425.0,0.38677862278070896
1342,91485.0,0.38687653526524335
1343,91545.0,0.38667997324207704
1344,91605.0,0.3839789942627386
1345,91665.0,0.38102350585109723
1346,91725.0,0.37803514762341317
1347,91785.0,0.37499667995337493
1348,91845.0,0.37177518460635584
1349,91905.0,0.3704736205724456
1350,91968.0,0.36975817080219764
1351,92085.0,0.36965041638555574
1352,92145.0,0.36980754522729087
1353,92205.0,0.3704046300232954
1354,92265.0,0.37107149222583147
1355,92325.0,0.37305978084029123
1356,92385.0,0.372988659996507
1357,92445.0,0.3711790103512017
1358,92505.0,0.36813168714508515
1359,92565.0,0.36499717089402395
1360,92625.0,0.36184791111040393
1361,92685.0,0.3589457470441927
1362,92745.0,0.355505731553987
1363,92805.0,0.35256280207525303
1364,92985.0,0.34898752738044414
1365,93045.0,0.34504278361920426
1366,93105.0,0.34110696133766183
1367,93165.0,0.3382283652638566
1368,93225.0,0.33821710118578274
1369,93285.0,0.33868544054399286
1370,93345.0,0.3389870331350061
1371,93405.0,0.33768223369757033
1372,93465.0,0.33549614020012763
1373,93525.0,0.3322442940595588
1374,93585.0,0.329658321211732
1375,93645.0,0.3282517556750818
1376,93705.0,0.32634015875299005
1377,93765.0,0.32438776203294817
1378,93825.0,0.32170976013096875
1379,93885.0,0.31930001113256534
1380,93945.0,0.31590566653585794
1381,94005.0,0.312498234579902
1382,94065.0,0.309581295747295
1383,94125.0,0.3100132794975604
1384,94185.0,0.310304334371179
1385,94245.0,0.30990342128568926
1386,94305.0,0.30712122490215976
1387,94365.0,0.302539521770288
1388,94425.0,0.29945098997537956
1389,94485.0,0.2961982176016533
1390,94545.0,0.2935156962099269
1391,94605.0,0.29288377383138275
1392,94665.0,0.2930997685737682
1393,94725.0,0.2931666616986204
1394,94785.0,0.292800969558939
1395,94845.0,0.29218925147805574
1396,94905.0,0.29127326449663715
1397,94965.0,0.2902472729007495
1398,95025.0,0.28924517873357447
1399,95085.0,0.2882611326998997
1400,95145.0,0.2884915184658138
1401,95205.0,0.29138867011474623
1402,95265.0,0.29443650352994144
1403,95325.0,0.29679934086139026
1404,95385.0,0.29854185420582025
1405,95445.0,0.29802016562955935
1406,95505.0,0.2964977043657394
1407,95565.0,0.29593869717992827
1408,95625.0,0.2932711506495166
1409,95685.0,0.29060225641602244
1410,95745.0,0.2886569962512817
1411,95805.0,0.2883350804305129
1412,95865.0,0.28894179167924805
1413,95925.0,0.2895961665338783
1414,95985.0,0.29074904736644347
1415,96045.0,0.2919364277337244
1416,96105.0,0.2929266148747244
1417,96165.0,0.29405733077762686
1418,96225.0,0.295194376625871
1419,96285.0,0.2980720753545121
1420,96345.0,0.30112675979379877
1421,96405.0,0.3040475389070514
1422,96465.0,0.30720228913357006
1423,96525.0,0.309838969536565
1424,96585.0,0.31012193630343043
1425,96645.0,0.308441299874497
1426,96705.0,0.3073931782781498
1427,96765.0,0.3061163842589324
1428,96825.0,0.3046755793037207
1429,96885.0,0.30345372012500493
1430,96945.0,0.3022070768808175
1431,97005.0,0.3012324525429879
1432,97065.0,0.3000838212906525
1433,97125.0,0.2986992128961594
1434,97185.0,0.29725974700697444
1435,97245.0,0.29583866345743426
1436,97305.0,0.2943955484045988
1437,97365.0,0.2929296728515979
1438,97425.0,0.29150192910054773
1439,97485.0,0.29041527002074796
1440,97545.0,0.289765323020284
1441,97605.0,0.289518635833271
1442,97665.0,0.2920065736097235
1443,97725.0,0.29433066269424557
1444,97785.0,0.2962916709491591
1445,97845.0,0.2958920871569314
1446,97905.0,0.29438321474351015
1447,97965.0,0.2932873421584553
1448,98025.0,0.29299536207847365
1449,98085.0,0.2929065130746149
1450,98145.0,0.2921081356716406
1451,98205.0,0.2912999205149134
1452,98265.0,0.2906033507376208
1453,98325.0,0.28731983333005595
1454,98385.0,0.2838345078035459
1455,98445.0,0.2803065400142756
1456,98505.0,0.2773316082339672
1457,98565.0,0.27560122859897673
1458,98628.0,0.275744000708832
1459,98685.0,0.27708846971035406
1460,98745.0,0.27997792990916937
1461,98805.0,0.2828026288924812
1462,98865.0,0.2851588392803158
1463,98925.0,0.28717470964070135
1464,98985.0,0.287084099501423
1465,99045.0,0.285779166968156
1466,99105.0,0.29091212329197425
1467,99165.0,0.28961756666730654
1468,99225.0,0.28622673170692337
1469,99285.0,0.2828490657867895
1470,99345.0,0.2793693318562056
1471,99405.0,0.2766033867438167
1472,99465.0,0.273873450808531
1473,99525.0,0.27279782557080967
1474,99585.0,0.27170170204094746
1475,99645.0,0.2703827273371442
1476,99705.0,0.2686287741618293
1477,99765.0,0.26756800464278907
1478,99825.0,0.2690475570201091
1479,99885.0,0.2697169962195852
1480,99945.0,0.2703174702588579
1481,100005.0,0.26850521817144646
1482,100065.0,0.26634799395672204
1483,100125.0,0.2641392468624628
1484,100185.0,0.26245841831934447
1485,100245.0,0.2609679914119859
1486,100305.0,0.2590825761501224
1487,100365.0,0.2571480249308863
1488,100425.0,0.2553096617024355
1489,100485.0,0.2533122786920343
1490,100545.0,0.25297415916561805
1491,100605.0,0.25270849500843173
1492,100665.0,0.2543907607065601
1493,100725.0,0.2564276196103884
1494,100785.0,0.25605675720608434
1495,100845.0,0.25554128265844533
1496,100905.0,0.2550354652606184
1497,100965.0,0.2549819530976425
1498,101025.0,0.2548496434653704
1499,101085.0,0.25650711588081476
1500,101145.0,0.25802624410009034
1501,101205.0,0.25957080976632274
1502,101265.0,0.2608838342882954
1503,101325.0,0.26238369930518035
1504,101385.0,0.2640980221838821
1505,101445.0,0.2636486360271195
1506,101505.0,0.2631322836803781
1507,101565.0,0.2625860522031763
1508,101625.0,0.2624456692108629
1509,101685.0,0.26248673510654474
1510,101745.0,0.26420073110305453
1511,101805.0,0.26597027503314363
1512,101865.0,0.26726093956955377
1513,101925.0,0.26859017357319925
1514,101985.0,0.27009154044355077
1515,102045.0,0.27183113822049443
1516,102105.0,0.2713366669246918
1517,102165.0,0.2707884476050407
1518,102225.0,0.2701833160931205
1519,102285.0,0.2699740917289093
1520,102345.0,0.2698493746919657
1521,102405.0,0.2693651268308428
1522,102465.0,0.26806757618869226
1523,102528.0,0.2670285560699108
1524,102585.0,0.2681789667282847
1525,102645.0,0.26948234462677534
1526,102705.0,0.2709220218371723
1527,102765.0,0.2725550175964362
1528,102825.0,0.2721152543308477
1529,102885.0,0.2704457893207104
1530,102945.0,0.26836769124411153
1531,103005.0,0.2687719657675718
1532,103065.0,0.26914279039742195
1533,103125.0,0.27102185430802317
1534,103185.0,0.2730148672650311
1535,103245.0,0.27245783474842356
1536,103305.0,0.2722088616639805
1537,103365.0,0.27269802670588483
1538,103425.0,0.2751559904299512
1539,103485.0,0.27455618072846333
1540,103545.0,0.2740260490044284
1541,103605.0,0.2737970372196641
1542,103665.0,0.27389120364106767
1543,103725.0,0.2738398565192066
1544,103785.0,0.2760115464932672
1545,103845.0,0.2778124381238847
1546,103905.0,0.2796221714857433
1547,103965.0,0.28165416571569457
1548,104025.0,0.2840891363488801
1549,104085.0,0.2836440718840797
1550,104148.0,0.28295031118522684
1551,104205.0,0.28258118189313275
1552,104265.0,0.2826779312636861
1553,104325.0,0.2827354038948874
1554,104385.0,0.28454986482786604
1555,104448.0,0.28424067587945023
1556,104505.0,0.2842046180075213
1557,104565.0,0.28453227861545227
1558,104625.0,0.28488888918947386
1559,104685.0,0.2854807658378118
1560,104745.0,0.2849011447845323
1561,104805.0,0.2844687365392038
1562,104865.0,0.2840869751077444
1563,104925.0,0.2839853945814489
1564,104985.0,0.28403037475830584
1565,105045.0,0.2862984293677624
1566,105105.0,0.2891389844144707
1567,105165.0,0.2910827554675338
1568,105225.0,0.2930336670502539
1569,105285.0,0.2954258319269991
1570,105345.0,0.2954686957126108
1571,105405.0,0.2933550055620835
1572,105465.0,0.2901913143749312
1573,105525.0,0.2872878524556748
1574,105585.0,0.2863254465982792
1575,105645.0,0.2854277301182392
1576,105705.0,0.28469865455852683
1577,105765.0,0.2840650462420753
1578,105825.0,0.28183381330774837
1579,105885.0,0.27938784780020265
1580,105945.0,0.2769213754159813
1581,106005.0,0.2745611950295598
1582,106068.0,0.27205665169044735
1583,106125.0,0.2702275276711964
1584,106185.0,0.27052645382427665
1585,106245.0,0.27066051849887074
1586,106305.0,0.2707145136655723
1587,106365.0,0.2702085916258904
1588,106425.0,0.27233740816914076
1589,106485.0,0.27480373950852643
1590,106545.0,0.2749029791214268
1591,106605.0,0.27346863685340295
1592,106665.0,0.27106221724167034
1593,106725.0,0.2684031630900794
1594,106785.0,0.2658822433579344
1595,106845.0,0.2634459235366039
1596,106905.0,0.2633787922956724
1597,106965.0,0.26288697836856456
1598,107025.0,0.26199552254285885
1599,107085.0,0.26091228458568805
1600,107145.0,0.2596810256456392
1601,107205.0,0.2587234243691635
1602,107265.0,0.2577196508769427
1603,107325.0,0.2546031341105288
1604,107385.0,0.2520473509411947
1605,107445.0,0.24953557533499063
1606,107505.0,0.24739635462734724
1607,107565.0,0.24578943051011085
1608,107625.0,0.24544613505792542
1609,107685.0,0.24534104954972333
1610,107745.0,0.24520750872523148
1611,107805.0,0.24481024404691273
1612,107865.0,0.2443867872149378
1613,107925.0,0.24434284466904035
1614,107985.0,0.24225766411102453
1615,108045.0,0.24004690292681022
1616,108105.0,0.23774704710859276
1617,108168.0,0.2354151041038853
1618,108225.0,0.23305240671447122
1619,108285.0,0.2306277262073839
1620,108345.0,0.22820642885644796
1621,108405.0,0.2257239019723101
1622,108465.0,0.22324118601086687
1623,108525.0,0.22075082731447707
1624,108585.0,0.21829029267393243
1625,108645.0,0.2162063257534154
1626,108708.0,0.2140980525214661
1627,108765.0,0.2119885978593253
1628,108825.0,0.20982712052042854
1629,108885.0,0.20760634963716598
1630,108945.0,0.20535505722234978
1631,109008.0,0.20305676022729927
1632,109065.0,0.2008730019516959
1633,109125.0,0.20141460440757333
1634,109185.0,0.20194022502378864
1635,109245.0,0.20237674771891526
1636,109305.0,0.20217393432308564
1637,109365.0,0.2003126779956859
1638,109425.0,0.19779071017671265
1639,109485.0,0.1951730308092843
1640,109545.0,0.19271425325656374
1641,109608.0,0.1903600540853844
1642,109665.0,0.18827522590417514
1643,109725.0,0.18620540633196278
1644,109785.0,0.18396490198018692
1645,109848.0,0.1816239924313606
1646,109905.0,0.17392383724495028
1647,109965.0,0.1723562972921722
1648,110025.0,0.17291140662855023
1649,110085.0,0.17352466253270135
1650,110145.0,0.17414654200901145
1651,110205.0,0.17424164702696512
1652,110265.0,0.17413306353627936
1653,110325.0,0.1723668969725661
1654,110385.0,0.1707902734626264
1655,110445.0,0.16933438083027233
1656,110505.0,0.16809959430935353
1657,110565.0,0.1667677111417887
1658,110625.0,0.16524568086159377
1659,110685.0,0.16354257316082257
1660,110745.0,0.16160164795782808
1661,110805.0,0.16199468237419415
1662,110865.0,0.1624241042947602
1663,110925.0,0.16258178749179455
1664,110985.0,0.16241210907628187
1665,111045.0,0.16224404141399826
1666,111105.0,0.16015702214023017
1667,111165.0,0.1584770237827642
1668,111225.0,0.15714366238465985
1669,111285.0,0.15615895916593445
1670,111345.0,0.15498430371845787
1671,111405.0,0.15367237848967072
1672,111465.0,0.1523505630794411
1673,111525.0,0.15095062899061332
1674,111585.0,0.15224288205158412
1675,111645.0,0.15374688984930443
1676,111705.0,0.15483278833035205
1677,111768.0,0.15507602561870418
1678,111825.0,0.15530054777887045
1679,111885.0,0.15373431488144837
1680,111945.0,0.15233124529082573
1681,112005.0,0.15127118338661796
1682,112065.0,0.15010721494367554
1683,112125.0,0.14867340454828523
1684,112185.0,0.14928201255856502
1685,112245.0,0.1519985565561149
1686,112305.0,0.15456589594920997
1687,112365.0,0.15713080628796658
1688,112425.0,0.15964223409197378
1689,112485.0,0.15986779728892334
1690,112545.0,0.15800115771485793
1691,112605.0,0.15611530428779205
1692,112665.0,0.15473742690417938
1693,112725.0,0.1532968214111242
1694,112785.0,0.1519070091195002
1695,112845.0,0.15029601395769812
1696,112905.0,0.15070745718228726
1697,112965.0,0.15123302854724016
1698,113025.0,0.15174561466108846
1699,113085.0,0.1518612435105772
1700,113145.0,0.15185650893367728
1701,113205.0,0.15009379542429604
1702,113265.0,0.1482858184531414
1703,113325.0,0.14689092998051026
1704,113385.0,0.14556639267817775
1705,113445.0,0.1441152933981095
1706,113505.0,0.14264841717143042
1707,113565.0,0.141103612108223
1708,113625.0,0.1417439862181726
1709,113685.0,0.14242619850915458
1710,113745.0,0.14311773918659934
1711,113805.0,0.14341244539705147
1712,113865.0,0.14345549262661497
1713,113925.0,0.14155465801304692
1714,113985.0,0.13946922354165028
1715,114045.0,0.13815934682747358
1716,114105.0,0.1367733705567252
1717,114165.0,0.134985078894128
1718,114225.0,0.13247858818793198
1719,114285.0,0.13302904869585888
1720,114345.0,0.1336072575136573
1721,114405.0,0.13397873780827205
1722,114465.0,0.1339494294336648
1723,114525.0,0.1339985618114046
1724,114585.0,0.1323592687960294
1725,114645.0,0.1312404350581368
1726,114705.0,0.12996680653918855
1727,114765.0,0.12851244585525992
1728,114825.0,0.12673310326137807
1729,114885.0,0.12741390573016756
1730,114945.0,0.12818675448125197
1731,115008.0,0.12865191298014536
1732,115065.0,0.1287140883953988
1733,115125.0,0.12880401295080227
1734,115185.0,0.12714556950946523
1735,115245.0,0.12572487729507456
1736,115305.0,0.1245975681257169
1737,115365.0,0.12333386449068864
1738,115425.0,0.12191325685764245
1739,115485.0,0.12005642622448945
1740,115545.0,0.12058882153378572
1741,115605.0,0.1211082154258776
1742,115665.0,0.12175605650561286
1743,115725.0,0.1221031400039462
1744,115785.0,0.12209026582557561
1745,115845.0,0.12030077049286655
1746,115905.0,0.11786595650361606
1747,115965.0,0.11642178792823196
1748,116025.0,0.11491935897348185
1749,116085.0,0.11295974124298927
1750,116145.0,0.11284827311332948
1751,116205.0,0.11280480697980841
1752,116265.0,0.11285355958354196
1753,116325.0,0.11304688177789354
1754,116385.0,0.11175661146706486
1755,116445.0,0.11052508543693554
1756,116505.0,0.10928339858936889
1757,116565.0,0.10788992928032595
1758,116625.0,0.1078548008855034
1759,116685.0,0.10786499780939965
1760,116745.0,0.10785104682157234
1761,116805.0,0.10789747995088986
1762,116865.0,0.10783761622420887
1763,116925.0,0.10793549221899743
1764,116985.0,0.10590312590948772
1765,117045.0,0.10431612816435057
1766,117105.0,0.1028199371295497
1767,117165.0,0.10141159489163173
1768,117225.0,0.09983769200858192
1769,117285.0,0.09798177839273978
1770,117345.0,0.09799854803911626
1771,117405.0,0.0980073681022253
1772,117465.0,0.09799596039099354
1773,117525.0,0.09796115414937953
1774,117585.0,0.09793918301194551
1775,117645.0,0.09792878957431414
1776,117705.0,0.095977766407053
1777,117765.0,0.09444807474052383
1778,117825.0,0.09330899865788403
1779,117885.0,0.09205372679217369
1780,117945.0,0.09065377332345873
1781,118005.0,0.08908157581238638
1782,118065.0,0.08753426202453077
1783,118125.0,0.08817599140933138
1784,118185.0,0.08887740478847375
1785,118245.0,0.08961826444269252
1786,118305.0,0.09011762506022317
1787,118365.0,0.09017289569051437
1788,118425.0,0.08907015955395761
1789,118485.0,0.08773869857363284
1790,118545.0,0.08634160273493488
1791,118605.0,0.08514446916451865
1792,118665.0,0.08396148791210947
1793,118725.0,0.08248116676460163
1794,118785.0,0.08302860898888484
1795,118845.0,0.08358892064148729
1796,118905.0,0.08415899731555834
1797,118965.0,0.08471742858644551
1798,119025.0,0.08528848405219205
1799,119085.0,0.08586160423733794
1800,119145.0,0.08644973464959146
1801,119205.0,0.08704284694929168
1802,119265.0,0.08761754151074183
1803,119325.0,0.08818454802183598
1804,119385.0,0.08872096796061982
1805,119445.0,0.08886337093016874
1806,119505.0,0.08900807372829486
1807,119565.0,0.08913958765198352
1808,119625.0,0.08923214971776186
1809,119685.0,0.0892681258326016
1810,119745.0,0.08929646380640358
1811,119805.0,0.08934614120238529
1812,119865.0,0.08941816937116923
1813,119925.0,0.08937569126712111
1814,119985.0,0.08938997359883491
1815,120045.0,0.08953816344199186
1816,120105.0,0.08971292853337556
1817,120165.0,0.0899264014982242
1818,120225.0,0.09015844704357842
1819,120285.0,0.09038408165128006
1820,120345.0,0.09057098036673786
1821,120405.0,0.09077770000818705
1822,120465.0,0.09095208689433495
1823,120525.0,0.09108635611742985
1824,120585.0,0.09117447963892608
1825,120645.0,0.0912462746008317
1826,120705.0,0.09128467426640172
1827,120765.0,0.09132332758599673
1828,120825.0,0.09127162139230352
1829,120885.0,0.09114336589050678
1830,120945.0,0.09104551083835191
1831,121005.0,0.09108456058786338
1832,121065.0,0.09123499480620642
1833,121125.0,0.09128900788565972
1834,121185.0,0.09112613353773205
1835,121245.0,0.09101369192906542
1836,121305.0,0.09097635912092736
1837,121365.0,0.09099628684449693
1838,121425.0,0.09103426647111632
1839,121485.0,0.09103397878676092
1840,121545.0,0.09103099488707264
1841,121605.0,0.09110607618840152
1842,121665.0,0.09131744212009288
1843,121725.0,0.0917648570187116
1844,121785.0,0.0921071050781059
1845,121845.0,0.0924631089521559
1846,121905.0,0.0927312095804382
1847,121965.0,0.09281129759444509
1848,122025.0,0.09274802177619465
1849,122085.0,0.09255997468144508
1850,122145.0,0.0924663607751576
1851,122205.0,0.09242695512002
1852,122265.0,0.09214826937942569
1853,122325.0,0.09164301204201422
1854,122385.0,0.09077808357064951
1855,122445.0,0.08971301345491103
1856,122505.0,0.08914795684977064
1857,122565.0,0.08885307309806437
1858,122625.0,0.08866173109602707
1859,122685.0,0.08849506579833624
1860,122745.0,0.08834289213281601
1861,122805.0,0.0882035950975523
1862,122865.0,0.08809364820375723
1863,122925.0,0.08806306410508927
1864,122985.0,0.08575463733551356
1865,123045.0,0.08349546221848067
1866,123105.0,0.08142203387210314
1867,123165.0,0.0793540019364272
1868,123225.0,0.07696479707168
1869,123285.0,0.07668701183940727
1870,123345.0,0.07686607865794384
1871,123405.0,0.0770181714348522
1872,123465.0,0.07713740625357193
1873,123525.0,0.07732344559922996
1874,123585.0,0.07727759492699457
1875,123645.0,0.07719538995123995
1876,123705.0,0.07729813884097073
1877,123765.0,0.07730695223924058
1878,123825.0,0.07735683494933634
1879,123885.0,0.07730499896860973
1880,123945.0,0.0772234934742703
1881,124008.0,0.07718326726285815
1882,124065.0,0.07721662876702498
1883,124125.0,0.07727071366056906
1884,124185.0,0.07730948556378806
1885,124245.0,0.07733448796330003
1886,124305.0,0.07724426537591414
1887,124368.0,0.07709520051062999
1888,124425.0,0.07698464574964639
1889,124485.0,0.07687645518972316
1890,124545.0,0.07679882093674359
1891,124605.0,0.07673867356183109
1892,124665.0,0.07668631093637204
1893,124725.0,0.07665237274978173
1894,124785.0,0.07664683236269351
1895,124845.0,0.07663981032003811
1896,124905.0,0.07662368228394908
1897,124965.0,0.07659040528070507
1898,125025.0,0.07655565030451902
1899,125085.0,0.07648531759155044
1900,125145.0,0.07642354351361538
1901,125205.0,0.07636079883945843
1902,125265.0,0.07630242410263147
1903,125325.0,0.07626377161682832
1904,125385.0,0.07620759413869918
1905,125445.0,0.0760456989692562
1906,125505.0,0.07606883955457558
1907,125565.0,0.07608626317063796
1908,125625.0,0.07606224305058598
1909,125685.0,0.07608280980466767
1910,125745.0,0.07602405425769374
1911,125805.0,0.07597368653179185
1912,125865.0,0.07593269200285727
1913,125925.0,0.0759465950067216
1914,125985.0,0.0759101694690544
1915,126045.0,0.07585191318749732
1916,126105.0,0.0757861475440226
1917,126165.0,0.07576432842227424
1918,126225.0,0.07574171322895282
1919,126285.0,0.07569590610204482
1920,126345.0,0.07568264636268898
1921,126405.0,0.07586276344728674
1922,126465.0,0.07612032846162789
1923,126525.0,0.07624486931667332
1924,126585.0,0.07631120229749896
1925,126645.0,0.07623796250610329
1926,126705.0,0.07623695655478016
1927,126765.0,0.07614599726194152
1928,126825.0,0.07612556565022635
1929,126885.0,0.07616971574876494
1930,126945.0,0.0761296932555924
1931,127005.0,0.07608705748407188
1932,127065.0,0.07590816258091618
1933,127125.0,0.07571763366035614
1934,127185.0,0.07562671114340894
1935,127245.0,0.07561033653916141
1936,127305.0,0.0756439830137712
1937,127365.0,0.07571183248166521
1938,127425.0,0.07585744974910999
1939,127485.0,0.07600248580251903
1940,127545.0,0.07607894632893095
1941,127605.0,0.07603176510730283
1942,127665.0,0.07606059828517445
1943,127725.0,0.07593034562467829
1944,127785.0,0.07586170234796022
1945,127845.0,0.07568742562021549
1946,127905.0,0.07568173295967598
1947,127965.0,0.07570238129606174
1948,128025.0,0.07569629058816948
1949,128085.0,0.07567468876321384
1950,128145.0,0.07561806999098694
1951,128208.0,0.07550922981501065
1952,128265.0,0.0753648378837585
1953,128325.0,0.07533231178343083
1954,128385.0,0.07537191246561395
1955,128445.0,0.07550429520283111
1956,128505.0,0.07554046235624559
1957,128565.0,0.07552429520619189
1958,128625.0,0.07542090423602446
1959,128685.0,0.07546773692689537
1960,128745.0,0.0756424636379133
1961,128805.0,0.07586018978508749
1962,128865.0,0.07586527986258598
1963,128925.0,0.07579117315759878
1964,128985.0,0.07567262230756308
1965,129045.0,0.07552977505455108
1966,129105.0,0.07540219872869433
1967,129165.0,0.07531260095954748
1968,129225.0,0.07517734036085047
1969,129285.0,0.07503278591310245
1970,129345.0,0.07508749954081048
1971,129405.0,0.07520007431675316
1972,129465.0,0.0752794180470445
1973,129525.0,0.07537858217541213
1974,129585.0,0.07545728782613528
1975,129645.0,0.07554336076635962
1976,129705.0,0.0756539653892225
1977,129765.0,0.07577639695407487
1978,129825.0,0.0759037676381367
1979,129885.0,0.07603406052274334
1980,129945.0,0.07614065194301675
1981,130005.0,0.07620757695826111
1982,130065.0,0.07624975905930284
1983,130125.0,0.07629858161213979
1984,130185.0,0.07636339008063978
1985,130245.0,0.0764542685840355
1986,130305.0,0.07655320965583404
1987,130365.0,0.0766796522164521
1988,130425.0,0.07683652605064037
1989,130485.0,0.0770287509181252
1990,130545.0,0.07727702936854239
1991,130605.0,0.07753099372718433
1992,130665.0,0.07775239618640337
1993,130725.0,0.07792407648303493
1994,130785.0,0.07805764030288384
1995,130845.0,0.07816155027340269
1996,130905.0,0.07824251140244262
1997,130965.0,0.07826552280023277
1998,131025.0,0.07823662451140631
1999,131085.0,0.07820139094630571
2000,131145.0,0.07818333833050398
2001,131205.0,0.07811332788199868
2002,131265.0,0.07805390625205935
2003,131325.0,0.0780139612195013
2004,131385.0,0.07800845980230278
2005,131445.0,0.07801908200016403
2006,131505.0,0.07806005723850121
2007,131565.0,0.07808273678601493
2008,131625.0,0.07818080038995814
2009,131685.0,0.07832936652779268
2010,131745.0,0.0784401326792856
2011,131805.0,0.07848882323054943
2012,131865.0,0.07849811863889591
2013,131925.0,0.07853003240725023
2014,131985.0,0.07866289026908976
2015,132045.0,0.07887806890299934
2016,132105.0,0.0790632105967777
2017,132165.0,0.07918337772746245
2018,132225.0,0.07930563323840065
2019,132285.0,0.07945920258439013
2020,132345.0,0.07967036614934545
2021,132405.0,0.07978336252946724
2022,132465.0,0.07978354502551491
2023,132525.0,0.07965077442393545
2024,132585.0,0.07954752248376726
2025,132648.0,0.07945772680154559
2026,132705.0,0.07935192894415324
2027,132765.0,0.0793248932907806
2028,132825.0,0.07938119467926166
2029,132885.0,0.07948450248629504
2030,132945.0,0.07958188230759203
2031,133005.0,0.07954438042900006
2032,133065.0,0.07961907976702962
2033,133125.0,0.079749350014746
2034,133185.0,0.07989474404099098
2035,133245.0,0.08011521968740673
2036,133305.0,0.08027192048364604
2037,133365.0,0.08035197386066203
2038,133425.0,0.08036135935047792
2039,133485.0,0.08036022835151332
2040,133545.0,0.08032342414342128
2041,133605.0,0.08030433096735787
2042,133665.0,0.08031728144241271
2043,133725.0,0.08037616281617557
2044,133785.0,0.08046814138415884
2045,133845.0,0.08061158374500951
2046,133905.0,0.08077963405565511
2047,133965.0,0.08096132058924602
2048,134025.0,0.08116149472930143
2049,134085.0,0.08138772952207254
2050,134145.0,0.08157045049914372
2051,134205.0,0.08175745605598564
2052,134268.0,0.08192497712332716
2053,134328.0,0.08204539835476912
2054,134385.0,0.08215846763384552
2055,134445.0,0.08227825661695562
2056,134505.0,0.08238085583420587
2057,134565.0,0.08249177430707658
2058,134625.0,0.0826120576753461
2059,134685.0,0.08274643277782998
2060,134745.0,0.0828754480863306
2061,134805.0,0.08301097373906116
2062,134865.0,0.08315011206676529
2063,134925.0,0.08330347447477562
2064,134985.0,0.08346654079667284
2065,135045.0,0.08363527423296238
2066,135105.0,0.08379323921596918
2067,135165.0,0.08395463285949331
2068,135225.0,0.08407618235628059
2069,135285.0,0.08421250404829297
2070,135345.0,0.0843064320067353
2071,135405.0,0.08434632783500354
2072,135465.0,0.08440278092091316
2073,135525.0,0.08448611414105725
2074,135585.0,0.08459931350450026
2075,135645.0,0.08478095047871245
2076,135705.0,0.08497754181188291
2077,135765.0,0.08520520720298466
2078,135825.0,0.08542200444258222
2079,135885.0,0.08565754108396592
2080,135945.0,0.0859029344559055
2081,136005.0,0.08618859410647003
2082,136065.0,0.08650781594179
2083,136125.0,0.08682945180255533
2084,136185.0,0.0871481350116671
2085,136245.0,0.08743956180681159
2086,136305.0,0.08770819816597838
2087,136365.0,0.0879450158428228
2088,136425.0,0.08813902132407328
2089,136485.0,0.08828832658874267
2090,136545.0,0.0884534965173204
2091,136605.0,0.08864550963473364
2092,136665.0,0.08877822594754112
2093,136725.0,0.08885517721807337
2094,136785.0,0.08899223404666565
2095,136845.0,0.08919350047734012
2096,136905.0,0.08938504514619719
2097,136965.0,0.08953813793787926
2098,137025.0,0.08975097102805438
2099,137085.0,0.09009052143641902
2100,137148.0,0.09043524762796004
2101,137205.0,0.09063894292160571
2102,137265.0,0.09052171762849917
2103,137325.0,0.0904430852577788
2104,137385.0,0.09049744007696722
2105,137445.0,0.09069302441791846
2106,137505.0,0.09091117045141459
2107,137565.0,0.09112769315441535
2108,137625.0,0.09297706779738404
2109,137688.0,0.09569180480524922
2110,137745.0,0.0974861119494507
2111,137805.0,0.09913697818380876
2112,137865.0,0.10068113487849187
2113,137925.0,0.10232950749809641
2114,137985.0,0.1039389865642508
2115,138045.0,0.10554961908616514
2116,138105.0,0.10753271382866977
2117,138168.0,0.10740549095548482
2118,138225.0,0.1071413210818001
2119,138285.0,0.10690488644849097
2120,138345.0,0.10678238685213462
2121,138405.0,0.10687887547184619
2122,138465.0,0.1073030371038495
2123,138525.0,0.10754334269909885
2124,138585.0,0.10955379735624873
2125,138645.0,0.11203698253939368
2126,138705.0,0.11437254300529329
2127,138765.0,0.11621810301347732
2128,138825.0,0.11794210744152225
2129,138885.0,0.11961234819201258
2130,138945.0,0.12117211405370013
2131,139005.0,0.12285742367743388
2132,139065.0,0.1247113153797327
2133,139125.0,0.12420765025590955
2134,139185.0,0.12363629359715159
2135,139245.0,0.12299122585856229
2136,139305.0,0.1227339512213397
2137,139365.0,0.12295235279129227
2138,139425.0,0.1257767651520231
2139,139485.0,0.12815415430843782
2140,139545.0,0.12996435471763743
2141,139605.0,0.13163030026723369
2142,139665.0,0.1329500936319011
2143,139725.0,0.13437640592096287
2144,139785.0,0.13589766792542865
2145,139848.0,0.13742370514443228
2146,139905.0,0.13933624961937432
2147,139965.0,0.1388294375737348
2148,140025.0,0.13826684496671768
2149,140085.0,0.13767239904569287
2150,140145.0,0.13734751807100712
2151,140205.0,0.1376200887594817
2152,140265.0,0.13773593921947594
2153,140325.0,0.14002346800894253
2154,140385.0,0.14173037652846224
2155,140445.0,0.14298075792398593
2156,140505.0,0.1441720350727074
2157,140565.0,0.14551661558237225
2158,140625.0,0.14733142728672058
2159,140685.0,0.14725560998533113
2160,140745.0,0.14657571498765845
2161,140805.0,0.1459100702039414
2162,140865.0,0.1452766649159842
2163,140925.0,0.14531846106832844
2164,140985.0,0.14546479066034215
2165,141045.0,0.14809456386550082
2166,141105.0,0.14976604947663472
2167,141165.0,0.15088558628832696
2168,141225.0,0.15199518983555763
2169,141285.0,0.1533173947947464
2170,141345.0,0.15505330408081794
2171,141405.0,0.1543334528276867
2172,141465.0,0.15362756209791564
2173,141525.0,0.15292335727714337
2174,141585.0,0.1525431151487581
2175,141645.0,0.15282345164427077
2176,141708.0,0.1528528597125103
2177,141765.0,0.15485732084198342
2178,141825.0,0.15648791704949153
2179,141885.0,0.15784840278172094
2180,141945.0,0.15938327322273663
2181,142005.0,0.16159306009037952
2182,142065.0,0.16163177027139017
2183,142125.0,0.1616759688250705
2184,142185.0,0.16174985666440264
2185,142245.0,0.16176566989440863
2186,142305.0,0.16165800013530138
2187,142365.0,0.1635070177605991
2188,142425.0,0.16558590635346884
2189,142485.0,0.16714309907573213
2190,142545.0,0.1689140383138136
2191,142605.0,0.17052823632960898
2192,142665.0,0.17049658437326673
2193,142725.0,0.17044714838135008
2194,142785.0,0.17040208193215237
2195,142845.0,0.17041081278815964
2196,142905.0,0.17049446970582857
2197,142965.0,0.17063896779194357
2198,143025.0,0.17064913795269596
2199,143085.0,0.17312859749848994
2200,143145.0,0.17490711046103394
2201,143208.0,0.17640603835060378
2202,143265.0,0.17788733927582448
2203,143325.0,0.1794092960551906
2204,143385.0,0.180875579843526
2205,143445.0,0.18253761175716057
2206,143505.0,0.18430447804555958
2207,143565.0,0.18368046730888052
2208,143625.0,0.1830041846837371
2209,143685.0,0.1822989330389225
2210,143745.0,0.18157439675144774
2211,143805.0,0.18143235284938206
2212,143865.0,0.18164622961035018
2213,143925.0,0.18392117742730404
2214,143985.0,0.1859349999948761
2215,144045.0,0.18763711184922308
2216,144105.0,0.18890743186378714
2217,144165.0,0.19024494243241044
2218,144225.0,0.19178600031904905
2219,144285.0,0.193333832602699
2220,144345.0,0.19491789992380018
2221,144405.0,0.1948560429966927
2222,144465.0,0.19480899133968302
2223,144525.0,0.19477525124960007
2224,144585.0,0.19483559633569095
2225,144645.0,0.19500833536136555
2226,144708.0,0.19534019904037195
2227,144765.0,0.19584176536068357
2228,144825.0,0.19590321901669802
2229,144885.0,0.1973976057941215
2230,144945.0,0.1998553577320001
2231,145005.0,0.20158609681241393
2232,145065.0,0.20305622261155257
2233,145125.0,0.20433397756001273
2234,145185.0,0.2057175554441427
2235,145245.0,0.20705399375673403
2236,145305.0,0.20863732047463443
2237,145365.0,0.2104190830388333
2238,145425.0,0.2097885062643294
2239,145485.0,0.2091409443889917
2240,145545.0,0.2084952439348529
2241,145605.0,0.20817378453051796
2242,145665.0,0.20838519536525416
2243,145725.0,0.2087169235108173
2244,145785.0,0.21122934231787563
2245,145845.0,0.21326445434126687
2246,145905.0,0.2145793549936922
2247,145965.0,0.21609476501116956
2248,146025.0,0.21761518953564904
2249,146085.0,0.21901539395857264
2250,146145.0,0.2188271093349132
2251,146208.0,0.2186531996133125
2252,146265.0,0.21849092682278484
2253,146325.0,0.21827638641537114
2254,146385.0,0.21807363024893842
2255,146445.0,0.21795511919728341
2256,146505.0,0.21816285438917968
2257,146565.0,0.21825987336375427
2258,146625.0,0.218129182276136
2259,146685.0,0.21784739773524478
2260,146745.0,0.217796321698931
2261,146805.0,0.21760490161948173
2262,146865.0,0.21933975850522294
2263,146925.0,0.22133146576865928
2264,146985.0,0.22325792802697456
2265,147045.0,0.2246882221249654
2266,147105.0,0.2259960187205348
2267,147165.0,0.22716831683661207
2268,147225.0,0.228466653694642
2269,147285.0,0.2297099879850568
2270,147345.0,0.22951684824868904
2271,147405.0,0.22912376240323243
2272,147465.0,0.2287939319894068
2273,147525.0,0.22856142020154982
2274,147585.0,0.22831884371025682
2275,147645.0,0.22802552271735407
2276,147705.0,0.22781903553974273
2277,147765.0,0.22775638023387654
2278,147825.0,0.22777689961190997
2279,147885.0,0.2277383055783239
2280,147945.0,0.2274745947993946
2281,148005.0,0.22924674215662386
2282,148065.0,0.23149810215311192
2283,148125.0,0.2339604518561729
2284,148185.0,0.23578832171349237
2285,148245.0,0.23741593429530514
2286,148305.0,0.23878404962613423
2287,148365.0,0.2402067177218071
2288,148425.0,0.2401070124714517
2289,148485.0,0.23918728686871507
2290,148545.0,0.23695428736697485
2291,148605.0,0.2348275375364761
2292,148665.0,0.2328563744136196
2293,148725.0,0.23136384682651603
2294,148785.0,0.22992171248736562
2295,148845.0,0.23073623868979562
2296,148905.0,0.23068653057139096
2297,148965.0,0.23239306145366453
2298,149025.0,0.23393629601851476
2299,149085.0,0.23555550211664225
2300,149145.0,0.2372330238463726
2301,149205.0,0.23882563607159626
2302,149265.0,0.24044974198769967
2303,149325.0,0.24200570199769408
2304,149385.0,0.23958421638974484
2305,149445.0,0.23663786947769647
2306,149505.0,0.23377135351432096
2307,149565.0,0.23136697482440186
2308,149625.0,0.2299384806023362
2309,149685.0,0.2283349757647032
2310,149745.0,0.22883324316834944
2311,149805.0,0.22903520996116664
2312,149865.0,0.2288820478861541
2313,149925.0,0.2308390455190907
2314,149985.0,0.2330150299880103
2315,150045.0,0.23528615229269526
2316,150105.0,0.23707382715023448
2317,150165.0,0.23825981825048823
2318,150225.0,0.23679690932186173
2319,150285.0,0.23597076483491844
2320,150345.0,0.23354141112149399
2321,150405.0,0.23123971954088826
2322,150465.0,0.22931283221050877
2323,150525.0,0.22795885201561875
2324,150585.0,0.2267118595869845
2325,150645.0,0.22780251912338936
2326,150705.0,0.22810325995784755
2327,150765.0,0.23051742452047566
2328,150825.0,0.232551731585616
2329,150885.0,0.23485107233468064
2330,150945.0,0.23704340744332628
2331,151005.0,0.23868570564968142
2332,151065.0,0.24029651609843158
2333,151125.0,0.23952253418886274
2334,151185.0,0.24009364758355226
2335,151245.0,0.23817027042321673
2336,151305.0,0.23625719232183842
2337,151365.0,0.23443808256589785
2338,151425.0,0.23265744313618317
2339,151488.0,0.23452807961092995
2340,151545.0,0.23765632227393793
2341,151605.0,0.24062187383855518
2342,151665.0,0.24307638875035656
2343,151725.0,0.24450312280915323
2344,151785.0,0.2460421831958279
2345,151845.0,0.24535294819832174
2346,151905.0,0.24545751861462026
2347,151965.0,0.24582880575523333
2348,152025.0,0.2461914210125465
2349,152085.0,0.2463048363545294
2350,152145.0,0.24579831554313777
2351,152205.0,0.2476890425621898
2352,152265.0,0.2496746786049853
2353,152325.0,0.25173708895292335
2354,152385.0,0.2536256347825565
2355,152445.0,0.25330438327493354
2356,152505.0,0.2531871583960693
2357,152565.0,0.2511964401422566
2358,152625.0,0.24964850004935127
2359,152688.0,0.2483517024238268
2360,152745.0,0.2491182841539227
2361,152805.0,0.2500942326087452
2362,152865.0,0.2522496651776266
2363,152925.0,0.2545253847759289
2364,152985.0,0.25683377216855596
2365,153045.0,0.2590766217802535
2366,153105.0,0.26133806882413535
2367,153165.0,0.26171742755521377
2368,153225.0,0.26118644972913196
2369,153285.0,0.2608385994117087
2370,153345.0,0.2603241220581418
2371,153405.0,0.25811444014545526
2372,153465.0,0.2575279307514369
2373,153525.0,0.25694699169432766
2374,153585.0,0.25632386360119164
2375,153645.0,0.25636246368409976
2376,153705.0,0.25640016682828537
2377,153765.0,0.2586735042205107
2378,153825.0,0.26092622298369317
2379,153885.0,0.2609296241196971
2380,153945.0,0.2612094801217142
2381,154005.0,0.2616386777435358
2382,154065.0,0.2622616119952944
2383,154125.0,0.2628872507352996
2384,154185.0,0.26344161029880264
2385,154245.0,0.26328704066410213
2386,154305.0,0.2627347274989964
2387,154365.0,0.2645301578872086
2388,154425.0,0.2664364407461187
2389,154485.0,0.26646870211925877
2390,154545.0,0.2665034611608009
2391,154605.0,0.26598202419107253
2392,154665.0,0.26553582318413826
2393,154725.0,0.26362552940976514
2394,154785.0,0.2638288218146515
2395,154845.0,0.2645791375056872
2396,154905.0,0.26607014785789473
2397,154965.0,0.26742156820393537
2398,155025.0,0.26805712765581113
2399,155085.0,0.2686843377739969
2400,155145.0,0.2693532324704694
2401,155205.0,0.2718325252038343
2402,155265.0,0.2743194259671675
2403,155325.0,0.27668187843677994
2404,155385.0,0.2790013647431283
2405,155445.0,0.2810550921809303
2406,155505.0,0.2828770439780657
2407,155565.0,0.28443980668556035
2408,155625.0,0.2863739696195017
2409,155685.0,0.2868832150841182
2410,155745.0,0.2865633130675942
2411,155805.0,0.28709246387457255
2412,155865.0,0.2871594351259008
2413,155925.0,0.28739797485628293
2414,155985.0,0.28742253293935327
2415,156045.0,0.2875003002618901
2416,156105.0,0.28735806334766567
2417,156168.0,0.2871133331426222
2418,156225.0,0.28918723535036284
2419,156285.0,0.2912959975564874
2420,156345.0,0.2938603460736997
2421,156405.0,0.29679284779564696
2422,156465.0,0.2989310562946662
2423,156525.0,0.3020208011379789
2424,156585.0,0.3025287796762016
2425,156645.0,0.3044486678865588
2426,156705.0,0.3067882788891322
2427,156765.0,0.3086501768834512
2428,156825.0,0.3105991106667829
2429,156885.0,0.31282594264526364
2430,156945.0,0.31597902279711476
2431,157005.0,0.31880482571527946
2432,157065.0,0.318401385885848
2433,157125.0,0.31794826111504204
2434,157185.0,0.3176506891566796
2435,157245.0,0.3175439934629768
2436,157305.0,0.32001097524399347
2437,157365.0,0.32341910673100926
2438,157425.0,0.3263435837525912
2439,157485.0,0.32936876717242536
2440,157545.0,0.332143863512124
2441,157605.0,0.3351429541979626
2442,157665.0,0.33576364281882765
2443,157725.0,0.3362338065102054
2444,157785.0,0.3368702317969312
2445,157845.0,0.3382221484396136
2446,157905.0,0.3397473402834078
2447,157965.0,0.34155528070284324
2448,158025.0,0.34336839713029343
2449,158085.0,0.34542939605679623
2450,158145.0,0.3482567400207589
2451,158205.0,0.347854306962601
2452,158265.0,0.34737133509651874
2453,158325.0,0.34701474610394134
2454,158385.0,0.34700632108258644
2455,158445.0,0.3496484232839675
2456,158505.0,0.3531791078081631
2457,158565.0,0.35559321153880885
2458,158625.0,0.3586440777385813
2459,158685.0,0.3614062619884483
2460,158745.0,0.3642051976736228
2461,158805.0,0.3646632199906351
2462,158865.0,0.36488395828763165
2463,158925.0,0.36517484844558845
2464,158985.0,0.3661147969766666
2465,159045.0,0.36748326775821294
2466,159105.0,0.36896915307206335
2467,159165.0,0.3704075711179128
2468,159225.0,0.3719090272446123
2469,159285.0,0.3735972129102373
2470,159345.0,0.3773984596179699
2471,159405.0,0.3816330189349517
2472,159465.0,0.3857090639316333
2473,159525.0,0.38813637729879213
2474,159585.0,0.3873756076640159
2475,159645.0,0.3842338242118166
2476,159705.0,0.3818543074757571
2477,159765.0,0.3801352424637666
2478,159825.0,0.38092195245285876
2479,159885.0,0.3827262812356049
2480,159945.0,0.38354876616105527
2481,160005.0,0.3845266360949532
2482,160065.0,0.3856050290575276
2483,160128.0,0.3867958763787628
2484,160185.0,0.38985233301901956
2485,160245.0,0.3930208439140389
2486,160305.0,0.39642575582848083
2487,160365.0,0.3999796558791463
2488,160425.0,0.40288859599203153
2489,160485.0,0.4061206835347575
2490,160545.0,0.4075737388357815
2491,160605.0,0.4090042930331286
2492,160665.0,0.40982602810803737
2493,160725.0,0.4078529548060452
2494,160785.0,0.40564747584297545
2495,160848.0,0.4037953439144787
2496,160905.0,0.40354107425884955
2497,160965.0,0.40572155534853216
2498,161025.0,0.4077923623793499
2499,161088.0,0.408636945677482
2500,161145.0,0.4120809344887266
2501,161205.0,0.41596279750337806
2502,161265.0,0.41948292402624576
2503,161325.0,0.4221205786217338
2504,161385.0,0.42460520253772194
2505,161445.0,0.4249970626192626
2506,161505.0,0.4257700189684931
2507,161565.0,0.4269516325603585
2508,161625.0,0.4282984535504093
2509,161685.0,0.4299280127660655
2510,161745.0,0.4301466230224299
2511,161805.0,0.4276188378547455
2512,161868.0,0.4252571807842046
2513,161925.0,0.42356900874724357
2514,161985.0,0.4232555062592661
2515,162045.0,0.427159677323975
2516,162105.0,0.431015867759699
2517,162165.0,0.4336496013156802
2518,162225.0,0.43646462990080337
2519,162285.0,0.43760897231816476
2520,162345.0,0.43795343742998616
2521,162405.0,0.4383322396956897
2522,162465.0,0.4393733961255727
2523,162525.0,0.4409407684682255
2524,162585.0,0.44233880141690596
2525,162645.0,0.443420852392051
2526,162705.0,0.44501081799084663
2527,162765.0,0.44545287571303116
2528,162828.0,0.4450565866135029
2529,162885.0,0.44293633945450106
2530,162945.0,0.44097298333226254
2531,163005.0,0.4390503314533051
2532,163065.0,0.43731194011902985
2533,163125.0,0.4359865428390267
2534,163185.0,0.43694907457609333
2535,163245.0,0.4405322656602769
2536,163305.0,0.44168490066310917
2537,163365.0,0.444679882823521
2538,163425.0,0.4475843562996117
2539,163485.0,0.4505176318349601
2540,163545.0,0.4509038401411346
2541,163605.0,0.4503703616048923
2542,163665.0,0.45112891750560247
2543,163725.0,0.45167752499633906
2544,163785.0,0.4524872532251982
2545,163845.0,0.453271720817653
2546,163908.0,0.4545225085079293
2547,163965.0,0.45568011634883865
2548,164025.0,0.45770498534593707
2549,164085.0,0.4592573856705183
2550,164145.0,0.45742228160887344
2551,164205.0,0.4573723773813607
2552,164265.0,0.45753802234444263
2553,164325.0,0.4581078572780952
2554,164385.0,0.46126561090894025
2555,164445.0,0.46505502050718084
2556,164505.0,0.4676588950793681
2557,164565.0,0.4679581969852693
2558,164625.0,0.46879728547112187
2559,164685.0,0.469552055416145
2560,164745.0,0.4700090750654845
2561,164805.0,0.4708786001950326
2562,164865.0,0.4714801395344078
2563,164925.0,0.4721469988768857
2564,164985.0,0.4730635655687776
2565,165045.0,0.47457325908820647
2566,165105.0,0.4767808195661596
2567,165165.0,0.4787333792912174
2568,165225.0,0.4808622579580658
2569,165285.0,0.4846861079814698
2570,165345.0,0.4889448844626717
2571,165405.0,0.4916657380946544
2572,165465.0,0.49127183611242364
2573,165525.0,0.4902653830092212
2574,165585.0,0.48773203118782227
2575,165645.0,0.48519853729621276
2576,165705.0,0.48523825511765784
2577,165765.0,0.48601919674360916
2578,165825.0,0.4863428168718884
2579,165885.0,0.4870288437529524
2580,165945.0,0.48762131499145467
2581,166005.0,0.4882559529018944
2582,166065.0,0.4884752941962879
2583,166125.0,0.48901519244600644
2584,166185.0,0.489688156395211
2585,166245.0,0.4906054437841002
2586,166305.0,0.4917681783819091
2587,166365.0,0.49317742036968115
2588,166428.0,0.49426185229589537
2589,166485.0,0.4946133884981144
2590,166545.0,0.49177959600068
2591,166605.0,0.48877053055694775
2592,166665.0,0.4866810996277423
2593,166725.0,0.48490007060690343
2594,166785.0,0.48594237761135095
2595,166845.0,0.4880836344913283
2596,166905.0,0.48913148423991615
2597,166965.0,0.4905130319986607
2598,167025.0,0.49199198681478495
2599,167085.0,0.493405794784586
2600,167145.0,0.4942186614005838
2601,167205.0,0.4947842534792132
2602,167265.0,0.4958555157322523
2603,167325.0,0.49569062414673437
2604,167385.0,0.4961107255238798
2605,167445.0,0.4956724061774819
2606,167505.0,0.494905714526674
2607,167565.0,0.4933403642779882
2608,167625.0,0.48918373928371006
2609,167685.0,0.4848305775710312
2610,167745.0,0.48159296930647144
2611,167805.0,0.48031503104132156
2612,167865.0,0.48431505778818906
2613,167925.0,0.4884273896099368
2614,167985.0,0.49139822184314264
2615,168045.0,0.49464684992893215
2616,168105.0,0.4950098433735106
2617,168165.0,0.49439729557769463
2618,168225.0,0.49485800848090367
2619,168288.0,0.49518719779107756
2620,168345.0,0.495775160998816
2621,168405.0,0.4960769674755502
2622,168465.0,0.49793028528197103
2623,168525.0,0.4980281183236882
2624,168585.0,0.4972282230107926
2625,168645.0,0.4935965539097803
2626,168705.0,0.4900820518251908
2627,168765.0,0.4867448810442616
2628,168825.0,0.48603470663703985
2629,168888.0,0.4864953047098197
2630,168945.0,0.4862444631165609
2631,169005.0,0.48988615737981156
2632,169065.0,0.49350591065203464
2633,169125.0,0.49689052667816147
2634,169185.0,0.4996319589907541
2635,169245.0,0.4995870416024263
2636,169305.0,0.4988593229647077
2637,169365.0,0.4992614470520006
2638,169425.0,0.4986862795908521
2639,169485.0,0.4986970881294478
2640,169545.0,0.49890788509049566
2641,169605.0,0.4995461063938005
2642,169665.0,0.5004316073787852
2643,169725.0,0.5011050520494492
2644,169785.0,0.5014280948993851
2645,169845.0,0.49774378759670734
2646,169905.0,0.49438232492961554
2647,169965.0,0.4914086038392045
2648,170025.0,0.49049693609966083
2649,170085.0,0.49041381897670366
2650,170145.0,0.4901147061340917
2651,170205.0,0.4895490523812712
2652,170265.0,0.48912996473999193
2653,170325.0,0.4894040543503445
2654,170385.0,0.4934804083434866
2655,170445.0,0.4972411687231444
2656,170505.0,0.5006838015009673
2657,170565.0,0.5040056959834697
2658,170625.0,0.5051600569877952
2659,170685.0,0.5057175140456563
2660,170745.0,0.506063618172044
2661,170805.0,0.5055258078419403
2662,170865.0,0.5018881366381868
2663,170925.0,0.4984104490463521
2664,170985.0,0.495771555233835
2665,171045.0,0.49453735779751196
2666,171105.0,0.49415477477875414
2667,171165.0,0.49380405805475547
2668,171225.0,0.49329085699098274
2669,171285.0,0.4929571360161453
2670,171345.0,0.49226284138366216
2671,171405.0,0.49204659678653917
2672,171465.0,0.4928675467583935
2673,171525.0,0.49648262295560175
2674,171585.0,0.500269541660398
2675,171645.0,0.5037359522741401
2676,171705.0,0.5058767324289982
2677,171765.0,0.505019725946038
2678,171825.0,0.5041229979025459
2679,171885.0,0.5010913359837098
2680,171945.0,0.4976043665505727
2681,172005.0,0.49407429414403947
2682,172065.0,0.49110433067248516
2683,172125.0,0.49050612048046005
2684,172185.0,0.4910093183739589
2685,172245.0,0.49043792655116614
2686,172305.0,0.4902047961516537
2687,172365.0,0.4898345547888604
2688,172425.0,0.49041610040947814
2689,172485.0,0.4906642397621609
2690,172545.0,0.49171314577723
2691,172605.0,0.49569732403174194
2692,172665.0,0.4995906221036429
2693,172725.0,0.5029480360051272
2694,172785.0,0.504714026286008
2695,172845.0,0.504127658871841
2696,172905.0,0.5031275617580239
2697,172965.0,0.5002551167962631
2698,173025.0,0.49684715786782163
2699,173085.0,0.4937054553167175
2700,173145.0,0.49295246446019714
2701,173205.0,0.49323521047678065
2702,173265.0,0.4931770356132088
2703,173325.0,0.4923603143112779
2704,173385.0,0.49188434015661386
2705,173448.0,0.49146020464298557
2706,173505.0,0.49067522231521477
2707,173565.0,0.4913736771447884
2708,173625.0,0.4927271951189741
2709,173685.0,0.49605529802375425
2710,173745.0,0.49959499802074825
2711,173805.0,0.5034388932643273
2712,173865.0,0.507075443919633
2713,173928.0,0.509895093584419
2714,173985.0,0.5116517339017053
2715,174045.0,0.5111729822937155
2716,174105.0,0.5121156817857787
2717,174165.0,0.5084957174994176
2718,174225.0,0.5048843588297113
2719,174285.0,0.501743266204379
2720,174345.0,0.5008943384957009
2721,174405.0,0.5013142526220661
2722,174465.0,0.5010669234484212
2723,174525.0,0.5003638218243419
2724,174585.0,0.5000022260081144
2725,174645.0,0.49976238585216526
2726,174705.0,0.49913562523751853
2727,174765.0,0.4983891567678339
2728,174825.0,0.4973983947100743
2729,174885.0,0.4973121851147674
2730,174945.0,0.5007251174942133
2731,175005.0,0.5041532472138667
2732,175065.0,0.5074374710792117
2733,175125.0,0.5097639056461102
2734,175185.0,0.5083550733718585
2735,175245.0,0.5054523774793681
2736,175305.0,0.5021156509000871
2737,175365.0,0.49884533283479215
2738,175425.0,0.495165363933594
2739,175485.0,0.49132994470863534
2740,175545.0,0.48884030441412263
2741,175605.0,0.48806424291863393
2742,175665.0,0.4888208036865648
2743,175725.0,0.48869898546089563
2744,175785.0,0.4879713483201177
2745,175845.0,0.4877100562852402
2746,175905.0,0.4869231640059468
2747,175965.0,0.48641550322937277
2748,176025.0,0.48553262594774005
2749,176085.0,0.48488201326221136
2750,176145.0,0.48401508645359204
2751,176205.0,0.4847298987457481
2752,176265.0,0.48810189925696623
2753,176325.0,0.491480405720886
2754,176385.0,0.49474223048661103
2755,176445.0,0.4971132067379008
2756,176505.0,0.4956750494913763
2757,176565.0,0.4933024029245422
2758,176625.0,0.4919101793612878
2759,176685.0,0.488530168571091
2760,176745.0,0.4851548688138846
2761,176805.0,0.481520843081518
2762,176865.0,0.47855784361421705
2763,176925.0,0.4757520243352633
2764,176985.0,0.47542896244261257
2765,177045.0,0.475160783730019
2766,177105.0,0.47467911553295095
2767,177165.0,0.4735938196544126
2768,177225.0,0.4726982859821657
2769,177285.0,0.47240997322403866
2770,177345.0,0.4754258226011565
2771,177405.0,0.4787949572603497
2772,177465.0,0.48203538925033296
2773,177525.0,0.48497856782800486
2774,177585.0,0.48526047688083074
2775,177645.0,0.4845276505031354
2776,177705.0,0.4850222366619915
2777,177765.0,0.4846411666231233
2778,177825.0,0.4838676708845068
2779,177885.0,0.48245562551775056
2780,177945.0,0.4791323121631258
2781,178005.0,0.4753125710405668
2782,178065.0,0.4712420330296633
2783,178125.0,0.4679151420293982
2784,178185.0,0.46621298688824353
2785,178245.0,0.46491066939625336
2786,178305.0,0.4647237312515108
2787,178365.0,0.46525708802770593
2788,178425.0,0.4682421991426119
2789,178485.0,0.47094443464286717
2790,178545.0,0.4732291862907959
2791,178605.0,0.4740937570221547
2792,178665.0,0.4730012330059732
2793,178725.0,0.47212200935239923
2794,178785.0,0.4720925162090305
2795,178845.0,0.47161651658043824
2796,178905.0,0.4710325954896041
2797,178965.0,0.47056704035521746
2798,179025.0,0.46958020912558895
2799,179085.0,0.46805513710721647
2800,179145.0,0.4660328167160518
2801,179205.0,0.46433085799141216
2802,179265.0,0.4593518191529494
2803,179325.0,0.4559657964349463
2804,179385.0,0.4533418115815352
2805,179445.0,0.4537677429434057
2806,179505.0,0.45418919198858754
2807,179565.0,0.45618950559073446
2808,179625.0,0.4564404758258348
2809,179685.0,0.4548417428413579
2810,179745.0,0.4544436738771187
2811,179805.0,0.4536619337682628
2812,179865.0,0.45296747003126303
2813,179925.0,0.4520315376544054
2814,179985.0,0.4515426665949974
2815,180045.0,0.45132836011977584
2816,180105.0,0.45092003887597765
2817,180165.0,0.4504081801472275
2818,180225.0,0.4500547582089115
2819,180285.0,0.44943947667310746
2820,180345.0,0.4487301132565086
2821,180405.0,0.4478508422214319
2822,180465.0,0.44663162250904775
2823,180525.0,0.4448504190001181
2824,180585.0,0.44322089711371626
2825,180645.0,0.44325359328114844
2826,180705.0,0.44305578208507224
2827,180765.0,0.4426862207830319
2828,180825.0,0.44048171305630657
2829,180885.0,0.4392886685821962
2830,180945.0,0.43887916169242913
2831,181005.0,0.43769909631377957
2832,181065.0,0.4370020883582707
2833,181125.0,0.4366705777125284
2834,181188.0,0.43532723009651586
2835,181245.0,0.4342680779323642
2836,181305.0,0.4333170577494616
2837,181365.0,0.43226804458173673
2838,181425.0,0.43124282625588484
2839,181485.0,0.4297209102294147
2840,181545.0,0.4292748988407932
2841,181605.0,0.42961185761915266
2842,181665.0,0.4319368417693935
2843,181725.0,0.4340805025477287
2844,181785.0,0.43573374719180324
2845,181845.0,0.43605684324944105
2846,181905.0,0.43305862785733973
2847,181965.0,0.4298585789013081
2848,182025.0,0.42681294467047637
2849,182085.0,0.42395466933890924
2850,182145.0,0.4236267001951898
2851,182205.0,0.42277299168880267
2852,182265.0,0.42217799489459484
2853,182325.0,0.42151815792668024
2854,182385.0,0.42036872416516413
2855,182445.0,0.41912172351983434
2856,182505.0,0.4178029941091651
2857,182565.0,0.4172410483005574
2858,182625.0,0.41687912654629466
2859,182685.0,0.4197343600261628
2860,182745.0,0.42270171333861584
2861,182805.0,0.42470439967158846
2862,182865.0,0.4241789868260907
2863,182925.0,0.4214517708655041
2864,182985.0,0.4178260075082624
2865,183045.0,0.41544223935896707
2866,183105.0,0.41425646103773217
2867,183165.0,0.41338904482632266
2868,183228.0,0.41159256711080017
2869,183285.0,0.40949785478916023
2870,183345.0,0.4075898455035426
2871,183405.0,0.40538951249183286
2872,183465.0,0.40350054246479006
2873,183525.0,0.40196552344360825
2874,183585.0,0.3976033256953637
2875,183645.0,0.39425963944798104
2876,183705.0,0.39139201283741276
2877,183765.0,0.3919516415193892
2878,183825.0,0.39237124226573783
2879,183885.0,0.3941304997908568
2880,183945.0,0.39349396509806833
2881,184005.0,0.39163165675178446
2882,184065.0,0.38987287248778424
2883,184125.0,0.3888378462552369
2884,184185.0,0.3876263697645842
2885,184245.0,0.3864863114151317
2886,184305.0,0.38577290447554824
2887,184365.0,0.3830006184884812
2888,184425.0,0.38041322870512895
2889,184485.0,0.3776629285218379
2890,184545.0,0.37466981167590685
2891,184605.0,0.37261723951429704
2892,184665.0,0.37098823285709115
2893,184725.0,0.3696834674500179
2894,184785.0,0.36695580248407744
2895,184845.0,0.3653605929866611
2896,184905.0,0.36486775800642635
2897,184965.0,0.3670425014371964
2898,185025.0,0.36922837812542475
2899,185085.0,0.37179718060628864
2900,185145.0,0.37227548161563273
2901,185205.0,0.37146402026167535
2902,185265.0,0.37101726177500005
2903,185325.0,0.37106453331390443
2904,185385.0,0.37044744294158305
2905,185445.0,0.36990563850445735
2906,185505.0,0.3688208549888722
2907,185565.0,0.3656267682830311
2908,185625.0,0.3623957853982541
2909,185685.0,0.35906359457636383
2910,185745.0,0.35618177500398873
2911,185805.0,0.3533628390506337
2912,185865.0,0.3523501875453282
2913,185925.0,0.35173969362078217
2914,185985.0,0.3521214163475487
2915,186045.0,0.35233551428244525
2916,186105.0,0.3541971449499147
2917,186165.0,0.35613118996587356
2918,186225.0,0.3581978380768597
2919,186285.0,0.3607212191335515
2920,186345.0,0.36009818843419694
2921,186405.0,0.3574381572608575
2922,186465.0,0.3536115085675374
2923,186525.0,0.3508948470202963
2924,186585.0,0.348623724589728
2925,186645.0,0.3475797046172544
2926,186705.0,0.3466731167494873
2927,186765.0,0.34557564533854823
2928,186825.0,0.34425663612698665
2929,186885.0,0.3430545503185596
2930,186945.0,0.34179387918514414
2931,187005.0,0.34088739411460167
2932,187065.0,0.33805053530347384
2933,187125.0,0.33523200336220804
2934,187185.0,0.3322796769613352
2935,187245.0,0.32985976660531324
2936,187305.0,0.328321933003729
2937,187365.0,0.328924131185492
2938,187428.0,0.3293523506965378
2939,187485.0,0.33128950145322966
2940,187545.0,0.3331662452935581
2941,187605.0,0.3351789215803781
2942,187665.0,0.33699086596871075
2943,187725.0,0.3384969783366122
2944,187785.0,0.33575236601203484
2945,187845.0,0.3327567690598553
2946,187905.0,0.3298356146036133
2947,187965.0,0.3273676035658055
2948,188025.0,0.32499679934451364
2949,188085.0,0.32432337503443087
2950,188145.0,0.3235977152806434
2951,188205.0,0.32227943759760924
2952,188265.0,0.32081281289267627
2953,188325.0,0.3193137176326917
2954,188385.0,0.3178441992806704
2955,188445.0,0.31639712799130226
2956,188505.0,0.31517621857496414
2957,188565.0,0.31260764917596173
2958,188625.0,0.3103040151196794
2959,188685.0,0.30868592308582854
2960,188745.0,0.30926036970647475
2961,188805.0,0.3099233435485389
2962,188865.0,0.31051087993083404
2963,188925.0,0.3121696004847797
2964,188985.0,0.3120959232480549
2965,189045.0,0.31134601684993635
2966,189105.0,0.31003892739357697
2967,189165.0,0.3090034522952926
2968,189225.0,0.3079781439559821
2969,189285.0,0.30722690372235983
2970,189345.0,0.3066878243846177
2971,189405.0,0.306460912278253
2972,189465.0,0.30352269078948
2973,189525.0,0.3003129921200095
2974,189585.0,0.2971991927294584
2975,189645.0,0.2941848940617834
2976,189705.0,0.291758845372339
2977,189765.0,0.2908966187059189
2978,189825.0,0.29064388851300915
2979,189888.0,0.2905222235281887
2980,189945.0,0.2903108302252406
2981,190005.0,0.28992032340880114
2982,190065.0,0.2917661635783664
2983,190125.0,0.2936456516413184
2984,190185.0,0.2958596137165467
2985,190245.0,0.2954730083468765
2986,190305.0,0.29488621400618575
2987,190365.0,0.29238464682753884
2988,190425.0,0.2891431177799063
2989,190485.0,0.28683698128966906
2990,190545.0,0.2847002828301929
2991,190605.0,0.28448734724105906
2992,190665.0,0.2836404851813371
2993,190725.0,0.282689801086912
2994,190785.0,0.2815952500152107
2995,190845.0,0.2804284379136053
2996,190905.0,0.27942585075968207
2997,190965.0,0.2764706452430741
2998,191025.0,0.2735559572148045
2999,191085.0,0.27059930852811476
3000,191145.0,0.2679000712775109
3001,191205.0,0.26559718274178634
3002,191265.0,0.2633745681233294
3003,191325.0,0.26399071482210557
3004,191385.0,0.2641011928907008
3005,191445.0,0.2658565906878443
3006,191505.0,0.2676902731886621
3007,191565.0,0.2694471917397605
3008,191625.0,0.2710772142027572
3009,191685.0,0.26844788535980424
3010,191745.0,0.26532188278240365
3011,191805.0,0.2628229846206366
3012,191865.0,0.26029011006859903
3013,191925.0,0.2579528103870167
3014,191985.0,0.2572361781711886
3015,192045.0,0.2567978774346502
3016,192105.0,0.25571044477341376
3017,192165.0,0.254553424706207
3018,192225.0,0.25351436910504643
3019,192285.0,0.2529021071094111
3020,192345.0,0.25244728327453214
3021,192405.0,0.25002673706876577
3022,192465.0,0.24824788674112744
3023,192525.0,0.24675052724921584
3024,192585.0,0.24518968866407612
3025,192645.0,0.2433505745625846
3026,192705.0,0.2455072890592994
3027,192765.0,0.24762855426703786
3028,192825.0,0.24939959791922897
3029,192885.0,0.25070140586608414
3030,192945.0,0.24991505080946955
3031,193005.0,0.24931862232653493
3032,193065.0,0.24824524535497403
3033,193125.0,0.24533852691369815
3034,193185.0,0.24277335791090263
3035,193245.0,0.240182070344561
3036,193305.0,0.23746896318021501
3037,193365.0,0.23465470768554056
3038,193425.0,0.2317603029722339
3039,193485.0,0.22933686918429444
3040,193545.0,0.22688337942997708
3041,193605.0,0.2268198735501656
3042,193665.0,0.22890152064240474
3043,193725.0,0.230755640321568
3044,193785.0,0.23226378382559817
3045,193845.0,0.23338054143818773
3046,193908.0,0.2330124794345331
3047,193965.0,0.23284659078664285
3048,194025.0,0.2306863206462453
3049,194085.0,0.22859970231855722
3050,194145.0,0.22675272565289298
3051,194205.0,0.22538562389637704
3052,194265.0,0.22396838935891958
3053,194325.0,0.22401490673263816
3054,194385.0,0.22661901901298895
3055,194445.0,0.22847344110455034
3056,194505.0,0.23030375407182066
3057,194565.0,0.23170148066576415
3058,194625.0,0.23318592399785218
3059,194685.0,0.2309750864589106
3060,194745.0,0.2289206028497496
3061,194805.0,0.22720385461047246
3062,194865.0,0.22557209599906095
3063,194925.0,0.2237887324141912
3064,194985.0,0.22176978128438044
3065,195045.0,0.21967112707698525
3066,195105.0,0.21714586923609383
3067,195165.0,0.21661241559918046
3068,195225.0,0.21607278566283847
3069,195285.0,0.21548351695533527
3070,195345.0,0.21526100511060778
3071,195405.0,0.21382085418324084
3072,195465.0,0.21210264280626565
3073,195525.0,0.2104990876883939
3074,195585.0,0.2089826521896482
3075,195645.0,0.2074800732981628
3076,195705.0,0.20591171637943476
3077,195765.0,0.2042701732903758
3078,195825.0,0.20261323660156108
3079,195888.0,0.2000100954897194
3080,195945.0,0.19746572677043514
3081,196005.0,0.19502506991419402
3082,196065.0,0.19257904533261652
3083,196125.0,0.19019164666825586
3084,196185.0,0.18781799269952862
3085,196245.0,0.18534105386616587
3086,196305.0,0.1835008936113943
3087,196365.0,0.18397560430384455
3088,196425.0,0.18443185110571178
3089,196485.0,0.18489283445721114
3090,196545.0,0.1848049268465746
3091,196605.0,0.18477202435510334
3092,196665.0,0.18289410059221375
3093,196725.0,0.18118215883676128
3094,196785.0,0.17955795971675306
3095,196845.0,0.17819325063301586
3096,196905.0,0.17676912624388605
3097,196965.0,0.17538735989623191
3098,197025.0,0.17394662960789278
3099,197085.0,0.17199132694782746
3100,197145.0,0.17239332606932825
3101,197205.0,0.1728151010657075
3102,197265.0,0.17294947565426608
3103,197325.0,0.17271581953606577
3104,197388.0,0.17258962847385043
3105,197445.0,0.17078243715371602
3106,197505.0,0.1691243314776356
3107,197565.0,0.1676757213761829
3108,197625.0,0.16654397339414964
3109,197685.0,0.16528250812551828
3110,197745.0,0.1638288663920953
3111,197805.0,0.16493359439644742
3112,197865.0,0.16797139696177296
3113,197925.0,0.16824731374897198
3114,197985.0,0.16811986073124177
3115,198045.0,0.16797504164366686
3116,198105.0,0.16797176203161865
3117,198165.0,0.16572855847564824
3118,198225.0,0.16366359939981115
3119,198285.0,0.16172651594576629
3120,198345.0,0.15987081854103283
3121,198405.0,0.15789315234422438
3122,198465.0,0.15580608758876727
3123,198525.0,0.15360114555188178
3124,198585.0,0.15377257247652173
3125,198645.0,0.1559569149586069
3126,198705.0,0.15844363760459948
3127,198765.0,0.1602827652408851
3128,198828.0,0.16173623009387386
3129,198885.0,0.16149095183196535
3130,198945.0,0.1610967132223435
3131,199005.0,0.161071116528429
3132,199065.0,0.15917636758726503
3133,199125.0,0.1573316604121219
3134,199185.0,0.15541864107262962
3135,199245.0,0.1534085493936794
3136,199305.0,0.1510453520416766
3137,199365.0,0.1504767210211421
3138,199425.0,0.1500017650997024
3139,199485.0,0.14953053793553736
3140,199545.0,0.14892643764518235
3141,199605.0,0.14829027688304383
3142,199665.0,0.14774117874224715
3143,199725.0,0.14551521152285654
3144,199785.0,0.1432144588349162
3145,199848.0,0.1414798701434873
3146,199905.0,0.13988566574252678
3147,199965.0,0.13848674623268128
3148,200025.0,0.13717408350773005
3149,200085.0,0.13591683680241964
3150,200145.0,0.13443043246693923
3151,200205.0,0.13237168890808618
3152,200265.0,0.13285737067929052
3153,200325.0,0.13339817398092133
3154,200385.0,0.13400755847428006
3155,200445.0,0.1342783821604643
3156,200505.0,0.1340287157193827
3157,200565.0,0.132234198611432
3158,200625.0,0.12995597362022696
3159,200685.0,0.12825666010366724
3160,200745.0,0.1268799774864561
3161,200805.0,0.1255327799309375
3162,200865.0,0.12411986707311676
3163,200925.0,0.12271772970527903
3164,200985.0,0.12102414338117376
3165,201045.0,0.12143359912425941
3166,201105.0,0.12189259192951576
3167,201165.0,0.12247394878375786
3168,201225.0,0.12290940799454017
3169,201285.0,0.12293852633420796
3170,201345.0,0.12295347590938507
3171,201405.0,0.12105691181530445
3172,201465.0,0.11970630514364558
3173,201525.0,0.11873748886723204
3174,201585.0,0.11769768582013954
3175,201645.0,0.11657858046167482
3176,201705.0,0.11516245539471529
3177,201765.0,0.11561748891170179
3178,201825.0,0.11609185562449778
3179,201885.0,0.11664243726824527
3180,201945.0,0.11696452011423622
3181,202005.0,0.11699277052256071
3182,202065.0,0.11692842790396316
3183,202125.0,0.1145204760323584
3184,202185.0,0.11278666650076011
3185,202245.0,0.11144886259978012
3186,202305.0,0.11009322995137086
3187,202365.0,0.10860446634895674
3188,202425.0,0.10683310566612578
3189,202485.0,0.10722386041481066
3190,202545.0,0.10764189384752962
3191,202605.0,0.10808480731406175
3192,202665.0,0.10809635352449867
3193,202725.0,0.10782306866649297
3194,202785.0,0.10632228503835542
3195,202845.0,0.10471767869560164
3196,202905.0,0.10367851769930322
3197,202965.0,0.10259544088187281
3198,203025.0,0.101342026991565
3199,203085.0,0.09965690824999243
3200,203145.0,0.0977968282374532
3201,203205.0,0.09775604616607689
3202,203265.0,0.09773754653438851
3203,203325.0,0.09762425002820543
3204,203385.0,0.09756136993862138
3205,203445.0,0.09763390409652603
3206,203505.0,0.0959836412724688
3207,203565.0,0.09439774941915971
3208,203625.0,0.09294217619055337
3209,203685.0,0.09146222384749783
3210,203745.0,0.08970428929562954
3211,203805.0,0.08804561022528354
3212,203868.0,0.0863899603091551
3213,203925.0,0.08681452713147239
3214,203985.0,0.08724338778829097
3215,204045.0,0.08769842612047221
3216,204105.0,0.08815908806302672
3217,204165.0,0.0886597793317517
3218,204225.0,0.08921849125625134
3219,204285.0,0.08931876244998768
3220,204345.0,0.08940113288874571
3221,204405.0,0.08771217850326876
3222,204465.0,0.0862139352003359
3223,204525.0,0.08499078130483975
3224,204585.0,0.08387332272920259
3225,204645.0,0.08274825208486328
3226,204705.0,0.08158715851854378
3227,204765.0,0.07993003711660276
3228,204825.0,0.08048179868463848
3229,204885.0,0.08103765168397084
3230,204945.0,0.08156774321450025
3231,205005.0,0.08164927762040056
3232,205065.0,0.08157790669638423
3233,205125.0,0.07971401340827247
3234,205185.0,0.07754746629565915
3235,205245.0,0.07617852615003198
3236,205305.0,0.07483726619256167
3237,205365.0,0.07333809345801842
3238,205425.0,0.07173931009076315
3239,205485.0,0.07217010637850388
3240,205545.0,0.07259270013860156
3241,205605.0,0.07302232881370166
3242,205665.0,0.07346128549014588
3243,205725.0,0.07388636107526705
3244,205785.0,0.07432299201497797
3245,205845.0,0.07475576744291515
3246,205905.0,0.07521496779686507
3247,205965.0,0.07570751274912138
3248,206025.0,0.07620611616683673
3249,206085.0,0.07673209719782001
3250,206145.0,0.07693778353098071
3251,206205.0,0.07712918172669744
3252,206265.0,0.07711935135565665
3253,206325.0,0.07702143868199748
3254,206385.0,0.07691024201961735
3255,206445.0,0.07684005211156933
3256,206505.0,0.07683286565143102
3257,206565.0,0.07687224485305968
3258,206628.0,0.07692705758784793
3259,206685.0,0.07703771372452164
3260,206745.0,0.07715830597647813
3261,206805.0,0.07724698286831191
3262,206865.0,0.0773271864796922
3263,206925.0,0.07737236280163515
3264,206985.0,0.07741775981714669
3265,207045.0,0.07749994563074694
3266,207105.0,0.0775270505248922
3267,207165.0,0.07747936946041559
3268,207225.0,0.07749910800061624
3269,207285.0,0.0775144347075312
3270,207345.0,0.07746955724260182
3271,207405.0,0.07734246431662015
3272,207465.0,0.07720162557338364
3273,207525.0,0.0770425899554322
3274,207585.0,0.07696549382613602
3275,207645.0,0.07694376137933737
3276,207705.0,0.07692526779536887
3277,207765.0,0.07678809410819146
3278,207825.0,0.0766495353287803
3279,207885.0,0.07661232879330684
3280,207945.0,0.0767204595812375
3281,208005.0,0.07688688300212068
3282,208065.0,0.07708083011286834
3283,208125.0,0.07728927462223648
3284,208185.0,0.07746354632754612
3285,208245.0,0.07752786402484727
3286,208305.0,0.07747003060491034
3287,208365.0,0.07739010958789996
3288,208425.0,0.07730115116596123
3289,208485.0,0.07718057308630014
3290,208545.0,0.07709839550276018
3291,208605.0,0.07400792369401857
3292,208665.0,0.07088388865352244
3293,208725.0,0.0705990173697996
3294,208785.0,0.07074327141468048
3295,208845.0,0.07102274385525056
3296,208905.0,0.07117557330272653
3297,208965.0,0.07161624904101724
3298,209025.0,0.07200523487131502
3299,209085.0,0.07238323396170923
3300,209145.0,0.07275991531491452
3301,209205.0,0.07315850260491422
3302,209265.0,0.07357462039411514
3303,209325.0,0.07398854608962405
3304,209385.0,0.07360044216965736
3305,209445.0,0.07124691046020729
3306,209505.0,0.0685922485350264
3307,209565.0,0.0666043729962699
3308,209625.0,0.06503581176022596
3309,209685.0,0.06353057555365418
3310,209745.0,0.06208228185140255
3311,209805.0,0.06062293452803871
3312,209865.0,0.06115871434419784
3313,209925.0,0.061743757310629116
3314,209985.0,0.06229604813877607
3315,210045.0,0.06283623936552277
3316,210105.0,0.06338685193834273
3317,210165.0,0.06395414014284859
3318,210225.0,0.0644976580738266
3319,210285.0,0.06500985199270584
3320,210345.0,0.06548784939096428
3321,210405.0,0.06595871479348317
3322,210465.0,0.06646151412134091
3323,210525.0,0.06695298636969851
3324,210585.0,0.06745506928893244
3325,210645.0,0.06759833289224934
3326,210705.0,0.0676972501785291
3327,210765.0,0.06766023587727668
3328,210825.0,0.06760250083756411
3329,210885.0,0.06751619752619295
3330,210945.0,0.06748225134988864
3331,211005.0,0.0676612831410632
3332,211065.0,0.06788405735680639
3333,211125.0,0.06803256882108041
3334,211185.0,0.06812276805579301
3335,211245.0,0.06830149148186596
3336,211305.0,0.06851999036080805
3337,211365.0,0.07172287330930807
3338,211425.0,0.07423124484388868
3339,211485.0,0.07475046939150007
3340,211545.0,0.07483672034559016
3341,211605.0,0.07495897273452942
3342,211665.0,0.07498268294853469
3343,211725.0,0.07490381182661768
3344,211785.0,0.07492679461962123
3345,211845.0,0.07455296109851547
3346,211905.0,0.07415790347783532
3347,211965.0,0.07364781563781733
3348,212025.0,0.0729904887121621
3349,212085.0,0.07227322312061848
3350,212145.0,0.07156392540947396
3351,212205.0,0.07077017196528465
3352,212265.0,0.07006105910419339
3353,212325.0,0.06935301152297493
3354,212385.0,0.06907373625702753
3355,212445.0,0.06881103734582752
3356,212505.0,0.06860356077820487
3357,212565.0,0.0686072485890962
3358,212625.0,0.06867337202664817
3359,212685.0,0.06870896720390898
3360,212745.0,0.06871041892688642
3361,212805.0,0.06864543539165605
3362,212865.0,0.06852830736154333
3363,212928.0,0.06842428182947771
3364,212985.0,0.06834557607794586
3365,213045.0,0.06828520548717407
3366,213105.0,0.0683018171886828
3367,213165.0,0.06846739038676078
3368,213225.0,0.06811811078042765
3369,213285.0,0.06777239952774525
3370,213345.0,0.06742592889010249
3371,213405.0,0.06704093291534644
3372,213465.0,0.06664370072336431
3373,213525.0,0.06627407414219885
3374,213585.0,0.0657574366827742
3375,213645.0,0.06513154174902155
3376,213705.0,0.06483755907491742
3377,213765.0,0.06455537145130844
3378,213825.0,0.06432204522307541
3379,213885.0,0.06427667277438079
3380,213945.0,0.0643461302558603
3381,214005.0,0.0644174648221151
3382,214065.0,0.06455276059249529
3383,214125.0,0.06460570447622963
3384,214185.0,0.06456231764310447
3385,214245.0,0.06443361033875442
3386,214305.0,0.06432819523298919
3387,214365.0,0.06427053448631473
3388,214425.0,0.06424349354192635
3389,214485.0,0.06427418829519968
3390,214545.0,0.06431820976545635
3391,214605.0,0.06437866752127094
3392,214665.0,0.06439601606229597
3393,214725.0,0.06434754457652561
3394,214785.0,0.06430347989543753
3395,214845.0,0.06422568635179063
3396,214905.0,0.06414374532665582
3397,214965.0,0.06402541326196512
3398,215025.0,0.06385482392485084
3399,215085.0,0.06370154680241943
3400,215145.0,0.06360023502308274
3401,215205.0,0.06353324866945545
3402,215265.0,0.06347778240537064
3403,215325.0,0.06345413974955319
3404,215385.0,0.06340749947955235
3405,215445.0,0.06337829499533196
3406,215505.0,0.063361952887494
3407,215565.0,0.06334833447821761
3408,215625.0,0.06330436383076402
3409,215685.0,0.06328988554092604
3410,215745.0,0.06327253347048586
3411,215805.0,0.06322971345256936
3412,215865.0,0.06320335636391486
3413,215925.0,0.06324106950381805
3414,215985.0,0.06338701557326978
3415,216045.0,0.06356511389572375
3416,216105.0,0.06372574742923562
3417,216165.0,0.0637499788470964
3418,216225.0,0.06369896941049827
3419,216285.0,0.06361481724299387
3420,216345.0,0.06354218036129647
3421,216405.0,0.06346826179484713
3422,216465.0,0.0633938784450245
3423,216525.0,0.06333701214635903
3424,216585.0,0.06330140023771982
3425,216645.0,0.06331883189521995
3426,216708.0,0.06333674581795126
3427,216765.0,0.06336376788817658
3428,216825.0,0.06340517371211232
3429,216885.0,0.0634112194595696
3430,216945.0,0.06345103139111932
3431,217005.0,0.06352171427514133
3432,217065.0,0.0635643202433536
3433,217125.0,0.06356507509809531
3434,217185.0,0.06354322078321259
3435,217245.0,0.06347526874071288
3436,217305.0,0.0633655138974539
3437,217365.0,0.06323114129144455
3438,217425.0,0.06310966997086767
3439,217485.0,0.06302746996551137
3440,217545.0,0.06295118931726287
3441,217605.0,0.06291332885868892
3442,217665.0,0.06290693919334192
3443,217725.0,0.06290273155777162
3444,217785.0,0.06288670977986191
3445,217845.0,0.06285030282095902
3446,217905.0,0.06279477989318902
3447,217965.0,0.06275621879393142
3448,218025.0,0.06272901433484887
3449,218085.0,0.06272428250693798
3450,218145.0,0.06272244219992532
3451,218205.0,0.06273264943576942
3452,218265.0,0.06269435989633479
3453,218325.0,0.0626308394944575
3454,218385.0,0.0625667646381127
3455,218445.0,0.06251617190259381
3456,218505.0,0.0625213591913382
3457,218565.0,0.06257979389001114
3458,218625.0,0.06263353607339786
3459,218685.0,0.06268389311795033
3460,218745.0,0.062731110131761
3461,218805.0,0.06275904691290665
3462,218865.0,0.06276728893713004
3463,218925.0,0.06279106534794457
3464,218985.0,0.06277856200642032
3465,219045.0,0.06273471383996568
3466,219105.0,0.06263589321719068
3467,219165.0,0.06253871395791352
3468,219225.0,0.06247055759363948
3469,219285.0,0.06238676655301337
3470,219345.0,0.06227512930403192
3471,219405.0,0.062227836713810186
3472,219465.0,0.06235650338334339
3473,219525.0,0.06250754448151688
3474,219585.0,0.0626124501135277
3475,219645.0,0.06249797670544291
3476,219705.0,0.06233760353847875
3477,219765.0,0.062255291473591295
3478,219825.0,0.062234961328709065
3479,219885.0,0.06224196452578448
3480,219945.0,0.06224109608934672
3481,220005.0,0.06227992965106663
3482,220065.0,0.06239770609267051
3483,220125.0,0.06258967212637015
3484,220185.0,0.06281452729899575
3485,220245.0,0.06306498608125957
3486,220305.0,0.06325539938420358
3487,220365.0,0.0633923893426073
3488,220425.0,0.06358667583716113
3489,220485.0,0.06379591276966981
3490,220545.0,0.06393729754552982
3491,220605.0,0.06403173082636596
3492,220665.0,0.06412014969805932
3493,220725.0,0.06413730173342694
3494,220785.0,0.06419490745333603
3495,220845.0,0.06426346245035333
3496,220905.0,0.0643127269307662
3497,220965.0,0.06436453290109231
3498,221025.0,0.06444522617660528
3499,221085.0,0.06456458334565499
3500,221145.0,0.06472157316237168
3501,221205.0,0.06492011267514688
3502,221265.0,0.06507949974359403
3503,221325.0,0.06527714633012785
3504,221385.0,0.065467068049914
3505,221445.0,0.06562098786143553
3506,221505.0,0.06579178268505817
3507,221565.0,0.06594713954585404
3508,221625.0,0.0660771661153938
3509,221685.0,0.06621754280184669
3510,221745.0,0.06631845848588017
3511,221805.0,0.06630031103262932
3512,221865.0,0.06631226358617984
3513,221925.0,0.06635400785547926
3514,221985.0,0.06637007383307722
3515,222045.0,0.06637919675872209
3516,222105.0,0.06639226091912673
3517,222165.0,0.06344677032929688
3518,222225.0,0.06124424192494285
3519,222285.0,0.06111144792972725
3520,222345.0,0.06141122386530565
3521,222405.0,0.06161722097323136
3522,222465.0,0.06194547262541614
3523,222525.0,0.062379008748328274
3524,222585.0,0.06268340588401547
3525,222645.0,0.06343516633555943
3526,222705.0,0.0641984823026536
3527,222765.0,0.06498267698250712
3528,222825.0,0.06584628383284777
3529,222885.0,0.06678389316337682
3530,222945.0,0.0677112206297211
3531,223005.0,0.06863550747907712
3532,223065.0,0.06949329566382004
3533,223125.0,0.0703780808853817
3534,223185.0,0.07095818602987972
3535,223245.0,0.0714633534616819
3536,223305.0,0.07186453453012251
3537,223365.0,0.07193874125825842
3538,223425.0,0.07373520565637423
3539,223485.0,0.07529942143263116
3540,223545.0,0.07672028219320862
3541,223605.0,0.07824486644972786
3542,223665.0,0.07989332844395183
3543,223725.0,0.08167699386925922
3544,223785.0,0.0836152438203048
3545,223845.0,0.08324802984130472
3546,223905.0,0.08277223540569664
3547,223965.0,0.08214745162829643
3548,224025.0,0.08242991565483185
3549,224085.0,0.08311710244649442
3550,224145.0,0.08539937704334497
3551,224205.0,0.08750626176680051
3552,224265.0,0.08939325811998292
3553,224325.0,0.09108019818371185
3554,224385.0,0.09279477630044555
3555,224445.0,0.09457040647836681
3556,224505.0,0.09643793193407388
3557,224565.0,0.0961468159974864
3558,224625.0,0.09573991314600325
3559,224685.0,0.09515466157935029
3560,224745.0,0.09476601265002263
3561,224805.0,0.09473219043283324
3562,224865.0,0.09641792860183854
3563,224925.0,0.09906566324386565
3564,224985.0,0.10040422731793394
3565,225045.0,0.10034316426734799
3566,225105.0,0.10030054575806849
3567,225165.0,0.09990393366258762
3568,225225.0,0.0994819588936757
3569,225285.0,0.09902063264544117
3570,225345.0,0.09853411494146289
3571,225405.0,0.09801770181210548
3572,225465.0,0.09753989404535693
3573,225525.0,0.09710980505731351
3574,225585.0,0.09669487788519984
3575,225645.0,0.09630559771106531
3576,225705.0,0.09637165239606679
3577,225765.0,0.09639325363834542
3578,225825.0,0.09652269454669751
3579,225885.0,0.0967552572748285
3580,225945.0,0.0969750271643415
3581,226005.0,0.09720134116307685
3582,226065.0,0.09741522229891944
3583,226125.0,0.09744823042923759
3584,226185.0,0.09755167024407116
3585,226245.0,0.09761384562658434
3586,226305.0,0.09778854322833505
3587,226365.0,0.09799489092733457
3588,226425.0,0.09835962701443693
3589,226485.0,0.09876096835207507
3590,226545.0,0.09914844394423258
3591,226605.0,0.09944616246983282
3592,226665.0,0.09964503783909309
3593,226725.0,0.09973041828474402
3594,226785.0,0.09967830883378673
3595,226845.0,0.09961816017620664
3596,226905.0,0.09962383329060784
3597,226965.0,0.09980692158849072
3598,227025.0,0.10009468379850042
3599,227085.0,0.10040509430684633
3600,227145.0,0.10074100801001276
3601,227208.0,0.10102011626851867
3602,227265.0,0.10128413580229637
3603,227325.0,0.10141949212326037
3604,227385.0,0.1033844819925209
3605,227445.0,0.10546059518091103
3606,227505.0,0.10727110114221408
3607,227565.0,0.10908213212919934
3608,227625.0,0.11093909736994964
3609,227685.0,0.11100553176649366
3610,227745.0,0.1109577303939683
3611,227805.0,0.11079793477285968
3612,227865.0,0.11095749320396961
3613,227925.0,0.11136553567923937
3614,227985.0,0.11143646657710368
3615,228045.0,0.11137855524107129
3616,228105.0,0.11159990525433608
3617,228165.0,0.11175165323777228
3618,228225.0,0.11403118317563107
3619,228285.0,0.11646549946932025
3620,228345.0,0.11882799173508699
3621,228405.0,0.12081498838841129
3622,228465.0,0.12251686696980088
3623,228525.0,0.12413400495556362
3624,228585.0,0.12579959859482373
3625,228645.0,0.12760696295437648
3626,228705.0,0.1272255855585304
3627,228765.0,0.12679304674927924
3628,228825.0,0.12635166699858882
3629,228885.0,0.12588944273946082
3630,228945.0,0.12593774451219888
3631,229005.0,0.1264214445064192
3632,229065.0,0.1295429864632208
3633,229125.0,0.13233574071243823
3634,229185.0,0.1344573264967683
3635,229245.0,0.1359487329984285
3636,229305.0,0.13751787979921562
3637,229365.0,0.13912973663527542
3638,229425.0,0.1407139683375738
3639,229485.0,0.14268037636517691
3640,229545.0,0.14214291891624017
3641,229605.0,0.14154917086053956
3642,229665.0,0.1409350870173013
3643,229725.0,0.14058941264552807
3644,229785.0,0.14090055168780183
3645,229845.0,0.14262832417946805
3646,229905.0,0.144599235700253
3647,229965.0,0.146192348619356
3648,230025.0,0.1475014987214253
3649,230085.0,0.1488325443142726
3650,230145.0,0.15033802458464077
3651,230205.0,0.15215609388871346
3652,230265.0,0.15467142846673446
3653,230325.0,0.15403521263370537
3654,230385.0,0.15331741921666217
3655,230445.0,0.1527597885597856
3656,230505.0,0.15254709812856018
3657,230565.0,0.15295805402630222
3658,230625.0,0.15521307804665488
3659,230685.0,0.1574889332816035
3660,230745.0,0.15926412709814466
3661,230805.0,0.16064396793121385
3662,230865.0,0.16205093349775582
3663,230925.0,0.16340360595226125
3664,230985.0,0.16483524364513766
3665,231045.0,0.16658013465469182
3666,231105.0,0.16600583430804614
3667,231165.0,0.16543903834427828
3668,231225.0,0.16482497619239259
3669,231285.0,0.16484210295632803
3670,231345.0,0.16499289278105603
3671,231405.0,0.1677688684195551
3672,231465.0,0.1694652514710505
3673,231525.0,0.1708126859248207
3674,231585.0,0.17185705627765632
3675,231645.0,0.17302110262937223
3676,231705.0,0.17481774545052828
3677,231765.0,0.1775624264764242
3678,231825.0,0.17691342233173515
3679,231885.0,0.17623898249482498
3680,231945.0,0.17608859958969655
3681,232005.0,0.17612576534275817
3682,232065.0,0.1782001112404308
3683,232125.0,0.17998472609920527
3684,232185.0,0.18134055917522343
3685,232245.0,0.18243844276962576
3686,232305.0,0.18360877079452684
3687,232365.0,0.1850189924117022
3688,232425.0,0.18690224441376127
3689,232485.0,0.1862286912569223
3690,232545.0,0.1855063478961206
3691,232605.0,0.18475191696110835
3692,232665.0,0.1842747372104104
3693,232725.0,0.1842095980368337
3694,232785.0,0.18429928328168985
3695,232845.0,0.1866651857900358
3696,232905.0,0.18837090468971643
3697,232965.0,0.18949659047956438
3698,233025.0,0.1906772503899611
3699,233085.0,0.19182745914683166
3700,233145.0,0.19294430734539383
3701,233205.0,0.19420190787789213
3702,233265.0,0.19577364619713297
3703,233325.0,0.1949672866196596
3704,233388.0,0.19414230373631639
3705,233445.0,0.19330764910897566
3706,233505.0,0.19279924699555398
3707,233565.0,0.19292704025508625
3708,233625.0,0.19524590223713315
3709,233685.0,0.19726149091014436
3710,233745.0,0.19867723090986458
3711,233805.0,0.19967123892122277
3712,233865.0,0.20080451022818116
3713,233925.0,0.20198982912821592
3714,233985.0,0.2030552523485363
3715,234045.0,0.20433676611716114
3716,234105.0,0.20604994630641102
3717,234165.0,0.2054929966197254
3718,234225.0,0.20315408923218095
3719,234285.0,0.2010029926300362
3720,234345.0,0.19942707209801638
3721,234405.0,0.19824099243846885
3722,234465.0,0.19931816868454746
3723,234525.0,0.20002428426506022
3724,234585.0,0.20005116231210238
3725,234645.0,0.20199864907376244
3726,234708.0,0.20419166859241536
3727,234765.0,0.20638012599301683
3728,234825.0,0.20815709395646323
3729,234885.0,0.20948833268537684
3730,234945.0,0.20950334066300583
3731,235008.0,0.2073962540316097
3732,235065.0,0.2054862829740158
3733,235125.0,0.203768489546906
3734,235185.0,0.20236554983679786
3735,235245.0,0.20152142390638553
3736,235305.0,0.20239989170568437
3737,235365.0,0.20556224254498465
3738,235425.0,0.2082951708706928
3739,235485.0,0.21032784967834364
3740,235545.0,0.2121859217231067
3741,235605.0,0.21386103122567438
3742,235665.0,0.21397766942199867
3743,235725.0,0.21312868420270267
3744,235785.0,0.21341650282346833
3745,235845.0,0.2151579556923239
3746,235905.0,0.21482993804168185
3747,235965.0,0.21477331211648928
3748,236025.0,0.21469913520983538
3749,236085.0,0.21500315944476892
3750,236145.0,0.21585042275944058
3751,236205.0,0.21950567458895834
3752,236265.0,0.22253032679816423
3753,236325.0,0.22554221984433578
3754,236385.0,0.22774476526993112
3755,236445.0,0.2298560004261158
3756,236505.0,0.23171344492664323
3757,236565.0,0.23383840594025088
3758,236625.0,0.23571617619595367
3759,236685.0,0.23725607590790856
3760,236745.0,0.23850969238870948
3761,236805.0,0.23959809129385365
3762,236865.0,0.24075221117082415
3763,236925.0,0.24222413033676685
3764,236985.0,0.24157466336643865
3765,237045.0,0.24093678342685668
3766,237105.0,0.24017368131452546
3767,237165.0,0.23979256765735377
3768,237225.0,0.23996732554709968
3769,237285.0,0.24192831723740862
3770,237345.0,0.2443154307586937
3771,237405.0,0.24693667028743446
3772,237465.0,0.24927836982424742
3773,237525.0,0.2512672135997852
3774,237585.0,0.2535790132205087
3775,237645.0,0.2554714633202685
3776,237705.0,0.2548975898285927
3777,237765.0,0.2542416680210532
3778,237825.0,0.253521431770662
3779,237885.0,0.2533345871477344
3780,237945.0,0.25336223720517537
3781,238005.0,0.25585486232261967
3782,238065.0,0.25835169506307865
3783,238125.0,0.26064062445002845
3784,238185.0,0.2610508954056574
3785,238245.0,0.2610915807309956
3786,238305.0,0.26145352898661123
3787,238365.0,0.26184101424171136
3788,238425.0,0.2620896199261208
3789,238485.0,0.26428620785556245
3790,238545.0,0.2656731002912196
3791,238605.0,0.2669297301385407
3792,238665.0,0.2680563566452997
3793,238725.0,0.26715302713122036
3794,238785.0,0.2665928131449984
3795,238845.0,0.26619194781269595
3796,238905.0,0.265501383479137
3797,238965.0,0.26586565639024395
3798,239025.0,0.2656907054459713
3799,239085.0,0.2665232243193528
3800,239145.0,0.26687539350281764
3801,239205.0,0.2678458469545374
3802,239265.0,0.27050901400949423
3803,239325.0,0.27193516204678303
3804,239385.0,0.27287478694067124
3805,239445.0,0.2735366792108034
3806,239505.0,0.2764459576605066
3807,239565.0,0.27952448830513565
3808,239625.0,0.28281596644244567
3809,239685.0,0.28615681465908027
3810,239745.0,0.2890362002136324
3811,239805.0,0.2916418556383439
3812,239868.0,0.29129462388860905
3813,239925.0,0.29089851468018313
3814,239985.0,0.2910946727458653
3815,240045.0,0.2911227838738659
3816,240105.0,0.2908463850557942
3817,240165.0,0.2887678448429073
3818,240225.0,0.28666551118866257
3819,240285.0,0.28416021817501347
3820,240345.0,0.2841126032998158
3821,240405.0,0.28491061189123545
3822,240465.0,0.28783778589953435
3823,240525.0,0.29229596831168503
3824,240585.0,0.295044245197147
3825,240645.0,0.2964557028222319
3826,240705.0,0.2975312048292955
3827,240765.0,0.2989927075289893
3828,240825.0,0.30084792813835226
3829,240885.0,0.3029932028857584
3830,240945.0,0.30502104008902886
3831,241005.0,0.3068043474610921
3832,241065.0,0.30767098054731457
3833,241125.0,0.3117712383898682
3834,241185.0,0.3160321912043923
3835,241245.0,0.3195468553224855
3836,241305.0,0.3227172205304537
3837,241365.0,0.3244343255394283
3838,241425.0,0.3217532486009409
3839,241485.0,0.3190251623477536
3840,241545.0,0.3173320362239379
3841,241605.0,0.31782306534173654
3842,241665.0,0.31900241840219046
3843,241725.0,0.3212818936920293
3844,241785.0,0.3223551398825665
3845,241845.0,0.3237908502467477
3846,241905.0,0.3274586040399293
3847,241965.0,0.33078990576545575
3848,242025.0,0.3347580466860386
3849,242085.0,0.338187494905849
3850,242145.0,0.34142844512724535
3851,242205.0,0.34201494044928205
3852,242265.0,0.34369932948909265
3853,242325.0,0.34598226978325053
3854,242385.0,0.3474286888325958
3855,242445.0,0.3483994369136678
3856,242505.0,0.34599744417580014
3857,242565.0,0.3425937981535504
3858,242625.0,0.3427922236832316
3859,242685.0,0.34332555379632035
3860,242745.0,0.34576265396282146
3861,242805.0,0.34951493051757865
3862,242865.0,0.35031759438412713
3863,242925.0,0.3509291464958092
3864,242985.0,0.3519483351162368
3865,243045.0,0.35328010690727185
3866,243105.0,0.35456356502652775
3867,243165.0,0.35577383014586417
3868,243225.0,0.3566258656172272
3869,243285.0,0.36037399693276784
3870,243345.0,0.36396701205544146
3871,243405.0,0.36618317931038014
3872,243465.0,0.36764843238858425
3873,243525.0,0.36875743291014496
3874,243585.0,0.36988275526935843
3875,243645.0,0.3688435048695097
3876,243705.0,0.36829525249336215
3877,243765.0,0.3691212699817551
3878,243825.0,0.36999640183986393
3879,243885.0,0.3698177058140285
3880,243945.0,0.3713334115428911
3881,244005.0,0.3729114873872611
3882,244065.0,0.3744767018131663
3883,244125.0,0.37926132247895805
3884,244185.0,0.38286620144747685
3885,244245.0,0.3828989649175558
3886,244305.0,0.3825414265893393
3887,244365.0,0.38200326387371697
3888,244425.0,0.3810891607633399
3889,244485.0,0.3816230076514525
3890,244545.0,0.3822654911137833
3891,244605.0,0.38399696963565455
3892,244665.0,0.38576663362115904
3893,244725.0,0.3870771308183636
3894,244785.0,0.3883980714937637
3895,244845.0,0.3893512667648369
3896,244905.0,0.39059859199460345
3897,244965.0,0.39458706393207754
3898,245028.0,0.3985519861642749
3899,245085.0,0.40270634039023767
3900,245145.0,0.4064522211271264
3901,245205.0,0.4088633347615952
3902,245265.0,0.4082032046054651
3903,245325.0,0.4052626060423079
3904,245385.0,0.4028440106234291
3905,245445.0,0.40125406059798585
3906,245505.0,0.40142490046415125
3907,245565.0,0.4031083715093281
3908,245625.0,0.40421242304791527
3909,245685.0,0.40564903239777594
3910,245745.0,0.406714843036747
3911,245805.0,0.40986578462387036
3912,245865.0,0.4131827877209808
3913,245925.0,0.4162576197368568
3914,245985.0,0.41985432791266153
3915,246045.0,0.42272749648675745
3916,246105.0,0.42356855287505113
3917,246165.0,0.4245251994420548
3918,246225.0,0.42535479573275115
3919,246285.0,0.42669005964035545
3920,246345.0,0.4270687314592223
3921,246405.0,0.4247622833675003
3922,246465.0,0.42245589706440434
3923,246525.0,0.42055789966882695
3924,246588.0,0.4212097165404638
3925,246645.0,0.4228826487155969
3926,246705.0,0.4262701163285203
3927,246765.0,0.4291719566168546
3928,246825.0,0.43209886989888735
3929,246885.0,0.4345251539858531
3930,246945.0,0.4365795593964128
3931,247005.0,0.43644145798962575
3932,247065.0,0.4363226141732487
3933,247125.0,0.43337990269692683
3934,247185.0,0.43117463312472426
3935,247245.0,0.42902089487332196
3936,247305.0,0.42720150630125775
3937,247365.0,0.42721239586599635
3938,247425.0,0.42895719673402255
3939,247485.0,0.429994537462456
3940,247545.0,0.4314804838604632
3941,247605.0,0.4331663796728623
3942,247665.0,0.43456291614649845
3943,247725.0,0.43572678363753503
3944,247785.0,0.43969709260364576
3945,247845.0,0.4434567126782304
3946,247905.0,0.4472013156070882
3947,247965.0,0.4507855631622454
3948,248025.0,0.45385207134663397
3949,248085.0,0.45438108772635044
3950,248145.0,0.45422249927736746
3951,248205.0,0.4533500253671564
3952,248265.0,0.45035682141724054
3953,248325.0,0.44772764852578306
3954,248385.0,0.4453191990045152
3955,248445.0,0.4451421272668544
3956,248505.0,0.4492693944516155
3957,248565.0,0.4525288237024435
3958,248625.0,0.4562531428770822
3959,248685.0,0.459196752864674
3960,248745.0,0.46186613746712124
3961,248805.0,0.4619514356488017
3962,248865.0,0.4625454535189598
3963,248925.0,0.46334223761812054
3964,248985.0,0.46444607445521535
3965,249045.0,0.4657684668110996
3966,249105.0,0.4671427567320542
3967,249165.0,0.4677127776831278
3968,249225.0,0.4676547875663043
3969,249285.0,0.464835331177443
3970,249345.0,0.4630565733995575
3971,249405.0,0.461771138732083
3972,249465.0,0.4627195732617596
3973,249525.0,0.4671244415726744
3974,249585.0,0.4703855062528849
3975,249645.0,0.4740099184492841
3976,249705.0,0.4773820601083115
3977,249765.0,0.4797527821273878
3978,249825.0,0.48050789814652084
3979,249885.0,0.4799255056854338
3980,249945.0,0.4805814587267545
3981,250005.0,0.48102831501429644
3982,250065.0,0.48030671994696383
3983,250125.0,0.48107705975180604
3984,250185.0,0.481455391277007
3985,250245.0,0.4785529722905537
3986,250305.0,0.475540885620484
3987,250365.0,0.47292125900883564
3988,250425.0,0.4723353076185608
3989,250485.0,0.47284354332105283
3990,250545.0,0.47275548373025755
3991,250605.0,0.4720326677265808
3992,250665.0,0.47220398781553696
3993,250725.0,0.472888244263563
3994,250785.0,0.47344465130528257
3995,250845.0,0.47461136879945964
3996,250905.0,0.47621622495999716
3997,250965.0,0.47957859391953284
3998,251025.0,0.48311339942123466
3999,251085.0,0.4859900880459901
4000,251145.0,0.48603620303851724
4001,251205.0,0.48523115439830133
4002,251265.0,0.48252338861027055
4003,251325.0,0.47836912910301976
4004,251385.0,0.47792782767405617
4005,251445.0,0.4783838822707317
4006,251505.0,0.47793759418178683
4007,251565.0,0.4778295421941928
4008,251625.0,0.47769983414309025
4009,251685.0,0.47717654505559903
4010,251745.0,0.47628937436938934
4011,251805.0,0.47528442852048114
4012,251865.0,0.4746143013196994
4013,251925.0,0.4740279783874176
4014,251985.0,0.47351381428281847
4015,252045.0,0.4738126118798799
4016,252105.0,0.47436687607833405
4017,252165.0,0.4718478717739577
4018,252225.0,0.47182394201619726
4019,252285.0,0.4720438186140211
4020,252345.0,0.4721144349270988
4021,252408.0,0.4730479385681011
4022,252465.0,0.4733886213996753
4023,252525.0,0.4723861098541998
4024,252585.0,0.4721831296803213
4025,252645.0,0.4711530114638419
4026,252705.0,0.47048929948016815
4027,252765.0,0.47052744039975924
4028,252825.0,0.4700236696871417
4029,252885.0,0.46954084860013745
4030,252945.0,0.4689586800400608
4031,253005.0,0.46846757827605223
4032,253065.0,0.46813121312279815
4033,253125.0,0.467545652767128
4034,253188.0,0.46719932381918994
4035,253245.0,0.46638679681849593
4036,253305.0,0.46635569240664565
4037,253365.0,0.4663383924736536
4038,253425.0,0.46636009733184147
4039,253485.0,0.46648796965421424
4040,253545.0,0.4667712242067449
4041,253605.0,0.4665377211689228
4042,253665.0,0.4663741611088359
4043,253725.0,0.46620274221565006
4044,253785.0,0.4662435038713777
4045,253845.0,0.46658168985671866
4046,253905.0,0.46664631223679487
4047,253965.0,0.46649053389720485
4048,254025.0,0.46622333495931356
4049,254085.0,0.46571330655230814
4050,254145.0,0.46548505712315646
4051,254205.0,0.4664289101015783
4052,254265.0,0.4647474923619691
4053,254325.0,0.4629546353435564
4054,254385.0,0.46122120556608814
4055,254445.0,0.4597548831825402
4056,254505.0,0.46041055353770666
4057,254565.0,0.4611035159439737
4058,254628.0,0.4616429812091537
4059,254685.0,0.463171362150829
4060,254745.0,0.46277567191486724
4061,254805.0,0.4621240379382948
4062,254865.0,0.461423446294574
4063,254925.0,0.46019083961790685
4064,254985.0,0.460150830977618
4065,255045.0,0.4636485347724132
4066,255108.0,0.46716185060191473
4067,255165.0,0.4705908616804121
4068,255225.0,0.4715355815343999
4069,255285.0,0.47088814171610105
4070,255345.0,0.4678724414292048
4071,255405.0,0.4643502070195843
4072,255465.0,0.46109613960959595
4073,255525.0,0.4608191521706918
4074,255585.0,0.4612872185271025
4075,255645.0,0.4614295403059997
4076,255705.0,0.4606843076759538
4077,255765.0,0.45964123329828077
4078,255825.0,0.4584214851919235
4079,255885.0,0.4569857248118582
4080,255945.0,0.4557245468104558
4081,256005.0,0.45548525168287457
4082,256065.0,0.45616502555875105
4083,256125.0,0.4592665496929944
4084,256185.0,0.4615594503120629
4085,256245.0,0.4631865074275273
4086,256305.0,0.46314801719332876
4087,256365.0,0.4611953150255018
4088,256425.0,0.4585747647421258
4089,256485.0,0.4555431573284624
4090,256545.0,0.4526795084011729
4091,256605.0,0.45001179443248585
4092,256665.0,0.44889998896462024
4093,256725.0,0.4489819065182393
4094,256785.0,0.4480820749201969
4095,256845.0,0.4479509883137618
4096,256905.0,0.44757776600534094
4097,256965.0,0.44686879759518916
4098,257025.0,0.4467363452005003
4099,257085.0,0.4467473769705056
4100,257145.0,0.44756339334515827
4101,257205.0,0.45123176167959167
4102,257265.0,0.4538730005780759
4103,257325.0,0.4555445112632037
4104,257385.0,0.45448946118630185
4105,257445.0,0.45079227191084337
4106,257505.0,0.44735044956292447
4107,257565.0,0.44462422068499863
4108,257625.0,0.44225896106494333
4109,257685.0,0.4421036672061244
4110,257745.0,0.4425864772326732
4111,257805.0,0.4426776970297025
4112,257865.0,0.44284295522921224
4113,257925.0,0.44565806963722754
4114,257985.0,0.4484823139316758
4115,258045.0,0.4515313345284967
4116,258105.0,0.454367745478514
4117,258165.0,0.455209132110726
4118,258225.0,0.4544584957498309
4119,258285.0,0.45470231774826964
4120,258345.0,0.45484668939129447
4121,258405.0,0.4545456431296794
4122,258465.0,0.4535048965692078
4123,258525.0,0.4502248056732523
4124,258585.0,0.4464006662052864
4125,258645.0,0.44313848510405973
4126,258705.0,0.441463543942353
4127,258765.0,0.4401137376674714
4128,258825.0,0.4384409975770115
4129,258885.0,0.4371945024055641
4130,258945.0,0.4371019954955855
4131,259005.0,0.4376649008496085
4132,259065.0,0.4405685708587338
4133,259125.0,0.4431693451501667
4134,259185.0,0.4460855298139398
4135,259245.0,0.4471888028486245
4136,259305.0,0.44638797493496885
4137,259365.0,0.4465453689419461
4138,259425.0,0.4465122933614728
4139,259485.0,0.4460026308042574
4140,259545.0,0.44258026496530833
4141,259605.0,0.4393013842269008
4142,259665.0,0.43593307435362794
4143,259725.0,0.4328551289919521
4144,259785.0,0.43118794629905877
4145,259845.0,0.4294488579295318
4146,259905.0,0.4275060504245968
4147,259965.0,0.42633667067300574
4148,260025.0,0.4258706143940907
4149,260085.0,0.4277508154889128
4150,260145.0,0.42951761528866395
4151,260205.0,0.4310445560400502
4152,260265.0,0.4306048320216923
4153,260325.0,0.4285619296158766
4154,260385.0,0.42585925580232087
4155,260445.0,0.422734796269297
4156,260505.0,0.4199214994807441
4157,260565.0,0.41722433178718565
4158,260625.0,0.4146029084014521
4159,260685.0,0.41218696981749126
4160,260745.0,0.40891566351631525
4161,260805.0,0.40675126082384405
4162,260865.0,0.4050671098868558
4163,260925.0,0.4030602451054377
4164,260985.0,0.40262191741082776
4165,261045.0,0.4056135602084412
4166,261105.0,0.4084538960809946
4167,261165.0,0.4108297022156212
4168,261225.0,0.4110739709830895
4169,261285.0,0.41036302857612206
4170,261345.0,0.410193262575259
4171,261405.0,0.41035384947207276
4172,261465.0,0.4099328827197529
4173,261525.0,0.4093663170354498
4174,261585.0,0.4061632002307489
4175,261645.0,0.4030481886343842
4176,261705.0,0.39984390796592617
4177,261765.0,0.39693039347057735
4178,261825.0,0.39620175666889923
4179,261885.0,0.39679309768531834
4180,261945.0,0.3998475809081917
4181,262005.0,0.40276288896588774
4182,262065.0,0.405466430291188
4183,262125.0,0.40774500623176413
4184,262185.0,0.40714859515494506
4185,262245.0,0.4057721914509488
4186,262305.0,0.4055296927473385
4187,262365.0,0.40507438685340336
4188,262425.0,0.404644095991436
4189,262485.0,0.4044205077748152
4190,262545.0,0.4046661580545968
4191,262605.0,0.40390722069583795
4192,262665.0,0.40061446805934753
4193,262725.0,0.3970356429111507
4194,262785.0,0.39351161957143266
4195,262845.0,0.3902923118472137
4196,262905.0,0.38828994420223994
4197,262965.0,0.3906058817955177
4198,263025.0,0.3927815681954412
4199,263085.0,0.39469611417806216
4200,263145.0,0.39606498603695306
4201,263205.0,0.39476366956557707
4202,263265.0,0.39336306687916334
4203,263325.0,0.39226850518582557
4204,263385.0,0.39143200834114145
4205,263445.0,0.3908255075924102
4206,263505.0,0.39032728289955376
4207,263565.0,0.3869899670222824
4208,263625.0,0.3835421254397826
4209,263685.0,0.3799757002109799
4210,263745.0,0.3772090811667669
4211,263805.0,0.37428769561001696
4212,263865.0,0.3730109210707976
4213,263925.0,0.3716296971747487
4214,263985.0,0.37100187169285037
4215,264045.0,0.3708767375994274
4216,264105.0,0.3727667777117444
4217,264165.0,0.3748029079073759
4218,264225.0,0.3767015607419658
4219,264285.0,0.3782322816981182
4220,264345.0,0.37725760204346015
4221,264405.0,0.37524578976467726
4222,264465.0,0.3741164094158391
4223,264525.0,0.3734815546448318
4224,264585.0,0.3726997561461579
4225,264645.0,0.371533794679774
4226,264705.0,0.37052545697856143
4227,264765.0,0.3703716453302749
4228,264825.0,0.37024567430803457
4229,264885.0,0.3699640873244351
4230,264945.0,0.36967464806530825
4231,265005.0,0.369684984377208
4232,265065.0,0.3725540200107059
4233,265125.0,0.3755409589276245
4234,265185.0,0.37840838045807235
4235,265245.0,0.38061460619221965
4236,265305.0,0.38119062903716283
4237,265365.0,0.38064038447453463
4238,265425.0,0.3802982094727313
4239,265485.0,0.3799085559915045
4240,265545.0,0.37903323513578746
4241,265605.0,0.37792479504176757
4242,265665.0,0.3766975185817417
4243,265725.0,0.3731497959245418
4244,265785.0,0.3695987300751701
4245,265845.0,0.3660815224598326
4246,265905.0,0.3625944075782884
4247,265965.0,0.35950300890731113
4248,266025.0,0.3568294096790484
4249,266085.0,0.3565157693067512
4250,266145.0,0.35889344743453344
4251,266205.0,0.36099808802634614
4252,266265.0,0.3626346393948646
4253,266325.0,0.3614244755337862
4254,266385.0,0.35971377268295035
4255,266445.0,0.3586958496096593
4256,266505.0,0.3579114141861187
4257,266565.0,0.3572232370036791
4258,266625.0,0.3545112120016809
4259,266685.0,0.35181446046916953
4260,266745.0,0.3489050758400035
4261,266808.0,0.3460949877892773
4262,266865.0,0.34345499154124115
4263,266925.0,0.3425387498172521
4264,266985.0,0.34263971383246294
4265,267045.0,0.3428041299181058
4266,267105.0,0.342366146351479
4267,267165.0,0.3422764017286455
4268,267225.0,0.343657232561952
4269,267285.0,0.3453300718947282
4270,267345.0,0.34703401791481503
4271,267405.0,0.3487442271350911
4272,267465.0,0.34863519808938714
4273,267525.0,0.3475877203757388
4274,267585.0,0.346881044087911
4275,267645.0,0.34321545297488654
4276,267705.0,0.33961230283877963
4277,267765.0,0.33636891544600367
4278,267825.0,0.3336465796555651
4279,267885.0,0.33244146432996724
4280,267945.0,0.331979205349043
4281,268005.0,0.3308908814587673
4282,268065.0,0.3304215648393335
4283,268125.0,0.33018532420012436
4284,268185.0,0.33111992791968226
4285,268245.0,0.3337882085462405
4286,268305.0,0.33651402040710976
4287,268365.0,0.3392306637768224
4288,268425.0,0.3416117652875992
4289,268488.0,0.3419829240648872
4290,268545.0,0.340905571836872
4291,268605.0,0.33937150102412283
4292,268665.0,0.3383483115062075
4293,268725.0,0.3375141860458736
4294,268785.0,0.3367645717142481
4295,268848.0,0.3337625292903923
4296,268905.0,0.33040866237324196
4297,268965.0,0.3272273907966117
4298,269025.0,0.32449735616971565
4299,269085.0,0.324291093102704
4300,269145.0,0.32441730696215443
4301,269205.0,0.32468083088611477
4302,269265.0,0.3254895461745282
4303,269325.0,0.3284024846224848
4304,269385.0,0.33081915211349144
4305,269445.0,0.3328855118189883
4306,269505.0,0.33293869090689865
4307,269565.0,0.3303401316577089
4308,269625.0,0.3278648398838647
4309,269685.0,0.32590141994081223
4310,269745.0,0.3234639604717774
4311,269805.0,0.32094718273065104
4312,269865.0,0.320467046442646
4313,269925.0,0.3200621436946123
4314,269985.0,0.31873779384445344
4315,270045.0,0.3172081516580798
4316,270105.0,0.3155673179721986
4317,270165.0,0.3140786753709355
4318,270225.0,0.31280247672103745
4319,270288.0,0.3124276299237051
4320,270345.0,0.312442364885648
4321,270405.0,0.3124626400137166
4322,270465.0,0.3123457252823867
4323,270525.0,0.31252251998181135
4324,270585.0,0.3108418306272934
4325,270645.0,0.31087199286946654
4326,270705.0,0.3108292492277158
4327,270765.0,0.310382272750638
4328,270825.0,0.3099391958882348
4329,270885.0,0.3098250642587519
4330,270945.0,0.3097942096975429
4331,271005.0,0.3101585654473974
4332,271065.0,0.3078298046880791
4333,271125.0,0.305434328575639
4334,271185.0,0.30483759134039723
4335,271245.0,0.30459966058240584
4336,271305.0,0.3047671852413548
4337,271365.0,0.30609384654554406
4338,271425.0,0.3077738446910424
4339,271485.0,0.30919385455474724
4340,271545.0,0.3106579053013474
4341,271605.0,0.31073366024239046
4342,271668.0,0.3101575996197743
4343,271725.0,0.3097937266853289
4344,271785.0,0.3087388239633745
4345,271845.0,0.30820856355806137
4346,271905.0,0.30544864876316713
4347,271965.0,0.30260948808807686
4348,272025.0,0.29964502491427725
4349,272085.0,0.2967612226602986
4350,272145.0,0.29436461544278447
4351,272205.0,0.2936268970776298
4352,272265.0,0.29310586235100067
4353,272325.0,0.2923591110672056
4354,272385.0,0.29408657932871485
4355,272445.0,0.2958637656325436
4356,272505.0,0.297567239549711
4357,272565.0,0.29937226346365886
4358,272625.0,0.2965741571684273
4359,272688.0,0.2930914171355741
4360,272745.0,0.28997719818713785
4361,272805.0,0.2873811593992819
4362,272865.0,0.2852867294213203
4363,272925.0,0.28297897155671914
4364,272985.0,0.28262330580835604
4365,273045.0,0.2818575392103616
4366,273105.0,0.28090004567423443
4367,273165.0,0.2795380988467616
4368,273228.0,0.2781470455053775
4369,273285.0,0.27680648314268397
4370,273345.0,0.275482667256745
4371,273405.0,0.27538518212978724
4372,273465.0,0.2753997579161719
4373,273525.0,0.2754162865416374
4374,273585.0,0.2751797839952188
4375,273645.0,0.2749398342323227
4376,273705.0,0.273568427389393
4377,273765.0,0.27351452540733623
4378,273825.0,0.27369549492243295
4379,273885.0,0.27367983455289124
4380,273945.0,0.2737959528133572
4381,274005.0,0.2736153612622959
4382,274065.0,0.2733707506757269
4383,274125.0,0.2731178649117062
4384,274185.0,0.27316648717663816
4385,274245.0,0.2732104599889139
4386,274305.0,0.270706277360227
4387,274365.0,0.2706770339145461
4388,274425.0,0.2706705632653358
4389,274485.0,0.27103643494634844
4390,274545.0,0.2709929728216903
4391,274605.0,0.2728326924958211
4392,274665.0,0.2726675723340264
4393,274725.0,0.2721721156678977
4394,274785.0,0.2716564858033622
4395,274845.0,0.2715797818340985
4396,274905.0,0.27164960333533894
4397,274965.0,0.27203024126827824
4398,275025.0,0.2699342308422902
4399,275085.0,0.2677573607637357
4400,275145.0,0.2654979971193925
4401,275205.0,0.26371359235200986
4402,275265.0,0.2621479992910354
4403,275325.0,0.2624533411373118
4404,275385.0,0.26230925084643997
4405,275445.0,0.2617558844502327
4406,275505.0,0.2611858446761721
4407,275565.0,0.2599690994805387
4408,275628.0,0.2589090915363784
4409,275685.0,0.25594969228927744
4410,275745.0,0.2528661015421496
4411,275805.0,0.24969161284052296
4412,275865.0,0.24697871962237908
4413,275925.0,0.2445529644257667
4414,275985.0,0.24207347233222867
4415,276045.0,0.24210022622796376
4416,276105.0,0.24124178795008241
4417,276165.0,0.2401431172193165
4418,276225.0,0.23889845867082918
4419,276285.0,0.2379015359036292
4420,276345.0,0.2378634959980839
4421,276405.0,0.23858138604476578
4422,276465.0,0.23658007839578346
4423,276525.0,0.23653616729080643
4424,276585.0,0.23649404984935182
4425,276645.0,0.2370069247290901
4426,276705.0,0.23762311608110923
4427,276765.0,0.23942805867908493
4428,276825.0,0.24103937134998346
4429,276885.0,0.24018855064072578
4430,276945.0,0.23953112829839615
4431,277005.0,0.23919639417496988
4432,277065.0,0.2396277931395326
4433,277125.0,0.23772642172936234
4434,277185.0,0.23558206354653058
4435,277245.0,0.2335546671524982
4436,277305.0,0.231924147722641
4437,277365.0,0.23030545803649324
4438,277425.0,0.23304143250205092
4439,277485.0,0.23511560576339255
4440,277545.0,0.23686666755388266
4441,277605.0,0.23852457990468176
4442,277665.0,0.2400026507567994
4443,277725.0,0.24049928801416456
4444,277785.0,0.2381500630600061
4445,277845.0,0.23596463502291112
4446,277905.0,0.2342920329730259
4447,277965.0,0.23304041577931792
4448,278025.0,0.2317512693183064
4449,278085.0,0.23216874894682085
4450,278145.0,0.23198676241232438
4451,278205.0,0.23144859255104291
4452,278265.0,0.23103326066832616
4453,278325.0,0.23087188981619625
4454,278385.0,0.23093947355925917
4455,278445.0,0.23096131587264515
4456,278505.0,0.23102457162260612
4457,278565.0,0.2308395158573305
4458,278625.0,0.23015945568641663
4459,278685.0,0.22800734696722888
4460,278745.0,0.2251305176189388
4461,278805.0,0.22257231548816728
4462,278865.0,0.22025620814753186
4463,278925.0,0.21837565084705965
4464,278985.0,0.21579117182902688
4465,279045.0,0.2131110149924266
4466,279105.0,0.21041848686069334
4467,279165.0,0.20754478084776537
4468,279225.0,0.20498604425165443
4469,279285.0,0.20238275241081186
4470,279345.0,0.20050365142130663
4471,279405.0,0.19890569071685774
4472,279465.0,0.19729775763024712
4473,279525.0,0.19562925523830813
4474,279585.0,0.19395141718852202
4475,279645.0,0.1944632711248758
4476,279705.0,0.19497902080146975
4477,279765.0,0.19526768298179478
4478,279825.0,0.19503810377047057
4479,279885.0,0.19215078027055768
4480,279945.0,0.18878438243586862
4481,280005.0,0.18568295061744625
4482,280065.0,0.18309129610105881
4483,280125.0,0.18072353152615914
4484,280185.0,0.17871853016783582
4485,280245.0,0.17681943279124904
4486,280305.0,0.17540229377496916
4487,280365.0,0.17612516356006722
4488,280425.0,0.17685597268215877
4489,280485.0,0.17728596120923337
4490,280545.0,0.17727422891567315
4491,280605.0,0.1796839088760059
4492,280665.0,0.1799148907460065
4493,280725.0,0.1797458316412913
4494,280785.0,0.17965533486684268
4495,280845.0,0.1785243444084962
4496,280905.0,0.17684219154502326
4497,280965.0,0.17496550687157578
4498,281025.0,0.1726021170859611
4499,281085.0,0.1700323234937722
4500,281145.0,0.17001390933187296
4501,281205.0,0.1699978336628176
4502,281265.0,0.17007542080853685
4503,281325.0,0.1699507017602451
4504,281385.0,0.17174528135743336
4505,281445.0,0.1717955078307479
4506,281505.0,0.17181863173850934
4507,281565.0,0.17191640537723443
4508,281625.0,0.17224989341601263
4509,281685.0,0.17053375274845065
4510,281745.0,0.16869108767411425
4511,281805.0,0.16642179820164307
4512,281865.0,0.16642452234825025
4513,281925.0,0.16643566998314832
4514,281985.0,0.1664582836040608
4515,282045.0,0.1661805289510023
4516,282105.0,0.16546244830457604
4517,282165.0,0.1635236702880233
4518,282225.0,0.16118421418737247
4519,282285.0,0.1593621918541839
4520,282345.0,0.15768107150106217
4521,282405.0,0.15641853482494186
4522,282465.0,0.15516948103384628
4523,282525.0,0.15387770320026564
4524,282585.0,0.15255252830440028
4525,282645.0,0.15072708601845128
4526,282705.0,0.15129511801620046
4527,282765.0,0.15177299676762293
4528,282825.0,0.15222705347768387
4529,282885.0,0.15259518830909716
4530,282945.0,0.1525303262324584
4531,283005.0,0.15080987451272895
4532,283068.0,0.1488499531280766
4533,283125.0,0.14711163534020735
4534,283185.0,0.14574005865257592
4535,283245.0,0.14437952090736114
4536,283305.0,0.1429144649292178
4537,283365.0,0.14101031928711485
4538,283425.0,0.14136127850576855
4539,283485.0,0.14175529805162548
4540,283545.0,0.14218983301000573
4541,283605.0,0.14224435634025637
4542,283665.0,0.14177824125817914
4543,283725.0,0.1416573808809046
4544,283785.0,0.13991979495511567
4545,283845.0,0.1385070474471786
4546,283905.0,0.13720770280063269
4547,283965.0,0.1362187458448834
4548,284025.0,0.1351458620999574
4549,284085.0,0.1339146364188146
4550,284145.0,0.13249834567418636
4551,284205.0,0.13091152905188988
4552,284265.0,0.1314805610217228
4553,284325.0,0.13205697054153973
4554,284385.0,0.13262104588984466
4555,284445.0,0.13281744742824889
4556,284505.0,0.13273241371297664
4557,284565.0,0.13094251084382266
4558,284625.0,0.1291658789934578
4559,284685.0,0.12759364281422256
4560,284745.0,0.12607443626183765
4561,284805.0,0.12489846143039121
4562,284865.0,0.12370501160142303
4563,284925.0,0.12240010643425617
4564,284985.0,0.12076629717866225
4565,285045.0,0.11904149087934304
4566,285105.0,0.11955166964317829
4567,285165.0,0.12011338358446697
4568,285225.0,0.12070312593938062
4569,285285.0,0.12093037179993407
4570,285345.0,0.12088149863805889
4571,285405.0,0.11905675440082011
4572,285465.0,0.11739910346317653
4573,285525.0,0.11619081721954308
4574,285585.0,0.11516288323664273
4575,285645.0,0.11400436538024036
4576,285705.0,0.11265603079937189
4577,285765.0,0.11084526817646276
4578,285825.0,0.11136603720063168
4579,285885.0,0.11188271029670407
4580,285945.0,0.11238928262973572
4581,286005.0,0.1124615053079758
4582,286065.0,0.11228532317896353
4583,286125.0,0.1102433606694165
4584,286185.0,0.10859742168913603
4585,286245.0,0.10739449745838123
4586,286305.0,0.1062748403906191
4587,286365.0,0.10501236135294448
4588,286425.0,0.10354887004539906
4589,286485.0,0.10401619765696016
4590,286545.0,0.1045170085914556
4591,286605.0,0.10503154196305328
4592,286665.0,0.1053059840513488
4593,286725.0,0.10523929086850428
4594,286785.0,0.10512862739221043
4595,286845.0,0.10278073760430392
4596,286905.0,0.10096990132457687
4597,286965.0,0.09966776297257215
4598,287025.0,0.09833951930442433
4599,287085.0,0.09685060980962881
4600,287145.0,0.09516049279857733
4601,287205.0,0.09307699609906825
4602,287265.0,0.093532695607945
4603,287325.0,0.09402151898348296
4604,287385.0,0.09452668781405518
4605,287445.0,0.09445806504840684
4606,287505.0,0.09430964504194192
4607,287565.0,0.09225771656190848
4608,287625.0,0.09065197187068982
4609,287685.0,0.08961675939420735
4610,287745.0,0.08855692925926748
4611,287805.0,0.08723597070621428
4612,287865.0,0.08519430049552448
4613,287925.0,0.0857244933735695
4614,287985.0,0.08626772376187666
4615,288045.0,0.08655084898441887
4616,288105.0,0.0864637602748903
4617,288165.0,0.08625053166398408
4618,288225.0,0.08389220672361455
4619,288285.0,0.08223334887979514
4620,288345.0,0.08093388646088132
4621,288405.0,0.07948001813124286
4622,288465.0,0.0778518865464696
4623,288525.0,0.07561123452458887
4624,288585.0,0.07604059193739451
4625,288645.0,0.07648614340505736
4626,288705.0,0.07669591887536073
4627,288765.0,0.07656209975749942
4628,288828.0,0.07626284058504587
4629,288885.0,0.074092996067783
4630,288945.0,0.07241739585025755
4631,289005.0,0.07114264970179254
4632,289065.0,0.0698811122260036
4633,289125.0,0.06833840966974106
4634,289185.0,0.06633189901206202
4635,289245.0,0.06671630879785037
4636,289305.0,0.06717631749403943
4637,289365.0,0.06766522618533757
4638,289425.0,0.06821294375375644
4639,289485.0,0.06879289480971143
4640,289545.0,0.06938882619448636
4641,289605.0,0.06998212354380265
4642,289665.0,0.07057702343162556
4643,289725.0,0.07113041714757865
4644,289785.0,0.07163707349792328
4645,289845.0,0.0721213909505121
4646,289905.0,0.07259976953388345
4647,289968.0,0.07303659269699822
4648,290025.0,0.07308279337833626
4649,290085.0,0.07318933422935683
4650,290145.0,0.07332858939673745
4651,290205.0,0.07356082619066376
4652,290265.0,0.07374411097063552
4653,290325.0,0.07389522447724842
4654,290385.0,0.07393173533163525
4655,290445.0,0.07380145860303025
4656,290505.0,0.07370339984568094
4657,290565.0,0.073624101593223
4658,290625.0,0.07359826306823572
4659,290685.0,0.07362843574924069
4660,290745.0,0.07367431429690038
4661,290805.0,0.07369222917758192
4662,290865.0,0.07360895066578624
4663,290925.0,0.0734592021787637
4664,290985.0,0.07331575016468342
4665,291045.0,0.07318292287770786
4666,291105.0,0.07312075713047303
4667,291165.0,0.07297192098465147
4668,291225.0,0.0728200620564067
4669,291285.0,0.07272488995281881
4670,291345.0,0.07267982795875458
4671,291405.0,0.07022752461468543
4672,291465.0,0.06803919520865712
4673,291525.0,0.06649128522904077
4674,291585.0,0.06494754374418557
4675,291645.0,0.06459633719581884
4676,291705.0,0.06494140266971435
4677,291765.0,0.06531159411717838
4678,291828.0,0.06574544258261869
4679,291885.0,0.06624877338162774
4680,291945.0,0.06677434950798614
4681,292005.0,0.06727802866505514
4682,292065.0,0.06737309039638242
4683,292125.0,0.06719895283392238
4684,292185.0,0.06527670924948323
4685,292245.0,0.0634361200465974
4686,292305.0,0.06174650855825978
4687,292365.0,0.06031963257877729
4688,292425.0,0.0586182881055691
4689,292485.0,0.05892253508433101
4690,292545.0,0.05929662355968726
4691,292605.0,0.059709150069016365
4692,292665.0,0.0601452523153477
4693,292728.0,0.060650529685867566
4694,292785.0,0.06117836246568539
4695,292845.0,0.061729614640458536
4696,292905.0,0.06229917049893016
4697,292965.0,0.06285567734807748
4698,293025.0,0.06338994172540466
4699,293085.0,0.0635928195667779
4700,293145.0,0.06376357646645739
4701,293205.0,0.06371759515972722
4702,293265.0,0.06358487193910248
4703,293325.0,0.06342784498318635
4704,293385.0,0.06322195511904002
4705,293445.0,0.06300961249966577
4706,293505.0,0.0628523970541561
4707,293565.0,0.06285752601446457
4708,293625.0,0.06293138687654695
4709,293685.0,0.06285283639886982
4710,293745.0,0.06272688740855795
4711,293805.0,0.06272229460565845
4712,293865.0,0.0627269550731708
4713,293925.0,0.06273895938515642
4714,293985.0,0.06274499915868673
4715,294045.0,0.06273842536085752
4716,294105.0,0.06272391254877693
4717,294165.0,0.06270435925093074
4718,294225.0,0.06269664975737546
4719,294285.0,0.06269384242520318
4720,294345.0,0.06268437099658478
4721,294405.0,0.062754616075305
4722,294465.0,0.0628149084149274
4723,294525.0,0.06275498112843855
4724,294585.0,0.06263698407861326
4725,294645.0,0.06251683387766785
4726,294705.0,0.062483736175497934
4727,294765.0,0.06244146754493793
4728,294825.0,0.06240720013743742
4729,294885.0,0.062395744813571546
4730,294945.0,0.06238842318636309
4731,295005.0,0.06233278212889101
4732,295065.0,0.062293156747398576
4733,295125.0,0.06226732749189037
4734,295185.0,0.06222558409715742
4735,295245.0,0.06213622776107022
4736,295305.0,0.062094937087032925
4737,295365.0,0.06215913829919703
4738,295425.0,0.06231866090638025
4739,295485.0,0.06246515459640958
4740,295545.0,0.06245665232289119
4741,295605.0,0.062304145145174045
4742,295665.0,0.06210364193089771
4743,295725.0,0.06193984731490501
4744,295785.0,0.061833856628146694
4745,295845.0,0.06171520973953465
4746,295905.0,0.06155475657638734
4747,295965.0,0.061370228765350254
4748,296025.0,0.06115921098960295
4749,296085.0,0.06098005456916453
4750,296145.0,0.06083157081105425
4751,296205.0,0.060689933693549025
4752,296265.0,0.06054211311239324
4753,296325.0,0.06030240593381572
4754,296385.0,0.06001755586281207
4755,296445.0,0.05976720961234974
4756,296505.0,0.059602742807717296
4757,296565.0,0.059559148673822865
4758,296625.0,0.05957402559513608
4759,296685.0,0.059600564852892446
4760,296745.0,0.059638804939025375
4761,296805.0,0.05962037093391451
4762,296865.0,0.05956675068951231
4763,296925.0,0.0594531672584383
4764,296985.0,0.059355915017537675
4765,297045.0,0.05927356869946346
4766,297105.0,0.05916953491999041
4767,297165.0,0.05907241305430108
4768,297225.0,0.058979718760931304
4769,297285.0,0.05891346884780818
4770,297345.0,0.05884782476619635
4771,297405.0,0.05878930347013264
4772,297465.0,0.058744551935790784
4773,297525.0,0.05868791200818871
4774,297585.0,0.05865902132439482
4775,297645.0,0.05863513607054957
4776,297705.0,0.058632959338855234
4777,297765.0,0.05864394162438932
4778,297825.0,0.0586389709886469
4779,297885.0,0.05861641433817413
4780,297945.0,0.05858099453270557
4781,298005.0,0.058519378801698024
4782,298065.0,0.05847212087670578
4783,298125.0,0.05841840145705324
4784,298185.0,0.05836994213651295
4785,298245.0,0.05830181516368657
4786,298305.0,0.05821985648813713
4787,298365.0,0.058066106505952925
4788,298425.0,0.057886972214571286
4789,298485.0,0.05769266308988999
4790,298545.0,0.05756951126925261
4791,298605.0,0.05753544107694483
4792,298665.0,0.05756242683236654
4793,298725.0,0.05761019454234803
4794,298785.0,0.05765341399288529
4795,298845.0,0.057710604020365014
4796,298905.0,0.05779388142228273
4797,298965.0,0.05786180316203424
4798,299025.0,0.05794050041018753
4799,299085.0,0.0579944475573583
4800,299145.0,0.05800393088957878
4801,299205.0,0.057981596399531266
4802,299265.0,0.05805076477868862
4803,299325.0,0.05824554518376365
4804,299385.0,0.05787753341422072
4805,299445.0,0.05751805322537193
4806,299505.0,0.05715406855669711
4807,299565.0,0.05676537573387569
4808,299625.0,0.05637691138804676
4809,299685.0,0.05596843760043671
4810,299745.0,0.055568120135657345
4811,299805.0,0.05515067910998167
4812,299865.0,0.054743592608222896
4813,299925.0,0.05482956165457367
4814,299985.0,0.05483752853230714
4815,300045.0,0.055011913120270234
4816,300105.0,0.05522790827792992
4817,300165.0,0.055440305458694134
4818,300225.0,0.05557498423310306
4819,300285.0,0.05567241862613867
4820,300345.0,0.05563904672803763
4821,300405.0,0.05549153855236119
4822,300465.0,0.05528494620531446
4823,300525.0,0.055072017777379884
4824,300585.0,0.05497188442658332
4825,300645.0,0.0549934877075077
4826,300705.0,0.054575456981667464
4827,300765.0,0.05420327300800859
4828,300825.0,0.05386966053177111
4829,300885.0,0.053435493502224624
4830,300945.0,0.052890097846352874
4831,301005.0,0.052210037220401656
4832,301065.0,0.051604016512697665
4833,301125.0,0.051081268286483544
4834,301185.0,0.050649961090523415
4835,301245.0,0.050266767556928243
4836,301305.0,0.05032731101954793
4837,301365.0,0.05040607888872706
4838,301425.0,0.05043098922157557
4839,301485.0,0.050601596788202335
4840,301545.0,0.05082110944728921
4841,301605.0,0.05100869122988183
4842,301665.0,0.05117112842590915
4843,301725.0,0.051311538640568116
4844,301785.0,0.05133126286683529
4845,301845.0,0.051214149636061385
4846,301905.0,0.05094143705537352
4847,301965.0,0.05071780886760105
4848,302025.0,0.05062196814322656
4849,302085.0,0.050640678752032514
4850,302145.0,0.050779199569802036
4851,302205.0,0.05034291032182722
4852,302265.0,0.04992147385188486
4853,302325.0,0.04950378243078621
4854,302385.0,0.04909501540035194
4855,302445.0,0.048711560095508366
4856,302505.0,0.04831872057085698
4857,302565.0,0.047907384897405564
4858,302625.0,0.0474587523294934
4859,302685.0,0.04732498196956067
4860,302745.0,0.047124683390414285
4861,302805.0,0.047033726780680324
4862,302865.0,0.04705258390229858
4863,302925.0,0.04717182728989952
4864,302985.0,0.04735820850306907
4865,303045.0,0.04752884928512113
4866,303105.0,0.04768784223713518
4867,303165.0,0.047869270548557996
4868,303225.0,0.04806169689249176
4869,303285.0,0.04819763253348963
4870,303345.0,0.04821943567723053
4871,303405.0,0.048189854219959055
4872,303465.0,0.04809671219694134
4873,303525.0,0.047995281024064945
4874,303585.0,0.047980840996805024
4875,303645.0,0.04804591484335749
4876,303705.0,0.04824657374452043
4877,303765.0,0.0483552233075529
4878,303825.0,0.04837118923919348
4879,303885.0,0.04830495039422636
4880,303945.0,0.04821974837147472
4881,304005.0,0.048146382556752826
4882,304065.0,0.04807876584291795
4883,304125.0,0.048016011342735004
4884,304185.0,0.04799728500563358
4885,304245.0,0.047964618593218655
4886,304305.0,0.04792582167538392
4887,304365.0,0.04783406568859713
4888,304425.0,0.04769607131187628
4889,304485.0,0.04758098897784768
4890,304545.0,0.04755799143370146
4891,304605.0,0.04757915071611665
4892,304665.0,0.047666566532153176
4893,304725.0,0.04784228347570968
4894,304785.0,0.0480635329267107
4895,304845.0,0.04826012718528022
4896,304905.0,0.04841319851551759
4897,304965.0,0.04853347896499208
4898,305025.0,0.04863170829232713
4899,305085.0,0.04869290046538613
4900,305145.0,0.048744914593237015
4901,305205.0,0.048784098002456394
4902,305265.0,0.04886638921553513
4903,305325.0,0.04900198036510581
4904,305388.0,0.049126182325315765
4905,305445.0,0.04917854170054975
4906,305505.0,0.04914247961046661
4907,305565.0,0.0490924183672293
4908,305625.0,0.04904296084080553
4909,305685.0,0.04896257335236201
4910,305745.0,0.0488960228331963
4911,305805.0,0.04886261857248017
4912,305865.0,0.04886161032675654
4913,305925.0,0.0488978403607567
4914,305985.0,0.04898414149789146
4915,306045.0,0.049164109149970464
4916,306105.0,0.049348331560749054
4917,306165.0,0.04945212156638576
4918,306225.0,0.04943417567013014
4919,306285.0,0.04945414356818112
4920,306345.0,0.04959856670686677
4921,306405.0,0.04982257930641962
4922,306465.0,0.05002676730203079
4923,306525.0,0.05024938269726412
4924,306585.0,0.0504536545389698
4925,306645.0,0.0506526063428821
4926,306705.0,0.050813274126117164
4927,306765.0,0.05095012480956629
4928,306825.0,0.051117839608657734
4929,306888.0,0.051295635702623216
4930,306945.0,0.05146949934760506
4931,307005.0,0.05165354602593128
4932,307065.0,0.05189579570397038
4933,307125.0,0.052253332918414636
4934,307185.0,0.052656343374162834
4935,307245.0,0.053040585950398955
4936,307305.0,0.05336056770715303
4937,307365.0,0.05357575152200836
4938,307425.0,0.05376593381342876
4939,307485.0,0.053965993527264694
4940,307545.0,0.05417867003196597
4941,307605.0,0.05442873102819204
4942,307665.0,0.054690304542451745
4943,307725.0,0.05493223348431478
4944,307785.0,0.0551441713728783
4945,307845.0,0.05535421831853002
4946,307905.0,0.05559965118366403
4947,307965.0,0.05582134237357081
4948,308025.0,0.055991781400001495
4949,308085.0,0.05610593424761587
4950,308145.0,0.056271240589098465
4951,308208.0,0.05657413108785406
4952,308265.0,0.05700898444769539
4953,308328.0,0.057280032623019256
4954,308385.0,0.057417684530937346
4955,308448.0,0.057490957512215585
4956,308505.0,0.05752115038723821
4957,308565.0,0.057505900097928886
4958,308625.0,0.05759895806173912
4959,308685.0,0.05782515156372123
4960,308745.0,0.058137435974833535
4961,308805.0,0.058518103356916124
4962,308865.0,0.0588702335785721
4963,308925.0,0.05924869099521243
4964,308985.0,0.059660868828893904
4965,309045.0,0.060043187489699085
4966,309105.0,0.060365513152198375
4967,309165.0,0.06066863490590449
4968,309225.0,0.060957534987050005
4969,309285.0,0.06117866726541085
4970,309345.0,0.061348314642666546
4971,309405.0,0.061523220722240285
4972,309465.0,0.06169750521717238
4973,309525.0,0.061866052838383895
4974,309585.0,0.06203454946114226
4975,309645.0,0.06220067142925553
4976,309705.0,0.06237033584863974
4977,309765.0,0.06254862799021513
4978,309825.0,0.06279657721712098
4979,309885.0,0.06302390181288811
4980,309945.0,0.06323896669829929
4981,310005.0,0.06342837971489781
4982,310065.0,0.06355513378928121
4983,310125.0,0.06364750503595965
4984,310185.0,0.06437663863034507
4985,310245.0,0.06510031065398755
4986,310308.0,0.06572149907451122
4987,310365.0,0.06623953237328264
4988,310425.0,0.06682120425026025
4989,310485.0,0.06750357248275232
4990,310545.0,0.06802828449940082
4991,310605.0,0.06851625038019907
4992,310665.0,0.06919862720327899
4993,310725.0,0.06927562178575805
4994,310785.0,0.07157058657369511
4995,310845.0,0.07376035813008383
4996,310905.0,0.07549966614851347
4997,310965.0,0.07684047695327004
4998,311025.0,0.07819416707529339
4999,311085.0,0.07958563154474538
5000,311145.0,0.08106955974861665
5001,311205.0,0.08271528978293727
5002,311265.0,0.08453574991192267
5003,311325.0,0.08664341395233147
5004,311385.0,0.08623137535692202
5005,311445.0,0.08569700705551889
5006,311505.0,0.08559729047340456
5007,311565.0,0.0860823532436765
5008,311625.0,0.08671923362774867
5009,311685.0,0.09058425210661505
5010,311745.0,0.0933905083076825
5011,311805.0,0.09550802784093307
5012,311865.0,0.09735321637560687
5013,311925.0,0.09926777706055032
5014,311985.0,0.10118431613754611
5015,312045.0,0.10317135781820705
5016,312105.0,0.10511289717639696
5017,312165.0,0.10466961358452473
5018,312225.0,0.1042699926749048
5019,312285.0,0.10369591480331578
5020,312345.0,0.10340123300673662
5021,312405.0,0.10383839587308599
5022,312468.0,0.10585584148587443
5023,312525.0,0.10808732291555093
5024,312585.0,0.10975050457583416
5025,312645.0,0.11114696661540455
5026,312705.0,0.11262232872920344
5027,312765.0,0.11436838092191684
5028,312825.0,0.11655787749224991
5029,312885.0,0.11603278639192408
5030,312945.0,0.11537124510746419
5031,313005.0,0.11528642266285113
5032,313065.0,0.1155207282069011
5033,313125.0,0.11616710070585903
5034,313185.0,0.11682285011427287
5035,313245.0,0.11952674627332441
5036,313305.0,0.12157286195591596
5037,313365.0,0.12328793821802345
5038,313425.0,0.1249604753504999
5039,313485.0,0.12646191770741247
5040,313545.0,0.12831406024487998
5041,313605.0,0.13046727776309316
5042,313665.0,0.13003671673676856
5043,313725.0,0.12950706322013364
5044,313785.0,0.12890034403063164
5045,313845.0,0.12889704494383705
5046,313905.0,0.12925079728701164
5047,313965.0,0.1319863756274697
5048,314025.0,0.13413340513387625
5049,314085.0,0.13541977655026013
5050,314145.0,0.1367895382798555
5051,314205.0,0.13842943178917552
5052,314265.0,0.14056430001013168
5053,314325.0,0.14016365548576978
5054,314385.0,0.1396437920840017
5055,314445.0,0.13901257192517483
5056,314505.0,0.1385739069341035
5057,314565.0,0.13889488217212234
5058,314625.0,0.13895197809676654
5059,314685.0,0.14082343103537046
5060,314745.0,0.14265854096601946
5061,314805.0,0.14414246086976182
5062,314865.0,0.14595708632776508
5063,314925.0,0.1456190656563827
5064,314985.0,0.1452320494272956
5065,315045.0,0.1448319908595628
5066,315105.0,0.14472600987690068
5067,315165.0,0.14505837827407878
5068,315225.0,0.14559898894338816
5069,315285.0,0.14820878280797065
5070,315345.0,0.1501542315281589
5071,315405.0,0.15141230832171235
5072,315465.0,0.15263600640539857
5073,315525.0,0.15391179486527082
5074,315585.0,0.15532341016994836
5075,315648.0,0.15481741278605746
5076,315705.0,0.15430849626014012
5077,315765.0,0.15382420781402276
5078,315825.0,0.1533413826276611
5079,315885.0,0.152865568742214
5080,315945.0,0.1534473406125614
5081,316005.0,0.15385826886291334
5082,316065.0,0.15590862062837293
5083,316125.0,0.1576833879694922
5084,316185.0,0.15920432358346218
5085,316245.0,0.16038841495384534
5086,316305.0,0.161625045395023
5087,316365.0,0.16322057616052774
5088,316425.0,0.1650476744749028
5089,316485.0,0.16447407205624
5090,316545.0,0.1639016352063191
5091,316605.0,0.16332077543738746
5092,316665.0,0.16313502945889982
5093,316725.0,0.16363883803553056
5094,316785.0,0.16378407647666884
5095,316845.0,0.1656629008960657
5096,316905.0,0.1676003731279642
5097,316965.0,0.16889969337400648
5098,317025.0,0.17018127286499288
5099,317085.0,0.1714515243363587
5100,317145.0,0.17277866748392526
5101,317205.0,0.17213676117038992
5102,317265.0,0.17151951833839144
5103,317325.0,0.17088853528520345
5104,317385.0,0.1705865966386683
5105,317445.0,0.1707295823041128
5106,317505.0,0.17107233222447013
5107,317565.0,0.17459804549981575
5108,317625.0,0.1768777507796969
5109,317685.0,0.1783431334579524
5110,317745.0,0.17964096511557068
5111,317805.0,0.18088983258918281
5112,317865.0,0.18212199668085702
5113,317925.0,0.18342868458203784
5114,317985.0,0.18270789352822883
5115,318045.0,0.18195302501414537
5116,318105.0,0.18116491202347532
5117,318165.0,0.1807173854590808
5118,318225.0,0.1805983690425502
5119,318285.0,0.180710399521918
5120,318345.0,0.1836141481605508
5121,318408.0,0.1863876320537746
5122,318465.0,0.18795520888407982
5123,318525.0,0.189246080764107
5124,318585.0,0.19057350232233453
5125,318645.0,0.19186425402664095
5126,318705.0,0.19318308602934095
5127,318765.0,0.19447338323656213
5128,318825.0,0.19589483015928918
5129,318885.0,0.19535228443637223
5130,318945.0,0.19475553317434482
5131,319005.0,0.19400823119136348
5132,319065.0,0.1934735864437588
5133,319128.0,0.19352068174853007
5134,319185.0,0.196210021858419
5135,319245.0,0.1996758197715646
5136,319305.0,0.20193611230929429
5137,319365.0,0.20361692902308767
5138,319425.0,0.20489089718660033
5139,319485.0,0.20621832039686402
5140,319545.0,0.207609418256699
5141,319605.0,0.2091777375670483
5142,319665.0,0.21056934309335637
5143,319725.0,0.2118737422749524
5144,319785.0,0.2110997599223716
5145,319845.0,0.21037453254679198
5146,319905.0,0.2096949336550891
5147,319965.0,0.20901817273549736
5148,320025.0,0.20869630604305336
5149,320085.0,0.20905686485558198
5150,320145.0,0.21113344646351048
5151,320205.0,0.21282093240862018
5152,320265.0,0.21494612897613388
5153,320325.0,0.21702001227343307
5154,320385.0,0.21916473584914273
5155,320445.0,0.22041355174881763
5156,320505.0,0.21970867891403148
5157,320565.0,0.2190155471172164
5158,320628.0,0.2182659993048798
5159,320685.0,0.21804847501440114
5160,320745.0,0.21827023627041794
5161,320805.0,0.22161391533135041
5162,320865.0,0.22349122477696884
5163,320925.0,0.22504055035639828
5164,320985.0,0.22608854254169256
5165,321045.0,0.2273450166335317
5166,321105.0,0.22880323610888922
5167,321165.0,0.23037669648263595
5168,321225.0,0.23180261191654142
5169,321285.0,0.23329124545211247
5170,321345.0,0.23495485922749218
5171,321405.0,0.23448703386946881
5172,321465.0,0.23379593977724586
5173,321525.0,0.2332330668186178
5174,321585.0,0.23095784867617034
5175,321645.0,0.22899919369104035
5176,321705.0,0.22921449693990661
5177,321765.0,0.2300858366895552
5178,321825.0,0.2302630495647097
5179,321885.0,0.23100727544420843
5180,321945.0,0.23168945470413096
5181,322005.0,0.23247680237095117
5182,322065.0,0.23235588089126138
5183,322125.0,0.23164200887663208
5184,322185.0,0.2334626703902735
5185,322245.0,0.23348660014803405
5186,322305.0,0.23350085758330244
5187,322365.0,0.23319339380652507
5188,322425.0,0.2331420723830809
5189,322485.0,0.23007432594262592
5190,322545.0,0.2304813728203847
5191,322605.0,0.23104727094436892
5192,322665.0,0.23127357690065511
5193,322725.0,0.23173844643514244
5194,322785.0,0.23240149211089076
5195,322845.0,0.2333284531621849
5196,322905.0,0.2330062533832762
5197,322965.0,0.2347793697370966
5198,323025.0,0.23661680571458646
5199,323085.0,0.23666312261505443
5200,323145.0,0.23637179666075228
5201,323205.0,0.23534718721069584
5202,323265.0,0.23276351413384513
5203,323325.0,0.23043011993768106
5204,323385.0,0.2291477084670209
5205,323445.0,0.22990280966326895
5206,323505.0,0.23103191886334282
5207,323565.0,0.2316405739554019
5208,323628.0,0.23141337631066713
5209,323685.0,0.23400920244835402
5210,323745.0,0.23615204610672
5211,323805.0,0.23819205862127238
5212,323865.0,0.23795527997908464
5213,323925.0,0.2372854552490409
5214,323985.0,0.23659353878932568
5215,324045.0,0.23414859151160142
5216,324105.0,0.23290269836333208
5217,324165.0,0.23368223494089588
5218,324225.0,0.23485727843504464
5219,324285.0,0.2358314045664698
5220,324345.0,0.2364125313336514
5221,324405.0,0.236490214855167
5222,324465.0,0.23905690073867006
5223,324525.0,0.24176955594907604
5224,324585.0,0.24388498214030083
5225,324645.0,0.24520383823652417
5226,324705.0,0.24615156235068933
5227,324765.0,0.24294392629474562
5228,324825.0,0.24031593876175764
5229,324885.0,0.23859076816510896
5230,324945.0,0.23681752993829877
5231,325005.0,0.2347415609058622
5232,325065.0,0.23218517235010264
5233,325125.0,0.23296945974833874
5234,325185.0,0.23577043541598616
5235,325245.0,0.2383773234264208
5236,325305.0,0.24115892082056642
5237,325365.0,0.24316696331256613
5238,325425.0,0.24551729075226672
5239,325485.0,0.24607162789539885
5240,325545.0,0.24653551400687432
5241,325605.0,0.24750707258813867
5242,325665.0,0.24821116658842493
5243,325725.0,0.2511457080194798
5244,325785.0,0.2541796052732538
5245,325845.0,0.25728090346821086
5246,325905.0,0.2600262656346095
5247,325965.0,0.26256021336777136
5248,326025.0,0.26483031762015663
5249,326085.0,0.2650281601025689
5250,326148.0,0.2658332365693131
5251,326205.0,0.2673734958912529
5252,326265.0,0.268890673530621
5253,326325.0,0.2703238509000747
5254,326385.0,0.27159415531134257
5255,326445.0,0.27486243536613586
5256,326505.0,0.27814594540654025
5257,326565.0,0.281151006632993
5258,326628.0,0.28501686666377957
5259,326685.0,0.28888758547681315
5260,326745.0,0.2917283659777822
5261,326805.0,0.29418881435158306
5262,326865.0,0.29165608816880484
5263,326925.0,0.28934682991450156
5264,326985.0,0.28760453053221036
5265,327045.0,0.286627076021448
5266,327105.0,0.2883849197694133
5267,327165.0,0.28913318056825377
5268,327225.0,0.2890805239307791
5269,327285.0,0.2914297423979719
5270,327345.0,0.29343438665909893
5271,327405.0,0.29646248977373757
5272,327465.0,0.29925036488027335
5273,327525.0,0.3003182443934771
5274,327585.0,0.299652488852438
5275,327645.0,0.2971802395634794
5276,327705.0,0.2945846245441911
5277,327765.0,0.29258759935973966
5278,327825.0,0.2913521777877134
5279,327885.0,0.2899999669214286
5280,327945.0,0.29041766842821637
5281,328005.0,0.29321353421184293
5282,328065.0,0.296193768280275
5283,328125.0,0.2986689357718876
5284,328185.0,0.30098075637742483
5285,328245.0,0.30289396039290317
5286,328305.0,0.3040362599434824
5287,328365.0,0.30175375063820975
5288,328425.0,0.3008032619315093
5289,328485.0,0.2987929837679498
5290,328545.0,0.2969153534486344
5291,328605.0,0.2950202031871737
5292,328665.0,0.2930736661602432
5293,328725.0,0.2914934396428056
5294,328785.0,0.29247146816807146
5295,328845.0,0.2959369388939368
5296,328905.0,0.2986412843781433
5297,328965.0,0.30121863311233255
5298,329025.0,0.30315470065519046
5299,329085.0,0.3047652437307149
5300,329145.0,0.3037468127268266
5301,329205.0,0.30298584695931907
5302,329265.0,0.30268133302623823
5303,329325.0,0.30272472493240743
5304,329385.0,0.30257026787404806
5305,329445.0,0.3023742258569587
5306,329505.0,0.30227886974614726
5307,329565.0,0.3003435223047486
5308,329628.0,0.2983208565932891
5309,329685.0,0.2983108659196808
5310,329745.0,0.298294245421304
5311,329805.0,0.2991342658292314
5312,329865.0,0.30184685526535837
5313,329925.0,0.3049122305902253
5314,329985.0,0.3047279809783514
5315,330045.0,0.30357009406874313
5316,330105.0,0.3036675898674436
5317,330165.0,0.3045251303077363
5318,330225.0,0.30562066190546977
5319,330285.0,0.3064998871046839
5320,330345.0,0.30730415231337294
5321,330405.0,0.3080761780681932
5322,330465.0,0.3089953042813839
5323,330525.0,0.3101574050444793
5324,330585.0,0.3132702086708743
5325,330645.0,0.31649037580103057
5326,330705.0,0.31972370648162174
5327,330765.0,0.3230681394266095
5328,330825.0,0.3260468304614298
5329,330885.0,0.3284944402726837
5330,330945.0,0.32930932679418634
5331,331005.0,0.33108838487791126
5332,331065.0,0.3282735542479084
5333,331125.0,0.32541261248523423
5334,331185.0,0.3227180626227014
5335,331245.0,0.32129280638684243
5336,331305.0,0.3239040083842668
5337,331365.0,0.3266238561783087
5338,331425.0,0.3289822659162832
5339,331485.0,0.3312563273797714
5340,331545.0,0.33312205399930317
5341,331605.0,0.3318463325286397
5342,331665.0,0.33226120130639025
5343,331725.0,0.3329102037909102
5344,331785.0,0.3340051646259673
5345,331845.0,0.3349165774702073
5346,331905.0,0.33585413988561896
5347,331965.0,0.3370133260115191
5348,332025.0,0.3373306368258314
5349,332085.0,0.3372831342255136
5350,332145.0,0.3370683172216461
5351,332205.0,0.3370909554128231
5352,332265.0,0.3371298957512604
5353,332325.0,0.3371672016017332
5354,332385.0,0.33676788359768806
5355,332445.0,0.33590988074147077
5356,332505.0,0.33346767431485735
5357,332565.0,0.33117403537261547
5358,332625.0,0.3313750574838279
5359,332685.0,0.3312058911913228
5360,332745.0,0.3307643459310713
5361,332805.0,0.3298824866276119
5362,332865.0,0.3296744842533371
5363,332925.0,0.32977908597281635
5364,332985.0,0.3297989507796667
5365,333045.0,0.3316476056749392
5366,333105.0,0.3336520497816514
5367,333165.0,0.33343229061431967
5368,333225.0,0.33277696252213795
5369,333285.0,0.33190921734729306
5370,333345.0,0.3289467865213124
5371,333405.0,0.3271237310185685
5372,333465.0,0.32577485262955286
5373,333525.0,0.32658827697928094
5374,333585.0,0.32652733162528946
5375,333645.0,0.32558465025305894
5376,333705.0,0.32548215915619194
5377,333765.0,0.3257613852994289
5378,333825.0,0.32605725136229236
5379,333885.0,0.3282176029644669
5380,333945.0,0.3304344739988634
5381,334005.0,0.3330190497790163
5382,334065.0,0.3353153202115854
5383,334125.0,0.3349267837947628
5384,334185.0,0.33408111970139054
5385,334245.0,0.33173336958294086
5386,334305.0,0.32950670103840174
5387,334365.0,0.3293751845740479
5388,334425.0,0.3296539000125166
5389,334485.0,0.33012427574745395
5390,334545.0,0.3310073282974151
5391,334605.0,0.3319128284666649
5392,334665.0,0.3344528194614501
5393,334725.0,0.33712331958659725
5394,334785.0,0.33994072862753877
5395,334845.0,0.3424866903565613
5396,334905.0,0.34460954909562436
5397,334965.0,0.34507362697388977
5398,335025.0,0.345075017968438
5399,335085.0,0.34515212825146824
5400,335145.0,0.34541533086624365
5401,335205.0,0.3457411594236024
5402,335265.0,0.34614114061462675
5403,335325.0,0.34646197299801096
5404,335385.0,0.34770415198609306
5405,335445.0,0.3480468437569829
5406,335505.0,0.34623469518311123
5407,335565.0,0.3461691255105709
5408,335625.0,0.34610105816962833
5409,335685.0,0.34662605742392716
5410,335745.0,0.3473037178480708
5411,335805.0,0.35039416707770454
5412,335865.0,0.35303427592965175
5413,335925.0,0.35451452258675664
5414,335985.0,0.35392053806872503
5415,336045.0,0.35329693125814166
5416,336105.0,0.35223426658020707
5417,336165.0,0.3516937852563403
5418,336225.0,0.3512621116103066
5419,336285.0,0.348431439785009
5420,336345.0,0.34573302425926866
5421,336405.0,0.34285790600389243
5422,336465.0,0.34016193892595514
5423,336525.0,0.33785448300923393
5424,336585.0,0.33679617398684625
5425,336645.0,0.33631466135265864
5426,336705.0,0.33555360402849654
5427,336765.0,0.3343682762189808
5428,336825.0,0.3330370381154316
5429,336885.0,0.33185011390122254
5430,336945.0,0.33066289821171335
5431,337005.0,0.32931780933023813
5432,337065.0,0.32810715430226145
5433,337125.0,0.32487299517862345
5434,337185.0,0.32159150064409725
5435,337245.0,0.3182511556972888
5436,337305.0,0.314922326542148
5437,337365.0,0.3123850340178015
5438,337425.0,0.30938279244981126
5439,337485.0,0.3090028922444358
5440,337545.0,0.30790798089548865
5441,337605.0,0.3069786189120297
5442,337665.0,0.3090600134098812
5443,337725.0,0.3110884527072977
5444,337785.0,0.3128802160928693
5445,337845.0,0.3142667254171213
5446,337905.0,0.31281122692704455
5447,337965.0,0.31249580681282074
5448,338025.0,0.3128767424412572
5449,338085.0,0.3105138786707643
5450,338145.0,0.3084925466086136
5451,338205.0,0.3057405137998127
5452,338265.0,0.303436774000875
5453,338325.0,0.3036883095767907
5454,338385.0,0.30664314904392664
5455,338445.0,0.30913630608001863
5456,338505.0,0.31143429370217646
5457,338565.0,0.3136083851637712
5458,338625.0,0.31540334200088416
5459,338685.0,0.3176735014264167
5460,338745.0,0.3180342679270248
5461,338805.0,0.3180608497146984
5462,338865.0,0.31784473901863
5463,338925.0,0.31822997922256624
5464,338985.0,0.3184208331175583
5465,339045.0,0.3186989991594781
5466,339105.0,0.3196864026075622
5467,339165.0,0.32021975557036
5468,339225.0,0.32056903367704526
5469,339285.0,0.3226167200166403
5470,339345.0,0.3247237979409522
5471,339405.0,0.3247502745076435
5472,339465.0,0.3247516397850202
5473,339525.0,0.3242662254066174
5474,339585.0,0.3235033839199105
5475,339645.0,0.3208254040639944
5476,339705.0,0.3189690006533875
5477,339765.0,0.31910096192580495
5478,339825.0,0.3189656142459669
5479,339885.0,0.3185801649688389
5480,339945.0,0.317926469747828
5481,340005.0,0.3171921870715201
5482,340065.0,0.3172398296040092
5483,340125.0,0.3176457261493628
5484,340185.0,0.31585154297196816
5485,340245.0,0.3140953989259153
5486,340305.0,0.3121569191024407
5487,340365.0,0.31238301773556887
5488,340425.0,0.3129831601901756
5489,340485.0,0.315750016128433
5490,340545.0,0.31854549762645124
5491,340605.0,0.32010908401713223
5492,340665.0,0.31906061930234275
5493,340725.0,0.3172713495353665
5494,340785.0,0.31618614983943105
5495,340845.0,0.3153493322658347
5496,340905.0,0.31492228389776933
5497,340965.0,0.3119864946669527
5498,341025.0,0.30908615973288867
5499,341085.0,0.30619497387812555
5500,341145.0,0.3037873313616659
5501,341205.0,0.3013902056796516
5502,341265.0,0.3014830024285351
5503,341325.0,0.3008697358094202
5504,341385.0,0.3000053612261102
5505,341445.0,0.29872231496089285
5506,341505.0,0.29757524334063856
5507,341565.0,0.2963981407882438
5508,341625.0,0.2952595069041234
5509,341685.0,0.29429046858034236
5510,341745.0,0.2933453201443522
5511,341805.0,0.28920734185427543
5512,341865.0,0.289169197393629
5513,341925.0,0.28919882649307316
5514,341985.0,0.28898887015704766
5515,342045.0,0.28896954899135374
5516,342105.0,0.28704284393134616
5517,342165.0,0.28710794330595957
5518,342225.0,0.28714079238321344
5519,342285.0,0.2865150795713791
5520,342345.0,0.28567868889079806
5521,342405.0,0.285071423545335
5522,342465.0,0.2842525861069043
5523,342525.0,0.2833195026284545
5524,342585.0,0.28246905661871813
5525,342645.0,0.2818091089579048
5526,342705.0,0.2787387389649656
5527,342765.0,0.2754260768210518
5528,342825.0,0.27335671074681
5529,342885.0,0.2719944460241781
5530,342945.0,0.27280760913561
5531,343005.0,0.2755387315875486
5532,343065.0,0.27772830860491526
5533,343125.0,0.27980215558902
5534,343185.0,0.2825272402147301
5535,343245.0,0.2850930275666007
5536,343305.0,0.28746534294182724
5537,343365.0,0.2894643448860832
5538,343425.0,0.2892843985753052
5539,343485.0,0.2887691772009464
5540,343545.0,0.2884780704759592
5541,343605.0,0.28842702361037975
5542,343665.0,0.2883649756246831
5543,343725.0,0.2865304324935948
5544,343785.0,0.2846780545333254
5545,343845.0,0.2827905757427912
5546,343905.0,0.2810780191423967
5547,343965.0,0.2816704928338206
5548,344025.0,0.2849869661421425
5549,344085.0,0.28750022234873196
5550,344145.0,0.289855690872468
5551,344205.0,0.2915962612964892
5552,344265.0,0.29356488733139774
5553,344325.0,0.29282359388852475
5554,344385.0,0.2926903908609221
5555,344445.0,0.29325138490830693
5556,344505.0,0.2938053648542446
5557,344565.0,0.2943767191761686
5558,344625.0,0.29446631442425464
5559,344685.0,0.2941891615106228
5560,344745.0,0.293715542647658
5561,344805.0,0.29118947832913133
5562,344865.0,0.2889140524242165
5563,344925.0,0.28889454860367436
5564,344985.0,0.28889711357472336
5565,345045.0,0.2889868090679014
5566,345105.0,0.28906429987380655
5567,345165.0,0.2870458568948575
5568,345225.0,0.2866840365473493
5569,345285.0,0.2857172512610199
5570,345345.0,0.284768179128301
5571,345405.0,0.28373426284363
5572,345465.0,0.28302186204212276
5573,345525.0,0.28230947506249005
5574,345585.0,0.2814825389960697
5575,345645.0,0.28109611060461337
5576,345705.0,0.2782140143816574
5577,345765.0,0.27526402277074524
5578,345825.0,0.27238771781058924
5579,345885.0,0.2694256996515345
5580,345945.0,0.2670105656908517
5581,346005.0,0.2645628083393661
5582,346065.0,0.26382310487676797
5583,346125.0,0.2629748653995626
5584,346185.0,0.2617305119991781
5585,346245.0,0.26166514619350345
5586,346305.0,0.2635184348716145
5587,346365.0,0.26543349023284446
5588,346425.0,0.26738762659743676
5589,346485.0,0.26886982232898404
5590,346545.0,0.27023299227692976
5591,346605.0,0.269455947587966
5592,346665.0,0.26685205492784914
5593,346725.0,0.26454236093332983
5594,346785.0,0.2625750576342468
5595,346845.0,0.2612614100102507
5596,346905.0,0.26146193822523656
5597,346965.0,0.26161682460565727
5598,347025.0,0.2614185377488627
5599,347085.0,0.26359097691284505
5600,347145.0,0.2655816791465673
5601,347205.0,0.26755260251051094
5602,347265.0,0.2693958391209359
5603,347325.0,0.27073847286986763
5604,347385.0,0.2711786571467304
5605,347445.0,0.27102649458502215
5606,347505.0,0.2687840297500125
5607,347565.0,0.2667089063820789
5608,347625.0,0.26484200403691294
5609,347685.0,0.26303241809260813
5610,347745.0,0.26168584995919975
5611,347805.0,0.2618970284392488
5612,347865.0,0.2622648923016392
5613,347925.0,0.26436662183619464
5614,347985.0,0.26626851265883245
5615,348045.0,0.2681385705143936
5616,348105.0,0.2700914425954446
5617,348165.0,0.2716186641275029
5618,348225.0,0.27268102304538466
5619,348285.0,0.27150747353324955
5620,348345.0,0.27108793797123654
5621,348405.0,0.26867855143336294
5622,348465.0,0.26658155879313084
5623,348525.0,0.26483704169949485
5624,348585.0,0.2634706677295703
5625,348645.0,0.2618559126277116
5626,348705.0,0.2622012553787053
5627,348765.0,0.2618175316891763
5628,348825.0,0.26114926929755433
5629,348885.0,0.26297235608169045
5630,348945.0,0.26488751602056015
5631,349005.0,0.2665650593546698
5632,349065.0,0.267745078067413
5633,349125.0,0.2676403905867176
5634,349185.0,0.26467753785531833
5635,349245.0,0.2621595205783813
5636,349305.0,0.25984439219878963
5637,349365.0,0.2580265889034573
5638,349425.0,0.2561832931682563
5639,349485.0,0.2538122235291389
5640,349545.0,0.2533490283659442
5641,349605.0,0.2526693315471168
5642,349665.0,0.2517798930590044
5643,349725.0,0.2507941524626762
5644,349785.0,0.24987379048100303
5645,349845.0,0.2489371548648703
5646,349905.0,0.24798429078880127
5647,349965.0,0.24819808839380278
5648,350025.0,0.2460204262894958
5649,350085.0,0.2439415682354034
5650,350145.0,0.2417954399376249
5651,350205.0,0.24206492324935955
5652,350265.0,0.24273632538067239
5653,350325.0,0.2447672557180068
5654,350385.0,0.2468449031757818
5655,350445.0,0.24819079589044077
5656,350505.0,0.24927220575556977
5657,350565.0,0.24809157679600294
5658,350625.0,0.24760337108308453
5659,350685.0,0.24748675693706654
5660,350745.0,0.2476884041701702
5661,350805.0,0.24831286770997027
5662,350865.0,0.24631127698131897
5663,350925.0,0.24388948307466704
5664,350985.0,0.24383465081299707
5665,351045.0,0.24405925234453388
5666,351105.0,0.2448009988011212
5667,351165.0,0.24673839046213483
5668,351225.0,0.2483672683309058
5669,351285.0,0.2476639998923513
5670,351345.0,0.24667388908832974
5671,351405.0,0.24611825282673608
5672,351465.0,0.2460088976392736
5673,351525.0,0.245953867423966
5674,351585.0,0.2464412049200191
5675,351645.0,0.24449137005379332
5676,351705.0,0.24208210274212535
5677,351765.0,0.24227148625899728
5678,351825.0,0.24293782456473392
5679,351888.0,0.24349294993011375
5680,351945.0,0.245282937289966
5681,352005.0,0.24663604850322665
5682,352065.0,0.245449028494405
5683,352125.0,0.24454275308001597
5684,352185.0,0.2440514403686125
5685,352245.0,0.24407237905304727
5686,352305.0,0.24428087415312075
5687,352365.0,0.2449926146180789
5688,352425.0,0.24351285665014963
5689,352485.0,0.2416487434808682
5690,352545.0,0.2396628190634821
5691,352605.0,0.24013728283702487
5692,352665.0,0.24180143557735254
5693,352725.0,0.24385407637819925
5694,352785.0,0.24589882829072376
5695,352845.0,0.24724128196410958
5696,352905.0,0.2483947299821637
5697,352968.0,0.24756079727380628
5698,353025.0,0.24708878035848078
5699,353085.0,0.24699701992093312
5700,353145.0,0.24719726502470044
5701,353205.0,0.2475081492393488
5702,353265.0,0.24540205452887834
5703,353325.0,0.24340201186958724
5704,353385.0,0.2412896903027322
5705,353445.0,0.23925396519459122
5706,353505.0,0.2399899996906775
5707,353565.0,0.242469571438739
5708,353625.0,0.24476082938271107
5709,353685.0,0.24607513943338458
5710,353745.0,0.24508814608147703
5711,353805.0,0.24415467009311256
5712,353865.0,0.24384141754453117
5713,353925.0,0.2436547732069763
5714,353985.0,0.24307194827295217
5715,354045.0,0.2430686141607453
5716,354105.0,0.2404698375032526
5717,354165.0,0.23779595933489586
5718,354225.0,0.23574049589865534
5719,354285.0,0.23426834627947726
5720,354345.0,0.23426393704688966
5721,354405.0,0.23472881223777978
5722,354465.0,0.23498482174880422
5723,354525.0,0.23669406094493897
5724,354585.0,0.23848898121692538
5725,354645.0,0.24036575054310658
5726,354705.0,0.24218436637200344
5727,354765.0,0.24399797654431152
5728,354825.0,0.24361779321011864
5729,354885.0,0.24111087304744563
5730,354945.0,0.23843001885097567
5731,355005.0,0.23604568695672465
5732,355065.0,0.23390114335890314
5733,355125.0,0.23385000952507387
5734,355185.0,0.23372068972783203
5735,355245.0,0.23312857087396768
5736,355305.0,0.23229577729388481
5737,355365.0,0.2314136980523144
5738,355425.0,0.23113993223891918
5739,355485.0,0.23147878085106202
5740,355545.0,0.23228639088491512
5741,355605.0,0.2353866290909393
5742,355665.0,0.23598372496909317
5743,355725.0,0.23647223347212618
5744,355785.0,0.2369063823236183
5745,355845.0,0.2386714478175311
5746,355905.0,0.23989667850388366
5747,355965.0,0.24131557759099662
5748,356025.0,0.24098869145862575
5749,356085.0,0.2409129777911039
5750,356145.0,0.24092961291712248
5751,356205.0,0.24142145805140466
5752,356268.0,0.24193170483393397
5753,356325.0,0.24264757267468265
5754,356388.0,0.2432732540901397
5755,356445.0,0.2408513928602883
5756,356505.0,0.24077871583630486
5757,356565.0,0.24096297874789438
5758,356625.0,0.24155784709948272
5759,356685.0,0.24228998102912322
5760,356745.0,0.24460846163880898
5761,356805.0,0.24642082589627404
5762,356865.0,0.24597877734685195
5763,356925.0,0.2455863203834275
5764,356985.0,0.24534091670091543
5765,357045.0,0.2453377684518445
5766,357105.0,0.24605326903977923
5767,357165.0,0.24416707147046704
5768,357225.0,0.24221902010132176
5769,357285.0,0.2403672724994961
5770,357345.0,0.2389047629282092
5771,357405.0,0.23714596707861843
5772,357465.0,0.23960163518907854
5773,357525.0,0.2418079620323982
5774,357585.0,0.24360029332903751
5775,357645.0,0.244681161909483
5776,357705.0,0.24432315780215588
5777,357765.0,0.24418265912488094
5778,357825.0,0.2418435245386464
5779,357885.0,0.23959543315560408
5780,357945.0,0.23785824293328842
5781,358005.0,0.23650269914314684
5782,358065.0,0.23636032246201552
5783,358125.0,0.236744789730595
5784,358185.0,0.23647175174672572
5785,358245.0,0.23576753715647006
5786,358305.0,0.2375538120263673
5787,358365.0,0.23979458291971437
5788,358425.0,0.23983483939499953
5789,358485.0,0.23959714311882777
5790,358545.0,0.23907340897830462
5791,358605.0,0.23747771934436204
5792,358665.0,0.2355894048305667
5793,358725.0,0.23590489578053994
5794,358785.0,0.23618020269144
5795,358845.0,0.23606604907562853
5796,358905.0,0.23612940434466975
5797,358965.0,0.2341716280880671
5798,359025.0,0.23230883915470293
5799,359085.0,0.23004056837387252
5800,359145.0,0.22767629708620454
5801,359205.0,0.22766787359791366
5802,359268.0,0.22767933958392808
5803,359325.0,0.22741725969353346
5804,359385.0,0.2266706411371601
5805,359445.0,0.22613338579244138
5806,359505.0,0.22365834188351366
5807,359565.0,0.22181419382441805
5808,359625.0,0.21999831560605745
5809,359685.0,0.21847873543915045
5810,359745.0,0.21698382752649695
5811,359805.0,0.21550271711873772
5812,359865.0,0.2139480535870685
5813,359925.0,0.21216841100014275
5814,359985.0,0.21264204228265607
5815,360045.0,0.21316840406941143
5816,360105.0,0.21373872295641197
5817,360165.0,0.21398830326336596
5818,360225.0,0.2139025985768537
5819,360285.0,0.21397439441319924
5820,360345.0,0.21221794916551048
5821,360405.0,0.2106022048260495
5822,360465.0,0.20927072066157257
5823,360525.0,0.20794245702415362
5824,360585.0,0.2066262104747297
5825,360645.0,0.20523734175833616
5826,360705.0,0.2037133919409241
5827,360765.0,0.20181422632061655
5828,360828.0,0.20247459529279047
5829,360885.0,0.20321870735384048
5830,360945.0,0.2038243769912708
5831,361005.0,0.20410082414635092
5832,361065.0,0.20410140397978396
5833,361125.0,0.20271892109746645
5834,361185.0,0.20079212122991438
5835,361245.0,0.19904662609080112
5836,361305.0,0.19741903519489482
5837,361365.0,0.19620055234966408
5838,361425.0,0.1947407982961387
5839,361485.0,0.1950484296891745
5840,361545.0,0.19515777375255464
5841,361605.0,0.1948419689081978
5842,361665.0,0.19692523900241385
5843,361725.0,0.19904999529612824
5844,361785.0,0.201302914506631
5845,361845.0,0.2033766219089925
5846,361905.0,0.20268752839678958
5847,361965.0,0.2004977025493966
5848,362025.0,0.19822495486686428
5849,362085.0,0.1964067325210659
5850,362145.0,0.19527658193331884
5851,362205.0,0.19541013170328872
5852,362265.0,0.195873287524463
5853,362325.0,0.19603576890694638
5854,362385.0,0.19524447389139418
5855,362445.0,0.19694107627987936
5856,362505.0,0.19865045452365668
5857,362565.0,0.20039087633240796
5858,362625.0,0.20204977984190267
5859,362685.0,0.20152882595636099
5860,362745.0,0.1992271394132714
5861,362805.0,0.19714936699887028
5862,362865.0,0.1951832751731092
5863,362925.0,0.19346026364780947
5864,362985.0,0.191643411590565
5865,363045.0,0.18965361092710845
5866,363105.0,0.18734505228783974
5867,363165.0,0.18448103474334823
5868,363225.0,0.18416648675537942
5869,363285.0,0.18392156518569416
5870,363345.0,0.18372111512744474
5871,363405.0,0.1836472374391507
5872,363465.0,0.18243683509885997
5873,363525.0,0.18087015715293212
5874,363585.0,0.1792635927981482
5875,363645.0,0.17781626604829112
5876,363705.0,0.1764627670650585
5877,363765.0,0.17505596691555939
5878,363825.0,0.17363713629400537
5879,363885.0,0.17196261647831126
5880,363945.0,0.17022143629954353
5881,364005.0,0.16820591704809942
5882,364065.0,0.16859450349495694
5883,364125.0,0.16905381326377503
5884,364185.0,0.1695057314821483
5885,364245.0,0.16970251393715732
5886,364305.0,0.1694344434333607
5887,364365.0,0.16748203473045645
5888,364425.0,0.16545677678812795
5889,364485.0,0.16395703227034
5890,364545.0,0.16276087210490972
5891,364605.0,0.16153276689065169
5892,364665.0,0.16023725394243252
5893,364725.0,0.1589564341760998
5894,364785.0,0.15743872862089378
5895,364845.0,0.15548735635853764
5896,364905.0,0.1560281543499805
5897,364965.0,0.15658111059961713
5898,365025.0,0.15689866073057376
5899,365085.0,0.1567779474918072
5900,365145.0,0.15534403716364306
5901,365205.0,0.15350586144379422
5902,365265.0,0.15198331542965857
5903,365325.0,0.15082233738562276
5904,365385.0,0.14960303403971612
5905,365445.0,0.14831536764490108
5906,365505.0,0.14678446635302847
5907,365565.0,0.14489602489136996
5908,365625.0,0.14250875812326305
5909,365685.0,0.1430509213579139
5910,365745.0,0.14360165901145347
5911,365805.0,0.14388088127079193
5912,365865.0,0.14383421993699821
5913,365925.0,0.14195488916306495
5914,365985.0,0.14020479267320016
5915,366045.0,0.13879307377770514
5916,366105.0,0.13764072451671547
5917,366165.0,0.13640106732788246
5918,366225.0,0.13500221228862072
5919,366285.0,0.1333102935112123
5920,366345.0,0.13132024676498064
5921,366405.0,0.12871441780107443
5922,366465.0,0.12861508051866458
5923,366525.0,0.1286190182287498
5924,366585.0,0.12869945337685632
5925,366645.0,0.1271074508865014
5926,366705.0,0.12555609939882548
5927,366765.0,0.12404684615672115
5928,366825.0,0.12252037213427439
5929,366885.0,0.12095580228014316
5930,366945.0,0.11934741761221593
5931,367005.0,0.11746753181667932
5932,367065.0,0.11560546327085977
5933,367125.0,0.11348096494494173
5934,367185.0,0.11145668008455237
5935,367245.0,0.11204455905321001
5936,367305.0,0.11268683175032548
5937,367365.0,0.1130951909484432
5938,367425.0,0.1131559137071648
5939,367485.0,0.11306360307483163
5940,367545.0,0.11073795595244448
5941,367605.0,0.10899944320431318
5942,367665.0,0.10775303684269713
5943,367725.0,0.1065205358832195
5944,367785.0,0.10520015169317107
5945,367845.0,0.10356620541529402
5946,367905.0,0.10147878729330853
5947,367965.0,0.10196344145783806
5948,368025.0,0.10251788982396229
5949,368085.0,0.10285272797243514
5950,368145.0,0.10277379734756184
5951,368205.0,0.10276831167636549
5952,368265.0,0.10087249915656524
5953,368328.0,0.0992500073868082
5954,368385.0,0.09777002191563514
5955,368445.0,0.09660062312962389
5956,368505.0,0.09525224756314629
5957,368565.0,0.09332822174590585
5958,368625.0,0.09388028072986535
5959,368685.0,0.09443403706624678
5960,368745.0,0.09467788622393478
5961,368805.0,0.09460068042378253
5962,368865.0,0.09318653462192325
5963,368925.0,0.09129109004558236
5964,368985.0,0.08964455594190093
5965,369045.0,0.08840516274225121
5966,369105.0,0.0871216195413759
5967,369165.0,0.0854412616263768
5968,369225.0,0.08598484118968616
5969,369285.0,0.08657650976925077
5970,369345.0,0.08695197087568676
5971,369405.0,0.08693904891136786
5972,369465.0,0.08692725292633333
5973,369525.0,0.08495888421476092
5974,369588.0,0.08323722764453337
5975,369645.0,0.08195169740952882
5976,369705.0,0.08047148430265608
5977,369765.0,0.08098477535845763
5978,369825.0,0.08147445139436596
5979,369885.0,0.08202310191731768
5980,369945.0,0.08255820997924465
5981,370005.0,0.08312961894441143
5982,370065.0,0.08364425379016635
5983,370125.0,0.08413003906907171
5984,370185.0,0.08463095802914836
5985,370248.0,0.08513006792604197
5986,370305.0,0.08569711884730316
5987,370365.0,0.08591189985711536
5988,370425.0,0.08629058114479968
5989,370488.0,0.08663654159456372
5990,370545.0,0.08685929786162586
5991,370605.0,0.08702088242440367
5992,370665.0,0.08711897576047092
5993,370725.0,0.08712581673513872
5994,370785.0,0.08712555936561164
5995,370845.0,0.0871243491915982
5996,370905.0,0.0871187891026052
5997,370965.0,0.08709346010700039
5998,371025.0,0.08706344313835132
5999,371085.0,0.08705036994981893
6000,371145.0,0.0870737830035461
6001,371205.0,0.08711317062710613
6002,371265.0,0.08716062909507119
6003,371328.0,0.08720172501017034
6004,371385.0,0.08718581834756126
6005,371445.0,0.08712563849093533
6006,371505.0,0.08710423341365861
6007,371565.0,0.08711261583319355
6008,371625.0,0.08713297064632733
6009,371685.0,0.087142219495112
6010,371745.0,0.08712690260059355
6011,371805.0,0.08703815481825802
6012,371865.0,0.08684389708877407
6013,371925.0,0.08668635467135158
6014,371985.0,0.08672656539361409
6015,372045.0,0.08677582171455464
6016,372105.0,0.08694519110937318
6017,372168.0,0.08680674600550256
6018,372225.0,0.08684699690305833
6019,372285.0,0.08517638441232131
6020,372345.0,0.08349382129088392
6021,372405.0,0.08181499668486839
6022,372465.0,0.08034129512190394
6023,372525.0,0.07883245308402895
6024,372585.0,0.07716192272537473
6025,372645.0,0.0753690794239337
6026,372705.0,0.0758393765880642
6027,372765.0,0.07631990799387081
6028,372828.0,0.07681739737248108
6029,372885.0,0.07703021264149104
6030,372945.0,0.0768605792118511
6031,373005.0,0.0754181359519833
6032,373065.0,0.07363046300970891
6033,373125.0,0.07206934539003892
6034,373185.0,0.07097213680260403
6035,373245.0,0.0698171374694945
6036,373305.0,0.06870614160931496
6037,373365.0,0.06732805337423545
6038,373425.0,0.06555019208967935
6039,373485.0,0.06608970600941019
6040,373545.0,0.06655709207716123
6041,373605.0,0.06699197933872522
6042,373665.0,0.06742255189998134
6043,373725.0,0.06785834057144477
6044,373785.0,0.06834945894955127
6045,373845.0,0.06895527689485428
6046,373905.0,0.06962169348824918
6047,373965.0,0.07033849338959722
6048,374025.0,0.07064015822429529
6049,374085.0,0.0708996992215313
6050,374145.0,0.07113636027793083
6051,374205.0,0.07139817167812748
6052,374265.0,0.07158213895716856
6053,374325.0,0.07173041537240962
6054,374385.0,0.07189910402582625
6055,374445.0,0.07207642653217008
6056,374505.0,0.0721513635418459
6057,374565.0,0.07213263451200044
6058,374625.0,0.07218612619468198
6059,374685.0,0.07246759688266438
6060,374745.0,0.07285267407920634
6061,374805.0,0.07332322662533511
6062,374865.0,0.07387111610223387
6063,374925.0,0.07417691192350165
6064,374985.0,0.07433279566340681
6065,375045.0,0.0743742076717249
6066,375105.0,0.07437986007542882
6067,375165.0,0.07434721418598303
6068,375225.0,0.07425161321312032
6069,375285.0,0.07411182565169541
6070,375345.0,0.07393443513580669
6071,375405.0,0.07375387517914403
6072,375465.0,0.07358231892980158
6073,375525.0,0.07339963323053625
6074,375585.0,0.07324362700623357
6075,375645.0,0.0731280362562848
6076,375705.0,0.0730727163784087
6077,375765.0,0.07310604370595061
6078,375825.0,0.07316455835201621
6079,375885.0,0.07318731919750157
6080,375945.0,0.07308185327825625
6081,376005.0,0.07296340721229075
6082,376065.0,0.07295853172622971
6083,376125.0,0.07303131048661662
6084,376185.0,0.07311068864036505
6085,376245.0,0.07320097114762938
6086,376305.0,0.07321281704317692
6087,376365.0,0.07318814133307935
6088,376425.0,0.07311576324520011
6089,376485.0,0.07303790990700007
6090,376545.0,0.07299885046121948
6091,376605.0,0.07296545531655776
6092,376665.0,0.07294003246450667
6093,376725.0,0.07287966586368963
6094,376785.0,0.07283494396026505
6095,376845.0,0.07274544230154337
6096,376905.0,0.07267092147140616
6097,376965.0,0.0726244573123219
6098,377025.0,0.07256753398145235
6099,377085.0,0.07249835009155989
6100,377145.0,0.07235082063978251
6101,377205.0,0.07219339289575774
6102,377265.0,0.07205542507810317
6103,377325.0,0.0720381683002391
6104,377385.0,0.07212488612601978
6105,377445.0,0.07229248739700836
6106,377505.0,0.07245303518994631
6107,377565.0,0.07264753910198843
6108,377625.0,0.07284378288336016
6109,377685.0,0.07298545716772889
6110,377745.0,0.07308320634450924
6111,377805.0,0.07312384561564747
6112,377865.0,0.07307725971955295
6113,377925.0,0.07299875531587349
6114,377985.0,0.07285473005548052
6115,378045.0,0.07269693791611329
6116,378105.0,0.07260394138684587
6117,378165.0,0.07263711097680278
6118,378225.0,0.07272720574174232
6119,378285.0,0.07277984899471449
6120,378345.0,0.07270769309944161
6121,378405.0,0.07260697107668376
6122,378465.0,0.07249556453925612
6123,378525.0,0.07236588564133542
6124,378585.0,0.07226782125528494
6125,378645.0,0.0721233197180551
6126,378705.0,0.07197340586812398
6127,378765.0,0.07183271075469269
6128,378825.0,0.07164896645753935
6129,378885.0,0.07146848430290301
6130,378945.0,0.0712953028735959
6131,379005.0,0.07114046537992977
6132,379065.0,0.07099128505154514
6133,379125.0,0.07091223044602415
6134,379185.0,0.07089260588773724
6135,379245.0,0.07086376699822297
6136,379305.0,0.07091157577533211
6137,379365.0,0.07095396565630416
6138,379425.0,0.0709966410737072
6139,379485.0,0.07105677949053155
6140,379545.0,0.07112808181991817
6141,379605.0,0.07114514175993816
6142,379665.0,0.07113884179675381
6143,379728.0,0.07111049751835
6144,379785.0,0.07102220385478067
6145,379845.0,0.07095312736621387
6146,379905.0,0.07094458214775409
6147,379965.0,0.07103453609408986
6148,380025.0,0.07125003303550773
6149,380085.0,0.07137897710878574
6150,380145.0,0.07135406628471161
6151,380205.0,0.07122450748125356
6152,380265.0,0.07111651629008894
6153,380325.0,0.07101238876074747
6154,380385.0,0.07093170937444035
6155,380445.0,0.07084884209383083
6156,380505.0,0.07071365291999224
6157,380565.0,0.07053908135281853
6158,380625.0,0.07037774604148875
6159,380685.0,0.07019572263844012
6160,380745.0,0.07007335746286328
6161,380805.0,0.06996525042230098
6162,380865.0,0.06994777962863832
6163,380925.0,0.06992950894712516
6164,380985.0,0.06981991443033844
6165,381045.0,0.06966141493533787
6166,381105.0,0.06956596524926198
6167,381165.0,0.06954656516970084
6168,381225.0,0.06948844581564209
6169,381285.0,0.06940595625114679
6170,381345.0,0.06934020834808788
6171,381405.0,0.06927636047164634
6172,381465.0,0.06924593004063737
6173,381525.0,0.0692662195827897
6174,381585.0,0.06925121974760681
6175,381645.0,0.0692108808541069
6176,381705.0,0.06913405949695448
6177,381765.0,0.0690233063244082
6178,381825.0,0.06888219187441089
6179,381885.0,0.0687424581098727
6180,381945.0,0.06862097190908004
6181,382005.0,0.06851371786155128
6182,382065.0,0.06842701845015328
6183,382125.0,0.06834311888352065
6184,382185.0,0.0682792424239331
6185,382245.0,0.06820939982286969
6186,382305.0,0.06814535384633205
6187,382365.0,0.06798986492448686
6188,382425.0,0.0677165754115562
6189,382485.0,0.06742115738866153
6190,382545.0,0.0672518842923591
6191,382605.0,0.06715097280321661
6192,382665.0,0.06706956830540159
6193,382725.0,0.06699013220801889
6194,382785.0,0.06693460179021607
6195,382845.0,0.06694642202044657
6196,382905.0,0.06698885413306163
6197,382965.0,0.06704415703552011
6198,383025.0,0.06708812474349476
6199,383085.0,0.06706194167062676
6200,383145.0,0.06700460708934011
6201,383205.0,0.06689369071763626
6202,383265.0,0.06675280247538115
6203,383325.0,0.06662493120546067
6204,383385.0,0.06653134254675866
6205,383445.0,0.06647202447037129
6206,383505.0,0.06641778526000178
6207,383565.0,0.06642675167625664
6208,383625.0,0.06644223795699514
6209,383685.0,0.06649211650783995
6210,383745.0,0.06650381295401511
6211,383805.0,0.06646928663222243
6212,383865.0,0.06638724870592796
6213,383925.0,0.06628110499635612
6214,383985.0,0.066160783540862
6215,384045.0,0.06605448653667675
6216,384105.0,0.06592511610475596
6217,384165.0,0.06580674348159973
6218,384225.0,0.06571135353880317
6219,384285.0,0.06562069818346553
6220,384345.0,0.06559200776742077
6221,384405.0,0.06558304702467041
6222,384465.0,0.06557318756283129
6223,384525.0,0.06551698704851669
6224,384585.0,0.06541813074150618
6225,384645.0,0.06520503673070041
6226,384705.0,0.06493220545386261
6227,384765.0,0.06461668275023938
6228,384825.0,0.06437382866306465
6229,384885.0,0.06421358274075575
6230,384945.0,0.06406854410824378
6231,385005.0,0.06389788395954674
6232,385065.0,0.06380469459602742
6233,385125.0,0.0637276202011183
6234,385185.0,0.06368723607170693
6235,385245.0,0.06363929588061704
6236,385305.0,0.06359417171752393
6237,385365.0,0.06357695951043232
6238,385425.0,0.06352342470827946
6239,385485.0,0.06334011838696471
6240,385545.0,0.06305100486160911
6241,385605.0,0.0626361334167275
6242,385665.0,0.06212931830035598
6243,385725.0,0.06190323913998194
6244,385785.0,0.06197721183401986
6245,385845.0,0.06228171054920492
6246,385905.0,0.06253222427123614
6247,385965.0,0.06263146612760492
6248,386025.0,0.06265669458506143
6249,386085.0,0.06265921192060905
6250,386145.0,0.06267952104359373
6251,386205.0,0.06271036739753674
6252,386265.0,0.06266311285329276
6253,386325.0,0.06258881515827489
6254,386385.0,0.06245987142456502
6255,386445.0,0.06242136763791997
6256,386505.0,0.062453779880751265
6257,386565.0,0.06247991766482111
6258,386625.0,0.0625405050467053
6259,386688.0,0.06258799975178761
6260,386745.0,0.06269730517475111
6261,386805.0,0.06275743727397173
6262,386865.0,0.06267680994925515
6263,386925.0,0.06248346558941023
6264,386985.0,0.06224526078228107
6265,387045.0,0.06202361683140015
6266,387105.0,0.061898051233805235
6267,387165.0,0.06186562157496592
6268,387225.0,0.061870952900956816
6269,387285.0,0.06192239764958496
6270,387345.0,0.06193733140183025
6271,387408.0,0.06193009760450055
6272,387465.0,0.06185581413557553
6273,387525.0,0.06176620989731493
6274,387585.0,0.06168064529642445
6275,387645.0,0.061605392214596905
6276,387708.0,0.06152370142255861
6277,387765.0,0.061426235149834335
6278,387825.0,0.06139174951323684
6279,387885.0,0.06140814662117158
6280,387945.0,0.061506207904006294
6281,388005.0,0.061635897157046066
6282,388065.0,0.06181381657429988
6283,388125.0,0.06188478127677263
6284,388185.0,0.06182671792512415
6285,388245.0,0.06170288321545439
6286,388305.0,0.06155856055461642
6287,388365.0,0.061360631059138
6288,388425.0,0.06115587074537929
6289,388485.0,0.06099586593507392
6290,388545.0,0.060846138026242474
6291,388605.0,0.06073162067202814
6292,388665.0,0.06075903231723398
6293,388725.0,0.060868302988528494
6294,388785.0,0.06117190421189572
6295,388845.0,0.06134730108396391
6296,388905.0,0.06133168616748649
6297,388965.0,0.06115680765224138
6298,389025.0,0.060853704208460674
6299,389085.0,0.06058154155774778
6300,389145.0,0.060429005863302715
6301,389205.0,0.06033043163245114
6302,389265.0,0.060253064088402114
6303,389325.0,0.060195077469235386
6304,389385.0,0.060139143438122405
6305,389445.0,0.060199252946882637
6306,389505.0,0.06036340274970156
6307,389565.0,0.060581890495174345
6308,389625.0,0.06083808314931616
6309,389685.0,0.06106799203108523
6310,389745.0,0.0612612006319149
6311,389805.0,0.06141589437183623
6312,389865.0,0.061526597707239394
6313,389925.0,0.061541572068367995
6314,389985.0,0.06147941808378485
6315,390045.0,0.06137290088220812
6316,390105.0,0.06119193519027849
6317,390165.0,0.06101628495281794
6318,390225.0,0.06087095299928194
6319,390285.0,0.060767266190377645
6320,390345.0,0.06068223493854233
6321,390405.0,0.06065728256841371
6322,390465.0,0.06066853007694753
6323,390525.0,0.060682223920018874
6324,390585.0,0.060767419772273956
6325,390645.0,0.060748253400495
6326,390705.0,0.06060903349375624
6327,390765.0,0.060342401562703624
6328,390828.0,0.05993577779696116
6329,390885.0,0.05962220478539207
6330,390945.0,0.05947549863215612
6331,391005.0,0.05943647149362913
6332,391065.0,0.0594905107645716
6333,391125.0,0.05961975329564048
6334,391185.0,0.05976612827621772
6335,391245.0,0.05991640202704088
6336,391305.0,0.06009438799235384
6337,391365.0,0.06025269798236382
6338,391425.0,0.06043002077736556
6339,391485.0,0.060610477163976856
6340,391545.0,0.060779948094204145
6341,391605.0,0.06091712800220325
6342,391665.0,0.06100733164699368
6343,391725.0,0.06112056420108905
6344,391785.0,0.06127626321677185
6345,391845.0,0.06145413471845382
6346,391905.0,0.06153464928811456
6347,391965.0,0.06148329481365569
6348,392025.0,0.06138331943565292
6349,392085.0,0.06128561389302359
6350,392145.0,0.06124820968623526
6351,392205.0,0.06127737164065833
6352,392265.0,0.061378333295140336
6353,392325.0,0.06148330925926673
6354,392385.0,0.0615721765096261
6355,392445.0,0.06158930821932243
6356,392505.0,0.06159113762271359
6357,392565.0,0.061574667750509654
6358,392625.0,0.06154091011102794
6359,392685.0,0.06153728153537111
6360,392745.0,0.06158525391167133
6361,392805.0,0.06164697958665036
6362,392865.0,0.061719315404169445
6363,392925.0,0.06182416790783815
6364,392985.0,0.061918224708302244
6365,393045.0,0.06201617714277538
6366,393105.0,0.06209779721908157
6367,393165.0,0.06222507401835195
6368,393225.0,0.06244628593784177
6369,393285.0,0.06272182040547322
6370,393345.0,0.06297513385270428
6371,393405.0,0.06317709184577305
6372,393468.0,0.06334281786721493
6373,393525.0,0.06350008264652648
6374,393585.0,0.06362188154707513
6375,393645.0,0.0637816887806206
6376,393705.0,0.06394229072188526
6377,393765.0,0.0640862382700744
6378,393825.0,0.0642423048048538
6379,393885.0,0.06439307144165277
6380,393948.0,0.06458260612712122
6381,394005.0,0.06475112296728783
6382,394065.0,0.06489735084384177
6383,394125.0,0.065026153210852
6384,394185.0,0.06514215491807171
6385,394245.0,0.06529123986587229
6386,394305.0,0.06546969683617551
6387,394365.0,0.0656053106807464
6388,394425.0,0.06581048627073996
6389,394485.0,0.06593156805960723
6390,394545.0,0.06604486145218022
6391,394605.0,0.06616224710125093
6392,394665.0,0.06629746302665943
6393,394725.0,0.06645072736929539
6394,394785.0,0.06658487389880383
6395,394845.0,0.0667379700353862
6396,394905.0,0.06693749150567216
6397,394965.0,0.0671643341525471
6398,395025.0,0.06745059974657061
6399,395085.0,0.06774492840935228
6400,395145.0,0.0680306381713591
6401,395205.0,0.06831446461592441
6402,395265.0,0.0685922174940983
6403,395325.0,0.0689222242948628
6404,395385.0,0.06922363882791213
6405,395445.0,0.06949368905436812
6406,395505.0,0.06973683371015069
6407,395565.0,0.06995463989791165
6408,395625.0,0.07012112695953152
6409,395685.0,0.07024399463103856
6410,395745.0,0.07034464787049663
6411,395805.0,0.07045650927055033
6412,395865.0,0.07055470358043772
6413,395925.0,0.07066800260185316
6414,395985.0,0.07079385292939469
6415,396045.0,0.07091382620831357
6416,396105.0,0.07106864504059066
6417,396165.0,0.07125190540123852
6418,396225.0,0.07144427464153805
6419,396285.0,0.0716303927257049
6420,396345.0,0.07176347744047692
6421,396405.0,0.07191761355845219
6422,396465.0,0.0719988337065923
6423,396525.0,0.07197439328539887
6424,396585.0,0.07181581795308237
6425,396645.0,0.07148148862776518
6426,396705.0,0.07128012554781052
6427,396765.0,0.07131054914325904
6428,396825.0,0.07147689497446516
6429,396885.0,0.07175493534865604
6430,396948.0,0.0720303896242919
6431,397005.0,0.07213369283629936
6432,397065.0,0.07220486776223342
6433,397125.0,0.07222685431634976
6434,397185.0,0.07238524870595012
6435,397245.0,0.07253064820561164
6436,397305.0,0.0725982761306069
6437,397365.0,0.07262030827888569
6438,397425.0,0.07261943057814627
6439,397485.0,0.072667749020383
6440,397545.0,0.07274311827751337
6441,397605.0,0.07282627902257008
6442,397665.0,0.0729116426250325
6443,397725.0,0.07301841135590373
6444,397785.0,0.07313530339037569
6445,397845.0,0.0732111084706302
6446,397908.0,0.07326267039846204
6447,397965.0,0.07327411148130289
6448,398025.0,0.07328845917412033
6449,398085.0,0.07329658285889681
6450,398145.0,0.07334253955521994
6451,398205.0,0.07341274645866988
6452,398265.0,0.07357928931084537
6453,398325.0,0.07381571878852086
6454,398385.0,0.07406925209617995
6455,398445.0,0.07429398700861076
6456,398505.0,0.07454438954021839
6457,398565.0,0.07480780995856387
6458,398625.0,0.07507112711227212
6459,398685.0,0.07529949429277269
6460,398745.0,0.07541778351380599
6461,398805.0,0.07566205552310659
6462,398865.0,0.07585601758153745
6463,398925.0,0.07605027935024813
6464,398985.0,0.07625354268274179
6465,399045.0,0.07647045731460109
6466,399105.0,0.07676306259204077
6467,399165.0,0.07702802710250609
6468,399225.0,0.07725965604341636
6469,399285.0,0.07746809191613394
6470,399345.0,0.07768855242604014
6471,399405.0,0.07790069035374927
6472,399465.0,0.07803163232077873
6473,399525.0,0.07807622792174365
6474,399585.0,0.07797379604139701
6475,399645.0,0.07801101548309672
6476,399705.0,0.07817581603960685
6477,399765.0,0.07834726569457348
6478,399825.0,0.07851701781030748
6479,399885.0,0.07869898603202705
6480,399945.0,0.07888903180161297
6481,400005.0,0.07909382031077541
6482,400065.0,0.07931863412447673
6483,400125.0,0.07956360437236962
6484,400185.0,0.07979372740547266
6485,400245.0,0.07994831788794513
6486,400305.0,0.08001215751644522
6487,400365.0,0.08001514414243452
6488,400425.0,0.07999993366073246
6489,400485.0,0.07998933176552761
6490,400545.0,0.0800022766957447
6491,400605.0,0.08002273123552386
6492,400665.0,0.08009963862455469
6493,400725.0,0.08025126661872309
6494,400785.0,0.08046381176568076
6495,400845.0,0.08075152559148299
6496,400905.0,0.08106314813807705
6497,400965.0,0.08132424723450413
6498,401025.0,0.08154172712574206
6499,401085.0,0.08171442082553984
6500,401145.0,0.08189469585456968
6501,401205.0,0.08212646453254005
6502,401265.0,0.0823377607784351
6503,401325.0,0.0825436599048743
6504,401385.0,0.08269924142060583
6505,401445.0,0.08293539617952492
6506,401505.0,0.08319109268835093
6507,401565.0,0.08343282064869209
6508,401625.0,0.08364568713395706
6509,401685.0,0.08382471543023559
6510,401745.0,0.08402626033009528
6511,401805.0,0.08421385145287794
6512,401865.0,0.0843304478185504
6513,401925.0,0.0843724519139232
6514,401985.0,0.0843944790581759
6515,402045.0,0.08439741813105026
6516,402105.0,0.08440549122114652
6517,402165.0,0.08445644145983869
6518,402225.0,0.08454226904134962
6519,402285.0,0.08471440305963843
6520,402345.0,0.08493759282360538
6521,402405.0,0.08516183815586695
6522,402465.0,0.0853564341415178
6523,402525.0,0.0854841739644874
6524,402585.0,0.08560514984573056
6525,402645.0,0.08567385831210514
6526,402705.0,0.0857320888670863
6527,402765.0,0.08591479874687438
6528,402825.0,0.08629378541490765
6529,402885.0,0.08679356226021404
6530,402945.0,0.08729244802822059
6531,403005.0,0.08773858242361612
6532,403065.0,0.08801845814784262
6533,403125.0,0.09077383903875944
6534,403185.0,0.09342392736535512
6535,403245.0,0.09511576716449463
6536,403305.0,0.09649106003982852
6537,403365.0,0.09791964935340916
6538,403425.0,0.09943422432143276
6539,403485.0,0.09951505823932846
6540,403545.0,0.09950188926816153
6541,403608.0,0.09952017656050574
6542,403665.0,0.09959312270698814
6543,403725.0,0.099748024329778
6544,403785.0,0.10000016101476747
6545,403845.0,0.1002824813217966
6546,403905.0,0.10048722506753513
6547,403965.0,0.1020445967072269
6548,404028.0,0.10417838070563476
6549,404085.0,0.10571483187079292
6550,404145.0,0.10713513935079319
6551,404205.0,0.1085462782957449
6552,404265.0,0.1098912502259651
6553,404325.0,0.11131045961919492
6554,404385.0,0.11283794505235009
6555,404445.0,0.11446697333093267
6556,404505.0,0.11629127622472393
6557,404568.0,0.11563436620735609
6558,404625.0,0.11490971621190002
6559,404688.0,0.11417568157976307
6560,404745.0,0.11369002603976044
6561,404805.0,0.11378556283190225
6562,404865.0,0.11372854135304769
6563,404925.0,0.11538973988641613
6564,404985.0,0.11678771365388349
6565,405045.0,0.11808719703814266
6566,405105.0,0.11916159533234486
6567,405165.0,0.12026666872405647
6568,405225.0,0.12136653414475176
6569,405285.0,0.12275352861319624
6570,405345.0,0.12218779960338114
6571,405405.0,0.12161908557295639
6572,405465.0,0.12105531292120678
6573,405525.0,0.12049551251115428
6574,405585.0,0.11993127131072526
6575,405645.0,0.11934411795715336
6576,405705.0,0.11869781250233971
6577,405765.0,0.11801289975252607
6578,405825.0,0.11727932055631154
6579,405885.0,0.11652294098224678
6580,405945.0,0.11579033855844786
6581,406005.0,0.11505445194975836
6582,406065.0,0.11433110116105802
6583,406125.0,0.11421213420293999
6584,406185.0,0.11412367799835768
6585,406245.0,0.11382454465561723
6586,406305.0,0.11363408567526231
6587,406365.0,0.11352112035686326
6588,406425.0,0.11345838431458691
6589,406485.0,0.11339600044791917
6590,406545.0,0.11332545492597709
6591,406605.0,0.11323260400262361
6592,406665.0,0.11310721925702563
6593,406725.0,0.11298365544450192
6594,406785.0,0.1128302320905499
6595,406845.0,0.11271172748595928
6596,406905.0,0.11254304984992405
6597,406965.0,0.112437824641103
6598,407025.0,0.11237229466249457
6599,407085.0,0.11233716798956903
6600,407145.0,0.11242876602278737
6601,407205.0,0.11283631368387223
6602,407268.0,0.1130765816783246
6603,407328.0,0.11309990028464792
6604,407385.0,0.11307744613245027
6605,407445.0,0.11313408837228098
6606,407505.0,0.11330128650369228
6607,407565.0,0.11354661817167347
6608,407625.0,0.11382428214065035
6609,407685.0,0.11382082236708488
6610,407745.0,0.113778039974022
6611,407805.0,0.11614409503040599
6612,407865.0,0.11862637182651295
6613,407925.0,0.12181778422739295
6614,407985.0,0.12217832992303326
6615,408045.0,0.12200451635320039
6616,408105.0,0.12187604023407231
6617,408165.0,0.12172408022596673
6618,408225.0,0.12147980431669883
6619,408285.0,0.1214071046187701
6620,408345.0,0.12133317948302205
6621,408405.0,0.12300723238317149
6622,408465.0,0.12494652687988403
6623,408525.0,0.12683760677809128
6624,408585.0,0.12847664534570183
6625,408645.0,0.13014483160511062
6626,408705.0,0.13186328111306742
6627,408765.0,0.1338423386152137
6628,408828.0,0.13608546938007257
6629,408885.0,0.13557414669487441
6630,408945.0,0.13501234001968185
6631,409005.0,0.1346594323494156
6632,409065.0,0.1347204140949483
6633,409125.0,0.1347704648726238
6634,409185.0,0.13686904211826115
6635,409245.0,0.13857047205878362
6636,409305.0,0.14009064901507332
6637,409365.0,0.14115160241925703
6638,409428.0,0.14233939157968908
6639,409485.0,0.14376877151923553
6640,409545.0,0.14575402482376262
6641,409605.0,0.14755189756683842
6642,409665.0,0.14725071885325972
6643,409725.0,0.1469388957214334
6644,409785.0,0.14654624683647902
6645,409845.0,0.14625960091834697
6646,409905.0,0.14596731030366425
6647,409965.0,0.14715346500142154
6648,410025.0,0.14885675725571426
6649,410085.0,0.15054879379758193
6650,410145.0,0.15200410983268456
6651,410205.0,0.1534968250880843
6652,410265.0,0.15497476778149347
6653,410325.0,0.15668152070722088
6654,410385.0,0.15867535769480376
6655,410445.0,0.15803249537618733
6656,410505.0,0.1573338743927483
6657,410565.0,0.1568959372573057
6658,410625.0,0.15682910882608528
6659,410685.0,0.1569979838672357
6660,410745.0,0.1571843710137479
6661,410805.0,0.15730835028896764
6662,410865.0,0.16453141717125055
6663,410925.0,0.16677160624927304
6664,410985.0,0.16621095512581588
6665,411045.0,0.1656781874251729
6666,411105.0,0.16514484977477054
6667,411165.0,0.16458095896726319
6668,411225.0,0.16399483697157738
6669,411285.0,0.1634250171754609
6670,411345.0,0.16286091378370923
6671,411405.0,0.16230832695437356
6672,411465.0,0.16227361393141884
6673,411525.0,0.16221380466468174
6674,411585.0,0.1619888969330676
6675,411645.0,0.1617568430509221
6676,411705.0,0.16161176892093984
6677,411765.0,0.16152449666325977
6678,411825.0,0.16146454523082568
6679,411885.0,0.1614237052898048
6680,411945.0,0.16137891005770202
6681,412005.0,0.1612686235257599
6682,412065.0,0.16115834021983924
6683,412125.0,0.16109226627040132
6684,412185.0,0.16110334604884083
6685,412245.0,0.16114052368598172
6686,412305.0,0.16120147220490746
6687,412365.0,0.1612768532640166
6688,412425.0,0.16139389963794668
6689,412485.0,0.16149620367133918
6690,412545.0,0.16158634033893562
6691,412605.0,0.16165977905228426
6692,412665.0,0.16171893837960946
6693,412725.0,0.16179637827548357
6694,412785.0,0.16187551483152304
6695,412845.0,0.16197396691532037
6696,412905.0,0.1620273955981599
6697,412965.0,0.1620848223004319
6698,413025.0,0.1621046986629798
6699,413085.0,0.16201688473895307
6700,413145.0,0.16186137901302514
6701,413205.0,0.16169529427678356
6702,413265.0,0.16158396125637273
6703,413325.0,0.16157101970549034
6704,413385.0,0.161629313347083
6705,413445.0,0.16177805757594002
6706,413505.0,0.16191116666509373
6707,413565.0,0.1619305713600319
6708,413625.0,0.16176930000912018
6709,413685.0,0.1615365360217735
6710,413745.0,0.16130667272430185
6711,413805.0,0.16105380927118793
6712,413865.0,0.16085779239283401
6713,413925.0,0.15814963131597917
6714,413985.0,0.15559866322146723
6715,414045.0,0.15410579169526986
6716,414105.0,0.1530241321844004
6717,414165.0,0.15194089592350787
6718,414225.0,0.1507803413647201
6719,414285.0,0.15101804462683135
6720,414345.0,0.15127580121078157
6721,414405.0,0.1514504154816926
6722,414465.0,0.15152501561336665
6723,414525.0,0.15155301577414046
6724,414585.0,0.15152761374919224
6725,414645.0,0.15151088334103077
6726,414705.0,0.15162840601612335
6727,414765.0,0.15037195371000558
6728,414828.0,0.1485257154214414
6729,414885.0,0.1472182989105333
6730,414945.0,0.1459921056888753
6731,415005.0,0.14476958734020537
6732,415065.0,0.1449244081628677
6733,415125.0,0.14554596281392077
6734,415185.0,0.1458838515004642
6735,415245.0,0.14594546753158713
6736,415305.0,0.14572814639631002
6737,415365.0,0.14804211045179408
6738,415425.0,0.15044946533652873
6739,415485.0,0.1529487378654721
6740,415545.0,0.15529711379333952
6741,415608.0,0.15505515650551152
6742,415665.0,0.1548719858483998
6743,415725.0,0.15315051251873182
6744,415785.0,0.15204739328344438
6745,415845.0,0.1508592448584091
6746,415905.0,0.1497254689381924
6747,415965.0,0.14847005208126487
6748,416025.0,0.14706556525125772
6749,416085.0,0.1457234779600762
6750,416145.0,0.14773050483523795
6751,416205.0,0.15062955172430878
6752,416265.0,0.15379201623726155
6753,416325.0,0.1565575884241798
6754,416385.0,0.15884236944145322
6755,416445.0,0.16107321720330822
6756,416505.0,0.16322541383078717
6757,416565.0,0.16527610765040499
6758,416625.0,0.16745469435019575
6759,416685.0,0.16978352036442254
6760,416745.0,0.1698234584885914
6761,416805.0,0.16981785101981897
6762,416865.0,0.16978806274481653
6763,416925.0,0.16942788300618192
6764,416985.0,0.16969891135262274
6765,417045.0,0.1721407552585846
6766,417105.0,0.17518549782041246
6767,417165.0,0.17725825858198505
6768,417225.0,0.17897237475445263
6769,417285.0,0.18036006172093913
6770,417345.0,0.18189696329303204
6771,417405.0,0.18380817867479318
6772,417465.0,0.1856604793496505
6773,417525.0,0.1876320212972706
6774,417585.0,0.18953520132269638
6775,417645.0,0.18900543919199445
6776,417705.0,0.18847556925304584
6777,417765.0,0.18786930425040452
6778,417825.0,0.18758342300287575
6779,417885.0,0.18785562618560184
6780,417945.0,0.1896613484829676
6781,418005.0,0.19161039991573733
6782,418065.0,0.19306992843426982
6783,418125.0,0.19442082407245156
6784,418185.0,0.19595906322111564
6785,418245.0,0.19745789858907095
6786,418305.0,0.19877010918731589
6787,418365.0,0.20036332456491227
6788,418425.0,0.1994642068169946
6789,418485.0,0.1987308459064431
6790,418545.0,0.19802002049070103
6791,418605.0,0.19567036409301083
6792,418665.0,0.1934375874543622
6793,418725.0,0.19333722730890576
6794,418785.0,0.1951491249529518
6795,418845.0,0.19703654262422823
6796,418905.0,0.19855911927688716
6797,418965.0,0.2002431861902639
6798,419025.0,0.20206550528819564
6799,419085.0,0.2035829593079553
6800,419145.0,0.20521256636122168
6801,419205.0,0.20299670194808492
6802,419265.0,0.2005051303714088
6803,419325.0,0.19804525553429295
6804,419385.0,0.19614738797161438
6805,419445.0,0.19466009916148422
6806,419505.0,0.19327338242514905
6807,419565.0,0.19400919508883382
6808,419625.0,0.19371490799215255
6809,419685.0,0.19562528301515572
6810,419745.0,0.19763958595631306
6811,419805.0,0.19950558736295873
6812,419865.0,0.20094961113915513
6813,419925.0,0.20247004151184114
6814,419985.0,0.1997888817709295
6815,420045.0,0.19748882598949105
6816,420105.0,0.19531489678919664
6817,420165.0,0.1938655329344501
6818,420225.0,0.19280857261446113
6819,420285.0,0.19347501058296293
6820,420345.0,0.19374344558393966
6821,420405.0,0.19351662305084247
6822,420465.0,0.19535771266711952
6823,420525.0,0.19696888426448325
6824,420585.0,0.1987832931641413
6825,420645.0,0.20049614236067972
6826,420705.0,0.20220938848104383
6827,420765.0,0.20314534081863858
6828,420825.0,0.20367089257139673
6829,420885.0,0.20189829757391828
6830,420945.0,0.2003649213773682
6831,421005.0,0.19879481528156054
6832,421065.0,0.19723228855742744
6833,421125.0,0.19762343827080933
6834,421185.0,0.1973507740905351
6835,421245.0,0.19963357546929641
6836,421305.0,0.20163967266393393
6837,421365.0,0.203292521176927
6838,421425.0,0.20479022567339103
6839,421485.0,0.20621259651228988
6840,421545.0,0.20787582784863648
6841,421605.0,0.210003449109625
6842,421665.0,0.20221963827308467
6843,421725.0,0.1993829925790804
6844,421785.0,0.19932200801931646
6845,421845.0,0.1995144866026329
6846,421905.0,0.2001814670317282
6847,421965.0,0.20224231671110923
6848,422025.0,0.20472064521749464
6849,422085.0,0.20695410162288483
6850,422145.0,0.20891901166442364
6851,422205.0,0.2108016933918995
6852,422265.0,0.2121383110189126
6853,422325.0,0.2134904809200591
6854,422385.0,0.21523792905028852
6855,422448.0,0.21707750721585514
6856,422508.0,0.2165030047125064
6857,422565.0,0.21590022041258142
6858,422625.0,0.21557084489693315
6859,422685.0,0.21571040404260608
6860,422745.0,0.21586456480983354
6861,422805.0,0.21899741100649264
6862,422865.0,0.22101416847663272
6863,422925.0,0.22276358705600793
6864,422985.0,0.22411478579634417
6865,423045.0,0.2255098676141928
6866,423105.0,0.22696846504433435
6867,423165.0,0.2284298248219169
6868,423225.0,0.23005203493517154
6869,423285.0,0.23215027491036913
6870,423345.0,0.23148873520399574
6871,423405.0,0.2308032010834181
6872,423465.0,0.23012880953876977
6873,423525.0,0.2301172361169833
6874,423585.0,0.2302042858614203
6875,423645.0,0.2325704421001519
6876,423705.0,0.23444955358136646
6877,423765.0,0.23601102545195465
6878,423825.0,0.23729929215272613
6879,423885.0,0.23868804303304883
6880,423945.0,0.2401219658823516
6881,424005.0,0.24159329219758494
6882,424065.0,0.24336675352877793
6883,424125.0,0.24522496848290312
6884,424185.0,0.2450870210789258
6885,424245.0,0.24485709585827184
6886,424305.0,0.2447048203257113
6887,424365.0,0.24471236028554053
6888,424425.0,0.24466973820466228
6889,424485.0,0.244536098227063
6890,424545.0,0.24633378339454917
6891,424605.0,0.24836345026054815
6892,424668.0,0.25020728545860893
6893,424725.0,0.251707849244756
6894,424785.0,0.2530721331125513
6895,424845.0,0.25446849105536873
6896,424905.0,0.2557282863375363
6897,424965.0,0.2568658103353413
6898,425028.0,0.2581653366821983
6899,425088.0,0.25812634834706016
6900,425145.0,0.2578970235218543
6901,425205.0,0.2577086442191746
6902,425265.0,0.2575346822773358
6903,425325.0,0.2572780306611615
6904,425385.0,0.2569294755242263
6905,425445.0,0.2566862050684279
6906,425505.0,0.25663086294336357
6907,425565.0,0.2564196863747136
6908,425625.0,0.2559301496955031
6909,425685.0,0.2554303448901568
6910,425745.0,0.25525229211921796
6911,425805.0,0.2564604602639985
6912,425865.0,0.25684223847082144
6913,425925.0,0.2572177745526182
6914,425985.0,0.257688847654183
6915,426045.0,0.2587274422521624
6916,426105.0,0.2586493842884745
6917,426165.0,0.2563514713317815
6918,426225.0,0.2539529928917478
6919,426285.0,0.25146205197818416
6920,426345.0,0.24916091306170832
6921,426405.0,0.2495187932410056
6922,426465.0,0.25623768377814604
6923,426525.0,0.25841200895230276
6924,426585.0,0.25995084144650504
6925,426645.0,0.2612625458308284
6926,426705.0,0.2627582658745793
6927,426765.0,0.26445474284311543
6928,426825.0,0.2661727191889849
6929,426885.0,0.26747599628920393
6930,426945.0,0.26751447252817384
6931,427005.0,0.2646321807427736
6932,427065.0,0.2614290741007722
6933,427125.0,0.2586071024668666
6934,427185.0,0.25626880532477114
6935,427245.0,0.2545556501001416
6936,427305.0,0.2532255959964276
6937,427368.0,0.2547418896445305
6938,427425.0,0.25549514500209536
6939,427485.0,0.255668797704683
6940,427545.0,0.2576252832743202
6941,427605.0,0.2597891658222705
6942,427665.0,0.26206790144153813
6943,427725.0,0.2641379198122701
6944,427785.0,0.2655998858778962
6945,427845.0,0.2650813431112653
6946,427905.0,0.26384049200531634
6947,427965.0,0.2633904369549226
6948,428025.0,0.26379151903830955
6949,428085.0,0.2625321535174199
6950,428145.0,0.2608886447929295
6951,428205.0,0.25884107421964464
6952,428265.0,0.2583202562623632
6953,428325.0,0.25825790322213704
6954,428385.0,0.2584053206944361
6955,428445.0,0.2609880338165107
6956,428505.0,0.26349522967870453
6957,428565.0,0.26665336181063515
6958,428625.0,0.2694255990592437
6959,428685.0,0.27136295471173255
6960,428745.0,0.27177649383887603
6961,428805.0,0.2717661701308218
6962,428865.0,0.2724748829287875
6963,428925.0,0.2735057660015583
6964,428985.0,0.27364694886579244
6965,429045.0,0.27380566339963897
6966,429105.0,0.27380163719723805
6967,429165.0,0.27346367925497905
6968,429225.0,0.2735040030329111
6969,429285.0,0.27355111581116986
6970,429345.0,0.2736007262578306
6971,429405.0,0.2729997346540941
6972,429465.0,0.2722380457758222
6973,429525.0,0.2693263977929602
6974,429585.0,0.2671841905071296
6975,429645.0,0.2672704039923055
6976,429705.0,0.26762675624156174
6977,429765.0,0.26758393317396423
6978,429825.0,0.2675197010146557
6979,429885.0,0.2672950760027566
6980,429945.0,0.267035808461887
6981,430005.0,0.2689240925145646
6982,430065.0,0.2708935497274103
6983,430125.0,0.27298463127719264
6984,430185.0,0.27474196021969566
6985,430245.0,0.2762348840291311
6986,430305.0,0.275417858326494
6987,430365.0,0.27218133229537744
6988,430425.0,0.26970426420060767
6989,430485.0,0.26821271181785145
6990,430545.0,0.26696273335780385
6991,430605.0,0.26740326413517
6992,430665.0,0.26772382809578366
6993,430725.0,0.26780967027378055
6994,430785.0,0.26991578565255725
6995,430845.0,0.2719392953403066
6996,430908.0,0.2739894375987445
6997,430965.0,0.2758070800461394
6998,431025.0,0.277002204601448
6999,431085.0,0.2764202478266612
7000,431145.0,0.2756108381753416
7001,431205.0,0.2732981937494895
7002,431265.0,0.2710174830998463
7003,431325.0,0.26895587641448526
7004,431385.0,0.26708389019190526
7005,431445.0,0.265449333293308
7006,431505.0,0.26530079645149074
7007,431565.0,0.2646876820314893
7008,431625.0,0.2638823830202828
7009,431685.0,0.2653889856167583
7010,431745.0,0.2667542593355796
7011,431805.0,0.26807462287504047
7012,431865.0,0.2695188981062572
7013,431925.0,0.26878056366927217
7014,431985.0,0.2684231522890266
7015,432045.0,0.26812857982924854
7016,432105.0,0.26822541860522586
7017,432165.0,0.26847647735903657
7018,432225.0,0.26648614616917976
7019,432285.0,0.26431860263759677
7020,432345.0,0.26189217016628175
7021,432405.0,0.2593870413696806
7022,432468.0,0.26004912354049015
7023,432525.0,0.2624365042514215
7024,432585.0,0.26508973735972663
7025,432645.0,0.26719305276464067
7026,432705.0,0.26875444286166916
7027,432765.0,0.2686136468833902
7028,432825.0,0.268187151419357
7029,432885.0,0.26802325911341973
7030,432945.0,0.2682969791468106
7031,433005.0,0.2687057974603356
7032,433065.0,0.26922942395067984
7033,433125.0,0.2698297574235412
7034,433185.0,0.27003524094128895
7035,433245.0,0.2700306514741714
7036,433305.0,0.2722829531221942
7037,433365.0,0.2745753221310959
7038,433425.0,0.2766069728884618
7039,433485.0,0.2781429818959247
7040,433545.0,0.2796809344389053
7041,433605.0,0.27822970945423986
7042,433665.0,0.2779350268598897
7043,433725.0,0.2778756849381737
7044,433785.0,0.2781733678833347
7045,433845.0,0.2784430404703744
7046,433905.0,0.2786614677424948
7047,433965.0,0.2785073199769127
7048,434025.0,0.2784893384890541
7049,434085.0,0.2779037513931799
7050,434145.0,0.28030238397291973
7051,434205.0,0.2803267239547078
7052,434265.0,0.28034388928240594
7053,434325.0,0.27968780772896096
7054,434385.0,0.279400148512548
7055,434445.0,0.2770417299046647
7056,434505.0,0.2767935437154001
7057,434565.0,0.27686212612617134
7058,434625.0,0.2769737161870145
7059,434685.0,0.2767258112686163
7060,434745.0,0.2764734162973679
7061,434805.0,0.2762668910497874
7062,434865.0,0.27575537475652434
7063,434925.0,0.27531837163178263
7064,434985.0,0.27724528309868834
7065,435045.0,0.27674170408629073
7066,435105.0,0.2761269800658731
7067,435165.0,0.27535193230365584
7068,435225.0,0.27532268442558083
7069,435285.0,0.2753647572191289
7070,435345.0,0.27494626011912215
7071,435405.0,0.2743467619257156
7072,435465.0,0.2737962603870515
7073,435525.0,0.2733911509885413
7074,435585.0,0.2731332611275188
7075,435645.0,0.27292591108612996
7076,435705.0,0.27301506375350293
7077,435765.0,0.2735294336382541
7078,435825.0,0.27152536989336695
7079,435885.0,0.2708238441012504
7080,435945.0,0.270296284958093
7081,436005.0,0.27006246486083896
7082,436065.0,0.27025301179788064
7083,436125.0,0.2702485106172079
7084,436185.0,0.2720293418846067
7085,436245.0,0.2735600102624921
7086,436305.0,0.2745945570895384
7087,436365.0,0.27574784492874826
7088,436425.0,0.2771673474262457
7089,436485.0,0.27889707199218605
7090,436545.0,0.28084930070372804
7091,436608.0,0.2788964620915455
7092,436665.0,0.276451437363192
7093,436725.0,0.27347217016191994
7094,436785.0,0.27098470081039683
7095,436845.0,0.26828272776735673
7096,436905.0,0.2665959547930187
7097,436965.0,0.2688669852163226
7098,437025.0,0.27101220490964595
7099,437085.0,0.27305967561081956
7100,437145.0,0.2745660086360776
7101,437205.0,0.27545077696743503
7102,437265.0,0.27025552858024504
7103,437325.0,0.26962992115452356
7104,437385.0,0.2697000581205776
7105,437445.0,0.2677083055722338
7106,437505.0,0.2656387589404652
7107,437565.0,0.2634483956037338
7108,437625.0,0.26166634600866434
7109,437685.0,0.2603248605259404
7110,437745.0,0.26028234454610233
7111,437805.0,0.2625182364352828
7112,437865.0,0.2645906158674035
7113,437925.0,0.26648049840957255
7114,437988.0,0.268304101873709
7115,438045.0,0.26963609211061523
7116,438105.0,0.2707672440075687
7117,438165.0,0.26945424027094755
7118,438225.0,0.2665833154707089
7119,438285.0,0.26409028259818146
7120,438345.0,0.2620821664401559
7121,438405.0,0.2599007329107442
7122,438465.0,0.2584256474487473
7123,438528.0,0.2566539389713418
7124,438585.0,0.2565710716900904
7125,438645.0,0.2564551499616152
7126,438705.0,0.2563130206555877
7127,438765.0,0.25601341447486414
7128,438825.0,0.25512100022411177
7129,438885.0,0.2563922513987673
7130,438945.0,0.25828156739535335
7131,439005.0,0.25789891046069624
7132,439065.0,0.25604486804826265
7133,439125.0,0.2535774722462698
7134,439185.0,0.2512972410145745
7135,439245.0,0.2493147117654467
7136,439305.0,0.24729358974963542
7137,439365.0,0.24638018837273776
7138,439425.0,0.24533776239425295
7139,439485.0,0.2444600130242092
7140,439545.0,0.24328709889883518
7141,439605.0,0.24214349913395192
7142,439665.0,0.24108852581447862
7143,439725.0,0.24029575059030253
7144,439785.0,0.2381417170549122
7145,439845.0,0.23593634041006553
7146,439905.0,0.23413744695601177
7147,439965.0,0.23265541762287958
7148,440025.0,0.23470157085326418
7149,440085.0,0.2374494826599268
7150,440145.0,0.23978727399237096
7151,440205.0,0.2415896938612975
7152,440265.0,0.24354646421183454
7153,440325.0,0.2452967801596341
7154,440385.0,0.24478446203120738
7155,440445.0,0.24238920668009759
7156,440505.0,0.2402277246711624
7157,440565.0,0.23874369191680814
7158,440625.0,0.2371181671509022
7159,440685.0,0.23748606129485542
7160,440745.0,0.2376522840555452
7161,440805.0,0.23742659868769408
7162,440865.0,0.23739779451702595
7163,440925.0,0.23753359444568398
7164,440985.0,0.23552418498754865
7165,441045.0,0.23332469581979995
7166,441105.0,0.2332682290701655
7167,441165.0,0.2338850410675705
7168,441225.0,0.2344628088508738
7169,441285.0,0.2364639439040572
7170,441345.0,0.23809460437763422
7171,441405.0,0.23732387738791652
7172,441465.0,0.23684002096410514
7173,441525.0,0.23659553392035856
7174,441585.0,0.2344545676271285
7175,441645.0,0.23241523331879335
7176,441705.0,0.230359483591583
7177,441765.0,0.22862777558235128
7178,441825.0,0.227248202739906
7179,441885.0,0.22716169977144204
7180,441945.0,0.2276780983968811
7181,442005.0,0.2297385170667459
7182,442065.0,0.2314990537245802
7183,442125.0,0.23344627465166304
7184,442185.0,0.23552079240920218
7185,442245.0,0.23562953647984816
7186,442305.0,0.23413521323949002
7187,442365.0,0.23243995172013496
7188,442425.0,0.23079723595076793
7189,442485.0,0.23034638291811707
7190,442545.0,0.23073470262078785
7191,442605.0,0.23098232294530588
7192,442665.0,0.2309833613770124
7193,442725.0,0.23129725267256782
7194,442785.0,0.2315342871515085
7195,442848.0,0.23009100812616243
7196,442905.0,0.2285421924480375
7197,442965.0,0.2269709810879387
7198,443025.0,0.22740193468423434
7199,443085.0,0.22980117966107697
7200,443145.0,0.2321436499081644
7201,443205.0,0.2336673028413643
7202,443265.0,0.23497193464800817
7203,443325.0,0.23451374240361808
7204,443385.0,0.23240576228814339
7205,443445.0,0.23061633341342438
7206,443505.0,0.2289240301556801
7207,443565.0,0.22754788928704275
7208,443625.0,0.226071800261224
7209,443685.0,0.22566231269111606
7210,443745.0,0.22612796447519626
7211,443805.0,0.2260060013729043
7212,443865.0,0.2255105755107987
7213,443925.0,0.22498284726380482
7214,443985.0,0.22467092625184407
7215,444045.0,0.22480872035947777
7216,444105.0,0.22312623026281406
7217,444165.0,0.22141202138925056
7218,444225.0,0.21965589108392633
7219,444285.0,0.2178687388197139
7220,444345.0,0.2176825848679789
7221,444405.0,0.21777460845084354
7222,444465.0,0.21736063668047048
7223,444525.0,0.21700763136484877
7224,444585.0,0.2165749954078349
7225,444645.0,0.21630980607110015
7226,444705.0,0.21613146129123642
7227,444765.0,0.21418073519622657
7228,444825.0,0.21192463325253239
7229,444885.0,0.2097626833459956
7230,444945.0,0.20735866977568843
7231,445005.0,0.2073452509505934
7232,445065.0,0.2073456366043566
7233,445128.0,0.20735694341481284
7234,445185.0,0.20691580778393218
7235,445245.0,0.20656283713657395
7236,445305.0,0.2046414260664313
7237,445365.0,0.2027701482673944
7238,445425.0,0.2012212241686411
7239,445485.0,0.2000061248941
7240,445545.0,0.19881387176872997
7241,445605.0,0.1975642639791533
7242,445668.0,0.19630266379262676
7243,445725.0,0.1948607238900041
7244,445785.0,0.19298297634916925
7245,445845.0,0.19358746022747295
7246,445905.0,0.1941930594243411
7247,445965.0,0.19480077248512942
7248,446025.0,0.19472861922184295
7249,446085.0,0.1946122733783686
7250,446145.0,0.19299314018813915
7251,446205.0,0.19130592389351245
7252,446265.0,0.1898149202054731
7253,446325.0,0.1885373387014276
7254,446385.0,0.18724283252069648
7255,446445.0,0.1858598181289978
7256,446505.0,0.18428569942450904
7257,446565.0,0.18238061336602826
7258,446625.0,0.1828833843664366
7259,446685.0,0.18342626046804042
7260,446745.0,0.1840177795082997
7261,446805.0,0.18437439922025453
7262,446865.0,0.18433740161156328
7263,446925.0,0.1845063649418243
7264,446985.0,0.18291722796723478
7265,447045.0,0.1814053207209281
7266,447105.0,0.1801511728077054
7267,447165.0,0.17888796253555553
7268,447225.0,0.17759124816379598
7269,447285.0,0.17600559874763663
7270,447345.0,0.17404247350701876
7271,447405.0,0.17469363726430506
7272,447465.0,0.1753567696982624
7273,447525.0,0.17594867288269297
7274,447585.0,0.17606488312238847
7275,447645.0,0.1777882045777909
7276,447705.0,0.17959548225946567
7277,447765.0,0.17943489294676304
7278,447825.0,0.17952752516211654
7279,447885.0,0.17811059016065336
7280,447945.0,0.17679028562095636
7281,448005.0,0.1753972544698372
7282,448065.0,0.1740382610007363
7283,448125.0,0.1726329041479547
7284,448185.0,0.17066233745057915
7285,448245.0,0.17102778562643886
7286,448305.0,0.17142556457394423
7287,448365.0,0.17197029676891637
7288,448425.0,0.1733008941540923
7289,448485.0,0.1750020166264317
7290,448545.0,0.17527813812699647
7291,448605.0,0.17519511535793345
7292,448665.0,0.17541398401802324
7293,448725.0,0.17607161012508207
7294,448785.0,0.17483195374357804
7295,448845.0,0.1734410195069501
7296,448905.0,0.17186705152919554
7297,448965.0,0.17000440064245712
7298,449025.0,0.17041619425398477
7299,449085.0,0.17105817191554293
7300,449145.0,0.1718107203588061
7301,449205.0,0.17236810686750273
7302,449265.0,0.17379263027575545
7303,449325.0,0.17553720457875308
7304,449385.0,0.17638183475768823
7305,449445.0,0.17422893490966698
7306,449505.0,0.17212701133354238
7307,449565.0,0.17029727347694326
7308,449625.0,0.1685099300299092
7309,449685.0,0.16654728222091345
7310,449745.0,0.16420935241243204
7311,449805.0,0.16416598613677644
7312,449865.0,0.16415958279021306
7313,449925.0,0.16417790507920096
7314,449985.0,0.16390020169636135
7315,450045.0,0.16377089770381173
7316,450105.0,0.16356840636943684
7317,450165.0,0.16165132621814518
7318,450225.0,0.15998544034156062
7319,450288.0,0.15842801788705232
7320,450345.0,0.15711012297558294
7321,450405.0,0.1557728915373641
7322,450465.0,0.1543306375570033
7323,450525.0,0.15260314735730615
7324,450585.0,0.15306885750060198
7325,450645.0,0.15359440453066311
7326,450705.0,0.15395288959268547
7327,450765.0,0.15389743670923042
7328,450825.0,0.15224287209717022
7329,450885.0,0.1499102614148274
7330,450945.0,0.14792906613717208
7331,451005.0,0.14649742014226672
7332,451065.0,0.14499899798769914
7333,451125.0,0.14317433250734538
7334,451185.0,0.14366362756135656
7335,451245.0,0.14421307473653047
7336,451308.0,0.14458941619880775
7337,451365.0,0.14451861975286337
7338,451425.0,0.14457529078855527
7339,451485.0,0.14290372166335888
7340,451545.0,0.1413750565839519
7341,451605.0,0.14020460516681985
7342,451668.0,0.13879783557341466
7343,451725.0,0.13710993882961522
7344,451785.0,0.1375881229401182
7345,451845.0,0.13810294328882347
7346,451905.0,0.1386333824273944
7347,451965.0,0.1385543086398139
7348,452025.0,0.13852591465665057
7349,452085.0,0.13663123372779798
7350,452145.0,0.1347717209117877
7351,452205.0,0.13356485925625486
7352,452265.0,0.13214495057136325
7353,452325.0,0.13062808677205254
7354,452385.0,0.1311181133142151
7355,452445.0,0.13162171135209552
7356,452505.0,0.13214206840176349
7357,452565.0,0.1323052581480024
7358,452625.0,0.13218892126561113
7359,452685.0,0.13058042930507993
7360,452745.0,0.1285289770868551
7361,452805.0,0.1270003791047958
7362,452865.0,0.12578810433262563
7363,452925.0,0.1244430584191977
7364,452985.0,0.12264349614025252
7365,453045.0,0.12254720036551989
7366,453105.0,0.1225026567274615
7367,453165.0,0.12245825941044938
7368,453228.0,0.12250852714770796
7369,453285.0,0.12138933109751429
7370,453345.0,0.11960148194210204
7371,453405.0,0.11801972328364954
7372,453465.0,0.11655987203274062
7373,453525.0,0.11479850414906498
7374,453585.0,0.11313104339195437
7375,453645.0,0.113159991616026
7376,453705.0,0.11322203111925036
7377,453765.0,0.11329583648078426
7378,453825.0,0.11344947580934348
7379,453885.0,0.11166575839856926
7380,453945.0,0.10992535433905695
7381,454005.0,0.10867337533826746
7382,454065.0,0.10725881906010429
7383,454125.0,0.10589247967798623
7384,454185.0,0.10592557507003039
7385,454245.0,0.10591707494131272
7386,454305.0,0.1058977163792523
7387,454365.0,0.10589999232110384
7388,454425.0,0.10589020545113373
7389,454485.0,0.10480865943426268
7390,454545.0,0.10266871398158653
7391,454605.0,0.1010748284309991
7392,454665.0,0.0997200162788254
7393,454725.0,0.09829977018695693
7394,454785.0,0.09680171618316782
7395,454845.0,0.09494024225929512
7396,454905.0,0.09496545699666806
7397,454965.0,0.09497601124158109
7398,455025.0,0.0950123252148242
7399,455085.0,0.09505577860827433
7400,455145.0,0.09342115303262974
7401,455205.0,0.09151924865946096
7402,455265.0,0.09010324927528887
7403,455325.0,0.08866870465861856
7404,455385.0,0.08733064701357865
7405,455445.0,0.08576790196952574
7406,455505.0,0.08411916049983645
7407,455565.0,0.08459571026049997
7408,455625.0,0.0850712110964392
7409,455685.0,0.0855623741546194
7410,455745.0,0.08605545836694314
7411,455805.0,0.08659537760361927
7412,455865.0,0.08715021447699126
7413,455925.0,0.08772730275063642
7414,455985.0,0.08827969614948508
7415,456045.0,0.08852581744849833
7416,456105.0,0.08876885868720522
7417,456165.0,0.08891218722237629
7418,456225.0,0.08896429314822021
7419,456285.0,0.08893563168094179
7420,456345.0,0.08881708054170448
7421,456405.0,0.0887064553313631
7422,456465.0,0.08860351668531954
7423,456525.0,0.08849933658208078
7424,456585.0,0.08844362386137308
7425,456645.0,0.08841760826649472
7426,456705.0,0.08845837664960718
7427,456765.0,0.08853145657466796
7428,456825.0,0.08863331385483467
7429,456885.0,0.08878707610379141
7430,456945.0,0.08895420902176113
7431,457005.0,0.08910238157652708
7432,457065.0,0.08921979713876169
7433,457125.0,0.08937138328658537
7434,457185.0,0.08952704870579739
7435,457245.0,0.08967562635743173
7436,457305.0,0.08979498059965166
7437,457365.0,0.08992304334592352
7438,457425.0,0.08999402517116409
7439,457485.0,0.09011721858152574
7440,457545.0,0.09018088876898647
7441,457605.0,0.09010484001486482
7442,457665.0,0.0899465124463186
7443,457725.0,0.08989203865882997
7444,457785.0,0.0900067378519491
7445,457845.0,0.09024179751534547
7446,457905.0,0.09050720246328678
7447,457965.0,0.09063209649737206
7448,458025.0,0.09055025558552768
7449,458085.0,0.09042281853200454
7450,458145.0,0.09023242427182657
7451,458205.0,0.09002696579917094
7452,458265.0,0.08985650964802835
7453,458325.0,0.089763523840134
7454,458385.0,0.08981345699955459
7455,458445.0,0.08805776985948413
7456,458505.0,0.08644856924533348
7457,458565.0,0.08503940721949119
7458,458625.0,0.08356050412571339
7459,458685.0,0.0836221736946057
7460,458745.0,0.0838038702325247
7461,458805.0,0.08405256859260843
7462,458865.0,0.08410574164934784
7463,458925.0,0.08399552618895714
7464,458985.0,0.0840339045687735
7465,459045.0,0.08418331304218521
7466,459105.0,0.08430639392141079
7467,459165.0,0.0842885128648255
7468,459225.0,0.08323935195286128
7469,459285.0,0.0816551589625262
7470,459345.0,0.08018787891713378
7471,459405.0,0.07885174586290314
7472,459465.0,0.07718244791284232
7473,459525.0,0.07516326952759736
7474,459585.0,0.07510320397085071
7475,459645.0,0.07511129155436017
7476,459705.0,0.07520613436009962
7477,459765.0,0.07528076948685167
7478,459825.0,0.07526385588207227
7479,459885.0,0.07509354841749646
7480,459945.0,0.07483933482236874
7481,460005.0,0.07481309229750957
7482,460065.0,0.07308705622519543
7483,460125.0,0.0712239705561061
7484,460185.0,0.06850767318317522
7485,460245.0,0.06900581839270817
7486,460305.0,0.06961141506895244
7487,460365.0,0.07027751293684006
7488,460425.0,0.07092238460577258
7489,460488.0,0.07150481919977228
7490,460545.0,0.07207383162660155
7491,460605.0,0.07264906398334206
7492,460665.0,0.07321744284570694
7493,460725.0,0.07379675084655249
7494,460785.0,0.07435525781270028
7495,460845.0,0.07440214765954792
7496,460905.0,0.07467458081414649
7497,460965.0,0.07489370668991399
7498,461025.0,0.07500584222455817
7499,461085.0,0.0750913435071475
7500,461145.0,0.07514468627989015
7501,461205.0,0.0751861864401179
7502,461265.0,0.07529214636356765
7503,461325.0,0.07545756759719871
7504,461385.0,0.07558424467957789
7505,461445.0,0.07566579926264763
7506,461508.0,0.0756835040373672
7507,461565.0,0.07567780082929629
7508,461625.0,0.07569102013016485
7509,461685.0,0.07568534744146185
7510,461745.0,0.0757373877538223
7511,461805.0,0.07580498657222826
7512,461865.0,0.07579981221445595
7513,461925.0,0.07569827480121874
7514,461985.0,0.07560384414844049
7515,462045.0,0.07549185249151111
7516,462105.0,0.0753621174008269
7517,462165.0,0.07525824076098261
7518,462225.0,0.07511379241682967
7519,462285.0,0.07503495794121542
7520,462345.0,0.07496554389252466
7521,462405.0,0.07491375040645445
7522,462465.0,0.07483565432708214
7523,462525.0,0.0747163390785763
7524,462585.0,0.07459664504664101
7525,462645.0,0.07450640844841452
7526,462705.0,0.07447181822205182
7527,462768.0,0.07444236094734233
7528,462825.0,0.07443739504201227
7529,462885.0,0.07442549634849441
7530,462945.0,0.07440401405779798
7531,463005.0,0.07435315537653495
7532,463065.0,0.07431087412030421
7533,463125.0,0.07424092792697642
7534,463185.0,0.07412456555387228
7535,463245.0,0.07402082189430978
7536,463308.0,0.07397902726240932
7537,463365.0,0.07399088837952203
7538,463425.0,0.0740179240385245
7539,463485.0,0.07403102586275959
