,time,mmt
0,1220448.0,0.2758814814814815
1,1220505.0,0.27699999999999997
2,1220565.0,0.276475
3,1220625.0,0.27529444444444445
4,1220685.0,0.2754888888888889
5,1220745.0,0.27545462962962963
6,1220805.0,0.2748055555555556
7,1220865.0,0.2737194444444445
8,1220925.0,0.2729787037037037
9,1220985.0,0.2719851851851852
10,1221045.0,0.2714888888888889
11,1221105.0,0.2712583333333333
12,1221165.0,0.2705342592592592
13,1221225.0,0.2702009259259259
14,1221285.0,0.2697055555555555
15,1221345.0,0.26935092592592585
16,1221405.0,0.26964444444444435
17,1221465.0,0.2711759259259258
18,1221525.0,0.27010833333333323
19,1221585.0,0.2697777777777777
20,1221645.0,0.2697787037037036
21,1221705.0,0.269824074074074
22,1221765.0,0.2701333333333333
23,1221825.0,0.26969537037037034
24,1221885.0,0.268812037037037
25,1221945.0,0.26798888888888883
26,1222005.0,0.26731574074074066
27,1222065.0,0.2661824074074073
28,1222125.0,0.26537592592592585
29,1222185.0,0.2645129629629629
30,1222245.0,0.264324074074074
31,1222305.0,0.26486111111111105
32,1222365.0,0.2661509259259259
33,1222425.0,0.26478888888888885
34,1222485.0,0.2650814814814814
35,1222545.0,0.26598240740740736
36,1222605.0,0.2663101851851851
37,1222665.0,0.26634629629629625
38,1222725.0,0.26620555555555553
39,1222785.0,0.2652703703703703
40,1222845.0,0.26458981481481475
41,1222905.0,0.26516018518518514
42,1222965.0,0.26613518518518514
43,1223025.0,0.2666861111111111
44,1223085.0,0.2667037037037037
45,1223145.0,0.2668268518518518
46,1223205.0,0.2665296296296296
47,1223265.0,0.2666342592592592
48,1223325.0,0.2666935185185185
49,1223385.0,0.26642407407407404
50,1223445.0,0.26594259259259256
51,1223505.0,0.2650435185185185
52,1223565.0,0.26540925925925923
53,1223625.0,0.2665472222222222
54,1223685.0,0.2655518518518518
55,1223745.0,0.26553055555555555
56,1223805.0,0.2653212962962963
57,1223865.0,0.26483333333333337
58,1223925.0,0.2646277777777778
59,1223985.0,0.2651101851851852
60,1224045.0,0.2647481481481482
61,1224105.0,0.2642462962962963
62,1224165.0,0.26334444444444444
63,1224225.0,0.26215555555555553
64,1224285.0,0.2612805555555555
65,1224345.0,0.2615962962962963
66,1224405.0,0.2618657407407407
67,1224465.0,0.2615648148148148
68,1224525.0,0.2607685185185185
69,1224585.0,0.2601861111111111
70,1224645.0,0.26053611111111113
71,1224705.0,0.26174722222222224
72,1224765.0,0.264012962962963
73,1224825.0,0.26422962962962965
74,1224885.0,0.26488981481481483
75,1224945.0,0.2659777777777778
76,1225005.0,0.2663694444444445
77,1225065.0,0.2670046296296297
78,1225125.0,0.2670601851851852
79,1225185.0,0.26636481481481483
80,1225245.0,0.2648101851851852
81,1225305.0,0.2633037037037037
82,1225365.0,0.2619648148148148
83,1225425.0,0.2624398148148148
84,1225485.0,0.2616805555555556
85,1225545.0,0.2612203703703704
86,1225605.0,0.2612814814814815
87,1225665.0,0.2618018518518519
88,1225725.0,0.2619990740740741
89,1225785.0,0.26224814814814823
90,1225845.0,0.26313796296296305
91,1225905.0,0.26168425925925937
92,1225965.0,0.2616648148148149
93,1226025.0,0.26175370370370377
94,1226085.0,0.26165740740740745
95,1226145.0,0.2613824074074074
96,1226205.0,0.26096111111111114
97,1226265.0,0.2603620370370371
98,1226325.0,0.2596555555555556
99,1226385.0,0.25887314814814816
100,1226445.0,0.2577611111111111
101,1226505.0,0.2570527777777778
102,1226565.0,0.25631851851851856
103,1226625.0,0.2555638888888889
104,1226685.0,0.2543740740740741
105,1226745.0,0.2537453703703704
106,1226805.0,0.25326203703703704
107,1226865.0,0.2528324074074074
108,1226925.0,0.25267685185185185
109,1226985.0,0.25269444444444444
110,1227045.0,0.25300555555555554
111,1227105.0,0.2529694444444444
112,1227165.0,0.2529842592592592
113,1227225.0,0.2531657407407407
114,1227285.0,0.25338240740740736
115,1227345.0,0.2533379629629629
116,1227405.0,0.2525342592592592
117,1227465.0,0.2513009259259259
118,1227525.0,0.25005648148148146
119,1227585.0,0.2506972222222222
120,1227645.0,0.2513148148148148
121,1227705.0,0.2505018518518518
122,1227765.0,0.25081388888888884
123,1227825.0,0.2507898148148148
124,1227885.0,0.2504666666666666
125,1227945.0,0.2498833333333333
126,1228005.0,0.24967129629629625
127,1228065.0,0.24973518518518514
128,1228125.0,0.24961203703703697
129,1228185.0,0.2496935185185185
130,1228245.0,0.24956018518518516
131,1228305.0,0.2495416666666666
132,1228365.0,0.24932129629629626
133,1228425.0,0.2497694444444444
134,1228485.0,0.2502064814814814
135,1228545.0,0.2500916666666666
136,1228605.0,0.2495481481481481
137,1228665.0,0.2484129629629629
138,1228725.0,0.2474287037037036
139,1228785.0,0.24809999999999996
140,1228845.0,0.24915648148148145
141,1228905.0,0.2492453703703703
142,1228965.0,0.2504009259259259
143,1229025.0,0.2492518518518518
144,1229085.0,0.2495009259259259
145,1229145.0,0.25022129629629625
146,1229205.0,0.2504046296296296
147,1229265.0,0.2504481481481481
148,1229325.0,0.24960648148148146
149,1229385.0,0.2486444444444444
150,1229445.0,0.2476805555555555
151,1229505.0,0.2469861111111111
152,1229565.0,0.24684907407407405
153,1229625.0,0.2471018518518518
154,1229685.0,0.24751203703703695
155,1229745.0,0.2483898148148148
156,1229808.0,0.24901203703703695
157,1229868.0,0.24983518518518516
158,1229925.0,0.2506703703703703
159,1229985.0,0.25192222222222216
160,1230045.0,0.2521324074074073
161,1230105.0,0.25178611111111104
162,1230165.0,0.2524129629629629
163,1230225.0,0.2524685185185184
164,1230285.0,0.2523638888888888
165,1230348.0,0.25195833333333323
166,1230405.0,0.25134814814814804
167,1230465.0,0.2505148148148147
168,1230525.0,0.2495249999999999
169,1230585.0,0.24790925925925916
170,1230645.0,0.24628611111111096
171,1230705.0,0.2465148148148147
172,1230765.0,0.24639537037037024
173,1230825.0,0.2457592592592591
174,1230885.0,0.24517314814814803
175,1230945.0,0.2447379629629628
176,1231005.0,0.2446333333333332
177,1231065.0,0.2452574074074073
178,1231128.0,0.24596018518518506
179,1231185.0,0.2469509259259258
180,1231245.0,0.2479574074074073
181,1231305.0,0.2467287037037036
182,1231365.0,0.24698796296296285
183,1231425.0,0.2474583333333332
184,1231485.0,0.2474694444444443
185,1231545.0,0.24738518518518504
186,1231605.0,0.24728611111111096
187,1231665.0,0.2473120370370369
188,1231725.0,0.2469583333333332
189,1231785.0,0.24663055555555535
190,1231845.0,0.24622592592592574
191,1231905.0,0.2462018518518517
192,1231965.0,0.2468277777777776
193,1232025.0,0.2471203703703702
194,1232085.0,0.2470861111111109
195,1232145.0,0.2467583333333332
196,1232205.0,0.24628981481481466
197,1232265.0,0.2450990740740739
198,1232325.0,0.2443935185185184
199,1232385.0,0.2436583333333332
200,1232445.0,0.24308888888888874
201,1232505.0,0.24264907407407396
202,1232565.0,0.2420694444444443
203,1232625.0,0.2417259259259258
204,1232685.0,0.24152499999999985
205,1232745.0,0.24106388888888874
206,1232805.0,0.24102777777777765
207,1232865.0,0.2412342592592591
208,1232925.0,0.24152870370370355
209,1232985.0,0.2419935185185184
210,1233045.0,0.2428361111111109
211,1233105.0,0.24257870370370355
212,1233165.0,0.24179537037037024
213,1233225.0,0.24204537037037024
214,1233285.0,0.2414333333333332
215,1233345.0,0.24041574074074054
216,1233405.0,0.2404916666666665
217,1233465.0,0.2407564814814813
218,1233525.0,0.24075370370370355
219,1233585.0,0.24061481481481464
220,1233645.0,0.2401666666666665
221,1233705.0,0.23896574074074056
222,1233765.0,0.23754537037037016
223,1233825.0,0.2363175925925924
224,1233885.0,0.2352509259259257
225,1233945.0,0.23401481481481465
226,1234005.0,0.2331990740740739
227,1234065.0,0.2325870370370369
228,1234125.0,0.23144999999999985
229,1234185.0,0.230610185185185
230,1234245.0,0.2305342592592591
231,1234305.0,0.23090555555555534
232,1234365.0,0.23089722222222206
233,1234425.0,0.23005462962962944
234,1234485.0,0.22928055555555535
235,1234545.0,0.22849537037037015
236,1234605.0,0.22791851851851835
237,1234665.0,0.2271916666666665
238,1234725.0,0.2263972222222221
239,1234785.0,0.2252009259259257
240,1234845.0,0.22438888888888872
241,1234905.0,0.22388240740740725
242,1234965.0,0.22352870370370356
243,1235025.0,0.223273148148148
244,1235085.0,0.22303611111111094
245,1235145.0,0.22201574074074054
246,1235205.0,0.22114629629629606
247,1235265.0,0.22044444444444428
248,1235325.0,0.22017685185185168
249,1235385.0,0.219923148148148
250,1235445.0,0.21910370370370352
251,1235505.0,0.218510185185185
252,1235565.0,0.21660092592592572
253,1235625.0,0.2148324074074072
254,1235688.0,0.21313425925925908
255,1235745.0,0.21143425925925907
256,1235805.0,0.210360185185185
257,1235865.0,0.20901851851851835
258,1235925.0,0.20787129629629614
259,1235985.0,0.2077120370370369
260,1236045.0,0.2080185185185184
261,1236105.0,0.2084444444444443
262,1236165.0,0.20865092592592574
263,1236228.0,0.20708888888888874
264,1236285.0,0.20732314814814803
265,1236345.0,0.2070194444444443
266,1236405.0,0.2066296296296295
267,1236465.0,0.2057805555555554
268,1236525.0,0.20523888888888875
269,1236585.0,0.20454259259259244
270,1236645.0,0.2040092592592591
271,1236705.0,0.20375740740740725
272,1236765.0,0.20319999999999985
273,1236825.0,0.20206666666666653
274,1236885.0,0.2010537037037036
275,1236945.0,0.2003388888888888
276,1237005.0,0.1999768518518517
277,1237065.0,0.1994916666666665
278,1237125.0,0.19891759259259245
279,1237185.0,0.1980185185185184
280,1237245.0,0.19751388888888874
281,1237305.0,0.1970129629629628
282,1237365.0,0.1962027777777776
283,1237425.0,0.19554814814814803
284,1237485.0,0.1951805555555554
285,1237545.0,0.1942287037037036
286,1237605.0,0.1946379629629628
287,1237665.0,0.1949907407407406
288,1237725.0,0.19499166666666654
289,1237785.0,0.1942185185185184
290,1237845.0,0.1927212962962961
291,1237905.0,0.1917907407407406
292,1237965.0,0.192373148148148
293,1238025.0,0.19259166666666647
294,1238088.0,0.19223611111111094
295,1238145.0,0.1922018518518517
296,1238205.0,0.19263981481481468
297,1238265.0,0.1930046296296295
298,1238325.0,0.1930185185185184
299,1238385.0,0.1916407407407406
300,1238445.0,0.1914083333333332
301,1238505.0,0.19124999999999984
302,1238565.0,0.19030555555555545
303,1238625.0,0.18937777777777764
304,1238685.0,0.1884138888888888
305,1238745.0,0.18753518518518505
306,1238805.0,0.18646759259259246
307,1238865.0,0.18556111111111095
308,1238925.0,0.18489629629629614
309,1238985.0,0.1839333333333332
310,1239045.0,0.1832175925925925
311,1239105.0,0.18203148148148132
312,1239165.0,0.18098055555555545
313,1239225.0,0.17951759259259245
314,1239285.0,0.17818425925925913
315,1239345.0,0.17733611111111094
316,1239405.0,0.17742777777777766
317,1239465.0,0.17751203703703688
318,1239525.0,0.17772037037037022
319,1239588.0,0.17764814814814803
320,1239645.0,0.17722870370370356
321,1239705.0,0.1769083333333332
322,1239765.0,0.17649814814814802
323,1239825.0,0.17628981481481468
324,1239885.0,0.17587777777777766
325,1239945.0,0.17521666666666652
326,1240005.0,0.17504259259259244
327,1240065.0,0.17485462962962947
328,1240125.0,0.17503333333333318
329,1240185.0,0.1747157407407406
330,1240245.0,0.17502407407407392
331,1240305.0,0.1754055555555554
332,1240365.0,0.1753842592592591
333,1240425.0,0.1748129629629628
334,1240485.0,0.1740842592592591
335,1240545.0,0.17314999999999986
336,1240605.0,0.17232777777777766
337,1240665.0,0.1711870370370369
338,1240725.0,0.169973148148148
339,1240785.0,0.16870370370370358
340,1240845.0,0.16765185185185172
341,1240905.0,0.16740277777777765
342,1240965.0,0.16721296296296284
343,1241025.0,0.16761018518518506
344,1241085.0,0.1680194444444443
345,1241145.0,0.16851481481481467
346,1241205.0,0.16880740740740727
347,1241265.0,0.16839259259259245
348,1241325.0,0.16827129629629614
349,1241385.0,0.16877685185185173
350,1241445.0,0.16949907407407394
351,1241505.0,0.16771944444444434
352,1241565.0,0.16635277777777768
353,1241625.0,0.16573055555555544
354,1241685.0,0.16548703703703693
355,1241745.0,0.1654685185185184
356,1241805.0,0.16534999999999989
357,1241865.0,0.164836111111111
358,1241925.0,0.1643722222222221
359,1241985.0,0.1633472222222221
360,1242045.0,0.1624768518518517
361,1242105.0,0.1618407407407406
362,1242165.0,0.1613657407407406
363,1242225.0,0.16016203703703688
364,1242285.0,0.15898981481481467
365,1242345.0,0.1588222222222221
366,1242405.0,0.15914999999999987
367,1242465.0,0.15940740740740728
368,1242525.0,0.15951296296296286
369,1242585.0,0.15963981481481468
370,1242645.0,0.15966388888888874
371,1242705.0,0.1597407407407406
372,1242765.0,0.159223148148148
373,1242825.0,0.15836944444444429
374,1242885.0,0.15784629629629612
375,1242945.0,0.15794074074074058
376,1243005.0,0.15876851851851834
377,1243065.0,0.1591305555555554
378,1243125.0,0.15917407407407394
379,1243185.0,0.1589472222222221
380,1243245.0,0.1588944444444443
381,1243305.0,0.15888888888888875
382,1243365.0,0.15876666666666653
383,1243425.0,0.15848796296296286
384,1243485.0,0.15798148148148136
385,1243545.0,0.15744166666666656
386,1243605.0,0.1563694444444443
387,1243665.0,0.15540740740740727
388,1243725.0,0.15461296296296284
389,1243785.0,0.1546685185185184
390,1243845.0,0.15427962962962952
391,1243905.0,0.15380740740740728
392,1243965.0,0.1538620370370369
393,1244025.0,0.15359629629629618
394,1244085.0,0.15386296296296284
395,1244145.0,0.15398055555555545
396,1244205.0,0.15298703703703692
397,1244265.0,0.15204074074074062
398,1244325.0,0.1516222222222221
399,1244385.0,0.15078981481481468
400,1244445.0,0.1501370370370369
401,1244505.0,0.15051666666666652
402,1244565.0,0.1512796296296295
403,1244625.0,0.1521120370370369
404,1244685.0,0.1526833333333332
405,1244745.0,0.15363518518518504
406,1244805.0,0.1545444444444443
407,1244865.0,0.15483333333333318
408,1244925.0,0.15543333333333315
409,1244985.0,0.15576851851851836
410,1245045.0,0.15619259259259244
411,1245105.0,0.1564129629629628
412,1245165.0,0.15691851851851835
413,1245225.0,0.1574129629629628
414,1245285.0,0.15761388888888875
415,1245345.0,0.1586305555555554
416,1245405.0,0.15941851851851838
417,1245465.0,0.16042777777777764
418,1245525.0,0.16108240740740726
419,1245585.0,0.16174722222222207
420,1245645.0,0.162598148148148
421,1245705.0,0.16312129629629615
422,1245765.0,0.16344351851851838
423,1245825.0,0.16351111111111094
424,1245885.0,0.163048148148148
425,1245945.0,0.1626009259259258
426,1246005.0,0.1621009259259258
427,1246065.0,0.16193981481481468
428,1246125.0,0.16196481481481467
429,1246185.0,0.1623407407407406
430,1246245.0,0.1627203703703702
431,1246305.0,0.1630268518518517
432,1246365.0,0.16371759259259244
433,1246425.0,0.16449999999999984
434,1246485.0,0.16507777777777766
435,1246545.0,0.16557592592592574
436,1246605.0,0.1654703703703702
437,1246665.0,0.16488888888888872
438,1246725.0,0.1648416666666665
439,1246785.0,0.16454351851851834
440,1246845.0,0.16446388888888872
441,1246905.0,0.16448333333333315
442,1246965.0,0.16501851851851834
443,1247025.0,0.16594351851851835
444,1247085.0,0.166560185185185
445,1247145.0,0.16705185185185167
446,1247205.0,0.16757499999999986
447,1247265.0,0.1681490740740739
448,1247325.0,0.16911851851851833
449,1247385.0,0.1700462962962961
450,1247445.0,0.16999444444444425
451,1247508.0,0.16949814814814795
452,1247565.0,0.1694314814814813
453,1247625.0,0.16900740740740722
454,1247685.0,0.16885277777777755
455,1247745.0,0.16933148148148128
456,1247805.0,0.1702037037037035
457,1247865.0,0.1712138888888887
458,1247925.0,0.17190555555555534
459,1247985.0,0.17225092592592572
460,1248045.0,0.17234722222222199
461,1248105.0,0.1724324074074072
462,1248165.0,0.17293518518518494
463,1248228.0,0.17279907407407386
464,1248285.0,0.17270925925925906
465,1248345.0,0.17247870370370347
466,1248405.0,0.17066759259259234
467,1248465.0,0.1691944444444442
468,1248525.0,0.16917129629629604
469,1248585.0,0.1703018518518516
470,1248645.0,0.17150648148148126
471,1248705.0,0.17225740740740714
472,1248765.0,0.17167407407407384
473,1248825.0,0.17125648148148126
474,1248885.0,0.17119074074074053
475,1248945.0,0.17139537037037014
476,1249005.0,0.17137314814814794
477,1249065.0,0.17181388888888868
478,1249125.0,0.17203425925925905
479,1249185.0,0.1719435185185183
480,1249245.0,0.17212685185185164
481,1249305.0,0.17295833333333313
482,1249365.0,0.17423796296296276
483,1249425.0,0.17527685185185166
484,1249485.0,0.17610092592592572
485,1249545.0,0.17679537037037016
486,1249605.0,0.1775074074074072
487,1249665.0,0.17812222222222202
488,1249725.0,0.17862777777777758
489,1249785.0,0.17913055555555535
490,1249845.0,0.17919444444444424
491,1249905.0,0.17925555555555536
492,1249965.0,0.17943981481481466
493,1250025.0,0.180198148148148
494,1250085.0,0.18107592592592572
495,1250145.0,0.1816462962962961
496,1250205.0,0.18112962962962945
497,1250265.0,0.18097592592592573
498,1250325.0,0.1808129629629628
499,1250385.0,0.18030092592592573
500,1250445.0,0.18008703703703682
501,1250505.0,0.17965740740740718
502,1250565.0,0.17954444444444426
503,1250625.0,0.17865925925925905
504,1250685.0,0.17828888888888866
505,1250745.0,0.17827222222222197
506,1250805.0,0.17886944444444422
507,1250865.0,0.1791037037037035
508,1250925.0,0.17980277777777756
509,1250985.0,0.18129444444444426
510,1251045.0,0.1819324074074072
511,1251105.0,0.18227685185185166
512,1251165.0,0.18186666666666645
513,1251225.0,0.1816898148148146
514,1251285.0,0.18185925925925905
515,1251345.0,0.18146388888888867
516,1251405.0,0.18158518518518496
517,1251465.0,0.18239907407407385
518,1251525.0,0.1835925925925924
519,1251585.0,0.1848009259259257
520,1251645.0,0.18557129629629607
521,1251705.0,0.1857009259259257
522,1251765.0,0.1861509259259257
523,1251825.0,0.18581481481481454
524,1251885.0,0.1853583333333331
525,1251945.0,0.18480925925925906
526,1252005.0,0.18458055555555533
527,1252065.0,0.18490462962962945
528,1252125.0,0.1851870370370368
529,1252185.0,0.1844759259259257
530,1252245.0,0.1839648148148146
531,1252305.0,0.18434444444444426
532,1252365.0,0.18518518518518495
533,1252425.0,0.18572037037037015
534,1252485.0,0.18599166666666647
535,1252545.0,0.18605185185185166
536,1252605.0,0.18634351851851835
537,1252665.0,0.18655185185185166
538,1252725.0,0.1867175925925924
539,1252785.0,0.186885185185185
540,1252845.0,0.1872962962962961
541,1252905.0,0.1878138888888887
542,1252965.0,0.1882388888888887
543,1253025.0,0.1885203703703702
544,1253085.0,0.18864166666666649
545,1253145.0,0.18871666666666648
546,1253205.0,0.1888370370370369
547,1253265.0,0.18888981481481465
548,1253325.0,0.18894722222222204
549,1253385.0,0.18934074074074056
550,1253445.0,0.18963518518518505
551,1253505.0,0.1896564814814813
552,1253565.0,0.1893518518518517
553,1253625.0,0.18924999999999986
554,1253685.0,0.1893592592592591
555,1253745.0,0.18900185185185167
556,1253805.0,0.18770740740740724
557,1253865.0,0.18743703703703687
558,1253925.0,0.18724074074074054
559,1253985.0,0.18731111111111093
560,1254045.0,0.1869749999999998
561,1254105.0,0.1864675925925924
562,1254165.0,0.18613888888888871
563,1254225.0,0.18610185185185169
564,1254285.0,0.18635370370370355
565,1254345.0,0.1864879629629628
566,1254405.0,0.18722499999999986
567,1254465.0,0.18761111111111092
568,1254525.0,0.18791388888888874
569,1254585.0,0.18806481481481466
570,1254645.0,0.18809629629629612
571,1254705.0,0.18830925925925912
572,1254765.0,0.18866296296296284
573,1254825.0,0.18928425925925912
574,1254885.0,0.18944907407407394
575,1254945.0,0.18922129629629614
576,1255005.0,0.18902037037037026
577,1255065.0,0.18912592592592575
578,1255125.0,0.1892194444444443
579,1255185.0,0.19017407407407394
580,1255245.0,0.19069166666666654
581,1255305.0,0.19040555555555544
582,1255365.0,0.18998148148148136
583,1255425.0,0.18960648148148135
584,1255485.0,0.18938148148148135
585,1255545.0,0.18896203703703693
586,1255605.0,0.18828703703703686
587,1255665.0,0.1884046296296295
588,1255725.0,0.18890740740740727
589,1255785.0,0.1889944444444443
590,1255845.0,0.1890694444444443
591,1255905.0,0.1889064814814813
592,1255965.0,0.1891814814814813
593,1256025.0,0.1894416666666665
594,1256085.0,0.1896879629629628
595,1256145.0,0.18946203703703687
596,1256205.0,0.18861203703703688
597,1256265.0,0.1877166666666665
598,1256325.0,0.1877953703703702
599,1256385.0,0.18802499999999986
600,1256445.0,0.18788055555555536
601,1256505.0,0.18824722222222204
602,1256565.0,0.1888592592592591
603,1256625.0,0.18974722222222204
604,1256685.0,0.19092407407407389
605,1256745.0,0.1920407407407405
606,1256805.0,0.19358425925925907
607,1256865.0,0.19454907407407387
608,1256925.0,0.19503148148148128
609,1256985.0,0.19507037037037014
610,1257045.0,0.1957527777777776
611,1257105.0,0.19603055555555532
612,1257165.0,0.19679074074074052
613,1257225.0,0.1974277777777776
614,1257285.0,0.1982129629629628
615,1257345.0,0.19866574074074056
616,1257405.0,0.19914999999999985
617,1257465.0,0.2003527777777776
618,1257525.0,0.20088055555555534
619,1257585.0,0.20159444444444424
620,1257645.0,0.20253333333333312
621,1257705.0,0.20279074074074047
622,1257765.0,0.20284722222222198
623,1257825.0,0.2027499999999998
624,1257885.0,0.20273333333333315
625,1257945.0,0.20299814814814796
626,1258005.0,0.20337407407407385
627,1258065.0,0.2037425925925924
628,1258125.0,0.20347870370370347
629,1258185.0,0.20312037037037012
630,1258245.0,0.20367314814814794
631,1258305.0,0.2045870370370368
632,1258365.0,0.20528425925925906
633,1258425.0,0.2062796296296294
634,1258485.0,0.2068277777777776
635,1258545.0,0.20687037037037012
636,1258605.0,0.20619629629629607
637,1258665.0,0.20616388888888867
638,1258725.0,0.2067046296296294
639,1258785.0,0.20701944444444426
640,1258845.0,0.20709629629629608
641,1258905.0,0.20721574074074053
642,1258965.0,0.20765833333333314
643,1259025.0,0.2084749999999998
644,1259085.0,0.2096935185185183
645,1259145.0,0.2108388888888887
646,1259205.0,0.21234444444444425
647,1259265.0,0.2137629629629628
648,1259325.0,0.21412870370370352
649,1259385.0,0.21404722222222206
650,1259445.0,0.2140990740740739
651,1259505.0,0.2142777777777776
652,1259565.0,0.2142129629629628
653,1259625.0,0.21441018518518495
654,1259685.0,0.21495648148148128
655,1259748.0,0.21565833333333312
656,1259805.0,0.2166870370370368
657,1259865.0,0.21722037037037012
658,1259925.0,0.21745648148148125
659,1259985.0,0.21794907407407385
660,1260045.0,0.21807037037037014
661,1260105.0,0.2170333333333331
662,1260165.0,0.21632870370370347
663,1260225.0,0.21570462962962936
664,1260285.0,0.215922222222222
665,1260345.0,0.21593055555555526
666,1260405.0,0.21598518518518492
667,1260465.0,0.2162324074074072
668,1260525.0,0.21652499999999975
669,1260585.0,0.2166509259259257
670,1260645.0,0.21661296296296276
671,1260705.0,0.21616574074074046
672,1260765.0,0.2157824074074072
673,1260825.0,0.215172222222222
674,1260885.0,0.21484166666666646
675,1260945.0,0.21512222222222196
676,1261005.0,0.21551111111111088
677,1261065.0,0.2157796296296294
678,1261125.0,0.2161462962962961
679,1261185.0,0.21659351851851827
680,1261245.0,0.21673425925925904
681,1261305.0,0.216697222222222
682,1261365.0,0.2166759259259257
683,1261425.0,0.2178083333333331
684,1261485.0,0.21802129629629607
685,1261545.0,0.21803611111111088
686,1261605.0,0.21669907407407385
687,1261665.0,0.21644907407407385
688,1261725.0,0.2159981481481479
689,1261785.0,0.21588425925925905
690,1261845.0,0.2157768518518516
691,1261905.0,0.2159157407407405
692,1261965.0,0.21661759259259236
693,1262025.0,0.2168064814814812
694,1262085.0,0.21651481481481452
695,1262148.0,0.2168768518518516
696,1262205.0,0.21728518518518491
697,1262265.0,0.2165416666666664
698,1262325.0,0.2154407407407405
699,1262385.0,0.2146731481481479
700,1262445.0,0.21417962962962936
701,1262505.0,0.21439444444444414
702,1262565.0,0.21400092592592565
703,1262625.0,0.21401944444444415
704,1262685.0,0.21434259259259236
705,1262745.0,0.2146620370370368
706,1262805.0,0.21494999999999972
707,1262865.0,0.21475462962962935
708,1262925.0,0.2149555555555553
709,1262985.0,0.2161083333333331
710,1263045.0,0.2168074074074072
711,1263105.0,0.21752407407407384
712,1263165.0,0.2178925925925924
713,1263225.0,0.21803611111111088
714,1263285.0,0.2183925925925924
715,1263345.0,0.21822962962962936
716,1263405.0,0.21789537037037013
717,1263465.0,0.2188074074074072
718,1263528.0,0.21926111111111088
719,1263585.0,0.21992407407407386
720,1263645.0,0.2202435185185183
721,1263705.0,0.21989074074074053
722,1263765.0,0.21916296296296275
723,1263825.0,0.2192787037037035
724,1263885.0,0.2192648148148146
725,1263945.0,0.21893796296296275
726,1264005.0,0.2185537037037035
727,1264065.0,0.21787407407407386
728,1264125.0,0.21758425925925906
729,1264185.0,0.2173509259259257
730,1264245.0,0.2178046296296294
731,1264305.0,0.2178296296296294
732,1264365.0,0.2182981481481479
733,1264425.0,0.2182879629629627
734,1264485.0,0.21795925925925905
735,1264545.0,0.21833518518518494
736,1264605.0,0.220197222222222
737,1264665.0,0.22176944444444416
738,1264725.0,0.222872222222222
739,1264785.0,0.2237046296296294
740,1264845.0,0.22448425925925905
741,1264905.0,0.22527777777777755
742,1264965.0,0.22570185185185165
743,1265025.0,0.2261675925925924
744,1265085.0,0.2262435185185183
745,1265145.0,0.2266509259259257
746,1265205.0,0.22752777777777755
747,1265265.0,0.2282861111111109
748,1265325.0,0.22953796296296275
749,1265385.0,0.2299046296296294
750,1265445.0,0.2301935185185183
751,1265505.0,0.2305074074074072
752,1265565.0,0.2304175925925924
753,1265625.0,0.2304138888888887
754,1265685.0,0.23049907407407386
755,1265745.0,0.23106018518518495
756,1265805.0,0.2304212962962961
757,1265865.0,0.23003425925925905
758,1265925.0,0.2298796296296294
759,1265985.0,0.2288037037037035
760,1266045.0,0.22847037037037016
761,1266105.0,0.2297435185185183
762,1266165.0,0.2292009259259257
763,1266225.0,0.228448148148148
764,1266285.0,0.22865833333333316
765,1266345.0,0.2285083333333331
766,1266405.0,0.22883796296296274
767,1266465.0,0.22910925925925904
768,1266525.0,0.229272222222222
769,1266585.0,0.2294185185185183
770,1266645.0,0.22942499999999974
771,1266705.0,0.2297046296296294
772,1266765.0,0.23034166666666644
773,1266825.0,0.2312185185185183
774,1266885.0,0.2321509259259257
775,1266945.0,0.2326425925925924
776,1267005.0,0.2334277777777776
777,1267065.0,0.23417685185185164
778,1267125.0,0.23422222222222197
779,1267185.0,0.2337861111111109
780,1267245.0,0.2326611111111109
781,1267305.0,0.23167037037037014
782,1267365.0,0.2303962962962961
783,1267425.0,0.2312064814814813
784,1267485.0,0.2304916666666665
785,1267545.0,0.23024999999999984
786,1267605.0,0.2295888888888887
787,1267665.0,0.2289268518518517
788,1267725.0,0.2288092592592591
789,1267785.0,0.229035185185185
790,1267845.0,0.2287064814814813
791,1267905.0,0.22883240740740726
792,1267965.0,0.228748148148148
793,1268025.0,0.22902870370370354
794,1268085.0,0.22953240740740724
795,1268145.0,0.2298305555555554
796,1268205.0,0.2296814814814813
797,1268265.0,0.2295222222222221
798,1268325.0,0.2296685185185184
799,1268385.0,0.2294185185185184
800,1268445.0,0.2284462962962961
801,1268505.0,0.2274314814814813
802,1268565.0,0.22661759259259245
803,1268625.0,0.22696851851851835
804,1268685.0,0.22604351851851834
805,1268745.0,0.2258092592592591
806,1268805.0,0.2258962962962961
807,1268865.0,0.2260509259259257
808,1268925.0,0.2263777777777776
809,1268985.0,0.2270361111111109
810,1269045.0,0.22769722222222205
811,1269105.0,0.22797962962962945
812,1269165.0,0.228410185185185
813,1269225.0,0.22870833333333315
814,1269285.0,0.2290611111111109
815,1269345.0,0.22910462962962946
816,1269405.0,0.2288518518518517
817,1269465.0,0.22866851851851835
818,1269525.0,0.2276305555555554
819,1269585.0,0.22658518518518506
820,1269645.0,0.2257907407407406
821,1269705.0,0.22509629629629616
822,1269765.0,0.2259694444444443
823,1269825.0,0.22499259259259247
824,1269885.0,0.22475648148148136
825,1269945.0,0.2247138888888888
826,1270005.0,0.22444814814814806
827,1270065.0,0.22421574074074066
828,1270125.0,0.22418333333333326
829,1270185.0,0.22432592592592585
830,1270245.0,0.2244712962962962
831,1270305.0,0.22458055555555545
832,1270365.0,0.2253768518518517
833,1270425.0,0.2257287037037036
834,1270485.0,0.22568333333333326
835,1270545.0,0.22541944444444434
836,1270605.0,0.22501944444444436
837,1270665.0,0.2244018518518517
838,1270725.0,0.22362314814814804
839,1270788.0,0.22274537037037026
840,1270845.0,0.2221722222222221
841,1270905.0,0.2218222222222221
842,1270965.0,0.22200185185185176
843,1271025.0,0.2228472222222221
844,1271085.0,0.22292037037037027
845,1271145.0,0.223611111111111
846,1271205.0,0.2241787037037036
847,1271265.0,0.22451203703703693
848,1271325.0,0.2247648148148147
849,1271385.0,0.2253898148148147
850,1271445.0,0.22652314814814803
851,1271505.0,0.22849907407407394
852,1271565.0,0.2300972222222221
853,1271625.0,0.2309768518518517
854,1271685.0,0.23106388888888876
855,1271745.0,0.2308833333333332
856,1271805.0,0.2304296296296295
857,1271865.0,0.22985277777777766
858,1271925.0,0.22862499999999986
859,1271985.0,0.22751388888888874
860,1272045.0,0.2281222222222221
861,1272105.0,0.2280685185185184
862,1272165.0,0.2281861111111109
863,1272225.0,0.2280712962962961
864,1272285.0,0.22861574074074054
865,1272345.0,0.2289740740740739
866,1272405.0,0.2301824074074072
867,1272465.0,0.2313712962962961
868,1272525.0,0.23252685185185165
869,1272585.0,0.2332361111111109
870,1272645.0,0.23366203703703686
871,1272705.0,0.2337777777777776
872,1272765.0,0.23337222222222204
873,1272825.0,0.23328333333333315
874,1272885.0,0.23354722222222205
875,1272945.0,0.23310462962962944
876,1273005.0,0.23184537037037015
877,1273065.0,0.2321138888888887
878,1273125.0,0.2330861111111109
879,1273185.0,0.23296574074074056
880,1273245.0,0.2334027777777776
881,1273305.0,0.2333888888888887
882,1273365.0,0.2337009259259257
883,1273425.0,0.2336388888888887
884,1273485.0,0.2338324074074072
885,1273545.0,0.23443333333333316
886,1273605.0,0.2348064814814813
887,1273665.0,0.2354037037037035
888,1273728.0,0.2350749999999998
889,1273785.0,0.2343537037037035
890,1273845.0,0.23387314814814794
891,1273905.0,0.2340824074074072
892,1273965.0,0.23410555555555534
893,1274025.0,0.23326203703703685
894,1274085.0,0.2315861111111109
895,1274145.0,0.23150462962962945
896,1274205.0,0.23138055555555534
897,1274265.0,0.230573148148148
898,1274325.0,0.2304305555555554
899,1274385.0,0.23049351851851835
900,1274445.0,0.2308990740740739
901,1274505.0,0.23185370370370356
902,1274565.0,0.23316018518518505
903,1274625.0,0.23422222222222205
904,1274685.0,0.235648148148148
905,1274745.0,0.23657037037037015
906,1274805.0,0.23686851851851834
907,1274865.0,0.237385185185185
908,1274925.0,0.2379268518518517
909,1274985.0,0.238035185185185
910,1275045.0,0.2369259259259257
911,1275105.0,0.2358092592592591
912,1275165.0,0.2358268518518517
913,1275225.0,0.2370962962962961
914,1275285.0,0.23792037037037014
915,1275345.0,0.2386388888888887
916,1275405.0,0.23808425925925905
917,1275465.0,0.23744444444444426
918,1275525.0,0.2370268518518517
919,1275585.0,0.23694537037037014
920,1275645.0,0.2373157407407405
921,1275705.0,0.2378240740740739
922,1275765.0,0.2384407407407405
923,1275825.0,0.23853981481481465
924,1275885.0,0.2382361111111109
925,1275945.0,0.2389527777777776
926,1276005.0,0.2382768518518517
927,1276065.0,0.2372333333333332
928,1276125.0,0.2357453703703702
929,1276185.0,0.23446851851851835
930,1276245.0,0.2334527777777776
931,1276305.0,0.23312870370370356
932,1276365.0,0.2331722222222221
933,1276425.0,0.23327870370370354
934,1276485.0,0.23356574074074055
935,1276545.0,0.23360740740740726
936,1276605.0,0.2353916666666665
937,1276665.0,0.2362462962962961
938,1276725.0,0.23703703703703685
939,1276785.0,0.23871574074074056
940,1276845.0,0.2398111111111109
941,1276905.0,0.2381824074074072
942,1276965.0,0.23864537037037015
943,1277025.0,0.2390675925925924
944,1277085.0,0.2377935185185183
945,1277145.0,0.23842962962962946
946,1277205.0,0.2386037037037035
947,1277265.0,0.2378888888888887
948,1277325.0,0.23781944444444425
949,1277385.0,0.23868703703703684
950,1277445.0,0.23930185185185165
951,1277505.0,0.23976481481481465
952,1277565.0,0.2398527777777776
953,1277625.0,0.2394740740740739
954,1277685.0,0.2389657407407405
955,1277745.0,0.23794537037037014
956,1277805.0,0.23667037037037014
957,1277865.0,0.23535462962962944
958,1277925.0,0.2349249999999998
959,1277985.0,0.2340564814814813
960,1278045.0,0.2353305555555553
961,1278105.0,0.23561296296296275
962,1278165.0,0.2362574074074072
963,1278225.0,0.23527314814814795
964,1278285.0,0.2356712962962961
965,1278345.0,0.23585925925925905
966,1278405.0,0.2360620370370368
967,1278465.0,0.2364749999999998
968,1278525.0,0.2367759259259257
969,1278585.0,0.2371064814814813
970,1278645.0,0.23739444444444424
971,1278705.0,0.23714814814814794
972,1278765.0,0.2368074074074072
973,1278825.0,0.23673425925925906
974,1278885.0,0.23557499999999976
975,1278945.0,0.23461944444444424
976,1279005.0,0.23403796296296275
977,1279065.0,0.2348055555555553
978,1279125.0,0.2350805555555553
979,1279185.0,0.23552037037037016
980,1279245.0,0.23679537037037016
981,1279305.0,0.23861944444444425
982,1279365.0,0.23998425925925904
983,1279425.0,0.24034907407407385
984,1279485.0,0.24176018518518494
985,1279545.0,0.24227314814814796
986,1279605.0,0.24201296296296276
987,1279665.0,0.24216296296296275
988,1279725.0,0.24119722222222198
989,1279785.0,0.2408787037037035
990,1279845.0,0.23944166666666644
991,1279905.0,0.23911296296296275
992,1279965.0,0.23819166666666644
993,1280025.0,0.2374333333333331
994,1280085.0,0.2367574074074072
995,1280145.0,0.2368805555555553
996,1280205.0,0.2377759259259257
997,1280265.0,0.23786018518518495
998,1280325.0,0.2386138888888887
999,1280385.0,0.2399314814814813
1000,1280445.0,0.2413509259259257
1001,1280505.0,0.24269444444444424
1002,1280565.0,0.24211481481481464
1003,1280625.0,0.24349722222222206
1004,1280685.0,0.24255462962962945
1005,1280745.0,0.2432564814814813
1006,1280805.0,0.24396666666666644
1007,1280865.0,0.2442018518518516
1008,1280925.0,0.2455620370370368
1009,1280985.0,0.2454185185185183
1010,1281045.0,0.2447638888888887
1011,1281108.0,0.24477222222222197
1012,1281165.0,0.2442657407407405
1013,1281225.0,0.24382407407407386
1014,1281285.0,0.2439333333333331
1015,1281345.0,0.24417685185185165
1016,1281405.0,0.24432962962962945
1017,1281465.0,0.2448027777777776
1018,1281525.0,0.2454527777777776
1019,1281585.0,0.24522962962962944
1020,1281645.0,0.2454907407407405
1021,1281705.0,0.2465064814814813
1022,1281765.0,0.2460564814814813
1023,1281825.0,0.2451953703703701
1024,1281885.0,0.2453953703703701
1025,1281945.0,0.2448148148148146
1026,1282005.0,0.24488518518518496
1027,1282065.0,0.24492129629629605
1028,1282125.0,0.24513425925925905
1029,1282185.0,0.245147222222222
1030,1282245.0,0.24526388888888864
1031,1282305.0,0.2448194444444442
1032,1282368.0,0.2448916666666664
1033,1282425.0,0.24475462962962935
1034,1282485.0,0.2437018518518516
1035,1282545.0,0.2427249999999997
1036,1282605.0,0.24394351851851825
1037,1282665.0,0.24456851851851824
1038,1282725.0,0.2450657407407405
1039,1282785.0,0.2461129629629627
1040,1282845.0,0.2452805555555553
1041,1282905.0,0.2455398148148145
1042,1282965.0,0.24602592592592565
1043,1283025.0,0.24588240740740716
1044,1283085.0,0.2455499999999997
1045,1283145.0,0.2456249999999997
1046,1283205.0,0.2455444444444441
1047,1283265.0,0.2450546296296293
1048,1283325.0,0.2441703703703701
1049,1283385.0,0.24364629629629606
1050,1283445.0,0.2438583333333331
1051,1283505.0,0.2441490740740738
1052,1283565.0,0.2447175925925923
1053,1283625.0,0.2450490740740738
1054,1283685.0,0.2447601851851849
1055,1283745.0,0.24556851851851824
1056,1283805.0,0.2462666666666664
1057,1283865.0,0.2456407407407405
1058,1283925.0,0.2445175925925923
1059,1283985.0,0.2442990740740738
1060,1284045.0,0.2432907407407405
1061,1284108.0,0.2439703703703701
1062,1284165.0,0.24405925925925895
1063,1284225.0,0.24425740740740715
1064,1284285.0,0.2444203703703701
1065,1284345.0,0.2432083333333331
1066,1284405.0,0.24214629629629605
1067,1284465.0,0.2416999999999997
1068,1284525.0,0.2426074074074072
1069,1284585.0,0.24375462962962935
1070,1284645.0,0.2449999999999997
1071,1284705.0,0.2443916666666664
1072,1284765.0,0.2432824074074072
1073,1284825.0,0.2428231481481479
1074,1284885.0,0.2433601851851849
1075,1284945.0,0.24382962962962934
1076,1285005.0,0.24420092592592565
1077,1285065.0,0.24435370370370346
1078,1285125.0,0.2439620370370368
1079,1285185.0,0.2439148148148145
1080,1285245.0,0.243646296296296
1081,1285305.0,0.2431638888888886
1082,1285365.0,0.2425703703703701
1083,1285425.0,0.2418379629629627
1084,1285485.0,0.24150555555555525
1085,1285545.0,0.2414777777777775
1086,1285605.0,0.2418111111111108
1087,1285665.0,0.24242592592592566
1088,1285725.0,0.2423916666666664
1089,1285785.0,0.2418685185185182
1090,1285845.0,0.24191388888888854
1091,1285905.0,0.2428620370370367
1092,1285965.0,0.2425694444444441
1093,1286025.0,0.2414361111111108
1094,1286085.0,0.2403537037037033
1095,1286145.0,0.23932499999999965
1096,1286205.0,0.24071851851851814
1097,1286265.0,0.2414055555555552
1098,1286325.0,0.2416342592592589
1099,1286385.0,0.2415240740740737
1100,1286445.0,0.24099351851851816
1101,1286505.0,0.2400046296296293
1102,1286565.0,0.2382796296296293
1103,1286625.0,0.23819722222222184
1104,1286685.0,0.2397305555555552
1105,1286745.0,0.23951111111111076
1106,1286805.0,0.23974537037037
1107,1286865.0,0.2404944444444441
1108,1286925.0,0.2413268518518515
1109,1286985.0,0.24196481481481444
1110,1287045.0,0.2414444444444441
1111,1287105.0,0.2402305555555552
1112,1287165.0,0.2394481481481478
1113,1287225.0,0.23914629629629594
1114,1287285.0,0.2392518518518515
1115,1287345.0,0.2391037037037033
1116,1287405.0,0.2390518518518515
1117,1287465.0,0.23951203703703666
1118,1287525.0,0.2395296296296293
1119,1287585.0,0.2389175925925922
1120,1287645.0,0.2382175925925922
1121,1287705.0,0.2397083333333329
1122,1287765.0,0.2410249999999996
1123,1287828.0,0.2423138888888885
1124,1287885.0,0.2438759259259255
1125,1287945.0,0.2435787037037033
1126,1288005.0,0.24332962962962926
1127,1288065.0,0.24365277777777736
1128,1288125.0,0.2426296296296292
1129,1288185.0,0.2408499999999996
1130,1288245.0,0.2393333333333329
1131,1288305.0,0.2375935185185181
1132,1288365.0,0.2366287037037033
1133,1288425.0,0.23626111111111076
1134,1288488.0,0.23643981481481444
1135,1288545.0,0.2373249999999996
1136,1288605.0,0.2385814814814811
1137,1288665.0,0.2398398148148144
1138,1288725.0,0.2402712962962959
1139,1288785.0,0.2414101851851848
1140,1288845.0,0.24125092592592556
1141,1288905.0,0.2416675925925922
1142,1288965.0,0.24209259259259225
1143,1289025.0,0.24097314814814774
1144,1289085.0,0.24034259259259225
1145,1289145.0,0.2392981481481478
1146,1289205.0,0.2386046296296293
1147,1289265.0,0.23766759259259224
1148,1289325.0,0.23687129629629594
1149,1289385.0,0.23649722222222186
1150,1289445.0,0.23611481481481444
1151,1289505.0,0.2362944444444441
1152,1289565.0,0.2364740740740737
1153,1289625.0,0.23625740740740706
1154,1289685.0,0.23698148148148115
1155,1289745.0,0.2378796296296293
1156,1289805.0,0.2388305555555552
1157,1289865.0,0.2383879629629626
1158,1289925.0,0.23806111111111075
1159,1289985.0,0.2380796296296293
1160,1290045.0,0.23688333333333295
1161,1290105.0,0.23661481481481444
1162,1290165.0,0.23637037037037
1163,1290225.0,0.23583240740740705
1164,1290285.0,0.23511111111111074
1165,1290345.0,0.2341259259259256
1166,1290405.0,0.23293333333333294
1167,1290465.0,0.2319814814814811
1168,1290525.0,0.2322111111111108
1169,1290585.0,0.23109259259259224
1170,1290645.0,0.2307592592592589
1171,1290705.0,0.2301009259259256
1172,1290765.0,0.23084259259259224
1173,1290825.0,0.2312629629629626
1174,1290885.0,0.23196018518518485
1175,1290945.0,0.2321861111111108
1176,1291005.0,0.23177777777777744
1177,1291065.0,0.23163148148148116
1178,1291125.0,0.2313407407407404
1179,1291185.0,0.2308740740740737
1180,1291245.0,0.23029537037037004
1181,1291305.0,0.2294416666666663
1182,1291365.0,0.22802037037037
1183,1291425.0,0.2280694444444441
1184,1291485.0,0.2290657407407404
1185,1291545.0,0.2277240740740737
1186,1291605.0,0.2265657407407404
1187,1291665.0,0.22563148148148116
1188,1291725.0,0.2236444444444441
1189,1291785.0,0.22297499999999965
1190,1291845.0,0.22282222222222187
1191,1291905.0,0.2221592592592589
1192,1291965.0,0.22113148148148112
1193,1292025.0,0.2209009259259256
1194,1292085.0,0.2202740740740737
1195,1292145.0,0.2203861111111108
1196,1292205.0,0.22068703703703668
1197,1292265.0,0.2208361111111108
1198,1292325.0,0.22103888888888854
1199,1292385.0,0.22247870370370332
1200,1292445.0,0.2234092592592589
1201,1292505.0,0.2237277777777774
1202,1292565.0,0.22448240740740705
1203,1292625.0,0.22442777777777745
1204,1292685.0,0.22346203703703668
1205,1292745.0,0.22493425925925886
1206,1292805.0,0.22414166666666632
1207,1292868.0,0.2241194444444441
1208,1292925.0,0.2237416666666663
1209,1292985.0,0.22396944444444408
1210,1293045.0,0.2237842592592589
1211,1293105.0,0.22430462962962927
1212,1293165.0,0.22435462962962927
1213,1293225.0,0.22474629629629594
1214,1293285.0,0.22681018518518484
1215,1293345.0,0.22864537037037005
1216,1293405.0,0.2287518518518515
1217,1293465.0,0.2290296296296293
1218,1293525.0,0.22984629629629594
1219,1293585.0,0.2293064814814811
1220,1293645.0,0.2304657407407404
1221,1293705.0,0.2313185185185181
1222,1293765.0,0.2308314814814811
1223,1293825.0,0.23020740740740706
1224,1293885.0,0.22921759259259225
1225,1293945.0,0.22798240740740705
1226,1294005.0,0.2274694444444441
1227,1294065.0,0.22658518518518486
1228,1294125.0,0.2262342592592589
1229,1294185.0,0.22597037037037
1230,1294245.0,0.22559259259259226
1231,1294305.0,0.22517870370370333
1232,1294365.0,0.225146296296296
1233,1294425.0,0.22581018518518484
1234,1294485.0,0.2269444444444441
1235,1294545.0,0.22744259259259225
1236,1294605.0,0.22841759259259226
1237,1294665.0,0.2296555555555552
1238,1294725.0,0.23078981481481445
1239,1294785.0,0.2314398148148145
1240,1294845.0,0.2323092592592589
1241,1294905.0,0.23151018518518485
1242,1294965.0,0.2308592592592589
1243,1295025.0,0.2300370370370367
1244,1295085.0,0.22835277777777746
1245,1295145.0,0.22881296296296266
1246,1295205.0,0.2301990740740737
1247,1295265.0,0.2322722222222219
1248,1295325.0,0.2321759259259256
1249,1295385.0,0.23208333333333306
1250,1295445.0,0.2319685185185182
1251,1295505.0,0.2328194444444441
1252,1295565.0,0.2345175925925923
1253,1295625.0,0.23526666666666635
1254,1295685.0,0.23584907407407374
1255,1295745.0,0.2357435185185182
1256,1295805.0,0.23586296296296266
1257,1295865.0,0.2355101851851849
1258,1295925.0,0.23499907407407375
1259,1295985.0,0.2342499999999997
1260,1296045.0,0.2339379629629627
1261,1296105.0,0.2343555555555553
1262,1296165.0,0.2342361111111108
1263,1296225.0,0.2350324074074071
1264,1296285.0,0.2341453703703701
1265,1296345.0,0.23402314814814784
1266,1296405.0,0.2339148148148145
1267,1296465.0,0.2342009259259256
1268,1296525.0,0.2350148148148145
1269,1296585.0,0.23641851851851825
1270,1296645.0,0.23774074074074045
1271,1296705.0,0.2387574074074071
1272,1296765.0,0.23968333333333305
1273,1296825.0,0.2405601851851849
1274,1296885.0,0.24119074074074046
1275,1296945.0,0.2405648148148145
1276,1297005.0,0.2380222222222219
1277,1297065.0,0.23668333333333305
1278,1297125.0,0.23625555555555525
1279,1297185.0,0.2359222222222219
1280,1297245.0,0.23559722222222196
1281,1297305.0,0.2359472222222219
1282,1297365.0,0.23730925925925894
1283,1297425.0,0.2375101851851849
1284,1297485.0,0.2369074074074071
1285,1297545.0,0.2370638888888886
1286,1297605.0,0.2373027777777775
1287,1297665.0,0.23809629629629606
1288,1297725.0,0.2383907407407405
1289,1297785.0,0.2391629629629627
1290,1297845.0,0.24026388888888864
1291,1297905.0,0.2414268518518516
1292,1297965.0,0.2423879629629627
1293,1298025.0,0.24272222222222195
1294,1298085.0,0.2421453703703701
1295,1298145.0,0.2414629629629627
1296,1298205.0,0.24048611111111085
1297,1298265.0,0.2402620370370368
1298,1298328.0,0.2408009259259257
1299,1298385.0,0.2417935185185183
1300,1298445.0,0.2426305555555553
1301,1298505.0,0.2417481481481479
1302,1298565.0,0.24113888888888865
1303,1298625.0,0.2404601851851849
1304,1298688.0,0.2401518518518516
1305,1298745.0,0.2401166666666664
1306,1298805.0,0.23965462962962936
1307,1298865.0,0.23906111111111086
1308,1298925.0,0.2413620370370368
1309,1298985.0,0.2431620370370368
1310,1299045.0,0.2448490740740738
1311,1299105.0,0.246971296296296
1312,1299165.0,0.2475296296296293
1313,1299225.0,0.2477981481481479
1314,1299285.0,0.2476657407407405
1315,1299345.0,0.2471083333333331
1316,1299405.0,0.2455601851851849
1317,1299465.0,0.2445814814814812
1318,1299525.0,0.2453898148148145
1319,1299585.0,0.2450629629629627
1320,1299645.0,0.2447120370370368
1321,1299705.0,0.24444814814814786
1322,1299765.0,0.2443249999999997
1323,1299825.0,0.24529722222222194
1324,1299885.0,0.2463879629629627
1325,1299945.0,0.2476851851851849
1326,1300005.0,0.2490907407407405
1327,1300065.0,0.2502768518518516
1328,1300125.0,0.25107407407407384
1329,1300185.0,0.2511111111111109
1330,1300245.0,0.2513537037037035
1331,1300305.0,0.2511574074074072
1332,1300365.0,0.2505425925925924
1333,1300425.0,0.2491333333333331
1334,1300485.0,0.24981018518518494
1335,1300545.0,0.2492870370370368
1336,1300605.0,0.2493037037037035
1337,1300665.0,0.24922962962962936
1338,1300725.0,0.2493407407407405
1339,1300785.0,0.24912777777777756
1340,1300845.0,0.2499074074074072
1341,1300905.0,0.2501435185185183
1342,1300965.0,0.25052037037037017
1343,1301025.0,0.2511944444444442
1344,1301085.0,0.25222222222222196
1345,1301145.0,0.25344907407407385
1346,1301205.0,0.25463518518518496
1347,1301265.0,0.2549203703703701
1348,1301325.0,0.2548583333333331
1349,1301385.0,0.2556601851851849
1350,1301445.0,0.2559749999999997
1351,1301505.0,0.2555675925925923
1352,1301565.0,0.2549814814814812
1353,1301625.0,0.2541620370370368
1354,1301685.0,0.25466481481481457
1355,1301745.0,0.2535703703703701
1356,1301805.0,0.2533490740740738
1357,1301865.0,0.25332777777777754
1358,1301925.0,0.2534148148148146
1359,1301985.0,0.25330833333333314
1360,1302045.0,0.2533425925925924
1361,1302105.0,0.2534074074074072
1362,1302165.0,0.2543962962962961
1363,1302225.0,0.2536759259259257
1364,1302285.0,0.25376759259259235
1365,1302345.0,0.2542953703703701
1366,1302405.0,0.2549249999999998
1367,1302465.0,0.2558777777777776
1368,1302525.0,0.25679351851851834
1369,1302585.0,0.2578953703703702
1370,1302645.0,0.25852314814814803
1371,1302705.0,0.2587129629629628
1372,1302765.0,0.2591120370370369
1373,1302825.0,0.25921388888888874
1374,1302885.0,0.2592564814814813
1375,1302945.0,0.2589083333333332
1376,1303005.0,0.25803055555555543
1377,1303065.0,0.2573342592592591
1378,1303125.0,0.2568620370370369
1379,1303185.0,0.2568935185185184
1380,1303245.0,0.2569583333333332
1381,1303305.0,0.25560092592592576
1382,1303365.0,0.2562157407407405
1383,1303425.0,0.2568175925925924
1384,1303485.0,0.2572138888888887
1385,1303545.0,0.2560685185185183
1386,1303605.0,0.2566537037037035
1387,1303665.0,0.256422222222222
1388,1303725.0,0.25653425925925905
1389,1303785.0,0.2559027777777776
1390,1303845.0,0.2555962962962961
1391,1303905.0,0.2547453703703701
1392,1303965.0,0.25397407407407385
1393,1304025.0,0.2537583333333331
1394,1304085.0,0.2529944444444442
1395,1304145.0,0.2521083333333331
1396,1304205.0,0.2510398148148146
1397,1304265.0,0.2507351851851849
1398,1304325.0,0.2505675925925924
1399,1304385.0,0.25176759259259235
1400,1304445.0,0.2515268518518516
1401,1304505.0,0.2513240740740738
1402,1304565.0,0.2518731481481479
1403,1304625.0,0.2527907407407405
1404,1304685.0,0.2543962962962961
1405,1304745.0,0.25569907407407383
1406,1304805.0,0.2549611111111109
1407,1304865.0,0.25445370370370346
1408,1304925.0,0.2545907407407405
1409,1304985.0,0.25355648148148124
1410,1305045.0,0.25403888888888865
1411,1305105.0,0.2529601851851849
1412,1305165.0,0.2521277777777775
1413,1305225.0,0.2509138888888886
1414,1305285.0,0.25003611111111085
1415,1305345.0,0.2492175925925923
1416,1305405.0,0.248296296296296
1417,1305465.0,0.2477574074074071
1418,1305525.0,0.24732222222222194
1419,1305585.0,0.2471518518518516
1420,1305645.0,0.24679814814814785
1421,1305705.0,0.2467453703703701
1422,1305765.0,0.2469185185185182
1423,1305825.0,0.24737037037037005
1424,1305885.0,0.2484824074074071
1425,1305945.0,0.24946203703703676
1426,1306005.0,0.2497296296296293
1427,1306065.0,0.2485703703703701
1428,1306125.0,0.2488425925925923
1429,1306185.0,0.2485555555555553
1430,1306245.0,0.2477731481481479
1431,1306305.0,0.24688240740740716
1432,1306365.0,0.24635462962962934
1433,1306425.0,0.24691481481481456
1434,1306485.0,0.2473101851851849
1435,1306545.0,0.2476083333333331
1436,1306605.0,0.2477481481481479
1437,1306665.0,0.24771759259259235
1438,1306725.0,0.24790925925925905
1439,1306785.0,0.2478509259259257
1440,1306845.0,0.2477324074074072
1441,1306905.0,0.24618796296296275
1442,1306965.0,0.2455916666666665
1443,1307025.0,0.2449138888888887
1444,1307085.0,0.24425833333333316
1445,1307145.0,0.2451074074074072
1446,1307205.0,0.2452777777777776
1447,1307265.0,0.245035185185185
1448,1307325.0,0.2446999999999998
1449,1307385.0,0.24409999999999984
1450,1307445.0,0.2439166666666665
1451,1307505.0,0.2432027777777776
1452,1307565.0,0.24169999999999986
1453,1307625.0,0.2406527777777776
1454,1307685.0,0.23988240740740724
1455,1307745.0,0.2419740740740739
1456,1307805.0,0.24254351851851835
1457,1307865.0,0.2430361111111109
1458,1307925.0,0.2430814814814813
1459,1307985.0,0.24317592592592574
1460,1308045.0,0.2430870370370369
1461,1308105.0,0.24253981481481465
1462,1308165.0,0.24193518518518506
1463,1308225.0,0.2415129629629628
1464,1308285.0,0.2414842592592591
1465,1308345.0,0.2417768518518517
1466,1308405.0,0.2419657407407406
1467,1308465.0,0.2413805555555554
1468,1308525.0,0.2407305555555554
1469,1308585.0,0.2404888888888887
1470,1308645.0,0.24059999999999984
1471,1308705.0,0.24002037037037025
1472,1308765.0,0.23857592592592575
1473,1308825.0,0.2368203703703702
1474,1308885.0,0.2379620370370369
1475,1308945.0,0.2390361111111109
1476,1309005.0,0.23979999999999985
1477,1309065.0,0.2399314814814813
1478,1309125.0,0.23943611111111096
1479,1309185.0,0.2388768518518517
1480,1309245.0,0.2385592592592591
1481,1309305.0,0.23869814814814802
1482,1309365.0,0.23780370370370355
1483,1309425.0,0.2363564814814813
1484,1309485.0,0.23654907407407394
1485,1309545.0,0.2360120370370369
1486,1309605.0,0.2363166666666665
1487,1309668.0,0.23717037037037025
1488,1309725.0,0.23549629629629615
1489,1309785.0,0.2349268518518517
1490,1309845.0,0.23461944444444435
1491,1309905.0,0.23473425925925914
1492,1309965.0,0.2351018518518517
1493,1310025.0,0.23505925925925916
1494,1310085.0,0.23510555555555546
1495,1310145.0,0.2358666666666665
1496,1310205.0,0.2377824074074073
1497,1310265.0,0.2393018518518517
1498,1310325.0,0.23836388888888874
1499,1310385.0,0.2383666666666665
1500,1310445.0,0.2384212962962961
1501,1310505.0,0.23835092592592574
1502,1310565.0,0.2382462962962961
1503,1310625.0,0.2379564814814813
1504,1310685.0,0.2369944444444443
1505,1310745.0,0.23625092592592575
1506,1310805.0,0.23569259259259245
1507,1310865.0,0.235723148148148
1508,1310925.0,0.23537037037037026
1509,1310985.0,0.23485555555555546
1510,1311045.0,0.234148148148148
1511,1311105.0,0.2340416666666665
1512,1311165.0,0.234198148148148
1513,1311225.0,0.2352574074074073
1514,1311285.0,0.2347759259259258
1515,1311345.0,0.2353370370370369
1516,1311405.0,0.2354722222222221
1517,1311465.0,0.2353268518518517
1518,1311525.0,0.235099074074074
1519,1311585.0,0.2356222222222221
1520,1311645.0,0.2362203703703703
1521,1311705.0,0.2357972222222221
1522,1311765.0,0.23512129629629624
1523,1311825.0,0.2340574074074073
1524,1311885.0,0.23298611111111106
1525,1311945.0,0.23219999999999996
1526,1312008.0,0.2317194444444444
1527,1312065.0,0.23207129629629625
1528,1312125.0,0.2326074074074073
1529,1312185.0,0.2327129629629629
1530,1312245.0,0.23355185185185176
1531,1312305.0,0.2348416666666666
1532,1312365.0,0.23538333333333325
1533,1312425.0,0.2369481481481481
1534,1312485.0,0.23681203703703696
1535,1312545.0,0.2378425925925925
1536,1312605.0,0.2380638888888888
1537,1312665.0,0.2377703703703703
1538,1312725.0,0.2373333333333333
1539,1312785.0,0.23787129629629625
1540,1312845.0,0.23793981481481474
1541,1312905.0,0.23792592592592585
1542,1312965.0,0.2374314814814814
1543,1313025.0,0.2371157407407407
1544,1313088.0,0.23658703703703696
1545,1313145.0,0.23594722222222214
1546,1313205.0,0.23533611111111105
1547,1313265.0,0.2345416666666666
1548,1313325.0,0.2344407407407407
1549,1313388.0,0.23398611111111106
1550,1313445.0,0.23406203703703696
1551,1313508.0,0.2335953703703703
1552,1313565.0,0.2329694444444444
1553,1313625.0,0.2324175925925925
1554,1313685.0,0.2322574074074073
1555,1313745.0,0.23224351851851846
1556,1313805.0,0.2328555555555555
1557,1313865.0,0.23342962962962954
1558,1313925.0,0.2335925925925925
1559,1313985.0,0.23326388888888885
1560,1314045.0,0.2326592592592592
1561,1314105.0,0.2339379629629629
1562,1314165.0,0.233199074074074
1563,1314225.0,0.2332231481481481
1564,1314285.0,0.2331527777777777
1565,1314345.0,0.23247870370370366
1566,1314405.0,0.23211481481481475
1567,1314465.0,0.2316314814814814
1568,1314525.0,0.2313407407407407
1569,1314585.0,0.2308425925925925
1570,1314645.0,0.23048611111111106
1571,1314705.0,0.2301129629629629
1572,1314765.0,0.23006388888888885
1573,1314825.0,0.2294833333333333
1574,1314885.0,0.2290907407407407
1575,1314945.0,0.22998518518518515
1576,1315005.0,0.23039537037037036
1577,1315068.0,0.2304472222222222
1578,1315125.0,0.2301407407407407
1579,1315185.0,0.22932037037037034
1580,1315245.0,0.2294759259259259
1581,1315305.0,0.22961759259259254
1582,1315365.0,0.22936944444444446
1583,1315425.0,0.2288888888888889
1584,1315485.0,0.22795648148148145
1585,1315545.0,0.2273009259259259
1586,1315605.0,0.228375
1587,1315665.0,0.2291537037037037
1588,1315725.0,0.22949629629629625
1589,1315785.0,0.2304925925925925
1590,1315845.0,0.22954629629629625
1591,1315905.0,0.23042222222222214
1592,1315965.0,0.23145740740740736
1593,1316025.0,0.2323583333333333
1594,1316085.0,0.2321527777777777
1595,1316145.0,0.2318694444444444
1596,1316205.0,0.2318342592592592
1597,1316265.0,0.23190648148148146
1598,1316325.0,0.2320805555555555
1599,1316385.0,0.2322388888888889
1600,1316445.0,0.23250740740740736
1601,1316505.0,0.23215648148148146
1602,1316565.0,0.2318083333333333
1603,1316625.0,0.2315861111111111
1604,1316685.0,0.2320444444444444
1605,1316745.0,0.2317037037037037
1606,1316805.0,0.2308759259259259
1607,1316865.0,0.2296675925925925
1608,1316925.0,0.22847129629629626
1609,1316985.0,0.2288574074074073
1610,1317045.0,0.22939629629629624
1611,1317105.0,0.22977870370370365
1612,1317165.0,0.22918518518518516
1613,1317225.0,0.2284407407407407
1614,1317285.0,0.2277824074074073
1615,1317345.0,0.2274777777777777
1616,1317405.0,0.22745648148148145
1617,1317465.0,0.22760648148148144
1618,1317525.0,0.22802129629629625
1619,1317585.0,0.22856203703703695
1620,1317645.0,0.2289787037037037
1621,1317705.0,0.2303629629629629
1622,1317765.0,0.23141388888888886
1623,1317825.0,0.23163703703703695
1624,1317885.0,0.23274074074074064
1625,1317945.0,0.2313194444444444
1626,1318005.0,0.2306305555555555
1627,1318065.0,0.23006574074074065
1628,1318125.0,0.2300722222222221
1629,1318185.0,0.2302074074074073
1630,1318245.0,0.2296222222222221
1631,1318305.0,0.22907037037037026
1632,1318365.0,0.2291222222222221
1633,1318425.0,0.22914074074074064
1634,1318485.0,0.22978055555555546
1635,1318545.0,0.22911574074074065
1636,1318605.0,0.22899351851851846
1637,1318665.0,0.2281462962962962
1638,1318725.0,0.22709444444444435
1639,1318785.0,0.226249074074074
1640,1318845.0,0.22580185185185175
1641,1318905.0,0.2257981481481481
1642,1318965.0,0.2257888888888888
1643,1319025.0,0.2255249999999999
1644,1319085.0,0.22513611111111104
1645,1319145.0,0.22425833333333325
1646,1319205.0,0.22385185185185175
1647,1319265.0,0.2240824074074073
1648,1319325.0,0.2244546296296296
1649,1319385.0,0.22415833333333327
1650,1319445.0,0.22408333333333327
1651,1319505.0,0.22501759259259246
1652,1319565.0,0.2261305555555555
1653,1319625.0,0.22761574074074065
1654,1319685.0,0.2265768518518517
1655,1319745.0,0.2261592592592592
1656,1319805.0,0.2258388888888888
1657,1319865.0,0.2252518518518518
1658,1319925.0,0.22427222222222212
1659,1319985.0,0.22335740740740734
1660,1320045.0,0.22271203703703696
1661,1320105.0,0.22174074074074065
1662,1320168.0,0.22116203703703696
1663,1320225.0,0.22174999999999992
1664,1320285.0,0.22084351851851844
1665,1320345.0,0.2210962962962962
1666,1320405.0,0.22082685185185175
1667,1320465.0,0.22030462962962954
1668,1320525.0,0.2202351851851851
1669,1320585.0,0.22030092592592584
1670,1320645.0,0.21990185185185174
1671,1320705.0,0.21871574074074066
1672,1320765.0,0.21774166666666656
1673,1320825.0,0.21692314814814806
1674,1320885.0,0.2164009259259258
1675,1320945.0,0.21493703703703693
1676,1321005.0,0.21330648148148135
1677,1321065.0,0.21151574074074064
1678,1321125.0,0.21012962962962956
1679,1321185.0,0.20959722222222213
1680,1321245.0,0.20883333333333326
1681,1321305.0,0.20973703703703692
1682,1321365.0,0.2101379629629629
1683,1321425.0,0.21042037037037026
1684,1321485.0,0.21073148148148135
1685,1321545.0,0.2103879629629629
1686,1321605.0,0.20924629629629615
1687,1321665.0,0.20845648148148133
1688,1321725.0,0.20796203703703686
1689,1321785.0,0.2078259259259258
1690,1321845.0,0.2074388888888888
1691,1321905.0,0.20645185185185166
1692,1321965.0,0.20566666666666653
1693,1322025.0,0.2045555555555554
1694,1322085.0,0.2026555555555554
1695,1322145.0,0.201035185185185
1696,1322205.0,0.20036944444444427
1697,1322265.0,0.20010185185185167
1698,1322325.0,0.199885185185185
1699,1322385.0,0.1991888888888887
1700,1322445.0,0.19853333333333315
1701,1322505.0,0.19815740740740725
1702,1322565.0,0.19829351851851834
1703,1322625.0,0.1986138888888887
1704,1322685.0,0.19875833333333315
1705,1322745.0,0.19861203703703686
1706,1322805.0,0.1989574074074072
1707,1322865.0,0.19872499999999985
1708,1322925.0,0.19836944444444427
1709,1322985.0,0.197785185185185
1710,1323045.0,0.19751203703703685
1711,1323105.0,0.1966240740740739
1712,1323165.0,0.19545185185185168
1713,1323225.0,0.1942462962962961
1714,1323285.0,0.19324444444444427
1715,1323345.0,0.1929564814814813
1716,1323405.0,0.19268055555555536
1717,1323465.0,0.19254629629629613
1718,1323525.0,0.1925768518518517
1719,1323585.0,0.1915435185185184
1720,1323645.0,0.19099814814814803
1721,1323705.0,0.19049629629629614
1722,1323765.0,0.1902842592592591
1723,1323825.0,0.19068703703703688
1724,1323885.0,0.19047592592592574
1725,1323945.0,0.1901916666666665
1726,1324005.0,0.18922962962962947
1727,1324065.0,0.1885083333333332
1728,1324125.0,0.18752314814814802
1729,1324185.0,0.1874453703703702
1730,1324245.0,0.18746203703703687
1731,1324305.0,0.18831481481481466
1732,1324365.0,0.1890870370370369
1733,1324425.0,0.18939907407407391
1734,1324485.0,0.18976388888888876
1735,1324545.0,0.18961388888888872
1736,1324605.0,0.1888675925925924
1737,1324665.0,0.18792870370370354
1738,1324725.0,0.18728148148148133
1739,1324785.0,0.18657314814814802
1740,1324845.0,0.18544629629629614
1741,1324905.0,0.1841203703703702
1742,1324965.0,0.18370277777777766
1743,1325025.0,0.1832833333333332
1744,1325085.0,0.18340277777777764
1745,1325145.0,0.18347037037037026
1746,1325205.0,0.18341666666666653
1747,1325265.0,0.18352499999999985
1748,1325325.0,0.18318796296296286
1749,1325385.0,0.18351759259259245
1750,1325445.0,0.1835379629629628
1751,1325505.0,0.1840370370370369
1752,1325565.0,0.18385740740740725
1753,1325625.0,0.1829268518518517
1754,1325685.0,0.18198148148148133
1755,1325745.0,0.17983148148148131
1756,1325805.0,0.17818703703703687
1757,1325865.0,0.17771481481481466
1758,1325925.0,0.17782037037037018
1759,1325985.0,0.17806111111111092
1760,1326045.0,0.177285185185185
1761,1326105.0,0.1765388888888887
1762,1326165.0,0.1759425925925924
1763,1326225.0,0.1756611111111109
1764,1326285.0,0.17554537037037016
1765,1326345.0,0.17474259259259234
1766,1326405.0,0.17340555555555534
1767,1326465.0,0.17227962962962942
1768,1326528.0,0.17120277777777754
1769,1326588.0,0.17034999999999978
1770,1326645.0,0.16982685185185162
1771,1326705.0,0.1697407407407405
1772,1326765.0,0.1689555555555553
1773,1326825.0,0.1682657407407405
1774,1326885.0,0.168234259259259
1775,1326945.0,0.1683157407407405
1776,1327005.0,0.16813425925925898
1777,1327065.0,0.1672231481481479
1778,1327125.0,0.1662305555555553
1779,1327185.0,0.16534259259259235
1780,1327245.0,0.16449166666666645
1781,1327305.0,0.16412777777777754
1782,1327365.0,0.1639685185185183
1783,1327425.0,0.16394259259259236
1784,1327485.0,0.1634574074074072
1785,1327545.0,0.1629435185185183
1786,1327605.0,0.16281481481481458
1787,1327665.0,0.16292407407407386
1788,1327725.0,0.16332222222222198
1789,1327785.0,0.16247499999999976
1790,1327845.0,0.16115740740740714
1791,1327905.0,0.15996018518518496
1792,1327965.0,0.15905648148148124
1793,1328025.0,0.15825740740740718
1794,1328085.0,0.15742685185185162
1795,1328145.0,0.15668148148148126
1796,1328205.0,0.1562620370370368
1797,1328265.0,0.1559796296296294
1798,1328325.0,0.1555787037037035
1799,1328385.0,0.1552537037037035
1800,1328445.0,0.1547462962962961
1801,1328505.0,0.1540740740740739
1802,1328565.0,0.1533314814814813
1803,1328625.0,0.15302222222222206
1804,1328685.0,0.15248796296296274
1805,1328745.0,0.15162685185185165
1806,1328805.0,0.15054074074074053
1807,1328865.0,0.14965277777777758
1808,1328925.0,0.14816203703703684
1809,1328985.0,0.14769444444444424
1810,1329045.0,0.1479361111111109
1811,1329105.0,0.14849814814814793
1812,1329165.0,0.14903333333333313
1813,1329225.0,0.1493499999999998
1814,1329285.0,0.14933055555555536
1815,1329345.0,0.14869166666666647
1816,1329405.0,0.14894814814814794
1817,1329468.0,0.1490111111111109
1818,1329525.0,0.14916574074074054
1819,1329585.0,0.1488277777777776
1820,1329645.0,0.14821574074074054
1821,1329705.0,0.14743796296296274
1822,1329765.0,0.14667685185185167
1823,1329825.0,0.14707592592592575
1824,1329885.0,0.14717222222222204
1825,1329945.0,0.14743796296296274
1826,1330005.0,0.14747962962962946
1827,1330065.0,0.1474388888888887
1828,1330125.0,0.14734074074074055
1829,1330185.0,0.14727592592592573
1830,1330245.0,0.14738148148148128
1831,1330305.0,0.14686388888888868
1832,1330365.0,0.1460212962962961
1833,1330425.0,0.1449185185185183
1834,1330485.0,0.14368425925925904
1835,1330545.0,0.1425398148148146
1836,1330605.0,0.14188240740740718
1837,1330665.0,0.14194537037037014
1838,1330725.0,0.14252870370370346
1839,1330785.0,0.14314629629629605
1840,1330848.0,0.1436953703703701
1841,1330905.0,0.1449453703703701
1842,1330965.0,0.14601481481481454
1843,1331025.0,0.14678148148148126
1844,1331085.0,0.14724537037037014
1845,1331145.0,0.1470259259259257
1846,1331205.0,0.14605555555555533
1847,1331265.0,0.14528796296296273
1848,1331325.0,0.1446944444444442
1849,1331385.0,0.14390462962962938
1850,1331445.0,0.14309907407407382
1851,1331505.0,0.14308240740740716
1852,1331565.0,0.14311851851851826
1853,1331625.0,0.14339629629629602
1854,1331685.0,0.14322870370370344
1855,1331745.0,0.14391851851851825
1856,1331805.0,0.1445027777777775
1857,1331865.0,0.1453453703703701
1858,1331925.0,0.14617777777777752
1859,1331985.0,0.14664351851851826
1860,1332045.0,0.1470805555555553
1861,1332105.0,0.14540092592592566
1862,1332165.0,0.1440777777777775
1863,1332225.0,0.1430027777777775
1864,1332285.0,0.14260370370370345
1865,1332345.0,0.14295555555555528
1866,1332405.0,0.14399351851851824
1867,1332465.0,0.14449629629629598
1868,1332525.0,0.14518796296296269
1869,1332585.0,0.14569074074074045
1870,1332645.0,0.14626666666666638
1871,1332705.0,0.14711851851851826
1872,1332765.0,0.1477749999999997
1873,1332825.0,0.14875092592592565
1874,1332885.0,0.14972870370370342
1875,1332945.0,0.15001296296296268
1876,1333005.0,0.14949074074074045
1877,1333065.0,0.14862685185185154
1878,1333125.0,0.14789814814814786
1879,1333185.0,0.14722592592592565
1880,1333245.0,0.14676481481481454
1881,1333305.0,0.14676481481481454
1882,1333365.0,0.14653055555555528
1883,1333425.0,0.14620833333333305
1884,1333485.0,0.14589074074074046
1885,1333545.0,0.1456314814814812
1886,1333605.0,0.1451351851851849
1887,1333665.0,0.14477407407407378
1888,1333725.0,0.14460277777777747
1889,1333785.0,0.14552870370370338
1890,1333845.0,0.1456611111111108
1891,1333905.0,0.1454472222222219
1892,1333965.0,0.14541296296296266
1893,1334025.0,0.1448305555555552
1894,1334085.0,0.1442981481481478
1895,1334145.0,0.14391759259259224
1896,1334205.0,0.1440972222222219
1897,1334265.0,0.14439629629629594
1898,1334325.0,0.14459629629629595
1899,1334385.0,0.14499537037037005
1900,1334448.0,0.14529074074074042
1901,1334505.0,0.14576388888888855
1902,1334565.0,0.14596018518518486
1903,1334625.0,0.1457009259259256
1904,1334685.0,0.1460944444444441
1905,1334745.0,0.14643148148148113
1906,1334805.0,0.14709907407407372
1907,1334865.0,0.14751851851851816
1908,1334925.0,0.1472055555555552
1909,1334985.0,0.1464731481481478
1910,1335045.0,0.14574629629629596
1911,1335105.0,0.1456055555555552
1912,1335165.0,0.14561851851851818
1913,1335225.0,0.14567777777777746
1914,1335285.0,0.14538981481481447
1915,1335345.0,0.14536111111111075
1916,1335405.0,0.14582222222222188
1917,1335465.0,0.1462018518518515
1918,1335525.0,0.14640833333333295
1919,1335585.0,0.1470194444444441
1920,1335645.0,0.14790092592592555
1921,1335708.0,0.1479694444444441
1922,1335765.0,0.14729166666666632
1923,1335825.0,0.146933333333333
1924,1335885.0,0.14650925925925892
1925,1335945.0,0.14686851851851818
1926,1336005.0,0.14728796296296262
1927,1336065.0,0.14763148148148114
1928,1336125.0,0.1479120370370367
1929,1336185.0,0.14783981481481448
1930,1336245.0,0.14794629629629594
1931,1336305.0,0.14823055555555525
1932,1336365.0,0.1487509259259256
1933,1336425.0,0.14983981481481448
1934,1336485.0,0.15027777777777745
1935,1336545.0,0.15078148148148116
1936,1336605.0,0.15154259259259226
1937,1336665.0,0.15086111111111078
1938,1336725.0,0.15018425925925893
1939,1336785.0,0.14987870370370338
1940,1336845.0,0.14984722222222188
1941,1336905.0,0.15013240740740708
1942,1336965.0,0.15035740740740708
1943,1337025.0,0.1506157407407404
1944,1337085.0,0.15075370370370336
1945,1337145.0,0.15171296296296266
1946,1337205.0,0.15292407407407374
1947,1337265.0,0.15459074074074042
1948,1337325.0,0.15578333333333302
1949,1337385.0,0.15599074074074046
1950,1337445.0,0.15565555555555524
1951,1337505.0,0.15525555555555526
1952,1337565.0,0.1543981481481478
1953,1337625.0,0.15377685185185153
1954,1337685.0,0.1539009259259256
1955,1337745.0,0.1543148148148145
1956,1337805.0,0.15485277777777745
1957,1337865.0,0.15583425925925892
1958,1337925.0,0.15670370370370335
1959,1337985.0,0.15764629629629598
1960,1338048.0,0.15845370370370335
1961,1338105.0,0.15854259259259226
1962,1338165.0,0.15904166666666633
1963,1338225.0,0.15905555555555526
1964,1338285.0,0.1587861111111108
1965,1338345.0,0.15822407407407374
1966,1338405.0,0.1583249999999997
1967,1338465.0,0.15868148148148115
1968,1338525.0,0.1579935185185182
1969,1338585.0,0.15749166666666636
1970,1338645.0,0.1577898148148145
1971,1338708.0,0.15844907407407374
1972,1338765.0,0.1592268518518515
1973,1338825.0,0.1602018518518515
1974,1338885.0,0.1609981481481478
1975,1338945.0,0.16131018518518486
1976,1339005.0,0.16111666666666632
1977,1339065.0,0.1612768518518515
1978,1339125.0,0.16133981481481444
1979,1339185.0,0.16126018518518484
1980,1339245.0,0.16061388888888856
1981,1339305.0,0.15992499999999968
1982,1339368.0,0.15931666666666636
1983,1339425.0,0.15927314814814786
1984,1339485.0,0.15980185185185153
1985,1339548.0,0.16121481481481448
1986,1339605.0,0.16266574074074042
1987,1339665.0,0.16381759259259224
1988,1339725.0,0.16459629629629596
1989,1339785.0,0.1645694444444441
1990,1339845.0,0.1642805555555552
1991,1339905.0,0.16350370370370335
1992,1339965.0,0.162933333333333
1993,1340025.0,0.16243796296296262
1994,1340085.0,0.16185740740740706
1995,1340145.0,0.1613120370370367
1996,1340205.0,0.1608722222222219
1997,1340265.0,0.16114259259259225
1998,1340325.0,0.16178518518518484
1999,1340385.0,0.16250277777777744
2000,1340445.0,0.163583333333333
2001,1340505.0,0.16441388888888855
2002,1340565.0,0.1650731481481478
2003,1340625.0,0.1645555555555552
2004,1340685.0,0.16409351851851814
2005,1340745.0,0.16429351851851814
2006,1340805.0,0.1642694444444441
2007,1340865.0,0.16389444444444412
2008,1340925.0,0.16345555555555524
2009,1340985.0,0.1627222222222219
2010,1341045.0,0.16163518518518488
2011,1341105.0,0.16061388888888858
2012,1341165.0,0.16069444444444414
2013,1341225.0,0.16157037037037006
2014,1341285.0,0.16277685185185153
2015,1341345.0,0.16369907407407375
2016,1341405.0,0.16407129629629594
2017,1341465.0,0.16385925925925893
2018,1341525.0,0.1638222222222219
2019,1341585.0,0.16391018518518485
2020,1341645.0,0.16385648148148116
2021,1341705.0,0.16316481481481449
2022,1341765.0,0.16269259259259225
2023,1341825.0,0.16173981481481448
2024,1341885.0,0.16119999999999965
2025,1341945.0,0.16131759259259226
2026,1342005.0,0.1631268518518515
2027,1342065.0,0.16454259259259224
2028,1342125.0,0.1654194444444441
2029,1342185.0,0.16600092592592558
2030,1342245.0,0.16677870370370335
2031,1342305.0,0.16675462962962928
2032,1342365.0,0.16569629629629595
2033,1342425.0,0.16470740740740705
2034,1342485.0,0.16398333333333298
2035,1342545.0,0.1630694444444441
2036,1342605.0,0.16318888888888855
2037,1342665.0,0.16336481481481446
2038,1342725.0,0.16382499999999964
2039,1342785.0,0.1639305555555552
2040,1342845.0,0.16407870370370334
2041,1342905.0,0.16485462962962927
2042,1342965.0,0.16573240740740705
2043,1343025.0,0.16645833333333301
2044,1343085.0,0.16676018518518484
2045,1343145.0,0.16723055555555522
2046,1343205.0,0.16713055555555525
2047,1343268.0,0.16655370370370334
2048,1343325.0,0.16600648148148114
2049,1343385.0,0.16555370370370334
2050,1343445.0,0.1649296296296293
2051,1343505.0,0.16458518518518486
2052,1343565.0,0.16460648148148113
2053,1343625.0,0.16459537037037006
2054,1343688.0,0.16459999999999966
2055,1343745.0,0.16533425925925893
2056,1343805.0,0.16646296296296265
2057,1343865.0,0.16770740740740708
2058,1343925.0,0.16849999999999968
2059,1343985.0,0.16866388888888856
2060,1344045.0,0.16863055555555526
2061,1344105.0,0.168508333333333
2062,1344165.0,0.16800740740740708
2063,1344225.0,0.16769999999999968
2064,1344285.0,0.16804074074074046
2065,1344345.0,0.16856944444444413
2066,1344405.0,0.1691074074074071
2067,1344465.0,0.16963796296296266
2068,1344525.0,0.170071296296296
2069,1344585.0,0.16971203703703674
2070,1344645.0,0.1694499999999997
2071,1344708.0,0.16997222222222194
2072,1344765.0,0.1706851851851849
2073,1344825.0,0.17152592592592567
2074,1344885.0,0.17213703703703678
2075,1344945.0,0.1720555555555553
2076,1345005.0,0.17193425925925898
2077,1345065.0,0.17223611111111087
2078,1345125.0,0.17260092592592569
2079,1345185.0,0.17277037037037013
2080,1345245.0,0.17301111111111087
2081,1345305.0,0.17307777777777753
2082,1345365.0,0.17340370370370345
2083,1345425.0,0.1735268518518516
2084,1345485.0,0.17320925925925898
2085,1345545.0,0.1730944444444442
2086,1345605.0,0.1737879629629627
2087,1345665.0,0.17417962962962938
2088,1345725.0,0.17492777777777752
2089,1345785.0,0.17494629629629604
2090,1345845.0,0.1752268518518516
2091,1345905.0,0.17524629629629604
2092,1345968.0,0.1758157407407405
2093,1346025.0,0.17629999999999976
2094,1346085.0,0.17673518518518494
2095,1346145.0,0.17682222222222194
2096,1346205.0,0.17673240740740714
2097,1346265.0,0.17717870370370345
2098,1346325.0,0.17744722222222198
2099,1346385.0,0.17727129629629607
2100,1346445.0,0.1770833333333331
2101,1346505.0,0.1780981481481479
2102,1346565.0,0.17964907407407382
2103,1346625.0,0.1795481481481479
2104,1346685.0,0.17931666666666646
2105,1346745.0,0.17880277777777753
2106,1346805.0,0.1785333333333331
2107,1346865.0,0.17849537037037014
2108,1346925.0,0.17899351851851827
2109,1346985.0,0.17926666666666646
2110,1347045.0,0.17937129629629606
2111,1347105.0,0.1782907407407405
2112,1347165.0,0.1773583333333331
2113,1347225.0,0.1770370370370368
2114,1347285.0,0.17732407407407386
2115,1347345.0,0.17788425925925902
2116,1347405.0,0.1785907407407405
2117,1347465.0,0.17882407407407386
2118,1347525.0,0.1792981481481479
2119,1347585.0,0.1794703703703701
2120,1347645.0,0.18001203703703678
2121,1347705.0,0.18037407407407385
2122,1347765.0,0.1807981481481479
2123,1347825.0,0.1810731481481479
2124,1347885.0,0.18103981481481454
2125,1347945.0,0.1805407407407405
2126,1348005.0,0.18031851851851827
2127,1348065.0,0.17894444444444418
2128,1348125.0,0.17872685185185158
2129,1348185.0,0.17949074074074048
2130,1348245.0,0.180772222222222
2131,1348308.0,0.1817453703703701
2132,1348365.0,0.1830370370370368
2133,1348425.0,0.18365648148148125
2134,1348485.0,0.18317037037037007
2135,1348545.0,0.18222499999999972
2136,1348605.0,0.18132777777777756
2137,1348665.0,0.18027870370370347
2138,1348725.0,0.17985370370370346
2139,1348785.0,0.17990370370370345
2140,1348845.0,0.1801305555555553
2141,1348905.0,0.18081851851851827
2142,1348965.0,0.18079907407407386
2143,1349025.0,0.18115925925925905
2144,1349085.0,0.1817944444444442
2145,1349145.0,0.18259629629629606
2146,1349205.0,0.182372222222222
2147,1349265.0,0.1819944444444442
2148,1349325.0,0.1823824074074072
2149,1349385.0,0.18283518518518493
2150,1349445.0,0.18340092592592566
2151,1349505.0,0.18359629629629606
2152,1349565.0,0.18389351851851826
2153,1349625.0,0.18412870370370346
2154,1349685.0,0.1844805555555553
2155,1349745.0,0.1847601851851849
2156,1349805.0,0.18502870370370345
2157,1349865.0,0.18482129629629604
2158,1349925.0,0.18499907407407384
2159,1349985.0,0.18448888888888865
2160,1350045.0,0.1847166666666664
2161,1350105.0,0.18629722222222195
2162,1350165.0,0.18765833333333307
2163,1350225.0,0.18824351851851825
2164,1350285.0,0.18850833333333306
2165,1350345.0,0.1879666666666664
2166,1350405.0,0.1875064814814812
2167,1350468.0,0.18712592592592567
2168,1350525.0,0.1871518518518516
2169,1350585.0,0.18710740740740714
2170,1350645.0,0.1873740740740738
2171,1350705.0,0.18771481481481456
2172,1350765.0,0.1882009259259257
2173,1350825.0,0.1895120370370368
2174,1350885.0,0.19122129629629608
2175,1350945.0,0.1925907407407405
2176,1351005.0,0.1931074074074072
2177,1351065.0,0.19318888888888866
2178,1351125.0,0.1933435185185183
2179,1351185.0,0.19391388888888866
2180,1351245.0,0.1939259259259257
2181,1351305.0,0.1943157407407405
2182,1351365.0,0.19508518518518492
2183,1351425.0,0.19583333333333308
2184,1351485.0,0.19692592592592567
2185,1351545.0,0.19687314814814788
2186,1351605.0,0.1965953703703701
2187,1351665.0,0.1957629629629627
2188,1351725.0,0.1959370370370368
2189,1351785.0,0.19649074074074047
2190,1351845.0,0.19640555555555528
2191,1351908.0,0.19767962962962932
2192,1351968.0,0.19785555555555528
2193,1352025.0,0.1965888888888886
2194,1352085.0,0.19682407407407376
2195,1352145.0,0.1973361111111108
2196,1352205.0,0.1974861111111108
2197,1352265.0,0.1976259259259256
2198,1352325.0,0.19762685185185155
2199,1352385.0,0.197446296296296
2200,1352445.0,0.19766203703703675
2201,1352505.0,0.1983388888888886
2202,1352565.0,0.19929351851851826
2203,1352625.0,0.2000351851851849
2204,1352685.0,0.200971296296296
2205,1352745.0,0.20161944444444416
2206,1352805.0,0.20116574074074045
2207,1352865.0,0.20080925925925894
2208,1352925.0,0.2003675925925923
2209,1352985.0,0.199671296296296
2210,1353045.0,0.200946296296296
2211,1353105.0,0.2021398148148145
2212,1353165.0,0.2039222222222219
2213,1353225.0,0.20582499999999967
2214,1353285.0,0.20751481481481449
2215,1353345.0,0.20923796296296265
2216,1353405.0,0.21003240740740706
2217,1353465.0,0.21037129629629595
2218,1353525.0,0.21011944444444408
2219,1353585.0,0.20943888888888854
2220,1353645.0,0.20877870370370336
2221,1353708.0,0.2078907407407404
2222,1353768.0,0.20906759259259225
2223,1353825.0,0.2082648148148145
2224,1353885.0,0.2083157407407404
2225,1353945.0,0.2076268518518515
2226,1354005.0,0.2079611111111108
2227,1354065.0,0.20887870370370332
2228,1354125.0,0.20962314814814775
2229,1354185.0,0.21045833333333294
2230,1354245.0,0.2114351851851848
2231,1354305.0,0.21219351851851811
2232,1354365.0,0.21272685185185147
2233,1354425.0,0.2130851851851848
2234,1354485.0,0.21350740740740698
2235,1354545.0,0.21336574074074036
2236,1354605.0,0.21257037037037
2237,1354665.0,0.21230185185185144
2238,1354725.0,0.2126472222222218
2239,1354785.0,0.2128648148148144
2240,1354845.0,0.2126675925925922
2241,1354905.0,0.21180092592592556
2242,1354965.0,0.2134888888888885
2243,1355025.0,0.21471296296296255
2244,1355085.0,0.2150351851851848
2245,1355145.0,0.21518611111111072
2246,1355205.0,0.2155249999999996
2247,1355265.0,0.21587870370370327
2248,1355325.0,0.21610370370370333
2249,1355385.0,0.2164675925925922
2250,1355445.0,0.21673611111111074
2251,1355508.0,0.21641481481481445
2252,1355565.0,0.21570462962962927
2253,1355625.0,0.21497870370370334
2254,1355685.0,0.2146157407407404
2255,1355745.0,0.2151759259259256
2256,1355805.0,0.2152092592592589
2257,1355865.0,0.2145546296296293
2258,1355925.0,0.2135101851851849
2259,1355985.0,0.2134611111111108
2260,1356048.0,0.2134972222222219
2261,1356105.0,0.2135805555555552
2262,1356165.0,0.21384259259259225
2263,1356225.0,0.21414722222222188
2264,1356285.0,0.21484814814814784
2265,1356345.0,0.21560648148148115
2266,1356405.0,0.2160861111111108
2267,1356465.0,0.21672870370370334
2268,1356525.0,0.21668796296296264
2269,1356585.0,0.21706018518518488
2270,1356645.0,0.21737222222222188
2271,1356705.0,0.21748888888888854
2272,1356765.0,0.2162305555555552
2273,1356825.0,0.21455740740740706
2274,1356888.0,0.2155111111111108
2275,1356945.0,0.2151481481481478
2276,1357005.0,0.2157861111111108
2277,1357065.0,0.21603888888888853
2278,1357125.0,0.2169907407407404
2279,1357185.0,0.21796481481481444
2280,1357245.0,0.21900833333333294
2281,1357308.0,0.21970370370370332
2282,1357365.0,0.2199842592592589
2283,1357425.0,0.22145370370370332
2284,1357485.0,0.2228861111111108
2285,1357545.0,0.22385462962962926
2286,1357605.0,0.2235990740740737
2287,1357665.0,0.2232777777777774
2288,1357725.0,0.22248611111111075
2289,1357785.0,0.22177037037037
2290,1357845.0,0.22119814814814776
2291,1357905.0,0.22096111111111075
2292,1357965.0,0.2232629629629626
2293,1358025.0,0.2244120370370367
2294,1358085.0,0.22499722222222188
2295,1358145.0,0.2251981481481478
2296,1358205.0,0.22508055555555526
2297,1358265.0,0.2258249999999997
2298,1358325.0,0.2258907407407404
2299,1358385.0,0.2261851851851848
2300,1358445.0,0.22627499999999964
2301,1358505.0,0.2263222222222219
2302,1358565.0,0.22622037037037
2303,1358625.0,0.2261759259259256
2304,1358685.0,0.22665740740740706
2305,1358745.0,0.22734814814814774
2306,1358805.0,0.22719814814814776
2307,1358865.0,0.2279314814814811
2308,1358925.0,0.2274629629629626
2309,1358985.0,0.2265277777777774
2310,1359045.0,0.22577314814814775
2311,1359105.0,0.2245379629629626
2312,1359165.0,0.2250490740740737
2313,1359225.0,0.2255351851851848
2314,1359285.0,0.22703703703703665
2315,1359345.0,0.22888240740740698
2316,1359405.0,0.2303462962962959
2317,1359465.0,0.2319685185185181
2318,1359525.0,0.2332388888888885
2319,1359585.0,0.23381759259259216
2320,1359645.0,0.2345231481481477
2321,1359705.0,0.23493888888888845
2322,1359765.0,0.2352018518518514
2323,1359825.0,0.2353231481481477
2324,1359885.0,0.23509166666666625
2325,1359945.0,0.2351157407407403
2326,1360005.0,0.2356759259259255
2327,1360065.0,0.2352259259259255
2328,1360125.0,0.2349842592592588
2329,1360185.0,0.23542129629629585
2330,1360245.0,0.2357583333333329
2331,1360305.0,0.23567592592592546
2332,1360365.0,0.2361129629629625
2333,1360425.0,0.2361555555555551
2334,1360485.0,0.2363203703703699
2335,1360545.0,0.2369527777777773
2336,1360605.0,0.2376407407407403
2337,1360665.0,0.2384407407407403
2338,1360725.0,0.23907222222222174
2339,1360785.0,0.2401749999999996
2340,1360845.0,0.2410370370370366
2341,1360905.0,0.2409981481481477
2342,1360965.0,0.2413379629629625
2343,1361025.0,0.2413722222222218
2344,1361085.0,0.2413157407407403
2345,1361145.0,0.2418055555555551
2346,1361205.0,0.24129629629629584
2347,1361265.0,0.24103518518518474
2348,1361325.0,0.2400842592592588
2349,1361385.0,0.2390379629629625
2350,1361445.0,0.2404333333333329
2351,1361505.0,0.24139537037036995
2352,1361565.0,0.24187037037036996
2353,1361625.0,0.2419148148148144
2354,1361685.0,0.24207777777777734
2355,1361745.0,0.2424101851851848
2356,1361805.0,0.24315277777777736
2357,1361865.0,0.2437342592592589
2358,1361925.0,0.2441064814814811
2359,1361985.0,0.24399074074074034
2360,1362045.0,0.2443888888888885
2361,1362105.0,0.2446916666666663
2362,1362165.0,0.2439092592592589
2363,1362225.0,0.2435277777777774
2364,1362285.0,0.2423666666666663
2365,1362345.0,0.24136944444444405
2366,1362405.0,0.2420194444444441
2367,1362465.0,0.24397592592592554
2368,1362525.0,0.2439499999999996
2369,1362585.0,0.24382037037037
2370,1362645.0,0.2453259259259256
2371,1362705.0,0.24536203703703666
2372,1362765.0,0.24606481481481446
2373,1362825.0,0.2472564814814811
2374,1362885.0,0.2471407407407404
2375,1362945.0,0.2469851851851848
2376,1363005.0,0.2476583333333329
2377,1363065.0,0.24850740740740704
2378,1363125.0,0.2492601851851848
2379,1363185.0,0.2500342592592589
2380,1363245.0,0.2503851851851848
2381,1363305.0,0.2504648148148145
2382,1363365.0,0.2504092592592589
2383,1363425.0,0.2506166666666664
2384,1363485.0,0.24994444444444416
2385,1363545.0,0.2494759259259257
2386,1363605.0,0.2485777777777775
2387,1363665.0,0.2474518518518516
2388,1363725.0,0.2487259259259257
2389,1363785.0,0.2496379629629627
2390,1363845.0,0.24862962962962934
2391,1363905.0,0.24830370370370344
2392,1363968.0,0.2479009259259257
2393,1364025.0,0.24758611111111084
2394,1364085.0,0.2472879629629627
2395,1364145.0,0.24717962962962936
2396,1364205.0,0.2465888888888886
2397,1364265.0,0.24681203703703675
2398,1364325.0,0.24689722222222196
2399,1364385.0,0.24758333333333304
2400,1364445.0,0.2480527777777775
2401,1364505.0,0.24861574074074044
2402,1364565.0,0.24679907407407375
2403,1364625.0,0.2470749999999997
2404,1364685.0,0.2465527777777775
2405,1364745.0,0.24622222222222195
2406,1364805.0,0.2461185185185182
2407,1364865.0,0.2453935185185182
2408,1364925.0,0.2457611111111108
2409,1364985.0,0.24567037037037004
2410,1365045.0,0.2457148148148145
2411,1365105.0,0.2454824074074071
2412,1365165.0,0.2451749999999997
2413,1365225.0,0.2446499999999997
2414,1365285.0,0.24431574074074044
2415,1365345.0,0.24494444444444416
2416,1365405.0,0.2459740740740738
2417,1365465.0,0.2467648148148145
2418,1365525.0,0.2471518518518516
2419,1365585.0,0.2479138888888886
2420,1365645.0,0.2487916666666664
2421,1365705.0,0.25010462962962937
2422,1365765.0,0.24871388888888865
2423,1365825.0,0.2476527777777775
2424,1365885.0,0.2466703703703701
2425,1365945.0,0.24562870370370346
2426,1366005.0,0.24458425925925895
2427,1366065.0,0.2440703703703701
2428,1366125.0,0.2438314814814812
2429,1366185.0,0.2441629629629627
2430,1366245.0,0.2450314814814812
2431,1366305.0,0.2460370370370368
2432,1366365.0,0.24739907407407385
2433,1366425.0,0.2487981481481479
2434,1366485.0,0.249872222222222
2435,1366545.0,0.2503768518518516
2436,1366605.0,0.2506990740740738
2437,1366665.0,0.2511805555555553
2438,1366725.0,0.2518611111111109
2439,1366785.0,0.2521231481481479
2440,1366845.0,0.2522185185185183
2441,1366905.0,0.2514499999999998
2442,1366968.0,0.2506185185185183
2443,1367025.0,0.2494944444444442
2444,1367085.0,0.2496064814814813
2445,1367145.0,0.2489120370370368
2446,1367205.0,0.2487759259259257
2447,1367265.0,0.24835833333333315
2448,1367325.0,0.248672222222222
2449,1367385.0,0.2492962962962961
2450,1367445.0,0.24938703703703685
2451,1367505.0,0.2493120370370369
2452,1367565.0,0.2507805555555554
2453,1367625.0,0.2529138888888887
2454,1367685.0,0.25251203703703684
2455,1367745.0,0.25385925925925906
2456,1367805.0,0.25403425925925904
2457,1367865.0,0.2536537037037035
2458,1367925.0,0.2523814814814813
2459,1367985.0,0.25067499999999976
2460,1368045.0,0.24911481481481454
2461,1368105.0,0.2475703703703701
2462,1368165.0,0.2467324074074072
2463,1368225.0,0.2466861111111109
2464,1368285.0,0.2460435185185183
2465,1368345.0,0.2458027777777776
2466,1368405.0,0.2463499999999998
2467,1368465.0,0.24668425925925905
2468,1368525.0,0.2473064814814813
2469,1368585.0,0.24813425925925905
2470,1368645.0,0.2488175925925924
2471,1368705.0,0.2499305555555553
2472,1368765.0,0.2483564814814813
2473,1368825.0,0.2475703703703702
2474,1368885.0,0.2470138888888887
2475,1368945.0,0.2471759259259257
2476,1369005.0,0.2472990740740739
2477,1369065.0,0.2474277777777776
2478,1369125.0,0.2475870370370369
2479,1369185.0,0.2481675925925924
2480,1369245.0,0.2477064814814813
2481,1369308.0,0.24781944444444426
2482,1369365.0,0.2483268518518517
2483,1369428.0,0.24914999999999984
2484,1369488.0,0.24967037037037015
2485,1369545.0,0.25043981481481464
2486,1369605.0,0.2514157407407406
2487,1369665.0,0.2521879629629628
2488,1369725.0,0.2531805555555554
2489,1369785.0,0.2543518518518517
2490,1369845.0,0.2548842592592591
2491,1369908.0,0.25488518518518505
2492,1369968.0,0.253186111111111
2493,1370025.0,0.2522537037037036
2494,1370085.0,0.2515175925925925
2495,1370145.0,0.2510888888888888
2496,1370205.0,0.2504851851851851
2497,1370265.0,0.24955462962962954
2498,1370325.0,0.2492999999999999
2499,1370385.0,0.2488703703703703
2500,1370445.0,0.24823425925925915
2501,1370505.0,0.24784074074074064
2502,1370565.0,0.24790833333333326
2503,1370625.0,0.24792685185185176
2504,1370685.0,0.24839166666666654
2505,1370745.0,0.2490277777777777
2506,1370805.0,0.24784074074074064
2507,1370865.0,0.2496351851851851
2508,1370925.0,0.2505333333333332
2509,1370985.0,0.2493101851851851
2510,1371045.0,0.2484388888888888
2511,1371105.0,0.2491879629629629
2512,1371165.0,0.2489842592592592
2513,1371225.0,0.2492768518518517
2514,1371285.0,0.2496453703703703
2515,1371345.0,0.2495027777777777
2516,1371408.0,0.24954074074074065
2517,1371465.0,0.2493027777777777
2518,1371525.0,0.2495324074074073
2519,1371585.0,0.2501425925925925
2520,1371645.0,0.25047037037037023
2521,1371705.0,0.2500425925925924
2522,1371765.0,0.2490879629629628
2523,1371825.0,0.2491342592592591
2524,1371885.0,0.24920370370370354
2525,1371945.0,0.2492379629629628
2526,1372005.0,0.2496990740740739
2527,1372065.0,0.2497629629629628
2528,1372125.0,0.25018333333333315
2529,1372185.0,0.2506314814814813
2530,1372245.0,0.24830462962962946
2531,1372305.0,0.24749722222222206
2532,1372365.0,0.247698148148148
2533,1372425.0,0.2474638888888887
2534,1372485.0,0.246610185185185
2535,1372545.0,0.2458249999999998
2536,1372605.0,0.2451638888888887
2537,1372665.0,0.2453398148148146
2538,1372725.0,0.2453027777777776
2539,1372785.0,0.2456962962962961
2540,1372845.0,0.24596018518518495
2541,1372905.0,0.2462759259259257
2542,1372965.0,0.2464759259259257
2543,1373025.0,0.24707037037037016
2544,1373085.0,0.2482814814814813
2545,1373145.0,0.24941296296296275
2546,1373205.0,0.2490037037037035
2547,1373265.0,0.2479324074074072
2548,1373325.0,0.2477037037037035
2549,1373385.0,0.2481314814814813
2550,1373445.0,0.2494398148148146
2551,1373505.0,0.2498814814814813
2552,1373565.0,0.2500129629629628
2553,1373625.0,0.2508203703703702
2554,1373685.0,0.2514009259259257
2555,1373745.0,0.25197222222222204
2556,1373805.0,0.2511574074074072
2557,1373865.0,0.2512166666666665
2558,1373925.0,0.2514175925925924
2559,1373985.0,0.2510638888888887
2560,1374045.0,0.2512138888888887
2561,1374105.0,0.25094444444444425
2562,1374165.0,0.2501787037037035
2563,1374225.0,0.2500129629629628
2564,1374285.0,0.25107037037037017
2565,1374345.0,0.2516759259259257
2566,1374405.0,0.25265370370370355
2567,1374465.0,0.2541296296296295
2568,1374525.0,0.2518407407407406
2569,1374585.0,0.2515314814814813
2570,1374645.0,0.25143703703703685
2571,1374705.0,0.2517009259259257
2572,1374765.0,0.2521999999999998
2573,1374825.0,0.2525462962962961
2574,1374885.0,0.2526509259259257
2575,1374945.0,0.25227870370370353
2576,1375005.0,0.2525453703703702
2577,1375065.0,0.2523240740740739
2578,1375125.0,0.2530083333333332
2579,1375185.0,0.2530388888888887
2580,1375245.0,0.2535685185185183
2581,1375305.0,0.25396944444444425
2582,1375365.0,0.2546175925925924
2583,1375425.0,0.2546388888888887
2584,1375485.0,0.25514722222222197
2585,1375545.0,0.2563018518518517
2586,1375605.0,0.2559203703703702
2587,1375665.0,0.2563342592592591
2588,1375725.0,0.2558379629629628
2589,1375785.0,0.2561527777777776
2590,1375845.0,0.2563314814814813
2591,1375905.0,0.2567648148148147
2592,1375965.0,0.25686759259259245
2593,1376025.0,0.2573657407407406
2594,1376085.0,0.2577916666666665
2595,1376145.0,0.2576574074074073
2596,1376205.0,0.2575407407407406
2597,1376268.0,0.2572055555555555
2598,1376325.0,0.2568425925925925
2599,1376385.0,0.2560203703703703
2600,1376445.0,0.25528055555555546
2601,1376505.0,0.2550092592592592
2602,1376565.0,0.25546203703703696
2603,1376625.0,0.2557092592592592
2604,1376685.0,0.2559648148148148
2605,1376745.0,0.2559675925925925
2606,1376805.0,0.2570416666666666
2607,1376865.0,0.2558268518518518
2608,1376925.0,0.2566972222222221
2609,1376985.0,0.25633796296296285
2610,1377045.0,0.2563342592592591
2611,1377105.0,0.25652592592592577
2612,1377165.0,0.2560916666666665
2613,1377225.0,0.2555916666666665
2614,1377285.0,0.2547453703703702
2615,1377345.0,0.2551722222222221
2616,1377405.0,0.2557546296296295
2617,1377465.0,0.2561370370370369
2618,1377525.0,0.2563564814814813
2619,1377585.0,0.2560490740740739
2620,1377645.0,0.2557749999999998
2621,1377705.0,0.256098148148148
2622,1377765.0,0.2560592592592591
2623,1377825.0,0.2566370370370369
2624,1377885.0,0.2563592592592591
2625,1377945.0,0.25591111111111103
2626,1378005.0,0.2555759259259258
2627,1378065.0,0.2562083333333332
2628,1378125.0,0.2559074074074073
2629,1378185.0,0.25544074074074063
2630,1378245.0,0.25491851851851843
2631,1378305.0,0.2548925925925925
2632,1378365.0,0.25463981481481474
2633,1378425.0,0.2543546296296296
2634,1378485.0,0.2540231481481481
2635,1378545.0,0.2531481481481481
2636,1378605.0,0.25270092592592586
2637,1378665.0,0.25258518518518513
2638,1378725.0,0.25286666666666663
2639,1378785.0,0.25370648148148145
2640,1378845.0,0.25371388888888885
2641,1378905.0,0.2535675925925925
2642,1378965.0,0.253049074074074
2643,1379028.0,0.25257499999999994
2644,1379085.0,0.2534101851851851
2645,1379145.0,0.2536842592592592
2646,1379205.0,0.2540027777777777
2647,1379265.0,0.2546064814814814
2648,1379325.0,0.2550777777777777
2649,1379385.0,0.2562694444444443
2650,1379445.0,0.2574185185185184
2651,1379505.0,0.25855277777777763
2652,1379565.0,0.2593074074074073
2653,1379625.0,0.2591148148148147
2654,1379685.0,0.25978518518518506
2655,1379745.0,0.2603490740740739
2656,1379805.0,0.26043611111111103
2657,1379865.0,0.2602435185185184
2658,1379925.0,0.2605425925925925
2659,1379985.0,0.2589027777777777
2660,1380045.0,0.25777129629629625
2661,1380105.0,0.25690648148148143
2662,1380165.0,0.2567027777777777
2663,1380225.0,0.2551648148148148
2664,1380285.0,0.25535277777777776
2665,1380348.0,0.2546527777777778
2666,1380405.0,0.2544722222222222
2667,1380465.0,0.2542805555555556
2668,1380525.0,0.2541611111111111
2669,1380585.0,0.2541435185185185
2670,1380645.0,0.2542074074074074
2671,1380705.0,0.2546685185185185
2672,1380765.0,0.25561296296296304
2673,1380825.0,0.2565546296296297
2674,1380885.0,0.2568898148148148
2675,1380945.0,0.25566481481481484
2676,1381005.0,0.2553916666666667
2677,1381065.0,0.2553444444444445
2678,1381125.0,0.2567120370370371
2679,1381185.0,0.25719907407407416
2680,1381245.0,0.25754814814814825
2681,1381305.0,0.25798796296296306
2682,1381365.0,0.2583305555555557
2683,1381425.0,0.2583416666666668
2684,1381485.0,0.2573851851851853
2685,1381545.0,0.25689259259259273
2686,1381605.0,0.2585416666666668
2687,1381665.0,0.25808055555555565
2688,1381725.0,0.25823425925925936
2689,1381785.0,0.2594342592592593
2690,1381845.0,0.2589444444444445
2691,1381905.0,0.2574611111111112
2692,1381965.0,0.25823425925925936
2693,1382025.0,0.2593055555555557
2694,1382085.0,0.259076851851852
2695,1382145.0,0.2586712962962964
2696,1382205.0,0.2583694444444446
2697,1382265.0,0.258864814814815
2698,1382325.0,0.25867777777777795
2699,1382385.0,0.2586990740740742
2700,1382445.0,0.2592629629629631
2701,1382505.0,0.26028240740740755
2702,1382565.0,0.26143888888888905
2703,1382625.0,0.2613111111111113
2704,1382685.0,0.2613342592592594
2705,1382745.0,0.26064444444444457
2706,1382805.0,0.26011388888888903
2707,1382865.0,0.2602129629629631
2708,1382925.0,0.25976759259259274
2709,1382985.0,0.2614416666666668
2710,1383045.0,0.2624259259259261
2711,1383105.0,0.2628444444444446
2712,1383165.0,0.26290370370370386
2713,1383225.0,0.2628250000000001
2714,1383285.0,0.2634416666666668
2715,1383345.0,0.2642731481481483
2716,1383405.0,0.2648342592592594
2717,1383465.0,0.26515185185185197
2718,1383525.0,0.2653601851851853
2719,1383585.0,0.2648944444444446
2720,1383645.0,0.2640694444444446
2721,1383705.0,0.2636120370370372
2722,1383765.0,0.263976851851852
2723,1383825.0,0.2636379629629631
2724,1383885.0,0.2626620370370372
2725,1383945.0,0.2618787037037038
2726,1384005.0,0.261638888888889
2727,1384065.0,0.2617361111111112
2728,1384125.0,0.26266574074074084
2729,1384185.0,0.2627833333333334
2730,1384245.0,0.2618527777777779
2731,1384305.0,0.26175925925925936
2732,1384365.0,0.26110833333333344
2733,1384425.0,0.260001851851852
2734,1384485.0,0.2589824074074075
2735,1384545.0,0.25849351851851865
2736,1384605.0,0.2595925925925927
2737,1384665.0,0.25937222222222234
2738,1384725.0,0.2588629629629631
2739,1384785.0,0.2589287037037038
2740,1384845.0,0.2588212962962964
2741,1384905.0,0.2594194444444445
2742,1384965.0,0.2605666666666668
2743,1385025.0,0.2613407407407409
2744,1385085.0,0.26111388888888903
2745,1385145.0,0.2612842592592594
2746,1385205.0,0.261026851851852
2747,1385265.0,0.26062129629629643
2748,1385325.0,0.2615972222222224
2749,1385385.0,0.2614490740740742
2750,1385445.0,0.26063981481481496
2751,1385505.0,0.26011944444444457
2752,1385565.0,0.2591851851851853
2753,1385625.0,0.2595064814814816
2754,1385685.0,0.25995185185185193
2755,1385745.0,0.26044722222222233
2756,1385805.0,0.2607546296296297
2757,1385865.0,0.2604462962962964
2758,1385925.0,0.2598444444444445
2759,1385985.0,0.26005092592592605
2760,1386045.0,0.2606425925925927
2761,1386105.0,0.26119351851851863
2762,1386165.0,0.2616416666666668
2763,1386225.0,0.2620694444444446
2764,1386285.0,0.26190370370370386
2765,1386345.0,0.26130185185185195
2766,1386405.0,0.2612814814814816
2767,1386465.0,0.2603046296296297
2768,1386525.0,0.2598944444444445
2769,1386585.0,0.2601870370370371
2770,1386645.0,0.2599972222222223
2771,1386705.0,0.259750925925926
2772,1386765.0,0.25998611111111114
2773,1386825.0,0.26033981481481483
2774,1386885.0,0.2603648148148148
2775,1386945.0,0.26033333333333336
2776,1387005.0,0.2601037037037037
2777,1387065.0,0.2598944444444445
2778,1387125.0,0.2599175925925926
2779,1387188.0,0.2603287037037037
2780,1387245.0,0.2611453703703704
2781,1387305.0,0.2611203703703704
2782,1387365.0,0.2606851851851852
2783,1387425.0,0.26027685185185184
2784,1387485.0,0.26093055555555555
2785,1387545.0,0.26199537037037035
2786,1387605.0,0.2613907407407407
2787,1387665.0,0.2627879629629629
2788,1387725.0,0.2623694444444444
2789,1387785.0,0.2629351851851851
2790,1387845.0,0.26301666666666657
2791,1387905.0,0.2634796296296295
2792,1387965.0,0.2641879629629628
2793,1388025.0,0.2649583333333332
2794,1388085.0,0.26580925925925913
2795,1388145.0,0.26502314814814804
2796,1388205.0,0.26369907407407395
2797,1388265.0,0.262211111111111
2798,1388325.0,0.2618638888888888
2799,1388385.0,0.2611324074074073
2800,1388445.0,0.26097037037037024
2801,1388505.0,0.2611620370370369
2802,1388565.0,0.26160092592592576
2803,1388625.0,0.2616925925925924
2804,1388685.0,0.2615083333333332
2805,1388745.0,0.2620518518518517
2806,1388805.0,0.2617527777777776
2807,1388865.0,0.2612648148148147
2808,1388925.0,0.26154814814814803
2809,1388985.0,0.26233518518518506
2810,1389045.0,0.26282037037037026
2811,1389105.0,0.2630546296296295
2812,1389165.0,0.2630583333333332
2813,1389225.0,0.26289814814814805
2814,1389288.0,0.2627175925925925
2815,1389345.0,0.2624842592592592
2816,1389405.0,0.2617879629629629
2817,1389465.0,0.261874074074074
2818,1389525.0,0.26194074074074064
2819,1389585.0,0.26176574074074066
2820,1389645.0,0.2621814814814814
2821,1389705.0,0.2641175925925925
2822,1389765.0,0.2644777777777777
2823,1389825.0,0.26522962962962954
2824,1389885.0,0.2640648148148147
2825,1389945.0,0.2637074074074073
2826,1390005.0,0.2634287037037036
2827,1390065.0,0.2632101851851851
2828,1390125.0,0.26284537037037026
2829,1390185.0,0.2618518518518517
2830,1390245.0,0.26084999999999986
2831,1390305.0,0.26002499999999984
2832,1390365.0,0.2598972222222221
2833,1390425.0,0.2608370370370369
2834,1390485.0,0.26102962962962944
2835,1390545.0,0.2605435185185183
2836,1390605.0,0.2604425925925924
2837,1390665.0,0.2608416666666665
2838,1390725.0,0.26065462962962943
2839,1390785.0,0.261410185185185
2840,1390845.0,0.2619888888888887
2841,1390905.0,0.26181388888888874
2842,1390965.0,0.26076851851851834
2843,1391025.0,0.2606629629629628
2844,1391085.0,0.2593703703703702
2845,1391145.0,0.2594777777777776
2846,1391205.0,0.2611083333333332
2847,1391265.0,0.26137314814814805
2848,1391325.0,0.2608962962962961
2849,1391385.0,0.2607592592592591
2850,1391445.0,0.2608157407407405
2851,1391505.0,0.261922222222222
2852,1391565.0,0.26272499999999976
2853,1391625.0,0.262922222222222
2854,1391685.0,0.2628388888888887
2855,1391745.0,0.26360185185185164
2856,1391805.0,0.2638638888888887
2857,1391865.0,0.26427499999999976
2858,1391925.0,0.26269166666666643
2859,1391985.0,0.26210370370370345
2860,1392045.0,0.2615777777777775
2861,1392105.0,0.2612324074074072
2862,1392165.0,0.2609194444444442
2863,1392225.0,0.2608240740740738
2864,1392285.0,0.26144259259259234
2865,1392345.0,0.26079259259259235
2866,1392405.0,0.2600694444444442
2867,1392465.0,0.2598805555555553
2868,1392525.0,0.2593416666666664
2869,1392585.0,0.2592083333333331
2870,1392645.0,0.2608111111111109
2871,1392705.0,0.26055185185185165
2872,1392765.0,0.2607796296296294
2873,1392825.0,0.2598453703703701
2874,1392885.0,0.26014537037037017
2875,1392945.0,0.2609324074074072
2876,1393008.0,0.2616231481481479
2877,1393065.0,0.2612370370370368
2878,1393125.0,0.2609398148148146
2879,1393185.0,0.2601083333333331
2880,1393245.0,0.2590583333333331
2881,1393305.0,0.2578916666666665
2882,1393365.0,0.2563416666666665
2883,1393425.0,0.25515833333333315
2884,1393485.0,0.2569287037037035
2885,1393545.0,0.25782962962962946
2886,1393605.0,0.25863981481481463
2887,1393665.0,0.2591037037037035
2888,1393725.0,0.2604046296296294
2889,1393788.0,0.25962129629629604
2890,1393845.0,0.259522222222222
2891,1393905.0,0.2592083333333331
2892,1393965.0,0.2588685185185183
2893,1394025.0,0.25861388888888864
2894,1394085.0,0.2576203703703701
2895,1394145.0,0.2563935185185183
2896,1394205.0,0.2560731481481479
2897,1394265.0,0.2552694444444442
2898,1394325.0,0.25503888888888865
2899,1394385.0,0.25414629629629604
2900,1394445.0,0.2533435185185183
2901,1394505.0,0.2540703703703701
2902,1394565.0,0.2543009259259257
2903,1394625.0,0.2547009259259257
2904,1394685.0,0.2553194444444442
2905,1394745.0,0.25660648148148124
2906,1394805.0,0.2576944444444442
2907,1394865.0,0.2588694444444442
2908,1394925.0,0.25926296296296275
2909,1394988.0,0.2590712962962961
2910,1395045.0,0.25733333333333314
2911,1395105.0,0.2555916666666665
2912,1395165.0,0.2559666666666665
2913,1395225.0,0.2559379629629628
2914,1395288.0,0.2563277777777776
2915,1395345.0,0.2560333333333332
2916,1395405.0,0.2552629629629628
2917,1395465.0,0.2545740740740739
2918,1395525.0,0.25401759259259243
2919,1395585.0,0.2535453703703702
2920,1395645.0,0.2534564814814813
2921,1395705.0,0.25348240740740724
2922,1395765.0,0.25306574074074056
2923,1395825.0,0.2522629629629628
2924,1395885.0,0.2518768518518517
2925,1395945.0,0.251686111111111
2926,1396008.0,0.2522388888888888
2927,1396065.0,0.2528499999999999
2928,1396125.0,0.2537129629629629
2929,1396185.0,0.2548351851851851
2930,1396245.0,0.25616111111111106
2931,1396305.0,0.2564296296296296
2932,1396365.0,0.25640740740740736
2933,1396425.0,0.2546194444444444
2934,1396485.0,0.25252499999999994
2935,1396545.0,0.25183611111111104
2936,1396605.0,0.2520629629629629
2937,1396665.0,0.25156481481481474
2938,1396725.0,0.25172870370370365
2939,1396785.0,0.2519546296296296
2940,1396845.0,0.25176851851851845
2941,1396905.0,0.2515083333333333
2942,1396965.0,0.251587037037037
2943,1397025.0,0.25232129629629624
2944,1397085.0,0.253037037037037
2945,1397145.0,0.2536759259259259
2946,1397205.0,0.2540574074074074
2947,1397265.0,0.2550018518518519
2948,1397325.0,0.2551953703703704
2949,1397385.0,0.25423240740740743
2950,1397445.0,0.2540314814814815
2951,1397505.0,0.253500925925926
2952,1397565.0,0.25201296296296305
2953,1397625.0,0.2502925925925927
2954,1397685.0,0.2508333333333334
2955,1397745.0,0.2513601851851853
2956,1397805.0,0.2518777777777779
2957,1397865.0,0.25207777777777785
2958,1397925.0,0.2523046296296297
2959,1397985.0,0.252762962962963
2960,1398045.0,0.2528500000000001
2961,1398105.0,0.25357777777777785
2962,1398165.0,0.2541583333333334
2963,1398225.0,0.2541907407407408
2964,1398285.0,0.2530777777777778
2965,1398345.0,0.2537462962962963
2966,1398405.0,0.25362685185185185
2967,1398465.0,0.25289537037037035
2968,1398525.0,0.2525583333333333
2969,1398585.0,0.2518675925925926
2970,1398645.0,0.2510907407407408
2971,1398705.0,0.24998333333333336
2972,1398765.0,0.2492546296296297
2973,1398825.0,0.24850833333333336
2974,1398885.0,0.247975925925926
2975,1398945.0,0.247425925925926
2976,1399005.0,0.24769351851851856
2977,1399065.0,0.24839259259259264
2978,1399125.0,0.24850000000000005
2979,1399185.0,0.24909629629629634
2980,1399245.0,0.2494055555555556
2981,1399305.0,0.24967777777777786
2982,1399365.0,0.24988148148148154
2983,1399425.0,0.2501268518518519
2984,1399485.0,0.24990277777777786
2985,1399545.0,0.2500537037037038
2986,1399605.0,0.2502870370370371
2987,1399665.0,0.2504296296296297
2988,1399725.0,0.2503101851851852
2989,1399785.0,0.2494101851851852
2990,1399845.0,0.2489287037037037
2991,1399905.0,0.2480916666666667
2992,1399965.0,0.24742777777777786
2993,1400025.0,0.24739629629629634
2994,1400085.0,0.2474268518518519
2995,1400145.0,0.248025925925926
2996,1400205.0,0.2486018518518519
2997,1400265.0,0.2487472222222223
2998,1400325.0,0.24890555555555566
2999,1400385.0,0.2497046296296297
3000,1400445.0,0.2506712962962964
3001,1400505.0,0.2499601851851853
3002,1400565.0,0.2506166666666668
3003,1400625.0,0.2502361111111112
3004,1400685.0,0.2512861111111112
3005,1400745.0,0.2514453703703705
3006,1400805.0,0.25136666666666674
3007,1400865.0,0.2504092592592593
3008,1400925.0,0.2493657407407408
3009,1400985.0,0.2482148148148149
3010,1401045.0,0.2470398148148149
3011,1401105.0,0.24772592592592602
3012,1401165.0,0.247425925925926
3013,1401228.0,0.2467944444444445
3014,1401285.0,0.24670277777777785
3015,1401345.0,0.2468935185185186
3016,1401405.0,0.246975925925926
3017,1401465.0,0.2467277777777779
3018,1401525.0,0.24693333333333345
3019,1401585.0,0.247163888888889
3020,1401645.0,0.247500925925926
3021,1401705.0,0.24809907407407414
3022,1401765.0,0.2488212962962964
3023,1401825.0,0.2495666666666668
3024,1401885.0,0.2498777777777779
3025,1401945.0,0.2492287037037038
3026,1402005.0,0.24714814814814826
3027,1402065.0,0.2461703703703705
3028,1402125.0,0.2452287037037038
3029,1402185.0,0.24597407407407415
3030,1402245.0,0.2463194444444445
3031,1402305.0,0.2459601851851853
3032,1402365.0,0.2455685185185186
3033,1402425.0,0.24572777777777785
3034,1402485.0,0.24619814814814825
3035,1402545.0,0.24676018518518525
3036,1402605.0,0.2470074074074075
3037,1402665.0,0.2475074074074075
3038,1402725.0,0.2474861111111112
3039,1402785.0,0.2473296296296297
3040,1402845.0,0.2467750000000001
3041,1402905.0,0.24645833333333345
3042,1402965.0,0.2457833333333334
3043,1403025.0,0.2452212962962964
3044,1403085.0,0.2447953703703705
3045,1403145.0,0.2449675925925927
3046,1403205.0,0.24474166666666675
3047,1403265.0,0.24420833333333344
3048,1403325.0,0.2438444444444445
3049,1403385.0,0.2434592592592593
3050,1403445.0,0.2426546296296297
3051,1403505.0,0.2436944444444445
3052,1403565.0,0.2422453703703705
3053,1403625.0,0.2415046296296297
3054,1403685.0,0.2407314814814816
3055,1403745.0,0.24009351851851865
3056,1403805.0,0.2394092592592593
3057,1403865.0,0.2389425925925927
3058,1403925.0,0.23870370370370375
3059,1403985.0,0.23847870370370375
3060,1404048.0,0.2389120370370371
3061,1404105.0,0.2390425925925927
3062,1404165.0,0.23973796296296304
3063,1404225.0,0.24041666666666675
3064,1404285.0,0.2386287037037038
3065,1404345.0,0.23817685185185195
3066,1404405.0,0.2382546296296297
3067,1404465.0,0.2380601851851853
3068,1404525.0,0.2379037037037038
3069,1404585.0,0.2379361111111112
3070,1404645.0,0.23845555555555564
3071,1404705.0,0.23916388888888895
3072,1404765.0,0.239313888888889
3073,1404825.0,0.2391787037037038
3074,1404885.0,0.2395555555555557
3075,1404945.0,0.2399287037037038
3076,1405005.0,0.2388527777777779
3077,1405065.0,0.23776944444444456
3078,1405125.0,0.23636574074074085
3079,1405185.0,0.2364796296296297
3080,1405245.0,0.23642222222222234
3081,1405305.0,0.2350120370370372
3082,1405365.0,0.2339166666666668
3083,1405425.0,0.23258240740740754
3084,1405485.0,0.23210740740740754
3085,1405545.0,0.23127870370370385
3086,1405605.0,0.23055185185185198
3087,1405665.0,0.2297055555555557
3088,1405725.0,0.22895370370370385
3089,1405788.0,0.22885462962962974
3090,1405845.0,0.22959444444444455
3091,1405905.0,0.23062222222222234
3092,1405965.0,0.2303666666666668
3093,1406025.0,0.2306000000000001
3094,1406085.0,0.23058425925925935
3095,1406145.0,0.2304416666666668
3096,1406205.0,0.230126851851852
3097,1406265.0,0.22992129629629646
3098,1406325.0,0.22974351851851865
3099,1406385.0,0.2293416666666668
3100,1406445.0,0.22837962962962974
3101,1406505.0,0.2273250000000001
3102,1406565.0,0.2267083333333335
3103,1406625.0,0.2267379629629631
3104,1406685.0,0.2262277777777779
3105,1406745.0,0.2255851851851853
3106,1406805.0,0.2252379629629631
3107,1406865.0,0.22461666666666685
3108,1406925.0,0.2237342592592594
3109,1406985.0,0.22251481481481494
3110,1407045.0,0.22146111111111128
3111,1407105.0,0.22037777777777795
3112,1407165.0,0.219827777777778
3113,1407225.0,0.2202046296296298
3114,1407285.0,0.221539814814815
3115,1407345.0,0.2217046296296298
3116,1407405.0,0.22081944444444465
3117,1407465.0,0.2212583333333335
3118,1407525.0,0.2209296296296298
3119,1407585.0,0.22048888888888907
3120,1407645.0,0.21980462962962985
3121,1407705.0,0.21898703703703726
3122,1407765.0,0.21778055555555573
3123,1407825.0,0.21631388888888908
3124,1407885.0,0.21527314814814835
3125,1407945.0,0.2149000000000002
3126,1408005.0,0.21476111111111126
3127,1408065.0,0.2148537037037039
3128,1408125.0,0.21499074074074093
3129,1408185.0,0.2152101851851854
3130,1408245.0,0.2152416666666669
3131,1408305.0,0.21545277777777802
3132,1408365.0,0.2164425925925928
3133,1408425.0,0.21782407407407428
3134,1408485.0,0.21678703703703725
3135,1408545.0,0.2153212962962965
3136,1408605.0,0.21370000000000025
3137,1408665.0,0.21230555555555575
3138,1408725.0,0.2109981481481484
3139,1408785.0,0.20959722222222246
3140,1408845.0,0.2086916666666669
3141,1408905.0,0.2077305555555558
3142,1408965.0,0.2071444444444447
3143,1409025.0,0.20732407407407435
3144,1409085.0,0.20783148148148173
3145,1409145.0,0.20645000000000024
3146,1409205.0,0.20628888888888916
3147,1409265.0,0.20646111111111132
3148,1409325.0,0.20597222222222245
3149,1409385.0,0.20505925925925947
3150,1409445.0,0.20430092592592614
3151,1409505.0,0.20427407407407427
3152,1409565.0,0.2043916666666669
3153,1409625.0,0.2038425925925928
3154,1409685.0,0.20381574074074094
3155,1409745.0,0.20416574074074093
3156,1409805.0,0.20487407407407426
3157,1409865.0,0.20526296296296315
3158,1409925.0,0.20533703703703726
3159,1409985.0,0.2054138888888891
3160,1410045.0,0.205314814814815
3161,1410105.0,0.20526018518518535
3162,1410165.0,0.2052925925925928
3163,1410225.0,0.20551388888888908
3164,1410285.0,0.205664814814815
3165,1410345.0,0.20556111111111128
3166,1410405.0,0.2050907407407409
3167,1410465.0,0.20418796296296315
3168,1410525.0,0.20379166666666684
3169,1410585.0,0.2040925925925928
3170,1410645.0,0.2044185185185187
3171,1410705.0,0.20425277777777795
3172,1410765.0,0.2031222222222224
3173,1410825.0,0.201377777777778
3174,1410885.0,0.19984166666666686
3175,1410945.0,0.1989435185185187
3176,1411005.0,0.19802314814814834
3177,1411065.0,0.19786944444444465
3178,1411125.0,0.19778425925925944
3179,1411185.0,0.19735833333333352
3180,1411245.0,0.1972574074074076
3181,1411305.0,0.1974000000000002
3182,1411365.0,0.1972583333333335
3183,1411425.0,0.1968925925925928
3184,1411485.0,0.1963333333333335
3185,1411545.0,0.1959657407407409
3186,1411605.0,0.1958425925925928
3187,1411665.0,0.19605925925925946
3188,1411725.0,0.19706388888888907
3189,1411785.0,0.19776296296296314
3190,1411845.0,0.19836574074074093
3191,1411905.0,0.19622037037037052
3192,1411965.0,0.194876851851852
3193,1412025.0,0.19350370370370387
3194,1412085.0,0.19220277777777794
3195,1412145.0,0.19103518518518536
3196,1412205.0,0.1902796296296298
3197,1412265.0,0.18971388888888907
3198,1412325.0,0.18888055555555572
3199,1412385.0,0.18825185185185206
3200,1412445.0,0.18785277777777795
3201,1412505.0,0.18713796296296314
3202,1412565.0,0.18635370370370388
3203,1412625.0,0.185689814814815
3204,1412685.0,0.18504814814814832
3205,1412745.0,0.18473888888888906
3206,1412805.0,0.18483518518518532
3207,1412865.0,0.1851324074074076
3208,1412925.0,0.1862185185185187
3209,1412985.0,0.1851703703703705
3210,1413045.0,0.1844333333333335
3211,1413105.0,0.18354629629629649
3212,1413165.0,0.1830231481481483
3213,1413225.0,0.1820481481481483
3214,1413285.0,0.1804657407407409
3215,1413345.0,0.17892592592592607
3216,1413405.0,0.1776731481481483
3217,1413465.0,0.1764583333333335
3218,1413525.0,0.17565277777777796
3219,1413585.0,0.17522777777777793
3220,1413645.0,0.1754796296296298
3221,1413705.0,0.1755296296296298
3222,1413765.0,0.1757472222222224
3223,1413825.0,0.17578333333333349
3224,1413885.0,0.17582870370370385
3225,1413945.0,0.17577407407407422
3226,1414005.0,0.17530092592592608
3227,1414065.0,0.1746759259259261
3228,1414125.0,0.1744370370370372
3229,1414185.0,0.1750157407407409
3230,1414245.0,0.17473888888888905
3231,1414305.0,0.1745879629629631
3232,1414365.0,0.17474351851851866
3233,1414425.0,0.17495833333333347
3234,1414485.0,0.17522685185185197
3235,1414545.0,0.17499907407407422
3236,1414605.0,0.1747083333333335
3237,1414665.0,0.1744231481481483
3238,1414725.0,0.17403888888888905
3239,1414785.0,0.1743481481481483
3240,1414845.0,0.17375740740740755
3241,1414905.0,0.1731342592592594
3242,1414965.0,0.17197129629629646
3243,1415025.0,0.17090833333333347
3244,1415085.0,0.16939722222222234
3245,1415145.0,0.16822592592592606
3246,1415205.0,0.16759814814814827
3247,1415265.0,0.1673175925925927
3248,1415325.0,0.16684444444444455
3249,1415385.0,0.16625740740740755
3250,1415445.0,0.16556111111111124
3251,1415505.0,0.16479444444444458
3252,1415565.0,0.16423333333333345
3253,1415625.0,0.1641916666666668
3254,1415685.0,0.16381851851851864
3255,1415745.0,0.16274907407407418
3256,1415805.0,0.16275833333333345
3257,1415865.0,0.16375925925925938
3258,1415925.0,0.16431574074074087
3259,1415985.0,0.16423703703703718
3260,1416045.0,0.1650305555555557
3261,1416105.0,0.165276851851852
3262,1416165.0,0.16574629629629645
3263,1416225.0,0.16645000000000015
3264,1416285.0,0.16639907407407425
3265,1416345.0,0.1665231481481483
3266,1416405.0,0.1663731481481483
3267,1416465.0,0.1656731481481483
3268,1416525.0,0.16475277777777791
3269,1416585.0,0.16385740740740753
3270,1416645.0,0.16303796296296308
3271,1416705.0,0.16216574074074086
3272,1416765.0,0.16184351851851864
3273,1416825.0,0.161638888888889
3274,1416885.0,0.16155555555555567
3275,1416945.0,0.16172314814814825
3276,1417005.0,0.16189814814814826
3277,1417065.0,0.16203703703703715
3278,1417125.0,0.16203425925925938
3279,1417185.0,0.16244444444444456
3280,1417245.0,0.16279351851851864
3281,1417305.0,0.16299166666666678
3282,1417365.0,0.16267500000000013
3283,1417425.0,0.16220000000000012
3284,1417485.0,0.1622527777777779
3285,1417545.0,0.1624416666666668
3286,1417605.0,0.16166111111111126
3287,1417665.0,0.16103055555555568
3288,1417725.0,0.16082592592592604
3289,1417785.0,0.16111203703703714
3290,1417845.0,0.1614287037037038
3291,1417905.0,0.1618722222222223
3292,1417965.0,0.1627212962962964
3293,1418025.0,0.16312777777777787
3294,1418085.0,0.16265277777777787
3295,1418145.0,0.1623148148148149
3296,1418205.0,0.1623398148148149
3297,1418265.0,0.16188796296296307
3298,1418325.0,0.16150833333333345
3299,1418385.0,0.16163333333333346
3300,1418445.0,0.16219074074074086
3301,1418505.0,0.1632250000000001
3302,1418565.0,0.16407037037037045
3303,1418625.0,0.16509074074074082
3304,1418685.0,0.1656370370370371
3305,1418745.0,0.16557037037037045
3306,1418805.0,0.16564907407407414
3307,1418865.0,0.16527314814814822
3308,1418925.0,0.164950925925926
3309,1418985.0,0.16379444444444452
3310,1419045.0,0.1628583333333334
3311,1419105.0,0.16291388888888894
3312,1419165.0,0.1635796296296297
3313,1419225.0,0.16372685185185193
3314,1419285.0,0.16408888888888898
3315,1419345.0,0.16474166666666676
3316,1419405.0,0.16556296296296305
3317,1419465.0,0.16643055555555564
3318,1419525.0,0.1669972222222223
3319,1419585.0,0.16679166666666675
3320,1419645.0,0.1662462962962964
3321,1419705.0,0.1654287037037038
3322,1419765.0,0.16467592592592606
3323,1419825.0,0.16419351851851866
3324,1419885.0,0.16452222222222232
3325,1419945.0,0.16459537037037048
3326,1420005.0,0.1645787037037038
3327,1420065.0,0.1643712962962964
3328,1420125.0,0.16413981481481493
3329,1420185.0,0.16437962962962974
3330,1420245.0,0.16493981481481493
3331,1420305.0,0.16468240740740753
3332,1420365.0,0.16410185185185194
3333,1420425.0,0.16424722222222235
3334,1420485.0,0.16336851851851866
3335,1420545.0,0.16298796296296308
3336,1420605.0,0.1627240740740742
3337,1420665.0,0.1631564814814816
3338,1420725.0,0.16328611111111122
3339,1420785.0,0.16366851851851866
3340,1420845.0,0.1638148148148149
3341,1420905.0,0.16391666666666674
3342,1420965.0,0.1638898148148149
3343,1421025.0,0.16364907407407414
3344,1421085.0,0.16374814814814825
3345,1421145.0,0.16344814814814826
3346,1421205.0,0.16309166666666675
3347,1421265.0,0.16328611111111122
3348,1421325.0,0.16285648148148155
3349,1421385.0,0.16200925925925935
3350,1421445.0,0.16145555555555566
3351,1421505.0,0.1618500000000001
3352,1421565.0,0.16330462962962974
3353,1421625.0,0.16430092592592604
3354,1421685.0,0.16515092592592606
3355,1421745.0,0.16520462962962973
3356,1421805.0,0.16564722222222233
3357,1421865.0,0.1656037037037038
3358,1421925.0,0.16528148148148158
3359,1421985.0,0.16420092592592606
3360,1422045.0,0.1629351851851853
3361,1422105.0,0.16161111111111126
3362,1422165.0,0.1607675925925927
3363,1422225.0,0.1606564814814816
3364,1422285.0,0.16049907407407418
3365,1422345.0,0.16064722222222233
3366,1422405.0,0.16023240740740752
3367,1422465.0,0.16035925925925934
3368,1422525.0,0.16016203703703716
3369,1422585.0,0.16020740740740752
3370,1422645.0,0.1608287037037038
3371,1422705.0,0.16210833333333344
3372,1422765.0,0.16393425925925936
3373,1422825.0,0.16563703703703714
3374,1422885.0,0.16663518518518528
3375,1422945.0,0.1667787037037038
3376,1423005.0,0.16706851851851862
3377,1423065.0,0.16718518518518527
3378,1423125.0,0.16755833333333342
3379,1423185.0,0.16696296296296306
3380,1423245.0,0.1666925925925927
3381,1423305.0,0.16697962962962973
3382,1423365.0,0.1676462962962964
3383,1423425.0,0.16833148148148158
3384,1423488.0,0.1690000000000001
3385,1423545.0,0.16936759259259268
3386,1423605.0,0.16920833333333346
3387,1423665.0,0.16907314814814825
3388,1423725.0,0.1692037037037038
3389,1423785.0,0.16900925925925936
3390,1423845.0,0.16857222222222232
3391,1423905.0,0.16847407407407414
3392,1423965.0,0.1680611111111112
3393,1424025.0,0.1675046296296297
3394,1424085.0,0.16777037037037046
3395,1424145.0,0.1684870370370371
3396,1424205.0,0.16985185185185192
3397,1424265.0,0.17060185185185192
3398,1424325.0,0.17114259259259265
3399,1424385.0,0.17157685185185192
3400,1424445.0,0.1716694444444445
3401,1424505.0,0.17138240740740748
3402,1424565.0,0.17128518518518526
3403,1424625.0,0.1717296296296297
3404,1424685.0,0.1718296296296297
3405,1424745.0,0.17133518518518526
3406,1424805.0,0.17141759259259268
3407,1424865.0,0.17191666666666675
3408,1424925.0,0.17170185185185194
3409,1424985.0,0.17088148148148158
3410,1425045.0,0.17101944444444453
3411,1425105.0,0.17128888888888896
3412,1425165.0,0.17156296296296306
3413,1425225.0,0.17157037037037046
3414,1425285.0,0.17139351851851858
3415,1425345.0,0.17130925925925933
3416,1425405.0,0.1712231481481482
3417,1425465.0,0.1718722222222223
3418,1425525.0,0.1720333333333334
3419,1425585.0,0.17139814814814822
3420,1425645.0,0.17048148148148154
3421,1425705.0,0.17039722222222228
3422,1425765.0,0.17074537037037044
3423,1425825.0,0.17137314814814822
3424,1425885.0,0.17212037037037045
3425,1425945.0,0.17316296296296305
3426,1426005.0,0.1735222222222223
3427,1426065.0,0.17364907407407415
3428,1426125.0,0.17376296296296306
3429,1426185.0,0.17382037037037046
3430,1426245.0,0.17392037037037042
3431,1426305.0,0.17417500000000005
3432,1426365.0,0.1745768518518519
3433,1426425.0,0.1741194444444445
3434,1426485.0,0.17411018518518526
3435,1426545.0,0.17496759259259265
3436,1426605.0,0.1750444444444445
3437,1426665.0,0.17445092592592598
3438,1426725.0,0.17461296296296305
3439,1426785.0,0.17520462962962968
3440,1426845.0,0.17537222222222226
3441,1426905.0,0.1753490740740741
3442,1426965.0,0.17521759259259262
3443,1427025.0,0.17500462962962965
3444,1427085.0,0.1749777777777778
3445,1427145.0,0.17474259259259262
3446,1427205.0,0.17460185185185187
3447,1427265.0,0.1753462962962963
3448,1427325.0,0.17615925925925927
3449,1427385.0,0.17663055555555554
3450,1427445.0,0.1768212962962963
3451,1427505.0,0.17694444444444446
3452,1427565.0,0.17631574074074075
3453,1427625.0,0.176425
3454,1427685.0,0.17670277777777774
3455,1427745.0,0.17668796296296296
3456,1427805.0,0.17670462962962966
3457,1427865.0,0.1766361111111111
3458,1427925.0,0.17676944444444445
3459,1427985.0,0.17661666666666667
3460,1428045.0,0.17661666666666667
3461,1428105.0,0.17547962962962962
3462,1428165.0,0.17457407407407408
3463,1428225.0,0.17378703703703705
3464,1428285.0,0.17366203703703706
3465,1428345.0,0.17348888888888891
3466,1428405.0,0.17446944444444448
3467,1428465.0,0.17477685185185188
3468,1428525.0,0.17502870370370374
3469,1428585.0,0.17502222222222227
3470,1428645.0,0.17488240740740746
3471,1428705.0,0.1753120370370371
3472,1428765.0,0.17527037037037044
3473,1428825.0,0.17480277777777786
3474,1428885.0,0.17452962962962967
3475,1428945.0,0.17441111111111116
3476,1429005.0,0.173737962962963
3477,1429065.0,0.17370462962962968
3478,1429125.0,0.17398611111111115
3479,1429185.0,0.17458148148148153
3480,1429245.0,0.17460092592592594
3481,1429305.0,0.1743231481481482
3482,1429365.0,0.1744046296296297
3483,1429425.0,0.17418981481481488
3484,1429485.0,0.17425277777777784
3485,1429545.0,0.17438240740740746
3486,1429605.0,0.1742453703703704
3487,1429665.0,0.1735592592592593
3488,1429725.0,0.17278981481481487
3489,1429785.0,0.1728092592592593
3490,1429845.0,0.1732916666666667
3491,1429905.0,0.17342037037037042
3492,1429965.0,0.17284722222222226
3493,1430025.0,0.17215092592592596
3494,1430085.0,0.17166759259259262
3495,1430145.0,0.17161481481481486
3496,1430205.0,0.1715074074074074
3497,1430265.0,0.17126574074074075
3498,1430325.0,0.17074722222222222
3499,1430385.0,0.17148611111111112
3500,1430445.0,0.17186574074074076
3501,1430505.0,0.17265462962962966
3502,1430565.0,0.17364722222222226
3503,1430625.0,0.17451018518518518
3504,1430685.0,0.17498425925925926
3505,1430745.0,0.17560648148148147
3506,1430805.0,0.17613333333333334
3507,1430865.0,0.1771787037037037
3508,1430925.0,0.17832407407407408
3509,1430985.0,0.17925
3510,1431045.0,0.17908518518518518
3511,1431105.0,0.1794435185185185
3512,1431165.0,0.17979814814814812
3513,1431225.0,0.18039166666666664
3514,1431285.0,0.1816879629629629
3515,1431345.0,0.18152129629629624
3516,1431405.0,0.1810407407407407
3517,1431465.0,0.18044629629629624
3518,1431525.0,0.1804379629629629
3519,1431585.0,0.180174074074074
3520,1431645.0,0.18003888888888886
3521,1431705.0,0.18014074074074068
3522,1431765.0,0.18013611111111105
3523,1431825.0,0.17981388888888886
3524,1431885.0,0.17896759259259254
3525,1431945.0,0.17886666666666662
3526,1432005.0,0.17966203703703698
3527,1432065.0,0.17924351851851847
3528,1432125.0,0.17962129629629625
3529,1432185.0,0.1805046296296296
3530,1432245.0,0.18127314814814813
3531,1432305.0,0.18175555555555556
3532,1432365.0,0.1817861111111111
3533,1432425.0,0.18245648148148147
3534,1432485.0,0.1830148148148148
3535,1432545.0,0.18310277777777773
3536,1432605.0,0.1829583333333333
3537,1432665.0,0.18297685185185186
3538,1432725.0,0.18318425925925924
3539,1432785.0,0.1840638888888889
3540,1432845.0,0.1848111111111111
3541,1432905.0,0.18591111111111108
3542,1432965.0,0.1857527777777777
3543,1433025.0,0.18492592592592588
3544,1433085.0,0.1843018518518518
3545,1433145.0,0.1836768518518518
3546,1433205.0,0.18411388888888885
3547,1433265.0,0.18412685185185185
3548,1433325.0,0.18387129629629625
3549,1433385.0,0.18415370370370365
3550,1433445.0,0.1839731481481481
3551,1433505.0,0.1835305555555555
3552,1433565.0,0.1821231481481481
3553,1433625.0,0.1812703703703703
3554,1433685.0,0.18066574074074068
3555,1433745.0,0.1807305555555555
3556,1433805.0,0.18146851851851847
3557,1433865.0,0.1823268518518518
3558,1433925.0,0.1831407407407407
3559,1433985.0,0.1845379629629629
3560,1434045.0,0.1856416666666666
3561,1434105.0,0.1857972222222221
3562,1434165.0,0.18480462962962954
3563,1434225.0,0.1840342592592592
3564,1434285.0,0.18326574074074065
3565,1434345.0,0.18252962962962954
3566,1434405.0,0.18254166666666655
3567,1434465.0,0.18273981481481472
3568,1434525.0,0.18278055555555545
3569,1434585.0,0.18312314814814806
3570,1434645.0,0.18376018518518508
3571,1434705.0,0.1842074074074073
3572,1434765.0,0.18495648148148136
3573,1434825.0,0.18600925925925915
3574,1434885.0,0.1862092592592592
3575,1434945.0,0.18591851851851846
3576,1435005.0,0.18508055555555547
3577,1435065.0,0.1842851851851851
3578,1435125.0,0.1834203703703703
3579,1435185.0,0.18319166666666656
3580,1435245.0,0.18318518518518512
3581,1435305.0,0.18385833333333326
3582,1435365.0,0.18424999999999994
3583,1435425.0,0.1842305555555555
3584,1435485.0,0.1846444444444444
3585,1435545.0,0.18558518518518516
3586,1435605.0,0.18628333333333327
3587,1435665.0,0.18601851851851847
3588,1435725.0,0.18641111111111106
3589,1435785.0,0.1866231481481481
3590,1435845.0,0.18722222222222215
3591,1435905.0,0.18752777777777774
3592,1435965.0,0.18675092592592588
3593,1436025.0,0.18648888888888884
3594,1436085.0,0.18660648148148146
3595,1436145.0,0.1873046296296296
3596,1436205.0,0.18798240740740732
3597,1436265.0,0.18815092592592586
3598,1436325.0,0.18874814814814808
3599,1436385.0,0.18937592592592584
3600,1436445.0,0.189924074074074
3601,1436505.0,0.19027222222222215
3602,1436565.0,0.1908148148148148
3603,1436628.0,0.19126111111111108
3604,1436685.0,0.1910768518518518
3605,1436745.0,0.1907398148148148
3606,1436805.0,0.19137407407407406
3607,1436865.0,0.19174537037037032
3608,1436925.0,0.19226203703703695
3609,1436985.0,0.19296296296296286
3610,1437045.0,0.19322870370370365
3611,1437105.0,0.1931842592592592
3612,1437165.0,0.19236203703703694
3613,1437225.0,0.19182499999999994
3614,1437285.0,0.19155740740740732
3615,1437345.0,0.19193703703703696
3616,1437405.0,0.19294351851851846
3617,1437465.0,0.19429537037037029
3618,1437525.0,0.19493055555555547
3619,1437585.0,0.19521666666666654
3620,1437645.0,0.1954268518518517
3621,1437705.0,0.19568703703703694
3622,1437765.0,0.19577222222222213
3623,1437825.0,0.19545555555555547
3624,1437885.0,0.19521111111111106
3625,1437945.0,0.1949546296296296
3626,1438005.0,0.19455462962962955
3627,1438065.0,0.1934694444444444
3628,1438125.0,0.19384074074074065
3629,1438185.0,0.19528240740740727
3630,1438245.0,0.19600185185185176
3631,1438305.0,0.19632314814814805
3632,1438365.0,0.19722685185185174
3633,1438425.0,0.19759444444444435
3634,1438485.0,0.19687962962962954
3635,1438545.0,0.1963388888888888
3636,1438605.0,0.1960592592592592
3637,1438665.0,0.1957333333333333
3638,1438725.0,0.19545185185185174
3639,1438785.0,0.19523796296296286
3640,1438845.0,0.195424074074074
3641,1438905.0,0.19714166666666655
3642,1438965.0,0.19868333333333324
3643,1439025.0,0.19987222222222206
3644,1439085.0,0.20129351851851846
3645,1439145.0,0.20234074074074065
3646,1439205.0,0.20279722222222213
3647,1439265.0,0.20355740740740733
3648,1439325.0,0.2044675925925925
3649,1439385.0,0.20524074074074067
3650,1439445.0,0.2060129629629629
3651,1439505.0,0.2058092592592592
3652,1439565.0,0.20598611111111104
3653,1439625.0,0.20596296296296288
3654,1439685.0,0.2062851851851851
3655,1439745.0,0.20578055555555547
3656,1439805.0,0.2053194444444444
3657,1439865.0,0.20487499999999992
3658,1439925.0,0.2042851851851851
3659,1439985.0,0.2031925925925925
3660,1440045.0,0.2023453703703703
3661,1440105.0,0.20189074074074065
3662,1440165.0,0.20213333333333325
3663,1440225.0,0.2027833333333333
3664,1440285.0,0.2030453703703703
3665,1440345.0,0.20337592592592585
3666,1440405.0,0.20367870370370364
3667,1440465.0,0.20516851851851844
3668,1440525.0,0.2068537037037036
3669,1440585.0,0.20843981481481474
3670,1440645.0,0.2089601851851851
3671,1440705.0,0.20871851851851844
3672,1440765.0,0.20900370370370366
3673,1440825.0,0.2090416666666666
3674,1440885.0,0.20861203703703696
3675,1440945.0,0.20781203703703696
3676,1441005.0,0.2071055555555555
3677,1441065.0,0.2084944444444444
3678,1441125.0,0.20997222222222212
3679,1441185.0,0.21027499999999996
3680,1441245.0,0.21077314814814807
3681,1441305.0,0.21121574074074068
3682,1441365.0,0.2113435185185185
3683,1441425.0,0.2112592592592592
3684,1441485.0,0.2107916666666666
3685,1441545.0,0.21046574074074068
3686,1441605.0,0.21020370370370364
3687,1441665.0,0.20943888888888884
3688,1441725.0,0.20877592592592584
3689,1441785.0,0.208874074074074
3690,1441845.0,0.20973888888888886
3691,1441905.0,0.209812037037037
3692,1441965.0,0.20988240740740732
3693,1442025.0,0.20934259259259247
3694,1442085.0,0.20883611111111106
3695,1442145.0,0.20951203703703694
3696,1442205.0,0.2098694444444444
3697,1442265.0,0.21011481481481475
3698,1442325.0,0.2101194444444444
3699,1442385.0,0.2102268518518518
3700,1442445.0,0.21027777777777773
3701,1442508.0,0.2108444444444444
3702,1442565.0,0.21171851851851847
3703,1442625.0,0.21282777777777773
3704,1442685.0,0.21366203703703696
3705,1442745.0,0.2139129629629629
3706,1442805.0,0.21266574074074068
3707,1442865.0,0.21276851851851847
3708,1442925.0,0.2118037037037037
3709,1442985.0,0.21273703703703697
3710,1443045.0,0.21202777777777773
3711,1443105.0,0.21187777777777766
3712,1443165.0,0.21162037037037032
3713,1443225.0,0.21105277777777773
3714,1443285.0,0.21026203703703697
3715,1443345.0,0.2104379629629629
3716,1443405.0,0.21084259259259253
3717,1443465.0,0.2108129629629629
3718,1443525.0,0.2107666666666666
3719,1443585.0,0.2115546296296296
3720,1443645.0,0.2125046296296296
3721,1443705.0,0.21266759259259252
3722,1443765.0,0.21342870370370365
3723,1443825.0,0.21383611111111106
3724,1443885.0,0.21506759259259253
3725,1443945.0,0.21590092592592586
3726,1444005.0,0.2159268518518518
3727,1444065.0,0.21612222222222216
3728,1444125.0,0.21618240740740732
3729,1444185.0,0.2158944444444444
3730,1444245.0,0.2158629629629629
3731,1444305.0,0.21634259259259253
3732,1444368.0,0.2178555555555555
3733,1444425.0,0.2191805555555555
3734,1444485.0,0.2205777777777777
3735,1444545.0,0.22166018518518515
3736,1444605.0,0.22139999999999996
3737,1444665.0,0.22115833333333326
3738,1444725.0,0.2196416666666666
3739,1444785.0,0.21831851851851844
3740,1444845.0,0.21705555555555547
3741,1444905.0,0.21614814814814806
3742,1444965.0,0.21710555555555547
3743,1445025.0,0.2184101851851851
3744,1445085.0,0.21934722222222214
3745,1445148.0,0.22079722222222212
3746,1445205.0,0.22106666666666655
3747,1445265.0,0.22136574074074064
3748,1445325.0,0.22136666666666655
3749,1445385.0,0.221249074074074
3750,1445445.0,0.2214314814814814
3751,1445505.0,0.22164814814814807
3752,1445565.0,0.22194074074074066
3753,1445625.0,0.22183703703703692
3754,1445685.0,0.2216944444444444
3755,1445745.0,0.2218037037037036
3756,1445805.0,0.22193055555555544
3757,1445865.0,0.22228518518518509
3758,1445925.0,0.22219351851851846
3759,1445988.0,0.22190833333333326
3760,1446045.0,0.22323333333333326
3761,1446105.0,0.22263055555555544
3762,1446165.0,0.2221185185185184
3763,1446225.0,0.22218055555555544
3764,1446285.0,0.2219759259259258
3765,1446345.0,0.2219657407407406
3766,1446405.0,0.22219999999999987
3767,1446465.0,0.2230138888888888
3768,1446525.0,0.22380555555555545
3769,1446585.0,0.22471666666666654
3770,1446645.0,0.22478055555555546
3771,1446705.0,0.2240898148148147
3772,1446765.0,0.2240509259259258
3773,1446825.0,0.2241694444444443
3774,1446885.0,0.22436111111111096
3775,1446945.0,0.22387037037037025
3776,1447005.0,0.22307962962962952
3777,1447065.0,0.22144444444444436
3778,1447125.0,0.22173703703703693
3779,1447185.0,0.2222888888888888
3780,1447248.0,0.22284444444444435
3781,1447305.0,0.2233638888888888
3782,1447365.0,0.22384629629629615
3783,1447425.0,0.22411759259259248
3784,1447485.0,0.22503055555555546
3785,1447545.0,0.2254972222222221
3786,1447605.0,0.2257212962962962
3787,1447665.0,0.22645185185185174
3788,1447725.0,0.22702129629629625
3789,1447785.0,0.2272555555555555
3790,1447845.0,0.22760185185185175
3791,1447905.0,0.2283425925925925
3792,1447965.0,0.22936574074074065
3793,1448025.0,0.23013148148148135
3794,1448085.0,0.22960648148148136
3795,1448145.0,0.2286777777777777
3796,1448205.0,0.2276787037037036
3797,1448265.0,0.2261379629629629
3798,1448325.0,0.227024074074074
3799,1448385.0,0.2270203703703703
3800,1448448.0,0.2268981481481481
3801,1448505.0,0.2265037037037036
3802,1448565.0,0.227224074074074
3803,1448625.0,0.2283092592592592
3804,1448685.0,0.2295185185185185
3805,1448745.0,0.2305231481481481
3806,1448805.0,0.2318629629629629
3807,1448865.0,0.2335398148148148
3808,1448925.0,0.23386203703703695
3809,1448985.0,0.2333925925925925
3810,1449045.0,0.2336157407407407
3811,1449105.0,0.23408981481481475
3812,1449165.0,0.23446203703703694
3813,1449225.0,0.2342796296296296
3814,1449285.0,0.2342333333333333
3815,1449345.0,0.23392499999999994
3816,1449405.0,0.2332592592592592
3817,1449465.0,0.2350379629629629
3818,1449525.0,0.23515370370370364
3819,1449585.0,0.2359768518518518
3820,1449645.0,0.2361574074074073
3821,1449705.0,0.23564907407407398
3822,1449765.0,0.2353083333333333
3823,1449825.0,0.2351564814814814
3824,1449885.0,0.23455092592592586
3825,1449945.0,0.2341638888888888
3826,1450005.0,0.23380092592592586
3827,1450065.0,0.2339129629629629
3828,1450125.0,0.2335953703703703
3829,1450185.0,0.2332592592592592
3830,1450245.0,0.2333407407407407
3831,1450305.0,0.23362129629629624
3832,1450365.0,0.232749074074074
3833,1450425.0,0.2321583333333333
3834,1450485.0,0.2313675925925925
3835,1450545.0,0.2313833333333333
3836,1450605.0,0.2323546296296296
3837,1450665.0,0.233549074074074
3838,1450725.0,0.2340388888888888
3839,1450785.0,0.2338157407407407
3840,1450845.0,0.23463518518518514
3841,1450905.0,0.2352
3842,1450965.0,0.2350083333333333
3843,1451025.0,0.23483888888888885
3844,1451085.0,0.2350583333333333
3845,1451145.0,0.23516203703703698
3846,1451205.0,0.2351583333333333
3847,1451265.0,0.23484537037037034
3848,1451325.0,0.2343787037037037
3849,1451385.0,0.2334083333333333
3850,1451445.0,0.2332138888888889
3851,1451505.0,0.23305648148148145
3852,1451565.0,0.2319601851851852
3853,1451625.0,0.23133240740740735
3854,1451685.0,0.2313379629629629
3855,1451745.0,0.2327194444444444
3856,1451805.0,0.23350925925925925
3857,1451865.0,0.2332935185185185
3858,1451925.0,0.23326203703703705
3859,1451985.0,0.2337629629629629
3860,1452045.0,0.2344981481481481
3861,1452105.0,0.2346685185185185
3862,1452165.0,0.2347361111111111
3863,1452225.0,0.2348601851851852
3864,1452285.0,0.2349009259259259
3865,1452345.0,0.2342648148148148
3866,1452405.0,0.2338148148148148
3867,1452465.0,0.2340944444444444
3868,1452525.0,0.23449537037037035
3869,1452585.0,0.23303518518518515
3870,1452645.0,0.2334111111111111
3871,1452705.0,0.2339972222222222
3872,1452765.0,0.23474907407407405
3873,1452825.0,0.2357046296296296
3874,1452885.0,0.23638888888888884
3875,1452945.0,0.2366898148148148
3876,1453005.0,0.2371296296296296
3877,1453065.0,0.2375018518518518
3878,1453125.0,0.2380907407407407
3879,1453185.0,0.2385092592592592
3880,1453245.0,0.23840185185185175
3881,1453305.0,0.2369833333333333
3882,1453365.0,0.2361731481481481
3883,1453425.0,0.2346203703703703
3884,1453485.0,0.23375092592592586
3885,1453545.0,0.2338027777777777
3886,1453605.0,0.23497407407407406
3887,1453665.0,0.2352935185185185
3888,1453725.0,0.2370037037037037
3889,1453785.0,0.23612222222222215
3890,1453845.0,0.2366231481481481
3891,1453905.0,0.2366009259259259
3892,1453965.0,0.236849074074074
3893,1454025.0,0.2374166666666666
3894,1454085.0,0.23826203703703694
3895,1454145.0,0.238849074074074
3896,1454205.0,0.2380944444444444
3897,1454265.0,0.2393851851851851
3898,1454325.0,0.2400999999999999
3899,1454385.0,0.23938055555555546
3900,1454445.0,0.23877592592592586
3901,1454505.0,0.2377092592592592
3902,1454565.0,0.23721851851851844
3903,1454625.0,0.2368601851851851
3904,1454685.0,0.2364416666666666
3905,1454745.0,0.23626018518518516
3906,1454805.0,0.2359398148148148
3907,1454865.0,0.23569166666666666
3908,1454925.0,0.23618055555555556
3909,1454985.0,0.2371972222222222
3910,1455045.0,0.2378962962962963
3911,1455105.0,0.23765740740740735
3912,1455165.0,0.2365694444444444
3913,1455225.0,0.23670925925925926
3914,1455285.0,0.2367629629629629
3915,1455345.0,0.2372638888888889
3916,1455405.0,0.2380361111111111
3917,1455465.0,0.2385240740740741
3918,1455525.0,0.2400629629629629
3919,1455585.0,0.24086944444444444
3920,1455645.0,0.2416231481481481
3921,1455705.0,0.24270277777777774
3922,1455765.0,0.24271296296296296
3923,1455825.0,0.2417537037037037
3924,1455888.0,0.2407592592592593
3925,1455945.0,0.2397398148148148
3926,1456005.0,0.2387101851851852
3927,1456065.0,0.2403861111111111
3928,1456125.0,0.2403583333333333
3929,1456185.0,0.24030277777777775
3930,1456245.0,0.24046111111111115
3931,1456305.0,0.23927592592592595
3932,1456365.0,0.238775
3933,1456425.0,0.23785092592592594
3934,1456485.0,0.23899444444444445
3935,1456545.0,0.23932962962962964
3936,1456605.0,0.23987222222222224
3937,1456665.0,0.2400166666666667
3938,1456725.0,0.2406592592592593
3939,1456785.0,0.24116574074074076
3940,1456845.0,0.23982777777777775
3941,1456905.0,0.23974444444444445
3942,1456965.0,0.2390166666666667
3943,1457025.0,0.2380203703703704
3944,1457085.0,0.2383324074074074
3945,1457145.0,0.2379342592592593
3946,1457205.0,0.2378833333333333
3947,1457265.0,0.2378925925925926
3948,1457325.0,0.23755277777777775
3949,1457385.0,0.23753703703703705
3950,1457445.0,0.2373453703703704
3951,1457505.0,0.2377083333333333
3952,1457565.0,0.2370722222222222
3953,1457625.0,0.23616944444444446
3954,1457685.0,0.23557777777777775
3955,1457745.0,0.23632962962962964
3956,1457805.0,0.23701574074074075
3957,1457865.0,0.23864722222222226
3958,1457925.0,0.23852777777777776
3959,1457985.0,0.23792222222222226
3960,1458045.0,0.23838981481481486
3961,1458105.0,0.23850462962962965
3962,1458165.0,0.2388888888888889
3963,1458225.0,0.2389703703703704
3964,1458285.0,0.2380305555555556
3965,1458345.0,0.23710740740740746
3966,1458405.0,0.2355990740740741
3967,1458465.0,0.2368194444444445
3968,1458525.0,0.23671203703703705
3969,1458585.0,0.2365453703703704
3970,1458645.0,0.23647685185185185
3971,1458705.0,0.2361583333333333
3972,1458765.0,0.2359203703703704
3973,1458825.0,0.2355490740740741
3974,1458885.0,0.23710185185185184
3975,1458945.0,0.23853425925925925
3976,1459005.0,0.23966759259259254
3977,1459065.0,0.24068240740740734
3978,1459125.0,0.2394388888888889
3979,1459185.0,0.2390888888888889
3980,1459245.0,0.23884444444444444
3981,1459305.0,0.2398203703703704
3982,1459365.0,0.2397398148148148
3983,1459425.0,0.2388592592592593
3984,1459485.0,0.2374861111111111
3985,1459545.0,0.2363694444444445
3986,1459605.0,0.2357666666666667
3987,1459665.0,0.2346453703703704
3988,1459725.0,0.23377314814814815
3989,1459785.0,0.2331740740740741
3990,1459845.0,0.2331018518518519
3991,1459905.0,0.2334166666666667
3992,1459965.0,0.2340564814814815
3993,1460025.0,0.23490833333333336
3994,1460085.0,0.2361388888888889
3995,1460145.0,0.2374638888888889
3996,1460205.0,0.2389555555555556
3997,1460265.0,0.2379953703703704
3998,1460325.0,0.2380481481481482
3999,1460385.0,0.23727500000000004
4000,1460445.0,0.2363407407407408
4001,1460505.0,0.2360870370370371
4002,1460565.0,0.2359638888888889
4003,1460625.0,0.2352796296296297
4004,1460685.0,0.2362675925925927
4005,1460745.0,0.23609259259259266
4006,1460805.0,0.23607314814814825
4007,1460865.0,0.23592037037037045
4008,1460925.0,0.23618888888888895
4009,1460985.0,0.23499074074074086
4010,1461045.0,0.233150925925926
4011,1461105.0,0.2324694444444445
4012,1461165.0,0.23391666666666674
4013,1461225.0,0.23498055555555564
4014,1461285.0,0.2351175925925927
4015,1461345.0,0.23654074074074086
4016,1461405.0,0.2372611111111112
4017,1461465.0,0.23617407407407415
4018,1461525.0,0.23581851851851865
4019,1461585.0,0.2384379629629631
4020,1461645.0,0.23874814814814824
4021,1461705.0,0.2388601851851853
4022,1461765.0,0.2392064814814816
4023,1461825.0,0.2394055555555557
4024,1461885.0,0.23906388888888905
4025,1461945.0,0.2377898148148149
4026,1462005.0,0.23736759259259274
4027,1462065.0,0.2375759259259261
4028,1462125.0,0.2370277777777779
4029,1462185.0,0.2372250000000001
4030,1462245.0,0.23649259259259275
4031,1462305.0,0.2371333333333335
4032,1462365.0,0.2367416666666668
4033,1462425.0,0.2375231481481483
4034,1462485.0,0.2386416666666668
4035,1462545.0,0.2381555555555557
4036,1462605.0,0.23852407407407425
4037,1462665.0,0.2379601851851853
4038,1462725.0,0.23733611111111125
4039,1462785.0,0.2367925925925927
4040,1462845.0,0.2364120370370372
4041,1462905.0,0.2364009259259261
4042,1462965.0,0.2370064814814816
4043,1463025.0,0.2372166666666668
4044,1463085.0,0.2370814814814816
4045,1463148.0,0.2374740740740742
4046,1463205.0,0.2388629629629631
4047,1463265.0,0.2395259259259261
4048,1463325.0,0.23978888888888905
4049,1463385.0,0.24048611111111126
4050,1463445.0,0.2389657407407409
4051,1463505.0,0.23733240740740755
4052,1463565.0,0.2376759259259261
4053,1463625.0,0.23768148148148166
4054,1463685.0,0.23790648148148166
4055,1463745.0,0.2382814814814816
4056,1463805.0,0.2386027777777779
4057,1463868.0,0.23874351851851866
4058,1463925.0,0.2390000000000001
4059,1463985.0,0.2373870370370372
4060,1464045.0,0.2367250000000001
4061,1464105.0,0.2361731481481483
4062,1464165.0,0.2359703703703705
4063,1464225.0,0.2358805555555557
4064,1464285.0,0.2365351851851853
4065,1464345.0,0.23728611111111125
4066,1464405.0,0.2372546296296297
4067,1464465.0,0.2371666666666668
4068,1464525.0,0.2361064814814816
4069,1464585.0,0.2358722222222223
4070,1464645.0,0.23463333333333344
4071,1464705.0,0.23509166666666675
4072,1464765.0,0.23515185185185195
4073,1464825.0,0.2350416666666668
4074,1464885.0,0.2351351851851853
4075,1464945.0,0.2350296296296297
4076,1465005.0,0.234713888888889
4077,1465065.0,0.232663888888889
4078,1465125.0,0.2317814814814816
4079,1465185.0,0.23171944444444456
4080,1465245.0,0.231713888888889
4081,1465305.0,0.23288425925925935
4082,1465365.0,0.23400370370370385
4083,1465425.0,0.2353129629629631
4084,1465485.0,0.2345814814814816
4085,1465545.0,0.2338842592592594
4086,1465605.0,0.2335277777777779
4087,1465665.0,0.2332527777777779
4088,1465725.0,0.23365462962962974
4089,1465785.0,0.23336759259259274
4090,1465845.0,0.2332759259259261
4091,1465905.0,0.2340444444444446
4092,1465965.0,0.23523888888888905
4093,1466025.0,0.2347500000000001
4094,1466088.0,0.2327027777777779
4095,1466145.0,0.23166851851851866
4096,1466205.0,0.23170185185185196
4097,1466265.0,0.2321250000000001
4098,1466325.0,0.2327620370370372
4099,1466385.0,0.23345000000000016
4100,1466445.0,0.2341194444444446
4101,1466505.0,0.2343101851851853
4102,1466565.0,0.23436388888888904
4103,1466625.0,0.2342129629629631
4104,1466685.0,0.2346972222222224
4105,1466745.0,0.2353703703703705
4106,1466805.0,0.23537685185185198
4107,1466865.0,0.2334583333333335
4108,1466925.0,0.23357962962962975
4109,1466985.0,0.2340564814814816
4110,1467045.0,0.23441851851851864
4111,1467105.0,0.2362722222222224
4112,1467165.0,0.2369481481481483
4113,1467225.0,0.2384620370370372
4114,1467285.0,0.2376898148148149
4115,1467345.0,0.2370351851851853
4116,1467405.0,0.23693240740740756
4117,1467465.0,0.237551851851852
4118,1467525.0,0.2381953703703705
4119,1467585.0,0.23846759259259276
4120,1467645.0,0.239101851851852
4121,1467705.0,0.2396296296296297
4122,1467765.0,0.2400527777777779
4123,1467825.0,0.2401824074074075
4124,1467885.0,0.2396194444444445
4125,1467945.0,0.2409777777777779
4126,1468005.0,0.240450925925926
4127,1468065.0,0.2404157407407408
4128,1468125.0,0.2404185185185186
4129,1468185.0,0.2403074074074075
4130,1468245.0,0.24113888888888896
4131,1468305.0,0.24196666666666675
4132,1468365.0,0.24408888888888894
4133,1468425.0,0.24598148148148155
4134,1468485.0,0.24735370370370374
4135,1468545.0,0.2474583333333334
4136,1468605.0,0.2476972222222223
4137,1468665.0,0.2469592592592593
4138,1468725.0,0.2466962962962964
4139,1468785.0,0.2472731481481482
4140,1468845.0,0.2473074074074075
4141,1468905.0,0.2470324074074075
4142,1468965.0,0.2459750000000001
4143,1469025.0,0.2455685185185186
4144,1469085.0,0.24622685185185195
4145,1469145.0,0.2492148148148149
4146,1469205.0,0.2507101851851853
4147,1469265.0,0.2492712962962964
4148,1469325.0,0.2494194444444445
4149,1469385.0,0.2490564814814816
4150,1469445.0,0.2488898148148149
4151,1469505.0,0.2487416666666668
4152,1469565.0,0.2492879629629631
4153,1469625.0,0.2508157407407409
4154,1469685.0,0.2507861111111113
4155,1469745.0,0.2502222222222224
4156,1469805.0,0.2492287037037039
4157,1469865.0,0.2484074074074076
4158,1469925.0,0.24807962962962984
4159,1469985.0,0.2472037037037039
4160,1470045.0,0.2465564814814817
4161,1470105.0,0.24638055555555574
4162,1470168.0,0.2458851851851854
4163,1470225.0,0.2465740740740743
4164,1470285.0,0.2476638888888891
4165,1470345.0,0.2486425925925928
4166,1470405.0,0.2486509259259261
4167,1470465.0,0.2488074074074076
4168,1470525.0,0.25006296296296315
4169,1470585.0,0.2510074074074076
4170,1470645.0,0.25146203703703723
4171,1470705.0,0.2519425925925928
4172,1470765.0,0.251564814814815
4173,1470825.0,0.250639814814815
4174,1470885.0,0.24982962962962985
4175,1470945.0,0.2495472222222224
4176,1471005.0,0.249689814814815
4177,1471065.0,0.2496759259259261
4178,1471125.0,0.2491074074074076
4179,1471185.0,0.2483472222222224
4180,1471245.0,0.2489185185185187
4181,1471305.0,0.25000185185185203
4182,1471365.0,0.2508185185185187
4183,1471425.0,0.251789814814815
4184,1471485.0,0.2507944444444446
4185,1471548.0,0.250688888888889
4186,1471605.0,0.25029722222222234
4187,1471668.0,0.2496611111111112
4188,1471725.0,0.24938333333333346
4189,1471785.0,0.25052870370370384
4190,1471845.0,0.252126851851852
4191,1471905.0,0.2525370370370372
4192,1471965.0,0.2516157407407409
4193,1472025.0,0.2512490740740742
4194,1472085.0,0.2522916666666668
4195,1472145.0,0.2522750000000001
4196,1472205.0,0.2520000000000001
4197,1472265.0,0.2521314814814816
4198,1472325.0,0.25207777777777785
4199,1472385.0,0.24930648148148155
4200,1472445.0,0.24805370370370375
4201,1472505.0,0.2483648148148149
4202,1472565.0,0.2483861111111112
4203,1472625.0,0.2487120370370371
4204,1472685.0,0.24923055555555565
4205,1472745.0,0.2507305555555556
4206,1472805.0,0.2513481481481482
4207,1472865.0,0.2512064814814816
4208,1472925.0,0.2518777777777779
4209,1472985.0,0.2522694444444445
4210,1473045.0,0.25358425925925937
4211,1473105.0,0.25373240740740755
4212,1473165.0,0.2549851851851853
4213,1473225.0,0.25474259259259274
4214,1473285.0,0.2537111111111113
4215,1473345.0,0.25400648148148164
4216,1473405.0,0.25411018518518536
4217,1473465.0,0.2536990740740743
4218,1473525.0,0.2537907407407409
4219,1473585.0,0.2533425925925928
4220,1473645.0,0.25436944444444465
4221,1473705.0,0.25357037037037056
4222,1473765.0,0.25357037037037056
4223,1473825.0,0.2536444444444446
4224,1473885.0,0.2537592592592594
4225,1473945.0,0.2538731481481483
4226,1474005.0,0.2533527777777779
4227,1474065.0,0.25315462962962976
4228,1474125.0,0.2530379629629631
4229,1474185.0,0.254026851851852
4230,1474245.0,0.2552648148148149
4231,1474305.0,0.25683240740740754
4232,1474365.0,0.2559444444444446
4233,1474425.0,0.2555481481481483
4234,1474485.0,0.2549203703703705
4235,1474545.0,0.2538009259259261
4236,1474605.0,0.25238333333333346
4237,1474665.0,0.2519722222222224
4238,1474725.0,0.25098888888888904
4239,1474785.0,0.2509555555555557
4240,1474845.0,0.2527972222222224
4241,1474905.0,0.25449166666666684
4242,1474965.0,0.25446388888888904
4243,1475025.0,0.2557287037037039
4244,1475085.0,0.2566592592592594
4245,1475145.0,0.2571564814814816
4246,1475205.0,0.2581416666666668
4247,1475265.0,0.2591592592592594
4248,1475325.0,0.26029814814814833
4249,1475385.0,0.2613222222222224
4250,1475445.0,0.2634324074074076
4251,1475505.0,0.2635712962962965
4252,1475565.0,0.2633620370370373
4253,1475625.0,0.26294074074074103
4254,1475685.0,0.263177777777778
4255,1475745.0,0.2617972222222225
4256,1475805.0,0.262177777777778
4257,1475865.0,0.26294259259259284
4258,1475925.0,0.2640555555555558
4259,1475985.0,0.26460925925925954
4260,1476045.0,0.26495648148148176
4261,1476105.0,0.2654500000000003
4262,1476165.0,0.2656564814814818
4263,1476225.0,0.26544074074074103
4264,1476285.0,0.2664925925925929
4265,1476345.0,0.2671166666666669
4266,1476405.0,0.2677944444444447
4267,1476465.0,0.26831018518518546
4268,1476525.0,0.2678722222222225
4269,1476585.0,0.26732314814814845
4270,1476645.0,0.2666981481481485
4271,1476705.0,0.2656574074074077
4272,1476765.0,0.2645425925925929
4273,1476825.0,0.2641194444444448
4274,1476885.0,0.2653453703703707
4275,1476945.0,0.2654194444444448
4276,1477008.0,0.26435462962963
4277,1477065.0,0.2634129629629633
4278,1477125.0,0.26256018518518554
4279,1477185.0,0.2626231481481485
4280,1477245.0,0.2628185185185189
4281,1477305.0,0.2629675925925929
4282,1477365.0,0.2630435185185189
4283,1477428.0,0.26360000000000033
4284,1477485.0,0.26316574074074106
4285,1477545.0,0.2623314814814818
4286,1477608.0,0.262465740740741
4287,1477665.0,0.26330833333333364
4288,1477725.0,0.2626129629629633
4289,1477785.0,0.2618388888888892
4290,1477845.0,0.2610898148148151
4291,1477905.0,0.26026388888888913
4292,1477965.0,0.25974074074074105
4293,1478025.0,0.2592879629629632
4294,1478085.0,0.2593962962962965
4295,1478145.0,0.2599712962962965
4296,1478205.0,0.2596907407407409
4297,1478265.0,0.2592768518518521
4298,1478325.0,0.2591425925925928
4299,1478385.0,0.259677777777778
4300,1478445.0,0.2596712962962965
4301,1478505.0,0.25933518518518545
4302,1478565.0,0.2596222222222225
4303,1478628.0,0.2607740740740743
4304,1478685.0,0.2613555555555558
4305,1478745.0,0.2607175925925928
4306,1478805.0,0.2615231481481484
4307,1478865.0,0.2619583333333336
4308,1478925.0,0.2624490740740743
4309,1478985.0,0.26241944444444465
4310,1479045.0,0.26157592592592616
4311,1479105.0,0.2606694444444447
4312,1479165.0,0.2597212962962965
4313,1479225.0,0.25892962962962984
4314,1479285.0,0.25792222222222244
4315,1479345.0,0.2561370370370373
4316,1479405.0,0.25536574074074103
4317,1479468.0,0.25541481481481504
4318,1479528.0,0.2559287037037039
4319,1479585.0,0.2557722222222224
4320,1479645.0,0.255489814814815
4321,1479705.0,0.2557490740740742
4322,1479765.0,0.2563333333333335
4323,1479825.0,0.256951851851852
4324,1479885.0,0.2572555555555557
4325,1479945.0,0.2549601851851853
4326,1480005.0,0.2535194444444446
4327,1480065.0,0.2521907407407409
4328,1480125.0,0.25038888888888905
4329,1480185.0,0.2502759259259261
4330,1480245.0,0.24948240740740754
4331,1480305.0,0.2479740740740742
4332,1480365.0,0.2474703703703705
4333,1480425.0,0.2465444444444446
4334,1480485.0,0.2460231481481483
4335,1480545.0,0.2458157407407409
4336,1480605.0,0.2461342592592594
4337,1480665.0,0.2465407407407409
4338,1480725.0,0.24665740740740755
4339,1480785.0,0.2474759259259261
4340,1480845.0,0.24880277777777796
4341,1480905.0,0.24882777777777795
4342,1480965.0,0.2492861111111113
4343,1481025.0,0.24907500000000016
4344,1481085.0,0.2484870370370372
4345,1481145.0,0.2482925925925928
4346,1481205.0,0.2484972222222224
4347,1481265.0,0.24923518518518534
4348,1481325.0,0.2486388888888891
4349,1481385.0,0.2486990740740743
4350,1481445.0,0.2484611111111113
4351,1481505.0,0.2482425925925928
4352,1481565.0,0.24808703703703724
4353,1481625.0,0.2482935185185187
4354,1481685.0,0.24709537037037055
4355,1481745.0,0.24578333333333355
4356,1481805.0,0.2442222222222224
4357,1481865.0,0.2442250000000002
4358,1481925.0,0.2450611111111113
4359,1481985.0,0.2465462962962965
4360,1482045.0,0.2472157407407409
4361,1482105.0,0.2469055555555557
4362,1482165.0,0.2465805555555557
4363,1482225.0,0.2466935185185187
4364,1482285.0,0.24652407407407426
4365,1482345.0,0.2466314814814817
4366,1482405.0,0.247089814814815
4367,1482465.0,0.2479314814814817
4368,1482525.0,0.2479324074074076
4369,1482585.0,0.24766203703703726
4370,1482645.0,0.24732685185185205
4371,1482705.0,0.24723333333333355
4372,1482765.0,0.2470361111111113
4373,1482825.0,0.2465629629629632
4374,1482885.0,0.2453712962962965
4375,1482945.0,0.24585462962962984
4376,1483005.0,0.2462240740740743
4377,1483065.0,0.2474092592592595
4378,1483125.0,0.2484935185185187
4379,1483185.0,0.2495314814814817
4380,1483245.0,0.2503425925925928
4381,1483305.0,0.24969814814814836
4382,1483365.0,0.24981296296296315
4383,1483425.0,0.24956296296296315
4384,1483485.0,0.2493509259259261
4385,1483545.0,0.2488472222222224
4386,1483605.0,0.2481740740740743
4387,1483665.0,0.2476916666666669
4388,1483725.0,0.24723055555555576
4389,1483785.0,0.2469814814814817
4390,1483845.0,0.2465740740740743
4391,1483905.0,0.2463407407407409
4392,1483965.0,0.2467537037037039
4393,1484025.0,0.24690462962962986
4394,1484085.0,0.2471666666666669
4395,1484145.0,0.246639814814815
4396,1484205.0,0.2468759259259261
4397,1484265.0,0.2474333333333335
4398,1484325.0,0.24748888888888906
4399,1484385.0,0.2478888888888891
4400,1484445.0,0.2465138888888891
4401,1484505.0,0.24703703703703725
4402,1484565.0,0.2469666666666669
4403,1484625.0,0.24723703703703725
4404,1484685.0,0.2478870370370373
4405,1484745.0,0.2480953703703706
4406,1484805.0,0.2477703703703706
4407,1484865.0,0.2476342592592595
4408,1484925.0,0.24755092592592615
4409,1484988.0,0.2469814814814817
4410,1485045.0,0.2456990740740743
4411,1485105.0,0.2441731481481484
4412,1485165.0,0.2433694444444447
4413,1485225.0,0.2424361111111113
4414,1485285.0,0.24199259259259284
4415,1485345.0,0.2425768518518521
4416,1485405.0,0.24307592592592614
4417,1485465.0,0.2430240740740743
4418,1485525.0,0.2431481481481484
4419,1485585.0,0.2444712962962965
4420,1485645.0,0.24365555555555585
4421,1485705.0,0.2436574074074077
4422,1485765.0,0.24444629629629655
4423,1485825.0,0.2449351851851855
4424,1485885.0,0.2444240740740744
4425,1485945.0,0.24350185185185216
4426,1486005.0,0.2432120370370373
4427,1486065.0,0.24276574074074106
4428,1486125.0,0.24184537037037065
4429,1486188.0,0.2401888888888892
4430,1486245.0,0.23896574074074106
4431,1486305.0,0.23754537037037066
4432,1486365.0,0.236553703703704
4433,1486425.0,0.23547037037037066
4434,1486485.0,0.2356712962962966
4435,1486545.0,0.2370212962962966
4436,1486605.0,0.23777592592592625
4437,1486665.0,0.2379268518518521
4438,1486725.0,0.23730648148148176
4439,1486785.0,0.2370018518518521
4440,1486845.0,0.2366638888888892
4441,1486905.0,0.23597129629629654
4442,1486965.0,0.2347574074074077
4443,1487025.0,0.23355277777777805
4444,1487085.0,0.23268148148148174
4445,1487145.0,0.23316574074074106
4446,1487205.0,0.2326370370370373
4447,1487265.0,0.2324925925925929
4448,1487325.0,0.2324972222222225
4449,1487385.0,0.23265833333333366
4450,1487445.0,0.2329092592592596
4451,1487505.0,0.23355462962962995
4452,1487565.0,0.2338555555555559
4453,1487625.0,0.2339592592592596
4454,1487685.0,0.2340203703703707
4455,1487745.0,0.2341074074074077
4456,1487805.0,0.2342601851851855
4457,1487865.0,0.23437222222222254
4458,1487925.0,0.2342675925925929
4459,1487985.0,0.23376666666666698
4460,1488045.0,0.23354722222222254
4461,1488105.0,0.23362962962963
4462,1488165.0,0.2340685185185189
4463,1488225.0,0.2340787037037041
4464,1488285.0,0.2346657407407411
4465,1488345.0,0.23477222222222255
4466,1488405.0,0.2350537037037041
4467,1488465.0,0.23375740740740775
4468,1488525.0,0.23417962962963
4469,1488585.0,0.2344925925925929
4470,1488648.0,0.23456666666666706
4471,1488705.0,0.2345629629629633
4472,1488765.0,0.2343083333333337
4473,1488825.0,0.2348009259259263
4474,1488888.0,0.2353833333333337
4475,1488945.0,0.23590185185185225
4476,1489005.0,0.23609259259259302
4477,1489065.0,0.23594074074074114
4478,1489125.0,0.2355435185185189
4479,1489185.0,0.23484259259259302
4480,1489245.0,0.2344898148148152
4481,1489305.0,0.2342750000000004
4482,1489365.0,0.23429814814814856
4483,1489425.0,0.23334074074074115
4484,1489485.0,0.2323638888888893
4485,1489545.0,0.2315888888888893
4486,1489605.0,0.2307101851851856
4487,1489665.0,0.2303824074074078
4488,1489725.0,0.2298333333333337
4489,1489785.0,0.229142592592593
4490,1489845.0,0.22855185185185226
4491,1489905.0,0.2281333333333337
4492,1489965.0,0.227805555555556
4493,1490025.0,0.2279842592592597
4494,1490085.0,0.22811574074074115
4495,1490145.0,0.2289500000000004
4496,1490205.0,0.2289824074074078
4497,1490265.0,0.2291111111111115
4498,1490325.0,0.2284351851851856
4499,1490385.0,0.2278962962962967
4500,1490445.0,0.2276083333333337
4501,1490505.0,0.22727685185185226
4502,1490565.0,0.22748703703703746
4503,1490625.0,0.2275685185185189
4504,1490685.0,0.22698796296296336
4505,1490745.0,0.2267527777777782
4506,1490805.0,0.2269101851851856
4507,1490865.0,0.22682222222222265
4508,1490925.0,0.22754259259259305
4509,1490985.0,0.2277666666666671
4510,1491045.0,0.2282129629629634
4511,1491105.0,0.2289444444444449
4512,1491165.0,0.2283212962962967
4513,1491225.0,0.2277138888888893
4514,1491285.0,0.22747314814814856
4515,1491345.0,0.22735462962963005
4516,1491405.0,0.2276685185185189
4517,1491465.0,0.2283935185185189
4518,1491525.0,0.22837592592592634
4519,1491585.0,0.22822500000000046
4520,1491645.0,0.2272518518518523
4521,1491705.0,0.2264870370370375
4522,1491765.0,0.2259620370370375
4523,1491825.0,0.22600740740740785
4524,1491888.0,0.2263722222222227
4525,1491945.0,0.2261898148148153
4526,1492005.0,0.22579629629629674
4527,1492065.0,0.2252287037037041
4528,1492125.0,0.2248259259259264
4529,1492185.0,0.2239092592592597
4530,1492245.0,0.2235787037037041
4531,1492305.0,0.22299166666666712
4532,1492365.0,0.22272407407407446
4533,1492425.0,0.22244629629629675
4534,1492485.0,0.22366666666666712
4535,1492545.0,0.22456666666666714
4536,1492605.0,0.2252240740740745
4537,1492665.0,0.22480000000000047
4538,1492725.0,0.224205555555556
4539,1492785.0,0.22308981481481527
4540,1492845.0,0.2218592592592597
4541,1492905.0,0.22045370370370412
4542,1492965.0,0.21928888888888934
4543,1493025.0,0.21839166666666712
4544,1493085.0,0.21754259259259304
4545,1493145.0,0.21635370370370416
4546,1493205.0,0.21526759259259304
4547,1493265.0,0.21412222222222266
4548,1493325.0,0.21406018518518566
4549,1493385.0,0.21394629629629675
4550,1493445.0,0.21377129629629674
4551,1493505.0,0.21366944444444488
4552,1493565.0,0.2140231481481486
4553,1493625.0,0.215130555555556
4554,1493685.0,0.21640000000000045
4555,1493745.0,0.21544351851851895
4556,1493805.0,0.2146759259259264
4557,1493865.0,0.2141879629629634
4558,1493925.0,0.21379351851851894
4559,1493985.0,0.21364166666666712
4560,1494045.0,0.2132629629629634
4561,1494105.0,0.21291759259259305
4562,1494168.0,0.2116768518518523
4563,1494225.0,0.2104231481481486
4564,1494288.0,0.20930740740740786
4565,1494345.0,0.20804907407407447
4566,1494405.0,0.20930370370370416
4567,1494465.0,0.20972407407407453
4568,1494525.0,0.20915555555555604
4569,1494585.0,0.20822500000000047
4570,1494645.0,0.20709166666666715
4571,1494705.0,0.20565555555555606
4572,1494765.0,0.20491574074074126
4573,1494825.0,0.20511944444444494
4574,1494885.0,0.20529259259259308
4575,1494945.0,0.2055648148148153
4576,1495005.0,0.20486018518518567
4577,1495065.0,0.20468888888888934
4578,1495125.0,0.20464907407407454
4579,1495185.0,0.2048009259259264
4580,1495245.0,0.2047694444444449
4581,1495305.0,0.2044111111111116
4582,1495365.0,0.2035870370370375
4583,1495425.0,0.2026212962962968
4584,1495485.0,0.201480555555556
4585,1495545.0,0.20018796296296346
4586,1495605.0,0.19945370370370416
4587,1495665.0,0.1987000000000005
4588,1495725.0,0.19836018518518564
4589,1495785.0,0.19842407407407453
4590,1495845.0,0.19926296296296345
4591,1495905.0,0.20012870370370414
4592,1495965.0,0.2007407407407412
4593,1496025.0,0.2017287037037042
4594,1496085.0,0.2022962962962968
4595,1496145.0,0.20198888888888936
4596,1496205.0,0.20153333333333384
4597,1496265.0,0.20095833333333385
4598,1496325.0,0.19973796296296348
4599,1496385.0,0.19836851851851905
4600,1496445.0,0.1977212962962968
4601,1496505.0,0.1970990740740746
4602,1496565.0,0.19659351851851906
4603,1496625.0,0.19577037037037087
4604,1496685.0,0.1953851851851857
4605,1496745.0,0.19508796296296346
4606,1496805.0,0.19411203703703755
4607,1496865.0,0.194006481481482
4608,1496925.0,0.1943148148148153
4609,1496985.0,0.19447314814814864
4610,1497045.0,0.1941138888888894
4611,1497105.0,0.1938175925925931
4612,1497165.0,0.1941425925925931
4613,1497225.0,0.19572777777777828
4614,1497285.0,0.19554814814814864
4615,1497345.0,0.19576203703703754
4616,1497405.0,0.19597314814814865
4617,1497465.0,0.19609444444444493
4618,1497525.0,0.19592962962963006
4619,1497585.0,0.19600185185185234
4620,1497645.0,0.19575000000000048
4621,1497705.0,0.1948509259259264
4622,1497765.0,0.1942481481481486
4623,1497825.0,0.1939259259259264
4624,1497885.0,0.19332500000000047
4625,1497945.0,0.19244537037037085
4626,1498005.0,0.19272777777777825
4627,1498065.0,0.19293981481481529
4628,1498125.0,0.1927731481481486
4629,1498185.0,0.1925370370370375
4630,1498245.0,0.1922759259259264
4631,1498305.0,0.19145370370370415
4632,1498365.0,0.19135277777777826
4633,1498425.0,0.19122685185185234
4634,1498485.0,0.19035833333333385
4635,1498545.0,0.18919814814814864
4636,1498605.0,0.18795277777777827
4637,1498665.0,0.1865453703703709
4638,1498725.0,0.18532407407407456
4639,1498785.0,0.18492037037037085
4640,1498845.0,0.18453425925925973
4641,1498905.0,0.1837222222222227
4642,1498965.0,0.18271296296296344
4643,1499025.0,0.18231666666666715
4644,1499085.0,0.18208055555555605
4645,1499145.0,0.18183703703703752
4646,1499205.0,0.18123703703703756
4647,1499265.0,0.1805861111111116
4648,1499325.0,0.18009537037037088
4649,1499385.0,0.17961851851851904
4650,1499445.0,0.17911944444444494
4651,1499505.0,0.17865740740740793
4652,1499565.0,0.17842592592592646
4653,1499625.0,0.17765740740740793
4654,1499685.0,0.17679074074074128
4655,1499745.0,0.17629351851851904
4656,1499805.0,0.17593981481481533
4657,1499865.0,0.1758361111111116
4658,1499925.0,0.17589351851851903
4659,1499985.0,0.17545462962963013
4660,1500045.0,0.17476296296296345
4661,1500105.0,0.1745074074074079
4662,1500165.0,0.17523796296296346
4663,1500225.0,0.17572037037037086
4664,1500285.0,0.1760111111111116
4665,1500345.0,0.17579537037037085
4666,1500405.0,0.1755944444444449
4667,1500465.0,0.17450648148148196
4668,1500525.0,0.17360277777777824
4669,1500588.0,0.17372314814814865
4670,1500645.0,0.17436851851851903
4671,1500705.0,0.17476759259259309
4672,1500765.0,0.1748898148148153
4673,1500825.0,0.1743361111111116
4674,1500888.0,0.17389074074074126
4675,1500945.0,0.17339814814814866
4676,1501005.0,0.17288796296296344
4677,1501065.0,0.1731796296296301
4678,1501125.0,0.17319259259259304
4679,1501185.0,0.17293055555555606
4680,1501245.0,0.17238055555555604
4681,1501305.0,0.17122037037037086
4682,1501365.0,0.17025092592592642
4683,1501425.0,0.1690324074074079
4684,1501485.0,0.16934722222222273
4685,1501545.0,0.16953148148148198
4686,1501605.0,0.17015370370370422
4687,1501665.0,0.1709416666666672
4688,1501725.0,0.1710851851851857
4689,1501785.0,0.17065740740740792
4690,1501845.0,0.17040000000000052
4691,1501905.0,0.1700842592592598
4692,1501965.0,0.17061388888888945
4693,1502025.0,0.17114629629629682
4694,1502085.0,0.17111944444444496
4695,1502145.0,0.17092500000000052
4696,1502205.0,0.17010555555555604
4697,1502265.0,0.1690074074074079
4698,1502325.0,0.16957592592592646
4699,1502385.0,0.17008703703703754
4700,1502445.0,0.17066851851851902
4701,1502505.0,0.17108333333333384
4702,1502565.0,0.17089351851851906
4703,1502625.0,0.1708388888888894
4704,1502685.0,0.17046574074074125
4705,1502745.0,0.16934444444444496
4706,1502805.0,0.16860833333333386
4707,1502865.0,0.1675592592592598
4708,1502925.0,0.16640740740740795
4709,1502985.0,0.16585833333333388
4710,1503045.0,0.16566759259259314
4711,1503105.0,0.16558888888888945
4712,1503165.0,0.16561944444444499
4713,1503225.0,0.16560555555555612
4714,1503285.0,0.16548425925925986
4715,1503345.0,0.16530833333333392
4716,1503405.0,0.1651685185185191
4717,1503465.0,0.16480648148148205
4718,1503525.0,0.16563796296296354
4719,1503585.0,0.1662287037037043
4720,1503645.0,0.16647407407407466
4721,1503705.0,0.1666333333333339
4722,1503765.0,0.1667185185185191
4723,1503825.0,0.1677296296296302
4724,1503885.0,0.16923425925925986
4725,1503945.0,0.1704222222222228
4726,1504005.0,0.17089444444444504
4727,1504065.0,0.17120092592592653
4728,1504125.0,0.17027592592592652
4729,1504185.0,0.16973425925925986
4730,1504245.0,0.1686185185185191
4731,1504305.0,0.16764814814814874
4732,1504365.0,0.16697407407407466
4733,1504425.0,0.16660000000000058
4734,1504485.0,0.1660212962962969
4735,1504545.0,0.1656685185185191
4736,1504605.0,0.16593148148148207
4737,1504665.0,0.16580555555555615
4738,1504725.0,0.16589907407407467
4739,1504785.0,0.16543333333333393
4740,1504845.0,0.16526481481481542
4741,1504905.0,0.16465925925925987
4742,1504965.0,0.16507592592592654
4743,1505025.0,0.16626851851851915
4744,1505085.0,0.16741851851851916
4745,1505145.0,0.16880370370370434
4746,1505205.0,0.16785092592592654
4747,1505265.0,0.16756481481481547
4748,1505325.0,0.1682194444444451
4749,1505388.0,0.16916111111111176
4750,1505445.0,0.1700694444444451
4751,1505505.0,0.17179166666666731
4752,1505565.0,0.17230000000000065
4753,1505625.0,0.1721870370370377
4754,1505685.0,0.17189722222222287
4755,1505745.0,0.1714092592592599
4756,1505805.0,0.1704342592592599
4757,1505865.0,0.16922592592592656
4758,1505925.0,0.16836759259259326
4759,1505985.0,0.16804074074074138
4760,1506045.0,0.16808703703703767
4761,1506105.0,0.16820462962963026
4762,1506165.0,0.16825185185185249
4763,1506225.0,0.16842129629629693
4764,1506285.0,0.1687407407407414
4765,1506345.0,0.1696416666666673
4766,1506405.0,0.17051388888888952
4767,1506465.0,0.17102592592592655
4768,1506525.0,0.170845370370371
4769,1506585.0,0.17005740740740805
4770,1506645.0,0.1692305555555562
4771,1506705.0,0.16843888888888953
4772,1506765.0,0.1673731481481488
4773,1506825.0,0.16638888888888953
4774,1506885.0,0.16597962962963028
4775,1506945.0,0.1658518518518525
4776,1507005.0,0.1662777777777784
4777,1507065.0,0.16649351851851915
4778,1507125.0,0.1673814814814821
4779,1507185.0,0.16813981481481546
4780,1507245.0,0.1681240740740747
4781,1507305.0,0.16792222222222286
4782,1507365.0,0.1676870370370377
4783,1507425.0,0.16811111111111174
4784,1507485.0,0.16830092592592658
4785,1507545.0,0.1676870370370377
4786,1507605.0,0.16703333333333398
4787,1507665.0,0.16643611111111176
4788,1507725.0,0.16563333333333394
4789,1507785.0,0.16503981481481544
4790,1507845.0,0.16485462962963027
4791,1507905.0,0.16560370370370436
4792,1507965.0,0.166145370370371
4793,1508025.0,0.16559814814814874
4794,1508085.0,0.1645638888888895
4795,1508145.0,0.1636740740740747
4796,1508205.0,0.16305740740740804
4797,1508265.0,0.16318518518518582
4798,1508325.0,0.16313611111111176
4799,1508385.0,0.1624842592592599
4800,1508445.0,0.16173518518518584
4801,1508505.0,0.1617629629629636
4802,1508565.0,0.1618157407407414
4803,1508625.0,0.1618546296296303
4804,1508688.0,0.16238055555555622
4805,1508745.0,0.16248981481481548
4806,1508805.0,0.16262314814814882
4807,1508865.0,0.16225925925925996
4808,1508925.0,0.1619870370370377
4809,1508985.0,0.1617296296296303
4810,1509045.0,0.16151388888888954
4811,1509105.0,0.1615009259259266
4812,1509165.0,0.16211388888888956
4813,1509225.0,0.1623472222222229
4814,1509285.0,0.16299259259259327
4815,1509345.0,0.16325925925925994
4816,1509405.0,0.16327129629629694
4817,1509465.0,0.16405925925925993
4818,1509525.0,0.1648398148148155
4819,1509585.0,0.1647157407407414
4820,1509645.0,0.16422777777777844
4821,1509705.0,0.16420740740740808
4822,1509765.0,0.1646324074074081
4823,1509825.0,0.1652611111111118
4824,1509885.0,0.16589444444444515
4825,1509945.0,0.1668101851851859
4826,1510005.0,0.16765925925925998
4827,1510065.0,0.1685740740740748
4828,1510125.0,0.16961203703703776
4829,1510185.0,0.17030833333333406
4830,1510245.0,0.1705805555555563
4831,1510305.0,0.1704064814814822
4832,1510365.0,0.17030092592592666
4833,1510425.0,0.16979259259259333
4834,1510485.0,0.1691453703703711
4835,1510545.0,0.16937314814814888
4836,1510605.0,0.16997314814814887
4837,1510665.0,0.17048703703703774
4838,1510725.0,0.1707101851851859
4839,1510785.0,0.1710879629629637
4840,1510845.0,0.17155740740740813
4841,1510905.0,0.1719351851851859
4842,1510965.0,0.171196296296297
4843,1511025.0,0.17097685185185255
4844,1511085.0,0.1701990740740748
4845,1511145.0,0.17003148148148226
4846,1511205.0,0.16989722222222298
4847,1511268.0,0.1696944444444452
4848,1511325.0,0.16967129629629704
4849,1511385.0,0.1695870370370378
4850,1511445.0,0.1693157407407415
4851,1511505.0,0.1693018518518526
4852,1511565.0,0.1695555555555563
4853,1511625.0,0.16968981481481554
4854,1511685.0,0.16991574074074148
4855,1511745.0,0.1702277777777785
4856,1511805.0,0.17076944444444514
4857,1511865.0,0.17024722222222294
4858,1511925.0,0.16938240740740812
4859,1511985.0,0.16891203703703775
4860,1512045.0,0.1689250000000007
4861,1512105.0,0.16907962962963036
4862,1512165.0,0.1689453703703711
4863,1512225.0,0.16895370370370444
4864,1512285.0,0.1686379629629637
4865,1512345.0,0.16873148148148226
4866,1512405.0,0.16865740740740814
4867,1512465.0,0.16835555555555629
4868,1512525.0,0.16833425925926
4869,1512585.0,0.16861018518518592
4870,1512645.0,0.16885370370370445
4871,1512705.0,0.16952592592592666
4872,1512765.0,0.16888055555555628
4873,1512825.0,0.16874444444444514
4874,1512885.0,0.16954722222222296
4875,1512945.0,0.17041018518518591
4876,1513005.0,0.17084259259259332
4877,1513065.0,0.17102592592592664
4878,1513125.0,0.17039351851851925
4879,1513185.0,0.17033148148148222
4880,1513245.0,0.1706055555555563
4881,1513305.0,0.17028611111111186
4882,1513365.0,0.17032870370370445
4883,1513425.0,0.16917592592592665
4884,1513485.0,0.16822685185185254
4885,1513545.0,0.16805740740740813
4886,1513605.0,0.1688305555555563
4887,1513665.0,0.16968611111111184
4888,1513725.0,0.17080833333333406
4889,1513785.0,0.17136018518518592
4890,1513845.0,0.17146944444444515
4891,1513905.0,0.1714490740740748
4892,1513965.0,0.17158148148148222
4893,1514025.0,0.17165277777777851
4894,1514085.0,0.17099259259259333
4895,1514145.0,0.17053888888888966
4896,1514208.0,0.17006759259259333
4897,1514265.0,0.16971111111111184
4898,1514325.0,0.1687388888888896
4899,1514385.0,0.1688814814814822
4900,1514445.0,0.16939166666666738
4901,1514505.0,0.16992500000000071
4902,1514565.0,0.1704750000000007
4903,1514625.0,0.16976296296296367
4904,1514685.0,0.16857314814814886
4905,1514745.0,0.1683000000000007
4906,1514805.0,0.16846666666666738
4907,1514865.0,0.1680064814814822
4908,1514928.0,0.16788796296296368
4909,1514985.0,0.1679916666666674
4910,1515045.0,0.1690416666666674
4911,1515105.0,0.16946481481481554
4912,1515165.0,0.16990833333333405
4913,1515225.0,0.17049351851851924
4914,1515285.0,0.17123981481481554
4915,1515345.0,0.17176851851851924
4916,1515405.0,0.17170925925925998
4917,1515465.0,0.17191574074074145
4918,1515525.0,0.17212685185185256
4919,1515585.0,0.17246944444444515
4920,1515645.0,0.17219259259259329
4921,1515705.0,0.17221388888888958
4922,1515765.0,0.1715000000000007
4923,1515825.0,0.1702351851851859
4924,1515885.0,0.16912314814814886
4925,1515945.0,0.16831481481481553
4926,1516005.0,0.16799814814814887
4927,1516065.0,0.16769629629629698
4928,1516125.0,0.1674351851851859
4929,1516185.0,0.1672425925925933
4930,1516245.0,0.16733611111111182
4931,1516305.0,0.1664250000000007
4932,1516365.0,0.16626666666666734
4933,1516425.0,0.16621944444444514
4934,1516485.0,0.16626296296296367
4935,1516545.0,0.16600833333333406
4936,1516605.0,0.1662814814814822
4937,1516665.0,0.1670101851851859
4938,1516725.0,0.16754074074074146
4939,1516785.0,0.1672277777777785
4940,1516845.0,0.16683611111111182
4941,1516905.0,0.16673796296296367
4942,1516965.0,0.16725277777777847
4943,1517025.0,0.16787777777777846
4944,1517085.0,0.16849629629629698
4945,1517145.0,0.16898240740740808
4946,1517205.0,0.1692009259259266
4947,1517265.0,0.16916296296296365
4948,1517325.0,0.16890277777777846
4949,1517385.0,0.1686759259259266
4950,1517445.0,0.16879351851851918
4951,1517505.0,0.16988148148148213
4952,1517565.0,0.17148611111111176
4953,1517625.0,0.1721666666666673
4954,1517685.0,0.17223240740740806
4955,1517745.0,0.17251481481481545
4956,1517805.0,0.17282592592592655
4957,1517865.0,0.17353703703703766
4958,1517925.0,0.17397592592592653
4959,1517985.0,0.17441851851851914
4960,1518045.0,0.1743064814814821
4961,1518105.0,0.1739388888888895
4962,1518165.0,0.1735138888888895
4963,1518225.0,0.17286296296296358
4964,1518285.0,0.1719916666666673
4965,1518345.0,0.1720416666666673
4966,1518405.0,0.17274629629629693
4967,1518465.0,0.1731740740740747
4968,1518525.0,0.17422222222222286
4969,1518585.0,0.17533148148148212
4970,1518645.0,0.17637592592592655
4971,1518705.0,0.17683611111111172
4972,1518765.0,0.17682685185185246
4973,1518825.0,0.1766925925925932
4974,1518885.0,0.17667777777777838
4975,1518945.0,0.1768351851851858
4976,1519005.0,0.1770740740740747
4977,1519065.0,0.17678703703703766
4978,1519125.0,0.1773314814814821
4979,1519185.0,0.17719444444444504
4980,1519245.0,0.17716759259259318
4981,1519305.0,0.17763888888888948
4982,1519365.0,0.17882222222222285
4983,1519425.0,0.1803490740740747
4984,1519485.0,0.18090370370370432
4985,1519545.0,0.18152222222222286
4986,1519605.0,0.18156574074074136
4987,1519665.0,0.18187037037037102
4988,1519725.0,0.18194537037037095
4989,1519785.0,0.18200462962963024
4990,1519845.0,0.1819981481481488
4991,1519905.0,0.18159629629629687
4992,1519965.0,0.1802351851851858
4993,1520025.0,0.18012685185185248
4994,1520088.0,0.1803027777777784
4995,1520145.0,0.18098611111111174
4996,1520205.0,0.1822629629629636
4997,1520265.0,0.18264444444444508
4998,1520325.0,0.18277129629629693
4999,1520388.0,0.18232592592592656
5000,1520445.0,0.182245370370371
5001,1520505.0,0.18199722222222287
5002,1520565.0,0.18162500000000065
5003,1520625.0,0.1812685185185192
5004,1520685.0,0.18034629629629692
5005,1520745.0,0.17986388888888954
5006,1520805.0,0.18021666666666733
5007,1520865.0,0.18055648148148212
5008,1520925.0,0.1801231481481488
5009,1520985.0,0.17980925925925992
5010,1521045.0,0.18017222222222287
5011,1521108.0,0.1808046296296303
5012,1521165.0,0.18063611111111175
5013,1521225.0,0.1805148148148155
5014,1521285.0,0.1809509259259266
5015,1521345.0,0.18036111111111175
5016,1521405.0,0.17927500000000066
5017,1521465.0,0.1782944444444451
5018,1521525.0,0.178195370370371
5019,1521585.0,0.1786601851851858
5020,1521645.0,0.1789842592592599
5021,1521705.0,0.1791092592592599
5022,1521765.0,0.1795296296296303
5023,1521825.0,0.17981666666666732
5024,1521885.0,0.18085462962963028
5025,1521945.0,0.18135740740740805
5026,1522005.0,0.18191111111111172
5027,1522065.0,0.18293055555555615
5028,1522125.0,0.18418240740740804
5029,1522185.0,0.18488703703703768
5030,1522245.0,0.18538425925925991
5031,1522305.0,0.18567500000000065
5032,1522365.0,0.1860879629629636
5033,1522425.0,0.18614907407407474
5034,1522485.0,0.1855879629629636
5035,1522545.0,0.18567777777777844
5036,1522605.0,0.18541111111111175
5037,1522665.0,0.18605555555555625
5038,1522725.0,0.18708888888888955
5039,1522785.0,0.1880370370370377
5040,1522845.0,0.18781018518518586
5041,1522905.0,0.1880509259259266
5042,1522965.0,0.1882888888888896
5043,1523025.0,0.18865000000000068
5044,1523085.0,0.18884259259259328
5045,1523145.0,0.1880861111111118
5046,1523205.0,0.1873888888888896
5047,1523265.0,0.1876990740740748
5048,1523325.0,0.18830740740740806
5049,1523385.0,0.1882814814814822
5050,1523445.0,0.1881425925925933
5051,1523505.0,0.1883185185185192
5052,1523565.0,0.1889925925925933
5053,1523625.0,0.18937685185185252
5054,1523685.0,0.18913148148148215
5055,1523745.0,0.1889750000000007
5056,1523805.0,0.1891324074074081
5057,1523865.0,0.1889388888888896
5058,1523925.0,0.18836666666666735
5059,1523985.0,0.1871500000000007
5060,1524045.0,0.1873240740740748
5061,1524105.0,0.18709444444444515
5062,1524165.0,0.18663518518518588
5063,1524225.0,0.1875175925925933
5064,1524285.0,0.18853611111111185
5065,1524345.0,0.18945925925926
5066,1524405.0,0.18911666666666735
5067,1524465.0,0.1892194444444452
5068,1524525.0,0.18932500000000071
5069,1524588.0,0.1891500000000007
5070,1524645.0,0.189171296296297
5071,1524705.0,0.189121296296297
5072,1524765.0,0.18877500000000072
5073,1524825.0,0.18879629629629704
5074,1524885.0,0.18940000000000076
5075,1524945.0,0.19000277777777846
5076,1525005.0,0.1906416666666674
5077,1525065.0,0.1919731481481489
5078,1525125.0,0.1931907407407415
5079,1525185.0,0.19297407407407485
5080,1525245.0,0.19260277777777854
5081,1525305.0,0.19242777777777853
5082,1525365.0,0.19361111111111187
5083,1525425.0,0.1945620370370378
5084,1525485.0,0.19548333333333406
5085,1525545.0,0.1961000000000008
5086,1525605.0,0.1962435185185193
5087,1525665.0,0.19684722222222303
5088,1525725.0,0.19727407407407485
5089,1525785.0,0.1974259259259267
5090,1525845.0,0.19690555555555636
5091,1525905.0,0.1962324074074082
5092,1525965.0,0.1957203703703712
5093,1526025.0,0.19593148148148226
5094,1526085.0,0.1957111111111119
5095,1526145.0,0.1955370370370378
5096,1526205.0,0.1957870370370378
5097,1526265.0,0.19616759259259334
5098,1526325.0,0.19611111111111187
5099,1526385.0,0.19627314814814886
5100,1526445.0,0.19703240740740816
5101,1526505.0,0.19822685185185265
5102,1526565.0,0.1997546296296304
5103,1526625.0,0.20065370370370447
5104,1526685.0,0.2008907407407415
5105,1526745.0,0.20047222222222302
5106,1526805.0,0.2001759259259267
5107,1526865.0,0.19944814814814893
5108,1526925.0,0.19911666666666744
5109,1526985.0,0.19854351851851929
5110,1527045.0,0.1981546296296304
5111,1527105.0,0.1984583333333341
5112,1527165.0,0.19884351851851928
5113,1527225.0,0.19947037037037116
5114,1527285.0,0.20032592592592668
5115,1527345.0,0.20163148148148224
5116,1527405.0,0.20292592592592668
5117,1527465.0,0.20342592592592668
5118,1527525.0,0.20378240740740816
5119,1527585.0,0.20460925925926
5120,1527645.0,0.2055194444444452
5121,1527705.0,0.20573148148148224
5122,1527765.0,0.20492407407407484
5123,1527825.0,0.20412592592592668
5124,1527885.0,0.20379722222222302
5125,1527945.0,0.20330555555555632
5126,1528005.0,0.20235648148148225
5127,1528065.0,0.20147037037037116
5128,1528125.0,0.20177037037037115
5129,1528185.0,0.2032509259259267
5130,1528245.0,0.20371296296296373
5131,1528305.0,0.20355925925926
5132,1528365.0,0.20305740740740816
5133,1528425.0,0.2033018518518526
5134,1528485.0,0.20347129629629704
5135,1528545.0,0.20338333333333408
5136,1528605.0,0.20307037037037112
5137,1528665.0,0.20307870370370448
5138,1528725.0,0.2032620370370378
5139,1528785.0,0.2034370370370378
5140,1528845.0,0.20390370370370448
5141,1528905.0,0.2044907407407415
5142,1528965.0,0.20508518518518595
5143,1529025.0,0.20532222222222302
5144,1529085.0,0.20592407407407484
5145,1529145.0,0.20600370370370447
5146,1529205.0,0.2055648148148156
5147,1529265.0,0.2052500000000008
5148,1529325.0,0.2063731481481489
5149,1529385.0,0.20672777777777854
5150,1529445.0,0.20660740740740816
5151,1529505.0,0.2065731481481489
5152,1529565.0,0.20698518518518594
5153,1529625.0,0.20748888888888964
5154,1529685.0,0.20818611111111185
5155,1529745.0,0.2087314814814822
5156,1529805.0,0.20943425925926
5157,1529865.0,0.2101453703703711
5158,1529925.0,0.2100694444444452
5159,1529985.0,0.21072962962963035
5160,1530045.0,0.21114074074074146
5161,1530105.0,0.21093703703703776
5162,1530165.0,0.20991481481481555
5163,1530225.0,0.20857592592592664
5164,1530285.0,0.20886666666666734
5165,1530348.0,0.20888333333333406
5166,1530408.0,0.2081824074074081
5167,1530465.0,0.20850925925925995
5168,1530525.0,0.2091138888888896
5169,1530585.0,0.209658333333334
5170,1530645.0,0.2101055555555562
5171,1530705.0,0.2111907407407414
5172,1530768.0,0.21238518518518584
5173,1530825.0,0.21286203703703768
5174,1530885.0,0.21319629629629694
5175,1530945.0,0.2139166666666673
5176,1531005.0,0.21387592592592655
5177,1531065.0,0.2138629629629636
5178,1531125.0,0.213808333333334
5179,1531185.0,0.2142185185185192
5180,1531245.0,0.21394259259259324
5181,1531305.0,0.2135731481481488
5182,1531365.0,0.21487870370370435
5183,1531425.0,0.21539444444444508
5184,1531485.0,0.2166129629629636
5185,1531545.0,0.2174916666666673
5186,1531605.0,0.21765740740740805
5187,1531665.0,0.217695370370371
5188,1531725.0,0.2177768518518525
5189,1531785.0,0.21803518518518586
5190,1531845.0,0.21817129629629692
5191,1531905.0,0.21838703703703768
5192,1531965.0,0.21927500000000066
5193,1532025.0,0.2202564814814821
5194,1532085.0,0.2205879629629636
5195,1532145.0,0.2211018518518525
5196,1532205.0,0.2211018518518525
5197,1532265.0,0.22077870370370434
5198,1532325.0,0.2204416666666673
5199,1532385.0,0.219445370370371
5200,1532445.0,0.2195092592592599
5201,1532505.0,0.219333333333334
5202,1532565.0,0.21916759259259325
5203,1532625.0,0.21913425925925992
5204,1532685.0,0.21918981481481548
5205,1532745.0,0.21957129629629696
5206,1532805.0,0.22005925925925995
5207,1532865.0,0.2202546296296303
5208,1532925.0,0.2201481481481488
5209,1532985.0,0.21985740740740808
5210,1533045.0,0.21934629629629696
5211,1533105.0,0.21908796296296365
5212,1533165.0,0.21848703703703773
5213,1533225.0,0.21781203703703766
5214,1533285.0,0.21736944444444511
5215,1533345.0,0.21744166666666734
5216,1533405.0,0.21864259259259328
5217,1533465.0,0.2186685185185192
5218,1533525.0,0.2186648148148155
5219,1533585.0,0.21874444444444516
5220,1533645.0,0.2197888888888896
5221,1533705.0,0.22083703703703766
5222,1533765.0,0.2217398148148155
5223,1533825.0,0.22251759259259327
5224,1533885.0,0.22329537037037106
5225,1533945.0,0.22417962962963028
5226,1534005.0,0.2245287037037044
5227,1534065.0,0.22418518518518585
5228,1534125.0,0.2236037037037044
5229,1534185.0,0.22317592592592655
5230,1534245.0,0.22227037037037106
5231,1534305.0,0.22185185185185247
5232,1534365.0,0.2212935185185192
5233,1534425.0,0.22097314814814886
5234,1534485.0,0.22144166666666731
5235,1534545.0,0.22139259259259328
5236,1534605.0,0.2215287037037044
5237,1534665.0,0.22210277777777848
5238,1534725.0,0.2230444444444452
5239,1534785.0,0.2242351851851859
5240,1534845.0,0.22376203703703776
5241,1534905.0,0.22435185185185255
5242,1534965.0,0.22503981481481555
5243,1535025.0,0.2248851851851859
5244,1535085.0,0.22457129629629705
5245,1535145.0,0.22456574074074145
5246,1535205.0,0.22399629629629703
5247,1535265.0,0.2241361111111118
5248,1535325.0,0.2240037037037044
5249,1535385.0,0.22356574074074145
5250,1535445.0,0.22364166666666732
5251,1535505.0,0.22393425925925994
5252,1535565.0,0.22444259259259328
5253,1535625.0,0.2247472222222229
5254,1535685.0,0.22507037037037106
5255,1535745.0,0.22540925925925995
5256,1535805.0,0.22570555555555624
5257,1535865.0,0.22537129629629696
5258,1535925.0,0.22505277777777846
5259,1535985.0,0.22557129629629702
5260,1536045.0,0.2265268518518525
5261,1536105.0,0.2268611111111118
5262,1536165.0,0.22577129629629694
5263,1536225.0,0.22516666666666732
5264,1536285.0,0.22334907407407475
5265,1536345.0,0.22177685185185253
5266,1536405.0,0.2212574074074081
5267,1536465.0,0.22166574074074144
5268,1536525.0,0.22240833333333404
5269,1536585.0,0.22324166666666734
5270,1536645.0,0.22423796296296367
5271,1536708.0,0.2260175925925933
5272,1536768.0,0.2273851851851859
5273,1536825.0,0.2273185185185192
5274,1536885.0,0.2277250000000007
5275,1536945.0,0.2282148148148155
5276,1537005.0,0.2285379629629637
5277,1537065.0,0.22822592592592664
5278,1537125.0,0.22755462962963036
5279,1537185.0,0.2278601851851859
5280,1537245.0,0.2277675925925933
5281,1537305.0,0.22731111111111185
5282,1537365.0,0.22669074074074144
5283,1537425.0,0.2263925925925933
5284,1537485.0,0.2270620370370377
5285,1537545.0,0.2282361111111118
5286,1537605.0,0.22908425925926
5287,1537665.0,0.23054074074074146
5288,1537725.0,0.23174629629629695
5289,1537785.0,0.23288425925925996
5290,1537845.0,0.2338824074074081
5291,1537905.0,0.2339009259259266
5292,1537965.0,0.23357037037037104
5293,1538025.0,0.2324148148148155
5294,1538085.0,0.23093518518518585
5295,1538145.0,0.2292546296296303
5296,1538205.0,0.22894537037037105
5297,1538265.0,0.22832129629629694
5298,1538325.0,0.2294324074074081
5299,1538385.0,0.22914907407407475
5300,1538445.0,0.22847777777777845
5301,1538505.0,0.2288546296296303
5302,1538565.0,0.2292935185185192
5303,1538625.0,0.2299259259259266
5304,1538685.0,0.2298944444444451
5305,1538745.0,0.23071388888888955
5306,1538805.0,0.23192407407407475
5307,1538865.0,0.2333666666666673
5308,1538925.0,0.23410925925925996
5309,1538985.0,0.2335259259259266
5310,1539045.0,0.23354074074074144
5311,1539105.0,0.2339675925925933
5312,1539165.0,0.23424444444444514
5313,1539225.0,0.2332203703703711
5314,1539285.0,0.23231574074074146
5315,1539345.0,0.2328425925925933
5316,1539405.0,0.2332601851851859
5317,1539465.0,0.2332194444444452
5318,1539525.0,0.2332129629629637
5319,1539585.0,0.2334861111111119
5320,1539645.0,0.23379629629629706
5321,1539705.0,0.2340138888888897
5322,1539765.0,0.2341481481481489
5323,1539825.0,0.2343379629629637
5324,1539885.0,0.2349175925925933
5325,1539945.0,0.23474629629629706
5326,1540005.0,0.2351490740740748
5327,1540065.0,0.2352925925925933
5328,1540125.0,0.2337657407407415
5329,1540185.0,0.2324407407407415
5330,1540245.0,0.23212500000000075
5331,1540305.0,0.2317287037037045
5332,1540365.0,0.2317546296296304
5333,1540428.0,0.23169166666666746
5334,1540485.0,0.23148148148148226
5335,1540545.0,0.2314037037037045
5336,1540605.0,0.23119259259259334
5337,1540665.0,0.2309750000000008
5338,1540725.0,0.23062129629629705
5339,1540785.0,0.23108703703703776
5340,1540845.0,0.2309148148148156
5341,1540905.0,0.2315425925925933
5342,1540965.0,0.2335611111111119
5343,1541025.0,0.2349620370370378
5344,1541085.0,0.2347231481481489
5345,1541145.0,0.23474537037037116
5346,1541205.0,0.2355796296296304
5347,1541265.0,0.2353675925925933
5348,1541325.0,0.2350185185185193
5349,1541385.0,0.23513703703703775
5350,1541445.0,0.23550925925926
5351,1541505.0,0.2353675925925933
5352,1541565.0,0.2346722222222229
5353,1541625.0,0.2337555555555563
5354,1541685.0,0.2331675925925933
5355,1541745.0,0.2327305555555563
5356,1541805.0,0.23303425925926
5357,1541865.0,0.2334620370370377
5358,1541925.0,0.2337805555555563
5359,1541985.0,0.23398425925926
5360,1542045.0,0.2343500000000007
5361,1542105.0,0.2352666666666674
5362,1542165.0,0.2341888888888896
5363,1542225.0,0.2330833333333341
5364,1542285.0,0.2321851851851859
5365,1542345.0,0.23129074074074146
5366,1542405.0,0.23045092592592664
5367,1542465.0,0.2308425925925933
5368,1542525.0,0.2305731481481489
5369,1542585.0,0.2301490740740748
5370,1542645.0,0.2297324074074081
5371,1542705.0,0.22963425925926
5372,1542765.0,0.22922685185185254
5373,1542825.0,0.22885833333333405
5374,1542885.0,0.22952870370370446
5375,1542945.0,0.23006481481481555
5376,1543005.0,0.23082129629629702
5377,1543065.0,0.2315398148148155
5378,1543125.0,0.23173796296296365
5379,1543185.0,0.2322537037037044
5380,1543245.0,0.23186944444444516
5381,1543305.0,0.2311138888888896
5382,1543365.0,0.2310870370370377
5383,1543425.0,0.23086111111111174
5384,1543485.0,0.2307907407407414
5385,1543545.0,0.2304129629629636
5386,1543605.0,0.2301870370370377
5387,1543665.0,0.2301509259259266
5388,1543725.0,0.2297666666666673
5389,1543785.0,0.22967407407407475
5390,1543845.0,0.2299185185185192
5391,1543905.0,0.2303472222222229
5392,1543965.0,0.2307666666666673
5393,1544025.0,0.23145277777777845
5394,1544085.0,0.23219629629629696
5395,1544145.0,0.23258055555555626
5396,1544205.0,0.23131296296296364
5397,1544265.0,0.23062037037037106
5398,1544325.0,0.2295592592592599
5399,1544385.0,0.2287861111111117
5400,1544445.0,0.22740000000000066
5401,1544505.0,0.22627500000000064
5402,1544565.0,0.2265527777777784
5403,1544625.0,0.2263564814814821
5404,1544685.0,0.2259111111111117
5405,1544745.0,0.22593055555555616
5406,1544805.0,0.2264527777777784
5407,1544865.0,0.2259240740740747
5408,1544925.0,0.2252157407407413
5409,1544985.0,0.2255777777777784
5410,1545045.0,0.2265944444444451
5411,1545105.0,0.2262037037037043
5412,1545165.0,0.2266879629629636
5413,1545225.0,0.22649074074074135
5414,1545285.0,0.22565092592592656
5415,1545345.0,0.2254768518518525
5416,1545405.0,0.2252120370370377
5417,1545465.0,0.2248444444444451
5418,1545525.0,0.2244685185185192
5419,1545585.0,0.2253324074074081
5420,1545645.0,0.2257787037037044
5421,1545705.0,0.22630277777777846
5422,1545765.0,0.2266425925925933
5423,1545825.0,0.22729907407407474
5424,1545885.0,0.2282185185185192
5425,1545945.0,0.22876111111111175
5426,1546005.0,0.2295814814814821
5427,1546065.0,0.2292564814814821
5428,1546125.0,0.2296648148148155
5429,1546185.0,0.23108148148148214
5430,1546245.0,0.23197407407407475
5431,1546305.0,0.23224537037037105
5432,1546365.0,0.23199907407407475
5433,1546425.0,0.231408333333334
5434,1546485.0,0.2308185185185192
5435,1546545.0,0.2302685185185192
5436,1546605.0,0.22951388888888954
5437,1546665.0,0.2287935185185192
5438,1546725.0,0.22785000000000066
5439,1546785.0,0.2265444444444451
5440,1546845.0,0.22577592592592655
5441,1546905.0,0.2265962962962969
5442,1546965.0,0.2270805555555562
5443,1547025.0,0.2271324074074081
5444,1547085.0,0.2285712962962969
5445,1547145.0,0.23002592592592655
5446,1547205.0,0.2308379629629636
5447,1547265.0,0.23081388888888954
5448,1547325.0,0.2306842592592599
5449,1547385.0,0.23052037037037104
5450,1547445.0,0.2300574074074081
5451,1547505.0,0.2290750000000007
5452,1547565.0,0.2279444444444451
5453,1547625.0,0.2274759259259266
5454,1547685.0,0.2268074074074081
5455,1547745.0,0.2253296296296303
5456,1547805.0,0.22586111111111185
5457,1547865.0,0.2260648148148155
5458,1547925.0,0.2270574074074081
5459,1547985.0,0.22703703703703776
5460,1548045.0,0.2274407407407415
5461,1548105.0,0.22794351851851924
5462,1548165.0,0.2283527777777785
5463,1548225.0,0.2289620370370377
5464,1548285.0,0.2293648148148155
5465,1548345.0,0.22845092592592664
5466,1548405.0,0.2273722222222229
5467,1548465.0,0.22654074074074146
5468,1548525.0,0.2264240740740748
5469,1548585.0,0.22675925925926
5470,1548645.0,0.22613703703703775
5471,1548705.0,0.2268546296296304
5472,1548765.0,0.22630925925926
5473,1548825.0,0.2271055555555563
5474,1548885.0,0.22849537037037115
5475,1548945.0,0.2294407407407415
5476,1549005.0,0.22890740740740814
5477,1549065.0,0.2294296296296304
5478,1549125.0,0.2288250000000008
5479,1549185.0,0.2293759259259267
5480,1549245.0,0.2300712962962971
5481,1549308.0,0.230235185185186
5482,1549365.0,0.23103148148148225
5483,1549425.0,0.2316620370370378
5484,1549485.0,0.23213425925926004
5485,1549545.0,0.2325138888888897
5486,1549605.0,0.2320879629629637
5487,1549665.0,0.2313361111111119
5488,1549725.0,0.2307500000000008
5489,1549785.0,0.23093888888888964
5490,1549845.0,0.2310824074074081
5491,1549905.0,0.2296675925925933
5492,1549965.0,0.22843703703703774
5493,1550025.0,0.2284583333333341
5494,1550085.0,0.2313277777777785
5495,1550145.0,0.23163148148148224
5496,1550205.0,0.23184351851851925
5497,1550265.0,0.23176388888888966
5498,1550325.0,0.2317398148148156
5499,1550385.0,0.2314129629629637
5500,1550445.0,0.2309203703703711
5501,1550505.0,0.2306379629629637
5502,1550565.0,0.23102407407407485
5503,1550625.0,0.2312555555555563
5504,1550685.0,0.2310129629629637
5505,1550745.0,0.23146388888888966
5506,1550805.0,0.2312870370370378
5507,1550865.0,0.2309148148148156
5508,1550925.0,0.23105925925926
5509,1550985.0,0.2312287037037045
5510,1551045.0,0.2311796296296304
5511,1551105.0,0.2313333333333341
5512,1551165.0,0.23127222222222302
5513,1551225.0,0.2313027777777785
5514,1551285.0,0.2314287037037045
5515,1551345.0,0.2320861111111119
5516,1551405.0,0.2326148148148156
5517,1551465.0,0.23277777777777856
5518,1551525.0,0.2335305555555563
5519,1551585.0,0.2334759259259267
5520,1551645.0,0.2345685185185193
5521,1551705.0,0.234235185185186
5522,1551765.0,0.2324231481481489
5523,1551825.0,0.2313259259259267
5524,1551885.0,0.2307888888888897
5525,1551945.0,0.2294074074074082
5526,1552005.0,0.22863796296296374
5527,1552065.0,0.2286175925925934
5528,1552125.0,0.2300250000000008
5529,1552185.0,0.2301277777777786
5530,1552245.0,0.22983796296296374
5531,1552305.0,0.23042685185185266
5532,1552365.0,0.2314953703703712
5533,1552428.0,0.2324611111111119
5534,1552485.0,0.2323305555555564
5535,1552545.0,0.2324537037037045
5536,1552605.0,0.2325444444444453
5537,1552665.0,0.232660185185186
5538,1552725.0,0.2328953703703712
5539,1552785.0,0.233236111111112
5540,1552845.0,0.23285370370370456
5541,1552905.0,0.2326916666666675
5542,1552965.0,0.23210648148148236
5543,1553025.0,0.232836111111112
5544,1553085.0,0.2334296296296305
5545,1553145.0,0.2341222222222231
5546,1553205.0,0.2346083333333342
5547,1553265.0,0.2341296296296305
5548,1553325.0,0.2345074074074083
5549,1553385.0,0.2352388888888897
5550,1553445.0,0.2357296296296305
5551,1553505.0,0.2364166666666675
5552,1553565.0,0.2371018518518527
5553,1553625.0,0.2375722222222231
5554,1553685.0,0.2372342592592601
5555,1553745.0,0.2365648148148157
5556,1553805.0,0.23671759259259345
5557,1553865.0,0.2374546296296305
5558,1553925.0,0.2378555555555564
5559,1553985.0,0.2377018518518527
5560,1554045.0,0.23759351851851934
5561,1554105.0,0.2374759259259268
5562,1554165.0,0.239161111111112
5563,1554225.0,0.2400388888888897
5564,1554285.0,0.2405407407407416
5565,1554345.0,0.24124629629629715
5566,1554405.0,0.2414870370370379
5567,1554465.0,0.2415259259259268
5568,1554525.0,0.2415592592592601
5569,1554585.0,0.24189259259259344
5570,1554645.0,0.24216018518518606
5571,1554705.0,0.24190833333333414
5572,1554765.0,0.24179259259259345
5573,1554825.0,0.2408879629629638
5574,1554885.0,0.2411259259259268
5575,1554945.0,0.24198240740740826
5576,1555005.0,0.24303611111111195
5577,1555065.0,0.24365740740740824
5578,1555125.0,0.24468333333333414
5579,1555185.0,0.2458000000000008
5580,1555245.0,0.2476555555555564
5581,1555305.0,0.24910462962963045
5582,1555368.0,0.2490444444444453
5583,1555425.0,0.2493388888888897
5584,1555485.0,0.2495842592592601
5585,1555545.0,0.2493416666666675
5586,1555605.0,0.2491388888888897
5587,1555665.0,0.25007314814814896
5588,1555725.0,0.2509416666666675
5589,1555785.0,0.2506666666666675
5590,1555845.0,0.2498203703703712
5591,1555905.0,0.25055462962963043
5592,1555965.0,0.25160833333333416
5593,1556025.0,0.2524240740740749
5594,1556085.0,0.2534518518518527
5595,1556145.0,0.25405000000000083
5596,1556205.0,0.25469629629629714
5597,1556265.0,0.25541481481481565
5598,1556325.0,0.25607314814814897
5599,1556385.0,0.2555287037037045
5600,1556445.0,0.2555185185185193
5601,1556505.0,0.2553268518518527
5602,1556565.0,0.25500185185185265
5603,1556625.0,0.2548120370370378
5604,1556685.0,0.2544907407407415
5605,1556745.0,0.2542685185185193
5606,1556805.0,0.2536768518518526
5607,1556865.0,0.2545657407407415
5608,1556925.0,0.2542009259259267
5609,1556985.0,0.25336574074074153
5610,1557045.0,0.2526787037037045
5611,1557105.0,0.2523675925925934
5612,1557165.0,0.2523240740740749
5613,1557225.0,0.2534027777777786
5614,1557285.0,0.2546388888888897
5615,1557345.0,0.2558500000000008
5616,1557405.0,0.2573416666666675
5617,1557465.0,0.2589259259259267
5618,1557525.0,0.2603546296296304
5619,1557585.0,0.26216203703703783
5620,1557645.0,0.2628185185185193
5621,1557705.0,0.26201481481481564
5622,1557765.0,0.261548148148149
5623,1557825.0,0.26152500000000084
5624,1557885.0,0.2612083333333341
5625,1557945.0,0.2606212962962971
5626,1558005.0,0.259785185185186
5627,1558065.0,0.25849259259259344
5628,1558125.0,0.25972129629629714
5629,1558185.0,0.259823148148149
5630,1558245.0,0.2605768518518527
5631,1558305.0,0.2617888888888897
5632,1558365.0,0.2631870370370379
5633,1558425.0,0.2634537037037046
5634,1558485.0,0.26383148148148233
5635,1558545.0,0.265411111111112
5636,1558605.0,0.26491759259259345
5637,1558665.0,0.2649833333333342
5638,1558728.0,0.2647370370370379
5639,1558785.0,0.2641009259259268
5640,1558845.0,0.2629694444444453
5641,1558905.0,0.2627435185185194
5642,1558965.0,0.26168703703703794
5643,1559025.0,0.2620472222222231
5644,1559085.0,0.2622305555555564
5645,1559145.0,0.2634370370370379
5646,1559205.0,0.2646148148148157
5647,1559265.0,0.2656194444444453
5648,1559325.0,0.2655870370370379
5649,1559385.0,0.26532685185185273
5650,1559445.0,0.2657962962962972
5651,1559505.0,0.26522222222222314
5652,1559565.0,0.2658018518518528
5653,1559625.0,0.26570370370370466
5654,1559685.0,0.264437037037038
5655,1559745.0,0.26337592592592685
5656,1559805.0,0.26546851851851944
5657,1559865.0,0.2660268518518528
5658,1559928.0,0.26544351851851944
5659,1559985.0,0.2652462962962972
5660,1560045.0,0.2651944444444453
5661,1560105.0,0.2651962962962972
5662,1560165.0,0.2651009259259268
5663,1560225.0,0.2647638888888898
5664,1560285.0,0.2649916666666676
5665,1560345.0,0.2646046296296305
5666,1560405.0,0.26473333333333426
5667,1560465.0,0.2651009259259269
5668,1560525.0,0.26533148148148245
5669,1560585.0,0.2651935185185195
5670,1560645.0,0.2650601851851861
5671,1560705.0,0.2656601851851861
5672,1560765.0,0.26742870370370464
5673,1560825.0,0.2688055555555565
5674,1560888.0,0.2666388888888899
5675,1560945.0,0.2659805555555565
5676,1561005.0,0.2656055555555565
5677,1561065.0,0.26534907407407504
5678,1561125.0,0.2653074074074084
5679,1561185.0,0.2654074074074084
5680,1561245.0,0.26571759259259353
5681,1561305.0,0.26659722222222315
5682,1561365.0,0.2666101851851861
5683,1561425.0,0.26681203703703793
5684,1561485.0,0.2669648148148157
5685,1561545.0,0.26775185185185274
5686,1561605.0,0.26857870370370457
5687,1561665.0,0.2692546296296305
5688,1561725.0,0.26943240740740826
5689,1561785.0,0.2698777777777786
5690,1561845.0,0.2695037037037045
5691,1561905.0,0.2687398148148156
5692,1561965.0,0.2682564814814823
5693,1562025.0,0.2687055555555564
5694,1562085.0,0.26854722222222305
5695,1562145.0,0.266785185185186
5696,1562205.0,0.2664138888888897
5697,1562265.0,0.26561296296296383
5698,1562325.0,0.2651648148148157
5699,1562385.0,0.2656333333333342
5700,1562445.0,0.2657703703703713
5701,1562505.0,0.2660750000000009
5702,1562565.0,0.2668175925925935
5703,1562625.0,0.2674407407407416
5704,1562685.0,0.2678601851851861
5705,1562745.0,0.2693583333333342
5706,1562805.0,0.2704138888888897
5707,1562865.0,0.27063240740740824
5708,1562925.0,0.2696342592592601
5709,1562985.0,0.269873148148149
5710,1563045.0,0.2703694444444453
5711,1563105.0,0.2699490740740749
5712,1563165.0,0.26923611111111195
5713,1563225.0,0.26839259259259346
5714,1563285.0,0.26872129629629715
5715,1563345.0,0.2684944444444453
5716,1563405.0,0.2672407407407416
5717,1563465.0,0.26555833333333423
5718,1563525.0,0.2645944444444453
5719,1563585.0,0.2647314814814824
5720,1563645.0,0.2665814814814824
5721,1563705.0,0.2672268518518528
5722,1563765.0,0.26848981481481576
5723,1563825.0,0.2690694444444454
5724,1563885.0,0.26913796296296394
5725,1563945.0,0.2688222222222232
5726,1564005.0,0.26847037037037136
5727,1564065.0,0.2670861111111121
5728,1564125.0,0.26642407407407503
5729,1564185.0,0.26527129629629725
5730,1564245.0,0.2654407407407417
5731,1564305.0,0.2643935185185195
5732,1564365.0,0.26364814814814913
5733,1564425.0,0.2639509259259269
5734,1564485.0,0.2640462962962973
5735,1564545.0,0.2644768518518528
5736,1564605.0,0.26446481481481576
5737,1564665.0,0.26430370370370465
5738,1564725.0,0.26433148148148244
5739,1564785.0,0.26471851851851946
5740,1564845.0,0.26502962962963056
5741,1564905.0,0.2659750000000009
5742,1564965.0,0.26430277777777866
5743,1565025.0,0.2638601851851861
5744,1565085.0,0.2639833333333342
5745,1565145.0,0.2639666666666675
5746,1565205.0,0.2642268518518527
5747,1565265.0,0.2647444444444453
5748,1565325.0,0.26515740740740823
5749,1565385.0,0.2649388888888897
5750,1565445.0,0.26491111111111193
5751,1565505.0,0.265285185185186
5752,1565565.0,0.26574629629629715
5753,1565625.0,0.2671657407407416
5754,1565685.0,0.267260185185186
5755,1565745.0,0.2649064814814823
5756,1565805.0,0.26296018518518605
5757,1565865.0,0.2623990740740749
5758,1565925.0,0.26278148148148234
5759,1565985.0,0.2613759259259268
5760,1566045.0,0.25998518518518604
5761,1566105.0,0.2595046296296305
5762,1566165.0,0.25896296296296384
5763,1566225.0,0.2586342592592601
5764,1566285.0,0.2580657407407416
5765,1566345.0,0.2581694444444453
5766,1566405.0,0.25796574074074163
5767,1566465.0,0.2575500000000009
5768,1566525.0,0.257311111111112
5769,1566585.0,0.2575574074074083
5770,1566645.0,0.2585064814814824
5771,1566705.0,0.25852037037037123
5772,1566765.0,0.2581222222222231
5773,1566825.0,0.25875277777777866
5774,1566885.0,0.2582592592592601
5775,1566945.0,0.2577074074074083
5776,1567005.0,0.257186111111112
5777,1567065.0,0.2575462962962972
5778,1567125.0,0.2579768518518527
5779,1567185.0,0.2582805555555564
5780,1567245.0,0.2577759259259268
5781,1567305.0,0.25704814814814897
5782,1567365.0,0.2574537037037046
5783,1567425.0,0.257748148148149
5784,1567485.0,0.2579722222222231
5785,1567545.0,0.2580333333333342
5786,1567605.0,0.2586777777777787
5787,1567665.0,0.2579953703703713
5788,1567725.0,0.2579416666666676
5789,1567785.0,0.258111111111112
5790,1567845.0,0.2570583333333342
5791,1567905.0,0.25599907407407496
5792,1567965.0,0.2553250000000009
5793,1568025.0,0.2537388888888898
5794,1568085.0,0.25428333333333425
5795,1568145.0,0.2538101851851861
5796,1568205.0,0.25293425925926016
5797,1568265.0,0.25192314814814903
5798,1568325.0,0.25128796296296385
5799,1568385.0,0.25038611111111203
5800,1568445.0,0.2501083333333342
5801,1568505.0,0.2505722222222231
5802,1568565.0,0.2513759259259268
5803,1568625.0,0.2514222222222231
5804,1568685.0,0.2512666666666675
5805,1568745.0,0.2501305555555564
5806,1568808.0,0.2493629629629638
5807,1568865.0,0.2509462962962972
5808,1568925.0,0.24976666666666755
5809,1568985.0,0.2494148148148157
5810,1569045.0,0.2489370370370379
5811,1569105.0,0.24796666666666756
5812,1569165.0,0.24684259259259345
5813,1569225.0,0.2454407407407416
5814,1569285.0,0.24421666666666755
5815,1569345.0,0.2441555555555564
5816,1569405.0,0.24333240740740825
5817,1569465.0,0.242923148148149
5818,1569525.0,0.24305833333333415
5819,1569585.0,0.24342500000000086
5820,1569645.0,0.244198148148149
5821,1569705.0,0.24415648148148236
5822,1569765.0,0.2447509259259268
5823,1569825.0,0.2442342592592601
5824,1569885.0,0.243711111111112
5825,1569945.0,0.2434768518518527
5826,1570005.0,0.24316851851851934
5827,1570065.0,0.24259259259259344
5828,1570125.0,0.2421805555555564
5829,1570185.0,0.241636111111112
5830,1570245.0,0.24127314814814899
5831,1570305.0,0.24132777777777864
5832,1570365.0,0.2417240740740749
5833,1570425.0,0.2418055555555564
5834,1570485.0,0.24236018518518604
5835,1570545.0,0.2430240740740749
5836,1570605.0,0.24089629629629716
5837,1570665.0,0.24044629629629716
5838,1570725.0,0.24100277777777865
5839,1570785.0,0.24084351851851935
5840,1570845.0,0.2403055555555564
5841,1570905.0,0.2393944444444453
5842,1570965.0,0.2384722222222231
5843,1571028.0,0.2378009259259268
5844,1571085.0,0.2369888888888897
5845,1571145.0,0.23620000000000085
5846,1571205.0,0.2357907407407416
5847,1571265.0,0.23564259259259346
5848,1571325.0,0.2356712962962972
5849,1571385.0,0.23559166666666756
5850,1571445.0,0.2356222222222231
5851,1571505.0,0.23578888888888974
5852,1571565.0,0.2346944444444453
5853,1571625.0,0.23403796296296386
5854,1571685.0,0.2338805555555564
5855,1571745.0,0.23332777777777866
5856,1571805.0,0.23275648148148234
5857,1571865.0,0.2319194444444453
5858,1571925.0,0.2311638888888897
5859,1571985.0,0.23039814814814905
5860,1572045.0,0.22982870370370456
5861,1572105.0,0.2283518518518527
5862,1572165.0,0.22830277777777866
5863,1572225.0,0.22779074074074165
5864,1572285.0,0.22727685185185276
5865,1572345.0,0.2269333333333342
5866,1572405.0,0.2264490740740749
5867,1572465.0,0.2265694444444453
5868,1572525.0,0.2266907407407416
5869,1572585.0,0.22727870370370454
5870,1572645.0,0.2278953703703712
5871,1572705.0,0.228786111111112
5872,1572765.0,0.2293296296296305
5873,1572825.0,0.22893518518518605
5874,1572885.0,0.2289824074074083
5875,1572945.0,0.22893518518518605
5876,1573005.0,0.22754351851851934
5877,1573065.0,0.2270074074074083
5878,1573125.0,0.2258509259259268
5879,1573185.0,0.2239768518518527
5880,1573245.0,0.2240768518518527
5881,1573308.0,0.224098148148149
5882,1573365.0,0.22395370370370452
5883,1573425.0,0.2240240740740749
5884,1573485.0,0.2238759259259268
5885,1573545.0,0.22308240740740826
5886,1573605.0,0.2219537037037045
5887,1573665.0,0.22148148148148228
5888,1573725.0,0.2210703703703712
5889,1573785.0,0.2203212962962971
5890,1573845.0,0.21956481481481566
5891,1573905.0,0.21993333333333412
5892,1573965.0,0.2204148148148156
5893,1574025.0,0.22090185185185265
5894,1574085.0,0.22096296296296375
5895,1574145.0,0.22071481481481564
5896,1574205.0,0.2210342592592601
5897,1574265.0,0.2215398148148157
5898,1574325.0,0.22248518518518606
5899,1574385.0,0.22238148148148232
5900,1574445.0,0.220536111111112
5901,1574505.0,0.2194759259259268
5902,1574565.0,0.2187629629629638
5903,1574625.0,0.21807962962963048
5904,1574685.0,0.21765740740740824
5905,1574745.0,0.21756851851851933
5906,1574808.0,0.21761388888888966
5907,1574865.0,0.2184314814814823
5908,1574925.0,0.2184740740740749
5909,1574985.0,0.2189703703703712
5910,1575045.0,0.21787222222222305
5911,1575105.0,0.21742962962963044
5912,1575165.0,0.217960185185186
5913,1575225.0,0.2174675925925934
5914,1575285.0,0.21732962962963048
5915,1575345.0,0.2172666666666675
5916,1575405.0,0.2175768518518527
5917,1575465.0,0.21772500000000086
5918,1575525.0,0.2177379629629638
5919,1575585.0,0.21797962962963047
5920,1575645.0,0.21798148148148236
5921,1575705.0,0.2181509259259268
5922,1575765.0,0.2182953703703712
5923,1575825.0,0.21787129629629715
5924,1575885.0,0.21702870370370456
5925,1575945.0,0.2159657407407416
5926,1576005.0,0.21482962962963048
5927,1576065.0,0.2134407407407416
5928,1576125.0,0.21277407407407486
5929,1576185.0,0.21254444444444529
5930,1576245.0,0.21218240740740826
5931,1576305.0,0.2114564814814823
5932,1576365.0,0.21043611111111196
5933,1576425.0,0.20982962962963045
5934,1576485.0,0.20993240740740826
5935,1576545.0,0.2111027777777786
5936,1576605.0,0.21231203703703788
5937,1576665.0,0.2121694444444453
5938,1576725.0,0.2109953703703712
5939,1576785.0,0.2112509259259268
5940,1576845.0,0.2114657407407416
5941,1576905.0,0.211223148148149
5942,1576965.0,0.21109814814814898
5943,1577025.0,0.2108092592592601
5944,1577085.0,0.21073981481481568
5945,1577145.0,0.210560185185186
5946,1577205.0,0.2108675925925934
5947,1577265.0,0.2113907407407416
5948,1577325.0,0.21179259259259345
5949,1577385.0,0.21205648148148232
5950,1577445.0,0.212035185185186
5951,1577505.0,0.2116064814814823
5952,1577565.0,0.2104416666666675
5953,1577625.0,0.20907129629629712
5954,1577685.0,0.20797500000000085
5955,1577745.0,0.20722222222222306
5956,1577805.0,0.2069157407407416
5957,1577865.0,0.20604814814814895
5958,1577925.0,0.2049694444444453
5959,1577985.0,0.20416851851851936
5960,1578045.0,0.20420833333333416
5961,1578105.0,0.2041083333333342
5962,1578165.0,0.2038268518518527
5963,1578225.0,0.20350277777777864
5964,1578285.0,0.2033555555555564
5965,1578345.0,0.203386111111112
5966,1578405.0,0.203286111111112
5967,1578465.0,0.20251481481481567
5968,1578525.0,0.20254722222222307
5969,1578585.0,0.20246666666666752
5970,1578645.0,0.20341666666666752
5971,1578705.0,0.2044407407407416
5972,1578765.0,0.2049694444444453
5973,1578825.0,0.20554629629629714
5974,1578885.0,0.20363240740740826
5975,1578945.0,0.2027453703703712
5976,1579005.0,0.2025629629629638
5977,1579065.0,0.20245833333333416
5978,1579125.0,0.2019194444444453
5979,1579185.0,0.20143888888888967
5980,1579245.0,0.2003953703703712
5981,1579305.0,0.19951944444444528
5982,1579365.0,0.1985453703703712
5983,1579425.0,0.19836203703703786
5984,1579485.0,0.1984750000000008
5985,1579545.0,0.19953611111111194
5986,1579605.0,0.200423148148149
5987,1579665.0,0.1995509259259268
5988,1579725.0,0.1989092592592601
5989,1579785.0,0.19839351851851936
5990,1579845.0,0.19832777777777866
5991,1579905.0,0.19838240740740826
5992,1579965.0,0.19820277777777864
5993,1580025.0,0.19781388888888973
5994,1580085.0,0.1976370370370379
5995,1580145.0,0.1963944444444453
5996,1580205.0,0.19639351851851936
5997,1580265.0,0.1964305555555564
5998,1580325.0,0.19591944444444528
5999,1580385.0,0.1953759259259268
6000,1580445.0,0.19489629629629712
6001,1580505.0,0.1943138888888897
6002,1580565.0,0.19404444444444527
6003,1580625.0,0.1937212962962971
6004,1580685.0,0.19346481481481564
6005,1580745.0,0.19306944444444527
6006,1580805.0,0.1926805555555564
6007,1580865.0,0.19230740740740826
6008,1580925.0,0.19193611111111195
6009,1580985.0,0.19152962962963047
6010,1581045.0,0.19130648148148235
6011,1581105.0,0.19049722222222307
6012,1581165.0,0.1895759259259268
6013,1581225.0,0.18901388888888973
6014,1581285.0,0.1888055555555564
6015,1581345.0,0.1888740740740749
6016,1581405.0,0.1888342592592601
6017,1581465.0,0.18816203703703788
6018,1581525.0,0.18704629629629715
6019,1581585.0,0.18644629629629714
6020,1581645.0,0.1862240740740749
6021,1581705.0,0.1860916666666675
6022,1581765.0,0.18606388888888967
6023,1581825.0,0.18601851851851936
6024,1581885.0,0.18588703703703788
6025,1581945.0,0.18607129629629715
6026,1582005.0,0.18579351851851936
6027,1582065.0,0.18523518518518609
6028,1582125.0,0.18468611111111202
6029,1582185.0,0.18426296296296385
6030,1582245.0,0.1841083333333342
6031,1582305.0,0.18382870370370455
6032,1582365.0,0.18369074074074165
6033,1582425.0,0.1835722222222231
6034,1582485.0,0.18327314814814905
6035,1582545.0,0.1830537037037046
6036,1582605.0,0.18264537037037126
6037,1582665.0,0.18273888888888976
6038,1582725.0,0.1825574074074083
6039,1582785.0,0.18238796296296386
6040,1582845.0,0.1822537037037046
6041,1582905.0,0.18252037037037128
6042,1582965.0,0.1819064814814824
6043,1583028.0,0.1812888888888898
6044,1583085.0,0.180524074074075
6045,1583145.0,0.17951944444444534
6046,1583205.0,0.1788055555555565
6047,1583265.0,0.1778842592592602
6048,1583325.0,0.17755462962963056
6049,1583385.0,0.17712685185185278
6050,1583445.0,0.17699074074074167
6051,1583505.0,0.17678703703703794
6052,1583565.0,0.17616574074074168
6053,1583625.0,0.1758092592592602
6054,1583688.0,0.17538611111111205
6055,1583745.0,0.1757416666666676
6056,1583805.0,0.1760694444444454
6057,1583865.0,0.1760268518518528
6058,1583925.0,0.17666851851851947
6059,1583985.0,0.17808888888888985
6060,1584045.0,0.17774166666666766
6061,1584105.0,0.17660555555555651
6062,1584165.0,0.1755944444444454
6063,1584225.0,0.17533518518518615
6064,1584285.0,0.17518518518518614
6065,1584345.0,0.17516111111111207
6066,1584405.0,0.17546388888888986
6067,1584465.0,0.17530648148148245
6068,1584525.0,0.17493611111111207
6069,1584585.0,0.17463240740740835
6070,1584645.0,0.1745833333333343
6071,1584705.0,0.17379629629629728
6072,1584765.0,0.17299722222222322
6073,1584825.0,0.17256018518518618
6074,1584885.0,0.1721287037037047
6075,1584945.0,0.1721324074074084
6076,1585005.0,0.17198055555555655
6077,1585065.0,0.1715435185185195
6078,1585125.0,0.1701037037037047
6079,1585185.0,0.1690935185185195
6080,1585245.0,0.16943148148148246
6081,1585305.0,0.16963518518518614
6082,1585365.0,0.1698148148148158
6083,1585425.0,0.16976944444444544
6084,1585488.0,0.16979537037037135
6085,1585545.0,0.16963703703703806
6086,1585605.0,0.16980925925926024
6087,1585665.0,0.17014074074074173
6088,1585725.0,0.17035277777777874
6089,1585785.0,0.17027314814814914
6090,1585845.0,0.17024907407407508
6091,1585905.0,0.169900000000001
6092,1585965.0,0.16860833333333433
6093,1586025.0,0.16791574074074173
6094,1586085.0,0.16720833333333432
6095,1586145.0,0.1667722222222232
6096,1586205.0,0.16606574074074176
6097,1586265.0,0.16535648148148244
6098,1586325.0,0.1647935185185195
6099,1586385.0,0.16397314814814914
6100,1586445.0,0.16341944444444545
6101,1586505.0,0.1629787037037047
6102,1586565.0,0.162550000000001
6103,1586625.0,0.16248796296296394
6104,1586685.0,0.1624888888888899
6105,1586745.0,0.16259629629629732
6106,1586805.0,0.16293796296296398
6107,1586865.0,0.16315555555555658
6108,1586925.0,0.1627064814814825
6109,1586985.0,0.16190462962963065
6110,1587045.0,0.1607851851851862
6111,1587105.0,0.15988240740740842
6112,1587165.0,0.15937592592592695
6113,1587225.0,0.15893240740740844
6114,1587285.0,0.15850370370370473
6115,1587345.0,0.1578888888888899
6116,1587405.0,0.15759722222222325
6117,1587465.0,0.15734537037037138
6118,1587525.0,0.1572888888888899
6119,1587585.0,0.1572425925925936
6120,1587645.0,0.15719444444444544
6121,1587705.0,0.15686574074074175
6122,1587765.0,0.1560564814814825
6123,1587825.0,0.15524814814814916
6124,1587885.0,0.15441296296296395
6125,1587945.0,0.15410277777777878
6126,1588005.0,0.15357962962963062
6127,1588065.0,0.15312592592592691
6128,1588125.0,0.15289537037037135
6129,1588185.0,0.15263425925926025
6130,1588245.0,0.1526787037037047
6131,1588305.0,0.15296203703703806
6132,1588365.0,0.1534361111111121
6133,1588425.0,0.15358611111111212
6134,1588485.0,0.15410555555555655
6135,1588545.0,0.15412500000000098
6136,1588605.0,0.15385648148148245
6137,1588665.0,0.15326759259259354
6138,1588725.0,0.15326388888888987
6139,1588785.0,0.15334537037037135
6140,1588845.0,0.15317777777777875
6141,1588905.0,0.15228055555555656
6142,1588965.0,0.15092962962963066
6143,1589028.0,0.15049537037037136
6144,1589085.0,0.14943148148148247
6145,1589145.0,0.14855833333333432
6146,1589205.0,0.14820648148148247
6147,1589265.0,0.14854907407407505
6148,1589325.0,0.14799814814814913
6149,1589385.0,0.14749166666666766
6150,1589445.0,0.14670185185185286
6151,1589505.0,0.1458222222222232
6152,1589565.0,0.1449462962962973
6153,1589625.0,0.14485925925926027
6154,1589685.0,0.14481944444444544
6155,1589745.0,0.14491574074074173
6156,1589805.0,0.14475833333333432
6157,1589865.0,0.14484537037037135
6158,1589925.0,0.1455833333333343
6159,1589985.0,0.14599259259259356
6160,1590045.0,0.14674907407407506
6161,1590105.0,0.1466833333333343
6162,1590165.0,0.14709907407407505
6163,1590225.0,0.1472259259259269
6164,1590285.0,0.14708333333333432
6165,1590345.0,0.14689537037037134
6166,1590405.0,0.14684074074074172
6167,1590465.0,0.1469685185185195
6168,1590525.0,0.14659444444444542
6169,1590585.0,0.14592500000000094
6170,1590645.0,0.14456851851851948
6171,1590705.0,0.14354444444444542
6172,1590765.0,0.14340370370370467
6173,1590825.0,0.14461851851851948
6174,1590885.0,0.1454555555555565
6175,1590945.0,0.14560648148148242
6176,1591005.0,0.14507870370370465
6177,1591065.0,0.1444518518518528
6178,1591125.0,0.14402777777777873
6179,1591185.0,0.14378981481481576
6180,1591245.0,0.14363611111111205
6181,1591305.0,0.14385000000000095
6182,1591365.0,0.14378240740740836
6183,1591425.0,0.14358055555555652
6184,1591485.0,0.14336851851851948
6185,1591545.0,0.14331018518518615
6186,1591605.0,0.1435907407407417
6187,1591665.0,0.14391018518518614
6188,1591725.0,0.14429537037037135
6189,1591785.0,0.1446259259259269
6190,1591845.0,0.1446009259259269
6191,1591908.0,0.14505185185185285
6192,1591965.0,0.14528981481481582
6193,1592025.0,0.14557314814814915
6194,1592085.0,0.14575648148148249
6195,1592145.0,0.14577129629629731
6196,1592205.0,0.14574722222222325
6197,1592265.0,0.14577962962963065
6198,1592325.0,0.14604351851851954
6199,1592385.0,0.14650462962963065
6200,1592445.0,0.14688425925926027
6201,1592505.0,0.14638981481481586
6202,1592565.0,0.1454416666666677
6203,1592625.0,0.14468888888888992
6204,1592685.0,0.1439777777777788
6205,1592745.0,0.14367037037037142
6206,1592805.0,0.1436305555555566
6207,1592865.0,0.14375740740740844
6208,1592925.0,0.14369351851851955
6209,1592985.0,0.14365462962963066
6210,1593045.0,0.1433277777777788
6211,1593105.0,0.1431314814814825
6212,1593165.0,0.14318240740740842
6213,1593225.0,0.14301666666666768
6214,1593285.0,0.142750000000001
6215,1593345.0,0.14225833333333435
6216,1593408.0,0.1425101851851862
6217,1593465.0,0.14266481481481585
6218,1593525.0,0.14285370370370473
6219,1593585.0,0.14286851851851956
6220,1593645.0,0.14257962962963067
6221,1593705.0,0.142112962962964
6222,1593765.0,0.1416018518518529
6223,1593825.0,0.14192777777777882
6224,1593885.0,0.14258611111111216
6225,1593945.0,0.14308888888888993
6226,1594005.0,0.1434083333333344
6227,1594065.0,0.1437055555555566
6228,1594125.0,0.14341944444444552
6229,1594185.0,0.1426185185185196
6230,1594245.0,0.1417370370370381
6231,1594308.0,0.14060740740740849
6232,1594365.0,0.14005925925926033
6233,1594425.0,0.1395685185185196
6234,1594485.0,0.13908055555555662
6235,1594545.0,0.13896759259259367
6236,1594605.0,0.13902037037037146
6237,1594665.0,0.1395462962962974
6238,1594725.0,0.13947777777777887
6239,1594785.0,0.13824074074074186
6240,1594845.0,0.1371222222222233
6241,1594905.0,0.13769814814814926
6242,1594965.0,0.13839537037037145
6243,1595025.0,0.1381583333333344
6244,1595085.0,0.13783425925926032
6245,1595145.0,0.13768240740740847
6246,1595205.0,0.1374407407407418
6247,1595265.0,0.13687129629629735
6248,1595325.0,0.13626018518518626
6249,1595385.0,0.13570092592592695
6250,1595445.0,0.1349916666666677
6251,1595505.0,0.13485277777777882
6252,1595565.0,0.13494259259259364
6253,1595625.0,0.13531111111111216
6254,1595685.0,0.13561666666666772
6255,1595745.0,0.1354194444444455
6256,1595805.0,0.13559444444444552
6257,1595865.0,0.136525925925927
6258,1595925.0,0.13755185185185292
6259,1595985.0,0.13810648148148255
6260,1596045.0,0.1378333333333344
6261,1596105.0,0.1372157407407418
6262,1596165.0,0.13631666666666772
6263,1596225.0,0.13617962962963068
6264,1596285.0,0.1364092592592603
6265,1596345.0,0.1368296296296307
6266,1596405.0,0.1367694444444455
6267,1596465.0,0.1366083333333344
6268,1596525.0,0.13654629629629736
6269,1596585.0,0.13652777777777886
6270,1596645.0,0.13658981481481586
6271,1596705.0,0.13748240740740844
6272,1596765.0,0.13796203703703808
6273,1596825.0,0.1380305555555566
6274,1596885.0,0.13790648148148252
6275,1596945.0,0.13707222222222326
6276,1597005.0,0.13671388888888994
6277,1597065.0,0.1369703703703714
6278,1597125.0,0.1373231481481492
6279,1597185.0,0.1376092592592603
6280,1597245.0,0.1378694444444455
6281,1597305.0,0.13786666666666772
6282,1597365.0,0.13789259259259365
6283,1597425.0,0.1378222222222233
6284,1597488.0,0.13773518518518627
6285,1597545.0,0.13772685185185293
6286,1597605.0,0.13794259259259367
6287,1597665.0,0.13838611111111218
6288,1597725.0,0.13815648148148255
6289,1597785.0,0.1379944444444455
6290,1597845.0,0.1384907407407418
6291,1597905.0,0.13915648148148255
6292,1597965.0,0.14012222222222329
6293,1598025.0,0.1408333333333344
6294,1598085.0,0.14079907407407513
6295,1598145.0,0.14105740740740846
6296,1598205.0,0.14089814814814922
6297,1598265.0,0.14115462962963068
6298,1598325.0,0.1413333333333344
6299,1598385.0,0.14159537037037145
6300,1598445.0,0.14170740740740848
6301,1598505.0,0.1416870370370381
6302,1598565.0,0.1420472222222233
6303,1598625.0,0.14313703703703812
6304,1598685.0,0.14379629629629734
6305,1598745.0,0.14316851851851958
6306,1598805.0,0.14240740740740848
6307,1598865.0,0.14186388888888996
6308,1598925.0,0.14142407407407515
6309,1598985.0,0.14110185185185292
6310,1599045.0,0.14061481481481589
6311,1599105.0,0.14063240740740848
6312,1599165.0,0.14071018518518627
6313,1599225.0,0.1407611111111122
6314,1599285.0,0.14100555555555666
6315,1599348.0,0.1414435185185196
6316,1599405.0,0.14151944444444553
6317,1599465.0,0.14170277777777887
6318,1599525.0,0.14136759259259368
6319,1599585.0,0.14122777777777887
6320,1599645.0,0.1410175925925937
6321,1599705.0,0.14086018518518628
6322,1599765.0,0.14081574074074182
6323,1599825.0,0.14055648148148256
6324,1599885.0,0.14075370370370474
6325,1599945.0,0.14126481481481587
6326,1600005.0,0.14143240740740845
6327,1600065.0,0.14171388888888994
6328,1600125.0,0.14207870370370476
6329,1600185.0,0.142350925925927
6330,1600245.0,0.1429694444444455
6331,1600305.0,0.14370370370370478
6332,1600365.0,0.14461203703703812
6333,1600425.0,0.1448750000000011
6334,1600485.0,0.1447574074074085
6335,1600545.0,0.1443787037037048
6336,1600605.0,0.14444814814814924
6337,1600665.0,0.14436203703703812
6338,1600725.0,0.14417777777777885
6339,1600785.0,0.14405740740740847
6340,1600845.0,0.1440157407407418
6341,1600905.0,0.14406666666666773
6342,1600968.0,0.14331481481481587
6343,1601025.0,0.1426194444444455
6344,1601085.0,0.1420407407407418
6345,1601145.0,0.14185648148148253
6346,1601205.0,0.14150000000000104
6347,1601265.0,0.14117870370370475
6348,1601325.0,0.1419592592592603
6349,1601385.0,0.14277129629629734
6350,1601445.0,0.1427953703703714
6351,1601505.0,0.14266203703703806
6352,1601565.0,0.14211759259259366
6353,1601625.0,0.14150833333333435
6354,1601685.0,0.14158611111111216
6355,1601745.0,0.14211666666666772
6356,1601805.0,0.14277037037037146
6357,1601865.0,0.14309907407407513
6358,1601925.0,0.14334907407407513
6359,1601985.0,0.1436481481481492
6360,1602045.0,0.14421666666666771
6361,1602105.0,0.14457222222222327
6362,1602165.0,0.14467962962963068
6363,1602225.0,0.1445620370370381
6364,1602285.0,0.1443898148148159
6365,1602345.0,0.14425925925926034
6366,1602405.0,0.14399166666666774
6367,1602465.0,0.14413703703703812
6368,1602525.0,0.14475648148148254
6369,1602585.0,0.14556203703703813
6370,1602645.0,0.1464333333333344
6371,1602705.0,0.14718981481481588
6372,1602765.0,0.14756481481481587
6373,1602825.0,0.14777407407407514
6374,1602885.0,0.14862407407407513
6375,1602945.0,0.14905462962963067
6376,1603005.0,0.14866666666666772
6377,1603065.0,0.14802777777777884
6378,1603125.0,0.14717500000000105
6379,1603185.0,0.1461481481481492
6380,1603245.0,0.1452518518518529
6381,1603305.0,0.14600000000000105
6382,1603365.0,0.1470092592592603
6383,1603425.0,0.1481018518518529
6384,1603485.0,0.14921666666666772
6385,1603545.0,0.14974537037037142
6386,1603605.0,0.15019166666666772
6387,1603665.0,0.15061759259259366
6388,1603725.0,0.1511240740740751
6389,1603785.0,0.1511703703703714
6390,1603845.0,0.15092222222222326
6391,1603905.0,0.1508166666666677
6392,1603965.0,0.15100833333333438
6393,1604025.0,0.151362962962964
6394,1604085.0,0.15195740740740846
6395,1604145.0,0.15312592592592694
6396,1604205.0,0.15388981481481587
6397,1604265.0,0.1541805555555566
6398,1604325.0,0.15473981481481586
6399,1604385.0,0.15542500000000106
6400,1604445.0,0.15632314814814918
6401,1604505.0,0.1569842592592603
6402,1604565.0,0.15723240740740846
6403,1604625.0,0.15729074074074176
6404,1604685.0,0.15733888888888992
6405,1604745.0,0.15708981481481585
6406,1604805.0,0.15708796296296398
6407,1604865.0,0.15741296296296398
6408,1604925.0,0.1579962962962973
6409,1604988.0,0.15922962962963064
6410,1605045.0,0.16039166666666768
6411,1605105.0,0.16184444444444546
6412,1605165.0,0.16311851851851952
6413,1605225.0,0.16412962962963062
6414,1605285.0,0.16492500000000102
6415,1605345.0,0.16512777777777876
6416,1605405.0,0.16546388888888988
6417,1605465.0,0.16544814814814915
6418,1605525.0,0.1657685185185195
6419,1605585.0,0.16644907407407505
6420,1605645.0,0.16655277777777874
6421,1605705.0,0.16642592592592692
6422,1605765.0,0.16628703703703804
6423,1605825.0,0.16697222222222322
6424,1605885.0,0.16764907407407506
6425,1605945.0,0.16790648148148246
6426,1606005.0,0.1683472222222232
6427,1606068.0,0.1689324074074084
6428,1606125.0,0.16997592592592692
6429,1606185.0,0.17110555555555654
6430,1606245.0,0.17182129629629728
6431,1606305.0,0.17161018518518614
6432,1606365.0,0.17112685185185286
6433,1606425.0,0.1708546296296306
6434,1606485.0,0.17130740740740838
6435,1606545.0,0.1720148148148158
6436,1606605.0,0.17266111111111207
6437,1606665.0,0.17305925925926022
6438,1606725.0,0.17328888888888985
6439,1606785.0,0.1733407407407417
6440,1606845.0,0.17391111111111207
6441,1606905.0,0.17402500000000096
6442,1606965.0,0.17423425925926025
6443,1607025.0,0.1746444444444454
6444,1607085.0,0.17471296296296393
6445,1607145.0,0.17486111111111208
6446,1607205.0,0.17517500000000094
6447,1607265.0,0.1756046296296306
6448,1607325.0,0.1758694444444454
6449,1607385.0,0.1765944444444454
6450,1607445.0,0.1772833333333343
6451,1607505.0,0.17703981481481576
6452,1607565.0,0.1764944444444454
6453,1607625.0,0.17596018518518616
6454,1607685.0,0.1762342592592602
6455,1607745.0,0.17680740740740836
6456,1607805.0,0.1777018518518528
6457,1607865.0,0.17843703703703798
6458,1607925.0,0.17889907407407502
6459,1607985.0,0.1793129629629639
6460,1608045.0,0.17955740740740833
6461,1608105.0,0.17990740740740832
6462,1608165.0,0.1803601851851861
6463,1608225.0,0.18074537037037128
6464,1608285.0,0.18059722222222316
6465,1608345.0,0.18061111111111205
6466,1608405.0,0.18021481481481572
6467,1608465.0,0.1802953703703713
6468,1608525.0,0.1815879629629639
6469,1608585.0,0.1829768518518528
6470,1608645.0,0.1829601851851861
6471,1608705.0,0.18281111111111206
6472,1608765.0,0.18223796296296388
6473,1608825.0,0.1825212962962972
6474,1608885.0,0.18305925925926014
6475,1608945.0,0.18353981481481574
6476,1609005.0,0.18339351851851945
6477,1609065.0,0.18297314814814908
6478,1609125.0,0.18265462962963053
6479,1609185.0,0.1821212962962972
6480,1609245.0,0.18181111111111206
6481,1609305.0,0.18198055555555648
6482,1609365.0,0.18255000000000093
6483,1609425.0,0.18256388888888986
6484,1609485.0,0.1830592592592602
6485,1609545.0,0.18443333333333428
6486,1609605.0,0.1858944444444454
6487,1609665.0,0.18665092592592689
6488,1609725.0,0.18655740740740834
6489,1609785.0,0.1863722222222232
6490,1609845.0,0.18656759259259356
6491,1609905.0,0.18580462962963054
6492,1609965.0,0.18537407407407505
6493,1610025.0,0.1859268518518528
6494,1610085.0,0.1863185185185195
6495,1610145.0,0.1868537037037047
6496,1610205.0,0.1878175925925936
6497,1610265.0,0.1889157407407417
6498,1610325.0,0.1898935185185195
6499,1610385.0,0.18997037037037132
6500,1610445.0,0.1899731481481491
6501,1610505.0,0.19080370370370467
6502,1610565.0,0.19170833333333429
6503,1610625.0,0.19186481481481574
6504,1610685.0,0.1919805555555565
6505,1610745.0,0.19174907407407504
6506,1610805.0,0.19178981481481575
6507,1610865.0,0.19207870370370467
6508,1610925.0,0.1928333333333343
6509,1610985.0,0.19327407407407504
6510,1611045.0,0.1935833333333343
6511,1611105.0,0.19386388888888986
6512,1611168.0,0.1942074074074084
6513,1611225.0,0.19398796296296394
6514,1611285.0,0.19408518518518614
6515,1611345.0,0.19433796296296396
6516,1611405.0,0.19383148148148246
6517,1611465.0,0.193350000000001
6518,1611525.0,0.1930472222222232
6519,1611585.0,0.19365925925926025
6520,1611645.0,0.19402314814814914
6521,1611705.0,0.1950509259259269
6522,1611765.0,0.19595833333333432
6523,1611825.0,0.1969185185185195
6524,1611885.0,0.19797407407407505
6525,1611945.0,0.19738703703703805
6526,1612005.0,0.1975398148148158
6527,1612065.0,0.1977435185185195
6528,1612125.0,0.19746666666666765
6529,1612185.0,0.19761944444444546
6530,1612245.0,0.19897407407407505
6531,1612305.0,0.2004675925925936
6532,1612365.0,0.20162407407407504
6533,1612425.0,0.2024222222222232
6534,1612485.0,0.20266203703703797
6535,1612545.0,0.2020009259259269
6536,1612605.0,0.20118148148148246
6537,1612665.0,0.20096759259259356
6538,1612725.0,0.2012768518518528
6539,1612785.0,0.20170370370370466
6540,1612845.0,0.20181111111111205
6541,1612905.0,0.20200000000000093
6542,1612965.0,0.202312037037038
6543,1613028.0,0.20246574074074167
6544,1613085.0,0.20182500000000086
6545,1613145.0,0.20110277777777869
6546,1613205.0,0.20059537037037128
6547,1613265.0,0.19955740740740832
6548,1613325.0,0.19861296296296388
6549,1613385.0,0.19795925925926014
6550,1613445.0,0.1972555555555565
6551,1613505.0,0.19667222222222314
6552,1613565.0,0.19655833333333425
6553,1613625.0,0.19637592592592684
6554,1613685.0,0.196224074074075
6555,1613745.0,0.19624351851851946
6556,1613805.0,0.19681296296296388
6557,1613865.0,0.1971166666666676
6558,1613925.0,0.1979916666666676
6559,1613985.0,0.19868796296296387
6560,1614045.0,0.19935185185185275
6561,1614105.0,0.1989166666666676
6562,1614165.0,0.19880000000000086
6563,1614225.0,0.19902500000000087
6564,1614285.0,0.19929444444444536
6565,1614345.0,0.199774074074075
6566,1614405.0,0.19992870370370466
6567,1614465.0,0.20016851851851944
6568,1614525.0,0.20000462962963056
6569,1614585.0,0.2007518518518528
6570,1614645.0,0.20174537037037127
6571,1614705.0,0.20245370370370466
6572,1614765.0,0.2024935185185195
6573,1614825.0,0.20149537037037132
6574,1614885.0,0.2010018518518528
6575,1614945.0,0.20034907407407504
6576,1615005.0,0.19998888888888985
6577,1615065.0,0.2001972222222232
6578,1615128.0,0.2003074074074084
6579,1615185.0,0.2004277777777788
6580,1615245.0,0.20067685185185286
6581,1615305.0,0.2013009259259269
6582,1615365.0,0.20178148148148248
6583,1615425.0,0.20217037037037136
6584,1615485.0,0.202037037037038
6585,1615548.0,0.20293055555555653
6586,1615605.0,0.20328425925926025
6587,1615665.0,0.2031675925925936
6588,1615725.0,0.20228333333333434
6589,1615785.0,0.20079351851851954
6590,1615845.0,0.20016203703703805
6591,1615905.0,0.19951111111111214
6592,1615965.0,0.19850462962963067
6593,1616025.0,0.1978731481481492
6594,1616085.0,0.19751018518518626
6595,1616145.0,0.1975287037037048
6596,1616205.0,0.19750092592592702
6597,1616265.0,0.1975111111111122
6598,1616325.0,0.19737500000000108
6599,1616385.0,0.19722685185185293
6600,1616445.0,0.19766296296296404
6601,1616505.0,0.19810000000000108
6602,1616565.0,0.1986037037037048
6603,1616625.0,0.19835648148148252
6604,1616685.0,0.19812500000000108
6605,1616745.0,0.19869259259259367
6606,1616805.0,0.19926203703703813
6607,1616865.0,0.19967685185185294
6608,1616925.0,0.19991018518518627
6609,1616985.0,0.19977592592592705
6610,1617045.0,0.20002685185185293
6611,1617105.0,0.2009962962962974
6612,1617165.0,0.20208611111111224
6613,1617225.0,0.2017250000000011
6614,1617285.0,0.19997777777777886
6615,1617345.0,0.1983222222222233
6616,1617405.0,0.1989824074074085
6617,1617465.0,0.19883240740740848
6618,1617525.0,0.19865000000000108
6619,1617585.0,0.19938796296296404
6620,1617645.0,0.20018518518518627
6621,1617705.0,0.20137129629629735
6622,1617765.0,0.20228703703703813
6623,1617825.0,0.20237962962963071
6624,1617885.0,0.20258703703703806
6625,1617945.0,0.20260000000000108
6626,1618005.0,0.20250833333333446
6627,1618065.0,0.20183055555555665
6628,1618125.0,0.20130925925926035
6629,1618185.0,0.20110462962963072
6630,1618245.0,0.20073518518518627
6631,1618305.0,0.20058518518518625
6632,1618365.0,0.2007583333333344
6633,1618425.0,0.20090462962963068
6634,1618485.0,0.20035555555555665
6635,1618545.0,0.20135000000000106
6636,1618605.0,0.20117222222222328
6637,1618665.0,0.20086481481481588
6638,1618725.0,0.2006046296296307
6639,1618785.0,0.20072222222222327
6640,1618845.0,0.20122407407407514
6641,1618905.0,0.2012796296296307
6642,1618965.0,0.20159444444444552
6643,1619025.0,0.20154537037037146
6644,1619085.0,0.20153055555555666
6645,1619145.0,0.2011407407407418
6646,1619205.0,0.20059907407407515
6647,1619265.0,0.19939166666666772
6648,1619325.0,0.19815740740740848
6649,1619385.0,0.1967472222222233
6650,1619445.0,0.1964796296296307
6651,1619505.0,0.19641111111111215
6652,1619565.0,0.19697500000000107
6653,1619625.0,0.19652592592592702
6654,1619685.0,0.19675925925926036
6655,1619745.0,0.19681574074074185
6656,1619805.0,0.19751388888889
6657,1619865.0,0.1983111111111122
6658,1619925.0,0.19911759259259368
6659,1619985.0,0.20050277777777886
6660,1620045.0,0.20184444444444552
6661,1620105.0,0.20270185185185294
6662,1620165.0,0.20266666666666772
6663,1620225.0,0.20214444444444551
6664,1620285.0,0.20185000000000108
6665,1620345.0,0.20107129629629736
6666,1620405.0,0.19985462962963071
6667,1620465.0,0.19901574074074185
6668,1620525.0,0.1989898148148159
6669,1620585.0,0.19952962962963072
6670,1620645.0,0.19946944444444556
6671,1620705.0,0.2007777777777789
6672,1620765.0,0.2016287037037048
6673,1620825.0,0.2016333333333344
6674,1620885.0,0.20218796296296404
6675,1620945.0,0.20231666666666773
6676,1621005.0,0.20204814814814925
6677,1621065.0,0.2018250000000011
6678,1621125.0,0.20167037037037147
6679,1621185.0,0.2016435185185196
6680,1621245.0,0.2013972222222233
6681,1621305.0,0.2010972222222233
6682,1621365.0,0.2009250000000011
6683,1621425.0,0.2012777777777789
6684,1621485.0,0.2013212962962974
6685,1621545.0,0.2019000000000011
6686,1621605.0,0.20221666666666774
6687,1621665.0,0.20205555555555665
6688,1621725.0,0.20198148148148254
6689,1621785.0,0.20205462962963072
6690,1621845.0,0.20216574074074184
6691,1621905.0,0.20254722222222327
6692,1621965.0,0.20262777777777888
6693,1622025.0,0.20334074074074185
6694,1622085.0,0.2045037037037048
6695,1622145.0,0.2050537037037048
6696,1622205.0,0.20558055555555665
6697,1622265.0,0.20566388888889
6698,1622325.0,0.20541944444444554
6699,1622385.0,0.20463425925926035
6700,1622445.0,0.20343425925926034
6701,1622505.0,0.20158796296296405
6702,1622565.0,0.2010611111111122
6703,1622625.0,0.2004083333333344
6704,1622685.0,0.20035555555555665
6705,1622745.0,0.2014157407407418
6706,1622805.0,0.20190740740740848
6707,1622865.0,0.2022287037037048
6708,1622925.0,0.20242777777777884
6709,1622985.0,0.2026907407407418
6710,1623045.0,0.2029185185185196
6711,1623105.0,0.20251759259259366
6712,1623165.0,0.2019537037037048
6713,1623225.0,0.20076388888889
6714,1623285.0,0.20058703703703806
6715,1623345.0,0.20113425925926035
6716,1623405.0,0.2009333333333344
6717,1623465.0,0.20211388888888995
6718,1623525.0,0.2019620370370381
6719,1623585.0,0.20221296296296404
6720,1623645.0,0.2026546296296307
6721,1623705.0,0.20276296296296406
6722,1623765.0,0.20311203703703806
6723,1623825.0,0.20369537037037144
6724,1623885.0,0.20502685185185293
6725,1623945.0,0.206200925925927
6726,1624005.0,0.20722407407407514
6727,1624065.0,0.2082537037037048
6728,1624125.0,0.2086333333333344
6729,1624185.0,0.20803240740740847
6730,1624245.0,0.2079768518518529
6731,1624305.0,0.20723796296296398
6732,1624365.0,0.20700000000000104
6733,1624425.0,0.20656574074074174
6734,1624485.0,0.20523611111111212
6735,1624545.0,0.20528981481481584
6736,1624605.0,0.20570833333333435
6737,1624665.0,0.2066620370370381
6738,1624725.0,0.2070074074074084
6739,1624785.0,0.20729537037037135
6740,1624845.0,0.2070907407407417
6741,1624905.0,0.20754351851851952
6742,1624965.0,0.2077027777777788
6743,1625025.0,0.20699814814814912
6744,1625085.0,0.20597314814814915
6745,1625145.0,0.20469537037037136
6746,1625205.0,0.20456018518518615
6747,1625265.0,0.2033925925925936
6748,1625325.0,0.20248518518518616
6749,1625385.0,0.201775000000001
6750,1625445.0,0.20159166666666767
6751,1625505.0,0.20168981481481585
6752,1625565.0,0.20230925925926027
6753,1625625.0,0.2037462962962973
6754,1625685.0,0.2049166666666677
6755,1625745.0,0.20607222222222324
6756,1625805.0,0.20663611111111213
6757,1625865.0,0.20711944444444547
6758,1625925.0,0.2070175925925936
6759,1625985.0,0.2069027777777788
6760,1626045.0,0.20633055555555654
6761,1626105.0,0.20523611111111206
6762,1626165.0,0.204375000000001
6763,1626225.0,0.20410833333333436
6764,1626285.0,0.20426851851851952
6765,1626345.0,0.2039527777777788
6766,1626405.0,0.20440833333333436
6767,1626468.0,0.2046185185185195
6768,1626525.0,0.2056759259259269
6769,1626585.0,0.20709537037037132
6770,1626645.0,0.20766944444444546
6771,1626705.0,0.20830462962963064
6772,1626765.0,0.20894907407407504
6773,1626825.0,0.20955370370370469
6774,1626885.0,0.2099296296296306
6775,1626945.0,0.2104203703703713
6776,1627005.0,0.21004166666666765
6777,1627065.0,0.2092796296296306
6778,1627125.0,0.2092046296296306
6779,1627185.0,0.2083722222222232
6780,1627245.0,0.20795277777777876
6781,1627305.0,0.2072305555555565
6782,1627365.0,0.2067129629629639
6783,1627425.0,0.20604351851851946
6784,1627485.0,0.20606481481481576
6785,1627545.0,0.20581759259259352
6786,1627605.0,0.20545000000000094
6787,1627665.0,0.20549074074074167
6788,1627725.0,0.20531759259259352
6789,1627785.0,0.20536481481481572
6790,1627845.0,0.20555740740740835
6791,1627905.0,0.2055324074074084
6792,1627965.0,0.20556018518518607
6793,1628025.0,0.2057064814814824
6794,1628085.0,0.20688796296296388
6795,1628145.0,0.20867407407407496
6796,1628205.0,0.20749537037037127
6797,1628265.0,0.2065814814814824
6798,1628325.0,0.20676481481481573
6799,1628385.0,0.20561481481481567
6800,1628445.0,0.2053175925925935
6801,1628505.0,0.2053277777777787
6802,1628565.0,0.205349074074075
6803,1628625.0,0.20523796296296387
6804,1628685.0,0.20513425925926013
6805,1628745.0,0.20528703703703796
6806,1628805.0,0.20556944444444533
6807,1628865.0,0.20638611111111202
6808,1628925.0,0.2067157407407416
6809,1628985.0,0.2057870370370379
6810,1629045.0,0.205036111111112
6811,1629105.0,0.2049805555555564
6812,1629165.0,0.20488055555555645
6813,1629225.0,0.20514444444444527
6814,1629285.0,0.20537037037037129
6815,1629345.0,0.20407777777777866
6816,1629405.0,0.2034435185185194
6817,1629465.0,0.20291296296296385
6818,1629525.0,0.20283888888888976
6819,1629585.0,0.2024407407407416
6820,1629645.0,0.20197037037037124
6821,1629705.0,0.2020462962962972
6822,1629765.0,0.20171666666666754
6823,1629825.0,0.20193148148148235
6824,1629885.0,0.20266296296296385
6825,1629945.0,0.2042009259259268
6826,1630005.0,0.2042657407407416
6827,1630065.0,0.20623240740740828
6828,1630125.0,0.2077694444444453
6829,1630185.0,0.2090759259259268
6830,1630245.0,0.2100296296296305
6831,1630305.0,0.2108314814814824
6832,1630365.0,0.2104398148148157
6833,1630425.0,0.2107157407407416
6834,1630485.0,0.2103509259259268
6835,1630545.0,0.2101259259259268
6836,1630605.0,0.20991666666666756
6837,1630665.0,0.2097842592592601
6838,1630725.0,0.2096972222222231
6839,1630785.0,0.20962685185185276
6840,1630845.0,0.20943703703703792
6841,1630905.0,0.20829166666666754
6842,1630965.0,0.20785925925926013
6843,1631025.0,0.20784444444444533
6844,1631085.0,0.2077472222222231
6845,1631145.0,0.20719722222222312
6846,1631205.0,0.20776388888888975
6847,1631265.0,0.20874814814814904
6848,1631325.0,0.2102259259259268
6849,1631385.0,0.21032777777777867
6850,1631445.0,0.2108805555555565
6851,1631505.0,0.21081296296296387
6852,1631565.0,0.21085092592592686
6853,1631625.0,0.21097962962963052
6854,1631685.0,0.210774074074075
6855,1631745.0,0.211124074074075
6856,1631805.0,0.21059629629629725
6857,1631865.0,0.20942314814814908
6858,1631925.0,0.20916111111111205
6859,1631985.0,0.21032129629629726
6860,1632045.0,0.21126481481481574
6861,1632105.0,0.2122027777777787
6862,1632165.0,0.21208611111111209
6863,1632225.0,0.21139444444444536
6864,1632285.0,0.2116092592592602
6865,1632345.0,0.21056574074074166
6866,1632405.0,0.21013981481481572
6867,1632465.0,0.20958611111111208
6868,1632525.0,0.2094129629629639
6869,1632585.0,0.2093296296296306
6870,1632645.0,0.2091833333333343
6871,1632705.0,0.20875185185185285
6872,1632765.0,0.2082009259259269
6873,1632825.0,0.2075259259259269
6874,1632885.0,0.2066731481481491
6875,1632945.0,0.2070444444444454
6876,1633005.0,0.20776759259259356
6877,1633065.0,0.2090342592592602
6878,1633125.0,0.20975000000000094
6879,1633185.0,0.21026018518518613
6880,1633245.0,0.21087037037037126
6881,1633305.0,0.21226759259259356
6882,1633365.0,0.21281851851851946
6883,1633425.0,0.21283518518518613
6884,1633485.0,0.21141851851851945
6885,1633545.0,0.21133611111111206
6886,1633605.0,0.2111268518518528
6887,1633665.0,0.21209074074074166
6888,1633725.0,0.21228055555555644
6889,1633785.0,0.2125324074074083
6890,1633845.0,0.21266574074074165
6891,1633905.0,0.21295555555555648
6892,1633965.0,0.21320555555555648
6893,1634025.0,0.2139203703703713
6894,1634085.0,0.214312037037038
6895,1634145.0,0.21445092592592685
6896,1634205.0,0.21496944444444535
6897,1634265.0,0.21328888888888986
6898,1634325.0,0.21285462962963056
6899,1634385.0,0.21134444444444536
6900,1634445.0,0.20984722222222316
6901,1634505.0,0.20888703703703795
6902,1634565.0,0.20808611111111205
6903,1634625.0,0.20771851851851944
6904,1634685.0,0.20721111111111204
6905,1634745.0,0.20747592592592687
6906,1634805.0,0.2077092592592602
6907,1634865.0,0.20761759259259355
6908,1634925.0,0.20746203703703797
6909,1634985.0,0.20822870370370467
6910,1635045.0,0.20883611111111208
6911,1635105.0,0.2102425925925936
6912,1635165.0,0.21136296296296395
6913,1635225.0,0.21243796296296394
6914,1635285.0,0.21402314814814916
6915,1635345.0,0.21430925925926025
6916,1635405.0,0.2139222222222232
6917,1635465.0,0.2135018518518528
6918,1635525.0,0.2133814814814824
6919,1635585.0,0.21347500000000091
6920,1635645.0,0.21289722222222315
6921,1635705.0,0.2125129629629639
6922,1635765.0,0.21476759259259354
6923,1635825.0,0.21544351851851945
6924,1635885.0,0.21651574074074167
6925,1635945.0,0.21766851851851945
6926,1636005.0,0.21763888888888985
6927,1636065.0,0.2185564814814824
6928,1636125.0,0.219799074074075
6929,1636185.0,0.22042870370370465
6930,1636245.0,0.220674074074075
6931,1636305.0,0.22069259259259352
6932,1636365.0,0.2197527777777787
6933,1636428.0,0.21890462962963056
6934,1636488.0,0.2178379629629639
6935,1636545.0,0.2174064814814824
6936,1636605.0,0.21719074074074168
6937,1636665.0,0.21680370370370464
6938,1636725.0,0.21697592592592685
6939,1636785.0,0.21712129629629726
6940,1636845.0,0.21780462962963054
6941,1636905.0,0.21885462962963054
6942,1636965.0,0.21956574074074167
6943,1637025.0,0.21943333333333426
6944,1637085.0,0.21969722222222315
6945,1637145.0,0.2205018518518528
6946,1637205.0,0.22112870370370466
6947,1637265.0,0.2220416666666676
6948,1637325.0,0.22188333333333427
6949,1637385.0,0.222012037037038
6950,1637445.0,0.2222055555555565
6951,1637505.0,0.22150925925926016
6952,1637565.0,0.2210648148148157
6953,1637625.0,0.2208388888888898
6954,1637685.0,0.22008703703703794
6955,1637745.0,0.21907037037037128
6956,1637805.0,0.2191462962962972
6957,1637865.0,0.22164537037037127
6958,1637925.0,0.222249074074075
6959,1637985.0,0.22343796296296387
6960,1638045.0,0.2241768518518528
6961,1638105.0,0.22515833333333424
6962,1638165.0,0.2257648148148157
6963,1638225.0,0.2265259259259268
6964,1638285.0,0.2260962962962972
6965,1638345.0,0.2258037037037046
6966,1638405.0,0.22581666666666755
6967,1638465.0,0.2252462962962972
6968,1638525.0,0.2239037037037046
6969,1638585.0,0.2230000000000009
6970,1638645.0,0.2222148148148157
6971,1638705.0,0.22231296296296385
6972,1638765.0,0.2220685185185194
6973,1638825.0,0.2226962962962972
6974,1638885.0,0.222999074074075
6975,1638945.0,0.22274814814814906
6976,1639005.0,0.22328518518518609
6977,1639065.0,0.22446481481481573
6978,1639125.0,0.2248768518518528
6979,1639185.0,0.22645925925926014
6980,1639245.0,0.2271962962962972
6981,1639305.0,0.22790185185185274
6982,1639365.0,0.2285203703703713
6983,1639425.0,0.22866388888888975
6984,1639485.0,0.2277148148148157
6985,1639545.0,0.2266351851851861
6986,1639605.0,0.22546574074074166
6987,1639665.0,0.22589907407407495
6988,1639725.0,0.2262425925925935
6989,1639785.0,0.2272351851851861
6990,1639845.0,0.22854814814814906
6991,1639908.0,0.2295101851851861
6992,1639965.0,0.2308194444444453
6993,1640025.0,0.2318500000000009
6994,1640085.0,0.2332962962962972
6995,1640145.0,0.2345250000000009
6996,1640205.0,0.2354833333333343
6997,1640265.0,0.23583611111111205
6998,1640325.0,0.23577870370370466
6999,1640385.0,0.2355111111111121
7000,1640445.0,0.2353805555555565
7001,1640505.0,0.2344759259259269
7002,1640565.0,0.23328425925926025
7003,1640625.0,0.23263796296296396
7004,1640685.0,0.2319898148148158
7005,1640745.0,0.23155925925926024
7006,1640805.0,0.23262037037037134
7007,1640865.0,0.2318388888888899
7008,1640925.0,0.2312861111111121
7009,1640985.0,0.2309953703703713
7010,1641045.0,0.231187037037038
7011,1641105.0,0.2312333333333343
7012,1641165.0,0.2318138888888899
7013,1641225.0,0.2316555555555565
7014,1641285.0,0.2311657407407417
7015,1641348.0,0.2315990740740751
7016,1641405.0,0.2319333333333343
7017,1641465.0,0.2321388888888899
7018,1641525.0,0.2316425925925936
7019,1641585.0,0.23066944444444545
7020,1641645.0,0.22967407407407506
7021,1641705.0,0.23053425925926024
7022,1641765.0,0.2316259259259269
7023,1641825.0,0.2316787037037047
7024,1641885.0,0.23290833333333436
7025,1641945.0,0.2343148148148158
7026,1642005.0,0.2351462962962973
7027,1642065.0,0.2358277777777788
7028,1642125.0,0.23589814814814916
7029,1642185.0,0.2367037037037047
7030,1642245.0,0.2369833333333343
7031,1642305.0,0.2368638888888899
7032,1642365.0,0.2366388888888899
7033,1642425.0,0.2363675925925936
7034,1642485.0,0.23573425925926025
7035,1642545.0,0.2349185185185195
7036,1642605.0,0.2342962962962973
7037,1642665.0,0.23418333333333435
7038,1642725.0,0.23381018518518615
7039,1642788.0,0.2346759259259269
7040,1642845.0,0.2347555555555565
7041,1642905.0,0.2345907407407417
7042,1642965.0,0.2353407407407417
7043,1643025.0,0.2363435185185195
7044,1643085.0,0.2367537037037047
7045,1643145.0,0.23769814814814916
7046,1643205.0,0.23796203703703805
7047,1643265.0,0.23880000000000096
7048,1643325.0,0.23886296296296394
7049,1643385.0,0.2387166666666677
7050,1643445.0,0.2382425925925936
7051,1643505.0,0.23732685185185284
7052,1643565.0,0.2373175925925936
7053,1643625.0,0.2380685185185195
7054,1643685.0,0.23859444444444544
7055,1643745.0,0.23853425925926025
7056,1643805.0,0.2383240740740751
7057,1643865.0,0.237875000000001
7058,1643925.0,0.2380722222222232
7059,1643985.0,0.23825925925926025
7060,1644045.0,0.2393537037037047
7061,1644105.0,0.24000000000000102
7062,1644165.0,0.24027685185185285
7063,1644225.0,0.2411287037037047
7064,1644285.0,0.24295925925926026
7065,1644345.0,0.2436074074074084
7066,1644405.0,0.2442462962962973
7067,1644465.0,0.24349722222222325
7068,1644525.0,0.24237222222222324
7069,1644585.0,0.24101851851851955
7070,1644645.0,0.23976851851851955
7071,1644705.0,0.2414814814814825
7072,1644765.0,0.2424814814814825
7073,1644825.0,0.24334074074074175
7074,1644885.0,0.24367592592592696
7075,1644945.0,0.2440981481481492
7076,1645005.0,0.2448833333333344
7077,1645065.0,0.2462361111111121
7078,1645125.0,0.24714907407407516
7079,1645185.0,0.2485564814814825
7080,1645245.0,0.2496546296296307
7081,1645305.0,0.25017129629629736
7082,1645365.0,0.2504861111111122
7083,1645425.0,0.2500787037037048
7084,1645485.0,0.2498870370370381
7085,1645545.0,0.2490981481481492
7086,1645605.0,0.2483268518518529
7087,1645665.0,0.2482166666666677
7088,1645725.0,0.24847129629629736
7089,1645785.0,0.24836018518518624
7090,1645845.0,0.247237962962964
7091,1645905.0,0.2471796296296307
7092,1645965.0,0.2461768518518529
7093,1646025.0,0.24539814814814925
7094,1646085.0,0.24478055555555664
7095,1646145.0,0.2445074074074085
7096,1646205.0,0.24488425925926036
7097,1646265.0,0.2453657407407418
7098,1646325.0,0.2459518518518529
7099,1646385.0,0.24662777777777886
7100,1646445.0,0.24822129629629736
7101,1646505.0,0.24926388888888995
7102,1646565.0,0.24761111111111214
7103,1646625.0,0.24750370370370475
7104,1646685.0,0.247012962962964
7105,1646745.0,0.2460268518518529
7106,1646805.0,0.2450324074074085
7107,1646865.0,0.2440583333333344
7108,1646925.0,0.24298796296296404
7109,1646985.0,0.24398888888889
7110,1647045.0,0.24391296296296405
7111,1647105.0,0.2437824074074085
7112,1647165.0,0.24459166666666776
7113,1647225.0,0.24534444444444556
7114,1647285.0,0.2465222222222233
7115,1647345.0,0.2467851851851863
7116,1647405.0,0.24715092592592705
7117,1647465.0,0.2474083333333344
7118,1647525.0,0.24738518518518626
7119,1647585.0,0.2475425925925937
7120,1647648.0,0.2474648148148159
7121,1647705.0,0.24738518518518626
7122,1647765.0,0.2473601851851863
7123,1647825.0,0.2476518518518529
7124,1647885.0,0.24748611111111216
7125,1647945.0,0.2461018518518529
7126,1648005.0,0.24519074074074185
7127,1648065.0,0.24415925925926035
7128,1648125.0,0.2432555555555566
7129,1648185.0,0.2439472222222233
7130,1648245.0,0.24398518518518625
7131,1648305.0,0.2446064814814825
7132,1648365.0,0.24523518518518625
7133,1648425.0,0.2455500000000011
7134,1648485.0,0.2465944444444455
7135,1648545.0,0.2474657407407418
7136,1648605.0,0.24730092592592695
7137,1648665.0,0.2448370370370381
7138,1648725.0,0.24370092592592701
7139,1648785.0,0.2432064814814825
7140,1648845.0,0.2438990740740752
7141,1648905.0,0.2439166666666677
7142,1648965.0,0.2439324074074085
7143,1649025.0,0.24369907407407515
7144,1649085.0,0.24451296296296404
7145,1649145.0,0.2446500000000011
7146,1649205.0,0.24431388888889
7147,1649268.0,0.2443370370370381
7148,1649325.0,0.2449333333333344
7149,1649385.0,0.2450250000000011
7150,1649445.0,0.2456324074074085
7151,1649505.0,0.245275925925927
7152,1649565.0,0.24479814814814926
7153,1649625.0,0.2443611111111122
7154,1649685.0,0.2441435185185196
7155,1649748.0,0.244050925925927
7156,1649805.0,0.2438944444444455
7157,1649865.0,0.24405555555555666
7158,1649925.0,0.24392592592592705
7159,1649985.0,0.2432675925925937
7160,1650045.0,0.24181944444444556
7161,1650105.0,0.2400777777777789
7162,1650165.0,0.2391250000000011
7163,1650225.0,0.2381194444444455
7164,1650285.0,0.23948611111111215
7165,1650345.0,0.2406722222222233
7166,1650405.0,0.24207407407407516
7167,1650465.0,0.241662962962964
7168,1650525.0,0.2419370370370381
7169,1650585.0,0.24214629629629736
7170,1650645.0,0.24205925925926036
7171,1650705.0,0.24192777777777885
7172,1650765.0,0.2416425925925937
7173,1650825.0,0.24149259259259365
7174,1650885.0,0.2409370370370381
7175,1650945.0,0.24037129629629736
7176,1651005.0,0.2397472222222233
7177,1651065.0,0.2388444444444455
7178,1651125.0,0.2379898148148159
7179,1651185.0,0.2375925925925937
7180,1651245.0,0.23842037037037145
7181,1651305.0,0.2394046296296307
7182,1651365.0,0.2406074074074085
7183,1651425.0,0.2409620370370381
7184,1651488.0,0.24146388888889
7185,1651545.0,0.241050925925927
7186,1651605.0,0.2406074074074085
7187,1651665.0,0.2406268518518529
7188,1651725.0,0.2403324074074085
7189,1651785.0,0.2402574074074085
7190,1651845.0,0.24010000000000106
7191,1651905.0,0.2396768518518529
7192,1651965.0,0.2397231481481492
7193,1652025.0,0.24013055555555665
7194,1652085.0,0.2408620370370381
7195,1652145.0,0.2406518518518529
7196,1652205.0,0.2405435185185196
7197,1652265.0,0.24034537037037146
7198,1652325.0,0.24082592592592705
7199,1652385.0,0.24158888888889
7200,1652445.0,0.24249166666666774
7201,1652505.0,0.24251574074074184
7202,1652565.0,0.24215925925926035
7203,1652625.0,0.2423796296296307
7204,1652685.0,0.2406870370370381
7205,1652745.0,0.2392472222222233
7206,1652805.0,0.23810092592592705
7207,1652865.0,0.23640185185185295
7208,1652925.0,0.23642870370370486
7209,1652988.0,0.2357231481481493
7210,1653045.0,0.2351675925925937
7211,1653105.0,0.2351324074074085
7212,1653165.0,0.2351777777777789
7213,1653225.0,0.23530462962963075
7214,1653285.0,0.2354000000000011
7215,1653345.0,0.23570092592592706
7216,1653405.0,0.23720185185185294
7217,1653465.0,0.2384814814814826
7218,1653525.0,0.23792962962963074
7219,1653585.0,0.2353037037037048
7220,1653645.0,0.2346370370370381
7221,1653705.0,0.2341203703703715
7222,1653765.0,0.2338685185185196
7223,1653825.0,0.2336398148148159
7224,1653885.0,0.2334203703703715
7225,1653945.0,0.23322962962963076
7226,1654005.0,0.2331842592592604
7227,1654065.0,0.2328324074074085
7228,1654125.0,0.2322175925925937
7229,1654185.0,0.23200092592592705
7230,1654245.0,0.23214814814814924
7231,1654305.0,0.23283425925926035
7232,1654365.0,0.2328268518518529
7233,1654425.0,0.2321990740740752
7234,1654485.0,0.2316972222222233
7235,1654545.0,0.2310722222222233
7236,1654605.0,0.2306925925925937
7237,1654665.0,0.23009814814814925
7238,1654725.0,0.22950555555555666
7239,1654785.0,0.22885833333333444
7240,1654845.0,0.22806944444444555
7241,1654905.0,0.2271740740740752
7242,1654965.0,0.22720092592592706
7243,1655025.0,0.2269787037037048
7244,1655085.0,0.22711388888889
7245,1655145.0,0.2271898148148159
7246,1655205.0,0.22723425925926036
7247,1655265.0,0.2269925925925937
7248,1655325.0,0.22813518518518625
7249,1655385.0,0.2293231481481492
7250,1655445.0,0.2305222222222233
7251,1655505.0,0.22889537037037144
7252,1655565.0,0.22818888888889
7253,1655625.0,0.2272000000000011
7254,1655685.0,0.2264046296296307
7255,1655745.0,0.22599629629629736
7256,1655805.0,0.2253314814814825
7257,1655865.0,0.22407500000000108
7258,1655925.0,0.22503796296296405
7259,1655985.0,0.2252722222222233
7260,1656045.0,0.22540092592592706
7261,1656105.0,0.2258990740740752
7262,1656165.0,0.2261435185185196
7263,1656225.0,0.2264898148148159
7264,1656285.0,0.2260074074074085
7265,1656345.0,0.22688888888889
7266,1656405.0,0.22747962962963075
7267,1656465.0,0.2279277777777789
7268,1656525.0,0.2283925925925937
7269,1656585.0,0.2285898148148159
7270,1656645.0,0.22937037037037145
7271,1656705.0,0.2287111111111122
7272,1656765.0,0.2283175925925937
7273,1656825.0,0.22766944444444556
7274,1656885.0,0.2295750000000011
7275,1656945.0,0.2298231481481492
7276,1657005.0,0.23003518518518626
7277,1657065.0,0.23009907407407515
7278,1657125.0,0.2298981481481492
7279,1657185.0,0.2297398148148159
7280,1657245.0,0.22967870370370475
7281,1657305.0,0.2298277777777788
7282,1657368.0,0.2296027777777788
7283,1657425.0,0.2292314814814825
7284,1657485.0,0.22837500000000105
7285,1657545.0,0.227612962962964
7286,1657605.0,0.2283805555555566
7287,1657665.0,0.22930277777777885
7288,1657725.0,0.22941574074074175
7289,1657785.0,0.2277120370370381
7290,1657845.0,0.22724259259259366
7291,1657905.0,0.2268592592592603
7292,1657965.0,0.2263842592592603
7293,1658025.0,0.22592037037037135
7294,1658085.0,0.2250777777777788
7295,1658145.0,0.22440555555555655
7296,1658205.0,0.22376574074074174
7297,1658265.0,0.22369351851851954
7298,1658325.0,0.22337129629629726
7299,1658385.0,0.22293333333333434
7300,1658445.0,0.22251944444444546
7301,1658505.0,0.22221481481481584
7302,1658565.0,0.22200000000000106
7303,1658625.0,0.22190555555555655
7304,1658685.0,0.222137962962964
7305,1658745.0,0.22276111111111213
7306,1658805.0,0.22242037037037135
7307,1658865.0,0.22204166666666766
7308,1658925.0,0.22216018518518615
7309,1658985.0,0.22085833333333432
7310,1659045.0,0.22038055555555652
7311,1659105.0,0.22017314814814914
7312,1659165.0,0.219837962962964
7313,1659225.0,0.21912500000000096
7314,1659285.0,0.21862870370370469
7315,1659345.0,0.2185814814814825
7316,1659405.0,0.2194583333333343
7317,1659465.0,0.22048148148148247
7318,1659525.0,0.22072314814814914
7319,1659585.0,0.22044444444444544
7320,1659645.0,0.21895185185185284
7321,1659705.0,0.2180611111111121
7322,1659765.0,0.2176037037037047
7323,1659825.0,0.21764907407407505
7324,1659885.0,0.21735648148148248
7325,1659945.0,0.21726296296296396
7326,1660005.0,0.2174333333333343
7327,1660065.0,0.2175185185185195
7328,1660128.0,0.21780185185185286
7329,1660185.0,0.2184472222222232
7330,1660245.0,0.2181074074074084
7331,1660305.0,0.2180898148148158
7332,1660365.0,0.21843518518518612
7333,1660425.0,0.2182518518518528
7334,1660485.0,0.2175194444444454
7335,1660545.0,0.21705648148148246
7336,1660605.0,0.21701111111111207
7337,1660665.0,0.216387037037038
7338,1660725.0,0.21596481481481575
7339,1660785.0,0.2159305555555565
7340,1660845.0,0.21648703703703798
7341,1660905.0,0.21705185185185286
7342,1660965.0,0.2167055555555565
7343,1661025.0,0.21710648148148248
7344,1661085.0,0.21643425925926024
7345,1661145.0,0.21603055555555653
7346,1661205.0,0.21562037037037132
7347,1661265.0,0.21514907407407505
7348,1661325.0,0.2147009259259269
7349,1661385.0,0.2142796296296306
7350,1661445.0,0.21415092592592688
7351,1661505.0,0.2141555555555565
7352,1661565.0,0.2143444444444454
7353,1661625.0,0.2140981481481491
7354,1661685.0,0.2138509259259269
7355,1661745.0,0.21389074074074169
7356,1661805.0,0.21397592592592687
7357,1661865.0,0.2144731481481491
7358,1661925.0,0.21433055555555647
7359,1661985.0,0.21417777777777874
7360,1662045.0,0.21262962962963056
7361,1662105.0,0.2117379629629639
7362,1662165.0,0.21109259259259355
7363,1662225.0,0.21070092592592685
7364,1662285.0,0.21052314814814907
7365,1662345.0,0.21048611111111204
7366,1662405.0,0.2108305555555565
7367,1662465.0,0.2105657407407417
7368,1662525.0,0.21055370370370466
7369,1662585.0,0.21089907407407504
7370,1662645.0,0.21077407407407506
7371,1662705.0,0.2112101851851861
7372,1662765.0,0.21073611111111207
7373,1662825.0,0.2101342592592602
7374,1662885.0,0.2094972222222232
7375,1662945.0,0.20897777777777876
7376,1663005.0,0.20913333333333428
7377,1663065.0,0.20926666666666766
7378,1663125.0,0.2092175925925936
7379,1663185.0,0.20890555555555654
7380,1663248.0,0.2084824074074084
7381,1663305.0,0.208212962962964
7382,1663365.0,0.2078722222222232
7383,1663425.0,0.20798333333333432
7384,1663485.0,0.20875462962963065
7385,1663545.0,0.2096435185185195
7386,1663605.0,0.2100222222222232
7387,1663665.0,0.21028055555555653
7388,1663725.0,0.2084675925925936
7389,1663785.0,0.20794166666666766
7390,1663845.0,0.20765092592592693
7391,1663905.0,0.2069574074074084
7392,1663965.0,0.2061814814814825
7393,1664025.0,0.2053212962962973
7394,1664085.0,0.20479907407407508
7395,1664145.0,0.20423518518518616
7396,1664205.0,0.20336574074074174
7397,1664265.0,0.20276203703703805
7398,1664325.0,0.20346574074074172
7399,1664385.0,0.20383611111111213
7400,1664445.0,0.2035925925925936
7401,1664505.0,0.20414444444444546
7402,1664565.0,0.20447500000000104
7403,1664625.0,0.2043601851851862
7404,1664685.0,0.20442500000000105
7405,1664745.0,0.20458055555555654
7406,1664805.0,0.20484166666666767
7407,1664865.0,0.2051787037037047
7408,1664925.0,0.20529907407407508
7409,1664985.0,0.2050611111111121
7410,1665045.0,0.20448611111111206
7411,1665105.0,0.20390740740740845
7412,1665165.0,0.203275000000001
7413,1665225.0,0.2033277777777788
7414,1665285.0,0.20335555555555654
7415,1665345.0,0.2033074074074084
7416,1665405.0,0.20296111111111206
7417,1665465.0,0.2029638888888899
7418,1665525.0,0.2027472222222232
7419,1665585.0,0.20299351851851952
7420,1665645.0,0.20280555555555652
7421,1665705.0,0.20244444444444545
7422,1665765.0,0.20139166666666766
7423,1665825.0,0.20051481481481576
7424,1665885.0,0.19933796296296394
7425,1665945.0,0.198237037037038
7426,1666005.0,0.1976185185185195
7427,1666065.0,0.19734074074074173
7428,1666125.0,0.19698518518518615
7429,1666185.0,0.1966212962962973
7430,1666245.0,0.1960712962962973
7431,1666305.0,0.19552314814814914
7432,1666365.0,0.1948962962962973
7433,1666425.0,0.1947861111111121
7434,1666485.0,0.1945324074074084
7435,1666545.0,0.19398518518518615
7436,1666605.0,0.1941425925925936
7437,1666665.0,0.1946925925925936
7438,1666725.0,0.19294629629629728
7439,1666785.0,0.1920148148148158
7440,1666845.0,0.19123148148148247
7441,1666905.0,0.19050833333333436
7442,1666965.0,0.1897851851851862
7443,1667025.0,0.1893027777777788
7444,1667085.0,0.18968981481481584
7445,1667145.0,0.18876111111111213
7446,1667205.0,0.18793611111111214
7447,1667265.0,0.1871027777777788
7448,1667325.0,0.18624629629629733
7449,1667385.0,0.18606111111111212
7450,1667445.0,0.1858777777777788
7451,1667505.0,0.1859027777777788
7452,1667565.0,0.18612592592592692
7453,1667625.0,0.18665555555555655
7454,1667685.0,0.18428888888888992
7455,1667745.0,0.1830675925925936
7456,1667805.0,0.18180462962963065
7457,1667865.0,0.18041944444444544
7458,1667925.0,0.17890740740740846
7459,1667985.0,0.17753981481481584
7460,1668045.0,0.17600000000000102
7461,1668105.0,0.1747564814814825
7462,1668165.0,0.1737925925925936
7463,1668225.0,0.17321111111111212
7464,1668285.0,0.1735787037037047
7465,1668345.0,0.17451111111111212
7466,1668405.0,0.17423333333333435
7467,1668465.0,0.17377314814814918
7468,1668525.0,0.1741314814814825
7469,1668585.0,0.1741703703703714
7470,1668645.0,0.1740175925925936
7471,1668705.0,0.17401944444444548
7472,1668765.0,0.17330833333333434
7473,1668825.0,0.17264259259259362
7474,1668885.0,0.17239629629629732
7475,1668945.0,0.17198703703703808
7476,1669005.0,0.17176203703703807
7477,1669065.0,0.1710666666666677
7478,1669125.0,0.17064351851851955
7479,1669185.0,0.17021759259259364
7480,1669245.0,0.1697870370370381
7481,1669305.0,0.1693444444444455
7482,1669365.0,0.16893518518518624
7483,1669425.0,0.16804629629629736
7484,1669485.0,0.16735555555555662
7485,1669545.0,0.16703055555555665
7486,1669605.0,0.16684629629629735
7487,1669665.0,0.166850925925927
7488,1669725.0,0.1669333333333344
7489,1669785.0,0.1669685185185196
7490,1669845.0,0.16697685185185293
7491,1669905.0,0.1668657407407418
7492,1669965.0,0.16654629629629736
7493,1670025.0,0.16661851851851958
7494,1670085.0,0.16645925925926033
7495,1670145.0,0.16620740740740847
7496,1670205.0,0.1656805555555566
7497,1670265.0,0.164825925925927
7498,1670325.0,0.16457962962963069
7499,1670385.0,0.1642268518518529
7500,1670445.0,0.16419629629629734
7501,1670505.0,0.16386944444444548
7502,1670565.0,0.1631601851851862
7503,1670625.0,0.16224444444444547
7504,1670685.0,0.1615490740740751
7505,1670745.0,0.16100925925926027
7506,1670805.0,0.16038240740740842
7507,1670865.0,0.1600925925925936
7508,1670925.0,0.15942592592592691
7509,1670985.0,0.1590212962962973
7510,1671045.0,0.15873333333333434
7511,1671105.0,0.15837222222222322
7512,1671165.0,0.1579111111111121
7513,1671225.0,0.15794907407407507
7514,1671285.0,0.15847592592592696
7515,1671345.0,0.15840462962963064
7516,1671405.0,0.15789351851851954
7517,1671465.0,0.15747314814814914
7518,1671525.0,0.15695833333333434
7519,1671585.0,0.15638611111111214
7520,1671645.0,0.1559166666666677
7521,1671705.0,0.1557055555555566
7522,1671765.0,0.15579722222222325
7523,1671825.0,0.15576481481481586
7524,1671885.0,0.1552768518518529
7525,1671945.0,0.1547592592592603
7526,1672005.0,0.15422500000000106
7527,1672065.0,0.15353240740740842
7528,1672125.0,0.15285462962963065
7529,1672185.0,0.15220185185185287
7530,1672245.0,0.15146296296296394
7531,1672305.0,0.1507675925925936
7532,1672365.0,0.1499324074074084
7533,1672425.0,0.14947037037037136
7534,1672485.0,0.1489648148148158
7535,1672545.0,0.14863425925926024
7536,1672605.0,0.1483648148148158
7537,1672665.0,0.14830277777777878
7538,1672725.0,0.14876203703703805
7539,1672785.0,0.14888611111111213
7540,1672845.0,0.14904444444444548
7541,1672905.0,0.14913703703703807
7542,1672965.0,0.1493740740740751
7543,1673025.0,0.14971111111111213
7544,1673085.0,0.14961111111111214
7545,1673145.0,0.14950000000000102
7546,1673205.0,0.14902222222222325
7547,1673265.0,0.1485851851851862
7548,1673325.0,0.14865462962963066
7549,1673385.0,0.1477814814814825
7550,1673445.0,0.14670833333333436
7551,1673505.0,0.14531851851851954
7552,1673565.0,0.144300000000001
7553,1673625.0,0.14327314814814915
7554,1673685.0,0.14275740740740842
7555,1673745.0,0.14218796296296396
7556,1673805.0,0.14124351851851952
7557,1673865.0,0.14074722222222322
7558,1673925.0,0.14026296296296395
7559,1673985.0,0.1398046296296306
7560,1674045.0,0.1393759259259269
7561,1674105.0,0.13866759259259356
7562,1674165.0,0.1380981481481491
7563,1674225.0,0.13738796296296393
7564,1674285.0,0.1365518518518528
7565,1674345.0,0.13578518518518615
7566,1674405.0,0.13491018518518616
7567,1674465.0,0.1343472222222232
7568,1674525.0,0.1342472222222232
7569,1674585.0,0.13379259259259355
7570,1674645.0,0.13332037037037134
7571,1674705.0,0.13323981481481578
7572,1674765.0,0.13339537037037133
7573,1674825.0,0.13351481481481578
7574,1674885.0,0.13374629629629725
7575,1674945.0,0.13381203703703798
7576,1675005.0,0.1341444444444454
7577,1675065.0,0.13449259259259355
7578,1675125.0,0.13463796296296393
7579,1675185.0,0.13479537037037134
7580,1675245.0,0.13485925925926026
7581,1675305.0,0.13452129629629728
7582,1675365.0,0.1340148148148158
7583,1675425.0,0.1330212962962973
7584,1675485.0,0.13188611111111212
7585,1675545.0,0.13079166666666767
7586,1675605.0,0.12976574074074174
7587,1675665.0,0.12852222222222326
7588,1675725.0,0.1277925925925936
7589,1675785.0,0.1275953703703714
7590,1675845.0,0.12783425925926029
7591,1675905.0,0.12823055555555654
7592,1675965.0,0.12870833333333434
7593,1676025.0,0.1284537037037047
7594,1676085.0,0.12828703703703806
7595,1676145.0,0.1280925925925936
7596,1676205.0,0.12798796296296394
7597,1676265.0,0.12713333333333435
7598,1676325.0,0.12638981481481582
7599,1676385.0,0.125550000000001
7600,1676445.0,0.12502962962963066
7601,1676505.0,0.12549351851851953
7602,1676565.0,0.12570833333333434
7603,1676625.0,0.12631203703703806
7604,1676685.0,0.12667407407407508
7605,1676745.0,0.12650185185185284
7606,1676805.0,0.1261574074074084
7607,1676865.0,0.1257851851851862
7608,1676925.0,0.12509166666666768
7609,1676985.0,0.12437962962963064
7610,1677045.0,0.12386944444444545
7611,1677105.0,0.12408333333333435
7612,1677165.0,0.1245703703703714
7613,1677225.0,0.1250490740740751
7614,1677285.0,0.1253675925925936
7615,1677345.0,0.12587592592592695
7616,1677405.0,0.12626759259259362
7617,1677465.0,0.1264527777777788
7618,1677525.0,0.12673333333333436
7619,1677585.0,0.12698981481481586
7620,1677645.0,0.12699074074074174
7621,1677705.0,0.12692222222222324
7622,1677765.0,0.12731296296296402
7623,1677825.0,0.12743981481481584
7624,1677885.0,0.12769814814814914
7625,1677945.0,0.12772962962963064
7626,1678005.0,0.12776574074074176
7627,1678065.0,0.12774629629629733
7628,1678125.0,0.12758888888888992
7629,1678185.0,0.1272944444444455
7630,1678245.0,0.12715092592592694
7631,1678305.0,0.1269870370370381
7632,1678365.0,0.12706388888888995
7633,1678425.0,0.12704907407407512
7634,1678485.0,0.12717777777777886
7635,1678545.0,0.12757407407407512
7636,1678605.0,0.12831111111111215
7637,1678665.0,0.12893981481481587
7638,1678725.0,0.129137962962964
7639,1678785.0,0.1290157407407418
7640,1678845.0,0.1289194444444455
7641,1678905.0,0.12869537037037146
7642,1678965.0,0.12873611111111216
7643,1679025.0,0.12857592592592698
7644,1679085.0,0.1285083333333344
7645,1679145.0,0.1284583333333344
7646,1679205.0,0.12837037037037144
7647,1679265.0,0.1283768518518529
7648,1679325.0,0.12814907407407514
7649,1679385.0,0.12831296296296402
7650,1679445.0,0.12859629629629735
7651,1679505.0,0.12863888888888994
7652,1679565.0,0.1287120370370381
7653,1679625.0,0.12862592592592698
7654,1679685.0,0.12840092592592695
7655,1679745.0,0.12838888888888994
7656,1679805.0,0.128587962962964
7657,1679865.0,0.1287018518518529
7658,1679925.0,0.12890833333333435
7659,1679985.0,0.12832129629629735
7660,1680045.0,0.12824537037037145
7661,1680105.0,0.1279194444444455
7662,1680165.0,0.1279870370370381
7663,1680225.0,0.1283342592592603
7664,1680285.0,0.12819907407407513
7665,1680345.0,0.12803611111111216
7666,1680405.0,0.12787222222222328
7667,1680465.0,0.12785370370370475
7668,1680525.0,0.12782222222222325
7669,1680585.0,0.1274740740740751
7670,1680645.0,0.12659629629629732
7671,1680705.0,0.12575462962963066
7672,1680765.0,0.1248240740740751
7673,1680825.0,0.1243527777777788
7674,1680885.0,0.12401944444444545
7675,1680945.0,0.12383240740740843
7676,1681005.0,0.12378055555555655
7677,1681065.0,0.1241462962962973
7678,1681128.0,0.1245675925925936
7679,1681185.0,0.12518333333333434
7680,1681245.0,0.1257388888888899
7681,1681305.0,0.12652870370370473
7682,1681365.0,0.12710925925926028
7683,1681425.0,0.1275666666666677
7684,1681485.0,0.12757592592592695
7685,1681545.0,0.12740833333333434
7686,1681605.0,0.12738703703703808
7687,1681665.0,0.1270120370370381
7688,1681725.0,0.1270333333333344
7689,1681785.0,0.1269768518518529
7690,1681845.0,0.12682500000000105
7691,1681905.0,0.1266916666666677
7692,1681965.0,0.1268055555555566
7693,1682025.0,0.12683055555555658
7694,1682085.0,0.12676203703703806
7695,1682145.0,0.12650185185185284
7696,1682205.0,0.12625740740740846
7697,1682265.0,0.12610555555555658
7698,1682325.0,0.12645462962963067
7699,1682385.0,0.1264555555555566
7700,1682445.0,0.12567962962963067
7701,1682505.0,0.1250120370370381
7702,1682565.0,0.12448518518518625
7703,1682625.0,0.12451111111111215
7704,1682685.0,0.12490000000000105
7705,1682745.0,0.12522129629629736
7706,1682805.0,0.12541111111111214
7707,1682865.0,0.12606851851851958
7708,1682925.0,0.12663611111111214
7709,1682985.0,0.12716666666666773
7710,1683045.0,0.12740740740740847
7711,1683105.0,0.12773518518518626
7712,1683165.0,0.12762407407407514
7713,1683225.0,0.12732129629629735
7714,1683285.0,0.12692500000000104
7715,1683345.0,0.12646759259259366
7716,1683405.0,0.1265870370370381
7717,1683465.0,0.1265731481481492
7718,1683525.0,0.12635648148148254
7719,1683588.0,0.12672500000000106
7720,1683645.0,0.12688148148148254
7721,1683705.0,0.12691851851851954
7722,1683765.0,0.12670370370370476
7723,1683825.0,0.12623055555555662
7724,1683885.0,0.12572870370370476
7725,1683945.0,0.12532222222222328
7726,1684005.0,0.12512592592592695
7727,1684065.0,0.12496481481481585
7728,1684125.0,0.12447500000000104
7729,1684185.0,0.12466203703703807
7730,1684245.0,0.12549351851851956
7731,1684305.0,0.12620740740740846
7732,1684365.0,0.127187962962964
7733,1684425.0,0.1280055555555566
7734,1684485.0,0.1287092592592603
7735,1684545.0,0.12927500000000106
7736,1684605.0,0.12968425925926028
7737,1684665.0,0.1299388888888899
7738,1684725.0,0.1299388888888899
7739,1684785.0,0.12983796296296402
7740,1684845.0,0.1298416666666677
7741,1684905.0,0.13025185185185287
7742,1684965.0,0.13063611111111212
7743,1685025.0,0.13072777777777878
7744,1685085.0,0.13092685185185285
7745,1685145.0,0.1312962962962973
7746,1685205.0,0.13207685185185286
7747,1685265.0,0.13270462962963064
7748,1685325.0,0.13276203703703804
7749,1685385.0,0.13308703703703806
7750,1685445.0,0.1334824074074084
7751,1685505.0,0.13367500000000102
7752,1685565.0,0.13347037037037138
7753,1685625.0,0.1333074074074084
7754,1685685.0,0.13290092592592692
7755,1685745.0,0.1326175925925936
7756,1685805.0,0.13228518518518614
7757,1685865.0,0.1318675925925936
7758,1685925.0,0.13129444444444546
7759,1685985.0,0.13099814814814914
7760,1686045.0,0.13107037037037134
7761,1686105.0,0.13093148148148248
7762,1686165.0,0.13075462962963064
7763,1686225.0,0.13144814814814915
7764,1686285.0,0.13216666666666765
7765,1686345.0,0.1328287037037047
7766,1686405.0,0.13319814814814915
7767,1686465.0,0.13381666666666767
7768,1686525.0,0.1342685185185195
7769,1686585.0,0.1343824074074084
7770,1686645.0,0.13444074074074172
7771,1686705.0,0.1342185185185195
7772,1686765.0,0.1343268518518528
7773,1686825.0,0.13449722222222318
7774,1686885.0,0.13470925925926022
7775,1686945.0,0.1351157407407417
7776,1687005.0,0.1354685185185195
7777,1687065.0,0.13588888888888986
7778,1687125.0,0.1363333333333343
7779,1687185.0,0.1367972222222232
7780,1687245.0,0.13675000000000098
7781,1687305.0,0.13594537037037135
7782,1687365.0,0.1355157407407417
7783,1687425.0,0.1344509259259269
7784,1687485.0,0.13372685185185282
7785,1687545.0,0.13377592592592688
7786,1687605.0,0.13387777777777873
7787,1687665.0,0.13388981481481574
7788,1687725.0,0.13394722222222316
7789,1687785.0,0.13414444444444534
7790,1687845.0,0.1341879629629639
7791,1687905.0,0.1339416666666676
7792,1687965.0,0.133799074074075
7793,1688025.0,0.1336555555555565
7794,1688085.0,0.1335592592592602
7795,1688145.0,0.1332481481481491
7796,1688205.0,0.13305370370370465
7797,1688265.0,0.13325000000000095
7798,1688325.0,0.13321018518518613
7799,1688385.0,0.13239722222222314
7800,1688445.0,0.13198148148148242
7801,1688505.0,0.13220462962963056
7802,1688565.0,0.13195462962963056
7803,1688625.0,0.1323601851851861
7804,1688685.0,0.13231481481481575
7805,1688745.0,0.13245092592592686
7806,1688805.0,0.13275648148148242
7807,1688865.0,0.13348518518518612
7808,1688925.0,0.13413703703703794
7809,1688985.0,0.13459722222222315
7810,1689045.0,0.13507314814814908
7811,1689105.0,0.1354055555555565
7812,1689165.0,0.1351518518518528
7813,1689225.0,0.1351157407407417
7814,1689285.0,0.13560092592592687
7815,1689345.0,0.13610000000000094
7816,1689405.0,0.13595648148148246
7817,1689465.0,0.13564629629629724
7818,1689525.0,0.1357305555555565
7819,1689585.0,0.13638703703703794
7820,1689645.0,0.13746481481481576
7821,1689705.0,0.13886574074074168
7822,1689765.0,0.13966759259259354
7823,1689825.0,0.14068981481481574
7824,1689885.0,0.14125648148148245
7825,1689945.0,0.14149722222222316
7826,1690005.0,0.14211851851851945
7827,1690065.0,0.1424314814814824
7828,1690125.0,0.14239814814814908
7829,1690185.0,0.1419416666666676
7830,1690245.0,0.14168333333333427
7831,1690305.0,0.14143333333333427
7832,1690368.0,0.14131111111111205
7833,1690425.0,0.14195370370370464
7834,1690485.0,0.1427064814814824
7835,1690545.0,0.1436888888888898
7836,1690605.0,0.1440842592592602
7837,1690665.0,0.1444629629629639
7838,1690725.0,0.1446555555555565
7839,1690785.0,0.14595000000000094
7840,1690845.0,0.1467064814814824
7841,1690905.0,0.14754629629629726
7842,1690965.0,0.14767314814814908
7843,1691025.0,0.147699074074075
7844,1691085.0,0.14812962962963055
7845,1691145.0,0.14851203703703794
7846,1691205.0,0.14870185185185278
7847,1691265.0,0.14890092592592685
7848,1691325.0,0.14928055555555647
7849,1691385.0,0.15013333333333426
7850,1691445.0,0.15137129629629725
7851,1691505.0,0.15256851851851946
7852,1691568.0,0.15408333333333424
7853,1691628.0,0.15500740740740832
7854,1691685.0,0.1557898148148157
7855,1691745.0,0.15608148148148238
7856,1691805.0,0.15618796296296386
7857,1691865.0,0.1559851851851861
7858,1691925.0,0.15634166666666754
7859,1691985.0,0.156111111111112
7860,1692045.0,0.15602592592592682
7861,1692105.0,0.15577129629629718
7862,1692165.0,0.15618055555555646
7863,1692225.0,0.1567324074074083
7864,1692285.0,0.1572537037037046
7865,1692345.0,0.15778333333333422
7866,1692405.0,0.15815000000000087
7867,1692468.0,0.15861296296296384
7868,1692525.0,0.15893055555555646
7869,1692585.0,0.15880462962963052
7870,1692645.0,0.15904814814814905
7871,1692705.0,0.1589564814814824
7872,1692765.0,0.1588287037037046
7873,1692825.0,0.15858796296296387
7874,1692885.0,0.15849351851851942
7875,1692945.0,0.15922962962963053
7876,1693005.0,0.1600212962962972
7877,1693065.0,0.16084074074074164
7878,1693125.0,0.16019351851851946
7879,1693185.0,0.16034722222222314
7880,1693245.0,0.16246574074074166
7881,1693305.0,0.16415462962963054
7882,1693365.0,0.16544814814814907
7883,1693425.0,0.1661287037037046
7884,1693485.0,0.16637314814814905
7885,1693545.0,0.16611759259259348
7886,1693605.0,0.16629722222222312
7887,1693665.0,0.16635833333333425
7888,1693725.0,0.16696296296296387
7889,1693785.0,0.16746666666666754
7890,1693845.0,0.1677324074074083
7891,1693905.0,0.1678324074074083
7892,1693965.0,0.16847314814814904
7893,1694025.0,0.16963796296296385
7894,1694085.0,0.1709259259259268
7895,1694145.0,0.17175000000000087
7896,1694205.0,0.17175740740740827
7897,1694265.0,0.1718796296296305
7898,1694325.0,0.1728055555555564
7899,1694385.0,0.17343148148148232
7900,1694445.0,0.17425185185185268
7901,1694505.0,0.17541018518518606
7902,1694565.0,0.1760527777777786
7903,1694625.0,0.17677407407407492
7904,1694685.0,0.17750092592592676
7905,1694745.0,0.17829074074074158
7906,1694805.0,0.17902592592592675
7907,1694865.0,0.1799805555555564
7908,1694925.0,0.18074907407407487
7909,1694985.0,0.18128703703703788
7910,1695045.0,0.18143240740740826
7911,1695105.0,0.1819546296296305
7912,1695165.0,0.1825592592592601
7913,1695225.0,0.18317222222222307
7914,1695285.0,0.18329722222222306
7915,1695345.0,0.18356944444444528
7916,1695405.0,0.1838759259259268
7917,1695465.0,0.18402222222222306
7918,1695525.0,0.18414259259259344
7919,1695585.0,0.18472407407407493
7920,1695645.0,0.18519351851851934
7921,1695705.0,0.18586388888888972
7922,1695765.0,0.1863666666666675
7923,1695825.0,0.187073148148149
7924,1695885.0,0.18790000000000084
7925,1695945.0,0.1886092592592601
7926,1696005.0,0.1887833333333342
7927,1696065.0,0.1889759259259268
7928,1696125.0,0.18923611111111202
7929,1696185.0,0.1898759259259268
7930,1696245.0,0.1902398148148157
7931,1696305.0,0.19053333333333425
7932,1696365.0,0.19100462962963047
7933,1696425.0,0.19153333333333425
7934,1696485.0,0.19218888888888974
7935,1696545.0,0.19274074074074166
7936,1696605.0,0.1932037037037046
7937,1696665.0,0.1937907407407416
7938,1696725.0,0.19497407407407494
7939,1696785.0,0.1958759259259268
7940,1696845.0,0.19633611111111202
7941,1696905.0,0.19710185185185272
7942,1696965.0,0.19766481481481568
7943,1697025.0,0.19813796296296385
7944,1697085.0,0.19864166666666752
7945,1697145.0,0.19882222222222307
7946,1697205.0,0.1997953703703712
7947,1697265.0,0.20045277777777865
7948,1697325.0,0.20114259259259346
7949,1697385.0,0.2016703703703712
7950,1697445.0,0.2020500000000008
7951,1697505.0,0.2024240740740749
7952,1697565.0,0.2026629629629638
7953,1697625.0,0.2031259259259268
7954,1697685.0,0.20322592592592675
7955,1697745.0,0.20350092592592675
7956,1697805.0,0.20378611111111194
7957,1697865.0,0.20477222222222305
7958,1697925.0,0.20600185185185269
7959,1697985.0,0.2069657407407416
7960,1698045.0,0.20802962962963045
7961,1698105.0,0.2093777777777786
7962,1698165.0,0.2104592592592601
7963,1698225.0,0.2118490740740749
7964,1698285.0,0.21310740740740824
7965,1698345.0,0.21419629629629716
7966,1698405.0,0.21495648148148236
7967,1698465.0,0.215773148148149
7968,1698525.0,0.2167629629629638
7969,1698585.0,0.21765740740740824
7970,1698645.0,0.2185268518518527
7971,1698705.0,0.219110185185186
7972,1698765.0,0.2193703703703712
7973,1698825.0,0.21976018518518606
7974,1698885.0,0.220211111111112
7975,1698945.0,0.22071018518518604
7976,1699005.0,0.22097407407407493
7977,1699065.0,0.22081388888888973
7978,1699125.0,0.22081296296296385
7979,1699185.0,0.2225250000000009
7980,1699245.0,0.22352407407407493
7981,1699305.0,0.2238370370370379
7982,1699365.0,0.22464444444444528
7983,1699425.0,0.22488611111111195
7984,1699485.0,0.2255240740740749
7985,1699545.0,0.22621296296296375
7986,1699605.0,0.2267333333333341
7987,1699665.0,0.2266981481481489
7988,1699725.0,0.22662685185185266
7989,1699785.0,0.2268537037037045
7990,1699845.0,0.22700925925926005
7991,1699905.0,0.22790555555555636
7992,1699965.0,0.2290731481481489
7993,1700025.0,0.2301379629629637
7994,1700085.0,0.2301796296296304
7995,1700145.0,0.2303527777777785
7996,1700205.0,0.23083240740740815
7997,1700265.0,0.2314870370370378
7998,1700325.0,0.23205185185185265
7999,1700385.0,0.2321231481481489
8000,1700445.0,0.23160925925926
8001,1700508.0,0.2308305555555563
8002,1700565.0,0.2298759259259267
8003,1700625.0,0.22908518518518595
8004,1700685.0,0.22891666666666746
8005,1700745.0,0.22921666666666746
8006,1700805.0,0.2293305555555563
8007,1700865.0,0.22966018518518594
8008,1700925.0,0.23018888888888964
8009,1700985.0,0.2308583333333341
8010,1701045.0,0.2308018518518526
8011,1701105.0,0.2312583333333341
8012,1701165.0,0.2320074074074081
8013,1701225.0,0.23241481481481555
8014,1701288.0,0.2326490740740748
8015,1701345.0,0.2328148148148156
8016,1701408.0,0.23284166666666745
8017,1701465.0,0.2325046296296304
8018,1701525.0,0.23213148148148224
8019,1701585.0,0.2316657407407415
8020,1701645.0,0.2317120370370378
8021,1701705.0,0.2320657407407415
8022,1701765.0,0.2327768518518526
8023,1701825.0,0.23332592592592666
8024,1701885.0,0.23297870370370444
8025,1701945.0,0.2325324074074081
8026,1702005.0,0.232921296296297
8027,1702065.0,0.2328638888888896
8028,1702125.0,0.2329333333333341
8029,1702185.0,0.23282500000000075
8030,1702245.0,0.2324796296296304
8031,1702305.0,0.2322444444444452
8032,1702365.0,0.2312555555555563
8033,1702425.0,0.2302898148148156
8034,1702485.0,0.2302259259259267
8035,1702545.0,0.23103240740740816
8036,1702605.0,0.2315425925925933
8037,1702665.0,0.2319518518518526
8038,1702725.0,0.2312527777777785
8039,1702785.0,0.2307935185185193
8040,1702845.0,0.2305305555555563
8041,1702905.0,0.2309935185185193
8042,1702965.0,0.2310129629629637
8043,1703025.0,0.23055925925926
8044,1703085.0,0.23006574074074146
8045,1703145.0,0.2304194444444452
8046,1703208.0,0.2312518518518526
8047,1703265.0,0.2320694444444452
8048,1703325.0,0.23285648148148225
8049,1703385.0,0.2338379629629637
8050,1703445.0,0.2346537037037044
8051,1703505.0,0.2355833333333341
8052,1703565.0,0.2365194444444452
8053,1703625.0,0.2372407407407415
8054,1703685.0,0.2380444444444452
8055,1703745.0,0.23832500000000076
8056,1703805.0,0.2381166666666674
8057,1703865.0,0.2375657407407415
8058,1703925.0,0.2381416666666674
8059,1703985.0,0.239246296296297
8060,1704045.0,0.2382740740740748
8061,1704105.0,0.2370435185185192
8062,1704165.0,0.2354425925925933
8063,1704225.0,0.23403425925925994
8064,1704285.0,0.2335407407407414
8065,1704345.0,0.2330916666666673
8066,1704405.0,0.23295000000000066
8067,1704465.0,0.2329879629629636
8068,1704525.0,0.23253518518518584
8069,1704585.0,0.2320648148148155
8070,1704645.0,0.23212777777777846
8071,1704705.0,0.23246111111111176
8072,1704765.0,0.2327592592592599
8073,1704825.0,0.23254907407407474
8074,1704885.0,0.23277129629629695
8075,1704945.0,0.23299629629629695
8076,1705005.0,0.2334388888888896
8077,1705065.0,0.2335879629629637
8078,1705125.0,0.2332453703703711
8079,1705185.0,0.2326120370370377
8080,1705245.0,0.2312888888888896
8081,1705305.0,0.2294500000000007
8082,1705365.0,0.2287194444444451
8083,1705425.0,0.2285148148148155
8084,1705485.0,0.2279129629629636
8085,1705545.0,0.227858333333334
8086,1705605.0,0.22769537037037105
8087,1705665.0,0.2276740740740747
8088,1705725.0,0.2278148148148155
8089,1705785.0,0.2281990740740747
8090,1705845.0,0.22890000000000066
8091,1705905.0,0.22973888888888955
8092,1705965.0,0.2297944444444451
8093,1706025.0,0.2296074074074081
8094,1706085.0,0.229283333333334
8095,1706145.0,0.2289287037037044
8096,1706205.0,0.22837129629629696
8097,1706265.0,0.2290268518518525
8098,1706325.0,0.229583333333334
8099,1706385.0,0.2287796296296303
8100,1706445.0,0.22884629629629696
8101,1706505.0,0.22801388888888954
8102,1706565.0,0.22764537037037105
8103,1706625.0,0.227608333333334
8104,1706685.0,0.22757407407407476
8105,1706745.0,0.2278231481481488
8106,1706805.0,0.2285444444444451
8107,1706865.0,0.2292814814814821
8108,1706925.0,0.2303731481481488
8109,1706985.0,0.2306444444444451
8110,1707045.0,0.231070370370371
8111,1707105.0,0.2308620370370377
8112,1707165.0,0.2306055555555562
8113,1707225.0,0.2298842592592599
8114,1707285.0,0.22905000000000064
8115,1707345.0,0.22792037037037105
8116,1707405.0,0.22813888888888956
8117,1707465.0,0.22833240740740804
8118,1707525.0,0.2276666666666673
8119,1707585.0,0.2279527777777784
8120,1707645.0,0.22845740740740805
8121,1707705.0,0.22846574074074136
8122,1707765.0,0.22873055555555616
8123,1707825.0,0.2289416666666673
8124,1707885.0,0.2296055555555561
8125,1707945.0,0.2304379629629636
8126,1708005.0,0.2304916666666673
8127,1708065.0,0.23058796296296355
8128,1708125.0,0.2301962962962969
8129,1708185.0,0.2291111111111117
8130,1708245.0,0.22851296296296356
8131,1708305.0,0.228232407407408
8132,1708365.0,0.227107407407408
8133,1708425.0,0.2262962962962969
8134,1708485.0,0.2269796296296302
8135,1708545.0,0.2268287037037043
8136,1708605.0,0.2271212962962969
8137,1708665.0,0.2270583333333339
8138,1708725.0,0.2266398148148154
8139,1708785.0,0.2263361111111117
8140,1708845.0,0.2263240740740747
8141,1708905.0,0.22591481481481546
8142,1708965.0,0.22562222222222286
8143,1709025.0,0.22485740740740806
8144,1709085.0,0.2244925925925932
8145,1709145.0,0.22401666666666728
8146,1709205.0,0.2240212962962969
8147,1709265.0,0.223433333333334
8148,1709325.0,0.22200092592592652
8149,1709385.0,0.22094722222222285
8150,1709445.0,0.22064074074074136
8151,1709505.0,0.22019722222222285
8152,1709565.0,0.2200351851851858
8153,1709625.0,0.22008055555555614
8154,1709685.0,0.22013703703703769
8155,1709745.0,0.22016388888888952
8156,1709805.0,0.22028611111111174
8157,1709865.0,0.220908333333334
8158,1709925.0,0.2219055555555562
8159,1709985.0,0.221745370370371
8160,1710045.0,0.2217064814814821
8161,1710105.0,0.22130740740740806
8162,1710165.0,0.22071944444444508
8163,1710225.0,0.2208518518518525
8164,1710285.0,0.22075740740740804
8165,1710345.0,0.2196231481481488
8166,1710405.0,0.21824629629629694
8167,1710465.0,0.2179555555555562
8168,1710525.0,0.2172518518518525
8169,1710585.0,0.21711481481481545
8170,1710645.0,0.21719444444444508
8171,1710705.0,0.2165379629629636
8172,1710765.0,0.21624259259259326
8173,1710825.0,0.21589351851851915
8174,1710885.0,0.21625000000000064
8175,1710945.0,0.2164175925925932
8176,1711005.0,0.21634444444444506
8177,1711065.0,0.21636111111111173
8178,1711125.0,0.2156277777777784
8179,1711185.0,0.2154129629629636
8180,1711245.0,0.2158166666666673
8181,1711305.0,0.215283333333334
8182,1711365.0,0.2162731481481488
8183,1711425.0,0.216583333333334
8184,1711485.0,0.21610462962963026
8185,1711545.0,0.21610648148148207
8186,1711605.0,0.2161990740740747
8187,1711665.0,0.2160916666666673
8188,1711725.0,0.21592962962963025
8189,1711785.0,0.21594351851851915
8190,1711845.0,0.2164129629629636
8191,1711905.0,0.21657685185185246
8192,1711965.0,0.21691944444444505
8193,1712025.0,0.21682037037037094
8194,1712085.0,0.2164037037037043
8195,1712145.0,0.2153861111111117
8196,1712205.0,0.2147296296296302
8197,1712265.0,0.21535740740740802
8198,1712325.0,0.21493796296296355
8199,1712385.0,0.21464537037037096
8200,1712445.0,0.21441944444444505
8201,1712505.0,0.21453888888888947
8202,1712565.0,0.2145833333333339
8203,1712625.0,0.214869444444445
8204,1712685.0,0.2157768518518524
8205,1712745.0,0.2168555555555561
8206,1712805.0,0.21738981481481534
8207,1712865.0,0.21812407407407464
8208,1712925.0,0.21853888888888945
8209,1712985.0,0.21870370370370426
8210,1713045.0,0.218544444444445
8211,1713105.0,0.21753796296296354
8212,1713165.0,0.2185222222222228
8213,1713225.0,0.21920648148148209
8214,1713285.0,0.2198657407407413
8215,1713345.0,0.2194759259259265
8216,1713408.0,0.2195518518518524
8217,1713465.0,0.22024814814814872
8218,1713525.0,0.22118796296296356
8219,1713585.0,0.22228981481481536
8220,1713645.0,0.222707407407408
8221,1713705.0,0.22245370370370424
8222,1713765.0,0.2224259259259265
8223,1713825.0,0.22276574074074126
8224,1713885.0,0.22306296296296355
8225,1713945.0,0.2226120370370376
8226,1714005.0,0.22132037037037092
8227,1714065.0,0.22007685185185244
8228,1714125.0,0.2196435185185191
8229,1714185.0,0.21901666666666725
8230,1714245.0,0.21744166666666725
8231,1714305.0,0.21671481481481544
8232,1714365.0,0.2155648148148154
8233,1714425.0,0.21506944444444506
8234,1714485.0,0.2144935185185191
8235,1714545.0,0.21399074074074131
8236,1714605.0,0.2140750000000006
8237,1714665.0,0.21457407407407467
8238,1714725.0,0.21520092592592646
8239,1714785.0,0.21495555555555612
8240,1714845.0,0.2156472222222228
8241,1714905.0,0.2155148148148154
8242,1714965.0,0.21576018518518575
8243,1715025.0,0.21769074074074127
8244,1715085.0,0.2197000000000006
8245,1715145.0,0.2204148148148154
8246,1715205.0,0.220819444444445
8247,1715265.0,0.2209768518518524
8248,1715325.0,0.22115555555555613
8249,1715385.0,0.2213259259259265
8250,1715445.0,0.2215148148148154
8251,1715505.0,0.22125925925925985
8252,1715565.0,0.22128611111111168
8253,1715625.0,0.22125833333333392
8254,1715685.0,0.22046944444444505
8255,1715745.0,0.2200472222222228
8256,1715805.0,0.2199314814814821
8257,1715868.0,0.2199935185185191
8258,1715925.0,0.21904907407407465
8259,1715985.0,0.2184518518518524
8260,1716045.0,0.21863518518518574
8261,1716105.0,0.22000000000000056
8262,1716165.0,0.2206509259259265
8263,1716228.0,0.22058888888888947
8264,1716285.0,0.2211527777777784
8265,1716345.0,0.22136388888888947
8266,1716405.0,0.2216675925925932
8267,1716465.0,0.2220046296296302
8268,1716525.0,0.222307407407408
8269,1716585.0,0.22244166666666726
8270,1716645.0,0.2229268518518524
8271,1716705.0,0.22261481481481535
8272,1716765.0,0.22259537037037092
8273,1716825.0,0.22248148148148209
8274,1716885.0,0.22302870370370428
8275,1716945.0,0.22313055555555614
8276,1717005.0,0.22356296296296355
8277,1717065.0,0.2224222222222228
8278,1717125.0,0.22151296296296355
8279,1717185.0,0.22203148148148208
8280,1717245.0,0.22104814814814874
8281,1717305.0,0.22180555555555612
8282,1717365.0,0.22180555555555612
8283,1717425.0,0.22229907407407468
8284,1717485.0,0.22231018518518575
8285,1717545.0,0.2219722222222228
8286,1717605.0,0.22163148148148207
8287,1717665.0,0.22113055555555614
8288,1717725.0,0.22059629629629687
8289,1717785.0,0.2192259259259265
8290,1717845.0,0.21788981481481534
8291,1717905.0,0.21790648148148206
8292,1717965.0,0.21850555555555606
8293,1718025.0,0.21945277777777836
8294,1718085.0,0.2204925925925932
8295,1718145.0,0.22130833333333388
8296,1718205.0,0.22096111111111166
8297,1718265.0,0.2203907407407413
8298,1718325.0,0.22011759259259314
8299,1718385.0,0.2191518518518524
8300,1718445.0,0.2175166666666672
8301,1718505.0,0.21668796296296355
8302,1718565.0,0.2156833333333339
8303,1718625.0,0.215344444444445
8304,1718685.0,0.21475370370370425
8305,1718745.0,0.2142666666666672
8306,1718805.0,0.21390000000000056
8307,1718865.0,0.2139296296296302
8308,1718925.0,0.21408888888888944
8309,1718985.0,0.21541481481481534
8310,1719045.0,0.21512407407407466
8311,1719105.0,0.2147009259259265
8312,1719165.0,0.21597037037037087
8313,1719225.0,0.2170453703703709
8314,1719285.0,0.21693981481481536
8315,1719345.0,0.2172731481481487
8316,1719405.0,0.2168342592592598
8317,1719465.0,0.2163805555555561
8318,1719525.0,0.21576481481481533
8319,1719585.0,0.21503611111111165
8320,1719645.0,0.2140879629629635
8321,1719705.0,0.21440277777777836
8322,1719765.0,0.213481481481482
8323,1719825.0,0.2138916666666672
8324,1719885.0,0.21433333333333388
8325,1719945.0,0.21432870370370424
8326,1720005.0,0.21439444444444494
8327,1720065.0,0.21565000000000054
8328,1720125.0,0.21759351851851905
8329,1720185.0,0.2189527777777783
8330,1720245.0,0.21955833333333385
8331,1720305.0,0.21970555555555607
8332,1720365.0,0.21993796296296347
8333,1720425.0,0.21936481481481526
8334,1720485.0,0.21862314814814865
8335,1720545.0,0.2187638888888894
8336,1720605.0,0.21830925925925976
8337,1720665.0,0.21700092592592646
8338,1720725.0,0.21543055555555607
8339,1720785.0,0.21712777777777828
8340,1720845.0,0.2176666666666672
8341,1720905.0,0.21801481481481533
8342,1720965.0,0.2185629629629635
8343,1721025.0,0.21842870370370426
8344,1721085.0,0.21824444444444496
8345,1721145.0,0.2181601851851857
8346,1721205.0,0.2180916666666672
8347,1721265.0,0.2182768518518524
8348,1721325.0,0.21857870370370425
8349,1721385.0,0.2180666666666672
8350,1721445.0,0.21700370370370425
8351,1721505.0,0.21719444444444494
8352,1721565.0,0.21661574074074127
8353,1721625.0,0.21645648148148205
8354,1721685.0,0.2160666666666672
8355,1721745.0,0.2156870370370376
8356,1721805.0,0.21575000000000052
8357,1721865.0,0.21641666666666726
8358,1721925.0,0.21782592592592648
8359,1721985.0,0.21887777777777834
8360,1722045.0,0.2194768518518524
8361,1722105.0,0.22033796296296354
8362,1722165.0,0.2190685185185191
8363,1722225.0,0.2186361111111117
8364,1722285.0,0.21926111111111168
8365,1722345.0,0.21885925925925984
8366,1722405.0,0.2185259259259265
8367,1722465.0,0.21791018518518576
8368,1722525.0,0.2184398148148154
8369,1722585.0,0.2191333333333339
8370,1722645.0,0.21949444444444505
8371,1722705.0,0.2197185185185191
8372,1722765.0,0.21985370370370427
8373,1722825.0,0.21997500000000056
8374,1722885.0,0.21984629629629684
8375,1722945.0,0.2197555555555561
8376,1723005.0,0.22115833333333387
8377,1723065.0,0.22131851851851905
8378,1723125.0,0.22135462962963012
8379,1723185.0,0.22101944444444496
8380,1723245.0,0.22030370370370425
8381,1723305.0,0.21940833333333384
8382,1723365.0,0.21914537037037088
8383,1723425.0,0.2186398148148153
8384,1723485.0,0.21822222222222276
8385,1723545.0,0.21801851851851906
8386,1723605.0,0.2176944444444449
8387,1723665.0,0.2171037037037042
8388,1723725.0,0.2165361111111116
8389,1723785.0,0.21599907407407454
8390,1723845.0,0.21650925925925976
8391,1723905.0,0.21774722222222276
8392,1723965.0,0.2181750000000005
8393,1724025.0,0.21828796296296346
8394,1724085.0,0.2175777777777783
8395,1724145.0,0.21667314814814867
8396,1724205.0,0.21583703703703755
8397,1724265.0,0.21551944444444496
8398,1724325.0,0.2152388888888894
8399,1724385.0,0.21475462962963013
8400,1724445.0,0.2142777777777783
8401,1724505.0,0.21456759259259311
8402,1724565.0,0.21463425925925975
8403,1724625.0,0.21584814814814868
8404,1724685.0,0.21669074074074127
8405,1724745.0,0.2173351851851857
8406,1724805.0,0.2184916666666672
8407,1724868.0,0.21974629629629686
8408,1724928.0,0.2203203703703709
8409,1724985.0,0.22125000000000053
8410,1725045.0,0.22203611111111166
8411,1725105.0,0.22121111111111166
8412,1725165.0,0.2221870370370376
8413,1725225.0,0.22262129629629684
8414,1725285.0,0.2230166666666672
8415,1725345.0,0.2234546296296302
8416,1725405.0,0.22353148148148205
8417,1725465.0,0.22322129629629686
8418,1725525.0,0.2229481481481487
8419,1725585.0,0.2216351851851857
8420,1725645.0,0.2208018518518524
8421,1725705.0,0.22165648148148204
8422,1725765.0,0.2236416666666672
8423,1725825.0,0.22336851851851905
8424,1725885.0,0.2221166666666672
8425,1725945.0,0.2227000000000005
8426,1726005.0,0.22267685185185235
8427,1726065.0,0.22240925925925972
8428,1726125.0,0.2223037037037042
8429,1726185.0,0.22316666666666715
8430,1726245.0,0.223956481481482
8431,1726308.0,0.22442407407407455
8432,1726365.0,0.22426944444444494
8433,1726425.0,0.2243268518518524
8434,1726485.0,0.2238462962962968
8435,1726545.0,0.2233416666666672
8436,1726605.0,0.22365277777777828
8437,1726665.0,0.22262037037037088
8438,1726725.0,0.22349722222222276
8439,1726785.0,0.2246027777777783
8440,1726845.0,0.22581851851851906
8441,1726905.0,0.2258620370370376
8442,1726965.0,0.2258925925925931
8443,1727028.0,0.2263101851851857
8444,1727085.0,0.22685092592592646
8445,1727145.0,0.2271453703703709
8446,1727205.0,0.22748333333333384
8447,1727265.0,0.22778703703703754
8448,1727325.0,0.22794074074074125
8449,1727385.0,0.2272398148148153
8450,1727445.0,0.2259750000000005
8451,1727505.0,0.2254666666666672
8452,1727565.0,0.22518425925925975
8453,1727625.0,0.2250768518518524
8454,1727685.0,0.22468796296296348
8455,1727745.0,0.22402962962963013
8456,1727805.0,0.22567314814814865
8457,1727865.0,0.2266296296296301
8458,1727925.0,0.2277527777777783
8459,1727985.0,0.2286638888888894
8460,1728045.0,0.23019907407407456
8461,1728108.0,0.2306212962962968
8462,1728165.0,0.23098703703703755
8463,1728225.0,0.2307453703703709
8464,1728285.0,0.23119814814814865
8465,1728345.0,0.2317805555555561
8466,1728405.0,0.2320481481481487
8467,1728465.0,0.2321148148148153
8468,1728525.0,0.23146574074074125
8469,1728585.0,0.2317787037037042
8470,1728645.0,0.2322287037037042
8471,1728705.0,0.2326000000000005
8472,1728765.0,0.23239074074074126
8473,1728825.0,0.2322092592592597
8474,1728885.0,0.23195555555555605
8475,1728945.0,0.23216851851851905
8476,1729005.0,0.23223888888888936
8477,1729065.0,0.2328675925925931
8478,1729125.0,0.2338601851851857
8479,1729185.0,0.2345629629629635
8480,1729245.0,0.2357296296296301
8481,1729305.0,0.23608425925925974
8482,1729365.0,0.23716944444444496
8483,1729425.0,0.23733611111111164
8484,1729485.0,0.2364675925925931
8485,1729545.0,0.23576851851851904
8486,1729605.0,0.23531111111111164
8487,1729665.0,0.2343138888888894
8488,1729725.0,0.2340888888888894
8489,1729785.0,0.23397870370370424
8490,1729845.0,0.23504907407407455
8491,1729905.0,0.23631851851851898
8492,1729965.0,0.2364203703703709
8493,1730025.0,0.2362722222222227
8494,1730085.0,0.23664074074074126
8495,1730145.0,0.23711851851851898
8496,1730205.0,0.2380462962962968
8497,1730265.0,0.23850277777777826
8498,1730325.0,0.2388509259259264
8499,1730385.0,0.2392444444444449
8500,1730445.0,0.24111851851851898
8501,1730505.0,0.24138888888888935
8502,1730565.0,0.2425611111111116
8503,1730625.0,0.24271388888888934
8504,1730685.0,0.2417009259259264
8505,1730745.0,0.24085277777777825
8506,1730805.0,0.24015370370370415
8507,1730865.0,0.2379324074074079
8508,1730925.0,0.2374490740740745
8509,1730985.0,0.2358472222222227
8510,1731045.0,0.23495648148148196
8511,1731105.0,0.2346694444444449
8512,1731165.0,0.23450277777777825
8513,1731225.0,0.2349416666666671
8514,1731285.0,0.23612129629629675
8515,1731345.0,0.23629351851851896
8516,1731405.0,0.23700000000000046
8517,1731465.0,0.23840000000000044
8518,1731525.0,0.23974351851851894
8519,1731585.0,0.2383166666666671
8520,1731645.0,0.2382916666666671
8521,1731705.0,0.2379740740740745
8522,1731765.0,0.23722777777777826
8523,1731825.0,0.2371666666666671
8524,1731885.0,0.23736111111111155
8525,1731945.0,0.2370907407407412
8526,1732005.0,0.23808055555555604
8527,1732065.0,0.2383194444444449
8528,1732128.0,0.24043240740740784
8529,1732185.0,0.2415166666666671
8530,1732245.0,0.24272314814814855
8531,1732305.0,0.2429240740740745
8532,1732365.0,0.24387500000000045
8533,1732425.0,0.2440833333333338
8534,1732485.0,0.2437861111111116
8535,1732545.0,0.24387777777777825
8536,1732605.0,0.24395740740740784
8537,1732665.0,0.24379259259259306
8538,1732725.0,0.2439370370370375
8539,1732785.0,0.2432416666666671
8540,1732845.0,0.2425287037037041
8541,1732905.0,0.2424990740740745
8542,1732965.0,0.24333703703703746
8543,1733025.0,0.2441666666666671
8544,1733085.0,0.244805555555556
8545,1733145.0,0.244655555555556
8546,1733205.0,0.2433694444444449
8547,1733265.0,0.2440194444444449
8548,1733325.0,0.24347962962963005
8549,1733385.0,0.2427666666666671
8550,1733445.0,0.2426500000000004
8551,1733505.0,0.2425768518518523
8552,1733568.0,0.2423861111111115
8553,1733625.0,0.24232592592592636
8554,1733685.0,0.24279814814814854
8555,1733745.0,0.2436416666666671
8556,1733805.0,0.24322314814814855
8557,1733865.0,0.24315092592592635
8558,1733925.0,0.2441935185185189
8559,1733985.0,0.2451157407407412
8560,1734045.0,0.2460953703703708
8561,1734105.0,0.24689351851851896
8562,1734165.0,0.2475379629629634
8563,1734225.0,0.2482657407407412
8564,1734285.0,0.2489342592592597
8565,1734345.0,0.2486407407407412
8566,1734405.0,0.24822314814814855
8567,1734465.0,0.2480185185185189
8568,1734525.0,0.24747962962963005
8569,1734585.0,0.2471490740740745
8570,1734645.0,0.2466500000000004
8571,1734705.0,0.24626111111111154
8572,1734765.0,0.2458953703703708
8573,1734825.0,0.2462583333333337
8574,1734885.0,0.24687592592592636
8575,1734945.0,0.24853703703703744
8576,1735005.0,0.25015833333333376
8577,1735065.0,0.250792592592593
8578,1735125.0,0.2515083333333338
8579,1735185.0,0.2524138888888893
8580,1735245.0,0.2534296296296301
8581,1735305.0,0.2529731481481486
8582,1735365.0,0.25294259259259305
8583,1735425.0,0.252105555555556
8584,1735485.0,0.2519638888888894
8585,1735545.0,0.251356481481482
8586,1735605.0,0.2507592592592597
8587,1735665.0,0.2498657407407412
8588,1735725.0,0.2497527777777783
8589,1735785.0,0.2486787037037042
8590,1735845.0,0.25040833333333384
8591,1735905.0,0.25204074074074123
8592,1735965.0,0.2520574074074079
8593,1736025.0,0.2523842592592597
8594,1736085.0,0.2527527777777783
8595,1736145.0,0.2530518518518524
8596,1736205.0,0.2533675925925931
8597,1736265.0,0.2536537037037042
8598,1736325.0,0.2533925925925931
8599,1736385.0,0.2544175925925931
8600,1736445.0,0.2547657407407413
8601,1736505.0,0.2535898148148153
8602,1736565.0,0.2524675925925931
8603,1736625.0,0.2540861111111116
8604,1736685.0,0.25436111111111165
8605,1736745.0,0.2543740740740746
8606,1736805.0,0.2545379629629635
8607,1736865.0,0.2551416666666672
8608,1736925.0,0.25508148148148196
8609,1736985.0,0.25404351851851903
8610,1737045.0,0.2530370370370376
8611,1737105.0,0.25274351851851906
8612,1737165.0,0.2525083333333339
8613,1737225.0,0.2520009259259265
8614,1737285.0,0.2518777777777784
8615,1737345.0,0.2539157407407413
8616,1737405.0,0.25435648148148204
8617,1737465.0,0.25543425925925983
8618,1737525.0,0.25581388888888945
8619,1737585.0,0.25575370370370426
8620,1737645.0,0.25543518518518576
8621,1737705.0,0.2555611111111117
8622,1737765.0,0.2558361111111117
8623,1737825.0,0.25588240740740803
8624,1737885.0,0.25577685185185245
8625,1737948.0,0.2560611111111117
8626,1738005.0,0.25600000000000056
8627,1738065.0,0.25581851851851906
8628,1738125.0,0.2557055555555561
8629,1738185.0,0.25653611111111163
8630,1738245.0,0.25708240740740795
8631,1738305.0,0.2568722222222228
8632,1738365.0,0.25624259259259313
8633,1738425.0,0.25531111111111165
8634,1738485.0,0.25450370370370423
8635,1738545.0,0.2542648148148153
8636,1738605.0,0.2529722222222228
8637,1738665.0,0.2516611111111117
8638,1738725.0,0.2510268518518524
8639,1738785.0,0.2503611111111117
8640,1738845.0,0.2500064814814821
8641,1738905.0,0.24921018518518576
8642,1738965.0,0.24887407407407466
8643,1739025.0,0.24844166666666725
8644,1739085.0,0.2475907407407413
8645,1739145.0,0.2469787037037043
8646,1739205.0,0.2467555555555561
8647,1739265.0,0.2469027777777784
8648,1739325.0,0.2477333333333339
8649,1739385.0,0.24865185185185246
8650,1739445.0,0.2491333333333339
8651,1739505.0,0.2490601851851857
8652,1739565.0,0.24907407407407464
8653,1739625.0,0.2499305555555561
8654,1739685.0,0.2504722222222228
8655,1739745.0,0.25052777777777835
8656,1739805.0,0.2502527777777783
8657,1739865.0,0.2497592592592598
8658,1739925.0,0.25005648148148196
8659,1739985.0,0.25071851851851906
8660,1740045.0,0.25131851851851905
8661,1740105.0,0.25191388888888944
8662,1740165.0,0.25189629629629684
8663,1740225.0,0.2524129629629635
8664,1740285.0,0.25385740740740803
8665,1740345.0,0.25517314814814873
8666,1740405.0,0.25619814814814873
8667,1740465.0,0.25735925925925984
8668,1740525.0,0.2579157407407413
8669,1740585.0,0.25839166666666724
8670,1740645.0,0.2576601851851857
8671,1740705.0,0.2562351851851857
8672,1740765.0,0.2556092592592598
8673,1740825.0,0.2547009259259265
8674,1740885.0,0.25599166666666723
8675,1740945.0,0.25557777777777835
8676,1741005.0,0.2548833333333339
8677,1741065.0,0.2548972222222228
8678,1741125.0,0.25529351851851906
8679,1741185.0,0.2557250000000005
8680,1741245.0,0.2543407407407413
8681,1741305.0,0.25394444444444497
8682,1741365.0,0.2538379629629635
8683,1741425.0,0.25387129629629684
8684,1741485.0,0.25396388888888943
8685,1741545.0,0.2539777777777783
8686,1741605.0,0.25395833333333384
8687,1741665.0,0.25635092592592645
8688,1741728.0,0.25659444444444496
8689,1741785.0,0.2581759259259264
8690,1741845.0,0.2594351851851857
8691,1741905.0,0.2606333333333338
8692,1741965.0,0.2612546296296301
8693,1742025.0,0.2615416666666672
8694,1742085.0,0.2608657407407413
8695,1742145.0,0.2596509259259264
8696,1742205.0,0.25849814814814864
8697,1742265.0,0.2587203703703709
8698,1742325.0,0.2572666666666672
8699,1742385.0,0.2562712962962968
8700,1742445.0,0.2557481481481487
8701,1742505.0,0.2560074074074079
8702,1742565.0,0.2562500000000005
8703,1742625.0,0.2559268518518523
8704,1742685.0,0.25547777777777825
8705,1742745.0,0.2562638888888893
8706,1742805.0,0.2563083333333338
8707,1742865.0,0.25602314814814864
8708,1742925.0,0.2544638888888894
8709,1742985.0,0.2538259259259264
8710,1743045.0,0.2533740740740745
8711,1743105.0,0.25260000000000044
8712,1743165.0,0.25188055555555605
8713,1743225.0,0.2514277777777782
8714,1743285.0,0.2513768518518523
8715,1743345.0,0.2512638888888893
8716,1743405.0,0.2507685185185189
8717,1743465.0,0.2501231481481485
8718,1743525.0,0.2494379629629633
8719,1743585.0,0.24922407407407446
8720,1743645.0,0.24938240740740775
8721,1743705.0,0.2492555555555559
8722,1743765.0,0.2496027777777781
8723,1743825.0,0.2498675925925929
8724,1743885.0,0.2497805555555559
8725,1743945.0,0.2505527777777781
8726,1744005.0,0.2518722222222225
8727,1744065.0,0.2514962962962966
8728,1744125.0,0.25114351851851885
8729,1744185.0,0.2510092592592596
8730,1744245.0,0.2507601851851855
8731,1744305.0,0.25069814814814845
8732,1744365.0,0.25072592592592624
8733,1744425.0,0.2508240740740744
8734,1744485.0,0.2509324074074077
8735,1744545.0,0.2508250000000003
8736,1744605.0,0.2503981481481484
8737,1744665.0,0.2498675925925929
8738,1744725.0,0.2496509259259262
8739,1744785.0,0.2495444444444447
8740,1744845.0,0.24917129629629656
8741,1744905.0,0.2485972222222225
8742,1744968.0,0.24778888888888914
8743,1745025.0,0.24716388888888915
8744,1745085.0,0.24663055555555585
8745,1745145.0,0.24623518518518545
8746,1745205.0,0.24631296296296326
8747,1745265.0,0.2464731481481484
8748,1745328.0,0.2469083333333336
8749,1745385.0,0.24709537037037066
8750,1745445.0,0.2471675925925929
8751,1745505.0,0.24722037037037065
8752,1745565.0,0.246528703703704
8753,1745625.0,0.2456546296296299
8754,1745685.0,0.24447407407407434
8755,1745748.0,0.2432231481481484
8756,1745805.0,0.24207500000000026
8757,1745865.0,0.2410509259259262
8758,1745925.0,0.2402083333333336
8759,1745985.0,0.2394388888888892
8760,1746045.0,0.23861111111111136
8761,1746105.0,0.2390166666666669
8762,1746165.0,0.23896018518518544
8763,1746225.0,0.23831574074074105
8764,1746285.0,0.23786018518518545
8765,1746345.0,0.2379046296296299
8766,1746405.0,0.23794074074074104
8767,1746465.0,0.2382722222222225
8768,1746525.0,0.2379388888888892
8769,1746585.0,0.2381083333333336
8770,1746645.0,0.2363000000000003
8771,1746705.0,0.2352342592592596
8772,1746765.0,0.2346740740740744
8773,1746825.0,0.2340638888888892
8774,1746885.0,0.23326944444444475
8775,1746945.0,0.23243333333333366
8776,1747005.0,0.2323111111111114
8777,1747065.0,0.2325888888888892
8778,1747125.0,0.2329574074074077
8779,1747185.0,0.2324796296296299
8780,1747245.0,0.23169166666666696
8781,1747305.0,0.2322750000000003
8782,1747365.0,0.23202407407407435
8783,1747425.0,0.2299944444444447
8784,1747485.0,0.2293768518518521
8785,1747545.0,0.2287518518518521
8786,1747605.0,0.22815833333333366
8787,1747665.0,0.2277601851851855
8788,1747725.0,0.2277824074074077
8789,1747788.0,0.2279685185185188
8790,1747845.0,0.2280675925925929
8791,1747905.0,0.22782962962962994
8792,1747965.0,0.2279138888888892
8793,1748025.0,0.22824444444444475
8794,1748085.0,0.2292648148148151
8795,1748145.0,0.2281981481481485
8796,1748205.0,0.22759074074074104
8797,1748265.0,0.2273851851851855
8798,1748325.0,0.2270990740740744
8799,1748385.0,0.22696574074074105
8800,1748445.0,0.2269101851851855
8801,1748505.0,0.2264175925925929
8802,1748565.0,0.22584166666666694
8803,1748625.0,0.2252277777777781
8804,1748685.0,0.2245092592592596
8805,1748745.0,0.2234314814814818
8806,1748805.0,0.22265092592592625
8807,1748865.0,0.22177777777777807
8808,1748925.0,0.22093703703703726
8809,1748985.0,0.21995000000000028
8810,1749045.0,0.21948055555555585
8811,1749105.0,0.21949814814814844
8812,1749165.0,0.2195990740740744
8813,1749225.0,0.22034537037037066
8814,1749285.0,0.22111666666666696
8815,1749345.0,0.2220435185185188
8816,1749405.0,0.22155648148148174
8817,1749465.0,0.22209444444444476
8818,1749525.0,0.222053703703704
8819,1749585.0,0.2220009259259262
8820,1749645.0,0.22157314814814846
8821,1749705.0,0.2215148148148151
8822,1749765.0,0.221553703703704
8823,1749825.0,0.22156851851851886
8824,1749885.0,0.2215212962962966
8825,1749945.0,0.2214842592592596
8826,1750005.0,0.2212527777777781
8827,1750065.0,0.22108703703703736
8828,1750125.0,0.2206027777777781
8829,1750185.0,0.2202212962962966
8830,1750245.0,0.2200462962962966
8831,1750305.0,0.21942685185185212
8832,1750365.0,0.2190435185185188
8833,1750425.0,0.21793796296296325
8834,1750485.0,0.21734166666666696
8835,1750545.0,0.21725277777777807
8836,1750608.0,0.2174398148148151
8837,1750665.0,0.2172962962962966
8838,1750725.0,0.21626574074074106
8839,1750785.0,0.2150462962962966
8840,1750845.0,0.2142462962962966
8841,1750905.0,0.213628703703704
8842,1750965.0,0.21300462962962996
8843,1751025.0,0.2121212962962966
8844,1751085.0,0.2109638888888892
8845,1751145.0,0.2097675925925929
8846,1751205.0,0.2088240740740744
8847,1751265.0,0.20793796296296327
8848,1751325.0,0.20750740740740767
8849,1751388.0,0.20688240740740774
8850,1751445.0,0.2073527777777781
8851,1751505.0,0.20805370370370405
8852,1751565.0,0.2082842592592596
8853,1751625.0,0.20885648148148184
8854,1751685.0,0.2067120370370374
8855,1751745.0,0.2063129629629633
8856,1751805.0,0.20613148148148186
8857,1751865.0,0.2058944444444448
8858,1751925.0,0.2050481481481485
8859,1751985.0,0.2039407407407411
8860,1752045.0,0.2031518518518522
8861,1752105.0,0.20183611111111147
8862,1752165.0,0.20067592592592629
8863,1752225.0,0.19944629629629665
8864,1752285.0,0.2008305555555559
8865,1752345.0,0.2018148148148152
8866,1752405.0,0.20205000000000034
8867,1752465.0,0.2007601851851855
8868,1752525.0,0.19994722222222253
8869,1752585.0,0.19928981481481514
8870,1752645.0,0.19800092592592625
8871,1752705.0,0.19657500000000036
8872,1752765.0,0.1950351851851855
8873,1752825.0,0.19359722222222253
8874,1752885.0,0.19259814814814846
8875,1752945.0,0.19371851851851885
8876,1753005.0,0.19470000000000032
8877,1753065.0,0.19288055555555586
8878,1753125.0,0.1929000000000003
8879,1753185.0,0.1919333333333336
8880,1753245.0,0.1910388888888892
8881,1753305.0,0.19024814814814844
8882,1753365.0,0.18944444444444475
8883,1753425.0,0.18922870370370398
8884,1753485.0,0.18918333333333365
8885,1753545.0,0.18921296296296328
8886,1753605.0,0.18907222222222253
8887,1753665.0,0.18873333333333364
8888,1753725.0,0.18834166666666696
8889,1753785.0,0.18799444444444474
8890,1753845.0,0.18764444444444475
8891,1753905.0,0.1872990740740744
8892,1753965.0,0.1866842592592596
8893,1754025.0,0.1861342592592596
8894,1754085.0,0.18583981481481515
8895,1754145.0,0.18551111111111146
8896,1754205.0,0.18553240740740776
8897,1754265.0,0.18532777777777806
8898,1754325.0,0.18476666666666697
8899,1754385.0,0.18411018518518552
8900,1754445.0,0.1833777777777781
8901,1754505.0,0.1830268518518522
8902,1754565.0,0.1827268518518522
8903,1754625.0,0.18210370370370405
8904,1754685.0,0.1813194444444448
8905,1754745.0,0.18059166666666698
8906,1754805.0,0.18015277777777813
8907,1754865.0,0.17984351851851887
8908,1754925.0,0.17982222222222258
8909,1754985.0,0.1792083333333337
8910,1755045.0,0.1780592592592596
8911,1755105.0,0.1770879629629633
8912,1755165.0,0.1765703703703707
8913,1755225.0,0.17601574074074108
8914,1755285.0,0.17555000000000034
8915,1755345.0,0.17508888888888924
8916,1755405.0,0.17463518518518553
8917,1755465.0,0.1741944444444448
8918,1755525.0,0.17379629629629664
8919,1755585.0,0.17330462962962995
8920,1755645.0,0.1729731481481485
8921,1755705.0,0.17276481481481515
8922,1755765.0,0.1724694444444448
8923,1755825.0,0.1720453703703707
8924,1755885.0,0.17172592592592625
8925,1755945.0,0.17187685185185214
8926,1756005.0,0.17186574074074107
8927,1756065.0,0.17201111111111145
8928,1756125.0,0.1723203703703707
8929,1756185.0,0.17300833333333368
8930,1756245.0,0.17347500000000035
8931,1756305.0,0.1737157407407411
8932,1756365.0,0.17377870370370405
8933,1756425.0,0.17369629629629665
8934,1756485.0,0.17353703703703738
8935,1756545.0,0.17279166666666698
8936,1756605.0,0.17227592592592628
8937,1756665.0,0.1724120370370374
8938,1756725.0,0.17258611111111147
8939,1756785.0,0.17267500000000036
8940,1756845.0,0.17275740740740778
8941,1756905.0,0.17244259259259295
8942,1756965.0,0.17220648148148185
8943,1757025.0,0.17218703703703742
8944,1757085.0,0.1715898148148152
8945,1757145.0,0.17109907407407446
8946,1757205.0,0.17052407407407447
8947,1757265.0,0.1699185185185189
8948,1757325.0,0.16955462962963005
8949,1757388.0,0.16929444444444486
8950,1757445.0,0.16929537037037076
8951,1757505.0,0.1692472222222226
8952,1757565.0,0.16896759259259295
8953,1757625.0,0.1684583333333337
8954,1757685.0,0.1680361111111115
8955,1757745.0,0.1675500000000004
8956,1757805.0,0.1667398148148152
8957,1757865.0,0.16569629629629667
8958,1757925.0,0.16458148148148186
8959,1757985.0,0.16396388888888927
8960,1758045.0,0.16411388888888928
8961,1758105.0,0.16421203703703746
8962,1758165.0,0.16422407407407447
8963,1758225.0,0.1640287037037041
8964,1758288.0,0.1639259259259263
8965,1758345.0,0.16408148148148186
8966,1758405.0,0.16480185185185225
8967,1758465.0,0.16509907407407445
8968,1758528.0,0.16514629629629668
8969,1758585.0,0.16453888888888926
8970,1758645.0,0.16341481481481518
8971,1758705.0,0.16247870370370407
8972,1758765.0,0.1614768518518522
8973,1758825.0,0.16053796296296333
8974,1758885.0,0.15985277777777815
8975,1758945.0,0.15904444444444482
8976,1759005.0,0.15884907407407445
8977,1759068.0,0.15856296296296335
8978,1759125.0,0.15827222222222262
8979,1759185.0,0.15777222222222262
8980,1759245.0,0.1572324074074078
8981,1759305.0,0.15704907407407445
8982,1759365.0,0.1567111111111115
8983,1759425.0,0.15706944444444482
8984,1759485.0,0.15720277777777816
8985,1759545.0,0.15663796296296334
8986,1759605.0,0.1559685185185189
8987,1759665.0,0.15555648148148185
8988,1759725.0,0.1549898148148152
8989,1759785.0,0.15448333333333372
8990,1759845.0,0.15431388888888928
8991,1759905.0,0.15422222222222262
8992,1759965.0,0.1544527777777782
8993,1760025.0,0.1545351851851856
8994,1760085.0,0.15441851851851895
8995,1760145.0,0.15432962962963007
8996,1760205.0,0.15413611111111156
8997,1760265.0,0.1541370370370375
8998,1760325.0,0.15383518518518566
8999,1760385.0,0.15290277777777822
9000,1760445.0,0.1521194444444449
9001,1760505.0,0.15118333333333378
9002,1760565.0,0.15018240740740785
9003,1760625.0,0.14896851851851894
9004,1760685.0,0.14840648148148194
9005,1760745.0,0.14788333333333378
9006,1760805.0,0.1475518518518523
9007,1760865.0,0.14673333333333374
9008,1760925.0,0.14637962962963005
9009,1760985.0,0.14584629629629672
9010,1761048.0,0.14570925925925968
9011,1761105.0,0.14614074074074115
9012,1761165.0,0.14625833333333374
9013,1761225.0,0.1462601851851856
9014,1761285.0,0.14580833333333376
9015,1761345.0,0.14507500000000045
9016,1761405.0,0.14456388888888932
9017,1761465.0,0.14425370370370413
9018,1761525.0,0.14466203703703748
9019,1761585.0,0.1448231481481486
9020,1761645.0,0.1436953703703708
9021,1761705.0,0.14273888888888933
9022,1761765.0,0.1420342592592597
9023,1761825.0,0.14175648148148193
9024,1761888.0,0.14191203703703748
9025,1761945.0,0.1420629629629634
9026,1762005.0,0.14208333333333376
9027,1762065.0,0.14186574074074115
9028,1762125.0,0.14135462962963005
9029,1762185.0,0.14061944444444488
9030,1762245.0,0.13981759259259302
9031,1762305.0,0.1392314814814819
9032,1762365.0,0.1382527777777782
9033,1762425.0,0.1372527777777782
9034,1762485.0,0.1364277777777782
9035,1762545.0,0.13561944444444488
9036,1762605.0,0.13498055555555602
9037,1762665.0,0.1341777777777782
9038,1762725.0,0.1337916666666671
9039,1762785.0,0.13395462962963006
9040,1762845.0,0.13422870370370413
9041,1762905.0,0.13491851851851894
9042,1762965.0,0.13571944444444484
9043,1763025.0,0.13670092592592634
9044,1763085.0,0.13560925925925968
9045,1763145.0,0.13539444444444487
9046,1763205.0,0.13529814814814858
9047,1763268.0,0.13453055555555601
9048,1763325.0,0.13361111111111154
9049,1763385.0,0.13262870370370414
9050,1763445.0,0.13205833333333378
9051,1763505.0,0.13202962962963008
9052,1763565.0,0.13295740740740786
9053,1763625.0,0.13410000000000044
9054,1763685.0,0.1349166666666671
9055,1763745.0,0.13427870370370415
9056,1763805.0,0.13357500000000044
9057,1763865.0,0.13446666666666712
9058,1763925.0,0.13501296296296342
9059,1763985.0,0.13578425925925972
9060,1764045.0,0.1360944444444449
9061,1764105.0,0.1367509259259264
9062,1764165.0,0.1373657407407412
9063,1764225.0,0.1368018518518523
9064,1764285.0,0.13622314814814862
9065,1764345.0,0.1354509259259264
9066,1764405.0,0.1351444444444449
9067,1764465.0,0.13523888888888935
9068,1764525.0,0.13538148148148196
9069,1764585.0,0.1355731481481486
9070,1764645.0,0.1359296296296301
9071,1764705.0,0.13636388888888934
9072,1764765.0,0.13679814814814864
9073,1764825.0,0.13723055555555605
9074,1764885.0,0.1375222222222227
9075,1764945.0,0.1378222222222227
9076,1765005.0,0.13737314814814866
9077,1765065.0,0.13675277777777825
9078,1765125.0,0.13629351851851898
9079,1765185.0,0.1362333333333338
9080,1765245.0,0.135880555555556
9081,1765305.0,0.1360018518518523
9082,1765365.0,0.13592962962963007
9083,1765425.0,0.13575000000000045
9084,1765485.0,0.13559444444444488
9085,1765545.0,0.1355342592592597
9086,1765605.0,0.13546111111111153
9087,1765665.0,0.1354203703703708
9088,1765725.0,0.13554259259259302
9089,1765785.0,0.13605185185185228
9090,1765845.0,0.13683148148148191
9091,1765905.0,0.13765462962963007
9092,1765965.0,0.13751851851851896
9093,1766025.0,0.1370842592592597
9094,1766085.0,0.13641111111111154
9095,1766145.0,0.13591296296296346
9096,1766205.0,0.13552037037037085
9097,1766265.0,0.135118518518519
9098,1766325.0,0.13469166666666715
9099,1766385.0,0.1348287037037042
9100,1766445.0,0.134906481481482
9101,1766505.0,0.13487222222222273
9102,1766565.0,0.134631481481482
9103,1766625.0,0.13463981481481532
9104,1766685.0,0.13432222222222273
9105,1766745.0,0.1341925925925931
9106,1766805.0,0.13390740740740792
9107,1766865.0,0.1338638888888894
9108,1766925.0,0.1335250000000005
9109,1766985.0,0.13217407407407458
9110,1767045.0,0.13077222222222273
9111,1767105.0,0.1294500000000005
9112,1767165.0,0.12891574074074125
9113,1767225.0,0.12834444444444496
9114,1767285.0,0.1283166666666672
9115,1767345.0,0.12887314814814868
9116,1767405.0,0.12908981481481535
9117,1767465.0,0.1286805555555561
9118,1767525.0,0.12807500000000055
9119,1767585.0,0.12764722222222274
9120,1767645.0,0.12734444444444498
9121,1767705.0,0.12731666666666722
9122,1767765.0,0.1271231481481487
9123,1767825.0,0.12666759259259314
9124,1767885.0,0.12657777777777834
9125,1767945.0,0.12649814814814872
9126,1768005.0,0.12720277777777836
9127,1768065.0,0.12787500000000054
9128,1768125.0,0.12807407407407465
9129,1768185.0,0.12822037037037093
9130,1768245.0,0.12854722222222278
9131,1768305.0,0.1292370370370376
9132,1768365.0,0.12957407407407462
9133,1768425.0,0.12996851851851907
9134,1768485.0,0.13069259259259314
9135,1768545.0,0.13122962962963014
9136,1768605.0,0.13130000000000053
9137,1768665.0,0.13099351851851904
9138,1768725.0,0.13061296296296349
9139,1768785.0,0.1304388888888894
9140,1768845.0,0.130256481481482
9141,1768905.0,0.13037129629629682
9142,1768965.0,0.13067314814814868
9143,1769025.0,0.13058148148148202
9144,1769085.0,0.13049629629629686
9145,1769145.0,0.13009259259259312
9146,1769205.0,0.1295203703703709
9147,1769265.0,0.12896203703703754
9148,1769325.0,0.12840185185185238
9149,1769385.0,0.12819074074074127
9150,1769445.0,0.12923240740740793
9151,1769505.0,0.1299240740740746
9152,1769565.0,0.13001018518518573
9153,1769625.0,0.1299842592592598
9154,1769685.0,0.12972870370370426
9155,1769745.0,0.1297379629629635
9156,1769805.0,0.12949351851851906
9157,1769865.0,0.1297731481481487
9158,1769925.0,0.12984722222222278
9159,1769985.0,0.1302018518518524
9160,1770045.0,0.13042500000000054
9161,1770105.0,0.1303666666666672
9162,1770165.0,0.1303555555555561
9163,1770225.0,0.1298157407407413
9164,1770285.0,0.12929907407407462
9165,1770345.0,0.12918518518518576
9166,1770405.0,0.12972870370370426
9167,1770465.0,0.12998425925925985
9168,1770525.0,0.12981111111111168
9169,1770585.0,0.12954907407407465
9170,1770645.0,0.12890740740740794
9171,1770708.0,0.12899629629629686
9172,1770765.0,0.12906018518518575
9173,1770825.0,0.1291759259259265
9174,1770885.0,0.1293722222222228
9175,1770945.0,0.12929444444444502
9176,1771005.0,0.1294157407407413
9177,1771065.0,0.12911759259259314
9178,1771125.0,0.1289166666666672
9179,1771185.0,0.12910833333333388
9180,1771245.0,0.12925000000000056
9181,1771305.0,0.1297157407407413
9182,1771365.0,0.12990462962963018
9183,1771425.0,0.13089444444444498
9184,1771485.0,0.13140462962963018
9185,1771545.0,0.1319870370370376
9186,1771605.0,0.13222777777777833
9187,1771665.0,0.1330046296296302
9188,1771725.0,0.13346759259259314
9189,1771785.0,0.13378148148148206
9190,1771845.0,0.13371944444444506
9191,1771905.0,0.13351666666666726
9192,1771965.0,0.1336120370370376
9193,1772025.0,0.13359074074074131
9194,1772085.0,0.13285000000000058
9195,1772145.0,0.13245555555555613
9196,1772205.0,0.13188148148148204
9197,1772265.0,0.13160555555555611
9198,1772325.0,0.13091388888888944
9199,1772385.0,0.13053148148148205
9200,1772445.0,0.13157777777777832
9201,1772505.0,0.13252870370370426
9202,1772565.0,0.13310648148148205
9203,1772625.0,0.1332611111111117
9204,1772685.0,0.13323518518518576
9205,1772745.0,0.13310185185185242
9206,1772805.0,0.1330120370370376
9207,1772865.0,0.13391759259259314
9208,1772925.0,0.13446203703703755
9209,1772985.0,0.1342268518518524
9210,1773045.0,0.1340981481481487
9211,1773105.0,0.13446481481481534
9212,1773165.0,0.13531111111111166
9213,1773228.0,0.13601296296296347
9214,1773285.0,0.13665925925925976
9215,1773345.0,0.1376638888888894
9216,1773405.0,0.13845925925925975
9217,1773465.0,0.13936944444444493
9218,1773525.0,0.14022222222222272
9219,1773585.0,0.14074722222222272
9220,1773645.0,0.14094074074074125
9221,1773705.0,0.14024537037037085
9222,1773765.0,0.13917037037037086
9223,1773825.0,0.13808425925925974
9224,1773885.0,0.13729629629629678
9225,1773945.0,0.13676388888888938
9226,1774005.0,0.13648703703703752
9227,1774065.0,0.13717037037037086
9228,1774125.0,0.1381222222222227
9229,1774185.0,0.1388398148148153
9230,1774245.0,0.13934907407407454
9231,1774305.0,0.13965462962963013
9232,1774365.0,0.13900462962963012
9233,1774425.0,0.13899166666666715
9234,1774485.0,0.13925370370370418
9235,1774545.0,0.1392361111111116
9236,1774605.0,0.13846296296296345
9237,1774665.0,0.1375907407407412
9238,1774725.0,0.13696296296296342
9239,1774785.0,0.13703518518518565
9240,1774845.0,0.13770370370370416
9241,1774905.0,0.13772870370370416
9242,1774965.0,0.13804444444444489
9243,1775025.0,0.13882777777777822
9244,1775085.0,0.13940740740740784
9245,1775145.0,0.14040462962963007
9246,1775205.0,0.14090833333333375
9247,1775265.0,0.14108055555555601
9248,1775325.0,0.14074629629629673
9249,1775385.0,0.1411490740740745
9250,1775445.0,0.14092870370370414
9251,1775505.0,0.14049722222222266
9252,1775565.0,0.14000740740740786
9253,1775625.0,0.13940092592592634
9254,1775685.0,0.1387129629629634
9255,1775745.0,0.13880555555555601
9256,1775805.0,0.13977592592592636
9257,1775865.0,0.1409990740740745
9258,1775925.0,0.14218611111111154
9259,1775985.0,0.14337685185185228
9260,1776045.0,0.14439629629629672
9261,1776105.0,0.14466111111111152
9262,1776165.0,0.14431203703703746
9263,1776225.0,0.14428425925925967
9264,1776285.0,0.1448064814814819
9265,1776345.0,0.14567037037037078
9266,1776405.0,0.1466064814814819
9267,1776465.0,0.1467824074074078
9268,1776525.0,0.14709722222222266
9269,1776585.0,0.14742222222222262
9270,1776645.0,0.1485851851851856
9271,1776705.0,0.14908703703703746
9272,1776765.0,0.14998333333333375
9273,1776825.0,0.15068333333333375
9274,1776885.0,0.1513277777777782
9275,1776945.0,0.15198611111111154
9276,1777005.0,0.15173981481481524
9277,1777065.0,0.15186944444444486
9278,1777125.0,0.15244166666666709
9279,1777185.0,0.15309722222222266
9280,1777245.0,0.15345925925925968
9281,1777305.0,0.1539990740740745
9282,1777365.0,0.15446944444444488
9283,1777425.0,0.15468981481481525
9284,1777485.0,0.15499722222222265
9285,1777545.0,0.1550388888888893
9286,1777605.0,0.15571203703703745
9287,1777665.0,0.1561388888888893
9288,1777725.0,0.15680833333333374
9289,1777785.0,0.15830462962963004
9290,1777845.0,0.1595351851851856
9291,1777905.0,0.16114722222222266
9292,1777965.0,0.1631916666666671
9293,1778025.0,0.1650740740740745
9294,1778085.0,0.1664342592592597
9295,1778145.0,0.16711759259259304
9296,1778205.0,0.1675231481481486
9297,1778265.0,0.16785833333333378
9298,1778325.0,0.1682481481481486
9299,1778385.0,0.1685592592592597
9300,1778445.0,0.168630555555556
9301,1778505.0,0.1682268518518523
9302,1778565.0,0.167905555555556
9303,1778625.0,0.16820648148148193
9304,1778685.0,0.1688342592592597
9305,1778745.0,0.16962962962963007
9306,1778805.0,0.1693453703703708
9307,1778865.0,0.16918240740740784
9308,1778925.0,0.16931018518518562
9309,1778985.0,0.1700194444444449
9310,1779045.0,0.1703379629629634
9311,1779105.0,0.16996851851851896
9312,1779165.0,0.16961944444444488
9313,1779225.0,0.16956388888888932
9314,1779285.0,0.16953981481481525
9315,1779345.0,0.16917129629629676
9316,1779405.0,0.16933148148148192
9317,1779465.0,0.17049259259259306
9318,1779525.0,0.1720407407407412
9319,1779588.0,0.17330277777777822
9320,1779648.0,0.17454537037037082
9321,1779705.0,0.1751768518518523
9322,1779765.0,0.17545648148148196
9323,1779825.0,0.17535740740740785
9324,1779885.0,0.1751981481481486
9325,1779945.0,0.17583981481481528
9326,1780005.0,0.17640740740740787
9327,1780065.0,0.17621481481481527
9328,1780125.0,0.1765444444444449
9329,1780185.0,0.17735740740740785
9330,1780245.0,0.17840462962963008
9331,1780305.0,0.17924629629629674
9332,1780365.0,0.18043333333333375
9333,1780425.0,0.18126851851851894
9334,1780485.0,0.18155555555555605
9335,1780545.0,0.1815194444444449
9336,1780605.0,0.18130925925925973
9337,1780665.0,0.18065648148148195
9338,1780725.0,0.18020740740740787
9339,1780785.0,0.18008425925925972
9340,1780845.0,0.1804759259259264
9341,1780905.0,0.18106388888888936
9342,1780965.0,0.181543518518519
9343,1781025.0,0.182031481481482
9344,1781085.0,0.18302685185185236
9345,1781148.0,0.18389166666666715
9346,1781205.0,0.18424074074074126
9347,1781265.0,0.1847092592592597
9348,1781325.0,0.18625925925925974
9349,1781385.0,0.18765000000000048
9350,1781445.0,0.18881574074074126
9351,1781505.0,0.18928425925925974
9352,1781565.0,0.1897259259259264
9353,1781625.0,0.1895462962962968
9354,1781685.0,0.1895231481481486
9355,1781745.0,0.19004722222222267
9356,1781808.0,0.19077500000000044
9357,1781865.0,0.19221111111111155
9358,1781925.0,0.19338148148148196
9359,1781985.0,0.19471666666666712
9360,1782045.0,0.19536666666666716
9361,1782105.0,0.19531388888888931
9362,1782165.0,0.19537962962963007
9363,1782225.0,0.19499259259259305
9364,1782285.0,0.19461944444444487
9365,1782345.0,0.19369351851851896
9366,1782405.0,0.19297962962963008
9367,1782465.0,0.1926027777777782
9368,1782525.0,0.19274351851851892
9369,1782585.0,0.19310740740740784
9370,1782648.0,0.193530555555556
9371,1782705.0,0.193830555555556
9372,1782765.0,0.19405925925925968
9373,1782825.0,0.1943064814814819
9374,1782885.0,0.19492870370370413
9375,1782945.0,0.19552314814814856
9376,1783005.0,0.19684444444444488
9377,1783065.0,0.1984009259259264
9378,1783125.0,0.1992166666666671
9379,1783185.0,0.20014444444444487
9380,1783245.0,0.20068240740740784
9381,1783305.0,0.2010953703703708
9382,1783365.0,0.20158981481481525
9383,1783425.0,0.20204259259259305
9384,1783485.0,0.20207777777777824
9385,1783545.0,0.20235833333333375
9386,1783605.0,0.2019481481481486
9387,1783665.0,0.2009944444444449
9388,1783725.0,0.20064722222222267
9389,1783785.0,0.2016870370370375
9390,1783845.0,0.20319351851851894
9391,1783905.0,0.20392129629629674
9392,1783965.0,0.20466481481481524
9393,1784025.0,0.2049277777777782
9394,1784085.0,0.2049740740740745
9395,1784145.0,0.20487129629629672
9396,1784205.0,0.20514444444444488
9397,1784265.0,0.20514629629629674
9398,1784325.0,0.2046953703703708
9399,1784385.0,0.2042268518518523
9400,1784445.0,0.20507962962963008
9401,1784505.0,0.2068861111111116
9402,1784565.0,0.2086907407407412
9403,1784625.0,0.210543518518519
9404,1784685.0,0.2117861111111116
9405,1784745.0,0.2126212962962968
9406,1784808.0,0.213193518518519
9407,1784865.0,0.21370925925925974
9408,1784925.0,0.21360000000000048
9409,1784985.0,0.214181481481482
9410,1785045.0,0.21470462962963013
9411,1785105.0,0.2150611111111116
9412,1785165.0,0.2145388888888894
9413,1785225.0,0.2138972222222227
9414,1785285.0,0.2136370370370375
9415,1785345.0,0.21283888888888933
9416,1785405.0,0.21385370370370416
9417,1785465.0,0.2144444444444449
9418,1785525.0,0.2144768518518523
9419,1785585.0,0.21505370370370416
9420,1785645.0,0.21572037037037084
9421,1785705.0,0.21638981481481528
9422,1785765.0,0.2172046296296301
9423,1785825.0,0.21796666666666714
9424,1785885.0,0.21872870370370415
9425,1785945.0,0.21933055555555606
9426,1786005.0,0.2200046296296301
9427,1786065.0,0.2207898148148153
9428,1786125.0,0.221643518518519
9429,1786185.0,0.22147500000000048
9430,1786245.0,0.22128240740740787
9431,1786305.0,0.22179166666666714
9432,1786365.0,0.22216296296296345
9433,1786425.0,0.22242407407407447
9434,1786485.0,0.22281018518518564
9435,1786545.0,0.22176481481481528
9436,1786605.0,0.22258055555555603
9437,1786665.0,0.22264907407407453
9438,1786725.0,0.2222481481481486
9439,1786785.0,0.22214907407407453
9440,1786845.0,0.22235000000000046
9441,1786905.0,0.22251481481481528
9442,1786965.0,0.22314166666666715
9443,1787025.0,0.22352500000000047
9444,1787088.0,0.22317685185185232
9445,1787145.0,0.22255370370370414
9446,1787205.0,0.2224148148148153
9447,1787265.0,0.22343425925925967
9448,1787325.0,0.22365185185185232
9449,1787385.0,0.22394907407407452
9450,1787445.0,0.22337407407407456
9451,1787505.0,0.22323796296296344
9452,1787565.0,0.22256759259259307
9453,1787625.0,0.22186296296296346
9454,1787685.0,0.221356481481482
9455,1787745.0,0.22052407407407454
9456,1787805.0,0.22100740740740787
9457,1787865.0,0.22282870370370414
9458,1787925.0,0.2228694444444449
9459,1787985.0,0.22221296296296345
9460,1788045.0,0.2218731481481486
9461,1788105.0,0.2221518518518523
9462,1788165.0,0.2224268518518523
9463,1788225.0,0.22292407407407447
9464,1788285.0,0.22351203703703748
9465,1788345.0,0.2241481481481486
9466,1788405.0,0.2243453703703708
9467,1788465.0,0.2245490740740745
9468,1788525.0,0.22453240740740785
9469,1788585.0,0.22386111111111154
9470,1788645.0,0.22366481481481526
9471,1788705.0,0.223555555555556
9472,1788765.0,0.2226740740740745
9473,1788825.0,0.2214777777777782
9474,1788885.0,0.21974074074074115
9475,1788945.0,0.21848240740740785
9476,1789005.0,0.21853425925925968
9477,1789065.0,0.21837592592592636
9478,1789125.0,0.21881296296296335
9479,1789185.0,0.2189564814814819
9480,1789245.0,0.21961759259259303
9481,1789305.0,0.22070092592592636
9482,1789365.0,0.22191944444444486
9483,1789425.0,0.22262314814814851
9484,1789485.0,0.22279722222222265
9485,1789545.0,0.2237074074074078
9486,1789605.0,0.2248435185185189
9487,1789665.0,0.2259666666666671
9488,1789725.0,0.22692592592592634
9489,1789785.0,0.2273462962962967
9490,1789845.0,0.227505555555556
9491,1789905.0,0.22784259259259296
9492,1789965.0,0.2283787037037041
9493,1790025.0,0.2281148148148152
9494,1790088.0,0.22712685185185225
9495,1790145.0,0.2263333333333337
9496,1790208.0,0.22607037037037075
9497,1790265.0,0.2258694444444448
9498,1790325.0,0.2254731481481485
9499,1790385.0,0.2254870370370374
9500,1790445.0,0.22482314814814847
9501,1790505.0,0.2249370370370374
9502,1790565.0,0.22495648148148184
9503,1790625.0,0.2259111111111115
9504,1790685.0,0.22684629629629666
9505,1790745.0,0.2271342592592596
9506,1790805.0,0.22728425925925966
9507,1790865.0,0.2280157407407411
9508,1790925.0,0.22862129629629666
9509,1790985.0,0.22836111111111146
9510,1791045.0,0.2270953703703707
9511,1791105.0,0.2256324074074077
9512,1791165.0,0.22449166666666698
9513,1791225.0,0.2237194444444448
9514,1791285.0,0.2241694444444448
9515,1791345.0,0.22527962962963
9516,1791405.0,0.2262583333333337
9517,1791465.0,0.22746481481481515
9518,1791525.0,0.2284675925925929
9519,1791585.0,0.22911481481481516
9520,1791645.0,0.2292490740740744
9521,1791705.0,0.2292518518518521
9522,1791765.0,0.22955370370370398
9523,1791825.0,0.22941111111111145
9524,1791885.0,0.2289990740740744
9525,1791945.0,0.2280805555555559
9526,1792005.0,0.2279592592592596
9527,1792065.0,0.22751111111111144
9528,1792125.0,0.22659629629629666
9529,1792185.0,0.2265944444444448
9530,1792245.0,0.2263157407407411
9531,1792305.0,0.2259379629629633
9532,1792365.0,0.22569629629629664
9533,1792425.0,0.2263472222222225
9534,1792485.0,0.2270953703703707
9535,1792545.0,0.2273620370370373
9536,1792605.0,0.2273361111111114
9537,1792665.0,0.22696944444444475
9538,1792725.0,0.22702962962962994
9539,1792785.0,0.22657685185185214
9540,1792845.0,0.2267842592592596
9541,1792905.0,0.2268027777777781
9542,1792968.0,0.22741481481481515
9543,1793025.0,0.2276583333333337
9544,1793088.0,0.2272805555555559
9545,1793145.0,0.2270750000000004
9546,1793205.0,0.22804166666666706
9547,1793265.0,0.22859537037037075
9548,1793325.0,0.2283537037037041
9549,1793385.0,0.2287361111111115
9550,1793445.0,0.22922222222222255
9551,1793505.0,0.2297731481481485
9552,1793565.0,0.23009907407407446
9553,1793625.0,0.2307759259259263
9554,1793688.0,0.23218703703703736
9555,1793745.0,0.23363888888888926
9556,1793805.0,0.2339805555555559
9557,1793865.0,0.2319805555555559
9558,1793925.0,0.2312962962962966
9559,1793985.0,0.2304203703703707
9560,1794045.0,0.2291925925925929
9561,1794105.0,0.22862962962963
9562,1794165.0,0.22826481481481514
9563,1794228.0,0.22815092592592626
9564,1794285.0,0.2286277777777781
9565,1794345.0,0.22912685185185214
9566,1794405.0,0.23028148148148175
9567,1794465.0,0.23124814814814845
9568,1794525.0,0.231703703703704
9569,1794585.0,0.2316703703703707
9570,1794645.0,0.2315138888888892
9571,1794705.0,0.2319462962962966
9572,1794765.0,0.23199166666666696
9573,1794825.0,0.2312722222222225
9574,1794885.0,0.2317796296296299
9575,1794945.0,0.23229537037037065
9576,1795005.0,0.2307888888888892
9577,1795065.0,0.2314722222222225
9578,1795125.0,0.2318018518518521
9579,1795185.0,0.23270462962962996
9580,1795245.0,0.23319444444444476
9581,1795305.0,0.2330361111111114
9582,1795365.0,0.2328972222222225
9583,1795425.0,0.23259629629629655
9584,1795485.0,0.23273425925925956
9585,1795545.0,0.23309907407407435
9586,1795605.0,0.2332944444444447
9587,1795665.0,0.23283425925925955
9588,1795725.0,0.2322111111111114
9589,1795785.0,0.2320935185185188
9590,1795845.0,0.23238796296296324
9591,1795905.0,0.2315370370370373
9592,1795965.0,0.2321824074074077
9593,1796025.0,0.23214074074074104
9594,1796085.0,0.2324750000000003
9595,1796145.0,0.2337925925925929
9596,1796205.0,0.23438148148148175
9597,1796265.0,0.235228703703704
9598,1796325.0,0.23648518518518544
9599,1796385.0,0.23657129629629656
9600,1796445.0,0.236053703703704
9601,1796505.0,0.2358324074074077
9602,1796565.0,0.23475000000000024
9603,1796625.0,0.2337518518518521
9604,1796685.0,0.2323731481481484
9605,1796745.0,0.2322324074074077
9606,1796805.0,0.2320120370370373
9607,1796865.0,0.23106759259259285
9608,1796925.0,0.2298333333333336
9609,1796985.0,0.2290620370370373
9610,1797045.0,0.228527777777778
9611,1797105.0,0.22718518518518546
9612,1797165.0,0.2272731481481484
9613,1797225.0,0.2280194444444447
9614,1797285.0,0.22840277777777804
9615,1797345.0,0.2296722222222225
9616,1797405.0,0.2288583333333336
9617,1797465.0,0.22877500000000026
9618,1797525.0,0.22896296296296326
9619,1797585.0,0.2288064814814817
9620,1797645.0,0.22906111111111135
9621,1797705.0,0.22944074074074106
9622,1797765.0,0.22973055555555585
9623,1797825.0,0.23000555555555585
9624,1797885.0,0.23023148148148176
9625,1797945.0,0.2299435185185188
9626,1798005.0,0.2296351851851855
9627,1798065.0,0.2291111111111114
9628,1798125.0,0.2288259259259262
9629,1798185.0,0.22803055555555585
9630,1798245.0,0.2276518518518521
9631,1798305.0,0.226178703703704
9632,1798365.0,0.22875092592592625
9633,1798425.0,0.2304500000000003
9634,1798485.0,0.2319222222222225
9635,1798545.0,0.2335000000000003
9636,1798605.0,0.2341314814814818
9637,1798665.0,0.2326592592592596
9638,1798725.0,0.23238333333333366
9639,1798785.0,0.2331888888888892
9640,1798845.0,0.2341129629629633
9641,1798905.0,0.23439351851851886
9642,1798965.0,0.2348000000000003
9643,1799025.0,0.2350592592592596
9644,1799085.0,0.2348962962962966
9645,1799145.0,0.2346694444444448
9646,1799205.0,0.23493055555555584
9647,1799265.0,0.23516666666666694
9648,1799325.0,0.2356027777777781
9649,1799385.0,0.23581944444444475
9650,1799445.0,0.2352722222222225
9651,1799505.0,0.2357111111111114
9652,1799565.0,0.23573518518518544
9653,1799625.0,0.23676574074074105
9654,1799685.0,0.2384240740740744
9655,1799745.0,0.2400953703703707
9656,1799805.0,0.2410000000000003
9657,1799865.0,0.24194074074074104
9658,1799925.0,0.2421888888888892
9659,1799985.0,0.24267314814814844
9660,1800045.0,0.2421685185185188
9661,1800105.0,0.2407259259259262
9662,1800168.0,0.2392222222222225
9663,1800225.0,0.238603703703704
9664,1800285.0,0.23873055555555586
9665,1800345.0,0.2375750000000003
9666,1800405.0,0.23653148148148176
9667,1800465.0,0.2356324074074077
9668,1800525.0,0.2347824074074077
9669,1800585.0,0.2340814814814817
9670,1800645.0,0.2336166666666669
9671,1800705.0,0.23338055555555584
9672,1800765.0,0.2332796296296299
9673,1800825.0,0.23381944444444475
9674,1800885.0,0.23486944444444474
9675,1800945.0,0.2349527777777781
9676,1801005.0,0.23563796296296324
9677,1801065.0,0.2357722222222225
9678,1801125.0,0.23547407407407436
9679,1801185.0,0.2346305555555558
9680,1801245.0,0.2348768518518521
9681,1801305.0,0.2346046296296299
9682,1801365.0,0.23437592592592615
9683,1801425.0,0.23373518518518546
9684,1801485.0,0.23323611111111134
9685,1801545.0,0.23289259259259285
9686,1801605.0,0.2327231481481484
9687,1801665.0,0.23291018518518544
9688,1801725.0,0.232077777777778
9689,1801785.0,0.2311120370370373
9690,1801845.0,0.23141018518518544
9691,1801905.0,0.23200925925925955
9692,1801965.0,0.2323731481481484
9693,1802025.0,0.2335222222222225
9694,1802085.0,0.23355277777777805
9695,1802145.0,0.23357129629629655
9696,1802205.0,0.23272592592592625
9697,1802265.0,0.23237314814814844
9698,1802325.0,0.23186574074074104
9699,1802385.0,0.23201111111111145
9700,1802445.0,0.23195185185185216
9701,1802505.0,0.232153703703704
9702,1802565.0,0.23200092592592625
9703,1802628.0,0.23210833333333364
9704,1802685.0,0.23174814814814845
9705,1802745.0,0.231928703703704
9706,1802805.0,0.23267592592592626
9707,1802868.0,0.233953703703704
9708,1802925.0,0.23515555555555584
9709,1802985.0,0.23553796296296325
9710,1803048.0,0.2362833333333336
9711,1803108.0,0.23625092592592625
9712,1803168.0,0.2358527777777781
9713,1803225.0,0.23497592592592625
9714,1803288.0,0.234703703703704
9715,1803345.0,0.23366574074074106
9716,1803405.0,0.2324277777777781
9717,1803465.0,0.2319138888888892
9718,1803525.0,0.23192037037037064
9719,1803585.0,0.23234259259259285
9720,1803645.0,0.2326666666666669
9721,1803705.0,0.2335509259259262
9722,1803765.0,0.2340879629629632
9723,1803825.0,0.23466111111111135
9724,1803885.0,0.2363175925925929
9725,1803945.0,0.2364620370370373
9726,1804005.0,0.23558888888888915
9727,1804065.0,0.23542407407407434
9728,1804125.0,0.236678703703704
9729,1804185.0,0.2366638888888892
9730,1804245.0,0.23643796296296324
9731,1804305.0,0.23576018518518546
9732,1804365.0,0.2350925925925929
9733,1804425.0,0.2339175925925929
9734,1804485.0,0.23251574074074105
9735,1804545.0,0.2319046296296299
9736,1804605.0,0.2318870370370373
9737,1804665.0,0.23226296296296325
9738,1804725.0,0.23158611111111135
9739,1804785.0,0.23306111111111136
9740,1804845.0,0.2337509259259262
9741,1804905.0,0.2345083333333336
9742,1804965.0,0.23518518518518544
9743,1805025.0,0.23577500000000026
9744,1805085.0,0.23651574074074105
9745,1805145.0,0.2368944444444447
9746,1805205.0,0.23736111111111136
9747,1805265.0,0.23721296296296324
9748,1805325.0,0.23633796296296325
9749,1805385.0,0.23665925925925954
9750,1805445.0,0.23709907407407435
9751,1805505.0,0.2368638888888892
9752,1805565.0,0.2365601851851855
9753,1805625.0,0.2371962962962966
9754,1805685.0,0.236703703703704
9755,1805745.0,0.2361250000000003
9756,1805805.0,0.23696111111111146
9757,1805865.0,0.23601574074074105
9758,1805925.0,0.23551666666666696
9759,1805985.0,0.23436481481481514
9760,1806045.0,0.2340564814814818
9761,1806105.0,0.2344888888888892
9762,1806165.0,0.2347407407407411
9763,1806225.0,0.2344444444444448
9764,1806285.0,0.2343509259259263
9765,1806345.0,0.2340842592592596
9766,1806405.0,0.23457870370370404
9767,1806465.0,0.2359435185185189
9768,1806525.0,0.2378879629629633
9769,1806585.0,0.2395407407407411
9770,1806645.0,0.24018240740740776
9771,1806705.0,0.23997129629629665
9772,1806765.0,0.2412342592592596
9773,1806825.0,0.2421972222222226
9774,1806888.0,0.24222129629629666
9775,1806945.0,0.24138888888888926
9776,1807008.0,0.23964166666666697
9777,1807065.0,0.23876203703703736
9778,1807125.0,0.2380481481481485
9779,1807185.0,0.2378564814814818
9780,1807245.0,0.23712962962963
9781,1807305.0,0.2371898148148152
9782,1807368.0,0.23792592592592626
9783,1807425.0,0.23857129629629664
9784,1807485.0,0.2395990740740744
9785,1807545.0,0.23951481481481515
9786,1807605.0,0.2394453703703707
9787,1807665.0,0.2397027777777781
9788,1807725.0,0.2401222222222225
9789,1807785.0,0.24021574074074106
9790,1807845.0,0.2419444444444448
9791,1807905.0,0.2439351851851855
9792,1807965.0,0.2446388888888892
9793,1808025.0,0.2448981481481485
9794,1808085.0,0.24524629629629666
9795,1808145.0,0.24501388888888925
9796,1808205.0,0.24393518518518556
9797,1808265.0,0.2441083333333337
9798,1808325.0,0.2444083333333337
9799,1808385.0,0.2440555555555559
9800,1808445.0,0.24282129629629665
9801,1808505.0,0.2434379629629633
9802,1808565.0,0.24316666666666695
9803,1808625.0,0.2433342592592596
9804,1808685.0,0.2437750000000003
9805,1808745.0,0.24477314814814846
9806,1808805.0,0.24559814814814845
9807,1808865.0,0.2457768518518521
9808,1808928.0,0.24653425925925956
9809,1808985.0,0.2470000000000003
9810,1809045.0,0.24640277777777805
9811,1809105.0,0.2468527777777781
9812,1809165.0,0.2455611111111114
9813,1809225.0,0.24515555555555585
9814,1809285.0,0.2447379629629633
9815,1809345.0,0.2440777777777781
9816,1809405.0,0.2438388888888892
9817,1809465.0,0.2440527777777781
9818,1809525.0,0.2443620370370373
9819,1809585.0,0.24426574074074106
9820,1809645.0,0.2431990740740744
9821,1809705.0,0.2427231481481485
9822,1809765.0,0.2427055555555559
9823,1809825.0,0.2426851851851855
9824,1809885.0,0.24345370370370406
9825,1809945.0,0.2445231481481485
9826,1810005.0,0.2450407407407411
9827,1810065.0,0.24536666666666698
9828,1810125.0,0.2454907407407411
9829,1810185.0,0.2462342592592596
9830,1810245.0,0.24671203703703734
9831,1810305.0,0.24563611111111144
9832,1810365.0,0.2454740740740744
9833,1810425.0,0.2451629629629633
9834,1810485.0,0.2444101851851855
9835,1810545.0,0.2426888888888892
9836,1810605.0,0.24047500000000036
9837,1810665.0,0.2392907407407411
9838,1810725.0,0.23857685185185215
9839,1810785.0,0.2389092592592596
9840,1810845.0,0.2396398148148152
9841,1810905.0,0.2407435185185189
9842,1810965.0,0.24182870370370405
9843,1811025.0,0.24217129629629666
9844,1811085.0,0.2422925925925929
9845,1811145.0,0.2425203703703707
9846,1811205.0,0.243316666666667
9847,1811265.0,0.2439879629629633
9848,1811325.0,0.2438694444444448
9849,1811385.0,0.24370000000000036
9850,1811445.0,0.24314351851851884
9851,1811505.0,0.24299074074074106
9852,1811565.0,0.24244629629629666
9853,1811625.0,0.2422833333333337
9854,1811685.0,0.24205092592592625
9855,1811745.0,0.2429990740740744
9856,1811805.0,0.24229629629629665
9857,1811865.0,0.24254629629629665
9858,1811925.0,0.24276203703703736
9859,1811985.0,0.2434240740740744
9860,1812045.0,0.24323703703703736
9861,1812105.0,0.24337592592592625
9862,1812165.0,0.2436925925925929
9863,1812225.0,0.24406574074074106
9864,1812285.0,0.2446379629629633
9865,1812345.0,0.2448629629629633
9866,1812405.0,0.2447731481481485
9867,1812465.0,0.24410462962962995
9868,1812525.0,0.24446851851851886
9869,1812585.0,0.2457472222222225
9870,1812645.0,0.2454120370370373
9871,1812705.0,0.2463972222222225
9872,1812765.0,0.2469685185185188
9873,1812825.0,0.2467101851851855
9874,1812885.0,0.2467629629629633
9875,1812945.0,0.2452824074074077
9876,1813005.0,0.2458222222222225
9877,1813065.0,0.24646944444444474
9878,1813125.0,0.2470472222222225
9879,1813185.0,0.24707592592592625
9880,1813248.0,0.2473564814814818
9881,1813305.0,0.24745092592592624
9882,1813368.0,0.2475888888888892
9883,1813425.0,0.24862314814814845
9884,1813485.0,0.24793148148148175
9885,1813545.0,0.2482962962962966
9886,1813605.0,0.2479500000000003
9887,1813665.0,0.24762592592592625
9888,1813725.0,0.24681574074074106
9889,1813785.0,0.2464620370370373
9890,1813845.0,0.24609537037037066
9891,1813905.0,0.24582592592592625
9892,1813965.0,0.24590925925925955
9893,1814025.0,0.24569629629629655
9894,1814085.0,0.2457009259259262
9895,1814145.0,0.2469638888888892
9896,1814205.0,0.24781944444444476
9897,1814265.0,0.24936018518518546
9898,1814325.0,0.2494194444444447
9899,1814385.0,0.24929814814814846
