,time,mit
0,2430045.0,0.45850900533221384
1,2430105.0,0.4566203714232635
2,2430165.0,0.4572989995991362
3,2430225.0,0.4577761224910707
4,2430285.0,0.45790246624544984
5,2430345.0,0.4580423677739546
6,2430405.0,0.45819311322212786
7,2430465.0,0.4582947824314758
8,2430525.0,0.4584094218863043
9,2430585.0,0.4585064164908287
10,2430645.0,0.45857398593823306
11,2430705.0,0.4584024378062693
12,2430765.0,0.45842030625935615
13,2430825.0,0.45859625047567076
14,2430885.0,0.45883820759854366
15,2430945.0,0.45908544701021714
16,2431005.0,0.45943442452564764
17,2431065.0,0.45968341906663623
18,2431128.0,0.4599446400991464
19,2431185.0,0.46009166634861576
20,2431245.0,0.4601706240771919
21,2431305.0,0.46017713878461974
22,2431365.0,0.4580053091521715
23,2431425.0,0.456724350394598
24,2431485.0,0.4558065484289481
25,2431545.0,0.4551702440041826
26,2431605.0,0.4544059026168267
27,2431665.0,0.45348451740969353
28,2431725.0,0.4525313892100199
29,2431785.0,0.45143929855244236
30,2431845.0,0.450270561159424
31,2431905.0,0.44904287375233076
32,2431965.0,0.44775630528719146
33,2432025.0,0.4464035743221547
34,2432085.0,0.4449607884504113
35,2432145.0,0.4434631859212792
36,2432205.0,0.44195435747953604
37,2432265.0,0.44040141004051603
38,2432325.0,0.4388323112589195
39,2432385.0,0.43724663067568503
40,2432445.0,0.4357115722305095
41,2432505.0,0.4341892071058717
42,2432565.0,0.4345360038978173
43,2432625.0,0.43431669892631375
44,2432685.0,0.4337458418571817
45,2432745.0,0.4324193256483365
46,2432805.0,0.4318293007781654
47,2432865.0,0.43160574177375677
48,2432925.0,0.4316270546699509
49,2432985.0,0.43150529573529295
50,2433045.0,0.43188839818774316
51,2433105.0,0.43217253131486333
52,2433165.0,0.4324057817399718
53,2433225.0,0.43257156165781463
54,2433285.0,0.4327950685242171
55,2433345.0,0.43329958710861416
56,2433405.0,0.43343759788243874
57,2433465.0,0.43301465314614396
58,2433525.0,0.432705544277862
59,2433585.0,0.4327281725230093
60,2433645.0,0.43294666083385
61,2433705.0,0.43336229310819263
62,2433765.0,0.4336754367711868
63,2433825.0,0.43389806126990704
64,2433885.0,0.43412126197320544
65,2433945.0,0.43429849097245066
66,2434005.0,0.43442136207017457
67,2434065.0,0.4344494151234616
68,2434125.0,0.4337021206134317
69,2434185.0,0.43296616521790965
70,2434245.0,0.43233326685826035
71,2434305.0,0.4318405676095406
72,2434365.0,0.4312443078296794
73,2434425.0,0.43053754816226963
74,2434485.0,0.4298774513100462
75,2434545.0,0.42916580478637656
76,2434605.0,0.4280126634163085
77,2434665.0,0.4271010002193708
78,2434725.0,0.4264962650747167
79,2434785.0,0.42615317238457007
80,2434845.0,0.42569429948217885
81,2434905.0,0.42506927555363716
82,2434968.0,0.4243075345338453
83,2435025.0,0.42347129569697517
84,2435085.0,0.4225388960095814
85,2435145.0,0.4215950983532192
86,2435205.0,0.42067540689090743
87,2435265.0,0.4195725934324013
88,2435325.0,0.4201328424694243
89,2435385.0,0.42008483650944506
90,2435445.0,0.4180537973780276
91,2435505.0,0.4160616938207219
92,2435565.0,0.4147670094742515
93,2435625.0,0.41342613198848677
94,2435685.0,0.4119057388393229
95,2435745.0,0.41013284261916116
96,2435805.0,0.41251346126243116
97,2435865.0,0.41466566170601615
98,2435925.0,0.4165117934731519
99,2435985.0,0.41829796856066914
100,2436045.0,0.4185720324142531
101,2436105.0,0.41884339252359426
102,2436165.0,0.41906826151267496
103,2436225.0,0.4194445241011684
104,2436285.0,0.4198075694615697
105,2436345.0,0.42006286087933187
106,2436405.0,0.4202607370478103
107,2436465.0,0.42039419576813375
108,2436525.0,0.42044834330513126
109,2436585.0,0.4204847463072092
110,2436645.0,0.4205211799025571
111,2436705.0,0.4205498941729272
112,2436765.0,0.4205284339808456
113,2436825.0,0.4204629236032177
114,2436888.0,0.4205330433685316
115,2436945.0,0.42072659362348785
116,2437005.0,0.4211098847288224
117,2437065.0,0.42143372971092685
118,2437125.0,0.421673876740822
119,2437185.0,0.4217585406950656
120,2437245.0,0.4217494139003448
121,2437305.0,0.42161305693187545
122,2437365.0,0.42142691866197235
123,2437425.0,0.4212962989547243
124,2437485.0,0.42116444476069315
125,2437545.0,0.4211621067740262
126,2437605.0,0.4209591738133167
127,2437665.0,0.42077749617413895
128,2437725.0,0.4206627768526312
129,2437785.0,0.4206301570229626
130,2437845.0,0.42051499865746256
131,2437905.0,0.4202587245341384
132,2437965.0,0.42034445347492777
133,2438025.0,0.42004173032491154
134,2438085.0,0.41999244753023013
135,2438145.0,0.4200165268846515
136,2438205.0,0.41993367349858257
137,2438265.0,0.41982143885899836
138,2438325.0,0.4197739013947067
139,2438385.0,0.4197073958163612
140,2438445.0,0.41878707714485386
141,2438505.0,0.4178521617408165
142,2438565.0,0.4169550289600582
143,2438625.0,0.41600870284927394
144,2438685.0,0.415019460009336
145,2438745.0,0.4141345527653685
146,2438805.0,0.4130127565940359
147,2438865.0,0.4117864650607409
148,2438925.0,0.41080433214514755
149,2438985.0,0.4097605810283548
150,2439045.0,0.40857111016232894
151,2439105.0,0.4075048409871036
152,2439165.0,0.4063265664727024
153,2439225.0,0.40504828429676487
154,2439285.0,0.40375437448625984
155,2439345.0,0.4024747449836822
156,2439405.0,0.3995652570859096
157,2439465.0,0.39667385647582265
158,2439525.0,0.3938306025619064
159,2439585.0,0.39266615975806707
160,2439645.0,0.3912811897689247
161,2439705.0,0.38951809156118056
162,2439765.0,0.3876351686095083
163,2439825.0,0.3863590535652631
164,2439885.0,0.38652070442633824
165,2439945.0,0.38675895511684055
166,2440005.0,0.38687478765846717
167,2440065.0,0.3870393981689787
168,2440125.0,0.38720131860369555
169,2440185.0,0.38734186199576137
170,2440245.0,0.3874691620427493
171,2440305.0,0.3875164396410581
172,2440365.0,0.3891177328463563
173,2440425.0,0.3886530241108488
174,2440485.0,0.38646941340528496
175,2440545.0,0.3842804129639218
176,2440605.0,0.38212556378817386
177,2440665.0,0.3799917811242659
178,2440725.0,0.3778418354751184
179,2440785.0,0.3756474771427003
180,2440845.0,0.3734170042178958
181,2440905.0,0.37110911847930594
182,2440965.0,0.36905775218272474
183,2441025.0,0.3669914744161623
184,2441085.0,0.36513155140042175
185,2441145.0,0.363368535728987
186,2441205.0,0.36162249299787963
187,2441265.0,0.35992838806770033
188,2441325.0,0.35815225000566386
189,2441385.0,0.3563730376681571
190,2441445.0,0.3545914650926477
191,2441505.0,0.35276436863890115
192,2441565.0,0.35091471523200046
193,2441625.0,0.3490742542392732
194,2441685.0,0.34724151762432587
195,2441745.0,0.3454269457056288
196,2441805.0,0.3435864275365944
197,2441868.0,0.341834355254676
198,2441925.0,0.3401030881308047
199,2441985.0,0.33842123145251046
200,2442045.0,0.3367512273529061
201,2442105.0,0.33505071475838155
202,2442165.0,0.33333361108108817
203,2442225.0,0.33151345558218137
204,2442285.0,0.3297068589662385
205,2442345.0,0.3278580671058752
206,2442405.0,0.32596680071229656
207,2442465.0,0.32406111787751535
208,2442525.0,0.32209050854527
209,2442585.0,0.3201231131633967
210,2442645.0,0.31814635300949523
211,2442705.0,0.3162321437957232
212,2442765.0,0.31431089807059664
213,2442825.0,0.3124137173931345
214,2442885.0,0.3105889238247942
215,2442945.0,0.30883006781911837
216,2443005.0,0.3070329767797534
217,2443065.0,0.30520909885048586
218,2443125.0,0.303322848053206
219,2443185.0,0.3015469845077373
220,2443245.0,0.29974482766751054
221,2443305.0,0.2979189168587386
222,2443365.0,0.2980450575097283
223,2443425.0,0.2983126000694514
224,2443485.0,0.2980884347939984
225,2443545.0,0.297717359901152
226,2443605.0,0.29732546242093894
227,2443665.0,0.2969021285924326
228,2443725.0,0.2949193615334502
229,2443785.0,0.29299232560233957
230,2443845.0,0.2911677691678257
231,2443905.0,0.29133468450240996
232,2443965.0,0.2909710462587942
233,2444025.0,0.2905562667697198
234,2444085.0,0.2901990608415438
235,2444148.0,0.2895706675168278
236,2444205.0,0.28929713396980083
237,2444265.0,0.2893607605859785
238,2444325.0,0.2895694403968817
239,2444385.0,0.2895371815721608
240,2444445.0,0.2903830768083726
241,2444505.0,0.287963550819754
242,2444565.0,0.28550677374778066
243,2444625.0,0.28302223267579407
244,2444685.0,0.28053468646708957
245,2444745.0,0.27805673068950154
246,2444805.0,0.27557961263117314
247,2444865.0,0.2731401480948388
248,2444925.0,0.27067536078850607
249,2444985.0,0.2683859127169623
250,2445045.0,0.26607373924765054
251,2445105.0,0.26419225564421067
252,2445165.0,0.26241147709572143
253,2445225.0,0.2607802765919517
254,2445285.0,0.2591509140713407
255,2445345.0,0.2575270238198214
256,2445405.0,0.2558411282828654
257,2445465.0,0.25405271591533196
258,2445525.0,0.2522116192841325
259,2445585.0,0.2502957461568549
260,2445645.0,0.24839239411274108
261,2445705.0,0.24640799137359912
262,2445765.0,0.24445871743820327
263,2445825.0,0.2425173760221467
264,2445885.0,0.24059958414680013
265,2445945.0,0.2386323039553577
266,2446005.0,0.23663509969933957
267,2446065.0,0.2347928580689941
268,2446125.0,0.2329933891752808
269,2446185.0,0.23129207115656195
270,2446245.0,0.22951117303538157
271,2446305.0,0.22765290617140962
272,2446365.0,0.22583579638735554
273,2446425.0,0.224177060934637
274,2446485.0,0.22250628269305836
275,2446545.0,0.22074966935329524
276,2446605.0,0.21893243277979293
277,2446665.0,0.21710762396856306
278,2446725.0,0.21524157446424927
279,2446785.0,0.21334901565431055
280,2446845.0,0.21154209510809577
281,2446905.0,0.2096847257122008
282,2446965.0,0.20786367999476732
283,2447025.0,0.20612967487638353
284,2447085.0,0.20433037831484033
285,2447145.0,0.2025830483890221
286,2447205.0,0.2008941298338777
287,2447265.0,0.19926021062927166
288,2447325.0,0.19766434976036742
289,2447385.0,0.19605784321062322
290,2447445.0,0.1943764202815733
291,2447505.0,0.1927150905679498
292,2447565.0,0.19097507158873742
293,2447625.0,0.1892174340070236
294,2447685.0,0.18747477652389624
295,2447745.0,0.1857458714136788
296,2447805.0,0.1840236312546387
297,2447865.0,0.18225005830838917
298,2447925.0,0.18050882537995386
299,2447985.0,0.17887257141740184
300,2448045.0,0.17722969329043256
301,2448105.0,0.1755444737443935
302,2448165.0,0.1738646384855164
303,2448225.0,0.17212778976907664
304,2448285.0,0.17041513183524357
305,2448345.0,0.16864512320580285
306,2448405.0,0.16707501712491238
307,2448465.0,0.16542213223596805
308,2448525.0,0.16351892119576386
309,2448585.0,0.1616908361606231
310,2448645.0,0.16007165552207228
311,2448705.0,0.15835013989269345
312,2448765.0,0.156531407733115
313,2448825.0,0.15488383108470274
314,2448885.0,0.15311186163945326
315,2448945.0,0.151392597422655
316,2449005.0,0.14971675377950164
317,2449065.0,0.14795548111846482
318,2449125.0,0.14612773292408168
319,2449185.0,0.1443149498291779
320,2449245.0,0.14268214155606398
321,2449305.0,0.14114329349483715
322,2449365.0,0.13963442880954194
323,2449425.0,0.13817842245593484
324,2449485.0,0.13670453368268057
325,2449545.0,0.1350794344901989
326,2449605.0,0.13363643554066
327,2449665.0,0.13221829275654653
328,2449725.0,0.13049533166841734
329,2449785.0,0.1288599314871233
330,2449845.0,0.12744274271824188
331,2449905.0,0.1258892734663016
332,2449965.0,0.12446042305204205
333,2450025.0,0.12313253817892758
334,2450085.0,0.12179050512354697
335,2450145.0,0.12040653748715349
336,2450205.0,0.12062235665955232
337,2450265.0,0.12082071166366817
338,2450325.0,0.12098021624522162
339,2450385.0,0.1194954049642428
340,2450445.0,0.11820754612412551
341,2450508.0,0.11875010701645097
342,2450565.0,0.11897798490207986
343,2450625.0,0.11907275308977369
344,2450685.0,0.11924627798165052
345,2450745.0,0.11923857731023893
346,2450805.0,0.11934945978009429
347,2450865.0,0.11778107151543724
348,2450925.0,0.11622474648450401
349,2450985.0,0.11475730361596151
350,2451045.0,0.11338635003867323
351,2451105.0,0.11402009010082378
352,2451165.0,0.11410311953172411
353,2451225.0,0.11603956287203379
354,2451285.0,0.11811674993961988
355,2451345.0,0.12026953173210023
356,2451405.0,0.12307541344402698
357,2451465.0,0.12310247757242229
358,2451525.0,0.12314459501387678
359,2451585.0,0.12318975495305487
360,2451645.0,0.12321588859836538
361,2451705.0,0.12322696893061644
362,2451765.0,0.12295077618222353
363,2451825.0,0.12266566206715177
364,2451885.0,0.12218589508608238
365,2451945.0,0.12165445327179206
366,2452005.0,0.12107039275687995
367,2452065.0,0.12087978253169576
368,2452125.0,0.12067081962192286
369,2452185.0,0.12051518731828328
370,2452245.0,0.12040808016930662
371,2452305.0,0.12041543524790652
372,2452365.0,0.12045073534926734
373,2452425.0,0.12047449574289129
374,2452485.0,0.12055152872870625
375,2452545.0,0.12060479255539899
376,2452605.0,0.12064534264114726
377,2452665.0,0.12063597884972457
378,2452725.0,0.12060763499267294
379,2452785.0,0.12055325697323008
380,2452845.0,0.1205056747494542
381,2452905.0,0.12047449226515713
382,2452965.0,0.120435356684117
383,2453025.0,0.12052546565388592
384,2453085.0,0.12058852856591581
385,2453145.0,0.12069112963333015
386,2453205.0,0.12077084757932491
387,2453265.0,0.12084981707956113
388,2453325.0,0.12094200149962611
389,2453385.0,0.12102224798237296
390,2453448.0,0.12111215748664947
391,2453505.0,0.12116100165791929
392,2453568.0,0.12119218122889455
393,2453625.0,0.12121007859132862
394,2453685.0,0.12119501291213139
395,2453745.0,0.12116745437546209
396,2453805.0,0.12111831789021069
397,2453865.0,0.12108488571125556
398,2453925.0,0.12109847820144312
399,2453985.0,0.12097326391003219
400,2454045.0,0.12085024801063829
401,2454105.0,0.12073194918808375
402,2454165.0,0.11869810728695232
403,2454225.0,0.11650824633150766
404,2454285.0,0.11480166160794983
405,2454345.0,0.11325222839849594
406,2454405.0,0.11168746174544433
407,2454465.0,0.11009499017667349
408,2454525.0,0.11004281263484147
409,2454585.0,0.10993549534328886
410,2454645.0,0.10974266521643508
411,2454705.0,0.1074994180517436
412,2454765.0,0.10578011907821785
413,2454825.0,0.10412067477132711
414,2454885.0,0.10239731768561663
415,2454945.0,0.10078567235351635
416,2455005.0,0.09922782321812176
417,2455065.0,0.09762323825580102
418,2455128.0,0.09588029875588003
419,2455185.0,0.09430802004354746
420,2455245.0,0.09172291637879051
421,2455305.0,0.09228860894537153
422,2455365.0,0.09282259420310515
423,2455425.0,0.09331774961912212
424,2455485.0,0.09381203390211909
425,2455545.0,0.09431436018381747
426,2455605.0,0.09482084488960865
427,2455665.0,0.09531978409979677
428,2455725.0,0.09581473030749935
429,2455785.0,0.09629625875262784
430,2455845.0,0.09677974170136652
431,2455905.0,0.09675601462721897
432,2455965.0,0.09676067229545901
433,2456025.0,0.0966972277810105
434,2456085.0,0.09657112884554589
435,2456145.0,0.0964087873665008
436,2456205.0,0.096263845392599
437,2456265.0,0.09619018324873055
438,2456325.0,0.09611171258924803
439,2456385.0,0.09609548369758322
440,2456445.0,0.09606005055294134
441,2456505.0,0.09606620429590165
442,2456565.0,0.09607718531693124
443,2456625.0,0.09604118420172505
444,2456685.0,0.09598187664714683
445,2456745.0,0.095959110946824
446,2456805.0,0.09590792184870403
447,2456865.0,0.09585148017748793
448,2456925.0,0.09571248664129536
449,2456985.0,0.09557488031733066
450,2457045.0,0.09547936720867448
451,2457105.0,0.0954254482862498
452,2457165.0,0.09536400417663946
453,2457225.0,0.09529236556323092
454,2457285.0,0.09522441550226449
455,2457345.0,0.095159867006295
456,2457405.0,0.09510607107339128
457,2457465.0,0.0950570987784565
458,2457525.0,0.09500491499905181
459,2457585.0,0.094963537831846
460,2457645.0,0.09482533779724342
461,2457705.0,0.09472947413476188
462,2457765.0,0.09464590400656517
463,2457825.0,0.09447029754226557
464,2457885.0,0.09433090077467152
465,2457945.0,0.09415932303814564
466,2458005.0,0.09392279447538934
467,2458065.0,0.09365638572838828
468,2458125.0,0.09335754390378151
469,2458185.0,0.0930712937323169
470,2458245.0,0.09285761431110431
471,2458305.0,0.09261686103822206
472,2458365.0,0.09245281728355517
473,2458425.0,0.09229215239971147
474,2458485.0,0.09212763513998964
475,2458545.0,0.09197371632823995
476,2458605.0,0.09179952860193011
477,2458665.0,0.0916684521674562
478,2458725.0,0.09150953140965443
479,2458785.0,0.09126257438228783
480,2458845.0,0.0910388703473772
481,2458905.0,0.09084502247795315
482,2458965.0,0.0906374482125972
483,2459025.0,0.09046840316054908
484,2459085.0,0.0903034586311943
485,2459145.0,0.0901196106061525
486,2459208.0,0.089956788137565
487,2459265.0,0.08986599953158655
488,2459325.0,0.08980183503427122
489,2459385.0,0.08976717859050634
490,2459445.0,0.08970793523370549
491,2459505.0,0.08971429759796182
492,2459565.0,0.08965674560172945
493,2459625.0,0.08962237322172653
494,2459685.0,0.08958427055196197
495,2459745.0,0.08950438456591378
496,2459805.0,0.0894483883248153
497,2459865.0,0.08945073119608718
498,2459925.0,0.08946442566913301
499,2459985.0,0.08945026355789279
500,2460045.0,0.08928573250833985
501,2460105.0,0.08903628486973561
502,2460165.0,0.08876271913971814
503,2460228.0,0.08845984901598539
504,2460285.0,0.08816367797634109
505,2460345.0,0.08787382488912984
506,2460405.0,0.08759800868842996
507,2460465.0,0.08735618862112013
508,2460528.0,0.08717903855945788
509,2460585.0,0.08698409424261341
510,2460645.0,0.08670888510269051
511,2460705.0,0.08642522105729614
512,2460765.0,0.08606448455666268
513,2460825.0,0.08566349350910432
514,2460885.0,0.08529587837085437
515,2460945.0,0.08496431033540577
516,2461005.0,0.08462342087974475
517,2461065.0,0.0842891359926918
518,2461125.0,0.08396763719823983
519,2461185.0,0.08365239198108634
520,2461245.0,0.08337127348265586
521,2461305.0,0.08122558742896255
522,2461365.0,0.07939338468654503
523,2461425.0,0.07767797380489536
524,2461485.0,0.07582414535629947
525,2461545.0,0.0741427641040164
526,2461605.0,0.07240403289615668
527,2461665.0,0.07230465411282358
528,2461725.0,0.07220872685160415
529,2461785.0,0.07205201272355913
530,2461845.0,0.07182813991878925
531,2461905.0,0.0695895882906232
532,2461965.0,0.06784553671386614
533,2462025.0,0.066334490444768
534,2462085.0,0.06470035962198381
535,2462145.0,0.06299143575245211
536,2462205.0,0.06065229971254324
537,2462268.0,0.06110998515970259
538,2462325.0,0.061568811456137434
539,2462385.0,0.062031737569969464
540,2462445.0,0.0625107652914699
541,2462505.0,0.0629980323363857
542,2462565.0,0.06350305976507128
543,2462625.0,0.06400562776633392
544,2462685.0,0.06449346919299762
545,2462745.0,0.06497587570281285
546,2462805.0,0.06545677921513063
547,2462865.0,0.06552817714464951
548,2462925.0,0.06568323094205777
549,2462985.0,0.06580177526002831
550,2463045.0,0.06588879422313468
551,2463105.0,0.06593338151746306
552,2463165.0,0.06596858320635071
553,2463225.0,0.06602261892845299
554,2463285.0,0.06604014213670892
555,2463345.0,0.06609548912773813
556,2463405.0,0.0661489138115521
557,2463465.0,0.0661598319051789
558,2463525.0,0.0661112784955665
559,2463585.0,0.0660490333789425
560,2463645.0,0.06595980852214176
561,2463705.0,0.0658436939448486
562,2463765.0,0.0657191529514434
563,2463825.0,0.06556547531807186
564,2463885.0,0.06540800967445395
565,2463945.0,0.06524112569917154
566,2464005.0,0.06514496276116674
567,2464065.0,0.06506592707020639
568,2464125.0,0.0650057111568271
569,2464185.0,0.064976486682114
570,2464245.0,0.06495340474759101
571,2464305.0,0.06491490050250284
572,2464365.0,0.06491520117640762
573,2464425.0,0.06490650129296818
574,2464485.0,0.06486683605103863
575,2464545.0,0.06479581622343958
576,2464605.0,0.06475839649870749
577,2464665.0,0.06474660180102546
578,2464725.0,0.06472142398172434
579,2464785.0,0.0647436808768794
580,2464845.0,0.06477960182555562
581,2464905.0,0.06483843357059452
582,2464965.0,0.06489184007819657
583,2465025.0,0.06494906751854282
584,2465085.0,0.06500591449430018
585,2465145.0,0.06506399607074795
586,2465205.0,0.06511611631025785
587,2465265.0,0.06518516581007214
588,2465325.0,0.06525945161500882
589,2465385.0,0.06533493742525345
590,2465445.0,0.06541855927834742
591,2465505.0,0.06556041664605963
592,2465565.0,0.06568430706506959
593,2465625.0,0.06578499973267946
594,2465685.0,0.06585591727291121
595,2465745.0,0.06579732040294103
596,2465805.0,0.06566649040136993
597,2465865.0,0.06555709172645421
598,2465925.0,0.06545146662334897
599,2465985.0,0.0653192395947366
600,2466045.0,0.06522635165797877
601,2466105.0,0.06516497807150048
602,2466165.0,0.06512990495175616
603,2466225.0,0.0651486017891926
604,2466285.0,0.06518699674536207
605,2466345.0,0.06522598791274872
606,2466405.0,0.0652698187305625
607,2466465.0,0.06532416264501659
608,2466525.0,0.06539001730178609
609,2466585.0,0.06547283831180453
610,2466645.0,0.06554425718148679
611,2466705.0,0.06560626027289909
612,2466765.0,0.0656550787410434
613,2466825.0,0.06568921934172203
614,2466885.0,0.06571151435719072
615,2466945.0,0.06573145484309131
616,2467005.0,0.06573312228018738
617,2467065.0,0.06573398353231805
618,2467125.0,0.06575375954412724
619,2467185.0,0.0657622120608082
620,2467245.0,0.06579374345335268
621,2467305.0,0.0658313224874901
622,2467365.0,0.06587542914684177
623,2467425.0,0.06592828660391306
624,2467485.0,0.06597649184761631
625,2467545.0,0.06604957975448708
626,2467605.0,0.06612838353228243
627,2467665.0,0.06623023483829218
628,2467725.0,0.066337431545781
629,2467785.0,0.06644266815547442
630,2467845.0,0.0665500115550964
631,2467905.0,0.06667415592814865
632,2467965.0,0.06679997454420175
633,2468025.0,0.06693100213910455
634,2468085.0,0.06705396379661668
635,2468145.0,0.06716310026333686
636,2468205.0,0.06726816162916635
637,2468265.0,0.06736034049377312
638,2468325.0,0.06743433133520069
639,2468385.0,0.06750066189133488
640,2468445.0,0.0675726440300238
641,2468505.0,0.06764624934423971
642,2468565.0,0.06770995814174222
643,2468625.0,0.06776833839718435
644,2468685.0,0.06782815002953638
645,2468745.0,0.06789932990952521
646,2468805.0,0.06797003121408055
647,2468865.0,0.06803435026667473
648,2468925.0,0.06810386440451557
649,2468985.0,0.06817723152327385
650,2469045.0,0.06824475969737795
651,2469105.0,0.06831909109070525
652,2469165.0,0.06840328013971483
653,2469225.0,0.06848401453250177
654,2469285.0,0.06856455357990657
655,2469345.0,0.06864602859123173
656,2469405.0,0.06874159835419444
657,2469468.0,0.0688445937924205
658,2469525.0,0.06893390952790587
659,2469585.0,0.06903478278382105
660,2469645.0,0.0691242286396749
661,2469705.0,0.06921371201124957
662,2469765.0,0.06931585230211892
663,2469825.0,0.06942184735147519
664,2469885.0,0.06952407296847576
665,2469945.0,0.06960715292854716
666,2470005.0,0.06968222744592137
667,2470065.0,0.0697534071758488
668,2470125.0,0.06982378767440958
669,2470185.0,0.0698800032881203
670,2470245.0,0.06991572748646083
671,2470305.0,0.06995648550778119
672,2470365.0,0.06999431256701497
673,2470425.0,0.07002669169255607
674,2470485.0,0.07006780830710199
675,2470545.0,0.07012041351751733
676,2470605.0,0.07018951088200845
677,2470665.0,0.07024770007600276
678,2470725.0,0.07026498916730936
679,2470785.0,0.07046426506372319
680,2470845.0,0.07087925084463334
681,2470905.0,0.07135373719226765
682,2470965.0,0.0717701797081697
683,2471025.0,0.07214859042374336
684,2471085.0,0.07501826495525885
685,2471145.0,0.0770854540033056
686,2471205.0,0.07890325331260081
687,2471265.0,0.08072190046276365
688,2471325.0,0.08251159287615364
689,2471385.0,0.08437535255282838
690,2471445.0,0.086242473425481
691,2471505.0,0.08818556480287768
692,2471565.0,0.09015990870930776
693,2471625.0,0.09212329181787318
694,2471685.0,0.09409189687280714
695,2471745.0,0.09595056013609085
696,2471805.0,0.09789120365283369
697,2471865.0,0.09975400371423002
698,2471925.0,0.10186570929901803
699,2471985.0,0.10387852234753545
700,2472045.0,0.10619961950717391
701,2472105.0,0.10845254415350206
702,2472165.0,0.11091673126350052
703,2472225.0,0.11315661991906475
704,2472285.0,0.11567772829864345
705,2472345.0,0.1179999153062026
706,2472405.0,0.12038865126417983
707,2472465.0,0.12073941023940252
708,2472525.0,0.12095292976914537
709,2472585.0,0.12117872768072471
710,2472645.0,0.12151875993421898
711,2472705.0,0.12454913011220844
712,2472765.0,0.1267743653589121
713,2472825.0,0.12906589911298313
714,2472885.0,0.13119199323037836
715,2472945.0,0.1333476534348799
716,2473005.0,0.13562773569602918
717,2473065.0,0.13790279882129206
718,2473125.0,0.14009015124018978
719,2473185.0,0.1423167468978355
720,2473245.0,0.1444002999830609
721,2473305.0,0.14659246795421824
722,2473365.0,0.14855770703446017
723,2473425.0,0.15065136353177175
724,2473485.0,0.1526294985220293
725,2473545.0,0.15468076844414383
726,2473605.0,0.156743419469645
727,2473665.0,0.1587674970192758
728,2473725.0,0.16083945180067102
729,2473785.0,0.16285088259303052
730,2473845.0,0.16484460802641596
731,2473905.0,0.16677084344339735
732,2473965.0,0.1687291520064301
733,2474025.0,0.1706262477855898
734,2474085.0,0.17256080886851302
735,2474145.0,0.17452183846813216
736,2474205.0,0.17644516130634266
737,2474265.0,0.17840503318656079
738,2474325.0,0.18038254949123114
739,2474385.0,0.18243224912492792
740,2474445.0,0.18445989864684806
741,2474505.0,0.18608746152514857
742,2474565.0,0.18754658157419205
743,2474625.0,0.18894370229935656
744,2474685.0,0.1905503228488031
745,2474745.0,0.19232638135428978
746,2474805.0,0.19428294678719524
747,2474865.0,0.19628530508161943
748,2474925.0,0.19831499940252814
749,2474985.0,0.20023972581849478
750,2475045.0,0.20223132938800284
751,2475105.0,0.20406758078850087
752,2475165.0,0.2060955910052867
753,2475225.0,0.20808078678206068
754,2475285.0,0.2099937524878718
755,2475345.0,0.21196423307178827
756,2475405.0,0.21393150712978384
757,2475465.0,0.21587844614371157
758,2475525.0,0.21775843101045925
759,2475585.0,0.2196599575827172
760,2475645.0,0.22153815930787693
761,2475705.0,0.22335971533862545
762,2475765.0,0.22522667465660237
763,2475825.0,0.2252554463553658
764,2475885.0,0.22528755472316256
765,2475945.0,0.22540319170168813
766,2476005.0,0.22800302178973206
767,2476065.0,0.2297898264841736
768,2476125.0,0.23134952785431742
769,2476185.0,0.2326400749192569
770,2476245.0,0.23402356174662917
771,2476305.0,0.23561711692738493
772,2476365.0,0.23723886174467443
773,2476425.0,0.23911722773025282
774,2476485.0,0.2409258230366164
775,2476545.0,0.24284136901478973
776,2476605.0,0.24460521842424723
777,2476665.0,0.24642738046114096
778,2476725.0,0.2481598996132415
779,2476785.0,0.24997857621296452
780,2476845.0,0.2516856252227866
781,2476908.0,0.25348078385062556
782,2476965.0,0.2551422804116923
783,2477025.0,0.2569023446330303
784,2477085.0,0.25865127396308174
785,2477145.0,0.26031051208880995
786,2477205.0,0.26202652631406353
787,2477265.0,0.2637393544366705
788,2477325.0,0.26545912572518204
789,2477385.0,0.26720740318575853
790,2477445.0,0.2689042694036886
791,2477505.0,0.2706299450416547
792,2477565.0,0.27235291831768915
793,2477625.0,0.2740544029974119
794,2477685.0,0.27583755104397034
795,2477745.0,0.2775023411018279
796,2477805.0,0.27930395964942434
797,2477865.0,0.2810978321062012
798,2477925.0,0.28288044283391467
799,2477985.0,0.284647346864514
800,2478045.0,0.286464458470132
801,2478105.0,0.28816036052315497
802,2478165.0,0.2900065071968896
803,2478225.0,0.29172244820337434
804,2478285.0,0.2935254542602539
805,2478345.0,0.29534225410900905
806,2478405.0,0.2971586476757022
807,2478465.0,0.298934767881336
808,2478525.0,0.30064784368215947
809,2478585.0,0.30234397754020315
810,2478645.0,0.3040538624098299
811,2478705.0,0.3057313531348824
812,2478765.0,0.3074068098753191
813,2478825.0,0.3091322477935695
814,2478885.0,0.3108609370076396
815,2478945.0,0.31256138482218365
816,2479005.0,0.31432718661795855
817,2479065.0,0.31611164005888914
818,2479125.0,0.3178967325567065
819,2479185.0,0.31971437911311695
820,2479245.0,0.3215011311939149
821,2479305.0,0.32336903369942005
822,2479365.0,0.3251471082467151
823,2479425.0,0.32695493466749614
824,2479485.0,0.3287820575443311
825,2479545.0,0.33079440488942546
826,2479605.0,0.33250602704834864
827,2479665.0,0.33395215479394935
828,2479725.0,0.33515969158550085
829,2479785.0,0.3365587027224647
830,2479848.0,0.33803046244805746
831,2479905.0,0.3397144171213372
832,2479968.0,0.3413914993592775
833,2480025.0,0.34322977826766377
834,2480085.0,0.34495398223077334
835,2480145.0,0.34674325524756555
836,2480205.0,0.34856297909190803
837,2480265.0,0.35032520099396536
838,2480325.0,0.35216582944389085
839,2480385.0,0.353924859658893
840,2480445.0,0.3556795893201412
841,2480505.0,0.3575337634004031
842,2480565.0,0.35930848232623347
843,2480625.0,0.3611469559707926
844,2480685.0,0.3629824500820983
845,2480745.0,0.364786460862476
846,2480805.0,0.3665651128335562
847,2480865.0,0.36834780015950164
848,2480925.0,0.37014658584899673
849,2480985.0,0.3719712041143116
850,2481045.0,0.3736789171873911
851,2481105.0,0.37547581235205196
852,2481165.0,0.377330334928233
853,2481225.0,0.3792359400671551
854,2481285.0,0.3811730423255958
855,2481345.0,0.38296732903514996
856,2481405.0,0.38481881714560373
857,2481465.0,0.3866030282154004
858,2481525.0,0.3885475429930668
859,2481585.0,0.39016233249074495
860,2481645.0,0.39172173313953385
861,2481705.0,0.3930781178380097
862,2481765.0,0.3945525599375158
863,2481825.0,0.3959515844522207
864,2481885.0,0.3949567041479991
865,2481945.0,0.3947525053613826
866,2482005.0,0.39477830547296666
867,2482065.0,0.3948846179993507
868,2482125.0,0.3949153039467094
869,2482185.0,0.3948776606707497
870,2482245.0,0.3947727219761782
871,2482305.0,0.3947170322097069
872,2482365.0,0.39461554866612836
873,2482425.0,0.3944739097522777
874,2482485.0,0.3943337955428635
875,2482545.0,0.39430201598431924
876,2482605.0,0.39416422698193976
877,2482665.0,0.39410639131817027
878,2482725.0,0.3938146975179244
879,2482785.0,0.39361818070716514
880,2482845.0,0.39322037882844263
881,2482905.0,0.3928009004030818
882,2482968.0,0.3922318519561553
883,2483025.0,0.39182793203326194
884,2483085.0,0.3911989454853332
885,2483145.0,0.39073438049548326
886,2483205.0,0.390251607350373
887,2483265.0,0.3918239135219128
888,2483325.0,0.39349885633709636
889,2483385.0,0.395203495578781
890,2483445.0,0.39675798703730714
891,2483505.0,0.39574777491796087
892,2483565.0,0.39547439826214303
893,2483625.0,0.3951944148460783
894,2483685.0,0.39493891480142873
895,2483745.0,0.39473940739558666
896,2483805.0,0.39428299464113314
897,2483865.0,0.3939210062071282
898,2483925.0,0.39362864129825903
899,2483985.0,0.39331814393368514
900,2484045.0,0.39314010535892374
901,2484105.0,0.3928281672584658
902,2484165.0,0.39278751294059655
903,2484225.0,0.3925565248661763
904,2484285.0,0.39245323864839166
905,2484345.0,0.3923036535387867
906,2484405.0,0.39215106270333255
907,2484465.0,0.3920258806516509
908,2484525.0,0.3917878885686005
909,2484585.0,0.39170223672179694
910,2484645.0,0.3915719034646249
911,2484705.0,0.39159923331623936
912,2484765.0,0.3914991061328895
913,2484825.0,0.391532179508851
914,2484885.0,0.3914123599780409
915,2484945.0,0.3913242753866365
916,2485005.0,0.391179994814845
917,2485065.0,0.39107410384705144
918,2485125.0,0.39097786766043086
919,2485185.0,0.390773808647923
920,2485245.0,0.3907155799257416
921,2485305.0,0.3909327130570569
922,2485365.0,0.39143226906577344
923,2485425.0,0.3919113054216887
924,2485485.0,0.3922969086124588
925,2485545.0,0.39241366154136215
926,2485605.0,0.39242448237504646
927,2485665.0,0.39224234770523514
928,2485725.0,0.3921219728985711
929,2485785.0,0.3919781273052344
930,2485845.0,0.39189161663824
931,2485905.0,0.39193058310191364
932,2485965.0,0.3917874035807555
933,2486025.0,0.3915625407100346
934,2486085.0,0.39151035626889896
935,2486145.0,0.3914419490318314
936,2486208.0,0.39137054046109976
937,2486265.0,0.39137375464722146
938,2486325.0,0.39150659327002313
939,2486385.0,0.39146318495069365
940,2486445.0,0.39148422881821887
941,2486505.0,0.39151836874010304
942,2486565.0,0.391581540383094
943,2486625.0,0.3934355266413917
944,2486685.0,0.395233657666073
945,2486745.0,0.3969883501673427
946,2486805.0,0.39618529348046705
947,2486868.0,0.3963312645383995
948,2486925.0,0.3966737613312006
949,2486985.0,0.3972917312705271
950,2487045.0,0.39773440074130273
951,2487105.0,0.39808839629094395
952,2487165.0,0.3983351567919172
953,2487225.0,0.3984503789729711
954,2487285.0,0.398600610057803
955,2487345.0,0.3987177330888695
956,2487405.0,0.39898867742373145
957,2487465.0,0.3991131375528024
958,2487525.0,0.3993988853891838
959,2487585.0,0.3996244270719427
960,2487645.0,0.3998823026339785
961,2487705.0,0.4000990620327447
962,2487765.0,0.40044352411710016
963,2487825.0,0.4006927439064544
964,2487885.0,0.4008847265044876
965,2487945.0,0.4013044393518115
966,2488005.0,0.40153288974337287
967,2488065.0,0.40168364421863323
968,2488125.0,0.40195608742121025
969,2488185.0,0.40203273900691483
970,2488245.0,0.40223427768396813
971,2488305.0,0.4023348188901108
972,2488365.0,0.40247252836943537
973,2488425.0,0.40251139730356267
974,2488485.0,0.40258845942042065
975,2488545.0,0.40270264638945674
976,2488605.0,0.40279856229544386
977,2488665.0,0.40289636239823257
978,2488725.0,0.40315297930483496
979,2488785.0,0.40332881421611566
980,2488848.0,0.40365652119235473
981,2488905.0,0.4039246190713305
982,2488965.0,0.4041401972241294
983,2489025.0,0.4043713813141857
984,2489085.0,0.4046874782958535
985,2489145.0,0.40497809807638163
986,2489205.0,0.4052122131450795
987,2489265.0,0.4052884384291019
988,2489325.0,0.40548523862515684
989,2489385.0,0.4056209325494763
990,2489445.0,0.4058123435944211
991,2489505.0,0.40594667137605167
992,2489565.0,0.4061349614786739
993,2489625.0,0.40623652661904275
994,2489685.0,0.4062913659473367
995,2489745.0,0.40642459671271547
996,2489805.0,0.40655296041557454
997,2489865.0,0.4067309292632607
998,2489928.0,0.4069032675476777
999,2489985.0,0.40709305464977763
1000,2490045.0,0.40727749433473204
1001,2490105.0,0.40726774340528105
1002,2490165.0,0.40755393070443346
1003,2490225.0,0.4076445874454008
1004,2490285.0,0.4079453298802459
1005,2490345.0,0.40787027416616217
1006,2490405.0,0.40835180592850373
1007,2490465.0,0.40890947452339244
1008,2490525.0,0.4104824968103177
1009,2490585.0,0.4117498910095706
1010,2490645.0,0.4128452885154277
1011,2490705.0,0.41380493992402156
1012,2490765.0,0.4147935604798658
1013,2490825.0,0.41555573000963797
1014,2490885.0,0.4167221174591649
1015,2490945.0,0.4178270116326922
1016,2491005.0,0.41885971427260926
1017,2491065.0,0.4200957392133392
1018,2491125.0,0.42120093605864317
1019,2491185.0,0.42229587155767756
1020,2491245.0,0.4236249527167154
1021,2491305.0,0.4248538779953934
1022,2491365.0,0.4261451271093105
1023,2491425.0,0.42712543639169565
1024,2491485.0,0.4284511207826526
1025,2491545.0,0.42960712621106145
1026,2491605.0,0.4307730004404893
1027,2491665.0,0.43197324384479174
1028,2491725.0,0.43299581343706406
1029,2491785.0,0.4347468763128738
1030,2491848.0,0.4364566156004236
1031,2491905.0,0.4379231715776811
1032,2491965.0,0.4393085922939489
1033,2492028.0,0.4404526524214011
1034,2492085.0,0.4418623331482262
1035,2492145.0,0.44327908019648665
1036,2492205.0,0.44441453800014996
1037,2492265.0,0.44602503852382147
1038,2492325.0,0.4473235795300632
1039,2492385.0,0.44874236835083936
1040,2492445.0,0.45003567973561
1041,2492505.0,0.45165697507973723
1042,2492565.0,0.4525248738724289
1043,2492625.0,0.45347674304335583
1044,2492688.0,0.4543007886429645
1045,2492745.0,0.45512574241701187
1046,2492805.0,0.4559888332217994
1047,2492865.0,0.4568070398362182
1048,2492928.0,0.45769623928376646
1049,2492985.0,0.4585744429931281
1050,2493045.0,0.4595765283496437
1051,2493105.0,0.46049893709383605
1052,2493165.0,0.4615205293055089
1053,2493225.0,0.46271566961386446
1054,2493285.0,0.4639287119460652
1055,2493345.0,0.4651393461925232
1056,2493405.0,0.46637107178165926
1057,2493465.0,0.467548666503122
1058,2493525.0,0.46883948683880694
1059,2493585.0,0.4701904419738866
1060,2493645.0,0.4713839439208478
1061,2493705.0,0.47269527572085934
1062,2493765.0,0.4739006343097293
1063,2493825.0,0.4752121422643807
1064,2493885.0,0.47652940943895217
1065,2493945.0,0.4777664072628127
1066,2494005.0,0.4789932509225876
1067,2494065.0,0.48012681169508664
1068,2494125.0,0.4813722408737219
1069,2494185.0,0.4825584770668222
1070,2494245.0,0.4836947568009703
1071,2494308.0,0.4846876141208408
1072,2494365.0,0.48578645333063186
1073,2494425.0,0.4868391552749536
1074,2494485.0,0.48803185413052597
1075,2494545.0,0.48907954667730513
1076,2494605.0,0.4903243687581649
1077,2494665.0,0.49148195183912924
1078,2494725.0,0.49269474378527134
1079,2494785.0,0.49379429262582053
1080,2494848.0,0.49484969523011335
1081,2494905.0,0.49596314194994817
1082,2494965.0,0.4970125559413392
1083,2495025.0,0.4981799865569433
1084,2495085.0,0.4993125738700236
1085,2495145.0,0.500384593184903
1086,2495205.0,0.5014174380981504
1087,2495265.0,0.5024659880210878
1088,2495325.0,0.5035398485525713
1089,2495385.0,0.5044890055765928
1090,2495445.0,0.5055543090603103
1091,2495505.0,0.5064885806314157
1092,2495565.0,0.5074451590082928
1093,2495625.0,0.5084185400025728
1094,2495685.0,0.5094714326100651
1095,2495745.0,0.5105094694760658
1096,2495805.0,0.5116328526512867
1097,2495865.0,0.5127124709844021
1098,2495928.0,0.5137228576090492
1099,2495985.0,0.5147039805641923
1100,2496045.0,0.5154574003002741
1101,2496105.0,0.5163502698623044
1102,2496165.0,0.5168828022943351
1103,2496225.0,0.5176085904961135
1104,2496285.0,0.5182446408157354
1105,2496345.0,0.5190305795840873
1106,2496405.0,0.5197433888897115
1107,2496465.0,0.5204000889451069
1108,2496528.0,0.5209692012258792
1109,2496585.0,0.5216875550921648
1110,2496645.0,0.5222984036196555
1111,2496705.0,0.5229580846804041
1112,2496765.0,0.5236256060311942
1113,2496825.0,0.5244204171168421
1114,2496885.0,0.5250815765070308
1115,2496945.0,0.5256786019531566
1116,2497005.0,0.5262553802207425
1117,2497065.0,0.5267546291257232
1118,2497125.0,0.527369297195155
1119,2497185.0,0.5280115732973524
1120,2497245.0,0.5284730554457003
1121,2497305.0,0.5289681588121516
1122,2497365.0,0.5287378039798303
1123,2497425.0,0.5284818017323168
1124,2497485.0,0.5283556343597154
1125,2497545.0,0.5281740914971578
1126,2497608.0,0.5280748281470891
1127,2497665.0,0.5278408789976028
1128,2497725.0,0.5277135464357414
1129,2497785.0,0.5276477599563093
1130,2497845.0,0.5276712945879328
1131,2497905.0,0.5275559786881221
1132,2497965.0,0.527560229262386
1133,2498028.0,0.5274783085907963
1134,2498085.0,0.5273982374463889
1135,2498145.0,0.527255635013307
1136,2498205.0,0.52710836170581
1137,2498265.0,0.5270431318429022
1138,2498325.0,0.5269442305138764
1139,2498385.0,0.5268019732656782
1140,2498448.0,0.5267306722518154
1141,2498505.0,0.5266057598870936
1142,2498565.0,0.5264737070900036
1143,2498625.0,0.5263154726013385
1144,2498685.0,0.5263422078720058
1145,2498745.0,0.5260372605756384
1146,2498805.0,0.5259734017911349
1147,2498865.0,0.5258523241739878
1148,2498925.0,0.525737580085785
1149,2498985.0,0.5256039574573029
1150,2499045.0,0.5255298613415614
1151,2499105.0,0.5255137170332839
1152,2499165.0,0.5253475987750614
1153,2499225.0,0.5253672781386928
1154,2499285.0,0.5251199367613172
1155,2499345.0,0.5250073514351278
1156,2499405.0,0.5248695606737566
1157,2499465.0,0.5247575271190589
1158,2499525.0,0.5245265113411844
1159,2499585.0,0.5243836095748329
1160,2499645.0,0.5240002171095756
1161,2499705.0,0.5238903729152563
1162,2499765.0,0.5246346800098569
1163,2499825.0,0.5252232597119987
1164,2499885.0,0.5254970239964752
1165,2499945.0,0.5255094131604342
1166,2500005.0,0.5257254890441353
1167,2500065.0,0.5262249830602516
1168,2500125.0,0.5269485989896286
1169,2500185.0,0.5276377606933088
1170,2500245.0,0.5283095100487171
1171,2500305.0,0.5290748396407673
1172,2500368.0,0.5298215925579547
1173,2500425.0,0.531487925729646
1174,2500485.0,0.5330825830994532
1175,2500545.0,0.5344784486566522
1176,2500605.0,0.5358353378169236
1177,2500665.0,0.5371440293054087
1178,2500725.0,0.5385731546126972
1179,2500785.0,0.539983826340282
1180,2500845.0,0.5413508501482095
1181,2500905.0,0.5426506746335732
1182,2500965.0,0.5437253734791943
1183,2501025.0,0.5450247776136962
1184,2501085.0,0.5462380531102785
1185,2501145.0,0.5473157901014607
1186,2501205.0,0.5481490543045817
1187,2501265.0,0.5493297419580739
1188,2501325.0,0.5495755110213294
1189,2501385.0,0.5499565860510964
1190,2501445.0,0.5505718263776567
1191,2501505.0,0.5509330506733549
1192,2501565.0,0.5512734837491647
1193,2501625.0,0.5519641479036029
1194,2501685.0,0.5521217436259946
1195,2501745.0,0.5522376813594433
1196,2501805.0,0.5525303189079059
1197,2501865.0,0.5526845881546149
1198,2501925.0,0.5528644713605363
1199,2501988.0,0.5532678115369827
1200,2502045.0,0.5531950048862225
1201,2502105.0,0.5531984947060777
1202,2502165.0,0.55328352017225
1203,2502225.0,0.553152562515799
1204,2502285.0,0.5525529405136493
1205,2502345.0,0.5521840591003925
1206,2502405.0,0.5519350399523337
1207,2502465.0,0.5514628244881805
1208,2502525.0,0.5511887775928059
1209,2502585.0,0.550191267838981
1210,2502645.0,0.5494231200726923
1211,2502705.0,0.5487911419503588
1212,2502765.0,0.5482257903003409
1213,2502825.0,0.5479327339677361
1214,2502885.0,0.5473512061741913
1215,2502945.0,0.5469612363088553
1216,2503005.0,0.546804782223831
1217,2503065.0,0.5461995219422188
1218,2503125.0,0.5458029855234302
1219,2503185.0,0.5454735560241254
1220,2503245.0,0.5451233726094602
1221,2503305.0,0.5445559435436299
1222,2503365.0,0.5447030989295514
1223,2503425.0,0.5449427671704424
1224,2503485.0,0.5452527214794812
1225,2503545.0,0.5455155095215897
1226,2503605.0,0.5457649712454992
1227,2503665.0,0.5459773041903399
1228,2503725.0,0.5462141524866607
1229,2503785.0,0.5464057623728461
1230,2503845.0,0.546807350408515
1231,2503905.0,0.5469814655285887
1232,2503965.0,0.5470909075589324
1233,2504025.0,0.5470193691523367
1234,2504085.0,0.5471005307714564
1235,2504145.0,0.5469068729143337
1236,2504205.0,0.5464498619656956
1237,2504265.0,0.5457921983709778
1238,2504325.0,0.5450976109285284
1239,2504385.0,0.5446845570367594
1240,2504445.0,0.5442549277675248
1241,2504505.0,0.5439080435751006
1242,2504565.0,0.5436356726357755
1243,2504625.0,0.5433268050299588
1244,2504685.0,0.5429654449901735
1245,2504745.0,0.5427635885270158
1246,2504805.0,0.5425378691588512
1247,2504865.0,0.5424225384096989
1248,2504925.0,0.5422064239727501
1249,2504985.0,0.5419856546270778
1250,2505045.0,0.5418703597207616
1251,2505105.0,0.5417077279875563
1252,2505165.0,0.5415339858936485
1253,2505225.0,0.5413839927860103
1254,2505285.0,0.5412110625437542
1255,2505345.0,0.5411677542371807
1256,2505405.0,0.5410371607453193
1257,2505465.0,0.5408665854120641
1258,2505525.0,0.5406626307625412
1259,2505585.0,0.5406150927809324
1260,2505645.0,0.540574161148629
1261,2505708.0,0.5410768758072434
1262,2505765.0,0.5412974140364775
1263,2505825.0,0.5450763992031683
1264,2505885.0,0.5435502208423293
1265,2505945.0,0.5421584031999003
1266,2506005.0,0.5407675858194881
1267,2506065.0,0.5392958250949313
1268,2506125.0,0.5377419794843528
1269,2506185.0,0.5350046989049347
1270,2506245.0,0.5321303292544185
1271,2506305.0,0.5292916729889684
1272,2506365.0,0.5282428036341374
1273,2506425.0,0.5272643711405899
1274,2506485.0,0.5259891882239488
1275,2506545.0,0.5251826666504592
1276,2506605.0,0.5242106564689196
1277,2506665.0,0.5232118854623723
1278,2506725.0,0.5224432003501164
1279,2506785.0,0.5218337292586707
1280,2506845.0,0.521369542536617
1281,2506905.0,0.5209223936971757
1282,2506965.0,0.5207568480845547
1283,2507025.0,0.5205008321103652
1284,2507085.0,0.5201941172718181
1285,2507145.0,0.5198491568488549
1286,2507208.0,0.5195187105752288
1287,2507265.0,0.5193526822674162
1288,2507325.0,0.5192171250752383
1289,2507385.0,0.5190764391838757
1290,2507445.0,0.5190746638561822
1291,2507505.0,0.5192332236729259
1292,2507565.0,0.5194728828119358
1293,2507625.0,0.5197635663985772
1294,2507685.0,0.5200460125362927
1295,2507745.0,0.5203247312509666
1296,2507805.0,0.5206363765163181
1297,2507865.0,0.5210211304697504
1298,2507925.0,0.5212488625611403
1299,2507985.0,0.5216306211353517
1300,2508045.0,0.5221625936772765
1301,2508105.0,0.522645769108698
1302,2508165.0,0.523808669939063
1303,2508228.0,0.5251244914409313
1304,2508285.0,0.526340401896697
1305,2508345.0,0.5275312984651795
1306,2508405.0,0.5287188313342315
1307,2508465.0,0.5298866532085086
1308,2508525.0,0.5309389540642765
1309,2508585.0,0.5319388865377993
1310,2508645.0,0.5329444562312488
1311,2508705.0,0.5340028862017409
1312,2508765.0,0.5348589458833242
1313,2508825.0,0.5356259752114675
1314,2508885.0,0.5364164634841356
1315,2508945.0,0.5371450039763864
1316,2509005.0,0.5378429139989956
1317,2509065.0,0.5385321110767728
1318,2509125.0,0.539154164046817
1319,2509185.0,0.5399611485099575
1320,2509245.0,0.5400353657309328
1321,2509305.0,0.539868538271514
1322,2509365.0,0.5395401781652904
1323,2509425.0,0.539067476461316
1324,2509485.0,0.5385060005568525
1325,2509545.0,0.538325691522178
1326,2509605.0,0.5379725002663245
1327,2509665.0,0.5376748233162103
1328,2509725.0,0.5372793061612509
1329,2509785.0,0.537044912425242
1330,2509845.0,0.5366745246532819
1331,2509905.0,0.5361923174393847
1332,2509965.0,0.5358189988261228
1333,2510025.0,0.5355430092322345
1334,2510085.0,0.5352478583741288
1335,2510145.0,0.5348574102115843
1336,2510205.0,0.534436948744695
1337,2510265.0,0.5340544798979785
1338,2510325.0,0.5338990510169076
1339,2510385.0,0.5336349123873975
1340,2510445.0,0.5332395937670463
1341,2510505.0,0.5328030357914105
1342,2510565.0,0.531314780639756
1343,2510625.0,0.5302251559896459
1344,2510685.0,0.5294078840343082
1345,2510745.0,0.5289395953490551
1346,2510805.0,0.528452454525571
1347,2510865.0,0.52769836675748
1348,2510925.0,0.5267291478286432
1349,2510985.0,0.5258645313037346
1350,2511045.0,0.5249699785252703
1351,2511105.0,0.5241086328459151
1352,2511165.0,0.5231935550281899
1353,2511225.0,0.5213577617667957
1354,2511285.0,0.5204296294077383
1355,2511345.0,0.519842825279667
1356,2511405.0,0.5192466253930698
1357,2511465.0,0.5187482225563872
1358,2511525.0,0.5182403702728705
1359,2511585.0,0.5177410820260034
1360,2511645.0,0.5172485662120945
1361,2511705.0,0.516986867687068
1362,2511765.0,0.5167679552008178
1363,2511825.0,0.5165340357206996
1364,2511885.0,0.5162262832873993
1365,2511945.0,0.5161945248529051
1366,2512005.0,0.5162253103205267
1367,2512065.0,0.5161685244829556
1368,2512125.0,0.5162296040113886
1369,2512185.0,0.5163412447789573
1370,2512245.0,0.5160569047973549
1371,2512305.0,0.5157967961655182
1372,2512365.0,0.5154160918568568
1373,2512425.0,0.5146452392407811
1374,2512485.0,0.5145651649987276
1375,2512545.0,0.5132339104571301
1376,2512605.0,0.5116688291789936
1377,2512665.0,0.5102857485870156
1378,2512725.0,0.5071792236144337
1379,2512788.0,0.5039626342078488
1380,2512845.0,0.5009951223893842
1381,2512905.0,0.4980267127644832
1382,2512965.0,0.49487706196889636
1383,2513025.0,0.4937780696863684
1384,2513088.0,0.49284748502539133
1385,2513145.0,0.4918196962832475
1386,2513205.0,0.4906433670027458
1387,2513265.0,0.4896697457819027
1388,2513325.0,0.48867273748758355
1389,2513385.0,0.48762542903472617
1390,2513445.0,0.48651050227868564
1391,2513505.0,0.48536691652923236
1392,2513565.0,0.4841619477619654
1393,2513625.0,0.4829025045736366
1394,2513685.0,0.48179213604522375
1395,2513745.0,0.4804315538321434
1396,2513805.0,0.478962708815699
1397,2513865.0,0.4775749116642971
1398,2513925.0,0.47626887192002465
1399,2513985.0,0.47494750924786
1400,2514045.0,0.47358056761975564
1401,2514105.0,0.47224230772162257
1402,2514168.0,0.47088191139999236
1403,2514225.0,0.4695342518501645
1404,2514285.0,0.4682175431090856
1405,2514345.0,0.46698556736947816
1406,2514405.0,0.46576745528814156
1407,2514465.0,0.4645684117932639
1408,2514525.0,0.4633893336933109
1409,2514585.0,0.4623145606342133
1410,2514645.0,0.4609648915671881
1411,2514705.0,0.45985774994576933
1412,2514765.0,0.4587946542698177
1413,2514825.0,0.4578899808036295
1414,2514885.0,0.456853501957739
1415,2514945.0,0.45606827611177014
1416,2515005.0,0.4555827525865215
1417,2515065.0,0.4553330676508144
1418,2515125.0,0.4550283186277305
1419,2515185.0,0.454368672690034
1420,2515245.0,0.45471405935762743
1421,2515305.0,0.4549053800381143
1422,2515365.0,0.45491851433215136
1423,2515425.0,0.45493950973089403
1424,2515485.0,0.45495014506246545
1425,2515545.0,0.4549409595350443
1426,2515605.0,0.454989159655666
1427,2515665.0,0.4550287453503369
1428,2515725.0,0.4551050829228177
1429,2515785.0,0.45515482639205374
1430,2515845.0,0.45547413364468714
1431,2515905.0,0.4546416134356045
1432,2515965.0,0.4537021386529856
1433,2516028.0,0.4526004798803598
1434,2516085.0,0.4517874191350878
1435,2516145.0,0.4489481763263178
1436,2516208.0,0.4461492264612311
1437,2516265.0,0.44344215823586486
1438,2516325.0,0.44075578102562696
1439,2516385.0,0.4379534766074843
1440,2516445.0,0.43694648183088625
1441,2516505.0,0.4351113293160206
1442,2516565.0,0.43342312228188373
1443,2516625.0,0.42811964210729503
1444,2516685.0,0.4281590909784668
1445,2516745.0,0.42810499359427456
1446,2516805.0,0.42814484382712215
1447,2516865.0,0.42826049500533325
1448,2516925.0,0.4285044538474353
1449,2516985.0,0.4299787859901746
1450,2517045.0,0.4315240799563701
1451,2517105.0,0.43309366140623207
1452,2517165.0,0.4329214923596081
1453,2517225.0,0.4325960958572458
1454,2517285.0,0.4326033879391048
1455,2517345.0,0.432058562111739
1456,2517405.0,0.43173171997944426
1457,2517468.0,0.43142056419399444
1458,2517525.0,0.4309375204876619
1459,2517585.0,0.42875522368076957
1460,2517645.0,0.4265547728325355
1461,2517705.0,0.42437266234203264
1462,2517765.0,0.4243832611380144
1463,2517825.0,0.42393987699906943
1464,2517885.0,0.4232809001362593
1465,2517945.0,0.4225336891201964
1466,2518005.0,0.4217686452935775
1467,2518065.0,0.4210794115015718
1468,2518125.0,0.42037937281664706
1469,2518185.0,0.4196815660503824
1470,2518245.0,0.41883495849198626
1471,2518308.0,0.41779738677812406
1472,2518365.0,0.4167066034228243
1473,2518425.0,0.4155551681105977
1474,2518485.0,0.41441690913862117
1475,2518545.0,0.41327800505885826
1476,2518605.0,0.4121212964860448
1477,2518665.0,0.410911960030763
1478,2518725.0,0.4098176913229098
1479,2518785.0,0.4086054358622323
1480,2518845.0,0.40720371294608515
1481,2518908.0,0.40436412723292536
1482,2518965.0,0.40145691371169256
1483,2519025.0,0.39859705668405165
1484,2519085.0,0.39581809066316853
1485,2519145.0,0.39477125169376326
1486,2519205.0,0.3935720565682742
1487,2519265.0,0.39225816061734
1488,2519325.0,0.39095726995110425
1489,2519385.0,0.3896211664535528
1490,2519445.0,0.38830868295037313
1491,2519505.0,0.3870325964647531
1492,2519565.0,0.3859461598468409
1493,2519625.0,0.38496733937556304
1494,2519685.0,0.38400590953894964
1495,2519745.0,0.38309061531301236
1496,2519805.0,0.38221848686346827
1497,2519865.0,0.38136460805432015
1498,2519925.0,0.38053336233400736
1499,2519985.0,0.379525661713086
1500,2520045.0,0.3792543408150194
1501,2520105.0,0.3792176426482333
1502,2520165.0,0.37779219126861296
1503,2520225.0,0.3764403191539333
1504,2520285.0,0.37506465766358743
1505,2520345.0,0.3735147984463377
1506,2520405.0,0.3740180931378351
1507,2520465.0,0.3742595593458803
1508,2520525.0,0.3742871723077037
1509,2520585.0,0.3742805532079948
1510,2520645.0,0.37429408483036275
1511,2520705.0,0.3744889061864215
1512,2520765.0,0.3746971056692273
1513,2520825.0,0.37479481786181734
1514,2520885.0,0.37507655787862737
1515,2520945.0,0.3754447703743836
1516,2521005.0,0.3757666656978863
1517,2521065.0,0.3760373781969163
1518,2521125.0,0.37611152702603634
1519,2521185.0,0.37640335057151375
1520,2521245.0,0.3766496045571258
1521,2521305.0,0.37521654993727893
1522,2521365.0,0.37391184878226413
1523,2521425.0,0.37253569952036025
1524,2521485.0,0.3710589034940658
1525,2521545.0,0.37178051995305184
1526,2521605.0,0.37199072768779684
1527,2521665.0,0.3719995534728132
1528,2521725.0,0.3718242466792887
1529,2521785.0,0.37166943345093884
1530,2521845.0,0.371553722033261
1531,2521905.0,0.37144273369474956
1532,2521965.0,0.3713545411391519
1533,2522025.0,0.3713033292435882
1534,2522085.0,0.37060379472414084
1535,2522145.0,0.36976317768526945
1536,2522205.0,0.3687185773840137
1537,2522265.0,0.365992100135177
1538,2522325.0,0.36311800726278964
1539,2522385.0,0.3602570899876647
1540,2522445.0,0.35751926736209005
1541,2522505.0,0.3567653835813285
1542,2522565.0,0.3557199486279524
1543,2522625.0,0.35438792982619216
1544,2522685.0,0.35288464675852316
1545,2522745.0,0.3514481245276452
1546,2522805.0,0.3499911760121024
1547,2522865.0,0.34851716443539216
1548,2522925.0,0.34709884043857453
1549,2522985.0,0.3456258374445219
1550,2523045.0,0.34462130461937235
1551,2523105.0,0.34369688935157383
1552,2523165.0,0.3411339497256771
1553,2523225.0,0.3387112513941172
1554,2523285.0,0.3359004850996402
1555,2523345.0,0.3343576608099522
1556,2523405.0,0.3328454666447366
1557,2523465.0,0.33263505537246885
1558,2523525.0,0.333939190911657
1559,2523585.0,0.33516606376086056
1560,2523645.0,0.3364320695958698
1561,2523705.0,0.33767620724535774
1562,2523765.0,0.33907058561930536
1563,2523825.0,0.3389078505948605
1564,2523885.0,0.3387729233182474
1565,2523945.0,0.3392944602278286
1566,2524005.0,0.3372454478913153
1567,2524065.0,0.33518105956816346
1568,2524125.0,0.33308071180928434
1569,2524185.0,0.33099361201283817
1570,2524245.0,0.328912600909525
1571,2524305.0,0.3268672790717434
1572,2524365.0,0.32483107971414127
1573,2524425.0,0.32276666576413227
1574,2524485.0,0.32054245868162423
1575,2524545.0,0.3185186135082174
1576,2524605.0,0.3165817490982933
1577,2524665.0,0.31462295821293795
1578,2524725.0,0.31257369161770465
1579,2524785.0,0.3107791480534632
1580,2524845.0,0.30903348991636137
1581,2524905.0,0.30732088587890083
1582,2524965.0,0.30562603344249484
1583,2525025.0,0.3038970306822246
1584,2525085.0,0.30214870133163774
1585,2525145.0,0.3003992449957882
1586,2525205.0,0.2986424004675653
1587,2525265.0,0.29687911634279984
1588,2525325.0,0.29510892045383763
1589,2525385.0,0.29326370687243175
1590,2525445.0,0.29142449480182786
1591,2525505.0,0.2895187047902379
1592,2525565.0,0.28755708070068764
1593,2525625.0,0.2855293217386772
1594,2525685.0,0.28343388116552637
1595,2525745.0,0.28137423859419775
1596,2525805.0,0.2792486441030928
1597,2525865.0,0.2771394801431587
1598,2525925.0,0.2750357895727614
1599,2525985.0,0.2729577062817031
1600,2526045.0,0.2698842670146371
1601,2526105.0,0.26684073342359804
1602,2526165.0,0.2639817953149459
1603,2526225.0,0.2610905198366087
1604,2526285.0,0.2581830581135812
1605,2526345.0,0.2552488980723059
1606,2526405.0,0.2522582886167479
1607,2526465.0,0.24922181673768182
1608,2526525.0,0.24608610262453492
1609,2526585.0,0.2431958469465589
1610,2526645.0,0.24018511044571708
1611,2526705.0,0.23841721278332076
1612,2526765.0,0.23676688623894512
1613,2526825.0,0.23525507986100755
1614,2526885.0,0.23348712016210352
1615,2526945.0,0.2336706482795786
1616,2527008.0,0.2338303841251871
1617,2527065.0,0.23391875043894286
1618,2527125.0,0.23395979664456137
1619,2527185.0,0.2341674132359737
1620,2527245.0,0.2345535304528489
1621,2527305.0,0.23475478386105006
1622,2527365.0,0.23494242572286259
1623,2527425.0,0.23517968829731847
1624,2527485.0,0.2354612475353907
1625,2527545.0,0.23403815471510717
1626,2527605.0,0.23250225835646807
1627,2527665.0,0.2312389169080076
1628,2527725.0,0.22966267406683574
1629,2527785.0,0.22808359951649007
1630,2527845.0,0.22646492240657937
1631,2527905.0,0.22478552158200718
1632,2527965.0,0.2231391600092177
1633,2528025.0,0.2214789919862407
1634,2528085.0,0.21980947311423552
1635,2528145.0,0.21815846713861434
1636,2528205.0,0.21647665027998123
1637,2528265.0,0.214781278999244
1638,2528325.0,0.21309364487613805
1639,2528385.0,0.21302559222308295
1640,2528445.0,0.2129378171009104
1641,2528505.0,0.21282422244835267
1642,2528565.0,0.21049433962267453
1643,2528625.0,0.2086012785807417
1644,2528685.0,0.20654490841203596
1645,2528745.0,0.20455295281062572
1646,2528805.0,0.20254422357280602
1647,2528865.0,0.20049200415652915
1648,2528925.0,0.19839310071027796
1649,2528985.0,0.19626278077136192
1650,2529045.0,0.19412282146339696
1651,2529105.0,0.19198762870230926
1652,2529165.0,0.1898059369546948
1653,2529225.0,0.18761816457512845
1654,2529285.0,0.18544532091326818
1655,2529345.0,0.18363072334485644
1656,2529405.0,0.18175305364694985
1657,2529465.0,0.17987719114967363
1658,2529525.0,0.1778935380568146
1659,2529585.0,0.17601991732859998
1660,2529645.0,0.17436701159259996
1661,2529705.0,0.17420587767238868
1662,2529765.0,0.17410717336324058
1663,2529825.0,0.1738894030411017
1664,2529885.0,0.173635881752531
1665,2529945.0,0.17170141486398396
1666,2530005.0,0.16996258741279338
1667,2530065.0,0.16844105135179785
1668,2530125.0,0.16687894503537817
1669,2530185.0,0.16538043683737888
1670,2530245.0,0.16382319360490202
1671,2530305.0,0.16218388806167808
1672,2530365.0,0.16053954960005082
1673,2530425.0,0.1588590933301859
1674,2530485.0,0.15719665551504688
1675,2530548.0,0.15554108480043197
1676,2530605.0,0.15389819323534484
1677,2530665.0,0.15221799583449272
1678,2530725.0,0.15056177089481607
1679,2530785.0,0.14898668737862156
1680,2530845.0,0.14740613884061068
1681,2530905.0,0.1458400956979475
1682,2530965.0,0.14580991989517042
1683,2531025.0,0.14585415948709066
1684,2531085.0,0.1458864674981629
1685,2531145.0,0.14591139863139854
1686,2531205.0,0.1439480850095736
1687,2531265.0,0.14234449018901338
1688,2531325.0,0.14089405686069364
1689,2531385.0,0.1389522254527427
1690,2531445.0,0.13698708449156846
1691,2531505.0,0.13494812578654167
1692,2531565.0,0.13288439048773107
1693,2531625.0,0.13075222085459223
1694,2531685.0,0.1285967520285828
1695,2531745.0,0.12639662087187994
1696,2531805.0,0.12418377881493639
1697,2531865.0,0.12197185714856942
1698,2531925.0,0.11970727523854399
1699,2531985.0,0.11736268440326272
1700,2532045.0,0.11522907722078027
1701,2532105.0,0.11513318910530793
1702,2532165.0,0.11488792446744203
1703,2532225.0,0.11457672662702792
1704,2532285.0,0.11430015706780763
1705,2532345.0,0.11179556945764416
1706,2532405.0,0.10972361023183128
1707,2532465.0,0.10818589035371354
1708,2532528.0,0.10660862434878263
1709,2532585.0,0.10508385104173415
1710,2532645.0,0.10346438929267246
1711,2532705.0,0.10171937750500584
1712,2532765.0,0.09999620558772118
1713,2532825.0,0.09838398368772674
1714,2532885.0,0.09658866243212441
1715,2532945.0,0.09492262839808038
1716,2533005.0,0.09339778282990954
1717,2533065.0,0.09352474380568407
1718,2533125.0,0.09365568985085451
1719,2533185.0,0.09371416324463192
1720,2533245.0,0.09371394978712247
1721,2533305.0,0.09171564720393485
1722,2533365.0,0.08999767596658273
1723,2533425.0,0.08789490632542021
1724,2533485.0,0.08588729608844001
1725,2533545.0,0.08385104111123756
1726,2533605.0,0.0817431964663006
1727,2533665.0,0.07957729229357544
1728,2533725.0,0.07738392437933425
1729,2533785.0,0.07516574795027611
1730,2533845.0,0.07274661884063818
1731,2533905.0,0.07039596097315329
1732,2533965.0,0.06980275388559995
1733,2534025.0,0.06917251951074108
1734,2534085.0,0.06897618090540455
1735,2534145.0,0.06868510829895572
1736,2534205.0,0.06846800275551537
1737,2534265.0,0.06679529828842898
1738,2534325.0,0.06538900522757554
1739,2534385.0,0.0640648725695113
1740,2534448.0,0.06273558637780216
1741,2534505.0,0.06142124522077577
1742,2534565.0,0.0600450361981108
1743,2534625.0,0.05857050270198419
1744,2534685.0,0.05702185078626579
1745,2534745.0,0.054908852473861874
1746,2534805.0,0.05543908257014579
1747,2534865.0,0.056009710415761804
1748,2534925.0,0.056621640607693285
1749,2534985.0,0.057259590030510815
1750,2535045.0,0.057336735724095145
1751,2535105.0,0.057412791759036436
1752,2535165.0,0.057484170808290075
1753,2535225.0,0.05754658153993125
1754,2535285.0,0.057598230290437785
1755,2535345.0,0.057635529732764534
1756,2535408.0,0.05765902469623291
1757,2535465.0,0.05767588983493285
1758,2535528.0,0.05769454863715526
1759,2535585.0,0.057448774871384695
1760,2535645.0,0.0571984424775909
1761,2535705.0,0.05691717967361562
1762,2535765.0,0.05661787677006189
1763,2535825.0,0.05684008029588264
1764,2535885.0,0.05677823042381422
1765,2535945.0,0.05667640305761315
1766,2536005.0,0.05658885463202909
1767,2536065.0,0.05654105582224339
1768,2536125.0,0.05654589275460212
1769,2536185.0,0.05676183253163852
1770,2536245.0,0.05690869286066472
1771,2536305.0,0.05699192289767285
1772,2536365.0,0.05706204599241224
1773,2536425.0,0.05711483661459851
1774,2536485.0,0.057205733525984875
1775,2536545.0,0.0573072629185018
1776,2536605.0,0.05747135628914249
1777,2536665.0,0.05711371612733143
1778,2536725.0,0.05670273544314455
1779,2536785.0,0.056276789419806544
1780,2536845.0,0.055897944677033934
1781,2536905.0,0.055516592740831566
1782,2536965.0,0.055081765359417334
1783,2537025.0,0.054644902701745046
1784,2537085.0,0.054212536523319255
1785,2537145.0,0.053789953484647185
1786,2537205.0,0.05336605505631395
1787,2537265.0,0.05294715485230697
1788,2537325.0,0.052621677816332535
1789,2537385.0,0.052484413987225725
1790,2537445.0,0.05211055289969857
1791,2537505.0,0.051743899825296785
1792,2537565.0,0.05142785075435233
1793,2537625.0,0.05111687373411497
1794,2537685.0,0.05083974324297849
1795,2537745.0,0.05063189788243547
1796,2537805.0,0.05038070382436502
1797,2537865.0,0.050109036271465124
1798,2537925.0,0.04984049534445986
1799,2537985.0,0.049401038036908734
1800,2538045.0,0.047110926330431485
1801,2538105.0,0.045302448013620905
1802,2538165.0,0.04364475945399654
1803,2538225.0,0.04194949023548036
1804,2538285.0,0.040198212499304525
1805,2538345.0,0.040142894475343666
1806,2538405.0,0.040139627698252106
1807,2538465.0,0.039864350321292874
1808,2538525.0,0.039895733818851864
1809,2538585.0,0.03991169376575307
1810,2538648.0,0.03997948318460484
1811,2538705.0,0.04008581078999829
1812,2538765.0,0.04019971653717094
1813,2538825.0,0.040317273900729506
1814,2538885.0,0.03994194569885029
1815,2538945.0,0.03955839240908024
1816,2539005.0,0.03916276263909535
1817,2539065.0,0.038758253911472335
1818,2539125.0,0.038328352557401524
1819,2539185.0,0.03787509963100055
1820,2539245.0,0.037421476811317744
1821,2539305.0,0.03695321141541419
1822,2539365.0,0.03648212696032885
1823,2539425.0,0.036013243522371535
1824,2539485.0,0.03595847856334847
1825,2539545.0,0.036338970685226374
1826,2539605.0,0.03665200628323839
1827,2539665.0,0.03695508906198408
1828,2539725.0,0.037331230364014256
1829,2539785.0,0.037766339793999654
1830,2539845.0,0.038364510881401304
1831,2539905.0,0.038849182394544435
1832,2539965.0,0.0392510594355516
1833,2540025.0,0.03972121171776935
1834,2540085.0,0.040249914548217997
1835,2540145.0,0.040445647408268504
1836,2540205.0,0.04071047420148877
1837,2540265.0,0.040997502852849504
1838,2540325.0,0.04123993177863097
1839,2540385.0,0.04146247865002678
1840,2540445.0,0.041677550564925364
1841,2540505.0,0.04189622341493829
1842,2540565.0,0.042106514502169456
1843,2540625.0,0.04171963081654262
1844,2540685.0,0.041304882573205665
1845,2540745.0,0.040868378071466344
1846,2540805.0,0.040365833914118215
1847,2540865.0,0.0397757414873752
1848,2540925.0,0.039241850443596266
1849,2540985.0,0.03866411146751861
1850,2541045.0,0.038125151534845775
1851,2541105.0,0.037582953419141474
1852,2541165.0,0.03703928203652579
1853,2541225.0,0.036483314579212084
1854,2541285.0,0.03653915519743603
1855,2541345.0,0.03634763156720652
1856,2541405.0,0.036120387568681994
1857,2541465.0,0.03597534666369642
1858,2541525.0,0.03585743842361824
1859,2541585.0,0.03568725859677932
1860,2541648.0,0.03558877158987542
1861,2541705.0,0.03545216433728435
1862,2541765.0,0.03532166720230673
1863,2541828.0,0.03518927751464332
1864,2541885.0,0.035087530088696556
1865,2541945.0,0.03499637417492993
1866,2542005.0,0.03492501225781994
1867,2542065.0,0.034846147203318106
1868,2542125.0,0.034786779008707774
1869,2542185.0,0.03528312501507616
1870,2542245.0,0.035793079444998904
1871,2542305.0,0.03580883676293781
1872,2542365.0,0.03582943024212279
1873,2542425.0,0.03585719837539758
1874,2542485.0,0.035884421679350936
1875,2542545.0,0.03590805765625946
1876,2542605.0,0.035923270144877006
1877,2542665.0,0.035925926988837203
1878,2542725.0,0.03591836668098414
1879,2542785.0,0.03590363171904107
1880,2542845.0,0.035897320245389
1881,2542905.0,0.03547331394088854
1882,2542965.0,0.035166593017960796
1883,2543025.0,0.034865213633850284
1884,2543085.0,0.03496143696149076
1885,2543145.0,0.034907802181929404
1886,2543205.0,0.03475304894231554
1887,2543265.0,0.03447669635187395
1888,2543325.0,0.034410769045918416
1889,2543385.0,0.03430333976542163
1890,2543445.0,0.034240479695038295
1891,2543505.0,0.03424441346070242
1892,2543565.0,0.034230617014640224
1893,2543625.0,0.03412036089929596
1894,2543685.0,0.03407202542814952
1895,2543745.0,0.033871929421589314
1896,2543805.0,0.03375165505307659
1897,2543865.0,0.03309461069061842
1898,2543925.0,0.032476087632130585
1899,2543985.0,0.03188177474053014
1900,2544045.0,0.03129166929986038
1901,2544105.0,0.030651749107298926
1902,2544165.0,0.029981050766792278
1903,2544225.0,0.02993035066148869
1904,2544285.0,0.029880195385506375
1905,2544345.0,0.02983542110009149
1906,2544405.0,0.029804996122856448
1907,2544465.0,0.029792507780846106
1908,2544525.0,0.029787898097805132
1909,2544585.0,0.029792256732376565
1910,2544648.0,0.0298068325187614
1911,2544705.0,0.030180106637762744
1912,2544768.0,0.03052527231196203
1913,2544825.0,0.03093607852559907
1914,2544885.0,0.030907641965907534
1915,2544945.0,0.03101042052292108
1916,2545005.0,0.031105730518397934
1917,2545065.0,0.03117648163314421
1918,2545125.0,0.031241280741206107
1919,2545185.0,0.031283457959441235
1920,2545245.0,0.03130353341834105
1921,2545305.0,0.03127315780518075
1922,2545365.0,0.031276574115339684
1923,2545425.0,0.03134544192007335
1924,2545485.0,0.03143283329596605
1925,2545545.0,0.030974554236867013
1926,2545605.0,0.03047583236831483
1927,2545665.0,0.02993133175986301
1928,2545725.0,0.029350909795663155
1929,2545785.0,0.0287457174347783
1930,2545845.0,0.028702032808006317
1931,2545905.0,0.028660686674078284
1932,2545965.0,0.028621679032994063
1933,2546025.0,0.0285928885437233
1934,2546085.0,0.02857969619683326
1935,2546145.0,0.02858389565584657
1936,2546205.0,0.02859776743735179
1937,2546265.0,0.02861343288237944
1938,2546325.0,0.028628553498085768
1939,2546385.0,0.029055649892796603
1940,2546445.0,0.029357741723565367
1941,2546505.0,0.02964165145418854
1942,2546565.0,0.029980285572293625
1943,2546625.0,0.029885208832147042
1944,2546685.0,0.030112480429580618
1945,2546745.0,0.030292278309941273
1946,2546805.0,0.030402539745967905
1947,2546865.0,0.03046385609388927
1948,2546925.0,0.030475837271082634
1949,2546985.0,0.030320056518761684
1950,2547045.0,0.03025710784723354
1951,2547105.0,0.030274321141146976
1952,2547165.0,0.029818344383118117
1953,2547225.0,0.029350294638137153
1954,2547285.0,0.028864811207727575
1955,2547345.0,0.02835415005526043
1956,2547405.0,0.027804858753940925
1957,2547465.0,0.02775915398544143
1958,2547525.0,0.02771274521206224
1959,2547585.0,0.02766867493152711
1960,2547645.0,0.02763482180280527
1961,2547705.0,0.027614773152941724
1962,2547765.0,0.027614454801825367
1963,2547825.0,0.027615385284910088
1964,2547885.0,0.027630120246853074
1965,2547945.0,0.028053899087178313
1966,2548005.0,0.028410947101095374
1967,2548065.0,0.028748085604532125
1968,2548125.0,0.02914067434085224
1969,2548185.0,0.029190050835467385
1970,2548245.0,0.029321239001426525
1971,2548305.0,0.029400634273515525
1972,2548365.0,0.02940453608984775
1973,2548425.0,0.0294213908388741
1974,2548485.0,0.02942271597252985
1975,2548545.0,0.02937027318115193
1976,2548605.0,0.029383035700819266
1977,2548665.0,0.029440060121123712
1978,2548725.0,0.029523658315556506
1979,2548785.0,0.029666779955021594
1980,2548845.0,0.02975142045360743
1981,2548905.0,0.029821443903230604
1982,2548965.0,0.029898585873673528
1983,2549025.0,0.02995635236883626
1984,2549085.0,0.029489244815024768
1985,2549145.0,0.029013039047618094
1986,2549205.0,0.028524177733098843
1987,2549265.0,0.028018561320411528
1988,2549325.0,0.02749710827286339
1989,2549385.0,0.026973391764989613
1990,2549445.0,0.02645001199844274
1991,2549505.0,0.0259158075906111
1992,2549565.0,0.025369952012090274
1993,2549625.0,0.024834407442082984
1994,2549685.0,0.024779256829296686
1995,2549745.0,0.024736661861167547
1996,2549805.0,0.024704284044851865
1997,2549865.0,0.024697562347172186
1998,2549925.0,0.024710026118918177
1999,2549985.0,0.02473808803304489
2000,2550045.0,0.02478174808955244
2001,2550105.0,0.02482361448253753
2002,2550165.0,0.024858306221432785
2003,2550225.0,0.024880442315670853
2004,2550285.0,0.024896652590019885
2005,2550345.0,0.02448836776460267
2006,2550405.0,0.024159550278387287
2007,2550465.0,0.02384856427040774
2008,2550525.0,0.023480117881524543
2009,2550585.0,0.023064714180021928
2010,2550645.0,0.022492878645871434
2011,2550705.0,0.022033997856658105
2012,2550765.0,0.021654324212535908
2013,2550825.0,0.021208168990725418
2014,2550885.0,0.02071063787477387
2015,2550945.0,0.020222791759166553
2016,2551005.0,0.019718230126383463
2017,2551065.0,0.019190136815877196
2018,2551125.0,0.01866592062271996
2019,2551185.0,0.01812153433940214
2020,2551245.0,0.0175601454766455
2021,2551305.0,0.016967182025769217
2022,2551365.0,0.016360909426427844
2023,2551425.0,0.01633465933794176
2024,2551485.0,0.016316832737746395
2025,2551545.0,0.016309768118685952
2026,2551605.0,0.016299820177460067
2027,2551665.0,0.016304925549293692
2028,2551725.0,0.01632867156123155
2029,2551785.0,0.016363883559183806
2030,2551845.0,0.016405725381904518
2031,2551905.0,0.01645778435643863
2032,2551965.0,0.016506800833249236
2033,2552025.0,0.016552229983014977
2034,2552085.0,0.015961189910255164
2035,2552145.0,0.01561849992673961
2036,2552205.0,0.015278683170930535
2037,2552265.0,0.014899683528121821
2038,2552325.0,0.014479614216055758
2039,2552385.0,0.014035188964589745
2040,2552448.0,0.013538456574921559
2041,2552505.0,0.013080500279937596
2042,2552565.0,0.012646475720592049
2043,2552625.0,0.012224691858333275
2044,2552685.0,0.011769214887892704
2045,2552745.0,0.011302523106788004
2046,2552805.0,0.010817537659543908
2047,2552865.0,0.010332001128506713
2048,2552925.0,0.009853233686222679
2049,2552985.0,0.009363535666740891
2050,2553045.0,0.008865065384950632
2051,2553105.0,0.008859702556501287
2052,2553165.0,0.008851456405886748
2053,2553225.0,0.008843369430830278
2054,2553285.0,0.008839573787698368
2055,2553345.0,0.008847244130580939
2056,2553405.0,0.008865835630156499
2057,2553465.0,0.008894644281545377
2058,2553525.0,0.008929537928381304
2059,2553585.0,0.008959050584649797
2060,2553645.0,0.008977256430462072
2061,2553705.0,0.008991330119907937
2062,2553765.0,0.00902225078593566
2063,2553825.0,0.009062139769575761
2064,2553885.0,0.00865308797980266
2065,2553945.0,0.008346666742589992
2066,2554005.0,0.008086479544856723
2067,2554065.0,0.007768835532826729
2068,2554125.0,0.007380619364890567
2069,2554185.0,0.006951734081741295
2070,2554245.0,0.006523560170129311
2071,2554305.0,0.006089297769970553
2072,2554365.0,0.005656134662204937
2073,2554425.0,0.00520990385984807
2074,2554485.0,0.004750861459060479
2075,2554545.0,0.004289204523264062
2076,2554605.0,0.003806702294414821
2077,2554665.0,0.0037897143043928716
2078,2554725.0,0.0037834882955058713
2079,2554785.0,0.0037820984478648123
2080,2554845.0,0.003789676917836049
2081,2554905.0,0.0038056788760982285
2082,2554965.0,0.003831353156852374
2083,2555025.0,0.0038548481203207474
2084,2555085.0,0.003886925747638187
2085,2555145.0,0.0039274268632466525
2086,2555205.0,0.003967383149533543
2087,2555265.0,0.004003752108775571
2088,2555325.0,0.004045502058585004
2089,2555385.0,0.00408616234975151
2090,2555445.0,0.004130409967963017
2091,2555505.0,0.003813620760714148
2092,2555565.0,0.003519014178378327
2093,2555625.0,0.003160015890806084
2094,2555685.0,0.0027396727734521342
2095,2555745.0,0.002307079183930888
2096,2555805.0,0.0018681061293096546
2097,2555865.0,0.001405621375837468
2098,2555925.0,0.0009216661069121612
2099,2555985.0,0.00042580803414879465
2100,2556045.0,-7.012471160344758e-05
2101,2556105.0,-0.000581728500852835
2102,2556165.0,-0.0011043612129761071
2103,2556225.0,-0.0016204720515355375
2104,2556285.0,-0.0021405112150823247
2105,2556345.0,-0.002128959764302857
2106,2556405.0,-0.0021197468063673675
2107,2556465.0,-0.0021139619999186177
2108,2556525.0,-0.002102637027344173
2109,2556585.0,-0.0020821845615992818
2110,2556645.0,-0.0020538534368848838
2111,2556705.0,-0.0020212309802460637
2112,2556765.0,-0.0019855660258836505
2113,2556825.0,-0.001948652237320131
2114,2556885.0,-0.0019135321122791815
2115,2556945.0,-0.0018843378071270733
2116,2557005.0,-0.0018521010042513997
2117,2557065.0,-0.001813234376607381
2118,2557125.0,-0.0017784999053296058
2119,2557185.0,-0.0021629158671463145
2120,2557245.0,-0.002428253084909876
2121,2557305.0,-0.0026926408328728224
2122,2557365.0,-0.0030133874562819907
2123,2557425.0,-0.0034558107158539075
2124,2557485.0,-0.00398150180572876
2125,2557545.0,-0.0044279357369389205
2126,2557605.0,-0.004825333424060968
2127,2557665.0,-0.005220228503970609
2128,2557725.0,-0.005636281050219044
2129,2557785.0,-0.006084928347081631
2130,2557845.0,-0.006562143937665743
2131,2557905.0,-0.007066092751377262
2132,2557968.0,-0.0070850335804798215
2133,2558028.0,-0.007095550921291466
2134,2558085.0,-0.007099438437334543
2135,2558145.0,-0.00709077030872049
2136,2558205.0,-0.00706704886704701
2137,2558265.0,-0.007029522946515265
2138,2558325.0,-0.006984663196335422
2139,2558385.0,-0.006936760948432041
2140,2558445.0,-0.006891197193372722
2141,2558505.0,-0.00685155925820205
2142,2558565.0,-0.006818391972241655
2143,2558625.0,-0.006787563179125294
2144,2558685.0,-0.006762501030339513
2145,2558745.0,-0.007154202243347202
2146,2558805.0,-0.0074748812980222346
2147,2558865.0,-0.007764888861082259
2148,2558925.0,-0.008114478813391807
2149,2558985.0,-0.00850945754809404
2150,2559045.0,-0.008912402127841307
2151,2559105.0,-0.009293664246460304
2152,2559165.0,-0.009669173339244302
2153,2559228.0,-0.010078592218222687
2154,2559285.0,-0.01052465674331074
2155,2559345.0,-0.010993667892689074
2156,2559405.0,-0.011492702469450777
2157,2559465.0,-0.012011230469892525
2158,2559525.0,-0.012541685975114153
2159,2559585.0,-0.013062928908889854
2160,2559645.0,-0.013025837933037188
2161,2559705.0,-0.013146642157096322
2162,2559765.0,-0.013338148074231754
2163,2559825.0,-0.013460228129030027
2164,2559885.0,-0.0130089060363619
2165,2559945.0,-0.012502924434654367
2166,2560005.0,-0.012014657997249933
2167,2560065.0,-0.011520263854941981
2168,2560125.0,-0.01102022475875672
2169,2560185.0,-0.010522217608148837
2170,2560245.0,-0.010027837852939842
2171,2560308.0,-0.009536343239700068
2172,2560365.0,-0.00905134223272172
2173,2560425.0,-0.008554152821813626
2174,2560485.0,-0.008045958805360937
2175,2560545.0,-0.007515098179312507
2176,2560605.0,-0.006952664274056691
2177,2560665.0,-0.006406707991310101
2178,2560725.0,-0.005875858708359716
2179,2560785.0,-0.005334332584537166
2180,2560845.0,-0.0047820697719225536
2181,2560908.0,-0.00422260727132559
2182,2560965.0,-0.003664745294965882
2183,2561025.0,-0.003107283598645566
2184,2561085.0,-0.002546830065625144
2185,2561145.0,-0.001984389667124359
2186,2561208.0,-0.0014142945321589107
2187,2561265.0,-0.0008510444363119263
2188,2561325.0,-0.0002906090140496753
2189,2561385.0,0.0002589762409311025
2190,2561445.0,0.0008078518647741673
2191,2561505.0,0.001334883594422881
2192,2561565.0,0.0018794067542339532
2193,2561625.0,0.002414730375252472
2194,2561685.0,0.002925225861808517
2195,2561745.0,0.003408624127140325
2196,2561805.0,0.00391209013358404
2197,2561865.0,0.00442270888343238
2198,2561925.0,0.004939799301203335
2199,2561985.0,0.005446171976602132
2200,2562045.0,0.005930438948606481
2201,2562105.0,0.006415021737290638
2202,2562165.0,0.006900414854929066
2203,2562225.0,0.007383382540142452
2204,2562285.0,0.007883234763088665
2205,2562345.0,0.008379325802600007
2206,2562405.0,0.008851941093511312
2207,2562465.0,0.009298016240640833
2208,2562525.0,0.009899959925658952
2209,2562585.0,0.010765555296212537
2210,2562645.0,0.011621572450644435
2211,2562705.0,0.012414335888935396
2212,2562765.0,0.013223981503668603
2213,2562825.0,0.016567493316274107
2214,2562885.0,0.019066256623842343
2215,2562945.0,0.021185315705216506
2216,2563005.0,0.023331638620846307
2217,2563065.0,0.025559200879529148
2218,2563125.0,0.02787373089227327
2219,2563185.0,0.030185862093693255
2220,2563245.0,0.03253248484184246
2221,2563305.0,0.034881040770092714
2222,2563365.0,0.03725821674456137
2223,2563425.0,0.03964105214046701
2224,2563485.0,0.04202801862137753
2225,2563545.0,0.04437314849453888
2226,2563605.0,0.04676530991733058
2227,2563665.0,0.04910823649953536
2228,2563725.0,0.05146817289780095
2229,2563785.0,0.05376021615316931
2230,2563845.0,0.05610092307045908
2231,2563905.0,0.058441336916329994
2232,2563965.0,0.06080382775380319
2233,2564025.0,0.06320030332551288
2234,2564085.0,0.06559253093471276
2235,2564145.0,0.06792202330566263
2236,2564205.0,0.07026382762157948
2237,2564265.0,0.07258309621848805
2238,2564325.0,0.07483942711434213
2239,2564385.0,0.0753890326306986
2240,2564445.0,0.075974589019457
2241,2564505.0,0.07660559635789413
2242,2564565.0,0.0790519951939033
2243,2564625.0,0.08122011405403348
2244,2564685.0,0.0832839313790448
2245,2564745.0,0.08524358489306585
2246,2564805.0,0.08715721441931676
2247,2564865.0,0.0891087264019583
2248,2564925.0,0.09116113110592819
2249,2564985.0,0.09325589427420386
2250,2565045.0,0.09536023619701253
2251,2565105.0,0.09747090656410676
2252,2565165.0,0.09959844385586028
2253,2565225.0,0.10173969149924247
2254,2565285.0,0.10390885109695738
2255,2565348.0,0.10606172189593613
2256,2565405.0,0.10825479149752451
2257,2565465.0,0.11044806512882396
2258,2565525.0,0.11259944363560223
2259,2565585.0,0.11315476948023437
2260,2565645.0,0.11366955318050279
2261,2565705.0,0.11425143811459629
2262,2565765.0,0.11488336278596209
2263,2565825.0,0.11745866824700626
2264,2565885.0,0.11965950805527478
2265,2565945.0,0.12178734812952549
2266,2566005.0,0.12396402491905126
2267,2566065.0,0.12622106553691584
2268,2566125.0,0.12851822247060998
2269,2566185.0,0.13079205495473104
2270,2566245.0,0.13300893967560765
2271,2566305.0,0.13526534592649622
2272,2566365.0,0.13756701515457195
2273,2566425.0,0.13984945409347596
2274,2566485.0,0.14209027603557192
2275,2566545.0,0.14431241969428735
2276,2566605.0,0.14656228064213392
2277,2566665.0,0.14717358549545603
2278,2566725.0,0.1477688931314142
2279,2566785.0,0.14841551231074698
2280,2566845.0,0.15110250418963858
2281,2566905.0,0.15360863320622456
2282,2566965.0,0.1558834491241974
2283,2567025.0,0.15795657064507743
2284,2567085.0,0.1601587775263935
2285,2567145.0,0.16225249250619436
2286,2567205.0,0.16449889195979392
2287,2567265.0,0.16666570111917942
2288,2567325.0,0.168812912854346
2289,2567385.0,0.17097050496702756
2290,2567445.0,0.17307341878285856
2291,2567505.0,0.17521485658053984
2292,2567565.0,0.17741787087261726
2293,2567625.0,0.17961680682107575
2294,2567685.0,0.18185137393172188
2295,2567745.0,0.18404405229212065
2296,2567805.0,0.18624484713750852
2297,2567868.0,0.1868712305215722
2298,2567925.0,0.18742721339090188
2299,2567985.0,0.18802489517432172
2300,2568045.0,0.18863637853618168
2301,2568105.0,0.19119089303050593
2302,2568165.0,0.19348892002633175
2303,2568225.0,0.19571082256347674
2304,2568285.0,0.19782865160814964
2305,2568345.0,0.19993073913706425
2306,2568405.0,0.20203643947522584
2307,2568465.0,0.20414747452079504
2308,2568525.0,0.20627046204815871
2309,2568588.0,0.20833779494644236
2310,2568645.0,0.21039844328551435
2311,2568705.0,0.21250634421645007
2312,2568765.0,0.21460370078188037
2313,2568825.0,0.2167130841185365
2314,2568885.0,0.21879335720651547
2315,2568945.0,0.22093408079462193
2316,2569005.0,0.22302969912446116
2317,2569065.0,0.22511073418083435
2318,2569125.0,0.22716139675059774
2319,2569185.0,0.22931367495498392
2320,2569245.0,0.2314362152356679
2321,2569305.0,0.23355313429266175
2322,2569365.0,0.23565510673211146
2323,2569425.0,0.23777613858155686
2324,2569485.0,0.23989578962923827
2325,2569545.0,0.2420601083796398
2326,2569605.0,0.24419100314063694
2327,2569665.0,0.24629434288677524
2328,2569725.0,0.2484392365086002
2329,2569785.0,0.2506039707625811
2330,2569845.0,0.25272967023540827
2331,2569905.0,0.254830197903989
2332,2569965.0,0.2569689508747014
2333,2570025.0,0.25913452477196985
2334,2570085.0,0.2612902416265589
2335,2570145.0,0.26344875646758237
2336,2570205.0,0.26557083220589406
2337,2570265.0,0.2677414626617691
2338,2570325.0,0.26991210983936853
2339,2570385.0,0.2720120235438418
2340,2570445.0,0.2735200292674689
2341,2570505.0,0.2752189574359818
2342,2570565.0,0.27708023500493384
2343,2570625.0,0.27863245604785625
2344,2570685.0,0.27999661797346276
2345,2570745.0,0.2812497139613924
2346,2570805.0,0.2826208003861749
2347,2570865.0,0.2841228174007008
2348,2570925.0,0.28571925217824323
2349,2570985.0,0.28735360445260794
2350,2571045.0,0.2890687718281306
2351,2571105.0,0.2907324256035927
2352,2571165.0,0.2924159047419421
2353,2571225.0,0.2940456797757677
2354,2571285.0,0.2957298210457492
2355,2571345.0,0.2974022338356619
2356,2571405.0,0.29906358302763114
2357,2571465.0,0.30067450687940767
2358,2571525.0,0.302318423810674
2359,2571585.0,0.30394286304936313
2360,2571648.0,0.3055579581447674
2361,2571705.0,0.30715605455882167
2362,2571765.0,0.3087435995194824
2363,2571825.0,0.31036690365465847
2364,2571885.0,0.3119697847248052
2365,2571945.0,0.31356639580283197
2366,2572005.0,0.31517296028774056
2367,2572065.0,0.31521271842271026
2368,2572125.0,0.3152457994222194
2369,2572185.0,0.3153263279855377
2370,2572245.0,0.3173990778044352
2371,2572305.0,0.3194724541595947
2372,2572365.0,0.3213082273871124
2373,2572425.0,0.3229991435974481
2374,2572485.0,0.324612259573402
2375,2572545.0,0.32625262395775945
2376,2572605.0,0.32787781962599705
2377,2572665.0,0.3294886236889477
2378,2572725.0,0.3310886109104346
2379,2572785.0,0.33264092526128075
2380,2572845.0,0.334263030815957
2381,2572905.0,0.3358081986815674
2382,2572965.0,0.3374423785509131
2383,2573025.0,0.33903212998879084
2384,2573085.0,0.3407118488151025
2385,2573145.0,0.3423460417146865
2386,2573205.0,0.3439639496511512
2387,2573265.0,0.34559834739229855
2388,2573325.0,0.34715670160969136
2389,2573385.0,0.34842567545590286
2390,2573445.0,0.3496650101400306
2391,2573505.0,0.3509631135084581
2392,2573565.0,0.35224900550094007
2393,2573625.0,0.35097611800689377
2394,2573685.0,0.3505782937693914
2395,2573745.0,0.350564936783495
2396,2573805.0,0.3505802674861177
2397,2573865.0,0.3504623476359555
2398,2573925.0,0.35026287497638153
2399,2573985.0,0.35004553964723184
2400,2574045.0,0.3497402182810473
2401,2574105.0,0.34948874888905035
2402,2574165.0,0.34924326133018424
2403,2574225.0,0.3489660558708053
2404,2574285.0,0.3486770312146731
2405,2574345.0,0.3484747990720686
2406,2574405.0,0.34819820832049386
2407,2574465.0,0.3479099211814497
2408,2574525.0,0.34762568960842233
2409,2574585.0,0.347427757104133
2410,2574645.0,0.3471670784084465
2411,2574705.0,0.3469441358881893
2412,2574765.0,0.3466884199086482
2413,2574825.0,0.34646760410519717
2414,2574885.0,0.3462532249104876
2415,2574945.0,0.3460393535643925
2416,2575005.0,0.34582620688416676
2417,2575065.0,0.3456339162548173
2418,2575125.0,0.3455758988494263
2419,2575185.0,0.3471639574338272
2420,2575245.0,0.3486993016769552
2421,2575305.0,0.3502221595577327
2422,2575365.0,0.3499173096047007
2423,2575425.0,0.34986188395550066
2424,2575485.0,0.3498721958073735
2425,2575545.0,0.3499831699176251
2426,2575605.0,0.3500718887719846
2427,2575665.0,0.3501265584621641
2428,2575725.0,0.3501834460935064
2429,2575785.0,0.35019947310770494
2430,2575845.0,0.35015750547125235
2431,2575905.0,0.3501904807851626
2432,2575965.0,0.350150336489623
2433,2576025.0,0.35015462913096906
2434,2576085.0,0.350099822271036
2435,2576145.0,0.3500292118511016
2436,2576205.0,0.3499543482378379
2437,2576265.0,0.34982217564929685
2438,2576325.0,0.3497223496165567
2439,2576385.0,0.35121874528262087
2440,2576445.0,0.35274689113670477
2441,2576505.0,0.3541981244626823
2442,2576565.0,0.35557818867872115
2443,2576625.0,0.35507820364691023
2444,2576685.0,0.35496398760667314
2445,2576745.0,0.35487025358653224
2446,2576805.0,0.35471670840642366
2447,2576865.0,0.3545856083614368
2448,2576925.0,0.35440929181035274
2449,2576985.0,0.3542375043602858
2450,2577045.0,0.35405213647381395
2451,2577105.0,0.35390563805888353
2452,2577165.0,0.3537129577683683
2453,2577225.0,0.35354395958841345
2454,2577285.0,0.3534108551066948
2455,2577345.0,0.3532817497906535
2456,2577405.0,0.35314253533021656
2457,2577465.0,0.3546447673533787
2458,2577525.0,0.35618696604241973
2459,2577585.0,0.35763499265049703
2460,2577645.0,0.3570885874091637
2461,2577705.0,0.3566443250792154
2462,2577765.0,0.3564555945379144
2463,2577825.0,0.35644541177727296
2464,2577885.0,0.35630296728795174
2465,2577945.0,0.35622671593196165
2466,2578005.0,0.3560170997803377
2467,2578065.0,0.355855712967308
2468,2578125.0,0.3557407505776665
2469,2578185.0,0.3555815519443519
2470,2578245.0,0.3555054893396029
2471,2578305.0,0.35542931082956575
2472,2578365.0,0.35523701773804117
2473,2578425.0,0.3550595382311158
2474,2578485.0,0.3548397373937572
2475,2578545.0,0.3546615129715692
2476,2578605.0,0.35451703859943007
2477,2578665.0,0.3560141971140611
2478,2578725.0,0.3575429283634607
2479,2578785.0,0.35907894628458314
2480,2578845.0,0.3604900943770529
2481,2578905.0,0.36005911284887715
2482,2578965.0,0.3597755731562461
2483,2579025.0,0.3595945991864641
2484,2579085.0,0.35952980617903696
2485,2579145.0,0.35942667748619705
2486,2579205.0,0.35937395827835694
2487,2579265.0,0.3592369960004982
2488,2579325.0,0.359177643210289
2489,2579385.0,0.35910986300515424
2490,2579445.0,0.3590269620989147
2491,2579505.0,0.3589752906650573
2492,2579565.0,0.3589420223843346
2493,2579625.0,0.3588875926744167
2494,2579685.0,0.3588344781661037
2495,2579745.0,0.3587688986243035
2496,2579805.0,0.3588712644385339
2497,2579865.0,0.3589524045980488
2498,2579925.0,0.3591298959637613
2499,2579985.0,0.3592825993673032
2500,2580045.0,0.35959533897216023
2501,2580105.0,0.3598860901551887
2502,2580165.0,0.36028341963685906
2503,2580225.0,0.36055364916537713
2504,2580285.0,0.36108515153251075
2505,2580345.0,0.3621629927957317
2506,2580405.0,0.3630490702217172
2507,2580465.0,0.36318963978079466
2508,2580525.0,0.3635556928891307
2509,2580585.0,0.36416068129171963
2510,2580645.0,0.3651446722312405
2511,2580705.0,0.36604392759779536
2512,2580765.0,0.36690794713294117
2513,2580825.0,0.36762247943737225
2514,2580885.0,0.3684779226696
2515,2580945.0,0.36944633651946324
2516,2581005.0,0.37050008119650124
2517,2581065.0,0.3716380414804604
2518,2581125.0,0.37274227726653697
2519,2581185.0,0.37406062383118954
2520,2581248.0,0.3752333549315142
2521,2581305.0,0.3764784643026925
2522,2581365.0,0.3774477171707348
2523,2581425.0,0.37874396697921187
2524,2581485.0,0.3801723142272454
2525,2581545.0,0.38167538580825144
2526,2581605.0,0.38309546632062164
2527,2581665.0,0.38422826734826054
2528,2581725.0,0.38534915223994004
2529,2581785.0,0.3863630937121282
2530,2581845.0,0.38737496593015674
2531,2581905.0,0.38835992682980347
2532,2581965.0,0.3893237421006336
2533,2582025.0,0.3901240001183285
2534,2582085.0,0.3909339454629003
2535,2582145.0,0.39168445232842475
2536,2582205.0,0.3924673549755858
2537,2582265.0,0.39334648707706177
2538,2582325.0,0.3941432040316116
2539,2582385.0,0.3952881684798063
2540,2582445.0,0.39616249443513196
2541,2582505.0,0.39694593688679414
2542,2582565.0,0.39741173986822076
2543,2582625.0,0.39812445307817956
2544,2582685.0,0.3989056717807048
2545,2582745.0,0.3999423445803366
2546,2582805.0,0.4009324508482349
2547,2582865.0,0.40349988516460356
2548,2582925.0,0.4059385904427063
2549,2582985.0,0.40835873023836966
2550,2583045.0,0.4087838329508847
2551,2583108.0,0.4091597437519273
2552,2583165.0,0.40974115785769116
2553,2583225.0,0.4103698284480394
2554,2583285.0,0.41111998283525686
2555,2583345.0,0.41181857549264445
2556,2583405.0,0.4124897197923655
2557,2583465.0,0.4131652929401787
2558,2583525.0,0.4138218977213698
2559,2583585.0,0.41457456510936175
2560,2583645.0,0.4153288115266839
2561,2583705.0,0.41619415424759787
2562,2583765.0,0.4169294889745677
2563,2583825.0,0.41781425063594846
2564,2583885.0,0.41852419499613536
2565,2583945.0,0.4194109755259018
2566,2584005.0,0.4204634120597782
2567,2584065.0,0.4215000262151435
2568,2584125.0,0.4222404320483216
2569,2584185.0,0.4227309742771862
2570,2584248.0,0.42326098731701756
2571,2584305.0,0.4238990634913845
2572,2584365.0,0.42464609917315566
2573,2584425.0,0.42546453727187483
2574,2584485.0,0.4263142710589257
2575,2584545.0,0.42716236447317235
2576,2584605.0,0.4278800920380882
2577,2584668.0,0.42866353344950336
2578,2584725.0,0.4294380435450077
2579,2584785.0,0.4295914085794501
2580,2584845.0,0.4296399342307592
2581,2584905.0,0.4294856804383491
2582,2584965.0,0.42924202615033613
2583,2585025.0,0.42901056632766443
2584,2585085.0,0.4287289733760068
2585,2585148.0,0.42714955306281366
2586,2585205.0,0.4255758846407943
2587,2585265.0,0.42408265451236293
2588,2585325.0,0.4225287288483187
2589,2585385.0,0.4223781062815172
2590,2585445.0,0.4223707564588276
2591,2585505.0,0.42231178682856196
2592,2585565.0,0.4224094786288879
2593,2585625.0,0.4223969289303511
2594,2585685.0,0.4222881851231236
2595,2585745.0,0.4220283993041546
2596,2585805.0,0.4218854006419831
2597,2585865.0,0.4217539922735203
2598,2585925.0,0.4216051471565597
2599,2585985.0,0.4213807602160008
2600,2586045.0,0.4212084883037509
2601,2586105.0,0.420857403551813
2602,2586165.0,0.4206208307439082
2603,2586225.0,0.42037323841854335
2604,2586285.0,0.4201605315296466
2605,2586345.0,0.41998161957586666
2606,2586405.0,0.4198565176979656
2607,2586465.0,0.4196865577114729
2608,2586525.0,0.4194056782749548
2609,2586585.0,0.4191463170184586
2610,2586645.0,0.4189497782830275
2611,2586705.0,0.41853487146776003
2612,2586765.0,0.4181016634967383
2613,2586825.0,0.41746439953538095
2614,2586885.0,0.41686159927196875
2615,2586945.0,0.4164360232525671
2616,2587005.0,0.41598716153949156
2617,2587065.0,0.41571944235950264
2618,2587125.0,0.4154568464258772
2619,2587185.0,0.41545687867505743
2620,2587245.0,0.4156953556279963
2621,2587305.0,0.4165817107562302
2622,2587365.0,0.41763749644734005
2623,2587425.0,0.419035351329599
2624,2587485.0,0.4199360197750778
2625,2587545.0,0.4206407218689494
2626,2587605.0,0.4213719277342661
2627,2587665.0,0.4223299915688562
2628,2587725.0,0.42323809140105095
2629,2587785.0,0.4244571745036009
2630,2587845.0,0.4256689600429945
2631,2587905.0,0.4269121013623195
2632,2587965.0,0.42798698846128314
2633,2588025.0,0.4292317801660114
2634,2588085.0,0.4304478877590049
2635,2588145.0,0.43164200102933614
2636,2588205.0,0.4326253784680262
2637,2588265.0,0.43340292505694167
2638,2588325.0,0.4341010684619572
2639,2588385.0,0.4348530196120185
2640,2588445.0,0.4348615703659978
2641,2588505.0,0.43501458825661543
2642,2588565.0,0.43511207157234777
2643,2588625.0,0.4352121830072334
2644,2588685.0,0.4352495998029161
2645,2588745.0,0.4353600648688368
2646,2588805.0,0.43541265015418673
2647,2588865.0,0.4355753035469052
2648,2588925.0,0.4364069474607647
2649,2588985.0,0.437291937718702
2650,2589045.0,0.4381728023963126
2651,2589105.0,0.43901982980251886
2652,2589165.0,0.4401272472215193
2653,2589225.0,0.4411372079540813
2654,2589285.0,0.4423412457643291
2655,2589345.0,0.44343021158947227
2656,2589405.0,0.4447468298878815
2657,2589465.0,0.4457512403442182
2658,2589525.0,0.44653527246984603
2659,2589585.0,0.4468852656073886
2660,2589645.0,0.4476512583226028
2661,2589705.0,0.4475090326327468
2662,2589765.0,0.44748045413562565
2663,2589825.0,0.44742336146892125
2664,2589885.0,0.44733179925229494
2665,2589945.0,0.44584155810623793
2666,2590005.0,0.4443251573300725
2667,2590065.0,0.44290386155934147
2668,2590125.0,0.4413886625704887
2669,2590185.0,0.43990030880785
2670,2590245.0,0.4398452274310184
2671,2590305.0,0.4398637029605511
2672,2590365.0,0.43982432161799945
2673,2590425.0,0.4397327879385031
2674,2590485.0,0.43998874792662857
2675,2590545.0,0.4400497014827729
2676,2590605.0,0.43990602774573684
2677,2590665.0,0.43963631067325026
2678,2590725.0,0.43950866730427085
2679,2590785.0,0.43929997158045175
2680,2590845.0,0.43914955684535195
2681,2590905.0,0.43900984777697427
2682,2590965.0,0.43892721137499346
2683,2591025.0,0.4388090031611934
2684,2591085.0,0.43852013619222985
2685,2591145.0,0.4375157682438374
2686,2591205.0,0.4368443856426708
2687,2591265.0,0.43679921949160805
2688,2591325.0,0.43659754965922337
2689,2591385.0,0.43617129089412077
2690,2591445.0,0.43599504810279266
2691,2591505.0,0.43579980345414493
2692,2591568.0,0.43544272249122773
2693,2591625.0,0.4352591977081762
2694,2591685.0,0.4351903299759534
2695,2591745.0,0.43507599314498224
2696,2591805.0,0.43502443286695747
2697,2591865.0,0.4348422601276555
2698,2591925.0,0.4347911937787322
2699,2591985.0,0.43455648800392566
2700,2592045.0,0.4343897068369419
2701,2592108.0,0.4340852350440715
2702,2592165.0,0.4341150298689239
2703,2592225.0,0.4338070480327073
2704,2592285.0,0.43309061450508823
2705,2592345.0,0.4324298102439955
2706,2592405.0,0.43176571622714677
2707,2592465.0,0.4314127504830235
2708,2592525.0,0.43088260769110287
2709,2592585.0,0.43001042615399154
2710,2592645.0,0.4287560090729009
2711,2592705.0,0.4277282355808921
2712,2592765.0,0.42661383735838976
2713,2592825.0,0.4257635667785947
2714,2592885.0,0.4233832607083853
2715,2592945.0,0.421013964329223
2716,2593005.0,0.41863218421290715
2717,2593065.0,0.41619966902096694
2718,2593125.0,0.41375301220907257
2719,2593185.0,0.4127323066186527
2720,2593245.0,0.41174309665930997
2721,2593305.0,0.41063077182996544
2722,2593365.0,0.410016027748909
2723,2593425.0,0.4093866753966042
2724,2593485.0,0.4086625232025135
2725,2593545.0,0.4076303285687751
2726,2593605.0,0.4065967706288972
2727,2593665.0,0.40548473596828616
2728,2593725.0,0.4045215285088525
2729,2593785.0,0.40349610533881386
2730,2593845.0,0.40247710457420927
2731,2593905.0,0.40149246503364944
2732,2593965.0,0.40052641244131815
2733,2594025.0,0.399683750544503
2734,2594085.0,0.3987390543691718
2735,2594145.0,0.397952237017863
2736,2594205.0,0.3971420543853853
2737,2594265.0,0.3963832296259989
2738,2594328.0,0.39577526225749016
2739,2594385.0,0.39520002350092887
2740,2594445.0,0.39462907260450786
2741,2594508.0,0.3941320859138382
2742,2594565.0,0.39365367784737226
2743,2594625.0,0.39307235106391436
2744,2594685.0,0.3925908550431694
2745,2594745.0,0.3919723768675071
2746,2594805.0,0.39127980368264415
2747,2594865.0,0.3906546363605946
2748,2594925.0,0.3910651467153873
2749,2594985.0,0.3916429147692434
2750,2595045.0,0.39212806463163086
2751,2595105.0,0.3925192157987206
2752,2595165.0,0.39277383917729736
2753,2595225.0,0.39306739412492464
2754,2595285.0,0.3933573320919155
2755,2595345.0,0.39350985401521277
2756,2595405.0,0.393915794421705
2757,2595468.0,0.3941474919801081
2758,2595525.0,0.3938507752526573
2759,2595585.0,0.393626520246242
2760,2595645.0,0.3935172629539293
2761,2595705.0,0.3935848392470974
2762,2595765.0,0.39226607589565254
2763,2595825.0,0.3909756991890122
2764,2595885.0,0.3897748663529812
2765,2595945.0,0.3899190138092631
2766,2596005.0,0.3899570039403214
2767,2596065.0,0.38989737566581895
2768,2596125.0,0.3915509162619176
2769,2596185.0,0.39163230433875296
2770,2596245.0,0.3914697001013977
2771,2596305.0,0.39130030058851717
2772,2596365.0,0.39100896453782374
2773,2596425.0,0.3909281635125703
2774,2596485.0,0.39088969542023644
2775,2596545.0,0.391201441107634
2776,2596605.0,0.39128915588374313
2777,2596665.0,0.39147314510007536
2778,2596725.0,0.3915827315778341
2779,2596785.0,0.3918805640310131
2780,2596845.0,0.39050357596385143
2781,2596905.0,0.38928155105789697
2782,2596965.0,0.3880421857933998
2783,2597025.0,0.3867891816576784
2784,2597085.0,0.3855006094078032
2785,2597145.0,0.38577032794193344
2786,2597205.0,0.38605255270154404
2787,2597265.0,0.3862540261068932
2788,2597325.0,0.38638990061637557
2789,2597385.0,0.3865144861244696
2790,2597445.0,0.3866966875503052
2791,2597505.0,0.3871660783261751
2792,2597565.0,0.38777237288309585
2793,2597625.0,0.3885574460156396
2794,2597685.0,0.38921036697961
2795,2597745.0,0.38971147058053035
2796,2597805.0,0.3902101742713091
2797,2597865.0,0.3890463948354731
2798,2597925.0,0.3878007283235171
2799,2597985.0,0.3863629059562679
2800,2598045.0,0.3847289515616179
2801,2598105.0,0.3823699908038417
2802,2598165.0,0.3812517090180393
2803,2598225.0,0.38031163456296657
2804,2598285.0,0.3795175590221197
2805,2598345.0,0.3785835118688633
2806,2598405.0,0.37754873935011857
2807,2598465.0,0.37629379339294566
2808,2598525.0,0.37524128020578984
2809,2598585.0,0.37398937896998874
2810,2598645.0,0.3728070193461801
2811,2598705.0,0.37147206187205895
2812,2598765.0,0.3703669167777047
2813,2598825.0,0.3689397955622352
2814,2598885.0,0.3677537761256281
2815,2598945.0,0.36646047650548985
2816,2599005.0,0.36553750852274813
2817,2599065.0,0.3647109729000645
2818,2599125.0,0.3638914605365887
2819,2599185.0,0.3632675921467986
2820,2599245.0,0.3635484732530011
2821,2599305.0,0.36395332167787586
2822,2599365.0,0.3644247059240494
2823,2599425.0,0.3648530895490921
2824,2599485.0,0.3653618399739803
2825,2599545.0,0.36580832346487036
2826,2599605.0,0.3663042700649467
2827,2599665.0,0.36700513053495054
2828,2599725.0,0.3668709937350928
2829,2599785.0,0.3663151239647836
2830,2599845.0,0.36555316093412327
2831,2599905.0,0.36495970851193105
2832,2599965.0,0.362446642407961
2833,2600025.0,0.3599989176575378
2834,2600085.0,0.35743835586165595
2835,2600145.0,0.35497064005346346
2836,2600205.0,0.3521430347855924
2837,2600265.0,0.349507010711427
2838,2600325.0,0.34886061936028845
2839,2600385.0,0.34853323372008393
2840,2600445.0,0.3477547438579194
2841,2600505.0,0.34776480161800605
2842,2600565.0,0.3477520434400747
2843,2600625.0,0.34775121264422515
2844,2600685.0,0.34780726006121643
2845,2600745.0,0.34931323949510584
2846,2600808.0,0.3508177528657713
2847,2600865.0,0.3525037362842419
2848,2600925.0,0.3524704225244625
2849,2600985.0,0.35246656152741296
2850,2601045.0,0.35105739911712586
2851,2601105.0,0.34955739518296025
2852,2601165.0,0.34813751437010476
2853,2601225.0,0.3487325188336742
2854,2601285.0,0.3485876782774078
2855,2601345.0,0.348408293591128
2856,2601405.0,0.34831047481367794
2857,2601465.0,0.3484133005632556
2858,2601525.0,0.3483634472589685
2859,2601585.0,0.3483164890212137
2860,2601645.0,0.3482325497843791
2861,2601705.0,0.34649408609962984
2862,2601765.0,0.3445406916437589
2863,2601825.0,0.3427877279295012
2864,2601885.0,0.3410179074306494
2865,2601945.0,0.34198473783219197
2866,2602005.0,0.34207884518536613
2867,2602065.0,0.3420027107413356
2868,2602125.0,0.341721531872883
2869,2602185.0,0.3414254830339597
2870,2602245.0,0.3406981570120704
2871,2602305.0,0.34012675324104225
2872,2602365.0,0.3395467450944566
2873,2602425.0,0.33732693662482593
2874,2602485.0,0.3348695691028184
2875,2602545.0,0.3323820372038653
2876,2602605.0,0.32986460182776023
2877,2602665.0,0.3273889386251897
2878,2602725.0,0.32701598085517913
2879,2602785.0,0.3260905192802631
2880,2602845.0,0.3250161619630815
2881,2602905.0,0.323899938031442
2882,2602965.0,0.3227029301248524
2883,2603025.0,0.32180308667537094
2884,2603085.0,0.32146991914138046
2885,2603145.0,0.320910245691734
2886,2603205.0,0.3188907131669897
2887,2603265.0,0.31662132385820363
2888,2603325.0,0.3144754322065778
2889,2603385.0,0.3128043682076963
2890,2603445.0,0.3114769015411568
2891,2603505.0,0.31208276484831354
2892,2603565.0,0.31221483164101216
2893,2603625.0,0.3120826093829223
2894,2603685.0,0.31337314086992685
2895,2603745.0,0.3147305099846066
2896,2603805.0,0.31610651079188756
2897,2603865.0,0.3175248656588959
2898,2603925.0,0.3190027402072543
2899,2603985.0,0.31727603594559073
2900,2604045.0,0.31569303248888414
2901,2604105.0,0.3144810899329441
2902,2604165.0,0.3130494954448092
2903,2604225.0,0.3113449898579367
2904,2604285.0,0.3116021421252828
2905,2604345.0,0.311497128431921
2906,2604405.0,0.3113846043099836
2907,2604465.0,0.3113220637255234
2908,2604525.0,0.3112780178176575
2909,2604585.0,0.31128951652099823
2910,2604645.0,0.31146851495414984
2911,2604705.0,0.311581826279657
2912,2604765.0,0.3101380234202511
2913,2604825.0,0.3086497636229064
2914,2604885.0,0.30729138518048915
2915,2604945.0,0.30591682718245383
2916,2605005.0,0.30451430478770625
2917,2605065.0,0.30456602986767267
2918,2605125.0,0.3042032585773412
2919,2605185.0,0.3037604433068578
2920,2605245.0,0.30336142449298775
2921,2605305.0,0.30294521426671117
2922,2605365.0,0.3026967112896214
2923,2605425.0,0.30240476983490205
2924,2605485.0,0.3022932505666368
2925,2605545.0,0.300410014884825
2926,2605605.0,0.2984932841503193
2927,2605665.0,0.2965994586876701
2928,2605725.0,0.2939354106090565
2929,2605785.0,0.2913541161005574
2930,2605845.0,0.2908991026545753
2931,2605905.0,0.2899342201515944
2932,2605965.0,0.2888565658942974
2933,2606025.0,0.2876978536314352
2934,2606085.0,0.2865161174350507
2935,2606145.0,0.2856038795463852
2936,2606205.0,0.28450427614514784
2937,2606265.0,0.2818408110044869
2938,2606325.0,0.27972145905884294
2939,2606385.0,0.27821758340057556
2940,2606445.0,0.2788907147178803
2941,2606505.0,0.2794104299287793
2942,2606565.0,0.2809704567558221
2943,2606625.0,0.282338574883215
2944,2606685.0,0.2836361257674572
2945,2606745.0,0.28493417222778983
2946,2606805.0,0.2864468527846431
2947,2606865.0,0.28643037876478583
2948,2606925.0,0.2847260043797549
2949,2606985.0,0.2832101716084128
2950,2607045.0,0.2818385390590774
2951,2607105.0,0.28046628316124345
2952,2607165.0,0.28065788917691703
2953,2607225.0,0.28048660108474444
2954,2607285.0,0.28037556281118836
2955,2607345.0,0.2802025053611924
2956,2607405.0,0.280318860468008
2957,2607465.0,0.2781200798589175
2958,2607525.0,0.27593392455502486
2959,2607585.0,0.2736944656548147
2960,2607645.0,0.2731009463647178
2961,2607705.0,0.27247429053510175
2962,2607765.0,0.27174702213829405
2963,2607825.0,0.2710582144891577
2964,2607885.0,0.27040794954687375
2965,2607945.0,0.2681637194475114
2966,2608005.0,0.2659237907832961
2967,2608065.0,0.2638146066073356
2968,2608125.0,0.2617858455933081
2969,2608185.0,0.2597554155297397
2970,2608245.0,0.2576635657290598
2971,2608305.0,0.25568570274257796
2972,2608365.0,0.2536215123475425
2973,2608425.0,0.25156224706925456
2974,2608485.0,0.24974410908457492
2975,2608545.0,0.24801555305666348
2976,2608605.0,0.24625701965055377
2977,2608665.0,0.24600281421885054
2978,2608728.0,0.2458387264427276
2979,2608785.0,0.2456119622273207
2980,2608845.0,0.24535499581661893
2981,2608905.0,0.24521446740061317
2982,2608965.0,0.2437037209540758
2983,2609025.0,0.24163623810935045
2984,2609085.0,0.2399148029131791
2985,2609145.0,0.23856757015203642
2986,2609205.0,0.2372978040760216
2987,2609265.0,0.23591454642808138
2988,2609325.0,0.234383462178592
2989,2609385.0,0.2327762652822156
2990,2609445.0,0.23114380372390134
2991,2609505.0,0.22955558248297872
2992,2609565.0,0.2277966479096825
2993,2609625.0,0.2261719968626538
2994,2609685.0,0.22462380549653962
2995,2609745.0,0.2233368805083166
2996,2609805.0,0.2218152427586987
2997,2609865.0,0.2203109585792893
2998,2609925.0,0.2208615102110615
2999,2609985.0,0.22088850283287956
3000,2610045.0,0.2204464394902718
3001,2610105.0,0.2198384110163624
3002,2610165.0,0.21917192792465953
3003,2610225.0,0.21872855972483699
3004,2610285.0,0.21656484230694964
3005,2610345.0,0.2143867704621931
3006,2610405.0,0.21360968282545026
3007,2610465.0,0.2134704950949136
3008,2610525.0,0.21306302103162447
3009,2610585.0,0.21290471745867204
3010,2610645.0,0.21295066125218107
3011,2610705.0,0.21284346005861002
3012,2610765.0,0.21270201387641255
3013,2610825.0,0.21269921059030952
3014,2610885.0,0.21277251502534403
3015,2610945.0,0.2131179465029757
3016,2611005.0,0.21298038185609677
3017,2611068.0,0.2128296731677549
3018,2611125.0,0.21091633580542365
3019,2611185.0,0.20911295856594628
3020,2611248.0,0.20749197515468767
3021,2611305.0,0.20585787273446068
3022,2611365.0,0.20431888893814718
3023,2611425.0,0.20270488013930807
3024,2611485.0,0.20109408146332933
3025,2611545.0,0.19942411153443138
3026,2611605.0,0.19776269586205134
3027,2611665.0,0.19585071920965177
3028,2611725.0,0.19573016076844998
3029,2611785.0,0.19564213507948444
3030,2611845.0,0.19554471688581035
3031,2611905.0,0.19539770011580002
3032,2611965.0,0.19521360828903475
3033,2612025.0,0.19307874530548932
3034,2612085.0,0.19135652095008707
3035,2612145.0,0.189819600855502
3036,2612205.0,0.1882812933884365
3037,2612265.0,0.18671233034869852
3038,2612325.0,0.18507507098533524
3039,2612385.0,0.18344182159556963
3040,2612445.0,0.18124603203220732
3041,2612505.0,0.1807150410707876
3042,2612565.0,0.18024060421050334
3043,2612625.0,0.1797086449587019
3044,2612685.0,0.17909572654595698
3045,2612745.0,0.17585918562742522
3046,2612805.0,0.17337735308486243
3047,2612865.0,0.17121135993696626
3048,2612925.0,0.1691380838063463
3049,2612985.0,0.16704065449126007
3050,2613045.0,0.1647881059566321
3051,2613105.0,0.16282284625627755
3052,2613165.0,0.1609680699885542
3053,2613225.0,0.16069088995368788
3054,2613285.0,0.16046108369859582
3055,2613345.0,0.16033875202098016
3056,2613405.0,0.16014463499764756
3057,2613465.0,0.15988688911763502
3058,2613525.0,0.1573899853724056
3059,2613585.0,0.15548708055088126
3060,2613645.0,0.1538711732967529
3061,2613705.0,0.1523009098488393
3062,2613765.0,0.15066241845089104
3063,2613825.0,0.1489978958064235
3064,2613885.0,0.14720237366669
3065,2613948.0,0.14556926309481824
3066,2614005.0,0.1453979269329775
3067,2614065.0,0.14532906791981462
3068,2614125.0,0.14524318658496174
3069,2614185.0,0.1451021418486466
3070,2614245.0,0.14494137955560485
3071,2614305.0,0.1427087236431119
3072,2614365.0,0.1410434672561698
3073,2614425.0,0.1395838082721018
3074,2614485.0,0.13816389773891516
3075,2614545.0,0.1366889436503382
3076,2614605.0,0.13514127622143093
3077,2614665.0,0.1336047304865066
3078,2614725.0,0.1320782191974618
3079,2614785.0,0.13198353656475828
3080,2614845.0,0.131961908459127
3081,2614905.0,0.13179398397255473
3082,2614965.0,0.13168793090158906
3083,2615025.0,0.1315950896299092
3084,2615085.0,0.1295930137449711
3085,2615145.0,0.1275712588170634
3086,2615205.0,0.12557657403112313
3087,2615265.0,0.12359882711005679
3088,2615325.0,0.12157638101614823
3089,2615385.0,0.1195287696286921
3090,2615445.0,0.11729875074936177
3091,2615505.0,0.11516742452531245
3092,2615565.0,0.11458923393070555
3093,2615625.0,0.11404249697695676
3094,2615685.0,0.1134508511822939
3095,2615745.0,0.1127533185194968
3096,2615805.0,0.11251238801838456
3097,2615865.0,0.1107049396582391
3098,2615925.0,0.10915752894533678
3099,2615985.0,0.10763414107746413
3100,2616045.0,0.10610399121226285
3101,2616105.0,0.10453851346178614
3102,2616165.0,0.10285199058902664
3103,2616225.0,0.10120095784821018
3104,2616285.0,0.09935741554639613
3105,2616345.0,0.09930019911864688
3106,2616405.0,0.09926690364949534
3107,2616465.0,0.09920863828317175
3108,2616525.0,0.09910098125113972
3109,2616585.0,0.09849574754794202
3110,2616645.0,0.09584279306207652
3111,2616705.0,0.09367453008343227
3112,2616765.0,0.09162758703153631
3113,2616825.0,0.0895642704725276
3114,2616885.0,0.087465280382959
3115,2616945.0,0.08523810085528935
3116,2617005.0,0.083024504498562
3117,2617065.0,0.08253944224894608
3118,2617125.0,0.0820445359542725
3119,2617185.0,0.0815048918566709
3120,2617245.0,0.07882978327931131
3121,2617305.0,0.07628472216151719
3122,2617365.0,0.07412972570731122
3123,2617425.0,0.07215983480509672
3124,2617485.0,0.0702413441608151
3125,2617545.0,0.06823851341661971
3126,2617605.0,0.06615111956213707
3127,2617665.0,0.0656602296432596
3128,2617725.0,0.06516810323010866
3129,2617785.0,0.06462477822547055
3130,2617845.0,0.06405026143485723
3131,2617905.0,0.06350381062104396
3132,2617965.0,0.06137594011783626
3133,2618025.0,0.05945004959830383
3134,2618085.0,0.05751971394606034
3135,2618145.0,0.05551858524826908
3136,2618205.0,0.053324589630164426
3137,2618265.0,0.053339544662166255
3138,2618325.0,0.05335933585541405
3139,2618385.0,0.053385212044108815
3140,2618445.0,0.05341054340348214
3141,2618505.0,0.05346044122284857
3142,2618565.0,0.05351767287186318
3143,2618625.0,0.0535809895163247
3144,2618685.0,0.05364087800929948
3145,2618745.0,0.053697179175229315
3146,2618805.0,0.05374755452127036
3147,2618865.0,0.05379434254026641
3148,2618925.0,0.05384183456414213
3149,2618985.0,0.05388753292449536
3150,2619045.0,0.05392676063563831
3151,2619105.0,0.053704792189901956
3152,2619165.0,0.05350734604153476
3153,2619225.0,0.05327156007329659
3154,2619285.0,0.05292406765834676
3155,2619345.0,0.052493133935083786
3156,2619405.0,0.05208191758455438
3157,2619465.0,0.05170356996451181
3158,2619525.0,0.05131907859452231
3159,2619585.0,0.05092537346544432
3160,2619645.0,0.05052780498232662
3161,2619705.0,0.050100737986624816
3162,2619765.0,0.049659041015637756
3163,2619825.0,0.049200530355386685
3164,2619885.0,0.04873102006909205
3165,2619945.0,0.04826913320093809
3166,2620005.0,0.0478090498665035
3167,2620065.0,0.04735117094616595
3168,2620125.0,0.0468932052207022
3169,2620185.0,0.046418552268971625
3170,2620245.0,0.04597027347590191
3171,2620305.0,0.04552006060494687
3172,2620365.0,0.04518405396172434
3173,2620425.0,0.044870351803808106
3174,2620485.0,0.04428355357267735
3175,2620545.0,0.043583574743917886
3176,2620605.0,0.04294219438470551
3177,2620665.0,0.042389968555926416
3178,2620725.0,0.03983958170487578
3179,2620785.0,0.03759953285786863
3180,2620845.0,0.03561586903466038
3181,2620905.0,0.03360073635495306
3182,2620965.0,0.03160291253670247
3183,2621025.0,0.02943831829089283
3184,2621085.0,0.028973651650860105
3185,2621145.0,0.028557899367364276
3186,2621205.0,0.02673977301600819
3187,2621265.0,0.02401018371302474
3188,2621325.0,0.02169273747803324
3189,2621385.0,0.01953070173808033
3190,2621445.0,0.01734797340415109
3191,2621505.0,0.015144059809475113
3192,2621565.0,0.014687608130179497
3193,2621625.0,0.014112099983178111
3194,2621685.0,0.013381802094691114
3195,2621745.0,0.012404253988942626
3196,2621805.0,0.011994691468512508
3197,2621865.0,0.011649339719621843
3198,2621925.0,0.011336190032368132
3199,2621985.0,0.01097858308427721
3200,2622048.0,0.010583506368267548
3201,2622105.0,0.010234667240406475
3202,2622165.0,0.009815394546078604
3203,2622225.0,0.009458794709208046
3204,2622285.0,0.009056749133263903
3205,2622345.0,0.008709524269852442
3206,2622405.0,0.008316586567873957
3207,2622465.0,0.007974204662442697
3208,2622525.0,0.007565291806942459
3209,2622585.0,0.007141143401201339
3210,2622645.0,0.0067284861006483565
3211,2622705.0,0.0063101557495891525
3212,2622765.0,0.005899865077072269
3213,2622825.0,0.005484953616302385
3214,2622885.0,0.005073962599630666
3215,2622945.0,0.004656893924652322
3216,2623005.0,0.004237846581696458
3217,2623065.0,0.003810662548017457
3218,2623125.0,0.0033981951322558657
3219,2623185.0,0.0029842961929532064
3220,2623245.0,0.002984926487039713
3221,2623305.0,0.0029945250987384597
3222,2623365.0,0.0030137960329292
3223,2623425.0,0.00304273928961199
3224,2623485.0,0.003079561205264092
3225,2623545.0,0.003120674452840838
3226,2623608.0,0.0031612428710961205
3227,2623665.0,0.003198927967186155
3228,2623725.0,0.0032378618974770734
3229,2623785.0,0.003283425652536448
3230,2623845.0,0.0033266509147520384
3231,2623905.0,0.0030489445015970673
3232,2623965.0,0.0028258673820710234
3233,2624025.0,0.002615898140548495
3234,2624085.0,0.0023462710793164254
3235,2624145.0,0.0019421347862103033
3236,2624205.0,0.0015375321854975421
3237,2624265.0,0.001176490859836371
3238,2624325.0,0.0008645613288671694
3239,2624385.0,0.0005447689747627438
3240,2624445.0,0.0001805403709987663
3241,2624505.0,-0.0001929570178987039
3242,2624565.0,-0.0005761239461321288
3243,2624625.0,-0.0009722170800199603
3244,2624685.0,-0.001385574642162768
3245,2624745.0,-0.0018021552026048215
3246,2624805.0,-0.002226766887168219
3247,2624865.0,-0.00265110154015033
3248,2624925.0,-0.0030772829193590756
3249,2624985.0,-0.0035009044432423864
3250,2625045.0,-0.003934658825592713
3251,2625108.0,-0.004375727920179817
3252,2625165.0,-0.004817755086697656
3253,2625225.0,-0.005266071114167992
3254,2625285.0,-0.005713488527486321
3255,2625345.0,-0.006137547847459818
3256,2625408.0,-0.006553873065340582
3257,2625465.0,-0.007017159590421124
3258,2625525.0,-0.00747546171191113
3259,2625585.0,-0.007932882192344864
3260,2625645.0,-0.008378820835457351
3261,2625705.0,-0.008828609953527272
3262,2625765.0,-0.009281778030662602
3263,2625825.0,-0.009734484171814412
3264,2625885.0,-0.010188168492967026
3265,2625945.0,-0.010196506516492843
3266,2626005.0,-0.010194627388205396
3267,2626065.0,-0.010182531108104492
3268,2626128.0,-0.010157175178466732
3269,2626185.0,-0.010120353262814602
3270,2626245.0,-0.010071520531826555
3271,2626305.0,-0.01002198379595895
3272,2626365.0,-0.009974785552935156
3273,2626425.0,-0.009933513129800259
3274,2626485.0,-0.00989457919950923
3275,2626545.0,-0.009842385619681343
3276,2626605.0,-0.010172370361661326
3277,2626668.0,-0.010439177407945227
3278,2626725.0,-0.010677820747687167
3279,2626785.0,-0.010931388387363655
3280,2626845.0,-0.01127554287623131
3281,2626905.0,-0.011674367870172925
3282,2626965.0,-0.012098247953967883
3283,2627025.0,-0.012516172538446085
3284,2627085.0,-0.01295208147254373
3285,2627145.0,-0.013395505264503477
3286,2627205.0,-0.013870393264422326
3287,2627265.0,-0.014388337111273825
3288,2627325.0,-0.01491134203580835
3289,2627385.0,-0.014917115088285277
3290,2627445.0,-0.01491446465247126
3291,2627505.0,-0.014903935557687875
3292,2627565.0,-0.014881940476889899
3293,2627625.0,-0.01484255359018874
3294,2627685.0,-0.014791700717473155
3295,2627745.0,-0.014734762849310662
3296,2627805.0,-0.014680708303313389
3297,2627865.0,-0.014632034747883466
3298,2627925.0,-0.014589287012342467
3299,2627985.0,-0.014550671433167878
3300,2628045.0,-0.014510807019792155
3301,2628105.0,-0.014481000582671738
3302,2628165.0,-0.014441521823059217
3303,2628225.0,-0.014411556210380566
3304,2628285.0,-0.014385722754068242
3305,2628345.0,-0.014369402444689788
3306,2628405.0,-0.014362595282245011
3307,2628465.0,-0.014354539285599266
3308,2628525.0,-0.014340398293506501
3309,2628585.0,-0.014315495320278815
3310,2628645.0,-0.014283417692961403
3311,2628705.0,-0.014246503904397856
3312,2628765.0,-0.01420834128163348
3313,2628825.0,-0.014172517151712888
3314,2628885.0,-0.014136693021792185
3315,2628945.0,-0.014104456218916567
3316,2629005.0,-0.014078690065251115
3317,2629065.0,-0.01405884973147456
3318,2629125.0,-0.014041892719863308
3319,2629185.0,-0.014026729371774571
3320,2629245.0,-0.014010317189484728
3321,2629305.0,-0.01399624350003889
3322,2629365.0,-0.013980920976391947
3323,2629425.0,-0.013963804789222517
3324,2629485.0,-0.013943101275008113
3325,2629545.0,-0.013919355263070282
3326,2629605.0,-0.013896154080453915
3327,2629665.0,-0.013872952897837493
3328,2629725.0,-0.013849751715221098
3329,2629785.0,-0.013825301698403653
3330,2629845.0,-0.013802645345108694
3331,2629905.0,-0.013782327484657492
3332,2629965.0,-0.013766141780572866
3333,2630025.0,-0.013748162412965753
3334,2630085.0,-0.01373072787467991
3335,2630145.0,-0.013711499672871691
3336,2630205.0,-0.01369460996390734
3337,2630265.0,-0.013679513918465419
3338,2630325.0,-0.013666211536546041
3339,2630385.0,-0.013655792476791967
3340,2630445.0,-0.013647167080560352
3341,2630505.0,-0.013635499186605199
3342,2630565.0,-0.013626169785493997
3343,2630625.0,-0.01361325305733782
3344,2630685.0,-0.013598542665659269
3345,2630745.0,-0.01358258343977961
3346,2630805.0,-0.013564830550377494
3347,2630865.0,-0.013545828826774298
3348,2630925.0,-0.013525033439648754
3349,2630985.0,-0.013503693223201607
3350,2631045.0,-0.013484691499598356
3351,2631105.0,-0.01346748343951773
3352,2631165.0,-0.013452613872280916
3353,2631225.0,-0.013439537968566617
3354,2631288.0,-0.01342700689417381
3355,2631345.0,-0.013416269483303295
3356,2631405.0,-0.013406076901754299
3357,2631465.0,-0.013397677983727735
3358,2631525.0,-0.013389823895022634
3359,2631585.0,-0.013384308299161346
3360,2631645.0,-0.013379337532621632
3361,2631705.0,-0.013372573102559349
3362,2631765.0,-0.013364015008974661
3363,2631825.0,-0.013353663251867542
3364,2631885.0,-0.013339724167715422
3365,2631945.0,-0.013325785083563357
3366,2632005.0,-0.01331418449225516
3367,2632065.0,-0.013302039071625443
3368,2632125.0,-0.013290438480317246
3369,2632185.0,-0.01327704422548659
3370,2632245.0,-0.013265443634178392
3371,2632305.0,-0.013254387872191603
3372,2632365.0,-0.013245125773727245
3373,2632425.0,-0.013239451002307945
3374,2632485.0,-0.0132361147237324
3375,2632545.0,-0.013235661767322299
3376,2632605.0,-0.013233415147389599
3377,2632665.0,-0.013231713356778502
3378,2632725.0,-0.013228217902644862
3379,2632785.0,-0.0132223839556673
3380,2632848.0,-0.01321350751096631
3381,2632905.0,-0.013206424729787697
3382,2632965.0,-0.013198797119287647
3383,2633025.0,-0.013191714338109034
3384,2633085.0,-0.013184631556930587
3385,2633145.0,-0.013177548775751974
3386,2633205.0,-0.013168672331050929
3387,2633265.0,-0.013159795886349884
3388,2633325.0,-0.013149125778126436
3389,2633385.0,-0.013138455669902904
3390,2633445.0,-0.0131277855616794
3391,2633505.0,-0.013118909116978356
3392,2633565.0,-0.013110577501598775
3393,2633625.0,-0.013104039549741597
3394,2633685.0,-0.013098046427205856
3395,2633745.0,-0.013092053304670115
3396,2633805.0,-0.013086060182134374
3397,2633865.0,-0.013081860723121036
3398,2633925.0,-0.013077661264107782
3399,2633985.0,-0.013075255468616986
3400,2634045.0,-0.013074643336648623
3401,2634105.0,-0.013074576034001723
3402,2634165.0,-0.013072715067832391
3403,2634225.0,-0.013067266774618141
3404,2634285.0,-0.013060024817881405
3405,2634345.0,-0.01304919553409975
3406,2634405.0,-0.01303657258679558
3407,2634465.0,-0.013025198473692406
3408,2634525.0,-0.013017956516955753
3409,2634585.0,-0.013010714560218933
3410,2634645.0,-0.013005266267004684
3411,2634705.0,-0.013000362803111815
3412,2634765.0,-0.012995459339218945
3413,2634825.0,-0.01298876221180359
3414,2634888.0,-0.01297075827393207
3415,2634945.0,-0.012953458340940027
3416,2635005.0,-0.01294333306203796
3417,2635065.0,-0.01294396976427073
3418,2635125.0,-0.012957162111160686
3419,2635185.0,-0.012974486614417052
3420,2635245.0,-0.012986430127105958
3421,2635305.0,-0.012989405322182596
3422,2635365.0,-0.012982322541004038
3423,2635425.0,-0.012968769110615147
3424,2635485.0,-0.012954126021583495
3425,2635545.0,-0.012935895605506786
3426,2635605.0,-0.012919458852952564
3427,2635665.0,-0.012901228436875856
3428,2635725.0,-0.01288533651364318
3429,2635785.0,-0.01287123825393291
3430,2635845.0,-0.012860727321267612
3431,2635905.0,-0.012852554881446127
3432,2635965.0,-0.012846176105147183
3433,2636025.0,-0.012840342158169593
3434,2636085.0,-0.012836846704035981
3435,2636145.0,-0.012835144913424829
3436,2636205.0,-0.012833987952135112
3437,2636265.0,-0.012831582156644233
3438,2636325.0,-0.01282917636115341
3439,2636385.0,-0.01282318323861767
3440,2636445.0,-0.012814851623238116
3441,2636505.0,-0.012804726344335965
3442,2636565.0,-0.012792807401911466
3443,2636625.0,-0.012780888459486883
3444,2636685.0,-0.012767720682861278
3445,2636745.0,-0.01275814023328059
3446,2636805.0,-0.01275035344722239
3447,2636865.0,-0.012744905154008085
3448,2636928.0,-0.012741250524316294
3449,2636985.0,-0.012737595894624504
3450,2637048.0,-0.01273627975777658
3451,2637105.0,-0.012734963620928658
3452,2637165.0,-0.01273364748408079
3453,2637225.0,-0.01273053768371038
3454,2637285.0,-0.012726179049138836
3455,2637345.0,-0.012723069248768426
3456,2637405.0,-0.012720504277719452
3457,2637465.0,-0.01271793930667045
3458,2637525.0,-0.012715374335621393
3459,2637585.0,-0.012711015701050016
3460,2637645.0,-0.012705408232277532
3461,2637705.0,-0.012701049597706099
3462,2637765.0,-0.012697235792456102
3463,2637825.0,-0.01269342198720616
3464,2637885.0,-0.012689608181956163
3465,2637945.0,-0.012684000713183735
3466,2638005.0,-0.012676599580888764
3467,2638065.0,-0.012667404785071418
3468,2638125.0,-0.01266000365277642
3469,2638185.0,-0.012654396184004019
3470,2638245.0,-0.012650582378754022
3471,2638305.0,-0.012646768573504025
3472,2638365.0,-0.012644748431776487
3473,2638425.0,-0.012645066782892872
3474,2638485.0,-0.012647178797531605
3475,2638545.0,-0.01265108447569288
3476,2638605.0,-0.01265140282680935
3477,2638665.0,-0.0126504723437246
3478,2638725.0,-0.01264774819711742
3479,2638785.0,-0.012643230386987864
3480,2638845.0,-0.01263816774753676
3481,2638905.0,-0.012631856273884717
3482,2638965.0,-0.012624999970911155
3483,2639025.0,-0.012618143667937731
3484,2639085.0,-0.012613081028486572
3485,2639145.0,-0.012608563218356988
3486,2639205.0,-0.012604045408227321
3487,2639265.0,-0.012601321261620141
3488,2639325.0,-0.012600390778535447
3489,2639385.0,-0.012599460295450782
3490,2639445.0,-0.012600868305209983
3491,2639505.0,-0.0126040699784917
3492,2639565.0,-0.012607271651773416
3493,2639625.0,-0.012610473325055133
3494,2639685.0,-0.012621394481748066
3495,2639745.0,-0.012636288619249286
3496,2639805.0,-0.012641669609816691
3497,2639865.0,-0.012639875946294205
3498,2639925.0,-0.012628569135837958
3499,2639985.0,-0.012605955514925465
3500,2640045.0,-0.012583341894012973
3501,2640105.0,-0.012561977107301586
3502,2640165.0,-0.012550125467523765
3503,2640225.0,-0.012551215126166748
3504,2640285.0,-0.012562362761064788
3505,2640345.0,-0.012578187381650646
3506,2640405.0,-0.012592218338713962
3507,2640465.0,-0.012605000461576338
3508,2640525.0,-0.01261419525739374
3509,2640585.0,-0.012621051560367247
3510,2640645.0,-0.012626114199818406
3511,2640705.0,-0.012630632009947934
3512,2640765.0,-0.012642869303488874
3513,2640825.0,-0.012655651426351278
3514,2640885.0,-0.012664846222168596
3515,2640945.0,-0.012670453690941025
3516,2641005.0,-0.012664754349257373
3517,2641065.0,-0.012651880353483663
3518,2641125.0,-0.01263721269418755
3519,2641185.0,-0.012625042703293426
3520,2641245.0,-0.01262059219581077
3521,2641305.0,-0.012626744493904635
3522,2641365.0,-0.012635780114163941
3523,2641425.0,-0.012647154227267005
3524,2641485.0,-0.01265673467684772
3525,2641545.0,-0.012666315126428462
3526,2641605.0,-0.012677144410210145
3527,2641665.0,-0.012696942011604123
3528,2641725.0,-0.012721416598686003
3529,2641785.0,-0.012739261360999427
3530,2641845.0,-0.012751180303423898
3531,2641905.0,-0.012755379762437208
3532,2641965.0,-0.012751859738039023
3533,2642025.0,-0.012741165059551168
3534,2642085.0,-0.012729925551741766
3535,2642145.0,-0.012721728541655986
3536,2642205.0,-0.012723589507825234
3537,2642265.0,-0.012733714786727468
3538,2642325.0,-0.012746723387794895
3539,2642385.0,-0.01275559983249594
3540,2642445.0,-0.012764476277196929
3541,2642505.0,-0.012776940048942836
3542,2642565.0,-0.012785816493643909
3543,2642625.0,-0.012794692938344843
3544,2642685.0,-0.012803569383046026
3545,2642745.0,-0.012810107334903093
3546,2642805.0,-0.01281610045743889
3547,2642865.0,-0.012822638409296067
3548,2642925.0,-0.012832763688198107
3549,2642985.0,-0.012842888967100202
3550,2643045.0,-0.01285067575315843
3551,2643105.0,-0.01285846253921663
3552,2643165.0,-0.012864455661752372
3553,2643225.0,-0.012870448784288113
3554,2643285.0,-0.012872309750457472
3555,2643345.0,-0.012873625887305423
3556,2643405.0,-0.012874942024153374
3557,2643465.0,-0.012875713331679861
3558,2643525.0,-0.012874690975683917
3559,2643585.0,-0.01287421344900938
3560,2643645.0,-0.012875529585857304
3561,2643705.0,-0.012878639386227686
3562,2643765.0,-0.012883542850120555
3563,2643825.0,-0.012890239977535911
3564,2643885.0,-0.01289693710495124
3565,2643945.0,-0.012903634232366595
3566,2644005.0,-0.012912669852625819
3567,2644065.0,-0.012921705472885042
3568,2644125.0,-0.01293253475666667
3569,2644185.0,-0.012943364040448407
3570,2644245.0,-0.012954193324230062
3571,2644305.0,-0.012961435280966715
3572,2644365.0,-0.01296867723770348
3573,2644425.0,-0.012972331867395326
3574,2644485.0,-0.012974896838444244
3575,2644545.0,-0.012975668145970842
3576,2644605.0,-0.01297643945349744
3577,2644665.0,-0.012975961926822877
3578,2644725.0,-0.012976733234349364
3579,2644785.0,-0.01297929820539842
3580,2644845.0,-0.012981863176447311
3581,2644905.0,-0.012984428147496313
3582,2644965.0,-0.012990580445590233
3583,2645025.0,-0.013012171710506754
3584,2645085.0,-0.013033058970543604
3585,2645145.0,-0.013050358903535647
3586,2645205.0,-0.013060484182437743
3587,2645265.0,-0.013063434807249946
3588,2645325.0,-0.013064046939218227
3589,2645385.0,-0.013066452734709105
3590,2645445.0,-0.013064726373833574
3591,2645505.0,-0.013055825358867984
3592,2645565.0,-0.013046379514581125
3593,2645625.0,-0.013042314660861615
3594,2645685.0,-0.01304776295407592
3595,2645745.0,-0.013062020389344314
3596,2645805.0,-0.013076822653934311
3597,2645865.0,-0.013093963411368065
3598,2645925.0,-0.013106972012435464
3599,2645985.0,-0.013129493760436733
3600,2646045.0,-0.013152560337759328
3601,2646105.0,-0.012589253956839935
3602,2646165.0,-0.012173757323411971
3603,2646225.0,-0.0118420570001537
3604,2646285.0,-0.011446859488002475
3605,2646345.0,-0.011023324982956995
3606,2646405.0,-0.01057600169351089
3607,2646465.0,-0.010145462934409766
3608,2646525.0,-0.00973871812063773
3609,2646585.0,-0.00934332259644069
3610,2646645.0,-0.008922031946908354
3611,2646705.0,-0.008465515724757317
3612,2646765.0,-0.007977467116603104
3613,2646825.0,-0.007472272278796571
3614,2646885.0,-0.006959489167953997
3615,2646945.0,-0.006431322669948419
3616,2647005.0,-0.005860704816820023
3617,2647065.0,-0.005292502905502483
3618,2647125.0,-0.00471758438193054
3619,2647185.0,-0.00413979998207889
3620,2647245.0,-0.003580650644392558
3621,2647305.0,-0.003019707858136461
3622,2647365.0,-0.002472060152002714
3623,2647425.0,-0.0019518043687936082
3624,2647485.0,-0.0014242004989712675
3625,2647545.0,-0.0009002556298059738
3626,2647605.0,-0.0003794652110491459
3627,2647665.0,0.00015652736619603536
3628,2647725.0,0.0006790715163839389
3629,2647785.0,0.0011836487484780112
3630,2647845.0,0.0017022528401932635
3631,2647905.0,0.0022096917960659768
3632,2647965.0,0.002741598381170468
3633,2648025.0,0.0032500582664807542
3634,2648085.0,0.0037533511132780417
3635,2648145.0,0.004246411242128739
3636,2648205.0,0.004740795433348849
3637,2648265.0,0.005223864839053294
3638,2648325.0,0.005709321582545196
3639,2648385.0,0.00618440051392935
3640,2648445.0,0.006669997393618926
3641,2648505.0,0.007186944451535476
3642,2648565.0,0.007703939494025647
3643,2648625.0,0.008215818624414034
3644,2648685.0,0.00873391696210779
3645,2648745.0,0.009269411690424612
3646,2648805.0,0.009826610504513417
3647,2648865.0,0.010364277945818096
3648,2648925.0,0.01090644008381289
3649,2648985.0,0.011456418551082953
3650,2649045.0,0.012002882142722743
3651,2649105.0,0.01256418402940343
3652,2649165.0,0.013110484898265329
3653,2649225.0,0.013645928643352817
3654,2649288.0,0.014195745309811297
3655,2649345.0,0.014728276711502508
3656,2649405.0,0.015277318933705236
3657,2649465.0,0.015843330674782247
3658,2649525.0,0.016383267205075908
3659,2649585.0,0.016916814479541603
3660,2649645.0,0.017424483815442204
3661,2649705.0,0.0179364586301565
3662,2649765.0,0.01844022679012236
3663,2649825.0,0.018936223437285266
3664,2649885.0,0.01947426110175149
3665,2649945.0,0.02004552388446945
3666,2650005.0,0.020678161737805817
3667,2650065.0,0.02129850423878818
3668,2650125.0,0.021926730826530766
3669,2650185.0,0.02254099497161427
3670,2650245.0,0.02325562187597871
3671,2650305.0,0.02403970183582879
3672,2650365.0,0.024890503900086652
3673,2650425.0,0.02567565860701082
3674,2650485.0,0.026489668532932248
3675,2650545.0,0.02725493293485018
3676,2650605.0,0.02803897252439666
3677,2650665.0,0.031130181311302657
3678,2650725.0,0.03343722709416633
3679,2650785.0,0.03549916934580796
3680,2650845.0,0.037584787749623344
3681,2650905.0,0.03971368470091716
3682,2650968.0,0.04187899235953105
3683,2651025.0,0.04410980863993852
3684,2651085.0,0.04636133529143929
3685,2651145.0,0.04866801167759452
3686,2651205.0,0.050949406982870676
3687,2651265.0,0.05324173097437712
3688,2651325.0,0.055532850553898117
3689,2651385.0,0.05787640469592195
3690,2651445.0,0.06021096031944237
3691,2651505.0,0.06254300451181535
3692,2651565.0,0.06316670180979891
3693,2651625.0,0.06374591980822777
3694,2651685.0,0.0643751001918613
3695,2651745.0,0.06498759664295309
3696,2651805.0,0.06752873075281182
3697,2651865.0,0.0695046998971948
3698,2651925.0,0.07130654669850536
3699,2651985.0,0.07323734981316496
3700,2652045.0,0.07528836280758824
3701,2652105.0,0.0773511610845096
3702,2652165.0,0.07944618609874046
3703,2652225.0,0.08156542336458186
3704,2652285.0,0.08372808943055451
3705,2652345.0,0.0859156381838013
3706,2652405.0,0.08647975860005838
3707,2652465.0,0.08707734727527924
3708,2652525.0,0.08779739973623538
3709,2652585.0,0.08855018166331066
3710,2652645.0,0.08926579051193137
3711,2652705.0,0.09220790228304501
3712,2652765.0,0.09459920112688983
3713,2652825.0,0.09668878541009582
3714,2652885.0,0.09887152026328302
3715,2652945.0,0.10113439980965191
3716,2653005.0,0.10340970578751571
3717,2653065.0,0.10567996526030718
3718,2653125.0,0.10796037078726908
3719,2653188.0,0.10853167673629141
3720,2653245.0,0.10917540585606708
3721,2653305.0,0.10990424784290351
3722,2653365.0,0.11061466300956416
3723,2653425.0,0.11356323885619282
3724,2653485.0,0.11616312086474526
3725,2653545.0,0.11841815196122021
3726,2653605.0,0.120645761577887
3727,2653665.0,0.12286573616481086
3728,2653725.0,0.12504361277552914
3729,2653785.0,0.12728159695855037
3730,2653845.0,0.12782098755625523
3731,2653905.0,0.12839285922424407
3732,2653965.0,0.12909363478441097
3733,2654025.0,0.12984905624167395
3734,2654085.0,0.13057886177104386
3735,2654145.0,0.13315174734416538
3736,2654205.0,0.1352600829189267
3737,2654265.0,0.13722072050950843
3738,2654325.0,0.13945688695442807
3739,2654385.0,0.1417172568178612
3740,2654445.0,0.14390471574706157
3741,2654505.0,0.14607762712604014
3742,2654565.0,0.14661145333030098
3743,2654625.0,0.14721182706249045
3744,2654685.0,0.14788664506611263
3745,2654745.0,0.14855871393447664
3746,2654805.0,0.15125228911310742
3747,2654865.0,0.1535111421920898
3748,2654925.0,0.15560360165345108
3749,2654985.0,0.15773135751316572
3750,2655045.0,0.1599166843946863
3751,2655105.0,0.16206720381165277
3752,2655165.0,0.16417970828122755
3753,2655225.0,0.16473188021454657
3754,2655285.0,0.16527498408080413
3755,2655345.0,0.16585636783689553
3756,2655405.0,0.1664812259000961
3757,2655465.0,0.16945780776693245
3758,2655525.0,0.17186204917654038
3759,2655585.0,0.17391681171051535
3760,2655645.0,0.17596352040203386
3761,2655705.0,0.17807884427197465
3762,2655765.0,0.1802132888301217
3763,2655825.0,0.18237476912118603
3764,2655885.0,0.1829236096061624
3765,2655945.0,0.18349753160056978
3766,2656005.0,0.18409991104124715
3767,2656065.0,0.18477021890310022
3768,2656125.0,0.18753119853916092
3769,2656185.0,0.18984861999150984
3770,2656245.0,0.19193433782328975
3771,2656305.0,0.19403218871660635
3772,2656365.0,0.19617422426836909
3773,2656425.0,0.19824575945891634
3774,2656485.0,0.2003636021233934
3775,2656545.0,0.20078320184013118
3776,2656605.0,0.20132642825616023
3777,2656665.0,0.2019450248421554
3778,2656725.0,0.20260220768830553
3779,2656785.0,0.2050905767450402
3780,2656845.0,0.20758719976425669
3781,2656905.0,0.20917029759713326
3782,2656965.0,0.21084005259718783
3783,2657025.0,0.21265135702368224
3784,2657085.0,0.21437226918055832
3785,2657145.0,0.21606170650934378
3786,2657205.0,0.21772404731091274
3787,2657265.0,0.21934674099778254
3788,2657325.0,0.21946414772421644
3789,2657385.0,0.21964990008275057
3790,2657445.0,0.2198311152723557
3791,2657505.0,0.2200386889023032
3792,2657565.0,0.22210925110941251
3793,2657625.0,0.22383391615590234
3794,2657685.0,0.2253305284508428
3795,2657745.0,0.22688150502265395
3796,2657805.0,0.2284155088641129
3797,2657865.0,0.2299491798897654
3798,2657925.0,0.23142069122223155
3799,2657985.0,0.23290472246413937
3800,2658045.0,0.23435345193980775
3801,2658105.0,0.23582102955786413
3802,2658165.0,0.23728133799991527
3803,2658225.0,0.23879300837887776
3804,2658285.0,0.2388453293209917
3805,2658345.0,0.2388588046150605
3806,2658405.0,0.23894749765443848
3807,2658465.0,0.239066839277751
3808,2658525.0,0.24095776029588975
3809,2658585.0,0.24261579754511045
3810,2658645.0,0.2440699734564595
3811,2658705.0,0.24557269648460853
3812,2658765.0,0.24708990000857953
3813,2658825.0,0.24864461358453951
3814,2658885.0,0.25018928740949775
3815,2658945.0,0.25174439047038377
3816,2659005.0,0.2532619868046432
3817,2659065.0,0.25479001769519827
3818,2659125.0,0.2563052156515404
3819,2659185.0,0.25784295282855163
3820,2659245.0,0.25937850068534163
3821,2659305.0,0.26085200008165965
3822,2659365.0,0.26083370789279225
3823,2659425.0,0.26085597437048724
3824,2659485.0,0.26092748603307403
3825,2659545.0,0.2609992224584392
3826,2659605.0,0.2628245463911093
3827,2659665.0,0.2644496688556507
3828,2659725.0,0.2659564870271428
3829,2659785.0,0.26736541355419885
3830,2659845.0,0.2688387671072453
3831,2659908.0,0.270317928763642
3832,2659965.0,0.27183775522534437
3833,2660025.0,0.27335383447161676
3834,2660085.0,0.27481538538060846
3835,2660145.0,0.27630576068078394
3836,2660205.0,0.2778101465266537
3837,2660265.0,0.27926711404787297
3838,2660325.0,0.280735187622314
3839,2660385.0,0.2822226636454258
3840,2660445.0,0.28372970976802536
3841,2660505.0,0.2837696132712161
3842,2660565.0,0.2838516023799903
3843,2660625.0,0.2839720176253885
3844,2660685.0,0.2840631376370708
3845,2660745.0,0.28585811123332094
3846,2660805.0,0.2876756789054007
3847,2660865.0,0.289169895992911
3848,2660925.0,0.2905873019150267
3849,2660985.0,0.2919330991429987
3850,2661045.0,0.29326664619491916
3851,2661105.0,0.2944747428131451
3852,2661165.0,0.29562784615886895
3853,2661225.0,0.29682987319758924
3854,2661285.0,0.2980129932325769
3855,2661345.0,0.2992539433732425
3856,2661405.0,0.3004758990480829
3857,2661465.0,0.29940366642708305
3858,2661525.0,0.29913169418983454
3859,2661585.0,0.2990724563919791
3860,2661645.0,0.29896638017457033
3861,2661705.0,0.29736407056021696
3862,2661765.0,0.2957744477533518
3863,2661825.0,0.29417899944401305
3864,2661885.0,0.292533184147309
3865,2661945.0,0.2925439222280227
3866,2662005.0,0.2927250102826613
3867,2662065.0,0.29259372034385
3868,2662125.0,0.29236228223256344
3869,2662185.0,0.2920820855776064
3870,2662245.0,0.2918125279029987
3871,2662305.0,0.29150269684918395
3872,2662365.0,0.2929363979293521
3873,2662425.0,0.29437039184537717
3874,2662485.0,0.2957373170280826
3875,2662545.0,0.2971146536864633
3876,2662605.0,0.2965803811194938
3877,2662665.0,0.2965981207733094
3878,2662725.0,0.29672984105560096
3879,2662785.0,0.29676647502317743
3880,2662845.0,0.29667601422526124
3881,2662905.0,0.2951517487387274
3882,2662965.0,0.29364284493792836
3883,2663025.0,0.2921343389027341
3884,2663085.0,0.29212123271723833
3885,2663145.0,0.2922380271575751
3886,2663205.0,0.29397006631170597
3887,2663265.0,0.2954862246018479
3888,2663325.0,0.29682046401666695
3889,2663385.0,0.2981828353637299
3890,2663445.0,0.299587219624448
3891,2663505.0,0.2986852181818207
3892,2663565.0,0.2983198538138928
3893,2663625.0,0.2982458109113646
3894,2663685.0,0.298087948825279
3895,2663745.0,0.29781756821893623
3896,2663805.0,0.29759300637259645
3897,2663865.0,0.2973495814667281
3898,2663925.0,0.2970775725158127
3899,2663985.0,0.2985767972797516
3900,2664045.0,0.2999750116822749
3901,2664105.0,0.3013212939309321
3902,2664165.0,0.3026194824684093
3903,2664225.0,0.3016534387586406
3904,2664285.0,0.3010170100693669
3905,2664345.0,0.3007065492409665
3906,2664405.0,0.3004196696338194
3907,2664465.0,0.3001172687631186
3908,2664525.0,0.2998425873010827
3909,2664585.0,0.2994748415260533
3910,2664645.0,0.29942919494221654
3911,2664705.0,0.29939694786753357
3912,2664765.0,0.29927684193310033
3913,2664825.0,0.3007707404734187
3914,2664885.0,0.3023319774166575
3915,2664945.0,0.3019587613912209
3916,2665005.0,0.3018833665801942
3917,2665065.0,0.30185913067851866
3918,2665125.0,0.3017849203535049
3919,2665185.0,0.3015315551589052
3920,2665245.0,0.3013507519754436
3921,2665305.0,0.30112959537867945
3922,2665365.0,0.30256447924687047
3923,2665425.0,0.3039471703337403
3924,2665485.0,0.3052491117050239
3925,2665545.0,0.3065844156205195
3926,2665605.0,0.30584169688596285
3927,2665665.0,0.30553206462917126
3928,2665725.0,0.30539668642665363
3929,2665785.0,0.3038113929142179
3930,2665845.0,0.3021947365760963
3931,2665905.0,0.300624811330509
3932,2665965.0,0.29912991558420954
3933,2666025.0,0.30079299540761517
3934,2666085.0,0.302549228037751
3935,2666145.0,0.3040950866928712
3936,2666205.0,0.3053782659491131
3937,2666265.0,0.3045983958278434
3938,2666325.0,0.304257978562248
3939,2666385.0,0.3041801498788248
3940,2666445.0,0.30413729178158944
3941,2666505.0,0.30397610265137587
3942,2666565.0,0.30384050087374725
3943,2666625.0,0.3037209914166705
3944,2666685.0,0.30523339694967844
3945,2666745.0,0.30675292376912455
3946,2666805.0,0.3082228979186161
3947,2666865.0,0.3081321201275241
3948,2666925.0,0.3059988217775774
3949,2666985.0,0.30432453996348263
3950,2667045.0,0.30439831164443865
3951,2667105.0,0.30465116031194384
3952,2667165.0,0.30483367119189353
3953,2667225.0,0.3048695674876791
3954,2667285.0,0.3047922861365062
3955,2667345.0,0.30655904015702906
3956,2667405.0,0.3081550326663427
3957,2667465.0,0.3095507035533491
3958,2667525.0,0.31090715016308057
3959,2667585.0,0.31044176618726416
3960,2667645.0,0.309987190890851
3961,2667705.0,0.30981761990244405
3962,2667765.0,0.30972739531545557
3963,2667825.0,0.3096238674358066
3964,2667885.0,0.30947507583382305
3965,2667945.0,0.30939153574135914
3966,2668005.0,0.30926195560484404
3967,2668065.0,0.3092303943362539
3968,2668125.0,0.31063460807980303
3969,2668185.0,0.3119585342433777
3970,2668245.0,0.31324865262672574
3971,2668305.0,0.3144957746863787
3972,2668365.0,0.31383912227916966
3973,2668425.0,0.313501428761758
3974,2668485.0,0.3133890288213603
3975,2668545.0,0.3132067501836713
3976,2668605.0,0.31305397814848757
3977,2668665.0,0.31285495675100694
3978,2668725.0,0.31277911911102485
3979,2668785.0,0.31265103050118215
3980,2668845.0,0.3125879852658501
3981,2668905.0,0.3125115402509081
3982,2668965.0,0.3125101571912131
3983,2669025.0,0.31248790670856696
3984,2669085.0,0.3138767375342729
3985,2669145.0,0.31526651145873985
3986,2669205.0,0.3166558914895429
3987,2669265.0,0.3180092763114305
3988,2669325.0,0.31761020270651885
3989,2669385.0,0.3174614457737557
3990,2669445.0,0.3174272132171243
3991,2669505.0,0.31740268934734883
3992,2669565.0,0.3173471638679476
3993,2669625.0,0.31727356945485863
3994,2669685.0,0.3171715843958568
3995,2669745.0,0.317081204699898
3996,2669805.0,0.31698429730596456
3997,2669865.0,0.316908033131141
3998,2669925.0,0.3168427840860327
3999,2669985.0,0.3167479565181909
4000,2670045.0,0.3166518002273654
4001,2670105.0,0.31657075088265485
4002,2670165.0,0.3180339309782948
4003,2670225.0,0.31944980397638845
4004,2670285.0,0.320809752366374
4005,2670345.0,0.3221727972352637
4006,2670405.0,0.321758729901632
4007,2670465.0,0.32166792609567796
4008,2670525.0,0.3215651838622601
4009,2670585.0,0.32172891181566554
4010,2670645.0,0.32182480995949514
4011,2670705.0,0.32181347349312095
4012,2670765.0,0.32185256733960343
4013,2670825.0,0.3219779691115021
4014,2670885.0,0.3220346760487395
4015,2670945.0,0.3221378128238458
4016,2671005.0,0.32211350243389114
4017,2671065.0,0.3223464262781358
4018,2671125.0,0.32278262600542706
4019,2671185.0,0.32323967793041963
4020,2671245.0,0.32376936876517093
4021,2671305.0,0.3256796069830362
4022,2671365.0,0.3276163657818868
4023,2671425.0,0.32946195538117196
4024,2671485.0,0.33131313428132836
4025,2671545.0,0.33136375941267093
4026,2671605.0,0.33138602824896524
4027,2671665.0,0.3316798760219276
4028,2671728.0,0.332099815987693
4029,2671785.0,0.3326042848456793
4030,2671845.0,0.332957798754971
4031,2671905.0,0.3334143118370777
4032,2671965.0,0.3338917557181048
4033,2672025.0,0.3343854612770505
4034,2672085.0,0.3348469118551133
4035,2672145.0,0.33606616957027013
4036,2672205.0,0.3372201606484234
4037,2672265.0,0.3381675846726473
4038,2672325.0,0.3391464305006513
4039,2672385.0,0.3401042071201863
4040,2672445.0,0.34110956246970303
4041,2672505.0,0.3436413573516923
4042,2672565.0,0.34620450001668857
4043,2672625.0,0.34870644231019676
4044,2672685.0,0.351195239842513
4045,2672745.0,0.3518668150971086
4046,2672805.0,0.35246174050093204
4047,2672865.0,0.3533180892752783
4048,2672925.0,0.3542486108335495
4049,2672985.0,0.35520081252195157
4050,2673045.0,0.35610530778613236
4051,2673105.0,0.35699908062646746
4052,2673165.0,0.3579080250543566
4053,2673225.0,0.35882055374834654
4054,2673285.0,0.35978325562174185
4055,2673345.0,0.36072447871215385
4056,2673405.0,0.3615679315720437
4057,2673465.0,0.3624627104616507
4058,2673525.0,0.36272129152655186
4059,2673585.0,0.36272298758573696
4060,2673645.0,0.3627215184982978
4061,2673705.0,0.3641296465192658
4062,2673765.0,0.36549749823793565
4063,2673825.0,0.36683237101914246
4064,2673885.0,0.36668814409146655
4065,2673945.0,0.36494895220343815
4066,2674005.0,0.36325755073278454
4067,2674065.0,0.36177331735037344
4068,2674128.0,0.3604220875201959
4069,2674185.0,0.36064442943310027
4070,2674245.0,0.36050188302855923
4071,2674305.0,0.36102908279227564
4072,2674365.0,0.3615862357445694
4073,2674425.0,0.36162900665970055
4074,2674485.0,0.3615016291270029
4075,2674545.0,0.3612887469269269
4076,2674605.0,0.3610806261770131
4077,2674665.0,0.360960379730473
4078,2674725.0,0.3608560111862247
4079,2674785.0,0.36070971357635473
4080,2674845.0,0.36058492905743533
4081,2674905.0,0.3591077970554182
4082,2674965.0,0.3576602551338476
4083,2675025.0,0.35627720918488237
4084,2675085.0,0.35491374698727374
4085,2675145.0,0.35351234697225076
4086,2675205.0,0.3538862337107923
4087,2675265.0,0.3541096211987774
4088,2675325.0,0.3541884560980163
4089,2675385.0,0.3541979779465091
4090,2675445.0,0.35570922076698375
4091,2675505.0,0.35714447304368513
4092,2675565.0,0.35843655279329656
4093,2675625.0,0.3580597885980008
4094,2675685.0,0.3576379648131671
4095,2675745.0,0.3573162282711163
4096,2675805.0,0.35718235309997926
4097,2675865.0,0.3570818312765257
4098,2675925.0,0.35687937948171045
4099,2675985.0,0.3568297702346356
4100,2676045.0,0.3569559574104435
4101,2676105.0,0.3573524369643677
4102,2676165.0,0.3581697377722024
4103,2676225.0,0.35891081636163447
4104,2676285.0,0.3593423460852313
4105,2676345.0,0.3598780720920227
4106,2676405.0,0.3605968140715937
4107,2676465.0,0.3614265967602571
4108,2676525.0,0.36233696334042753
4109,2676585.0,0.36469057079549794
4110,2676648.0,0.36700740662644116
4111,2676705.0,0.36930280697487217
4112,2676765.0,0.3715908023725999
4113,2676825.0,0.37235293913669276
4114,2676885.0,0.3729850380469092
4115,2676945.0,0.3737080298868287
4116,2677005.0,0.3747096571312507
4117,2677065.0,0.37542686928110747
4118,2677125.0,0.376262957206731
4119,2677185.0,0.37716803102182084
4120,2677245.0,0.37803054846489414
4121,2677305.0,0.378963953987592
4122,2677365.0,0.3798387007485421
4123,2677425.0,0.3806576444171167
4124,2677485.0,0.38143517027602614
4125,2677545.0,0.3821812252262594
4126,2677605.0,0.38293138171345
4127,2677668.0,0.3851980190347982
4128,2677725.0,0.38746814487077497
4129,2677785.0,0.38918652525803743
4130,2677845.0,0.3890593457447943
4131,2677905.0,0.38866197320519047
4132,2677965.0,0.38836884086788503
4133,2678025.0,0.38827603588196047
4134,2678085.0,0.38825691672135176
4135,2678145.0,0.3866248348183685
4136,2678205.0,0.385096630901821
4137,2678265.0,0.38370757603239036
4138,2678325.0,0.38232876163519547
4139,2678385.0,0.3823627262808683
4140,2678445.0,0.38225165293487906
4141,2678505.0,0.3821334139486353
4142,2678565.0,0.3820979470334972
4143,2678625.0,0.382028076262117
4144,2678685.0,0.3821073965755123
4145,2678745.0,0.38197910572301286
4146,2678805.0,0.38184951122687605
4147,2678865.0,0.38169224242219324
4148,2678925.0,0.3816930985163395
4149,2678985.0,0.3817372203049697
4150,2679045.0,0.381785398326676
4151,2679105.0,0.3818127240901005
4152,2679165.0,0.3818995204182477
4153,2679225.0,0.38200934535151165
4154,2679285.0,0.3821006224557413
4155,2679345.0,0.3821441385764781
4156,2679405.0,0.3821667541844246
4157,2679465.0,0.3822140557951036
4158,2679525.0,0.3822501088081468
4159,2679585.0,0.3822676173150067
4160,2679645.0,0.3823575258549634
4161,2679705.0,0.38238500358516336
4162,2679765.0,0.38238384994358876
4163,2679825.0,0.3822330777730393
4164,2679885.0,0.38221143282178327
4165,2679945.0,0.3821211725279444
4166,2680005.0,0.38208402550731746
4167,2680065.0,0.38191993766800525
4168,2680125.0,0.3818306580140265
4169,2680185.0,0.382099644579158
4170,2680245.0,0.3824034665419317
4171,2680305.0,0.38334454704100474
4172,2680365.0,0.38405881505972317
4173,2680425.0,0.38476445890823485
4174,2680485.0,0.38567473055707724
4175,2680545.0,0.38649305283900437
4176,2680605.0,0.38752705507766516
4177,2680665.0,0.38847971568747564
4178,2680725.0,0.38960753387887026
4179,2680785.0,0.3906985030564555
4180,2680845.0,0.3919170298411324
4181,2680905.0,0.39306506595442137
4182,2680965.0,0.3934186076056744
4183,2681025.0,0.393583344361106
4184,2681085.0,0.3935946880115676
4185,2681145.0,0.3937832303325043
4186,2681205.0,0.39399551693967194
4187,2681265.0,0.39246836169245636
4188,2681325.0,0.3910790421337734
4189,2681385.0,0.38955654810933626
4190,2681445.0,0.3880197115004297
4191,2681505.0,0.38650143488937605
4192,2681565.0,0.3864717291338765
4193,2681625.0,0.38631500861904366
4194,2681685.0,0.3861569493429651
4195,2681745.0,0.38588010207887635
4196,2681805.0,0.3857551015451619
4197,2681865.0,0.38540685876057934
4198,2681925.0,0.38496177877753646
4199,2681985.0,0.3844798516628757
4200,2682045.0,0.3839660540127833
4201,2682105.0,0.38350479519183067
4202,2682165.0,0.38311309308539665
4203,2682225.0,0.3811787161678756
4204,2682285.0,0.37932432047044873
4205,2682345.0,0.37756549110048576
4206,2682405.0,0.3757512781017184
4207,2682465.0,0.3739212986658418
4208,2682525.0,0.3736405708582261
4209,2682585.0,0.3733465797272385
4210,2682645.0,0.3729404975081886
4211,2682708.0,0.372400433613031
4212,2682765.0,0.37191839631085144
4213,2682825.0,0.371527562698439
4214,2682885.0,0.3711653492302278
4215,2682945.0,0.3700897438879739
4216,2683005.0,0.3690231775059689
4217,2683065.0,0.36823979272342844
4218,2683125.0,0.36579059949853776
4219,2683185.0,0.36337896109051937
4220,2683245.0,0.36097353591276793
4221,2683305.0,0.3586020148135246
4222,2683365.0,0.356054178500541
4223,2683425.0,0.3535966927014641
4224,2683485.0,0.3529773729693174
4225,2683545.0,0.3521300565733446
4226,2683605.0,0.3508732706527765
4227,2683665.0,0.3496100051495765
4228,2683725.0,0.34844649074075373
4229,2683785.0,0.34735213054911795
4230,2683845.0,0.34634298456047274
4231,2683908.0,0.3453810234465765
4232,2683968.0,0.34433886802728153
4233,2684025.0,0.34339314369768903
4234,2684085.0,0.3423721003610972
4235,2684145.0,0.34145165886632245
4236,2684205.0,0.34059929192937644
4237,2684265.0,0.33979239773078995
4238,2684325.0,0.33973081804215444
4239,2684385.0,0.34010217789327424
4240,2684445.0,0.3405777532274452
4241,2684505.0,0.34120645362982305
4242,2684565.0,0.34180298089517147
4243,2684625.0,0.34243763069693134
4244,2684685.0,0.3430637200220489
4245,2684745.0,0.3451792993088463
4246,2684805.0,0.34725563853245256
4247,2684865.0,0.34963192341019866
4248,2684925.0,0.35181067492468654
4249,2684985.0,0.3518949359789493
4250,2685045.0,0.3522696274893252
4251,2685105.0,0.35216477703516536
4252,2685165.0,0.35018112383292777
4253,2685225.0,0.3487774341071489
4254,2685285.0,0.3476130492974525
4255,2685345.0,0.346537636761315
4256,2685405.0,0.3453226865196004
4257,2685465.0,0.3439500405541752
4258,2685525.0,0.3440672266137891
4259,2686663.0,0.34424394688954896
4260,2686666.0,0.34442480188232294
4261,2686669.0,0.3459337755821257
4262,2686672.0,0.3474715895397953
4263,2686675.0,0.3489660937732554
4264,2686678.0,0.3504472520436447
4265,2686681.0,0.3519743477736532
4266,2686684.0,0.351736466579764
4267,2686687.0,0.35168374434739735
4268,2686690.0,0.3517839277244744
4269,2686693.0,0.3519905019980073
4270,2686696.0,0.35205405887301344
4271,2686700.0,0.3521492937213695
4272,2686703.0,0.3523516968669621
4273,2686706.0,0.3525727922101255
4274,2686709.0,0.35279215011647114
4275,2686713.0,0.3530154930155144
4276,2686725.0,0.353145759034428
4277,2686785.0,0.3535094482140486
4278,2686845.0,0.3536567605165374
4279,2686905.0,0.3522204092697736
4280,2686965.0,0.35063709772904184
4281,2687025.0,0.3489412456058719
4282,2687085.0,0.34677442955980686
4283,2687145.0,0.3446088304222079
4284,2687205.0,0.34479389296050356
4285,2687265.0,0.3444630472992084
4286,2687325.0,0.34388662774346057
4287,2687385.0,0.34309449754549093
4288,2687445.0,0.34227625795441907
4289,2687505.0,0.3414503223561788
4290,2687565.0,0.34066847292234337
4291,2687625.0,0.3382729444846555
4292,2687685.0,0.3359011820324309
4293,2687745.0,0.33345692559923634
4294,2687805.0,0.3310727956057057
4295,2687865.0,0.33124534952980655
4296,2687925.0,0.33070045852568686
4297,2687985.0,0.33005975032483204
4298,2688045.0,0.3291555593611083
4299,2688105.0,0.3283944441118577
4300,2688165.0,0.3276005609566296
4301,2688225.0,0.32524066860193623
4302,2688285.0,0.3229553570335465
4303,2688345.0,0.3208026193000366
4304,2688405.0,0.31860663921662546
4305,2688465.0,0.3163304937241357
4306,2688525.0,0.31603410101024754
4307,2688585.0,0.3153189194593755
4308,2688645.0,0.31441166287013644
4309,2688705.0,0.31411308062592824
4310,2688765.0,0.31420006661769073
4311,2688825.0,0.3144293600852551
4312,2688885.0,0.31450521637722584
4313,2688945.0,0.3130031067285062
4314,2689005.0,0.3115116068225827
4315,2689065.0,0.3116281954437772
4316,2689125.0,0.31164624067991964
4317,2689185.0,0.3116197195414041
4318,2689245.0,0.3115258716038477
4319,2689305.0,0.31191514731147174
4320,2689365.0,0.3121049713302718
4321,2689425.0,0.31233119567323075
4322,2689485.0,0.312350404360055
4323,2689548.0,0.31245146803012813
4324,2689605.0,0.3124354975410224
4325,2689665.0,0.31103526284701644
4326,2689725.0,0.30968827359552986
4327,2689785.0,0.3084248769788739
4328,2689845.0,0.30704774256692446
4329,2689905.0,0.3056197361414089
4330,2689965.0,0.3061370053447323
4331,2690025.0,0.30634030587228334
4332,2690085.0,0.3063135571212988
4333,2690145.0,0.3063017421378028
4334,2690205.0,0.30625556718694547
4335,2690265.0,0.30638348910174795
4336,2690325.0,0.3048822155921319
4337,2690385.0,0.3034737983809648
4338,2690445.0,0.30207142534550024
4339,2690505.0,0.3006753204167901
4340,2690565.0,0.29919395898415124
4341,2690625.0,0.2998998002413621
4342,2690685.0,0.30008788495235506
4343,2690745.0,0.30034572349856936
4344,2690805.0,0.30039046921992574
4345,2690865.0,0.3006533954357028
4346,2690925.0,0.2991110060905774
4347,2690988.0,0.2977804379628498
4348,2691045.0,0.29643241987521607
4349,2691105.0,0.29476919719069317
4350,2691165.0,0.2930761175657719
4351,2691225.0,0.2907453861574919
4352,2691285.0,0.2905851132485546
4353,2691345.0,0.2899807400084907
4354,2691405.0,0.289082526345932
4355,2691465.0,0.28819339733191474
4356,2691525.0,0.28727900793165184
4357,2691585.0,0.28492124992495893
4358,2691645.0,0.28247119222440065
4359,2691705.0,0.2798591625568613
4360,2691765.0,0.2766847576389131
4361,2691825.0,0.27358496874246874
4362,2691885.0,0.2712121351552619
4363,2691945.0,0.26902904965026964
4364,2692005.0,0.2669894411387864
4365,2692065.0,0.26475121231964305
4366,2692125.0,0.2624873133211101
4367,2692185.0,0.261862208812361
4368,2692245.0,0.26123094245879075
4369,2692305.0,0.26055754535795517
4370,2692365.0,0.2599059533301261
4371,2692425.0,0.2593270665019446
4372,2692485.0,0.2571876468742321
4373,2692545.0,0.2551100090688512
4374,2692605.0,0.25314669243165333
4375,2692665.0,0.251248871803868
4376,2692725.0,0.24929542623968406
4377,2692785.0,0.24734256965431126
4378,2692845.0,0.24529878837123545
4379,2692905.0,0.24325190383378628
4380,2692965.0,0.24116751626336377
4381,2693025.0,0.23910554579163476
4382,2693085.0,0.23691166623448587
4383,2693145.0,0.23632385938633385
4384,2693205.0,0.23564061955579438
4385,2693265.0,0.23492942062015162
4386,2693325.0,0.2342095689736228
4387,2693385.0,0.2335724340866234
4388,2693445.0,0.23133839560412875
4389,2693505.0,0.22912638217299877
4390,2693565.0,0.22710115383517435
4391,2693625.0,0.22516345020817266
4392,2693685.0,0.22313739885021064
4393,2693745.0,0.221013975964132
4394,2693805.0,0.21888228686038982
4395,2693865.0,0.21668118141842432
4396,2693925.0,0.21453223159948595
4397,2693985.0,0.21229423116281446
4398,2694045.0,0.2116630539989898
4399,2694105.0,0.21136160610203494
4400,2694165.0,0.2111724800035418
4401,2694225.0,0.21102226707568647
4402,2694285.0,0.21088876077307253
4403,2694345.0,0.21068942425349937
4404,2694405.0,0.20874419117932566
4405,2694465.0,0.20716868920731726
4406,2694525.0,0.208170550326602
4407,2694585.0,0.20875624164274234
4408,2694645.0,0.20894600688131762
4409,2694705.0,0.2090133696246159
4410,2694765.0,0.20902988570600725
4411,2694825.0,0.20752406871778464
4412,2694885.0,0.20604367090421985
4413,2694945.0,0.2045253921214887
4414,2695005.0,0.20308656486940427
4415,2695065.0,0.20166716413915045
4416,2695125.0,0.20032661697762175
4417,2695185.0,0.2012824767760992
4418,2695245.0,0.20198177229064088
4419,2695305.0,0.19958729846289588
4420,2695368.0,0.1971098068193511
4421,2695425.0,0.19449917271316478
4422,2695485.0,0.19191019794998024
4423,2695545.0,0.1892792995797379
4424,2695605.0,0.18658451792497519
4425,2695665.0,0.1838366814531757
4426,2695725.0,0.1810859805819857
4427,2695785.0,0.17802367904741725
4428,2695845.0,0.1750929227213142
4429,2695905.0,0.17262456220683522
4430,2695965.0,0.17022457088428686
4431,2696025.0,0.16770583465057856
4432,2696085.0,0.16704528766769414
4433,2696145.0,0.16631754152541653
4434,2696205.0,0.165515439684828
4435,2696265.0,0.1647445825579785
4436,2696325.0,0.16405781680289885
4437,2696385.0,0.16346875501356514
4438,2696445.0,0.16140356892267552
4439,2696508.0,0.15926456936423541
4440,2696565.0,0.1571451969895166
4441,2696625.0,0.15502334332688264
4442,2696685.0,0.1529047436960447
4443,2696745.0,0.15077901856875328
4444,2696805.0,0.1486552133140642
4445,2696865.0,0.14653566164360596
4446,2696925.0,0.1444083915678346
4447,2696985.0,0.14227016290371522
4448,2697045.0,0.14014622409917196
4449,2697105.0,0.13802050268245317
4450,2697165.0,0.1359125720864033
4451,2697225.0,0.13380541197418291
4452,2697285.0,0.13168837489814175
4453,2697345.0,0.12956235234452326
4454,2697405.0,0.12743836184450966
4455,2697465.0,0.12530580419030582
4456,2697525.0,0.12323856100449929
4457,2697585.0,0.1209932017261616
4458,2697645.0,0.11884168452396096
4459,2697705.0,0.11828132076491196
4460,2697765.0,0.11770736393754391
4461,2697825.0,0.11703110110734374
4462,2697885.0,0.11639878763702508
4463,2697945.0,0.11582766955935744
4464,2698005.0,0.11321690795453734
4465,2698065.0,0.1109806150323919
4466,2698125.0,0.10885856021045884
4467,2698185.0,0.10683618111877005
4468,2698245.0,0.1047538055848675
4469,2698305.0,0.1026510489241195
4470,2698365.0,0.10051835685401847
4471,2698425.0,0.10000760680810131
4472,2698485.0,0.09944581966837165
4473,2698545.0,0.09888708060264165
4474,2698605.0,0.09831721070917884
4475,2698665.0,0.09527060921936206
4476,2698725.0,0.0928807735108316
4477,2698785.0,0.09058249566747714
4478,2698845.0,0.08855991874925664
4479,2698905.0,0.0864163026769236
4480,2698965.0,0.08431571314828587
4481,2699025.0,0.08376409275041144
4482,2699085.0,0.08315184228718939
4483,2699145.0,0.08243388316061598
4484,2699205.0,0.0817829434975764
4485,2699265.0,0.08120605636585479
4486,2699325.0,0.07866336764453555
4487,2699385.0,0.07650988462556144
4488,2699445.0,0.07449917540781717
4489,2699505.0,0.07241124278036934
4490,2699565.0,0.07026640711365387
4491,2699625.0,0.06805161712464267
4492,2699685.0,0.06590983874519232
4493,2699745.0,0.06537053338384238
4494,2699805.0,0.06481847961309659
4495,2699868.0,0.06413915293695158
4496,2699925.0,0.06349679031009434
4497,2699985.0,0.06289306077585224
4498,2700045.0,0.06233754243860121
4499,2700105.0,0.05989165992576698
4500,2700165.0,0.05776870678313148
4501,2700225.0,0.055650243388392584
4502,2700285.0,0.05363728492825601
4503,2700345.0,0.05153835133739207
4504,2700405.0,0.049487843112281826
4505,2700465.0,0.048976609730577575
4506,2700525.0,0.048468163327425484
4507,2700585.0,0.047859168877384645
4508,2700645.0,0.04729550589038889
4509,2700705.0,0.04675790429867874
4510,2700765.0,0.04427515635614096
4511,2700825.0,0.042102011833623026
4512,2700885.0,0.04010815469929335
4513,2700945.0,0.03808667206284974
4514,2701005.0,0.036115061787823505
4515,2701065.0,0.034019585156732035
4516,2701125.0,0.03352335139193974
4517,2701185.0,0.03296270560224665
4518,2701245.0,0.032341317221442706
4519,2701305.0,0.03177140891705066
4520,2701365.0,0.031201456873862166
4521,2701425.0,0.02849769747571021
4522,2701485.0,0.02628278579870824
4523,2701545.0,0.02414463622442406
4524,2701605.0,0.02213012346338658
4525,2701665.0,0.020011194427497186
4526,2701725.0,0.019571004614539422
4527,2701785.0,0.01903662369868278
4528,2701845.0,0.01843921201642923
4529,2701905.0,0.017799817556139158
4530,2701965.0,0.01723254840424679
4531,2702025.0,0.016618581831600115
4532,2702085.0,0.014057154880904171
4533,2702145.0,0.011952458013034073
4534,2702205.0,0.009979867197876108
4535,2702265.0,0.008077794390746545
4536,2702325.0,0.006028012375360742
4537,2702385.0,0.005481928771164407
4538,2702445.0,0.004852417745959486
4539,2702505.0,0.004439144815716917
4540,2702565.0,0.004454234453012629
4541,2702625.0,0.004480790076322683
4542,2702685.0,0.004522399012691969
4543,2702748.0,0.004575473935075819
4544,2702805.0,0.004637131521308763
4545,2702865.0,0.004697699448898723
4546,2702925.0,0.004760220215569405
4547,2702985.0,0.004819857660074783
4548,2703045.0,0.004875907777535188
4549,2703105.0,0.0049326618998751515
4550,2703165.0,0.004994252183461195
4551,2703225.0,0.0050517103106808015
4552,2703285.0,0.005106829945056485
4553,2703345.0,0.005155478930221918
4554,2703405.0,0.005200540588342378
4555,2703465.0,0.0052391315972527
4556,2703525.0,0.005274839283997607
4557,2703585.0,0.005303372316652649
4558,2703645.0,0.005333154183508854
4559,2703705.0,0.005367227382289452
4560,2703765.0,0.005405591912994584
4561,2703825.0,0.00545183510266925
4562,2703885.0,0.005502369624268505
4563,2703945.0,0.0055518144872247766
4564,2704005.0,0.005600169691538287
4565,2704065.0,0.005644937568806935
4566,2704125.0,0.005696335270843816
4567,2704185.0,0.00574664331423802
4568,2704245.0,0.005787438210698409
4569,2704305.0,0.005819264789546336
4570,2704365.0,0.005841033392139122
4571,2704425.0,0.005856876174843179
4572,2704485.0,0.005868586801180881
4573,2704545.0,0.005884588759442949
4574,2704605.0,0.005910263040197067
4575,2704665.0,0.005958869292980035
4576,2704725.0,0.006006385887120103
4577,2704785.0,0.006051563988416303
4578,2704845.0,0.006105165578003363
4579,2704905.0,0.005835408237212153
4580,2704965.0,0.005423244234411845
4581,2705025.0,0.004864233470137869
4582,2705085.0,0.004393899143480956
4583,2705145.0,0.003911709406943076
4584,2705208.0,0.003384728521227315
4585,2705265.0,0.0028226220214633
4586,2705328.0,1.827709283930279e-05
4587,2705385.0,-0.002325186176834304
4588,2705445.0,-0.004347088326306925
4589,2705505.0,-0.006343436839496536
4590,2705565.0,-0.008326293267871765
4591,2705625.0,-0.008780494267182054
4592,2705685.0,-0.009220763815965066
4593,2705745.0,-0.009678436458365997
4594,2705805.0,-0.010176895782749329
4595,2705865.0,-0.010768881065131825
4596,2705925.0,-0.01143835948741903
4597,2705985.0,-0.014493816712987356
4598,2706045.0,-0.01734293345946933
4599,2706105.0,-0.017305162898614362
4600,2706165.0,-0.017269026825723593
4601,2706225.0,-0.017237022909199318
4602,2706285.0,-0.01719947882654943
4603,2706345.0,-0.01714921992368415
4604,2706405.0,-0.017088584693447206
4605,2706465.0,-0.017022409297084706
4606,2706525.0,-0.016953736232320132
4607,2706585.0,-0.01688919532392194
4608,2706645.0,-0.01682933140121154
4609,2706705.0,-0.016776642132591058
4610,2706765.0,-0.01672683618613577
4611,2706825.0,-0.01667453257127846
4612,2706885.0,-0.01662277378574259
4613,2706945.0,-0.016566178838960693
4614,2707005.0,-0.016516054541389186
4615,2707065.0,-0.016463432575415465
4616,2707125.0,-0.016410106604562352
4617,2707185.0,-0.01634835714541813
4618,2707245.0,-0.01629307833548424
4619,2707305.0,-0.016245519008961623
4620,2707365.0,-0.016214647483462657
4621,2707425.0,-0.016190246607174025
4622,2707485.0,-0.016164596896684258
4623,2707545.0,-0.01613052369790363
4624,2707605.0,-0.01608911666947488
4625,2707665.0,-0.016043418309121787
4626,2707725.0,-0.015997015943888915
4627,2707785.0,-0.015951158407977534
4628,2707845.0,-0.01591177152127629
4629,2707905.0,-0.015876516790941625
4630,2707965.0,-0.01584180688992831
4631,2708025.0,-0.01581122914528127
4632,2708085.0,-0.015775815239388313
4633,2708145.0,-0.015746327153384088
4634,2708205.0,-0.01571200290613406
4635,2708265.0,-0.01567947232240638
4636,2708325.0,-0.015640311913910326
4637,2708385.0,-0.015591479182922335
4638,2708445.0,-0.015547323437622051
4639,2708505.0,-0.015508548682889228
4640,2708565.0,-0.015482329572813675
4641,2708625.0,-0.015458448955581988
4642,2708685.0,-0.015444081485284117
4643,2708745.0,-0.015430258844307682
4644,2708805.0,-0.015409806378562846
4645,2708865.0,-0.015380385595205687
4646,2708925.0,-0.015349715977647421
4647,2708985.0,-0.0153124165353207
4648,2709045.0,-0.015277455585837901
4649,2709105.0,-0.015248965285565352
4650,2709165.0,-0.015222813478136699
4651,2709225.0,-0.015197206500029481
4652,2709285.0,-0.01517035068772124
4653,2709345.0,-0.015147627031779298
4654,2709405.0,-0.015126152210038463
4655,2709465.0,-0.015103428554096632
4656,2709525.0,-0.015077662400431208
4657,2709585.0,-0.015053145080966918
4658,2709645.0,-0.015027378927301521
4659,2709705.0,-0.015003951266480103
4660,2709765.0,-0.0149769362786136
4661,2709825.0,-0.014959434437680968
4662,2709885.0,-0.014942477426069717
4663,2709945.0,-0.014924816409578934
4664,2710008.0,-0.014907700222409531
4665,2710065.0,-0.014886451878873691
4666,2710125.0,-0.0148693356917044
4667,2710185.0,-0.014850425841012455
4668,2710245.0,-0.014832060819641973
4669,2710305.0,-0.014806521144181656
4670,2710365.0,-0.01478277513224377
4671,2710425.0,-0.014761367613149778
4672,2710485.0,-0.014738166430533467
4673,2710545.0,-0.014716758911439504
4674,2710605.0,-0.014690515231099599
4675,2710665.0,-0.014669652541327044
4676,2710725.0,-0.014645202524509598
4677,2710785.0,-0.014628471991103453
4678,2710845.0,-0.014608154130652334
4679,2710905.0,-0.014593762090090084
4680,2710965.0,-0.014578121215326784
4681,2711025.0,-0.01455405685227254
4682,2711085.0,-0.014529447659896916
4683,2711145.0,-0.014508970623887701
4684,2711205.0,-0.014495123412646832
4685,2711265.0,-0.014488995684817263
4686,2711325.0,-0.014486455284032668
4687,2711385.0,-0.014483914883248072
4688,2711445.0,-0.014477787155418559
4689,2711505.0,-0.01446682326634302
4690,2711565.0,-0.014446346230333723
4691,2711625.0,-0.014419943374435584
4692,2711685.0,-0.014393540518537501
4693,2711745.0,-0.01436713766263939
4694,2711805.0,-0.014343073299585146
4695,2711865.0,-0.014321347429374937
4696,2711925.0,-0.014307341042575888
4697,2711985.0,-0.014299260475665654
4698,2712045.0,-0.014292973572277962
4699,2712105.0,-0.014289025161734165
4700,2712165.0,-0.014283827916989372
4701,2712225.0,-0.014273249681677064
4702,2712285.0,-0.014257835285118842
4703,2712345.0,-0.014240082395716752
4704,2712405.0,-0.014221080672113556
4705,2712465.0,-0.014203872612032792
4706,2712525.0,-0.01418611972263073
4707,2712585.0,-0.014167117999027562
4708,2712645.0,-0.01414632261190188
4709,2712705.0,-0.01412607205409766
4710,2712765.0,-0.014107615159816012
4711,2712825.0,-0.01408915826553439
4712,2712885.0,-0.014076627191141416
4713,2712945.0,-0.014065889780270874
4714,2713005.0,-0.014057490862244393
4715,2713065.0,-0.014051430437061807
4716,2713125.0,-0.014051295831768007
4717,2713185.0,-0.014052250885117051
4718,2713245.0,-0.01405375076778756
4719,2713305.0,-0.014051663323413094
4720,2713365.0,-0.014045988551993766
4721,2713425.0,-0.014038520117051867
4722,2713485.0,-0.01402691952574367
4723,2713545.0,-0.014014070100234394
4724,2713605.0,-0.013998882181881223
4725,2713665.0,-0.01398190060000562
4726,2713725.0,-0.013964919018130045
4727,2713785.0,-0.013947937436254526
4728,2713845.0,-0.01393329434722268
4729,2713905.0,-0.013920444921713543
4730,2713965.0,-0.01391118282324913
4731,2714025.0,-0.013906052881151265
4732,2714085.0,-0.013900922939053262
4733,2714145.0,-0.01389399933343291
4734,2714205.0,-0.013885826893611536
4735,2714265.0,-0.013877654453790106
4736,2714325.0,-0.01386948201396862
4737,2714385.0,-0.013861854403468626
4738,2714445.0,-0.01385781412001355
4739,2714505.0,-0.013856112329402398
4740,2714565.0,-0.013852616875268786
4741,2714628.0,-0.013849121421135008
4742,2714685.0,-0.013844377132800317
4743,2714745.0,-0.013837294351621815
4744,2714805.0,-0.013828417906920715
4745,2714865.0,-0.013818292628018702
4746,2714925.0,-0.013807622519795254
4747,2714985.0,-0.013796952411571695
4748,2715045.0,-0.013786282303348274
4749,2715105.0,-0.013776157024446012
4750,2715165.0,-0.013767825409066486
4751,2715225.0,-0.01376003862300823
4752,2715285.0,-0.013756383993316496
4753,2715345.0,-0.01375327419294603
4754,2715405.0,-0.01375250288541957
4755,2715465.0,-0.01375352524141546
4756,2715525.0,-0.013752753933889028
4757,2715585.0,-0.013750188962839971
4758,2715645.0,-0.013747623991790997
4759,2715705.0,-0.013745059020741884
4760,2715765.0,-0.013742494049692994
4761,2715825.0,-0.01373813541512156
4762,2715885.0,-0.013735025614751178
4763,2715945.0,-0.013730666980179745
4764,2716005.0,-0.013722721018563283
4765,2716065.0,-0.013712981393424417
4766,2716125.0,-0.013700358446120303
4767,2716185.0,-0.013687735498816161
4768,2716245.0,-0.013676906215034451
4769,2716305.0,-0.013668415424096608
4770,2716365.0,-0.01366351196020385
4771,2716425.0,-0.013663285481998716
4772,2716485.0,-0.013661265340271206
4773,2716545.0,-0.013661038862066238
4774,2716605.0,-0.01366081238386116
4775,2716665.0,-0.01366471806202238
4776,2716725.0,-0.013669872574384817
4777,2716785.0,-0.013675571916068524
4778,2716845.0,-0.013679477594229855
4779,2716905.0,-0.01367979594534624
4780,2716968.0,-0.013678320632940055
4781,2717025.0,-0.013669670666444061
4782,2717085.0,-0.013656343714260305
4783,2717145.0,-0.013641223098554034
4784,2717205.0,-0.013625557653526327
4785,2717265.0,-0.013611685872021134
4786,2717325.0,-0.01360140141756086
4787,2717385.0,-0.013592910626623017
4788,2717445.0,-0.013586213499207661
4789,2717505.0,-0.013582399693957775
4790,2717565.0,-0.013582173215752752
4791,2717625.0,-0.013585534064592591
4792,2717685.0,-0.013589439742753895
4793,2717745.0,-0.013593345420915143
4794,2717805.0,-0.0135936637720315
4795,2717865.0,-0.01359218845962537
4796,2717925.0,-0.013590713147219241
4797,2717985.0,-0.01359157632765709
4798,2718045.0,-0.013592439508094772
4799,2718105.0,-0.013593302688532566
4800,2718165.0,-0.013594165868970248
4801,2718225.0,-0.013592690556564258
4802,2718285.0,-0.013589421580635697
4803,2718345.0,-0.01358311010698357
4804,2718405.0,-0.01357500496980904
4805,2718465.0,-0.013566355003313019
4806,2718525.0,-0.013559498700339484
4807,2718585.0,-0.013550848733843573
4808,2718645.0,-0.013542198767347496
4809,2718705.0,-0.013533548800851586
4810,2718765.0,-0.013524898834355564
4811,2718825.0,-0.01352038102422598
4812,2718885.0,-0.01351999537046275
4813,2718945.0,-0.013523741873065903
4814,2719005.0,-0.01352982686851284
4815,2719065.0,-0.013537001522602704
4816,2719125.0,-0.01354238251317011
4817,2719185.0,-0.013547218674416134
4818,2719245.0,-0.013548467508617101
4819,2719305.0,-0.01354971634281818
4820,2719365.0,-0.0135491715134968
4821,2719425.0,-0.013548626684175363
4822,2719485.0,-0.013547537025532491
4823,2719545.0,-0.01354465370336716
4824,2719605.0,-0.013541770381201829
4825,2719665.0,-0.013541225551880393
4826,2719725.0,-0.013536548566192658
4827,2719785.0,-0.013531871580504812
4828,2719845.0,-0.013527194594816966
4829,2719905.0,-0.013518385452762738
4830,2719965.0,-0.013511369974231136
4831,2720025.0,-0.013506148159221881
4832,2720085.0,-0.013506852164101496
4833,2720145.0,-0.013509349832503625
4834,2720205.0,-0.01351473082307103
4835,2720265.0,-0.013521905477160895
4836,2720325.0,-0.013530873794773246
4837,2720385.0,-0.013538593278184435
4838,2720445.0,-0.013544519098073277
4839,2720505.0,-0.013548106425118195
4840,2720565.0,-0.013546312761595736
4841,2720625.0,-0.01354093177102833
4842,2720685.0,-0.013530873794773107
4843,2720745.0,-0.01352027098919642
4844,2720805.0,-0.013511461847142275
4845,2720865.0,-0.013506784861454485
4846,2720925.0,-0.013503356709967745
4847,2720985.0,-0.013500473387802386
4848,2721045.0,-0.013500632563360565
4849,2721105.0,-0.013503675061084075
4850,2721165.0,-0.013508511222330072
4851,2721225.0,-0.013515141047098528
4852,2721285.0,-0.013519977208344552
4853,2721345.0,-0.01352535819891193
4854,2721405.0,-0.013528945525956848
4855,2721465.0,-0.013530739189479363
4856,2721525.0,-0.013531988023680303
4857,2721585.0,-0.013533236857881464
4858,2721645.0,-0.013530898365037486
4859,2721705.0,-0.013528015042872238
4860,2721765.0,-0.013525131720706907
4861,2721825.0,-0.013524042062063979
4862,2721885.0,-0.013521158739898648
4863,2721945.0,-0.013518275417733316
4864,2722005.0,-0.013515936924889477
4865,2722065.0,-0.013513053602724062
4866,2722125.0,-0.013511963944081135
4867,2722185.0,-0.013509625451237323
4868,2722245.0,-0.013508535792594506
4869,2722305.0,-0.013507446133951578
4870,2722365.0,-0.013506356475308762
4871,2722425.0,-0.013507605309509646
4872,2722485.0,-0.013511192636554592
4873,2722545.0,-0.01351477996359951
4874,2722605.0,-0.013516573627122025
4875,2722665.0,-0.013517118456443572
4876,2722725.0,-0.013512986300077051
4877,2722785.0,-0.013507060480188265
4878,2722845.0,-0.013501134660299535
4879,2722905.0,-0.013495208840410639
4880,2722965.0,-0.013487489356999421
4881,2723025.0,-0.01348460603483409
4882,2723085.0,-0.013483516376191218
4883,2723145.0,-0.0134865588739147
4884,2723205.0,-0.013489601371638266
4885,2723265.0,-0.013492643869361748
4886,2723325.0,-0.013494437532884235
4887,2723385.0,-0.013495686367085341
4888,2723445.0,-0.013498728864808823
4889,2723505.0,-0.01350356502605482
4890,2723565.0,-0.013507152353099738
4891,2723625.0,-0.013512533343667171
4892,2723685.0,-0.01351432700718963
4893,2723745.0,-0.01351432700718963
4894,2723805.0,-0.013512533343667171
4895,2723865.0,-0.013508401187300817
4896,2723925.0,-0.013500136874568053
4897,2723985.0,-0.013487740405468907
4898,2724045.0,-0.013476592770570867
4899,2724105.0,-0.013470826126240315
4900,2724165.0,-0.013470985301798383
4901,2724225.0,-0.013472938140879104
4902,2724285.0,-0.013477229472803637
4903,2724345.0,-0.01348152080472817
4904,2724405.0,-0.013486356965974139
4905,2724465.0,-0.013491193127220052
4906,2724525.0,-0.013494235624943646
4907,2724585.0,-0.013495484459144697
4908,2724645.0,-0.013492601136979337
4909,2724705.0,-0.013489717814814034
4910,2724765.0,-0.013485040829126188
4911,2724828.0,-0.013480363843438342
4912,2724885.0,-0.01347568685775058
4913,2724945.0,-0.013474052369786271
4914,2725005.0,-0.013474756374665803
4915,2725065.0,-0.013473666716022986
4916,2725125.0,-0.013472577057380059
4917,2725185.0,-0.013469693735214727
4918,2725245.0,-0.013468604076571855
4919,2725305.0,-0.013467514417929094
4920,2725365.0,-0.013468218422808625
4921,2725425.0,-0.013468922427688185
4922,2725488.0,-0.0134696264325678
4923,2725545.0,-0.013472668930291337
4924,2725605.0,-0.01347750509153725
4925,2725665.0,-0.013480002759939352
4926,2725725.0,-0.013481251594140486
4927,2725785.0,-0.013482500428341454
4928,2725845.0,-0.013481410769698582
4929,2725905.0,-0.01348032111105571
4930,2725965.0,-0.013479231452412782
4931,2726025.0,-0.01347759696444853
4932,2726085.0,-0.013474713642283143
4933,2726145.0,-0.01347128549079643
4934,2726205.0,-0.013467857339309691
4935,2726265.0,-0.013463180353621956
4936,2726325.0,-0.01346029703145643
4937,2726385.0,-0.013456868879969802
4938,2726445.0,-0.013453985557804443
4939,2726505.0,-0.013450557406317704
4940,2726565.0,-0.013447674084152345
4941,2726625.0,-0.013446039596188036
4942,2726685.0,-0.01344494993754522
4943,2726745.0,-0.013445653942424779
4944,2726805.0,-0.013449945274349256
4945,2726865.0,-0.013456575099117657
4946,2726925.0,-0.013463749753207493
4947,2726988.0,-0.013470924407297385
4948,2727045.0,-0.01347630539786479
4949,2727108.0,-0.013477554232065925
4950,2727165.0,-0.013477009402744489
4951,2727225.0,-0.013472332417056726
4952,2727288.0,-0.01346765543136888
4953,2727345.0,-0.013460639952837167
4954,2727405.0,-0.013455418137827996
4955,2727465.0,-0.013448402659296282
4956,2727525.0,-0.013441387180764625
4957,2727585.0,-0.0134320332093891
4958,2727645.0,-0.013425017730857358
4959,2727705.0,-0.01341979591584816
4960,2727765.0,-0.013416367764361392
4961,2727825.0,-0.013416526939919543
4962,2727885.0,-0.013419024608321617
4963,2727945.0,-0.013423315940246178
4964,2728005.0,-0.013428152101492091
4965,2728065.0,-0.01343298826273806
4966,2728125.0,-0.013438369253305466
4967,2728185.0,-0.013441956580350384
4968,2728245.0,-0.01344320541455149
4969,2728305.0,-0.013442115755908618
4970,2728365.0,-0.013439232433743259
4971,2728425.0,-0.013436349111577955
4972,2728485.0,-0.013431672125890082
4973,2728548.0,-0.013426995140202264
4974,2728605.0,-0.013423566988715524
4975,2728665.0,-0.01342013883722884
4976,2728725.0,-0.01341671068574199
4977,2728785.0,-0.01341328253425525
4978,2728845.0,-0.013411648046291053
4979,2728905.0,-0.013410013558326689
4980,2728965.0,-0.01340837907036238
4981,2729025.0,-0.013407289411719564
4982,2729085.0,-0.013407993416599068
4983,2729145.0,-0.01341049108500117
4984,2729205.0,-0.013412988753403216
4985,2729265.0,-0.013414237587604294
4986,2729325.0,-0.013413692758282858
4987,2729385.0,-0.013413147928961477
4988,2729445.0,-0.01341205827031855
4989,2729505.0,-0.013413307104519628
4990,2729565.0,-0.013416349602243166
4991,2729625.0,-0.013417598436444217
4992,2729685.0,-0.013415259943600294
4993,2729745.0,-0.013408789294390044
4994,2729805.0,-0.01340231864517974
4995,2729868.0,-0.01339350950312565
4996,2729925.0,-0.013387742858794988
4997,2729985.0,-0.01338127220958471
4998,2730045.0,-0.01337784405809797
4999,2730105.0,-0.013374415906611148
5000,2730165.0,-0.013375119911490846
5001,2730225.0,-0.013374030252847863
5002,2730285.0,-0.013375279087048969
5003,2730345.0,-0.013376527921250048
5004,2730405.0,-0.013379570418973558
5005,2730465.0,-0.013382612916697095
5006,2730528.0,-0.0133879939072645
5007,2730585.0,-0.013393374897831906
5008,2730645.0,-0.013396962224876824
5009,2730705.0,-0.013402343215444229
5010,2730765.0,-0.013405930542489147
5011,2730825.0,-0.013407724206011634
5012,2730885.0,-0.013405385713167656
5013,2730945.0,-0.013401253556801412
5014,2731005.0,-0.013396576571113566
5015,2731065.0,-0.01339010592190329
5016,2731125.0,-0.013381296779849144
5017,2731185.0,-0.013372487637795
5018,2731245.0,-0.0133636784957408
5019,2731308.0,-0.013357207846530522
5020,2731365.0,-0.013354324524365191
5021,2731425.0,-0.013355028529244833
5022,2731485.0,-0.013358071026968343
5023,2731545.0,-0.013364700851736827
5024,2731605.0,-0.01337187550582672
5025,2731665.0,-0.013377256496394069
5026,2731725.0,-0.013381388652760423
5027,2731785.0,-0.013393944297417665
5028,2731845.0,-0.013406340766516783
5029,2731905.0,-0.013414605079249492
5030,2731965.0,-0.013415694737892364
5031,2732025.0,-0.01340906491312402
5032,2732085.0,-0.01339526043426556
5033,2732145.0,-0.013377323799040913
5034,2732205.0,-0.013361180827338698
5035,2732265.0,-0.013351667680404994
5036,2732325.0,-0.013350963675525324
5037,2732385.0,-0.013359068812699881
5038,2732445.0,-0.013371850935562285
5039,2732505.0,-0.01338283939490209
5040,2732565.0,-0.013390240527197034
5041,2732625.0,-0.01339350950312565
5042,2732685.0,-0.013394984815531669
5043,2732745.0,-0.013395915298616501
5044,2732805.0,-0.013396845781701111
5045,2732865.0,-0.013399569928308291
5046,2732925.0,-0.013404087738437875
5047,2732985.0,-0.013409854382768566
5048,2733045.0,-0.013416165856420609
5049,2733105.0,-0.013422477330072763
5050,2733165.0,-0.013428788803724806
5051,2733225.0,-0.013433306613854473
5052,2733285.0,-0.01343314743829635
5053,2733345.0,-0.013431194599215573
5054,2733405.0,-0.013426903267291151
5055,2733465.0,-0.013422067106045155
5056,2733525.0,-0.013423156764688082
5057,2733585.0,-0.013435553233787118
5058,2733645.0,-0.013450833025051595
5059,2733705.0,-0.013466657645637453
5060,2733765.0,-0.013472969119289496
5061,2733825.0,-0.013476238095218113
5062,2733885.0,-0.013471787587735456
5063,2733945.0,-0.013464998587408766
5064,2734005.0,-0.013456415923559645
5065,2734065.0,-0.013447288430389143
5066,2734125.0,-0.013441748264263503
5067,2734185.0,-0.013442678747348308
5068,2734245.0,-0.013448990221000351
5069,2734305.0,-0.013458185016817809
5070,2734365.0,-0.013469173476157642
5071,2734425.0,-0.013478368271974989
5072,2734485.0,-0.013487563067792308
5073,2734545.0,-0.013494964200087278
5074,2734605.0,-0.013500026839538326
5075,2734665.0,-0.013503295815466942
5076,2734725.0,-0.013504226298551636
5077,2734785.0,-0.013505156781636302
5078,2734845.0,-0.013504293601198564
5079,2734905.0,-0.013512398738373121
5080,2734965.0,-0.013525180861235414
5081,2735025.0,-0.013534375657052816
5082,2735085.0,-0.013538189462302813
5083,2735145.0,-0.013536622276985405
5084,2735205.0,-0.01353271659882413
5085,2735265.0,-0.013521091437251526
5086,2735325.0,-0.013507672612156435
5087,2735385.0,-0.013495502621262423
5088,2735445.0,-0.013491052113779683
5089,2735505.0,-0.013498453246074682
5090,2735565.0,-0.013513573861780898
5091,2735625.0,-0.013529784136130069
5092,2735685.0,-0.013545994410479129
5093,2735745.0,-0.013559162187104679
5094,2735805.0,-0.013580753452021255
5095,2735865.0,-0.013602889546259267
5096,2735925.0,-0.013617850986407304
5097,2735985.0,-0.013100056056901621
5098,2736045.0,-0.012761615539154753
5099,2736105.0,-0.012423355498476701
5100,2736165.0,-0.011969210704542793
5101,2736225.0,-0.011464788064430548
5102,2736285.0,-0.010901027475245212
5103,2736345.0,-0.010440637175444384
5104,2736405.0,-0.010020986403632887
5105,2736465.0,-0.00959604869602812
5106,2736525.0,-0.009163304667439143
5107,2736585.0,-0.008697044769419987
5108,2736645.0,-0.008207695856153857
5109,2736705.0,-0.007664701360563936
5110,2736765.0,-0.00709927980186692
5111,2736825.0,-0.006534011204463203
5112,2736885.0,-0.006527466844459789
5113,2736945.0,-0.006525213816380909
5114,2737005.0,-0.006530294617950044
5115,2737065.0,-0.006549883903257114
5116,2737125.0,-0.006582732838101152
5117,2737185.0,-0.0066288414224819625
5118,2737245.0,-0.006677992504586366
5119,2737305.0,-0.006725349923168256
5120,2737365.0,-0.006776998673674733
5121,2737425.0,-0.00682506009713621
5122,2737485.0,-0.006359777928066829
5123,2737545.0,-0.005904722039702132
5124,2737605.0,-0.005387112212425799
5125,2737665.0,-0.004946261292136128
5126,2737725.0,-0.004461391863738257
5127,2737785.0,-0.003922746130011451
5128,2737845.0,-0.003414469056221725
5129,2737905.0,-0.0029470483509929923
5130,2737965.0,-0.0025005130460008518
5131,2738025.0,-0.002073947718175012
5132,2738085.0,-0.0016328970916425212
5133,2738145.0,-0.0011718883878998332
5134,2738205.0,-0.0006920550216440446
5135,2738265.0,-0.000205590785388593
5136,2738325.0,0.00027435163379910255
5137,2738385.0,0.0007815200937681677
5138,2738445.0,0.0012981436474304442
5139,2738505.0,0.0018154424868641605
5140,2738565.0,0.0023426713402913135
5141,2738625.0,0.0028659329620813467
5142,2738685.0,0.003388645755721703
5143,2738745.0,0.00390703962310554
5144,2738805.0,0.004440534378461064
5145,2738865.0,0.0049876627373028615
5146,2738925.0,0.005515733479543455
5147,2738985.0,0.006048305221499822
5148,2739045.0,0.006555104711476939
5149,2739105.0,0.00707189828041252
5150,2739165.0,0.007591043527756386
5151,2739225.0,0.008090545903452567
5152,2739285.0,0.008598488048095737
5153,2739345.0,0.009115191252230703
5154,2739405.0,0.009625720563320811
5155,2739465.0,0.010116177794949027
5156,2739525.0,0.010573502833304355
5157,2739585.0,0.01107255095214607
5158,2739645.0,0.011586968031196548
5159,2739705.0,0.012208277928465988
5160,2739765.0,0.012915840317156507
5161,2739825.0,0.013782031102785863
5162,2739885.0,0.014707520439629224
5163,2739945.0,0.015596054340954346
5164,2740005.0,0.016509340434321174
5165,2740065.0,0.01741428961049793
5166,2740125.0,0.018275448658375243
5167,2740185.0,0.019134343319452823
5168,2740245.0,0.019963128155289306
5169,2740305.0,0.020753084123596194
5170,2740365.0,0.021525459249694373
5171,2740425.0,0.022253701404289006
5172,2740485.0,0.024838487303486978
5173,2740545.0,0.02696065870823522
5174,2740605.0,0.028930918986533466
5175,2740665.0,0.030934445049126014
5176,2740725.0,0.03293467909169648
5177,2740785.0,0.03498626186849349
5178,2740845.0,0.0370756895052394
5179,2740905.0,0.03917336955759662
5180,2740965.0,0.04128028513055193
5181,2741025.0,0.04337039958550884
5182,2741085.0,0.04545665500098839
5183,2741145.0,0.047593626967656205
5184,2741205.0,0.049744740131345305
5185,2741265.0,0.05037714860735429
5186,2741325.0,0.05091877365370889
5187,2741385.0,0.051541787495919006
5188,2741445.0,0.05219831488998908
5189,2741505.0,0.054923714972286125
5190,2741565.0,0.05707769334434812
5191,2741625.0,0.0589549609044723
5192,2741685.0,0.06080732128497632
5193,2741745.0,0.06269554470747221
5194,2741805.0,0.06462464113009472
5195,2741865.0,0.06659154021326322
5196,2741925.0,0.06853899715157077
5197,2741985.0,0.07056768785090897
5198,2742045.0,0.07257475757822415
5199,2742105.0,0.07461566931608257
5200,2742165.0,0.07666970399638726
5201,2742225.0,0.07877360587013224
5202,2742285.0,0.0793203001315185
5203,2742345.0,0.0799424801374197
5204,2742405.0,0.0806377238777847
5205,2742465.0,0.08133437766592624
5206,2742525.0,0.08382432241053353
5207,2742585.0,0.08608915117735691
5208,2742645.0,0.08812582192804655
5209,2742705.0,0.09017831727746531
5210,2742765.0,0.0922839060650106
5211,2742825.0,0.0943812709923276
5212,2742885.0,0.09646189238008693
5213,2742945.0,0.09852790691526483
5214,2743005.0,0.1006074511729658
5215,2743065.0,0.10270017004617962
5216,2743125.0,0.10480553851441124
5217,2743185.0,0.10693341381629287
5218,2743245.0,0.10751247787896881
5219,2743305.0,0.10815568259590283
5220,2743365.0,0.10884823394161483
5221,2743425.0,0.10954964709579798
5222,2743485.0,0.11208964514319766
5223,2743545.0,0.11433860845858759
5224,2743605.0,0.11653433118023729
5225,2743665.0,0.1186321077485977
5226,2743725.0,0.12074577907301423
5227,2743785.0,0.12289899354885839
5228,2743845.0,0.1249768292404245
5229,2743905.0,0.12706778945147032
5230,2743965.0,0.12914435679608918
5231,2744025.0,0.13119551855414005
5232,2744085.0,0.1332426059814075
5233,2744145.0,0.13383157830693557
5234,2744205.0,0.13439345922319837
5235,2744265.0,0.13500292006036171
5236,2744325.0,0.13562481629119297
5237,2744385.0,0.13812523044458783
5238,2744445.0,0.14021903045407827
5239,2744505.0,0.14217020143587047
5240,2744565.0,0.14414813463548823
5241,2744625.0,0.14620070993259346
5242,2744685.0,0.14820178555696198
5243,2744748.0,0.15027866782752322
5244,2744805.0,0.15234709967201346
5245,2744865.0,0.1543975727646568
5246,2744925.0,0.15643210033864216
5247,2744985.0,0.15848843077561306
5248,2745045.0,0.16051433133792445
5249,2745105.0,0.16256416715658104
5250,2745168.0,0.16312342147527661
5251,2745225.0,0.16373029064874092
5252,2745285.0,0.1643706386744805
5253,2745345.0,0.1665485470782698
5254,2745405.0,0.16869650880773976
5255,2745465.0,0.17070080397803408
5256,2745525.0,0.1726121007470142
5257,2745585.0,0.1745399791668911
5258,2745645.0,0.17654879336854043
5259,2745705.0,0.17852862545573003
5260,2745765.0,0.18053949692121582
5261,2745825.0,0.18249830067181996
5262,2745885.0,0.1844294318841436
5263,2745945.0,0.1863240780072107
5264,2746005.0,0.18834969120222464
5265,2746065.0,0.19037323362035083
5266,2746125.0,0.1923811816456851
5267,2746185.0,0.192949787781202
5268,2746245.0,0.19350544255257493
5269,2746305.0,0.19414608328126468
5270,2746365.0,0.19474806715639673
5271,2746425.0,0.19724424036135083
5272,2746485.0,0.19954017698835816
5273,2746545.0,0.20172892724041327
5274,2746605.0,0.20372156639129804
5275,2746665.0,0.2057873110452493
5276,2746725.0,0.20785388923980272
5277,2746785.0,0.20932248930346817
5278,2746845.0,0.21095300967308087
5279,2746905.0,0.21263688060468153
5280,2746965.0,0.21419758236808686
5281,2747025.0,0.21569362990062177
5282,2747085.0,0.21711850602032293
5283,2747145.0,0.21864982023817472
5284,2747205.0,0.22023000488390163
5285,2747265.0,0.22182611564290936
5286,2747325.0,0.22338828805624547
5287,2747385.0,0.22491014626386915
5288,2747445.0,0.2263662156077402
5289,2747505.0,0.22636199393463488
5290,2747565.0,0.22637470197586532
5291,2747625.0,0.22644102913757017
5292,2747685.0,0.2286442069155705
5293,2747745.0,0.23102648104760995
5294,2747805.0,0.23336885724259057
5295,2747865.0,0.2356206980329136
5296,2747925.0,0.2377781832520011
5297,2747988.0,0.24005320328451388
5298,2748045.0,0.24228822888312182
5299,2748108.0,0.24439142334415545
5300,2748165.0,0.24650059802736382
5301,2748225.0,0.2485700782122882
5302,2748285.0,0.250139343905719
5303,2748345.0,0.2517346574766238
5304,2748405.0,0.25326194214358944
5305,2748465.0,0.2548643821448985
5306,2748525.0,0.2564312287323488
5307,2748588.0,0.2579914145151252
5308,2748645.0,0.25950901595634557
5309,2748705.0,0.26105219295697546
5310,2748765.0,0.2626245589115317
5311,2748825.0,0.26418808242465763
5312,2748885.0,0.2657396347027672
5313,2748945.0,0.26723320620628965
5314,2749005.0,0.26869578118855286
5315,2749065.0,0.2701546754274665
5316,2749125.0,0.27162978194647935
5317,2749185.0,0.273067832781709
5318,2749245.0,0.27449562261738847
5319,2749305.0,0.27590977559359786
5320,2749365.0,0.2773347792636668
5321,2749425.0,0.27874521321065515
5322,2749485.0,0.28020155327234664
5323,2749545.0,0.28165603594910493
5324,2749605.0,0.28314632135540485
5325,2749665.0,0.28457966453235206
5326,2749725.0,0.2860956723933854
5327,2749785.0,0.2876023443576614
5328,2749845.0,0.2891043468944665
5329,2749905.0,0.2906519776476286
5330,2749965.0,0.2907159128982091
5331,2750025.0,0.2908670880172638
5332,2750085.0,0.29108391780771237
5333,2750145.0,0.293146203243709
5334,2750205.0,0.2947889972240877
5335,2750265.0,0.29693982673321406
5336,2750325.0,0.2991599358244851
5337,2750385.0,0.3008482486889792
5338,2750445.0,0.3023437254676403
5339,2750505.0,0.30356380101350167
5340,2750565.0,0.304717460102098
5341,2750625.0,0.3057269846095877
5342,2750685.0,0.30671271467125916
5343,2750745.0,0.30774621811385405
5344,2750805.0,0.30877115409164846
5345,2750865.0,0.30841099851514575
5346,2750925.0,0.308165905663322
5347,2750985.0,0.30795476157014234
5348,2751045.0,0.3077587531876562
5349,2751105.0,0.307544961819887
5350,2751165.0,0.30913405560109575
5351,2751225.0,0.31060578758105695
5352,2751285.0,0.3101705485775894
5353,2751345.0,0.31015992694835404
5354,2751405.0,0.3102826774498526
5355,2751465.0,0.3103347937308949
5356,2751525.0,0.3103097061041773
5357,2751585.0,0.31014330067770823
5358,2751645.0,0.30995462556679376
5359,2751705.0,0.30979913079855614
5360,2751765.0,0.3095815063105454
5361,2751825.0,0.3094021680740834
5362,2751885.0,0.30924006917503943
5363,2751945.0,0.3089957947517441
5364,2752005.0,0.30879792692667707
5365,2752065.0,0.3100192984362402
5366,2752125.0,0.3113581061712253
5367,2752185.0,0.31260887612418
5368,2752245.0,0.31382635135078407
5369,2752305.0,0.3129583256603584
5370,2752365.0,0.3126522044895067
5371,2752425.0,0.3126444747909305
5372,2752485.0,0.3126726562074025
5373,2752545.0,0.3125727935620227
5374,2752605.0,0.31250875623960717
5375,2752665.0,0.312344569705193
5376,2752725.0,0.31222679562538713
5377,2752785.0,0.3120502874507949
5378,2752845.0,0.31189381296541985
5379,2752905.0,0.31174290240307756
5380,2752965.0,0.3115378147516643
5381,2753025.0,0.3113538309427908
5382,2753085.0,0.31268375228767664
5383,2753145.0,0.31407785599133586
5384,2753205.0,0.31530456736668133
5385,2753265.0,0.3163777712359813
5386,2753328.0,0.31562016583975006
5387,2753385.0,0.3150325361523947
5388,2753445.0,0.31467457188066883
5389,2753505.0,0.3144648850422912
5390,2753565.0,0.31414998172308806
5391,2753625.0,0.31395572003014427
5392,2753685.0,0.3137280965375745
5393,2753745.0,0.3135966625439829
5394,2753805.0,0.3134338589647191
5395,2753865.0,0.31330201569010085
5396,2753925.0,0.3132146524321414
5397,2753985.0,0.3130720776807173
5398,2754045.0,0.3145727273486655
5399,2754105.0,0.31592820605152216
5400,2754165.0,0.3173119111749827
5401,2754225.0,0.3185143150443551
5402,2754285.0,0.31795063949495017
5403,2754345.0,0.3177215536692628
5404,2754405.0,0.3174828704626371
5405,2754465.0,0.31740823009787145
5406,2754525.0,0.3172259051053229
5407,2754585.0,0.31705975997990676
5408,2754645.0,0.3168827345442029
5409,2754705.0,0.3167480034810558
5410,2754765.0,0.3166379854197572
5411,2754825.0,0.3165050842035816
5412,2754885.0,0.3164525764372673
5413,2754945.0,0.3177612935957371
5414,2755005.0,0.3191953747242965
5415,2755065.0,0.32045572808115697
5416,2755125.0,0.32179845679521357
5417,2755185.0,0.3212806492586727
5418,2755245.0,0.3211601862593456
5419,2755305.0,0.32113879263834355
5420,2755365.0,0.3211714855034564
5421,2755425.0,0.32104060305220883
5422,2755485.0,0.3210624181346353
5423,2755545.0,0.3209776275535595
5424,2755605.0,0.32084968235029265
5425,2755665.0,0.320729616466081
5426,2755725.0,0.3206496586957964
5427,2755785.0,0.32059009962891183
5428,2755845.0,0.3205365109791274
5429,2755905.0,0.3204278227383308
5430,2755965.0,0.32185707806791375
5431,2756025.0,0.3232424804569801
5432,2756085.0,0.324591921592581
5433,2756145.0,0.32440046887485174
5434,2756205.0,0.32425024729686547
5435,2756265.0,0.3242572561959337
5436,2756325.0,0.3242746753851443
5437,2756385.0,0.32431280979462085
5438,2756445.0,0.3242675089019299
5439,2756508.0,0.3242608372113386
5440,2756565.0,0.32423058751164235
5441,2756625.0,0.3242280985173792
5442,2756685.0,0.3228608751826728
5443,2756745.0,0.32154991624202833
5444,2756805.0,0.3201534594880743
5445,2756865.0,0.3187227245915909
5446,2756925.0,0.3190528916426979
5447,2756985.0,0.3209345016896842
5448,2757045.0,0.32268947478363974
5449,2757105.0,0.3241760119107572
5450,2757165.0,0.32587610481731477
5451,2757225.0,0.32553963891242665
5452,2757285.0,0.32536660473553536
5453,2757345.0,0.3251963511367698
5454,2757405.0,0.32526147228280655
5455,2757465.0,0.32515949143975853
5456,2757525.0,0.3251286619993351
5457,2757585.0,0.3251055497307219
5458,2757645.0,0.32518028010958344
5459,2757705.0,0.32522205582029284
5460,2757765.0,0.325215090260614
5461,2757825.0,0.3252067436288809
5462,2757885.0,0.3251763650208208
5463,2757945.0,0.32514843138575344
5464,2758005.0,0.3250890590446043
5465,2758065.0,0.32498940705029733
5466,2758125.0,0.3249044916426128
5467,2758185.0,0.32484616726698146
5468,2758245.0,0.3248141523880944
5469,2758305.0,0.3261639273014826
5470,2758365.0,0.3275254982687209
5471,2758425.0,0.3288340279939109
5472,2758485.0,0.3285643906293625
5473,2758545.0,0.3280722796863329
5474,2758605.0,0.3276832766534433
5475,2758665.0,0.32736055515862683
5476,2758725.0,0.3271440864697017
5477,2758785.0,0.3268437849304431
5478,2758845.0,0.32665968085599195
5479,2758905.0,0.32646516591473984
5480,2758965.0,0.3260821324654464
5481,2759025.0,0.3256717257114605
5482,2759085.0,0.3252809586711639
5483,2759145.0,0.32512563434808694
5484,2759205.0,0.32494078383107483
5485,2759265.0,0.324821695537712
5486,2759325.0,0.3246948492502414
5487,2759385.0,0.3244522027264197
5488,2759445.0,0.3244057387248649
5489,2759505.0,0.3243000888932045
5490,2759565.0,0.3243688997043971
5491,2759625.0,0.32444266663432375
5492,2759685.0,0.32462679751218737
5493,2759745.0,0.32462150443607696
5494,2759805.0,0.32480298084099857
5495,2759865.0,0.32507649329673305
5496,2759925.0,0.32537076131721976
5497,2759985.0,0.32577187830764787
5498,2760045.0,0.3261052126062898
5499,2760105.0,0.32652029400867444
5500,2760165.0,0.3268940393582066
5501,2760225.0,0.32726236833207245
5502,2760285.0,0.3276731796715612
5503,2760345.0,0.32803461560807634
5504,2760405.0,0.32838979051036643
5505,2760465.0,0.32885635636338517
5506,2760525.0,0.3292345066958101
5507,2760585.0,0.3304025433775316
5508,2760645.0,0.3313765448143905
5509,2760705.0,0.3322389324217553
5510,2760765.0,0.33461521886639656
5511,2760825.0,0.3369128601812842
5512,2760885.0,0.33919989249624993
5513,2760945.0,0.3396480553448292
5514,2761008.0,0.3405209077835917
5515,2761065.0,0.34090367071367733
5516,2761125.0,0.341228007317123
5517,2761185.0,0.34203833656666527
5518,2761245.0,0.34303924520096374
5519,2761305.0,0.344212184109439
5520,2761365.0,0.34536538979268494
5521,2761425.0,0.3456246697478981
5522,2761485.0,0.34580314943582124
5523,2761545.0,0.34598566994824365
5524,2761605.0,0.34460922449683784
5525,2761665.0,0.34465036942212113
5526,2761725.0,0.34462201865575104
5527,2761785.0,0.34455035119718624
5528,2761845.0,0.3444568787058232
5529,2761905.0,0.3458280883654822
5530,2761965.0,0.34549843472842634
5531,2762025.0,0.34522225845001897
5532,2762085.0,0.345008031100986
5533,2762145.0,0.3448181223959935
5534,2762205.0,0.3447607175988897
5535,2762265.0,0.3446729571210482
5536,2762325.0,0.3446869721225204
5537,2762385.0,0.3447814587111383
5538,2762445.0,0.34490068081757064
5539,2762505.0,0.34492975250761904
5540,2762565.0,0.34507658608346337
5541,2762625.0,0.34511360967272997
5542,2762685.0,0.345151595814676
5543,2762745.0,0.34382714930397074
5544,2762805.0,0.3424192846256582
5545,2762865.0,0.34113750782861463
5546,2762925.0,0.3398628451488138
5547,2762985.0,0.3385575899124411
5548,2763045.0,0.33905570366886395
5549,2763108.0,0.33932543735866216
5550,2763165.0,0.33952820680938156
5551,2763225.0,0.3395877463283027
5552,2763285.0,0.33969880464846647
5553,2763345.0,0.3397911651676242
5554,2763405.0,0.3397708754069031
5555,2763465.0,0.33981640089580756
5556,2763525.0,0.33979455863052765
5557,2763585.0,0.33978488913619176
5558,2763645.0,0.33975656429300305
5559,2763705.0,0.3396602379650896
5560,2763765.0,0.3396047045410514
5561,2763825.0,0.33948608927928936
5562,2763885.0,0.3394298448853288
5563,2763945.0,0.33922318707204846
5564,2764005.0,0.3393698028736657
5565,2764065.0,0.33979530506887723
5566,2764125.0,0.3403757981189156
5567,2764185.0,0.34175546402551593
5568,2764245.0,0.34308294101077597
5569,2764305.0,0.3439438177571793
5570,2764365.0,0.34471840256496356
5571,2764425.0,0.34551132324551903
5572,2764485.0,0.34639612151409416
5573,2764545.0,0.3472930439738442
5574,2764605.0,0.34829095439323454
5575,2764665.0,0.34926096744187185
5576,2764725.0,0.35025018738381464
5577,2764785.0,0.35127096447649475
5578,2764845.0,0.35146283413725865
5579,2764905.0,0.35153942162929697
5580,2764965.0,0.3513350254820935
5581,2765025.0,0.35129092789435357
5582,2765085.0,0.3513142630144134
5583,2765148.0,0.35124299078109644
5584,2765205.0,0.3498503815400781
5585,2765265.0,0.3483352662396194
5586,2765325.0,0.3469842563045492
5587,2765388.0,0.3456127842918456
5588,2765445.0,0.3442779550249452
5589,2765505.0,0.34455847260968586
5590,2765565.0,0.3446907973163138
5591,2765625.0,0.34462644019488187
5592,2765685.0,0.3444146917608769
5593,2765745.0,0.3442910879983363
5594,2765805.0,0.3443144444598377
5595,2765865.0,0.34452742586242946
5596,2765925.0,0.34461588918072417
5597,2765985.0,0.3446809639004801
5598,2766045.0,0.3432712301210452
5599,2766105.0,0.34195821187848663
5600,2766165.0,0.3406166412877444
5601,2766225.0,0.3393224169179373
5602,2766285.0,0.337907843950103
5603,2766345.0,0.33645081229587714
5604,2766405.0,0.3366499124151169
5605,2766465.0,0.3366888934393313
5606,2766525.0,0.33672331909418374
5607,2766585.0,0.3368203604106673
5608,2766645.0,0.33676628640973316
5609,2766705.0,0.336493857451611
5610,2766765.0,0.3363156887711122
5611,2766825.0,0.3362229114092109
5612,2766885.0,0.33630875921004766
5613,2766945.0,0.33632426791872105
5614,2767005.0,0.33644393532506056
5615,2767065.0,0.3365070141881682
5616,2767125.0,0.33511516330046953
5617,2767185.0,0.33374335131942223
5618,2767245.0,0.33242223951023364
5619,2767305.0,0.3311003746833939
5620,2767365.0,0.3297229980764178
5621,2767425.0,0.33002171141172165
5622,2767485.0,0.3315159086271522
5623,2767545.0,0.3328303293859498
5624,2767605.0,0.33416714064567743
5625,2767665.0,0.33539987310680475
5626,2767725.0,0.33500315659002433
5627,2767785.0,0.33451099216800995
5628,2767845.0,0.3341729427946767
5629,2767905.0,0.3341069844951634
5630,2767965.0,0.33389846910631227
5631,2768025.0,0.333914183651856
5632,2768085.0,0.334143124792882
5633,2768148.0,0.3345071769888104
5634,2768205.0,0.33499754070145804
5635,2768265.0,0.3354922405541604
5636,2768325.0,0.33597079628436843
5637,2768385.0,0.3364142107451482
5638,2768445.0,0.3369068591543122
5639,2768505.0,0.3372870023525193
5640,2768565.0,0.3378197641471742
5641,2768625.0,0.33842121315694784
5642,2768688.0,0.33900371207204694
5643,2768745.0,0.33978812304610206
5644,2768805.0,0.3404240041280824
5645,2768865.0,0.3412383778017255
5646,2768925.0,0.3421544962492141
5647,2768985.0,0.34265693525931995
5648,2769045.0,0.34306100870539946
5649,2769105.0,0.3435386552512003
5650,2769165.0,0.3422074433503862
5651,2769225.0,0.34085799875460376
5652,2769285.0,0.3395349816598644
5653,2769345.0,0.33831679269942494
5654,2769405.0,0.3370486938513546
5655,2769465.0,0.33576126144048224
5656,2769525.0,0.334384670858203
5657,2769585.0,0.3349209932721271
5658,2769645.0,0.3351779865978429
5659,2769705.0,0.3353014841346712
5660,2769765.0,0.33536907186460585
5661,2769825.0,0.33551039870699617
5662,2769885.0,0.33585934094657754
5663,2769945.0,0.33604962218574685
5664,2770005.0,0.33625616722818585
5665,2770065.0,0.33489434162434506
5666,2770125.0,0.3335090027369507
5667,2770185.0,0.3322840354628319
5668,2770245.0,0.3309787143831362
5669,2770305.0,0.32968060543261957
5670,2770365.0,0.3281950083050037
5671,2770425.0,0.32663045681295866
5672,2770485.0,0.3266541972704814
5673,2770545.0,0.32662323751077904
5674,2770605.0,0.3265360349772609
5675,2770665.0,0.3262476512727067
5676,2770725.0,0.32605477879618106
5677,2770785.0,0.3258324917092744
5678,2770845.0,0.3257118170235048
5679,2770905.0,0.32397446493199455
5680,2770965.0,0.3221806300609339
5681,2771025.0,0.32047643012973426
5682,2771085.0,0.31874433110979117
5683,2771145.0,0.3170763508358272
5684,2771205.0,0.31532548905567903
5685,2771265.0,0.3151865436909872
5686,2771325.0,0.3149867105897818
5687,2771385.0,0.3138146705897026
5688,2771445.0,0.3129706036827
5689,2771505.0,0.31207700223578605
5690,2771565.0,0.31126201247413865
5691,2771625.0,0.31054552665769375
5692,2771685.0,0.3081259126726672
5693,2771745.0,0.30566323088809955
5694,2771805.0,0.303297884736762
5695,2771865.0,0.30094442002918864
5696,2771925.0,0.2985959388077932
5697,2771985.0,0.29621497910179007
5698,2772045.0,0.2956536175865495
5699,2772105.0,0.29470079499468127
5700,2772165.0,0.29339404417945314
5701,2772225.0,0.2930088766488794
5702,2772285.0,0.2928546008960977
5703,2772345.0,0.29279092010896346
5704,2772405.0,0.29426650848483393
5705,2772465.0,0.294144145140371
5706,2772525.0,0.29399935770891383
5707,2772585.0,0.2939418994381825
5708,2772645.0,0.2939319694383776
5709,2772705.0,0.29423680398647645
5710,2772765.0,0.2947634187173741
5711,2772825.0,0.2948229133475673
5712,2772885.0,0.2946958616628046
5713,2772945.0,0.29476028502705154
5714,2773005.0,0.29464434110506965
5715,2773065.0,0.2947352788776133
5716,2773125.0,0.2947504893434323
5717,2773185.0,0.29489559544395716
5718,2773245.0,0.29482927324614594
5719,2773305.0,0.29493997362237934
5720,2773365.0,0.29487292450114966
5721,2773425.0,0.29502776925116414
5722,2773485.0,0.29507383552090705
5723,2773545.0,0.29663615650899877
5724,2773605.0,0.29814076019974867
5725,2773665.0,0.29809726519547985
5726,2773725.0,0.29798935388472914
5727,2773785.0,0.29800226937038055
5728,2773845.0,0.2962842722890662
5729,2773905.0,0.2947536306249884
5730,2773968.0,0.2954007495235347
5731,2774025.0,0.2956108207800313
5732,2774085.0,0.29560059579750675
5733,2774145.0,0.2956937771994793
5734,2774205.0,0.29592294594913504
5735,2774265.0,0.29469735253585727
5736,2774325.0,0.29339803695758826
5737,2774385.0,0.2921286967119524
5738,2774445.0,0.2909983722276851
5739,2774505.0,0.2899739492140915
5740,2774565.0,0.28881320544258093
5741,2774625.0,0.2876538958684147
5742,2774685.0,0.2882616533612129
5743,2774745.0,0.28854025977983155
5744,2774805.0,0.2884872055317419
5745,2774865.0,0.2883991292145507
5746,2774925.0,0.288289574305547
5747,2774985.0,0.285847270630018
5748,2775045.0,0.28338417428888896
5749,2775105.0,0.2812892145556537
5750,2775165.0,0.2793782510159716
5751,2775225.0,0.2772398411634095
5752,2775285.0,0.2750633137003039
5753,2775345.0,0.274849218475932
5754,2775405.0,0.2741026053963703
5755,2775465.0,0.2733450770405448
5756,2775525.0,0.27248745318569956
5757,2775585.0,0.2717036200694103
5758,2775645.0,0.269951194989299
5759,2775705.0,0.2684775064990901
5760,2775765.0,0.2672379796462093
5761,2775825.0,0.2660503891451652
5762,2775885.0,0.2646099900682237
5763,2775945.0,0.2647499331739386
5764,2776005.0,0.26649599649236744
5765,2776065.0,0.26801286130359425
5766,2776125.0,0.26952034339320363
5767,2776185.0,0.27092152178365125
5768,2776245.0,0.2709443591563664
5769,2776305.0,0.26920151917313573
5770,2776365.0,0.2676712074837244
5771,2776425.0,0.26641909882391657
5772,2776485.0,0.2652406773127337
5773,2776545.0,0.264030084311789
5774,2776605.0,0.2642340938562584
5775,2776665.0,0.26435417864222155
5776,2776725.0,0.2642223455685613
5777,2776785.0,0.26430879988831046
5778,2776845.0,0.26586495085228534
5779,2776905.0,0.26559278301564593
5780,2776965.0,0.2649066177626347
5781,2777025.0,0.26426133550268127
5782,2777085.0,0.2636172673445929
5783,2777145.0,0.2630296099136239
5784,2777205.0,0.26081808111246807
5785,2777265.0,0.25877066584368147
5786,2777325.0,0.25669989684638483
5787,2777385.0,0.25453491342664836
5788,2777445.0,0.2525496369382555
5789,2777505.0,0.25082019121536925
5790,2777565.0,0.2489484191395618
5791,2777625.0,0.24726672586026008
5792,2777685.0,0.24536162496221472
5793,2777745.0,0.24361912395523852
5794,2777805.0,0.24189486194721546
5795,2777865.0,0.24032693713800404
5796,2777925.0,0.24037845800581434
5797,2777985.0,0.2404119015903227
5798,2778045.0,0.24042189696534302
5799,2778105.0,0.24043012574740166
5800,2778165.0,0.2405187407087331
5801,2778225.0,0.23895211084222842
5802,2778285.0,0.23752395348332736
5803,2778345.0,0.23632647420975714
5804,2778405.0,0.2349868682842257
5805,2778465.0,0.23379692169214597
5806,2778525.0,0.23501412217290776
5807,2778585.0,0.2354668976015261
5808,2778645.0,0.23564968061548794
5809,2778705.0,0.23581490981127787
5810,2778765.0,0.23588155109615785
5811,2778825.0,0.2342341835707155
5812,2778885.0,0.23240600532591724
5813,2778945.0,0.23072174273908083
5814,2779005.0,0.22917094195077528
5815,2779065.0,0.22720301231338366
5816,2779125.0,0.22507164922643572
5817,2779185.0,0.22308365985428827
5818,2779245.0,0.2209547666197911
5819,2779305.0,0.21891114179930568
5820,2779368.0,0.2167845320496851
5821,2779425.0,0.21459584766246767
5822,2779488.0,0.2124653077386545
5823,2779545.0,0.21011959300166236
5824,2779605.0,0.20794818469148044
5825,2779665.0,0.205602408925071
5826,2779725.0,0.20316146553402056
5827,2779785.0,0.20111341820803122
5828,2779845.0,0.19917481806339085
5829,2779905.0,0.1971938452103136
5830,2779965.0,0.1969651100651255
5831,2780025.0,0.19676426850814835
5832,2780085.0,0.19654389626127447
5833,2780145.0,0.19628106735500553
5834,2780205.0,0.19600504918214265
5835,2780265.0,0.19577958293099543
5836,2780325.0,0.19564054882887574
5837,2780385.0,0.19356354411183233
5838,2780445.0,0.1916805265467141
5839,2780505.0,0.19007461845736048
5840,2780565.0,0.18871122815204003
5841,2780625.0,0.18733309455152095
5842,2780685.0,0.18572548235399458
5843,2780745.0,0.18402925718224203
5844,2780805.0,0.18235257557500703
5845,2780865.0,0.18219258455979045
5846,2780925.0,0.1820503074054632
5847,2780985.0,0.1818317111694984
5848,2781045.0,0.18157820994896204
5849,2781105.0,0.1813912202299299
5850,2781165.0,0.18121039504075034
5851,2781225.0,0.1811146038431883
5852,2781285.0,0.17931991195967364
5853,2781345.0,0.17780948104849706
5854,2781405.0,0.17617409941603798
5855,2781465.0,0.17463144062840433
5856,2781525.0,0.1729586104104799
5857,2781585.0,0.17121731828160938
5858,2781645.0,0.1694407286306888
5859,2781705.0,0.16920615854973756
5860,2781765.0,0.16905321081752409
5861,2781825.0,0.16884088091789437
5862,2781885.0,0.16857577795752268
5863,2781945.0,0.16831069089383058
5864,2782005.0,0.16809024848263573
5865,2782065.0,0.1661870645137574
5866,2782125.0,0.16437552768842392
5867,2782185.0,0.16274398283140437
5868,2782245.0,0.1610168691333215
5869,2782305.0,0.1593917239485034
5870,2782365.0,0.1576574584024271
5871,2782425.0,0.1558301262630121
5872,2782485.0,0.15564365813284367
5873,2782545.0,0.15547488425471587
5874,2782605.0,0.15520922331290923
5875,2782665.0,0.15493287423554017
5876,2782725.0,0.15466777823197134
5877,2782785.0,0.15444625565903744
5878,2782845.0,0.15239889725435932
5879,2782905.0,0.15073672321073814
5880,2782965.0,0.1494332371691491
5881,2783025.0,0.14808977891776812
5882,2783085.0,0.146569022512033
5883,2783145.0,0.1449432294853418
5884,2783205.0,0.14331527869255564
5885,2783265.0,0.14326457724464145
5886,2783325.0,0.1432117660702217
5887,2783385.0,0.14308516619146963
5888,2783445.0,0.14294281196062428
5889,2783505.0,0.14104012085134146
5890,2783565.0,0.138812712575224
5891,2783625.0,0.13716704253598924
5892,2783685.0,0.13571847985464505
5893,2783745.0,0.1341014790039178
5894,2783805.0,0.13255201024015092
5895,2783865.0,0.13086481211039327
5896,2783925.0,0.12923874457500054
5897,2783985.0,0.1275098381051871
5898,2784045.0,0.1259653186990888
5899,2784105.0,0.12429801415072719
5900,2784165.0,0.12275289843775197
5901,2784225.0,0.12106627323722965
5902,2784285.0,0.11949495949099845
5903,2784345.0,0.11781006357354465
5904,2784405.0,0.11619584269202579
5905,2784465.0,0.11610808515833757
5906,2784525.0,0.11603441931607897
5907,2784585.0,0.11588048818107458
5908,2784645.0,0.1156547414376802
5909,2784705.0,0.11548447281025567
5910,2784765.0,0.1132052031767963
5911,2784825.0,0.11147106815276434
5912,2784885.0,0.10990597400936589
5913,2784945.0,0.10832700755387545
5914,2785005.0,0.1066519971996305
5915,2785065.0,0.10642781392547765
5916,2785125.0,0.1062983459513637
5917,2785185.0,0.10610608915123246
5918,2785245.0,0.10577651529419455
5919,2785305.0,0.10535592044634953
5920,2785365.0,0.10504885859570792
5921,2785425.0,0.10471890072892467
5922,2785485.0,0.10260526088747682
5923,2785545.0,0.10082463746449113
5924,2785605.0,0.0991074949219217
5925,2785665.0,0.09728856678692724
5926,2785725.0,0.09537008192408444
5927,2785785.0,0.09506229508596711
5928,2785845.0,0.09483106488626944
5929,2785905.0,0.09453262492502426
5930,2785965.0,0.09418545368578171
5931,2786025.0,0.09400146913549298
5932,2786085.0,0.09391843006723902
5933,2786145.0,0.09179150685312173
5934,2786205.0,0.09019508010422997
5935,2786265.0,0.08850903138511032
5936,2786325.0,0.08677637782791495
5937,2786385.0,0.08498688610133956
5938,2786445.0,0.08492094984236756
5939,2786505.0,0.08478918390966514
5940,2786565.0,0.08462752628082251
5941,2786625.0,0.0844190530578389
5942,2786685.0,0.0843197516132552
5943,2786745.0,0.08267947494283381
5944,2786805.0,0.08080149793532629
5945,2786865.0,0.07919681910530649
5946,2786925.0,0.07752278233634971
5947,2786985.0,0.07591502834225675
5948,2787045.0,0.07573929459565557
5949,2787105.0,0.07566654465586145
5950,2787165.0,0.07551729524951575
5951,2787225.0,0.07533349310928752
5952,2787288.0,0.07515543590009513
5953,2787345.0,0.07501843338921624
5954,2787405.0,0.07321517160875293
5955,2787465.0,0.07143104128521235
5956,2787525.0,0.06991180361606256
5957,2787588.0,0.067797631144802
5958,2787645.0,0.06569409363259407
5959,2787708.0,0.06535784037452777
5960,2787765.0,0.06536230904412874
5961,2787825.0,0.06535242840554975
5962,2787885.0,0.06534129893276977
5963,2787945.0,0.06534038661180322
5964,2788005.0,0.06535452760389612
5965,2788065.0,0.06537654725495837
5966,2788125.0,0.06540823922851255
5967,2788185.0,0.0654393863727453
5968,2788245.0,0.06546694618993318
5969,2788305.0,0.06549037385075465
5970,2788365.0,0.06551918250214353
5971,2788425.0,0.0652836532616782
5972,2788485.0,0.06510185952761885
5973,2788545.0,0.06483168329925551
5974,2788605.0,0.06443195706521579
5975,2788665.0,0.06391766942351665
5976,2788725.0,0.06331427931268355
5977,2788788.0,0.06266320721904758
5978,2788845.0,0.06198200169286858
5979,2788905.0,0.06130138817307393
5980,2788965.0,0.060597248027005474
5981,2789025.0,0.05989477611241936
5982,2789085.0,0.05924233120053593
5983,2789145.0,0.05851795652094799
5984,2789205.0,0.05786426140670911
5985,2789265.0,0.05719416002294636
5986,2789325.0,0.05399621682820496
5987,2789385.0,0.051547294318980114
5988,2789445.0,0.049363350639839126
5989,2789505.0,0.04712250984719288
5990,2789565.0,0.04495617944164504
5991,2789625.0,0.044421838218089815
5992,2789685.0,0.04389367963188101
5993,2789745.0,0.04318785763191044
5994,2789805.0,0.042188924492947005
5995,2789865.0,0.04169911904187712
5996,2789925.0,0.04131207005838505
5997,2789985.0,0.040876086882466856
5998,2790045.0,0.04045549723521785
5999,2790105.0,0.040043018626789856
6000,2790165.0,0.039616932036376895
6001,2790225.0,0.03919874149098715
6002,2790285.0,0.03877163468991027
6003,2790345.0,0.03835461635414189
6004,2790405.0,0.03793154196278878
6005,2790465.0,0.0375198217130395
6006,2790525.0,0.03711471341567282
6007,2790585.0,0.03670934696065575
6008,2790645.0,0.03630874441075643
6009,2790705.0,0.03590413560479347
6010,2790765.0,0.035508582033308506
6011,2790825.0,0.0351052811442919
6012,2790885.0,0.03470034596998137
6013,2790945.0,0.034283046369976616
6014,2791005.0,0.03387351461008484
6015,2791065.0,0.03347027800740085
6016,2791125.0,0.03306808734425368
6017,2791188.0,0.03266996715695078
6018,2791245.0,0.03228223470922914
6019,2791305.0,0.031889543251960834
6020,2791365.0,0.03149527977182193
6021,2791425.0,0.031105500950357162
6022,2791485.0,0.03070661017750481
6023,2791545.0,0.030306067558145272
6024,2791605.0,0.029906512393483853
6025,2791665.0,0.029497361954242823
6026,2791725.0,0.029091550174002417
6027,2791788.0,0.028668576934297335
6028,2791845.0,0.028237632963967085
6029,2791905.0,0.027807976831531633
6030,2791965.0,0.02737688014980047
6031,2792025.0,0.026961766477220733
6032,2792088.0,0.02654672202224284
6033,2792145.0,0.026129018634181184
6034,2792205.0,0.025719704782454555
6035,2792265.0,0.02532261424527449
6036,2792325.0,0.02492919305325178
6037,2792385.0,0.024535380221414882
6038,2792445.0,0.024145634771657376
6039,2792505.0,0.023758174300581913
6040,2792568.0,0.023364335941795905
6041,2792625.0,0.02296599180447198
6042,2792685.0,0.022560480164456886
6043,2792745.0,0.02214817925946916
6044,2792805.0,0.021732355947045007
6045,2792865.0,0.021321069115508545
6046,2792925.0,0.020907418657094556
6047,2792985.0,0.020499682842784334
6048,2793045.0,0.020083474871452234
6049,2793105.0,0.019669030797422993
6050,2793168.0,0.019251291552080857
6051,2793225.0,0.01883916308780209
6052,2793285.0,0.01842401967891713
6053,2793345.0,0.018020696242401768
6054,2793405.0,0.01761735516549348
6055,2793465.0,0.017211904342050416
6056,2793525.0,0.01681428955992026
6057,2793585.0,0.016409660331956538
6058,2793645.0,0.015999950149365283
6059,2793705.0,0.015592994822748368
6060,2793765.0,0.015183515401376718
6061,2793825.0,0.014771856817343193
6062,2793885.0,0.014351900771765985
6063,2793945.0,0.013931527611592637
6064,2794005.0,0.0135155754568958
6065,2794065.0,0.013096163772458619
6066,2794125.0,0.012697715333272214
6067,2794185.0,0.012295565094520483
6068,2794245.0,0.011900213747804034
6069,2794305.0,0.011544702926255479
6070,2794365.0,0.01120948174221112
6071,2794425.0,0.01086820466541219
6072,2794485.0,0.01050718334797357
6073,2794545.0,0.01013142263651809
6074,2794605.0,0.009758119539203386
6075,2794665.0,0.009378007239686431
6076,2794725.0,0.008997841925765998
6077,2794785.0,0.008598868555738076
6078,2794845.0,0.008186080897691989
6079,2794905.0,0.007764186138915274
6080,2794965.0,0.007333529184916088
6081,2795025.0,0.0069066805438808
6082,2795085.0,0.006460749741727889
6083,2795145.0,0.006007831681685755
6084,2795205.0,0.005565371084730264
6085,2795265.0,0.005121510633788323
6086,2795325.0,0.004694207884888252
6087,2795385.0,0.004263585175078771
6088,2795445.0,0.003834441315164111
6089,2795505.0,0.0034092658809926346
6090,2795565.0,0.0029923571492932732
6091,2795625.0,0.0025871170581547864
6092,2795685.0,0.00216881592521026
6093,2795745.0,0.0017682722136817264
6094,2795805.0,0.0013631921806913083
6095,2795865.0,0.0009585785323692753
6096,2795925.0,0.0005746180276375301
6097,2795985.0,0.00018754974490059473
6098,2796045.0,-0.00018276827416208175
6099,2796105.0,-0.0005375775584198494
6100,2796165.0,-0.000871131502737349
6101,2796225.0,-0.0011893191629910593
6102,2796285.0,-0.001513547651791819
6103,2796345.0,-0.0018278536711202609
6104,2796405.0,-0.0021323800958827077
6105,2796465.0,-0.002423300467399192
6106,2796525.0,-0.0027101132356946167
6107,2796585.0,-0.003008145868709594
6108,2796645.0,-0.003310171294056724
6109,2796705.0,-0.0036136678566938696
6110,2796765.0,-0.003919395344136406
6111,2796825.0,-0.0043011299933888025
6112,2796885.0,-0.004794639417058405
6113,2796945.0,-0.005304535927536241
6114,2797005.0,-0.005895559144541013
6115,2797065.0,-0.006397446503214249
6116,2797125.0,-0.006818912053517839
6117,2797185.0,-0.007247373521866357
6118,2797245.0,-0.00769162725655842
6119,2797308.0,-0.008151930598542634
6120,2797365.0,-0.00861488695537685
6121,2797425.0,-0.009074410510798298
6122,2797485.0,-0.009532029114483948
6123,2797545.0,-0.00998030080616305
6124,2797605.0,-0.010414611054612527
6125,2797665.0,-0.010838950095322014
6126,2797725.0,-0.011254525476294769
6127,2797785.0,-0.011664092039695484
6128,2797845.0,-0.012075927820569904
6129,2797905.0,-0.012495835795983984
6130,2797965.0,-0.012915693519496535
6131,2798025.0,-0.013334230969225064
6132,2798085.0,-0.013764011627284689
6133,2798145.0,-0.01419213632488267
6134,2798205.0,-0.01461383708317654
6135,2798265.0,-0.015036015293701382
6136,2798325.0,-0.015436079974993466
6137,2798385.0,-0.015446370837599976
6138,2798445.0,-0.015453619202482977
6139,2798505.0,-0.015454782571918985
6140,2798565.0,-0.015441437457617085
6141,2798625.0,-0.015412494200934296
6142,2798685.0,-0.015373878621759735
6143,2798745.0,-0.015328633217816662
6144,2798805.0,-0.015282683808993863
6145,2798865.0,-0.01524086655653753
6146,2798925.0,-0.015203726289769043
6147,2798985.0,-0.015172511842889397
6148,2799045.0,-0.015132873907718752
6149,2799105.0,-0.015092531967668493
6150,2799165.0,-0.015056322183984727
6151,2799225.0,-0.015031419210757124
6152,2799285.0,-0.015014780550262258
6153,2799345.0,-0.014998141889767364
6154,2799405.0,-0.014986180214960315
6155,2799465.0,-0.014974763369474675
6156,2799525.0,-0.01495796553342163
6157,2799585.0,-0.014934537872600157
6158,2799645.0,-0.014905729221211222
6159,2799705.0,-0.01487746539914378
6160,2799765.0,-0.014853333733442664
6161,2799825.0,-0.014833334224107902
6162,2799885.0,-0.014812085880572173
6163,2799945.0,-0.01479496969340277
6164,2800005.0,-0.014776604672032206
6165,2800065.0,-0.014756990816460785
6166,2800125.0,-0.014737921790210745
6167,2800188.0,-0.014713471773393244
6168,2800245.0,-0.01469315391294218
6169,2800305.0,-0.014675174545335012
6170,2800368.0,-0.014658988841250303
6171,2800425.0,-0.01464155430296446
6172,2800485.0,-0.01462770709172373
6173,2800545.0,-0.014612611046281837
6174,2800605.0,-0.014594472503116407
6175,2800665.0,-0.014578127623473602
6176,2800725.0,-0.014562327573152123
6177,2800785.0,-0.014546527522830699
6178,2800845.0,-0.0145312723018306
6179,2800905.0,-0.014516561910151993
6180,2800965.0,-0.014503645181995845
6181,2801025.0,-0.01449127328316116
6182,2801085.0,-0.014477107720803933
6183,2801145.0,-0.014463486987768198
6184,2801205.0,-0.014449866254732352
6185,2801265.0,-0.014434996687495566
6186,2801325.0,-0.014421920783781267
6187,2801385.0,-0.014407051216544453
6188,2801445.0,-0.014390387985785263
6189,2801505.0,-0.014376063247869886
6190,2801565.0,-0.014363532173477023
6191,2801625.0,-0.014352794762606563
6192,2801685.0,-0.01434314701037906
6193,2801745.0,-0.014333499258151416
6194,2801805.0,-0.014323851505923885
6195,2801865.0,-0.014314748583017706
6196,2801925.0,-0.014304396825910642
6197,2801985.0,-0.014297632395848386
6198,2802045.0,-0.014289074302263755
6199,2802105.0,-0.014280516208679012
6200,2802165.0,-0.014268370788049295
6201,2802225.0,-0.014254976533218638
6202,2802285.0,-0.014242831112589088
6203,2802345.0,-0.014231230521280863
6204,2802405.0,-0.01422142359349507
6205,2802465.0,-0.014212161495030767
6206,2802525.0,-0.014202899396566465
6207,2802585.0,-0.014194182127423599
6208,2802645.0,-0.014185464858280789
6209,2802705.0,-0.014181424574825768
6210,2802765.0,-0.014175590627848095
6211,2802825.0,-0.01416796301734799
6212,2802885.0,-0.014160335406848051
6213,2802945.0,-0.014152707796348002
6214,2803005.0,-0.01414687384937044
6215,2803065.0,-0.014137452575347959
6216,2803125.0,-0.014128031301325478
6217,2803185.0,-0.014117361193101946
6218,2803245.0,-0.014108484748400985
6219,2803305.0,-0.01409602097665491
6220,2803365.0,-0.014081218712065052
6221,2803425.0,-0.014072342267364008
6222,2803485.0,-0.014067597979029317
6223,2803545.0,-0.01406519218353855
6224,2803605.0,-0.014065124880891594
6225,2803665.0,-0.014066851241767236
6226,2803725.0,-0.014068577602642823
6227,2803785.0,-0.014067261465794928
6228,2803845.0,-0.014062358001902059
6229,2803905.0,-0.014056909708687754
6230,2803965.0,-0.01404841891774991
6231,2804025.0,-0.014039383297490743
6232,2804085.0,-0.014030347677231464
6233,2804145.0,-0.014023105720494783
6234,2804205.0,-0.014015863763757963
6235,2804265.0,-0.014007372972820259
6236,2804325.0,-0.01400067584540493
6237,2804385.0,-0.013993978717989547
6238,2804445.0,-0.013987281590574191
6239,2804505.0,-0.01398058446315889
6240,2804565.0,-0.013976225828587457
6241,2804625.0,-0.01397186719401608
6242,2804685.0,-0.01396696373012321
6243,2804745.0,-0.013960266602707855
6244,2804805.0,-0.01395590796813631
6245,2804865.0,-0.013955136660609796
6246,2804925.0,-0.013956159016605768
6247,2804985.0,-0.013957726201923176
6248,2805045.0,-0.013962176709405832
6249,2805105.0,-0.013964833553366113
6250,2805165.0,-0.01396569673380385
6251,2805225.0,-0.013962972587196726
6252,2805285.0,-0.013961497274790569
6253,2805345.0,-0.01395284730829463
6254,2805405.0,-0.013949033503044633
6255,2805465.0,-0.013939838707227231
6256,2805525.0,-0.013937818565499721
6257,2805585.0,-0.013935798423772155
6258,2805645.0,-0.013933778282044701
6259,2805705.0,-0.013927625983950781
6260,2805765.0,-0.013922018515178297
6261,2805825.0,-0.013912278890039459
6262,2805885.0,-0.013904332928423052
6263,2805945.0,-0.013898180630329049
6264,2806005.0,-0.013892573161556648
6265,2806065.0,-0.013888759356306707
6266,2806125.0,-0.01388494555105671
6267,2806185.0,-0.013881131745806713
6268,2806245.0,-0.013883243760445502
6269,2806305.0,-0.013885900604405782
6270,2806365.0,-0.01389089594120993
6271,2806425.0,-0.013894097614491702
6272,2806485.0,-0.013895505624250931
6273,2806545.0,-0.0138915326434427
6274,2806605.0,-0.013885221169790574
6275,2806665.0,-0.013878364866817067
6276,2806725.0,-0.013875095890888506
6277,2806785.0,-0.013870578080758894
6278,2806845.0,-0.013861928114262928
6279,2806905.0,-0.01385686547481177
6280,2806968.0,-0.01385000917183829
6281,2807025.0,-0.013843152868864839
6282,2807085.0,-0.013834502902368762
6283,2807145.0,-0.013827646599395255
6284,2807205.0,-0.013824922452788074
6285,2807265.0,-0.013825785633225951
6286,2807325.0,-0.013828987306507556
6287,2807385.0,-0.013834527472633223
6288,2807445.0,-0.013836480311713889
6289,2807505.0,-0.013836639487272012
6290,2807565.0,-0.01383500499930776
6291,2807625.0,-0.013827444691454666
6292,2807685.0,-0.013821678047124059
6293,2807745.0,-0.013815911402793368
6294,2807805.0,-0.013811938421985276
6295,2807865.0,-0.013809759104699532
6296,2807925.0,-0.013809373450936302
6297,2807985.0,-0.013807194133650502
6298,2808045.0,-0.013806808479887384
6299,2808105.0,-0.01380930614828943
6300,2808165.0,-0.01381180381669142
6301,2808225.0,-0.013812507821571035
6302,2808285.0,-0.013811418162928218
6303,2808345.0,-0.013807990011441479
6304,2808405.0,-0.013804561859954684
6305,2808465.0,-0.013801133708468
6306,2808525.0,-0.013798250386302585
6307,2808585.0,-0.013797160727659713
6308,2808645.0,-0.013797864732539328
6309,2808705.0,-0.013800362400941374
6310,2808765.0,-0.013801066405820878
6311,2808825.0,-0.013801770410700492
6312,2808885.0,-0.01380068075205762
6313,2808945.0,-0.01380138475693729
6314,2809005.0,-0.013802088761816794
6315,2809065.0,-0.013798660610330055
6316,2809125.0,-0.013795232458843315
6317,2809185.0,-0.013790010643834089
6318,2809245.0,-0.013781201501779888
6319,2809305.0,-0.013771847530404335
6320,2809365.0,-0.013767329720274696
6321,2809425.0,-0.013766944066511466
6322,2809485.0,-0.013764764749225722
6323,2809545.0,-0.013762585431940033
6324,2809605.0,-0.0137604061146544
6325,2809665.0,-0.013756433133846196
6326,2809725.0,-0.013753708987239072
6327,2809785.0,-0.013751529669953383
6328,2809845.0,-0.013752937679712557
6329,2809905.0,-0.013753096855270847
6330,2809965.0,-0.013751462367306538
6331,2810025.0,-0.013751621542864634
6332,2810085.0,-0.013748193391377977
6333,2810145.0,-0.01374655890341367
6334,2810208.0,-0.013746718078971765
6335,2810265.0,-0.013746877254530027
6336,2810325.0,-0.013747581259409586
6337,2810385.0,-0.013746491600766658
6338,2810445.0,-0.013745401942123842
6339,2810505.0,-0.013742518619958427
6340,2810565.0,-0.013739635297793096
6341,2810625.0,-0.013734413482783897
6342,2810685.0,-0.01372919166777467
6343,2810745.0,-0.013723969852765444
6344,2810805.0,-0.013722335364801191
6345,2810865.0,-0.013723039369680695
6346,2810925.0,-0.01372374337456031
6347,2810985.0,-0.013726785872283848
6348,2811045.0,-0.013728034706484898
6349,2811105.0,-0.013726945047842026
6350,2811165.0,-0.013728193882043105
6351,2811225.0,-0.01372585538919921
6352,2811285.0,-0.013723516896355342
6353,2811345.0,-0.013721178403511447
6354,2811405.0,-0.013718839910667607
6355,2811465.0,-0.013715956588502193
6356,2811525.0,-0.01371307326633689
6357,2811585.0,-0.013713777271216449
6358,2811645.0,-0.013714481276096063
6359,2811705.0,-0.013715730110297086
6360,2811765.0,-0.013715185280975706
6361,2811825.0,-0.01371464045165427
6362,2811885.0,-0.01371409562233289
6363,2811945.0,-0.013717138120056399
6364,2812005.0,-0.013716593290735074
6365,2812065.0,-0.013717842124936042
6366,2812125.0,-0.013715503632092146
6367,2812185.0,-0.01371370996856966
6368,2812245.0,-0.0137119163050472
6369,2812305.0,-0.01370957781220336
6370,2812365.0,-0.01370903298288198
6371,2812425.0,-0.01370903298288198
6372,2812485.0,-0.01371082664640444
6373,2812545.0,-0.013713165139248279
6374,2812605.0,-0.013717842124936097
6375,2812665.0,-0.013714799627212587
6376,2812725.0,-0.013709963465966563
6377,2812785.0,-0.013705127304720538
6378,2812845.0,-0.013705672134041974
6379,2812905.0,-0.013706761792684957
6380,2812965.0,-0.013711438778372748
6381,2813025.0,-0.013717909427583053
6382,2813085.0,-0.013723131242592196
6383,2813145.0,-0.013728353057601422
6384,2813205.0,-0.013733030043289268
6385,2813265.0,-0.013735913365454516
6386,2813325.0,-0.013735209360575013
6387,2813385.0,-0.013730373199329016
6388,2813445.0,-0.013725537038082991
6389,2813505.0,-0.013720156047515614
6390,2813565.0,-0.01371602389114926
6391,2813625.0,-0.013713685398305392
6392,2813685.0,-0.013713685398305392
6393,2813745.0,-0.013715479061827823
6394,2813805.0,-0.01371727272535031
6395,2813865.0,-0.013721404881716665
6396,2813925.0,-0.013723743374560532
6397,2813985.0,-0.013725537038082991
6398,2814045.0,-0.01372733070160545
6399,2814105.0,-0.013733256521494291
6400,2814165.0,-0.013741520834227056
6401,2814225.0,-0.01374565299059341
6402,2814285.0,-0.013744404156392248
6403,2814345.0,-0.01374081682934733
6404,2814405.0,-0.0137348910094586
6405,2814465.0,-0.0137271715260473
6406,2814525.0,-0.013721245706158541
6407,2814585.0,-0.013717113549792076
6408,2814648.0,-0.01371602389114926
6409,2814705.0,-0.013715479061827823
6410,2814765.0,-0.01371672789602893
6411,2814825.0,-0.013718521559551416
6412,2814885.0,-0.013720315223073848
6413,2814945.0,-0.013722108886596335
6414,2815005.0,-0.013725696213641253
6415,2815065.0,-0.013741135180463826
6416,2815125.0,-0.01375587014240684
6417,2815185.0,-0.013765768943103912
6418,2815245.0,-0.0137679482603896
6419,2815305.0,-0.013761159260062966
6420,2815365.0,-0.013746650776325059
6421,2815425.0,-0.01373159746326566
6422,2815485.0,-0.013720676306572727
6423,2815545.0,-0.013715136140447087
6424,2815605.0,-0.01371427296000935
6425,2815665.0,-0.01371808676525929
6426,2815725.0,-0.013726032726875698
6427,2815785.0,-0.013734523517813513
6428,2815845.0,-0.013741220645228841
6429,2815905.0,-0.013749711436166628
6430,2815965.0,-0.013759995890626903
6431,2816025.0,-0.013770280345087232
6432,2816085.0,-0.013779315965346456
6433,2816145.0,-0.013787806756284243
6434,2816205.0,-0.013794503883699488
6435,2816265.0,-0.013799407347592357
6436,2816325.0,-0.013798384991596496
6437,2816385.0,-0.013797362635600496
6438,2816445.0,-0.013799382777328034
6439,2816505.0,-0.013803741411899523
6440,2816565.0,-0.013808100046470956
6441,2816625.0,-0.013816046008087363
6442,2816685.0,-0.013823991969703714
6443,2816745.0,-0.013830689097119014
6444,2816805.0,-0.01383684139521299
6445,2816865.0,-0.013844787356829341
6446,2816925.0,-0.01384914599140083
6447,2816985.0,-0.013852959796650771
6448,2817045.0,-0.013853186274855905
6449,2817105.0,-0.013851074260217061
6450,2817165.0,-0.01384662375273435
6451,2817225.0,-0.013843966908774069
6452,2817285.0,-0.013843103728336276
6453,2817345.0,-0.01384348938209956
6454,2817405.0,-0.013847462362907764
6455,2817465.0,-0.01385198017303732
6456,2817525.0,-0.013860085310211961
6457,2817585.0,-0.013869984110909034
6458,2817645.0,-0.013882221404449863
6459,2817705.0,-0.013892665034468371
6460,2817765.0,-0.013901315000964337
6461,2817825.0,-0.01390637764041533
6462,2817885.0,-0.013907308123500078
6463,2817945.0,-0.013905900113740793
6464,2818005.0,-0.013900359947615265
6465,2818065.0,-0.013894819781489626
6466,2818125.0,-0.013891073278886584
6467,2818185.0,-0.01388857561048451
6468,2818245.0,-0.013895046259694871
6469,2818305.0,-0.013912119714481724
6470,2818365.0,-0.013924357008022609
6471,2818425.0,-0.013935345467362553
6472,2818485.0,-0.013938614443291003
6473,2818545.0,-0.01393291510160724
6474,2818605.0,-0.013919496276512205
6475,2818665.0,-0.013905532622095679
6476,2818725.0,-0.013896949958246613
6477,2818785.0,-0.013900218934175174
6478,2818845.0,-0.013909958559313984
6479,2818905.0,-0.013920243013774286
6480,2818965.0,-0.013928733804712073
6481,2819025.0,-0.01393722459564986
6482,2819085.0,-0.013947509050110163
6483,2819145.0,-0.013955999841047978
6484,2819205.0,-0.013964490631985765
6485,2819268.0,-0.013972436593602117
6486,2819325.0,-0.013978588891696092
6487,2819385.0,-0.013988328516834986
6488,2819445.0,-0.014005787625385097
6489,2819505.0,-0.014018410572689266
6490,2819565.0,-0.014023858865903516
6491,2819625.0,-0.014016206685139115
6492,2819685.0,-0.014000290191641951
6493,2819745.0,-0.013982035205300863
6494,2819805.0,-0.01396916120952732
6495,2819865.0,-0.013969932517053751
6496,2819925.0,-0.013984349127880352
6497,2819985.0,-0.014003442724394827
6498,2820045.0,-0.014023081150230682
6499,2820105.0,-0.014042719576066481
6500,2820165.0,-0.014054638518491036
6501,2820225.0,-0.014064763797393215
6502,2820285.0,-0.014079725237541252
6503,2820345.0,-0.014099908492698515
6504,2820405.0,-0.014118298084333375
6505,2820465.0,-0.014131306685400885
6506,2820525.0,-0.014133008476012038
6507,2820585.0,-0.014122858626845564
6508,2820645.0,-0.014106782957790248
6509,2820705.0,-0.01408961763009206
6510,2820765.0,-0.014079626956483765
6511,2820825.0,-0.014077355766286742
6512,2820885.0,-0.014080465566657152
6513,2820948.0,-0.014088252352715297
6514,2821005.0,-0.014101420129340986
6515,2821065.0,-0.014118720062332973
6516,2821125.0,-0.014137813658847448
6517,2821185.0,-0.014156907255361867
6518,2821245.0,-0.014174207188353827
6519,2821305.0,-0.014186126130778381
6520,2821365.0,-0.014190325589791636
6521,2821425.0,-0.014202948537095778
6522,2821485.0,-0.01422024847008771
6523,2821545.0,-0.014233961076034779
6524,2821605.0,-0.014238705364369442
6525,2821665.0,-0.014236979003493883
6526,2821725.0,-0.014225739495684536
6527,2821785.0,-0.01421395515855381
6528,2821845.0,-0.014199832328579048
6529,2821905.0,-0.014191090489171776
6530,2821965.0,-0.014190068133175915
6531,2822025.0,-0.014202146251158648
6532,2822085.0,-0.014218356525507653
6533,2822145.0,-0.014232773136334309
6534,2822205.0,-0.01424718974716091
6535,2822265.0,-0.014260357523786571
6536,2822325.0,-0.014286080945069418
6537,2822385.0,-0.014305174541583893
6538,2822445.0,-0.013745446927166477
6539,2822505.0,-0.013344972878485767
6540,2822565.0,-0.012951524167528122
6541,2822625.0,-0.012544601175130815
6542,2822685.0,-0.012050601944738532
6543,2822745.0,-0.0115653942437626
6544,2822805.0,-0.0111333891315826
6545,2822865.0,-0.010720414943257733
6546,2822925.0,-0.01030737342699703
6547,2822985.0,-0.009883070643553177
6548,2823045.0,-0.009453950733378597
6549,2823105.0,-0.00900364257208705
6550,2823165.0,-0.008529571709881834
6551,2823225.0,-0.008079280473727052
6552,2823285.0,-0.0075968496556332865
6553,2823345.0,-0.007119598884355066
6554,2823405.0,-0.0066258540764655705
6555,2823465.0,-0.006166107621629197
6556,2823525.0,-0.00572760119526497
6557,2823585.0,-0.005278508644635277
6558,2823645.0,-0.004837448938617678
6559,2823705.0,-0.004401446709953377
6560,2823765.0,-0.003963245079274064
6561,2823825.0,-0.0035021951584021938
6562,2823885.0,-0.003018825793634633
6563,2823945.0,-0.002552924975133458
6564,2824005.0,-0.002093927192867523
6565,2824065.0,-0.0016344639431901398
6566,2824125.0,-0.0011826920187661683
6567,2824185.0,-0.0007571709581964958
6568,2824245.0,-0.0003426438808051546
6569,2824305.0,7.36527574096979e-05
6570,2824365.0,0.00047838836708449795
6571,2824425.0,0.0008837444765084912
6572,2824485.0,0.0012883374923989555
6573,2824545.0,0.0016837841271209186
6574,2824605.0,0.0020942543274468373
6575,2824665.0,0.0025175615937829687
6576,2824725.0,0.0029422360285574767
6577,2824785.0,0.0033836433831430923
6578,2824845.0,0.003853194889330669
6579,2824905.0,0.00435868236359005
6580,2824965.0,0.00487473738728883
6581,2825025.0,0.005404600579044488
6582,2825085.0,0.005926201075998727
6583,2825145.0,0.006419183328330497
6584,2825205.0,0.006926264829595602
6585,2825265.0,0.007429266073766483
6586,2825325.0,0.007930805748586733
6587,2825385.0,0.008426502142828168
6588,2825445.0,0.008946854625507483
6589,2825505.0,0.009493892832714707
6590,2825565.0,0.01002008812957389
6591,2825625.0,0.010545555199827583
6592,2825685.0,0.011047437921533593
6593,2825745.0,0.011569108101416814
6594,2825805.0,0.01211202947060791
6595,2825865.0,0.012715116698183843
6596,2825925.0,0.01331873148846821
6597,2825985.0,0.013893402568224161
6598,2826045.0,0.014416842373141642
6599,2826105.0,0.014918276085754606
6600,2826165.0,0.015407628673066526
6601,2826225.0,0.015911572942467117
6602,2826285.0,0.01642604403820891
6603,2826345.0,0.016968879814518112
6604,2826405.0,0.017555221080671007
6605,2826465.0,0.018171198104187963
6606,2826525.0,0.01881941674750523
6607,2826585.0,0.019506762974883324
6608,2826645.0,0.020179093603556075
6609,2826705.0,0.020836013682092258
6610,2826765.0,0.021534282073340127
6611,2826825.0,0.022291170878646932
6612,2826885.0,0.023063358858163102
6613,2826948.0,0.023840198086290842
6614,2827005.0,0.02468776509628831
6615,2827065.0,0.025591372149567443
6616,2827125.0,0.026422394768624485
6617,2827185.0,0.02726926796945714
6618,2827245.0,0.02812975300981821
6619,2827305.0,0.029008468618977185
6620,2827365.0,0.029868926632232118
6621,2827425.0,0.030711974073762888
6622,2827485.0,0.031551968929704466
6623,2827545.0,0.03238319877655868
6624,2827605.0,0.035298619156486466
6625,2827665.0,0.03777449186817103
6626,2827725.0,0.03996013631771661
6627,2827785.0,0.0420706178737526
6628,2827845.0,0.04413556653877951
6629,2827905.0,0.046198300103787476
6630,2827965.0,0.048294067380691474
6631,2828025.0,0.05034417653487741
6632,2828085.0,0.05238200010011149
6633,2828145.0,0.054402283402110535
6634,2828205.0,0.05641820589941429
6635,2828265.0,0.05845018514115566
6636,2828325.0,0.06040906589329595
6637,2828385.0,0.06240951713791035
6638,2828445.0,0.06438944150957718
6639,2828505.0,0.06636878808868787
6640,2828565.0,0.06836144833896854
6641,2828625.0,0.0703131947344198
6642,2828685.0,0.07232430354967015
6643,2828745.0,0.07430790527474165
6644,2828805.0,0.07631078647711356
6645,2828865.0,0.07832630709557756
6646,2828925.0,0.08036782003591472
6647,2828985.0,0.08245669135039738
6648,2829045.0,0.08457731054913423
6649,2829105.0,0.08674470022385175
6650,2829165.0,0.0888940232062749
6651,2829225.0,0.08945385746017695
6652,2829285.0,0.09004858976993288
6653,2829345.0,0.09067203916873776
6654,2829405.0,0.09301971908646253
6655,2829468.0,0.0952591885021021
6656,2829525.0,0.09753212303772349
6657,2829585.0,0.09968920684572805
6658,2829645.0,0.10154363374620415
6659,2829705.0,0.10341524034508762
6660,2829765.0,0.10532880458349306
6661,2829825.0,0.1072636190406199
6662,2829885.0,0.1091947448291842
6663,2829945.0,0.11114360424900485
6664,2830005.0,0.11310797612164195
6665,2830065.0,0.11509332424139987
6666,2830125.0,0.1170803396708173
6667,2830185.0,0.11908767919140453
6668,2830245.0,0.12113107243364155
6669,2830305.0,0.1231991207051594
6670,2830365.0,0.12528337700119116
6671,2830425.0,0.12732761762009995
6672,2830485.0,0.12936652047647465
6673,2830545.0,0.13140966543566548
6674,2830605.0,0.13344643152230193
6675,2830665.0,0.13552151217462285
6676,2830725.0,0.13759456109215287
6677,2830785.0,0.13968580615250717
6678,2830845.0,0.14176799120255243
6679,2830905.0,0.14384796646918033
6680,2830965.0,0.14595212597883547
6681,2831025.0,0.14799269950047936
6682,2831085.0,0.15008884146338827
6683,2831145.0,0.15218626247718883
6684,2831205.0,0.1542585413759142
6685,2831265.0,0.15634101589176827
6686,2831325.0,0.1584293357519733
6687,2831385.0,0.16050796442324008
6688,2831445.0,0.16255557438743515
6689,2831505.0,0.1646438417946192
6690,2831565.0,0.1667376714942246
6691,2831625.0,0.1687952927680402
6692,2831685.0,0.170915722073703
6693,2831745.0,0.17299692474400738
6694,2831805.0,0.17511684775112105
6695,2831865.0,0.1772127936694892
6696,2831925.0,0.17928034878076118
6697,2831985.0,0.18136078142951714
6698,2832045.0,0.18346613534015768
6699,2832105.0,0.18554319902804364
6700,2832165.0,0.1876160759652574
6701,2832225.0,0.1896889215460498
6702,2832285.0,0.19181205227385614
6703,2832345.0,0.19390253937425592
6704,2832405.0,0.19598067180512982
6705,2832465.0,0.19805257189108602
6706,2832525.0,0.200163573633535
6707,2832585.0,0.2023039709190738
6708,2832645.0,0.20443032922148477
6709,2832705.0,0.20650195255395373
6710,2832765.0,0.2086600344266454
6711,2832825.0,0.21081431930812092
6712,2832885.0,0.21297843116581863
6713,2832945.0,0.21512287940983157
6714,2833005.0,0.21730437163485608
6715,2833065.0,0.21947401818787274
6716,2833125.0,0.22162279710940916
6717,2833185.0,0.22379025537292077
6718,2833245.0,0.22537365513824262
6719,2833305.0,0.22706705174544553
6720,2833365.0,0.22880949067008352
6721,2833425.0,0.23053420231319569
6722,2833485.0,0.2321755560487678
6723,2833545.0,0.23376443711614467
6724,2833605.0,0.23543973587814107
6725,2833665.0,0.23710876671894435
6726,2833725.0,0.23881456917015917
6727,2833785.0,0.2404804341815083
6728,2833845.0,0.24216132672188298
6729,2833905.0,0.2437776703852387
6730,2833965.0,0.24533766243879432
6731,2834025.0,0.2469309831280966
6732,2834085.0,0.24855012920861982
6733,2834145.0,0.2501103417875852
6734,2834205.0,0.2516721044687621
6735,2834265.0,0.253311998167151
6736,2834325.0,0.25498297879975873
6737,2834385.0,0.25667062942729524
6738,2834445.0,0.2582842589388207
6739,2834505.0,0.2599235105136548
6740,2834565.0,0.26162186366371876
6741,2834625.0,0.2632487834863514
6742,2834685.0,0.2648573882208276
6743,2834745.0,0.26644514297830746
6744,2834805.0,0.2680663394484525
6745,2834865.0,0.2697226311979434
6746,2834925.0,0.27136729683287575
6747,2834985.0,0.27300769181794626
6748,2835045.0,0.274679350550464
6749,2835105.0,0.27633920301902326
6750,2835165.0,0.27799792338249296
6751,2835225.0,0.2796551097190533
6752,2835285.0,0.28128231015096195
6753,2835345.0,0.2829263441426739
6754,2835405.0,0.2845821440885883
6755,2835465.0,0.2861466865770489
6756,2835525.0,0.2877968867795425
6757,2835585.0,0.2894019699160977
6758,2835645.0,0.29095315607100647
6759,2835705.0,0.2925228152144834
6760,2835765.0,0.2940680279622395
6761,2835825.0,0.29561721213395287
6762,2835885.0,0.29717071889191327
6763,2835945.0,0.2987675447068382
6764,2836005.0,0.30037127308256883
6765,2836065.0,0.3019431563516596
6766,2836125.0,0.30352316972282445
6767,2836185.0,0.30512990959015074
6768,2836245.0,0.3067408302214357
6769,2836305.0,0.3082888880152931
6770,2836365.0,0.30980082058539193
6771,2836425.0,0.3113694896981378
6772,2836485.0,0.3129763729892512
6773,2836545.0,0.3145163051172247
6774,2836605.0,0.3161066891525959
6775,2836665.0,0.3176305993057139
6776,2836725.0,0.31917229564203553
6777,2836785.0,0.3206918256816623
6778,2836845.0,0.32234491090888506
6779,2836905.0,0.3239197227356485
6780,2836965.0,0.3255563363397683
6781,2837025.0,0.32716454248239824
6782,2837085.0,0.32869516963293754
6783,2837145.0,0.33021322298993805
6784,2837205.0,0.3316844002985305
6785,2837265.0,0.3331549115242143
6786,2837325.0,0.3345319436417058
6787,2837385.0,0.3358551684609584
6788,2837445.0,0.3372003634232734
6789,2837505.0,0.33856353824126895
6790,2837565.0,0.33986343588063406
6791,2837625.0,0.3410735085852393
6792,2837685.0,0.342309280565274
6793,2837745.0,0.3435283387194181
6794,2837805.0,0.34468714352082286
6795,2837865.0,0.3458024577566471
6796,2837925.0,0.34695825420279947
6797,2837985.0,0.34816969953935695
6798,2838045.0,0.3493183932291849
6799,2838105.0,0.3504870548565807
6800,2838165.0,0.3516225009992565
6801,2838225.0,0.35285250479660946
6802,2838285.0,0.35400707078563975
6803,2838345.0,0.3552269469075565
6804,2838405.0,0.35427616311066
6805,2838465.0,0.3538434027721957
6806,2838525.0,0.35359428045813335
6807,2838585.0,0.35345801274851496
6808,2838645.0,0.3533712665110508
6809,2838705.0,0.3532682018899028
6810,2838765.0,0.3531551407790957
6811,2838825.0,0.3530818070539109
6812,2838885.0,0.3530727831289062
6813,2838945.0,0.35306107977770373
6814,2839005.0,0.3531428731069838
6815,2839065.0,0.3531175502724707
6816,2839125.0,0.35325009683898967
6817,2839185.0,0.3532644418152754
6818,2839245.0,0.35341403072534006
6819,2839305.0,0.3534657586178286
6820,2839365.0,0.3535989977819062
6821,2839425.0,0.35367083876437366
6822,2839485.0,0.35378655457173525
6823,2839545.0,0.35390591457979037
6824,2839605.0,0.3539632261886717
6825,2839665.0,0.3541141950617478
6826,2839728.0,0.35414955009038906
6827,2839785.0,0.35423114409612777
6828,2839845.0,0.35423451608345824
6829,2839905.0,0.3541903972457602
6830,2839965.0,0.35414700785922115
6831,2840025.0,0.35574298677213745
6832,2840085.0,0.3572605247903494
6833,2840145.0,0.3587946912580986
6834,2840205.0,0.35850920122040164
6835,2840265.0,0.3584077952574385
6836,2840325.0,0.35814909630367586
6837,2840385.0,0.3581348570612949
6838,2840445.0,0.3582988228557499
6839,2840505.0,0.3585429376321245
6840,2840565.0,0.3585845891873466
6841,2840625.0,0.3586962306219733
6842,2840685.0,0.35886847830709157
6843,2840745.0,0.3589665332079123
6844,2840805.0,0.3591334415727859
6845,2840865.0,0.3591787172484989
6846,2840925.0,0.35931107939476203
6847,2840985.0,0.3593393423090333
6848,2841045.0,0.35930634248159066
6849,2841105.0,0.3592467385124978
6850,2841165.0,0.3591373458665923
6851,2841225.0,0.35913814353616413
6852,2841285.0,0.35903260743526777
6853,2841345.0,0.3589836017276079
6854,2841405.0,0.35889278047407125
6855,2841465.0,0.35880245056933013
6856,2841525.0,0.35870355152154343
6857,2841585.0,0.35867648514481987
6858,2841645.0,0.35869191579963633
6859,2841705.0,0.35865313509525654
6860,2841765.0,0.3586300463438793
6861,2841825.0,0.3586361990210646
6862,2841885.0,0.3586883801693209
6863,2841945.0,0.35865180245661754
6864,2842005.0,0.358633653814145
6865,2842065.0,0.35861072354691326
6866,2842125.0,0.358614146618325
6867,2842185.0,0.3586373388153309
6868,2842245.0,0.3586322024327654
6869,2842305.0,0.3586286079432106
6870,2842368.0,0.35857970026924835
6871,2842425.0,0.35856242870743193
6872,2842485.0,0.35848417595353654
6873,2842545.0,0.3584828835047299
6874,2842605.0,0.35845086254479475
6875,2842665.0,0.35844122629670216
6876,2842725.0,0.35841503093835125
6877,2842785.0,0.3583958524068307
6878,2842845.0,0.35837782814482055
6879,2842905.0,0.3583735074588007
6880,2842965.0,0.358330941193724
6881,2843025.0,0.3583425682916134
6882,2843085.0,0.3583613344782709
6883,2843145.0,0.35838114244311414
6884,2843205.0,0.358389939600014
6885,2843265.0,0.3584157631909429
6886,2843325.0,0.35849842885387184
6887,2843385.0,0.3584778490338004
6888,2843445.0,0.3585835716106657
6889,2843505.0,0.358681932452355
6890,2843565.0,0.358756883275981
6891,2843628.0,0.35872553669531304
6892,2843685.0,0.3587859536757859
6893,2843745.0,0.35876842547098986
6894,2843805.0,0.35877324988258696
6895,2843865.0,0.3587343920762046
6896,2843925.0,0.3586662836225505
6897,2843985.0,0.3586069361023062
6898,2844045.0,0.3585800062519948
6899,2844105.0,0.35860442385228974
6900,2844165.0,0.35856851839069137
6901,2844225.0,0.35853172923596566
6902,2844285.0,0.3584896292532661
6903,2844345.0,0.3584794617824142
6904,2844405.0,0.3584493482751905
6905,2844465.0,0.358462239443995
6906,2844525.0,0.3584261701793786
6907,2844585.0,0.3583528301737142
6908,2844645.0,0.35831648431575813
6909,2844705.0,0.35825282751365695
6910,2844765.0,0.35824736949260105
6911,2844825.0,0.3582872448001807
6912,2844885.0,0.358252074549991
6913,2844945.0,0.3582525557688243
6914,2845005.0,0.3582058082679803
6915,2845065.0,0.35815636803398154
6916,2845125.0,0.3580902436479142
6917,2845185.0,0.3579636790142825
6918,2845245.0,0.35797820508720124
6919,2845305.0,0.3580231049061192
6920,2845365.0,0.35783356809717315
6921,2845425.0,0.3575900329584635
6922,2845485.0,0.3571843485119407
6923,2845545.0,0.35692937778042766
6924,2845605.0,0.35671130447338373
6925,2845665.0,0.35654015260313254
6926,2845725.0,0.3564279688992351
6927,2845785.0,0.3563821368915123
6928,2845845.0,0.35633020800649595
6929,2845905.0,0.3562791839566145
6930,2845965.0,0.35623451676027884
6931,2846025.0,0.35623896369880725
6932,2846085.0,0.35627219264558085
6933,2846145.0,0.35624946833436144
6934,2846205.0,0.3562393615185987
6935,2846265.0,0.356367368247966
6936,2846325.0,0.3563871128698731
6937,2846385.0,0.3564063602954912
6938,2846445.0,0.35642209656090273
6939,2846505.0,0.3564580378768355
6940,2846565.0,0.356461956110668
6941,2846625.0,0.3565761656346821
6942,2846685.0,0.35654222774144706
6943,2846748.0,0.3563249253283888
6944,2846805.0,0.35587080592565024
6945,2846865.0,0.35554128051693434
6946,2846925.0,0.3552542104879107
6947,2846985.0,0.3550428102920038
6948,2847045.0,0.3548562388124382
6949,2847105.0,0.35475948739191954
6950,2847165.0,0.35476972397058937
6951,2847225.0,0.3546263755122834
6952,2847285.0,0.3546787791736027
6953,2847345.0,0.3549958038020883
6954,2847405.0,0.3554919363154153
6955,2847465.0,0.3565356889335821
6956,2847525.0,0.3573549807922912
6957,2847585.0,0.35790842880015483
6958,2847645.0,0.3584629345034607
6959,2847705.0,0.35936438033517126
6960,2847765.0,0.36016211841842305
6961,2847825.0,0.36107299955577654
6962,2847885.0,0.36205410167961305
6963,2847945.0,0.3630621305546009
6964,2848005.0,0.36408549054709416
6965,2848065.0,0.3650089804179336
6966,2848125.0,0.3659451755671589
6967,2848185.0,0.366942629386248
6968,2848245.0,0.3679108879742049
6969,2848305.0,0.3688942190460158
6970,2848365.0,0.3698694340455543
6971,2848425.0,0.370108046231839
6972,2848485.0,0.3702967921856838
6973,2848545.0,0.37044141932252617
6974,2848605.0,0.37055764921706014
6975,2848665.0,0.3706155158440877
6976,2848725.0,0.3707911397149938
6977,2848785.0,0.3708359906968798
6978,2848845.0,0.37151430435380906
6979,2848905.0,0.3718310815313852
6980,2848968.0,0.3720074382556652
6981,2849025.0,0.37173962842782304
6982,2849085.0,0.37150998921713885
6983,2849145.0,0.37135308644656806
6984,2849205.0,0.37130172696814356
6985,2849265.0,0.3711787796863055
6986,2849325.0,0.37116640869650597
6987,2849385.0,0.3697247935057907
6988,2849445.0,0.36830795158135365
6989,2849505.0,0.3669288215794305
6990,2849565.0,0.3655253720929187
6991,2849625.0,0.36407278944964505
6992,2849685.0,0.36392066652113564
6993,2849745.0,0.3639598803112397
6994,2849805.0,0.3638695031492708
6995,2849865.0,0.36385876340876455
6996,2849925.0,0.36383878574159156
6997,2849985.0,0.3639580646880334
6998,2850045.0,0.36388496906511725
6999,2850105.0,0.3638865026396497
7000,2850165.0,0.36380295456854606
7001,2850225.0,0.3637430295534525
7002,2850285.0,0.36356541976464996
7003,2850345.0,0.36345528202003696
7004,2850405.0,0.3633782463160974
7005,2850465.0,0.36316359277548793
7006,2850525.0,0.36303728685110825
7007,2850585.0,0.36281362210063806
7008,2850645.0,0.3626174279552906
7009,2850705.0,0.36238563215920394
7010,2850765.0,0.36215824591683876
7011,2850825.0,0.3618844096068191
7012,2850885.0,0.36161365412562907
7013,2850945.0,0.3613290257077372
7014,2851005.0,0.3609712446779153
7015,2851065.0,0.3607250324235153
7016,2851125.0,0.36121204324710277
7017,2851185.0,0.3617007289055546
7018,2851245.0,0.3623895679388004
7019,2851305.0,0.36299534091617636
7020,2851365.0,0.363902542599407
7021,2851425.0,0.36468570341098616
7022,2851485.0,0.3654938855895692
7023,2851545.0,0.3663929054872256
7024,2851605.0,0.36721723170077714
7025,2851665.0,0.3681214680145485
7026,2851725.0,0.3689169147738044
7027,2851785.0,0.36984642876524
7028,2851845.0,0.37077758435432717
7029,2851905.0,0.3707879077238757
7030,2851965.0,0.3710355854908325
7031,2852025.0,0.37108982196686413
7032,2852085.0,0.3712170728700054
7033,2852145.0,0.37130130054059796
7034,2852205.0,0.37148034961054777
7035,2852268.0,0.3715530919788629
7036,2852325.0,0.3716165938682757
7037,2852385.0,0.3716361483739813
7038,2852445.0,0.37159907083461563
7039,2852505.0,0.3701210385983076
7040,2852565.0,0.36860666583315094
7041,2852625.0,0.3671525328653521
7042,2852685.0,0.3656380166240808
7043,2852745.0,0.3641913541742152
7044,2852805.0,0.3645133641195085
7045,2852865.0,0.36468817038116585
7046,2852925.0,0.36456250563277626
7047,2852985.0,0.3642965555112313
7048,2853045.0,0.36416250101567493
7049,2853105.0,0.3640609976645842
7050,2853165.0,0.36402660012002996
7051,2853225.0,0.36393808823186236
7052,2853285.0,0.3638771508074998
7053,2853345.0,0.3637940012766757
7054,2853405.0,0.36365999930319026
7055,2853465.0,0.3636889440860154
7056,2853525.0,0.36364375628777224
7057,2853585.0,0.36365417613756257
7058,2853645.0,0.36350968167965203
7059,2853705.0,0.36346448607832027
7060,2853765.0,0.36341723267851433
7061,2853825.0,0.36328138846330804
7062,2853885.0,0.3630907287641938
7063,2853945.0,0.36287886351576304
7064,2854005.0,0.36277602632843287
7065,2854068.0,0.36262218764899
7066,2854125.0,0.3620845795911568
7067,2854185.0,0.3619296897981693
7068,2854245.0,0.36161217011918023
7069,2854305.0,0.3616152468675048
7070,2854365.0,0.36164875337403346
7071,2854425.0,0.36195330408158677
7072,2854485.0,0.36215578848534735
7073,2854545.0,0.36253443562546683
7074,2854605.0,0.3627629548089294
7075,2854665.0,0.36316104569015173
7076,2854725.0,0.3635297505769167
7077,2854785.0,0.36402157432302285
7078,2854845.0,0.3648327470904301
7079,2854905.0,0.3653312142095958
7080,2854965.0,0.3654062456663332
7081,2855025.0,0.36513382871763167
7082,2855085.0,0.36519393756290885
7083,2855145.0,0.365274742305134
7084,2855205.0,0.36373607268693386
7085,2855265.0,0.36225087089745245
7086,2855325.0,0.36081485070797015
7087,2855385.0,0.35939479493468696
7088,2855445.0,0.3578311682629465
7089,2855505.0,0.3563760874643841
7090,2855565.0,0.35647296925043026
7091,2855625.0,0.3564009006140946
7092,2855685.0,0.3562743331391245
7093,2855745.0,0.35624001871784194
7094,2855805.0,0.35624606211847165
7095,2855865.0,0.35632440071635085
7096,2855925.0,0.35646929019249063
7097,2855985.0,0.3566317737323762
7098,2856045.0,0.35676761583155525
7099,2856105.0,0.35676041586488305
7100,2856165.0,0.35537408123895475
7101,2856225.0,0.3540696417613155
7102,2856285.0,0.3530515264261339
7103,2856345.0,0.35190617131122715
7104,2856408.0,0.3506607008731376
7105,2856465.0,0.35087723943601634
7106,2856525.0,0.35095958265158445
7107,2856585.0,0.35084277346256376
7108,2856645.0,0.35082679693948604
7109,2856705.0,0.3507804688252355
7110,2856765.0,0.3508455822672194
7111,2856825.0,0.35090058722651096
7112,2856885.0,0.35097493710693894
7113,2856945.0,0.351057197619013
7114,2857005.0,0.3495177695162651
7115,2857068.0,0.34795769545330935
7116,2857125.0,0.346475928223936
7117,2857185.0,0.3449925492247937
7118,2857245.0,0.34350195354637647
7119,2857305.0,0.3434750333652301
7120,2857365.0,0.3434463491925738
7121,2857425.0,0.3432339953793625
7122,2857485.0,0.34316864534276303
7123,2857545.0,0.3433387376207043
7124,2857605.0,0.34381742447284147
7125,2857665.0,0.3442142419770883
7126,2857725.0,0.3446167930397054
7127,2857785.0,0.34482570480988395
7128,2857845.0,0.343383697888925
7129,2857905.0,0.3419431407609915
7130,2857968.0,0.3405237038938006
7131,2858025.0,0.33918130080210807
7132,2858085.0,0.3401500428238914
7133,2858145.0,0.3399205959349533
7134,2858205.0,0.3391532527642246
7135,2858265.0,0.3376910643102964
7136,2858325.0,0.3366015506118675
7137,2858385.0,0.33589781256195894
7138,2858445.0,0.33523877803669444
7139,2858505.0,0.3343572595695541
7140,2858565.0,0.33343963687987344
7141,2858625.0,0.33244273019379345
7142,2858685.0,0.33139164446172586
7143,2858745.0,0.33035778001351357
7144,2858805.0,0.3292217895912939
7145,2858865.0,0.3282836326056663
7146,2858925.0,0.3272267535040434
7147,2858985.0,0.3262657682067962
7148,2859045.0,0.3251476094719328
7149,2859105.0,0.3240901652513374
7150,2859165.0,0.3229724349681816
7151,2859225.0,0.3230079671007128
7152,2859285.0,0.32302350106705513
7153,2859345.0,0.3214254603624055
7154,2859405.0,0.319808059714505
7155,2859465.0,0.3183768959529757
7156,2859525.0,0.31681623555602734
7157,2859585.0,0.3152889588637322
7158,2859645.0,0.3152949562752876
7159,2859705.0,0.31514942277610813
7160,2859765.0,0.31511871883510856
7161,2859825.0,0.3153656682815772
7162,2859885.0,0.31565624304809237
7163,2859945.0,0.3158846342383079
7164,2860005.0,0.3144662289786514
7165,2860065.0,0.31308288414228536
7166,2860125.0,0.31176231960714995
7167,2860185.0,0.3119149926536926
7168,2860245.0,0.3119452450951882
7169,2860305.0,0.31417681752422255
7170,2860365.0,0.3157403147966875
7171,2860425.0,0.31724765757625006
7172,2860485.0,0.3173848133946867
7173,2860545.0,0.31742896826887546
7174,2860605.0,0.31596648139902495
7175,2860665.0,0.3144866780759721
7176,2860725.0,0.312976392111154
7177,2860785.0,0.3114479798579297
7178,2860845.0,0.3101118943257757
7179,2860905.0,0.3087164841767309
7180,2860965.0,0.3092333617327444
7181,2861025.0,0.30935079318185854
7182,2861085.0,0.309468084025863
7183,2861145.0,0.3095775374662685
7184,2861205.0,0.30973425086100526
7185,2861265.0,0.30835797385094177
7186,2861325.0,0.3069488784700498
7187,2861385.0,0.30561925284526625
7188,2861445.0,0.3043309394860507
7189,2861505.0,0.3031373189214236
7190,2861565.0,0.30182625189452783
7191,2861625.0,0.3024738655478507
7192,2861685.0,0.3028164973630997
7193,2861745.0,0.3030208491623252
7194,2861805.0,0.3034789221130717
7195,2861865.0,0.3037390610736692
7196,2861925.0,0.3017727790374215
7197,2861985.0,0.2996679005090611
7198,2862045.0,0.29755622126393966
7199,2862105.0,0.29551159675924066
7200,2862165.0,0.2932343975731716
7201,2862225.0,0.29103228018314475
7202,2862285.0,0.29039873956471407
7203,2862345.0,0.2895403637222188
7204,2862405.0,0.28862126959767564
7205,2862465.0,0.28775663241482086
7206,2862525.0,0.28697596282137106
7207,2862585.0,0.2845610790167854
7208,2862645.0,0.2821353392847128
7209,2862708.0,0.2806637881886378
7210,2862765.0,0.27906992310690115
7211,2862825.0,0.2775154293066797
7212,2862885.0,0.27603066890420636
7213,2862945.0,0.2744057561053016
7214,2863005.0,0.2743307793704812
7215,2863065.0,0.27420218819656794
7216,2863125.0,0.2742097616599768
7217,2863185.0,0.27424044530366687
7218,2863245.0,0.27271890326213877
7219,2863305.0,0.27266320822185297
7220,2863365.0,0.2727114337904861
7221,2863425.0,0.2727310745994638
7222,2863485.0,0.2727602859117457
7223,2863545.0,0.2726887716667691
7224,2863605.0,0.2723299021980783
7225,2863665.0,0.2722843769351384
7226,2863725.0,0.2724143597975157
7227,2863785.0,0.2725397210103313
7228,2863845.0,0.2726851696748175
7229,2863905.0,0.2711937241430119
7230,2863965.0,0.2696965993756938
7231,2864025.0,0.26811509697528424
7232,2864085.0,0.26611136707828853
7233,2864145.0,0.2640896179496224
7234,2864205.0,0.26210285077896733
7235,2864265.0,0.2599497338921001
7236,2864325.0,0.2579060271811642
7237,2864385.0,0.25578127829175457
7238,2864445.0,0.25377928318320375
7239,2864505.0,0.2516870356987132
7240,2864565.0,0.24963085485413475
7241,2864625.0,0.2476306267806815
7242,2864685.0,0.2456353502632073
7243,2864745.0,0.2436844576559796
7244,2864805.0,0.24164056863547226
7245,2864865.0,0.23963743184728772
7246,2864925.0,0.2379167397184336
7247,2864985.0,0.23589185625033224
7248,2865045.0,0.23391913291794583
7249,2865105.0,0.23170225917154333
7250,2865165.0,0.2294025099503543
7251,2865225.0,0.22695186889990596
7252,2865285.0,0.22449436978623918
7253,2865345.0,0.22195098290551887
7254,2865408.0,0.219494580881448
7255,2865465.0,0.21692343104472497
7256,2865525.0,0.21444543078451114
7257,2865585.0,0.21181796104821435
7258,2865645.0,0.20883608324897182
7259,2865705.0,0.20616949735690807
7260,2865765.0,0.20395112385866418
7261,2865825.0,0.20209251011316234
7262,2865885.0,0.19990888889108946
7263,2865945.0,0.1977380356141993
7264,2866005.0,0.19717931344817127
7265,2866065.0,0.19654996245176606
7266,2866125.0,0.1958751278621443
7267,2866185.0,0.19524239711108468
7268,2866245.0,0.1946885197960481
7269,2866305.0,0.19409497451435823
7270,2866365.0,0.19192619526874458
7271,2866425.0,0.18987616109286895
7272,2866485.0,0.18790183849660322
7273,2866545.0,0.18586840191168866
7274,2866605.0,0.18383026273492634
7275,2866665.0,0.18167175860514193
7276,2866725.0,0.17945229200921767
7277,2866785.0,0.177247166643717
7278,2866845.0,0.17501557179288416
7279,2866905.0,0.17287662550526947
7280,2866965.0,0.1722881558640076
7281,2867025.0,0.17171195095316819
7282,2867085.0,0.17100148185649813
7283,2867145.0,0.170317164158262
7284,2867205.0,0.16967436184355614
7285,2867265.0,0.16749478782774288
7286,2867325.0,0.16541030326202014
7287,2867385.0,0.16348196626433756
7288,2867445.0,0.16143737487953588
7289,2867505.0,0.15943101811970564
7290,2867565.0,0.15731596875668033
7291,2867625.0,0.15516282726864314
7292,2867685.0,0.15299105901520868
7293,2867748.0,0.15085247155539636
7294,2867805.0,0.1503015466857103
7295,2867865.0,0.1497175004424345
7296,2867925.0,0.14907817825408778
7297,2867985.0,0.14846934917792606
7298,2868045.0,0.14789754560061183
7299,2868105.0,0.1457879973481869
7300,2868165.0,0.14372665984497549
7301,2868225.0,0.14171912743660056
7302,2868285.0,0.13971722360673836
7303,2868345.0,0.13765087966266085
7304,2868405.0,0.13549659248557486
7305,2868465.0,0.1333575748176816
7306,2868525.0,0.13116783183536854
7307,2868585.0,0.12907392626259365
7308,2868645.0,0.12858031630994185
7309,2868705.0,0.12803215844743868
7310,2868765.0,0.1274092731320662
7311,2868825.0,0.12680154977156258
7312,2868885.0,0.12366403503540505
7313,2868945.0,0.12149773880083117
7314,2869005.0,0.11960792506092485
7315,2869065.0,0.1178739830160899
7316,2869125.0,0.11597764538566804
7317,2869185.0,0.11400764980354869
7318,2869245.0,0.11190598176154018
7319,2869305.0,0.10977350720099857
7320,2869365.0,0.10773057913007952
7321,2869425.0,0.10566940144438117
7322,2869485.0,0.1036615724767809
7323,2869545.0,0.10160152407055686
7324,2869605.0,0.09963093707451934
7325,2869665.0,0.09754043256762016
7326,2869725.0,0.09562490187013331
7327,2869785.0,0.09357032656407213
7328,2869845.0,0.09169625504104492
7329,2869905.0,0.08974562087787422
7330,2869965.0,0.08788944987182137
7331,2870025.0,0.08564836861335792
7332,2870085.0,0.08343131714263827
7333,2870145.0,0.08287809591730341
7334,2870205.0,0.0823603637848748
7335,2870265.0,0.08169199140406688
7336,2870325.0,0.08105560899891553
7337,2870385.0,0.08045049729651801
7338,2870445.0,0.07774572525765258
7339,2870505.0,0.07552354158592087
7340,2870565.0,0.07338434770981758
7341,2870625.0,0.07134044573530449
7342,2870685.0,0.06928785722693173
7343,2870745.0,0.06715795357913215
7344,2870805.0,0.0666475081620653
7345,2870865.0,0.06609332067141047
7346,2870925.0,0.06547057316170077
7347,2870985.0,0.06476793422381708
7348,2871045.0,0.06415895404355668
7349,2871105.0,0.061330020266268076
7350,2871165.0,0.059172782400744556
7351,2871225.0,0.05712676292198113
7352,2871285.0,0.05510257863471721
7353,2871345.0,0.053001527096721596
7354,2871405.0,0.0524511597060959
7355,2871465.0,0.051926488268842025
7356,2871525.0,0.05136214747915649
7357,2871585.0,0.05075330746202164
7358,2871645.0,0.050028549398142025
7359,2871705.0,0.04938567672963565
7360,2871765.0,0.0468171857319033
7361,2871825.0,0.044723242494455
7362,2871885.0,0.04264334256181021
7363,2871945.0,0.04053000937090437
7364,2872005.0,0.03837908310686697
7365,2872065.0,0.037793013233334755
7366,2872125.0,0.037246416627530116
7367,2872185.0,0.036622862906263515
7368,2872245.0,0.035984175102549726
7369,2872305.0,0.035291793489722945
7370,2872365.0,0.034725494694653664
7371,2872425.0,0.032191704725518966
7372,2872485.0,0.029997432784589856
7373,2872545.0,0.02790099994018777
7374,2872605.0,0.025715292386354838
7375,2872665.0,0.0235418701381227
7376,2872725.0,0.022994441997178178
7377,2872785.0,0.022464135671771218
7378,2872845.0,0.021871399208234138
7379,2872905.0,0.021196641374937736
7380,2872965.0,0.020611741435265202
7381,2873025.0,0.019984560473075258
7382,2873085.0,0.017705614956155913
7383,2873145.0,0.01561837493146992
7384,2873205.0,0.013582180956067197
7385,2873265.0,0.01151407004431862
7386,2873325.0,0.009376646326903326
7387,2873385.0,0.008830319383356183
7388,2873445.0,0.00832668010244128
7389,2873505.0,0.007786797356190839
7390,2873568.0,0.00715828019640255
7391,2873625.0,0.006599309099490275
7392,2873685.0,0.006000997397989816
7393,2873745.0,0.005523295165894143
7394,2873805.0,0.003454410879355635
7395,2873865.0,0.0015179486295209266
7396,2873928.0,-0.0005206467682757621
7397,2873985.0,-0.0026237567908457826
7398,2874045.0,-0.0031491076115137684
7399,2874105.0,-0.0036423847645465635
7400,2874165.0,-0.004250837677090308
7401,2874225.0,-0.004856601067888461
7402,2874285.0,-0.005509561273808777
7403,2874345.0,-0.0060374929181207515
7404,2874405.0,-0.008043616016078198
7405,2874465.0,-0.010226674619087134
7406,2874525.0,-0.012324143674450894
7407,2874585.0,-0.014298090454209517
7408,2874645.0,-0.016368805181350615
7409,2874705.0,-0.016879714685509417
7410,2874765.0,-0.017406918878138583
7411,2874825.0,-0.017783339297007456
7412,2874885.0,-0.01776459503001998
7413,2874945.0,-0.017737427274741646
7414,2875005.0,-0.017696999869926372
7415,2875065.0,-0.017645651308418192
7416,2875125.0,-0.017581043097373156
7417,2875185.0,-0.017510349890880933
7418,2875245.0,-0.017435365352464288
7419,2875305.0,-0.01736022163848941
7420,2875365.0,-0.017282035426791048
7421,2875425.0,-0.017218743352593907
7422,2875485.0,-0.01715833460056207
7423,2875545.0,-0.017091296023761776
7424,2875605.0,-0.017022304607880873
7425,2875665.0,-0.016959239011888727
7426,2875725.0,-0.01690030557226299
7427,2875785.0,-0.01685143010889248
7428,2875845.0,-0.016812067792455726
7429,2875905.0,-0.016786350779319087
7430,2875965.0,-0.01676172342482532
7431,2876025.0,-0.016737640899653045
7432,2876085.0,-0.01669850506142126
7433,2876145.0,-0.01665203539354157
7434,2876205.0,-0.01660002555953627
7435,2876265.0,-0.016544973227807458
7436,2876325.0,-0.01648921689119895
7437,2876385.0,-0.016439386374479364
7438,2876445.0,-0.016381132369468893
7439,2876505.0,-0.016327010520824636
7440,2876565.0,-0.016281152984913366
7441,2876625.0,-0.016242470103091794
7442,2876685.0,-0.01621330036820401
7443,2876745.0,-0.016188262789682578
7444,2876805.0,-0.0161732831874164
7445,2876865.0,-0.016157054750949085
7446,2876925.0,-0.01613599015323594
7447,2876985.0,-0.016107046896553318
7448,2877045.0,-0.016067886488057154
7449,2877105.0,-0.016025683581837563
7450,2877165.0,-0.01598402550493941
7451,2877225.0,-0.015944705920885177
7452,2877285.0,-0.01590897366387592
7453,2877345.0,-0.015875579899710446
7454,2877405.0,-0.015846318291911327
7455,2877465.0,-0.015818146342755163
7456,2877525.0,-0.015789974393598943
7457,2877585.0,-0.015758759946719353
7458,2877645.0,-0.01573167765620595
7459,2877705.0,-0.015703346531491608
7460,2877765.0,-0.015671428079732347
7461,2877825.0,-0.01563054131036065
7462,2877885.0,-0.015585363209064423
7463,2877945.0,-0.015551491918224525
7464,2878005.0,-0.015523001617951948
7465,2878065.0,-0.015505818128135701
7466,2878125.0,-0.015490973131163238
7467,2878185.0,-0.015471291972944917
7468,2878245.0,-0.01545036198052549
7469,2878305.0,-0.015426389490382525
7470,2878365.0,-0.015397580838993646
7471,2878425.0,-0.015366433694760845
7472,2878485.0,-0.015332244052804561
7473,2878545.0,-0.015289086093235926
7474,2878605.0,-0.015249515460712154
7475,2878665.0,-0.015217119482278302
7476,2878725.0,-0.015188310830889368
7477,2878785.0,-0.015161840672344357
7478,2878845.0,-0.015135915343120865
7479,2878905.0,-0.015108196350374803
7480,2878965.0,-0.015081567016271669
7481,2879025.0,-0.015054937682168479
7482,2879085.0,-0.015030646840909268
7483,2879145.0,-0.0150104881560163
7484,2879205.0,-0.014997504125213196
7485,2879265.0,-0.01500658888600126
7486,2879325.0,-0.015018012139633191
7487,2879385.0,-0.015026392895541613
7488,2879445.0,-0.015034228822128626
7489,2879505.0,-0.01504081591451445
7490,2879565.0,-0.015045064514056516
7491,2879625.0,-0.015043932123031095
7492,2879685.0,-0.015034535419272937
7493,2879748.0,-0.015015625568581131
7494,2879805.0,-0.014984319248790179
7495,2879865.0,-0.014943499782065467
7496,2879925.0,-0.014907516476586585
7497,2879985.0,-0.014869739507585383
7498,2880048.0,-0.014836094694950508
7499,2880105.0,-0.014806582038681987
7500,2880165.0,-0.014784244036503386
7501,2880225.0,-0.014763699697847243
7502,2880285.0,-0.014743700188512482
7503,2880345.0,-0.01472962649906659
7504,2880405.0,-0.014708378155530916
7505,2880465.0,-0.014690013134160324
7506,2880525.0,-0.014671648112789898
7507,2880585.0,-0.014653827920740964
7508,2880645.0,-0.014634214065169432
7509,2880705.0,-0.014614600209598011
7510,2880765.0,-0.014597324846870346
7511,2880825.0,-0.014580049484142849
7512,2880885.0,-0.014559731623691646
7513,2880945.0,-0.01453762009971818
7514,2881005.0,-0.014517847068588524
7515,2881065.0,-0.014491444212690358
7516,2881125.0,-0.014460909200425892
7517,2881185.0,-0.014435755178728887
7518,2881245.0,-0.014426040123854372
7519,2881305.0,-0.014424044552391213
7520,2881365.0,-0.014427429971495515
7521,2881425.0,-0.014433153883443656
7522,2881485.0,-0.014429909477779446
7523,2881545.0,-0.014414109427457966
7524,2881605.0,-0.014388251400881263
7525,2881665.0,-0.014360599710782046
7526,2881725.0,-0.014334741684205343
7527,2881785.0,-0.014311222150472563
7528,2881845.0,-0.014287702616739867
7529,2881905.0,-0.014268315239373469
7530,2881965.0,-0.014251266354850856
7531,2882025.0,-0.014234217470328353
7532,2882085.0,-0.014219507078649801
7533,2882145.0,-0.014206590350493653
7534,2882205.0,-0.01419905461290491
7535,2882265.0,-0.014190270041115144
7536,2882325.0,-0.014185072796370296
7537,2882385.0,-0.014178626717424397
7538,2882445.0,-0.014168593311433608
7539,2882505.0,-0.014155517407719254
7540,2882565.0,-0.01413706051343755
7541,2882625.0,-0.014118603619155817
7542,2882685.0,-0.014099601895552705
7543,2882745.0,-0.014084732328315891
7544,2882805.0,-0.014071656424601536
7545,2882865.0,-0.014061463843052513
7546,2882925.0,-0.014054858588548408
7547,2882985.0,-0.014045210836320904
7548,2883045.0,-0.014037356747615803
7549,2883105.0,-0.014024121668343409
7550,2883165.0,-0.014011431418392256
7551,2883225.0,-0.013994609012074805
7552,2883285.0,-0.013979580269279895
7553,2883345.0,-0.013964551526484986
7554,2883405.0,-0.013953110110734829
7555,2883465.0,-0.013942213524306274
7556,2883525.0,-0.013934904264922582
7557,2883585.0,-0.013926346171337922
7558,2883645.0,-0.013915994414230803
7559,2883705.0,-0.013903848993601226
7560,2883765.0,-0.013889909909449188
7561,2883825.0,-0.013877764488819472
7562,2883885.0,-0.013864370233988815
7563,2883945.0,-0.013856356969725508
7564,2884005.0,-0.013848343705462313
7565,2884065.0,-0.013842668934042873
7566,2884125.0,-0.013833406835578571
7567,2884185.0,-0.013827732064159104
7568,2884245.0,-0.013819014795016404
7569,2884305.0,-0.013807959033029532
7570,2884365.0,-0.013796903271042688
7571,2884425.0,-0.013784598674855014
7572,2884485.0,-0.01377354291286817
7573,2884545.0,-0.013763031980202872
7574,2884605.0,-0.013756108374582438
7575,2884665.0,-0.013749184768962114
7576,2884725.0,-0.013744599656185491
7577,2884785.0,-0.013740559372730388
7578,2884845.0,-0.013738312752797827
7579,2884905.0,-0.013736610962186702
7580,2884965.0,-0.013733115508052979
7581,2885025.0,-0.01373141371744191
7582,2885085.0,-0.013728463092629678
7583,2885145.0,-0.013723173974973552
7584,2885205.0,-0.01371250386675002
7585,2885265.0,-0.013698246431481625
7586,2885325.0,-0.013683988996213176
7587,2885385.0,-0.013671525224467157
7588,2885445.0,-0.01365906145272125
7589,2885505.0,-0.013648391344497773
7590,2885565.0,-0.013636472402073135
7591,2885625.0,-0.013628140786693527
7592,2885685.0,-0.013620898829956901
7593,2885745.0,-0.013617244200264972
7594,2885805.0,-0.013617721726939508
7595,2885865.0,-0.013619992917136586
7596,2885925.0,-0.013624057770856068
7597,2885985.0,-0.013629212283218367
7598,2886045.0,-0.01363257313205829
7599,2886105.0,-0.013631801824531692
7600,2886165.0,-0.013626194355759375
7601,2886225.0,-0.013618248394142912
7602,2886285.0,-0.013610302432526561
7603,2886345.0,-0.013605943797955017
7604,2886405.0,-0.013603378826906098
7605,2886465.0,-0.01360549084154486
7606,2886525.0,-0.01360760285618376
7607,2886585.0,-0.013610259700143984
7608,2886645.0,-0.013607535553536804
7609,2886705.0,-0.013602472914085811
7610,2886765.0,-0.013595616611112221
7611,2886825.0,-0.013586966644616255
7612,2886885.0,-0.01357777184879888
7613,2886945.0,-0.013568577052981395
7614,2887005.0,-0.013561175920686536
7615,2887065.0,-0.013559155778958998
7616,2887125.0,-0.013560722964276434
7617,2887185.0,-0.01356049648607141
7618,2887245.0,-0.013560814837187768
7619,2887305.0,-0.013559339524781638
7620,2887365.0,-0.013556070548853077
7621,2887425.0,-0.013552801572924517
7622,2887485.0,-0.013545945269950954
7623,2887545.0,-0.013539088966977475
7624,2887644.0,-0.0135298941711601
7625,2887665.0,-0.013522493038865185
7626,2887725.0,-0.013516885570092646
7627,2887785.0,-0.013511278101320218
7628,2887845.0,-0.01350621546186917
7629,2887905.0,-0.013502946485940609
7630,2887965.0,-0.013499677510011993
7631,2888025.0,-0.013500540690449786
7632,2888085.0,-0.013503742363731447
7633,2888145.0,-0.013509282529857086
7634,2888205.0,-0.01351536752530405
7635,2888265.0,-0.013519114027907148
7636,2888325.0,-0.013519818032786818
7637,2888385.0,-0.013520522037666377
7638,2888445.0,-0.013518887549702069
7639,2888505.0,-0.01351725306173776
7640,2888565.0,-0.013515618573773452
7641,2888625.0,-0.013512190422286768
7642,2888685.0,-0.013506968607277514
7643,2888745.0,-0.013499408299424448
7644,2888805.0,-0.013490054328048895
7645,2888865.0,-0.013480700356673203
7646,2888925.0,-0.013471346385297706
7647,2888985.0,-0.013463786077444612
7648,2889045.0,-0.013459813096636464
7649,2889105.0,-0.013458178608672156
7650,2889165.0,-0.01346067627707423
7651,2889225.0,-0.01346551243832031
7652,2889285.0,-0.013472142263088654
7653,2889345.0,-0.013480565751379597
7654,2889405.0,-0.013490782903193027
7655,2889465.0,-0.01349975122080535
7656,2889525.0,-0.013506381045573862
7657,2889585.0,-0.013509423543297344
7658,2889645.0,-0.01350529138693099
7659,2889705.0,-0.013497027074198226
7660,2889765.0,-0.013484630605099107
7661,2889825.0,-0.013471689306678608
7662,2889885.0,-0.013460541671780513
7663,2889945.0,-0.013449394036882556
7664,2890005.0,-0.013442378558350815
7665,2890065.0,-0.013438950406864159
7666,2890125.0,-0.013439654411743635
7667,2890185.0,-0.01344394574366825
7668,2890245.0,-0.013450575568436623
7669,2890305.0,-0.013458999056727594
7670,2890365.0,-0.013466173710817458
7671,2890425.0,-0.013471009872063455
7672,2890485.0,-0.013472258706264478
7673,2890545.0,-0.013471713876943098
7674,2890605.0,-0.013471169047621662
7675,2890665.0,-0.01346828572545633
7676,2890725.0,-0.013465402403291
7677,2890788.0,-0.01346251908112564
7678,2890845.0,-0.013460884593161332
7679,2890905.0,-0.013458001270996028
7680,2890965.0,-0.013452779455986774
7681,2891025.0,-0.013449896133821443
7682,2891085.0,-0.013447012811656112
7683,2891145.0,-0.013442335825968293
7684,2891205.0,-0.013439452503802934
7685,2891265.0,-0.013436569181637603
7686,2891325.0,-0.013435479522994676
7687,2891385.0,-0.013436183527874318
7688,2891445.0,-0.013439226025597856
7689,2891505.0,-0.013442268523321393
7690,2891565.0,-0.013447104684567363
7691,2891625.0,-0.013454279338657199
7692,2891685.0,-0.013461453992747091
7693,2891745.0,-0.013466834983314496
7694,2891805.0,-0.013468083817515492
7695,2891865.0,-0.013467538988194111
7696,2891925.0,-0.013463406831827757
7697,2891985.0,-0.013458729846139966
7698,2892045.0,-0.013451714367608308
7699,2892105.0,-0.01344469888907654
7700,2892165.0,-0.013438228239866318
7701,2892225.0,-0.013431757590656068
7702,2892285.0,-0.013426535775646814
7703,2892345.0,-0.013423107624159963
7704,2892405.0,-0.013422017965517091
7705,2892465.0,-0.013419134643351815
7706,2892525.0,-0.013415706491865048
7707,2892585.0,-0.013414616833222232
7708,2892645.0,-0.013415320838101708
7709,2892705.0,-0.013416569672302842
7710,2892765.0,-0.013421950662870274
7711,2892825.0,-0.013429125316960139
7712,2892885.0,-0.0134368448003713
7713,2892945.0,-0.013442770620260197
7714,2893005.0,-0.01344510911310412
7715,2893065.0,-0.013445653942425556
7716,2893125.0,-0.013442066615380582
7717,2893185.0,-0.013436140795491769
7718,2893245.0,-0.013428966141401905
7719,2893305.0,-0.013423040321513091
7720,2893365.0,-0.013420701828669085
7721,2893425.0,-0.013418363335825328
7722,2893485.0,-0.013418363335825328
7723,2893545.0,-0.013418363335825328
7724,2893605.0,-0.013418363335825328
7725,2893665.0,-0.013416024842981406
7726,2893725.0,-0.013415480013660025
7727,2893785.0,-0.013417273677182512
7728,2893845.0,-0.013419067340704943
7729,2893905.0,-0.013422654667749917
7730,2893965.0,-0.013426241994794835
7731,2894025.0,-0.013432167814683621
7732,2894085.0,-0.01343575514172854
7733,2894145.0,-0.013439342468773458
7734,2894205.0,-0.013439342468773458
7735,2894265.0,-0.013439342468773458
7736,2894325.0,-0.013438797639452077
7737,2894385.0,-0.013438797639452077
7738,2894445.0,-0.013440591302974564
7739,2894505.0,-0.013440591302974564
7740,2894565.0,-0.01344238496649705
7741,2894625.0,-0.013440591302974564
7742,2894685.0,-0.013438797639452077
7743,2894745.0,-0.013434665483085723
7744,2894805.0,-0.01343053332671948
7745,2894865.0,-0.01342640117035307
7746,2894925.0,-0.013424062677509147
7747,2894985.0,-0.013421724184665307
7748,2895045.0,-0.013421179355343815
7749,2895105.0,-0.013421179355343815
7750,2895165.0,-0.013422973018866274
7751,2895225.0,-0.013426560345911193
7752,2895285.0,-0.01343069250227763
7753,2895345.0,-0.013436618322166388
7754,2895405.0,-0.013440750478532798
7755,2895465.0,-0.013443088971376749
7756,2895525.0,-0.013443633800698074
7757,2895585.0,-0.013440046473653128
7758,2895645.0,-0.013432871819563263
7759,2895705.0,-0.013425152336152074
7760,2895765.0,-0.01341743285274069
7761,2895825.0,-0.013409713369329418
7762,2895885.0,-0.013403787549440632
7763,2895945.0,-0.013400200222395714
7764,2896005.0,-0.013401993885918173
7765,2896065.0,-0.013409168540008037
7766,2896125.0,-0.013418681686941769
7767,2896185.0,-0.013428739663197048
7768,2896245.0,-0.013440591302974758
7769,2896305.0,-0.013449400445028792
7770,2896365.0,-0.01345587109423918
7771,2896425.0,-0.013460003250605507
7772,2896485.0,-0.013460003250605507
7773,2896545.0,-0.01345641592356056
7774,2896605.0,-0.013448696440149316
7775,2896665.0,-0.01344043212741644
7776,2896725.0,-0.0134303741511613
7777,2896785.0,-0.013419771345584697
7778,2896845.0,-0.013410962203530524
7779,2896905.0,-0.013406285217842678
7780,2896965.0,-0.0134082380569234
7781,2897025.0,-0.013412529388847877
7782,2897085.0,-0.013419159213616277
7783,2897145.0,-0.013424540204183683
7784,2897205.0,-0.013429921194751115
7785,2897265.0,-0.013432963692474653
7786,2897325.0,-0.013432418863153328
7787,2897388.0,-0.013431329204510345
7788,2897445.0,-0.013430239545867528
7789,2897505.0,-0.0134291498872246
7790,2897568.0,-0.013428060228581673
7791,2897625.0,-0.013425176906416397
7792,2897685.0,-0.013422293584251122
7793,2897745.0,-0.01341941026208568
7794,2897805.0,-0.013418320603442807
7795,2897865.0,-0.01341598211059894
7796,2897925.0,-0.013413098788433636
7797,2897985.0,-0.01341021546626825
7798,2898045.0,-0.013409125807625322
7799,2898105.0,-0.013412168305348887
7800,2898165.0,-0.013417004466594912
7801,2898225.0,-0.013422385457162317
7802,2898285.0,-0.013427766447729722
7803,2898345.0,-0.01343135377477464
7804,2898405.0,-0.013433147438297072
7805,2898465.0,-0.013433147438297072
7806,2898525.0,-0.01343135377477464
7807,2898585.0,-0.013427221618408286
7808,2898645.0,-0.013426676789086905
7809,2898705.0,-0.01342613195976547
7810,2898765.0,-0.013423793466921602
7811,2898825.0,-0.013419116481233756
7812,2898885.0,-0.013414439495545882
7813,2898945.0,-0.013411556173380607
7814,2899005.0,-0.013406879187692816
7815,2899065.0,-0.013403995865527457
7816,2899125.0,-0.01340290620688453
7817,2899185.0,-0.013401816548241713
7818,2899245.0,-0.013398933226076298
7819,2899305.0,-0.013397843567433482
7820,2899365.0,-0.01339675390879061
7821,2899425.0,-0.013395664250147682
7822,2899485.0,-0.013398161918549728
7823,2899545.0,-0.01340299807979578
7824,2899605.0,-0.013409627904564209
7825,2899665.0,-0.013412670402287746
7826,2899725.0,-0.013415712900011229
7827,2899785.0,-0.013416416904890843
7828,2899845.0,-0.013415327246247916
7829,2899905.0,-0.013413692758283663
7830,2899965.0,-0.013410264606796868
7831,2900025.0,-0.013406836455310184
7832,2900085.0,-0.013403408303823389
7833,2900145.0,-0.013398186488814162
7834,2900205.0,-0.013392964673804991
7835,2900265.0,-0.013387742858795737
7836,2900325.0,-0.013380727380263996
7837,2900385.0,-0.013375505565254825
7838,2900445.0,-0.013373871077290572
7839,2900505.0,-0.013374030252848695
7840,2900565.0,-0.013377776755451848
7841,2900625.0,-0.013380274423853894
7842,2900685.0,-0.013382227262934504
7843,2900745.0,-0.013384724931336606
7844,2900805.0,-0.013392603590306057
7845,2900865.0,-0.013403910400762276
7846,2900925.0,-0.013409836220651089
7847,2900985.0,-0.013410381049972525
7848,2901045.0,-0.013405000059405148
7849,2901105.0,-0.01339244441474785
7850,2901165.0,-0.01337216928667928
7851,2901225.0,-0.013351894158610683
7852,2901285.0,-0.013337000021109519
7853,2901345.0,-0.013331074201220816
7854,2901405.0,-0.013337544850431066
7855,2901465.0,-0.013353369471016868
7856,2901525.0,-0.013367945257401675
7857,2901585.0,-0.01338252104378651
7858,2901645.0,-0.013394054332447808
7859,2901705.0,-0.013404497962466205
7860,2901765.0,-0.013415486421806094
7861,2901825.0,-0.013422342724779629
7862,2901885.0,-0.013427405364230677
7863,2901945.0,-0.013430674340159238
7864,2902005.0,-0.013431604823243987
7865,2902065.0,-0.013428403149962242
7866,2902125.0,-0.013425201476680498
7867,2902188.0,-0.013421454974077401
7868,2902245.0,-0.013415914807951873
7869,2902305.0,-0.013413961968871208
7870,2902365.0,-0.013413802793312973
7871,2902425.0,-0.013413643617754878
7872,2902485.0,-0.013411690778674185
7873,2902545.0,-0.013409737939593602
7874,2902605.0,-0.013409578764035396
7875,2902665.0,-0.013411213251999649
7876,2902725.0,-0.013414641403486471
7877,2902785.0,-0.013418614384294564
7878,2902845.0,-0.013436232668402937
7879,2902905.0,-0.013452602118310147
7880,2902965.0,-0.013463590577650092
7881,2903025.0,-0.013465610719377574
7882,2903085.0,-0.013456868879970302
7883,2903145.0,-0.013444539713518083
7884,2903205.0,-0.013435253044789291
7885,2903265.0,-0.013437273186516885
7886,2903325.0,-0.013449896133820943
7887,2903385.0,-0.013465402403290583
7888,2903445.0,-0.013481453502081464
7889,2903505.0,-0.013495710937349858
7890,2903565.0,-0.01350404255272955
7891,2903625.0,-0.013508786841064158
7892,2903685.0,-0.013510647807233461
7893,2903745.0,-0.013512508773402876
7894,2903805.0,-0.013512576076049693
7895,2903865.0,-0.013512098549375157
7896,2903925.0,-0.013513959515544544
7897,2903985.0,-0.01351706931591487
7898,2904045.0,-0.013525560106852685
7899,2904108.0,-0.013532257234268014
7900,2904165.0,-0.013540748025205857
7901,2904225.0,-0.013549238816143644
7902,2904285.0,-0.013559523270603863
7903,2904348.0,-0.013569807725064165
7904,2904405.0,-0.013580092179524439
7905,2904465.0,-0.01358858297046231
7906,2904525.0,-0.013597073761400097
7907,2904585.0,-0.013612739206427776
7908,2904645.0,-0.013623568490209376
7909,2904705.0,-0.013629016783423736
7910,2904765.0,-0.0136285392567492
7911,2904825.0,-0.013625723237230714
7912,2904885.0,-0.013623452047033746
7913,2904945.0,-0.013613461373425423
7914,2905005.0,-0.013603470699817183
7915,2905065.0,-0.01359652252393237
7916,2905125.0,-0.01359963232430278
7917,2905185.0,-0.013610461608084434
7918,2905245.0,-0.01362362938471004
7919,2905305.0,-0.013636797161335618
7920,2905365.0,-0.013648171274438847
7921,2905425.0,-0.01365954538754191
7922,2905485.0,-0.01366858100780119
7923,2905545.0,-0.013678161457381793
7924,2905605.0,-0.013700842380941186
7925,2905665.0,-0.013720480806777041
7926,2905725.0,-0.013734738242045436
7927,2905785.0,-0.013739482530380182
7928,2905845.0,-0.013731126344736139
7929,2905905.0,-0.013719182832047178
7930,2905965.0,-0.013708488153559267
7931,2906025.0,-0.013703174465638679
7932,2906085.0,-0.013705035431808094
7933,2906145.0,-0.013711573383665326
7934,2906205.0,-0.01371990499904488
7935,2906265.0,-0.013730030277946975
7936,2906325.0,-0.013740155556849043
7937,2906385.0,-0.013752074499273542
7938,2906445.0,-0.013765242275899231
7939,2906505.0,-0.013778954881846245
7940,2906565.0,-0.013807561625294368
7941,2906625.0,-0.01383312587101912
7942,2906685.0,-0.013340131089435187
7943,2906745.0,-0.012994039327145657
7944,2906805.0,-0.012660662357684954
7945,2906865.0,-0.012202679247064196
7946,2906925.0,-0.011685239012324683
7947,2906985.0,-0.01117852348231585
7948,2907045.0,-0.010707350213741723
7949,2907105.0,-0.010248290357668333
7950,2907165.0,-0.009786094074238333
7951,2907225.0,-0.009330071844068005
7952,2907285.0,-0.008866486242269739
7953,2907345.0,-0.008399000499946047
7954,2907405.0,-0.00790796656091311
7955,2907465.0,-0.007408501862457145
7956,2907525.0,-0.006925469711536264
7957,2907585.0,-0.0064354092808537045
7958,2907645.0,-0.005945375485481547
7959,2907705.0,-0.005449494508304231
7960,2907765.0,-0.004926725966031609
7961,2907825.0,-0.004402039859217333
7962,2907885.0,-0.0038540740470902335
7963,2907945.0,-0.003305333326090898
7964,2908005.0,-0.0027492431312149124
7965,2908065.0,-0.002182323587563345
7966,2908125.0,-0.001649188053853251
7967,2908185.0,-0.0011084382864870457
7968,2908245.0,-0.0006002293454480945
7969,2908305.0,-8.752696360478374e-05
7970,2908365.0,0.00044595534120445146
7971,2908425.0,0.0009556647186360623
7972,2908485.0,0.0014616115590278256
7973,2908545.0,0.0019720325534089977
7974,2908605.0,0.0024802745327957842
7975,2908665.0,0.002973109732868545
7976,2908725.0,0.003448148641510801
7977,2908785.0,0.0039297492224649455
7978,2908845.0,0.004413149205546862
7979,2908905.0,0.004875480222956752
7980,2908965.0,0.005354223472138292
7981,2909025.0,0.0058394531185796406
7982,2909085.0,0.006320897972178802
7983,2909145.0,0.006788441858635225
7984,2909205.0,0.007239429792838009
7985,2909265.0,0.0077006233882785935
7986,2909325.0,0.008129535194993404
7987,2909385.0,0.008555651031641381
7988,2909445.0,0.008996894042794884
7989,2909505.0,0.009443365158515682
7990,2909565.0,0.00989323846766707
7991,2909625.0,0.010351359271846022
7992,2909685.0,0.010837862827226624
7993,2909745.0,0.011315910064213869
7994,2909805.0,0.01180597881058379
7995,2909865.0,0.01227783646758246
7996,2909925.0,0.012734690767713303
7997,2909985.0,0.013182938960944524
7998,2910045.0,0.013608560303570244
7999,2910105.0,0.014024014693103659
8000,2910165.0,0.014455390253097639
8001,2910225.0,0.014886819543794921
8002,2910285.0,0.015320350746516165
8003,2910345.0,0.015768925280500695
8004,2910405.0,0.016217746772459074
8005,2910465.0,0.01667760894472098
8006,2910525.0,0.017161670054463396
8007,2910585.0,0.017725797931763626
8008,2910645.0,0.018323382939506694
8009,2910705.0,0.018936350007585007
8010,2910765.0,0.01956402240545374
8011,2910825.0,0.020194265702377423
8012,2910885.0,0.020815802878305728
8013,2910945.0,0.021385797159464842
8014,2911005.0,0.021911230608099574
8015,2911065.0,0.022375909790623844
8016,2911125.0,0.022808984639576063
8017,2911185.0,0.023261072480097233
8018,2911245.0,0.023705746677191802
8019,2911305.0,0.02413994124179042
8020,2911365.0,0.02457071976450173
8021,2911425.0,0.025079156921754886
8022,2911485.0,0.025707121449875553
8023,2911545.0,0.026380050500755703
8024,2911605.0,0.02710913886715069
8025,2911665.0,0.027882537909172972
8026,2911725.0,0.028640295572167823
8027,2911785.0,0.02937688447383449
8028,2911845.0,0.030136208577597273
8029,2911905.0,0.03094750773525684
8030,2911965.0,0.03181872725498658
8031,2912025.0,0.03270598829028709
8032,2912085.0,0.033571535645150086
8033,2912145.0,0.034474032966825996
8034,2912205.0,0.0354050734336194
8035,2912265.0,0.03632898006486121
8036,2912325.0,0.037209067312413385
8037,2912385.0,0.038069049985935216
8038,2912445.0,0.03889667226133736
8039,2912505.0,0.0397421592580795
8040,2912565.0,0.042883642562182744
8041,2912625.0,0.04566942140528474
8042,2912685.0,0.04798669739776809
8043,2912745.0,0.050140943479772826
8044,2912805.0,0.052291521414817105
8045,2912865.0,0.0544487117882953
8046,2912925.0,0.05659445266485724
8047,2912985.0,0.05871587287631361
8048,2913045.0,0.060778165062865014
8049,2913105.0,0.06285962871568426
8050,2913165.0,0.0649154101194124
8051,2913225.0,0.06698478311052061
8052,2913285.0,0.06907846735111192
8053,2913345.0,0.07111870680918389
8054,2913405.0,0.07315429751015243
8055,2913465.0,0.07517177074452999
8056,2913525.0,0.0772042208834148
8057,2913585.0,0.07924906244096622
8058,2913645.0,0.08134223424583928
8059,2913705.0,0.08346992618775992
8060,2913765.0,0.08561184574795241
8061,2913825.0,0.08777960629679524
8062,2913885.0,0.08998896644474944
8063,2913945.0,0.09221430562379254
8064,2914005.0,0.09449872492349373
8065,2914065.0,0.09678312435627215
8066,2914125.0,0.09904441162975644
8067,2914185.0,0.10130733392438876
8068,2914245.0,0.10355062100247062
8069,2914305.0,0.10581850500569032
8070,2914365.0,0.10805890551341937
8071,2914425.0,0.11031863494709529
8072,2914485.0,0.11256017935314191
8073,2914545.0,0.11481769001416045
8074,2914605.0,0.11706182427455938
8075,2914665.0,0.11928850531892951
8076,2914725.0,0.12151552417697101
8077,2914785.0,0.12372924372517427
8078,2914845.0,0.12598263568446402
8079,2914905.0,0.1281903885583551
8080,2914965.0,0.13039678937140012
8081,2915025.0,0.1309834466358207
8082,2915085.0,0.13167589201151267
8083,2915145.0,0.13383358410470989
8084,2915205.0,0.13586477171495545
8085,2915265.0,0.13780498727303028
8086,2915325.0,0.13961008346612594
8087,2915385.0,0.1414790287191586
8088,2915445.0,0.1434813966055493
8089,2915505.0,0.1454942949598418
8090,2915565.0,0.14750504369434195
8091,2915625.0,0.14946040499434812
8092,2915685.0,0.15144902858792572
8093,2915745.0,0.1534350731243551
8094,2915805.0,0.15540475427923175
8095,2915865.0,0.15753355451551168
8096,2915925.0,0.15961152465717957
8097,2915985.0,0.16150668166608698
8098,2916045.0,0.1633457231287633
8099,2916105.0,0.1651359723524807
8100,2916168.0,0.16689884832242155
8101,2916225.0,0.1685891496251353
8102,2916285.0,0.170518068191053
8103,2916345.0,0.17245503324024516
8104,2916405.0,0.17443878234627166
8105,2916465.0,0.17644414803709232
8106,2916525.0,0.17868241811294985
8107,2916585.0,0.18086154151415776
8108,2916648.0,0.18294264952132486
8109,2916705.0,0.18506933291121372
8110,2916765.0,0.18699872353427324
8111,2916825.0,0.18893928456972983
8112,2916885.0,0.1909788661867121
8113,2916945.0,0.19303234635227914
8114,2917005.0,0.19508091590655932
8115,2917065.0,0.19712862003335244
8116,2917125.0,0.1991958050020919
8117,2917185.0,0.20148561963396186
8118,2917245.0,0.20371925094956092
8119,2917305.0,0.20586350185567084
8120,2917365.0,0.20788834740286086
8121,2917425.0,0.2097881861551801
8122,2917485.0,0.21132731486853149
8123,2917545.0,0.21302745594813813
8124,2917605.0,0.214738388089642
8125,2917668.0,0.21631590311703316
8126,2917725.0,0.21786049156785467
8127,2917785.0,0.21944296169255642
8128,2917845.0,0.2210195206250085
8129,2917905.0,0.22285474449531437
8130,2917965.0,0.22462517573414117
8131,2918025.0,0.22621820313084842
8132,2918085.0,0.22768315443322953
8133,2918145.0,0.2291774515029568
8134,2918205.0,0.23072063834455428
8135,2918265.0,0.23222575998005843
8136,2918325.0,0.2338139790582919
8137,2918385.0,0.2353828912688107
8138,2918445.0,0.23694708225017516
8139,2918505.0,0.23845593710799076
8140,2918565.0,0.23990659878478973
8141,2918625.0,0.24135181173625644
8142,2918685.0,0.24283658714790698
8143,2918745.0,0.24429707760959216
8144,2918805.0,0.2460055127503374
8145,2918865.0,0.24764504194981532
8146,2918925.0,0.24928500556108515
8147,2918985.0,0.25067680492507816
8148,2919048.0,0.2522015919937737
8149,2919105.0,0.25373181062924977
8150,2919165.0,0.25530180702713356
8151,2919225.0,0.2569302486542159
8152,2919285.0,0.258487832204366
8153,2919345.0,0.2600601279774436
8154,2919405.0,0.2616658333315466
8155,2919465.0,0.26322867098781455
8156,2919525.0,0.26482233538133304
8157,2919585.0,0.2664317351995781
8158,2919645.0,0.268049076509167
8159,2919705.0,0.2697591301271096
8160,2919765.0,0.27145113382123187
8161,2919825.0,0.27316803469489004
8162,2919885.0,0.2747768025688727
8163,2919945.0,0.27650519789630557
8164,2920005.0,0.2781801377809586
8165,2920065.0,0.279907168987062
8166,2920125.0,0.28155252698996536
8167,2920185.0,0.2832693353686633
8168,2920245.0,0.28501633064517873
8169,2920305.0,0.286690353049436
8170,2920365.0,0.2883880320829225
8171,2920425.0,0.29001896736211674
8172,2920485.0,0.29166782471870834
8173,2920545.0,0.29339909957807675
8174,2920605.0,0.2950797769330179
8175,2920665.0,0.296858351696087
8176,2920725.0,0.2985375260593245
8177,2920785.0,0.3003575720575127
8178,2920845.0,0.3021748609747815
8179,2920905.0,0.30404161886132186
8180,2920965.0,0.3057714143951543
8181,2921025.0,0.307547862876416
8182,2921085.0,0.30932113244760473
8183,2921145.0,0.31101417408602516
8184,2921205.0,0.3127043193139699
8185,2921265.0,0.3143987304940735
8186,2921325.0,0.31615343478337576
8187,2921385.0,0.3178000477609505
8188,2921445.0,0.31944160503678287
8189,2921505.0,0.3210495235460469
8190,2921565.0,0.3226664670622952
8191,2921625.0,0.3243305699480833
8192,2921685.0,0.3259880833789567
8193,2921745.0,0.32768817988151877
8194,2921805.0,0.3294422572512249
8195,2921865.0,0.33125516097249397
8196,2921925.0,0.333086901394155
8197,2921985.0,0.3349175021467814
8198,2922045.0,0.3367297991388848
8199,2922105.0,0.3385315426766925
8200,2922165.0,0.3403320794321705
8201,2922225.0,0.3420605151357975
8202,2922285.0,0.3437245972373535
8203,2922345.0,0.34527895600930003
8204,2922405.0,0.34690232193494497
8205,2922465.0,0.34844440030203494
8206,2922525.0,0.34974318602325927
8207,2922585.0,0.35101352039945033
8208,2922645.0,0.3522610145998828
8209,2922705.0,0.35350575200909484
8210,2922765.0,0.35471425756072394
8211,2922825.0,0.3559087346391745
8212,2922885.0,0.3570803996300921
8213,2922945.0,0.35821654497754574
8214,2923005.0,0.35936937180122375
8215,2923065.0,0.360512900100011
8216,2923125.0,0.3617880640172747
8217,2923185.0,0.3628264323207824
8218,2923245.0,0.36403478796407585
8219,2923305.0,0.3654575311057955
8220,2923365.0,0.36453361485994595
8221,2923425.0,0.3638598705156021
8222,2923485.0,0.363693594299786
8223,2923545.0,0.3636394765043559
8224,2923605.0,0.3635252237077996
8225,2923665.0,0.3633876142034115
8226,2923725.0,0.36329037218982185
8227,2923788.0,0.36321995147053066
8228,2923845.0,0.3631998221902272
8229,2923905.0,0.3631933715465142
8230,2923965.0,0.36334345862196826
8231,2924025.0,0.3634341536817661
8232,2924085.0,0.36353974580305437
8233,2924145.0,0.3637896930835842
8234,2924205.0,0.36358758696309146
8235,2924265.0,0.3636386107975248
8236,2924325.0,0.36372782089936895
8237,2924385.0,0.3638723982116847
8238,2924445.0,0.3638297355399803
8239,2924505.0,0.36370027403718896
8240,2924565.0,0.3635470119973213
8241,2924625.0,0.3634399648027111
8242,2924685.0,0.3632347550668734
8243,2924745.0,0.36305200102238444
8244,2924805.0,0.3627065876118749
8245,2924865.0,0.36243921316102246
8246,2924925.0,0.3620929032647696
8247,2924985.0,0.3618676698675787
8248,2925045.0,0.36176438677251366
8249,2925105.0,0.3616889550626605
8250,2925165.0,0.3617300102027081
8251,2925225.0,0.361320109649916
8252,2925285.0,0.36133682871129547
8253,2925345.0,0.36119114418635156
8254,2925405.0,0.36108469211521166
8255,2925465.0,0.36087158088187477
8256,2925525.0,0.3606555247834611
8257,2925585.0,0.36039452303917396
8258,2925648.0,0.3601882179279067
8259,2925705.0,0.3599407781129652
8260,2925765.0,0.3597140453755011
8261,2925825.0,0.36115964232982634
8262,2925885.0,0.36258754333825405
8263,2925945.0,0.36271295335127396
8264,2926005.0,0.3629517477373424
8265,2926068.0,0.36330244347233254
8266,2926125.0,0.3638715300875135
8267,2926185.0,0.3643439623901211
8268,2926245.0,0.36444911942154745
8269,2926305.0,0.36457694990353573
8270,2926365.0,0.3646991797736904
8271,2926428.0,0.3651119148447316
8272,2926485.0,0.3653746736410607
8273,2926545.0,0.3665316853757198
8274,2926605.0,0.36751702613573745
8275,2926665.0,0.36841463668606844
8276,2926725.0,0.36956693943884145
8277,2926785.0,0.3710811873601859
8278,2926845.0,0.372096103179442
8279,2926905.0,0.37313825261605504
8280,2926965.0,0.37456212031481184
8281,2927025.0,0.3761901060567807
8282,2927085.0,0.37751152323689463
8283,2927145.0,0.37890819208763726
8284,2927205.0,0.38021150264193315
8285,2927265.0,0.38157790311351414
8286,2927325.0,0.38260818688220843
8287,2927385.0,0.38382594872199516
8288,2927445.0,0.3849931237634874
8289,2927505.0,0.3862204919058875
8290,2927565.0,0.38739324965405475
8291,2927625.0,0.3886842926851565
8292,2927685.0,0.38980913573098397
8293,2927745.0,0.39069800944939415
8294,2927805.0,0.3919189718702383
8295,2927865.0,0.39335454893411004
8296,2927925.0,0.3948728826784954
8297,2927985.0,0.395945523485154
8298,2928045.0,0.3971211242687386
8299,2928105.0,0.3983673473687035
8300,2928165.0,0.39969790461996346
8301,2928225.0,0.40111303266503895
8302,2928285.0,0.40228806268021455
8303,2928345.0,0.4033480169581647
8304,2928405.0,0.4043525087340031
8305,2928465.0,0.4053116621235069
8306,2928525.0,0.40634182243378614
8307,2928585.0,0.4070305323673299
8308,2928645.0,0.40790306204153837
8309,2928705.0,0.40898821528829465
8310,2928765.0,0.41024314455729527
8311,2928825.0,0.4113873398033311
8312,2928885.0,0.4127599059601227
8313,2928945.0,0.41381524735979924
8314,2929005.0,0.414000903447892
8315,2929065.0,0.4139742812145023
8316,2929125.0,0.41369262593992684
8317,2929188.0,0.4133908943652985
8318,2929245.0,0.41307520953905075
8319,2929305.0,0.4127919306953084
8320,2929365.0,0.4124238842773642
8321,2929425.0,0.4121229585274625
8322,2929485.0,0.41183630020527195
8323,2929545.0,0.4116253883173394
8324,2929605.0,0.41111309402323604
8325,2929665.0,0.41078949097916884
8326,2929725.0,0.4104274954055963
8327,2929785.0,0.4103218225633468
8328,2929845.0,0.41009143862650055
8329,2929905.0,0.40989873444773817
8330,2929965.0,0.4098060953290271
8331,2930025.0,0.41070080076482873
8332,2930085.0,0.4114183858711923
8333,2930145.0,0.41223838772649446
8334,2930205.0,0.41263782674765104
8335,2930265.0,0.41344593370257365
8336,2930325.0,0.4142623951911465
8337,2930385.0,0.4150347082910967
8338,2930445.0,0.41567799510055303
8339,2930505.0,0.41616789968951007
8340,2930565.0,0.41665478793683786
8341,2930625.0,0.41703608486238697
8342,2930685.0,0.4175754312178547
8343,2930745.0,0.41801672556665137
8344,2930805.0,0.4184285768998829
8345,2930865.0,0.4188270181665258
8346,2930925.0,0.41936899892071866
8347,2930985.0,0.420086614418706
8348,2931045.0,0.42070866942657903
8349,2931105.0,0.42139130315618833
8350,2931165.0,0.42265061494104306
8351,2931225.0,0.4235900569091632
8352,2931285.0,0.42436236895024915
8353,2931345.0,0.42558421345130004
8354,2931405.0,0.4265726507876503
8355,2931465.0,0.4274175321739949
8356,2931525.0,0.4284787430213042
8357,2931585.0,0.42948579009371335
8358,2931645.0,0.43065546885989325
8359,2931705.0,0.4316709359406582
8360,2931765.0,0.43293915237271907
8361,2931825.0,0.43420234108289935
8362,2931885.0,0.43569279028586727
8363,2931945.0,0.43706611807387163
8364,2932005.0,0.4382939057004517
8365,2932065.0,0.4392218253538206
8366,2932125.0,0.44002154485276235
8367,2932185.0,0.4410315388437863
8368,2932245.0,0.4421103041416117
8369,2932305.0,0.4432311419960031
8370,2932365.0,0.4444906120048945
8371,2932425.0,0.4459133667203091
8372,2932485.0,0.4472666818913432
8373,2932545.0,0.4482076976914734
8374,2932605.0,0.44912839222154466
8375,2932665.0,0.4500807232877958
8376,2932725.0,0.4509970137863376
8377,2932785.0,0.4520861077780953
8378,2932845.0,0.45327475141123663
8379,2932905.0,0.45453475732906445
8380,2932965.0,0.455796603943624
8381,2933025.0,0.4569622639709583
8382,2933085.0,0.45761891001138333
8383,2933145.0,0.45842132202349584
8384,2933205.0,0.45920322476897857
8385,2933265.0,0.4599793360275183
8386,2933325.0,0.46079318973633854
8387,2933385.0,0.4615321464267983
8388,2933445.0,0.46217065901864174
8389,2933505.0,0.46280896984391495
8390,2933565.0,0.46373656256593476
8391,2933625.0,0.46451890270326024
8392,2933685.0,0.46557537830399365
8393,2933745.0,0.46646814199056563
8394,2933805.0,0.4676638294406953
8395,2933865.0,0.46931433131564815
8396,2933925.0,0.4707439092307718
8397,2933985.0,0.47221361148199803
8398,2934045.0,0.4733498821114378
8399,2934105.0,0.4742874052685866
8400,2934165.0,0.4755302814094866
8401,2934225.0,0.47684447841991773
8402,2934285.0,0.478212512940681
8403,2934345.0,0.47953637630786716
8404,2934405.0,0.48104366656501096
8405,2934465.0,0.48250902264538886
8406,2934525.0,0.483959211370771
8407,2934585.0,0.48545135806164474
8408,2934645.0,0.48693238309566966
8409,2934705.0,0.4883922758050979
8410,2934765.0,0.4897840946774853
8411,2934825.0,0.4913359303677137
8412,2934885.0,0.492607399124248
8413,2934945.0,0.493642460064722
8414,2935005.0,0.49488632331552307
8415,2935065.0,0.49596378461845025
8416,2935125.0,0.4970560684563269
8417,2935185.0,0.498352005010103
8418,2935245.0,0.4997183196750835
8419,2935305.0,0.5012974769568223
8420,2935365.0,0.5024074608581292
8421,2935425.0,0.5031992882700593
8422,2935485.0,0.5031059678852378
8423,2935545.0,0.5028625871693829
8424,2935605.0,0.5027365560743787
8425,2935665.0,0.5025395667917694
8426,2935725.0,0.5024321033576379
8427,2935785.0,0.5022112971589119
8428,2935845.0,0.5018971368365402
8429,2935905.0,0.5017587570148191
8430,2935965.0,0.5015252081843019
8431,2936028.0,0.5016362184207347
8432,2936085.0,0.5012390434262456
8433,2936148.0,0.501026581162236
8434,2936205.0,0.5009989438209278
8435,2936265.0,0.5010869071779802
8436,2936325.0,0.5012819796943048
8437,2936385.0,0.5014514644227169
8438,2936445.0,0.5016195155404529
8439,2936505.0,0.5018285770999006
8440,2936565.0,0.5019812417728685
8441,2936625.0,0.5022892692875996
8442,2936685.0,0.5023129515170316
8443,2936745.0,0.5020766668312853
8444,2936805.0,0.5017824074754685
8445,2936865.0,0.5013537103271554
8446,2936925.0,0.5010405073027571
8447,2936985.0,0.5007046441718522
8448,2937045.0,0.5011305180072447
8449,2937108.0,0.5014495293405218
8450,2937168.0,0.5017168871336837
8451,2937225.0,0.5017362784143059
8452,2937285.0,0.5018378681009813
8453,2937345.0,0.5009517754357785
8454,2937405.0,0.5001520513198973
8455,2937465.0,0.49934631095759074
8456,2937525.0,0.49853328695180266
8457,2937585.0,0.4974675752650034
8458,2937645.0,0.4970143380950359
8459,2937705.0,0.49671226927537526
8460,2937765.0,0.49609541891180375
8461,2937825.0,0.49530527197537844
8462,2937885.0,0.4945947229598163
8463,2937945.0,0.4944387480152954
8464,2938005.0,0.49437487677070835
8465,2938065.0,0.49414423510735106
8466,2938125.0,0.4939868218798552
8467,2938185.0,0.4937338905059738
8468,2938245.0,0.49363110081905537
8469,2938305.0,0.49337014941223434
8470,2938365.0,0.4933844125447667
8471,2938425.0,0.4933313962128797
8472,2938485.0,0.4931553161933748
8473,2938545.0,0.4933248979615382
8474,2938605.0,0.4935071631015616
8475,2938665.0,0.4933184421318725
8476,2938725.0,0.4928501267492583
8477,2938785.0,0.4923911678626093
8478,2938845.0,0.4919909997541295
8479,2938905.0,0.49171158572405516
8480,2938965.0,0.4912018603157665
8481,2939025.0,0.4905800169143616
8482,2939085.0,0.4899371044303732
8483,2939145.0,0.4893443147088413
8484,2939205.0,0.4887593340891555
8485,2939265.0,0.4883332692270582
8486,2939325.0,0.4879997062301914
8487,2939385.0,0.487857938565994
8488,2939445.0,0.4874986680705272
8489,2939505.0,0.4866173839119253
8490,2939565.0,0.48562136295238945
8491,2939625.0,0.4849314624520864
8492,2939685.0,0.4840495493941853
8493,2939745.0,0.48359200367266697
8494,2939805.0,0.4840980949137975
8495,2939865.0,0.48503423990115835
8496,2939925.0,0.4859686713988217
8497,2939985.0,0.4868439655918696
8498,2940045.0,0.48768648872846476
8499,2940105.0,0.488504627213877
8500,2940165.0,0.4896867355202962
8501,2940225.0,0.4908367150705253
8502,2940285.0,0.4917994929136631
8503,2940345.0,0.4926345125733772
8504,2940405.0,0.49348856421240994
8505,2940465.0,0.49416346770189634
8506,2940525.0,0.49480394238573944
8507,2940585.0,0.4956055481358923
8508,2940645.0,0.49687591312812696
8509,2940705.0,0.4977601140144522
8510,2940765.0,0.4976019779404389
8511,2940825.0,0.4959718084730198
8512,2940885.0,0.4946552864210083
8513,2940945.0,0.49338976613939234
8514,2941005.0,0.49241549388451955
8515,2941065.0,0.4909858826292156
8516,2941125.0,0.4894835878497604
8517,2941185.0,0.4879788946704092
8518,2941245.0,0.4855877420921427
8519,2941305.0,0.48325897921596395
8520,2941365.0,0.48213276497975566
8521,2941425.0,0.48112683641095566
8522,2941485.0,0.4800985269339333
8523,2941545.0,0.47906379597602167
8524,2941605.0,0.4781031831858865
8525,2941665.0,0.47723263673478034
8526,2941725.0,0.47639777379665815
8527,2941785.0,0.4752219612750591
8528,2941845.0,0.47414481811714115
8529,2941905.0,0.47309539226576647
8530,2941965.0,0.4714911628723475
8531,2942025.0,0.4704624935248819
8532,2942085.0,0.469458462135094
8533,2942145.0,0.4678087821329483
8534,2942205.0,0.4663749153053114
8535,2942265.0,0.4650098962922874
8536,2942325.0,0.4634794984753382
8537,2942385.0,0.4619953022284783
8538,2942445.0,0.46061723860848847
8539,2942505.0,0.4592810004404556
8540,2942565.0,0.4576731136939479
8541,2942625.0,0.45586307242366
8542,2942685.0,0.4539260088234316
8543,2942745.0,0.4523814616636018
8544,2942805.0,0.45154540867549264
8545,2942865.0,0.4509764653216918
8546,2942925.0,0.45043794719967944
8547,2942985.0,0.4497226324927157
8548,2943045.0,0.4488385702850317
8549,2943105.0,0.448139222053736
8550,2943165.0,0.44751775917743875
8551,2943225.0,0.44656484375212957
8552,2943285.0,0.44558661956504486
8553,2943345.0,0.44490983059270206
8554,2943405.0,0.4444038017362518
8555,2943465.0,0.4440304769851059
8556,2943525.0,0.44397526887009975
8557,2943585.0,0.44361609545187064
8558,2943645.0,0.44281690220966874
8559,2943705.0,0.4420610310024381
8560,2943765.0,0.4414449337286662
8561,2943825.0,0.4411518664449897
8562,2943885.0,0.441180455039885
8563,2943945.0,0.4408819756773391
8564,2944005.0,0.4402335150480361
8565,2944065.0,0.43861410794723577
8566,2944125.0,0.4373040962709448
8567,2944185.0,0.4350546435858115
8568,2944245.0,0.43284690030776973
8569,2944305.0,0.43054291459460614
8570,2944365.0,0.42785595523498465
8571,2944425.0,0.42620046085530305
8572,2944485.0,0.42438935750629647
8573,2944545.0,0.4228442052145206
8574,2944605.0,0.42098606848965436
8575,2944665.0,0.4187272737559379
8576,2944725.0,0.41653602170734927
8577,2944785.0,0.41455257331061324
8578,2944845.0,0.4128695200286926
8579,2944905.0,0.41133267959265696
8580,2944965.0,0.4094390223213312
8581,2945025.0,0.4073976281824797
8582,2945085.0,0.4053321126962365
8583,2945145.0,0.4034316928494569
8584,2945205.0,0.4014369529724565
8585,2945265.0,0.39950774369382025
8586,2945325.0,0.39757017600373834
8587,2945385.0,0.3956041448971689
8588,2945445.0,0.39365857081797995
8589,2945505.0,0.3917319168386002
8590,2945565.0,0.3897659072440417
8591,2945625.0,0.3874840635561556
8592,2945685.0,0.3853295867769151
8593,2945745.0,0.3834134701345321
8594,2945805.0,0.3818182916882683
8595,2945865.0,0.38031508347165743
8596,2945925.0,0.37863811051848306
8597,2945985.0,0.3765968505983075
8598,2946045.0,0.3746003414435214
8599,2946105.0,0.3725625989384874
8600,2946165.0,0.37105542370989386
8601,2946225.0,0.3698110925459547
8602,2946285.0,0.3695539845399919
8603,2946345.0,0.36954193303223704
8604,2946405.0,0.3693952259971204
8605,2946465.0,0.3690593995306154
8606,2946525.0,0.368811247476867
8607,2946585.0,0.36741387232208
8608,2946645.0,0.365990754396301
8609,2946705.0,0.36430789995188817
8610,2946765.0,0.36372940644835006
8611,2946825.0,0.3632590242405057
8612,2946885.0,0.3629379846505756
8613,2946945.0,0.36257690491350913
8614,2947005.0,0.3620725857055439
8615,2947065.0,0.36163907952333607
8616,2947125.0,0.3611734007657882
8617,2947185.0,0.3609037335248815
8618,2947245.0,0.3607993539721409
8619,2947305.0,0.3606394700415215
8620,2947365.0,0.36032264195353736
8621,2947425.0,0.36026605146551105
8622,2947485.0,0.36032833494422534
8623,2947545.0,0.3605652542784531
8624,2947605.0,0.3611281059158159
8625,2947665.0,0.36178807597666296
8626,2947725.0,0.36218715992124173
8627,2947785.0,0.362518107813257
8628,2947845.0,0.36244394454119766
8629,2947905.0,0.3627684859315058
8630,2947965.0,0.3631261881015543
8631,2948025.0,0.3633933208856287
8632,2948085.0,0.3634497451037999
8633,2948145.0,0.3637567872822691
8634,2948205.0,0.3634379569344215
8635,2948265.0,0.36279803535946675
8636,2948325.0,0.3619750645232497
8637,2948385.0,0.36010121522723104
8638,2948445.0,0.3581557322865646
8639,2948505.0,0.356071419029236
8640,2948565.0,0.3538700905323261
8641,2948625.0,0.3516328686430922
8642,2948685.0,0.3503809305937787
8643,2948745.0,0.3486164567032425
8644,2948805.0,0.3468710438014898
8645,2948865.0,0.34514045500450663
8646,2948925.0,0.3433506964130191
8647,2948985.0,0.3416327435309826
8648,2949045.0,0.3399820607643361
8649,2949105.0,0.33843788250759543
8650,2949165.0,0.3369438692075194
8651,2949225.0,0.33552998159849257
8652,2949285.0,0.3341539276735098
8653,2949345.0,0.33244997653424335
8654,2949405.0,0.32942194945003367
8655,2949465.0,0.3265039816081169
8656,2949525.0,0.32382405321307495
8657,2949585.0,0.3213040564089563
8658,2949645.0,0.31961652167606613
8659,2949705.0,0.3179157824232166
8660,2949765.0,0.31653933879205887
8661,2949825.0,0.31520612582270957
8662,2949885.0,0.3140371933735022
8663,2949945.0,0.3130113701263415
8664,2950005.0,0.3121959671149235
8665,2950065.0,0.3111529491225892
8666,2950125.0,0.30979960975839504
8667,2950185.0,0.30866485433495106
8668,2950245.0,0.30769481594062353
8669,2950305.0,0.30682024080547265
8670,2950365.0,0.30598149204518044
8671,2950425.0,0.3038759623645543
8672,2950485.0,0.3018633549361389
8673,2950545.0,0.2996456501009468
8674,2950605.0,0.29820390460152835
8675,2950665.0,0.29653182278093604
8676,2950725.0,0.2951419451389241
8677,2950785.0,0.29400352241819927
8678,2950845.0,0.2929726565824624
8679,2950905.0,0.2920636595060414
8680,2950965.0,0.29108248516150903
8681,2951025.0,0.28990274665398275
8682,2951085.0,0.28869111287714844
8683,2951145.0,0.2874744810023959
8684,2951205.0,0.28640035433680844
8685,2951265.0,0.2855072428463571
8686,2951325.0,0.2846228955386678
8687,2951385.0,0.2834894227299757
8688,2951448.0,0.280812863430119
8689,2951505.0,0.2784284071954307
8690,2951565.0,0.2770013201048527
8691,2951625.0,0.27598029988802775
8692,2951685.0,0.27607215763155835
8693,2951745.0,0.276025238891369
8694,2951805.0,0.27603205030044575
8695,2951865.0,0.2760855840035733
8696,2951925.0,0.2761553980319451
8697,2951985.0,0.2761758405170879
8698,2952045.0,0.2773241466891444
8699,2952105.0,0.2785904091761938
8700,2952165.0,0.27872776325599513
8701,2952225.0,0.2788531559260239
8702,2952285.0,0.27896083651683135
8703,2952345.0,0.2791952714263767
8704,2952405.0,0.27805047571838937
8705,2952465.0,0.2766840610568717
8706,2952525.0,0.2752708828490803
8707,2952585.0,0.2739594791917075
8708,2952645.0,0.2725756822488491
8709,2952705.0,0.27243679086299066
8710,2952765.0,0.27217891895727697
8711,2952825.0,0.27164349661282816
8712,2952885.0,0.2711445671293804
8713,2952945.0,0.27068896289573874
8714,2953005.0,0.27038745307912315
8715,2953065.0,0.27019637928307205
8716,2953125.0,0.27014384358333543
8717,2953185.0,0.2700512939594806
8718,2953245.0,0.2697073748625305
8719,2953305.0,0.268159182088892
8720,2953365.0,0.26671796303143736
8721,2953425.0,0.2654521260676225
8722,2953485.0,0.26410076390332304
8723,2953545.0,0.2625051751537074
8724,2953605.0,0.26151936691516997
8725,2953665.0,0.26057105220803656
8726,2953725.0,0.2595480148799181
8727,2953785.0,0.258411283799578
8728,2953845.0,0.25741150359568254
8729,2953905.0,0.256274648095529
8730,2953965.0,0.25499159727908016
8731,2954025.0,0.253891834803185
8732,2954085.0,0.25293489016672466
8733,2954145.0,0.25209509509262285
8734,2954205.0,0.2497762224867867
8735,2954265.0,0.24730586500589322
8736,2954325.0,0.24457629792602512
8737,2954385.0,0.24194436694556312
8738,2954445.0,0.2408415522307454
8739,2954505.0,0.2396132013634786
8740,2954565.0,0.23828032628113296
8741,2954625.0,0.23685331278818392
8742,2954685.0,0.2354404574495633
8743,2954745.0,0.2341146200310171
8744,2954805.0,0.23309841764574582
8745,2954865.0,0.23319936634932062
8746,2954925.0,0.23326155073281654
8747,2954985.0,0.23311136744256197
8748,2955045.0,0.23304502069259594
8749,2955105.0,0.23303029233473324
8750,2955165.0,0.23308775469994572
8751,2955225.0,0.23223133695239132
8752,2955285.0,0.2326308330501163
8753,2955345.0,0.23271945416316211
8754,2955405.0,0.23266124968775767
8755,2955465.0,0.2325714395262566
8756,2955525.0,0.23263866582922313
8757,2955585.0,0.23280856982379114
8758,2955645.0,0.23292530358265992
8759,2955705.0,0.23291522399997447
8760,2955765.0,0.23174712301200953
8761,2955825.0,0.23078274205495633
8762,2955885.0,0.2295935335493494
8763,2955945.0,0.2283238777499839
8764,2956005.0,0.22701098884086832
8765,2956065.0,0.22567459592195907
8766,2956125.0,0.22433849946916432
8767,2956185.0,0.2229962666859642
8768,2956245.0,0.2216561392527802
8769,2956305.0,0.2202971199784496
8770,2956365.0,0.2189217898750764
8771,2956425.0,0.21775401985538143
8772,2956485.0,0.21670382845775912
8773,2956545.0,0.21556560270133704
8774,2956605.0,0.2143563522595134
8775,2956665.0,0.2129890373312419
8776,2956725.0,0.21172969073437256
8777,2956785.0,0.21057990766881998
8778,2956845.0,0.209416222880166
8779,2956905.0,0.20810034772089528
8780,2956965.0,0.2067447031542954
8781,2957025.0,0.20539053050742886
8782,2957085.0,0.2039876213346056
8783,2957145.0,0.20244973102276445
8784,2957205.0,0.20104448293809926
8785,2957265.0,0.19977769998669034
8786,2957325.0,0.19841123636551708
8787,2957385.0,0.19821061226967632
8788,2957445.0,0.19805894405659072
8789,2957505.0,0.19795516882725092
8790,2957565.0,0.1967552258122803
8791,2957625.0,0.19552939974619485
8792,2957685.0,0.19425153770872586
8793,2957745.0,0.19297336844694676
8794,2957805.0,0.19153522820732602
8795,2957865.0,0.19010189872542096
8796,2957925.0,0.18871330081401008
8797,2957985.0,0.18721009725391155
8798,2958045.0,0.18540764463853446
8799,2958105.0,0.18464100921993762
8800,2958165.0,0.18416534619618632
8801,2958225.0,0.18332264212564855
8802,2958285.0,0.1826306391553613
8803,2958345.0,0.1818839380208063
8804,2958405.0,0.1797042738229598
8805,2958465.0,0.1775050021420376
8806,2958525.0,0.17538532145983524
8807,2958585.0,0.17479759534042086
8808,2958648.0,0.17367282864614456
8809,2958705.0,0.17225210472371436
8810,2958765.0,0.17095530012825208
8811,2958825.0,0.1698265987276246
8812,2958885.0,0.16896749185236562
8813,2958945.0,0.16797023493530852
8814,2959005.0,0.16772513081017645
8815,2959068.0,0.1664336567765949
8816,2959125.0,0.16509626611193426
8817,2959185.0,0.16492413906522427
8818,2959245.0,0.1647511136074398
8819,2959305.0,0.1645721268388917
8820,2959365.0,0.16446706332039265
8821,2959425.0,0.16443331271800934
8822,2959485.0,0.16340476740902218
8823,2959545.0,0.16225242280203514
8824,2959605.0,0.16104927121201842
8825,2959665.0,0.1599138761214918
8826,2959725.0,0.15886703469304328
8827,2959785.0,0.1577094589601389
8828,2959845.0,0.15647162135642848
8829,2959905.0,0.15517798720603068
8830,2959965.0,0.1538178261593758
8831,2960025.0,0.15231988496450313
8832,2960085.0,0.15098703430311625
8833,2960145.0,0.14986512823300038
8834,2960205.0,0.14973010551161328
8835,2960265.0,0.14964129968375509
8836,2960325.0,0.14949007707506026
8837,2960385.0,0.1493936214359705
8838,2960445.0,0.14835147376343918
8839,2960505.0,0.14722315491335788
8840,2960565.0,0.14604414437226756
8841,2960625.0,0.14497100344554484
8842,2960685.0,0.14384181871807036
8843,2960745.0,0.1426183751631365
8844,2960805.0,0.14123665152478967
8845,2960865.0,0.13998119025809816
8846,2960925.0,0.13884575828591392
8847,2960985.0,0.13761715875343775
8848,2961045.0,0.136301801433841
8849,2961105.0,0.13495390394896314
8850,2961165.0,0.1335768507798968
8851,2961225.0,0.1334513843599844
8852,2961285.0,0.13331430332534547
8853,2961345.0,0.1332421833863179
8854,2961405.0,0.13222483637432472
8855,2961465.0,0.13124686142574757
8856,2961525.0,0.13017396862099365
8857,2961585.0,0.12893795277789052
8858,2961645.0,0.1276467932640071
8859,2961705.0,0.126275188919912
8860,2961765.0,0.1247282032706272
8861,2961825.0,0.123349326980524
8862,2961885.0,0.12211551622880382
8863,2961945.0,0.12096558433315666
8864,2962005.0,0.11970378617285718
8865,2962065.0,0.11831593854389752
8866,2962125.0,0.11702706249699316
8867,2962185.0,0.11581360231121621
8868,2962245.0,0.11569429188215755
8869,2962305.0,0.1156204971836444
8870,2962365.0,0.11547036144969855
8871,2962425.0,0.1153577452277971
8872,2962485.0,0.11407043259367736
8873,2962545.0,0.11275160766722189
8874,2962605.0,0.11147493086043123
8875,2962665.0,0.1102547623506662
8876,2962725.0,0.10907091129382904
8877,2962785.0,0.10796572073747632
8878,2962845.0,0.10673254494456305
8879,2962905.0,0.10540788435281642
8880,2962965.0,0.10401665535460933
8881,2963025.0,0.10258983544572611
8882,2963085.0,0.10115458802727448
8883,2963145.0,0.09958953119562367
8884,2963205.0,0.09942309337650793
8885,2963265.0,0.09933640182212897
8886,2963325.0,0.0992435957270553
8887,2963385.0,0.09889093938267216
8888,2963445.0,0.0985574172166385
8889,2963505.0,0.09695235323756915
8890,2963565.0,0.09540711929068127
8891,2963625.0,0.09393381832428335
8892,2963685.0,0.09251162897379248
8893,2963745.0,0.09115914184833415
8894,2963805.0,0.08970014762723763
8895,2963865.0,0.08812144787028778
8896,2963925.0,0.08647000160952764
8897,2963985.0,0.08472638729067586
8898,2964045.0,0.08299434938284819
8899,2964105.0,0.0825473888523989
8900,2964165.0,0.08213752717155862
8901,2964225.0,0.08171509745745056
8902,2964285.0,0.08128137027187257
8903,2964345.0,0.08089117239461494
8904,2964405.0,0.07933681526837358
8905,2964465.0,0.07776116748296727
8906,2964525.0,0.07627048269678219
8907,2964588.0,0.07488499580213401
8908,2964645.0,0.07343109029853592
8909,2964705.0,0.07190089410322906
8910,2964765.0,0.07027235404601959
8911,2964825.0,0.06857950805147198
8912,2964885.0,0.06685568176307813
8913,2964945.0,0.06513507472088939
8914,2965005.0,0.06473781848634821
8915,2965065.0,0.0643319728927719
8916,2965128.0,0.06390706014530714
8917,2965185.0,0.06349959344943165
8918,2965245.0,0.0619405048849071
8919,2965305.0,0.060420475894054804
8920,2965365.0,0.05887031780515237
8921,2965425.0,0.05717706098004588
8922,2965485.0,0.055596994178906234
8923,2965545.0,0.05417113408905014
8924,2965605.0,0.05268688884998113
8925,2965665.0,0.051106767671287384
8926,2965725.0,0.049463402483917646
8927,2965785.0,0.0490963631038622
8928,2965845.0,0.04870432684870549
8929,2965905.0,0.048308442969783066
8930,2965965.0,0.04790857794948672
8931,2966025.0,0.047537410102042904
8932,2966085.0,0.04584584083014134
8933,2966145.0,0.0443674028963891
8934,2966205.0,0.043006393243608804
8935,2966265.0,0.041639106045836316
8936,2966325.0,0.04017192393522018
8937,2966385.0,0.03860744900578836
8938,2966445.0,0.03698976021383843
8939,2966505.0,0.035310198852470415
8940,2966565.0,0.034894373155173325
8941,2966625.0,0.03446161214570115
8942,2966685.0,0.03418912940029928
8943,2966745.0,0.033940141426841014
8944,2966805.0,0.033714463842049486
8945,2966865.0,0.033502395617128256
8946,2966925.0,0.03328338986445062
8947,2966985.0,0.033048599444092525
8948,2967045.0,0.03280348540569247
8949,2967105.0,0.032537657012756016
8950,2967165.0,0.032258787611116835
8951,2967225.0,0.03197218216603992
8952,2967285.0,0.03168537714001035
8953,2967345.0,0.0313883627846932
8954,2967405.0,0.031097054249869277
8955,2967465.0,0.030812197748990994
8956,2967525.0,0.030534665093340352
8957,2967585.0,0.030244576684702568
8958,2967645.0,0.030008154655415425
8959,2967705.0,0.029807475746439077
8960,2967765.0,0.029589364277020275
8961,2967825.0,0.02933923299982452
8962,2967885.0,0.029072050701408253
8963,2967945.0,0.0287951118419415
8964,2968005.0,0.02850228375080585
8965,2968065.0,0.028262562199607183
8966,2968125.0,0.028057426637888155
8967,2968185.0,0.027833321374791026
8968,2968245.0,0.02757220587675535
8969,2968305.0,0.027302424586018642
8970,2968365.0,0.02703779044851376
8971,2968425.0,0.026785715249784264
8972,2968485.0,0.02653967137594851
8973,2968545.0,0.02630162529432023
8974,2968605.0,0.02615485985134522
8975,2968665.0,0.0259356013141952
8976,2968725.0,0.02559210701993428
8977,2968785.0,0.025238643132244803
8978,2968845.0,0.02492027935834898
8979,2968905.0,0.02366089546370259
8980,2968965.0,0.02230452520142351
8981,2969025.0,0.020839834746955055
8982,2969085.0,0.019304864843145003
8983,2969145.0,0.017756681588103368
8984,2969205.0,0.017397385854326514
8985,2969265.0,0.01708180715929783
8986,2969325.0,0.016756477426102617
8987,2969385.0,0.01503464618160294
8988,2969445.0,0.013728172006209294
8989,2969505.0,0.012387772819007214
8990,2969565.0,0.01094018414990458
8991,2969628.0,0.009418942100475919
8992,2969685.0,0.007863816519735639
8993,2969745.0,0.006274454031525267
8994,2969805.0,0.004652757601167873
8995,2969865.0,0.004334398515277199
8996,2969925.0,0.004061527331358089
8997,2969985.0,0.003748916293132787
8998,2970045.0,0.0034631172525741716
8999,2970105.0,0.0032032620918706345
9000,2970165.0,0.002952861276132396
9001,2970225.0,0.0027111326263146995
9002,2970285.0,0.002470855548013212
9003,2970345.0,0.002231379876834222
9004,2970405.0,0.0019881787158349817
9005,2970465.0,0.0017342437154535817
9006,2970525.0,0.0014678082555083793
9007,2970585.0,0.0011902555101652446
9008,2970645.0,0.0009069223952657135
9009,2970705.0,0.0006211423970544916
9010,2970765.0,0.0003337939507114529
9011,2970825.0,4.551105767000574e-05
9012,2970885.0,-0.0002482783074451156
9013,2970945.0,-0.0005350607550829722
9014,2971005.0,-0.0008132052590571204
9015,2971065.0,-0.0010826695212697857
9016,2971128.0,-0.0013444737391669626
9017,2971185.0,-0.0016049312461173526
9018,2971245.0,-0.0018613135567241146
9019,2971305.0,-0.002129284472730364
9020,2971365.0,-0.00240422789937908
9021,2971425.0,-0.0026828922621223994
9022,2971485.0,-0.0029670200494346655
9023,2971545.0,-0.0032486097542045733
9024,2971605.0,-0.00353868829999604
9025,2971665.0,-0.0038232123172153576
9026,2971725.0,-0.004097970443703108
9027,2971785.0,-0.0043679273923213635
9028,2971845.0,-0.00462581290114536
9029,2971905.0,-0.004879105952943136
9030,2971965.0,-0.005137288873844764
9031,2972025.0,-0.0053980119843436425
9032,2972085.0,-0.005666650343921303
9033,2972145.0,-0.00594505402640727
9034,2972205.0,-0.006228843904077824
9035,2972265.0,-0.00651269382423339
9036,2972325.0,-0.0067919547675813485
9037,2972385.0,-0.007065716908401909
9038,2972445.0,-0.007335039100326096
9039,2972505.0,-0.007603772781611534
9040,2972565.0,-0.007876976676846142
9041,2972628.0,-0.008149392855807819
9042,2972685.0,-0.008416622877228191
9043,2972745.0,-0.008681286046655773
9044,2972805.0,-0.008945399730314385
9045,2972865.0,-0.009206432481512983
9046,2972925.0,-0.00946669157138727
9047,2972985.0,-0.009731938468920315
9048,2973045.0,-0.009999373482635854
9049,2973105.0,-0.010275381098758363
9050,2973165.0,-0.010558966921377977
9051,2973225.0,-0.010839709919767376
9052,2973285.0,-0.011123424260456843
9053,2973345.0,-0.011414290882587663
9054,2973405.0,-0.011705290025122411
9055,2973465.0,-0.011989193224351796
9056,2973525.0,-0.01226542733945965
9057,2973585.0,-0.01254131972977543
9058,2973645.0,-0.012798245300528172
9059,2973705.0,-0.013055822562500458
9060,2973765.0,-0.013315272787734922
9061,2973825.0,-0.013578084776192267
9062,2973885.0,-0.013846227388449789
9063,2973945.0,-0.014118493724881637
9064,2974005.0,-0.01439487018974947
9065,2974065.0,-0.014672459377318342
9066,2974125.0,-0.014962438486526702
9067,2974185.0,-0.014998226292211037
9068,2974248.0,-0.015026839443805506
9069,2974305.0,-0.015045235443586658
9070,2974365.0,-0.015062382609166675
9071,2974425.0,-0.015068063788732322
9072,2974485.0,-0.015053855493992657
9073,2974545.0,-0.01502046172982724
9074,2974605.0,-0.014973808316124881
9075,2974665.0,-0.014913895252885695
9076,2974725.0,-0.014855775853169106
9077,2974785.0,-0.014794613955728841
9078,2974845.0,-0.014748346195789769
9079,2974905.0,-0.01471806223199476
9080,2974965.0,-0.014699629907977435
9081,2975025.0,-0.014690006726014282
9082,2975085.0,-0.014681473202693973
9083,2975145.0,-0.014680659162784965
9084,2975205.0,-0.01468163878639836
9085,2975265.0,-0.014690337893423139
9086,2975325.0,-0.014691158341478439
9087,2975385.0,-0.014679423144876441
9088,2975445.0,-0.014657470796461042
9089,2975505.0,-0.014621169139865858
9090,2975565.0,-0.014572311838613489
9091,2975625.0,-0.014521660873838577
9092,2975685.0,-0.014475846070309661
9093,2975745.0,-0.014437750750192074
9094,2975805.0,-0.014411507069852086
9095,2975865.0,-0.014397659858611217
9096,2975925.0,-0.014385447135334711
9097,2975985.0,-0.014379160231946991
9098,2976045.0,-0.014385973802538032
9099,2976105.0,-0.014398713193017859
9100,2976165.0,-0.01441199741281915
9101,2976225.0,-0.014422239134896903
9102,2976285.0,-0.014416882714593848
9103,2976345.0,-0.014394838493267198
9104,2976405.0,-0.01436328112500676
9105,2976465.0,-0.014326342766178918
9106,2976525.0,-0.014276303933372342
9107,2976585.0,-0.014232894925334222
9108,2976645.0,-0.014204380054797267
9109,2976705.0,-0.014193642643926835
9110,2976765.0,-0.014194756872834141
9111,2976825.0,-0.014203590585152664
9112,2976885.0,-0.014222482273726439
9113,2976945.0,-0.014238331464576731
9114,2977005.0,-0.014245212337814533
9115,2977065.0,-0.014246712220485042
9116,2977125.0,-0.014242831112588145
9117,2977185.0,-0.014229981687078813
9118,2977245.0,-0.014207619114635833
9119,2977305.0,-0.014163732579923233
9120,2977365.0,-0.01411930121588914
9121,2977425.0,-0.014085087003668478
9122,2977485.0,-0.014065766928948925
9123,2977545.0,-0.014071398967985954
9124,2977605.0,-0.01409176596896572
9125,2977665.0,-0.014113222628588523
9126,2977725.0,-0.014133430454010165
9127,2977785.0,-0.014144669961819512
9128,2977845.0,-0.014147645156896177
9129,2977905.0,-0.014136271043792947
9130,2977965.0,-0.014113045290912174
9131,2978025.0,-0.014098787855643752
9132,2978085.0,-0.01408686891321917
9133,2978145.0,-0.014064187989659832
9134,2978205.0,-0.014041507066100495
9135,2978265.0,-0.014025455967309614
9136,2978325.0,-0.014011198532041108
9137,2978385.0,-0.013998734760295173
9138,2978445.0,-0.013991651979116615
9139,2978505.0,-0.013994082344871789
9140,2978565.0,-0.01400243853051586
9141,2978625.0,-0.01401547170184761
9142,2978685.0,-0.014024213541254826
9143,2978745.0,-0.014025235897250854
9144,2978805.0,-0.014018538769835526
9145,2978865.0,-0.014015428969465116
9146,2978925.0,-0.014012863998416142
9147,2978985.0,-0.014006711700322139
9148,2979045.0,-0.01398387160120465
9149,2979105.0,-0.013955105682198293
9150,2979165.0,-0.013929382260915418
9151,2979225.0,-0.01391083349372238
9152,2979285.0,-0.01390304670766418
9153,2979345.0,-0.01391069888842869
9154,2979405.0,-0.013928953874769584
9155,2979465.0,-0.013948298519753544
9156,2979525.0,-0.013966394330536425
9157,2979585.0,-0.01397497699438549
9158,2979645.0,-0.013974046511300853
9159,2979705.0,-0.013966645379005965
9160,2979765.0,-0.013965170066599808
9161,2979825.0,-0.013949345446013867
9162,2979885.0,-0.0139252565126953
9163,2979945.0,-0.013902961242899164
9164,2980005.0,-0.013885502134349026
9165,2980065.0,-0.013869836689321374
9166,2980125.0,-0.013857758571338613
9167,2980185.0,-0.013851061443923313
9168,2980245.0,-0.013855671126964203
9169,2980305.0,-0.013869089952059294
9170,2980365.0,-0.013886640933520739
9171,2980425.0,-0.013903487910102402
9172,2980485.0,-0.013914953896116883
9173,2980545.0,-0.01391636190587614
9174,2980605.0,-0.013908256768701582
9175,2980665.0,-0.013896019475160643
9176,2980725.0,-0.01389095683570965
9177,2980785.0,-0.013875132215123626
9178,2980845.0,-0.013858762765216442
9179,2980905.0,-0.013847229476555117
9180,2980965.0,-0.01383928351493871
9181,2981025.0,-0.013828295055598905
9182,2981085.0,-0.013822687586826449
9183,2981145.0,-0.013826048435666344
9184,2981205.0,-0.013834086270194002
9185,2981265.0,-0.013844462597565527
9186,2981325.0,-0.013851796427213597
9187,2981385.0,-0.013851955602771776
9188,2981445.0,-0.013846188958441169
9189,2981505.0,-0.013837538991945203
9190,2981565.0,-0.013833021181815591
9191,2981625.0,-0.013830841864529902
9192,2981685.0,-0.01382273672735529
9193,2981745.0,-0.013812293097336809
9194,2981805.0,-0.013800055803795896
9195,2981865.0,-0.013786024846732553
9196,2981925.0,-0.013777374880236504
9197,2981985.0,-0.013777693231352861
9198,2982045.0,-0.01378861438804585
9199,2982105.0,-0.01380117003270312
9200,2982165.0,-0.013806006193949172
9201,2982225.0,-0.013807255028150112
9202,2982285.0,-0.01380437170598492
9203,2982345.0,-0.013799694720297045
9204,2982405.0,-0.013785504587675468
9205,2982465.0,-0.01378511893391221
9206,2982525.0,-0.01379299759288169
9207,2982585.0,-0.013799082588328626
9208,2982645.0,-0.013810548574343134
9209,2982705.0,-0.013816633569790099
9210,2982765.0,-0.013813750247624795
9211,2982825.0,-0.013806734769093082
9212,2982885.0,-0.013797380797717557
9213,2982945.0,-0.013788571655663329
9214,2983005.0,-0.013779762513609212
9215,2983065.0,-0.01377454069860004
9216,2983125.0,-0.0137752447034796
9217,2983185.0,-0.013778287201203082
9218,2983245.0,-0.013783123362449134
9219,2983305.0,-0.013787959523695048
9220,2983365.0,-0.013792795684941045
9221,2983425.0,-0.013792250855619609
9222,2983485.0,-0.013789912362775797
9223,2983545.0,-0.013783441713565464
9224,2983605.0,-0.013771590073787837
9225,2983665.0,-0.013763325761055017
9226,2983725.0,-0.01376044243888963
9227,2983785.0,-0.01376707226365817
9228,2983845.0,-0.01378126239627972
9229,2983905.0,-0.013791865201856351
9230,2983965.0,-0.013796542187544114
9231,2984025.0,-0.013797631846187042
9232,2984085.0,-0.013794044519142096
9233,2984145.0,-0.013794589348463532
9234,2984205.0,-0.013791002021418614
9235,2984265.0,-0.013785621030851208
9236,2984325.0,-0.013782033703806262
9237,2984385.0,-0.013781488874484826
9238,2984445.0,-0.013789912362775797
9239,2984505.0,-0.013792954860499279
9240,2984565.0,-0.013792954860499279
9241,2984628.0,-0.013785235377087923
9242,2984685.0,-0.013774632571511375
9243,2984745.0,-0.013762236102412229
9244,2984805.0,-0.013752882131036731
9245,2984865.0,-0.013749998808871317
9246,2984925.0,-0.013753041306594854
9247,2984985.0,-0.013760215960684746
9248,2985045.0,-0.013764348117051045
9249,2985105.0,-0.013768480273417455
9250,2985165.0,-0.01376309928285005
9251,2985225.0,-0.01376309928285005
9252,2985285.0,-0.013764892946372481
9253,2985345.0,-0.013766686609894968
9254,2985405.0,-0.013768480273417455
9255,2985465.0,-0.01377869742523083
9256,2985525.0,-0.013788914577044231
9257,2985585.0,-0.013790708240566718
9258,2985645.0,-0.013782988757155473
9259,2985705.0,-0.013771841122257378
9260,2985765.0,-0.013760693487359282
9261,2985825.0,-0.013751339515983785
9262,2985885.0,-0.01374557287165315
9263,2985945.0,-0.013749319374256247
9264,2986005.0,-0.013760081355391057
9265,2986065.0,-0.013758832521190006
9266,2986125.0,-0.013752906701301193
9267,2986185.0,-0.013746980881412435
9268,2986245.0,-0.013740510232202158
9269,2986305.0,-0.013741214237081772
9270,2986365.0,-0.013743711905483819
9271,2986425.0,-0.013744415910363406
9272,2986485.0,-0.013746913578765396
9273,2986545.0,-0.013751204910689957
9274,2986605.0,-0.013757834735458413
9275,2986665.0,-0.013764464560226924
9276,2986725.0,-0.013777020204884166
9277,2986785.0,-0.013782401195451571
9278,2986845.0,-0.013778813868406653
9279,2986905.0,-0.013767507057950407
9280,2986965.0,-0.01374972959828391
9281,2987025.0,-0.013726026318728574
9282,2987085.0,-0.013710746527464152
9283,2987145.0,-0.013697805229043597
9284,2987205.0,-0.013690244921190503
9285,2987265.0,-0.013695240257994706
9286,2987325.0,-0.013712087234576453
9287,2987385.0,-0.013735949689689969
9288,2987445.0,-0.01376862128685763
9289,2987505.0,-0.013786398746524153
9290,2987568.0,-0.013791075732211971
9291,2987625.0,-0.013783901078122107
9292,2987685.0,-0.0137661236184555
9293,2987745.0,-0.013747801329467652
9294,2987805.0,-0.013733611196846046
9295,2987865.0,-0.013718876234903143
9296,2987925.0,-0.01370359644363861
9297,2987985.0,-0.013688316652374216
9298,2988045.0,-0.013678962680998608
9299,2988105.0,-0.013685751681325325
9300,2988165.0,-0.01370205382858572
9301,2988225.0,-0.013736678264833962
9302,2988288.0,-0.013761630378590378
9303,2988345.0,-0.01376396887143419
9304,2988405.0,-0.013749778738812696
9305,2988465.0,-0.013729117956980813
9306,2988525.0,-0.013706663511626416
9307,2988585.0,-0.013690838891040641
9308,2988645.0,-0.013680940090343596
9309,2988705.0,-0.013690067583514126
9310,2988765.0,-0.013708004218738773
9311,2988825.0,-0.01371034271158264
9312,2988888.0,-0.01370979788226126
9313,2988945.0,-0.013708708223618388
9314,2989005.0,-0.013709957057819466
9315,2989065.0,-0.013711205892020517
9316,2989125.0,-0.013717835716789
9317,2989185.0,-0.013726804034401352
9318,2989245.0,-0.013733978688491216
9319,2989305.0,-0.01373756601553619
9320,2989365.0,-0.013729301702803426
9321,2989425.0,-0.013709730579614388
9322,2989485.0,-0.01368852496846118
9323,2989545.0,-0.013672700347875294
9324,2989605.0,-0.013666933703544715
9325,2989665.0,-0.013662256717856841
9326,2989725.0,-0.013668886542625297
9327,2989785.0,-0.013678399689559056
9328,2989845.0,-0.013690251329336794
9329,2989905.0,-0.013703896632636853
9330,2989965.0,-0.013717541935937105
9331,2990025.0,-0.01372939357571476
9332,2990085.0,-0.013735864224925065
9333,2990145.0,-0.013729234400156581
9334,2990205.0,-0.013713795433333925
9335,2990265.0,-0.013699605300712403
9336,2990325.0,-0.013689002495135771
9337,2990385.0,-0.013684325509447953
9338,2990445.0,-0.013690955334216354
9339,2990505.0,-0.013702806973994092
9340,2990565.0,-0.01370155813979304
9341,2990625.0,-0.013699764476270582
9342,2990685.0,-0.013700309305591907
9343,2990745.0,-0.013700854134913454
9344,2990805.0,-0.013704986291279725
9345,2990868.0,-0.013716293101735971
9346,2990925.0,-0.01372993840503614
9347,2990985.0,-0.013744128537657718
9348,2991045.0,-0.01375239285039051
9349,2991105.0,-0.01375418651391297
9350,2991165.0,-0.013751848021068963
9351,2991225.0,-0.013745377371858797
9352,2991285.0,-0.013734774566282082
9353,2991345.0,-0.013724171760705534
9354,2991405.0,-0.013711775291606415
9355,2991465.0,-0.013692748997738785
9356,2991525.0,-0.013664209556937479
9357,2991585.0,-0.013644093604427143
9358,2991645.0,-0.013656649249084413
9359,2991705.0,-0.013682146192162126
9360,2991765.0,-0.013708732793882877
9361,2991825.0,-0.01373531939560349
9362,2991885.0,-0.013756525006756753
9363,2991945.0,-0.013766968636775206
9364,2992005.0,-0.013769692783382331
9365,2992065.0,-0.013764152617256858
9366,2992125.0,-0.013748554474876024
9367,2992185.0,-0.013726485683285022
9368,2992245.0,-0.0137080042187388
9369,2992305.0,-0.013706210555216342
9370,2992365.0,-0.013716813360792945
9371,2992425.0,-0.01371844784875731
9372,2992485.0,-0.013720082336721506
9373,2992545.0,-0.01372530415173076
9374,2992605.0,-0.013740039113673802
9375,2992665.0,-0.013769123383796517
9376,2992725.0,-0.01380054614676321
9377,2992785.0,-0.013553268634333843
9378,2992845.0,-0.013296425698050923
9379,2992905.0,-0.012865618601344858
9380,2992965.0,-0.01247161315699788
9381,2993025.0,-0.011048142032812514
9382,2993085.0,-0.009610158181062728
9383,2993145.0,-0.008159817707144273
9384,2993208.0,-0.00676741425164834
9385,2993265.0,-0.0052848523801332925
9386,2993325.0,-0.0037362978514446366
9387,2993385.0,-0.002088998854420293
9388,2993445.0,-0.0003789638973176468
9389,2993505.0,0.0013610566504246024
9390,2993565.0,0.0031143563488002513
9391,2993625.0,0.005021044529676
9392,2993685.0,0.0068535381501316495
9393,2993745.0,0.008446784621776338
9394,2993805.0,0.010104472493247113
9395,2993865.0,0.011860713257023203
9396,2993925.0,0.013626721657840152
9397,2993985.0,0.015427678194118083
9398,2994045.0,0.01725371770925077
9399,2994105.0,0.017700734652356637
9400,2994165.0,0.018160969283164935
9401,2994225.0,0.018575814673763152
9402,2994285.0,0.0201054860194963
9403,2994345.0,0.021588840651010605
9404,2994405.0,0.023088577242576208
9405,2994465.0,0.024614185002817063
9406,2994525.0,0.026087076106063672
9407,2994585.0,0.027597437455573498
9408,2994645.0,0.029201068029347355
9409,2994705.0,0.031039798423418002
9410,2994765.0,0.032804378050966115
9411,2994825.0,0.03443668152950999
9412,2994885.0,0.035945059138935365
9413,2994945.0,0.037564623924388835
9414,2995005.0,0.039279265640439764
9415,2995065.0,0.0411448501004166
9416,2995125.0,0.04290150834019443
9417,2995185.0,0.04445949868636767
9418,2995245.0,0.0449315375860623
9419,2995305.0,0.04531581180438751
9420,2995365.0,0.045754583908047874
9421,2995425.0,0.04615051310925303
9422,2995485.0,0.04766166247955983
9423,2995545.0,0.04919775403084778
9424,2995605.0,0.050671987683860886
9425,2995665.0,0.05225235246841878
9426,2995725.0,0.053893143414724204
9427,2995785.0,0.05554969500186008
9428,2995845.0,0.05726391174114728
9429,2995905.0,0.059019483881145085
9430,2995965.0,0.06077468156231111
9431,2996025.0,0.0624108447977795
9432,2996085.0,0.06394303923449643
9433,2996145.0,0.06547779396475703
9434,2996205.0,0.06708268777576029
9435,2996265.0,0.06748483472008329
9436,2996325.0,0.06786070599571928
9437,2996385.0,0.06826274913701616
9438,2996445.0,0.06977965301110342
9439,2996505.0,0.07129368949492124
9440,2996565.0,0.0728414585883149
9441,2996625.0,0.07424341922467317
9442,2996685.0,0.07572244805657094
9443,2996745.0,0.0773664293343472
9444,2996805.0,0.0790438565715538
9445,2996865.0,0.08063467825695117
9446,2996925.0,0.08206812414457029
9447,2996985.0,0.08357031134752904
9448,2997045.0,0.08514538230146243
9449,2997105.0,0.08680479847500264
9450,2997165.0,0.08833439222248438
9451,2997225.0,0.08977556277552937
9452,2997285.0,0.09122321735904312
9453,2997345.0,0.09276409679234723
9454,2997405.0,0.09435591244259947
9455,2997465.0,0.09597406155851043
9456,2997525.0,0.0976787736925546
9457,2997585.0,0.09927914865679935
9458,2997645.0,0.10078495764584208
9459,2997705.0,0.10234865493439496
9460,2997765.0,0.10394685001281592
9461,2997825.0,0.10558606804194823
9462,2997885.0,0.10711060481960091
9463,2997945.0,0.10850082289664717
9464,2998005.0,0.10998271310068033
9465,2998065.0,0.11152914015926266
9466,2998125.0,0.1131441559473674
9467,2998185.0,0.11466634311749327
9468,2998245.0,0.11612413321653539
9469,2998305.0,0.11754750254769356
9470,2998365.0,0.1190648178716314
9471,2998425.0,0.1205894014222674
9472,2998485.0,0.12217798533224547
9473,2998545.0,0.12367023796276869
9474,2998605.0,0.12507711633074767
9475,2998665.0,0.12657267160719107
9476,2998725.0,0.12811267603382917
9477,2998785.0,0.1297899968478445
9478,2998845.0,0.13133882553351536
9479,2998905.0,0.13279694240726012
9480,2998965.0,0.134217443098146
9481,2999025.0,0.13562934246638317
9482,2999085.0,0.1371222867623055
9483,2999145.0,0.1386706623755887
9484,2999205.0,0.1402349444614681
9485,2999265.0,0.14183502782378435
9486,2999325.0,0.14347882625817845
9487,2999385.0,0.1450226279007695
9488,2999445.0,0.1464497488503079
9489,2999505.0,0.14798627067579437
9490,2999565.0,0.14955700618598464
9491,2999625.0,0.15115058205758716
9492,2999685.0,0.1526704474209031
9493,2999745.0,0.15412656640775116
9494,2999805.0,0.15556217689933446
9495,2999865.0,0.15697379757824906
9496,2999925.0,0.15837307235827833
9497,2999985.0,0.1597862431153699
9498,3000045.0,0.16118493281632387
9499,3000105.0,0.1625487370183397
9500,3000165.0,0.16399612804595456
9501,3000225.0,0.16550927972978954
9502,3000285.0,0.16712599270217673
9503,3000345.0,0.16876942999740782
9504,3000405.0,0.17040238612888473
9505,3000465.0,0.1720625147724479
9506,3000525.0,0.17375544450387478
9507,3000585.0,0.17564069367513394
9508,3000645.0,0.17750141516858645
9509,3000705.0,0.17934351745251734
9510,3000765.0,0.18115405380252017
9511,3000825.0,0.18292675462467292
9512,3000885.0,0.18462896789114117
9513,3000945.0,0.18633343142743355
9514,3001005.0,0.18806114618902023
9515,3001065.0,0.1899414572360019
9516,3001125.0,0.1917787427182562
9517,3001185.0,0.19347976890289567
9518,3001245.0,0.19516890324848765
9519,3001305.0,0.1969169406028721
9520,3001365.0,0.1987994341400491
9521,3001425.0,0.20066086874766778
9522,3001485.0,0.20248237068922495
9523,3001545.0,0.20418913483203907
9524,3001605.0,0.2057834792402594
9525,3001665.0,0.20735562732911986
9526,3001725.0,0.20909154648747028
9527,3001785.0,0.21085067791763826
9528,3001845.0,0.2125728792437552
9529,3001905.0,0.21425676851942246
9530,3001965.0,0.21591222706154936
9531,3002025.0,0.2174509584315882
9532,3002085.0,0.21900735953786368
9533,3002145.0,0.22062814246967558
9534,3002205.0,0.22240236122739107
9535,3002265.0,0.22417457545458894
9536,3002325.0,0.2259093820961555
9537,3002385.0,0.22761844177169402
9538,3002445.0,0.2293406420139524
9539,3002505.0,0.23109734411565255
9540,3002565.0,0.2328584860135863
9541,3002625.0,0.2346068751725587
9542,3002685.0,0.2363559953345891
9543,3002745.0,0.2381021236948119
9544,3002805.0,0.23980944043615685
9545,3002865.0,0.2416129987348469
9546,3002925.0,0.2435149502370729
9547,3002985.0,0.24543738151614305
9548,3003045.0,0.24725377712181548
9549,3003105.0,0.24902879286025312
9550,3003165.0,0.25080320005580803
9551,3003225.0,0.25256967027130184
9552,3003285.0,0.25430780681313714
9553,3003345.0,0.25606261765386873
9554,3003405.0,0.25778385547289007
9555,3003465.0,0.2595158259733118
9556,3003525.0,0.2612303580030314
9557,3003585.0,0.26276365835291127
9558,3003645.0,0.264420978239145
9559,3003705.0,0.2658279372273148
9560,3003765.0,0.2672277543174204
9561,3003825.0,0.26758107329117786
9562,3003885.0,0.26792440308468735
9563,3003945.0,0.2682196123764513
9564,3004005.0,0.2686403046899092
9565,3004065.0,0.26915095442966275
9566,3004125.0,0.2695182781057952
9567,3004185.0,0.2696951986530126
9568,3004245.0,0.2697569226811144
9569,3004305.0,0.26972782626155456
9570,3004365.0,0.269758989779324
9571,3004425.0,0.26978758477527154
9572,3004485.0,0.2698363043934756
9573,3004545.0,0.270058511345314
9574,3004605.0,0.27018668981362026
9575,3004665.0,0.2701800048774965
9576,3004725.0,0.27024656157521254
9577,3004785.0,0.27043124510476446
9578,3004845.0,0.27048269141022596
9579,3004905.0,0.2718324279116734
9580,3004968.0,0.2731463667904068
9581,3005025.0,0.2744894409433133
9582,3005085.0,0.27469075608932314
9583,3005145.0,0.274926635304064
9584,3005205.0,0.27508167967476893
9585,3005265.0,0.27527186666991266
9586,3005325.0,0.27561129539760976
9587,3005385.0,0.2761238285231783
9588,3005445.0,0.2764577878509762
9589,3005505.0,0.2764805220086676
9590,3005565.0,0.27654639062188446
9591,3005625.0,0.2767095185534233
9592,3005685.0,0.2769388396418365
9593,3005745.0,0.277131623242891
9594,3005805.0,0.2773566784660615
9595,3005865.0,0.2773745278895271
9596,3005925.0,0.2774393450455367
9597,3005985.0,0.277682604440626
9598,3006045.0,0.2790121861854806
9599,3006105.0,0.28042096889293433
9600,3006165.0,0.28179361086548904
9601,3006225.0,0.2837076021129502
9602,3006285.0,0.2844776578935567
9603,3006345.0,0.28522814666631047
9604,3006405.0,0.2860623972062809
9605,3006465.0,0.2868307360230148
9606,3006525.0,0.28758972642979963
9607,3006585.0,0.2882176409661298
9608,3006645.0,0.28881881044046886
9609,3006705.0,0.2893832159679758
9610,3006765.0,0.2899767260621987
9611,3006825.0,0.29081498668819317
9612,3006885.0,0.29163398327032863
9613,3006945.0,0.2923612479018499
9614,3007005.0,0.2929940487456948
9615,3007065.0,0.29483189026593104
9616,3007125.0,0.2965553244003504
9617,3007185.0,0.2983646297846544
9618,3007245.0,0.29922671426114866
9619,3007305.0,0.30034994779386714
9620,3007365.0,0.3013916625838212
9621,3007425.0,0.3024555888307521
9622,3007485.0,0.30350643502737573
9623,3007545.0,0.3044842043565117
9624,3007605.0,0.305506827825895
9625,3007665.0,0.3069101515635507
9626,3007725.0,0.30830919390079004
9627,3007785.0,0.30929963675754957
9628,3007845.0,0.3101997567450048
9629,3007905.0,0.31122057048436724
9630,3007965.0,0.3124419043683335
9631,3008025.0,0.3138262769215133
9632,3008085.0,0.3152828674446777
9633,3008145.0,0.3164901496946223
9634,3008205.0,0.31755476567515595
9635,3008265.0,0.31860031828133384
9636,3008325.0,0.31955291030528177
9637,3008385.0,0.32063890949448826
9638,3008445.0,0.3218463149372479
9639,3008505.0,0.3232163374700193
9640,3008565.0,0.3242498402714473
9641,3008625.0,0.3250191099834967
9642,3008685.0,0.32502221513707186
9643,3008745.0,0.32511981772339793
9644,3008808.0,0.3252014252754142
9645,3008865.0,0.3251988317863147
9646,3008925.0,0.3250873973447438
9647,3008985.0,0.3250390173963633
9648,3009045.0,0.32499995958651773
9649,3009105.0,0.3249903156234053
9650,3009165.0,0.32484557565529626
9651,3009225.0,0.32458475140353216
9652,3009285.0,0.32427465964401014
9653,3009345.0,0.3241590486778837
9654,3009405.0,0.32416683360123943
9655,3009465.0,0.3240295937007055
9656,3009525.0,0.323723850469013
9657,3009585.0,0.32340487302483867
9658,3009645.0,0.3232883610668069
9659,3009708.0,0.3233459405765504
9660,3009765.0,0.3235003901553567
9661,3009825.0,0.32372469885299304
9662,3009885.0,0.32402834859505714
9663,3009945.0,0.3242487355995173
9664,3010005.0,0.3243416231226348
9665,3010065.0,0.3244414614397998
9666,3010125.0,0.3245245239062876
9667,3010185.0,0.32473859514138625
9668,3010245.0,0.32487745514255983
9669,3010305.0,0.3249820480874579
9670,3010365.0,0.32508178088551165
9671,3010425.0,0.3251212027049919
9672,3010485.0,0.32533037570474943
9673,3010545.0,0.3255143774189575
9674,3010605.0,0.32560293662086315
9675,3010665.0,0.3257340784853754
9676,3010725.0,0.3258613954541437
9677,3010785.0,0.32597328114654445
9678,3010845.0,0.3263322227371436
9679,3010905.0,0.32674788743991956
9680,3010965.0,0.3268115162666837
9681,3011025.0,0.3269412655722398
9682,3011085.0,0.3271472055317055
9683,3011145.0,0.327356527500826
9684,3011205.0,0.3275736717850638
9685,3011265.0,0.3278761780588395
9686,3011325.0,0.3286876792402891
9687,3011385.0,0.32922520408873557
9688,3011445.0,0.3297484406882659
9689,3011505.0,0.3299679989922589
9690,3011565.0,0.3304163941447187
9691,3011625.0,0.3311162468634882
9692,3011685.0,0.331992580796841
9693,3011745.0,0.3329185520962128
9694,3011805.0,0.3339891632521471
9695,3011865.0,0.3347813996087824
9696,3011925.0,0.33541573969250116
9697,3011985.0,0.3362956040683919
9698,3012045.0,0.3372850600644729
9699,3012105.0,0.3380852859699174
9700,3012165.0,0.33892714225638676
9701,3012225.0,0.34002675625415735
9702,3012285.0,0.3409085718277186
9703,3012345.0,0.3417980190216726
9704,3012408.0,0.34276450902541256
9705,3012465.0,0.34371622563757487
9706,3012525.0,0.34449779295697625
9707,3012585.0,0.3452241699900396
9708,3012645.0,0.34593789641795714
9709,3012705.0,0.3467483353777022
9710,3012768.0,0.34757596885360365
9711,3012825.0,0.34864224890542583
9712,3012885.0,0.34978310191331674
9713,3012945.0,0.35097772178363484
9714,3013005.0,0.351895857573582
9715,3013065.0,0.35266350861363394
9716,3013125.0,0.3535193370908455
9717,3013185.0,0.3542556501427361
9718,3013245.0,0.35518195048918144
9719,3013305.0,0.3562821719490704
9720,3013365.0,0.3574336494584963
9721,3013425.0,0.3583925686743725
9722,3013485.0,0.35913466155987417
9723,3013545.0,0.35994764323657835
9724,3013605.0,0.3608507491957994
9725,3013665.0,0.3616222782330759
9726,3013725.0,0.3619950866262852
9727,3013785.0,0.36246248732246966
9728,3013845.0,0.36310999727914395
9729,3013905.0,0.36361071434003855
9730,3013965.0,0.3641516936963215
9731,3014025.0,0.364708001980669
9732,3014085.0,0.36543266063774016
9733,3014145.0,0.3660855584694267
9734,3014205.0,0.3666954281658845
9735,3014265.0,0.3669535565276911
9736,3014325.0,0.3673322194801282
9737,3014385.0,0.3680176412300401
9738,3014445.0,0.36850157187758104
9739,3014505.0,0.36902051678550685
9740,3014565.0,0.369580866017181
9741,3014625.0,0.37016911486487847
9742,3014685.0,0.3707626585066822
9743,3014745.0,0.37142072641551216
9744,3014805.0,0.37200752765668155
9745,3014865.0,0.3723688459767832
9746,3014925.0,0.37264082716248403
9747,3014985.0,0.3731438038383953
9748,3015045.0,0.3740880529857443
9749,3015105.0,0.3750226197675869
9750,3015165.0,0.37575943297471237
9751,3015225.0,0.37617063973609455
9752,3015285.0,0.37665568068357735
9753,3015345.0,0.37722162081640165
9754,3015405.0,0.3779403968344902
9755,3015465.0,0.3786172003614917
9756,3015525.0,0.3789489296805887
9757,3015585.0,0.3790175786719344
9758,3015645.0,0.37941497645452094
9759,3015705.0,0.3799874681114438
9760,3015765.0,0.3807761759160404
9761,3015825.0,0.3815411092552775
9762,3015885.0,0.38226042348215683
9763,3015945.0,0.3829239957851571
9764,3016005.0,0.3836211686278944
9765,3016065.0,0.38428835920678306
9766,3016125.0,0.38489792274238366
9767,3016185.0,0.38516601619910984
9768,3016245.0,0.3854914075689423
9769,3016305.0,0.386152062285133
9770,3016365.0,0.38693513901880683
9771,3016425.0,0.38791041845178076
9772,3016485.0,0.38885607899199426
9773,3016545.0,0.3896341584679809
9774,3016605.0,0.390194931376856
9775,3016665.0,0.3907227396292615
9776,3016725.0,0.39114241889676704
9777,3016785.0,0.3916510936002623
9778,3016845.0,0.39222922482201594
9779,3016905.0,0.3926287010697146
9780,3016965.0,0.3933166820013393
9781,3017025.0,0.39350999288982724
9782,3017085.0,0.3935896115820866
9783,3017145.0,0.39370200469307937
9784,3017205.0,0.3938483775183028
9785,3017265.0,0.3939473855807575
9786,3017325.0,0.3939772914736702
9787,3017385.0,0.3942619756076292
9788,3017445.0,0.3944281771256485
9789,3017505.0,0.3943301711797952
9790,3017565.0,0.3941837669053264
9791,3017625.0,0.3939873105560334
9792,3017685.0,0.3938862957327266
9793,3017745.0,0.39389185527876436
9794,3017805.0,0.39390644809916353
9795,3017865.0,0.3939202303133994
9796,3017925.0,0.39404812247816023
9797,3017985.0,0.3940030107603312
9798,3018045.0,0.39384735937707416
9799,3018105.0,0.3936108511243156
9800,3018165.0,0.3934613635029943
9801,3018225.0,0.393399508170063
9802,3018285.0,0.3932276734787217
9803,3018345.0,0.39282308473121164
9804,3018405.0,0.3924473700880239
9805,3018465.0,0.39185774083656666
9806,3018525.0,0.39158295758911466
9807,3018585.0,0.39165018493228654
9808,3018645.0,0.39139246648125015
9809,3018705.0,0.39095687092461395
9810,3018765.0,0.390509889484315
9811,3018825.0,0.38995772723356736
9812,3018885.0,0.3893283663037922
9813,3018945.0,0.38875901922304246
9814,3019005.0,0.38832001872053323
9815,3019065.0,0.38795122102967194
9816,3019125.0,0.3877682396433254
9817,3019185.0,0.38762041802523395
9818,3019245.0,0.3873672667919271
9819,3019305.0,0.3867202126515117
9820,3019365.0,0.3864071360187169
9821,3019425.0,0.3865855287989768
9822,3019485.0,0.3876428637591428
9823,3019545.0,0.38862356528606967
9824,3019608.0,0.3894909899514053
9825,3019665.0,0.390371933309299
9826,3019725.0,0.3911696654977549
9827,3019785.0,0.39212259153728113
9828,3019845.0,0.3932517387683211
9829,3019905.0,0.39447407601803786
9830,3019965.0,0.3958151831137843
9831,3020025.0,0.39711795332362254
9832,3020085.0,0.39831580271020106
9833,3020145.0,0.3993126018929878
9834,3020205.0,0.400236765388024
9835,3020265.0,0.40136806217137533
9836,3020325.0,0.4026152831420965
9837,3020385.0,0.40386834984129794
9838,3020445.0,0.40493154904213624
9839,3020505.0,0.40590710911019967
9840,3020565.0,0.40675220716720906
9841,3020625.0,0.40764058842592843
9842,3020685.0,0.4084447257989151
9843,3020745.0,0.40944815889746167
9844,3020805.0,0.41041715734841455
9845,3020865.0,0.4112481753172832
9846,3020925.0,0.4118737181935238
9847,3020985.0,0.4125321554490242
9848,3021045.0,0.4135528062821693
9849,3021105.0,0.41467531652284473
9850,3021165.0,0.41572965229703873
9851,3021225.0,0.4166812001804272
9852,3021285.0,0.4174775317912659
9853,3021345.0,0.41830643099013887
9854,3021405.0,0.4192488241425619
9855,3021465.0,0.4201308411428598
9856,3021525.0,0.42103757758353855
9857,3021585.0,0.42198293694588374
9858,3021645.0,0.42269804871580685
9859,3021705.0,0.42337567438083124
9860,3021765.0,0.42443202201955754
9861,3021825.0,0.42558896002843116
9862,3021885.0,0.42644275751866656
9863,3021945.0,0.42716282658528615
9864,3022005.0,0.42775156676484605
9865,3022065.0,0.42832400997115083
9866,3022125.0,0.4284807595974979
9867,3022185.0,0.42884351035618995
9868,3022245.0,0.429096299809239
9869,3022305.0,0.42954738286534766
9870,3022365.0,0.4297824677139169
9871,3022425.0,0.42975796898678376
9872,3022485.0,0.429559883659807
9873,3022545.0,0.4294097592912157
9874,3022605.0,0.42924480336832527
9875,3022665.0,0.4293478283540292
9876,3022725.0,0.4295007907483024
9877,3022785.0,0.4294724458581701
9878,3022845.0,0.4292671120972583
9879,3022905.0,0.42928569449213805
9880,3022965.0,0.42935745467045394
9881,3023025.0,0.4291021689920581
9882,3023085.0,0.4289549928660018
9883,3023145.0,0.42887372134834434
9884,3023205.0,0.428788638140828
9885,3023265.0,0.4286371379456926
9886,3023325.0,0.42859388064491866
9887,3023385.0,0.42871197570979536
9888,3023445.0,0.4289709924080213
9889,3023505.0,0.42922917654328263
9890,3023565.0,0.42936386457618403
9891,3023625.0,0.42928119591031255
9892,3023685.0,0.4290636220791436
9893,3023745.0,0.4287007469897125
9894,3023805.0,0.4284351766197152
9895,3023865.0,0.42831517033221556
9896,3023925.0,0.4280792194961899
9897,3023985.0,0.4281224968600167
