time;kwh
4-8-2019 0:00;4
4-8-2019 0:15;4
4-8-2019 0:30;0
4-8-2019 0:45;0
4-8-2019 1:00;4
4-8-2019 1:15;0
4-8-2019 1:30;0
4-8-2019 1:45;4
4-8-2019 2:00;0
4-8-2019 2:15;0
4-8-2019 2:30;4
4-8-2019 2:45;0
4-8-2019 3:00;0
4-8-2019 3:15;4
4-8-2019 3:30;0
4-8-2019 3:45;0
4-8-2019 4:00;4
4-8-2019 4:15;0
4-8-2019 4:30;0
4-8-2019 4:45;4
4-8-2019 5:00;0
4-8-2019 5:15;0
4-8-2019 5:30;0
4-8-2019 5:45;4
4-8-2019 6:00;32
4-8-2019 6:15;52
4-8-2019 6:30;52
4-8-2019 6:45;52
4-8-2019 7:00;52
4-8-2019 7:15;40
4-8-2019 7:30;20
4-8-2019 7:45;20
4-8-2019 8:00;32
4-8-2019 8:15;52
4-8-2019 8:30;36
4-8-2019 8:45;24
4-8-2019 9:00;20
4-8-2019 9:15;24
4-8-2019 9:30;24
4-8-2019 9:45;24
4-8-2019 10:00;20
4-8-2019 10:15;36
4-8-2019 10:30;36
4-8-2019 10:45;32
4-8-2019 11:00;20
4-8-2019 11:15;24
4-8-2019 11:30;24
4-8-2019 11:45;24
4-8-2019 12:00;20
4-8-2019 12:15;24
4-8-2019 12:30;24
4-8-2019 12:45;20
4-8-2019 13:00;24
4-8-2019 13:15;24
4-8-2019 13:30;24
4-8-2019 13:45;20
4-8-2019 14:00;24
4-8-2019 14:15;24
4-8-2019 14:30;24
4-8-2019 14:45;24
4-8-2019 15:00;20
4-8-2019 15:15;24
4-8-2019 15:30;24
4-8-2019 15:45;24
4-8-2019 16:00;20
4-8-2019 16:15;24
4-8-2019 16:30;24
4-8-2019 16:45;24
4-8-2019 17:00;24
4-8-2019 17:15;20
4-8-2019 17:30;24
4-8-2019 17:45;24
4-8-2019 18:00;24
4-8-2019 18:15;24
4-8-2019 18:30;24
4-8-2019 18:45;20
4-8-2019 19:00;24
4-8-2019 19:15;24
4-8-2019 19:30;24
4-8-2019 19:45;24
4-8-2019 20:00;20
4-8-2019 20:15;24
4-8-2019 20:30;24
4-8-2019 20:45;24
4-8-2019 21:00;20
4-8-2019 21:15;24
4-8-2019 21:30;12
4-8-2019 21:45;36
4-8-2019 22:00;4
4-8-2019 22:15;4
4-8-2019 22:30;0
4-8-2019 22:45;0
4-8-2019 23:00;4
4-8-2019 23:15;0
4-8-2019 23:30;0
4-8-2019 23:45;4
4-9-2019 0:00;0
4-9-2019 0:15;0
4-9-2019 0:30;4
4-9-2019 0:45;0
4-9-2019 1:00;0
4-9-2019 1:15;4
4-9-2019 1:30;0
4-9-2019 1:45;0
4-9-2019 2:00;0
4-9-2019 2:15;4
4-9-2019 2:30;0
4-9-2019 2:45;0
4-9-2019 3:00;4
4-9-2019 3:15;0
4-9-2019 3:30;0
4-9-2019 3:45;4
4-9-2019 4:00;0
4-9-2019 4:15;0
4-9-2019 4:30;0
4-9-2019 4:45;4
4-9-2019 5:00;0
4-9-2019 5:15;0
4-9-2019 5:30;4
4-9-2019 5:45;0
4-9-2019 6:00;28
4-9-2019 6:15;52
4-9-2019 6:30;52
4-9-2019 6:45;52
4-9-2019 7:00;52
4-9-2019 7:15;48
4-9-2019 7:30;20
4-9-2019 7:45;32
4-9-2019 8:00;52
4-9-2019 8:15;52
4-9-2019 8:30;24
4-9-2019 8:45;20
4-9-2019 9:00;24
4-9-2019 9:15;24
4-9-2019 9:30;24
4-9-2019 9:45;36
4-9-2019 10:00;52
4-9-2019 10:15;48
4-9-2019 10:30;20
4-9-2019 10:45;24
4-9-2019 11:00;24
4-9-2019 11:15;24
4-9-2019 11:30;24
4-9-2019 11:45;20
4-9-2019 12:00;24
4-9-2019 12:15;24
4-9-2019 12:30;24
4-9-2019 12:45;20
4-9-2019 13:00;24
4-9-2019 13:15;24
4-9-2019 13:30;24
4-9-2019 13:45;24
4-9-2019 14:00;20
4-9-2019 14:15;24
4-9-2019 14:30;24
4-9-2019 14:45;24
4-9-2019 15:00;24
4-9-2019 15:15;20
4-9-2019 15:30;24
4-9-2019 15:45;24
4-9-2019 16:00;24
4-9-2019 16:15;24
4-9-2019 16:30;20
4-9-2019 16:45;24
4-9-2019 17:00;24
4-9-2019 17:15;24
4-9-2019 17:30;24
4-9-2019 17:45;24
4-9-2019 18:00;24
4-9-2019 18:15;20
4-9-2019 18:30;24
4-9-2019 18:45;24
4-9-2019 19:00;24
4-9-2019 19:15;24
4-9-2019 19:30;24
4-9-2019 19:45;20
4-9-2019 20:00;24
4-9-2019 20:15;24
4-9-2019 20:30;24
4-9-2019 20:45;24
4-9-2019 21:00;20
4-9-2019 21:15;24
4-9-2019 21:30;4
4-9-2019 21:45;0
4-9-2019 22:00;0
4-9-2019 22:15;4
4-9-2019 22:30;0
4-9-2019 22:45;0
4-9-2019 23:00;4
4-9-2019 23:15;0
4-9-2019 23:30;0
4-9-2019 23:45;4
4-10-2019 0:00;0
4-10-2019 0:15;0
4-10-2019 0:30;4
4-10-2019 0:45;0
4-10-2019 1:00;0
4-10-2019 1:15;4
4-10-2019 1:30;0
4-10-2019 1:45;0
4-10-2019 2:00;4
4-10-2019 2:15;0
4-10-2019 2:30;0
4-10-2019 2:45;4
4-10-2019 3:00;0
4-10-2019 3:15;0
4-10-2019 3:30;4
4-10-2019 3:45;0
4-10-2019 4:00;0
4-10-2019 4:15;4
4-10-2019 4:30;0
4-10-2019 4:45;0
4-10-2019 5:00;4
4-10-2019 5:15;0
4-10-2019 5:30;0
4-10-2019 5:45;0
4-10-2019 6:00;28
4-10-2019 6:15;52
4-10-2019 6:30;52
4-10-2019 6:45;52
4-10-2019 7:00;40
4-10-2019 7:15;20
4-10-2019 7:30;48
4-10-2019 7:45;40
4-10-2019 8:00;52
4-10-2019 8:15;52
4-10-2019 8:30;32
4-10-2019 8:45;24
4-10-2019 9:00;24
4-10-2019 9:15;24
4-10-2019 9:30;28
4-10-2019 9:45;28
4-10-2019 10:00;32
4-10-2019 10:15;32
4-10-2019 10:30;24
4-10-2019 10:45;20
4-10-2019 11:00;24
4-10-2019 11:15;24
4-10-2019 11:30;24
4-10-2019 11:45;24
4-10-2019 12:00;20
4-10-2019 12:15;24
4-10-2019 12:30;24
4-10-2019 12:45;0
4-10-2019 13:00;48
4-10-2019 13:15;24
4-10-2019 13:30;24
4-10-2019 13:45;24
4-10-2019 14:00;20
4-10-2019 14:15;24
4-10-2019 14:30;24
4-10-2019 14:45;24
4-10-2019 15:00;24
4-10-2019 15:15;24
4-10-2019 15:30;20
4-10-2019 15:45;24
4-10-2019 16:00;24
4-10-2019 16:15;24
4-10-2019 16:30;20
4-10-2019 16:45;24
4-10-2019 17:00;24
4-10-2019 17:15;24
4-10-2019 17:30;20
4-10-2019 17:45;24
4-10-2019 18:00;24
4-10-2019 18:15;24
4-10-2019 18:30;24
4-10-2019 18:45;24
4-10-2019 19:00;20
4-10-2019 19:15;24
4-10-2019 19:30;24
4-10-2019 19:45;24
4-10-2019 20:00;24
4-10-2019 20:15;24
4-10-2019 20:30;20
4-10-2019 20:45;24
4-10-2019 21:00;24
4-10-2019 21:15;20
4-10-2019 21:30;4
4-10-2019 21:45;0
4-10-2019 22:00;0
4-10-2019 22:15;0
4-10-2019 22:30;4
4-10-2019 22:45;0
4-10-2019 23:00;4
4-10-2019 23:15;0
4-10-2019 23:30;0
4-10-2019 23:45;4
4-11-2019 0:00;0
4-11-2019 0:15;4
4-11-2019 0:30;0
4-11-2019 0:45;0
4-11-2019 1:00;4
4-11-2019 1:15;0
4-11-2019 1:30;0
4-11-2019 1:45;4
4-11-2019 2:00;0
4-11-2019 2:15;0
4-11-2019 2:30;4
4-11-2019 2:45;0
4-11-2019 3:00;0
4-11-2019 3:15;4
4-11-2019 3:30;0
4-11-2019 3:45;0
4-11-2019 4:00;4
4-11-2019 4:15;0
4-11-2019 4:30;0
4-11-2019 4:45;4
4-11-2019 5:00;0
4-11-2019 5:15;0
4-11-2019 5:30;4
4-11-2019 5:45;0
4-11-2019 6:00;32
4-11-2019 6:15;52
4-11-2019 6:30;52
4-11-2019 6:45;56
4-11-2019 7:00;52
4-11-2019 7:15;28
4-11-2019 7:30;48
4-11-2019 7:45;52
4-11-2019 8:00;28
4-11-2019 8:15;20
4-11-2019 8:30;24
4-11-2019 8:45;28
4-11-2019 9:00;56
4-11-2019 9:15;36
4-11-2019 9:30;24
4-11-2019 9:45;28
4-11-2019 10:00;24
4-11-2019 10:15;24
4-11-2019 10:30;20
4-11-2019 10:45;24
4-11-2019 11:00;24
4-11-2019 11:15;24
4-11-2019 11:30;24
4-11-2019 11:45;20
4-11-2019 12:00;24
4-11-2019 12:15;24
4-11-2019 12:30;24
4-11-2019 12:45;24
4-11-2019 13:00;24
4-11-2019 13:15;24
4-11-2019 13:30;24
4-11-2019 13:45;24
4-11-2019 14:00;24
4-11-2019 14:15;28
4-11-2019 14:30;24
4-11-2019 14:45;24
4-11-2019 15:00;24
4-11-2019 15:15;20
4-11-2019 15:30;24
4-11-2019 15:45;24
4-11-2019 16:00;24
4-11-2019 16:15;24
4-11-2019 16:30;28
4-11-2019 16:45;24
4-11-2019 17:00;24
4-11-2019 17:15;24
4-11-2019 17:30;24
4-11-2019 17:45;24
4-11-2019 18:00;24
4-11-2019 18:15;20
4-11-2019 18:30;24
4-11-2019 18:45;28
4-11-2019 19:00;20
4-11-2019 19:15;24
4-11-2019 19:30;24
4-11-2019 19:45;20
4-11-2019 20:00;28
4-11-2019 20:15;40
4-11-2019 20:30;32
4-11-2019 20:45;20
4-11-2019 21:00;36
4-11-2019 21:15;36
4-11-2019 21:30;0
4-11-2019 21:45;0
4-11-2019 22:00;4
4-11-2019 22:15;0
4-11-2019 22:30;0
4-11-2019 22:45;0
4-11-2019 23:00;4
4-11-2019 23:15;0
4-11-2019 23:30;4
4-11-2019 23:45;0
4-12-2019 0:00;0
4-12-2019 0:15;4
4-12-2019 0:30;0
4-12-2019 0:45;4
4-12-2019 1:00;0
4-12-2019 1:15;0
4-12-2019 1:30;4
4-12-2019 1:45;0
4-12-2019 2:00;0
4-12-2019 2:15;4
4-12-2019 2:30;0
4-12-2019 2:45;0
4-12-2019 3:00;4
4-12-2019 3:15;0
4-12-2019 3:30;0
4-12-2019 3:45;4
4-12-2019 4:00;0
4-12-2019 4:15;0
4-12-2019 4:30;4
4-12-2019 4:45;0
4-12-2019 5:00;0
4-12-2019 5:15;4
4-12-2019 5:30;0
4-12-2019 5:45;0
4-12-2019 6:00;40
4-12-2019 6:15;68
4-12-2019 6:30;52
4-12-2019 6:45;20
4-12-2019 7:00;32
4-12-2019 7:15;64
4-12-2019 7:30;36
4-12-2019 7:45;20
4-12-2019 8:00;32
4-12-2019 8:15;64
4-12-2019 8:30;28
4-12-2019 8:45;24
4-12-2019 9:00;40
4-12-2019 9:15;32
4-12-2019 9:30;24
4-12-2019 9:45;40
4-12-2019 10:00;28
4-12-2019 10:15;24
4-12-2019 10:30;24
4-12-2019 10:45;24
4-12-2019 11:00;24
4-12-2019 11:15;28
4-12-2019 11:30;20
4-12-2019 11:45;24
4-12-2019 12:00;24
4-12-2019 12:15;24
4-12-2019 12:30;24
4-12-2019 12:45;24
4-12-2019 13:00;24
4-12-2019 13:15;24
4-12-2019 13:30;24
4-12-2019 13:45;24
4-12-2019 14:00;28
4-12-2019 14:15;28
4-12-2019 14:30;28
4-12-2019 14:45;24
4-12-2019 15:00;28
4-12-2019 15:15;24
4-12-2019 15:30;24
4-12-2019 15:45;32
4-12-2019 16:00;32
4-12-2019 16:15;28
4-12-2019 16:30;24
4-12-2019 16:45;24
4-12-2019 17:00;24
4-12-2019 17:15;24
4-12-2019 17:30;24
4-12-2019 17:45;24
4-12-2019 18:00;24
4-12-2019 18:15;24
4-12-2019 18:30;24
4-12-2019 18:45;24
4-12-2019 19:00;24
4-12-2019 19:15;24
4-12-2019 19:30;24
4-12-2019 19:45;24
4-12-2019 20:00;24
4-12-2019 20:15;28
4-12-2019 20:30;32
4-12-2019 20:45;24
4-12-2019 21:00;20
4-12-2019 21:15;32
4-12-2019 21:30;4
4-12-2019 21:45;0
4-12-2019 22:00;4
4-12-2019 22:15;0
4-12-2019 22:30;0
4-12-2019 22:45;4
4-12-2019 23:00;0
4-12-2019 23:15;4
4-12-2019 23:30;0
4-12-2019 23:45;0
4-13-2019 0:00;4
4-13-2019 0:15;0
4-13-2019 0:30;0
4-13-2019 0:45;4
4-13-2019 1:00;0
4-13-2019 1:15;0
4-13-2019 1:30;4
4-13-2019 1:45;0
4-13-2019 2:00;4
4-13-2019 2:15;0
4-13-2019 2:30;0
4-13-2019 2:45;4
4-13-2019 3:00;0
4-13-2019 3:15;0
4-13-2019 3:30;4
4-13-2019 3:45;0
4-13-2019 4:00;0
4-13-2019 4:15;4
4-13-2019 4:30;0
4-13-2019 4:45;0
4-13-2019 5:00;4
4-13-2019 5:15;0
4-13-2019 5:30;0
4-13-2019 5:45;4
4-13-2019 6:00;36
4-13-2019 6:15;60
4-13-2019 6:30;44
4-13-2019 6:45;24
4-13-2019 7:00;36
4-13-2019 7:15;28
4-13-2019 7:30;40
4-13-2019 7:45;28
4-13-2019 8:00;24
4-13-2019 8:15;40
4-13-2019 8:30;28
4-13-2019 8:45;24
4-13-2019 9:00;44
4-13-2019 9:15;24
4-13-2019 9:30;24
4-13-2019 9:45;32
4-13-2019 10:00;28
4-13-2019 10:15;24
4-13-2019 10:30;24
4-13-2019 10:45;32
4-13-2019 11:00;24
4-13-2019 11:15;24
4-13-2019 11:30;20
4-13-2019 11:45;24
4-13-2019 12:00;24
4-13-2019 12:15;24
4-13-2019 12:30;24
4-13-2019 12:45;20
4-13-2019 13:00;24
4-13-2019 13:15;24
4-13-2019 13:30;24
4-13-2019 13:45;24
4-13-2019 14:00;20
4-13-2019 14:15;24
4-13-2019 14:30;24
4-13-2019 14:45;24
4-13-2019 15:00;24
4-13-2019 15:15;24
4-13-2019 15:30;20
4-13-2019 15:45;24
4-13-2019 16:00;24
4-13-2019 16:15;24
4-13-2019 16:30;24
4-13-2019 16:45;24
4-13-2019 17:00;20
4-13-2019 17:15;24
4-13-2019 17:30;24
4-13-2019 17:45;24
4-13-2019 18:00;24
4-13-2019 18:15;24
4-13-2019 18:30;28
4-13-2019 18:45;20
4-13-2019 19:00;24
4-13-2019 19:15;24
4-13-2019 19:30;24
4-13-2019 19:45;24
4-13-2019 20:00;24
4-13-2019 20:15;24
4-13-2019 20:30;20
4-13-2019 20:45;28
4-13-2019 21:00;24
4-13-2019 21:15;20
4-13-2019 21:30;4
4-13-2019 21:45;0
4-13-2019 22:00;4
4-13-2019 22:15;0
4-13-2019 22:30;0
4-13-2019 22:45;4
4-13-2019 23:00;0
4-13-2019 23:15;4
4-13-2019 23:30;0
4-13-2019 23:45;0
4-14-2019 0:00;4
4-14-2019 0:15;0
4-14-2019 0:30;0
4-14-2019 0:45;4
4-14-2019 1:00;0
4-14-2019 1:15;0
4-14-2019 1:30;4
4-14-2019 1:45;0
4-14-2019 2:00;4
4-14-2019 2:15;0
4-14-2019 2:30;0
4-14-2019 2:45;4
4-14-2019 3:00;0
4-14-2019 3:15;0
4-14-2019 3:30;4
4-14-2019 3:45;0
4-14-2019 4:00;0
4-14-2019 4:15;4
4-14-2019 4:30;0
4-14-2019 4:45;0
4-14-2019 5:00;4
4-14-2019 5:15;0
4-14-2019 5:30;0
4-14-2019 5:45;4
4-14-2019 6:00;44
4-14-2019 6:15;48
4-14-2019 6:30;20
4-14-2019 6:45;20
4-14-2019 7:00;28
4-14-2019 7:15;28
4-14-2019 7:30;28
4-14-2019 7:45;24
4-14-2019 8:00;20
4-14-2019 8:15;40
4-14-2019 8:30;28
4-14-2019 8:45;24
4-14-2019 9:00;20
4-14-2019 9:15;24
4-14-2019 9:30;24
4-14-2019 9:45;24
4-14-2019 10:00;24
4-14-2019 10:15;24
4-14-2019 10:30;28
4-14-2019 10:45;24
4-14-2019 11:00;24
4-14-2019 11:15;24
4-14-2019 11:30;24
4-14-2019 11:45;24
4-14-2019 12:00;24
4-14-2019 12:15;24
4-14-2019 12:30;24
4-14-2019 12:45;20
4-14-2019 13:00;28
4-14-2019 13:15;24
4-14-2019 13:30;24
4-14-2019 13:45;24
4-14-2019 14:00;28
4-14-2019 14:15;24
4-14-2019 14:30;24
4-14-2019 14:45;24
4-14-2019 15:00;28
4-14-2019 15:15;32
4-14-2019 15:30;32
4-14-2019 15:45;32
4-14-2019 16:00;32
4-14-2019 16:15;32
4-14-2019 16:30;32
4-14-2019 16:45;36
4-14-2019 17:00;32
4-14-2019 17:15;32
4-14-2019 17:30;32
4-14-2019 17:45;36
4-14-2019 18:00;32
4-14-2019 18:15;32
4-14-2019 18:30;32
4-14-2019 18:45;32
4-14-2019 19:00;28
4-14-2019 19:15;28
4-14-2019 19:30;32
4-14-2019 19:45;32
4-14-2019 20:00;28
4-14-2019 20:15;24
4-14-2019 20:30;24
4-14-2019 20:45;24
4-14-2019 21:00;24
4-14-2019 21:15;20
4-14-2019 21:30;4
4-14-2019 21:45;0
4-14-2019 22:00;0
4-14-2019 22:15;4
4-14-2019 22:30;0
4-14-2019 22:45;0
4-14-2019 23:00;4
4-14-2019 23:15;0
4-14-2019 23:30;4
4-14-2019 23:45;0
4-15-2019 0:00;0
4-15-2019 0:15;4
4-15-2019 0:30;0
4-15-2019 0:45;0
4-15-2019 1:00;4
4-15-2019 1:15;0
4-15-2019 1:30;4
4-15-2019 1:45;0
4-15-2019 2:00;0
4-15-2019 2:15;4
4-15-2019 2:30;0
4-15-2019 2:45;0
4-15-2019 3:00;4
4-15-2019 3:15;0
4-15-2019 3:30;0
4-15-2019 3:45;4
4-15-2019 4:00;0
4-15-2019 4:15;4
4-15-2019 4:30;0
4-15-2019 4:45;0
4-15-2019 5:00;0
4-15-2019 5:15;4
4-15-2019 5:30;0
4-15-2019 5:45;0
4-15-2019 6:00;48
4-15-2019 6:15;60
4-15-2019 6:30;24
4-15-2019 6:45;24
4-15-2019 7:00;28
4-15-2019 7:15;40
4-15-2019 7:30;32
4-15-2019 7:45;20
4-15-2019 8:00;32
4-15-2019 8:15;40
4-15-2019 8:30;24
4-15-2019 8:45;24
4-15-2019 9:00;32
4-15-2019 9:15;32
4-15-2019 9:30;24
4-15-2019 9:45;24
4-15-2019 10:00;36
4-15-2019 10:15;32
4-15-2019 10:30;24
4-15-2019 10:45;24
4-15-2019 11:00;24
4-15-2019 11:15;24
4-15-2019 11:30;24
4-15-2019 11:45;28
4-15-2019 12:00;24
4-15-2019 12:15;24
4-15-2019 12:30;24
4-15-2019 12:45;24
4-15-2019 13:00;24
4-15-2019 13:15;24
4-15-2019 13:30;24
4-15-2019 13:45;24
4-15-2019 14:00;24
4-15-2019 14:15;24
4-15-2019 14:30;24
4-15-2019 14:45;24
4-15-2019 15:00;24
4-15-2019 15:15;24
4-15-2019 15:30;32
4-15-2019 15:45;24
4-15-2019 16:00;24
4-15-2019 16:15;24
4-15-2019 16:30;24
4-15-2019 16:45;24
4-15-2019 17:00;24
4-15-2019 17:15;24
4-15-2019 17:30;24
4-15-2019 17:45;24
4-15-2019 18:00;24
4-15-2019 18:15;24
4-15-2019 18:30;28
4-15-2019 18:45;24
4-15-2019 19:00;24
4-15-2019 19:15;24
4-15-2019 19:30;24
4-15-2019 19:45;24
4-15-2019 20:00;24
4-15-2019 20:15;24
4-15-2019 20:30;32
4-15-2019 20:45;24
4-15-2019 21:00;24
4-15-2019 21:15;20
4-15-2019 21:30;12
4-15-2019 21:45;12
4-15-2019 22:00;0
4-15-2019 22:15;0
4-15-2019 22:30;4
4-15-2019 22:45;0
4-15-2019 23:00;0
4-15-2019 23:15;4
4-15-2019 23:30;0
4-15-2019 23:45;4
4-16-2019 0:00;0
4-16-2019 0:15;0
4-16-2019 0:30;4
4-16-2019 0:45;0
4-16-2019 1:00;4
4-16-2019 1:15;0
4-16-2019 1:30;0
4-16-2019 1:45;4
4-16-2019 2:00;0
4-16-2019 2:15;0
4-16-2019 2:30;4
4-16-2019 2:45;0
4-16-2019 3:00;0
4-16-2019 3:15;4
4-16-2019 3:30;0
4-16-2019 3:45;0
4-16-2019 4:00;0
4-16-2019 4:15;4
4-16-2019 4:30;0
4-16-2019 4:45;0
4-16-2019 5:00;4
4-16-2019 5:15;0
4-16-2019 5:30;0
4-16-2019 5:45;4
4-16-2019 6:00;36
4-16-2019 6:15;76
4-16-2019 6:30;64
4-16-2019 6:45;28
4-16-2019 7:00;32
4-16-2019 7:15;56
4-16-2019 7:30;52
4-16-2019 7:45;24
4-16-2019 8:00;40
4-16-2019 8:15;60
4-16-2019 8:30;32
4-16-2019 8:45;28
4-16-2019 9:00;44
4-16-2019 9:15;24
4-16-2019 9:30;32
4-16-2019 9:45;40
4-16-2019 10:00;24
4-16-2019 10:15;24
4-16-2019 10:30;40
4-16-2019 10:45;24
4-16-2019 11:00;20
4-16-2019 11:15;24
4-16-2019 11:30;24
4-16-2019 11:45;24
4-16-2019 12:00;20
4-16-2019 12:15;24
4-16-2019 12:30;24
4-16-2019 12:45;24
4-16-2019 13:00;20
4-16-2019 13:15;24
4-16-2019 13:30;24
4-16-2019 13:45;24
4-16-2019 14:00;24
4-16-2019 14:15;24
4-16-2019 14:30;24
4-16-2019 14:45;28
4-16-2019 15:00;24
4-16-2019 15:15;24
4-16-2019 15:30;24
4-16-2019 15:45;28
4-16-2019 16:00;32
4-16-2019 16:15;28
4-16-2019 16:30;24
4-16-2019 16:45;24
4-16-2019 17:00;24
4-16-2019 17:15;24
4-16-2019 17:30;24
4-16-2019 17:45;24
4-16-2019 18:00;24
4-16-2019 18:15;24
4-16-2019 18:30;24
4-16-2019 18:45;24
4-16-2019 19:00;24
4-16-2019 19:15;24
4-16-2019 19:30;24
4-16-2019 19:45;24
4-16-2019 20:00;24
4-16-2019 20:15;24
4-16-2019 20:30;24
4-16-2019 20:45;24
4-16-2019 21:00;20
4-16-2019 21:15;24
4-16-2019 21:30;0
4-16-2019 21:45;4
4-16-2019 22:00;0
4-16-2019 22:15;0
4-16-2019 22:30;4
4-16-2019 22:45;0
4-16-2019 23:00;0
4-16-2019 23:15;4
4-16-2019 23:30;0
4-16-2019 23:45;0
4-17-2019 0:00;4
4-17-2019 0:15;0
4-17-2019 0:30;0
4-17-2019 0:45;4
4-17-2019 1:00;0
4-17-2019 1:15;0
4-17-2019 1:30;4
4-17-2019 1:45;0
4-17-2019 2:00;0
4-17-2019 2:15;4
4-17-2019 2:30;0
4-17-2019 2:45;0
4-17-2019 3:00;4
4-17-2019 3:15;0
4-17-2019 3:30;0
4-17-2019 3:45;4
4-17-2019 4:00;0
4-17-2019 4:15;0
4-17-2019 4:30;0
4-17-2019 4:45;4
4-17-2019 5:00;0
4-17-2019 5:15;0
4-17-2019 5:30;0
4-17-2019 5:45;4
4-17-2019 6:00;32
4-17-2019 6:15;48
4-17-2019 6:30;24
4-17-2019 6:45;20
4-17-2019 7:00;24
4-17-2019 7:15;20
4-17-2019 7:30;20
4-17-2019 7:45;24
4-17-2019 8:00;20
4-17-2019 8:15;24
4-17-2019 8:30;20
4-17-2019 8:45;24
4-17-2019 9:00;24
4-17-2019 9:15;24
4-17-2019 9:30;24
4-17-2019 9:45;24
4-17-2019 10:00;24
4-17-2019 10:15;20
4-17-2019 10:30;24
4-17-2019 10:45;24
4-17-2019 11:00;24
4-17-2019 11:15;24
4-17-2019 11:30;24
4-17-2019 11:45;24
4-17-2019 12:00;24
4-17-2019 12:15;24
4-17-2019 12:30;24
4-17-2019 12:45;24
4-17-2019 13:00;24
4-17-2019 13:15;20
4-17-2019 13:30;24
4-17-2019 13:45;24
4-17-2019 14:00;24
4-17-2019 14:15;24
4-17-2019 14:30;24
4-17-2019 14:45;24
4-17-2019 15:00;24
4-17-2019 15:15;24
4-17-2019 15:30;24
4-17-2019 15:45;20
4-17-2019 16:00;24
4-17-2019 16:15;24
4-17-2019 16:30;24
4-17-2019 16:45;24
4-17-2019 17:00;24
4-17-2019 17:15;24
4-17-2019 17:30;24
4-17-2019 17:45;24
4-17-2019 18:00;20
4-17-2019 18:15;24
4-17-2019 18:30;24
4-17-2019 18:45;24
4-17-2019 19:00;24
4-17-2019 19:15;24
4-17-2019 19:30;24
4-17-2019 19:45;24
4-17-2019 20:00;20
4-17-2019 20:15;24
4-17-2019 20:30;24
4-17-2019 20:45;24
4-17-2019 21:00;24
4-17-2019 21:15;20
4-17-2019 21:30;4
4-17-2019 21:45;0
4-17-2019 22:00;0
4-17-2019 22:15;4
4-17-2019 22:30;0
4-17-2019 22:45;0
4-17-2019 23:00;4
4-17-2019 23:15;0
4-17-2019 23:30;0
4-17-2019 23:45;4
4-18-2019 0:00;0
4-18-2019 0:15;0
4-18-2019 0:30;4
4-18-2019 0:45;0
4-18-2019 1:00;0
4-18-2019 1:15;4
4-18-2019 1:30;0
4-18-2019 1:45;0
4-18-2019 2:00;4
4-18-2019 2:15;0
4-18-2019 2:30;0
4-18-2019 2:45;0
4-18-2019 3:00;4
4-18-2019 3:15;0
4-18-2019 3:30;0
4-18-2019 3:45;4
4-18-2019 4:00;0
4-18-2019 4:15;0
4-18-2019 4:30;0
4-18-2019 4:45;4
4-18-2019 5:00;0
4-18-2019 5:15;0
4-18-2019 5:30;4
4-18-2019 5:45;0
4-18-2019 6:00;32
4-18-2019 6:15;52
4-18-2019 6:30;52
4-18-2019 6:45;52
4-18-2019 7:00;56
4-18-2019 7:15;48
4-18-2019 7:30;20
4-18-2019 7:45;24
4-18-2019 8:00;44
4-18-2019 8:15;52
4-18-2019 8:30;36
4-18-2019 8:45;20
4-18-2019 9:00;24
4-18-2019 9:15;24
4-18-2019 9:30;24
4-18-2019 9:45;24
4-18-2019 10:00;24
4-18-2019 10:15;24
4-18-2019 10:30;24
4-18-2019 10:45;24
4-18-2019 11:00;24
4-18-2019 11:15;24
4-18-2019 11:30;24
4-18-2019 11:45;24
4-18-2019 12:00;24
4-18-2019 12:15;24
4-18-2019 12:30;24
4-18-2019 12:45;24
4-18-2019 13:00;24
4-18-2019 13:15;24
4-18-2019 13:30;28
4-18-2019 13:45;24
4-18-2019 14:00;20
4-18-2019 14:15;24
4-18-2019 14:30;24
4-18-2019 14:45;24
4-18-2019 15:00;24
4-18-2019 15:15;24
4-18-2019 15:30;24
4-18-2019 15:45;24
4-18-2019 16:00;20
4-18-2019 16:15;24
4-18-2019 16:30;28
4-18-2019 16:45;24
4-18-2019 17:00;24
4-18-2019 17:15;28
4-18-2019 17:30;24
4-18-2019 17:45;20
4-18-2019 18:00;24
4-18-2019 18:15;24
4-18-2019 18:30;24
4-18-2019 18:45;24
4-18-2019 19:00;28
4-18-2019 19:15;24
4-18-2019 19:30;24
4-18-2019 19:45;24
4-18-2019 20:00;24
4-18-2019 20:15;24
4-18-2019 20:30;24
4-18-2019 20:45;24
4-18-2019 21:00;20
4-18-2019 21:15;20
4-18-2019 21:30;4
4-18-2019 21:45;0
4-18-2019 22:00;4
4-18-2019 22:15;0
4-18-2019 22:30;0
4-18-2019 22:45;0
4-18-2019 23:00;4
4-18-2019 23:15;0
4-18-2019 23:30;0
4-18-2019 23:45;4
4-19-2019 0:00;0
4-19-2019 0:15;4
4-19-2019 0:30;0
4-19-2019 0:45;0
4-19-2019 1:00;4
4-19-2019 1:15;0
4-19-2019 1:30;0
4-19-2019 1:45;4
4-19-2019 2:00;0
4-19-2019 2:15;0
4-19-2019 2:30;4
4-19-2019 2:45;0
4-19-2019 3:00;0
4-19-2019 3:15;4
4-19-2019 3:30;0
4-19-2019 3:45;0
4-19-2019 4:00;4
4-19-2019 4:15;0
4-19-2019 4:30;0
4-19-2019 4:45;0
4-19-2019 5:00;4
4-19-2019 5:15;0
4-19-2019 5:30;0
4-19-2019 5:45;4
4-19-2019 6:00;24
4-19-2019 6:15;52
4-19-2019 6:30;52
4-19-2019 6:45;32
4-19-2019 7:00;20
4-19-2019 7:15;36
4-19-2019 7:30;52
4-19-2019 7:45;40
4-19-2019 8:00;20
4-19-2019 8:15;24
4-19-2019 8:30;20
4-19-2019 8:45;24
4-19-2019 9:00;32
4-19-2019 9:15;40
4-19-2019 9:30;40
4-19-2019 9:45;24
4-19-2019 10:00;24
4-19-2019 10:15;24
4-19-2019 10:30;24
4-19-2019 10:45;24
4-19-2019 11:00;24
4-19-2019 11:15;24
4-19-2019 11:30;24
4-19-2019 11:45;24
4-19-2019 12:00;24
4-19-2019 12:15;24
4-19-2019 12:30;24
4-19-2019 12:45;24
4-19-2019 13:00;24
4-19-2019 13:15;24
4-19-2019 13:30;24
4-19-2019 13:45;24
4-19-2019 14:00;24
4-19-2019 14:15;24
4-19-2019 14:30;24
4-19-2019 14:45;24
4-19-2019 15:00;24
4-19-2019 15:15;20
4-19-2019 15:30;24
4-19-2019 15:45;24
4-19-2019 16:00;24
4-19-2019 16:15;24
4-19-2019 16:30;24
4-19-2019 16:45;24
4-19-2019 17:00;24
4-19-2019 17:15;24
4-19-2019 17:30;20
4-19-2019 17:45;24
4-19-2019 18:00;24
4-19-2019 18:15;24
4-19-2019 18:30;24
4-19-2019 18:45;24
4-19-2019 19:00;24
4-19-2019 19:15;24
4-19-2019 19:30;24
4-19-2019 19:45;24
4-19-2019 20:00;24
4-19-2019 20:15;24
4-19-2019 20:30;24
4-19-2019 20:45;24
4-19-2019 21:00;20
4-19-2019 21:15;20
4-19-2019 21:30;4
4-19-2019 21:45;0
4-19-2019 22:00;0
4-19-2019 22:15;4
4-19-2019 22:30;0
4-19-2019 22:45;0
4-19-2019 23:00;0
4-19-2019 23:15;4
4-19-2019 23:30;0
4-19-2019 23:45;0
4-20-2019 0:00;0
4-20-2019 0:15;4
4-20-2019 0:30;0
4-20-2019 0:45;0
4-20-2019 1:00;0
4-20-2019 1:15;4
4-20-2019 1:30;0
4-20-2019 1:45;0
4-20-2019 2:00;4
4-20-2019 2:15;0
4-20-2019 2:30;4
4-20-2019 2:45;0
4-20-2019 3:00;0
4-20-2019 3:15;4
4-20-2019 3:30;0
4-20-2019 3:45;0
4-20-2019 4:00;4
4-20-2019 4:15;0
4-20-2019 4:30;0
4-20-2019 4:45;4
4-20-2019 5:00;0
4-20-2019 5:15;0
4-20-2019 5:30;4
4-20-2019 5:45;0
4-20-2019 6:00;28
4-20-2019 6:15;52
4-20-2019 6:30;56
4-20-2019 6:45;28
4-20-2019 7:00;20
4-20-2019 7:15;20
4-20-2019 7:30;24
4-20-2019 7:45;24
4-20-2019 8:00;20
4-20-2019 8:15;28
4-20-2019 8:30;28
4-20-2019 8:45;32
4-20-2019 9:00;28
4-20-2019 9:15;24
4-20-2019 9:30;24
4-20-2019 9:45;24
4-20-2019 10:00;24
4-20-2019 10:15;24
4-20-2019 10:30;20
4-20-2019 10:45;24
4-20-2019 11:00;24
4-20-2019 11:15;24
4-20-2019 11:30;24
4-20-2019 11:45;24
4-20-2019 12:00;24
4-20-2019 12:15;24
4-20-2019 12:30;24
4-20-2019 12:45;28
4-20-2019 13:00;28
4-20-2019 13:15;28
4-20-2019 13:30;28
4-20-2019 13:45;24
4-20-2019 14:00;32
4-20-2019 14:15;28
4-20-2019 14:30;28
4-20-2019 14:45;32
4-20-2019 15:00;32
4-20-2019 15:15;32
4-20-2019 15:30;28
4-20-2019 15:45;36
4-20-2019 16:00;36
4-20-2019 16:15;32
4-20-2019 16:30;32
4-20-2019 16:45;40
4-20-2019 17:00;28
4-20-2019 17:15;40
4-20-2019 17:30;28
4-20-2019 17:45;40
4-20-2019 18:00;28
4-20-2019 18:15;40
4-20-2019 18:30;28
4-20-2019 18:45;40
4-20-2019 19:00;24
4-20-2019 19:15;24
4-20-2019 19:30;32
4-20-2019 19:45;28
4-20-2019 20:00;28
4-20-2019 20:15;32
4-20-2019 20:30;24
4-20-2019 20:45;24
4-20-2019 21:00;24
4-20-2019 21:15;20
4-20-2019 21:30;4
4-20-2019 21:45;0
4-20-2019 22:00;0
4-20-2019 22:15;4
4-20-2019 22:30;0
4-20-2019 22:45;4
4-20-2019 23:00;0
4-20-2019 23:15;0
4-20-2019 23:30;4
4-20-2019 23:45;0
4-21-2019 0:00;4
4-21-2019 0:15;0
4-21-2019 0:30;0
4-21-2019 0:45;4
4-21-2019 1:00;0
4-21-2019 1:15;0
4-21-2019 1:30;4
4-21-2019 1:45;0
4-21-2019 2:00;0
4-21-2019 2:15;4
4-21-2019 2:30;0
4-21-2019 2:45;0
4-21-2019 3:00;4
4-21-2019 3:15;0
4-21-2019 3:30;0
4-21-2019 3:45;4
4-21-2019 4:00;0
4-21-2019 4:15;4
4-21-2019 4:30;0
4-21-2019 4:45;0
4-21-2019 5:00;0
4-21-2019 5:15;4
4-21-2019 5:30;0
4-21-2019 5:45;0
4-21-2019 6:00;32
4-21-2019 6:15;48
4-21-2019 6:30;36
4-21-2019 6:45;20
4-21-2019 7:00;24
4-21-2019 7:15;20
4-21-2019 7:30;20
4-21-2019 7:45;24
4-21-2019 8:00;20
4-21-2019 8:15;20
4-21-2019 8:30;24
4-21-2019 8:45;20
4-21-2019 9:00;24
4-21-2019 9:15;24
4-21-2019 9:30;24
4-21-2019 9:45;24
4-21-2019 10:00;24
4-21-2019 10:15;20
4-21-2019 10:30;24
4-21-2019 10:45;24
4-21-2019 11:00;24
4-21-2019 11:15;24
4-21-2019 11:30;20
4-21-2019 11:45;24
4-21-2019 12:00;28
4-21-2019 12:15;24
4-21-2019 12:30;32
4-21-2019 12:45;24
4-21-2019 13:00;28
4-21-2019 13:15;32
4-21-2019 13:30;28
4-21-2019 13:45;32
4-21-2019 14:00;28
4-21-2019 14:15;32
4-21-2019 14:30;28
4-21-2019 14:45;36
4-21-2019 15:00;32
4-21-2019 15:15;40
4-21-2019 15:30;40
4-21-2019 15:45;40
4-21-2019 16:00;32
4-21-2019 16:15;36
4-21-2019 16:30;40
4-21-2019 16:45;32
4-21-2019 17:00;28
4-21-2019 17:15;32
4-21-2019 17:30;28
4-21-2019 17:45;36
4-21-2019 18:00;24
4-21-2019 18:15;24
4-21-2019 18:30;24
4-21-2019 18:45;28
4-21-2019 19:00;24
4-21-2019 19:15;24
4-21-2019 19:30;24
4-21-2019 19:45;28
4-21-2019 20:00;24
4-21-2019 20:15;24
4-21-2019 20:30;24
4-21-2019 20:45;24
4-21-2019 21:00;24
4-21-2019 21:15;20
4-21-2019 21:30;4
4-21-2019 21:45;4
4-21-2019 22:00;0
4-21-2019 22:15;0
4-21-2019 22:30;4
4-21-2019 22:45;0
4-21-2019 23:00;0
4-21-2019 23:15;4
4-21-2019 23:30;0
4-21-2019 23:45;0
4-22-2019 0:00;4
4-22-2019 0:15;0
4-22-2019 0:30;0
4-22-2019 0:45;4
4-22-2019 1:00;0
4-22-2019 1:15;0
4-22-2019 1:30;4
4-22-2019 1:45;0
4-22-2019 2:00;4
4-22-2019 2:15;0
4-22-2019 2:30;0
4-22-2019 2:45;4
4-22-2019 3:00;0
4-22-2019 3:15;0
4-22-2019 3:30;4
4-22-2019 3:45;0
4-22-2019 4:00;0
4-22-2019 4:15;4
4-22-2019 4:30;0
4-22-2019 4:45;0
4-22-2019 5:00;0
4-22-2019 5:15;4
4-22-2019 5:30;0
4-22-2019 5:45;0
4-22-2019 6:00;32
4-22-2019 6:15;48
4-22-2019 6:30;24
4-22-2019 6:45;20
4-22-2019 7:00;20
4-22-2019 7:15;24
4-22-2019 7:30;20
4-22-2019 7:45;20
4-22-2019 8:00;24
4-22-2019 8:15;20
4-22-2019 8:30;24
4-22-2019 8:45;20
4-22-2019 9:00;24
4-22-2019 9:15;24
4-22-2019 9:30;24
4-22-2019 9:45;24
4-22-2019 10:00;24
4-22-2019 10:15;24
4-22-2019 10:30;20
4-22-2019 10:45;24
4-22-2019 11:00;24
4-22-2019 11:15;24
4-22-2019 11:30;24
4-22-2019 11:45;24
4-22-2019 12:00;24
4-22-2019 12:15;20
4-22-2019 12:30;24
4-22-2019 12:45;24
4-22-2019 13:00;24
4-22-2019 13:15;28
4-22-2019 13:30;24
4-22-2019 13:45;24
4-22-2019 14:00;24
4-22-2019 14:15;28
4-22-2019 14:30;24
4-22-2019 14:45;24
4-22-2019 15:00;24
4-22-2019 15:15;24
4-22-2019 15:30;24
4-22-2019 15:45;24
4-22-2019 16:00;24
4-22-2019 16:15;24
4-22-2019 16:30;24
4-22-2019 16:45;24
4-22-2019 17:00;24
4-22-2019 17:15;24
4-22-2019 17:30;24
4-22-2019 17:45;24
4-22-2019 18:00;24
4-22-2019 18:15;24
4-22-2019 18:30;24
4-22-2019 18:45;24
4-22-2019 19:00;24
4-22-2019 19:15;24
4-22-2019 19:30;24
4-22-2019 19:45;24
4-22-2019 20:00;24
4-22-2019 20:15;24
4-22-2019 20:30;24
4-22-2019 20:45;24
4-22-2019 21:00;20
4-22-2019 21:15;20
4-22-2019 21:30;12
4-22-2019 21:45;12
4-22-2019 22:00;4
4-22-2019 22:15;0
4-22-2019 22:30;0
4-22-2019 22:45;4
4-22-2019 23:00;0
4-22-2019 23:15;0
4-22-2019 23:30;4
4-22-2019 23:45;0
4-23-2019 0:00;0
4-23-2019 0:15;4
4-23-2019 0:30;0
4-23-2019 0:45;4
4-23-2019 1:00;0
4-23-2019 1:15;0
4-23-2019 1:30;4
4-23-2019 1:45;0
4-23-2019 2:00;0
4-23-2019 2:15;4
4-23-2019 2:30;0
4-23-2019 2:45;0
4-23-2019 3:00;4
4-23-2019 3:15;0
4-23-2019 3:30;0
4-23-2019 3:45;4
4-23-2019 4:00;0
4-23-2019 4:15;0
4-23-2019 4:30;0
4-23-2019 4:45;4
4-23-2019 5:00;0
4-23-2019 5:15;0
4-23-2019 5:30;0
4-23-2019 5:45;4
4-23-2019 6:00;28
4-23-2019 6:15;48
4-23-2019 6:30;52
4-23-2019 6:45;36
4-23-2019 7:00;20
4-23-2019 7:15;28
4-23-2019 7:30;48
4-23-2019 7:45;32
4-23-2019 8:00;20
4-23-2019 8:15;44
4-23-2019 8:30;40
4-23-2019 8:45;20
4-23-2019 9:00;32
4-23-2019 9:15;44
4-23-2019 9:30;32
4-23-2019 9:45;24
4-23-2019 10:00;24
4-23-2019 10:15;28
4-23-2019 10:30;40
4-23-2019 10:45;32
4-23-2019 11:00;24
4-23-2019 11:15;24
4-23-2019 11:30;20
4-23-2019 11:45;24
4-23-2019 12:00;24
4-23-2019 12:15;24
4-23-2019 12:30;24
4-23-2019 12:45;24
4-23-2019 13:00;24
4-23-2019 13:15;24
4-23-2019 13:30;24
4-23-2019 13:45;24
4-23-2019 14:00;24
4-23-2019 14:15;20
4-23-2019 14:30;24
4-23-2019 14:45;24
4-23-2019 15:00;24
4-23-2019 15:15;24
4-23-2019 15:30;20
4-23-2019 15:45;24
4-23-2019 16:00;24
4-23-2019 16:15;24
4-23-2019 16:30;20
4-23-2019 16:45;24
4-23-2019 17:00;24
4-23-2019 17:15;24
4-23-2019 17:30;20
4-23-2019 17:45;24
4-23-2019 18:00;24
4-23-2019 18:15;24
4-23-2019 18:30;24
4-23-2019 18:45;20
4-23-2019 19:00;24
4-23-2019 19:15;24
4-23-2019 19:30;24
4-23-2019 19:45;24
4-23-2019 20:00;20
4-23-2019 20:15;24
4-23-2019 20:30;24
4-23-2019 20:45;24
4-23-2019 21:00;20
4-23-2019 21:15;20
4-23-2019 21:30;4
4-23-2019 21:45;0
4-23-2019 22:00;0
4-23-2019 22:15;4
4-23-2019 22:30;0
4-23-2019 22:45;0
4-23-2019 23:00;4
4-23-2019 23:15;0
4-23-2019 23:30;4
4-23-2019 23:45;0
4-24-2019 0:00;0
4-24-2019 0:15;4
4-24-2019 0:30;0
4-24-2019 0:45;0
4-24-2019 1:00;4
4-24-2019 1:15;0
4-24-2019 1:30;0
4-24-2019 1:45;4
4-24-2019 2:00;0
4-24-2019 2:15;0
4-24-2019 2:30;4
4-24-2019 2:45;0
4-24-2019 3:00;0
4-24-2019 3:15;4
4-24-2019 3:30;0
4-24-2019 3:45;0
4-24-2019 4:00;4
4-24-2019 4:15;0
4-24-2019 4:30;0
4-24-2019 4:45;4
4-24-2019 5:00;0
4-24-2019 5:15;0
4-24-2019 5:30;4
4-24-2019 5:45;0
4-24-2019 6:00;28
4-24-2019 6:15;52
4-24-2019 6:30;56
4-24-2019 6:45;52
4-24-2019 7:00;44
4-24-2019 7:15;24
4-24-2019 7:30;28
4-24-2019 7:45;40
4-24-2019 8:00;44
4-24-2019 8:15;28
4-24-2019 8:30;24
4-24-2019 8:45;40
4-24-2019 9:00;48
4-24-2019 9:15;24
4-24-2019 9:30;24
4-24-2019 9:45;24
4-24-2019 10:00;24
4-24-2019 10:15;24
4-24-2019 10:30;24
4-24-2019 10:45;24
4-24-2019 11:00;24
4-24-2019 11:15;24
4-24-2019 11:30;24
4-24-2019 11:45;24
4-24-2019 12:00;24
4-24-2019 12:15;24
4-24-2019 12:30;24
4-24-2019 12:45;24
4-24-2019 13:00;24
4-24-2019 13:15;24
4-24-2019 13:30;24
4-24-2019 13:45;24
4-24-2019 14:00;24
4-24-2019 14:15;24
4-24-2019 14:30;20
4-24-2019 14:45;24
4-24-2019 15:00;24
4-24-2019 15:15;24
4-24-2019 15:30;24
4-24-2019 15:45;20
4-24-2019 16:00;24
4-24-2019 16:15;24
4-24-2019 16:30;24
4-24-2019 16:45;24
4-24-2019 17:00;24
4-24-2019 17:15;20
4-24-2019 17:30;24
4-24-2019 17:45;24
4-24-2019 18:00;24
4-24-2019 18:15;24
4-24-2019 18:30;24
4-24-2019 18:45;24
4-24-2019 19:00;20
4-24-2019 19:15;36
4-24-2019 19:30;44
4-24-2019 19:45;24
4-24-2019 20:00;20
4-24-2019 20:15;24
4-24-2019 20:30;24
4-24-2019 20:45;24
4-24-2019 21:00;24
4-24-2019 21:15;20
4-24-2019 21:30;4
4-24-2019 21:45;0
4-24-2019 22:00;0
4-24-2019 22:15;0
4-24-2019 22:30;4
4-24-2019 22:45;0
4-24-2019 23:00;0
4-24-2019 23:15;4
4-24-2019 23:30;0
4-24-2019 23:45;0
4-25-2019 0:00;0
4-25-2019 0:15;0
4-25-2019 0:30;4
4-25-2019 0:45;0
4-25-2019 1:00;0
4-25-2019 1:15;0
4-25-2019 1:30;4
4-25-2019 1:45;0
4-25-2019 2:00;0
4-25-2019 2:15;0
4-25-2019 2:30;4
4-25-2019 2:45;0
4-25-2019 3:00;0
4-25-2019 3:15;0
4-25-2019 3:30;0
4-25-2019 3:45;4
4-25-2019 4:00;0
4-25-2019 4:15;0
4-25-2019 4:30;0
4-25-2019 4:45;4
4-25-2019 5:00;0
4-25-2019 5:15;0
4-25-2019 5:30;0
4-25-2019 5:45;4
4-25-2019 6:00;32
4-25-2019 6:15;52
4-25-2019 6:30;52
4-25-2019 6:45;52
4-25-2019 7:00;52
4-25-2019 7:15;40
4-25-2019 7:30;24
4-25-2019 7:45;32
4-25-2019 8:00;48
4-25-2019 8:15;40
4-25-2019 8:30;24
4-25-2019 8:45;24
4-25-2019 9:00;20
4-25-2019 9:15;24
4-25-2019 9:30;24
4-25-2019 9:45;32
4-25-2019 10:00;48
4-25-2019 10:15;24
4-25-2019 10:30;24
4-25-2019 10:45;24
4-25-2019 11:00;24
4-25-2019 11:15;20
4-25-2019 11:30;24
4-25-2019 11:45;28
4-25-2019 12:00;48
4-25-2019 12:15;28
4-25-2019 12:30;20
4-25-2019 12:45;24
4-25-2019 13:00;24
4-25-2019 13:15;24
4-25-2019 13:30;24
4-25-2019 13:45;24
4-25-2019 14:00;24
4-25-2019 14:15;24
4-25-2019 14:30;24
4-25-2019 14:45;24
4-25-2019 15:00;20
4-25-2019 15:15;24
4-25-2019 15:30;24
4-25-2019 15:45;24
4-25-2019 16:00;24
4-25-2019 16:15;24
4-25-2019 16:30;20
4-25-2019 16:45;24
4-25-2019 17:00;24
4-25-2019 17:15;24
4-25-2019 17:30;24
4-25-2019 17:45;24
4-25-2019 18:00;24
4-25-2019 18:15;24
4-25-2019 18:30;24
4-25-2019 18:45;24
4-25-2019 19:00;24
4-25-2019 19:15;24
4-25-2019 19:30;24
4-25-2019 19:45;20
4-25-2019 20:00;24
4-25-2019 20:15;24
4-25-2019 20:30;24
4-25-2019 20:45;24
4-25-2019 21:00;20
4-25-2019 21:15;24
4-25-2019 21:30;0
4-25-2019 21:45;4
4-25-2019 22:00;0
4-25-2019 22:15;0
4-25-2019 22:30;4
4-25-2019 22:45;0
4-25-2019 23:00;0
4-25-2019 23:15;4
4-25-2019 23:30;0
4-25-2019 23:45;4
4-26-2019 0:00;0
4-26-2019 0:15;0
4-26-2019 0:30;4
4-26-2019 0:45;0
4-26-2019 1:00;0
4-26-2019 1:15;4
4-26-2019 1:30;0
4-26-2019 1:45;0
4-26-2019 2:00;4
4-26-2019 2:15;0
4-26-2019 2:30;0
4-26-2019 2:45;4
4-26-2019 3:00;0
4-26-2019 3:15;0
4-26-2019 3:30;4
4-26-2019 3:45;0
4-26-2019 4:00;0
4-26-2019 4:15;4
4-26-2019 4:30;0
4-26-2019 4:45;0
4-26-2019 5:00;4
4-26-2019 5:15;0
4-26-2019 5:30;0
4-26-2019 5:45;4
4-26-2019 6:00;28
4-26-2019 6:15;56
4-26-2019 6:30;52
4-26-2019 6:45;52
4-26-2019 7:00;0
4-26-2019 7:15;16
4-26-2019 7:30;40
4-26-2019 7:45;56
4-26-2019 8:00;56
4-26-2019 8:15;40
4-26-2019 8:30;32
4-26-2019 8:45;56
4-26-2019 9:00;32
4-26-2019 9:15;28
4-26-2019 9:30;24
4-26-2019 9:45;24
4-26-2019 10:00;24
4-26-2019 10:15;24
4-26-2019 10:30;24
4-26-2019 10:45;24
4-26-2019 11:00;24
4-26-2019 11:15;24
4-26-2019 11:30;20
4-26-2019 11:45;24
4-26-2019 12:00;24
4-26-2019 12:15;24
4-26-2019 12:30;24
4-26-2019 12:45;20
4-26-2019 13:00;24
4-26-2019 13:15;24
4-26-2019 13:30;24
4-26-2019 13:45;24
4-26-2019 14:00;24
4-26-2019 14:15;24
4-26-2019 14:30;24
4-26-2019 14:45;24
4-26-2019 15:00;24
4-26-2019 15:15;20
4-26-2019 15:30;24
4-26-2019 15:45;24
4-26-2019 16:00;24
4-26-2019 16:15;24
4-26-2019 16:30;20
4-26-2019 16:45;24
4-26-2019 17:00;24
4-26-2019 17:15;24
4-26-2019 17:30;24
4-26-2019 17:45;24
4-26-2019 18:00;24
4-26-2019 18:15;24
4-26-2019 18:30;20
4-26-2019 18:45;24
4-26-2019 19:00;24
4-26-2019 19:15;24
4-26-2019 19:30;24
4-26-2019 19:45;24
4-26-2019 20:00;24
4-26-2019 20:15;24
4-26-2019 20:30;24
4-26-2019 20:45;24
4-26-2019 21:00;20
4-26-2019 21:15;20
4-26-2019 21:30;4
4-26-2019 21:45;0
4-26-2019 22:00;4
4-26-2019 22:15;0
4-26-2019 22:30;0
4-26-2019 22:45;4
4-26-2019 23:00;0
4-26-2019 23:15;0
4-26-2019 23:30;4
4-26-2019 23:45;0
4-27-2019 0:00;4
4-27-2019 0:15;0
4-27-2019 0:30;0
4-27-2019 0:45;4
4-27-2019 1:00;0
4-27-2019 1:15;0
4-27-2019 1:30;4
4-27-2019 1:45;0
4-27-2019 2:00;0
4-27-2019 2:15;4
4-27-2019 2:30;0
4-27-2019 2:45;0
4-27-2019 3:00;4
4-27-2019 3:15;0
4-27-2019 3:30;0
4-27-2019 3:45;4
4-27-2019 4:00;0
4-27-2019 4:15;0
4-27-2019 4:30;4
4-27-2019 4:45;0
4-27-2019 5:00;0
4-27-2019 5:15;4
4-27-2019 5:30;0
4-27-2019 5:45;0
4-27-2019 6:00;32
4-27-2019 6:15;56
4-27-2019 6:30;52
4-27-2019 6:45;52
4-27-2019 7:00;52
4-27-2019 7:15;28
4-27-2019 7:30;20
4-27-2019 7:45;36
4-27-2019 8:00;40
4-27-2019 8:15;40
4-27-2019 8:30;32
4-27-2019 8:45;20
4-27-2019 9:00;24
4-27-2019 9:15;24
4-27-2019 9:30;24
4-27-2019 9:45;24
4-27-2019 10:00;28
4-27-2019 10:15;24
4-27-2019 10:30;24
4-27-2019 10:45;24
4-27-2019 11:00;20
4-27-2019 11:15;24
4-27-2019 11:30;24
4-27-2019 11:45;24
4-27-2019 12:00;24
4-27-2019 12:15;24
4-27-2019 12:30;24
4-27-2019 12:45;24
4-27-2019 13:00;24
4-27-2019 13:15;28
4-27-2019 13:30;24
4-27-2019 13:45;32
4-27-2019 14:00;28
4-27-2019 14:15;28
4-27-2019 14:30;28
4-27-2019 14:45;32
4-27-2019 15:00;32
4-27-2019 15:15;28
4-27-2019 15:30;32
4-27-2019 15:45;32
4-27-2019 16:00;32
4-27-2019 16:15;32
4-27-2019 16:30;32
4-27-2019 16:45;40
4-27-2019 17:00;28
4-27-2019 17:15;40
4-27-2019 17:30;28
4-27-2019 17:45;40
4-27-2019 18:00;24
4-27-2019 18:15;24
4-27-2019 18:30;24
4-27-2019 18:45;24
4-27-2019 19:00;24
4-27-2019 19:15;24
4-27-2019 19:30;28
4-27-2019 19:45;24
4-27-2019 20:00;24
4-27-2019 20:15;24
4-27-2019 20:30;24
4-27-2019 20:45;24
4-27-2019 21:00;20
4-27-2019 21:15;24
4-27-2019 21:30;0
4-27-2019 21:45;4
4-27-2019 22:00;0
4-27-2019 22:15;0
4-27-2019 22:30;0
4-27-2019 22:45;4
4-27-2019 23:00;0
4-27-2019 23:15;0
4-27-2019 23:30;0
4-27-2019 23:45;4
4-28-2019 0:00;0
4-28-2019 0:15;0
4-28-2019 0:30;4
4-28-2019 0:45;0
4-28-2019 1:00;0
4-28-2019 1:15;4
4-28-2019 1:30;0
4-28-2019 1:45;4
4-28-2019 2:00;0
4-28-2019 2:15;0
4-28-2019 2:30;4
4-28-2019 2:45;0
4-28-2019 3:00;0
4-28-2019 3:15;4
4-28-2019 3:30;0
4-28-2019 3:45;4
4-28-2019 4:00;0
4-28-2019 4:15;0
4-28-2019 4:30;4
4-28-2019 4:45;0
4-28-2019 5:00;0
4-28-2019 5:15;4
4-28-2019 5:30;0
4-28-2019 5:45;0
4-28-2019 6:00;32
4-28-2019 6:15;52
4-28-2019 6:30;44
4-28-2019 6:45;20
4-28-2019 7:00;20
4-28-2019 7:15;24
4-28-2019 7:30;20
4-28-2019 7:45;24
4-28-2019 8:00;20
4-28-2019 8:15;20
4-28-2019 8:30;24
4-28-2019 8:45;20
4-28-2019 9:00;24
4-28-2019 9:15;24
4-28-2019 9:30;24
4-28-2019 9:45;24
4-28-2019 10:00;24
4-28-2019 10:15;24
4-28-2019 10:30;24
4-28-2019 10:45;24
4-28-2019 11:00;24
4-28-2019 11:15;24
4-28-2019 11:30;24
4-28-2019 11:45;28
4-28-2019 12:00;28
4-28-2019 12:15;32
4-28-2019 12:30;32
4-28-2019 12:45;28
4-28-2019 13:00;32
4-28-2019 13:15;36
4-28-2019 13:30;36
4-28-2019 13:45;32
4-28-2019 14:00;36
4-28-2019 14:15;32
4-28-2019 14:30;36
4-28-2019 14:45;36
4-28-2019 15:00;32
4-28-2019 15:15;36
4-28-2019 15:30;40
4-28-2019 15:45;44
4-28-2019 16:00;44
4-28-2019 16:15;44
4-28-2019 16:30;32
4-28-2019 16:45;48
4-28-2019 17:00;52
4-28-2019 17:15;52
4-28-2019 17:30;32
4-28-2019 17:45;44
4-28-2019 18:00;52
4-28-2019 18:15;48
4-28-2019 18:30;48
4-28-2019 18:45;28
4-28-2019 19:00;40
4-28-2019 19:15;36
4-28-2019 19:30;32
4-28-2019 19:45;40
4-28-2019 20:00;44
4-28-2019 20:15;40
4-28-2019 20:30;40
4-28-2019 20:45;28
4-28-2019 21:00;24
4-28-2019 21:15;12
4-28-2019 21:30;0
4-28-2019 21:45;4
4-28-2019 22:00;0
4-28-2019 22:15;4
4-28-2019 22:30;0
4-28-2019 22:45;4
4-28-2019 23:00;0
4-28-2019 23:15;0
4-28-2019 23:30;4
4-28-2019 23:45;0
4-29-2019 0:00;4
4-29-2019 0:15;0
4-29-2019 0:30;0
4-29-2019 0:45;4
4-29-2019 1:00;0
4-29-2019 1:15;0
4-29-2019 1:30;4
4-29-2019 1:45;0
4-29-2019 2:00;4
4-29-2019 2:15;0
4-29-2019 2:30;0
4-29-2019 2:45;4
4-29-2019 3:00;0
4-29-2019 3:15;0
4-29-2019 3:30;4
4-29-2019 3:45;0
4-29-2019 4:00;0
4-29-2019 4:15;4
4-29-2019 4:30;0
4-29-2019 4:45;0
4-29-2019 5:00;4
4-29-2019 5:15;0
4-29-2019 5:30;0
4-29-2019 5:45;4
4-29-2019 6:00;32
4-29-2019 6:15;32
4-29-2019 6:30;20
4-29-2019 6:45;20
4-29-2019 7:00;24
4-29-2019 7:15;20
4-29-2019 7:30;24
4-29-2019 7:45;20
4-29-2019 8:00;20
4-29-2019 8:15;24
4-29-2019 8:30;20
4-29-2019 8:45;24
4-29-2019 9:00;24
4-29-2019 9:15;24
4-29-2019 9:30;24
4-29-2019 9:45;24
4-29-2019 10:00;24
4-29-2019 10:15;24
4-29-2019 10:30;24
4-29-2019 10:45;24
4-29-2019 11:00;24
4-29-2019 11:15;28
4-29-2019 11:30;28
4-29-2019 11:45;28
4-29-2019 12:00;28
4-29-2019 12:15;32
4-29-2019 12:30;32
4-29-2019 12:45;32
4-29-2019 13:00;36
4-29-2019 13:15;28
4-29-2019 13:30;40
4-29-2019 13:45;32
4-29-2019 14:00;40
4-29-2019 14:15;32
4-29-2019 14:30;36
4-29-2019 14:45;32
4-29-2019 15:00;36
4-29-2019 15:15;32
4-29-2019 15:30;36
4-29-2019 15:45;36
4-29-2019 16:00;32
4-29-2019 16:15;44
4-29-2019 16:30;40
4-29-2019 16:45;32
4-29-2019 17:00;44
4-29-2019 17:15;36
4-29-2019 17:30;32
4-29-2019 17:45;40
4-29-2019 18:00;40
4-29-2019 18:15;44
4-29-2019 18:30;40
4-29-2019 18:45;36
4-29-2019 19:00;24
4-29-2019 19:15;24
4-29-2019 19:30;24
4-29-2019 19:45;28
4-29-2019 20:00;28
4-29-2019 20:15;24
4-29-2019 20:30;28
4-29-2019 20:45;24
4-29-2019 21:00;20
4-29-2019 21:15;24
4-29-2019 21:30;12
4-29-2019 21:45;12
4-29-2019 22:00;0
4-29-2019 22:15;0
4-29-2019 22:30;4
4-29-2019 22:45;0
4-29-2019 23:00;4
4-29-2019 23:15;0
4-29-2019 23:30;0
4-29-2019 23:45;4
4-30-2019 0:00;0
4-30-2019 0:15;0
4-30-2019 0:30;4
4-30-2019 0:45;0
4-30-2019 1:00;4
4-30-2019 1:15;0
4-30-2019 1:30;0
4-30-2019 1:45;4
4-30-2019 2:00;0
4-30-2019 2:15;0
4-30-2019 2:30;4
4-30-2019 2:45;0
4-30-2019 3:00;0
4-30-2019 3:15;4
4-30-2019 3:30;0
4-30-2019 3:45;0
4-30-2019 4:00;4
4-30-2019 4:15;0
4-30-2019 4:30;4
4-30-2019 4:45;0
4-30-2019 5:00;0
4-30-2019 5:15;0
4-30-2019 5:30;4
4-30-2019 5:45;0
4-30-2019 6:00;32
4-30-2019 6:15;48
4-30-2019 6:30;36
4-30-2019 6:45;20
4-30-2019 7:00;24
4-30-2019 7:15;20
4-30-2019 7:30;24
4-30-2019 7:45;20
4-30-2019 8:00;20
4-30-2019 8:15;24
4-30-2019 8:30;20
4-30-2019 8:45;24
4-30-2019 9:00;24
4-30-2019 9:15;24
4-30-2019 9:30;24
4-30-2019 9:45;24
4-30-2019 10:00;24
4-30-2019 10:15;24
4-30-2019 10:30;20
4-30-2019 10:45;24
4-30-2019 11:00;24
4-30-2019 11:15;24
4-30-2019 11:30;24
4-30-2019 11:45;24
4-30-2019 12:00;24
4-30-2019 12:15;24
4-30-2019 12:30;24
4-30-2019 12:45;24
4-30-2019 13:00;24
4-30-2019 13:15;24
4-30-2019 13:30;24
4-30-2019 13:45;24
4-30-2019 14:00;28
4-30-2019 14:15;28
4-30-2019 14:30;32
4-30-2019 14:45;28
4-30-2019 15:00;28
4-30-2019 15:15;28
4-30-2019 15:30;32
4-30-2019 15:45;28
4-30-2019 16:00;36
4-30-2019 16:15;24
4-30-2019 16:30;32
4-30-2019 16:45;32
4-30-2019 17:00;24
4-30-2019 17:15;24
4-30-2019 17:30;24
4-30-2019 17:45;24
4-30-2019 18:00;24
4-30-2019 18:15;24
4-30-2019 18:30;24
4-30-2019 18:45;24
4-30-2019 19:00;28
4-30-2019 19:15;24
4-30-2019 19:30;24
4-30-2019 19:45;24
4-30-2019 20:00;24
4-30-2019 20:15;24
4-30-2019 20:30;24
4-30-2019 20:45;24
4-30-2019 21:00;20
4-30-2019 21:15;24
4-30-2019 21:30;4
4-30-2019 21:45;0
4-30-2019 22:00;0
4-30-2019 22:15;0
4-30-2019 22:30;4
4-30-2019 22:45;0
4-30-2019 23:00;0
4-30-2019 23:15;4
4-30-2019 23:30;0
4-30-2019 23:45;4
5-1-2019 0:00;0
5-1-2019 0:15;0
5-1-2019 0:30;4
5-1-2019 0:45;0
5-1-2019 1:00;0
5-1-2019 1:15;4
5-1-2019 1:30;0
5-1-2019 1:45;4
5-1-2019 2:00;0
5-1-2019 2:15;0
5-1-2019 2:30;4
5-1-2019 2:45;0
5-1-2019 3:00;0
5-1-2019 3:15;4
5-1-2019 3:30;0
5-1-2019 3:45;0
5-1-2019 4:00;4
5-1-2019 4:15;0
5-1-2019 4:30;0
5-1-2019 4:45;4
5-1-2019 5:00;0
5-1-2019 5:15;0
5-1-2019 5:30;4
5-1-2019 5:45;0
5-1-2019 6:00;32
5-1-2019 6:15;48
5-1-2019 6:30;32
5-1-2019 6:45;24
5-1-2019 7:00;20
5-1-2019 7:15;24
5-1-2019 7:30;20
5-1-2019 7:45;24
5-1-2019 8:00;28
5-1-2019 8:15;28
5-1-2019 8:30;32
5-1-2019 8:45;20
5-1-2019 9:00;24
5-1-2019 9:15;24
5-1-2019 9:30;24
5-1-2019 9:45;24
5-1-2019 10:00;24
5-1-2019 10:15;24
5-1-2019 10:30;20
5-1-2019 10:45;24
5-1-2019 11:00;24
5-1-2019 11:15;24
5-1-2019 11:30;24
5-1-2019 11:45;24
5-1-2019 12:00;24
5-1-2019 12:15;24
5-1-2019 12:30;24
5-1-2019 12:45;24
5-1-2019 13:00;24
5-1-2019 13:15;24
5-1-2019 13:30;28
5-1-2019 13:45;40
5-1-2019 14:00;28
5-1-2019 14:15;28
5-1-2019 14:30;32
5-1-2019 14:45;28
5-1-2019 15:00;40
5-1-2019 15:15;28
5-1-2019 15:30;32
5-1-2019 15:45;32
5-1-2019 16:00;28
5-1-2019 16:15;40
5-1-2019 16:30;28
5-1-2019 16:45;24
5-1-2019 17:00;28
5-1-2019 17:15;28
5-1-2019 17:30;28
5-1-2019 17:45;28
5-1-2019 18:00;24
5-1-2019 18:15;24
5-1-2019 18:30;24
5-1-2019 18:45;24
5-1-2019 19:00;24
5-1-2019 19:15;24
5-1-2019 19:30;24
5-1-2019 19:45;28
5-1-2019 20:00;24
5-1-2019 20:15;24
5-1-2019 20:30;24
5-1-2019 20:45;24
5-1-2019 21:00;20
5-1-2019 21:15;24
5-1-2019 21:30;0
5-1-2019 21:45;0
5-1-2019 22:00;4
5-1-2019 22:15;0
5-1-2019 22:30;0
5-1-2019 22:45;4
5-1-2019 23:00;0
5-1-2019 23:15;0
5-1-2019 23:30;4
5-1-2019 23:45;0
5-2-2019 0:00;4
5-2-2019 0:15;0
5-2-2019 0:30;0
5-2-2019 0:45;4
5-2-2019 1:00;0
5-2-2019 1:15;4
5-2-2019 1:30;0
5-2-2019 1:45;0
5-2-2019 2:00;4
5-2-2019 2:15;0
5-2-2019 2:30;0
5-2-2019 2:45;4
5-2-2019 3:00;0
5-2-2019 3:15;0
5-2-2019 3:30;4
5-2-2019 3:45;0
5-2-2019 4:00;4
5-2-2019 4:15;0
5-2-2019 4:30;0
5-2-2019 4:45;4
5-2-2019 5:00;0
5-2-2019 5:15;0
5-2-2019 5:30;4
5-2-2019 5:45;0
5-2-2019 6:00;32
5-2-2019 6:15;52
5-2-2019 6:30;28
5-2-2019 6:45;20
5-2-2019 7:00;20
5-2-2019 7:15;24
5-2-2019 7:30;20
5-2-2019 7:45;24
5-2-2019 8:00;20
5-2-2019 8:15;24
5-2-2019 8:30;20
5-2-2019 8:45;24
5-2-2019 9:00;24
5-2-2019 9:15;24
5-2-2019 9:30;24
5-2-2019 9:45;24
5-2-2019 10:00;24
5-2-2019 10:15;24
5-2-2019 10:30;24
5-2-2019 10:45;24
5-2-2019 11:00;24
5-2-2019 11:15;24
5-2-2019 11:30;28
5-2-2019 11:45;32
5-2-2019 12:00;28
5-2-2019 12:15;32
5-2-2019 12:30;28
5-2-2019 12:45;32
5-2-2019 13:00;36
5-2-2019 13:15;32
5-2-2019 13:30;36
5-2-2019 13:45;32
5-2-2019 14:00;40
5-2-2019 14:15;32
5-2-2019 14:30;52
5-2-2019 14:45;32
5-2-2019 15:00;40
5-2-2019 15:15;44
5-2-2019 15:30;44
5-2-2019 15:45;32
5-2-2019 16:00;48
5-2-2019 16:15;52
5-2-2019 16:30;24
5-2-2019 16:45;48
5-2-2019 17:00;52
5-2-2019 17:15;40
5-2-2019 17:30;28
5-2-2019 17:45;44
5-2-2019 18:00;44
5-2-2019 18:15;40
5-2-2019 18:30;36
5-2-2019 18:45;28
5-2-2019 19:00;44
5-2-2019 19:15;32
5-2-2019 19:30;32
5-2-2019 19:45;44
5-2-2019 20:00;40
5-2-2019 20:15;40
5-2-2019 20:30;44
5-2-2019 20:45;36
5-2-2019 21:00;24
5-2-2019 21:15;20
5-2-2019 21:30;4
5-2-2019 21:45;4
5-2-2019 22:00;0
5-2-2019 22:15;0
5-2-2019 22:30;4
5-2-2019 22:45;0
5-2-2019 23:00;4
5-2-2019 23:15;0
5-2-2019 23:30;4
5-2-2019 23:45;0
5-3-2019 0:00;4
5-3-2019 0:15;0
5-3-2019 0:30;0
5-3-2019 0:45;4
5-3-2019 1:00;0
5-3-2019 1:15;4
5-3-2019 1:30;0
5-3-2019 1:45;0
5-3-2019 2:00;4
5-3-2019 2:15;0
5-3-2019 2:30;0
5-3-2019 2:45;4
5-3-2019 3:00;0
5-3-2019 3:15;4
5-3-2019 3:30;0
5-3-2019 3:45;0
5-3-2019 4:00;4
5-3-2019 4:15;0
5-3-2019 4:30;0
5-3-2019 4:45;4
5-3-2019 5:00;0
5-3-2019 5:15;4
5-3-2019 5:30;0
5-3-2019 5:45;0
5-3-2019 6:00;32
5-3-2019 6:15;24
5-3-2019 6:30;24
5-3-2019 6:45;20
5-3-2019 7:00;24
5-3-2019 7:15;20
5-3-2019 7:30;20
5-3-2019 7:45;24
5-3-2019 8:00;20
5-3-2019 8:15;24
5-3-2019 8:30;20
5-3-2019 8:45;24
5-3-2019 9:00;24
5-3-2019 9:15;24
5-3-2019 9:30;24
5-3-2019 9:45;24
5-3-2019 10:00;24
5-3-2019 10:15;24
5-3-2019 10:30;28
5-3-2019 10:45;32
5-3-2019 11:00;28
5-3-2019 11:15;32
5-3-2019 11:30;32
5-3-2019 11:45;32
5-3-2019 12:00;36
5-3-2019 12:15;32
5-3-2019 12:30;36
5-3-2019 12:45;28
5-3-2019 13:00;36
5-3-2019 13:15;36
5-3-2019 13:30;36
5-3-2019 13:45;40
5-3-2019 14:00;36
5-3-2019 14:15;44
5-3-2019 14:30;44
5-3-2019 14:45;44
5-3-2019 15:00;40
5-3-2019 15:15;44
5-3-2019 15:30;44
5-3-2019 15:45;40
5-3-2019 16:00;44
5-3-2019 16:15;44
5-3-2019 16:30;44
5-3-2019 16:45;44
5-3-2019 17:00;40
5-3-2019 17:15;44
5-3-2019 17:30;40
5-3-2019 17:45;44
5-3-2019 18:00;40
5-3-2019 18:15;44
5-3-2019 18:30;28
5-3-2019 18:45;40
5-3-2019 19:00;44
5-3-2019 19:15;40
5-3-2019 19:30;40
5-3-2019 19:45;40
5-3-2019 20:00;40
5-3-2019 20:15;40
5-3-2019 20:30;24
5-3-2019 20:45;24
5-3-2019 21:00;24
5-3-2019 21:15;20
5-3-2019 21:30;4
5-3-2019 21:45;0
5-3-2019 22:00;4
5-3-2019 22:15;0
5-3-2019 22:30;4
5-3-2019 22:45;0
5-3-2019 23:00;4
5-3-2019 23:15;0
5-3-2019 23:30;0
5-3-2019 23:45;4
5-4-2019 0:00;0
5-4-2019 0:15;4
5-4-2019 0:30;0
5-4-2019 0:45;0
5-4-2019 1:00;4
5-4-2019 1:15;0
5-4-2019 1:30;4
5-4-2019 1:45;0
5-4-2019 2:00;0
5-4-2019 2:15;4
5-4-2019 2:30;0
5-4-2019 2:45;4
5-4-2019 3:00;0
5-4-2019 3:15;0
5-4-2019 3:30;4
5-4-2019 3:45;0
5-4-2019 4:00;0
5-4-2019 4:15;4
5-4-2019 4:30;0
5-4-2019 4:45;0
5-4-2019 5:00;4
5-4-2019 5:15;0
5-4-2019 5:30;4
5-4-2019 5:45;0
5-4-2019 6:00;32
5-4-2019 6:15;36
5-4-2019 6:30;20
5-4-2019 6:45;24
5-4-2019 7:00;20
5-4-2019 7:15;20
5-4-2019 7:30;24
5-4-2019 7:45;20
5-4-2019 8:00;20
5-4-2019 8:15;24
5-4-2019 8:30;20
5-4-2019 8:45;24
5-4-2019 9:00;24
5-4-2019 9:15;24
5-4-2019 9:30;24
5-4-2019 9:45;20
5-4-2019 10:00;24
5-4-2019 10:15;24
5-4-2019 10:30;24
5-4-2019 10:45;24
5-4-2019 11:00;28
5-4-2019 11:15;28
5-4-2019 11:30;28
5-4-2019 11:45;28
5-4-2019 12:00;32
5-4-2019 12:15;28
5-4-2019 12:30;36
5-4-2019 12:45;32
5-4-2019 13:00;36
5-4-2019 13:15;36
5-4-2019 13:30;40
5-4-2019 13:45;36
5-4-2019 14:00;40
5-4-2019 14:15;36
5-4-2019 14:30;44
5-4-2019 14:45;52
5-4-2019 15:00;32
5-4-2019 15:15;48
5-4-2019 15:30;52
5-4-2019 15:45;52
5-4-2019 16:00;52
5-4-2019 16:15;52
5-4-2019 16:30;52
5-4-2019 16:45;52
5-4-2019 17:00;52
5-4-2019 17:15;52
5-4-2019 17:30;52
5-4-2019 17:45;48
5-4-2019 18:00;52
5-4-2019 18:15;48
5-4-2019 18:30;52
5-4-2019 18:45;48
5-4-2019 19:00;36
5-4-2019 19:15;36
5-4-2019 19:30;40
5-4-2019 19:45;44
5-4-2019 20:00;40
5-4-2019 20:15;40
5-4-2019 20:30;44
5-4-2019 20:45;40
5-4-2019 21:00;36
5-4-2019 21:15;36
5-4-2019 21:30;4
5-4-2019 21:45;0
5-4-2019 22:00;4
5-4-2019 22:15;0
5-4-2019 22:30;0
5-4-2019 22:45;4
5-4-2019 23:00;0
5-4-2019 23:15;4
5-4-2019 23:30;0
5-4-2019 23:45;4
5-5-2019 0:00;0
5-5-2019 0:15;0
5-5-2019 0:30;4
5-5-2019 0:45;0
5-5-2019 1:00;4
5-5-2019 1:15;0
5-5-2019 1:30;4
5-5-2019 1:45;0
5-5-2019 2:00;0
5-5-2019 2:15;4
5-5-2019 2:30;0
5-5-2019 2:45;4
5-5-2019 3:00;0
5-5-2019 3:15;0
5-5-2019 3:30;4
5-5-2019 3:45;0
5-5-2019 4:00;0
5-5-2019 4:15;4
5-5-2019 4:30;0
5-5-2019 4:45;4
5-5-2019 5:00;0
5-5-2019 5:15;0
5-5-2019 5:30;4
5-5-2019 5:45;0
5-5-2019 6:00;28
5-5-2019 6:15;48
5-5-2019 6:30;16
5-5-2019 6:45;20
5-5-2019 7:00;20
5-5-2019 7:15;20
5-5-2019 7:30;20
5-5-2019 7:45;20
5-5-2019 8:00;20
5-5-2019 8:15;20
5-5-2019 8:30;20
5-5-2019 8:45;20
5-5-2019 9:00;24
5-5-2019 9:15;20
5-5-2019 9:30;24
5-5-2019 9:45;20
5-5-2019 10:00;24
5-5-2019 10:15;20
5-5-2019 10:30;24
5-5-2019 10:45;24
5-5-2019 11:00;24
5-5-2019 11:15;28
5-5-2019 11:30;32
5-5-2019 11:45;28
5-5-2019 12:00;32
5-5-2019 12:15;32
5-5-2019 12:30;32
5-5-2019 12:45;32
5-5-2019 13:00;44
5-5-2019 13:15;32
5-5-2019 13:30;40
5-5-2019 13:45;36
5-5-2019 14:00;36
5-5-2019 14:15;36
5-5-2019 14:30;40
5-5-2019 14:45;36
5-5-2019 15:00;40
5-5-2019 15:15;32
5-5-2019 15:30;40
5-5-2019 15:45;40
5-5-2019 16:00;32
5-5-2019 16:15;40
5-5-2019 16:30;28
5-5-2019 16:45;44
5-5-2019 17:00;40
5-5-2019 17:15;40
5-5-2019 17:30;40
5-5-2019 17:45;44
5-5-2019 18:00;40
5-5-2019 18:15;40
5-5-2019 18:30;40
5-5-2019 18:45;40
5-5-2019 19:00;36
5-5-2019 19:15;24
5-5-2019 19:30;24
5-5-2019 19:45;28
5-5-2019 20:00;24
5-5-2019 20:15;24
5-5-2019 20:30;24
5-5-2019 20:45;24
5-5-2019 21:00;24
5-5-2019 21:15;20
5-5-2019 21:30;4
5-5-2019 21:45;0
5-5-2019 22:00;0
5-5-2019 22:15;4
5-5-2019 22:30;0
5-5-2019 22:45;4
5-5-2019 23:00;0
5-5-2019 23:15;0
5-5-2019 23:30;4
5-5-2019 23:45;0
5-6-2019 0:00;4
5-6-2019 0:15;0
5-6-2019 0:30;0
5-6-2019 0:45;4
5-6-2019 1:00;0
5-6-2019 1:15;4
5-6-2019 1:30;0
5-6-2019 1:45;0
5-6-2019 2:00;4
5-6-2019 2:15;0
5-6-2019 2:30;0
5-6-2019 2:45;4
5-6-2019 3:00;0
5-6-2019 3:15;0
5-6-2019 3:30;4
5-6-2019 3:45;0
5-6-2019 4:00;0
5-6-2019 4:15;4
5-6-2019 4:30;0
5-6-2019 4:45;0
5-6-2019 5:00;4
5-6-2019 5:15;0
5-6-2019 5:30;0
5-6-2019 5:45;4
5-6-2019 6:00;24
5-6-2019 6:15;24
5-6-2019 6:30;20
5-6-2019 6:45;24
5-6-2019 7:00;20
5-6-2019 7:15;20
5-6-2019 7:30;24
5-6-2019 7:45;20
5-6-2019 8:00;24
5-6-2019 8:15;20
5-6-2019 8:30;24
5-6-2019 8:45;20
5-6-2019 9:00;24
5-6-2019 9:15;24
5-6-2019 9:30;28
5-6-2019 9:45;24
5-6-2019 10:00;24
5-6-2019 10:15;24
5-6-2019 10:30;24
5-6-2019 10:45;24
5-6-2019 11:00;24
5-6-2019 11:15;24
5-6-2019 11:30;20
5-6-2019 11:45;28
5-6-2019 12:00;20
5-6-2019 12:15;24
5-6-2019 12:30;24
5-6-2019 12:45;24
5-6-2019 13:00;24
5-6-2019 13:15;28
5-6-2019 13:30;24
5-6-2019 13:45;24
5-6-2019 14:00;24
5-6-2019 14:15;28
5-6-2019 14:30;32
5-6-2019 14:45;28
5-6-2019 15:00;28
5-6-2019 15:15;28
5-6-2019 15:30;32
5-6-2019 15:45;40
5-6-2019 16:00;40
5-6-2019 16:15;40
5-6-2019 16:30;40
5-6-2019 16:45;44
5-6-2019 17:00;40
5-6-2019 17:15;40
5-6-2019 17:30;44
5-6-2019 17:45;40
5-6-2019 18:00;40
5-6-2019 18:15;32
5-6-2019 18:30;24
5-6-2019 18:45;28
5-6-2019 19:00;24
5-6-2019 19:15;28
5-6-2019 19:30;28
5-6-2019 19:45;28
5-6-2019 20:00;32
5-6-2019 20:15;32
5-6-2019 20:30;32
5-6-2019 20:45;28
5-6-2019 21:00;20
5-6-2019 21:15;24
5-6-2019 21:30;12
5-6-2019 21:45;12
5-6-2019 22:00;0
5-6-2019 22:15;4
5-6-2019 22:30;0
5-6-2019 22:45;0
5-6-2019 23:00;4
5-6-2019 23:15;0
5-6-2019 23:30;0
5-6-2019 23:45;4
5-7-2019 0:00;0
5-7-2019 0:15;0
5-7-2019 0:30;4
5-7-2019 0:45;0
5-7-2019 1:00;0
5-7-2019 1:15;0
5-7-2019 1:30;4
5-7-2019 1:45;0
5-7-2019 2:00;0
5-7-2019 2:15;0
5-7-2019 2:30;4
5-7-2019 2:45;0
5-7-2019 3:00;0
5-7-2019 3:15;0
5-7-2019 3:30;4
5-7-2019 3:45;0
5-7-2019 4:00;0
5-7-2019 4:15;0
5-7-2019 4:30;4
5-7-2019 4:45;0
5-7-2019 5:00;0
5-7-2019 5:15;0
5-7-2019 5:30;4
5-7-2019 5:45;0
5-7-2019 6:00;28
5-7-2019 6:15;24
5-7-2019 6:30;20
5-7-2019 6:45;24
5-7-2019 7:00;20
5-7-2019 7:15;24
5-7-2019 7:30;20
5-7-2019 7:45;24
5-7-2019 8:00;20
5-7-2019 8:15;24
5-7-2019 8:30;20
5-7-2019 8:45;36
5-7-2019 9:00;28
5-7-2019 9:15;28
5-7-2019 9:30;24
5-7-2019 9:45;24
5-7-2019 10:00;24
5-7-2019 10:15;24
5-7-2019 10:30;24
5-7-2019 10:45;24
5-7-2019 11:00;24
5-7-2019 11:15;24
5-7-2019 11:30;24
5-7-2019 11:45;24
5-7-2019 12:00;24
5-7-2019 12:15;24
5-7-2019 12:30;24
5-7-2019 12:45;28
5-7-2019 13:00;24
5-7-2019 13:15;28
5-7-2019 13:30;24
5-7-2019 13:45;24
5-7-2019 14:00;28
5-7-2019 14:15;24
5-7-2019 14:30;28
5-7-2019 14:45;24
5-7-2019 15:00;24
5-7-2019 15:15;24
5-7-2019 15:30;28
5-7-2019 15:45;24
5-7-2019 16:00;24
5-7-2019 16:15;24
5-7-2019 16:30;24
5-7-2019 16:45;28
5-7-2019 17:00;24
5-7-2019 17:15;28
5-7-2019 17:30;28
5-7-2019 17:45;24
5-7-2019 18:00;36
5-7-2019 18:15;24
5-7-2019 18:30;24
5-7-2019 18:45;28
5-7-2019 19:00;24
5-7-2019 19:15;24
5-7-2019 19:30;24
5-7-2019 19:45;24
5-7-2019 20:00;28
5-7-2019 20:15;28
5-7-2019 20:30;24
5-7-2019 20:45;24
5-7-2019 21:00;20
5-7-2019 21:15;24
5-7-2019 21:30;0
5-7-2019 21:45;4
5-7-2019 22:00;0
5-7-2019 22:15;0
5-7-2019 22:30;4
5-7-2019 22:45;0
5-7-2019 23:00;4
5-7-2019 23:15;0
5-7-2019 23:30;0
5-7-2019 23:45;4
5-8-2019 0:00;0
5-8-2019 0:15;4
5-8-2019 0:30;0
5-8-2019 0:45;0
5-8-2019 1:00;4
5-8-2019 1:15;0
5-8-2019 1:30;0
5-8-2019 1:45;4
5-8-2019 2:00;0
5-8-2019 2:15;4
5-8-2019 2:30;0
5-8-2019 2:45;0
5-8-2019 3:00;4
5-8-2019 3:15;0
5-8-2019 3:30;0
5-8-2019 3:45;4
5-8-2019 4:00;0
5-8-2019 4:15;0
5-8-2019 4:30;4
5-8-2019 4:45;0
5-8-2019 5:00;4
5-8-2019 5:15;0
5-8-2019 5:30;0
5-8-2019 5:45;4
5-8-2019 6:00;44
5-8-2019 6:15;28
5-8-2019 6:30;20
5-8-2019 6:45;24
5-8-2019 7:00;20
5-8-2019 7:15;24
5-8-2019 7:30;20
5-8-2019 7:45;20
5-8-2019 8:00;24
5-8-2019 8:15;20
5-8-2019 8:30;24
5-8-2019 8:45;24
5-8-2019 9:00;24
5-8-2019 9:15;24
5-8-2019 9:30;24
5-8-2019 9:45;24
5-8-2019 10:00;24
5-8-2019 10:15;24
5-8-2019 10:30;24
5-8-2019 10:45;24
5-8-2019 11:00;24
5-8-2019 11:15;24
5-8-2019 11:30;24
5-8-2019 11:45;24
5-8-2019 12:00;24
5-8-2019 12:15;24
5-8-2019 12:30;24
5-8-2019 12:45;24
5-8-2019 13:00;24
5-8-2019 13:15;24
5-8-2019 13:30;24
5-8-2019 13:45;28
5-8-2019 14:00;24
5-8-2019 14:15;24
5-8-2019 14:30;24
5-8-2019 14:45;24
5-8-2019 15:00;28
5-8-2019 15:15;24
5-8-2019 15:30;24
5-8-2019 15:45;24
5-8-2019 16:00;24
5-8-2019 16:15;24
5-8-2019 16:30;24
5-8-2019 16:45;24
5-8-2019 17:00;24
5-8-2019 17:15;24
5-8-2019 17:30;24
5-8-2019 17:45;24
5-8-2019 18:00;24
5-8-2019 18:15;24
5-8-2019 18:30;28
5-8-2019 18:45;24
5-8-2019 19:00;24
5-8-2019 19:15;24
5-8-2019 19:30;24
5-8-2019 19:45;24
5-8-2019 20:00;24
5-8-2019 20:15;24
5-8-2019 20:30;24
5-8-2019 20:45;24
5-8-2019 21:00;24
5-8-2019 21:15;20
5-8-2019 21:30;4
5-8-2019 21:45;0
5-8-2019 22:00;0
5-8-2019 22:15;4
5-8-2019 22:30;0
5-8-2019 22:45;0
5-8-2019 23:00;4
5-8-2019 23:15;0
5-8-2019 23:30;4
5-8-2019 23:45;0
5-9-2019 0:00;0
5-9-2019 0:15;4
5-9-2019 0:30;0
5-9-2019 0:45;0
5-9-2019 1:00;4
5-9-2019 1:15;0
5-9-2019 1:30;4
5-9-2019 1:45;0
5-9-2019 2:00;0
5-9-2019 2:15;4
5-9-2019 2:30;0
5-9-2019 2:45;0
5-9-2019 3:00;4
5-9-2019 3:15;0
5-9-2019 3:30;4
5-9-2019 3:45;0
5-9-2019 4:00;0
5-9-2019 4:15;4
5-9-2019 4:30;0
5-9-2019 4:45;0
5-9-2019 5:00;4
5-9-2019 5:15;0
5-9-2019 5:30;0
5-9-2019 5:45;4
5-9-2019 6:00;28
5-9-2019 6:15;24
5-9-2019 6:30;20
5-9-2019 6:45;20
5-9-2019 7:00;24
5-9-2019 7:15;20
5-9-2019 7:30;20
5-9-2019 7:45;20
5-9-2019 8:00;20
5-9-2019 8:15;20
5-9-2019 8:30;24
5-9-2019 8:45;20
5-9-2019 9:00;24
5-9-2019 9:15;24
5-9-2019 9:30;28
5-9-2019 9:45;24
5-9-2019 10:00;24
5-9-2019 10:15;20
5-9-2019 10:30;24
5-9-2019 10:45;24
5-9-2019 11:00;24
5-9-2019 11:15;24
5-9-2019 11:30;24
5-9-2019 11:45;24
5-9-2019 12:00;24
5-9-2019 12:15;24
5-9-2019 12:30;24
5-9-2019 12:45;24
5-9-2019 13:00;24
5-9-2019 13:15;24
5-9-2019 13:30;24
5-9-2019 13:45;24
5-9-2019 14:00;28
5-9-2019 14:15;24
5-9-2019 14:30;24
5-9-2019 14:45;24
5-9-2019 15:00;24
5-9-2019 15:15;24
5-9-2019 15:30;28
5-9-2019 15:45;24
5-9-2019 16:00;24
5-9-2019 16:15;24
5-9-2019 16:30;28
5-9-2019 16:45;24
5-9-2019 17:00;24
5-9-2019 17:15;24
5-9-2019 17:30;24
5-9-2019 17:45;28
5-9-2019 18:00;24
5-9-2019 18:15;28
5-9-2019 18:30;24
5-9-2019 18:45;28
5-9-2019 19:00;28
5-9-2019 19:15;28
5-9-2019 19:30;28
5-9-2019 19:45;28
5-9-2019 20:00;24
5-9-2019 20:15;24
5-9-2019 20:30;24
5-9-2019 20:45;24
5-9-2019 21:00;24
5-9-2019 21:15;20
5-9-2019 21:30;4
5-9-2019 21:45;0
5-9-2019 22:00;0
5-9-2019 22:15;0
5-9-2019 22:30;4
5-9-2019 22:45;0
5-9-2019 23:00;4
5-9-2019 23:15;0
5-9-2019 23:30;4
5-9-2019 23:45;0
5-10-2019 0:00;0
5-10-2019 0:15;4
5-10-2019 0:30;0
5-10-2019 0:45;4
5-10-2019 1:00;0
5-10-2019 1:15;0
5-10-2019 1:30;4
5-10-2019 1:45;0
5-10-2019 2:00;4
5-10-2019 2:15;0
5-10-2019 2:30;0
5-10-2019 2:45;4
5-10-2019 3:00;0
5-10-2019 3:15;0
5-10-2019 3:30;4
5-10-2019 3:45;0
5-10-2019 4:00;4
5-10-2019 4:15;0
5-10-2019 4:30;0
5-10-2019 4:45;4
5-10-2019 5:00;0
5-10-2019 5:15;4
5-10-2019 5:30;0
5-10-2019 5:45;0
5-10-2019 6:00;28
5-10-2019 6:15;24
5-10-2019 6:30;20
5-10-2019 6:45;24
5-10-2019 7:00;20
5-10-2019 7:15;20
5-10-2019 7:30;24
5-10-2019 7:45;20
5-10-2019 8:00;24
5-10-2019 8:15;20
5-10-2019 8:30;24
5-10-2019 8:45;20
5-10-2019 9:00;24
5-10-2019 9:15;24
5-10-2019 9:30;28
5-10-2019 9:45;20
5-10-2019 10:00;28
5-10-2019 10:15;20
5-10-2019 10:30;24
5-10-2019 10:45;24
5-10-2019 11:00;24
5-10-2019 11:15;24
5-10-2019 11:30;28
5-10-2019 11:45;24
5-10-2019 12:00;24
5-10-2019 12:15;24
5-10-2019 12:30;24
5-10-2019 12:45;24
5-10-2019 13:00;24
5-10-2019 13:15;24
5-10-2019 13:30;28
5-10-2019 13:45;24
5-10-2019 14:00;28
5-10-2019 14:15;28
5-10-2019 14:30;28
5-10-2019 14:45;28
5-10-2019 15:00;32
5-10-2019 15:15;32
5-10-2019 15:30;32
5-10-2019 15:45;36
5-10-2019 16:00;32
5-10-2019 16:15;36
5-10-2019 16:30;32
5-10-2019 16:45;32
5-10-2019 17:00;36
5-10-2019 17:15;32
5-10-2019 17:30;32
5-10-2019 17:45;32
5-10-2019 18:00;36
5-10-2019 18:15;32
5-10-2019 18:30;32
5-10-2019 18:45;36
5-10-2019 19:00;32
5-10-2019 19:15;32
5-10-2019 19:30;36
5-10-2019 19:45;32
5-10-2019 20:00;40
5-10-2019 20:15;40
5-10-2019 20:30;24
5-10-2019 20:45;24
5-10-2019 21:00;20
5-10-2019 21:15;24
5-10-2019 21:30;0
5-10-2019 21:45;4
5-10-2019 22:00;0
5-10-2019 22:15;0
5-10-2019 22:30;4
5-10-2019 22:45;0
5-10-2019 23:00;0
5-10-2019 23:15;4
5-10-2019 23:30;0
5-10-2019 23:45;4
5-11-2019 0:00;0
5-11-2019 0:15;4
5-11-2019 0:30;0
5-11-2019 0:45;0
5-11-2019 1:00;4
5-11-2019 1:15;0
5-11-2019 1:30;0
5-11-2019 1:45;4
5-11-2019 2:00;0
5-11-2019 2:15;0
5-11-2019 2:30;4
5-11-2019 2:45;0
5-11-2019 3:00;0
5-11-2019 3:15;4
5-11-2019 3:30;0
5-11-2019 3:45;4
5-11-2019 4:00;0
5-11-2019 4:15;0
5-11-2019 4:30;4
5-11-2019 4:45;0
5-11-2019 5:00;0
5-11-2019 5:15;4
5-11-2019 5:30;0
5-11-2019 5:45;0
5-11-2019 6:00;32
5-11-2019 6:15;48
5-11-2019 6:30;20
5-11-2019 6:45;20
5-11-2019 7:00;24
5-11-2019 7:15;20
5-11-2019 7:30;24
5-11-2019 7:45;20
5-11-2019 8:00;24
5-11-2019 8:15;20
5-11-2019 8:30;20
5-11-2019 8:45;24
5-11-2019 9:00;24
5-11-2019 9:15;24
5-11-2019 9:30;24
5-11-2019 9:45;24
5-11-2019 10:00;24
5-11-2019 10:15;24
5-11-2019 10:30;24
5-11-2019 10:45;24
5-11-2019 11:00;28
5-11-2019 11:15;28
5-11-2019 11:30;28
5-11-2019 11:45;28
5-11-2019 12:00;36
5-11-2019 12:15;28
5-11-2019 12:30;32
5-11-2019 12:45;32
5-11-2019 13:00;36
5-11-2019 13:15;32
5-11-2019 13:30;36
5-11-2019 13:45;32
5-11-2019 14:00;36
5-11-2019 14:15;36
5-11-2019 14:30;36
5-11-2019 14:45;44
5-11-2019 15:00;32
5-11-2019 15:15;48
5-11-2019 15:30;52
5-11-2019 15:45;48
5-11-2019 16:00;32
5-11-2019 16:15;48
5-11-2019 16:30;52
5-11-2019 16:45;52
5-11-2019 17:00;52
5-11-2019 17:15;52
5-11-2019 17:30;52
5-11-2019 17:45;48
5-11-2019 18:00;52
5-11-2019 18:15;24
5-11-2019 18:30;44
5-11-2019 18:45;40
5-11-2019 19:00;44
5-11-2019 19:15;28
5-11-2019 19:30;48
5-11-2019 19:45;48
5-11-2019 20:00;48
5-11-2019 20:15;48
5-11-2019 20:30;52
5-11-2019 20:45;48
5-11-2019 21:00;44
5-11-2019 21:15;44
5-11-2019 21:30;4
5-11-2019 21:45;0
5-11-2019 22:00;0
5-11-2019 22:15;4
5-11-2019 22:30;0
5-11-2019 22:45;4
5-11-2019 23:00;0
5-11-2019 23:15;4
5-11-2019 23:30;0
5-11-2019 23:45;4
5-12-2019 0:00;0
5-12-2019 0:15;0
5-12-2019 0:30;4
5-12-2019 0:45;0
5-12-2019 1:00;4
5-12-2019 1:15;0
5-12-2019 1:30;0
5-12-2019 1:45;4
5-12-2019 2:00;0
5-12-2019 2:15;0
5-12-2019 2:30;4
5-12-2019 2:45;0
5-12-2019 3:00;4
5-12-2019 3:15;0
5-12-2019 3:30;0
5-12-2019 3:45;4
5-12-2019 4:00;0
5-12-2019 4:15;0
5-12-2019 4:30;4
5-12-2019 4:45;0
5-12-2019 5:00;4
5-12-2019 5:15;0
5-12-2019 5:30;0
5-12-2019 5:45;4
5-12-2019 6:00;36
5-12-2019 6:15;20
5-12-2019 6:30;24
5-12-2019 6:45;20
5-12-2019 7:00;24
5-12-2019 7:15;20
5-12-2019 7:30;24
5-12-2019 7:45;20
5-12-2019 8:00;24
5-12-2019 8:15;20
5-12-2019 8:30;20
5-12-2019 8:45;24
5-12-2019 9:00;24
5-12-2019 9:15;24
5-12-2019 9:30;24
5-12-2019 9:45;28
5-12-2019 10:00;28
5-12-2019 10:15;28
5-12-2019 10:30;28
5-12-2019 10:45;40
5-12-2019 11:00;32
5-12-2019 11:15;36
5-12-2019 11:30;36
5-12-2019 11:45;32
5-12-2019 12:00;36
5-12-2019 12:15;36
5-12-2019 12:30;44
5-12-2019 12:45;32
5-12-2019 13:00;52
5-12-2019 13:15;56
5-12-2019 13:30;52
5-12-2019 13:45;56
5-12-2019 14:00;52
5-12-2019 14:15;56
5-12-2019 14:30;56
5-12-2019 14:45;56
5-12-2019 15:00;52
5-12-2019 15:15;56
5-12-2019 15:30;52
5-12-2019 15:45;56
5-12-2019 16:00;56
5-12-2019 16:15;52
5-12-2019 16:30;56
5-12-2019 16:45;56
5-12-2019 17:00;52
5-12-2019 17:15;56
5-12-2019 17:30;56
5-12-2019 17:45;52
5-12-2019 18:00;56
5-12-2019 18:15;56
5-12-2019 18:30;52
5-12-2019 18:45;56
5-12-2019 19:00;52
5-12-2019 19:15;56
5-12-2019 19:30;52
5-12-2019 19:45;56
5-12-2019 20:00;52
5-12-2019 20:15;52
5-12-2019 20:30;48
5-12-2019 20:45;52
5-12-2019 21:00;48
5-12-2019 21:15;44
5-12-2019 21:30;4
5-12-2019 21:45;4
5-12-2019 22:00;0
5-12-2019 22:15;0
5-12-2019 22:30;4
5-12-2019 22:45;0
5-12-2019 23:00;4
5-12-2019 23:15;0
5-12-2019 23:30;4
5-12-2019 23:45;0
5-13-2019 0:00;4
5-13-2019 0:15;0
5-13-2019 0:30;4
5-13-2019 0:45;0
5-13-2019 1:00;4
5-13-2019 1:15;0
5-13-2019 1:30;4
5-13-2019 1:45;0
5-13-2019 2:00;0
5-13-2019 2:15;4
5-13-2019 2:30;0
5-13-2019 2:45;4
5-13-2019 3:00;0
5-13-2019 3:15;4
5-13-2019 3:30;0
5-13-2019 3:45;0
5-13-2019 4:00;4
5-13-2019 4:15;0
5-13-2019 4:30;4
5-13-2019 4:45;0
5-13-2019 5:00;0
5-13-2019 5:15;4
5-13-2019 5:30;0
5-13-2019 5:45;0
5-13-2019 6:00;32
5-13-2019 6:15;24
5-13-2019 6:30;20
5-13-2019 6:45;24
5-13-2019 7:00;20
5-13-2019 7:15;24
5-13-2019 7:30;20
5-13-2019 7:45;24
5-13-2019 8:00;20
5-13-2019 8:15;28
5-13-2019 8:30;28
5-13-2019 8:45;28
5-13-2019 9:00;32
5-13-2019 9:15;32
5-13-2019 9:30;36
5-13-2019 9:45;32
5-13-2019 10:00;36
5-13-2019 10:15;32
5-13-2019 10:30;36
5-13-2019 10:45;44
5-13-2019 11:00;44
5-13-2019 11:15;44
5-13-2019 11:30;40
5-13-2019 11:45;44
5-13-2019 12:00;44
5-13-2019 12:15;44
5-13-2019 12:30;44
5-13-2019 12:45;48
5-13-2019 13:00;56
5-13-2019 13:15;56
5-13-2019 13:30;52
5-13-2019 13:45;56
5-13-2019 14:00;56
5-13-2019 14:15;56
5-13-2019 14:30;56
5-13-2019 14:45;56
5-13-2019 15:00;56
5-13-2019 15:15;56
5-13-2019 15:30;56
5-13-2019 15:45;52
5-13-2019 16:00;56
5-13-2019 16:15;56
5-13-2019 16:30;56
5-13-2019 16:45;56
5-13-2019 17:00;56
5-13-2019 17:15;56
5-13-2019 17:30;56
5-13-2019 17:45;52
5-13-2019 18:00;56
5-13-2019 18:15;56
5-13-2019 18:30;56
5-13-2019 18:45;56
5-13-2019 19:00;52
5-13-2019 19:15;52
5-13-2019 19:30;56
5-13-2019 19:45;52
5-13-2019 20:00;52
5-13-2019 20:15;48
5-13-2019 20:30;52
5-13-2019 20:45;48
5-13-2019 21:00;48
5-13-2019 21:15;44
5-13-2019 21:30;40
5-13-2019 21:45;36
5-13-2019 22:00;4
5-13-2019 22:15;0
5-13-2019 22:30;4
5-13-2019 22:45;0
5-13-2019 23:00;4
5-13-2019 23:15;0
5-13-2019 23:30;4
5-13-2019 23:45;0
5-14-2019 0:00;4
5-14-2019 0:15;0
5-14-2019 0:30;4
5-14-2019 0:45;0
5-14-2019 1:00;4
5-14-2019 1:15;0
5-14-2019 1:30;0
5-14-2019 1:45;4
5-14-2019 2:00;0
5-14-2019 2:15;4
5-14-2019 2:30;0
5-14-2019 2:45;0
5-14-2019 3:00;4
5-14-2019 3:15;0
5-14-2019 3:30;4
5-14-2019 3:45;0
5-14-2019 4:00;0
5-14-2019 4:15;4
5-14-2019 4:30;0
5-14-2019 4:45;4
5-14-2019 5:00;0
5-14-2019 5:15;0
5-14-2019 5:30;4
5-14-2019 5:45;0
5-14-2019 6:00;24
5-14-2019 6:15;24
5-14-2019 6:30;20
5-14-2019 6:45;20
5-14-2019 7:00;24
5-14-2019 7:15;20
5-14-2019 7:30;24
5-14-2019 7:45;24
5-14-2019 8:00;28
5-14-2019 8:15;24
5-14-2019 8:30;28
5-14-2019 8:45;20
5-14-2019 9:00;24
5-14-2019 9:15;28
5-14-2019 9:30;28
5-14-2019 9:45;28
5-14-2019 10:00;36
5-14-2019 10:15;40
5-14-2019 10:30;44
5-14-2019 10:45;40
5-14-2019 11:00;44
5-14-2019 11:15;40
5-14-2019 11:30;44
5-14-2019 11:45;44
5-14-2019 12:00;44
5-14-2019 12:15;40
5-14-2019 12:30;44
5-14-2019 12:45;44
5-14-2019 13:00;44
5-14-2019 13:15;44
5-14-2019 13:30;44
5-14-2019 13:45;48
5-14-2019 14:00;48
5-14-2019 14:15;56
5-14-2019 14:30;52
5-14-2019 14:45;56
5-14-2019 15:00;56
5-14-2019 15:15;56
5-14-2019 15:30;52
5-14-2019 15:45;56
5-14-2019 16:00;56
5-14-2019 16:15;52
5-14-2019 16:30;56
5-14-2019 16:45;52
5-14-2019 17:00;56
5-14-2019 17:15;52
5-14-2019 17:30;52
5-14-2019 17:45;56
5-14-2019 18:00;52
5-14-2019 18:15;52
5-14-2019 18:30;52
5-14-2019 18:45;52
5-14-2019 19:00;48
5-14-2019 19:15;52
5-14-2019 19:30;52
5-14-2019 19:45;48
5-14-2019 20:00;52
5-14-2019 20:15;48
5-14-2019 20:30;48
5-14-2019 20:45;52
5-14-2019 21:00;44
5-14-2019 21:15;44
5-14-2019 21:30;8
5-14-2019 21:45;0
5-14-2019 22:00;0
5-14-2019 22:15;4
5-14-2019 22:30;0
5-14-2019 22:45;4
5-14-2019 23:00;0
5-14-2019 23:15;4
5-14-2019 23:30;0
5-14-2019 23:45;4
5-15-2019 0:00;0
5-15-2019 0:15;4
5-15-2019 0:30;0
5-15-2019 0:45;4
5-15-2019 1:00;0
5-15-2019 1:15;0
5-15-2019 1:30;4
5-15-2019 1:45;0
5-15-2019 2:00;4
5-15-2019 2:15;0
5-15-2019 2:30;0
5-15-2019 2:45;4
5-15-2019 3:00;0
5-15-2019 3:15;4
5-15-2019 3:30;0
5-15-2019 3:45;0
5-15-2019 4:00;4
5-15-2019 4:15;0
5-15-2019 4:30;0
5-15-2019 4:45;4
5-15-2019 5:00;0
5-15-2019 5:15;0
5-15-2019 5:30;4
5-15-2019 5:45;0
5-15-2019 6:00;28
5-15-2019 6:15;24
5-15-2019 6:30;20
5-15-2019 6:45;24
5-15-2019 7:00;20
5-15-2019 7:15;24
5-15-2019 7:30;20
5-15-2019 7:45;24
5-15-2019 8:00;20
5-15-2019 8:15;20
5-15-2019 8:30;24
5-15-2019 8:45;24
5-15-2019 9:00;24
5-15-2019 9:15;24
5-15-2019 9:30;28
5-15-2019 9:45;28
5-15-2019 10:00;28
5-15-2019 10:15;36
5-15-2019 10:30;24
5-15-2019 10:45;36
5-15-2019 11:00;44
5-15-2019 11:15;36
5-15-2019 11:30;32
5-15-2019 11:45;36
5-15-2019 12:00;36
5-15-2019 12:15;40
5-15-2019 12:30;36
5-15-2019 12:45;44
5-15-2019 13:00;44
5-15-2019 13:15;44
5-15-2019 13:30;44
5-15-2019 13:45;44
5-15-2019 14:00;44
5-15-2019 14:15;48
5-15-2019 14:30;52
5-15-2019 14:45;56
5-15-2019 15:00;52
5-15-2019 15:15;52
5-15-2019 15:30;52
5-15-2019 15:45;52
5-15-2019 16:00;52
5-15-2019 16:15;52
5-15-2019 16:30;52
5-15-2019 16:45;52
5-15-2019 17:00;48
5-15-2019 17:15;52
5-15-2019 17:30;48
5-15-2019 17:45;52
5-15-2019 18:00;48
5-15-2019 18:15;48
5-15-2019 18:30;48
5-15-2019 18:45;48
5-15-2019 19:00;52
5-15-2019 19:15;48
5-15-2019 19:30;48
5-15-2019 19:45;44
5-15-2019 20:00;44
5-15-2019 20:15;28
5-15-2019 20:30;24
5-15-2019 20:45;24
5-15-2019 21:00;24
5-15-2019 21:15;24
5-15-2019 21:30;0
5-15-2019 21:45;4
5-15-2019 22:00;0
5-15-2019 22:15;4
5-15-2019 22:30;0
5-15-2019 22:45;4
5-15-2019 23:00;0
5-15-2019 23:15;4
5-15-2019 23:30;0
5-15-2019 23:45;4
5-16-2019 0:00;0
5-16-2019 0:15;0
5-16-2019 0:30;4
5-16-2019 0:45;0
5-16-2019 1:00;4
5-16-2019 1:15;0
5-16-2019 1:30;0
5-16-2019 1:45;4
5-16-2019 2:00;0
5-16-2019 2:15;4
5-16-2019 2:30;0
5-16-2019 2:45;0
5-16-2019 3:00;4
5-16-2019 3:15;0
5-16-2019 3:30;0
5-16-2019 3:45;4
5-16-2019 4:00;0
5-16-2019 4:15;0
5-16-2019 4:30;4
5-16-2019 4:45;0
5-16-2019 5:00;0
5-16-2019 5:15;4
5-16-2019 5:30;0
5-16-2019 5:45;0
5-16-2019 6:00;32
5-16-2019 6:15;36
5-16-2019 6:30;20
5-16-2019 6:45;24
5-16-2019 7:00;20
5-16-2019 7:15;24
5-16-2019 7:30;20
5-16-2019 7:45;20
5-16-2019 8:00;24
5-16-2019 8:15;20
5-16-2019 8:30;24
5-16-2019 8:45;20
5-16-2019 9:00;24
5-16-2019 9:15;28
5-16-2019 9:30;24
5-16-2019 9:45;24
5-16-2019 10:00;24
5-16-2019 10:15;24
5-16-2019 10:30;24
5-16-2019 10:45;24
5-16-2019 11:00;24
5-16-2019 11:15;24
5-16-2019 11:30;24
5-16-2019 11:45;28
5-16-2019 12:00;24
5-16-2019 12:15;28
5-16-2019 12:30;24
5-16-2019 12:45;28
5-16-2019 13:00;32
5-16-2019 13:15;28
5-16-2019 13:30;28
5-16-2019 13:45;32
5-16-2019 14:00;32
5-16-2019 14:15;28
5-16-2019 14:30;40
5-16-2019 14:45;24
5-16-2019 15:00;24
5-16-2019 15:15;28
5-16-2019 15:30;28
5-16-2019 15:45;28
5-16-2019 16:00;28
5-16-2019 16:15;28
5-16-2019 16:30;32
5-16-2019 16:45;28
5-16-2019 17:00;28
5-16-2019 17:15;28
5-16-2019 17:30;32
5-16-2019 17:45;28
5-16-2019 18:00;28
5-16-2019 18:15;24
5-16-2019 18:30;24
5-16-2019 18:45;24
5-16-2019 19:00;24
5-16-2019 19:15;28
5-16-2019 19:30;24
5-16-2019 19:45;24
5-16-2019 20:00;24
5-16-2019 20:15;24
5-16-2019 20:30;24
5-16-2019 20:45;24
5-16-2019 21:00;24
5-16-2019 21:15;24
5-16-2019 21:30;0
5-16-2019 21:45;0
5-16-2019 22:00;4
5-16-2019 22:15;0
5-16-2019 22:30;0
5-16-2019 22:45;4
5-16-2019 23:00;0
5-16-2019 23:15;0
5-16-2019 23:30;0
5-16-2019 23:45;4
5-17-2019 0:00;0
5-17-2019 0:15;0
5-17-2019 0:30;4
5-17-2019 0:45;0
5-17-2019 1:00;0
5-17-2019 1:15;4
5-17-2019 1:30;0
5-17-2019 1:45;4
5-17-2019 2:00;0
5-17-2019 2:15;0
5-17-2019 2:30;4
5-17-2019 2:45;0
5-17-2019 3:00;0
5-17-2019 3:15;4
5-17-2019 3:30;0
5-17-2019 3:45;4
5-17-2019 4:00;0
5-17-2019 4:15;0
5-17-2019 4:30;4
5-17-2019 4:45;0
5-17-2019 5:00;0
5-17-2019 5:15;4
5-17-2019 5:30;0
5-17-2019 5:45;0
5-17-2019 6:00;36
5-17-2019 6:15;44
5-17-2019 6:30;24
5-17-2019 6:45;20
5-17-2019 7:00;24
5-17-2019 7:15;20
5-17-2019 7:30;24
5-17-2019 7:45;24
5-17-2019 8:00;20
5-17-2019 8:15;24
5-17-2019 8:30;20
5-17-2019 8:45;24
5-17-2019 9:00;24
5-17-2019 9:15;28
5-17-2019 9:30;24
5-17-2019 9:45;24
5-17-2019 10:00;24
5-17-2019 10:15;24
5-17-2019 10:30;24
5-17-2019 10:45;24
5-17-2019 11:00;24
5-17-2019 11:15;24
5-17-2019 11:30;24
5-17-2019 11:45;24
5-17-2019 12:00;24
5-17-2019 12:15;24
5-17-2019 12:30;24
5-17-2019 12:45;24
5-17-2019 13:00;24
5-17-2019 13:15;24
5-17-2019 13:30;24
5-17-2019 13:45;24
5-17-2019 14:00;24
5-17-2019 14:15;28
5-17-2019 14:30;28
5-17-2019 14:45;24
5-17-2019 15:00;24
5-17-2019 15:15;24
5-17-2019 15:30;24
5-17-2019 15:45;24
5-17-2019 16:00;28
5-17-2019 16:15;28
5-17-2019 16:30;24
5-17-2019 16:45;24
5-17-2019 17:00;24
5-17-2019 17:15;24
5-17-2019 17:30;24
5-17-2019 17:45;24
5-17-2019 18:00;24
5-17-2019 18:15;24
5-17-2019 18:30;24
5-17-2019 18:45;28
5-17-2019 19:00;24
5-17-2019 19:15;24
5-17-2019 19:30;24
5-17-2019 19:45;24
5-17-2019 20:00;24
5-17-2019 20:15;24
5-17-2019 20:30;24
5-17-2019 20:45;24
5-17-2019 21:00;24
5-17-2019 21:15;20
5-17-2019 21:30;4
5-17-2019 21:45;0
5-17-2019 22:00;4
5-17-2019 22:15;0
5-17-2019 22:30;0
5-17-2019 22:45;4
5-17-2019 23:00;0
5-17-2019 23:15;0
5-17-2019 23:30;4
5-17-2019 23:45;0
5-18-2019 0:00;4
5-18-2019 0:15;0
5-18-2019 0:30;0
5-18-2019 0:45;4
5-18-2019 1:00;0
5-18-2019 1:15;0
5-18-2019 1:30;4
5-18-2019 1:45;0
5-18-2019 2:00;4
5-18-2019 2:15;0
5-18-2019 2:30;0
5-18-2019 2:45;4
5-18-2019 3:00;0
5-18-2019 3:15;0
5-18-2019 3:30;4
5-18-2019 3:45;0
5-18-2019 4:00;0
5-18-2019 4:15;4
5-18-2019 4:30;0
5-18-2019 4:45;0
5-18-2019 5:00;4
5-18-2019 5:15;0
5-18-2019 5:30;0
5-18-2019 5:45;4
5-18-2019 6:00;32
5-18-2019 6:15;52
5-18-2019 6:30;40
5-18-2019 6:45;20
5-18-2019 7:00;20
5-18-2019 7:15;24
5-18-2019 7:30;20
5-18-2019 7:45;24
5-18-2019 8:00;20
5-18-2019 8:15;20
5-18-2019 8:30;24
5-18-2019 8:45;24
5-18-2019 9:00;24
5-18-2019 9:15;24
5-18-2019 9:30;24
5-18-2019 9:45;24
5-18-2019 10:00;24
5-18-2019 10:15;24
5-18-2019 10:30;24
5-18-2019 10:45;24
5-18-2019 11:00;24
5-18-2019 11:15;24
5-18-2019 11:30;24
5-18-2019 11:45;24
5-18-2019 12:00;24
5-18-2019 12:15;24
5-18-2019 12:30;24
5-18-2019 12:45;24
5-18-2019 13:00;24
5-18-2019 13:15;24
5-18-2019 13:30;24
5-18-2019 13:45;24
5-18-2019 14:00;24
5-18-2019 14:15;24
5-18-2019 14:30;24
5-18-2019 14:45;24
5-18-2019 15:00;24
5-18-2019 15:15;24
5-18-2019 15:30;24
5-18-2019 15:45;24
5-18-2019 16:00;24
5-18-2019 16:15;24
5-18-2019 16:30;24
5-18-2019 16:45;24
5-18-2019 17:00;24
5-18-2019 17:15;24
5-18-2019 17:30;24
5-18-2019 17:45;24
5-18-2019 18:00;24
5-18-2019 18:15;24
5-18-2019 18:30;24
5-18-2019 18:45;24
5-18-2019 19:00;24
5-18-2019 19:15;24
5-18-2019 19:30;28
5-18-2019 19:45;24
5-18-2019 20:00;24
5-18-2019 20:15;24
5-18-2019 20:30;24
5-18-2019 20:45;24
5-18-2019 21:00;24
5-18-2019 21:15;20
5-18-2019 21:30;4
5-18-2019 21:45;4
5-18-2019 22:00;0
5-18-2019 22:15;0
5-18-2019 22:30;4
5-18-2019 22:45;0
5-18-2019 23:00;4
5-18-2019 23:15;0
5-18-2019 23:30;0
5-18-2019 23:45;4
5-19-2019 0:00;0
5-19-2019 0:15;0
5-19-2019 0:30;4
5-19-2019 0:45;0
5-19-2019 1:00;0
5-19-2019 1:15;4
5-19-2019 1:30;0
5-19-2019 1:45;4
5-19-2019 2:00;0
5-19-2019 2:15;0
5-19-2019 2:30;4
5-19-2019 2:45;0
5-19-2019 3:00;0
5-19-2019 3:15;4
5-19-2019 3:30;0
5-19-2019 3:45;0
5-19-2019 4:00;4
5-19-2019 4:15;0
5-19-2019 4:30;0
5-19-2019 4:45;4
5-19-2019 5:00;0
5-19-2019 5:15;0
5-19-2019 5:30;4
5-19-2019 5:45;0
5-19-2019 6:00;32
5-19-2019 6:15;48
5-19-2019 6:30;32
5-19-2019 6:45;24
5-19-2019 7:00;20
5-19-2019 7:15;24
5-19-2019 7:30;20
5-19-2019 7:45;24
5-19-2019 8:00;20
5-19-2019 8:15;20
5-19-2019 8:30;24
5-19-2019 8:45;24
5-19-2019 9:00;24
5-19-2019 9:15;24
5-19-2019 9:30;24
5-19-2019 9:45;24
5-19-2019 10:00;24
5-19-2019 10:15;24
5-19-2019 10:30;24
5-19-2019 10:45;24
5-19-2019 11:00;20
5-19-2019 11:15;24
5-19-2019 11:30;24
5-19-2019 11:45;24
5-19-2019 12:00;24
5-19-2019 12:15;28
5-19-2019 12:30;24
5-19-2019 12:45;28
5-19-2019 13:00;32
5-19-2019 13:15;28
5-19-2019 13:30;32
5-19-2019 13:45;32
5-19-2019 14:00;32
5-19-2019 14:15;36
5-19-2019 14:30;32
5-19-2019 14:45;32
5-19-2019 15:00;32
5-19-2019 15:15;28
5-19-2019 15:30;32
5-19-2019 15:45;28
5-19-2019 16:00;28
5-19-2019 16:15;32
5-19-2019 16:30;32
5-19-2019 16:45;28
5-19-2019 17:00;24
5-19-2019 17:15;32
5-19-2019 17:30;32
5-19-2019 17:45;28
5-19-2019 18:00;32
5-19-2019 18:15;32
5-19-2019 18:30;32
5-19-2019 18:45;28
5-19-2019 19:00;24
5-19-2019 19:15;28
5-19-2019 19:30;28
5-19-2019 19:45;28
5-19-2019 20:00;28
5-19-2019 20:15;28
5-19-2019 20:30;24
5-19-2019 20:45;24
5-19-2019 21:00;24
5-19-2019 21:15;20
5-19-2019 21:30;4
5-19-2019 21:45;0
5-19-2019 22:00;0
5-19-2019 22:15;4
5-19-2019 22:30;0
5-19-2019 22:45;4
5-19-2019 23:00;0
5-19-2019 23:15;0
5-19-2019 23:30;4
5-19-2019 23:45;0
5-20-2019 0:00;4
5-20-2019 0:15;0
5-20-2019 0:30;0
5-20-2019 0:45;4
5-20-2019 1:00;0
5-20-2019 1:15;0
5-20-2019 1:30;4
5-20-2019 1:45;0
5-20-2019 2:00;0
5-20-2019 2:15;4
5-20-2019 2:30;0
5-20-2019 2:45;0
5-20-2019 3:00;4
5-20-2019 3:15;0
5-20-2019 3:30;0
5-20-2019 3:45;4
5-20-2019 4:00;0
5-20-2019 4:15;0
5-20-2019 4:30;4
5-20-2019 4:45;0
5-20-2019 5:00;4
5-20-2019 5:15;0
5-20-2019 5:30;0
5-20-2019 5:45;0
5-20-2019 6:00;36
5-20-2019 6:15;52
5-20-2019 6:30;32
5-20-2019 6:45;20
5-20-2019 7:00;20
5-20-2019 7:15;24
5-20-2019 7:30;20
5-20-2019 7:45;20
5-20-2019 8:00;24
5-20-2019 8:15;20
5-20-2019 8:30;24
5-20-2019 8:45;20
5-20-2019 9:00;24
5-20-2019 9:15;24
5-20-2019 9:30;24
5-20-2019 9:45;24
5-20-2019 10:00;24
5-20-2019 10:15;24
5-20-2019 10:30;24
5-20-2019 10:45;24
5-20-2019 11:00;24
5-20-2019 11:15;24
5-20-2019 11:30;24
5-20-2019 11:45;24
5-20-2019 12:00;24
5-20-2019 12:15;28
5-20-2019 12:30;28
5-20-2019 12:45;28
5-20-2019 13:00;24
5-20-2019 13:15;24
5-20-2019 13:30;28
5-20-2019 13:45;28
5-20-2019 14:00;32
5-20-2019 14:15;32
5-20-2019 14:30;36
5-20-2019 14:45;0
5-20-2019 15:00;60
5-20-2019 15:15;40
5-20-2019 15:30;32
5-20-2019 15:45;32
5-20-2019 16:00;32
5-20-2019 16:15;32
5-20-2019 16:30;32
5-20-2019 16:45;40
5-20-2019 17:00;40
5-20-2019 17:15;36
5-20-2019 17:30;24
5-20-2019 17:45;24
5-20-2019 18:00;24
5-20-2019 18:15;24
5-20-2019 18:30;28
5-20-2019 18:45;24
5-20-2019 19:00;28
5-20-2019 19:15;32
5-20-2019 19:30;28
5-20-2019 19:45;28
5-20-2019 20:00;32
5-20-2019 20:15;28
5-20-2019 20:30;28
5-20-2019 20:45;24
5-20-2019 21:00;20
5-20-2019 21:15;24
5-20-2019 21:30;12
5-20-2019 21:45;12
5-20-2019 22:00;0
5-20-2019 22:15;0
5-20-2019 22:30;4
5-20-2019 22:45;0
5-20-2019 23:00;4
5-20-2019 23:15;0
5-20-2019 23:30;0
5-20-2019 23:45;4
5-21-2019 0:00;0
5-21-2019 0:15;0
5-21-2019 0:30;4
5-21-2019 0:45;0
5-21-2019 1:00;4
5-21-2019 1:15;0
5-21-2019 1:30;0
5-21-2019 1:45;4
5-21-2019 2:00;0
5-21-2019 2:15;0
5-21-2019 2:30;4
5-21-2019 2:45;0
5-21-2019 3:00;0
5-21-2019 3:15;4
5-21-2019 3:30;0
5-21-2019 3:45;4
5-21-2019 4:00;0
5-21-2019 4:15;0
5-21-2019 4:30;4
5-21-2019 4:45;0
5-21-2019 5:00;0
5-21-2019 5:15;0
5-21-2019 5:30;4
5-21-2019 5:45;0
5-21-2019 6:00;32
5-21-2019 6:15;24
5-21-2019 6:30;20
5-21-2019 6:45;24
5-21-2019 7:00;20
5-21-2019 7:15;20
5-21-2019 7:30;24
5-21-2019 7:45;20
5-21-2019 8:00;24
5-21-2019 8:15;20
5-21-2019 8:30;24
5-21-2019 8:45;20
5-21-2019 9:00;24
5-21-2019 9:15;24
5-21-2019 9:30;24
5-21-2019 9:45;24
5-21-2019 10:00;24
5-21-2019 10:15;24
5-21-2019 10:30;24
5-21-2019 10:45;24
5-21-2019 11:00;28
5-21-2019 11:15;24
5-21-2019 11:30;24
5-21-2019 11:45;28
5-21-2019 12:00;28
5-21-2019 12:15;36
5-21-2019 12:30;24
5-21-2019 12:45;32
5-21-2019 13:00;32
5-21-2019 13:15;36
5-21-2019 13:30;32
5-21-2019 13:45;36
5-21-2019 14:00;28
5-21-2019 14:15;40
5-21-2019 14:30;32
5-21-2019 14:45;32
5-21-2019 15:00;36
5-21-2019 15:15;32
5-21-2019 15:30;32
5-21-2019 15:45;36
5-21-2019 16:00;44
5-21-2019 16:15;32
5-21-2019 16:30;40
5-21-2019 16:45;32
5-21-2019 17:00;40
5-21-2019 17:15;40
5-21-2019 17:30;28
5-21-2019 17:45;44
5-21-2019 18:00;40
5-21-2019 18:15;44
5-21-2019 18:30;40
5-21-2019 18:45;40
5-21-2019 19:00;44
5-21-2019 19:15;40
5-21-2019 19:30;32
5-21-2019 19:45;24
5-21-2019 20:00;28
5-21-2019 20:15;24
5-21-2019 20:30;24
5-21-2019 20:45;28
5-21-2019 21:00;20
5-21-2019 21:15;24
5-21-2019 21:30;4
5-21-2019 21:45;0
5-21-2019 22:00;4
5-21-2019 22:15;0
5-21-2019 22:30;0
5-21-2019 22:45;4
5-21-2019 23:00;0
5-21-2019 23:15;4
5-21-2019 23:30;0
5-21-2019 23:45;0
5-22-2019 0:00;4
5-22-2019 0:15;0
5-22-2019 0:30;4
5-22-2019 0:45;0
5-22-2019 1:00;0
5-22-2019 1:15;4
5-22-2019 1:30;0
5-22-2019 1:45;0
5-22-2019 2:00;4
5-22-2019 2:15;0
5-22-2019 2:30;0
5-22-2019 2:45;4
5-22-2019 3:00;0
5-22-2019 3:15;0
5-22-2019 3:30;4
5-22-2019 3:45;0
5-22-2019 4:00;0
5-22-2019 4:15;4
5-22-2019 4:30;0
5-22-2019 4:45;0
5-22-2019 5:00;4
5-22-2019 5:15;0
5-22-2019 5:30;0
5-22-2019 5:45;4
5-22-2019 6:00;32
5-22-2019 6:15;28
5-22-2019 6:30;20
5-22-2019 6:45;20
5-22-2019 7:00;20
5-22-2019 7:15;20
5-22-2019 7:30;16
5-22-2019 7:45;20
5-22-2019 8:00;20
5-22-2019 8:15;20
5-22-2019 8:30;20
5-22-2019 8:45;20
5-22-2019 9:00;24
5-22-2019 9:15;24
5-22-2019 9:30;20
5-22-2019 9:45;24
5-22-2019 10:00;20
5-22-2019 10:15;24
5-22-2019 10:30;20
5-22-2019 10:45;24
5-22-2019 11:00;24
5-22-2019 11:15;24
5-22-2019 11:30;28
5-22-2019 11:45;28
5-22-2019 12:00;28
5-22-2019 12:15;28
5-22-2019 12:30;36
5-22-2019 12:45;28
5-22-2019 13:00;36
5-22-2019 13:15;28
5-22-2019 13:30;32
5-22-2019 13:45;32
5-22-2019 14:00;32
5-22-2019 14:15;36
5-22-2019 14:30;32
5-22-2019 14:45;40
5-22-2019 15:00;40
5-22-2019 15:15;28
5-22-2019 15:30;36
5-22-2019 15:45;36
5-22-2019 16:00;48
5-22-2019 16:15;48
5-22-2019 16:30;48
5-22-2019 16:45;48
5-22-2019 17:00;48
5-22-2019 17:15;48
5-22-2019 17:30;24
5-22-2019 17:45;32
5-22-2019 18:00;36
5-22-2019 18:15;32
5-22-2019 18:30;32
5-22-2019 18:45;36
5-22-2019 19:00;40
5-22-2019 19:15;40
5-22-2019 19:30;44
5-22-2019 19:45;40
5-22-2019 20:00;36
5-22-2019 20:15;24
5-22-2019 20:30;28
5-22-2019 20:45;24
5-22-2019 21:00;24
5-22-2019 21:15;20
5-22-2019 21:30;4
5-22-2019 21:45;0
5-22-2019 22:00;4
5-22-2019 22:15;0
5-22-2019 22:30;4
5-22-2019 22:45;0
5-22-2019 23:00;0
5-22-2019 23:15;4
5-22-2019 23:30;0
5-22-2019 23:45;4
5-23-2019 0:00;0
5-23-2019 0:15;0
5-23-2019 0:30;4
5-23-2019 0:45;0
5-23-2019 1:00;0
5-23-2019 1:15;4
5-23-2019 1:30;0
5-23-2019 1:45;0
5-23-2019 2:00;4
5-23-2019 2:15;0
5-23-2019 2:30;0
5-23-2019 2:45;4
5-23-2019 3:00;0
5-23-2019 3:15;0
5-23-2019 3:30;4
5-23-2019 3:45;0
5-23-2019 4:00;0
5-23-2019 4:15;4
5-23-2019 4:30;0
5-23-2019 4:45;0
5-23-2019 5:00;4
5-23-2019 5:15;0
5-23-2019 5:30;0
5-23-2019 5:45;4
5-23-2019 6:00;32
5-23-2019 6:15;36
5-23-2019 6:30;20
5-23-2019 6:45;20
5-23-2019 7:00;24
5-23-2019 7:15;20
5-23-2019 7:30;24
5-23-2019 7:45;20
5-23-2019 8:00;20
5-23-2019 8:15;24
5-23-2019 8:30;24
5-23-2019 8:45;20
5-23-2019 9:00;24
5-23-2019 9:15;24
5-23-2019 9:30;24
5-23-2019 9:45;24
5-23-2019 10:00;24
5-23-2019 10:15;24
5-23-2019 10:30;24
5-23-2019 10:45;28
5-23-2019 11:00;24
5-23-2019 11:15;32
5-23-2019 11:30;28
5-23-2019 11:45;32
5-23-2019 12:00;28
5-23-2019 12:15;32
5-23-2019 12:30;32
5-23-2019 12:45;36
5-23-2019 13:00;32
5-23-2019 13:15;36
5-23-2019 13:30;32
5-23-2019 13:45;36
5-23-2019 14:00;36
5-23-2019 14:15;32
5-23-2019 14:30;36
5-23-2019 14:45;36
5-23-2019 15:00;32
5-23-2019 15:15;36
5-23-2019 15:30;32
5-23-2019 15:45;44
5-23-2019 16:00;32
5-23-2019 16:15;40
5-23-2019 16:30;32
5-23-2019 16:45;40
5-23-2019 17:00;44
5-23-2019 17:15;52
5-23-2019 17:30;48
5-23-2019 17:45;44
5-23-2019 18:00;40
5-23-2019 18:15;24
5-23-2019 18:30;24
5-23-2019 18:45;28
5-23-2019 19:00;24
5-23-2019 19:15;32
5-23-2019 19:30;28
5-23-2019 19:45;32
5-23-2019 20:00;28
5-23-2019 20:15;28
5-23-2019 20:30;24
5-23-2019 20:45;28
5-23-2019 21:00;20
5-23-2019 21:15;24
5-23-2019 21:30;0
5-23-2019 21:45;4
5-23-2019 22:00;0
5-23-2019 22:15;4
5-23-2019 22:30;0
5-23-2019 22:45;4
5-23-2019 23:00;0
5-23-2019 23:15;0
5-23-2019 23:30;4
5-23-2019 23:45;0
5-24-2019 0:00;0
5-24-2019 0:15;4
5-24-2019 0:30;0
5-24-2019 0:45;0
5-24-2019 1:00;4
5-24-2019 1:15;0
5-24-2019 1:30;0
5-24-2019 1:45;4
5-24-2019 2:00;0
5-24-2019 2:15;0
5-24-2019 2:30;4
5-24-2019 2:45;0
5-24-2019 3:00;4
5-24-2019 3:15;0
5-24-2019 3:30;0
5-24-2019 3:45;4
5-24-2019 4:00;0
5-24-2019 4:15;0
5-24-2019 4:30;4
5-24-2019 4:45;0
5-24-2019 5:00;0
5-24-2019 5:15;4
5-24-2019 5:30;0
5-24-2019 5:45;0
5-24-2019 6:00;36
5-24-2019 6:15;44
5-24-2019 6:30;24
5-24-2019 6:45;20
5-24-2019 7:00;24
5-24-2019 7:15;20
5-24-2019 7:30;24
5-24-2019 7:45;20
5-24-2019 8:00;20
5-24-2019 8:15;24
5-24-2019 8:30;20
5-24-2019 8:45;24
5-24-2019 9:00;24
5-24-2019 9:15;24
5-24-2019 9:30;24
5-24-2019 9:45;24
5-24-2019 10:00;24
5-24-2019 10:15;24
5-24-2019 10:30;24
5-24-2019 10:45;24
5-24-2019 11:00;24
5-24-2019 11:15;24
5-24-2019 11:30;28
5-24-2019 11:45;28
5-24-2019 12:00;28
5-24-2019 12:15;28
5-24-2019 12:30;32
5-24-2019 12:45;28
5-24-2019 13:00;28
5-24-2019 13:15;32
5-24-2019 13:30;36
5-24-2019 13:45;32
5-24-2019 14:00;28
5-24-2019 14:15;28
5-24-2019 14:30;32
5-24-2019 14:45;32
5-24-2019 15:00;36
5-24-2019 15:15;28
5-24-2019 15:30;40
5-24-2019 15:45;32
5-24-2019 16:00;36
5-24-2019 16:15;32
5-24-2019 16:30;36
5-24-2019 16:45;36
5-24-2019 17:00;32
5-24-2019 17:15;32
5-24-2019 17:30;36
5-24-2019 17:45;32
5-24-2019 18:00;40
5-24-2019 18:15;40
5-24-2019 18:30;44
5-24-2019 18:45;24
5-24-2019 19:00;28
5-24-2019 19:15;24
5-24-2019 19:30;24
5-24-2019 19:45;28
5-24-2019 20:00;24
5-24-2019 20:15;24
5-24-2019 20:30;24
5-24-2019 20:45;24
5-24-2019 21:00;24
5-24-2019 21:15;24
5-24-2019 21:30;0
5-24-2019 21:45;0
5-24-2019 22:00;4
5-24-2019 22:15;0
5-24-2019 22:30;0
5-24-2019 22:45;4
5-24-2019 23:00;0
5-24-2019 23:15;4
5-24-2019 23:30;0
5-24-2019 23:45;0
5-25-2019 0:00;4
5-25-2019 0:15;0
5-25-2019 0:30;4
5-25-2019 0:45;0
5-25-2019 1:00;0
5-25-2019 1:15;4
5-25-2019 1:30;0
5-25-2019 1:45;0
5-25-2019 2:00;4
5-25-2019 2:15;0
5-25-2019 2:30;0
5-25-2019 2:45;4
5-25-2019 3:00;0
5-25-2019 3:15;0
5-25-2019 3:30;4
5-25-2019 3:45;0
5-25-2019 4:00;0
5-25-2019 4:15;4
5-25-2019 4:30;0
5-25-2019 4:45;0
5-25-2019 5:00;4
5-25-2019 5:15;0
5-25-2019 5:30;4
5-25-2019 5:45;0
5-25-2019 6:00;32
5-25-2019 6:15;28
5-25-2019 6:30;20
5-25-2019 6:45;24
5-25-2019 7:00;20
5-25-2019 7:15;24
5-25-2019 7:30;20
5-25-2019 7:45;24
5-25-2019 8:00;20
5-25-2019 8:15;20
5-25-2019 8:30;24
5-25-2019 8:45;20
5-25-2019 9:00;0
5-25-2019 9:15;0
5-25-2019 9:30;0
5-25-2019 9:45;0
5-25-2019 10:00;0
5-25-2019 10:15;0
5-25-2019 10:30;0
5-25-2019 10:45;0
5-25-2019 11:00;0
5-25-2019 11:15;20
5-25-2019 11:30;28
5-25-2019 11:45;44
5-25-2019 12:00;44
5-25-2019 12:15;36
5-25-2019 12:30;44
5-25-2019 12:45;48
5-25-2019 13:00;48
5-25-2019 13:15;48
5-25-2019 13:30;36
5-25-2019 13:45;48
5-25-2019 14:00;52
5-25-2019 14:15;60
5-25-2019 14:30;44
5-25-2019 14:45;36
5-25-2019 15:00;56
5-25-2019 15:15;68
5-25-2019 15:30;52
5-25-2019 15:45;60
5-25-2019 16:00;52
5-25-2019 16:15;52
5-25-2019 16:30;44
5-25-2019 16:45;36
5-25-2019 17:00;52
5-25-2019 17:15;52
5-25-2019 17:30;40
5-25-2019 17:45;32
5-25-2019 18:00;44
5-25-2019 18:15;40
5-25-2019 18:30;44
5-25-2019 18:45;28
5-25-2019 19:00;44
5-25-2019 19:15;40
5-25-2019 19:30;36
5-25-2019 19:45;32
5-25-2019 20:00;44
5-25-2019 20:15;40
5-25-2019 20:30;40
5-25-2019 20:45;36
5-25-2019 21:00;24
5-25-2019 21:15;32
5-25-2019 21:30;4
5-25-2019 21:45;0
5-25-2019 22:00;4
5-25-2019 22:15;0
5-25-2019 22:30;4
5-25-2019 22:45;0
5-25-2019 23:00;0
5-25-2019 23:15;4
5-25-2019 23:30;0
5-25-2019 23:45;4
5-26-2019 0:00;0
5-26-2019 0:15;4
5-26-2019 0:30;0
5-26-2019 0:45;0
5-26-2019 1:00;4
5-26-2019 1:15;0
5-26-2019 1:30;0
5-26-2019 1:45;4
5-26-2019 2:00;0
5-26-2019 2:15;4
5-26-2019 2:30;0
5-26-2019 2:45;0
5-26-2019 3:00;4
5-26-2019 3:15;0
5-26-2019 3:30;0
5-26-2019 3:45;4
5-26-2019 4:00;0
5-26-2019 4:15;0
5-26-2019 4:30;4
5-26-2019 4:45;0
5-26-2019 5:00;0
5-26-2019 5:15;4
5-26-2019 5:30;0
5-26-2019 5:45;0
5-26-2019 6:00;28
5-26-2019 6:15;24
5-26-2019 6:30;20
5-26-2019 6:45;24
5-26-2019 7:00;20
5-26-2019 7:15;20
5-26-2019 7:30;24
5-26-2019 7:45;20
5-26-2019 8:00;24
5-26-2019 8:15;20
5-26-2019 8:30;24
5-26-2019 8:45;20
5-26-2019 9:00;28
5-26-2019 9:15;28
5-26-2019 9:30;28
5-26-2019 9:45;28
5-26-2019 10:00;32
5-26-2019 10:15;32
5-26-2019 10:30;32
5-26-2019 10:45;36
5-26-2019 11:00;32
5-26-2019 11:15;36
5-26-2019 11:30;36
5-26-2019 11:45;36
5-26-2019 12:00;44
5-26-2019 12:15;44
5-26-2019 12:30;44
5-26-2019 12:45;44
5-26-2019 13:00;48
5-26-2019 13:15;44
5-26-2019 13:30;44
5-26-2019 13:45;48
5-26-2019 14:00;52
5-26-2019 14:15;56
5-26-2019 14:30;52
5-26-2019 14:45;56
5-26-2019 15:00;52
5-26-2019 15:15;52
5-26-2019 15:30;56
5-26-2019 15:45;52
5-26-2019 16:00;56
5-26-2019 16:15;52
5-26-2019 16:30;52
5-26-2019 16:45;52
5-26-2019 17:00;52
5-26-2019 17:15;52
5-26-2019 17:30;52
5-26-2019 17:45;52
5-26-2019 18:00;52
5-26-2019 18:15;48
5-26-2019 18:30;52
5-26-2019 18:45;52
5-26-2019 19:00;48
5-26-2019 19:15;48
5-26-2019 19:30;52
5-26-2019 19:45;48
5-26-2019 20:00;52
5-26-2019 20:15;48
5-26-2019 20:30;48
5-26-2019 20:45;48
5-26-2019 21:00;48
5-26-2019 21:15;44
5-26-2019 21:30;4
5-26-2019 21:45;4
5-26-2019 22:00;0
5-26-2019 22:15;0
5-26-2019 22:30;4
5-26-2019 22:45;0
5-26-2019 23:00;4
5-26-2019 23:15;0
5-26-2019 23:30;4
5-26-2019 23:45;0
5-27-2019 0:00;0
5-27-2019 0:15;4
5-27-2019 0:30;0
5-27-2019 0:45;0
5-27-2019 1:00;4
5-27-2019 1:15;0
5-27-2019 1:30;4
5-27-2019 1:45;0
5-27-2019 2:00;0
5-27-2019 2:15;4
5-27-2019 2:30;0
5-27-2019 2:45;0
5-27-2019 3:00;4
5-27-2019 3:15;0
5-27-2019 3:30;0
5-27-2019 3:45;4
5-27-2019 4:00;0
5-27-2019 4:15;0
5-27-2019 4:30;4
5-27-2019 4:45;0
5-27-2019 5:00;0
5-27-2019 5:15;4
5-27-2019 5:30;0
5-27-2019 5:45;0
5-27-2019 6:00;36
5-27-2019 6:15;20
5-27-2019 6:30;24
5-27-2019 6:45;20
5-27-2019 7:00;20
5-27-2019 7:15;24
5-27-2019 7:30;20
5-27-2019 7:45;24
5-27-2019 8:00;20
5-27-2019 8:15;24
5-27-2019 8:30;20
5-27-2019 8:45;20
5-27-2019 9:00;24
5-27-2019 9:15;28
5-27-2019 9:30;24
5-27-2019 9:45;24
5-27-2019 10:00;24
5-27-2019 10:15;24
5-27-2019 10:30;28
5-27-2019 10:45;28
5-27-2019 11:00;32
5-27-2019 11:15;32
5-27-2019 11:30;28
5-27-2019 11:45;28
5-27-2019 12:00;28
5-27-2019 12:15;36
5-27-2019 12:30;28
5-27-2019 12:45;32
5-27-2019 13:00;36
5-27-2019 13:15;32
5-27-2019 13:30;36
5-27-2019 13:45;32
5-27-2019 14:00;36
5-27-2019 14:15;32
5-27-2019 14:30;36
5-27-2019 14:45;32
5-27-2019 15:00;36
5-27-2019 15:15;40
5-27-2019 15:30;44
5-27-2019 15:45;40
5-27-2019 16:00;44
5-27-2019 16:15;40
5-27-2019 16:30;40
5-27-2019 16:45;44
5-27-2019 17:00;40
5-27-2019 17:15;40
5-27-2019 17:30;24
5-27-2019 17:45;36
5-27-2019 18:00;44
5-27-2019 18:15;40
5-27-2019 18:30;44
5-27-2019 18:45;40
5-27-2019 19:00;40
5-27-2019 19:15;40
5-27-2019 19:30;28
5-27-2019 19:45;24
5-27-2019 20:00;24
5-27-2019 20:15;24
5-27-2019 20:30;24
5-27-2019 20:45;28
5-27-2019 21:00;20
5-27-2019 21:15;24
5-27-2019 21:30;12
5-27-2019 21:45;12
5-27-2019 22:00;0
5-27-2019 22:15;4
5-27-2019 22:30;0
5-27-2019 22:45;0
5-27-2019 23:00;4
5-27-2019 23:15;0
5-27-2019 23:30;4
5-27-2019 23:45;0
5-28-2019 0:00;0
5-28-2019 0:15;4
5-28-2019 0:30;0
5-28-2019 0:45;0
5-28-2019 1:00;4
5-28-2019 1:15;0
5-28-2019 1:30;0
5-28-2019 1:45;4
5-28-2019 2:00;0
5-28-2019 2:15;0
5-28-2019 2:30;4
5-28-2019 2:45;0
5-28-2019 3:00;0
5-28-2019 3:15;4
5-28-2019 3:30;0
5-28-2019 3:45;0
5-28-2019 4:00;4
5-28-2019 4:15;0
5-28-2019 4:30;0
5-28-2019 4:45;4
5-28-2019 5:00;0
5-28-2019 5:15;0
5-28-2019 5:30;4
5-28-2019 5:45;0
5-28-2019 6:00;36
5-28-2019 6:15;28
5-28-2019 6:30;20
5-28-2019 6:45;24
5-28-2019 7:00;20
5-28-2019 7:15;24
5-28-2019 7:30;20
5-28-2019 7:45;24
5-28-2019 8:00;20
5-28-2019 8:15;20
5-28-2019 8:30;24
5-28-2019 8:45;24
5-28-2019 9:00;24
5-28-2019 9:15;24
5-28-2019 9:30;24
5-28-2019 9:45;24
5-28-2019 10:00;24
5-28-2019 10:15;24
5-28-2019 10:30;24
5-28-2019 10:45;28
5-28-2019 11:00;28
5-28-2019 11:15;28
5-28-2019 11:30;32
5-28-2019 11:45;32
5-28-2019 12:00;36
5-28-2019 12:15;36
5-28-2019 12:30;32
5-28-2019 12:45;32
5-28-2019 13:00;36
5-28-2019 13:15;36
5-28-2019 13:30;44
5-28-2019 13:45;32
5-28-2019 14:00;48
5-28-2019 14:15;52
5-28-2019 14:30;52
5-28-2019 14:45;52
5-28-2019 15:00;52
5-28-2019 15:15;52
5-28-2019 15:30;52
5-28-2019 15:45;52
5-28-2019 16:00;52
5-28-2019 16:15;52
5-28-2019 16:30;52
5-28-2019 16:45;48
5-28-2019 17:00;52
5-28-2019 17:15;52
5-28-2019 17:30;48
5-28-2019 17:45;52
5-28-2019 18:00;48
5-28-2019 18:15;52
5-28-2019 18:30;48
5-28-2019 18:45;52
5-28-2019 19:00;48
5-28-2019 19:15;48
5-28-2019 19:30;48
5-28-2019 19:45;52
5-28-2019 20:00;48
5-28-2019 20:15;28
5-28-2019 20:30;24
5-28-2019 20:45;32
5-28-2019 21:00;32
5-28-2019 21:15;28
5-28-2019 21:30;4
5-28-2019 21:45;4
5-28-2019 22:00;0
5-28-2019 22:15;0
5-28-2019 22:30;4
5-28-2019 22:45;0
5-28-2019 23:00;4
5-28-2019 23:15;0
5-28-2019 23:30;4
5-28-2019 23:45;0
5-29-2019 0:00;0
5-29-2019 0:15;4
5-29-2019 0:30;0
5-29-2019 0:45;4
5-29-2019 1:00;0
5-29-2019 1:15;0
5-29-2019 1:30;4
5-29-2019 1:45;0
5-29-2019 2:00;0
5-29-2019 2:15;4
5-29-2019 2:30;0
5-29-2019 2:45;4
5-29-2019 3:00;0
5-29-2019 3:15;0
5-29-2019 3:30;4
5-29-2019 3:45;0
5-29-2019 4:00;0
5-29-2019 4:15;4
5-29-2019 4:30;0
5-29-2019 4:45;0
5-29-2019 5:00;4
5-29-2019 5:15;0
5-29-2019 5:30;0
5-29-2019 5:45;4
5-29-2019 6:00;32
5-29-2019 6:15;20
5-29-2019 6:30;24
5-29-2019 6:45;20
5-29-2019 7:00;24
5-29-2019 7:15;20
5-29-2019 7:30;20
5-29-2019 7:45;24
5-29-2019 8:00;20
5-29-2019 8:15;24
5-29-2019 8:30;24
5-29-2019 8:45;20
5-29-2019 9:00;28
5-29-2019 9:15;24
5-29-2019 9:30;28
5-29-2019 9:45;32
5-29-2019 10:00;28
5-29-2019 10:15;32
5-29-2019 10:30;32
5-29-2019 10:45;40
5-29-2019 11:00;32
5-29-2019 11:15;40
5-29-2019 11:30;32
5-29-2019 11:45;44
5-29-2019 12:00;32
5-29-2019 12:15;52
5-29-2019 12:30;52
5-29-2019 12:45;52
5-29-2019 13:00;56
5-29-2019 13:15;52
5-29-2019 13:30;56
5-29-2019 13:45;52
5-29-2019 14:00;56
5-29-2019 14:15;52
5-29-2019 14:30;56
5-29-2019 14:45;56
5-29-2019 15:00;52
5-29-2019 15:15;56
5-29-2019 15:30;56
5-29-2019 15:45;56
5-29-2019 16:00;56
5-29-2019 16:15;56
5-29-2019 16:30;0
5-29-2019 16:45;0
5-29-2019 17:00;88
5-29-2019 17:15;72
5-29-2019 17:30;72
5-29-2019 17:45;76
5-29-2019 18:00;72
5-29-2019 18:15;72
5-29-2019 18:30;64
5-29-2019 18:45;64
5-29-2019 19:00;68
5-29-2019 19:15;52
5-29-2019 19:30;60
5-29-2019 19:45;52
5-29-2019 20:00;52
5-29-2019 20:15;48
5-29-2019 20:30;52
5-29-2019 20:45;48
5-29-2019 21:00;48
5-29-2019 21:15;48
5-29-2019 21:30;4
5-29-2019 21:45;0
5-29-2019 22:00;4
5-29-2019 22:15;0
5-29-2019 22:30;0
5-29-2019 22:45;4
5-29-2019 23:00;0
5-29-2019 23:15;4
5-29-2019 23:30;0
5-29-2019 23:45;4
5-30-2019 0:00;0
5-30-2019 0:15;4
5-30-2019 0:30;0
5-30-2019 0:45;4
5-30-2019 1:00;0
5-30-2019 1:15;4
5-30-2019 1:30;0
5-30-2019 1:45;0
5-30-2019 2:00;0
5-30-2019 2:15;0
5-30-2019 2:30;0
5-30-2019 2:45;0
5-30-2019 3:00;0
5-30-2019 3:15;0
5-30-2019 3:30;0
5-30-2019 3:45;0
5-30-2019 4:00;0
5-30-2019 4:15;0
5-30-2019 4:30;0
5-30-2019 4:45;0
5-30-2019 5:00;0
5-30-2019 5:15;0
5-30-2019 5:30;0
5-30-2019 5:45;0
5-30-2019 6:00;12
5-30-2019 6:15;28
5-30-2019 6:30;24
5-30-2019 6:45;20
5-30-2019 7:00;24
5-30-2019 7:15;24
5-30-2019 7:30;24
5-30-2019 7:45;28
5-30-2019 8:00;28
5-30-2019 8:15;28
5-30-2019 8:30;32
5-30-2019 8:45;32
5-30-2019 9:00;36
5-30-2019 9:15;32
5-30-2019 9:30;36
5-30-2019 9:45;32
5-30-2019 10:00;40
5-30-2019 10:15;48
5-30-2019 10:30;44
5-30-2019 10:45;48
5-30-2019 11:00;60
5-30-2019 11:15;44
5-30-2019 11:30;52
5-30-2019 11:45;56
5-30-2019 12:00;52
5-30-2019 12:15;56
5-30-2019 12:30;56
5-30-2019 12:45;56
5-30-2019 13:00;56
5-30-2019 13:15;60
5-30-2019 13:30;64
5-30-2019 13:45;68
5-30-2019 14:00;72
5-30-2019 14:15;76
5-30-2019 14:30;60
5-30-2019 14:45;76
5-30-2019 15:00;76
5-30-2019 15:15;76
5-30-2019 15:30;72
5-30-2019 15:45;76
5-30-2019 16:00;76
5-30-2019 16:15;76
5-30-2019 16:30;76
5-30-2019 16:45;76
5-30-2019 17:00;72
5-30-2019 17:15;76
5-30-2019 17:30;76
5-30-2019 17:45;76
5-30-2019 18:00;72
5-30-2019 18:15;76
5-30-2019 18:30;76
5-30-2019 18:45;72
5-30-2019 19:00;76
5-30-2019 19:15;72
5-30-2019 19:30;76
5-30-2019 19:45;68
5-30-2019 20:00;64
5-30-2019 20:15;68
5-30-2019 20:30;56
5-30-2019 20:45;68
5-30-2019 21:00;60
5-30-2019 21:15;48
5-30-2019 21:30;4
5-30-2019 21:45;0
5-30-2019 22:00;4
5-30-2019 22:15;4
5-30-2019 22:30;0
5-30-2019 22:45;4
5-30-2019 23:00;0
5-30-2019 23:15;4
5-30-2019 23:30;0
5-30-2019 23:45;4
5-31-2019 0:00;0
5-31-2019 0:15;4
5-31-2019 0:30;0
5-31-2019 0:45;4
5-31-2019 1:00;0
5-31-2019 1:15;0
5-31-2019 1:30;4
5-31-2019 1:45;0
5-31-2019 2:00;4
5-31-2019 2:15;0
5-31-2019 2:30;4
5-31-2019 2:45;0
5-31-2019 3:00;4
5-31-2019 3:15;0
5-31-2019 3:30;4
5-31-2019 3:45;0
5-31-2019 4:00;0
5-31-2019 4:15;4
5-31-2019 4:30;0
5-31-2019 4:45;4
5-31-2019 5:00;0
5-31-2019 5:15;0
5-31-2019 5:30;4
5-31-2019 5:45;0
5-31-2019 6:00;40
5-31-2019 6:15;28
5-31-2019 6:30;24
5-31-2019 6:45;20
5-31-2019 7:00;28
5-31-2019 7:15;40
5-31-2019 7:30;20
5-31-2019 7:45;24
5-31-2019 8:00;24
5-31-2019 8:15;20
5-31-2019 8:30;24
5-31-2019 8:45;24
5-31-2019 9:00;28
5-31-2019 9:15;32
5-31-2019 9:30;36
5-31-2019 9:45;36
5-31-2019 10:00;40
5-31-2019 10:15;48
5-31-2019 10:30;48
5-31-2019 10:45;44
5-31-2019 11:00;52
5-31-2019 11:15;48
5-31-2019 11:30;44
5-31-2019 11:45;60
5-31-2019 12:00;48
5-31-2019 12:15;52
5-31-2019 12:30;60
5-31-2019 12:45;52
5-31-2019 13:00;60
5-31-2019 13:15;60
5-31-2019 13:30;56
5-31-2019 13:45;72
5-31-2019 14:00;64
5-31-2019 14:15;72
5-31-2019 14:30;76
5-31-2019 14:45;64
5-31-2019 15:00;72
5-31-2019 15:15;76
5-31-2019 15:30;76
5-31-2019 15:45;76
5-31-2019 16:00;76
5-31-2019 16:15;76
5-31-2019 16:30;76
5-31-2019 16:45;76
5-31-2019 17:00;72
5-31-2019 17:15;76
5-31-2019 17:30;72
5-31-2019 17:45;76
5-31-2019 18:00;72
5-31-2019 18:15;72
5-31-2019 18:30;72
5-31-2019 18:45;64
5-31-2019 19:00;64
5-31-2019 19:15;72
5-31-2019 19:30;64
5-31-2019 19:45;64
5-31-2019 20:00;68
5-31-2019 20:15;64
5-31-2019 20:30;56
5-31-2019 20:45;68
5-31-2019 21:00;52
5-31-2019 21:15;48
5-31-2019 21:30;4
5-31-2019 21:45;0
5-31-2019 22:00;4
5-31-2019 22:15;4
5-31-2019 22:30;0
5-31-2019 22:45;4
5-31-2019 23:00;0
5-31-2019 23:15;4
5-31-2019 23:30;0
5-31-2019 23:45;4
6-1-2019 0:00;0
6-1-2019 0:15;4
6-1-2019 0:30;0
6-1-2019 0:45;4
6-1-2019 1:00;0
6-1-2019 1:15;4
6-1-2019 1:30;0
6-1-2019 1:45;4
6-1-2019 2:00;0
6-1-2019 2:15;0
6-1-2019 2:30;4
6-1-2019 2:45;0
6-1-2019 3:00;4
6-1-2019 3:15;0
6-1-2019 3:30;4
6-1-2019 3:45;0
6-1-2019 4:00;0
6-1-2019 4:15;4
6-1-2019 4:30;0
6-1-2019 4:45;4
6-1-2019 5:00;0
6-1-2019 5:15;4
6-1-2019 5:30;0
6-1-2019 5:45;0
6-1-2019 6:00;32
6-1-2019 6:15;24
6-1-2019 6:30;20
6-1-2019 6:45;24
6-1-2019 7:00;24
6-1-2019 7:15;28
6-1-2019 7:30;28
6-1-2019 7:45;28
6-1-2019 8:00;24
6-1-2019 8:15;28
6-1-2019 8:30;28
6-1-2019 8:45;32
6-1-2019 9:00;32
6-1-2019 9:15;36
6-1-2019 9:30;36
6-1-2019 9:45;36
6-1-2019 10:00;48
6-1-2019 10:15;52
6-1-2019 10:30;44
6-1-2019 10:45;48
6-1-2019 11:00;52
6-1-2019 11:15;52
6-1-2019 11:30;52
6-1-2019 11:45;60
6-1-2019 12:00;56
6-1-2019 12:15;64
6-1-2019 12:30;68
6-1-2019 12:45;60
6-1-2019 13:00;68
6-1-2019 13:15;76
6-1-2019 13:30;56
6-1-2019 13:45;56
6-1-2019 14:00;56
6-1-2019 14:15;56
6-1-2019 14:30;56
6-1-2019 14:45;56
6-1-2019 15:00;56
6-1-2019 15:15;56
6-1-2019 15:30;56
6-1-2019 15:45;56
6-1-2019 16:00;56
6-1-2019 16:15;60
6-1-2019 16:30;56
6-1-2019 16:45;56
6-1-2019 17:00;56
6-1-2019 17:15;56
6-1-2019 17:30;56
6-1-2019 17:45;56
6-1-2019 18:00;56
6-1-2019 18:15;52
6-1-2019 18:30;56
6-1-2019 18:45;56
6-1-2019 19:00;52
6-1-2019 19:15;56
6-1-2019 19:30;52
6-1-2019 19:45;52
6-1-2019 20:00;52
6-1-2019 20:15;52
6-1-2019 20:30;52
6-1-2019 20:45;52
6-1-2019 21:00;44
6-1-2019 21:15;48
6-1-2019 21:30;4
6-1-2019 21:45;4
6-1-2019 22:00;4
6-1-2019 22:15;0
6-1-2019 22:30;4
6-1-2019 22:45;0
6-1-2019 23:00;4
6-1-2019 23:15;0
6-1-2019 23:30;4
6-1-2019 23:45;0
6-2-2019 0:00;4
6-2-2019 0:15;0
6-2-2019 0:30;4
6-2-2019 0:45;0
6-2-2019 1:00;4
6-2-2019 1:15;0
6-2-2019 1:30;4
6-2-2019 1:45;0
6-2-2019 2:00;4
6-2-2019 2:15;0
6-2-2019 2:30;4
6-2-2019 2:45;0
6-2-2019 3:00;4
6-2-2019 3:15;0
6-2-2019 3:30;4
6-2-2019 3:45;0
6-2-2019 4:00;0
6-2-2019 4:15;4
6-2-2019 4:30;0
6-2-2019 4:45;4
6-2-2019 5:00;0
6-2-2019 5:15;4
6-2-2019 5:30;0
6-2-2019 5:45;0
6-2-2019 6:00;20
6-2-2019 6:15;32
6-2-2019 6:30;36
6-2-2019 6:45;40
6-2-2019 7:00;24
6-2-2019 7:15;20
6-2-2019 7:30;24
6-2-2019 7:45;20
6-2-2019 8:00;24
6-2-2019 8:15;24
6-2-2019 8:30;36
6-2-2019 8:45;40
6-2-2019 9:00;44
6-2-2019 9:15;44
6-2-2019 9:30;40
6-2-2019 9:45;44
6-2-2019 10:00;44
6-2-2019 10:15;44
6-2-2019 10:30;44
6-2-2019 10:45;52
6-2-2019 11:00;56
6-2-2019 11:15;52
6-2-2019 11:30;52
6-2-2019 11:45;56
6-2-2019 12:00;52
6-2-2019 12:15;56
6-2-2019 12:30;56
6-2-2019 12:45;52
6-2-2019 13:00;56
6-2-2019 13:15;56
6-2-2019 13:30;56
6-2-2019 13:45;56
6-2-2019 14:00;56
6-2-2019 14:15;56
6-2-2019 14:30;56
6-2-2019 14:45;56
6-2-2019 15:00;56
6-2-2019 15:15;56
6-2-2019 15:30;56
6-2-2019 15:45;56
6-2-2019 16:00;52
6-2-2019 16:15;56
6-2-2019 16:30;56
6-2-2019 16:45;52
6-2-2019 17:00;56
6-2-2019 17:15;52
6-2-2019 17:30;56
6-2-2019 17:45;52
6-2-2019 18:00;56
6-2-2019 18:15;52
6-2-2019 18:30;52
6-2-2019 18:45;52
6-2-2019 19:00;48
6-2-2019 19:15;52
6-2-2019 19:30;52
6-2-2019 19:45;48
6-2-2019 20:00;52
6-2-2019 20:15;48
6-2-2019 20:30;48
6-2-2019 20:45;48
6-2-2019 21:00;48
6-2-2019 21:15;44
6-2-2019 21:30;4
6-2-2019 21:45;4
6-2-2019 22:00;0
6-2-2019 22:15;4
6-2-2019 22:30;0
6-2-2019 22:45;4
6-2-2019 23:00;0
6-2-2019 23:15;4
6-2-2019 23:30;0
6-2-2019 23:45;4
6-3-2019 0:00;0
6-3-2019 0:15;4
6-3-2019 0:30;0
6-3-2019 0:45;4
6-3-2019 1:00;0
6-3-2019 1:15;0
6-3-2019 1:30;4
6-3-2019 1:45;0
6-3-2019 2:00;4
6-3-2019 2:15;0
6-3-2019 2:30;4
6-3-2019 2:45;0
6-3-2019 3:00;4
6-3-2019 3:15;0
6-3-2019 3:30;0
6-3-2019 3:45;4
6-3-2019 4:00;0
6-3-2019 4:15;4
6-3-2019 4:30;0
6-3-2019 4:45;0
6-3-2019 5:00;4
6-3-2019 5:15;0
6-3-2019 5:30;4
6-3-2019 5:45;0
6-3-2019 6:00;32
6-3-2019 6:15;20
6-3-2019 6:30;24
6-3-2019 6:45;24
6-3-2019 7:00;20
6-3-2019 7:15;24
6-3-2019 7:30;16
6-3-2019 7:45;24
6-3-2019 8:00;24
6-3-2019 8:15;20
6-3-2019 8:30;24
6-3-2019 8:45;24
6-3-2019 9:00;28
6-3-2019 9:15;28
6-3-2019 9:30;28
6-3-2019 9:45;32
6-3-2019 10:00;36
6-3-2019 10:15;44
6-3-2019 10:30;40
6-3-2019 10:45;44
6-3-2019 11:00;40
6-3-2019 11:15;44
6-3-2019 11:30;40
6-3-2019 11:45;44
6-3-2019 12:00;44
6-3-2019 12:15;48
6-3-2019 12:30;52
6-3-2019 12:45;52
6-3-2019 13:00;52
6-3-2019 13:15;52
6-3-2019 13:30;52
6-3-2019 13:45;52
6-3-2019 14:00;52
6-3-2019 14:15;52
6-3-2019 14:30;56
6-3-2019 14:45;52
6-3-2019 15:00;52
6-3-2019 15:15;52
6-3-2019 15:30;52
6-3-2019 15:45;52
6-3-2019 16:00;52
6-3-2019 16:15;52
6-3-2019 16:30;52
6-3-2019 16:45;48
6-3-2019 17:00;52
6-3-2019 17:15;52
6-3-2019 17:30;48
6-3-2019 17:45;52
6-3-2019 18:00;48
6-3-2019 18:15;48
6-3-2019 18:30;52
6-3-2019 18:45;48
6-3-2019 19:00;52
6-3-2019 19:15;48
6-3-2019 19:30;48
6-3-2019 19:45;52
6-3-2019 20:00;48
6-3-2019 20:15;48
6-3-2019 20:30;48
6-3-2019 20:45;48
6-3-2019 21:00;44
6-3-2019 21:15;40
6-3-2019 21:30;28
6-3-2019 21:45;28
6-3-2019 22:00;4
6-3-2019 22:15;4
6-3-2019 22:30;0
6-3-2019 22:45;4
6-3-2019 23:00;0
6-3-2019 23:15;4
6-3-2019 23:30;0
6-3-2019 23:45;4
6-4-2019 0:00;0
6-4-2019 0:15;4
6-4-2019 0:30;0
6-4-2019 0:45;4
6-4-2019 1:00;0
6-4-2019 1:15;4
6-4-2019 1:30;0
6-4-2019 1:45;4
6-4-2019 2:00;0
6-4-2019 2:15;0
6-4-2019 2:30;4
6-4-2019 2:45;0
6-4-2019 3:00;4
6-4-2019 3:15;0
6-4-2019 3:30;0
6-4-2019 3:45;4
6-4-2019 4:00;0
6-4-2019 4:15;4
6-4-2019 4:30;0
6-4-2019 4:45;4
6-4-2019 5:00;0
6-4-2019 5:15;0
6-4-2019 5:30;4
6-4-2019 5:45;0
6-4-2019 6:00;28
6-4-2019 6:15;24
6-4-2019 6:30;20
6-4-2019 6:45;24
6-4-2019 7:00;20
6-4-2019 7:15;24
6-4-2019 7:30;24
6-4-2019 7:45;20
6-4-2019 8:00;24
6-4-2019 8:15;20
6-4-2019 8:30;24
6-4-2019 8:45;24
6-4-2019 9:00;28
6-4-2019 9:15;24
6-4-2019 9:30;24
6-4-2019 9:45;28
6-4-2019 10:00;28
6-4-2019 10:15;28
6-4-2019 10:30;32
6-4-2019 10:45;32
6-4-2019 11:00;36
6-4-2019 11:15;44
6-4-2019 11:30;40
6-4-2019 11:45;44
6-4-2019 12:00;40
6-4-2019 12:15;40
6-4-2019 12:30;40
6-4-2019 12:45;44
6-4-2019 13:00;40
6-4-2019 13:15;44
6-4-2019 13:30;28
6-4-2019 13:45;28
6-4-2019 14:00;24
6-4-2019 14:15;28
6-4-2019 14:30;28
6-4-2019 14:45;32
6-4-2019 15:00;32
6-4-2019 15:15;36
6-4-2019 15:30;32
6-4-2019 15:45;36
6-4-2019 16:00;32
6-4-2019 16:15;36
6-4-2019 16:30;32
6-4-2019 16:45;36
6-4-2019 17:00;32
6-4-2019 17:15;32
6-4-2019 17:30;36
6-4-2019 17:45;44
6-4-2019 18:00;40
6-4-2019 18:15;40
6-4-2019 18:30;44
6-4-2019 18:45;40
6-4-2019 19:00;40
6-4-2019 19:15;36
6-4-2019 19:30;24
6-4-2019 19:45;24
6-4-2019 20:00;28
6-4-2019 20:15;24
6-4-2019 20:30;24
6-4-2019 20:45;28
6-4-2019 21:00;20
6-4-2019 21:15;24
6-4-2019 21:30;4
6-4-2019 21:45;0
6-4-2019 22:00;4
6-4-2019 22:15;0
6-4-2019 22:30;0
6-4-2019 22:45;4
6-4-2019 23:00;0
6-4-2019 23:15;4
6-4-2019 23:30;0
6-4-2019 23:45;4
6-5-2019 0:00;0
6-5-2019 0:15;0
6-5-2019 0:30;4
6-5-2019 0:45;0
6-5-2019 1:00;0
6-5-2019 1:15;4
6-5-2019 1:30;0
6-5-2019 1:45;4
6-5-2019 2:00;0
6-5-2019 2:15;0
6-5-2019 2:30;4
6-5-2019 2:45;0
6-5-2019 3:00;0
6-5-2019 3:15;4
6-5-2019 3:30;0
6-5-2019 3:45;4
6-5-2019 4:00;0
6-5-2019 4:15;0
6-5-2019 4:30;4
6-5-2019 4:45;0
6-5-2019 5:00;0
6-5-2019 5:15;4
6-5-2019 5:30;0
6-5-2019 5:45;0
6-5-2019 6:00;32
6-5-2019 6:15;24
6-5-2019 6:30;24
6-5-2019 6:45;20
6-5-2019 7:00;24
6-5-2019 7:15;20
6-5-2019 7:30;20
6-5-2019 7:45;24
6-5-2019 8:00;20
6-5-2019 8:15;24
6-5-2019 8:30;24
6-5-2019 8:45;20
6-5-2019 9:00;24
6-5-2019 9:15;24
6-5-2019 9:30;24
6-5-2019 9:45;28
6-5-2019 10:00;20
6-5-2019 10:15;28
6-5-2019 10:30;24
6-5-2019 10:45;24
6-5-2019 11:00;24
6-5-2019 11:15;24
6-5-2019 11:30;24
6-5-2019 11:45;24
6-5-2019 12:00;28
6-5-2019 12:15;24
6-5-2019 12:30;24
6-5-2019 12:45;28
6-5-2019 13:00;24
6-5-2019 13:15;24
6-5-2019 13:30;28
6-5-2019 13:45;28
6-5-2019 14:00;36
6-5-2019 14:15;40
6-5-2019 14:30;40
6-5-2019 14:45;40
6-5-2019 15:00;44
6-5-2019 15:15;40
6-5-2019 15:30;40
6-5-2019 15:45;44
6-5-2019 16:00;40
6-5-2019 16:15;40
6-5-2019 16:30;44
6-5-2019 16:45;40
6-5-2019 17:00;40
6-5-2019 17:15;40
6-5-2019 17:30;40
6-5-2019 17:45;28
6-5-2019 18:00;24
6-5-2019 18:15;24
6-5-2019 18:30;24
6-5-2019 18:45;28
6-5-2019 19:00;32
6-5-2019 19:15;28
6-5-2019 19:30;28
6-5-2019 19:45;32
6-5-2019 20:00;28
6-5-2019 20:15;28
6-5-2019 20:30;24
6-5-2019 20:45;24
6-5-2019 21:00;24
6-5-2019 21:15;20
6-5-2019 21:30;4
6-5-2019 21:45;4
6-5-2019 22:00;0
6-5-2019 22:15;0
6-5-2019 22:30;4
6-5-2019 22:45;0
6-5-2019 23:00;4
6-5-2019 23:15;0
6-5-2019 23:30;0
6-5-2019 23:45;4
6-6-2019 0:00;0
6-6-2019 0:15;0
6-6-2019 0:30;4
6-6-2019 0:45;0
6-6-2019 1:00;4
6-6-2019 1:15;0
6-6-2019 1:30;0
6-6-2019 1:45;4
6-6-2019 2:00;0
6-6-2019 2:15;0
6-6-2019 2:30;4
6-6-2019 2:45;0
6-6-2019 3:00;0
6-6-2019 3:15;4
6-6-2019 3:30;0
6-6-2019 3:45;4
6-6-2019 4:00;0
6-6-2019 4:15;0
6-6-2019 4:30;4
6-6-2019 4:45;0
6-6-2019 5:00;0
6-6-2019 5:15;4
6-6-2019 5:30;0
6-6-2019 5:45;0
6-6-2019 6:00;32
6-6-2019 6:15;48
6-6-2019 6:30;40
6-6-2019 6:45;20
6-6-2019 7:00;20
6-6-2019 7:15;24
6-6-2019 7:30;20
6-6-2019 7:45;24
6-6-2019 8:00;20
6-6-2019 8:15;24
6-6-2019 8:30;20
6-6-2019 8:45;24
6-6-2019 9:00;24
6-6-2019 9:15;24
6-6-2019 9:30;24
6-6-2019 9:45;24
6-6-2019 10:00;24
6-6-2019 10:15;24
6-6-2019 10:30;24
6-6-2019 10:45;24
6-6-2019 11:00;24
6-6-2019 11:15;24
6-6-2019 11:30;24
6-6-2019 11:45;24
6-6-2019 12:00;24
6-6-2019 12:15;24
6-6-2019 12:30;28
6-6-2019 12:45;24
6-6-2019 13:00;24
6-6-2019 13:15;24
6-6-2019 13:30;24
6-6-2019 13:45;24
6-6-2019 14:00;28
6-6-2019 14:15;24
6-6-2019 14:30;24
6-6-2019 14:45;24
6-6-2019 15:00;24
6-6-2019 15:15;28
6-6-2019 15:30;24
6-6-2019 15:45;24
6-6-2019 16:00;24
6-6-2019 16:15;28
6-6-2019 16:30;24
6-6-2019 16:45;24
6-6-2019 17:00;24
6-6-2019 17:15;28
6-6-2019 17:30;24
6-6-2019 17:45;24
6-6-2019 18:00;24
6-6-2019 18:15;24
6-6-2019 18:30;24
6-6-2019 18:45;24
6-6-2019 19:00;24
6-6-2019 19:15;28
6-6-2019 19:30;24
6-6-2019 19:45;24
6-6-2019 20:00;24
6-6-2019 20:15;24
6-6-2019 20:30;24
6-6-2019 20:45;24
6-6-2019 21:00;24
6-6-2019 21:15;24
6-6-2019 21:30;0
6-6-2019 21:45;0
6-6-2019 22:00;4
6-6-2019 22:15;0
6-6-2019 22:30;0
6-6-2019 22:45;4
6-6-2019 23:00;0
6-6-2019 23:15;0
6-6-2019 23:30;4
6-6-2019 23:45;0
6-7-2019 0:00;0
6-7-2019 0:15;0
6-7-2019 0:30;4
6-7-2019 0:45;0
6-7-2019 1:00;0
6-7-2019 1:15;4
6-7-2019 1:30;0
6-7-2019 1:45;4
6-7-2019 2:00;0
6-7-2019 2:15;0
6-7-2019 2:30;4
6-7-2019 2:45;0
6-7-2019 3:00;0
6-7-2019 3:15;4
6-7-2019 3:30;0
6-7-2019 3:45;0
6-7-2019 4:00;4
6-7-2019 4:15;0
6-7-2019 4:30;0
6-7-2019 4:45;4
6-7-2019 5:00;0
6-7-2019 5:15;0
6-7-2019 5:30;4
6-7-2019 5:45;0
6-7-2019 6:00;32
6-7-2019 6:15;48
6-7-2019 6:30;40
6-7-2019 6:45;20
6-7-2019 7:00;24
6-7-2019 7:15;20
6-7-2019 7:30;24
6-7-2019 7:45;24
6-7-2019 8:00;20
6-7-2019 8:15;24
6-7-2019 8:30;20
6-7-2019 8:45;24
6-7-2019 9:00;24
6-7-2019 9:15;24
6-7-2019 9:30;24
6-7-2019 9:45;24
6-7-2019 10:00;24
6-7-2019 10:15;24
6-7-2019 10:30;24
6-7-2019 10:45;24
6-7-2019 11:00;24
6-7-2019 11:15;28
6-7-2019 11:30;24
6-7-2019 11:45;24
6-7-2019 12:00;20
6-7-2019 12:15;28
6-7-2019 12:30;28
6-7-2019 12:45;24
6-7-2019 13:00;28
6-7-2019 13:15;24
6-7-2019 13:30;24
6-7-2019 13:45;32
6-7-2019 14:00;32
6-7-2019 14:15;32
6-7-2019 14:30;32
6-7-2019 14:45;28
6-7-2019 15:00;36
6-7-2019 15:15;32
6-7-2019 15:30;32
6-7-2019 15:45;36
6-7-2019 16:00;36
6-7-2019 16:15;32
6-7-2019 16:30;36
6-7-2019 16:45;28
6-7-2019 17:00;40
6-7-2019 17:15;28
6-7-2019 17:30;40
6-7-2019 17:45;40
6-7-2019 18:00;40
6-7-2019 18:15;44
6-7-2019 18:30;32
6-7-2019 18:45;24
6-7-2019 19:00;28
6-7-2019 19:15;24
6-7-2019 19:30;24
6-7-2019 19:45;28
6-7-2019 20:00;24
6-7-2019 20:15;24
6-7-2019 20:30;28
6-7-2019 20:45;24
6-7-2019 21:00;24
6-7-2019 21:15;20
6-7-2019 21:30;4
6-7-2019 21:45;0
6-7-2019 22:00;0
6-7-2019 22:15;4
6-7-2019 22:30;0
6-7-2019 22:45;4
6-7-2019 23:00;0
6-7-2019 23:15;0
6-7-2019 23:30;4
6-7-2019 23:45;0
6-8-2019 0:00;4
6-8-2019 0:15;0
6-8-2019 0:30;0
6-8-2019 0:45;4
6-8-2019 1:00;0
6-8-2019 1:15;0
6-8-2019 1:30;4
6-8-2019 1:45;0
6-8-2019 2:00;4
6-8-2019 2:15;0
6-8-2019 2:30;0
6-8-2019 2:45;4
6-8-2019 3:00;0
6-8-2019 3:15;0
6-8-2019 3:30;4
6-8-2019 3:45;0
6-8-2019 4:00;4
6-8-2019 4:15;0
6-8-2019 4:30;0
6-8-2019 4:45;4
6-8-2019 5:00;0
6-8-2019 5:15;0
6-8-2019 5:30;4
6-8-2019 5:45;0
6-8-2019 6:00;28
6-8-2019 6:15;52
6-8-2019 6:30;20
6-8-2019 6:45;20
6-8-2019 7:00;20
6-8-2019 7:15;20
6-8-2019 7:30;16
6-8-2019 7:45;20
6-8-2019 8:00;20
6-8-2019 8:15;20
6-8-2019 8:30;20
6-8-2019 8:45;20
6-8-2019 9:00;24
6-8-2019 9:15;20
6-8-2019 9:30;20
6-8-2019 9:45;24
6-8-2019 10:00;20
6-8-2019 10:15;24
6-8-2019 10:30;24
6-8-2019 10:45;24
6-8-2019 11:00;24
6-8-2019 11:15;24
6-8-2019 11:30;24
6-8-2019 11:45;24
6-8-2019 12:00;24
6-8-2019 12:15;24
6-8-2019 12:30;28
6-8-2019 12:45;28
6-8-2019 13:00;24
6-8-2019 13:15;28
6-8-2019 13:30;40
6-8-2019 13:45;28
6-8-2019 14:00;36
6-8-2019 14:15;32
6-8-2019 14:30;36
6-8-2019 14:45;28
6-8-2019 15:00;36
6-8-2019 15:15;24
6-8-2019 15:30;28
6-8-2019 15:45;28
6-8-2019 16:00;40
6-8-2019 16:15;32
6-8-2019 16:30;40
6-8-2019 16:45;40
6-8-2019 17:00;44
6-8-2019 17:15;28
6-8-2019 17:30;24
6-8-2019 17:45;28
6-8-2019 18:00;24
6-8-2019 18:15;28
6-8-2019 18:30;28
6-8-2019 18:45;24
6-8-2019 19:00;24
6-8-2019 19:15;24
6-8-2019 19:30;28
6-8-2019 19:45;24
6-8-2019 20:00;24
6-8-2019 20:15;28
6-8-2019 20:30;24
6-8-2019 20:45;24
6-8-2019 21:00;24
6-8-2019 21:15;24
6-8-2019 21:30;0
6-8-2019 21:45;4
6-8-2019 22:00;0
6-8-2019 22:15;4
6-8-2019 22:30;0
6-8-2019 22:45;0
6-8-2019 23:00;4
6-8-2019 23:15;0
6-8-2019 23:30;4
6-8-2019 23:45;0
6-9-2019 0:00;0
6-9-2019 0:15;4
6-9-2019 0:30;0
6-9-2019 0:45;0
6-9-2019 1:00;4
6-9-2019 1:15;0
6-9-2019 1:30;4
6-9-2019 1:45;0
6-9-2019 2:00;0
6-9-2019 2:15;4
6-9-2019 2:30;0
6-9-2019 2:45;0
6-9-2019 3:00;4
6-9-2019 3:15;0
6-9-2019 3:30;0
6-9-2019 3:45;4
6-9-2019 4:00;0
6-9-2019 4:15;0
6-9-2019 4:30;4
6-9-2019 4:45;0
6-9-2019 5:00;4
6-9-2019 5:15;0
6-9-2019 5:30;0
6-9-2019 5:45;4
6-9-2019 6:00;28
6-9-2019 6:15;44
6-9-2019 6:30;20
6-9-2019 6:45;20
6-9-2019 7:00;24
6-9-2019 7:15;20
6-9-2019 7:30;24
6-9-2019 7:45;20
6-9-2019 8:00;24
6-9-2019 8:15;20
6-9-2019 8:30;24
6-9-2019 8:45;20
6-9-2019 9:00;24
6-9-2019 9:15;24
6-9-2019 9:30;24
6-9-2019 9:45;24
6-9-2019 10:00;24
6-9-2019 10:15;24
6-9-2019 10:30;24
6-9-2019 10:45;24
6-9-2019 11:00;24
6-9-2019 11:15;28
6-9-2019 11:30;24
6-9-2019 11:45;32
6-9-2019 12:00;24
6-9-2019 12:15;28
6-9-2019 12:30;28
6-9-2019 12:45;36
6-9-2019 13:00;28
6-9-2019 13:15;32
6-9-2019 13:30;36
6-9-2019 13:45;32
6-9-2019 14:00;40
6-9-2019 14:15;28
6-9-2019 14:30;40
6-9-2019 14:45;32
6-9-2019 15:00;36
6-9-2019 15:15;36
6-9-2019 15:30;32
6-9-2019 15:45;40
6-9-2019 16:00;32
6-9-2019 16:15;44
6-9-2019 16:30;28
6-9-2019 16:45;36
6-9-2019 17:00;32
6-9-2019 17:15;32
6-9-2019 17:30;36
6-9-2019 17:45;32
6-9-2019 18:00;36
6-9-2019 18:15;44
6-9-2019 18:30;40
6-9-2019 18:45;40
6-9-2019 19:00;36
6-9-2019 19:15;40
6-9-2019 19:30;44
6-9-2019 19:45;40
6-9-2019 20:00;40
6-9-2019 20:15;40
6-9-2019 20:30;32
6-9-2019 20:45;24
6-9-2019 21:00;24
6-9-2019 21:15;20
6-9-2019 21:30;4
6-9-2019 21:45;0
6-9-2019 22:00;4
6-9-2019 22:15;0
6-9-2019 22:30;4
6-9-2019 22:45;0
6-9-2019 23:00;4
6-9-2019 23:15;0
6-9-2019 23:30;4
6-9-2019 23:45;0
6-10-2019 0:00;0
6-10-2019 0:15;4
6-10-2019 0:30;0
6-10-2019 0:45;4
6-10-2019 1:00;0
6-10-2019 1:15;0
6-10-2019 1:30;4
6-10-2019 1:45;0
6-10-2019 2:00;0
6-10-2019 2:15;4
6-10-2019 2:30;0
6-10-2019 2:45;4
6-10-2019 3:00;0
6-10-2019 3:15;0
6-10-2019 3:30;4
6-10-2019 3:45;0
6-10-2019 4:00;0
6-10-2019 4:15;4
6-10-2019 4:30;0
6-10-2019 4:45;0
6-10-2019 5:00;4
6-10-2019 5:15;0
6-10-2019 5:30;4
6-10-2019 5:45;0
6-10-2019 6:00;32
6-10-2019 6:15;24
6-10-2019 6:30;24
6-10-2019 6:45;20
6-10-2019 7:00;24
6-10-2019 7:15;20
6-10-2019 7:30;20
6-10-2019 7:45;24
6-10-2019 8:00;20
6-10-2019 8:15;24
6-10-2019 8:30;24
6-10-2019 8:45;20
6-10-2019 9:00;24
6-10-2019 9:15;24
6-10-2019 9:30;24
6-10-2019 9:45;24
6-10-2019 10:00;28
6-10-2019 10:15;24
6-10-2019 10:30;24
6-10-2019 10:45;28
6-10-2019 11:00;28
6-10-2019 11:15;28
6-10-2019 11:30;28
6-10-2019 11:45;32
6-10-2019 12:00;32
6-10-2019 12:15;32
6-10-2019 12:30;28
6-10-2019 12:45;32
6-10-2019 13:00;32
6-10-2019 13:15;40
6-10-2019 13:30;32
6-10-2019 13:45;40
6-10-2019 14:00;32
6-10-2019 14:15;40
6-10-2019 14:30;28
6-10-2019 14:45;36
6-10-2019 15:00;32
6-10-2019 15:15;36
6-10-2019 15:30;32
6-10-2019 15:45;32
6-10-2019 16:00;36
6-10-2019 16:15;32
6-10-2019 16:30;36
6-10-2019 16:45;32
6-10-2019 17:00;32
6-10-2019 17:15;36
6-10-2019 17:30;32
6-10-2019 17:45;32
6-10-2019 18:00;40
6-10-2019 18:15;44
6-10-2019 18:30;40
6-10-2019 18:45;40
6-10-2019 19:00;36
6-10-2019 19:15;28
6-10-2019 19:30;24
6-10-2019 19:45;24
6-10-2019 20:00;28
6-10-2019 20:15;24
6-10-2019 20:30;24
6-10-2019 20:45;24
6-10-2019 21:00;24
6-10-2019 21:15;24
6-10-2019 21:30;12
6-10-2019 21:45;12
6-10-2019 22:00;0
6-10-2019 22:15;4
6-10-2019 22:30;0
6-10-2019 22:45;4
6-10-2019 23:00;0
6-10-2019 23:15;0
6-10-2019 23:30;4
6-10-2019 23:45;0
6-11-2019 0:00;4
6-11-2019 0:15;0
6-11-2019 0:30;0
6-11-2019 0:45;4
6-11-2019 1:00;0
6-11-2019 1:15;0
6-11-2019 1:30;4
6-11-2019 1:45;0
6-11-2019 2:00;4
6-11-2019 2:15;0
6-11-2019 2:30;0
6-11-2019 2:45;4
6-11-2019 3:00;0
6-11-2019 3:15;4
6-11-2019 3:30;0
6-11-2019 3:45;0
6-11-2019 4:00;4
6-11-2019 4:15;0
6-11-2019 4:30;0
6-11-2019 4:45;4
6-11-2019 5:00;0
6-11-2019 5:15;4
6-11-2019 5:30;0
6-11-2019 5:45;0
6-11-2019 6:00;36
6-11-2019 6:15;24
6-11-2019 6:30;20
6-11-2019 6:45;24
6-11-2019 7:00;20
6-11-2019 7:15;24
6-11-2019 7:30;20
6-11-2019 7:45;24
6-11-2019 8:00;20
6-11-2019 8:15;24
6-11-2019 8:30;20
6-11-2019 8:45;24
6-11-2019 9:00;24
6-11-2019 9:15;24
6-11-2019 9:30;24
6-11-2019 9:45;24
6-11-2019 10:00;24
6-11-2019 10:15;24
6-11-2019 10:30;28
6-11-2019 10:45;28
6-11-2019 11:00;24
6-11-2019 11:15;24
6-11-2019 11:30;24
6-11-2019 11:45;28
6-11-2019 12:00;36
6-11-2019 12:15;32
6-11-2019 12:30;28
6-11-2019 12:45;40
6-11-2019 13:00;28
6-11-2019 13:15;32
6-11-2019 13:30;36
6-11-2019 13:45;32
6-11-2019 14:00;32
6-11-2019 14:15;36
6-11-2019 14:30;36
6-11-2019 14:45;32
6-11-2019 15:00;40
6-11-2019 15:15;32
6-11-2019 15:30;40
6-11-2019 15:45;28
6-11-2019 16:00;40
6-11-2019 16:15;32
6-11-2019 16:30;40
6-11-2019 16:45;32
6-11-2019 17:00;40
6-11-2019 17:15;40
6-11-2019 17:30;44
6-11-2019 17:45;40
6-11-2019 18:00;40
6-11-2019 18:15;44
6-11-2019 18:30;40
6-11-2019 18:45;40
6-11-2019 19:00;28
6-11-2019 19:15;24
6-11-2019 19:30;28
6-11-2019 19:45;24
6-11-2019 20:00;24
6-11-2019 20:15;24
6-11-2019 20:30;28
6-11-2019 20:45;24
6-11-2019 21:00;20
6-11-2019 21:15;24
6-11-2019 21:30;4
6-11-2019 21:45;0
6-11-2019 22:00;4
6-11-2019 22:15;0
6-11-2019 22:30;4
6-11-2019 22:45;0
6-11-2019 23:00;0
6-11-2019 23:15;4
6-11-2019 23:30;0
6-11-2019 23:45;4
6-12-2019 0:00;0
6-12-2019 0:15;0
6-12-2019 0:30;4
6-12-2019 0:45;0
6-12-2019 1:00;0
6-12-2019 1:15;4
6-12-2019 1:30;0
6-12-2019 1:45;4
6-12-2019 2:00;0
6-12-2019 2:15;0
6-12-2019 2:30;4
6-12-2019 2:45;0
6-12-2019 3:00;0
6-12-2019 3:15;4
6-12-2019 3:30;0
6-12-2019 3:45;0
6-12-2019 4:00;4
6-12-2019 4:15;0
6-12-2019 4:30;4
6-12-2019 4:45;0
6-12-2019 5:00;0
6-12-2019 5:15;4
6-12-2019 5:30;0
6-12-2019 5:45;0
6-12-2019 6:00;36
6-12-2019 6:15;40
6-12-2019 6:30;20
6-12-2019 6:45;24
6-12-2019 7:00;20
6-12-2019 7:15;24
6-12-2019 7:30;20
6-12-2019 7:45;20
6-12-2019 8:00;24
6-12-2019 8:15;24
6-12-2019 8:30;20
6-12-2019 8:45;24
6-12-2019 9:00;24
6-12-2019 9:15;24
6-12-2019 9:30;24
6-12-2019 9:45;24
6-12-2019 10:00;24
6-12-2019 10:15;24
6-12-2019 10:30;24
6-12-2019 10:45;24
6-12-2019 11:00;24
6-12-2019 11:15;24
6-12-2019 11:30;28
6-12-2019 11:45;28
6-12-2019 12:00;28
6-12-2019 12:15;32
6-12-2019 12:30;32
6-12-2019 12:45;32
6-12-2019 13:00;32
6-12-2019 13:15;28
6-12-2019 13:30;36
6-12-2019 13:45;28
6-12-2019 14:00;36
6-12-2019 14:15;28
6-12-2019 14:30;40
6-12-2019 14:45;28
6-12-2019 15:00;40
6-12-2019 15:15;28
6-12-2019 15:30;40
6-12-2019 15:45;28
6-12-2019 16:00;36
6-12-2019 16:15;32
6-12-2019 16:30;36
6-12-2019 16:45;32
6-12-2019 17:00;32
6-12-2019 17:15;32
6-12-2019 17:30;32
6-12-2019 17:45;40
6-12-2019 18:00;40
6-12-2019 18:15;36
6-12-2019 18:30;28
6-12-2019 18:45;24
6-12-2019 19:00;24
6-12-2019 19:15;24
6-12-2019 19:30;28
6-12-2019 19:45;24
6-12-2019 20:00;24
6-12-2019 20:15;24
6-12-2019 20:30;28
6-12-2019 20:45;24
6-12-2019 21:00;24
6-12-2019 21:15;20
6-12-2019 21:30;4
6-12-2019 21:45;0
6-12-2019 22:00;4
6-12-2019 22:15;0
6-12-2019 22:30;4
6-12-2019 22:45;0
6-12-2019 23:00;0
6-12-2019 23:15;4
6-12-2019 23:30;0
6-12-2019 23:45;0
6-13-2019 0:00;4
6-13-2019 0:15;0
6-13-2019 0:30;4
6-13-2019 0:45;0
6-13-2019 1:00;0
6-13-2019 1:15;4
6-13-2019 1:30;0
6-13-2019 1:45;0
6-13-2019 2:00;4
6-13-2019 2:15;0
6-13-2019 2:30;0
6-13-2019 2:45;4
6-13-2019 3:00;0
6-13-2019 3:15;0
6-13-2019 3:30;4
6-13-2019 3:45;0
6-13-2019 4:00;4
6-13-2019 4:15;0
6-13-2019 4:30;0
6-13-2019 4:45;4
6-13-2019 5:00;0
6-13-2019 5:15;0
6-13-2019 5:30;4
6-13-2019 5:45;0
6-13-2019 6:00;32
6-13-2019 6:15;48
6-13-2019 6:30;20
6-13-2019 6:45;24
6-13-2019 7:00;20
6-13-2019 7:15;24
6-13-2019 7:30;20
6-13-2019 7:45;24
6-13-2019 8:00;20
6-13-2019 8:15;24
6-13-2019 8:30;20
6-13-2019 8:45;24
6-13-2019 9:00;24
6-13-2019 9:15;24
6-13-2019 9:30;24
6-13-2019 9:45;24
6-13-2019 10:00;20
6-13-2019 10:15;28
6-13-2019 10:30;24
6-13-2019 10:45;24
6-13-2019 11:00;24
6-13-2019 11:15;24
6-13-2019 11:30;28
6-13-2019 11:45;24
6-13-2019 12:00;24
6-13-2019 12:15;28
6-13-2019 12:30;28
6-13-2019 12:45;32
6-13-2019 13:00;28
6-13-2019 13:15;32
6-13-2019 13:30;28
6-13-2019 13:45;32
6-13-2019 14:00;32
6-13-2019 14:15;28
6-13-2019 14:30;32
6-13-2019 14:45;28
6-13-2019 15:00;32
6-13-2019 15:15;32
6-13-2019 15:30;36
6-13-2019 15:45;32
6-13-2019 16:00;36
6-13-2019 16:15;32
6-13-2019 16:30;36
6-13-2019 16:45;32
6-13-2019 17:00;40
6-13-2019 17:15;24
6-13-2019 17:30;28
6-13-2019 17:45;28
6-13-2019 18:00;28
6-13-2019 18:15;24
6-13-2019 18:30;28
6-13-2019 18:45;24
6-13-2019 19:00;24
6-13-2019 19:15;24
6-13-2019 19:30;24
6-13-2019 19:45;28
6-13-2019 20:00;24
6-13-2019 20:15;24
6-13-2019 20:30;24
6-13-2019 20:45;28
6-13-2019 21:00;20
6-13-2019 21:15;24
6-13-2019 21:30;4
6-13-2019 21:45;0
6-13-2019 22:00;0
6-13-2019 22:15;4
6-13-2019 22:30;0
6-13-2019 22:45;4
6-13-2019 23:00;0
6-13-2019 23:15;0
6-13-2019 23:30;4
6-13-2019 23:45;0
6-14-2019 0:00;4
6-14-2019 0:15;0
6-14-2019 0:30;0
6-14-2019 0:45;4
6-14-2019 1:00;0
6-14-2019 1:15;0
6-14-2019 1:30;4
6-14-2019 1:45;0
6-14-2019 2:00;0
6-14-2019 2:15;4
6-14-2019 2:30;0
6-14-2019 2:45;0
6-14-2019 3:00;4
6-14-2019 3:15;0
6-14-2019 3:30;0
6-14-2019 3:45;4
6-14-2019 4:00;0
6-14-2019 4:15;4
6-14-2019 4:30;0
6-14-2019 4:45;0
6-14-2019 5:00;4
6-14-2019 5:15;0
6-14-2019 5:30;0
6-14-2019 5:45;4
6-14-2019 6:00;32
6-14-2019 6:15;44
6-14-2019 6:30;20
6-14-2019 6:45;24
6-14-2019 7:00;20
6-14-2019 7:15;24
6-14-2019 7:30;20
6-14-2019 7:45;24
6-14-2019 8:00;20
6-14-2019 8:15;24
6-14-2019 8:30;20
6-14-2019 8:45;24
6-14-2019 9:00;24
6-14-2019 9:15;24
6-14-2019 9:30;24
6-14-2019 9:45;24
6-14-2019 10:00;24
6-14-2019 10:15;24
6-14-2019 10:30;24
6-14-2019 10:45;24
6-14-2019 11:00;24
6-14-2019 11:15;24
6-14-2019 11:30;24
6-14-2019 11:45;24
6-14-2019 12:00;24
6-14-2019 12:15;24
6-14-2019 12:30;24
6-14-2019 12:45;24
6-14-2019 13:00;28
6-14-2019 13:15;24
6-14-2019 13:30;24
6-14-2019 13:45;24
6-14-2019 14:00;24
6-14-2019 14:15;24
6-14-2019 14:30;28
6-14-2019 14:45;28
6-14-2019 15:00;28
6-14-2019 15:15;36
6-14-2019 15:30;28
6-14-2019 15:45;28
6-14-2019 16:00;24
6-14-2019 16:15;28
6-14-2019 16:30;28
6-14-2019 16:45;28
6-14-2019 17:00;28
6-14-2019 17:15;28
6-14-2019 17:30;28
6-14-2019 17:45;28
6-14-2019 18:00;28
6-14-2019 18:15;32
6-14-2019 18:30;28
6-14-2019 18:45;28
6-14-2019 19:00;28
6-14-2019 19:15;32
6-14-2019 19:30;28
6-14-2019 19:45;28
6-14-2019 20:00;32
6-14-2019 20:15;28
6-14-2019 20:30;28
6-14-2019 20:45;24
6-14-2019 21:00;24
6-14-2019 21:15;24
6-14-2019 21:30;0
6-14-2019 21:45;4
6-14-2019 22:00;0
6-14-2019 22:15;4
6-14-2019 22:30;0
6-14-2019 22:45;0
6-14-2019 23:00;4
6-14-2019 23:15;0
6-14-2019 23:30;0
6-14-2019 23:45;4
6-15-2019 0:00;0
6-15-2019 0:15;0
6-15-2019 0:30;4
6-15-2019 0:45;0
6-15-2019 1:00;4
6-15-2019 1:15;0
6-15-2019 1:30;0
6-15-2019 1:45;4
6-15-2019 2:00;0
6-15-2019 2:15;0
6-15-2019 2:30;4
6-15-2019 2:45;0
6-15-2019 3:00;0
6-15-2019 3:15;4
6-15-2019 3:30;0
6-15-2019 3:45;0
6-15-2019 4:00;4
6-15-2019 4:15;0
6-15-2019 4:30;0
6-15-2019 4:45;4
6-15-2019 5:00;0
6-15-2019 5:15;0
6-15-2019 5:30;4
6-15-2019 5:45;0
6-15-2019 6:00;32
6-15-2019 6:15;52
6-15-2019 6:30;28
6-15-2019 6:45;20
6-15-2019 7:00;24
6-15-2019 7:15;20
6-15-2019 7:30;24
6-15-2019 7:45;20
6-15-2019 8:00;24
6-15-2019 8:15;20
6-15-2019 8:30;24
6-15-2019 8:45;20
6-15-2019 9:00;24
6-15-2019 9:15;24
6-15-2019 9:30;24
6-15-2019 9:45;24
6-15-2019 10:00;24
6-15-2019 10:15;24
6-15-2019 10:30;24
6-15-2019 10:45;24
6-15-2019 11:00;28
6-15-2019 11:15;24
6-15-2019 11:30;24
6-15-2019 11:45;24
6-15-2019 12:00;24
6-15-2019 12:15;28
6-15-2019 12:30;24
6-15-2019 12:45;32
6-15-2019 13:00;36
6-15-2019 13:15;24
6-15-2019 13:30;28
6-15-2019 13:45;24
6-15-2019 14:00;28
6-15-2019 14:15;32
6-15-2019 14:30;28
6-15-2019 14:45;28
6-15-2019 15:00;28
6-15-2019 15:15;28
6-15-2019 15:30;40
6-15-2019 15:45;32
6-15-2019 16:00;36
6-15-2019 16:15;32
6-15-2019 16:30;40
6-15-2019 16:45;28
6-15-2019 17:00;44
6-15-2019 17:15;28
6-15-2019 17:30;40
6-15-2019 17:45;32
6-15-2019 18:00;40
6-15-2019 18:15;32
6-15-2019 18:30;36
6-15-2019 18:45;40
6-15-2019 19:00;44
6-15-2019 19:15;40
6-15-2019 19:30;32
6-15-2019 19:45;28
6-15-2019 20:00;24
6-15-2019 20:15;24
6-15-2019 20:30;24
6-15-2019 20:45;24
6-15-2019 21:00;24
6-15-2019 21:15;24
6-15-2019 21:30;0
6-15-2019 21:45;4
6-15-2019 22:00;0
6-15-2019 22:15;4
6-15-2019 22:30;0
6-15-2019 22:45;0
6-15-2019 23:00;4
6-15-2019 23:15;0
6-15-2019 23:30;0
6-15-2019 23:45;4
6-16-2019 0:00;0
6-16-2019 0:15;4
6-16-2019 0:30;0
6-16-2019 0:45;0
6-16-2019 1:00;4
6-16-2019 1:15;0
6-16-2019 1:30;0
6-16-2019 1:45;4
6-16-2019 2:00;0
6-16-2019 2:15;0
6-16-2019 2:30;4
6-16-2019 2:45;0
6-16-2019 3:00;0
6-16-2019 3:15;4
6-16-2019 3:30;0
6-16-2019 3:45;4
6-16-2019 4:00;0
6-16-2019 4:15;0
6-16-2019 4:30;4
6-16-2019 4:45;0
6-16-2019 5:00;0
6-16-2019 5:15;4
6-16-2019 5:30;0
6-16-2019 5:45;0
6-16-2019 6:00;32
6-16-2019 6:15;36
6-16-2019 6:30;24
6-16-2019 6:45;20
6-16-2019 7:00;20
6-16-2019 7:15;24
6-16-2019 7:30;20
6-16-2019 7:45;24
6-16-2019 8:00;20
6-16-2019 8:15;24
6-16-2019 8:30;20
6-16-2019 8:45;24
6-16-2019 9:00;24
6-16-2019 9:15;24
6-16-2019 9:30;24
6-16-2019 9:45;24
6-16-2019 10:00;24
6-16-2019 10:15;24
6-16-2019 10:30;24
6-16-2019 10:45;24
6-16-2019 11:00;28
6-16-2019 11:15;24
6-16-2019 11:30;24
6-16-2019 11:45;28
6-16-2019 12:00;40
6-16-2019 12:15;28
6-16-2019 12:30;32
6-16-2019 12:45;32
6-16-2019 13:00;36
6-16-2019 13:15;32
6-16-2019 13:30;36
6-16-2019 13:45;32
6-16-2019 14:00;40
6-16-2019 14:15;32
6-16-2019 14:30;36
6-16-2019 14:45;32
6-16-2019 15:00;40
6-16-2019 15:15;32
6-16-2019 15:30;40
6-16-2019 15:45;44
6-16-2019 16:00;32
6-16-2019 16:15;40
6-16-2019 16:30;36
6-16-2019 16:45;36
6-16-2019 17:00;36
6-16-2019 17:15;40
6-16-2019 17:30;40
6-16-2019 17:45;32
6-16-2019 18:00;40
6-16-2019 18:15;32
6-16-2019 18:30;40
6-16-2019 18:45;44
6-16-2019 19:00;40
6-16-2019 19:15;40
6-16-2019 19:30;44
6-16-2019 19:45;40
6-16-2019 20:00;36
6-16-2019 20:15;24
6-16-2019 20:30;28
6-16-2019 20:45;24
6-16-2019 21:00;24
6-16-2019 21:15;20
6-16-2019 21:30;4
6-16-2019 21:45;0
6-16-2019 22:00;4
6-16-2019 22:15;0
6-16-2019 22:30;4
6-16-2019 22:45;0
6-16-2019 23:00;0
6-16-2019 23:15;4
6-16-2019 23:30;0
6-16-2019 23:45;0
6-17-2019 0:00;4
6-17-2019 0:15;0
6-17-2019 0:30;4
6-17-2019 0:45;0
6-17-2019 1:00;0
6-17-2019 1:15;4
6-17-2019 1:30;0
6-17-2019 1:45;0
6-17-2019 2:00;4
6-17-2019 2:15;0
6-17-2019 2:30;4
6-17-2019 2:45;0
6-17-2019 3:00;0
6-17-2019 3:15;4
6-17-2019 3:30;0
6-17-2019 3:45;0
6-17-2019 4:00;4
6-17-2019 4:15;0
6-17-2019 4:30;0
6-17-2019 4:45;4
6-17-2019 5:00;0
6-17-2019 5:15;0
6-17-2019 5:30;4
6-17-2019 5:45;0
6-17-2019 6:00;32
6-17-2019 6:15;40
6-17-2019 6:30;20
6-17-2019 6:45;24
6-17-2019 7:00;20
6-17-2019 7:15;24
6-17-2019 7:30;24
6-17-2019 7:45;20
6-17-2019 8:00;24
6-17-2019 8:15;20
6-17-2019 8:30;24
6-17-2019 8:45;24
6-17-2019 9:00;24
6-17-2019 9:15;24
6-17-2019 9:30;24
6-17-2019 9:45;24
6-17-2019 10:00;24
6-17-2019 10:15;20
6-17-2019 10:30;24
6-17-2019 10:45;24
6-17-2019 11:00;28
6-17-2019 11:15;24
6-17-2019 11:30;28
6-17-2019 11:45;24
6-17-2019 12:00;28
6-17-2019 12:15;24
6-17-2019 12:30;28
6-17-2019 12:45;32
6-17-2019 13:00;36
6-17-2019 13:15;32
6-17-2019 13:30;32
6-17-2019 13:45;36
6-17-2019 14:00;28
6-17-2019 14:15;40
6-17-2019 14:30;32
6-17-2019 14:45;44
6-17-2019 15:00;32
6-17-2019 15:15;36
6-17-2019 15:30;40
6-17-2019 15:45;32
6-17-2019 16:00;40
6-17-2019 16:15;32
6-17-2019 16:30;40
6-17-2019 16:45;32
6-17-2019 17:00;40
6-17-2019 17:15;40
6-17-2019 17:30;44
6-17-2019 17:45;40
6-17-2019 18:00;40
6-17-2019 18:15;40
6-17-2019 18:30;44
6-17-2019 18:45;40
6-17-2019 19:00;40
6-17-2019 19:15;44
6-17-2019 19:30;40
6-17-2019 19:45;36
6-17-2019 20:00;28
6-17-2019 20:15;24
6-17-2019 20:30;24
6-17-2019 20:45;24
6-17-2019 21:00;24
6-17-2019 21:15;20
6-17-2019 21:30;12
6-17-2019 21:45;12
6-17-2019 22:00;4
6-17-2019 22:15;0
6-17-2019 22:30;4
6-17-2019 22:45;0
6-17-2019 23:00;0
6-17-2019 23:15;4
6-17-2019 23:30;0
6-17-2019 23:45;4
6-18-2019 0:00;0
6-18-2019 0:15;0
6-18-2019 0:30;4
6-18-2019 0:45;0
6-18-2019 1:00;0
6-18-2019 1:15;4
6-18-2019 1:30;0
6-18-2019 1:45;4
6-18-2019 2:00;0
6-18-2019 2:15;0
6-18-2019 2:30;4
6-18-2019 2:45;0
6-18-2019 3:00;0
6-18-2019 3:15;0
6-18-2019 3:30;4
6-18-2019 3:45;0
6-18-2019 4:00;0
6-18-2019 4:15;4
6-18-2019 4:30;0
6-18-2019 4:45;0
6-18-2019 5:00;4
6-18-2019 5:15;0
6-18-2019 5:30;4
6-18-2019 5:45;0
6-18-2019 6:00;0
6-18-2019 6:15;4
6-18-2019 6:30;8
6-18-2019 6:45;32
6-18-2019 7:00;20
6-18-2019 7:15;24
6-18-2019 7:30;20
6-18-2019 7:45;24
6-18-2019 8:00;24
6-18-2019 8:15;20
6-18-2019 8:30;24
6-18-2019 8:45;24
6-18-2019 9:00;24
6-18-2019 9:15;24
6-18-2019 9:30;24
6-18-2019 9:45;24
6-18-2019 10:00;24
6-18-2019 10:15;28
6-18-2019 10:30;24
6-18-2019 10:45;28
6-18-2019 11:00;24
6-18-2019 11:15;28
6-18-2019 11:30;24
6-18-2019 11:45;24
6-18-2019 12:00;28
6-18-2019 12:15;24
6-18-2019 12:30;24
6-18-2019 12:45;28
6-18-2019 13:00;36
6-18-2019 13:15;28
6-18-2019 13:30;40
6-18-2019 13:45;32
6-18-2019 14:00;32
6-18-2019 14:15;36
6-18-2019 14:30;32
6-18-2019 14:45;40
6-18-2019 15:00;40
6-18-2019 15:15;28
6-18-2019 15:30;44
6-18-2019 15:45;28
6-18-2019 16:00;36
6-18-2019 16:15;32
6-18-2019 16:30;36
6-18-2019 16:45;36
6-18-2019 17:00;28
6-18-2019 17:15;28
6-18-2019 17:30;36
6-18-2019 17:45;32
6-18-2019 18:00;32
6-18-2019 18:15;36
6-18-2019 18:30;32
6-18-2019 18:45;36
6-18-2019 19:00;32
6-18-2019 19:15;36
6-18-2019 19:30;32
6-18-2019 19:45;32
6-18-2019 20:00;36
6-18-2019 20:15;32
6-18-2019 20:30;32
6-18-2019 20:45;36
6-18-2019 21:00;32
6-18-2019 21:15;36
6-18-2019 21:30;4
6-18-2019 21:45;4
6-18-2019 22:00;0
6-18-2019 22:15;4
6-18-2019 22:30;0
6-18-2019 22:45;0
6-18-2019 23:00;4
6-18-2019 23:15;0
6-18-2019 23:30;4
6-18-2019 23:45;0
6-19-2019 0:00;0
6-19-2019 0:15;4
6-19-2019 0:30;0
6-19-2019 0:45;4
6-19-2019 1:00;0
6-19-2019 1:15;0
6-19-2019 1:30;4
6-19-2019 1:45;0
6-19-2019 2:00;4
6-19-2019 2:15;0
6-19-2019 2:30;0
6-19-2019 2:45;4
6-19-2019 3:00;0
6-19-2019 3:15;4
6-19-2019 3:30;0
6-19-2019 3:45;0
6-19-2019 4:00;4
6-19-2019 4:15;0
6-19-2019 4:30;4
6-19-2019 4:45;0
6-19-2019 5:00;0
6-19-2019 5:15;4
6-19-2019 5:30;0
6-19-2019 5:45;0
6-19-2019 6:00;20
6-19-2019 6:15;20
6-19-2019 6:30;24
6-19-2019 6:45;20
6-19-2019 7:00;24
6-19-2019 7:15;20
6-19-2019 7:30;0
6-19-2019 7:45;0
6-19-2019 8:00;0
6-19-2019 8:15;0
6-19-2019 8:30;0
6-19-2019 8:45;0
6-19-2019 9:00;20
6-19-2019 9:15;24
6-19-2019 9:30;24
6-19-2019 9:45;32
6-19-2019 10:00;40
6-19-2019 10:15;32
6-19-2019 10:30;32
6-19-2019 10:45;44
6-19-2019 11:00;36
6-19-2019 11:15;24
6-19-2019 11:30;32
6-19-2019 11:45;40
6-19-2019 12:00;28
6-19-2019 12:15;48
6-19-2019 12:30;52
6-19-2019 12:45;56
6-19-2019 13:00;28
6-19-2019 13:15;24
6-19-2019 13:30;48
6-19-2019 13:45;48
6-19-2019 14:00;44
6-19-2019 14:15;24
6-19-2019 14:30;36
6-19-2019 14:45;48
6-19-2019 15:00;48
6-19-2019 15:15;56
6-19-2019 15:30;52
6-19-2019 15:45;56
6-19-2019 16:00;48
6-19-2019 16:15;36
6-19-2019 16:30;24
6-19-2019 16:45;44
6-19-2019 17:00;56
6-19-2019 17:15;44
6-19-2019 17:30;40
6-19-2019 17:45;44
6-19-2019 18:00;40
6-19-2019 18:15;44
6-19-2019 18:30;44
6-19-2019 18:45;48
6-19-2019 19:00;44
6-19-2019 19:15;44
6-19-2019 19:30;32
6-19-2019 19:45;28
6-19-2019 20:00;36
6-19-2019 20:15;44
6-19-2019 20:30;32
6-19-2019 20:45;24
6-19-2019 21:00;32
6-19-2019 21:15;28
6-19-2019 21:30;4
6-19-2019 21:45;4
6-19-2019 22:00;0
6-19-2019 22:15;4
6-19-2019 22:30;0
6-19-2019 22:45;0
6-19-2019 23:00;4
6-19-2019 23:15;0
6-19-2019 23:30;4
6-19-2019 23:45;0
6-20-2019 0:00;0
6-20-2019 0:15;4
6-20-2019 0:30;0
6-20-2019 0:45;4
6-20-2019 1:00;0
6-20-2019 1:15;0
6-20-2019 1:30;4
6-20-2019 1:45;0
6-20-2019 2:00;0
6-20-2019 2:15;4
6-20-2019 2:30;0
6-20-2019 2:45;4
6-20-2019 3:00;0
6-20-2019 3:15;0
6-20-2019 3:30;4
6-20-2019 3:45;0
6-20-2019 4:00;0
6-20-2019 4:15;4
6-20-2019 4:30;0
6-20-2019 4:45;4
6-20-2019 5:00;0
6-20-2019 5:15;0
6-20-2019 5:30;4
6-20-2019 5:45;0
6-20-2019 6:00;40
6-20-2019 6:15;36
6-20-2019 6:30;24
6-20-2019 6:45;20
6-20-2019 7:00;24
6-20-2019 7:15;20
6-20-2019 7:30;24
6-20-2019 7:45;20
6-20-2019 8:00;24
6-20-2019 8:15;24
6-20-2019 8:30;20
6-20-2019 8:45;24
6-20-2019 9:00;24
6-20-2019 9:15;24
6-20-2019 9:30;24
6-20-2019 9:45;24
6-20-2019 10:00;24
6-20-2019 10:15;28
6-20-2019 10:30;24
6-20-2019 10:45;24
6-20-2019 11:00;24
6-20-2019 11:15;28
6-20-2019 11:30;28
6-20-2019 11:45;28
6-20-2019 12:00;28
6-20-2019 12:15;36
6-20-2019 12:30;28
6-20-2019 12:45;36
6-20-2019 13:00;28
6-20-2019 13:15;32
6-20-2019 13:30;32
6-20-2019 13:45;36
6-20-2019 14:00;40
6-20-2019 14:15;36
6-20-2019 14:30;40
6-20-2019 14:45;36
6-20-2019 15:00;32
6-20-2019 15:15;28
6-20-2019 15:30;44
6-20-2019 15:45;32
6-20-2019 16:00;32
6-20-2019 16:15;40
6-20-2019 16:30;44
6-20-2019 16:45;48
6-20-2019 17:00;28
6-20-2019 17:15;36
6-20-2019 17:30;32
6-20-2019 17:45;36
6-20-2019 18:00;44
6-20-2019 18:15;40
6-20-2019 18:30;32
6-20-2019 18:45;24
6-20-2019 19:00;44
6-20-2019 19:15;28
6-20-2019 19:30;36
6-20-2019 19:45;40
6-20-2019 20:00;28
6-20-2019 20:15;24
6-20-2019 20:30;24
6-20-2019 20:45;28
6-20-2019 21:00;28
6-20-2019 21:15;24
6-20-2019 21:30;4
6-20-2019 21:45;0
6-20-2019 22:00;0
6-20-2019 22:15;4
6-20-2019 22:30;0
6-20-2019 22:45;0
6-20-2019 23:00;4
6-20-2019 23:15;0
6-20-2019 23:30;0
6-20-2019 23:45;4
6-21-2019 0:00;0
6-21-2019 0:15;0
6-21-2019 0:30;4
6-21-2019 0:45;0
6-21-2019 1:00;0
6-21-2019 1:15;4
6-21-2019 1:30;0
6-21-2019 1:45;0
6-21-2019 2:00;4
6-21-2019 2:15;0
6-21-2019 2:30;0
6-21-2019 2:45;0
6-21-2019 3:00;4
6-21-2019 3:15;0
6-21-2019 3:30;0
6-21-2019 3:45;4
6-21-2019 4:00;0
6-21-2019 4:15;0
6-21-2019 4:30;4
6-21-2019 4:45;0
6-21-2019 5:00;0
6-21-2019 5:15;0
6-21-2019 5:30;4
6-21-2019 5:45;0
6-21-2019 6:00;48
6-21-2019 6:15;44
6-21-2019 6:30;20
6-21-2019 6:45;32
6-21-2019 7:00;32
6-21-2019 7:15;24
6-21-2019 7:30;24
6-21-2019 7:45;20
6-21-2019 8:00;24
6-21-2019 8:15;20
6-21-2019 8:30;24
6-21-2019 8:45;24
6-21-2019 9:00;24
6-21-2019 9:15;24
6-21-2019 9:30;24
6-21-2019 9:45;24
6-21-2019 10:00;24
6-21-2019 10:15;24
6-21-2019 10:30;24
6-21-2019 10:45;28
6-21-2019 11:00;28
6-21-2019 11:15;32
6-21-2019 11:30;36
6-21-2019 11:45;36
6-21-2019 12:00;32
6-21-2019 12:15;36
6-21-2019 12:30;36
6-21-2019 12:45;36
6-21-2019 13:00;40
6-21-2019 13:15;36
6-21-2019 13:30;40
6-21-2019 13:45;36
6-21-2019 14:00;40
6-21-2019 14:15;36
6-21-2019 14:30;36
6-21-2019 14:45;32
6-21-2019 15:00;44
6-21-2019 15:15;44
6-21-2019 15:30;44
6-21-2019 15:45;44
6-21-2019 16:00;40
6-21-2019 16:15;36
6-21-2019 16:30;52
6-21-2019 16:45;44
6-21-2019 17:00;40
6-21-2019 17:15;32
6-21-2019 17:30;44
6-21-2019 17:45;36
6-21-2019 18:00;44
6-21-2019 18:15;44
6-21-2019 18:30;28
6-21-2019 18:45;36
6-21-2019 19:00;32
6-21-2019 19:15;32
6-21-2019 19:30;44
6-21-2019 19:45;40
6-21-2019 20:00;24
6-21-2019 20:15;28
6-21-2019 20:30;40
6-21-2019 20:45;24
6-21-2019 21:00;24
6-21-2019 21:15;32
6-21-2019 21:30;4
6-21-2019 21:45;0
6-21-2019 22:00;4
6-21-2019 22:15;0
6-21-2019 22:30;4
6-21-2019 22:45;0
6-21-2019 23:00;0
6-21-2019 23:15;4
6-21-2019 23:30;0
6-21-2019 23:45;4
6-22-2019 0:00;0
6-22-2019 0:15;0
6-22-2019 0:30;4
6-22-2019 0:45;0
6-22-2019 1:00;0
6-22-2019 1:15;4
6-22-2019 1:30;0
6-22-2019 1:45;0
6-22-2019 2:00;4
6-22-2019 2:15;0
6-22-2019 2:30;4
6-22-2019 2:45;0
6-22-2019 3:00;0
6-22-2019 3:15;4
6-22-2019 3:30;0
6-22-2019 3:45;0
6-22-2019 4:00;4
6-22-2019 4:15;0
6-22-2019 4:30;0
6-22-2019 4:45;4
6-22-2019 5:00;0
6-22-2019 5:15;4
6-22-2019 5:30;0
6-22-2019 5:45;0
6-22-2019 6:00;40
6-22-2019 6:15;44
6-22-2019 6:30;24
6-22-2019 6:45;20
6-22-2019 7:00;24
6-22-2019 7:15;20
6-22-2019 7:30;24
6-22-2019 7:45;20
6-22-2019 8:00;24
6-22-2019 8:15;20
6-22-2019 8:30;24
6-22-2019 8:45;24
6-22-2019 9:00;24
6-22-2019 9:15;24
6-22-2019 9:30;24
6-22-2019 9:45;24
6-22-2019 10:00;24
6-22-2019 10:15;24
6-22-2019 10:30;28
6-22-2019 10:45;32
6-22-2019 11:00;28
6-22-2019 11:15;44
6-22-2019 11:30;28
6-22-2019 11:45;40
6-22-2019 12:00;36
6-22-2019 12:15;40
6-22-2019 12:30;48
6-22-2019 12:45;48
6-22-2019 13:00;36
6-22-2019 13:15;36
6-22-2019 13:30;52
6-22-2019 13:45;56
6-22-2019 14:00;40
6-22-2019 14:15;40
6-22-2019 14:30;56
6-22-2019 14:45;44
6-22-2019 15:00;52
6-22-2019 15:15;48
6-22-2019 15:30;56
6-22-2019 15:45;52
6-22-2019 16:00;44
6-22-2019 16:15;60
6-22-2019 16:30;48
6-22-2019 16:45;36
6-22-2019 17:00;52
6-22-2019 17:15;48
6-22-2019 17:30;52
6-22-2019 17:45;48
6-22-2019 18:00;48
6-22-2019 18:15;52
6-22-2019 18:30;48
6-22-2019 18:45;44
6-22-2019 19:00;40
6-22-2019 19:15;36
6-22-2019 19:30;52
6-22-2019 19:45;56
6-22-2019 20:00;40
6-22-2019 20:15;36
6-22-2019 20:30;36
6-22-2019 20:45;44
6-22-2019 21:00;48
6-22-2019 21:15;32
6-22-2019 21:30;4
6-22-2019 21:45;0
6-22-2019 22:00;4
6-22-2019 22:15;0
6-22-2019 22:30;4
6-22-2019 22:45;0
6-22-2019 23:00;4
6-22-2019 23:15;0
6-22-2019 23:30;4
6-22-2019 23:45;0
6-23-2019 0:00;0
6-23-2019 0:15;4
6-23-2019 0:30;0
6-23-2019 0:45;4
6-23-2019 1:00;0
6-23-2019 1:15;0
6-23-2019 1:30;4
6-23-2019 1:45;0
6-23-2019 2:00;4
6-23-2019 2:15;0
6-23-2019 2:30;0
6-23-2019 2:45;4
6-23-2019 3:00;0
6-23-2019 3:15;4
6-23-2019 3:30;0
6-23-2019 3:45;0
6-23-2019 4:00;4
6-23-2019 4:15;0
6-23-2019 4:30;4
6-23-2019 4:45;0
6-23-2019 5:00;0
6-23-2019 5:15;4
6-23-2019 5:30;0
6-23-2019 5:45;4
6-23-2019 6:00;32
6-23-2019 6:15;20
6-23-2019 6:30;24
6-23-2019 6:45;24
6-23-2019 7:00;28
6-23-2019 7:15;24
6-23-2019 7:30;20
6-23-2019 7:45;24
6-23-2019 8:00;28
6-23-2019 8:15;24
6-23-2019 8:30;28
6-23-2019 8:45;28
6-23-2019 9:00;28
6-23-2019 9:15;32
6-23-2019 9:30;28
6-23-2019 9:45;32
6-23-2019 10:00;28
6-23-2019 10:15;24
6-23-2019 10:30;28
6-23-2019 10:45;24
6-23-2019 11:00;36
6-23-2019 11:15;28
6-23-2019 11:30;28
6-23-2019 11:45;24
6-23-2019 12:00;32
6-23-2019 12:15;36
6-23-2019 12:30;24
6-23-2019 12:45;32
6-23-2019 13:00;36
6-23-2019 13:15;24
6-23-2019 13:30;28
6-23-2019 13:45;36
6-23-2019 14:00;32
6-23-2019 14:15;32
6-23-2019 14:30;32
6-23-2019 14:45;48
6-23-2019 15:00;44
6-23-2019 15:15;28
6-23-2019 15:30;48
6-23-2019 15:45;60
6-23-2019 16:00;60
6-23-2019 16:15;32
6-23-2019 16:30;36
6-23-2019 16:45;56
6-23-2019 17:00;56
6-23-2019 17:15;52
6-23-2019 17:30;44
6-23-2019 17:45;24
6-23-2019 18:00;48
6-23-2019 18:15;56
6-23-2019 18:30;60
6-23-2019 18:45;44
6-23-2019 19:00;28
6-23-2019 19:15;32
6-23-2019 19:30;48
6-23-2019 19:45;24
6-23-2019 20:00;36
6-23-2019 20:15;52
6-23-2019 20:30;36
6-23-2019 20:45;28
6-23-2019 21:00;24
6-23-2019 21:15;28
6-23-2019 21:30;0
6-23-2019 21:45;4
6-23-2019 22:00;0
6-23-2019 22:15;4
6-23-2019 22:30;0
6-23-2019 22:45;0
6-23-2019 23:00;4
6-23-2019 23:15;0
6-23-2019 23:30;4
6-23-2019 23:45;0
6-24-2019 0:00;0
6-24-2019 0:15;4
6-24-2019 0:30;0
6-24-2019 0:45;4
6-24-2019 1:00;0
6-24-2019 1:15;0
6-24-2019 1:30;4
6-24-2019 1:45;0
6-24-2019 2:00;0
6-24-2019 2:15;4
6-24-2019 2:30;0
6-24-2019 2:45;4
6-24-2019 3:00;0
6-24-2019 3:15;0
6-24-2019 3:30;4
6-24-2019 3:45;0
6-24-2019 4:00;0
6-24-2019 4:15;4
6-24-2019 4:30;0
6-24-2019 4:45;4
6-24-2019 5:00;0
6-24-2019 5:15;0
6-24-2019 5:30;4
6-24-2019 5:45;0
6-24-2019 6:00;40
6-24-2019 6:15;28
6-24-2019 6:30;20
6-24-2019 6:45;24
6-24-2019 7:00;20
6-24-2019 7:15;24
6-24-2019 7:30;24
6-24-2019 7:45;20
6-24-2019 8:00;24
6-24-2019 8:15;20
6-24-2019 8:30;24
6-24-2019 8:45;24
6-24-2019 9:00;24
6-24-2019 9:15;24
6-24-2019 9:30;24
6-24-2019 9:45;24
6-24-2019 10:00;28
6-24-2019 10:15;24
6-24-2019 10:30;24
6-24-2019 10:45;24
6-24-2019 11:00;24
6-24-2019 11:15;24
6-24-2019 11:30;32
6-24-2019 11:45;24
6-24-2019 12:00;32
6-24-2019 12:15;28
6-24-2019 12:30;28
6-24-2019 12:45;28
6-24-2019 13:00;28
6-24-2019 13:15;28
6-24-2019 13:30;28
6-24-2019 13:45;24
6-24-2019 14:00;28
6-24-2019 14:15;24
6-24-2019 14:30;28
6-24-2019 14:45;32
6-24-2019 15:00;32
6-24-2019 15:15;40
6-24-2019 15:30;28
6-24-2019 15:45;36
6-24-2019 16:00;44
6-24-2019 16:15;24
6-24-2019 16:30;48
6-24-2019 16:45;48
6-24-2019 17:00;48
6-24-2019 17:15;28
6-24-2019 17:30;32
6-24-2019 17:45;52
6-24-2019 18:00;52
6-24-2019 18:15;48
6-24-2019 18:30;24
6-24-2019 18:45;32
6-24-2019 19:00;48
6-24-2019 19:15;44
6-24-2019 19:30;32
6-24-2019 19:45;24
6-24-2019 20:00;36
6-24-2019 20:15;40
6-24-2019 20:30;32
6-24-2019 20:45;28
6-24-2019 21:00;32
6-24-2019 21:15;40
6-24-2019 21:30;12
6-24-2019 21:45;12
6-24-2019 22:00;4
6-24-2019 22:15;0
6-24-2019 22:30;0
6-24-2019 22:45;4
6-24-2019 23:00;0
6-24-2019 23:15;4
6-24-2019 23:30;0
6-24-2019 23:45;0
6-25-2019 0:00;4
6-25-2019 0:15;0
6-25-2019 0:30;0
6-25-2019 0:45;4
6-25-2019 1:00;0
6-25-2019 1:15;4
6-25-2019 1:30;0
6-25-2019 1:45;0
6-25-2019 2:00;4
6-25-2019 2:15;0
6-25-2019 2:30;0
6-25-2019 2:45;4
6-25-2019 3:00;0
6-25-2019 3:15;4
6-25-2019 3:30;0
6-25-2019 3:45;0
6-25-2019 4:00;4
6-25-2019 4:15;0
6-25-2019 4:30;0
6-25-2019 4:45;4
6-25-2019 5:00;0
6-25-2019 5:15;0
6-25-2019 5:30;4
6-25-2019 5:45;0
6-25-2019 6:00;36
6-25-2019 6:15;36
6-25-2019 6:30;32
6-25-2019 6:45;28
6-25-2019 7:00;20
6-25-2019 7:15;24
6-25-2019 7:30;20
6-25-2019 7:45;24
6-25-2019 8:00;20
6-25-2019 8:15;24
6-25-2019 8:30;24
6-25-2019 8:45;20
6-25-2019 9:00;24
6-25-2019 9:15;24
6-25-2019 9:30;28
6-25-2019 9:45;24
6-25-2019 10:00;28
6-25-2019 10:15;28
6-25-2019 10:30;28
6-25-2019 10:45;36
6-25-2019 11:00;32
6-25-2019 11:15;52
6-25-2019 11:30;56
6-25-2019 11:45;32
6-25-2019 12:00;28
6-25-2019 12:15;48
6-25-2019 12:30;52
6-25-2019 12:45;32
6-25-2019 13:00;28
6-25-2019 13:15;44
6-25-2019 13:30;48
6-25-2019 13:45;44
6-25-2019 14:00;44
6-25-2019 14:15;36
6-25-2019 14:30;44
6-25-2019 14:45;56
6-25-2019 15:00;60
6-25-2019 15:15;52
6-25-2019 15:30;56
6-25-2019 15:45;64
6-25-2019 16:00;48
6-25-2019 16:15;60
6-25-2019 16:30;56
6-25-2019 16:45;52
6-25-2019 17:00;48
6-25-2019 17:15;56
6-25-2019 17:30;56
6-25-2019 17:45;56
6-25-2019 18:00;48
6-25-2019 18:15;52
6-25-2019 18:30;28
6-25-2019 18:45;32
6-25-2019 19:00;44
6-25-2019 19:15;40
6-25-2019 19:30;44
6-25-2019 19:45;44
6-25-2019 20:00;28
6-25-2019 20:15;28
6-25-2019 20:30;40
6-25-2019 20:45;32
6-25-2019 21:00;20
6-25-2019 21:15;32
6-25-2019 21:30;4
6-25-2019 21:45;0
6-25-2019 22:00;4
6-25-2019 22:15;0
6-25-2019 22:30;4
6-25-2019 22:45;0
6-25-2019 23:00;4
6-25-2019 23:15;0
6-25-2019 23:30;0
6-25-2019 23:45;4
6-26-2019 0:00;0
6-26-2019 0:15;4
6-26-2019 0:30;0
6-26-2019 0:45;0
6-26-2019 1:00;4
6-26-2019 1:15;0
6-26-2019 1:30;4
6-26-2019 1:45;0
6-26-2019 2:00;0
6-26-2019 2:15;4
6-26-2019 2:30;0
6-26-2019 2:45;0
6-26-2019 3:00;4
6-26-2019 3:15;0
6-26-2019 3:30;4
6-26-2019 3:45;0
6-26-2019 4:00;0
6-26-2019 4:15;4
6-26-2019 4:30;0
6-26-2019 4:45;0
6-26-2019 5:00;4
6-26-2019 5:15;0
6-26-2019 5:30;4
6-26-2019 5:45;0
6-26-2019 6:00;44
6-26-2019 6:15;32
6-26-2019 6:30;32
6-26-2019 6:45;28
6-26-2019 7:00;28
6-26-2019 7:15;28
6-26-2019 7:30;20
6-26-2019 7:45;24
6-26-2019 8:00;20
6-26-2019 8:15;24
6-26-2019 8:30;24
6-26-2019 8:45;24
6-26-2019 9:00;24
6-26-2019 9:15;24
6-26-2019 9:30;28
6-26-2019 9:45;28
6-26-2019 10:00;28
6-26-2019 10:15;28
6-26-2019 10:30;28
6-26-2019 10:45;28
6-26-2019 11:00;28
6-26-2019 11:15;24
6-26-2019 11:30;24
6-26-2019 11:45;28
6-26-2019 12:00;28
6-26-2019 12:15;28
6-26-2019 12:30;32
6-26-2019 12:45;32
6-26-2019 13:00;36
6-26-2019 13:15;32
6-26-2019 13:30;36
6-26-2019 13:45;40
6-26-2019 14:00;44
6-26-2019 14:15;44
6-26-2019 14:30;44
6-26-2019 14:45;52
6-26-2019 15:00;44
6-26-2019 15:15;44
6-26-2019 15:30;60
6-26-2019 15:45;44
6-26-2019 16:00;44
6-26-2019 16:15;52
6-26-2019 16:30;52
6-26-2019 16:45;52
6-26-2019 17:00;52
6-26-2019 17:15;60
6-26-2019 17:30;48
6-26-2019 17:45;48
6-26-2019 18:00;28
6-26-2019 18:15;48
6-26-2019 18:30;56
6-26-2019 18:45;52
6-26-2019 19:00;52
6-26-2019 19:15;52
6-26-2019 19:30;44
6-26-2019 19:45;24
6-26-2019 20:00;28
6-26-2019 20:15;48
6-26-2019 20:30;48
6-26-2019 20:45;40
6-26-2019 21:00;20
6-26-2019 21:15;24
6-26-2019 21:30;4
6-26-2019 21:45;4
6-26-2019 22:00;0
6-26-2019 22:15;4
6-26-2019 22:30;0
6-26-2019 22:45;4
6-26-2019 23:00;0
6-26-2019 23:15;4
6-26-2019 23:30;4
6-26-2019 23:45;0
6-27-2019 0:00;4
6-27-2019 0:15;0
6-27-2019 0:30;4
6-27-2019 0:45;0
6-27-2019 1:00;4
6-27-2019 1:15;0
6-27-2019 1:30;4
6-27-2019 1:45;0
6-27-2019 2:00;4
6-27-2019 2:15;0
6-27-2019 2:30;4
6-27-2019 2:45;0
6-27-2019 3:00;4
6-27-2019 3:15;0
6-27-2019 3:30;4
6-27-2019 3:45;0
6-27-2019 4:00;4
6-27-2019 4:15;0
6-27-2019 4:30;4
6-27-2019 4:45;0
6-27-2019 5:00;4
6-27-2019 5:15;0
6-27-2019 5:30;0
6-27-2019 5:45;4
6-27-2019 6:00;44
6-27-2019 6:15;40
6-27-2019 6:30;24
6-27-2019 6:45;20
6-27-2019 7:00;24
6-27-2019 7:15;24
6-27-2019 7:30;24
6-27-2019 7:45;20
6-27-2019 8:00;24
6-27-2019 8:15;24
6-27-2019 8:30;24
6-27-2019 8:45;24
6-27-2019 9:00;24
6-27-2019 9:15;24
6-27-2019 9:30;24
6-27-2019 9:45;24
6-27-2019 10:00;28
6-27-2019 10:15;24
6-27-2019 10:30;28
6-27-2019 10:45;44
6-27-2019 11:00;40
6-27-2019 11:15;36
6-27-2019 11:30;36
6-27-2019 11:45;44
6-27-2019 12:00;36
6-27-2019 12:15;36
6-27-2019 12:30;48
6-27-2019 12:45;36
6-27-2019 13:00;48
6-27-2019 13:15;48
6-27-2019 13:30;32
6-27-2019 13:45;48
6-27-2019 14:00;48
6-27-2019 14:15;40
6-27-2019 14:30;32
6-27-2019 14:45;0
6-27-2019 15:00;44
6-27-2019 15:15;36
6-27-2019 15:30;56
6-27-2019 15:45;60
6-27-2019 16:00;52
6-27-2019 16:15;52
6-27-2019 16:30;28
6-27-2019 16:45;52
6-27-2019 17:00;52
6-27-2019 17:15;60
6-27-2019 17:30;52
6-27-2019 17:45;40
6-27-2019 18:00;28
6-27-2019 18:15;52
6-27-2019 18:30;60
6-27-2019 18:45;48
6-27-2019 19:00;28
6-27-2019 19:15;36
6-27-2019 19:30;52
6-27-2019 19:45;48
6-27-2019 20:00;40
6-27-2019 20:15;24
6-27-2019 20:30;40
6-27-2019 20:45;40
6-27-2019 21:00;24
6-27-2019 21:15;24
6-27-2019 21:30;0
6-27-2019 21:45;4
6-27-2019 22:00;0
6-27-2019 22:15;4
6-27-2019 22:30;0
6-27-2019 22:45;4
6-27-2019 23:00;0
6-27-2019 23:15;4
6-27-2019 23:30;0
6-27-2019 23:45;0
6-28-2019 0:00;4
6-28-2019 0:15;0
6-28-2019 0:30;4
6-28-2019 0:45;0
6-28-2019 1:00;4
6-28-2019 1:15;0
6-28-2019 1:30;0
6-28-2019 1:45;4
6-28-2019 2:00;0
6-28-2019 2:15;4
6-28-2019 2:30;0
6-28-2019 2:45;0
6-28-2019 3:00;4
6-28-2019 3:15;0
6-28-2019 3:30;4
6-28-2019 3:45;0
6-28-2019 4:00;0
6-28-2019 4:15;4
6-28-2019 4:30;0
6-28-2019 4:45;0
6-28-2019 5:00;4
6-28-2019 5:15;0
6-28-2019 5:30;4
6-28-2019 5:45;0
6-28-2019 6:00;36
6-28-2019 6:15;32
6-28-2019 6:30;28
6-28-2019 6:45;24
6-28-2019 7:00;24
6-28-2019 7:15;20
6-28-2019 7:30;24
6-28-2019 7:45;20
6-28-2019 8:00;24
6-28-2019 8:15;24
6-28-2019 8:30;24
6-28-2019 8:45;24
6-28-2019 9:00;24
6-28-2019 9:15;28
6-28-2019 9:30;28
6-28-2019 9:45;32
6-28-2019 10:00;32
6-28-2019 10:15;28
6-28-2019 10:30;32
6-28-2019 10:45;44
6-28-2019 11:00;56
6-28-2019 11:15;36
6-28-2019 11:30;32
6-28-2019 11:45;48
6-28-2019 12:00;52
6-28-2019 12:15;56
6-28-2019 12:30;36
6-28-2019 12:45;40
6-28-2019 13:00;60
6-28-2019 13:15;64
6-28-2019 13:30;52
6-28-2019 13:45;56
6-28-2019 14:00;72
6-28-2019 14:15;52
6-28-2019 14:30;56
6-28-2019 14:45;60
6-28-2019 15:00;60
6-28-2019 15:15;60
6-28-2019 15:30;60
6-28-2019 15:45;56
6-28-2019 16:00;64
6-28-2019 16:15;56
6-28-2019 16:30;60
6-28-2019 16:45;60
6-28-2019 17:00;56
6-28-2019 17:15;60
6-28-2019 17:30;48
6-28-2019 17:45;56
6-28-2019 18:00;60
6-28-2019 18:15;56
6-28-2019 18:30;52
6-28-2019 18:45;48
6-28-2019 19:00;52
6-28-2019 19:15;52
6-28-2019 19:30;52
6-28-2019 19:45;52
6-28-2019 20:00;32
6-28-2019 20:15;24
6-28-2019 20:30;40
6-28-2019 20:45;28
6-28-2019 21:00;28
6-28-2019 21:15;40
6-28-2019 21:30;4
6-28-2019 21:45;0
6-28-2019 22:00;4
6-28-2019 22:15;0
6-28-2019 22:30;0
6-28-2019 22:45;4
6-28-2019 23:00;0
6-28-2019 23:15;4
6-28-2019 23:30;0
6-28-2019 23:45;4
6-29-2019 0:00;0
6-29-2019 0:15;0
6-29-2019 0:30;4
6-29-2019 0:45;0
6-29-2019 1:00;4
6-29-2019 1:15;0
6-29-2019 1:30;4
6-29-2019 1:45;0
6-29-2019 2:00;0
6-29-2019 2:15;4
6-29-2019 2:30;0
6-29-2019 2:45;4
6-29-2019 3:00;0
6-29-2019 3:15;0
6-29-2019 3:30;4
6-29-2019 3:45;0
6-29-2019 4:00;4
6-29-2019 4:15;0
6-29-2019 4:30;0
6-29-2019 4:45;4
6-29-2019 5:00;0
6-29-2019 5:15;4
6-29-2019 5:30;0
6-29-2019 5:45;0
6-29-2019 6:00;36
6-29-2019 6:15;28
6-29-2019 6:30;32
6-29-2019 6:45;36
6-29-2019 7:00;28
6-29-2019 7:15;24
6-29-2019 7:30;28
6-29-2019 7:45;20
6-29-2019 8:00;24
6-29-2019 8:15;24
6-29-2019 8:30;20
6-29-2019 8:45;24
6-29-2019 9:00;28
6-29-2019 9:15;28
6-29-2019 9:30;32
6-29-2019 9:45;32
6-29-2019 10:00;32
6-29-2019 10:15;44
6-29-2019 10:30;44
6-29-2019 10:45;44
6-29-2019 11:00;48
6-29-2019 11:15;44
6-29-2019 11:30;44
6-29-2019 11:45;32
6-29-2019 12:00;36
6-29-2019 12:15;56
6-29-2019 12:30;52
6-29-2019 12:45;56
6-29-2019 13:00;56
6-29-2019 13:15;56
6-29-2019 13:30;60
6-29-2019 13:45;60
6-29-2019 14:00;60
6-29-2019 14:15;48
6-29-2019 14:30;52
6-29-2019 14:45;56
6-29-2019 15:00;56
6-29-2019 15:15;52
6-29-2019 15:30;52
6-29-2019 15:45;60
6-29-2019 16:00;56
6-29-2019 16:15;52
6-29-2019 16:30;56
6-29-2019 16:45;56
6-29-2019 17:00;52
6-29-2019 17:15;52
6-29-2019 17:30;60
6-29-2019 17:45;60
6-29-2019 18:00;48
6-29-2019 18:15;52
6-29-2019 18:30;52
6-29-2019 18:45;56
6-29-2019 19:00;52
6-29-2019 19:15;56
6-29-2019 19:30;48
6-29-2019 19:45;32
6-29-2019 20:00;32
6-29-2019 20:15;40
6-29-2019 20:30;44
6-29-2019 20:45;40
6-29-2019 21:00;40
6-29-2019 21:15;32
6-29-2019 21:30;4
6-29-2019 21:45;0
6-29-2019 22:00;0
6-29-2019 22:15;4
6-29-2019 22:30;0
6-29-2019 22:45;4
6-29-2019 23:00;0
6-29-2019 23:15;4
6-29-2019 23:30;0
6-29-2019 23:45;4
6-30-2019 0:00;0
6-30-2019 0:15;4
6-30-2019 0:30;0
6-30-2019 0:45;0
6-30-2019 1:00;4
6-30-2019 1:15;0
6-30-2019 1:30;4
6-30-2019 1:45;0
6-30-2019 2:00;4
6-30-2019 2:15;0
6-30-2019 2:30;0
6-30-2019 2:45;4
6-30-2019 3:00;0
6-30-2019 3:15;4
6-30-2019 3:30;0
6-30-2019 3:45;0
6-30-2019 4:00;4
6-30-2019 4:15;0
6-30-2019 4:30;4
6-30-2019 4:45;0
6-30-2019 5:00;0
6-30-2019 5:15;4
6-30-2019 5:30;0
6-30-2019 5:45;0
6-30-2019 6:00;32
6-30-2019 6:15;24
6-30-2019 6:30;20
6-30-2019 6:45;24
6-30-2019 7:00;24
6-30-2019 7:15;20
6-30-2019 7:30;24
6-30-2019 7:45;20
6-30-2019 8:00;24
6-30-2019 8:15;20
6-30-2019 8:30;24
6-30-2019 8:45;24
6-30-2019 9:00;24
6-30-2019 9:15;24
6-30-2019 9:30;28
6-30-2019 9:45;24
6-30-2019 10:00;28
6-30-2019 10:15;36
6-30-2019 10:30;32
6-30-2019 10:45;36
6-30-2019 11:00;44
6-30-2019 11:15;44
6-30-2019 11:30;44
6-30-2019 11:45;44
6-30-2019 12:00;40
6-30-2019 12:15;28
6-30-2019 12:30;52
6-30-2019 12:45;64
6-30-2019 13:00;52
6-30-2019 13:15;48
6-30-2019 13:30;36
6-30-2019 13:45;40
6-30-2019 14:00;60
6-30-2019 14:15;60
6-30-2019 14:30;60
6-30-2019 14:45;60
6-30-2019 15:00;56
6-30-2019 15:15;52
6-30-2019 15:30;64
6-30-2019 15:45;60
6-30-2019 16:00;52
6-30-2019 16:15;64
6-30-2019 16:30;52
6-30-2019 16:45;52
6-30-2019 17:00;64
6-30-2019 17:15;60
6-30-2019 17:30;48
6-30-2019 17:45;52
6-30-2019 18:00;52
6-30-2019 18:15;52
6-30-2019 18:30;52
6-30-2019 18:45;56
6-30-2019 19:00;48
6-30-2019 19:15;56
6-30-2019 19:30;48
6-30-2019 19:45;48
6-30-2019 20:00;36
6-30-2019 20:15;28
6-30-2019 20:30;24
6-30-2019 20:45;24
6-30-2019 21:00;24
6-30-2019 21:15;24
6-30-2019 21:30;0
6-30-2019 21:45;4
6-30-2019 22:00;0
6-30-2019 22:15;4
6-30-2019 22:30;0
6-30-2019 22:45;0
6-30-2019 23:00;4
6-30-2019 23:15;0
6-30-2019 23:30;4
6-30-2019 23:45;0
7-1-2019 0:00;4
7-1-2019 0:15;0
7-1-2019 0:30;4
7-1-2019 0:45;0
7-1-2019 1:00;0
7-1-2019 1:15;4
7-1-2019 1:30;0
7-1-2019 1:45;4
7-1-2019 2:00;0
7-1-2019 2:15;0
7-1-2019 2:30;4
7-1-2019 2:45;0
7-1-2019 3:00;4
7-1-2019 3:15;0
7-1-2019 3:30;0
7-1-2019 3:45;4
7-1-2019 4:00;0
7-1-2019 4:15;4
7-1-2019 4:30;0
7-1-2019 4:45;0
7-1-2019 5:00;4
7-1-2019 5:15;0
7-1-2019 5:30;4
7-1-2019 5:45;0
7-1-2019 6:00;28
7-1-2019 6:15;24
7-1-2019 6:30;20
7-1-2019 6:45;24
7-1-2019 7:00;24
7-1-2019 7:15;20
7-1-2019 7:30;24
7-1-2019 7:45;20
7-1-2019 8:00;24
7-1-2019 8:15;20
7-1-2019 8:30;24
7-1-2019 8:45;24
7-1-2019 9:00;24
7-1-2019 9:15;24
7-1-2019 9:30;24
7-1-2019 9:45;24
7-1-2019 10:00;28
7-1-2019 10:15;28
7-1-2019 10:30;28
7-1-2019 10:45;24
7-1-2019 11:00;28
7-1-2019 11:15;28
7-1-2019 11:30;32
7-1-2019 11:45;28
7-1-2019 12:00;32
7-1-2019 12:15;32
7-1-2019 12:30;36
7-1-2019 12:45;28
7-1-2019 13:00;40
7-1-2019 13:15;40
7-1-2019 13:30;32
7-1-2019 13:45;36
7-1-2019 14:00;40
7-1-2019 14:15;40
7-1-2019 14:30;28
7-1-2019 14:45;40
7-1-2019 15:00;44
7-1-2019 15:15;44
7-1-2019 15:30;24
7-1-2019 15:45;48
7-1-2019 16:00;52
7-1-2019 16:15;48
7-1-2019 16:30;52
7-1-2019 16:45;48
7-1-2019 17:00;48
7-1-2019 17:15;52
7-1-2019 17:30;48
7-1-2019 17:45;48
7-1-2019 18:00;52
7-1-2019 18:15;48
7-1-2019 18:30;48
7-1-2019 18:45;48
7-1-2019 19:00;48
7-1-2019 19:15;48
7-1-2019 19:30;48
7-1-2019 19:45;48
7-1-2019 20:00;44
7-1-2019 20:15;24
7-1-2019 20:30;24
7-1-2019 20:45;24
7-1-2019 21:00;24
7-1-2019 21:15;24
7-1-2019 21:30;12
7-1-2019 21:45;12
7-1-2019 22:00;0
7-1-2019 22:15;4
7-1-2019 22:30;0
7-1-2019 22:45;4
7-1-2019 23:00;0
7-1-2019 23:15;0
7-1-2019 23:30;4
7-1-2019 23:45;0
7-2-2019 0:00;4
7-2-2019 0:15;0
7-2-2019 0:30;4
7-2-2019 0:45;0
7-2-2019 1:00;0
7-2-2019 1:15;4
7-2-2019 1:30;0
7-2-2019 1:45;4
7-2-2019 2:00;0
7-2-2019 2:15;0
7-2-2019 2:30;4
7-2-2019 2:45;0
7-2-2019 3:00;4
7-2-2019 3:15;0
7-2-2019 3:30;0
7-2-2019 3:45;4
7-2-2019 4:00;0
7-2-2019 4:15;4
7-2-2019 4:30;0
7-2-2019 4:45;0
7-2-2019 5:00;4
7-2-2019 5:15;0
7-2-2019 5:30;4
7-2-2019 5:45;0
7-2-2019 6:00;20
7-2-2019 6:15;20
7-2-2019 6:30;24
7-2-2019 6:45;20
7-2-2019 7:00;24
7-2-2019 7:15;0
7-2-2019 7:30;0
7-2-2019 7:45;36
7-2-2019 8:00;36
7-2-2019 8:15;28
7-2-2019 8:30;32
7-2-2019 8:45;24
7-2-2019 9:00;28
7-2-2019 9:15;24
7-2-2019 9:30;28
7-2-2019 9:45;32
7-2-2019 10:00;28
7-2-2019 10:15;28
7-2-2019 10:30;32
7-2-2019 10:45;28
7-2-2019 11:00;32
7-2-2019 11:15;28
7-2-2019 11:30;32
7-2-2019 11:45;28
7-2-2019 12:00;32
7-2-2019 12:15;28
7-2-2019 12:30;40
7-2-2019 12:45;24
7-2-2019 13:00;36
7-2-2019 13:15;32
7-2-2019 13:30;32
7-2-2019 13:45;40
7-2-2019 14:00;28
7-2-2019 14:15;40
7-2-2019 14:30;28
7-2-2019 14:45;44
7-2-2019 15:00;48
7-2-2019 15:15;48
7-2-2019 15:30;24
7-2-2019 15:45;32
7-2-2019 16:00;44
7-2-2019 16:15;36
7-2-2019 16:30;24
7-2-2019 16:45;48
7-2-2019 17:00;24
7-2-2019 17:15;36
7-2-2019 17:30;48
7-2-2019 17:45;48
7-2-2019 18:00;40
7-2-2019 18:15;24
7-2-2019 18:30;32
7-2-2019 18:45;40
7-2-2019 19:00;24
7-2-2019 19:15;32
7-2-2019 19:30;44
7-2-2019 19:45;24
7-2-2019 20:00;28
7-2-2019 20:15;40
7-2-2019 20:30;40
7-2-2019 20:45;24
7-2-2019 21:00;20
7-2-2019 21:15;24
7-2-2019 21:30;4
7-2-2019 21:45;0
7-2-2019 22:00;4
7-2-2019 22:15;0
7-2-2019 22:30;4
7-2-2019 22:45;4
7-2-2019 23:00;0
7-2-2019 23:15;4
7-2-2019 23:30;0
7-2-2019 23:45;4
7-3-2019 0:00;0
7-3-2019 0:15;4
7-3-2019 0:30;0
7-3-2019 0:45;4
7-3-2019 1:00;0
7-3-2019 1:15;4
7-3-2019 1:30;0
7-3-2019 1:45;4
7-3-2019 2:00;0
7-3-2019 2:15;4
7-3-2019 2:30;0
7-3-2019 2:45;4
7-3-2019 3:00;0
7-3-2019 3:15;4
7-3-2019 3:30;0
7-3-2019 3:45;0
7-3-2019 4:00;4
7-3-2019 4:15;0
7-3-2019 4:30;4
7-3-2019 4:45;0
7-3-2019 5:00;4
7-3-2019 5:15;0
7-3-2019 5:30;4
7-3-2019 5:45;0
7-3-2019 6:00;32
7-3-2019 6:15;20
7-3-2019 6:30;24
7-3-2019 6:45;24
7-3-2019 7:00;20
7-3-2019 7:15;24
7-3-2019 7:30;24
7-3-2019 7:45;20
7-3-2019 8:00;24
7-3-2019 8:15;24
7-3-2019 8:30;20
7-3-2019 8:45;24
7-3-2019 9:00;24
7-3-2019 9:15;24
7-3-2019 9:30;28
7-3-2019 9:45;28
7-3-2019 10:00;28
7-3-2019 10:15;28
7-3-2019 10:30;32
7-3-2019 10:45;28
7-3-2019 11:00;32
7-3-2019 11:15;36
7-3-2019 11:30;32
7-3-2019 11:45;28
7-3-2019 12:00;44
7-3-2019 12:15;28
7-3-2019 12:30;40
7-3-2019 12:45;36
7-3-2019 13:00;32
7-3-2019 13:15;36
7-3-2019 13:30;36
7-3-2019 13:45;44
7-3-2019 14:00;32
7-3-2019 14:15;36
7-3-2019 14:30;36
7-3-2019 14:45;32
7-3-2019 15:00;40
7-3-2019 15:15;32
7-3-2019 15:30;40
7-3-2019 15:45;44
7-3-2019 16:00;36
7-3-2019 16:15;32
7-3-2019 16:30;44
7-3-2019 16:45;40
7-3-2019 17:00;44
7-3-2019 17:15;40
7-3-2019 17:30;44
7-3-2019 17:45;36
7-3-2019 18:00;32
7-3-2019 18:15;44
7-3-2019 18:30;40
7-3-2019 18:45;40
7-3-2019 19:00;44
7-3-2019 19:15;40
7-3-2019 19:30;44
7-3-2019 19:45;40
7-3-2019 20:00;40
7-3-2019 20:15;40
7-3-2019 20:30;44
7-3-2019 20:45;40
7-3-2019 21:00;40
7-3-2019 21:15;36
7-3-2019 21:30;4
7-3-2019 21:45;4
7-3-2019 22:00;0
7-3-2019 22:15;4
7-3-2019 22:30;0
7-3-2019 22:45;4
7-3-2019 23:00;4
7-3-2019 23:15;0
7-3-2019 23:30;4
7-3-2019 23:45;0
7-4-2019 0:00;4
7-4-2019 0:15;0
7-4-2019 0:30;4
7-4-2019 0:45;0
7-4-2019 1:00;4
7-4-2019 1:15;0
7-4-2019 1:30;4
7-4-2019 1:45;0
7-4-2019 2:00;4
7-4-2019 2:15;0
7-4-2019 2:30;4
7-4-2019 2:45;0
7-4-2019 3:00;4
7-4-2019 3:15;0
7-4-2019 3:30;4
7-4-2019 3:45;0
7-4-2019 4:00;4
7-4-2019 4:15;0
7-4-2019 4:30;4
7-4-2019 4:45;0
7-4-2019 5:00;4
7-4-2019 5:15;0
7-4-2019 5:30;4
7-4-2019 5:45;0
7-4-2019 6:00;32
7-4-2019 6:15;20
7-4-2019 6:30;24
7-4-2019 6:45;20
7-4-2019 7:00;24
7-4-2019 7:15;24
7-4-2019 7:30;20
7-4-2019 7:45;24
7-4-2019 8:00;24
7-4-2019 8:15;20
7-4-2019 8:30;24
7-4-2019 8:45;24
7-4-2019 9:00;24
7-4-2019 9:15;28
7-4-2019 9:30;24
7-4-2019 9:45;28
7-4-2019 10:00;32
7-4-2019 10:15;28
7-4-2019 10:30;32
7-4-2019 10:45;32
7-4-2019 11:00;24
7-4-2019 11:15;40
7-4-2019 11:30;36
7-4-2019 11:45;28
7-4-2019 12:00;36
7-4-2019 12:15;28
7-4-2019 12:30;40
7-4-2019 12:45;24
7-4-2019 13:00;48
7-4-2019 13:15;48
7-4-2019 13:30;48
7-4-2019 13:45;48
7-4-2019 14:00;52
7-4-2019 14:15;48
7-4-2019 14:30;52
7-4-2019 14:45;48
7-4-2019 15:00;52
7-4-2019 15:15;52
7-4-2019 15:30;48
7-4-2019 15:45;48
7-4-2019 16:00;52
7-4-2019 16:15;48
7-4-2019 16:30;52
7-4-2019 16:45;48
7-4-2019 17:00;48
7-4-2019 17:15;52
7-4-2019 17:30;48
7-4-2019 17:45;48
7-4-2019 18:00;48
7-4-2019 18:15;48
7-4-2019 18:30;52
7-4-2019 18:45;48
7-4-2019 19:00;48
7-4-2019 19:15;48
7-4-2019 19:30;52
7-4-2019 19:45;48
7-4-2019 20:00;48
7-4-2019 20:15;48
7-4-2019 20:30;48
7-4-2019 20:45;48
7-4-2019 21:00;48
7-4-2019 21:15;28
7-4-2019 21:30;4
7-4-2019 21:45;4
7-4-2019 22:00;0
7-4-2019 22:15;4
7-4-2019 22:30;0
7-4-2019 22:45;4
7-4-2019 23:00;4
7-4-2019 23:15;0
7-4-2019 23:30;4
7-4-2019 23:45;0
7-5-2019 0:00;4
7-5-2019 0:15;0
7-5-2019 0:30;4
7-5-2019 0:45;0
7-5-2019 1:00;4
7-5-2019 1:15;4
7-5-2019 1:30;0
7-5-2019 1:45;4
7-5-2019 2:00;0
7-5-2019 2:15;4
7-5-2019 2:30;0
7-5-2019 2:45;4
7-5-2019 3:00;0
7-5-2019 3:15;4
7-5-2019 3:30;0
7-5-2019 3:45;4
7-5-2019 4:00;0
7-5-2019 4:15;4
7-5-2019 4:30;0
7-5-2019 4:45;4
7-5-2019 5:00;0
7-5-2019 5:15;4
7-5-2019 5:30;0
7-5-2019 5:45;0
7-5-2019 6:00;40
7-5-2019 6:15;28
7-5-2019 6:30;24
7-5-2019 6:45;20
7-5-2019 7:00;24
7-5-2019 7:15;20
7-5-2019 7:30;24
7-5-2019 7:45;24
7-5-2019 8:00;20
7-5-2019 8:15;24
7-5-2019 8:30;24
7-5-2019 8:45;20
7-5-2019 9:00;24
7-5-2019 9:15;24
7-5-2019 9:30;28
7-5-2019 9:45;24
7-5-2019 10:00;24
7-5-2019 10:15;28
7-5-2019 10:30;32
7-5-2019 10:45;28
7-5-2019 11:00;32
7-5-2019 11:15;32
7-5-2019 11:30;28
7-5-2019 11:45;44
7-5-2019 12:00;28
7-5-2019 12:15;40
7-5-2019 12:30;28
7-5-2019 12:45;40
7-5-2019 13:00;28
7-5-2019 13:15;36
7-5-2019 13:30;36
7-5-2019 13:45;36
7-5-2019 14:00;32
7-5-2019 14:15;36
7-5-2019 14:30;36
7-5-2019 14:45;40
7-5-2019 15:00;36
7-5-2019 15:15;36
7-5-2019 15:30;36
7-5-2019 15:45;40
7-5-2019 16:00;36
7-5-2019 16:15;40
7-5-2019 16:30;40
7-5-2019 16:45;44
7-5-2019 17:00;40
7-5-2019 17:15;44
7-5-2019 17:30;40
7-5-2019 17:45;44
7-5-2019 18:00;40
7-5-2019 18:15;44
7-5-2019 18:30;40
7-5-2019 18:45;44
7-5-2019 19:00;40
7-5-2019 19:15;44
7-5-2019 19:30;40
7-5-2019 19:45;44
7-5-2019 20:00;40
7-5-2019 20:15;44
7-5-2019 20:30;40
7-5-2019 20:45;40
7-5-2019 21:00;40
7-5-2019 21:15;40
7-5-2019 21:30;4
7-5-2019 21:45;0
7-5-2019 22:00;4
7-5-2019 22:15;0
7-5-2019 22:30;4
7-5-2019 22:45;0
7-5-2019 23:00;4
7-5-2019 23:15;4
7-5-2019 23:30;0
7-5-2019 23:45;4
7-6-2019 0:00;0
7-6-2019 0:15;4
7-6-2019 0:30;0
7-6-2019 0:45;4
7-6-2019 1:00;0
7-6-2019 1:15;4
7-6-2019 1:30;4
7-6-2019 1:45;0
7-6-2019 2:00;4
7-6-2019 2:15;0
7-6-2019 2:30;4
7-6-2019 2:45;0
7-6-2019 3:00;4
7-6-2019 3:15;0
7-6-2019 3:30;4
7-6-2019 3:45;0
7-6-2019 4:00;4
7-6-2019 4:15;0
7-6-2019 4:30;4
7-6-2019 4:45;0
7-6-2019 5:00;4
7-6-2019 5:15;0
7-6-2019 5:30;0
7-6-2019 5:45;4
7-6-2019 6:00;32
7-6-2019 6:15;20
7-6-2019 6:30;24
7-6-2019 6:45;24
7-6-2019 7:00;20
7-6-2019 7:15;24
7-6-2019 7:30;24
7-6-2019 7:45;20
7-6-2019 8:00;24
7-6-2019 8:15;24
7-6-2019 8:30;24
7-6-2019 8:45;20
7-6-2019 9:00;28
7-6-2019 9:15;24
7-6-2019 9:30;28
7-6-2019 9:45;28
7-6-2019 10:00;28
7-6-2019 10:15;32
7-6-2019 10:30;32
7-6-2019 10:45;24
7-6-2019 11:00;48
7-6-2019 11:15;28
7-6-2019 11:30;36
7-6-2019 11:45;36
7-6-2019 12:00;28
7-6-2019 12:15;44
7-6-2019 12:30;28
7-6-2019 12:45;44
7-6-2019 13:00;24
7-6-2019 13:15;40
7-6-2019 13:30;36
7-6-2019 13:45;32
7-6-2019 14:00;56
7-6-2019 14:15;56
7-6-2019 14:30;56
7-6-2019 14:45;56
7-6-2019 15:00;60
7-6-2019 15:15;56
7-6-2019 15:30;56
7-6-2019 15:45;56
7-6-2019 16:00;60
7-6-2019 16:15;56
7-6-2019 16:30;56
7-6-2019 16:45;56
7-6-2019 17:00;60
7-6-2019 17:15;48
7-6-2019 17:30;24
7-6-2019 17:45;44
7-6-2019 18:00;48
7-6-2019 18:15;52
7-6-2019 18:30;48
7-6-2019 18:45;48
7-6-2019 19:00;48
7-6-2019 19:15;48
7-6-2019 19:30;48
7-6-2019 19:45;52
7-6-2019 20:00;48
7-6-2019 20:15;48
7-6-2019 20:30;48
7-6-2019 20:45;24
7-6-2019 21:00;28
7-6-2019 21:15;36
7-6-2019 21:30;4
7-6-2019 21:45;0
7-6-2019 22:00;4
7-6-2019 22:15;0
7-6-2019 22:30;4
7-6-2019 22:45;0
7-6-2019 23:00;0
7-6-2019 23:15;4
7-6-2019 23:30;0
7-6-2019 23:45;4
7-7-2019 0:00;0
7-7-2019 0:15;4
7-7-2019 0:30;0
7-7-2019 0:45;4
7-7-2019 1:00;4
7-7-2019 1:15;0
7-7-2019 1:30;4
7-7-2019 1:45;0
7-7-2019 2:00;4
7-7-2019 2:15;0
7-7-2019 2:30;4
7-7-2019 2:45;0
7-7-2019 3:00;4
7-7-2019 3:15;0
7-7-2019 3:30;4
7-7-2019 3:45;0
7-7-2019 4:00;4
7-7-2019 4:15;0
7-7-2019 4:30;4
7-7-2019 4:45;0
7-7-2019 5:00;4
7-7-2019 5:15;0
7-7-2019 5:30;4
7-7-2019 5:45;0
7-7-2019 6:00;28
7-7-2019 6:15;24
7-7-2019 6:30;20
7-7-2019 6:45;24
7-7-2019 7:00;24
7-7-2019 7:15;20
7-7-2019 7:30;24
7-7-2019 7:45;24
7-7-2019 8:00;20
7-7-2019 8:15;24
7-7-2019 8:30;24
7-7-2019 8:45;20
7-7-2019 9:00;28
7-7-2019 9:15;28
7-7-2019 9:30;28
7-7-2019 9:45;28
7-7-2019 10:00;32
7-7-2019 10:15;28
7-7-2019 10:30;28
7-7-2019 10:45;32
7-7-2019 11:00;32
7-7-2019 11:15;24
7-7-2019 11:30;28
7-7-2019 11:45;32
7-7-2019 12:00;36
7-7-2019 12:15;32
7-7-2019 12:30;36
7-7-2019 12:45;36
7-7-2019 13:00;36
7-7-2019 13:15;48
7-7-2019 13:30;52
7-7-2019 13:45;48
7-7-2019 14:00;52
7-7-2019 14:15;48
7-7-2019 14:30;52
7-7-2019 14:45;52
7-7-2019 15:00;48
7-7-2019 15:15;52
7-7-2019 15:30;52
7-7-2019 15:45;52
7-7-2019 16:00;52
7-7-2019 16:15;48
7-7-2019 16:30;52
7-7-2019 16:45;48
7-7-2019 17:00;52
7-7-2019 17:15;48
7-7-2019 17:30;52
7-7-2019 17:45;48
7-7-2019 18:00;52
7-7-2019 18:15;48
7-7-2019 18:30;52
7-7-2019 18:45;48
7-7-2019 19:00;48
7-7-2019 19:15;52
7-7-2019 19:30;48
7-7-2019 19:45;48
7-7-2019 20:00;48
7-7-2019 20:15;52
7-7-2019 20:30;48
7-7-2019 20:45;48
7-7-2019 21:00;44
7-7-2019 21:15;48
7-7-2019 21:30;4
7-7-2019 21:45;0
7-7-2019 22:00;0
7-7-2019 22:15;4
7-7-2019 22:30;0
7-7-2019 22:45;4
7-7-2019 23:00;0
7-7-2019 23:15;4
7-7-2019 23:30;0
7-7-2019 23:45;0
7-8-2019 0:00;4
7-8-2019 0:15;0
7-8-2019 0:30;4
7-8-2019 0:45;0
7-8-2019 1:00;0
7-8-2019 1:15;4
7-8-2019 1:30;0
7-8-2019 1:45;4
7-8-2019 2:00;0
7-8-2019 2:15;0
7-8-2019 2:30;4
7-8-2019 2:45;0
7-8-2019 3:00;4
7-8-2019 3:15;0
7-8-2019 3:30;0
7-8-2019 3:45;4
7-8-2019 4:00;0
7-8-2019 4:15;0
7-8-2019 4:30;4
7-8-2019 4:45;0
7-8-2019 5:00;4
7-8-2019 5:15;0
7-8-2019 5:30;0
7-8-2019 5:45;4
7-8-2019 6:00;28
7-8-2019 6:15;24
7-8-2019 6:30;20
7-8-2019 6:45;24
7-8-2019 7:00;24
7-8-2019 7:15;20
7-8-2019 7:30;24
7-8-2019 7:45;20
7-8-2019 8:00;24
7-8-2019 8:15;20
7-8-2019 8:30;24
7-8-2019 8:45;20
7-8-2019 9:00;28
7-8-2019 9:15;24
7-8-2019 9:30;24
7-8-2019 9:45;24
7-8-2019 10:00;28
7-8-2019 10:15;40
7-8-2019 10:30;32
7-8-2019 10:45;28
7-8-2019 11:00;32
7-8-2019 11:15;36
7-8-2019 11:30;32
7-8-2019 11:45;36
7-8-2019 12:00;36
7-8-2019 12:15;36
7-8-2019 12:30;36
7-8-2019 12:45;40
7-8-2019 13:00;32
7-8-2019 13:15;40
7-8-2019 13:30;36
7-8-2019 13:45;44
7-8-2019 14:00;44
7-8-2019 14:15;40
7-8-2019 14:30;44
7-8-2019 14:45;44
7-8-2019 15:00;44
7-8-2019 15:15;44
7-8-2019 15:30;44
7-8-2019 15:45;40
7-8-2019 16:00;48
7-8-2019 16:15;52
7-8-2019 16:30;52
7-8-2019 16:45;48
7-8-2019 17:00;52
7-8-2019 17:15;48
7-8-2019 17:30;52
7-8-2019 17:45;48
7-8-2019 18:00;52
7-8-2019 18:15;48
7-8-2019 18:30;48
7-8-2019 18:45;52
7-8-2019 19:00;48
7-8-2019 19:15;48
7-8-2019 19:30;48
7-8-2019 19:45;52
7-8-2019 20:00;48
7-8-2019 20:15;48
7-8-2019 20:30;48
7-8-2019 20:45;48
7-8-2019 21:00;48
7-8-2019 21:15;44
7-8-2019 21:30;16
7-8-2019 21:45;12
7-8-2019 22:00;0
7-8-2019 22:15;4
7-8-2019 22:30;0
7-8-2019 22:45;4
7-8-2019 23:00;0
7-8-2019 23:15;4
7-8-2019 23:30;0
7-8-2019 23:45;0
7-9-2019 0:00;4
7-9-2019 0:15;0
7-9-2019 0:30;4
7-9-2019 0:45;0
7-9-2019 1:00;0
7-9-2019 1:15;4
7-9-2019 1:30;0
7-9-2019 1:45;4
7-9-2019 2:00;0
7-9-2019 2:15;4
7-9-2019 2:30;0
7-9-2019 2:45;0
7-9-2019 3:00;4
7-9-2019 3:15;0
7-9-2019 3:30;4
7-9-2019 3:45;0
7-9-2019 4:00;0
7-9-2019 4:15;4
7-9-2019 4:30;0
7-9-2019 4:45;0
7-9-2019 5:00;4
7-9-2019 5:15;0
7-9-2019 5:30;4
7-9-2019 5:45;0
7-9-2019 6:00;20
7-9-2019 6:15;20
7-9-2019 6:30;24
7-9-2019 6:45;20
7-9-2019 7:00;24
7-9-2019 7:15;20
7-9-2019 7:30;24
7-9-2019 7:45;20
7-9-2019 8:00;24
7-9-2019 8:15;20
7-9-2019 8:30;24
7-9-2019 8:45;24
7-9-2019 9:00;24
7-9-2019 9:15;24
7-9-2019 9:30;28
7-9-2019 9:45;24
7-9-2019 10:00;32
7-9-2019 10:15;48
7-9-2019 10:30;28
7-9-2019 10:45;40
7-9-2019 11:00;52
7-9-2019 11:15;32
7-9-2019 11:30;36
7-9-2019 11:45;60
7-9-2019 12:00;60
7-9-2019 12:15;60
7-9-2019 12:30;56
7-9-2019 12:45;60
7-9-2019 13:00;60
7-9-2019 13:15;60
7-9-2019 13:30;64
7-9-2019 13:45;60
7-9-2019 14:00;60
7-9-2019 14:15;64
7-9-2019 14:30;60
7-9-2019 14:45;60
7-9-2019 15:00;64
7-9-2019 15:15;60
7-9-2019 15:30;64
7-9-2019 15:45;60
7-9-2019 16:00;60
7-9-2019 16:15;60
7-9-2019 16:30;64
7-9-2019 16:45;56
7-9-2019 17:00;60
7-9-2019 17:15;60
7-9-2019 17:30;60
7-9-2019 17:45;60
7-9-2019 18:00;56
7-9-2019 18:15;60
7-9-2019 18:30;56
7-9-2019 18:45;60
7-9-2019 19:00;56
7-9-2019 19:15;56
7-9-2019 19:30;60
7-9-2019 19:45;56
7-9-2019 20:00;52
7-9-2019 20:15;56
7-9-2019 20:30;56
7-9-2019 20:45;56
7-9-2019 21:00;56
7-9-2019 21:15;52
7-9-2019 21:30;4
7-9-2019 21:45;0
7-9-2019 22:00;0
7-9-2019 22:15;4
7-9-2019 22:30;0
7-9-2019 22:45;4
7-9-2019 23:00;0
7-9-2019 23:15;4
7-9-2019 23:30;0
7-9-2019 23:45;0
7-10-2019 0:00;4
7-10-2019 0:15;0
7-10-2019 0:30;4
7-10-2019 0:45;0
7-10-2019 1:00;4
7-10-2019 1:15;0
7-10-2019 1:30;0
7-10-2019 1:45;4
7-10-2019 2:00;0
7-10-2019 2:15;4
7-10-2019 2:30;0
7-10-2019 2:45;4
7-10-2019 3:00;0
7-10-2019 3:15;0
7-10-2019 3:30;4
7-10-2019 3:45;0
7-10-2019 4:00;4
7-10-2019 4:15;0
7-10-2019 4:30;4
7-10-2019 4:45;0
7-10-2019 5:00;0
7-10-2019 5:15;4
7-10-2019 5:30;0
7-10-2019 5:45;4
7-10-2019 6:00;16
7-10-2019 6:15;24
7-10-2019 6:30;20
7-10-2019 6:45;24
7-10-2019 7:00;20
7-10-2019 7:15;24
7-10-2019 7:30;24
7-10-2019 7:45;20
7-10-2019 8:00;24
7-10-2019 8:15;20
7-10-2019 8:30;24
7-10-2019 8:45;28
7-10-2019 9:00;32
7-10-2019 9:15;48
7-10-2019 9:30;52
7-10-2019 9:45;48
7-10-2019 10:00;52
7-10-2019 10:15;52
7-10-2019 10:30;52
7-10-2019 10:45;52
7-10-2019 11:00;56
7-10-2019 11:15;52
7-10-2019 11:30;52
7-10-2019 11:45;56
7-10-2019 12:00;56
7-10-2019 12:15;52
7-10-2019 12:30;56
7-10-2019 12:45;52
7-10-2019 13:00;56
7-10-2019 13:15;56
7-10-2019 13:30;56
7-10-2019 13:45;56
7-10-2019 14:00;56
7-10-2019 14:15;56
7-10-2019 14:30;56
7-10-2019 14:45;56
7-10-2019 15:00;56
7-10-2019 15:15;64
7-10-2019 15:30;64
7-10-2019 15:45;68
7-10-2019 16:00;64
7-10-2019 16:15;64
7-10-2019 16:30;68
7-10-2019 16:45;60
7-10-2019 17:00;64
7-10-2019 17:15;64
7-10-2019 17:30;64
7-10-2019 17:45;64
7-10-2019 18:00;64
7-10-2019 18:15;60
7-10-2019 18:30;60
7-10-2019 18:45;0
7-10-2019 19:00;52
7-10-2019 19:15;56
7-10-2019 19:30;76
7-10-2019 19:45;76
7-10-2019 20:00;76
7-10-2019 20:15;76
7-10-2019 20:30;72
7-10-2019 20:45;56
7-10-2019 21:00;64
7-10-2019 21:15;64
7-10-2019 21:30;4
7-10-2019 21:45;4
7-10-2019 22:00;0
7-10-2019 22:15;4
7-10-2019 22:30;0
7-10-2019 22:45;4
7-10-2019 23:00;0
7-10-2019 23:15;4
7-10-2019 23:30;0
7-10-2019 23:45;4
7-11-2019 0:00;0
7-11-2019 0:15;4
7-11-2019 0:30;0
7-11-2019 0:45;4
7-11-2019 1:00;0
7-11-2019 1:15;4
7-11-2019 1:30;0
7-11-2019 1:45;4
7-11-2019 2:00;0
7-11-2019 2:15;0
7-11-2019 2:30;4
7-11-2019 2:45;0
7-11-2019 3:00;0
7-11-2019 3:15;4
7-11-2019 3:30;0
7-11-2019 3:45;4
7-11-2019 4:00;0
7-11-2019 4:15;0
7-11-2019 4:30;4
7-11-2019 4:45;0
7-11-2019 5:00;4
7-11-2019 5:15;0
7-11-2019 5:30;0
7-11-2019 5:45;4
7-11-2019 6:00;32
7-11-2019 6:15;40
7-11-2019 6:30;52
7-11-2019 6:45;44
7-11-2019 7:00;28
7-11-2019 7:15;24
7-11-2019 7:30;40
7-11-2019 7:45;36
7-11-2019 8:00;40
7-11-2019 8:15;40
7-11-2019 8:30;40
7-11-2019 8:45;36
7-11-2019 9:00;44
7-11-2019 9:15;44
7-11-2019 9:30;44
7-11-2019 9:45;48
7-11-2019 10:00;48
7-11-2019 10:15;52
7-11-2019 10:30;60
7-11-2019 10:45;64
7-11-2019 11:00;64
7-11-2019 11:15;64
7-11-2019 11:30;64
7-11-2019 11:45;72
7-11-2019 12:00;76
7-11-2019 12:15;76
7-11-2019 12:30;76
7-11-2019 12:45;76
7-11-2019 13:00;80
7-11-2019 13:15;76
7-11-2019 13:30;80
7-11-2019 13:45;76
7-11-2019 14:00;80
7-11-2019 14:15;80
7-11-2019 14:30;80
7-11-2019 14:45;80
7-11-2019 15:00;80
7-11-2019 15:15;84
7-11-2019 15:30;80
7-11-2019 15:45;80
7-11-2019 16:00;80
7-11-2019 16:15;80
7-11-2019 16:30;84
7-11-2019 16:45;80
7-11-2019 17:00;80
7-11-2019 17:15;76
7-11-2019 17:30;80
7-11-2019 17:45;76
7-11-2019 18:00;80
7-11-2019 18:15;76
7-11-2019 18:30;76
7-11-2019 18:45;72
7-11-2019 19:00;72
7-11-2019 19:15;72
7-11-2019 19:30;72
7-11-2019 19:45;72
7-11-2019 20:00;72
7-11-2019 20:15;68
7-11-2019 20:30;68
7-11-2019 20:45;72
7-11-2019 21:00;64
7-11-2019 21:15;64
7-11-2019 21:30;8
7-11-2019 21:45;4
7-11-2019 22:00;0
7-11-2019 22:15;4
7-11-2019 22:30;0
7-11-2019 22:45;4
7-11-2019 23:00;4
7-11-2019 23:15;0
7-11-2019 23:30;4
7-11-2019 23:45;0
7-12-2019 0:00;4
7-12-2019 0:15;0
7-12-2019 0:30;4
7-12-2019 0:45;0
7-12-2019 1:00;4
7-12-2019 1:15;0
7-12-2019 1:30;4
7-12-2019 1:45;0
7-12-2019 2:00;4
7-12-2019 2:15;0
7-12-2019 2:30;4
7-12-2019 2:45;0
7-12-2019 3:00;0
7-12-2019 3:15;4
7-12-2019 3:30;0
7-12-2019 3:45;4
7-12-2019 4:00;0
7-12-2019 4:15;4
7-12-2019 4:30;0
7-12-2019 4:45;4
7-12-2019 5:00;0
7-12-2019 5:15;0
7-12-2019 5:30;4
7-12-2019 5:45;0
7-12-2019 6:00;32
7-12-2019 6:15;52
7-12-2019 6:30;40
7-12-2019 6:45;44
7-12-2019 7:00;40
7-12-2019 7:15;40
7-12-2019 7:30;40
7-12-2019 7:45;36
7-12-2019 8:00;40
7-12-2019 8:15;36
7-12-2019 8:30;40
7-12-2019 8:45;40
7-12-2019 9:00;44
7-12-2019 9:15;40
7-12-2019 9:30;44
7-12-2019 9:45;40
7-12-2019 10:00;44
7-12-2019 10:15;48
7-12-2019 10:30;0
7-12-2019 10:45;56
7-12-2019 11:00;56
7-12-2019 11:15;64
7-12-2019 11:30;68
7-12-2019 11:45;56
7-12-2019 12:00;56
7-12-2019 12:15;0
7-12-2019 12:30;0
7-12-2019 12:45;88
7-12-2019 13:00;48
7-12-2019 13:15;0
7-12-2019 13:30;80
7-12-2019 13:45;60
7-12-2019 14:00;60
7-12-2019 14:15;60
7-12-2019 14:30;60
7-12-2019 14:45;64
7-12-2019 15:00;60
7-12-2019 15:15;68
7-12-2019 15:30;72
7-12-2019 15:45;68
7-12-2019 16:00;0
7-12-2019 16:15;72
7-12-2019 16:30;28
7-12-2019 16:45;60
7-12-2019 17:00;64
7-12-2019 17:15;68
7-12-2019 17:30;56
7-12-2019 17:45;52
7-12-2019 18:00;60
7-12-2019 18:15;68
7-12-2019 18:30;60
7-12-2019 18:45;52
7-12-2019 19:00;64
7-12-2019 19:15;68
7-12-2019 19:30;56
7-12-2019 19:45;48
7-12-2019 20:00;64
7-12-2019 20:15;56
7-12-2019 20:30;48
7-12-2019 20:45;48
7-12-2019 21:00;44
7-12-2019 21:15;44
7-12-2019 21:30;4
7-12-2019 21:45;4
7-12-2019 22:00;4
7-12-2019 22:15;0
7-12-2019 22:30;4
7-12-2019 22:45;0
7-12-2019 23:00;4
7-12-2019 23:15;0
7-12-2019 23:30;4
7-12-2019 23:45;0
7-13-2019 0:00;4
7-13-2019 0:15;0
7-13-2019 0:30;4
7-13-2019 0:45;0
7-13-2019 1:00;4
7-13-2019 1:15;0
7-13-2019 1:30;0
7-13-2019 1:45;4
7-13-2019 2:00;0
7-13-2019 2:15;4
7-13-2019 2:30;0
7-13-2019 2:45;4
7-13-2019 3:00;0
7-13-2019 3:15;4
7-13-2019 3:30;0
7-13-2019 3:45;4
7-13-2019 4:00;0
7-13-2019 4:15;4
7-13-2019 4:30;0
7-13-2019 4:45;4
7-13-2019 5:00;0
7-13-2019 5:15;4
7-13-2019 5:30;0
7-13-2019 5:45;0
7-13-2019 6:00;32
7-13-2019 6:15;20
7-13-2019 6:30;20
7-13-2019 6:45;20
7-13-2019 7:00;24
7-13-2019 7:15;24
7-13-2019 7:30;24
7-13-2019 7:45;24
7-13-2019 8:00;28
7-13-2019 8:15;24
7-13-2019 8:30;28
7-13-2019 8:45;28
7-13-2019 9:00;28
7-13-2019 9:15;32
7-13-2019 9:30;24
7-13-2019 9:45;36
7-13-2019 10:00;44
7-13-2019 10:15;44
7-13-2019 10:30;40
7-13-2019 10:45;44
7-13-2019 11:00;44
7-13-2019 11:15;48
7-13-2019 11:30;48
7-13-2019 11:45;52
7-13-2019 12:00;60
7-13-2019 12:15;52
7-13-2019 12:30;52
7-13-2019 12:45;64
7-13-2019 13:00;52
7-13-2019 13:15;56
7-13-2019 13:30;68
7-13-2019 13:45;52
7-13-2019 14:00;64
7-13-2019 14:15;68
7-13-2019 14:30;64
7-13-2019 14:45;52
7-13-2019 15:00;48
7-13-2019 15:15;56
7-13-2019 15:30;64
7-13-2019 15:45;52
7-13-2019 16:00;64
7-13-2019 16:15;68
7-13-2019 16:30;56
7-13-2019 16:45;60
7-13-2019 17:00;68
7-13-2019 17:15;56
7-13-2019 17:30;60
7-13-2019 17:45;68
7-13-2019 18:00;60
7-13-2019 18:15;56
7-13-2019 18:30;68
7-13-2019 18:45;60
7-13-2019 19:00;52
7-13-2019 19:15;68
7-13-2019 19:30;52
7-13-2019 19:45;36
7-13-2019 20:00;40
7-13-2019 20:15;56
7-13-2019 20:30;48
7-13-2019 20:45;48
7-13-2019 21:00;44
7-13-2019 21:15;44
7-13-2019 21:30;4
7-13-2019 21:45;4
7-13-2019 22:00;0
7-13-2019 22:15;4
7-13-2019 22:30;0
7-13-2019 22:45;4
7-13-2019 23:00;0
7-13-2019 23:15;4
7-13-2019 23:30;0
7-13-2019 23:45;4
7-14-2019 0:00;0
7-14-2019 0:15;4
7-14-2019 0:30;0
7-14-2019 0:45;4
7-14-2019 1:00;0
7-14-2019 1:15;4
7-14-2019 1:30;0
7-14-2019 1:45;0
7-14-2019 2:00;4
7-14-2019 2:15;0
7-14-2019 2:30;4
7-14-2019 2:45;0
7-14-2019 3:00;4
7-14-2019 3:15;0
7-14-2019 3:30;4
7-14-2019 3:45;0
7-14-2019 4:00;4
7-14-2019 4:15;0
7-14-2019 4:30;4
7-14-2019 4:45;0
7-14-2019 5:00;4
7-14-2019 5:15;0
7-14-2019 5:30;0
7-14-2019 5:45;4
7-14-2019 6:00;28
7-14-2019 6:15;32
7-14-2019 6:30;28
7-14-2019 6:45;48
7-14-2019 7:00;32
7-14-2019 7:15;20
7-14-2019 7:30;16
7-14-2019 7:45;20
7-14-2019 8:00;20
7-14-2019 8:15;24
7-14-2019 8:30;28
7-14-2019 8:45;24
7-14-2019 9:00;32
7-14-2019 9:15;32
7-14-2019 9:30;32
7-14-2019 9:45;32
7-14-2019 10:00;32
7-14-2019 10:15;28
7-14-2019 10:30;24
7-14-2019 10:45;40
7-14-2019 11:00;44
7-14-2019 11:15;44
7-14-2019 11:30;44
7-14-2019 11:45;40
7-14-2019 12:00;40
7-14-2019 12:15;36
7-14-2019 12:30;60
7-14-2019 12:45;68
7-14-2019 13:00;60
7-14-2019 13:15;64
7-14-2019 13:30;72
7-14-2019 13:45;64
7-14-2019 14:00;68
7-14-2019 14:15;76
7-14-2019 14:30;60
7-14-2019 14:45;76
7-14-2019 15:00;68
7-14-2019 15:15;64
7-14-2019 15:30;76
7-14-2019 15:45;60
7-14-2019 16:00;76
7-14-2019 16:15;64
7-14-2019 16:30;72
7-14-2019 16:45;68
7-14-2019 17:00;76
7-14-2019 17:15;60
7-14-2019 17:30;68
7-14-2019 17:45;72
7-14-2019 18:00;56
7-14-2019 18:15;56
7-14-2019 18:30;72
7-14-2019 18:45;56
7-14-2019 19:00;56
7-14-2019 19:15;56
7-14-2019 19:30;68
7-14-2019 19:45;56
7-14-2019 20:00;56
7-14-2019 20:15;52
7-14-2019 20:30;52
7-14-2019 20:45;56
7-14-2019 21:00;48
7-14-2019 21:15;52
7-14-2019 21:30;4
7-14-2019 21:45;0
7-14-2019 22:00;4
7-14-2019 22:15;0
7-14-2019 22:30;4
7-14-2019 22:45;0
7-14-2019 23:00;4
7-14-2019 23:15;0
7-14-2019 23:30;4
7-14-2019 23:45;0
7-15-2019 0:00;4
7-15-2019 0:15;0
7-15-2019 0:30;4
7-15-2019 0:45;0
7-15-2019 1:00;4
7-15-2019 1:15;0
7-15-2019 1:30;4
7-15-2019 1:45;0
7-15-2019 2:00;4
7-15-2019 2:15;0
7-15-2019 2:30;4
7-15-2019 2:45;0
7-15-2019 3:00;0
7-15-2019 3:15;4
7-15-2019 3:30;0
7-15-2019 3:45;4
7-15-2019 4:00;0
7-15-2019 4:15;4
7-15-2019 4:30;0
7-15-2019 4:45;4
7-15-2019 5:00;0
7-15-2019 5:15;4
7-15-2019 5:30;0
7-15-2019 5:45;4
7-15-2019 6:00;24
7-15-2019 6:15;24
7-15-2019 6:30;20
7-15-2019 6:45;20
7-15-2019 7:00;20
7-15-2019 7:15;20
7-15-2019 7:30;20
7-15-2019 7:45;20
7-15-2019 8:00;24
7-15-2019 8:15;20
7-15-2019 8:30;20
7-15-2019 8:45;20
7-15-2019 9:00;24
7-15-2019 9:15;20
7-15-2019 9:30;28
7-15-2019 9:45;28
7-15-2019 10:00;28
7-15-2019 10:15;32
7-15-2019 10:30;28
7-15-2019 10:45;28
7-15-2019 11:00;28
7-15-2019 11:15;32
7-15-2019 11:30;44
7-15-2019 11:45;24
7-15-2019 12:00;40
7-15-2019 12:15;28
7-15-2019 12:30;36
7-15-2019 12:45;36
7-15-2019 13:00;32
7-15-2019 13:15;40
7-15-2019 13:30;44
7-15-2019 13:45;40
7-15-2019 14:00;44
7-15-2019 14:15;44
7-15-2019 14:30;48
7-15-2019 14:45;52
7-15-2019 15:00;48
7-15-2019 15:15;52
7-15-2019 15:30;48
7-15-2019 15:45;52
7-15-2019 16:00;48
7-15-2019 16:15;48
7-15-2019 16:30;52
7-15-2019 16:45;48
7-15-2019 17:00;48
7-15-2019 17:15;48
7-15-2019 17:30;48
7-15-2019 17:45;48
7-15-2019 18:00;48
7-15-2019 18:15;48
7-15-2019 18:30;48
7-15-2019 18:45;44
7-15-2019 19:00;48
7-15-2019 19:15;48
7-15-2019 19:30;44
7-15-2019 19:45;48
7-15-2019 20:00;44
7-15-2019 20:15;48
7-15-2019 20:30;44
7-15-2019 20:45;24
7-15-2019 21:00;20
7-15-2019 21:15;24
7-15-2019 21:30;20
7-15-2019 21:45;16
7-15-2019 22:00;4
7-15-2019 22:15;4
7-15-2019 22:30;0
7-15-2019 22:45;4
7-15-2019 23:00;0
7-15-2019 23:15;0
7-15-2019 23:30;0
7-15-2019 23:45;4
7-16-2019 0:00;4
7-16-2019 0:15;0
7-16-2019 0:30;4
7-16-2019 0:45;0
7-16-2019 1:00;4
7-16-2019 1:15;0
7-16-2019 1:30;4
7-16-2019 1:45;0
7-16-2019 2:00;4
7-16-2019 2:15;0
7-16-2019 2:30;0
7-16-2019 2:45;4
7-16-2019 3:00;0
7-16-2019 3:15;4
7-16-2019 3:30;0
7-16-2019 3:45;4
7-16-2019 4:00;0
7-16-2019 4:15;4
7-16-2019 4:30;0
7-16-2019 4:45;0
7-16-2019 5:00;4
7-16-2019 5:15;0
7-16-2019 5:30;4
7-16-2019 5:45;0
7-16-2019 6:00;40
7-16-2019 6:15;20
7-16-2019 6:30;20
7-16-2019 6:45;24
7-16-2019 7:00;20
7-16-2019 7:15;20
7-16-2019 7:30;20
7-16-2019 7:45;24
7-16-2019 8:00;20
7-16-2019 8:15;20
7-16-2019 8:30;24
7-16-2019 8:45;20
7-16-2019 9:00;24
7-16-2019 9:15;24
7-16-2019 9:30;20
7-16-2019 9:45;24
7-16-2019 10:00;24
7-16-2019 10:15;28
7-16-2019 10:30;24
7-16-2019 10:45;32
7-16-2019 11:00;28
7-16-2019 11:15;32
7-16-2019 11:30;24
7-16-2019 11:45;24
7-16-2019 12:00;24
7-16-2019 12:15;32
7-16-2019 12:30;28
7-16-2019 12:45;28
7-16-2019 13:00;40
7-16-2019 13:15;36
7-16-2019 13:30;36
7-16-2019 13:45;36
7-16-2019 14:00;36
7-16-2019 14:15;32
7-16-2019 14:30;36
7-16-2019 14:45;40
7-16-2019 15:00;44
7-16-2019 15:15;40
7-16-2019 15:30;48
7-16-2019 15:45;48
7-16-2019 16:00;44
7-16-2019 16:15;48
7-16-2019 16:30;48
7-16-2019 16:45;40
7-16-2019 17:00;36
7-16-2019 17:15;32
7-16-2019 17:30;32
7-16-2019 17:45;40
7-16-2019 18:00;48
7-16-2019 18:15;44
7-16-2019 18:30;24
7-16-2019 18:45;24
7-16-2019 19:00;44
7-16-2019 19:15;48
7-16-2019 19:30;44
7-16-2019 19:45;32
7-16-2019 20:00;24
7-16-2019 20:15;24
7-16-2019 20:30;32
7-16-2019 20:45;32
7-16-2019 21:00;20
7-16-2019 21:15;24
7-16-2019 21:30;0
7-16-2019 21:45;4
7-16-2019 22:00;0
7-16-2019 22:15;4
7-16-2019 22:30;0
7-16-2019 22:45;4
7-16-2019 23:00;0
7-16-2019 23:15;4
7-16-2019 23:30;0
7-16-2019 23:45;4
7-17-2019 0:00;0
7-17-2019 0:15;4
7-17-2019 0:30;0
7-17-2019 0:45;0
7-17-2019 1:00;4
7-17-2019 1:15;0
7-17-2019 1:30;4
7-17-2019 1:45;0
7-17-2019 2:00;4
7-17-2019 2:15;0
7-17-2019 2:30;0
7-17-2019 2:45;4
7-17-2019 3:00;0
7-17-2019 3:15;4
7-17-2019 3:30;0
7-17-2019 3:45;0
7-17-2019 4:00;4
7-17-2019 4:15;0
7-17-2019 4:30;4
7-17-2019 4:45;0
7-17-2019 5:00;4
7-17-2019 5:15;0
7-17-2019 5:30;0
7-17-2019 5:45;4
7-17-2019 6:00;32
7-17-2019 6:15;20
7-17-2019 6:30;20
7-17-2019 6:45;20
7-17-2019 7:00;24
7-17-2019 7:15;20
7-17-2019 7:30;20
7-17-2019 7:45;20
7-17-2019 8:00;20
7-17-2019 8:15;20
7-17-2019 8:30;24
7-17-2019 8:45;20
7-17-2019 9:00;24
7-17-2019 9:15;24
7-17-2019 9:30;24
7-17-2019 9:45;20
7-17-2019 10:00;24
7-17-2019 10:15;24
7-17-2019 10:30;24
7-17-2019 10:45;24
7-17-2019 11:00;28
7-17-2019 11:15;28
7-17-2019 11:30;32
7-17-2019 11:45;32
7-17-2019 12:00;36
7-17-2019 12:15;32
7-17-2019 12:30;32
7-17-2019 12:45;24
7-17-2019 13:00;36
7-17-2019 13:15;44
7-17-2019 13:30;24
7-17-2019 13:45;28
7-17-2019 14:00;36
7-17-2019 14:15;36
7-17-2019 14:30;32
7-17-2019 14:45;40
7-17-2019 15:00;36
7-17-2019 15:15;32
7-17-2019 15:30;36
7-17-2019 15:45;36
7-17-2019 16:00;52
7-17-2019 16:15;40
7-17-2019 16:30;44
7-17-2019 16:45;40
7-17-2019 17:00;48
7-17-2019 17:15;44
7-17-2019 17:30;40
7-17-2019 17:45;40
7-17-2019 18:00;20
7-17-2019 18:15;44
7-17-2019 18:30;48
7-17-2019 18:45;40
7-17-2019 19:00;32
7-17-2019 19:15;24
7-17-2019 19:30;28
7-17-2019 19:45;32
7-17-2019 20:00;28
7-17-2019 20:15;32
7-17-2019 20:30;32
7-17-2019 20:45;28
7-17-2019 21:00;28
7-17-2019 21:15;20
7-17-2019 21:30;0
7-17-2019 21:45;4
7-17-2019 22:00;0
7-17-2019 22:15;4
7-17-2019 22:30;0
7-17-2019 22:45;0
7-17-2019 23:00;4
7-17-2019 23:15;0
7-17-2019 23:30;4
7-17-2019 23:45;0
7-18-2019 0:00;4
7-18-2019 0:15;0
7-18-2019 0:30;0
7-18-2019 0:45;4
7-18-2019 1:00;0
7-18-2019 1:15;4
7-18-2019 1:30;0
7-18-2019 1:45;0
7-18-2019 2:00;4
7-18-2019 2:15;0
7-18-2019 2:30;0
7-18-2019 2:45;4
7-18-2019 3:00;0
7-18-2019 3:15;4
7-18-2019 3:30;0
7-18-2019 3:45;0
7-18-2019 4:00;4
7-18-2019 4:15;0
7-18-2019 4:30;4
7-18-2019 4:45;0
7-18-2019 5:00;0
7-18-2019 5:15;4
7-18-2019 5:30;0
7-18-2019 5:45;0
7-18-2019 6:00;48
7-18-2019 6:15;32
7-18-2019 6:30;20
7-18-2019 6:45;24
7-18-2019 7:00;20
7-18-2019 7:15;20
7-18-2019 7:30;20
7-18-2019 7:45;0
7-18-2019 8:00;40
7-18-2019 8:15;24
7-18-2019 8:30;24
7-18-2019 8:45;24
7-18-2019 9:00;20
7-18-2019 9:15;24
7-18-2019 9:30;24
7-18-2019 9:45;20
7-18-2019 10:00;24
7-18-2019 10:15;24
7-18-2019 10:30;24
7-18-2019 10:45;28
7-18-2019 11:00;28
7-18-2019 11:15;36
7-18-2019 11:30;28
7-18-2019 11:45;32
7-18-2019 12:00;24
7-18-2019 12:15;44
7-18-2019 12:30;44
7-18-2019 12:45;44
7-18-2019 13:00;48
7-18-2019 13:15;44
7-18-2019 13:30;28
7-18-2019 13:45;40
7-18-2019 14:00;64
7-18-2019 14:15;64
7-18-2019 14:30;40
7-18-2019 14:45;36
7-18-2019 15:00;32
7-18-2019 15:15;52
7-18-2019 15:30;52
7-18-2019 15:45;44
7-18-2019 16:00;48
7-18-2019 16:15;48
7-18-2019 16:30;48
7-18-2019 16:45;52
7-18-2019 17:00;44
7-18-2019 17:15;44
7-18-2019 17:30;44
7-18-2019 17:45;52
7-18-2019 18:00;44
7-18-2019 18:15;36
7-18-2019 18:30;28
7-18-2019 18:45;48
7-18-2019 19:00;44
7-18-2019 19:15;40
7-18-2019 19:30;36
7-18-2019 19:45;24
7-18-2019 20:00;32
7-18-2019 20:15;44
7-18-2019 20:30;40
7-18-2019 20:45;40
7-18-2019 21:00;24
7-18-2019 21:15;20
7-18-2019 21:30;4
7-18-2019 21:45;0
7-18-2019 22:00;4
7-18-2019 22:15;0
7-18-2019 22:30;4
7-18-2019 22:45;0
7-18-2019 23:00;4
7-18-2019 23:15;0
7-18-2019 23:30;4
7-18-2019 23:45;0
7-19-2019 0:00;0
7-19-2019 0:15;4
7-19-2019 0:30;0
7-19-2019 0:45;4
7-19-2019 1:00;0
7-19-2019 1:15;0
7-19-2019 1:30;4
7-19-2019 1:45;0
7-19-2019 2:00;4
7-19-2019 2:15;0
7-19-2019 2:30;4
7-19-2019 2:45;0
7-19-2019 3:00;0
7-19-2019 3:15;4
7-19-2019 3:30;0
7-19-2019 3:45;4
7-19-2019 4:00;0
7-19-2019 4:15;0
7-19-2019 4:30;4
7-19-2019 4:45;0
7-19-2019 5:00;4
7-19-2019 5:15;0
7-19-2019 5:30;0
7-19-2019 5:45;4
7-19-2019 6:00;32
7-19-2019 6:15;20
7-19-2019 6:30;16
7-19-2019 6:45;20
7-19-2019 7:00;20
7-19-2019 7:15;20
7-19-2019 7:30;20
7-19-2019 7:45;20
7-19-2019 8:00;24
7-19-2019 8:15;20
7-19-2019 8:30;20
7-19-2019 8:45;20
7-19-2019 9:00;24
7-19-2019 9:15;24
7-19-2019 9:30;20
7-19-2019 9:45;24
7-19-2019 10:00;24
7-19-2019 10:15;20
7-19-2019 10:30;28
7-19-2019 10:45;28
7-19-2019 11:00;28
7-19-2019 11:15;36
7-19-2019 11:30;36
7-19-2019 11:45;32
7-19-2019 12:00;24
7-19-2019 12:15;28
7-19-2019 12:30;44
7-19-2019 12:45;32
7-19-2019 13:00;32
7-19-2019 13:15;44
7-19-2019 13:30;24
7-19-2019 13:45;44
7-19-2019 14:00;32
7-19-2019 14:15;32
7-19-2019 14:30;56
7-19-2019 14:45;56
7-19-2019 15:00;60
7-19-2019 15:15;56
7-19-2019 15:30;56
7-19-2019 15:45;60
7-19-2019 16:00;56
7-19-2019 16:15;60
7-19-2019 16:30;56
7-19-2019 16:45;56
7-19-2019 17:00;56
7-19-2019 17:15;56
7-19-2019 17:30;56
7-19-2019 17:45;56
7-19-2019 18:00;56
7-19-2019 18:15;52
7-19-2019 18:30;56
7-19-2019 18:45;52
7-19-2019 19:00;56
7-19-2019 19:15;52
7-19-2019 19:30;56
7-19-2019 19:45;52
7-19-2019 20:00;20
7-19-2019 20:15;24
7-19-2019 20:30;24
7-19-2019 20:45;32
7-19-2019 21:00;28
7-19-2019 21:15;28
7-19-2019 21:30;8
7-19-2019 21:45;0
7-19-2019 22:00;0
7-19-2019 22:15;4
7-19-2019 22:30;0
7-19-2019 22:45;4
7-19-2019 23:00;0
7-19-2019 23:15;4
7-19-2019 23:30;0
7-19-2019 23:45;4
7-20-2019 0:00;0
7-20-2019 0:15;4
7-20-2019 0:30;0
7-20-2019 0:45;4
7-20-2019 1:00;0
7-20-2019 1:15;0
7-20-2019 1:30;4
7-20-2019 1:45;0
7-20-2019 2:00;0
7-20-2019 2:15;4
7-20-2019 2:30;0
7-20-2019 2:45;4
7-20-2019 3:00;0
7-20-2019 3:15;0
7-20-2019 3:30;4
7-20-2019 3:45;0
7-20-2019 4:00;4
7-20-2019 4:15;0
7-20-2019 4:30;0
7-20-2019 4:45;4
7-20-2019 5:00;0
7-20-2019 5:15;4
7-20-2019 5:30;0
7-20-2019 5:45;0
7-20-2019 6:00;44
7-20-2019 6:15;28
7-20-2019 6:30;20
7-20-2019 6:45;20
7-20-2019 7:00;20
7-20-2019 7:15;24
7-20-2019 7:30;20
7-20-2019 7:45;24
7-20-2019 8:00;24
7-20-2019 8:15;20
7-20-2019 8:30;20
7-20-2019 8:45;20
7-20-2019 9:00;24
7-20-2019 9:15;24
7-20-2019 9:30;24
7-20-2019 9:45;24
7-20-2019 10:00;24
7-20-2019 10:15;32
7-20-2019 10:30;32
7-20-2019 10:45;32
7-20-2019 11:00;36
7-20-2019 11:15;36
7-20-2019 11:30;40
7-20-2019 11:45;36
7-20-2019 12:00;36
7-20-2019 12:15;40
7-20-2019 12:30;36
7-20-2019 12:45;40
7-20-2019 13:00;48
7-20-2019 13:15;48
7-20-2019 13:30;56
7-20-2019 13:45;60
7-20-2019 14:00;64
7-20-2019 14:15;60
7-20-2019 14:30;60
7-20-2019 14:45;52
7-20-2019 15:00;44
7-20-2019 15:15;48
7-20-2019 15:30;68
7-20-2019 15:45;64
7-20-2019 16:00;52
7-20-2019 16:15;52
7-20-2019 16:30;52
7-20-2019 16:45;52
7-20-2019 17:00;60
7-20-2019 17:15;60
7-20-2019 17:30;48
7-20-2019 17:45;52
7-20-2019 18:00;48
7-20-2019 18:15;40
7-20-2019 18:30;28
7-20-2019 18:45;48
7-20-2019 19:00;48
7-20-2019 19:15;48
7-20-2019 19:30;48
7-20-2019 19:45;48
7-20-2019 20:00;44
7-20-2019 20:15;48
7-20-2019 20:30;48
7-20-2019 20:45;44
7-20-2019 21:00;44
7-20-2019 21:15;36
7-20-2019 21:30;8
7-20-2019 21:45;0
7-20-2019 22:00;4
7-20-2019 22:15;0
7-20-2019 22:30;4
7-20-2019 22:45;0
7-20-2019 23:00;4
7-20-2019 23:15;0
7-20-2019 23:30;4
7-20-2019 23:45;0
7-21-2019 0:00;0
7-21-2019 0:15;4
7-21-2019 0:30;0
7-21-2019 0:45;4
7-21-2019 1:00;0
7-21-2019 1:15;4
7-21-2019 1:30;0
7-21-2019 1:45;0
7-21-2019 2:00;4
7-21-2019 2:15;0
7-21-2019 2:30;0
7-21-2019 2:45;4
7-21-2019 3:00;0
7-21-2019 3:15;0
7-21-2019 3:30;4
7-21-2019 3:45;0
7-21-2019 4:00;4
7-21-2019 4:15;0
7-21-2019 4:30;0
7-21-2019 4:45;4
7-21-2019 5:00;0
7-21-2019 5:15;0
7-21-2019 5:30;4
7-21-2019 5:45;0
7-21-2019 6:00;28
7-21-2019 6:15;24
7-21-2019 6:30;20
7-21-2019 6:45;20
7-21-2019 7:00;20
7-21-2019 7:15;20
7-21-2019 7:30;24
7-21-2019 7:45;20
7-21-2019 8:00;20
7-21-2019 8:15;20
7-21-2019 8:30;20
7-21-2019 8:45;24
7-21-2019 9:00;20
7-21-2019 9:15;24
7-21-2019 9:30;24
7-21-2019 9:45;24
7-21-2019 10:00;24
7-21-2019 10:15;28
7-21-2019 10:30;28
7-21-2019 10:45;32
7-21-2019 11:00;32
7-21-2019 11:15;28
7-21-2019 11:30;48
7-21-2019 11:45;28
7-21-2019 12:00;40
7-21-2019 12:15;32
7-21-2019 12:30;40
7-21-2019 12:45;32
7-21-2019 13:00;40
7-21-2019 13:15;52
7-21-2019 13:30;52
7-21-2019 13:45;52
7-21-2019 14:00;52
7-21-2019 14:15;52
7-21-2019 14:30;52
7-21-2019 14:45;52
7-21-2019 15:00;52
7-21-2019 15:15;52
7-21-2019 15:30;48
7-21-2019 15:45;52
7-21-2019 16:00;52
7-21-2019 16:15;52
7-21-2019 16:30;48
7-21-2019 16:45;52
7-21-2019 17:00;48
7-21-2019 17:15;52
7-21-2019 17:30;48
7-21-2019 17:45;48
7-21-2019 18:00;52
7-21-2019 18:15;48
7-21-2019 18:30;48
7-21-2019 18:45;48
7-21-2019 19:00;48
7-21-2019 19:15;48
7-21-2019 19:30;48
7-21-2019 19:45;48
7-21-2019 20:00;48
7-21-2019 20:15;48
7-21-2019 20:30;44
7-21-2019 20:45;48
7-21-2019 21:00;44
7-21-2019 21:15;44
7-21-2019 21:30;4
7-21-2019 21:45;4
7-21-2019 22:00;0
7-21-2019 22:15;4
7-21-2019 22:30;0
7-21-2019 22:45;4
7-21-2019 23:00;0
7-21-2019 23:15;4
7-21-2019 23:30;0
7-21-2019 23:45;4
7-22-2019 0:00;0
7-22-2019 0:15;4
7-22-2019 0:30;0
7-22-2019 0:45;0
7-22-2019 1:00;4
7-22-2019 1:15;0
7-22-2019 1:30;4
7-22-2019 1:45;0
7-22-2019 2:00;0
7-22-2019 2:15;4
7-22-2019 2:30;0
7-22-2019 2:45;0
7-22-2019 3:00;4
7-22-2019 3:15;0
7-22-2019 3:30;0
7-22-2019 3:45;4
7-22-2019 4:00;0
7-22-2019 4:15;0
7-22-2019 4:30;4
7-22-2019 4:45;0
7-22-2019 5:00;0
7-22-2019 5:15;4
7-22-2019 5:30;0
7-22-2019 5:45;4
7-22-2019 6:00;28
7-22-2019 6:15;20
7-22-2019 6:30;20
7-22-2019 6:45;20
7-22-2019 7:00;24
7-22-2019 7:15;20
7-22-2019 7:30;20
7-22-2019 7:45;20
7-22-2019 8:00;24
7-22-2019 8:15;20
7-22-2019 8:30;20
7-22-2019 8:45;20
7-22-2019 9:00;24
7-22-2019 9:15;24
7-22-2019 9:30;28
7-22-2019 9:45;24
7-22-2019 10:00;32
7-22-2019 10:15;28
7-22-2019 10:30;32
7-22-2019 10:45;32
7-22-2019 11:00;36
7-22-2019 11:15;40
7-22-2019 11:30;28
7-22-2019 11:45;48
7-22-2019 12:00;24
7-22-2019 12:15;44
7-22-2019 12:30;52
7-22-2019 12:45;32
7-22-2019 13:00;40
7-22-2019 13:15;64
7-22-2019 13:30;60
7-22-2019 13:45;60
7-22-2019 14:00;64
7-22-2019 14:15;60
7-22-2019 14:30;64
7-22-2019 14:45;60
7-22-2019 15:00;64
7-22-2019 15:15;64
7-22-2019 15:30;64
7-22-2019 15:45;60
7-22-2019 16:00;64
7-22-2019 16:15;60
7-22-2019 16:30;60
7-22-2019 16:45;64
7-22-2019 17:00;60
7-22-2019 17:15;60
7-22-2019 17:30;60
7-22-2019 17:45;60
7-22-2019 18:00;60
7-22-2019 18:15;60
7-22-2019 18:30;56
7-22-2019 18:45;56
7-22-2019 19:00;56
7-22-2019 19:15;56
7-22-2019 19:30;56
7-22-2019 19:45;56
7-22-2019 20:00;52
7-22-2019 20:15;56
7-22-2019 20:30;52
7-22-2019 20:45;52
7-22-2019 21:00;52
7-22-2019 21:15;48
7-22-2019 21:30;32
7-22-2019 21:45;28
7-22-2019 22:00;4
7-22-2019 22:15;4
7-22-2019 22:30;0
7-22-2019 22:45;0
7-22-2019 23:00;4
7-22-2019 23:15;0
7-22-2019 23:30;4
7-22-2019 23:45;0
7-23-2019 0:00;4
7-23-2019 0:15;0
7-23-2019 0:30;4
7-23-2019 0:45;0
7-23-2019 1:00;4
7-23-2019 1:15;0
7-23-2019 1:30;0
7-23-2019 1:45;4
7-23-2019 2:00;0
7-23-2019 2:15;4
7-23-2019 2:30;0
7-23-2019 2:45;4
7-23-2019 3:00;0
7-23-2019 3:15;0
7-23-2019 3:30;4
7-23-2019 3:45;0
7-23-2019 4:00;4
7-23-2019 4:15;0
7-23-2019 4:30;4
7-23-2019 4:45;0
7-23-2019 5:00;0
7-23-2019 5:15;4
7-23-2019 5:30;0
7-23-2019 5:45;4
7-23-2019 6:00;16
7-23-2019 6:15;20
7-23-2019 6:30;20
7-23-2019 6:45;24
7-23-2019 7:00;20
7-23-2019 7:15;20
7-23-2019 7:30;20
7-23-2019 7:45;24
7-23-2019 8:00;20
7-23-2019 8:15;20
7-23-2019 8:30;24
7-23-2019 8:45;20
7-23-2019 9:00;24
7-23-2019 9:15;28
7-23-2019 9:30;32
7-23-2019 9:45;32
7-23-2019 10:00;28
7-23-2019 10:15;32
7-23-2019 10:30;32
7-23-2019 10:45;28
7-23-2019 11:00;32
7-23-2019 11:15;36
7-23-2019 11:30;32
7-23-2019 11:45;32
7-23-2019 12:00;44
7-23-2019 12:15;40
7-23-2019 12:30;44
7-23-2019 12:45;40
7-23-2019 13:00;44
7-23-2019 13:15;44
7-23-2019 13:30;32
7-23-2019 13:45;40
7-23-2019 14:00;60
7-23-2019 14:15;60
7-23-2019 14:30;60
7-23-2019 14:45;60
7-23-2019 15:00;60
7-23-2019 15:15;60
7-23-2019 15:30;60
7-23-2019 15:45;60
7-23-2019 16:00;60
7-23-2019 16:15;56
7-23-2019 16:30;56
7-23-2019 16:45;60
7-23-2019 17:00;56
7-23-2019 17:15;56
7-23-2019 17:30;60
7-23-2019 17:45;56
7-23-2019 18:00;56
7-23-2019 18:15;56
7-23-2019 18:30;56
7-23-2019 18:45;56
7-23-2019 19:00;56
7-23-2019 19:15;56
7-23-2019 19:30;56
7-23-2019 19:45;56
7-23-2019 20:00;28
7-23-2019 20:15;40
7-23-2019 20:30;40
7-23-2019 20:45;40
7-23-2019 21:00;36
7-23-2019 21:15;40
7-23-2019 21:30;4
7-23-2019 21:45;0
7-23-2019 22:00;4
7-23-2019 22:15;0
7-23-2019 22:30;4
7-23-2019 22:45;0
7-23-2019 23:00;4
7-23-2019 23:15;0
7-23-2019 23:30;0
7-23-2019 23:45;4
7-24-2019 0:00;0
7-24-2019 0:15;4
7-24-2019 0:30;0
7-24-2019 0:45;4
7-24-2019 1:00;0
7-24-2019 1:15;0
7-24-2019 1:30;4
7-24-2019 1:45;0
7-24-2019 2:00;4
7-24-2019 2:15;0
7-24-2019 2:30;4
7-24-2019 2:45;0
7-24-2019 3:00;4
7-24-2019 3:15;0
7-24-2019 3:30;0
7-24-2019 3:45;4
7-24-2019 4:00;0
7-24-2019 4:15;4
7-24-2019 4:30;0
7-24-2019 4:45;4
7-24-2019 5:00;0
7-24-2019 5:15;0
7-24-2019 5:30;4
7-24-2019 5:45;0
7-24-2019 6:00;40
7-24-2019 6:15;32
7-24-2019 6:30;28
7-24-2019 6:45;28
7-24-2019 7:00;24
7-24-2019 7:15;20
7-24-2019 7:30;20
7-24-2019 7:45;24
7-24-2019 8:00;20
7-24-2019 8:15;20
7-24-2019 8:30;24
7-24-2019 8:45;20
7-24-2019 9:00;24
7-24-2019 9:15;28
7-24-2019 9:30;28
7-24-2019 9:45;32
7-24-2019 10:00;24
7-24-2019 10:15;40
7-24-2019 10:30;48
7-24-2019 10:45;44
7-24-2019 11:00;44
7-24-2019 11:15;48
7-24-2019 11:30;48
7-24-2019 11:45;52
7-24-2019 12:00;44
7-24-2019 12:15;48
7-24-2019 12:30;64
7-24-2019 12:45;44
7-24-2019 13:00;64
7-24-2019 13:15;72
7-24-2019 13:30;56
7-24-2019 13:45;72
7-24-2019 14:00;72
7-24-2019 14:15;56
7-24-2019 14:30;68
7-24-2019 14:45;72
7-24-2019 15:00;68
7-24-2019 15:15;60
7-24-2019 15:30;76
7-24-2019 15:45;64
7-24-2019 16:00;64
7-24-2019 16:15;72
7-24-2019 16:30;64
7-24-2019 16:45;64
7-24-2019 17:00;68
7-24-2019 17:15;72
7-24-2019 17:30;60
7-24-2019 17:45;60
7-24-2019 18:00;72
7-24-2019 18:15;68
7-24-2019 18:30;52
7-24-2019 18:45;64
7-24-2019 19:00;60
7-24-2019 19:15;52
7-24-2019 19:30;64
7-24-2019 19:45;60
7-24-2019 20:00;48
7-24-2019 20:15;48
7-24-2019 20:30;48
7-24-2019 20:45;60
7-24-2019 21:00;48
7-24-2019 21:15;48
7-24-2019 21:30;4
7-24-2019 21:45;0
7-24-2019 22:00;4
7-24-2019 22:15;0
7-24-2019 22:30;4
7-24-2019 22:45;0
7-24-2019 23:00;4
7-24-2019 23:15;0
7-24-2019 23:30;4
7-24-2019 23:45;0
7-25-2019 0:00;4
7-25-2019 0:15;0
7-25-2019 0:30;4
7-25-2019 0:45;0
7-25-2019 1:00;0
7-25-2019 1:15;4
7-25-2019 1:30;0
7-25-2019 1:45;4
7-25-2019 2:00;0
7-25-2019 2:15;4
7-25-2019 2:30;0
7-25-2019 2:45;4
7-25-2019 3:00;0
7-25-2019 3:15;0
7-25-2019 3:30;4
7-25-2019 3:45;0
7-25-2019 4:00;4
7-25-2019 4:15;0
7-25-2019 4:30;4
7-25-2019 4:45;0
7-25-2019 5:00;4
7-25-2019 5:15;0
7-25-2019 5:30;0
7-25-2019 5:45;4
7-25-2019 6:00;16
7-25-2019 6:15;20
7-25-2019 6:30;36
7-25-2019 6:45;36
7-25-2019 7:00;32
7-25-2019 7:15;20
7-25-2019 7:30;24
7-25-2019 7:45;28
7-25-2019 8:00;32
7-25-2019 8:15;28
7-25-2019 8:30;32
7-25-2019 8:45;28
7-25-2019 9:00;32
7-25-2019 9:15;36
7-25-2019 9:30;32
7-25-2019 9:45;36
7-25-2019 10:00;48
7-25-2019 10:15;40
7-25-2019 10:30;48
7-25-2019 10:45;44
7-25-2019 11:00;48
7-25-2019 11:15;48
7-25-2019 11:30;48
7-25-2019 11:45;48
7-25-2019 12:00;44
7-25-2019 12:15;56
7-25-2019 12:30;60
7-25-2019 12:45;56
7-25-2019 13:00;60
7-25-2019 13:15;68
7-25-2019 13:30;52
7-25-2019 13:45;64
7-25-2019 14:00;68
7-25-2019 14:15;56
7-25-2019 14:30;68
7-25-2019 14:45;72
7-25-2019 15:00;56
7-25-2019 15:15;60
7-25-2019 15:30;72
7-25-2019 15:45;64
7-25-2019 16:00;52
7-25-2019 16:15;52
7-25-2019 16:30;60
7-25-2019 16:45;56
7-25-2019 17:00;48
7-25-2019 17:15;60
7-25-2019 17:30;56
7-25-2019 17:45;56
7-25-2019 18:00;48
7-25-2019 18:15;48
7-25-2019 18:30;48
7-25-2019 18:45;48
7-25-2019 19:00;52
7-25-2019 19:15;28
7-25-2019 19:30;36
7-25-2019 19:45;32
7-25-2019 20:00;56
7-25-2019 20:15;52
7-25-2019 20:30;48
7-25-2019 20:45;32
7-25-2019 21:00;24
7-25-2019 21:15;32
7-25-2019 21:30;8
7-25-2019 21:45;0
7-25-2019 22:00;4
7-25-2019 22:15;0
7-25-2019 22:30;4
7-25-2019 22:45;0
7-25-2019 23:00;4
7-25-2019 23:15;0
7-25-2019 23:30;4
7-25-2019 23:45;0
7-26-2019 0:00;4
7-26-2019 0:15;0
7-26-2019 0:30;4
7-26-2019 0:45;0
7-26-2019 1:00;4
7-26-2019 1:15;0
7-26-2019 1:30;4
7-26-2019 1:45;0
7-26-2019 2:00;4
7-26-2019 2:15;0
7-26-2019 2:30;4
7-26-2019 2:45;0
7-26-2019 3:00;0
7-26-2019 3:15;4
7-26-2019 3:30;0
7-26-2019 3:45;4
7-26-2019 4:00;0
7-26-2019 4:15;4
7-26-2019 4:30;0
7-26-2019 4:45;4
7-26-2019 5:00;0
7-26-2019 5:15;4
7-26-2019 5:30;0
7-26-2019 5:45;4
7-26-2019 6:00;32
7-26-2019 6:15;20
7-26-2019 6:30;24
7-26-2019 6:45;20
7-26-2019 7:00;20
7-26-2019 7:15;20
7-26-2019 7:30;24
7-26-2019 7:45;20
7-26-2019 8:00;20
7-26-2019 8:15;20
7-26-2019 8:30;24
7-26-2019 8:45;20
7-26-2019 9:00;24
7-26-2019 9:15;24
7-26-2019 9:30;24
7-26-2019 9:45;28
7-26-2019 10:00;28
7-26-2019 10:15;36
7-26-2019 10:30;28
7-26-2019 10:45;40
7-26-2019 11:00;36
7-26-2019 11:15;36
7-26-2019 11:30;32
7-26-2019 11:45;40
7-26-2019 12:00;36
7-26-2019 12:15;40
7-26-2019 12:30;48
7-26-2019 12:45;48
7-26-2019 13:00;48
7-26-2019 13:15;52
7-26-2019 13:30;40
7-26-2019 13:45;40
7-26-2019 14:00;48
7-26-2019 14:15;48
7-26-2019 14:30;44
7-26-2019 14:45;48
7-26-2019 15:00;48
7-26-2019 15:15;48
7-26-2019 15:30;52
7-26-2019 15:45;40
7-26-2019 16:00;44
7-26-2019 16:15;52
7-26-2019 16:30;44
7-26-2019 16:45;44
7-26-2019 17:00;44
7-26-2019 17:15;52
7-26-2019 17:30;44
7-26-2019 17:45;44
7-26-2019 18:00;44
7-26-2019 18:15;44
7-26-2019 18:30;48
7-26-2019 18:45;44
7-26-2019 19:00;44
7-26-2019 19:15;40
7-26-2019 19:30;40
7-26-2019 19:45;40
7-26-2019 20:00;40
7-26-2019 20:15;40
7-26-2019 20:30;40
7-26-2019 20:45;40
7-26-2019 21:00;40
7-26-2019 21:15;28
7-26-2019 21:30;4
7-26-2019 21:45;4
7-26-2019 22:00;0
7-26-2019 22:15;4
7-26-2019 22:30;0
7-26-2019 22:45;4
7-26-2019 23:00;0
7-26-2019 23:15;4
7-26-2019 23:30;0
7-26-2019 23:45;4
7-27-2019 0:00;0
7-27-2019 0:15;4
7-27-2019 0:30;0
7-27-2019 0:45;4
7-27-2019 1:00;0
7-27-2019 1:15;4
7-27-2019 1:30;0
7-27-2019 1:45;0
7-27-2019 2:00;4
7-27-2019 2:15;0
7-27-2019 2:30;4
7-27-2019 2:45;0
7-27-2019 3:00;4
7-27-2019 3:15;0
7-27-2019 3:30;4
7-27-2019 3:45;0
7-27-2019 4:00;4
7-27-2019 4:15;0
7-27-2019 4:30;0
7-27-2019 4:45;4
7-27-2019 5:00;0
7-27-2019 5:15;4
7-27-2019 5:30;0
7-27-2019 5:45;4
7-27-2019 6:00;24
7-27-2019 6:15;24
7-27-2019 6:30;24
7-27-2019 6:45;20
7-27-2019 7:00;20
7-27-2019 7:15;20
7-27-2019 7:30;24
7-27-2019 7:45;20
7-27-2019 8:00;20
7-27-2019 8:15;20
7-27-2019 8:30;24
7-27-2019 8:45;20
7-27-2019 9:00;24
7-27-2019 9:15;28
7-27-2019 9:30;28
7-27-2019 9:45;32
7-27-2019 10:00;32
7-27-2019 10:15;32
7-27-2019 10:30;36
7-27-2019 10:45;36
7-27-2019 11:00;32
7-27-2019 11:15;32
7-27-2019 11:30;36
7-27-2019 11:45;40
7-27-2019 12:00;36
7-27-2019 12:15;32
7-27-2019 12:30;48
7-27-2019 12:45;44
7-27-2019 13:00;44
7-27-2019 13:15;24
7-27-2019 13:30;40
7-27-2019 13:45;56
7-27-2019 14:00;56
7-27-2019 14:15;48
7-27-2019 14:30;48
7-27-2019 14:45;52
7-27-2019 15:00;52
7-27-2019 15:15;52
7-27-2019 15:30;56
7-27-2019 15:45;56
7-27-2019 16:00;52
7-27-2019 16:15;56
7-27-2019 16:30;56
7-27-2019 16:45;48
7-27-2019 17:00;48
7-27-2019 17:15;48
7-27-2019 17:30;52
7-27-2019 17:45;48
7-27-2019 18:00;48
7-27-2019 18:15;52
7-27-2019 18:30;56
7-27-2019 18:45;48
7-27-2019 19:00;48
7-27-2019 19:15;48
7-27-2019 19:30;48
7-27-2019 19:45;48
7-27-2019 20:00;52
7-27-2019 20:15;48
7-27-2019 20:30;48
7-27-2019 20:45;44
7-27-2019 21:00;48
7-27-2019 21:15;44
7-27-2019 21:30;4
7-27-2019 21:45;0
7-27-2019 22:00;4
7-27-2019 22:15;0
7-27-2019 22:30;4
7-27-2019 22:45;0
7-27-2019 23:00;4
7-27-2019 23:15;0
7-27-2019 23:30;4
7-27-2019 23:45;0
7-28-2019 0:00;0
7-28-2019 0:15;4
7-28-2019 0:30;0
7-28-2019 0:45;4
7-28-2019 1:00;0
7-28-2019 1:15;4
7-28-2019 1:30;0
7-28-2019 1:45;4
7-28-2019 2:00;0
7-28-2019 2:15;0
7-28-2019 2:30;4
7-28-2019 2:45;0
7-28-2019 3:00;4
7-28-2019 3:15;0
7-28-2019 3:30;4
7-28-2019 3:45;0
7-28-2019 4:00;0
7-28-2019 4:15;4
7-28-2019 4:30;0
7-28-2019 4:45;4
7-28-2019 5:00;0
7-28-2019 5:15;0
7-28-2019 5:30;4
7-28-2019 5:45;0
7-28-2019 6:00;28
7-28-2019 6:15;36
7-28-2019 6:30;20
7-28-2019 6:45;20
7-28-2019 7:00;20
7-28-2019 7:15;24
7-28-2019 7:30;20
7-28-2019 7:45;20
7-28-2019 8:00;20
7-28-2019 8:15;20
7-28-2019 8:30;24
7-28-2019 8:45;20
7-28-2019 9:00;24
7-28-2019 9:15;20
7-28-2019 9:30;24
7-28-2019 9:45;24
7-28-2019 10:00;24
7-28-2019 10:15;24
7-28-2019 10:30;32
7-28-2019 10:45;32
7-28-2019 11:00;32
7-28-2019 11:15;28
7-28-2019 11:30;48
7-28-2019 11:45;48
7-28-2019 12:00;56
7-28-2019 12:15;48
7-28-2019 12:30;48
7-28-2019 12:45;24
7-28-2019 13:00;40
7-28-2019 13:15;48
7-28-2019 13:30;48
7-28-2019 13:45;0
7-28-2019 14:00;100
7-28-2019 14:15;52
7-28-2019 14:30;48
7-28-2019 14:45;52
7-28-2019 15:00;48
7-28-2019 15:15;52
7-28-2019 15:30;52
7-28-2019 15:45;48
7-28-2019 16:00;52
7-28-2019 16:15;52
7-28-2019 16:30;48
7-28-2019 16:45;52
7-28-2019 17:00;52
7-28-2019 17:15;48
7-28-2019 17:30;48
7-28-2019 17:45;52
7-28-2019 18:00;48
7-28-2019 18:15;48
7-28-2019 18:30;52
7-28-2019 18:45;48
7-28-2019 19:00;48
7-28-2019 19:15;48
7-28-2019 19:30;48
7-28-2019 19:45;44
7-28-2019 20:00;48
7-28-2019 20:15;48
7-28-2019 20:30;48
7-28-2019 20:45;48
7-28-2019 21:00;44
7-28-2019 21:15;32
7-28-2019 21:30;4
7-28-2019 21:45;4
7-28-2019 22:00;0
7-28-2019 22:15;4
7-28-2019 22:30;0
7-28-2019 22:45;4
7-28-2019 23:00;0
7-28-2019 23:15;0
7-28-2019 23:30;4
7-28-2019 23:45;0
7-29-2019 0:00;4
7-29-2019 0:15;0
7-29-2019 0:30;4
7-29-2019 0:45;0
7-29-2019 1:00;4
7-29-2019 1:15;0
7-29-2019 1:30;0
7-29-2019 1:45;4
7-29-2019 2:00;0
7-29-2019 2:15;4
7-29-2019 2:30;0
7-29-2019 2:45;4
7-29-2019 3:00;0
7-29-2019 3:15;0
7-29-2019 3:30;4
7-29-2019 3:45;0
7-29-2019 4:00;4
7-29-2019 4:15;0
7-29-2019 4:30;0
7-29-2019 4:45;4
7-29-2019 5:00;0
7-29-2019 5:15;4
7-29-2019 5:30;0
7-29-2019 5:45;0
7-29-2019 6:00;16
7-29-2019 6:15;20
7-29-2019 6:30;20
7-29-2019 6:45;20
7-29-2019 7:00;24
7-29-2019 7:15;20
7-29-2019 7:30;20
7-29-2019 7:45;20
7-29-2019 8:00;20
7-29-2019 8:15;20
7-29-2019 8:30;24
7-29-2019 8:45;20
7-29-2019 9:00;24
7-29-2019 9:15;24
7-29-2019 9:30;24
7-29-2019 9:45;24
7-29-2019 10:00;24
7-29-2019 10:15;28
7-29-2019 10:30;40
7-29-2019 10:45;28
7-29-2019 11:00;36
7-29-2019 11:15;40
7-29-2019 11:30;44
7-29-2019 11:45;36
7-29-2019 12:00;28
7-29-2019 12:15;52
7-29-2019 12:30;48
7-29-2019 12:45;52
7-29-2019 13:00;48
7-29-2019 13:15;52
7-29-2019 13:30;52
7-29-2019 13:45;48
7-29-2019 14:00;52
7-29-2019 14:15;48
7-29-2019 14:30;52
7-29-2019 14:45;48
7-29-2019 15:00;52
7-29-2019 15:15;52
7-29-2019 15:30;48
7-29-2019 15:45;52
7-29-2019 16:00;48
7-29-2019 16:15;52
7-29-2019 16:30;48
7-29-2019 16:45;52
7-29-2019 17:00;48
7-29-2019 17:15;48
7-29-2019 17:30;48
7-29-2019 17:45;48
7-29-2019 18:00;48
7-29-2019 18:15;48
7-29-2019 18:30;48
7-29-2019 18:45;48
7-29-2019 19:00;48
7-29-2019 19:15;48
7-29-2019 19:30;48
7-29-2019 19:45;44
7-29-2019 20:00;48
7-29-2019 20:15;48
7-29-2019 20:30;24
7-29-2019 20:45;24
7-29-2019 21:00;24
7-29-2019 21:15;20
7-29-2019 21:30;12
7-29-2019 21:45;12
7-29-2019 22:00;0
7-29-2019 22:15;4
7-29-2019 22:30;0
7-29-2019 22:45;4
7-29-2019 23:00;0
7-29-2019 23:15;4
7-29-2019 23:30;0
7-29-2019 23:45;4
7-30-2019 0:00;0
7-30-2019 0:15;4
7-30-2019 0:30;0
7-30-2019 0:45;4
7-30-2019 1:00;0
7-30-2019 1:15;0
7-30-2019 1:30;4
7-30-2019 1:45;0
7-30-2019 2:00;4
7-30-2019 2:15;0
7-30-2019 2:30;4
7-30-2019 2:45;0
7-30-2019 3:00;4
7-30-2019 3:15;0
7-30-2019 3:30;0
7-30-2019 3:45;4
7-30-2019 4:00;0
7-30-2019 4:15;4
7-30-2019 4:30;0
7-30-2019 4:45;4
7-30-2019 5:00;0
7-30-2019 5:15;0
7-30-2019 5:30;4
7-30-2019 5:45;0
7-30-2019 6:00;36
7-30-2019 6:15;20
7-30-2019 6:30;20
7-30-2019 6:45;20
7-30-2019 7:00;24
7-30-2019 7:15;20
7-30-2019 7:30;20
7-30-2019 7:45;20
7-30-2019 8:00;24
7-30-2019 8:15;20
7-30-2019 8:30;20
7-30-2019 8:45;24
7-30-2019 9:00;20
7-30-2019 9:15;24
7-30-2019 9:30;24
7-30-2019 9:45;24
7-30-2019 10:00;24
7-30-2019 10:15;24
7-30-2019 10:30;24
7-30-2019 10:45;28
7-30-2019 11:00;28
7-30-2019 11:15;28
7-30-2019 11:30;32
7-30-2019 11:45;28
7-30-2019 12:00;36
7-30-2019 12:15;32
7-30-2019 12:30;32
7-30-2019 12:45;36
7-30-2019 13:00;32
7-30-2019 13:15;40
7-30-2019 13:30;36
7-30-2019 13:45;32
7-30-2019 14:00;40
7-30-2019 14:15;32
7-30-2019 14:30;44
7-30-2019 14:45;40
7-30-2019 15:00;44
7-30-2019 15:15;40
7-30-2019 15:30;44
7-30-2019 15:45;40
7-30-2019 16:00;40
7-30-2019 16:15;36
7-30-2019 16:30;40
7-30-2019 16:45;40
7-30-2019 17:00;40
7-30-2019 17:15;40
7-30-2019 17:30;40
7-30-2019 17:45;44
7-30-2019 18:00;36
7-30-2019 18:15;28
7-30-2019 18:30;40
7-30-2019 18:45;40
7-30-2019 19:00;40
7-30-2019 19:15;40
7-30-2019 19:30;40
7-30-2019 19:45;40
7-30-2019 20:00;40
7-30-2019 20:15;24
7-30-2019 20:30;24
7-30-2019 20:45;24
7-30-2019 21:00;24
7-30-2019 21:15;20
7-30-2019 21:30;4
7-30-2019 21:45;0
7-30-2019 22:00;4
7-30-2019 22:15;0
7-30-2019 22:30;4
7-30-2019 22:45;0
7-30-2019 23:00;4
7-30-2019 23:15;0
7-30-2019 23:30;4
7-30-2019 23:45;0
7-31-2019 0:00;0
7-31-2019 0:15;4
7-31-2019 0:30;0
7-31-2019 0:45;4
7-31-2019 1:00;0
7-31-2019 1:15;0
7-31-2019 1:30;4
7-31-2019 1:45;0
7-31-2019 2:00;4
7-31-2019 2:15;0
7-31-2019 2:30;0
7-31-2019 2:45;4
7-31-2019 3:00;0
7-31-2019 3:15;4
7-31-2019 3:30;0
7-31-2019 3:45;0
7-31-2019 4:00;4
7-31-2019 4:15;0
7-31-2019 4:30;4
7-31-2019 4:45;0
7-31-2019 5:00;0
7-31-2019 5:15;4
7-31-2019 5:30;0
7-31-2019 5:45;0
7-31-2019 6:00;36
7-31-2019 6:15;24
7-31-2019 6:30;20
7-31-2019 6:45;20
7-31-2019 7:00;20
7-31-2019 7:15;24
7-31-2019 7:30;20
7-31-2019 7:45;20
7-31-2019 8:00;20
7-31-2019 8:15;24
7-31-2019 8:30;20
7-31-2019 8:45;20
7-31-2019 9:00;24
7-31-2019 9:15;24
7-31-2019 9:30;24
7-31-2019 9:45;24
7-31-2019 10:00;20
7-31-2019 10:15;24
7-31-2019 10:30;24
7-31-2019 10:45;20
7-31-2019 11:00;24
7-31-2019 11:15;24
7-31-2019 11:30;24
7-31-2019 11:45;28
7-31-2019 12:00;48
7-31-2019 12:15;40
7-31-2019 12:30;20
7-31-2019 12:45;44
7-31-2019 13:00;44
7-31-2019 13:15;20
7-31-2019 13:30;36
7-31-2019 13:45;48
7-31-2019 14:00;24
7-31-2019 14:15;40
7-31-2019 14:30;44
7-31-2019 14:45;36
7-31-2019 15:00;32
7-31-2019 15:15;36
7-31-2019 15:30;48
7-31-2019 15:45;36
7-31-2019 16:00;40
7-31-2019 16:15;44
7-31-2019 16:30;48
7-31-2019 16:45;48
7-31-2019 17:00;48
7-31-2019 17:15;44
7-31-2019 17:30;44
7-31-2019 17:45;28
7-31-2019 18:00;40
7-31-2019 18:15;40
7-31-2019 18:30;28
7-31-2019 18:45;44
7-31-2019 19:00;32
7-31-2019 19:15;24
7-31-2019 19:30;28
7-31-2019 19:45;36
7-31-2019 20:00;40
7-31-2019 20:15;40
7-31-2019 20:30;40
7-31-2019 20:45;24
7-31-2019 21:00;20
7-31-2019 21:15;24
7-31-2019 21:30;0
7-31-2019 21:45;4
7-31-2019 22:00;0
7-31-2019 22:15;4
7-31-2019 22:30;0
7-31-2019 22:45;4
7-31-2019 23:00;0
7-31-2019 23:15;4
7-31-2019 23:30;0
7-31-2019 23:45;4
8-1-2019 0:00;0
8-1-2019 0:15;0
8-1-2019 0:30;4
8-1-2019 0:45;0
8-1-2019 1:00;4
8-1-2019 1:15;0
8-1-2019 1:30;4
8-1-2019 1:45;0
8-1-2019 2:00;0
8-1-2019 2:15;4
8-1-2019 2:30;0
8-1-2019 2:45;4
8-1-2019 3:00;0
8-1-2019 3:15;0
8-1-2019 3:30;4
8-1-2019 3:45;0
8-1-2019 4:00;4
8-1-2019 4:15;0
8-1-2019 4:30;0
8-1-2019 4:45;4
8-1-2019 5:00;0
8-1-2019 5:15;4
8-1-2019 5:30;0
8-1-2019 5:45;0
8-1-2019 6:00;52
8-1-2019 6:15;40
8-1-2019 6:30;20
8-1-2019 6:45;20
8-1-2019 7:00;24
8-1-2019 7:15;24
8-1-2019 7:30;20
8-1-2019 7:45;24
8-1-2019 8:00;20
8-1-2019 8:15;20
8-1-2019 8:30;24
8-1-2019 8:45;20
8-1-2019 9:00;24
8-1-2019 9:15;24
8-1-2019 9:30;24
8-1-2019 9:45;24
8-1-2019 10:00;20
8-1-2019 10:15;24
8-1-2019 10:30;24
8-1-2019 10:45;28
8-1-2019 11:00;28
8-1-2019 11:15;28
8-1-2019 11:30;32
8-1-2019 11:45;32
8-1-2019 12:00;32
8-1-2019 12:15;32
8-1-2019 12:30;36
8-1-2019 12:45;36
8-1-2019 13:00;40
8-1-2019 13:15;48
8-1-2019 13:30;44
8-1-2019 13:45;52
8-1-2019 14:00;52
8-1-2019 14:15;44
8-1-2019 14:30;28
8-1-2019 14:45;48
8-1-2019 15:00;56
8-1-2019 15:15;44
8-1-2019 15:30;48
8-1-2019 15:45;44
8-1-2019 16:00;52
8-1-2019 16:15;48
8-1-2019 16:30;44
8-1-2019 16:45;48
8-1-2019 17:00;48
8-1-2019 17:15;40
8-1-2019 17:30;44
8-1-2019 17:45;28
8-1-2019 18:00;36
8-1-2019 18:15;48
8-1-2019 18:30;24
8-1-2019 18:45;28
8-1-2019 19:00;40
8-1-2019 19:15;40
8-1-2019 19:30;36
8-1-2019 19:45;36
8-1-2019 20:00;40
8-1-2019 20:15;40
8-1-2019 20:30;24
8-1-2019 20:45;24
8-1-2019 21:00;20
8-1-2019 21:15;24
8-1-2019 21:30;0
8-1-2019 21:45;4
8-1-2019 22:00;0
8-1-2019 22:15;4
8-1-2019 22:30;0
8-1-2019 22:45;4
8-1-2019 23:00;0
8-1-2019 23:15;4
8-1-2019 23:30;0
8-1-2019 23:45;4
8-2-2019 0:00;0
8-2-2019 0:15;0
8-2-2019 0:30;4
8-2-2019 0:45;0
8-2-2019 1:00;4
8-2-2019 1:15;0
8-2-2019 1:30;4
8-2-2019 1:45;0
8-2-2019 2:00;0
8-2-2019 2:15;4
8-2-2019 2:30;0
8-2-2019 2:45;4
8-2-2019 3:00;0
8-2-2019 3:15;0
8-2-2019 3:30;4
8-2-2019 3:45;0
8-2-2019 4:00;0
8-2-2019 4:15;4
8-2-2019 4:30;0
8-2-2019 4:45;0
8-2-2019 5:00;4
8-2-2019 5:15;0
8-2-2019 5:30;4
8-2-2019 5:45;0
8-2-2019 6:00;44
8-2-2019 6:15;32
8-2-2019 6:30;20
8-2-2019 6:45;20
8-2-2019 7:00;24
8-2-2019 7:15;20
8-2-2019 7:30;20
8-2-2019 7:45;24
8-2-2019 8:00;20
8-2-2019 8:15;20
8-2-2019 8:30;24
8-2-2019 8:45;20
8-2-2019 9:00;24
8-2-2019 9:15;24
8-2-2019 9:30;24
8-2-2019 9:45;24
8-2-2019 10:00;24
8-2-2019 10:15;20
8-2-2019 10:30;28
8-2-2019 10:45;32
8-2-2019 11:00;32
8-2-2019 11:15;24
8-2-2019 11:30;28
8-2-2019 11:45;40
8-2-2019 12:00;40
8-2-2019 12:15;28
8-2-2019 12:30;24
8-2-2019 12:45;44
8-2-2019 13:00;40
8-2-2019 13:15;28
8-2-2019 13:30;56
8-2-2019 13:45;68
8-2-2019 14:00;40
8-2-2019 14:15;28
8-2-2019 14:30;44
8-2-2019 14:45;40
8-2-2019 15:00;24
8-2-2019 15:15;48
8-2-2019 15:30;24
8-2-2019 15:45;44
8-2-2019 16:00;32
8-2-2019 16:15;40
8-2-2019 16:30;36
8-2-2019 16:45;36
8-2-2019 17:00;40
8-2-2019 17:15;32
8-2-2019 17:30;32
8-2-2019 17:45;28
8-2-2019 18:00;52
8-2-2019 18:15;32
8-2-2019 18:30;28
8-2-2019 18:45;32
8-2-2019 19:00;36
8-2-2019 19:15;32
8-2-2019 19:30;32
8-2-2019 19:45;28
8-2-2019 20:00;24
8-2-2019 20:15;24
8-2-2019 20:30;24
8-2-2019 20:45;28
8-2-2019 21:00;20
8-2-2019 21:15;24
8-2-2019 21:30;0
8-2-2019 21:45;4
8-2-2019 22:00;0
8-2-2019 22:15;4
8-2-2019 22:30;0
8-2-2019 22:45;4
8-2-2019 23:00;0
8-2-2019 23:15;4
8-2-2019 23:30;0
8-2-2019 23:45;4
8-3-2019 0:00;0
8-3-2019 0:15;4
8-3-2019 0:30;0
8-3-2019 0:45;4
8-3-2019 1:00;0
8-3-2019 1:15;4
8-3-2019 1:30;0
8-3-2019 1:45;0
8-3-2019 2:00;4
8-3-2019 2:15;0
8-3-2019 2:30;4
8-3-2019 2:45;0
8-3-2019 3:00;4
8-3-2019 3:15;0
8-3-2019 3:30;0
8-3-2019 3:45;4
8-3-2019 4:00;0
8-3-2019 4:15;4
8-3-2019 4:30;0
8-3-2019 4:45;4
8-3-2019 5:00;0
8-3-2019 5:15;0
8-3-2019 5:30;4
8-3-2019 5:45;0
8-3-2019 6:00;32
8-3-2019 6:15;36
8-3-2019 6:30;20
8-3-2019 6:45;20
8-3-2019 7:00;20
8-3-2019 7:15;20
8-3-2019 7:30;20
8-3-2019 7:45;24
8-3-2019 8:00;20
8-3-2019 8:15;20
8-3-2019 8:30;20
8-3-2019 8:45;20
8-3-2019 9:00;24
8-3-2019 9:15;24
8-3-2019 9:30;24
8-3-2019 9:45;24
8-3-2019 10:00;24
8-3-2019 10:15;24
8-3-2019 10:30;24
8-3-2019 10:45;24
8-3-2019 11:00;28
8-3-2019 11:15;32
8-3-2019 11:30;36
8-3-2019 11:45;28
8-3-2019 12:00;52
8-3-2019 12:15;24
8-3-2019 12:30;44
8-3-2019 12:45;40
8-3-2019 13:00;32
8-3-2019 13:15;56
8-3-2019 13:30;60
8-3-2019 13:45;60
8-3-2019 14:00;60
8-3-2019 14:15;60
8-3-2019 14:30;60
8-3-2019 14:45;60
8-3-2019 15:00;60
8-3-2019 15:15;60
8-3-2019 15:30;60
8-3-2019 15:45;60
8-3-2019 16:00;60
8-3-2019 16:15;56
8-3-2019 16:30;60
8-3-2019 16:45;56
8-3-2019 17:00;60
8-3-2019 17:15;56
8-3-2019 17:30;56
8-3-2019 17:45;56
8-3-2019 18:00;44
8-3-2019 18:15;24
8-3-2019 18:30;40
8-3-2019 18:45;28
8-3-2019 19:00;24
8-3-2019 19:15;28
8-3-2019 19:30;32
8-3-2019 19:45;28
8-3-2019 20:00;28
8-3-2019 20:15;36
8-3-2019 20:30;32
8-3-2019 20:45;32
8-3-2019 21:00;28
8-3-2019 21:15;20
8-3-2019 21:30;4
8-3-2019 21:45;0
8-3-2019 22:00;4
8-3-2019 22:15;0
8-3-2019 22:30;4
8-3-2019 22:45;0
8-3-2019 23:00;4
8-3-2019 23:15;0
8-3-2019 23:30;4
8-3-2019 23:45;0
8-4-2019 0:00;4
8-4-2019 0:15;0
8-4-2019 0:30;4
8-4-2019 0:45;0
8-4-2019 1:00;4
8-4-2019 1:15;0
8-4-2019 1:30;4
8-4-2019 1:45;0
8-4-2019 2:00;0
8-4-2019 2:15;4
8-4-2019 2:30;0
8-4-2019 2:45;4
8-4-2019 3:00;0
8-4-2019 3:15;4
8-4-2019 3:30;0
8-4-2019 3:45;4
8-4-2019 4:00;0
8-4-2019 4:15;0
8-4-2019 4:30;4
8-4-2019 4:45;0
8-4-2019 5:00;4
8-4-2019 5:15;0
8-4-2019 5:30;4
8-4-2019 5:45;0
8-4-2019 6:00;32
8-4-2019 6:15;20
8-4-2019 6:30;20
8-4-2019 6:45;24
8-4-2019 7:00;20
8-4-2019 7:15;20
8-4-2019 7:30;20
8-4-2019 7:45;20
8-4-2019 8:00;20
8-4-2019 8:15;20
8-4-2019 8:30;24
8-4-2019 8:45;20
8-4-2019 9:00;24
8-4-2019 9:15;24
8-4-2019 9:30;24
8-4-2019 9:45;24
8-4-2019 10:00;24
8-4-2019 10:15;24
8-4-2019 10:30;24
8-4-2019 10:45;24
8-4-2019 11:00;24
8-4-2019 11:15;28
8-4-2019 11:30;40
8-4-2019 11:45;32
8-4-2019 12:00;36
8-4-2019 12:15;32
8-4-2019 12:30;32
8-4-2019 12:45;36
8-4-2019 13:00;36
8-4-2019 13:15;60
8-4-2019 13:30;56
8-4-2019 13:45;60
8-4-2019 14:00;56
8-4-2019 14:15;60
8-4-2019 14:30;56
8-4-2019 14:45;60
8-4-2019 15:00;60
8-4-2019 15:15;56
8-4-2019 15:30;56
8-4-2019 15:45;60
8-4-2019 16:00;56
8-4-2019 16:15;60
8-4-2019 16:30;56
8-4-2019 16:45;56
8-4-2019 17:00;56
8-4-2019 17:15;60
8-4-2019 17:30;56
8-4-2019 17:45;56
8-4-2019 18:00;56
8-4-2019 18:15;52
8-4-2019 18:30;36
8-4-2019 18:45;24
8-4-2019 19:00;28
8-4-2019 19:15;24
8-4-2019 19:30;28
8-4-2019 19:45;28
8-4-2019 20:00;28
8-4-2019 20:15;32
8-4-2019 20:30;24
8-4-2019 20:45;24
8-4-2019 21:00;24
8-4-2019 21:15;20
8-4-2019 21:30;4
8-4-2019 21:45;4
8-4-2019 22:00;0
8-4-2019 22:15;4
8-4-2019 22:30;0
8-4-2019 22:45;4
8-4-2019 23:00;0
8-4-2019 23:15;4
8-4-2019 23:30;0
8-4-2019 23:45;4
8-5-2019 0:00;0
8-5-2019 0:15;4
8-5-2019 0:30;0
8-5-2019 0:45;4
8-5-2019 1:00;0
8-5-2019 1:15;4
8-5-2019 1:30;0
8-5-2019 1:45;4
8-5-2019 2:00;0
8-5-2019 2:15;4
8-5-2019 2:30;0
8-5-2019 2:45;0
8-5-2019 3:00;4
8-5-2019 3:15;0
8-5-2019 3:30;4
8-5-2019 3:45;0
8-5-2019 4:00;4
8-5-2019 4:15;0
8-5-2019 4:30;0
8-5-2019 4:45;4
8-5-2019 5:00;0
8-5-2019 5:15;4
8-5-2019 5:30;0
8-5-2019 5:45;4
8-5-2019 6:00;28
8-5-2019 6:15;32
8-5-2019 6:30;20
8-5-2019 6:45;20
8-5-2019 7:00;20
8-5-2019 7:15;20
8-5-2019 7:30;24
8-5-2019 7:45;20
8-5-2019 8:00;20
8-5-2019 8:15;20
8-5-2019 8:30;20
8-5-2019 8:45;24
8-5-2019 9:00;20
8-5-2019 9:15;24
8-5-2019 9:30;24
8-5-2019 9:45;24
8-5-2019 10:00;24
8-5-2019 10:15;24
8-5-2019 10:30;24
8-5-2019 10:45;24
8-5-2019 11:00;28
8-5-2019 11:15;28
8-5-2019 11:30;28
8-5-2019 11:45;36
8-5-2019 12:00;28
8-5-2019 12:15;40
8-5-2019 12:30;36
8-5-2019 12:45;32
8-5-2019 13:00;44
8-5-2019 13:15;44
8-5-2019 13:30;36
8-5-2019 13:45;36
8-5-2019 14:00;60
8-5-2019 14:15;60
8-5-2019 14:30;60
8-5-2019 14:45;56
8-5-2019 15:00;60
8-5-2019 15:15;60
8-5-2019 15:30;60
8-5-2019 15:45;60
8-5-2019 16:00;60
8-5-2019 16:15;60
8-5-2019 16:30;60
8-5-2019 16:45;60
8-5-2019 17:00;56
8-5-2019 17:15;60
8-5-2019 17:30;56
8-5-2019 17:45;56
8-5-2019 18:00;56
8-5-2019 18:15;56
8-5-2019 18:30;56
8-5-2019 18:45;56
8-5-2019 19:00;24
8-5-2019 19:15;32
8-5-2019 19:30;36
8-5-2019 19:45;28
8-5-2019 20:00;24
8-5-2019 20:15;28
8-5-2019 20:30;24
8-5-2019 20:45;32
8-5-2019 21:00;24
8-5-2019 21:15;28
8-5-2019 21:30;16
8-5-2019 21:45;12
8-5-2019 22:00;4
8-5-2019 22:15;0
8-5-2019 22:30;4
8-5-2019 22:45;0
8-5-2019 23:00;4
8-5-2019 23:15;0
8-5-2019 23:30;4
8-5-2019 23:45;0
8-6-2019 0:00;0
8-6-2019 0:15;4
8-6-2019 0:30;0
8-6-2019 0:45;4
8-6-2019 1:00;0
8-6-2019 1:15;0
8-6-2019 1:30;4
8-6-2019 1:45;0
8-6-2019 2:00;0
8-6-2019 2:15;4
8-6-2019 2:30;0
8-6-2019 2:45;0
8-6-2019 3:00;4
8-6-2019 3:15;0
8-6-2019 3:30;0
8-6-2019 3:45;4
8-6-2019 4:00;0
8-6-2019 4:15;0
8-6-2019 4:30;4
8-6-2019 4:45;0
8-6-2019 5:00;0
8-6-2019 5:15;4
8-6-2019 5:30;0
8-6-2019 5:45;4
8-6-2019 6:00;12
8-6-2019 6:15;24
8-6-2019 6:30;20
8-6-2019 6:45;20
8-6-2019 7:00;20
8-6-2019 7:15;24
8-6-2019 7:30;20
8-6-2019 7:45;24
8-6-2019 8:00;20
8-6-2019 8:15;24
8-6-2019 8:30;20
8-6-2019 8:45;24
8-6-2019 9:00;24
8-6-2019 9:15;24
8-6-2019 9:30;24
8-6-2019 9:45;24
8-6-2019 10:00;24
8-6-2019 10:15;24
8-6-2019 10:30;24
8-6-2019 10:45;28
8-6-2019 11:00;24
8-6-2019 11:15;28
8-6-2019 11:30;28
8-6-2019 11:45;52
8-6-2019 12:00;56
8-6-2019 12:15;56
8-6-2019 12:30;56
8-6-2019 12:45;56
8-6-2019 13:00;60
8-6-2019 13:15;56
8-6-2019 13:30;60
8-6-2019 13:45;56
8-6-2019 14:00;60
8-6-2019 14:15;56
8-6-2019 14:30;56
8-6-2019 14:45;56
8-6-2019 15:00;56
8-6-2019 15:15;56
8-6-2019 15:30;56
8-6-2019 15:45;56
8-6-2019 16:00;60
8-6-2019 16:15;56
8-6-2019 16:30;56
8-6-2019 16:45;56
8-6-2019 17:00;56
8-6-2019 17:15;56
8-6-2019 17:30;60
8-6-2019 17:45;56
8-6-2019 18:00;56
8-6-2019 18:15;56
8-6-2019 18:30;56
8-6-2019 18:45;56
8-6-2019 19:00;28
8-6-2019 19:15;24
8-6-2019 19:30;40
8-6-2019 19:45;48
8-6-2019 20:00;44
8-6-2019 20:15;24
8-6-2019 20:30;24
8-6-2019 20:45;24
8-6-2019 21:00;24
8-6-2019 21:15;20
8-6-2019 21:30;4
8-6-2019 21:45;0
8-6-2019 22:00;4
8-6-2019 22:15;0
8-6-2019 22:30;4
8-6-2019 22:45;0
8-6-2019 23:00;4
8-6-2019 23:15;0
8-6-2019 23:30;4
8-6-2019 23:45;0
8-7-2019 0:00;0
8-7-2019 0:15;4
8-7-2019 0:30;0
8-7-2019 0:45;4
8-7-2019 1:00;0
8-7-2019 1:15;4
8-7-2019 1:30;0
8-7-2019 1:45;0
8-7-2019 2:00;4
8-7-2019 2:15;0
8-7-2019 2:30;4
8-7-2019 2:45;0
8-7-2019 3:00;0
8-7-2019 3:15;4
8-7-2019 3:30;0
8-7-2019 3:45;0
8-7-2019 4:00;4
8-7-2019 4:15;0
8-7-2019 4:30;0
8-7-2019 4:45;4
8-7-2019 5:00;0
8-7-2019 5:15;4
8-7-2019 5:30;0
8-7-2019 5:45;4
8-7-2019 6:00;16
8-7-2019 6:15;20
8-7-2019 6:30;20
8-7-2019 6:45;20
8-7-2019 7:00;24
8-7-2019 7:15;20
8-7-2019 7:30;20
8-7-2019 7:45;24
8-7-2019 8:00;20
8-7-2019 8:15;20
8-7-2019 8:30;24
8-7-2019 8:45;20
8-7-2019 9:00;24
8-7-2019 9:15;24
8-7-2019 9:30;24
8-7-2019 9:45;24
8-7-2019 10:00;24
8-7-2019 10:15;24
8-7-2019 10:30;24
8-7-2019 10:45;28
8-7-2019 11:00;24
8-7-2019 11:15;24
8-7-2019 11:30;24
8-7-2019 11:45;24
8-7-2019 12:00;24
8-7-2019 12:15;28
8-7-2019 12:30;48
8-7-2019 12:45;28
8-7-2019 13:00;32
8-7-2019 13:15;48
8-7-2019 13:30;24
8-7-2019 13:45;40
8-7-2019 14:00;60
8-7-2019 14:15;56
8-7-2019 14:30;60
8-7-2019 14:45;56
8-7-2019 15:00;60
8-7-2019 15:15;60
8-7-2019 15:30;60
8-7-2019 15:45;60
8-7-2019 16:00;60
8-7-2019 16:15;60
8-7-2019 16:30;60
8-7-2019 16:45;60
8-7-2019 17:00;60
8-7-2019 17:15;60
8-7-2019 17:30;56
8-7-2019 17:45;60
8-7-2019 18:00;60
8-7-2019 18:15;60
8-7-2019 18:30;56
8-7-2019 18:45;60
8-7-2019 19:00;56
8-7-2019 19:15;56
8-7-2019 19:30;56
8-7-2019 19:45;56
8-7-2019 20:00;56
8-7-2019 20:15;40
8-7-2019 20:30;24
8-7-2019 20:45;24
8-7-2019 21:00;24
8-7-2019 21:15;24
8-7-2019 21:30;4
8-7-2019 21:45;4
8-7-2019 22:00;0
8-7-2019 22:15;4
8-7-2019 22:30;0
8-7-2019 22:45;4
8-7-2019 23:00;0
8-7-2019 23:15;4
8-7-2019 23:30;0
8-7-2019 23:45;0
8-8-2019 0:00;4
8-8-2019 0:15;0
8-8-2019 0:30;4
8-8-2019 0:45;0
8-8-2019 1:00;4
8-8-2019 1:15;0
8-8-2019 1:30;4
8-8-2019 1:45;0
8-8-2019 2:00;4
8-8-2019 2:15;0
8-8-2019 2:30;0
8-8-2019 2:45;4
8-8-2019 3:00;0
8-8-2019 3:15;4
8-8-2019 3:30;0
8-8-2019 3:45;4
8-8-2019 4:00;0
8-8-2019 4:15;0
8-8-2019 4:30;4
8-8-2019 4:45;0
8-8-2019 5:00;4
8-8-2019 5:15;0
8-8-2019 5:30;4
8-8-2019 5:45;0
8-8-2019 6:00;16
8-8-2019 6:15;24
8-8-2019 6:30;20
8-8-2019 6:45;20
8-8-2019 7:00;24
8-8-2019 7:15;20
8-8-2019 7:30;20
8-8-2019 7:45;24
8-8-2019 8:00;20
8-8-2019 8:15;20
8-8-2019 8:30;24
8-8-2019 8:45;24
8-8-2019 9:00;24
8-8-2019 9:15;28
8-8-2019 9:30;36
8-8-2019 9:45;32
8-8-2019 10:00;32
8-8-2019 10:15;32
8-8-2019 10:30;32
8-8-2019 10:45;52
8-8-2019 11:00;56
8-8-2019 11:15;60
8-8-2019 11:30;56
8-8-2019 11:45;56
8-8-2019 12:00;56
8-8-2019 12:15;60
8-8-2019 12:30;56
8-8-2019 12:45;56
8-8-2019 13:00;56
8-8-2019 13:15;60
8-8-2019 13:30;56
8-8-2019 13:45;56
8-8-2019 14:00;60
8-8-2019 14:15;52
8-8-2019 14:30;60
8-8-2019 14:45;56
8-8-2019 15:00;56
8-8-2019 15:15;56
8-8-2019 15:30;60
8-8-2019 15:45;56
8-8-2019 16:00;56
8-8-2019 16:15;60
8-8-2019 16:30;56
8-8-2019 16:45;56
8-8-2019 17:00;56
8-8-2019 17:15;56
8-8-2019 17:30;44
8-8-2019 17:45;24
8-8-2019 18:00;44
8-8-2019 18:15;28
8-8-2019 18:30;32
8-8-2019 18:45;56
8-8-2019 19:00;56
8-8-2019 19:15;56
8-8-2019 19:30;56
8-8-2019 19:45;56
8-8-2019 20:00;36
8-8-2019 20:15;24
8-8-2019 20:30;40
8-8-2019 20:45;56
8-8-2019 21:00;52
8-8-2019 21:15;56
8-8-2019 21:30;0
8-8-2019 21:45;4
8-8-2019 22:00;0
8-8-2019 22:15;4
8-8-2019 22:30;4
8-8-2019 22:45;0
8-8-2019 23:00;4
8-8-2019 23:15;0
8-8-2019 23:30;4
8-8-2019 23:45;0
8-9-2019 0:00;4
8-9-2019 0:15;0
8-9-2019 0:30;4
8-9-2019 0:45;0
8-9-2019 1:00;0
8-9-2019 1:15;4
8-9-2019 1:30;0
8-9-2019 1:45;4
8-9-2019 2:00;0
8-9-2019 2:15;4
8-9-2019 2:30;0
8-9-2019 2:45;4
8-9-2019 3:00;0
8-9-2019 3:15;4
8-9-2019 3:30;0
8-9-2019 3:45;4
8-9-2019 4:00;0
8-9-2019 4:15;4
8-9-2019 4:30;0
8-9-2019 4:45;0
8-9-2019 5:00;4
8-9-2019 5:15;0
8-9-2019 5:30;4
8-9-2019 5:45;0
8-9-2019 6:00;16
8-9-2019 6:15;24
8-9-2019 6:30;20
8-9-2019 6:45;0
8-9-2019 7:00;0
8-9-2019 7:15;32
8-9-2019 7:30;20
8-9-2019 7:45;20
8-9-2019 8:00;20
8-9-2019 8:15;28
8-9-2019 8:30;28
8-9-2019 8:45;28
8-9-2019 9:00;36
8-9-2019 9:15;32
8-9-2019 9:30;28
8-9-2019 9:45;32
8-9-2019 10:00;32
8-9-2019 10:15;32
8-9-2019 10:30;32
8-9-2019 10:45;32
8-9-2019 11:00;36
8-9-2019 11:15;36
8-9-2019 11:30;24
8-9-2019 11:45;24
8-9-2019 12:00;28
8-9-2019 12:15;24
8-9-2019 12:30;36
8-9-2019 12:45;28
8-9-2019 13:00;32
8-9-2019 13:15;36
8-9-2019 13:30;40
8-9-2019 13:45;44
8-9-2019 14:00;44
8-9-2019 14:15;48
8-9-2019 14:30;52
8-9-2019 14:45;48
8-9-2019 15:00;48
8-9-2019 15:15;48
8-9-2019 15:30;52
8-9-2019 15:45;48
8-9-2019 16:00;52
8-9-2019 16:15;52
8-9-2019 16:30;48
8-9-2019 16:45;52
8-9-2019 17:00;48
8-9-2019 17:15;52
8-9-2019 17:30;48
8-9-2019 17:45;48
8-9-2019 18:00;52
8-9-2019 18:15;48
8-9-2019 18:30;48
8-9-2019 18:45;48
8-9-2019 19:00;48
8-9-2019 19:15;48
8-9-2019 19:30;48
8-9-2019 19:45;48
8-9-2019 20:00;48
8-9-2019 20:15;48
8-9-2019 20:30;48
8-9-2019 20:45;48
8-9-2019 21:00;44
8-9-2019 21:15;24
8-9-2019 21:30;4
8-9-2019 21:45;0
8-9-2019 22:00;4
8-9-2019 22:15;0
8-9-2019 22:30;4
8-9-2019 22:45;0
8-9-2019 23:00;4
8-9-2019 23:15;0
8-9-2019 23:30;4
8-9-2019 23:45;0
8-10-2019 0:00;0
8-10-2019 0:15;4
8-10-2019 0:30;0
8-10-2019 0:45;4
8-10-2019 1:00;0
8-10-2019 1:15;0
8-10-2019 1:30;4
8-10-2019 1:45;0
8-10-2019 2:00;4
8-10-2019 2:15;0
8-10-2019 2:30;0
8-10-2019 2:45;4
8-10-2019 3:00;0
8-10-2019 3:15;0
8-10-2019 3:30;4
8-10-2019 3:45;0
8-10-2019 4:00;4
8-10-2019 4:15;0
8-10-2019 4:30;4
8-10-2019 4:45;0
8-10-2019 5:00;4
8-10-2019 5:15;0
8-10-2019 5:30;0
8-10-2019 5:45;4
8-10-2019 6:00;28
8-10-2019 6:15;20
8-10-2019 6:30;20
8-10-2019 6:45;20
8-10-2019 7:00;24
8-10-2019 7:15;20
8-10-2019 7:30;20
8-10-2019 7:45;20
8-10-2019 8:00;20
8-10-2019 8:15;20
8-10-2019 8:30;24
8-10-2019 8:45;20
8-10-2019 9:00;24
8-10-2019 9:15;28
8-10-2019 9:30;28
8-10-2019 9:45;44
8-10-2019 10:00;48
8-10-2019 10:15;48
8-10-2019 10:30;48
8-10-2019 10:45;36
8-10-2019 11:00;24
8-10-2019 11:15;44
8-10-2019 11:30;24
8-10-2019 11:45;40
8-10-2019 12:00;44
8-10-2019 12:15;40
8-10-2019 12:30;40
8-10-2019 12:45;44
8-10-2019 13:00;44
8-10-2019 13:15;48
8-10-2019 13:30;52
8-10-2019 13:45;48
8-10-2019 14:00;52
8-10-2019 14:15;52
8-10-2019 14:30;48
8-10-2019 14:45;52
8-10-2019 15:00;52
8-10-2019 15:15;48
8-10-2019 15:30;52
8-10-2019 15:45;48
8-10-2019 16:00;52
8-10-2019 16:15;48
8-10-2019 16:30;52
8-10-2019 16:45;48
8-10-2019 17:00;48
8-10-2019 17:15;48
8-10-2019 17:30;48
8-10-2019 17:45;48
8-10-2019 18:00;48
8-10-2019 18:15;48
8-10-2019 18:30;48
8-10-2019 18:45;48
8-10-2019 19:00;48
8-10-2019 19:15;44
8-10-2019 19:30;48
8-10-2019 19:45;48
8-10-2019 20:00;40
8-10-2019 20:15;24
8-10-2019 20:30;24
8-10-2019 20:45;32
8-10-2019 21:00;28
8-10-2019 21:15;32
8-10-2019 21:30;4
8-10-2019 21:45;0
8-10-2019 22:00;4
8-10-2019 22:15;0
8-10-2019 22:30;4
8-10-2019 22:45;0
8-10-2019 23:00;0
8-10-2019 23:15;4
8-10-2019 23:30;0
8-10-2019 23:45;4
8-11-2019 0:00;0
8-11-2019 0:15;4
8-11-2019 0:30;0
8-11-2019 0:45;4
8-11-2019 1:00;0
8-11-2019 1:15;4
8-11-2019 1:30;0
8-11-2019 1:45;4
8-11-2019 2:00;0
8-11-2019 2:15;4
8-11-2019 2:30;0
8-11-2019 2:45;0
8-11-2019 3:00;4
8-11-2019 3:15;0
8-11-2019 3:30;4
8-11-2019 3:45;0
8-11-2019 4:00;4
8-11-2019 4:15;0
8-11-2019 4:30;4
8-11-2019 4:45;0
8-11-2019 5:00;0
8-11-2019 5:15;4
8-11-2019 5:30;0
8-11-2019 5:45;4
8-11-2019 6:00;32
8-11-2019 6:15;20
8-11-2019 6:30;20
8-11-2019 6:45;20
8-11-2019 7:00;24
8-11-2019 7:15;20
8-11-2019 7:30;20
8-11-2019 7:45;20
8-11-2019 8:00;20
8-11-2019 8:15;24
8-11-2019 8:30;20
8-11-2019 8:45;20
8-11-2019 9:00;24
8-11-2019 9:15;24
8-11-2019 9:30;24
8-11-2019 9:45;24
8-11-2019 10:00;28
8-11-2019 10:15;28
8-11-2019 10:30;28
8-11-2019 10:45;28
8-11-2019 11:00;36
8-11-2019 11:15;28
8-11-2019 11:30;36
8-11-2019 11:45;24
8-11-2019 12:00;36
8-11-2019 12:15;36
8-11-2019 12:30;32
8-11-2019 12:45;40
8-11-2019 13:00;40
8-11-2019 13:15;44
8-11-2019 13:30;40
8-11-2019 13:45;40
8-11-2019 14:00;44
8-11-2019 14:15;40
8-11-2019 14:30;44
8-11-2019 14:45;40
8-11-2019 15:00;40
8-11-2019 15:15;44
8-11-2019 15:30;40
8-11-2019 15:45;44
8-11-2019 16:00;40
8-11-2019 16:15;40
8-11-2019 16:30;40
8-11-2019 16:45;44
8-11-2019 17:00;40
8-11-2019 17:15;40
8-11-2019 17:30;40
8-11-2019 17:45;44
8-11-2019 18:00;40
8-11-2019 18:15;40
8-11-2019 18:30;40
8-11-2019 18:45;40
8-11-2019 19:00;44
8-11-2019 19:15;40
8-11-2019 19:30;40
8-11-2019 19:45;40
8-11-2019 20:00;28
8-11-2019 20:15;24
8-11-2019 20:30;28
8-11-2019 20:45;32
8-11-2019 21:00;20
8-11-2019 21:15;20
8-11-2019 21:30;4
8-11-2019 21:45;4
8-11-2019 22:00;0
8-11-2019 22:15;4
8-11-2019 22:30;0
8-11-2019 22:45;4
8-11-2019 23:00;0
8-11-2019 23:15;4
8-11-2019 23:30;0
8-11-2019 23:45;0
8-12-2019 0:00;4
8-12-2019 0:15;0
8-12-2019 0:30;4
8-12-2019 0:45;0
8-12-2019 1:00;4
8-12-2019 1:15;0
8-12-2019 1:30;4
8-12-2019 1:45;0
8-12-2019 2:00;0
8-12-2019 2:15;4
8-12-2019 2:30;0
8-12-2019 2:45;4
8-12-2019 3:00;0
8-12-2019 3:15;4
8-12-2019 3:30;0
8-12-2019 3:45;0
8-12-2019 4:00;4
8-12-2019 4:15;0
8-12-2019 4:30;4
8-12-2019 4:45;0
8-12-2019 5:00;4
8-12-2019 5:15;0
8-12-2019 5:30;0
8-12-2019 5:45;4
8-12-2019 6:00;32
8-12-2019 6:15;32
8-12-2019 6:30;20
8-12-2019 6:45;20
8-12-2019 7:00;20
8-12-2019 7:15;24
8-12-2019 7:30;20
8-12-2019 7:45;20
8-12-2019 8:00;20
8-12-2019 8:15;20
8-12-2019 8:30;24
8-12-2019 8:45;20
8-12-2019 9:00;24
8-12-2019 9:15;24
8-12-2019 9:30;20
8-12-2019 9:45;24
8-12-2019 10:00;24
8-12-2019 10:15;28
8-12-2019 10:30;24
8-12-2019 10:45;28
8-12-2019 11:00;32
8-12-2019 11:15;32
8-12-2019 11:30;32
8-12-2019 11:45;40
8-12-2019 12:00;32
8-12-2019 12:15;40
8-12-2019 12:30;40
8-12-2019 12:45;44
8-12-2019 13:00;40
8-12-2019 13:15;44
8-12-2019 13:30;40
8-12-2019 13:45;44
8-12-2019 14:00;40
8-12-2019 14:15;44
8-12-2019 14:30;44
8-12-2019 14:45;40
8-12-2019 15:00;40
8-12-2019 15:15;44
8-12-2019 15:30;40
8-12-2019 15:45;40
8-12-2019 16:00;40
8-12-2019 16:15;40
8-12-2019 16:30;40
8-12-2019 16:45;40
8-12-2019 17:00;44
8-12-2019 17:15;40
8-12-2019 17:30;40
8-12-2019 17:45;40
8-12-2019 18:00;40
8-12-2019 18:15;40
8-12-2019 18:30;40
8-12-2019 18:45;40
8-12-2019 19:00;40
8-12-2019 19:15;40
8-12-2019 19:30;40
8-12-2019 19:45;24
8-12-2019 20:00;20
8-12-2019 20:15;28
8-12-2019 20:30;28
8-12-2019 20:45;20
8-12-2019 21:00;28
8-12-2019 21:15;20
8-12-2019 21:30;12
8-12-2019 21:45;8
8-12-2019 22:00;4
8-12-2019 22:15;0
8-12-2019 22:30;4
8-12-2019 22:45;0
8-12-2019 23:00;4
8-12-2019 23:15;0
8-12-2019 23:30;4
8-12-2019 23:45;0
8-13-2019 0:00;0
8-13-2019 0:15;4
8-13-2019 0:30;0
8-13-2019 0:45;4
8-13-2019 1:00;0
8-13-2019 1:15;4
8-13-2019 1:30;0
8-13-2019 1:45;4
8-13-2019 2:00;0
8-13-2019 2:15;0
8-13-2019 2:30;4
8-13-2019 2:45;0
8-13-2019 3:00;4
8-13-2019 3:15;0
8-13-2019 3:30;4
8-13-2019 3:45;0
8-13-2019 4:00;0
8-13-2019 4:15;4
8-13-2019 4:30;0
8-13-2019 4:45;4
8-13-2019 5:00;0
8-13-2019 5:15;0
8-13-2019 5:30;4
8-13-2019 5:45;0
8-13-2019 6:00;48
8-13-2019 6:15;36
8-13-2019 6:30;32
8-13-2019 6:45;28
8-13-2019 7:00;32
8-13-2019 7:15;28
8-13-2019 7:30;28
8-13-2019 7:45;24
8-13-2019 8:00;24
8-13-2019 8:15;20
8-13-2019 8:30;24
8-13-2019 8:45;20
8-13-2019 9:00;24
8-13-2019 9:15;24
8-13-2019 9:30;24
8-13-2019 9:45;20
8-13-2019 10:00;24
8-13-2019 10:15;28
8-13-2019 10:30;40
8-13-2019 10:45;48
8-13-2019 11:00;40
8-13-2019 11:15;40
8-13-2019 11:30;24
8-13-2019 11:45;40
8-13-2019 12:00;44
8-13-2019 12:15;44
8-13-2019 12:30;48
8-13-2019 12:45;48
8-13-2019 13:00;48
8-13-2019 13:15;48
8-13-2019 13:30;44
8-13-2019 13:45;48
8-13-2019 14:00;44
8-13-2019 14:15;52
8-13-2019 14:30;48
8-13-2019 14:45;52
8-13-2019 15:00;52
8-13-2019 15:15;52
8-13-2019 15:30;48
8-13-2019 15:45;44
8-13-2019 16:00;40
8-13-2019 16:15;60
8-13-2019 16:30;44
8-13-2019 16:45;44
8-13-2019 17:00;48
8-13-2019 17:15;52
8-13-2019 17:30;48
8-13-2019 17:45;40
8-13-2019 18:00;40
8-13-2019 18:15;40
8-13-2019 18:30;44
8-13-2019 18:45;44
8-13-2019 19:00;40
8-13-2019 19:15;28
8-13-2019 19:30;28
8-13-2019 19:45;32
8-13-2019 20:00;28
8-13-2019 20:15;28
8-13-2019 20:30;24
8-13-2019 20:45;24
8-13-2019 21:00;28
8-13-2019 21:15;28
8-13-2019 21:30;0
8-13-2019 21:45;4
8-13-2019 22:00;0
8-13-2019 22:15;4
8-13-2019 22:30;0
8-13-2019 22:45;4
8-13-2019 23:00;0
8-13-2019 23:15;4
8-13-2019 23:30;0
8-13-2019 23:45;4
8-14-2019 0:00;0
8-14-2019 0:15;4
8-14-2019 0:30;0
8-14-2019 0:45;4
8-14-2019 1:00;0
8-14-2019 1:15;0
8-14-2019 1:30;4
8-14-2019 1:45;0
8-14-2019 2:00;4
8-14-2019 2:15;0
8-14-2019 2:30;4
8-14-2019 2:45;0
8-14-2019 3:00;0
8-14-2019 3:15;4
8-14-2019 3:30;0
8-14-2019 3:45;0
8-14-2019 4:00;4
8-14-2019 4:15;0
8-14-2019 4:30;0
8-14-2019 4:45;4
8-14-2019 5:00;0
8-14-2019 5:15;0
8-14-2019 5:30;4
8-14-2019 5:45;0
8-14-2019 6:00;48
8-14-2019 6:15;40
8-14-2019 6:30;24
8-14-2019 6:45;20
8-14-2019 7:00;20
8-14-2019 7:15;20
8-14-2019 7:30;24
8-14-2019 7:45;20
8-14-2019 8:00;20
8-14-2019 8:15;20
8-14-2019 8:30;24
8-14-2019 8:45;20
8-14-2019 9:00;24
8-14-2019 9:15;24
8-14-2019 9:30;24
8-14-2019 9:45;28
8-14-2019 10:00;32
8-14-2019 10:15;36
8-14-2019 10:30;36
8-14-2019 10:45;48
8-14-2019 11:00;44
8-14-2019 11:15;48
8-14-2019 11:30;48
8-14-2019 11:45;48
8-14-2019 12:00;48
8-14-2019 12:15;52
8-14-2019 12:30;48
8-14-2019 12:45;44
8-14-2019 13:00;44
8-14-2019 13:15;48
8-14-2019 13:30;48
8-14-2019 13:45;52
8-14-2019 14:00;48
8-14-2019 14:15;52
8-14-2019 14:30;56
8-14-2019 14:45;52
8-14-2019 15:00;52
8-14-2019 15:15;56
8-14-2019 15:30;52
8-14-2019 15:45;52
8-14-2019 16:00;52
8-14-2019 16:15;56
8-14-2019 16:30;52
8-14-2019 16:45;52
8-14-2019 17:00;56
8-14-2019 17:15;56
8-14-2019 17:30;52
8-14-2019 17:45;8
8-14-2019 18:00;72
8-14-2019 18:15;72
8-14-2019 18:30;64
8-14-2019 18:45;56
8-14-2019 19:00;60
8-14-2019 19:15;64
8-14-2019 19:30;56
8-14-2019 19:45;56
8-14-2019 20:00;56
8-14-2019 20:15;52
8-14-2019 20:30;52
8-14-2019 20:45;24
8-14-2019 21:00;24
8-14-2019 21:15;28
8-14-2019 21:30;4
8-14-2019 21:45;0
8-14-2019 22:00;4
8-14-2019 22:15;0
8-14-2019 22:30;4
8-14-2019 22:45;0
8-14-2019 23:00;4
8-14-2019 23:15;0
8-14-2019 23:30;4
8-14-2019 23:45;0
8-15-2019 0:00;0
8-15-2019 0:15;4
8-15-2019 0:30;0
8-15-2019 0:45;4
8-15-2019 1:00;0
8-15-2019 1:15;4
8-15-2019 1:30;0
8-15-2019 1:45;4
8-15-2019 2:00;0
8-15-2019 2:15;4
8-15-2019 2:30;0
8-15-2019 2:45;4
8-15-2019 3:00;0
8-15-2019 3:15;4
8-15-2019 3:30;0
8-15-2019 3:45;4
8-15-2019 4:00;0
8-15-2019 4:15;4
8-15-2019 4:30;0
8-15-2019 4:45;4
8-15-2019 5:00;0
8-15-2019 5:15;0
8-15-2019 5:30;4
8-15-2019 5:45;0
8-15-2019 6:00;32
8-15-2019 6:15;24
8-15-2019 6:30;24
8-15-2019 6:45;12
8-15-2019 7:00;4
8-15-2019 7:15;0
8-15-2019 7:30;8
8-15-2019 7:45;20
8-15-2019 8:00;20
8-15-2019 8:15;20
8-15-2019 8:30;24
8-15-2019 8:45;20
8-15-2019 9:00;28
8-15-2019 9:15;24
8-15-2019 9:30;24
8-15-2019 9:45;24
8-15-2019 10:00;32
8-15-2019 10:15;48
8-15-2019 10:30;56
8-15-2019 10:45;52
8-15-2019 11:00;48
8-15-2019 11:15;56
8-15-2019 11:30;56
8-15-2019 11:45;60
8-15-2019 12:00;60
8-15-2019 12:15;60
8-15-2019 12:30;60
8-15-2019 12:45;64
8-15-2019 13:00;60
8-15-2019 13:15;56
8-15-2019 13:30;56
8-15-2019 13:45;72
8-15-2019 14:00;60
8-15-2019 14:15;64
8-15-2019 14:30;76
8-15-2019 14:45;64
8-15-2019 15:00;64
8-15-2019 15:15;72
8-15-2019 15:30;60
8-15-2019 15:45;68
8-15-2019 16:00;72
8-15-2019 16:15;56
8-15-2019 16:30;72
8-15-2019 16:45;68
8-15-2019 17:00;68
8-15-2019 17:15;56
8-15-2019 17:30;68
8-15-2019 17:45;60
8-15-2019 18:00;60
8-15-2019 18:15;68
8-15-2019 18:30;64
8-15-2019 18:45;48
8-15-2019 19:00;56
8-15-2019 19:15;60
8-15-2019 19:30;48
8-15-2019 19:45;48
8-15-2019 20:00;52
8-15-2019 20:15;64
8-15-2019 20:30;44
8-15-2019 20:45;48
8-15-2019 21:00;44
8-15-2019 21:15;48
8-15-2019 21:30;4
8-15-2019 21:45;0
8-15-2019 22:00;4
8-15-2019 22:15;0
8-15-2019 22:30;4
8-15-2019 22:45;0
8-15-2019 23:00;4
8-15-2019 23:15;0
8-15-2019 23:30;4
8-15-2019 23:45;0
8-16-2019 0:00;4
8-16-2019 0:15;0
8-16-2019 0:30;4
8-16-2019 0:45;0
8-16-2019 1:00;4
8-16-2019 1:15;0
8-16-2019 1:30;4
8-16-2019 1:45;0
8-16-2019 2:00;4
8-16-2019 2:15;0
8-16-2019 2:30;4
8-16-2019 2:45;0
8-16-2019 3:00;4
8-16-2019 3:15;0
8-16-2019 3:30;4
8-16-2019 3:45;0
8-16-2019 4:00;4
8-16-2019 4:15;0
8-16-2019 4:30;4
8-16-2019 4:45;0
8-16-2019 5:00;0
8-16-2019 5:15;4
8-16-2019 5:30;0
8-16-2019 5:45;4
8-16-2019 6:00;28
8-16-2019 6:15;20
8-16-2019 6:30;20
8-16-2019 6:45;20
8-16-2019 7:00;24
8-16-2019 7:15;20
8-16-2019 7:30;20
8-16-2019 7:45;20
8-16-2019 8:00;20
8-16-2019 8:15;24
8-16-2019 8:30;20
8-16-2019 8:45;20
8-16-2019 9:00;24
8-16-2019 9:15;24
8-16-2019 9:30;24
8-16-2019 9:45;28
8-16-2019 10:00;32
8-16-2019 10:15;40
8-16-2019 10:30;44
8-16-2019 10:45;40
8-16-2019 11:00;24
8-16-2019 11:15;48
8-16-2019 11:30;52
8-16-2019 11:45;56
8-16-2019 12:00;52
8-16-2019 12:15;56
8-16-2019 12:30;56
8-16-2019 12:45;56
8-16-2019 13:00;52
8-16-2019 13:15;52
8-16-2019 13:30;68
8-16-2019 13:45;56
8-16-2019 14:00;52
8-16-2019 14:15;60
8-16-2019 14:30;56
8-16-2019 14:45;56
8-16-2019 15:00;52
8-16-2019 15:15;60
8-16-2019 15:30;56
8-16-2019 15:45;56
8-16-2019 16:00;60
8-16-2019 16:15;60
8-16-2019 16:30;60
8-16-2019 16:45;56
8-16-2019 17:00;60
8-16-2019 17:15;60
8-16-2019 17:30;48
8-16-2019 17:45;52
8-16-2019 18:00;56
8-16-2019 18:15;56
8-16-2019 18:30;52
8-16-2019 18:45;48
8-16-2019 19:00;48
8-16-2019 19:15;48
8-16-2019 19:30;44
8-16-2019 19:45;28
8-16-2019 20:00;24
8-16-2019 20:15;36
8-16-2019 20:30;36
8-16-2019 20:45;24
8-16-2019 21:00;24
8-16-2019 21:15;20
8-16-2019 21:30;4
8-16-2019 21:45;0
8-16-2019 22:00;4
8-16-2019 22:15;0
8-16-2019 22:30;4
8-16-2019 22:45;0
8-16-2019 23:00;4
8-16-2019 23:15;0
8-16-2019 23:30;4
8-16-2019 23:45;0
8-17-2019 0:00;4
8-17-2019 0:15;0
8-17-2019 0:30;4
8-17-2019 0:45;0
8-17-2019 1:00;4
8-17-2019 1:15;0
8-17-2019 1:30;4
8-17-2019 1:45;0
8-17-2019 2:00;0
8-17-2019 2:15;4
8-17-2019 2:30;0
8-17-2019 2:45;4
8-17-2019 3:00;0
8-17-2019 3:15;0
8-17-2019 3:30;4
8-17-2019 3:45;0
8-17-2019 4:00;4
8-17-2019 4:15;0
8-17-2019 4:30;0
8-17-2019 4:45;4
8-17-2019 5:00;0
8-17-2019 5:15;4
8-17-2019 5:30;0
8-17-2019 5:45;0
8-17-2019 6:00;32
8-17-2019 6:15;24
8-17-2019 6:30;20
8-17-2019 6:45;20
8-17-2019 7:00;20
8-17-2019 7:15;20
8-17-2019 7:30;24
8-17-2019 7:45;20
8-17-2019 8:00;20
8-17-2019 8:15;20
8-17-2019 8:30;24
8-17-2019 8:45;20
8-17-2019 9:00;24
8-17-2019 9:15;24
8-17-2019 9:30;24
8-17-2019 9:45;28
8-17-2019 10:00;32
8-17-2019 10:15;44
8-17-2019 10:30;52
8-17-2019 10:45;56
8-17-2019 11:00;52
8-17-2019 11:15;48
8-17-2019 11:30;52
8-17-2019 11:45;52
8-17-2019 12:00;56
8-17-2019 12:15;56
8-17-2019 12:30;56
8-17-2019 12:45;60
8-17-2019 13:00;60
8-17-2019 13:15;64
8-17-2019 13:30;60
8-17-2019 13:45;64
8-17-2019 14:00;64
8-17-2019 14:15;60
8-17-2019 14:30;64
8-17-2019 14:45;64
8-17-2019 15:00;64
8-17-2019 15:15;64
8-17-2019 15:30;60
8-17-2019 15:45;72
8-17-2019 16:00;64
8-17-2019 16:15;60
8-17-2019 16:30;68
8-17-2019 16:45;64
8-17-2019 17:00;56
8-17-2019 17:15;72
8-17-2019 17:30;60
8-17-2019 17:45;52
8-17-2019 18:00;64
8-17-2019 18:15;64
8-17-2019 18:30;56
8-17-2019 18:45;48
8-17-2019 19:00;52
8-17-2019 19:15;64
8-17-2019 19:30;48
8-17-2019 19:45;48
8-17-2019 20:00;48
8-17-2019 20:15;48
8-17-2019 20:30;48
8-17-2019 20:45;48
8-17-2019 21:00;32
8-17-2019 21:15;24
8-17-2019 21:30;0
8-17-2019 21:45;4
8-17-2019 22:00;0
8-17-2019 22:15;4
8-17-2019 22:30;0
8-17-2019 22:45;4
8-17-2019 23:00;0
8-17-2019 23:15;4
8-17-2019 23:30;0
8-17-2019 23:45;4
8-18-2019 0:00;0
8-18-2019 0:15;4
8-18-2019 0:30;0
8-18-2019 0:45;4
8-18-2019 1:00;0
8-18-2019 1:15;0
8-18-2019 1:30;4
8-18-2019 1:45;0
8-18-2019 2:00;4
8-18-2019 2:15;0
8-18-2019 2:30;4
8-18-2019 2:45;0
8-18-2019 3:00;4
8-18-2019 3:15;0
8-18-2019 3:30;4
8-18-2019 3:45;0
8-18-2019 4:00;4
8-18-2019 4:15;0
8-18-2019 4:30;0
8-18-2019 4:45;4
8-18-2019 5:00;0
8-18-2019 5:15;4
8-18-2019 5:30;0
8-18-2019 5:45;4
8-18-2019 6:00;28
8-18-2019 6:15;20
8-18-2019 6:30;20
8-18-2019 6:45;20
8-18-2019 7:00;24
8-18-2019 7:15;20
8-18-2019 7:30;16
8-18-2019 7:45;20
8-18-2019 8:00;20
8-18-2019 8:15;20
8-18-2019 8:30;20
8-18-2019 8:45;24
8-18-2019 9:00;28
8-18-2019 9:15;24
8-18-2019 9:30;36
8-18-2019 9:45;36
8-18-2019 10:00;32
8-18-2019 10:15;32
8-18-2019 10:30;36
8-18-2019 10:45;44
8-18-2019 11:00;44
8-18-2019 11:15;44
8-18-2019 11:30;48
8-18-2019 11:45;56
8-18-2019 12:00;48
8-18-2019 12:15;56
8-18-2019 12:30;52
8-18-2019 12:45;56
8-18-2019 13:00;60
8-18-2019 13:15;56
8-18-2019 13:30;56
8-18-2019 13:45;60
8-18-2019 14:00;52
8-18-2019 14:15;56
8-18-2019 14:30;64
8-18-2019 14:45;52
8-18-2019 15:00;52
8-18-2019 15:15;68
8-18-2019 15:30;52
8-18-2019 15:45;52
8-18-2019 16:00;52
8-18-2019 16:15;64
8-18-2019 16:30;60
8-18-2019 16:45;52
8-18-2019 17:00;60
8-18-2019 17:15;56
8-18-2019 17:30;56
8-18-2019 17:45;52
8-18-2019 18:00;52
8-18-2019 18:15;60
8-18-2019 18:30;48
8-18-2019 18:45;52
8-18-2019 19:00;56
8-18-2019 19:15;48
8-18-2019 19:30;48
8-18-2019 19:45;48
8-18-2019 20:00;48
8-18-2019 20:15;28
8-18-2019 20:30;24
8-18-2019 20:45;28
8-18-2019 21:00;40
8-18-2019 21:15;20
8-18-2019 21:30;4
8-18-2019 21:45;0
8-18-2019 22:00;4
8-18-2019 22:15;0
8-18-2019 22:30;4
8-18-2019 22:45;0
8-18-2019 23:00;0
8-18-2019 23:15;4
8-18-2019 23:30;0
8-18-2019 23:45;4
8-19-2019 0:00;0
8-19-2019 0:15;4
8-19-2019 0:30;0
8-19-2019 0:45;0
8-19-2019 1:00;4
8-19-2019 1:15;0
8-19-2019 1:30;4
8-19-2019 1:45;0
8-19-2019 2:00;4
8-19-2019 2:15;0
8-19-2019 2:30;0
8-19-2019 2:45;4
8-19-2019 3:00;0
8-19-2019 3:15;4
8-19-2019 3:30;0
8-19-2019 3:45;0
8-19-2019 4:00;4
8-19-2019 4:15;0
8-19-2019 4:30;4
8-19-2019 4:45;0
8-19-2019 5:00;0
8-19-2019 5:15;4
8-19-2019 5:30;0
8-19-2019 5:45;4
8-19-2019 6:00;44
8-19-2019 6:15;24
8-19-2019 6:30;20
8-19-2019 6:45;24
8-19-2019 7:00;20
8-19-2019 7:15;20
8-19-2019 7:30;24
8-19-2019 7:45;20
8-19-2019 8:00;20
8-19-2019 8:15;20
8-19-2019 8:30;24
8-19-2019 8:45;20
8-19-2019 9:00;24
8-19-2019 9:15;24
8-19-2019 9:30;24
8-19-2019 9:45;24
8-19-2019 10:00;24
8-19-2019 10:15;28
8-19-2019 10:30;24
8-19-2019 10:45;36
8-19-2019 11:00;36
8-19-2019 11:15;8
8-19-2019 11:30;44
8-19-2019 11:45;44
8-19-2019 12:00;40
8-19-2019 12:15;40
8-19-2019 12:30;44
8-19-2019 12:45;44
8-19-2019 13:00;44
8-19-2019 13:15;44
8-19-2019 13:30;44
8-19-2019 13:45;44
8-19-2019 14:00;48
8-19-2019 14:15;44
8-19-2019 14:30;40
8-19-2019 14:45;48
8-19-2019 15:00;44
8-19-2019 15:15;40
8-19-2019 15:30;40
8-19-2019 15:45;40
8-19-2019 16:00;40
8-19-2019 16:15;36
8-19-2019 16:30;24
8-19-2019 16:45;28
8-19-2019 17:00;32
8-19-2019 17:15;48
8-19-2019 17:30;44
8-19-2019 17:45;40
8-19-2019 18:00;40
8-19-2019 18:15;32
8-19-2019 18:30;24
8-19-2019 18:45;28
8-19-2019 19:00;32
8-19-2019 19:15;28
8-19-2019 19:30;36
8-19-2019 19:45;32
8-19-2019 20:00;32
8-19-2019 20:15;24
8-19-2019 20:30;24
8-19-2019 20:45;24
8-19-2019 21:00;20
8-19-2019 21:15;24
8-19-2019 21:30;12
8-19-2019 21:45;8
8-19-2019 22:00;4
8-19-2019 22:15;0
8-19-2019 22:30;4
8-19-2019 22:45;0
8-19-2019 23:00;0
8-19-2019 23:15;4
8-19-2019 23:30;0
8-19-2019 23:45;4
8-20-2019 0:00;0
8-20-2019 0:15;4
8-20-2019 0:30;0
8-20-2019 0:45;0
8-20-2019 1:00;4
8-20-2019 1:15;0
8-20-2019 1:30;4
8-20-2019 1:45;0
8-20-2019 2:00;0
8-20-2019 2:15;4
8-20-2019 2:30;0
8-20-2019 2:45;4
8-20-2019 3:00;0
8-20-2019 3:15;4
8-20-2019 3:30;0
8-20-2019 3:45;0
8-20-2019 4:00;4
8-20-2019 4:15;0
8-20-2019 4:30;0
8-20-2019 4:45;4
8-20-2019 5:00;0
8-20-2019 5:15;4
8-20-2019 5:30;0
8-20-2019 5:45;0
8-20-2019 6:00;52
8-20-2019 6:15;44
8-20-2019 6:30;20
8-20-2019 6:45;28
8-20-2019 7:00;20
8-20-2019 7:15;20
8-20-2019 7:30;20
8-20-2019 7:45;24
8-20-2019 8:00;20
8-20-2019 8:15;20
8-20-2019 8:30;20
8-20-2019 8:45;24
8-20-2019 9:00;24
8-20-2019 9:15;24
8-20-2019 9:30;20
8-20-2019 9:45;24
8-20-2019 10:00;24
8-20-2019 10:15;24
8-20-2019 10:30;28
8-20-2019 10:45;32
8-20-2019 11:00;40
8-20-2019 11:15;36
8-20-2019 11:30;36
8-20-2019 11:45;32
8-20-2019 12:00;44
8-20-2019 12:15;44
8-20-2019 12:30;44
8-20-2019 12:45;48
8-20-2019 13:00;48
8-20-2019 13:15;48
8-20-2019 13:30;48
8-20-2019 13:45;48
8-20-2019 14:00;48
8-20-2019 14:15;44
8-20-2019 14:30;52
8-20-2019 14:45;56
8-20-2019 15:00;44
8-20-2019 15:15;48
8-20-2019 15:30;52
8-20-2019 15:45;52
8-20-2019 16:00;48
8-20-2019 16:15;48
8-20-2019 16:30;52
8-20-2019 16:45;48
8-20-2019 17:00;48
8-20-2019 17:15;56
8-20-2019 17:30;44
8-20-2019 17:45;48
8-20-2019 18:00;52
8-20-2019 18:15;44
8-20-2019 18:30;44
8-20-2019 18:45;48
8-20-2019 19:00;44
8-20-2019 19:15;40
8-20-2019 19:30;44
8-20-2019 19:45;40
8-20-2019 20:00;40
8-20-2019 20:15;40
8-20-2019 20:30;32
8-20-2019 20:45;24
8-20-2019 21:00;24
8-20-2019 21:15;28
8-20-2019 21:30;4
8-20-2019 21:45;0
8-20-2019 22:00;0
8-20-2019 22:15;4
8-20-2019 22:30;0
8-20-2019 22:45;4
8-20-2019 23:00;0
8-20-2019 23:15;4
8-20-2019 23:30;0
8-20-2019 23:45;4
8-21-2019 0:00;0
8-21-2019 0:15;0
8-21-2019 0:30;4
8-21-2019 0:45;0
8-21-2019 1:00;4
8-21-2019 1:15;0
8-21-2019 1:30;0
8-21-2019 1:45;4
8-21-2019 2:00;0
8-21-2019 2:15;4
8-21-2019 2:30;0
8-21-2019 2:45;0
8-21-2019 3:00;4
8-21-2019 3:15;0
8-21-2019 3:30;4
8-21-2019 3:45;0
8-21-2019 4:00;4
8-21-2019 4:15;0
8-21-2019 4:30;0
8-21-2019 4:45;4
8-21-2019 5:00;0
8-21-2019 5:15;4
8-21-2019 5:30;0
8-21-2019 5:45;0
8-21-2019 6:00;32
8-21-2019 6:15;24
8-21-2019 6:30;20
8-21-2019 6:45;20
8-21-2019 7:00;20
8-21-2019 7:15;20
8-21-2019 7:30;24
8-21-2019 7:45;20
8-21-2019 8:00;20
8-21-2019 8:15;20
8-21-2019 8:30;20
8-21-2019 8:45;24
8-21-2019 9:00;24
8-21-2019 9:15;20
8-21-2019 9:30;28
8-21-2019 9:45;32
8-21-2019 10:00;48
8-21-2019 10:15;56
8-21-2019 10:30;48
8-21-2019 10:45;52
8-21-2019 11:00;48
8-21-2019 11:15;56
8-21-2019 11:30;52
8-21-2019 11:45;56
8-21-2019 12:00;56
8-21-2019 12:15;60
8-21-2019 12:30;60
8-21-2019 12:45;52
8-21-2019 13:00;68
8-21-2019 13:15;60
8-21-2019 13:30;64
8-21-2019 13:45;68
8-21-2019 14:00;60
8-21-2019 14:15;64
8-21-2019 14:30;64
8-21-2019 14:45;64
8-21-2019 15:00;68
8-21-2019 15:15;72
8-21-2019 15:30;76
8-21-2019 15:45;60
8-21-2019 16:00;72
8-21-2019 16:15;76
8-21-2019 16:30;76
8-21-2019 16:45;72
8-21-2019 17:00;72
8-21-2019 17:15;72
8-21-2019 17:30;56
8-21-2019 17:45;72
8-21-2019 18:00;68
8-21-2019 18:15;72
8-21-2019 18:30;60
8-21-2019 18:45;52
8-21-2019 19:00;68
8-21-2019 19:15;52
8-21-2019 19:30;56
8-21-2019 19:45;56
8-21-2019 20:00;48
8-21-2019 20:15;52
8-21-2019 20:30;52
8-21-2019 20:45;52
8-21-2019 21:00;52
8-21-2019 21:15;44
8-21-2019 21:30;4
8-21-2019 21:45;4
8-21-2019 22:00;0
8-21-2019 22:15;4
8-21-2019 22:30;0
8-21-2019 22:45;4
8-21-2019 23:00;0
8-21-2019 23:15;0
8-21-2019 23:30;4
8-21-2019 23:45;0
8-22-2019 0:00;4
8-22-2019 0:15;0
8-22-2019 0:30;4
8-22-2019 0:45;0
8-22-2019 1:00;4
8-22-2019 1:15;0
8-22-2019 1:30;4
8-22-2019 1:45;0
8-22-2019 2:00;0
8-22-2019 2:15;4
8-22-2019 2:30;0
8-22-2019 2:45;4
8-22-2019 3:00;0
8-22-2019 3:15;0
8-22-2019 3:30;4
8-22-2019 3:45;0
8-22-2019 4:00;4
8-22-2019 4:15;0
8-22-2019 4:30;0
8-22-2019 4:45;4
8-22-2019 5:00;0
8-22-2019 5:15;4
8-22-2019 5:30;0
8-22-2019 5:45;0
8-22-2019 6:00;32
8-22-2019 6:15;20
8-22-2019 6:30;20
8-22-2019 6:45;24
8-22-2019 7:00;20
8-22-2019 7:15;20
8-22-2019 7:30;20
8-22-2019 7:45;20
8-22-2019 8:00;20
8-22-2019 8:15;24
8-22-2019 8:30;20
8-22-2019 8:45;20
8-22-2019 9:00;36
8-22-2019 9:15;48
8-22-2019 9:30;40
8-22-2019 9:45;40
8-22-2019 10:00;44
8-22-2019 10:15;40
8-22-2019 10:30;40
8-22-2019 10:45;48
8-22-2019 11:00;44
8-22-2019 11:15;48
8-22-2019 11:30;48
8-22-2019 11:45;48
8-22-2019 12:00;52
8-22-2019 12:15;48
8-22-2019 12:30;48
8-22-2019 12:45;56
8-22-2019 13:00;60
8-22-2019 13:15;64
8-22-2019 13:30;60
8-22-2019 13:45;72
8-22-2019 14:00;64
8-22-2019 14:15;72
8-22-2019 14:30;72
8-22-2019 14:45;72
8-22-2019 15:00;64
8-22-2019 15:15;72
8-22-2019 15:30;76
8-22-2019 15:45;76
8-22-2019 16:00;72
8-22-2019 16:15;76
8-22-2019 16:30;76
8-22-2019 16:45;76
8-22-2019 17:00;72
8-22-2019 17:15;72
8-22-2019 17:30;72
8-22-2019 17:45;72
8-22-2019 18:00;72
8-22-2019 18:15;72
8-22-2019 18:30;72
8-22-2019 18:45;72
8-22-2019 19:00;68
8-22-2019 19:15;72
8-22-2019 19:30;68
8-22-2019 19:45;64
8-22-2019 20:00;52
8-22-2019 20:15;68
8-22-2019 20:30;60
8-22-2019 20:45;52
8-22-2019 21:00;56
8-22-2019 21:15;48
8-22-2019 21:30;4
8-22-2019 21:45;4
8-22-2019 22:00;0
8-22-2019 22:15;4
8-22-2019 22:30;4
8-22-2019 22:45;0
8-22-2019 23:00;4
8-22-2019 23:15;0
8-22-2019 23:30;4
8-22-2019 23:45;0
8-23-2019 0:00;4
8-23-2019 0:15;0
8-23-2019 0:30;4
8-23-2019 0:45;0
8-23-2019 1:00;4
8-23-2019 1:15;0
8-23-2019 1:30;0
8-23-2019 1:45;4
8-23-2019 2:00;0
8-23-2019 2:15;4
8-23-2019 2:30;0
8-23-2019 2:45;4
8-23-2019 3:00;0
8-23-2019 3:15;4
8-23-2019 3:30;0
8-23-2019 3:45;0
8-23-2019 4:00;4
8-23-2019 4:15;0
8-23-2019 4:30;4
8-23-2019 4:45;0
8-23-2019 5:00;4
8-23-2019 5:15;0
8-23-2019 5:30;4
8-23-2019 5:45;0
8-23-2019 6:00;36
8-23-2019 6:15;52
8-23-2019 6:30;28
8-23-2019 6:45;24
8-23-2019 7:00;24
8-23-2019 7:15;28
8-23-2019 7:30;28
8-23-2019 7:45;24
8-23-2019 8:00;24
8-23-2019 8:15;28
8-23-2019 8:30;40
8-23-2019 8:45;36
8-23-2019 9:00;44
8-23-2019 9:15;40
8-23-2019 9:30;40
8-23-2019 9:45;40
8-23-2019 10:00;48
8-23-2019 10:15;44
8-23-2019 10:30;48
8-23-2019 10:45;48
8-23-2019 11:00;48
8-23-2019 11:15;48
8-23-2019 11:30;52
8-23-2019 11:45;48
8-23-2019 12:00;60
8-23-2019 12:15;64
8-23-2019 12:30;52
8-23-2019 12:45;68
8-23-2019 13:00;68
8-23-2019 13:15;72
8-23-2019 13:30;56
8-23-2019 13:45;72
8-23-2019 14:00;72
8-23-2019 14:15;76
8-23-2019 14:30;72
8-23-2019 14:45;72
8-23-2019 15:00;76
8-23-2019 15:15;76
8-23-2019 15:30;76
8-23-2019 15:45;76
8-23-2019 16:00;76
8-23-2019 16:15;76
8-23-2019 16:30;72
8-23-2019 16:45;76
8-23-2019 17:00;48
8-23-2019 17:15;36
8-23-2019 17:30;36
8-23-2019 17:45;36
8-23-2019 18:00;32
8-23-2019 18:15;36
8-23-2019 18:30;36
8-23-2019 18:45;32
8-23-2019 19:00;32
8-23-2019 19:15;32
8-23-2019 19:30;32
8-23-2019 19:45;32
8-23-2019 20:00;32
8-23-2019 20:15;32
8-23-2019 20:30;24
8-23-2019 20:45;32
8-23-2019 21:00;28
8-23-2019 21:15;32
8-23-2019 21:30;4
8-23-2019 21:45;0
8-23-2019 22:00;4
8-23-2019 22:15;0
8-23-2019 22:30;4
8-23-2019 22:45;0
8-23-2019 23:00;4
8-23-2019 23:15;0
8-23-2019 23:30;4
8-23-2019 23:45;0
8-24-2019 0:00;0
8-24-2019 0:15;4
8-24-2019 0:30;0
8-24-2019 0:45;4
8-24-2019 1:00;0
8-24-2019 1:15;4
8-24-2019 1:30;0
8-24-2019 1:45;4
8-24-2019 2:00;0
8-24-2019 2:15;4
8-24-2019 2:30;0
8-24-2019 2:45;0
8-24-2019 3:00;4
8-24-2019 3:15;0
8-24-2019 3:30;4
8-24-2019 3:45;0
8-24-2019 4:00;4
8-24-2019 4:15;0
8-24-2019 4:30;0
8-24-2019 4:45;4
8-24-2019 5:00;0
8-24-2019 5:15;4
8-24-2019 5:30;0
8-24-2019 5:45;4
8-24-2019 6:00;8
8-24-2019 6:15;12
8-24-2019 6:30;12
8-24-2019 6:45;12
8-24-2019 7:00;16
8-24-2019 7:15;12
8-24-2019 7:30;12
8-24-2019 7:45;12
8-24-2019 8:00;16
8-24-2019 8:15;20
8-24-2019 8:30;12
8-24-2019 8:45;16
8-24-2019 9:00;24
8-24-2019 9:15;32
8-24-2019 9:30;28
8-24-2019 9:45;32
8-24-2019 10:00;32
8-24-2019 10:15;16
8-24-2019 10:30;24
8-24-2019 10:45;32
8-24-2019 11:00;32
8-24-2019 11:15;32
8-24-2019 11:30;36
8-24-2019 11:45;32
8-24-2019 12:00;32
8-24-2019 12:15;36
8-24-2019 12:30;32
8-24-2019 12:45;36
8-24-2019 13:00;36
8-24-2019 13:15;32
8-24-2019 13:30;36
8-24-2019 13:45;36
8-24-2019 14:00;32
8-24-2019 14:15;36
8-24-2019 14:30;36
8-24-2019 14:45;36
8-24-2019 15:00;32
8-24-2019 15:15;36
8-24-2019 15:30;36
8-24-2019 15:45;36
8-24-2019 16:00;32
8-24-2019 16:15;36
8-24-2019 16:30;36
8-24-2019 16:45;32
8-24-2019 17:00;36
8-24-2019 17:15;36
8-24-2019 17:30;32
8-24-2019 17:45;32
8-24-2019 18:00;36
8-24-2019 18:15;32
8-24-2019 18:30;32
8-24-2019 18:45;28
8-24-2019 19:00;32
8-24-2019 19:15;28
8-24-2019 19:30;28
8-24-2019 19:45;32
8-24-2019 20:00;32
8-24-2019 20:15;32
8-24-2019 20:30;32
8-24-2019 20:45;28
8-24-2019 21:00;28
8-24-2019 21:15;28
8-24-2019 21:30;4
8-24-2019 21:45;4
8-24-2019 22:00;0
8-24-2019 22:15;4
8-24-2019 22:30;0
8-24-2019 22:45;4
8-24-2019 23:00;0
8-24-2019 23:15;0
8-24-2019 23:30;4
8-24-2019 23:45;0
8-25-2019 0:00;4
8-25-2019 0:15;0
8-25-2019 0:30;4
8-25-2019 0:45;0
8-25-2019 1:00;4
8-25-2019 1:15;0
8-25-2019 1:30;4
8-25-2019 1:45;0
8-25-2019 2:00;0
8-25-2019 2:15;4
8-25-2019 2:30;0
8-25-2019 2:45;4
8-25-2019 3:00;0
8-25-2019 3:15;4
8-25-2019 3:30;0
8-25-2019 3:45;0
8-25-2019 4:00;4
8-25-2019 4:15;0
8-25-2019 4:30;4
8-25-2019 4:45;0
8-25-2019 5:00;4
8-25-2019 5:15;0
8-25-2019 5:30;0
8-25-2019 5:45;4
8-25-2019 6:00;20
8-25-2019 6:15;12
8-25-2019 6:30;12
8-25-2019 6:45;12
8-25-2019 7:00;12
8-25-2019 7:15;16
8-25-2019 7:30;12
8-25-2019 7:45;12
8-25-2019 8:00;12
8-25-2019 8:15;12
8-25-2019 8:30;12
8-25-2019 8:45;12
8-25-2019 9:00;16
8-25-2019 9:15;20
8-25-2019 9:30;24
8-25-2019 9:45;20
8-25-2019 10:00;16
8-25-2019 10:15;32
8-25-2019 10:30;28
8-25-2019 10:45;32
8-25-2019 11:00;32
8-25-2019 11:15;32
8-25-2019 11:30;32
8-25-2019 11:45;20
8-25-2019 12:00;16
8-25-2019 12:15;28
8-25-2019 12:30;32
8-25-2019 12:45;32
8-25-2019 13:00;16
8-25-2019 13:15;28
8-25-2019 13:30;32
8-25-2019 13:45;32
8-25-2019 14:00;28
8-25-2019 14:15;20
8-25-2019 14:30;32
8-25-2019 14:45;32
8-25-2019 15:00;32
8-25-2019 15:15;32
8-25-2019 15:30;32
8-25-2019 15:45;36
8-25-2019 16:00;32
8-25-2019 16:15;32
8-25-2019 16:30;36
8-25-2019 16:45;32
8-25-2019 17:00;36
8-25-2019 17:15;32
8-25-2019 17:30;32
8-25-2019 17:45;32
8-25-2019 18:00;32
8-25-2019 18:15;32
8-25-2019 18:30;32
8-25-2019 18:45;32
8-25-2019 19:00;24
8-25-2019 19:15;32
8-25-2019 19:30;32
8-25-2019 19:45;32
8-25-2019 20:00;32
8-25-2019 20:15;28
8-25-2019 20:30;32
8-25-2019 20:45;28
8-25-2019 21:00;28
8-25-2019 21:15;28
8-25-2019 21:30;4
8-25-2019 21:45;4
8-25-2019 22:00;0
8-25-2019 22:15;4
8-25-2019 22:30;0
8-25-2019 22:45;4
8-25-2019 23:00;0
8-25-2019 23:15;4
8-25-2019 23:30;0
8-25-2019 23:45;0
8-26-2019 0:00;4
8-26-2019 0:15;0
8-26-2019 0:30;4
8-26-2019 0:45;0
8-26-2019 1:00;4
8-26-2019 1:15;0
8-26-2019 1:30;0
8-26-2019 1:45;4
8-26-2019 2:00;0
8-26-2019 2:15;4
8-26-2019 2:30;0
8-26-2019 2:45;4
8-26-2019 3:00;0
8-26-2019 3:15;0
8-26-2019 3:30;4
8-26-2019 3:45;0
8-26-2019 4:00;4
8-26-2019 4:15;0
8-26-2019 4:30;0
8-26-2019 4:45;4
8-26-2019 5:00;0
8-26-2019 5:15;4
8-26-2019 5:30;0
8-26-2019 5:45;0
8-26-2019 6:00;24
8-26-2019 6:15;16
8-26-2019 6:30;16
8-26-2019 6:45;12
8-26-2019 7:00;12
8-26-2019 7:15;12
8-26-2019 7:30;8
8-26-2019 7:45;12
8-26-2019 8:00;12
8-26-2019 8:15;12
8-26-2019 8:30;16
8-26-2019 8:45;12
8-26-2019 9:00;16
8-26-2019 9:15;16
8-26-2019 9:30;16
8-26-2019 9:45;16
8-26-2019 10:00;16
8-26-2019 10:15;24
8-26-2019 10:30;32
8-26-2019 10:45;16
8-26-2019 11:00;16
8-26-2019 11:15;16
8-26-2019 11:30;32
8-26-2019 11:45;24
8-26-2019 12:00;16
8-26-2019 12:15;24
8-26-2019 12:30;32
8-26-2019 12:45;24
8-26-2019 13:00;16
8-26-2019 13:15;28
8-26-2019 13:30;32
8-26-2019 13:45;20
8-26-2019 14:00;28
8-26-2019 14:15;36
8-26-2019 14:30;32
8-26-2019 14:45;36
8-26-2019 15:00;32
8-26-2019 15:15;36
8-26-2019 15:30;32
8-26-2019 15:45;32
8-26-2019 16:00;36
8-26-2019 16:15;32
8-26-2019 16:30;36
8-26-2019 16:45;32
8-26-2019 17:00;36
8-26-2019 17:15;32
8-26-2019 17:30;36
8-26-2019 17:45;36
8-26-2019 18:00;32
8-26-2019 18:15;36
8-26-2019 18:30;32
8-26-2019 18:45;36
8-26-2019 19:00;32
8-26-2019 19:15;32
8-26-2019 19:30;32
8-26-2019 19:45;24
8-26-2019 20:00;32
8-26-2019 20:15;28
8-26-2019 20:30;32
8-26-2019 20:45;32
8-26-2019 21:00;28
8-26-2019 21:15;28
8-26-2019 21:30;4
8-26-2019 21:45;4
8-26-2019 22:00;0
8-26-2019 22:15;4
8-26-2019 22:30;0
8-26-2019 22:45;0
8-26-2019 23:00;4
8-26-2019 23:15;0
8-26-2019 23:30;4
8-26-2019 23:45;0
8-27-2019 0:00;4
8-27-2019 0:15;0
8-27-2019 0:30;0
8-27-2019 0:45;4
8-27-2019 1:00;0
8-27-2019 1:15;4
8-27-2019 1:30;0
8-27-2019 1:45;4
8-27-2019 2:00;0
8-27-2019 2:15;4
8-27-2019 2:30;0
8-27-2019 2:45;0
8-27-2019 3:00;4
8-27-2019 3:15;0
8-27-2019 3:30;4
8-27-2019 3:45;0
8-27-2019 4:00;4
8-27-2019 4:15;0
8-27-2019 4:30;0
8-27-2019 4:45;4
8-27-2019 5:00;0
8-27-2019 5:15;4
8-27-2019 5:30;0
8-27-2019 5:45;0
8-27-2019 6:00;24
8-27-2019 6:15;12
8-27-2019 6:30;16
8-27-2019 6:45;12
8-27-2019 7:00;12
8-27-2019 7:15;12
8-27-2019 7:30;16
8-27-2019 7:45;12
8-27-2019 8:00;12
8-27-2019 8:15;16
8-27-2019 8:30;12
8-27-2019 8:45;16
8-27-2019 9:00;16
8-27-2019 9:15;20
8-27-2019 9:30;24
8-27-2019 9:45;16
8-27-2019 10:00;16
8-27-2019 10:15;24
8-27-2019 10:30;32
8-27-2019 10:45;32
8-27-2019 11:00;16
8-27-2019 11:15;12
8-27-2019 11:30;28
8-27-2019 11:45;28
8-27-2019 12:00;28
8-27-2019 12:15;16
8-27-2019 12:30;24
8-27-2019 12:45;32
8-27-2019 13:00;32
8-27-2019 13:15;16
8-27-2019 13:30;24
8-27-2019 13:45;32
8-27-2019 14:00;36
8-27-2019 14:15;32
8-27-2019 14:30;32
8-27-2019 14:45;28
8-27-2019 15:00;20
8-27-2019 15:15;32
8-27-2019 15:30;32
8-27-2019 15:45;32
8-27-2019 16:00;36
8-27-2019 16:15;32
8-27-2019 16:30;32
8-27-2019 16:45;32
8-27-2019 17:00;32
8-27-2019 17:15;32
8-27-2019 17:30;32
8-27-2019 17:45;32
8-27-2019 18:00;32
8-27-2019 18:15;32
8-27-2019 18:30;32
8-27-2019 18:45;24
8-27-2019 19:00;28
8-27-2019 19:15;32
8-27-2019 19:30;32
8-27-2019 19:45;32
8-27-2019 20:00;32
8-27-2019 20:15;28
8-27-2019 20:30;32
8-27-2019 20:45;32
8-27-2019 21:00;28
8-27-2019 21:15;28
8-27-2019 21:30;4
8-27-2019 21:45;0
8-27-2019 22:00;0
8-27-2019 22:15;4
8-27-2019 22:30;0
8-27-2019 22:45;4
8-27-2019 23:00;0
8-27-2019 23:15;4
8-27-2019 23:30;0
8-27-2019 23:45;4
8-28-2019 0:00;0
8-28-2019 0:15;0
8-28-2019 0:30;4
8-28-2019 0:45;0
8-28-2019 1:00;4
8-28-2019 1:15;0
8-28-2019 1:30;4
8-28-2019 1:45;0
8-28-2019 2:00;0
8-28-2019 2:15;4
8-28-2019 2:30;0
8-28-2019 2:45;4
8-28-2019 3:00;0
8-28-2019 3:15;4
8-28-2019 3:30;0
8-28-2019 3:45;0
8-28-2019 4:00;4
8-28-2019 4:15;0
8-28-2019 4:30;4
8-28-2019 4:45;0
8-28-2019 5:00;0
8-28-2019 5:15;4
8-28-2019 5:30;0
8-28-2019 5:45;4
8-28-2019 6:00;20
8-28-2019 6:15;16
8-28-2019 6:30;12
8-28-2019 6:45;12
8-28-2019 7:00;12
8-28-2019 7:15;12
8-28-2019 7:30;12
8-28-2019 7:45;12
8-28-2019 8:00;12
8-28-2019 8:15;8
8-28-2019 8:30;4
8-28-2019 8:45;12
8-28-2019 9:00;16
8-28-2019 9:15;16
8-28-2019 9:30;16
8-28-2019 9:45;28
8-28-2019 10:00;24
8-28-2019 10:15;16
8-28-2019 10:30;20
8-28-2019 10:45;24
8-28-2019 11:00;28
8-28-2019 11:15;16
8-28-2019 11:30;32
8-28-2019 11:45;28
8-28-2019 12:00;20
8-28-2019 12:15;32
8-28-2019 12:30;32
8-28-2019 12:45;32
8-28-2019 13:00;32
8-28-2019 13:15;36
8-28-2019 13:30;32
8-28-2019 13:45;32
8-28-2019 14:00;36
8-28-2019 14:15;32
8-28-2019 14:30;36
8-28-2019 14:45;32
8-28-2019 15:00;36
8-28-2019 15:15;32
8-28-2019 15:30;36
8-28-2019 15:45;32
8-28-2019 16:00;36
8-28-2019 16:15;32
8-28-2019 16:30;36
8-28-2019 16:45;32
8-28-2019 17:00;32
8-28-2019 17:15;36
8-28-2019 17:30;32
8-28-2019 17:45;32
8-28-2019 18:00;32
8-28-2019 18:15;32
8-28-2019 18:30;32
8-28-2019 18:45;28
8-28-2019 19:00;28
8-28-2019 19:15;28
8-28-2019 19:30;32
8-28-2019 19:45;32
8-28-2019 20:00;32
8-28-2019 20:15;28
8-28-2019 20:30;32
8-28-2019 20:45;28
8-28-2019 21:00;28
8-28-2019 21:15;24
8-28-2019 21:30;0
8-28-2019 21:45;4
8-28-2019 22:00;0
8-28-2019 22:15;4
8-28-2019 22:30;0
8-28-2019 22:45;4
8-28-2019 23:00;0
8-28-2019 23:15;4
8-28-2019 23:30;0
8-28-2019 23:45;0
8-29-2019 0:00;4
8-29-2019 0:15;0
8-29-2019 0:30;4
8-29-2019 0:45;0
8-29-2019 1:00;4
8-29-2019 1:15;0
8-29-2019 1:30;0
8-29-2019 1:45;4
8-29-2019 2:00;0
8-29-2019 2:15;4
8-29-2019 2:30;0
8-29-2019 2:45;0
8-29-2019 3:00;4
8-29-2019 3:15;0
8-29-2019 3:30;4
8-29-2019 3:45;0
8-29-2019 4:00;4
8-29-2019 4:15;0
8-29-2019 4:30;0
8-29-2019 4:45;4
8-29-2019 5:00;0
8-29-2019 5:15;4
8-29-2019 5:30;0
8-29-2019 5:45;0
8-29-2019 6:00;16
8-29-2019 6:15;12
8-29-2019 6:30;12
8-29-2019 6:45;12
8-29-2019 7:00;12
8-29-2019 7:15;12
8-29-2019 7:30;12
8-29-2019 7:45;12
8-29-2019 8:00;12
8-29-2019 8:15;12
8-29-2019 8:30;12
8-29-2019 8:45;16
8-29-2019 9:00;12
8-29-2019 9:15;16
8-29-2019 9:30;16
8-29-2019 9:45;12
8-29-2019 10:00;20
8-29-2019 10:15;16
8-29-2019 10:30;24
8-29-2019 10:45;24
8-29-2019 11:00;28
8-29-2019 11:15;32
8-29-2019 11:30;16
8-29-2019 11:45;32
8-29-2019 12:00;28
8-29-2019 12:15;24
8-29-2019 12:30;32
8-29-2019 12:45;28
8-29-2019 13:00;24
8-29-2019 13:15;36
8-29-2019 13:30;24
8-29-2019 13:45;32
8-29-2019 14:00;32
8-29-2019 14:15;36
8-29-2019 14:30;36
8-29-2019 14:45;36
8-29-2019 15:00;36
8-29-2019 15:15;36
8-29-2019 15:30;32
8-29-2019 15:45;36
8-29-2019 16:00;36
8-29-2019 16:15;32
8-29-2019 16:30;36
8-29-2019 16:45;32
8-29-2019 17:00;36
8-29-2019 17:15;32
8-29-2019 17:30;32
8-29-2019 17:45;32
8-29-2019 18:00;32
8-29-2019 18:15;32
8-29-2019 18:30;32
8-29-2019 18:45;32
8-29-2019 19:00;28
8-29-2019 19:15;24
8-29-2019 19:30;32
8-29-2019 19:45;32
8-29-2019 20:00;32
8-29-2019 20:15;32
8-29-2019 20:30;28
8-29-2019 20:45;32
8-29-2019 21:00;28
8-29-2019 21:15;28
8-29-2019 21:30;4
8-29-2019 21:45;0
8-29-2019 22:00;4
8-29-2019 22:15;0
8-29-2019 22:30;4
8-29-2019 22:45;0
8-29-2019 23:00;4
8-29-2019 23:15;0
8-29-2019 23:30;0
8-29-2019 23:45;4
8-30-2019 0:00;0
8-30-2019 0:15;4
8-30-2019 0:30;0
8-30-2019 0:45;4
8-30-2019 1:00;0
8-30-2019 1:15;4
8-30-2019 1:30;0
8-30-2019 1:45;0
8-30-2019 2:00;4
8-30-2019 2:15;0
8-30-2019 2:30;4
8-30-2019 2:45;0
8-30-2019 3:00;4
8-30-2019 3:15;0
8-30-2019 3:30;0
8-30-2019 3:45;4
8-30-2019 4:00;0
8-30-2019 4:15;4
8-30-2019 4:30;0
8-30-2019 4:45;0
8-30-2019 5:00;4
8-30-2019 5:15;0
8-30-2019 5:30;4
8-30-2019 5:45;0
8-30-2019 6:00;24
8-30-2019 6:15;16
8-30-2019 6:30;12
8-30-2019 6:45;12
8-30-2019 7:00;12
8-30-2019 7:15;12
8-30-2019 7:30;12
8-30-2019 7:45;12
8-30-2019 8:00;12
8-30-2019 8:15;12
8-30-2019 8:30;16
8-30-2019 8:45;12
8-30-2019 9:00;16
8-30-2019 9:15;16
8-30-2019 9:30;16
8-30-2019 9:45;20
8-30-2019 10:00;32
8-30-2019 10:15;16
8-30-2019 10:30;16
8-30-2019 10:45;32
8-30-2019 11:00;24
8-30-2019 11:15;16
8-30-2019 11:30;32
8-30-2019 11:45;28
8-30-2019 12:00;24
8-30-2019 12:15;32
8-30-2019 12:30;32
8-30-2019 12:45;36
8-30-2019 13:00;36
8-30-2019 13:15;32
8-30-2019 13:30;36
8-30-2019 13:45;36
8-30-2019 14:00;36
8-30-2019 14:15;36
8-30-2019 14:30;36
8-30-2019 14:45;36
8-30-2019 15:00;36
8-30-2019 15:15;36
8-30-2019 15:30;36
8-30-2019 15:45;36
8-30-2019 16:00;36
8-30-2019 16:15;36
8-30-2019 16:30;36
8-30-2019 16:45;36
8-30-2019 17:00;36
8-30-2019 17:15;32
8-30-2019 17:30;36
8-30-2019 17:45;32
8-30-2019 18:00;36
8-30-2019 18:15;32
8-30-2019 18:30;32
8-30-2019 18:45;32
8-30-2019 19:00;32
8-30-2019 19:15;32
8-30-2019 19:30;32
8-30-2019 19:45;32
8-30-2019 20:00;24
8-30-2019 20:15;32
8-30-2019 20:30;28
8-30-2019 20:45;32
8-30-2019 21:00;28
8-30-2019 21:15;32
8-30-2019 21:30;4
8-30-2019 21:45;0
8-30-2019 22:00;0
8-30-2019 22:15;4
8-30-2019 22:30;0
8-30-2019 22:45;4
8-30-2019 23:00;0
8-30-2019 23:15;4
8-30-2019 23:30;0
8-30-2019 23:45;4
8-31-2019 0:00;0
8-31-2019 0:15;0
8-31-2019 0:30;4
8-31-2019 0:45;0
8-31-2019 1:00;4
8-31-2019 1:15;0
8-31-2019 1:30;4
8-31-2019 1:45;0
8-31-2019 2:00;0
8-31-2019 2:15;4
8-31-2019 2:30;0
8-31-2019 2:45;4
8-31-2019 3:00;0
8-31-2019 3:15;4
8-31-2019 3:30;0
8-31-2019 3:45;0
8-31-2019 4:00;4
8-31-2019 4:15;0
8-31-2019 4:30;4
8-31-2019 4:45;0
8-31-2019 5:00;0
8-31-2019 5:15;4
8-31-2019 5:30;0
8-31-2019 5:45;4
8-31-2019 6:00;16
8-31-2019 6:15;12
8-31-2019 6:30;12
8-31-2019 6:45;12
8-31-2019 7:00;16
8-31-2019 7:15;12
8-31-2019 7:30;12
8-31-2019 7:45;12
8-31-2019 8:00;12
8-31-2019 8:15;8
8-31-2019 8:30;12
8-31-2019 8:45;16
8-31-2019 9:00;16
8-31-2019 9:15;20
8-31-2019 9:30;32
8-31-2019 9:45;32
8-31-2019 10:00;24
8-31-2019 10:15;16
8-31-2019 10:30;20
8-31-2019 10:45;32
8-31-2019 11:00;32
8-31-2019 11:15;24
8-31-2019 11:30;24
8-31-2019 11:45;32
8-31-2019 12:00;32
8-31-2019 12:15;32
8-31-2019 12:30;32
8-31-2019 12:45;32
8-31-2019 13:00;32
8-31-2019 13:15;32
8-31-2019 13:30;36
8-31-2019 13:45;32
8-31-2019 14:00;36
8-31-2019 14:15;32
8-31-2019 14:30;36
8-31-2019 14:45;32
8-31-2019 15:00;32
8-31-2019 15:15;36
8-31-2019 15:30;32
8-31-2019 15:45;32
8-31-2019 16:00;36
8-31-2019 16:15;32
8-31-2019 16:30;32
8-31-2019 16:45;32
8-31-2019 17:00;32
8-31-2019 17:15;32
8-31-2019 17:30;32
8-31-2019 17:45;32
8-31-2019 18:00;28
8-31-2019 18:15;28
8-31-2019 18:30;32
8-31-2019 18:45;32
8-31-2019 19:00;32
8-31-2019 19:15;28
8-31-2019 19:30;32
8-31-2019 19:45;32
8-31-2019 20:00;28
8-31-2019 20:15;32
8-31-2019 20:30;32
8-31-2019 20:45;28
8-31-2019 21:00;28
8-31-2019 21:15;28
8-31-2019 21:30;4
8-31-2019 21:45;4
8-31-2019 22:00;0
8-31-2019 22:15;4
8-31-2019 22:30;0
8-31-2019 22:45;0
8-31-2019 23:00;4
8-31-2019 23:15;0
8-31-2019 23:30;4
8-31-2019 23:45;0
9-1-2019 0:00;4
9-1-2019 0:15;0
9-1-2019 0:30;0
9-1-2019 0:45;4
9-1-2019 1:00;0
9-1-2019 1:15;4
9-1-2019 1:30;0
9-1-2019 1:45;4
9-1-2019 2:00;0
9-1-2019 2:15;0
9-1-2019 2:30;4
9-1-2019 2:45;0
9-1-2019 3:00;4
9-1-2019 3:15;0
9-1-2019 3:30;0
9-1-2019 3:45;4
9-1-2019 4:00;0
9-1-2019 4:15;4
9-1-2019 4:30;0
9-1-2019 4:45;0
9-1-2019 5:00;4
9-1-2019 5:15;0
9-1-2019 5:30;4
9-1-2019 5:45;0
9-1-2019 6:00;20
9-1-2019 6:15;20
9-1-2019 6:30;12
9-1-2019 6:45;12
9-1-2019 7:00;12
9-1-2019 7:15;12
9-1-2019 7:30;12
9-1-2019 7:45;12
9-1-2019 8:00;12
9-1-2019 8:15;16
9-1-2019 8:30;12
9-1-2019 8:45;12
9-1-2019 9:00;16
9-1-2019 9:15;16
9-1-2019 9:30;12
9-1-2019 9:45;20
9-1-2019 10:00;28
9-1-2019 10:15;32
9-1-2019 10:30;16
9-1-2019 10:45;16
9-1-2019 11:00;32
9-1-2019 11:15;32
9-1-2019 11:30;20
9-1-2019 11:45;28
9-1-2019 12:00;32
9-1-2019 12:15;32
9-1-2019 12:30;32
9-1-2019 12:45;36
9-1-2019 13:00;32
9-1-2019 13:15;36
9-1-2019 13:30;32
9-1-2019 13:45;36
9-1-2019 14:00;32
9-1-2019 14:15;36
9-1-2019 14:30;32
9-1-2019 14:45;36
9-1-2019 15:00;32
9-1-2019 15:15;36
9-1-2019 15:30;32
9-1-2019 15:45;36
9-1-2019 16:00;32
9-1-2019 16:15;36
9-1-2019 16:30;32
9-1-2019 16:45;36
9-1-2019 17:00;32
9-1-2019 17:15;32
9-1-2019 17:30;32
9-1-2019 17:45;32
9-1-2019 18:00;36
9-1-2019 18:15;28
9-1-2019 18:30;28
9-1-2019 18:45;32
9-1-2019 19:00;28
9-1-2019 19:15;32
9-1-2019 19:30;32
9-1-2019 19:45;32
9-1-2019 20:00;32
9-1-2019 20:15;28
9-1-2019 20:30;32
9-1-2019 20:45;32
9-1-2019 21:00;28
9-1-2019 21:15;24
9-1-2019 21:30;4
9-1-2019 21:45;0
9-1-2019 22:00;4
9-1-2019 22:15;0
9-1-2019 22:30;4
9-1-2019 22:45;0
9-1-2019 23:00;4
9-1-2019 23:15;0
9-1-2019 23:30;0
9-1-2019 23:45;4
9-2-2019 0:00;0
9-2-2019 0:15;4
9-2-2019 0:30;0
9-2-2019 0:45;4
9-2-2019 1:00;0
9-2-2019 1:15;0
9-2-2019 1:30;4
9-2-2019 1:45;0
9-2-2019 2:00;4
9-2-2019 2:15;0
9-2-2019 2:30;0
9-2-2019 2:45;4
9-2-2019 3:00;0
9-2-2019 3:15;4
9-2-2019 3:30;0
9-2-2019 3:45;0
9-2-2019 4:00;4
9-2-2019 4:15;0
9-2-2019 4:30;4
9-2-2019 4:45;0
9-2-2019 5:00;0
9-2-2019 5:15;4
9-2-2019 5:30;0
9-2-2019 5:45;4
9-2-2019 6:00;12
9-2-2019 6:15;12
9-2-2019 6:30;12
9-2-2019 6:45;12
9-2-2019 7:00;12
9-2-2019 7:15;12
9-2-2019 7:30;12
9-2-2019 7:45;12
9-2-2019 8:00;12
9-2-2019 8:15;12
9-2-2019 8:30;12
9-2-2019 8:45;16
9-2-2019 9:00;12
9-2-2019 9:15;16
9-2-2019 9:30;16
9-2-2019 9:45;16
9-2-2019 10:00;24
9-2-2019 10:15;32
9-2-2019 10:30;16
9-2-2019 10:45;20
9-2-2019 11:00;28
9-2-2019 11:15;24
9-2-2019 11:30;20
9-2-2019 11:45;36
9-2-2019 12:00;32
9-2-2019 12:15;32
9-2-2019 12:30;36
9-2-2019 12:45;32
9-2-2019 13:00;36
9-2-2019 13:15;32
9-2-2019 13:30;36
9-2-2019 13:45;36
9-2-2019 14:00;32
9-2-2019 14:15;36
9-2-2019 14:30;36
9-2-2019 14:45;36
9-2-2019 15:00;36
9-2-2019 15:15;36
9-2-2019 15:30;36
9-2-2019 15:45;36
9-2-2019 16:00;40
9-2-2019 16:15;36
9-2-2019 16:30;36
9-2-2019 16:45;36
9-2-2019 17:00;36
9-2-2019 17:15;36
9-2-2019 17:30;32
9-2-2019 17:45;36
9-2-2019 18:00;16
9-2-2019 18:15;36
9-2-2019 18:30;32
9-2-2019 18:45;36
9-2-2019 19:00;36
9-2-2019 19:15;32
9-2-2019 19:30;32
9-2-2019 19:45;32
9-2-2019 20:00;32
9-2-2019 20:15;32
9-2-2019 20:30;32
9-2-2019 20:45;32
9-2-2019 21:00;28
9-2-2019 21:15;28
9-2-2019 21:30;4
9-2-2019 21:45;0
9-2-2019 22:00;4
9-2-2019 22:15;0
9-2-2019 22:30;4
9-2-2019 22:45;0
9-2-2019 23:00;4
9-2-2019 23:15;0
9-2-2019 23:30;4
9-2-2019 23:45;0
9-3-2019 0:00;4
9-3-2019 0:15;0
9-3-2019 0:30;0
9-3-2019 0:45;4
9-3-2019 1:00;0
9-3-2019 1:15;4
9-3-2019 1:30;0
9-3-2019 1:45;0
9-3-2019 2:00;4
9-3-2019 2:15;0
9-3-2019 2:30;4
9-3-2019 2:45;0
9-3-2019 3:00;4
9-3-2019 3:15;0
9-3-2019 3:30;0
9-3-2019 3:45;4
9-3-2019 4:00;0
9-3-2019 4:15;4
9-3-2019 4:30;0
9-3-2019 4:45;4
9-3-2019 5:00;0
9-3-2019 5:15;0
9-3-2019 5:30;4
9-3-2019 5:45;0
9-3-2019 6:00;20
9-3-2019 6:15;12
9-3-2019 6:30;12
9-3-2019 6:45;12
9-3-2019 7:00;12
9-3-2019 7:15;12
9-3-2019 7:30;12
9-3-2019 7:45;12
9-3-2019 8:00;12
9-3-2019 8:15;12
9-3-2019 8:30;16
9-3-2019 8:45;12
9-3-2019 9:00;24
9-3-2019 9:15;24
9-3-2019 9:30;16
9-3-2019 9:45;24
9-3-2019 10:00;32
9-3-2019 10:15;24
9-3-2019 10:30;20
9-3-2019 10:45;32
9-3-2019 11:00;32
9-3-2019 11:15;36
9-3-2019 11:30;32
9-3-2019 11:45;36
9-3-2019 12:00;32
9-3-2019 12:15;36
9-3-2019 12:30;36
9-3-2019 12:45;36
9-3-2019 13:00;36
9-3-2019 13:15;36
9-3-2019 13:30;36
9-3-2019 13:45;36
9-3-2019 14:00;40
9-3-2019 14:15;36
9-3-2019 14:30;36
9-3-2019 14:45;40
9-3-2019 15:00;36
9-3-2019 15:15;36
9-3-2019 15:30;40
9-3-2019 15:45;36
9-3-2019 16:00;36
9-3-2019 16:15;36
9-3-2019 16:30;36
9-3-2019 16:45;36
9-3-2019 17:00;36
9-3-2019 17:15;36
9-3-2019 17:30;36
9-3-2019 17:45;36
9-3-2019 18:00;36
9-3-2019 18:15;32
9-3-2019 18:30;36
9-3-2019 18:45;36
9-3-2019 19:00;32
9-3-2019 19:15;36
9-3-2019 19:30;32
9-3-2019 19:45;36
9-3-2019 20:00;32
9-3-2019 20:15;32
9-3-2019 20:30;32
9-3-2019 20:45;32
9-3-2019 21:00;28
9-3-2019 21:15;28
9-3-2019 21:30;4
9-3-2019 21:45;4
9-3-2019 22:00;0
9-3-2019 22:15;4
9-3-2019 22:30;0
9-3-2019 22:45;4
9-3-2019 23:00;0
9-3-2019 23:15;4
9-3-2019 23:30;0
9-3-2019 23:45;4
9-4-2019 0:00;0
9-4-2019 0:15;4
9-4-2019 0:30;0
9-4-2019 0:45;4
9-4-2019 1:00;0
9-4-2019 1:15;4
9-4-2019 1:30;0
9-4-2019 1:45;0
9-4-2019 2:00;4
9-4-2019 2:15;0
9-4-2019 2:30;4
9-4-2019 2:45;0
9-4-2019 3:00;4
9-4-2019 3:15;0
9-4-2019 3:30;0
9-4-2019 3:45;4
9-4-2019 4:00;0
9-4-2019 4:15;4
9-4-2019 4:30;0
9-4-2019 4:45;4
9-4-2019 5:00;0
9-4-2019 5:15;0
9-4-2019 5:30;4
9-4-2019 5:45;0
9-4-2019 6:00;12
9-4-2019 6:15;12
9-4-2019 6:30;12
9-4-2019 6:45;16
9-4-2019 7:00;12
9-4-2019 7:15;12
9-4-2019 7:30;16
9-4-2019 7:45;4
9-4-2019 8:00;12
9-4-2019 8:15;20
9-4-2019 8:30;28
9-4-2019 8:45;20
9-4-2019 9:00;20
9-4-2019 9:15;32
9-4-2019 9:30;20
9-4-2019 9:45;32
9-4-2019 10:00;32
9-4-2019 10:15;36
9-4-2019 10:30;32
9-4-2019 10:45;28
9-4-2019 11:00;28
9-4-2019 11:15;36
9-4-2019 11:30;36
9-4-2019 11:45;8
9-4-2019 12:00;8
9-4-2019 12:15;4
9-4-2019 12:30;8
9-4-2019 12:45;8
9-4-2019 13:00;8
9-4-2019 13:15;8
9-4-2019 13:30;8
9-4-2019 13:45;8
9-4-2019 14:00;8
9-4-2019 14:15;8
9-4-2019 14:30;4
9-4-2019 14:45;8
9-4-2019 15:00;8
9-4-2019 15:15;8
9-4-2019 15:30;8
9-4-2019 15:45;8
9-4-2019 16:00;8
9-4-2019 16:15;8
9-4-2019 16:30;4
9-4-2019 16:45;8
9-4-2019 17:00;4
9-4-2019 17:15;8
9-4-2019 17:30;4
9-4-2019 17:45;8
9-4-2019 18:00;4
9-4-2019 18:15;8
9-4-2019 18:30;4
9-4-2019 18:45;8
9-4-2019 19:00;4
9-4-2019 19:15;4
9-4-2019 19:30;4
9-4-2019 19:45;8
9-4-2019 20:00;4
9-4-2019 20:15;4
9-4-2019 20:30;4
9-4-2019 20:45;8
9-4-2019 21:00;0
9-4-2019 21:15;0
9-4-2019 21:30;4
9-4-2019 21:45;0
9-4-2019 22:00;4
9-4-2019 22:15;0
9-4-2019 22:30;4
9-4-2019 22:45;0
9-4-2019 23:00;4
9-4-2019 23:15;0
9-4-2019 23:30;4
9-4-2019 23:45;0
9-5-2019 0:00;4
9-5-2019 0:15;0
9-5-2019 0:30;0
9-5-2019 0:45;4
9-5-2019 1:00;0
9-5-2019 1:15;4
9-5-2019 1:30;0
9-5-2019 1:45;4
9-5-2019 2:00;0
9-5-2019 2:15;4
9-5-2019 2:30;0
9-5-2019 2:45;4
9-5-2019 3:00;0
9-5-2019 3:15;0
9-5-2019 3:30;4
9-5-2019 3:45;0
9-5-2019 4:00;4
9-5-2019 4:15;0
9-5-2019 4:30;4
9-5-2019 4:45;0
9-5-2019 5:00;4
9-5-2019 5:15;0
9-5-2019 5:30;0
9-5-2019 5:45;4
9-5-2019 6:00;0
9-5-2019 6:15;4
9-5-2019 6:30;0
9-5-2019 6:45;4
9-5-2019 7:00;0
9-5-2019 7:15;0
9-5-2019 7:30;4
9-5-2019 7:45;0
9-5-2019 8:00;4
9-5-2019 8:15;0
9-5-2019 8:30;4
9-5-2019 8:45;4
9-5-2019 9:00;4
9-5-2019 9:15;4
9-5-2019 9:30;8
9-5-2019 9:45;4
9-5-2019 10:00;4
9-5-2019 10:15;8
9-5-2019 10:30;4
9-5-2019 10:45;4
9-5-2019 11:00;8
9-5-2019 11:15;4
9-5-2019 11:30;8
9-5-2019 11:45;4
9-5-2019 12:00;8
9-5-2019 12:15;8
9-5-2019 12:30;4
9-5-2019 12:45;8
9-5-2019 13:00;8
9-5-2019 13:15;4
9-5-2019 13:30;8
9-5-2019 13:45;8
9-5-2019 14:00;4
9-5-2019 14:15;8
9-5-2019 14:30;8
9-5-2019 14:45;8
9-5-2019 15:00;8
9-5-2019 15:15;8
9-5-2019 15:30;8
9-5-2019 15:45;8
9-5-2019 16:00;8
9-5-2019 16:15;8
9-5-2019 16:30;4
9-5-2019 16:45;8
9-5-2019 17:00;8
9-5-2019 17:15;8
9-5-2019 17:30;4
9-5-2019 17:45;8
9-5-2019 18:00;8
9-5-2019 18:15;8
9-5-2019 18:30;8
9-5-2019 18:45;4
9-5-2019 19:00;8
9-5-2019 19:15;4
9-5-2019 19:30;8
9-5-2019 19:45;4
9-5-2019 20:00;4
9-5-2019 20:15;8
9-5-2019 20:30;4
9-5-2019 20:45;4
9-5-2019 21:00;4
9-5-2019 21:15;0
9-5-2019 21:30;4
9-5-2019 21:45;0
9-5-2019 22:00;4
9-5-2019 22:15;0
9-5-2019 22:30;4
9-5-2019 22:45;0
9-5-2019 23:00;4
9-5-2019 23:15;0
9-5-2019 23:30;4
9-5-2019 23:45;0
9-6-2019 0:00;4
9-6-2019 0:15;0
9-6-2019 0:30;4
9-6-2019 0:45;0
9-6-2019 1:00;4
9-6-2019 1:15;0
9-6-2019 1:30;0
9-6-2019 1:45;4
9-6-2019 2:00;0
9-6-2019 2:15;4
9-6-2019 2:30;0
9-6-2019 2:45;4
9-6-2019 3:00;0
9-6-2019 3:15;0
9-6-2019 3:30;4
9-6-2019 3:45;0
9-6-2019 4:00;4
9-6-2019 4:15;0
9-6-2019 4:30;4
9-6-2019 4:45;0
9-6-2019 5:00;4
9-6-2019 5:15;0
9-6-2019 5:30;0
9-6-2019 5:45;4
9-6-2019 6:00;0
9-6-2019 6:15;0
9-6-2019 6:30;0
9-6-2019 6:45;4
9-6-2019 7:00;0
9-6-2019 7:15;4
9-6-2019 7:30;0
9-6-2019 7:45;4
9-6-2019 8:00;0
9-6-2019 8:15;0
9-6-2019 8:30;4
9-6-2019 8:45;4
9-6-2019 9:00;4
9-6-2019 9:15;4
9-6-2019 9:30;8
9-6-2019 9:45;4
9-6-2019 10:00;4
9-6-2019 10:15;8
9-6-2019 10:30;4
9-6-2019 10:45;8
9-6-2019 11:00;8
9-6-2019 11:15;64
9-6-2019 11:30;76
9-6-2019 11:45;68
9-6-2019 12:00;24
9-6-2019 12:15;36
9-6-2019 12:30;16
9-6-2019 12:45;8
9-6-2019 13:00;8
9-6-2019 13:15;4
9-6-2019 13:30;8
9-6-2019 13:45;8
9-6-2019 14:00;60
9-6-2019 14:15;88
9-6-2019 14:30;88
9-6-2019 14:45;84
9-6-2019 15:00;80
9-6-2019 15:15;84
9-6-2019 15:30;80
9-6-2019 15:45;84
9-6-2019 16:00;84
9-6-2019 16:15;80
9-6-2019 16:30;84
9-6-2019 16:45;80
9-6-2019 17:00;80
9-6-2019 17:15;80
9-6-2019 17:30;80
9-6-2019 17:45;80
9-6-2019 18:00;76
9-6-2019 18:15;76
9-6-2019 18:30;64
9-6-2019 18:45;60
9-6-2019 19:00;4
9-6-2019 19:15;8
9-6-2019 19:30;4
9-6-2019 19:45;4
9-6-2019 20:00;4
9-6-2019 20:15;8
9-6-2019 20:30;4
9-6-2019 20:45;4
9-6-2019 21:00;4
9-6-2019 21:15;0
9-6-2019 21:30;4
9-6-2019 21:45;0
9-6-2019 22:00;0
9-6-2019 22:15;4
9-6-2019 22:30;0
9-6-2019 22:45;4
9-6-2019 23:00;0
9-6-2019 23:15;4
9-6-2019 23:30;0
9-6-2019 23:45;4
9-7-2019 0:00;0
9-7-2019 0:15;4
9-7-2019 0:30;0
9-7-2019 0:45;0
9-7-2019 1:00;4
9-7-2019 1:15;0
9-7-2019 1:30;4
9-7-2019 1:45;0
9-7-2019 2:00;4
9-7-2019 2:15;0
9-7-2019 2:30;4
9-7-2019 2:45;0
9-7-2019 3:00;0
9-7-2019 3:15;4
9-7-2019 3:30;0
9-7-2019 3:45;4
9-7-2019 4:00;0
9-7-2019 4:15;4
9-7-2019 4:30;0
9-7-2019 4:45;4
9-7-2019 5:00;0
9-7-2019 5:15;0
9-7-2019 5:30;4
9-7-2019 5:45;0
9-7-2019 6:00;28
9-7-2019 6:15;20
9-7-2019 6:30;36
9-7-2019 6:45;20
9-7-2019 7:00;20
9-7-2019 7:15;24
9-7-2019 7:30;24
9-7-2019 7:45;24
9-7-2019 8:00;24
9-7-2019 8:15;32
9-7-2019 8:30;32
9-7-2019 8:45;32
9-7-2019 9:00;32
9-7-2019 9:15;36
9-7-2019 9:30;36
9-7-2019 9:45;44
9-7-2019 10:00;44
9-7-2019 10:15;44
9-7-2019 10:30;40
9-7-2019 10:45;44
9-7-2019 11:00;48
9-7-2019 11:15;52
9-7-2019 11:30;44
9-7-2019 11:45;56
9-7-2019 12:00;48
9-7-2019 12:15;52
9-7-2019 12:30;60
9-7-2019 12:45;60
9-7-2019 13:00;44
9-7-2019 13:15;64
9-7-2019 13:30;52
9-7-2019 13:45;60
9-7-2019 14:00;64
9-7-2019 14:15;64
9-7-2019 14:30;60
9-7-2019 14:45;52
9-7-2019 15:00;64
9-7-2019 15:15;72
9-7-2019 15:30;76
9-7-2019 15:45;72
9-7-2019 16:00;72
9-7-2019 16:15;72
9-7-2019 16:30;72
9-7-2019 16:45;72
9-7-2019 17:00;72
9-7-2019 17:15;76
9-7-2019 17:30;72
9-7-2019 17:45;52
9-7-2019 18:00;60
9-7-2019 18:15;60
9-7-2019 18:30;60
9-7-2019 18:45;52
9-7-2019 19:00;52
9-7-2019 19:15;60
9-7-2019 19:30;44
9-7-2019 19:45;48
9-7-2019 20:00;52
9-7-2019 20:15;44
9-7-2019 20:30;44
9-7-2019 20:45;48
9-7-2019 21:00;36
9-7-2019 21:15;40
9-7-2019 21:30;0
9-7-2019 21:45;4
9-7-2019 22:00;0
9-7-2019 22:15;4
9-7-2019 22:30;0
9-7-2019 22:45;4
9-7-2019 23:00;0
9-7-2019 23:15;4
9-7-2019 23:30;0
9-7-2019 23:45;4
9-8-2019 0:00;0
9-8-2019 0:15;4
9-8-2019 0:30;0
9-8-2019 0:45;0
9-8-2019 1:00;4
9-8-2019 1:15;0
9-8-2019 1:30;4
9-8-2019 1:45;0
9-8-2019 2:00;4
9-8-2019 2:15;0
9-8-2019 2:30;4
9-8-2019 2:45;0
9-8-2019 3:00;0
9-8-2019 3:15;4
9-8-2019 3:30;0
9-8-2019 3:45;4
9-8-2019 4:00;0
9-8-2019 4:15;4
9-8-2019 4:30;0
9-8-2019 4:45;0
9-8-2019 5:00;4
9-8-2019 5:15;0
9-8-2019 5:30;4
9-8-2019 5:45;0
9-8-2019 6:00;52
9-8-2019 6:15;32
9-8-2019 6:30;20
9-8-2019 6:45;24
9-8-2019 7:00;20
9-8-2019 7:15;20
9-8-2019 7:30;24
9-8-2019 7:45;20
9-8-2019 8:00;20
9-8-2019 8:15;24
9-8-2019 8:30;20
9-8-2019 8:45;24
9-8-2019 9:00;24
9-8-2019 9:15;24
9-8-2019 9:30;32
9-8-2019 9:45;32
9-8-2019 10:00;48
9-8-2019 10:15;40
9-8-2019 10:30;40
9-8-2019 10:45;44
9-8-2019 11:00;44
9-8-2019 11:15;48
9-8-2019 11:30;48
9-8-2019 11:45;52
9-8-2019 12:00;52
9-8-2019 12:15;52
9-8-2019 12:30;48
9-8-2019 12:45;64
9-8-2019 13:00;56
9-8-2019 13:15;56
9-8-2019 13:30;64
9-8-2019 13:45;64
9-8-2019 14:00;64
9-8-2019 14:15;56
9-8-2019 14:30;60
9-8-2019 14:45;76
9-8-2019 15:00;80
9-8-2019 15:15;64
9-8-2019 15:30;72
9-8-2019 15:45;84
9-8-2019 16:00;76
9-8-2019 16:15;60
9-8-2019 16:30;80
9-8-2019 16:45;80
9-8-2019 17:00;68
9-8-2019 17:15;64
9-8-2019 17:30;76
9-8-2019 17:45;72
9-8-2019 18:00;56
9-8-2019 18:15;64
9-8-2019 18:30;64
9-8-2019 18:45;64
9-8-2019 19:00;52
9-8-2019 19:15;64
9-8-2019 19:30;56
9-8-2019 19:45;48
9-8-2019 20:00;52
9-8-2019 20:15;52
9-8-2019 20:30;52
9-8-2019 20:45;48
9-8-2019 21:00;44
9-8-2019 21:15;48
9-8-2019 21:30;4
9-8-2019 21:45;0
9-8-2019 22:00;0
9-8-2019 22:15;4
9-8-2019 22:30;0
9-8-2019 22:45;4
9-8-2019 23:00;0
9-8-2019 23:15;4
9-8-2019 23:30;0
9-8-2019 23:45;4
9-9-2019 0:00;0
9-9-2019 0:15;0
9-9-2019 0:30;4
9-9-2019 0:45;0
9-9-2019 1:00;4
9-9-2019 1:15;0
9-9-2019 1:30;0
9-9-2019 1:45;4
9-9-2019 2:00;0
9-9-2019 2:15;4
9-9-2019 2:30;0
9-9-2019 2:45;4
9-9-2019 3:00;0
9-9-2019 3:15;4
9-9-2019 3:30;0
9-9-2019 3:45;0
9-9-2019 4:00;4
9-9-2019 4:15;0
9-9-2019 4:30;4
9-9-2019 4:45;0
9-9-2019 5:00;0
9-9-2019 5:15;4
9-9-2019 5:30;0
9-9-2019 5:45;4
9-9-2019 6:00;40
9-9-2019 6:15;20
9-9-2019 6:30;24
9-9-2019 6:45;20
9-9-2019 7:00;20
9-9-2019 7:15;20
9-9-2019 7:30;24
9-9-2019 7:45;20
9-9-2019 8:00;20
9-9-2019 8:15;24
9-9-2019 8:30;20
9-9-2019 8:45;24
9-9-2019 9:00;4
9-9-2019 9:15;4
9-9-2019 9:30;8
9-9-2019 9:45;4
9-9-2019 10:00;4
9-9-2019 10:15;4
9-9-2019 10:30;8
9-9-2019 10:45;4
9-9-2019 11:00;4
9-9-2019 11:15;4
9-9-2019 11:30;8
9-9-2019 11:45;4
9-9-2019 12:00;4
9-9-2019 12:15;8
9-9-2019 12:30;4
9-9-2019 12:45;4
9-9-2019 13:00;8
9-9-2019 13:15;4
9-9-2019 13:30;4
9-9-2019 13:45;8
9-9-2019 14:00;60
9-9-2019 14:15;88
9-9-2019 14:30;68
9-9-2019 14:45;56
9-9-2019 15:00;56
9-9-2019 15:15;64
9-9-2019 15:30;76
9-9-2019 15:45;48
9-9-2019 16:00;48
9-9-2019 16:15;52
9-9-2019 16:30;48
9-9-2019 16:45;48
9-9-2019 17:00;44
9-9-2019 17:15;28
9-9-2019 17:30;32
9-9-2019 17:45;44
9-9-2019 18:00;44
9-9-2019 18:15;40
9-9-2019 18:30;24
9-9-2019 18:45;24
9-9-2019 19:00;4
9-9-2019 19:15;4
9-9-2019 19:30;8
9-9-2019 19:45;4
9-9-2019 20:00;4
9-9-2019 20:15;4
9-9-2019 20:30;4
9-9-2019 20:45;4
9-9-2019 21:00;4
9-9-2019 21:15;0
9-9-2019 21:30;4
9-9-2019 21:45;0
9-9-2019 22:00;4
9-9-2019 22:15;0
9-9-2019 22:30;4
9-9-2019 22:45;0
9-9-2019 23:00;0
9-9-2019 23:15;4
9-9-2019 23:30;0
9-9-2019 23:45;0
9-10-2019 0:00;4
9-10-2019 0:15;0
9-10-2019 0:30;0
9-10-2019 0:45;4
9-10-2019 1:00;0
9-10-2019 1:15;4
9-10-2019 1:30;0
9-10-2019 1:45;4
9-10-2019 2:00;0
9-10-2019 2:15;4
9-10-2019 2:30;0
9-10-2019 2:45;0
9-10-2019 3:00;4
9-10-2019 3:15;0
9-10-2019 3:30;4
9-10-2019 3:45;0
9-10-2019 4:00;0
9-10-2019 4:15;4
9-10-2019 4:30;0
9-10-2019 4:45;4
9-10-2019 5:00;0
9-10-2019 5:15;4
9-10-2019 5:30;0
9-10-2019 5:45;0
9-10-2019 6:00;48
9-10-2019 6:15;28
9-10-2019 6:30;20
9-10-2019 6:45;20
9-10-2019 7:00;20
9-10-2019 7:15;20
9-10-2019 7:30;24
9-10-2019 7:45;20
9-10-2019 8:00;20
9-10-2019 8:15;20
9-10-2019 8:30;24
9-10-2019 8:45;20
9-10-2019 9:00;4
9-10-2019 9:15;8
9-10-2019 9:30;4
9-10-2019 9:45;4
9-10-2019 10:00;4
9-10-2019 10:15;4
9-10-2019 10:30;4
9-10-2019 10:45;4
9-10-2019 11:00;8
9-10-2019 11:15;4
9-10-2019 11:30;4
9-10-2019 11:45;4
9-10-2019 12:00;8
9-10-2019 12:15;4
9-10-2019 12:30;4
9-10-2019 12:45;4
9-10-2019 13:00;8
9-10-2019 13:15;4
9-10-2019 13:30;4
9-10-2019 13:45;4
9-10-2019 14:00;56
9-10-2019 14:15;64
9-10-2019 14:30;52
9-10-2019 14:45;48
9-10-2019 15:00;48
9-10-2019 15:15;48
9-10-2019 15:30;48
9-10-2019 15:45;48
9-10-2019 16:00;48
9-10-2019 16:15;40
9-10-2019 16:30;28
9-10-2019 16:45;40
9-10-2019 17:00;36
9-10-2019 17:15;28
9-10-2019 17:30;32
9-10-2019 17:45;32
9-10-2019 18:00;32
9-10-2019 18:15;36
9-10-2019 18:30;28
9-10-2019 18:45;28
9-10-2019 19:00;4
9-10-2019 19:15;4
9-10-2019 19:30;4
9-10-2019 19:45;4
9-10-2019 20:00;8
9-10-2019 20:15;4
9-10-2019 20:30;4
9-10-2019 20:45;4
9-10-2019 21:00;4
9-10-2019 21:15;0
9-10-2019 21:30;0
9-10-2019 21:45;4
9-10-2019 22:00;0
9-10-2019 22:15;4
9-10-2019 22:30;0
9-10-2019 22:45;4
9-10-2019 23:00;0
9-10-2019 23:15;4
9-10-2019 23:30;0
9-10-2019 23:45;4
9-11-2019 0:00;0
9-11-2019 0:15;0
9-11-2019 0:30;4
9-11-2019 0:45;0
9-11-2019 1:00;0
9-11-2019 1:15;4
9-11-2019 1:30;0
9-11-2019 1:45;4
9-11-2019 2:00;0
9-11-2019 2:15;0
9-11-2019 2:30;4
9-11-2019 2:45;0
9-11-2019 3:00;4
9-11-2019 3:15;0
9-11-2019 3:30;0
9-11-2019 3:45;4
9-11-2019 4:00;0
9-11-2019 4:15;0
9-11-2019 4:30;4
9-11-2019 4:45;0
9-11-2019 5:00;0
9-11-2019 5:15;0
9-11-2019 5:30;4
9-11-2019 5:45;4
9-11-2019 6:00;40
9-11-2019 6:15;52
9-11-2019 6:30;24
9-11-2019 6:45;20
9-11-2019 7:00;32
9-11-2019 7:15;40
9-11-2019 7:30;24
9-11-2019 7:45;20
9-11-2019 8:00;20
9-11-2019 8:15;20
9-11-2019 8:30;24
9-11-2019 8:45;20
9-11-2019 9:00;8
9-11-2019 9:15;4
9-11-2019 9:30;4
9-11-2019 9:45;4
9-11-2019 10:00;4
9-11-2019 10:15;0
9-11-2019 10:30;8
9-11-2019 10:45;8
9-11-2019 11:00;4
9-11-2019 11:15;4
9-11-2019 11:30;4
9-11-2019 11:45;4
9-11-2019 12:00;8
9-11-2019 12:15;4
9-11-2019 12:30;4
9-11-2019 12:45;4
9-11-2019 13:00;8
9-11-2019 13:15;4
9-11-2019 13:30;8
9-11-2019 13:45;4
9-11-2019 14:00;48
9-11-2019 14:15;80
9-11-2019 14:30;64
9-11-2019 14:45;52
9-11-2019 15:00;56
9-11-2019 15:15;68
9-11-2019 15:30;56
9-11-2019 15:45;52
9-11-2019 16:00;60
9-11-2019 16:15;60
9-11-2019 16:30;60
9-11-2019 16:45;56
9-11-2019 17:00;48
9-11-2019 17:15;56
9-11-2019 17:30;56
9-11-2019 17:45;52
9-11-2019 18:00;48
9-11-2019 18:15;52
9-11-2019 18:30;52
9-11-2019 18:45;48
9-11-2019 19:00;8
9-11-2019 19:15;4
9-11-2019 19:30;8
9-11-2019 19:45;4
9-11-2019 20:00;4
9-11-2019 20:15;8
9-11-2019 20:30;4
9-11-2019 20:45;4
9-11-2019 21:00;0
9-11-2019 21:15;4
9-11-2019 21:30;0
9-11-2019 21:45;4
9-11-2019 22:00;0
9-11-2019 22:15;4
9-11-2019 22:30;0
9-11-2019 22:45;4
9-11-2019 23:00;0
9-11-2019 23:15;4
9-11-2019 23:30;0
9-11-2019 23:45;4
9-12-2019 0:00;0
9-12-2019 0:15;0
9-12-2019 0:30;4
9-12-2019 0:45;0
9-12-2019 1:00;4
9-12-2019 1:15;0
9-12-2019 1:30;4
9-12-2019 1:45;0
9-12-2019 2:00;0
9-12-2019 2:15;4
9-12-2019 2:30;0
9-12-2019 2:45;0
9-12-2019 3:00;4
9-12-2019 3:15;0
9-12-2019 3:30;0
9-12-2019 3:45;4
9-12-2019 4:00;0
9-12-2019 4:15;0
9-12-2019 4:30;4
9-12-2019 4:45;0
9-12-2019 5:00;0
9-12-2019 5:15;4
9-12-2019 5:30;0
9-12-2019 5:45;0
9-12-2019 6:00;44
9-12-2019 6:15;0
9-12-2019 6:30;52
9-12-2019 6:45;24
9-12-2019 7:00;24
9-12-2019 7:15;0
9-12-2019 7:30;48
9-12-2019 7:45;24
9-12-2019 8:00;24
9-12-2019 8:15;24
9-12-2019 8:30;24
9-12-2019 8:45;28
9-12-2019 9:00;4
9-12-2019 9:15;4
9-12-2019 9:30;4
9-12-2019 9:45;0
9-12-2019 10:00;12
9-12-2019 10:15;4
9-12-2019 10:30;8
9-12-2019 10:45;4
9-12-2019 11:00;4
9-12-2019 11:15;8
9-12-2019 11:30;4
9-12-2019 11:45;8
9-12-2019 12:00;4
9-12-2019 12:15;8
9-12-2019 12:30;8
9-12-2019 12:45;4
9-12-2019 13:00;8
9-12-2019 13:15;0
9-12-2019 13:30;12
9-12-2019 13:45;8
9-12-2019 14:00;56
9-12-2019 14:15;96
9-12-2019 14:30;100
9-12-2019 14:45;96
9-12-2019 15:00;88
9-12-2019 15:15;60
9-12-2019 15:30;68
9-12-2019 15:45;84
9-12-2019 16:00;80
9-12-2019 16:15;56
9-12-2019 16:30;56
9-12-2019 16:45;0
9-12-2019 17:00;88
9-12-2019 17:15;44
9-12-2019 17:30;44
9-12-2019 17:45;48
9-12-2019 18:00;44
9-12-2019 18:15;44
9-12-2019 18:30;44
9-12-2019 18:45;40
9-12-2019 19:00;12
9-12-2019 19:15;8
9-12-2019 19:30;4
9-12-2019 19:45;4
9-12-2019 20:00;8
9-12-2019 20:15;4
9-12-2019 20:30;8
9-12-2019 20:45;4
9-12-2019 21:00;4
9-12-2019 21:15;0
9-12-2019 21:30;4
9-12-2019 21:45;0
9-12-2019 22:00;4
9-12-2019 22:15;0
9-12-2019 22:30;4
9-12-2019 22:45;0
9-12-2019 23:00;4
9-12-2019 23:15;0
9-12-2019 23:30;0
9-12-2019 23:45;4
9-13-2019 0:00;0
9-13-2019 0:15;4
9-13-2019 0:30;0
9-13-2019 0:45;0
9-13-2019 1:00;4
9-13-2019 1:15;0
9-13-2019 1:30;4
9-13-2019 1:45;0
9-13-2019 2:00;4
9-13-2019 2:15;0
9-13-2019 2:30;4
9-13-2019 2:45;0
9-13-2019 3:00;0
9-13-2019 3:15;4
9-13-2019 3:30;0
9-13-2019 3:45;0
9-13-2019 4:00;4
9-13-2019 4:15;0
9-13-2019 4:30;4
9-13-2019 4:45;0
9-13-2019 5:00;4
9-13-2019 5:15;0
9-13-2019 5:30;0
9-13-2019 5:45;4
9-13-2019 6:00;20
9-13-2019 6:15;24
9-13-2019 6:30;16
9-13-2019 6:45;8
9-13-2019 7:00;12
9-13-2019 7:15;8
9-13-2019 7:30;8
9-13-2019 7:45;0
9-13-2019 8:00;20
9-13-2019 8:15;12
9-13-2019 8:30;8
9-13-2019 8:45;12
9-13-2019 9:00;8
9-13-2019 9:15;4
9-13-2019 9:30;4
9-13-2019 9:45;8
9-13-2019 10:00;4
9-13-2019 10:15;8
9-13-2019 10:30;4
9-13-2019 10:45;8
9-13-2019 11:00;4
9-13-2019 11:15;4
9-13-2019 11:30;8
9-13-2019 11:45;8
9-13-2019 12:00;4
9-13-2019 12:15;0
9-13-2019 12:30;16
9-13-2019 12:45;4
9-13-2019 13:00;8
9-13-2019 13:15;0
9-13-2019 13:30;16
9-13-2019 13:45;4
9-13-2019 14:00;28
9-13-2019 14:15;52
9-13-2019 14:30;52
9-13-2019 14:45;52
9-13-2019 15:00;56
9-13-2019 15:15;52
9-13-2019 15:30;52
9-13-2019 15:45;52
9-13-2019 16:00;52
9-13-2019 16:15;52
9-13-2019 16:30;52
9-13-2019 16:45;48
9-13-2019 17:00;52
9-13-2019 17:15;52
9-13-2019 17:30;48
9-13-2019 17:45;52
9-13-2019 18:00;48
9-13-2019 18:15;48
9-13-2019 18:30;28
9-13-2019 18:45;44
9-13-2019 19:00;8
9-13-2019 19:15;8
9-13-2019 19:30;4
9-13-2019 19:45;4
9-13-2019 20:00;8
9-13-2019 20:15;4
9-13-2019 20:30;4
9-13-2019 20:45;8
9-13-2019 21:00;0
9-13-2019 21:15;4
9-13-2019 21:30;0
9-13-2019 21:45;4
9-13-2019 22:00;0
9-13-2019 22:15;4
9-13-2019 22:30;0
9-13-2019 22:45;4
9-13-2019 23:00;0
9-13-2019 23:15;4
9-13-2019 23:30;0
9-13-2019 23:45;4
9-14-2019 0:00;0
9-14-2019 0:15;4
9-14-2019 0:30;0
9-14-2019 0:45;4
9-14-2019 1:00;0
9-14-2019 1:15;0
9-14-2019 1:30;4
9-14-2019 1:45;0
9-14-2019 2:00;4
9-14-2019 2:15;0
9-14-2019 2:30;4
9-14-2019 2:45;0
9-14-2019 3:00;4
9-14-2019 3:15;0
9-14-2019 3:30;4
9-14-2019 3:45;0
9-14-2019 4:00;0
9-14-2019 4:15;4
9-14-2019 4:30;0
9-14-2019 4:45;4
9-14-2019 5:00;0
9-14-2019 5:15;4
9-14-2019 5:30;0
9-14-2019 5:45;0
9-14-2019 6:00;20
9-14-2019 6:15;24
9-14-2019 6:30;16
9-14-2019 6:45;8
9-14-2019 7:00;12
9-14-2019 7:15;8
9-14-2019 7:30;12
9-14-2019 7:45;12
9-14-2019 8:00;12
9-14-2019 8:15;16
9-14-2019 8:30;24
9-14-2019 8:45;28
9-14-2019 9:00;28
9-14-2019 9:15;28
9-14-2019 9:30;32
9-14-2019 9:45;28
9-14-2019 10:00;28
9-14-2019 10:15;32
9-14-2019 10:30;28
9-14-2019 10:45;32
9-14-2019 11:00;32
9-14-2019 11:15;32
9-14-2019 11:30;32
9-14-2019 11:45;36
9-14-2019 12:00;40
9-14-2019 12:15;44
9-14-2019 12:30;40
9-14-2019 12:45;40
9-14-2019 13:00;44
9-14-2019 13:15;40
9-14-2019 13:30;44
9-14-2019 13:45;40
9-14-2019 14:00;44
9-14-2019 14:15;40
9-14-2019 14:30;44
9-14-2019 14:45;44
9-14-2019 15:00;40
9-14-2019 15:15;44
9-14-2019 15:30;44
9-14-2019 15:45;44
9-14-2019 16:00;40
9-14-2019 16:15;44
9-14-2019 16:30;44
9-14-2019 16:45;40
9-14-2019 17:00;44
9-14-2019 17:15;40
9-14-2019 17:30;44
9-14-2019 17:45;44
9-14-2019 18:00;40
9-14-2019 18:15;44
9-14-2019 18:30;40
9-14-2019 18:45;44
9-14-2019 19:00;40
9-14-2019 19:15;40
9-14-2019 19:30;40
9-14-2019 19:45;40
9-14-2019 20:00;40
9-14-2019 20:15;40
9-14-2019 20:30;36
9-14-2019 20:45;40
9-14-2019 21:00;36
9-14-2019 21:15;32
9-14-2019 21:30;8
9-14-2019 21:45;0
9-14-2019 22:00;4
9-14-2019 22:15;0
9-14-2019 22:30;4
9-14-2019 22:45;0
9-14-2019 23:00;4
9-14-2019 23:15;0
9-14-2019 23:30;0
9-14-2019 23:45;4
9-15-2019 0:00;0
9-15-2019 0:15;4
9-15-2019 0:30;0
9-15-2019 0:45;4
9-15-2019 1:00;0
9-15-2019 1:15;4
9-15-2019 1:30;0
9-15-2019 1:45;4
9-15-2019 2:00;0
9-15-2019 2:15;4
9-15-2019 2:30;0
9-15-2019 2:45;0
9-15-2019 3:00;4
9-15-2019 3:15;0
9-15-2019 3:30;4
9-15-2019 3:45;0
9-15-2019 4:00;4
9-15-2019 4:15;0
9-15-2019 4:30;4
9-15-2019 4:45;0
9-15-2019 5:00;0
9-15-2019 5:15;4
9-15-2019 5:30;0
9-15-2019 5:45;4
9-15-2019 6:00;8
9-15-2019 6:15;8
9-15-2019 6:30;12
9-15-2019 6:45;8
9-15-2019 7:00;12
9-15-2019 7:15;8
9-15-2019 7:30;12
9-15-2019 7:45;8
9-15-2019 8:00;12
9-15-2019 8:15;24
9-15-2019 8:30;28
9-15-2019 8:45;28
9-15-2019 9:00;32
9-15-2019 9:15;28
9-15-2019 9:30;32
9-15-2019 9:45;28
9-15-2019 10:00;32
9-15-2019 10:15;28
9-15-2019 10:30;32
9-15-2019 10:45;32
9-15-2019 11:00;28
9-15-2019 11:15;32
9-15-2019 11:30;32
9-15-2019 11:45;32
9-15-2019 12:00;40
9-15-2019 12:15;40
9-15-2019 12:30;40
9-15-2019 12:45;40
9-15-2019 13:00;44
9-15-2019 13:15;40
9-15-2019 13:30;40
9-15-2019 13:45;44
9-15-2019 14:00;44
9-15-2019 14:15;40
9-15-2019 14:30;44
9-15-2019 14:45;40
9-15-2019 15:00;44
9-15-2019 15:15;44
9-15-2019 15:30;40
9-15-2019 15:45;44
9-15-2019 16:00;44
9-15-2019 16:15;44
9-15-2019 16:30;40
9-15-2019 16:45;44
9-15-2019 17:00;44
9-15-2019 17:15;40
9-15-2019 17:30;44
9-15-2019 17:45;40
9-15-2019 18:00;44
9-15-2019 18:15;40
9-15-2019 18:30;36
9-15-2019 18:45;40
9-15-2019 19:00;40
9-15-2019 19:15;36
9-15-2019 19:30;40
9-15-2019 19:45;36
9-15-2019 20:00;40
9-15-2019 20:15;36
9-15-2019 20:30;36
9-15-2019 20:45;36
9-15-2019 21:00;36
9-15-2019 21:15;32
9-15-2019 21:30;8
9-15-2019 21:45;0
9-15-2019 22:00;0
9-15-2019 22:15;4
9-15-2019 22:30;0
9-15-2019 22:45;4
9-15-2019 23:00;0
9-15-2019 23:15;4
9-15-2019 23:30;0
9-15-2019 23:45;4
9-16-2019 0:00;0
9-16-2019 0:15;0
9-16-2019 0:30;4
9-16-2019 0:45;0
9-16-2019 1:00;4
9-16-2019 1:15;0
9-16-2019 1:30;4
9-16-2019 1:45;0
9-16-2019 2:00;4
9-16-2019 2:15;0
9-16-2019 2:30;0
9-16-2019 2:45;4
9-16-2019 3:00;0
9-16-2019 3:15;4
9-16-2019 3:30;0
9-16-2019 3:45;4
9-16-2019 4:00;0
9-16-2019 4:15;0
9-16-2019 4:30;4
9-16-2019 4:45;0
9-16-2019 5:00;4
9-16-2019 5:15;0
9-16-2019 5:30;4
9-16-2019 5:45;0
9-16-2019 6:00;8
9-16-2019 6:15;12
9-16-2019 6:30;8
9-16-2019 6:45;12
9-16-2019 7:00;8
9-16-2019 7:15;12
9-16-2019 7:30;8
9-16-2019 7:45;12
9-16-2019 8:00;8
9-16-2019 8:15;12
9-16-2019 8:30;8
9-16-2019 8:45;12
9-16-2019 9:00;4
9-16-2019 9:15;8
9-16-2019 9:30;4
9-16-2019 9:45;4
9-16-2019 10:00;4
9-16-2019 10:15;4
9-16-2019 10:30;4
9-16-2019 10:45;8
9-16-2019 11:00;4
9-16-2019 11:15;4
9-16-2019 11:30;4
9-16-2019 11:45;8
9-16-2019 12:00;4
9-16-2019 12:15;4
9-16-2019 12:30;8
9-16-2019 12:45;4
9-16-2019 13:00;4
9-16-2019 13:15;8
9-16-2019 13:30;4
9-16-2019 13:45;8
9-16-2019 14:00;32
9-16-2019 14:15;48
9-16-2019 14:30;48
9-16-2019 14:45;48
9-16-2019 15:00;48
9-16-2019 15:15;48
9-16-2019 15:30;48
9-16-2019 15:45;48
9-16-2019 16:00;48
9-16-2019 16:15;48
9-16-2019 16:30;48
9-16-2019 16:45;48
9-16-2019 17:00;48
9-16-2019 17:15;48
9-16-2019 17:30;48
9-16-2019 17:45;48
9-16-2019 18:00;44
9-16-2019 18:15;48
9-16-2019 18:30;44
9-16-2019 18:45;48
9-16-2019 19:00;8
9-16-2019 19:15;4
9-16-2019 19:30;4
9-16-2019 19:45;4
9-16-2019 20:00;8
9-16-2019 20:15;4
9-16-2019 20:30;4
9-16-2019 20:45;4
9-16-2019 21:00;4
9-16-2019 21:15;0
9-16-2019 21:30;0
9-16-2019 21:45;4
9-16-2019 22:00;0
9-16-2019 22:15;4
9-16-2019 22:30;0
9-16-2019 22:45;4
9-16-2019 23:00;0
9-16-2019 23:15;4
9-16-2019 23:30;0
9-16-2019 23:45;0
9-17-2019 0:00;4
9-17-2019 0:15;0
9-17-2019 0:30;4
9-17-2019 0:45;0
9-17-2019 1:00;4
9-17-2019 1:15;0
9-17-2019 1:30;4
9-17-2019 1:45;0
9-17-2019 2:00;0
9-17-2019 2:15;4
9-17-2019 2:30;0
9-17-2019 2:45;4
9-17-2019 3:00;0
9-17-2019 3:15;4
9-17-2019 3:30;0
9-17-2019 3:45;0
9-17-2019 4:00;4
9-17-2019 4:15;0
9-17-2019 4:30;0
9-17-2019 4:45;4
9-17-2019 5:00;0
9-17-2019 5:15;4
9-17-2019 5:30;0
9-17-2019 5:45;0
9-17-2019 6:00;24
9-17-2019 6:15;8
9-17-2019 6:30;12
9-17-2019 6:45;8
9-17-2019 7:00;12
9-17-2019 7:15;12
9-17-2019 7:30;8
9-17-2019 7:45;12
9-17-2019 8:00;12
9-17-2019 8:15;4
9-17-2019 8:30;12
9-17-2019 8:45;12
9-17-2019 9:00;4
9-17-2019 9:15;4
9-17-2019 9:30;4
9-17-2019 9:45;4
9-17-2019 10:00;4
9-17-2019 10:15;8
9-17-2019 10:30;4
9-17-2019 10:45;4
9-17-2019 11:00;4
9-17-2019 11:15;4
9-17-2019 11:30;8
9-17-2019 11:45;4
9-17-2019 12:00;4
9-17-2019 12:15;4
9-17-2019 12:30;4
9-17-2019 12:45;8
9-17-2019 13:00;4
9-17-2019 13:15;8
9-17-2019 13:30;4
9-17-2019 13:45;8
9-17-2019 14:00;28
9-17-2019 14:15;48
9-17-2019 14:30;52
9-17-2019 14:45;48
9-17-2019 15:00;48
9-17-2019 15:15;48
9-17-2019 15:30;52
9-17-2019 15:45;48
9-17-2019 16:00;52
9-17-2019 16:15;48
9-17-2019 16:30;52
9-17-2019 16:45;48
9-17-2019 17:00;48
9-17-2019 17:15;48
9-17-2019 17:30;44
9-17-2019 17:45;48
9-17-2019 18:00;48
9-17-2019 18:15;44
9-17-2019 18:30;48
9-17-2019 18:45;44
9-17-2019 19:00;8
9-17-2019 19:15;4
9-17-2019 19:30;8
9-17-2019 19:45;4
9-17-2019 20:00;4
9-17-2019 20:15;8
9-17-2019 20:30;4
9-17-2019 20:45;4
9-17-2019 21:00;0
9-17-2019 21:15;4
9-17-2019 21:30;0
9-17-2019 21:45;4
9-17-2019 22:00;0
9-17-2019 22:15;4
9-17-2019 22:30;0
9-17-2019 22:45;4
9-17-2019 23:00;0
9-17-2019 23:15;4
9-17-2019 23:30;0
9-17-2019 23:45;4
9-18-2019 0:00;0
9-18-2019 0:15;0
9-18-2019 0:30;4
9-18-2019 0:45;0
9-18-2019 1:00;4
9-18-2019 1:15;0
9-18-2019 1:30;4
9-18-2019 1:45;0
9-18-2019 2:00;0
9-18-2019 2:15;4
9-18-2019 2:30;0
9-18-2019 2:45;4
9-18-2019 3:00;0
9-18-2019 3:15;4
9-18-2019 3:30;0
9-18-2019 3:45;0
9-18-2019 4:00;4
9-18-2019 4:15;0
9-18-2019 4:30;4
9-18-2019 4:45;0
9-18-2019 5:00;4
9-18-2019 5:15;0
9-18-2019 5:30;0
9-18-2019 5:45;4
9-18-2019 6:00;20
9-18-2019 6:15;28
9-18-2019 6:30;8
9-18-2019 6:45;12
9-18-2019 7:00;8
9-18-2019 7:15;12
9-18-2019 7:30;8
9-18-2019 7:45;12
9-18-2019 8:00;12
9-18-2019 8:15;8
9-18-2019 8:30;12
9-18-2019 8:45;12
9-18-2019 9:00;4
9-18-2019 9:15;4
9-18-2019 9:30;4
9-18-2019 9:45;4
9-18-2019 10:00;4
9-18-2019 10:15;8
9-18-2019 10:30;4
9-18-2019 10:45;4
9-18-2019 11:00;4
9-18-2019 11:15;4
9-18-2019 11:30;8
9-18-2019 11:45;4
9-18-2019 12:00;4
9-18-2019 12:15;4
9-18-2019 12:30;8
9-18-2019 12:45;4
9-18-2019 13:00;4
9-18-2019 13:15;8
9-18-2019 13:30;4
9-18-2019 13:45;8
9-18-2019 14:00;28
9-18-2019 14:15;48
9-18-2019 14:30;44
9-18-2019 14:45;48
9-18-2019 15:00;48
9-18-2019 15:15;48
9-18-2019 15:30;44
9-18-2019 15:45;48
9-18-2019 16:00;48
9-18-2019 16:15;44
9-18-2019 16:30;44
9-18-2019 16:45;48
9-18-2019 17:00;44
9-18-2019 17:15;44
9-18-2019 17:30;44
9-18-2019 17:45;36
9-18-2019 18:00;36
9-18-2019 18:15;36
9-18-2019 18:30;36
9-18-2019 18:45;36
9-18-2019 19:00;8
9-18-2019 19:15;4
9-18-2019 19:30;4
9-18-2019 19:45;4
9-18-2019 20:00;4
9-18-2019 20:15;4
9-18-2019 20:30;4
9-18-2019 20:45;4
9-18-2019 21:00;4
9-18-2019 21:15;0
9-18-2019 21:30;4
9-18-2019 21:45;0
9-18-2019 22:00;0
9-18-2019 22:15;4
9-18-2019 22:30;0
9-18-2019 22:45;4
9-18-2019 23:00;0
9-18-2019 23:15;4
9-18-2019 23:30;0
9-18-2019 23:45;0
9-19-2019 0:00;4
9-19-2019 0:15;0
9-19-2019 0:30;0
9-19-2019 0:45;4
9-19-2019 1:00;0
9-19-2019 1:15;4
9-19-2019 1:30;0
9-19-2019 1:45;0
9-19-2019 2:00;4
9-19-2019 2:15;0
9-19-2019 2:30;0
9-19-2019 2:45;4
9-19-2019 3:00;0
9-19-2019 3:15;0
9-19-2019 3:30;4
9-19-2019 3:45;0
9-19-2019 4:00;4
9-19-2019 4:15;0
9-19-2019 4:30;0
9-19-2019 4:45;4
9-19-2019 5:00;0
9-19-2019 5:15;0
9-19-2019 5:30;4
9-19-2019 5:45;0
9-19-2019 6:00;28
9-19-2019 6:15;24
9-19-2019 6:30;16
9-19-2019 6:45;12
9-19-2019 7:00;12
9-19-2019 7:15;12
9-19-2019 7:30;16
9-19-2019 7:45;12
9-19-2019 8:00;12
9-19-2019 8:15;4
9-19-2019 8:30;16
9-19-2019 8:45;12
9-19-2019 9:00;4
9-19-2019 9:15;4
9-19-2019 9:30;4
9-19-2019 9:45;4
9-19-2019 10:00;8
9-19-2019 10:15;4
9-19-2019 10:30;4
9-19-2019 10:45;4
9-19-2019 11:00;4
9-19-2019 11:15;4
9-19-2019 11:30;4
9-19-2019 11:45;8
9-19-2019 12:00;4
9-19-2019 12:15;4
9-19-2019 12:30;4
9-19-2019 12:45;4
9-19-2019 13:00;8
9-19-2019 13:15;4
9-19-2019 13:30;4
9-19-2019 13:45;4
9-19-2019 14:00;28
9-19-2019 14:15;44
9-19-2019 14:30;44
9-19-2019 14:45;48
9-19-2019 15:00;44
9-19-2019 15:15;48
9-19-2019 15:30;44
9-19-2019 15:45;44
9-19-2019 16:00;44
9-19-2019 16:15;48
9-19-2019 16:30;44
9-19-2019 16:45;44
9-19-2019 17:00;44
9-19-2019 17:15;44
9-19-2019 17:30;44
9-19-2019 17:45;40
9-19-2019 18:00;36
9-19-2019 18:15;36
9-19-2019 18:30;32
9-19-2019 18:45;12
9-19-2019 19:00;4
9-19-2019 19:15;4
9-19-2019 19:30;4
9-19-2019 19:45;4
9-19-2019 20:00;8
9-19-2019 20:15;4
9-19-2019 20:30;4
9-19-2019 20:45;4
9-19-2019 21:00;0
9-19-2019 21:15;4
9-19-2019 21:30;0
9-19-2019 21:45;0
9-19-2019 22:00;4
9-19-2019 22:15;0
9-19-2019 22:30;4
9-19-2019 22:45;0
9-19-2019 23:00;4
9-19-2019 23:15;0
9-19-2019 23:30;0
9-19-2019 23:45;4
9-20-2019 0:00;0
9-20-2019 0:15;0
9-20-2019 0:30;4
9-20-2019 0:45;0
9-20-2019 1:00;0
9-20-2019 1:15;4
9-20-2019 1:30;0
9-20-2019 1:45;0
9-20-2019 2:00;4
9-20-2019 2:15;0
9-20-2019 2:30;0
9-20-2019 2:45;4
9-20-2019 3:00;0
9-20-2019 3:15;0
9-20-2019 3:30;4
9-20-2019 3:45;0
9-20-2019 4:00;0
9-20-2019 4:15;4
9-20-2019 4:30;0
9-20-2019 4:45;0
9-20-2019 5:00;4
9-20-2019 5:15;0
9-20-2019 5:30;4
9-20-2019 5:45;0
9-20-2019 6:00;24
9-20-2019 6:15;16
9-20-2019 6:30;12
9-20-2019 6:45;8
9-20-2019 7:00;12
9-20-2019 7:15;8
9-20-2019 7:30;12
9-20-2019 7:45;12
9-20-2019 8:00;8
9-20-2019 8:15;12
9-20-2019 8:30;12
9-20-2019 8:45;12
9-20-2019 9:00;4
9-20-2019 9:15;4
9-20-2019 9:30;4
9-20-2019 9:45;4
9-20-2019 10:00;8
9-20-2019 10:15;4
9-20-2019 10:30;4
9-20-2019 10:45;4
9-20-2019 11:00;4
9-20-2019 11:15;4
9-20-2019 11:30;4
9-20-2019 11:45;8
9-20-2019 12:00;4
9-20-2019 12:15;4
9-20-2019 12:30;4
9-20-2019 12:45;4
9-20-2019 13:00;4
9-20-2019 13:15;8
9-20-2019 13:30;4
9-20-2019 13:45;4
9-20-2019 14:00;28
9-20-2019 14:15;44
9-20-2019 14:30;44
9-20-2019 14:45;44
9-20-2019 15:00;44
9-20-2019 15:15;48
9-20-2019 15:30;44
9-20-2019 15:45;44
9-20-2019 16:00;44
9-20-2019 16:15;44
9-20-2019 16:30;44
9-20-2019 16:45;44
9-20-2019 17:00;44
9-20-2019 17:15;44
9-20-2019 17:30;44
9-20-2019 17:45;44
9-20-2019 18:00;44
9-20-2019 18:15;44
9-20-2019 18:30;40
9-20-2019 18:45;20
9-20-2019 19:00;4
9-20-2019 19:15;4
9-20-2019 19:30;4
9-20-2019 19:45;4
9-20-2019 20:00;8
9-20-2019 20:15;4
9-20-2019 20:30;4
9-20-2019 20:45;4
9-20-2019 21:00;0
9-20-2019 21:15;4
9-20-2019 21:30;0
9-20-2019 21:45;4
9-20-2019 22:00;0
9-20-2019 22:15;4
9-20-2019 22:30;0
9-20-2019 22:45;0
9-20-2019 23:00;4
9-20-2019 23:15;0
9-20-2019 23:30;4
9-20-2019 23:45;0
9-21-2019 0:00;0
9-21-2019 0:15;4
9-21-2019 0:30;0
9-21-2019 0:45;4
9-21-2019 1:00;0
9-21-2019 1:15;4
9-21-2019 1:30;0
9-21-2019 1:45;0
9-21-2019 2:00;4
9-21-2019 2:15;0
9-21-2019 2:30;4
9-21-2019 2:45;0
9-21-2019 3:00;0
9-21-2019 3:15;4
9-21-2019 3:30;0
9-21-2019 3:45;4
9-21-2019 4:00;0
9-21-2019 4:15;0
9-21-2019 4:30;4
9-21-2019 4:45;0
9-21-2019 5:00;4
9-21-2019 5:15;0
9-21-2019 5:30;4
9-21-2019 5:45;0
9-21-2019 6:00;8
9-21-2019 6:15;12
9-21-2019 6:30;8
9-21-2019 6:45;12
9-21-2019 7:00;8
9-21-2019 7:15;12
9-21-2019 7:30;8
9-21-2019 7:45;12
9-21-2019 8:00;8
9-21-2019 8:15;12
9-21-2019 8:30;12
9-21-2019 8:45;12
9-21-2019 9:00;8
9-21-2019 9:15;12
9-21-2019 9:30;12
9-21-2019 9:45;12
9-21-2019 10:00;16
9-21-2019 10:15;12
9-21-2019 10:30;12
9-21-2019 10:45;12
9-21-2019 11:00;12
9-21-2019 11:15;12
9-21-2019 11:30;16
9-21-2019 11:45;12
9-21-2019 12:00;12
9-21-2019 12:15;16
9-21-2019 12:30;12
9-21-2019 12:45;12
9-21-2019 13:00;12
9-21-2019 13:15;16
9-21-2019 13:30;12
9-21-2019 13:45;12
9-21-2019 14:00;12
9-21-2019 14:15;16
9-21-2019 14:30;12
9-21-2019 14:45;12
9-21-2019 15:00;0
9-21-2019 15:15;0
9-21-2019 15:30;0
9-21-2019 15:45;0
9-21-2019 16:00;0
9-21-2019 16:15;0
9-21-2019 16:30;0
9-21-2019 16:45;0
9-21-2019 17:00;0
9-21-2019 17:15;0
9-21-2019 17:30;12
9-21-2019 17:45;12
9-21-2019 18:00;16
9-21-2019 18:15;12
9-21-2019 18:30;12
9-21-2019 18:45;12
9-21-2019 19:00;16
9-21-2019 19:15;12
9-21-2019 19:30;12
9-21-2019 19:45;12
9-21-2019 20:00;16
9-21-2019 20:15;12
9-21-2019 20:30;12
9-21-2019 20:45;12
9-21-2019 21:00;12
9-21-2019 21:15;12
9-21-2019 21:30;0
9-21-2019 21:45;4
9-21-2019 22:00;0
9-21-2019 22:15;4
9-21-2019 22:30;0
9-21-2019 22:45;0
9-21-2019 23:00;4
9-21-2019 23:15;0
9-21-2019 23:30;4
9-21-2019 23:45;0
9-22-2019 0:00;0
9-22-2019 0:15;4
9-22-2019 0:30;0
9-22-2019 0:45;4
9-22-2019 1:00;0
9-22-2019 1:15;0
9-22-2019 1:30;4
9-22-2019 1:45;0
9-22-2019 2:00;4
9-22-2019 2:15;0
9-22-2019 2:30;0
9-22-2019 2:45;4
9-22-2019 3:00;0
9-22-2019 3:15;0
9-22-2019 3:30;4
9-22-2019 3:45;0
9-22-2019 4:00;4
9-22-2019 4:15;0
9-22-2019 4:30;0
9-22-2019 4:45;4
9-22-2019 5:00;0
9-22-2019 5:15;0
9-22-2019 5:30;4
9-22-2019 5:45;0
9-22-2019 6:00;20
9-22-2019 6:15;32
9-22-2019 6:30;28
9-22-2019 6:45;16
9-22-2019 7:00;24
9-22-2019 7:15;24
9-22-2019 7:30;12
9-22-2019 7:45;32
9-22-2019 8:00;12
9-22-2019 8:15;8
9-22-2019 8:30;12
9-22-2019 8:45;12
9-22-2019 9:00;12
9-22-2019 9:15;12
9-22-2019 9:30;12
9-22-2019 9:45;16
9-22-2019 10:00;12
9-22-2019 10:15;12
9-22-2019 10:30;12
9-22-2019 10:45;12
9-22-2019 11:00;16
9-22-2019 11:15;12
9-22-2019 11:30;12
9-22-2019 11:45;12
9-22-2019 12:00;16
9-22-2019 12:15;12
9-22-2019 12:30;16
9-22-2019 12:45;16
9-22-2019 13:00;16
9-22-2019 13:15;20
9-22-2019 13:30;20
9-22-2019 13:45;20
9-22-2019 14:00;24
9-22-2019 14:15;32
9-22-2019 14:30;28
9-22-2019 14:45;32
9-22-2019 15:00;28
9-22-2019 15:15;28
9-22-2019 15:30;32
9-22-2019 15:45;28
9-22-2019 16:00;28
9-22-2019 16:15;32
9-22-2019 16:30;28
9-22-2019 16:45;32
9-22-2019 17:00;28
9-22-2019 17:15;28
9-22-2019 17:30;32
9-22-2019 17:45;28
9-22-2019 18:00;28
9-22-2019 18:15;28
9-22-2019 18:30;12
9-22-2019 18:45;12
9-22-2019 19:00;12
9-22-2019 19:15;16
9-22-2019 19:30;12
9-22-2019 19:45;12
9-22-2019 20:00;12
9-22-2019 20:15;12
9-22-2019 20:30;12
9-22-2019 20:45;16
9-22-2019 21:00;8
9-22-2019 21:15;12
9-22-2019 21:30;0
9-22-2019 21:45;4
9-22-2019 22:00;0
9-22-2019 22:15;4
9-22-2019 22:30;0
9-22-2019 22:45;0
9-22-2019 23:00;4
9-22-2019 23:15;0
9-22-2019 23:30;4
9-22-2019 23:45;0
9-23-2019 0:00;0
9-23-2019 0:15;4
9-23-2019 0:30;0
9-23-2019 0:45;4
9-23-2019 1:00;0
9-23-2019 1:15;0
9-23-2019 1:30;4
9-23-2019 1:45;0
9-23-2019 2:00;0
9-23-2019 2:15;4
9-23-2019 2:30;0
9-23-2019 2:45;4
9-23-2019 3:00;0
9-23-2019 3:15;0
9-23-2019 3:30;4
9-23-2019 3:45;0
9-23-2019 4:00;0
9-23-2019 4:15;4
9-23-2019 4:30;0
9-23-2019 4:45;0
9-23-2019 5:00;4
9-23-2019 5:15;0
9-23-2019 5:30;0
9-23-2019 5:45;4
9-23-2019 6:00;20
9-23-2019 6:15;40
9-23-2019 6:30;28
9-23-2019 6:45;24
9-23-2019 7:00;28
9-23-2019 7:15;20
9-23-2019 7:30;28
9-23-2019 7:45;24
9-23-2019 8:00;20
9-23-2019 8:15;28
9-23-2019 8:30;12
9-23-2019 8:45;8
9-23-2019 9:00;4
9-23-2019 9:15;4
9-23-2019 9:30;4
9-23-2019 9:45;4
9-23-2019 10:00;4
9-23-2019 10:15;4
9-23-2019 10:30;4
9-23-2019 10:45;4
9-23-2019 11:00;4
9-23-2019 11:15;4
9-23-2019 11:30;4
9-23-2019 11:45;4
9-23-2019 12:00;8
9-23-2019 12:15;4
9-23-2019 12:30;4
9-23-2019 12:45;4
9-23-2019 13:00;4
9-23-2019 13:15;4
9-23-2019 13:30;8
9-23-2019 13:45;4
9-23-2019 14:00;28
9-23-2019 14:15;44
9-23-2019 14:30;44
9-23-2019 14:45;48
9-23-2019 15:00;44
9-23-2019 15:15;44
9-23-2019 15:30;44
9-23-2019 15:45;44
9-23-2019 16:00;48
9-23-2019 16:15;44
9-23-2019 16:30;48
9-23-2019 16:45;44
9-23-2019 17:00;44
9-23-2019 17:15;40
9-23-2019 17:30;36
9-23-2019 17:45;36
9-23-2019 18:00;40
9-23-2019 18:15;36
9-23-2019 18:30;36
9-23-2019 18:45;36
9-23-2019 19:00;8
9-23-2019 19:15;4
9-23-2019 19:30;4
9-23-2019 19:45;4
9-23-2019 20:00;4
9-23-2019 20:15;4
9-23-2019 20:30;4
9-23-2019 20:45;4
9-23-2019 21:00;4
9-23-2019 21:15;0
9-23-2019 21:30;0
9-23-2019 21:45;4
9-23-2019 22:00;0
9-23-2019 22:15;4
9-23-2019 22:30;0
9-23-2019 22:45;4
9-23-2019 23:00;0
9-23-2019 23:15;0
9-23-2019 23:30;4
9-23-2019 23:45;0
9-24-2019 0:00;0
9-24-2019 0:15;4
9-24-2019 0:30;0
9-24-2019 0:45;0
9-24-2019 1:00;4
9-24-2019 1:15;0
9-24-2019 1:30;0
9-24-2019 1:45;4
9-24-2019 2:00;0
9-24-2019 2:15;0
9-24-2019 2:30;4
9-24-2019 2:45;0
9-24-2019 3:00;0
9-24-2019 3:15;4
9-24-2019 3:30;0
9-24-2019 3:45;0
9-24-2019 4:00;4
9-24-2019 4:15;0
9-24-2019 4:30;0
9-24-2019 4:45;0
9-24-2019 5:00;4
9-24-2019 5:15;0
9-24-2019 5:30;4
9-24-2019 5:45;0
9-24-2019 6:00;24
9-24-2019 6:15;28
9-24-2019 6:30;8
9-24-2019 6:45;12
9-24-2019 7:00;12
9-24-2019 7:15;8
9-24-2019 7:30;12
9-24-2019 7:45;12
9-24-2019 8:00;8
9-24-2019 8:15;12
9-24-2019 8:30;12
9-24-2019 8:45;8
9-24-2019 9:00;8
9-24-2019 9:15;4
9-24-2019 9:30;4
9-24-2019 9:45;4
9-24-2019 10:00;4
9-24-2019 10:15;4
9-24-2019 10:30;4
9-24-2019 10:45;4
9-24-2019 11:00;8
9-24-2019 11:15;4
9-24-2019 11:30;4
9-24-2019 11:45;4
9-24-2019 12:00;4
9-24-2019 12:15;4
9-24-2019 12:30;4
9-24-2019 12:45;8
9-24-2019 13:00;4
9-24-2019 13:15;4
9-24-2019 13:30;4
9-24-2019 13:45;8
9-24-2019 14:00;24
9-24-2019 14:15;44
9-24-2019 14:30;48
9-24-2019 14:45;44
9-24-2019 15:00;44
9-24-2019 15:15;44
9-24-2019 15:30;48
9-24-2019 15:45;44
9-24-2019 16:00;48
9-24-2019 16:15;48
9-24-2019 16:30;48
9-24-2019 16:45;44
9-24-2019 17:00;48
9-24-2019 17:15;48
9-24-2019 17:30;44
9-24-2019 17:45;44
9-24-2019 18:00;48
9-24-2019 18:15;44
9-24-2019 18:30;44
9-24-2019 18:45;44
9-24-2019 19:00;8
9-24-2019 19:15;4
9-24-2019 19:30;4
9-24-2019 19:45;4
9-24-2019 20:00;4
9-24-2019 20:15;4
9-24-2019 20:30;4
9-24-2019 20:45;4
9-24-2019 21:00;4
9-24-2019 21:15;0
9-24-2019 21:30;4
9-24-2019 21:45;0
9-24-2019 22:00;4
9-24-2019 22:15;0
9-24-2019 22:30;0
9-24-2019 22:45;4
9-24-2019 23:00;0
9-24-2019 23:15;4
9-24-2019 23:30;0
9-24-2019 23:45;4
9-25-2019 0:00;0
9-25-2019 0:15;4
9-25-2019 0:30;0
9-25-2019 0:45;0
9-25-2019 1:00;4
9-25-2019 1:15;0
9-25-2019 1:30;0
9-25-2019 1:45;4
9-25-2019 2:00;0
9-25-2019 2:15;0
9-25-2019 2:30;4
9-25-2019 2:45;0
9-25-2019 3:00;0
9-25-2019 3:15;4
9-25-2019 3:30;0
9-25-2019 3:45;0
9-25-2019 4:00;4
9-25-2019 4:15;0
9-25-2019 4:30;0
9-25-2019 4:45;0
9-25-2019 5:00;4
9-25-2019 5:15;0
9-25-2019 5:30;4
9-25-2019 5:45;0
9-25-2019 6:00;24
9-25-2019 6:15;32
9-25-2019 6:30;12
9-25-2019 6:45;20
9-25-2019 7:00;28
9-25-2019 7:15;12
9-25-2019 7:30;8
9-25-2019 7:45;12
9-25-2019 8:00;8
9-25-2019 8:15;12
9-25-2019 8:30;12
9-25-2019 8:45;8
9-25-2019 9:00;4
9-25-2019 9:15;4
9-25-2019 9:30;4
9-25-2019 9:45;4
9-25-2019 10:00;8
9-25-2019 10:15;4
9-25-2019 10:30;4
9-25-2019 10:45;4
9-25-2019 11:00;4
9-25-2019 11:15;4
9-25-2019 11:30;4
9-25-2019 11:45;4
9-25-2019 12:00;8
9-25-2019 12:15;4
9-25-2019 12:30;4
9-25-2019 12:45;4
9-25-2019 13:00;4
9-25-2019 13:15;4
9-25-2019 13:30;8
9-25-2019 13:45;4
9-25-2019 14:00;28
9-25-2019 14:15;44
9-25-2019 14:30;44
9-25-2019 14:45;44
9-25-2019 15:00;48
9-25-2019 15:15;40
9-25-2019 15:30;40
9-25-2019 15:45;36
9-25-2019 16:00;40
9-25-2019 16:15;36
9-25-2019 16:30;40
9-25-2019 16:45;36
9-25-2019 17:00;40
9-25-2019 17:15;36
9-25-2019 17:30;36
9-25-2019 17:45;36
9-25-2019 18:00;36
9-25-2019 18:15;36
9-25-2019 18:30;32
9-25-2019 18:45;16
9-25-2019 19:00;4
9-25-2019 19:15;4
9-25-2019 19:30;4
9-25-2019 19:45;4
9-25-2019 20:00;4
9-25-2019 20:15;4
9-25-2019 20:30;4
9-25-2019 20:45;8
9-25-2019 21:00;0
9-25-2019 21:15;0
9-25-2019 21:30;4
9-25-2019 21:45;0
9-25-2019 22:00;4
9-25-2019 22:15;0
9-25-2019 22:30;4
9-25-2019 22:45;0
9-25-2019 23:00;0
9-25-2019 23:15;4
9-25-2019 23:30;0
9-25-2019 23:45;4
9-26-2019 0:00;0
9-26-2019 0:15;4
9-26-2019 0:30;0
9-26-2019 0:45;0
9-26-2019 1:00;4
9-26-2019 1:15;0
9-26-2019 1:30;4
9-26-2019 1:45;0
9-26-2019 2:00;0
9-26-2019 2:15;4
9-26-2019 2:30;0
9-26-2019 2:45;4
9-26-2019 3:00;0
9-26-2019 3:15;0
9-26-2019 3:30;4
9-26-2019 3:45;0
9-26-2019 4:00;4
9-26-2019 4:15;0
9-26-2019 4:30;0
9-26-2019 4:45;4
9-26-2019 5:00;0
9-26-2019 5:15;4
9-26-2019 5:30;0
9-26-2019 5:45;0
9-26-2019 6:00;24
9-26-2019 6:15;32
9-26-2019 6:30;16
9-26-2019 6:45;12
9-26-2019 7:00;12
9-26-2019 7:15;12
9-26-2019 7:30;20
9-26-2019 7:45;32
9-26-2019 8:00;16
9-26-2019 8:15;12
9-26-2019 8:30;12
9-26-2019 8:45;12
9-26-2019 9:00;8
9-26-2019 9:15;4
9-26-2019 9:30;0
9-26-2019 9:45;0
9-26-2019 10:00;0
9-26-2019 10:15;0
9-26-2019 10:30;0
9-26-2019 10:45;0
9-26-2019 11:00;0
9-26-2019 11:15;0
9-26-2019 11:30;0
9-26-2019 11:45;0
9-26-2019 12:00;0
9-26-2019 12:15;0
9-26-2019 12:30;0
9-26-2019 12:45;0
9-26-2019 13:00;0
9-26-2019 13:15;0
9-26-2019 13:30;0
9-26-2019 13:45;0
9-26-2019 14:00;0
9-26-2019 14:15;0
9-26-2019 14:30;0
9-26-2019 14:45;0
9-26-2019 15:00;0
9-26-2019 15:15;0
9-26-2019 15:30;0
9-26-2019 15:45;0
9-26-2019 16:00;0
9-26-2019 16:15;0
9-26-2019 16:30;0
9-26-2019 16:45;0
9-26-2019 17:00;0
9-26-2019 17:15;0
9-26-2019 17:30;0
9-26-2019 17:45;0
9-26-2019 18:00;0
9-26-2019 18:15;0
9-26-2019 18:30;0
9-26-2019 18:45;0
9-26-2019 19:00;0
9-26-2019 19:15;0
9-26-2019 19:30;0
9-26-2019 19:45;0
9-26-2019 20:00;0
9-26-2019 20:15;0
9-26-2019 20:30;0
9-26-2019 20:45;0
9-26-2019 21:00;0
9-26-2019 21:15;0
9-26-2019 21:30;0
9-26-2019 21:45;0
9-26-2019 22:00;0
9-26-2019 22:15;0
9-26-2019 22:30;0
9-26-2019 22:45;0
9-26-2019 23:00;0
9-26-2019 23:15;0
9-26-2019 23:30;0
9-26-2019 23:45;0
9-27-2019 0:00;0
9-27-2019 0:15;0
9-27-2019 0:30;0
9-27-2019 0:45;0
9-27-2019 1:00;0
9-27-2019 1:15;0
9-27-2019 1:30;0
9-27-2019 1:45;0
9-27-2019 2:00;0
9-27-2019 2:15;0
9-27-2019 2:30;0
9-27-2019 2:45;0
9-27-2019 3:00;0
9-27-2019 3:15;0
9-27-2019 3:30;0
9-27-2019 3:45;0
9-27-2019 4:00;0
9-27-2019 4:15;0
9-27-2019 4:30;0
9-27-2019 4:45;0
9-27-2019 5:00;0
9-27-2019 5:15;0
9-27-2019 5:30;0
9-27-2019 5:45;0
9-27-2019 6:00;0
9-27-2019 6:15;0
9-27-2019 6:30;0
9-27-2019 6:45;0
9-27-2019 7:00;0
9-27-2019 7:15;0
9-27-2019 7:30;0
9-27-2019 7:45;0
9-27-2019 8:00;0
9-27-2019 8:15;0
9-27-2019 8:30;0
9-27-2019 8:45;0
9-27-2019 9:00;0
9-27-2019 9:15;0
9-27-2019 9:30;0
9-27-2019 9:45;0
9-27-2019 10:00;0
9-27-2019 10:15;0
9-27-2019 10:30;0
9-27-2019 10:45;0
9-27-2019 11:00;0
9-27-2019 11:15;0
9-27-2019 11:30;0
9-27-2019 11:45;0
9-27-2019 12:00;0
9-27-2019 12:15;0
9-27-2019 12:30;0
9-27-2019 12:45;0
9-27-2019 13:00;0
9-27-2019 13:15;0
9-27-2019 13:30;0
9-27-2019 13:45;0
9-27-2019 14:00;0
9-27-2019 14:15;0
9-27-2019 14:30;0
9-27-2019 14:45;0
9-27-2019 15:00;0
9-27-2019 15:15;0
9-27-2019 15:30;0
9-27-2019 15:45;0
9-27-2019 16:00;0
9-27-2019 16:15;0
9-27-2019 16:30;0
9-27-2019 16:45;0
9-27-2019 17:00;0
9-27-2019 17:15;0
9-27-2019 17:30;0
9-27-2019 17:45;0
9-27-2019 18:00;0
9-27-2019 18:15;0
9-27-2019 18:30;0
9-27-2019 18:45;0
9-27-2019 19:00;0
9-27-2019 19:15;0
9-27-2019 19:30;0
9-27-2019 19:45;0
9-27-2019 20:00;0
9-27-2019 20:15;0
9-27-2019 20:30;0
9-27-2019 20:45;0
9-27-2019 21:00;0
9-27-2019 21:15;0
9-27-2019 21:30;0
9-27-2019 21:45;0
9-27-2019 22:00;0
9-27-2019 22:15;0
9-27-2019 22:30;0
9-27-2019 22:45;0
9-27-2019 23:00;0
9-27-2019 23:15;0
9-27-2019 23:30;0
9-27-2019 23:45;0
9-28-2019 0:00;0
9-28-2019 0:15;0
9-28-2019 0:30;0
9-28-2019 0:45;0
9-28-2019 1:00;0
9-28-2019 1:15;0
9-28-2019 1:30;0
9-28-2019 1:45;0
9-28-2019 2:00;0
9-28-2019 2:15;0
9-28-2019 2:30;0
9-28-2019 2:45;0
9-28-2019 3:00;0
9-28-2019 3:15;0
9-28-2019 3:30;0
9-28-2019 3:45;0
9-28-2019 4:00;0
9-28-2019 4:15;0
9-28-2019 4:30;0
9-28-2019 4:45;0
9-28-2019 5:00;0
9-28-2019 5:15;0
9-28-2019 5:30;0
9-28-2019 5:45;0
9-28-2019 6:00;0
9-28-2019 6:15;0
9-28-2019 6:30;0
9-28-2019 6:45;0
9-28-2019 7:00;0
9-28-2019 7:15;0
9-28-2019 7:30;0
9-28-2019 7:45;0
9-28-2019 8:00;0
9-28-2019 8:15;0
9-28-2019 8:30;0
9-28-2019 8:45;0
9-28-2019 9:00;0
9-28-2019 9:15;0
9-28-2019 9:30;0
9-28-2019 9:45;0
9-28-2019 10:00;0
9-28-2019 10:15;0
9-28-2019 10:30;0
9-28-2019 10:45;0
9-28-2019 11:00;0
9-28-2019 11:15;0
9-28-2019 11:30;0
9-28-2019 11:45;0
9-28-2019 12:00;0
9-28-2019 12:15;0
9-28-2019 12:30;0
9-28-2019 12:45;0
9-28-2019 13:00;0
9-28-2019 13:15;0
9-28-2019 13:30;0
9-28-2019 13:45;0
9-28-2019 14:00;0
9-28-2019 14:15;0
9-28-2019 14:30;0
9-28-2019 14:45;0
9-28-2019 15:00;0
9-28-2019 15:15;0
9-28-2019 15:30;0
9-28-2019 15:45;0
9-28-2019 16:00;0
9-28-2019 16:15;0
9-28-2019 16:30;0
9-28-2019 16:45;0
9-28-2019 17:00;0
9-28-2019 17:15;0
9-28-2019 17:30;0
9-28-2019 17:45;0
9-28-2019 18:00;0
9-28-2019 18:15;0
9-28-2019 18:30;0
9-28-2019 18:45;0
9-28-2019 19:00;0
9-28-2019 19:15;0
9-28-2019 19:30;0
9-28-2019 19:45;0
9-28-2019 20:00;0
9-28-2019 20:15;0
9-28-2019 20:30;0
9-28-2019 20:45;0
9-28-2019 21:00;0
9-28-2019 21:15;0
9-28-2019 21:30;0
9-28-2019 21:45;0
9-28-2019 22:00;0
9-28-2019 22:15;0
9-28-2019 22:30;0
9-28-2019 22:45;0
9-28-2019 23:00;0
9-28-2019 23:15;0
9-28-2019 23:30;0
9-28-2019 23:45;0
9-29-2019 0:00;0
9-29-2019 0:15;0
9-29-2019 0:30;0
9-29-2019 0:45;0
9-29-2019 1:00;0
9-29-2019 1:15;0
9-29-2019 1:30;0
9-29-2019 1:45;0
9-29-2019 2:00;0
9-29-2019 2:15;0
9-29-2019 2:30;0
9-29-2019 2:45;0
9-29-2019 3:00;0
9-29-2019 3:15;0
9-29-2019 3:30;0
9-29-2019 3:45;0
9-29-2019 4:00;0
9-29-2019 4:15;0
9-29-2019 4:30;0
9-29-2019 4:45;0
9-29-2019 5:00;0
9-29-2019 5:15;0
9-29-2019 5:30;0
9-29-2019 5:45;0
9-29-2019 6:00;0
9-29-2019 6:15;0
9-29-2019 6:30;0
9-29-2019 6:45;0
9-29-2019 7:00;0
9-29-2019 7:15;0
9-29-2019 7:30;0
9-29-2019 7:45;0
9-29-2019 8:00;0
9-29-2019 8:15;0
9-29-2019 8:30;0
9-29-2019 8:45;0
9-29-2019 9:00;0
9-29-2019 9:15;0
9-29-2019 9:30;0
9-29-2019 9:45;0
9-29-2019 10:00;0
9-29-2019 10:15;0
9-29-2019 10:30;0
9-29-2019 10:45;0
9-29-2019 11:00;0
9-29-2019 11:15;0
9-29-2019 11:30;0
9-29-2019 11:45;0
9-29-2019 12:00;0
9-29-2019 12:15;0
9-29-2019 12:30;0
9-29-2019 12:45;0
9-29-2019 13:00;0
9-29-2019 13:15;0
9-29-2019 13:30;0
9-29-2019 13:45;0
9-29-2019 14:00;0
9-29-2019 14:15;0
9-29-2019 14:30;0
9-29-2019 14:45;0
9-29-2019 15:00;0
9-29-2019 15:15;0
9-29-2019 15:30;0
9-29-2019 15:45;0
9-29-2019 16:00;0
9-29-2019 16:15;0
9-29-2019 16:30;0
9-29-2019 16:45;0
9-29-2019 17:00;0
9-29-2019 17:15;0
9-29-2019 17:30;0
9-29-2019 17:45;0
9-29-2019 18:00;0
9-29-2019 18:15;0
9-29-2019 18:30;0
9-29-2019 18:45;0
9-29-2019 19:00;0
9-29-2019 19:15;0
9-29-2019 19:30;0
9-29-2019 19:45;0
9-29-2019 20:00;0
9-29-2019 20:15;0
9-29-2019 20:30;0
9-29-2019 20:45;0
9-29-2019 21:00;0
9-29-2019 21:15;0
9-29-2019 21:30;0
9-29-2019 21:45;0
9-29-2019 22:00;0
9-29-2019 22:15;0
9-29-2019 22:30;0
9-29-2019 22:45;0
9-29-2019 23:00;0
9-29-2019 23:15;0
9-29-2019 23:30;0
9-29-2019 23:45;0
9-30-2019 0:00;0
9-30-2019 0:15;0
9-30-2019 0:30;0
9-30-2019 0:45;0
9-30-2019 1:00;0
9-30-2019 1:15;0
9-30-2019 1:30;0
9-30-2019 1:45;0
9-30-2019 2:00;0
9-30-2019 2:15;0
9-30-2019 2:30;0
9-30-2019 2:45;0
9-30-2019 3:00;0
9-30-2019 3:15;0
9-30-2019 3:30;0
9-30-2019 3:45;0
9-30-2019 4:00;0
9-30-2019 4:15;0
9-30-2019 4:30;0
9-30-2019 4:45;0
9-30-2019 5:00;0
9-30-2019 5:15;0
9-30-2019 5:30;0
9-30-2019 5:45;0
9-30-2019 6:00;0
9-30-2019 6:15;0
9-30-2019 6:30;0
9-30-2019 6:45;0
9-30-2019 7:00;0
9-30-2019 7:15;0
9-30-2019 7:30;0
9-30-2019 7:45;0
9-30-2019 8:00;0
9-30-2019 8:15;0
9-30-2019 8:30;0
9-30-2019 8:45;0
9-30-2019 9:00;0
9-30-2019 9:15;0
9-30-2019 9:30;0
9-30-2019 9:45;0
9-30-2019 10:00;0
9-30-2019 10:15;0
9-30-2019 10:30;0
9-30-2019 10:45;0
9-30-2019 11:00;0
9-30-2019 11:15;0
9-30-2019 11:30;0
9-30-2019 11:45;0
9-30-2019 12:00;0
9-30-2019 12:15;0
9-30-2019 12:30;0
9-30-2019 12:45;0
9-30-2019 13:00;0
9-30-2019 13:15;0
9-30-2019 13:30;0
9-30-2019 13:45;0
9-30-2019 14:00;0
9-30-2019 14:15;0
9-30-2019 14:30;0
9-30-2019 14:45;0
9-30-2019 15:00;0
9-30-2019 15:15;0
9-30-2019 15:30;0
9-30-2019 15:45;0
9-30-2019 16:00;0
9-30-2019 16:15;0
9-30-2019 16:30;0
9-30-2019 16:45;0
9-30-2019 17:00;0
9-30-2019 17:15;0
9-30-2019 17:30;0
9-30-2019 17:45;0
9-30-2019 18:00;0
9-30-2019 18:15;0
9-30-2019 18:30;0
9-30-2019 18:45;0
9-30-2019 19:00;0
9-30-2019 19:15;0
9-30-2019 19:30;0
9-30-2019 19:45;0
9-30-2019 20:00;0
9-30-2019 20:15;0
9-30-2019 20:30;0
9-30-2019 20:45;0
9-30-2019 21:00;0
9-30-2019 21:15;0
9-30-2019 21:30;0
9-30-2019 21:45;0
9-30-2019 22:00;0
9-30-2019 22:15;0
9-30-2019 22:30;0
9-30-2019 22:45;0
9-30-2019 23:00;0
9-30-2019 23:15;0
9-30-2019 23:30;0
9-30-2019 23:45;0
10-1-2019 0:00;0
10-1-2019 0:15;0
10-1-2019 0:30;0
10-1-2019 0:45;0
10-1-2019 1:00;0
10-1-2019 1:15;0
10-1-2019 1:30;0
10-1-2019 1:45;0
10-1-2019 2:00;0
10-1-2019 2:15;0
10-1-2019 2:30;0
10-1-2019 2:45;0
10-1-2019 3:00;0
10-1-2019 3:15;0
10-1-2019 3:30;0
10-1-2019 3:45;0
10-1-2019 4:00;0
10-1-2019 4:15;0
10-1-2019 4:30;0
10-1-2019 4:45;0
10-1-2019 5:00;0
10-1-2019 5:15;0
10-1-2019 5:30;0
10-1-2019 5:45;0
10-1-2019 6:00;0
10-1-2019 6:15;0
10-1-2019 6:30;0
10-1-2019 6:45;0
10-1-2019 7:00;0
10-1-2019 7:15;0
10-1-2019 7:30;0
10-1-2019 7:45;0
10-1-2019 8:00;0
10-1-2019 8:15;0
10-1-2019 8:30;0
10-1-2019 8:45;0
10-1-2019 9:00;0
10-1-2019 9:15;0
10-1-2019 9:30;0
10-1-2019 9:45;0
10-1-2019 10:00;0
10-1-2019 10:15;0
10-1-2019 10:30;0
10-1-2019 10:45;0
10-1-2019 11:00;0
10-1-2019 11:15;0
10-1-2019 11:30;0
10-1-2019 11:45;0
10-1-2019 12:00;0
10-1-2019 12:15;0
10-1-2019 12:30;0
10-1-2019 12:45;0
10-1-2019 13:00;0
10-1-2019 13:15;0
10-1-2019 13:30;0
10-1-2019 13:45;0
10-1-2019 14:00;0
10-1-2019 14:15;0
10-1-2019 14:30;0
10-1-2019 14:45;0
10-1-2019 15:00;0
10-1-2019 15:15;0
10-1-2019 15:30;0
10-1-2019 15:45;0
10-1-2019 16:00;0
10-1-2019 16:15;0
10-1-2019 16:30;0
10-1-2019 16:45;0
10-1-2019 17:00;0
10-1-2019 17:15;0
10-1-2019 17:30;0
10-1-2019 17:45;0
10-1-2019 18:00;0
10-1-2019 18:15;0
10-1-2019 18:30;0
10-1-2019 18:45;0
10-1-2019 19:00;0
10-1-2019 19:15;0
10-1-2019 19:30;0
10-1-2019 19:45;0
10-1-2019 20:00;0
10-1-2019 20:15;0
10-1-2019 20:30;0
10-1-2019 20:45;0
10-1-2019 21:00;0
10-1-2019 21:15;0
10-1-2019 21:30;0
10-1-2019 21:45;0
10-1-2019 22:00;0
10-1-2019 22:15;0
10-1-2019 22:30;0
10-1-2019 22:45;0
10-1-2019 23:00;0
10-1-2019 23:15;0
10-1-2019 23:30;0
10-1-2019 23:45;0
10-2-2019 0:00;0
10-2-2019 0:15;0
10-2-2019 0:30;0
10-2-2019 0:45;0
10-2-2019 1:00;0
10-2-2019 1:15;0
10-2-2019 1:30;0
10-2-2019 1:45;0
10-2-2019 2:00;0
10-2-2019 2:15;0
10-2-2019 2:30;0
10-2-2019 2:45;0
10-2-2019 3:00;0
10-2-2019 3:15;0
10-2-2019 3:30;0
10-2-2019 3:45;0
10-2-2019 4:00;0
10-2-2019 4:15;0
10-2-2019 4:30;0
10-2-2019 4:45;0
10-2-2019 5:00;0
10-2-2019 5:15;0
10-2-2019 5:30;0
10-2-2019 5:45;0
10-2-2019 6:00;0
10-2-2019 6:15;0
10-2-2019 6:30;0
10-2-2019 6:45;0
10-2-2019 7:00;0
10-2-2019 7:15;0
10-2-2019 7:30;0
10-2-2019 7:45;0
10-2-2019 8:00;0
10-2-2019 8:15;0
10-2-2019 8:30;0
10-2-2019 8:45;0
10-2-2019 9:00;0
10-2-2019 9:15;0
10-2-2019 9:30;0
10-2-2019 9:45;0
10-2-2019 10:00;0
10-2-2019 10:15;0
10-2-2019 10:30;0
10-2-2019 10:45;0
10-2-2019 11:00;0
10-2-2019 11:15;0
10-2-2019 11:30;0
10-2-2019 11:45;0
10-2-2019 12:00;0
10-2-2019 12:15;0
10-2-2019 12:30;0
10-2-2019 12:45;0
10-2-2019 13:00;0
10-2-2019 13:15;0
10-2-2019 13:30;0
10-2-2019 13:45;0
10-2-2019 14:00;0
10-2-2019 14:15;0
10-2-2019 14:30;0
10-2-2019 14:45;0
10-2-2019 15:00;0
10-2-2019 15:15;0
10-2-2019 15:30;0
10-2-2019 15:45;0
10-2-2019 16:00;0
10-2-2019 16:15;0
10-2-2019 16:30;0
10-2-2019 16:45;0
10-2-2019 17:00;0
10-2-2019 17:15;0
10-2-2019 17:30;0
10-2-2019 17:45;0
10-2-2019 18:00;0
10-2-2019 18:15;0
10-2-2019 18:30;0
10-2-2019 18:45;0
10-2-2019 19:00;0
10-2-2019 19:15;0
10-2-2019 19:30;0
10-2-2019 19:45;0
10-2-2019 20:00;0
10-2-2019 20:15;0
10-2-2019 20:30;0
10-2-2019 20:45;0
10-2-2019 21:00;0
10-2-2019 21:15;0
10-2-2019 21:30;0
10-2-2019 21:45;0
10-2-2019 22:00;0
10-2-2019 22:15;0
10-2-2019 22:30;0
10-2-2019 22:45;0
10-2-2019 23:00;0
10-2-2019 23:15;0
10-2-2019 23:30;0
10-2-2019 23:45;0
10-3-2019 0:00;0
10-3-2019 0:15;0
10-3-2019 0:30;0
10-3-2019 0:45;0
10-3-2019 1:00;0
10-3-2019 1:15;0
10-3-2019 1:30;0
10-3-2019 1:45;0
10-3-2019 2:00;0
10-3-2019 2:15;0
10-3-2019 2:30;0
10-3-2019 2:45;0
10-3-2019 3:00;0
10-3-2019 3:15;0
10-3-2019 3:30;0
10-3-2019 3:45;0
10-3-2019 4:00;0
10-3-2019 4:15;0
10-3-2019 4:30;0
10-3-2019 4:45;0
10-3-2019 5:00;0
10-3-2019 5:15;0
10-3-2019 5:30;0
10-3-2019 5:45;0
10-3-2019 6:00;0
10-3-2019 6:15;0
10-3-2019 6:30;0
10-3-2019 6:45;0
10-3-2019 7:00;0
10-3-2019 7:15;0
10-3-2019 7:30;0
10-3-2019 7:45;0
10-3-2019 8:00;0
10-3-2019 8:15;0
10-3-2019 8:30;0
10-3-2019 8:45;0
10-3-2019 9:00;0
10-3-2019 9:15;0
10-3-2019 9:30;0
10-3-2019 9:45;0
10-3-2019 10:00;0
10-3-2019 10:15;0
10-3-2019 10:30;0
10-3-2019 10:45;0
10-3-2019 11:00;0
10-3-2019 11:15;0
10-3-2019 11:30;0
10-3-2019 11:45;0
10-3-2019 12:00;0
10-3-2019 12:15;0
10-3-2019 12:30;0
10-3-2019 12:45;0
10-3-2019 13:00;0
10-3-2019 13:15;0
10-3-2019 13:30;0
10-3-2019 13:45;0
10-3-2019 14:00;0
10-3-2019 14:15;0
10-3-2019 14:30;0
10-3-2019 14:45;0
10-3-2019 15:00;0
10-3-2019 15:15;0
10-3-2019 15:30;0
10-3-2019 15:45;0
10-3-2019 16:00;0
10-3-2019 16:15;0
10-3-2019 16:30;0
10-3-2019 16:45;0
10-3-2019 17:00;0
10-3-2019 17:15;0
10-3-2019 17:30;0
10-3-2019 17:45;0
10-3-2019 18:00;0
10-3-2019 18:15;0
10-3-2019 18:30;0
10-3-2019 18:45;0
10-3-2019 19:00;0
10-3-2019 19:15;0
10-3-2019 19:30;0
10-3-2019 19:45;0
10-3-2019 20:00;0
10-3-2019 20:15;0
10-3-2019 20:30;0
10-3-2019 20:45;0
10-3-2019 21:00;0
10-3-2019 21:15;0
10-3-2019 21:30;0
10-3-2019 21:45;0
10-3-2019 22:00;0
10-3-2019 22:15;0
10-3-2019 22:30;0
10-3-2019 22:45;0
10-3-2019 23:00;0
10-3-2019 23:15;0
10-3-2019 23:30;0
10-3-2019 23:45;0
10-4-2019 0:00;0
10-4-2019 0:15;0
10-4-2019 0:30;0
10-4-2019 0:45;0
10-4-2019 1:00;0
10-4-2019 1:15;0
10-4-2019 1:30;0
10-4-2019 1:45;0
10-4-2019 2:00;0
10-4-2019 2:15;0
10-4-2019 2:30;0
10-4-2019 2:45;0
10-4-2019 3:00;0
10-4-2019 3:15;0
10-4-2019 3:30;0
10-4-2019 3:45;0
10-4-2019 4:00;0
10-4-2019 4:15;0
10-4-2019 4:30;0
10-4-2019 4:45;0
10-4-2019 5:00;0
10-4-2019 5:15;0
10-4-2019 5:30;0
10-4-2019 5:45;0
10-4-2019 6:00;0
10-4-2019 6:15;0
10-4-2019 6:30;0
10-4-2019 6:45;0
10-4-2019 7:00;0
10-4-2019 7:15;0
10-4-2019 7:30;0
10-4-2019 7:45;0
10-4-2019 8:00;0
10-4-2019 8:15;0
10-4-2019 8:30;0
10-4-2019 8:45;0
10-4-2019 9:00;0
10-4-2019 9:15;0
10-4-2019 9:30;0
10-4-2019 9:45;0
10-4-2019 10:00;0
10-4-2019 10:15;0
10-4-2019 10:30;0
10-4-2019 10:45;0
10-4-2019 11:00;0
10-4-2019 11:15;0
10-4-2019 11:30;0
10-4-2019 11:45;0
10-4-2019 12:00;0
10-4-2019 12:15;0
10-4-2019 12:30;0
10-4-2019 12:45;0
10-4-2019 13:00;0
10-4-2019 13:15;0
10-4-2019 13:30;0
10-4-2019 13:45;0
10-4-2019 14:00;0
10-4-2019 14:15;0
10-4-2019 14:30;0
10-4-2019 14:45;0
10-4-2019 15:00;0
10-4-2019 15:15;0
10-4-2019 15:30;0
10-4-2019 15:45;0
10-4-2019 16:00;0
10-4-2019 16:15;0
10-4-2019 16:30;0
10-4-2019 16:45;0
10-4-2019 17:00;0
10-4-2019 17:15;0
10-4-2019 17:30;0
10-4-2019 17:45;0
10-4-2019 18:00;0
10-4-2019 18:15;0
10-4-2019 18:30;0
10-4-2019 18:45;0
10-4-2019 19:00;0
10-4-2019 19:15;0
10-4-2019 19:30;0
10-4-2019 19:45;0
10-4-2019 20:00;0
10-4-2019 20:15;0
10-4-2019 20:30;0
10-4-2019 20:45;0
10-4-2019 21:00;0
10-4-2019 21:15;0
10-4-2019 21:30;0
10-4-2019 21:45;0
10-4-2019 22:00;0
10-4-2019 22:15;0
10-4-2019 22:30;0
10-4-2019 22:45;0
10-4-2019 23:00;0
10-4-2019 23:15;0
10-4-2019 23:30;0
10-4-2019 23:45;0
10-5-2019 0:00;0
10-5-2019 0:15;0
10-5-2019 0:30;0
10-5-2019 0:45;0
10-5-2019 1:00;0
10-5-2019 1:15;0
10-5-2019 1:30;0
10-5-2019 1:45;0
10-5-2019 2:00;0
10-5-2019 2:15;0
10-5-2019 2:30;0
10-5-2019 2:45;0
10-5-2019 3:00;0
10-5-2019 3:15;0
10-5-2019 3:30;0
10-5-2019 3:45;0
10-5-2019 4:00;0
10-5-2019 4:15;0
10-5-2019 4:30;0
10-5-2019 4:45;0
10-5-2019 5:00;0
10-5-2019 5:15;0
10-5-2019 5:30;0
10-5-2019 5:45;0
10-5-2019 6:00;0
10-5-2019 6:15;0
10-5-2019 6:30;0
10-5-2019 6:45;0
10-5-2019 7:00;0
10-5-2019 7:15;0
10-5-2019 7:30;0
10-5-2019 7:45;0
10-5-2019 8:00;0
10-5-2019 8:15;0
10-5-2019 8:30;0
10-5-2019 8:45;0
10-5-2019 9:00;0
10-5-2019 9:15;0
10-5-2019 9:30;0
10-5-2019 9:45;0
10-5-2019 10:00;0
10-5-2019 10:15;0
10-5-2019 10:30;0
10-5-2019 10:45;0
10-5-2019 11:00;0
10-5-2019 11:15;0
10-5-2019 11:30;0
10-5-2019 11:45;0
10-5-2019 12:00;0
10-5-2019 12:15;0
10-5-2019 12:30;0
10-5-2019 12:45;0
10-5-2019 13:00;0
10-5-2019 13:15;0
10-5-2019 13:30;0
10-5-2019 13:45;0
10-5-2019 14:00;0
10-5-2019 14:15;0
10-5-2019 14:30;0
10-5-2019 14:45;0
10-5-2019 15:00;0
10-5-2019 15:15;0
10-5-2019 15:30;0
10-5-2019 15:45;0
10-5-2019 16:00;0
10-5-2019 16:15;0
10-5-2019 16:30;0
10-5-2019 16:45;0
10-5-2019 17:00;0
10-5-2019 17:15;0
10-5-2019 17:30;0
10-5-2019 17:45;0
10-5-2019 18:00;0
10-5-2019 18:15;0
10-5-2019 18:30;0
10-5-2019 18:45;0
10-5-2019 19:00;0
10-5-2019 19:15;0
10-5-2019 19:30;0
10-5-2019 19:45;0
10-5-2019 20:00;0
10-5-2019 20:15;0
10-5-2019 20:30;0
10-5-2019 20:45;0
10-5-2019 21:00;0
10-5-2019 21:15;0
10-5-2019 21:30;0
10-5-2019 21:45;0
10-5-2019 22:00;0
10-5-2019 22:15;0
10-5-2019 22:30;0
10-5-2019 22:45;0
10-5-2019 23:00;0
10-5-2019 23:15;0
10-5-2019 23:30;0
10-5-2019 23:45;0
10-6-2019 0:00;0
10-6-2019 0:15;0
10-6-2019 0:30;0
10-6-2019 0:45;0
10-6-2019 1:00;0
10-6-2019 1:15;0
10-6-2019 1:30;0
10-6-2019 1:45;0
10-6-2019 2:00;0
10-6-2019 2:15;0
10-6-2019 2:30;0
10-6-2019 2:45;0
10-6-2019 3:00;0
10-6-2019 3:15;0
10-6-2019 3:30;0
10-6-2019 3:45;0
10-6-2019 4:00;0
10-6-2019 4:15;0
10-6-2019 4:30;0
10-6-2019 4:45;0
10-6-2019 5:00;0
10-6-2019 5:15;0
10-6-2019 5:30;0
10-6-2019 5:45;0
10-6-2019 6:00;0
10-6-2019 6:15;0
10-6-2019 6:30;0
10-6-2019 6:45;0
10-6-2019 7:00;0
10-6-2019 7:15;0
10-6-2019 7:30;0
10-6-2019 7:45;0
10-6-2019 8:00;0
10-6-2019 8:15;0
10-6-2019 8:30;0
10-6-2019 8:45;0
10-6-2019 9:00;0
10-6-2019 9:15;0
10-6-2019 9:30;0
10-6-2019 9:45;0
10-6-2019 10:00;0
10-6-2019 10:15;0
10-6-2019 10:30;0
10-6-2019 10:45;0
10-6-2019 11:00;0
10-6-2019 11:15;0
10-6-2019 11:30;0
10-6-2019 11:45;0
10-6-2019 12:00;0
10-6-2019 12:15;0
10-6-2019 12:30;0
10-6-2019 12:45;0
10-6-2019 13:00;0
10-6-2019 13:15;0
10-6-2019 13:30;0
10-6-2019 13:45;0
10-6-2019 14:00;0
10-6-2019 14:15;0
10-6-2019 14:30;0
10-6-2019 14:45;0
10-6-2019 15:00;0
10-6-2019 15:15;0
10-6-2019 15:30;0
10-6-2019 15:45;0
10-6-2019 16:00;0
10-6-2019 16:15;0
10-6-2019 16:30;0
10-6-2019 16:45;0
10-6-2019 17:00;0
10-6-2019 17:15;0
10-6-2019 17:30;0
10-6-2019 17:45;0
10-6-2019 18:00;0
10-6-2019 18:15;0
10-6-2019 18:30;0
10-6-2019 18:45;0
10-6-2019 19:00;0
10-6-2019 19:15;0
10-6-2019 19:30;0
10-6-2019 19:45;0
10-6-2019 20:00;0
10-6-2019 20:15;0
10-6-2019 20:30;0
10-6-2019 20:45;0
10-6-2019 21:00;0
10-6-2019 21:15;0
10-6-2019 21:30;0
10-6-2019 21:45;0
10-6-2019 22:00;0
10-6-2019 22:15;0
10-6-2019 22:30;0
10-6-2019 22:45;0
10-6-2019 23:00;0
10-6-2019 23:15;0
10-6-2019 23:30;0
10-6-2019 23:45;0
10-7-2019 0:00;0
10-7-2019 0:15;0
10-7-2019 0:30;0
10-7-2019 0:45;0
10-7-2019 1:00;0
10-7-2019 1:15;0
10-7-2019 1:30;0
10-7-2019 1:45;0
10-7-2019 2:00;0
10-7-2019 2:15;0
10-7-2019 2:30;0
10-7-2019 2:45;0
10-7-2019 3:00;0
10-7-2019 3:15;0
10-7-2019 3:30;0
10-7-2019 3:45;0
10-7-2019 4:00;0
10-7-2019 4:15;0
10-7-2019 4:30;0
10-7-2019 4:45;0
10-7-2019 5:00;0
10-7-2019 5:15;0
10-7-2019 5:30;0
10-7-2019 5:45;0
10-7-2019 6:00;0
10-7-2019 6:15;0
10-7-2019 6:30;0
10-7-2019 6:45;0
10-7-2019 7:00;0
10-7-2019 7:15;0
10-7-2019 7:30;0
10-7-2019 7:45;0
10-7-2019 8:00;0
10-7-2019 8:15;0
10-7-2019 8:30;0
10-7-2019 8:45;0
10-7-2019 9:00;0
10-7-2019 9:15;0
10-7-2019 9:30;0
10-7-2019 9:45;0
10-7-2019 10:00;0
10-7-2019 10:15;0
10-7-2019 10:30;0
10-7-2019 10:45;0
10-7-2019 11:00;0
10-7-2019 11:15;0
10-7-2019 11:30;0
10-7-2019 11:45;0
10-7-2019 12:00;0
10-7-2019 12:15;0
10-7-2019 12:30;0
10-7-2019 12:45;0
10-7-2019 13:00;0
10-7-2019 13:15;0
10-7-2019 13:30;0
10-7-2019 13:45;0
10-7-2019 14:00;0
10-7-2019 14:15;0
10-7-2019 14:30;0
10-7-2019 14:45;0
10-7-2019 15:00;0
10-7-2019 15:15;0
10-7-2019 15:30;0
10-7-2019 15:45;0
10-7-2019 16:00;0
10-7-2019 16:15;0
10-7-2019 16:30;0
10-7-2019 16:45;0
10-7-2019 17:00;0
10-7-2019 17:15;0
10-7-2019 17:30;0
10-7-2019 17:45;0
10-7-2019 18:00;0
10-7-2019 18:15;0
10-7-2019 18:30;0
10-7-2019 18:45;0
10-7-2019 19:00;0
10-7-2019 19:15;0
10-7-2019 19:30;0
10-7-2019 19:45;0
10-7-2019 20:00;0
10-7-2019 20:15;0
10-7-2019 20:30;0
10-7-2019 20:45;0
10-7-2019 21:00;0
10-7-2019 21:15;0
10-7-2019 21:30;0
10-7-2019 21:45;0
10-7-2019 22:00;0
10-7-2019 22:15;0
10-7-2019 22:30;0
10-7-2019 22:45;0
10-7-2019 23:00;0
10-7-2019 23:15;0
10-7-2019 23:30;0
10-7-2019 23:45;0
10-8-2019 0:00;0
10-8-2019 0:15;0
10-8-2019 0:30;0
